epoch,train_loss,train_pde,train_bc,train_current,train_Ip,val_loss,val_pde,val_bc,val_current,val_Ip,lr,epoch_seconds,elapsed_seconds
1,4.913283e+00,9.602943e-02,3.094966e-03,9.764647e-01,35650.106,4.714396e+00,4.077732e-01,1.329792e-03,9.402114e-01,91179.251,1.000000e-05,14.85,14.85
2,4.038959e+00,5.864122e+00,1.239727e-03,8.051951e-01,313741.590,3.225736e+00,1.868112e+01,1.720314e-03,6.413329e-01,602762.595,1.500000e-05,11.46,26.31
3,1.832443e+00,9.474071e+01,2.315942e-03,3.599620e-01,1295404.632,6.172053e-01,2.374415e+02,3.682932e-03,1.113264e-01,2163093.312,2.000000e-05,10.20,36.51
4,3.377493e-01,3.311661e+02,3.561043e-03,5.380445e-02,2663284.666,2.111952e-01,3.313880e+02,2.603754e-03,3.040377e-02,2705614.266,2.500000e-05,10.39,46.90
5,1.603185e-01,3.557376e+02,2.435068e-03,2.007882e-02,2861467.068,1.132019e-01,3.327352e+02,1.797428e-03,1.239081e-02,2800546.719,3.000000e-05,9.61,56.51
6,1.023804e-01,3.390652e+02,2.099885e-03,9.495007e-03,2930315.545,8.052070e-02,3.374788e+02,1.666611e-03,6.021343e-03,2991089.289,3.500000e-05,10.79,67.30
7,8.940285e-02,3.053566e+02,2.496506e-03,6.780426e-03,2956373.072,7.095406e-02,2.787358e+02,1.749254e-03,5.117588e-03,2931909.766,4.000000e-05,10.32,77.62
8,7.471928e-02,2.650769e+02,2.262776e-03,5.116768e-03,2956193.123,7.849695e-02,2.432054e+02,3.253957e-03,4.327368e-03,2914932.609,4.500000e-05,9.96,87.58
9,6.934564e-02,2.375638e+02,2.400432e-03,4.316987e-03,2960683.277,7.819517e-02,2.300600e+02,3.795693e-03,3.446449e-03,3016958.984,5.000000e-05,10.27,97.85
10,6.651859e-02,2.090953e+02,2.847444e-03,3.426925e-03,2965215.627,6.440903e-02,1.974588e+02,3.184085e-03,2.564459e-03,2962035.445,5.500000e-05,10.61,108.47
11,6.341631e-02,1.866025e+02,3.010258e-03,2.930696e-03,2965874.973,5.840963e-02,1.767418e+02,3.011957e-03,2.123176e-03,2947137.250,6.000000e-05,10.00,118.46
12,6.183673e-02,1.713816e+02,2.887354e-03,3.165007e-03,2969458.633,7.297115e-02,1.587216e+02,4.395364e-03,2.629071e-03,2974204.094,6.500000e-05,10.79,129.26
13,6.242583e-02,1.582754e+02,3.414823e-03,2.490012e-03,2970195.449,3.877103e-02,1.554873e+02,1.549109e-03,1.546243e-03,2983104.398,7.000000e-05,9.95,139.21
14,5.887744e-02,1.502586e+02,3.123012e-03,2.524292e-03,2971840.285,3.769409e-02,1.482466e+02,1.646656e-03,1.280575e-03,2982864.586,7.500000e-05,10.19,149.40
15,5.069989e-02,1.424430e+02,2.627756e-03,2.035606e-03,2973933.359,9.277563e-02,1.257034e+02,6.179647e-03,3.681764e-03,2843244.047,8.000000e-05,9.70,159.10
16,5.833013e-02,1.332980e+02,3.343307e-03,2.313451e-03,2973901.289,7.528578e-02,1.338789e+02,5.706387e-03,9.668039e-04,3004374.586,8.500000e-05,10.18,169.28
17,5.481916e-02,1.322119e+02,2.949930e-03,2.419734e-03,2975435.049,3.669763e-02,1.303412e+02,1.841681e-03,1.049339e-03,3046945.180,9.000000e-05,10.93,180.20
18,5.732269e-02,1.230665e+02,3.439132e-03,2.124943e-03,2973923.424,4.447085e-02,1.334948e+02,2.097707e-03,2.028860e-03,3112456.422,9.500000e-05,10.53,190.73
19,5.426007e-02,1.181386e+02,3.025529e-03,2.438184e-03,2978098.785,4.449475e-02,1.194093e+02,2.927591e-03,6.555826e-04,2989107.641,1.000000e-04,10.59,201.32
20,5.883067e-02,1.149369e+02,3.236653e-03,2.994090e-03,2974646.920,8.664857e-02,1.033062e+02,5.322575e-03,4.618440e-03,2805843.734,1.050000e-04,10.54,211.86
21,5.837712e-02,1.142243e+02,3.647098e-03,2.096743e-03,2975418.445,3.851554e-02,1.121518e+02,2.272959e-03,9.141538e-04,2949750.172,1.100000e-04,10.26,222.12
22,5.997316e-02,1.084130e+02,3.114703e-03,3.596965e-03,2974834.674,3.302880e-02,1.150371e+02,1.721185e-03,8.626467e-04,3052858.016,1.150000e-04,10.34,232.47
23,6.828246e-02,1.069425e+02,4.274067e-03,2.969508e-03,2975321.174,4.679977e-02,1.031156e+02,3.072982e-03,1.151678e-03,2933863.352,1.200000e-04,10.53,243.00
24,6.417698e-02,1.082728e+02,4.211721e-03,2.246498e-03,2973626.090,2.748456e-02,1.110146e+02,1.320451e-03,6.357160e-04,2964172.469,1.250000e-04,10.37,253.36
25,5.149227e-02,1.069356e+02,2.951384e-03,2.256976e-03,2977334.396,4.066287e-02,9.679213e+01,1.891624e-03,2.413484e-03,2865797.555,1.300000e-04,10.48,263.85
26,6.753865e-02,1.040051e+02,4.271377e-03,2.884873e-03,2975406.172,2.956062e-02,1.044780e+02,1.478104e-03,8.663550e-04,3050496.203,1.350000e-04,10.17,274.02
27,6.165292e-02,9.759261e+01,3.687771e-03,3.003188e-03,2975058.475,2.885764e-02,1.080588e+02,1.338764e-03,9.328253e-04,3052130.773,1.400000e-04,10.25,284.27
28,6.920854e-02,9.568011e+01,4.109275e-03,3.709558e-03,2976315.803,7.375206e-02,1.020637e+02,5.372762e-03,1.963612e-03,3113990.617,1.450000e-04,10.32,294.59
29,7.979018e-02,9.354572e+01,5.605808e-03,2.875504e-03,2977725.562,2.428373e-01,8.460877e+01,2.021815e-02,6.438980e-03,2782635.203,1.500000e-04,10.03,304.63
30,7.753441e-02,9.199720e+01,5.302344e-03,3.062251e-03,2979576.521,2.969147e-02,8.787630e+01,1.636333e-03,9.081007e-04,2925701.922,1.550000e-04,9.84,314.47
31,7.000330e-02,9.279821e+01,4.890443e-03,2.363809e-03,2976332.037,2.836282e-01,7.867061e+01,1.856294e-02,1.802635e-02,2608017.031,1.600000e-04,10.14,324.61
32,6.898878e-02,9.251335e+01,4.758436e-03,2.430615e-03,2979147.238,3.028326e-02,9.900341e+01,1.456317e-03,1.163950e-03,3079604.797,1.650000e-04,10.48,335.09
33,6.648720e-02,8.907858e+01,4.537634e-03,2.440600e-03,2980914.859,6.832825e-02,8.403710e+01,5.703135e-03,5.786370e-04,3033075.547,1.700000e-04,11.03,346.12
34,6.667713e-02,8.778942e+01,4.741536e-03,2.096564e-03,2979152.994,8.566529e-02,1.000777e+02,6.323901e-03,2.483703e-03,3110420.586,1.750000e-04,10.52,356.64
35,6.067999e-02,8.608243e+01,4.119954e-03,2.174443e-03,2982605.539,1.020774e-01,8.905931e+01,9.128851e-03,3.765992e-04,3031037.031,1.800000e-04,11.14,367.79
36,7.583828e-02,8.884383e+01,4.609685e-03,4.171410e-03,2974806.265,3.582628e-02,1.002839e+02,1.094806e-03,2.969966e-03,2860973.727,1.850000e-04,10.36,378.14
37,6.457025e-02,8.382620e+01,4.502862e-03,2.231801e-03,2977324.531,3.517710e-02,9.304070e+01,1.903967e-03,1.366672e-03,3097895.570,1.900000e-04,10.14,388.28
38,5.850869e-02,7.945638e+01,4.003381e-03,2.105849e-03,2984016.154,2.196083e-02,7.907282e+01,1.104632e-03,6.014464e-04,3000079.703,1.950000e-04,10.42,398.70
39,6.347841e-02,8.068341e+01,4.167792e-03,2.746430e-03,2980023.814,4.548490e-02,6.970723e+01,3.215332e-03,1.272171e-03,2930173.078,2.000000e-04,10.07,408.78
40,6.928797e-02,7.721467e+01,4.969801e-03,2.373700e-03,2978150.533,3.806802e-02,7.779448e+01,1.842779e-03,2.372157e-03,3133004.312,2.050000e-04,9.84,418.62
41,8.518376e-02,7.784345e+01,5.565240e-03,4.349402e-03,2981673.484,2.742934e-02,8.566848e+01,1.230557e-03,1.311385e-03,3085745.008,2.100000e-04,10.48,429.10
42,7.287355e-02,7.994879e+01,5.176348e-03,2.623038e-03,2980830.049,2.384486e-01,6.015427e+01,1.427157e-02,1.794348e-02,2618028.234,2.150000e-04,10.15,439.26
43,8.622057e-02,8.295089e+01,6.151670e-03,3.281756e-03,2975184.205,3.966618e-02,9.895733e+01,1.629359e-03,2.695372e-03,3095748.062,2.200000e-04,10.88,450.14
44,7.836809e-02,7.620122e+01,5.683951e-03,2.781692e-03,2980706.428,8.864632e-02,6.511125e+01,5.635394e-03,5.156251e-03,2804373.805,2.250000e-04,10.81,460.95
45,7.298482e-02,7.365199e+01,5.052003e-03,3.019918e-03,2980682.830,6.055730e-02,6.989093e+01,4.805497e-03,1.102647e-03,2950210.727,2.300000e-04,9.99,470.94
46,5.703064e-02,7.574810e+01,3.812653e-03,2.265861e-03,2982961.406,3.432843e-02,6.962942e+01,1.518519e-03,2.436060e-03,2981127.797,2.350000e-04,9.77,480.71
47,5.292761e-02,7.150839e+01,3.491709e-03,2.171936e-03,2983620.154,2.917090e-02,7.765272e+01,9.817837e-04,2.317558e-03,2920361.141,2.400000e-04,10.44,491.15
48,5.781290e-02,7.273210e+01,4.006573e-03,2.094793e-03,2981919.561,4.736218e-01,7.246849e+01,4.590018e-02,1.474628e-03,3089274.430,2.450000e-04,11.12,502.28
49,5.466185e-02,7.281124e+01,3.754985e-03,1.966176e-03,2985769.990,3.845435e-02,6.795620e+01,1.257545e-03,3.816656e-03,2823782.938,2.500000e-04,10.52,512.80
50,6.304186e-02,7.473580e+01,4.154065e-03,2.805525e-03,2977377.629,3.515339e-02,7.402932e+01,1.897429e-03,1.755233e-03,3069625.672,2.550000e-04,10.40,523.21
51,7.461147e-02,7.454911e+01,4.562529e-03,4.306254e-03,2979387.148,3.367945e-02,6.432028e+01,1.561557e-03,2.326370e-03,2873610.719,2.600000e-04,10.46,533.67
52,5.754092e-02,7.244481e+01,4.139560e-03,1.780167e-03,2985186.328,2.528631e-02,6.730265e+01,1.422706e-03,8.657969e-04,2941964.242,2.650000e-04,10.70,544.37
53,6.929222e-02,7.321197e+01,5.028656e-03,2.336891e-03,2982397.033,2.359298e-02,7.552890e+01,1.185226e-03,8.375655e-04,3066205.516,2.700000e-04,10.74,555.11
54,6.139580e-02,7.359129e+01,4.107598e-03,2.592138e-03,2984587.061,9.388460e-02,6.382668e+01,6.218289e-03,5.063809e-03,2836096.797,2.750000e-04,10.02,565.12
55,5.281700e-02,7.157954e+01,3.550675e-03,2.030459e-03,2980498.357,4.719939e-02,8.740304e+01,2.913767e-03,1.864283e-03,3114618.031,2.800000e-04,10.88,576.00
56,8.370854e-02,7.349676e+01,6.019072e-03,3.233630e-03,2981578.869,2.045449e-02,7.508822e+01,8.762235e-04,8.366874e-04,2956560.664,2.850000e-04,9.89,585.89
57,6.023064e-02,7.555088e+01,3.973724e-03,2.587663e-03,2982686.396,2.941000e-02,7.218930e+01,1.831626e-03,7.749623e-04,3044657.016,2.900000e-04,10.56,596.45
58,5.605214e-02,7.395555e+01,3.633738e-03,2.463841e-03,2981438.123,2.196409e-02,7.280353e+01,1.083584e-03,7.695808e-04,2948184.711,2.950000e-04,10.34,606.79
59,5.110994e-02,7.441772e+01,3.218845e-03,2.295944e-03,2982592.877,4.222569e-02,9.178600e+01,1.420578e-03,3.768262e-03,3134134.664,3.000000e-04,10.03,616.82
60,9.285436e-02,7.693244e+01,6.996529e-03,3.039164e-03,2982503.094,5.161077e-02,6.690155e+01,2.322533e-03,4.339057e-03,2848368.578,3.050000e-04,10.08,626.91
61,6.687277e-02,7.614901e+01,4.427284e-03,2.997006e-03,2980730.736,4.928088e-02,6.975064e+01,1.881271e-03,4.698622e-03,2807370.695,3.100000e-04,10.08,636.98
62,5.593552e-02,8.083656e+01,3.720226e-03,2.129922e-03,2977491.258,4.954405e-02,9.445874e+01,3.049046e-03,1.921543e-03,3032643.188,3.150000e-04,10.94,647.92
63,4.310182e-02,7.751107e+01,2.675596e-03,1.718951e-03,2985572.980,2.663572e-02,6.855894e+01,8.402899e-04,2.275386e-03,2874553.469,3.200000e-04,9.06,656.98
64,6.071695e-02,7.980004e+01,3.712644e-03,3.122101e-03,2977952.693,8.435624e-02,8.106328e+01,6.542635e-03,2.164712e-03,2886193.141,3.250000e-04,10.29,667.28
65,5.857489e-02,8.011769e+01,3.402265e-03,3.308094e-03,2983136.113,1.049047e-01,6.404070e+01,6.806083e-03,6.087963e-03,2775480.367,3.300000e-04,9.95,677.23
66,5.215692e-02,8.037454e+01,3.394946e-03,2.034002e-03,2979651.541,2.343513e-02,8.322548e+01,9.312115e-04,1.160093e-03,3017829.328,3.350000e-04,10.22,687.45
67,6.063270e-02,8.045752e+01,3.580356e-03,3.356679e-03,2977766.660,2.770709e-02,7.601783e+01,1.645885e-03,7.292907e-04,2992073.188,3.400000e-04,11.03,698.49
68,4.056721e-02,7.664011e+01,2.452152e-03,1.676336e-03,2982992.137,2.013269e-02,7.397107e+01,1.008372e-03,5.303727e-04,2980842.305,3.450000e-04,10.17,708.66
69,5.081802e-02,7.750880e+01,3.124057e-03,2.365313e-03,2982254.145,8.963876e-02,7.863481e+01,7.882456e-03,5.901442e-04,2985614.938,3.500000e-04,10.28,718.94
70,5.181479e-02,7.831951e+01,3.494143e-03,1.808281e-03,2983737.857,5.021985e-02,7.035476e+01,3.077594e-03,2.481687e-03,2874233.578,3.550000e-04,10.11,729.05
71,5.206208e-02,7.852309e+01,3.293910e-03,2.254135e-03,2981203.873,3.330413e-02,8.354320e+01,2.141975e-03,7.060132e-04,3012921.000,3.600000e-04,10.62,739.67
72,4.903079e-02,7.923451e+01,3.056415e-03,2.108637e-03,2983543.268,2.152000e-02,7.772226e+01,8.537427e-04,1.042069e-03,2953060.039,3.650000e-04,9.95,749.62
73,4.299174e-02,7.945412e+01,2.651143e-03,1.706980e-03,2982934.432,4.892985e-02,7.634850e+01,3.754136e-03,7.507276e-04,2957112.203,3.700000e-04,10.04,759.66
74,5.350645e-02,7.977356e+01,3.400400e-03,2.305019e-03,2980471.479,2.924581e-02,8.216643e+01,1.155296e-03,1.895241e-03,3097424.773,3.750000e-04,9.70,769.36
75,4.823417e-02,8.049696e+01,2.914960e-03,2.206975e-03,2982494.234,2.296278e-02,7.749426e+01,1.006080e-03,1.030510e-03,2943652.641,3.800000e-04,10.36,779.72
76,4.595313e-02,8.152404e+01,2.642785e-03,2.274575e-03,2982863.812,2.434231e-02,8.228902e+01,8.904262e-04,1.441829e-03,3075604.461,3.850000e-04,10.16,789.88
77,4.038716e-02,7.963394e+01,2.410406e-03,1.663942e-03,2985957.488,2.924627e-02,7.477646e+01,8.957059e-04,2.562313e-03,2864853.359,3.900000e-04,10.66,800.54
78,4.241465e-02,7.991141e+01,2.552111e-03,1.780479e-03,2982625.643,1.675638e-01,7.852771e+01,1.488436e-02,2.173473e-03,2888452.703,3.950000e-04,10.27,810.80
79,4.394674e-02,7.817191e+01,2.447794e-03,2.330323e-03,2981143.760,1.943754e-02,8.025340e+01,9.096927e-04,4.630553e-04,2994823.422,4.000000e-04,10.49,821.30
80,7.569580e-02,8.156475e+01,5.586667e-03,2.334530e-03,2982124.623,2.428602e-02,7.842171e+01,1.123175e-03,1.042420e-03,2968228.461,4.050000e-04,10.32,831.62
81,4.225253e-02,7.701150e+01,2.505777e-03,1.898722e-03,2982793.264,1.443223e-01,6.807049e+01,1.255383e-02,2.395390e-03,2875511.250,4.100000e-04,10.01,841.62
82,5.313982e-02,7.737256e+01,3.445482e-03,2.189548e-03,2984179.584,9.480170e-02,7.296163e+01,7.980611e-03,1.539886e-03,2940826.812,4.150000e-04,9.66,851.29
83,4.835803e-02,7.447233e+01,3.204461e-03,1.773238e-03,2982379.346,2.152332e-02,7.521924e+01,8.575884e-04,1.085103e-03,3027536.930,4.200000e-04,9.61,860.90
84,3.501674e-02,7.441951e+01,2.106171e-03,1.302617e-03,2986929.701,3.642543e-02,7.496623e+01,2.408734e-03,9.682934e-04,2998116.039,4.250000e-04,10.16,871.07
85,4.904332e-02,7.437128e+01,2.930102e-03,2.461034e-03,2980716.490,1.814904e-02,7.139007e+01,8.846036e-04,4.327995e-04,2994242.383,4.300000e-04,10.47,881.53
86,3.531690e-02,7.125922e+01,2.046663e-03,1.544870e-03,2985387.971,4.332202e-02,8.398943e+01,2.988705e-03,1.007207e-03,2969915.703,4.350000e-04,10.38,891.91
87,4.580586e-02,7.361899e+01,2.829045e-03,2.030702e-03,2983898.678,1.833400e-02,7.203092e+01,7.489931e-04,7.281957e-04,3049536.312,4.400000e-04,10.36,902.27
88,5.275811e-02,7.004165e+01,3.675504e-03,1.799781e-03,2985280.670,2.143270e-02,7.053105e+01,9.992713e-04,8.773772e-04,3020266.000,4.450000e-04,10.73,913.00
89,4.610802e-02,6.921358e+01,3.176474e-03,1.484385e-03,2986497.352,2.161170e-02,7.374674e+01,1.136850e-03,5.737054e-04,2996231.227,4.500000e-04,10.24,923.24
90,4.054306e-02,6.740341e+01,2.458055e-03,1.844434e-03,2983912.508,2.136399e-02,6.914776e+01,1.178775e-03,5.322924e-04,2993462.625,4.550000e-04,10.55,933.79
91,4.794796e-02,6.725747e+01,3.297671e-03,1.649100e-03,2985819.109,1.984716e-02,6.281998e+01,8.539337e-04,1.005165e-03,2944531.562,4.600000e-04,10.11,943.90
92,5.310609e-02,6.852123e+01,3.590659e-03,2.069475e-03,2985252.291,2.041980e-02,6.385005e+01,1.107947e-03,5.910648e-04,2953213.055,4.650000e-04,10.65,954.56
93,4.742509e-02,6.703701e+01,3.222457e-03,1.699363e-03,2986607.361,2.554534e-02,6.075680e+01,8.409360e-04,2.212060e-03,2874062.789,4.700000e-04,11.00,965.56
94,3.923787e-02,6.474196e+01,2.436201e-03,1.680332e-03,2985487.990,3.504105e-02,6.606809e+01,2.408689e-03,8.694716e-04,3033148.867,4.750000e-04,9.73,975.29
95,4.511358e-02,6.597367e+01,2.705239e-03,2.292766e-03,2985864.795,2.272578e-02,6.218802e+01,8.527236e-04,1.595948e-03,2898355.438,4.800000e-04,11.41,986.70
96,5.071864e-02,6.794080e+01,3.363578e-03,2.057756e-03,2984337.227,5.607734e-02,6.601443e+01,9.235299e-04,8.048120e-03,2739028.141,4.850000e-04,10.68,997.38
97,4.904069e-02,6.690442e+01,3.368818e-03,1.732413e-03,2986860.752,3.992240e-02,6.710168e+01,3.008841e-03,6.247640e-04,2999791.016,4.900000e-04,10.05,1007.43
98,4.417288e-02,6.777234e+01,2.998773e-03,1.481582e-03,2986733.016,3.861867e-02,6.645619e+01,2.789551e-03,8.155071e-04,2963885.344,4.950000e-04,10.54,1017.97
99,3.882122e-02,6.837990e+01,2.321003e-03,1.754641e-03,2985180.062,3.654247e-02,7.314806e+01,8.775512e-04,4.090430e-03,3180748.750,5.000000e-04,10.18,1028.15
100,3.619030e-02,6.636482e+01,2.298451e-03,1.313861e-03,2990423.852,2.450244e-02,6.146654e+01,9.473604e-04,1.776437e-03,2899921.070,5.000000e-04,10.25,1038.39
101,5.511820e-02,6.829314e+01,3.695833e-03,2.266112e-03,2982750.445,1.937587e-02,6.560749e+01,7.847832e-04,9.934583e-04,2939122.000,5.000000e-04,10.60,1049.00
102,4.192986e-02,7.013718e+01,2.281049e-03,2.421131e-03,2983406.326,2.942003e-02,6.149467e+01,7.071279e-04,3.239856e-03,2844049.008,5.000000e-04,10.30,1059.30
103,4.051867e-02,6.883532e+01,2.616592e-03,1.493845e-03,2987341.061,1.994674e-02,7.311189e+01,8.267396e-04,8.736307e-04,2990176.500,5.000000e-04,9.74,1069.04
104,5.990415e-02,6.906938e+01,4.587776e-03,1.423891e-03,2984993.744,1.039206e-01,7.168865e+01,9.240562e-03,8.692228e-04,3057467.727,5.000000e-04,9.49,1078.53
105,3.609071e-02,6.746152e+01,2.291065e-03,1.286781e-03,2986998.627,2.053877e-02,7.027725e+01,8.656191e-04,9.709704e-04,3076347.125,5.000000e-04,10.33,1088.85
106,6.396280e-02,6.853177e+01,4.704527e-03,2.012871e-03,2984239.096,3.265260e-02,7.269009e+01,1.221160e-03,2.634397e-03,3135359.602,5.000000e-04,10.19,1099.04
107,3.285986e-02,6.665942e+01,1.853486e-03,1.531812e-03,2988465.582,1.918372e-02,6.661661e+01,9.057026e-04,6.930061e-04,3009761.930,5.000000e-04,10.30,1109.34
108,3.691558e-02,6.568749e+01,2.425045e-03,1.219276e-03,2988571.121,1.730093e-02,6.590189e+01,6.715953e-04,7.989587e-04,3048151.797,5.000000e-04,10.17,1119.50
109,4.369004e-02,6.567232e+01,2.986293e-03,1.451976e-03,2987392.992,2.220117e-02,7.610425e+01,7.352630e-04,1.447623e-03,3095408.070,5.000000e-04,10.56,1130.06
110,8.612099e-02,6.965378e+01,6.482467e-03,2.866190e-03,2982581.365,1.954187e-02,7.169136e+01,8.679911e-04,7.385639e-04,3025715.344,5.000000e-04,10.01,1140.08
111,3.642680e-02,6.818163e+01,1.989449e-03,1.942830e-03,2989002.279,2.625135e-02,6.269712e+01,9.414899e-04,2.113349e-03,2889788.477,5.000000e-04,10.62,1150.69
112,3.450805e-02,6.711860e+01,1.944267e-03,1.670705e-03,2983943.434,1.789411e-02,6.466751e+01,6.960767e-04,8.933186e-04,2945865.828,5.000000e-04,10.40,1161.09
113,4.039044e-02,6.727972e+01,2.555166e-03,1.622162e-03,2988051.963,4.898274e-02,7.436186e+01,3.677390e-03,9.545312e-04,2957971.047,5.000000e-04,9.63,1170.72
114,3.739077e-02,6.631638e+01,2.353270e-03,1.445287e-03,2987943.461,1.863987e-02,7.137523e+01,8.288070e-04,6.428549e-04,3006946.750,5.000000e-04,11.31,1182.03
115,3.733546e-02,6.565196e+01,2.390565e-03,1.372923e-03,2987478.598,1.975642e-02,7.040602e+01,9.602506e-04,6.226632e-04,3032148.633,5.000000e-04,9.88,1191.91
116,3.378929e-02,6.499843e+01,1.935714e-03,1.586462e-03,2987994.008,6.268867e-02,6.307890e+01,4.513017e-03,2.250122e-03,2874658.570,5.000000e-04,10.14,1202.05
117,5.641678e-02,6.522096e+01,4.183145e-03,1.612646e-03,2985988.375,1.872382e-02,6.397278e+01,1.036178e-03,3.929529e-04,3009800.875,5.000000e-04,10.20,1212.25
118,3.045696e-02,6.538022e+01,1.881486e-03,1.020814e-03,2990164.197,5.754625e-02,6.345939e+01,4.849711e-03,5.406412e-04,2954371.461,5.000000e-04,9.83,1222.08
119,6.639143e-02,8.234093e+01,3.750645e-03,4.130176e-03,2982511.113,1.805120e-02,6.894182e+01,5.716571e-04,1.088089e-03,2944597.867,5.000000e-04,10.44,1232.51
120,5.174536e-02,7.070320e+01,3.728227e-03,1.478553e-03,2986373.217,1.958958e-02,7.153780e+01,7.906450e-04,9.058691e-04,3023166.922,5.000000e-04,10.03,1242.54
121,2.463166e-02,6.612092e+01,1.276246e-03,1.051421e-03,2988511.258,3.280956e-02,6.768564e+01,2.401289e-03,4.056219e-04,2981895.070,5.000000e-04,10.24,1252.78
122,2.571241e-02,6.363717e+01,1.404207e-03,1.061325e-03,2989865.205,1.081440e-01,6.796279e+01,9.840174e-03,5.892025e-04,2962887.703,5.000000e-04,10.13,1262.91
123,4.208759e-02,6.423513e+01,2.847811e-03,1.437193e-03,2988114.582,2.354222e-02,6.401861e+01,1.186412e-03,1.055249e-03,3077669.773,5.000000e-04,10.09,1273.00
124,7.078148e-02,6.611328e+01,5.663975e-03,1.506081e-03,2988880.572,1.503272e-02,6.124162e+01,6.381764e-04,5.053582e-04,2956122.000,5.000000e-04,10.18,1283.19
125,4.063922e-02,6.642197e+01,2.531462e-03,1.736482e-03,2986056.287,3.913608e-02,5.972978e+01,1.294576e-03,4.043468e-03,2824969.688,5.000000e-04,10.24,1293.43
126,4.617536e-02,6.626256e+01,3.273931e-03,1.361960e-03,2989193.062,2.020161e-02,6.374109e+01,7.813615e-04,1.202778e-03,2936820.375,5.000000e-04,9.66,1303.09
127,3.521028e-02,6.383410e+01,2.182265e-03,1.400844e-03,2985665.580,2.736648e-02,6.855567e+01,8.961159e-04,2.309952e-03,3134461.461,5.000000e-04,9.96,1313.05
128,3.360730e-02,6.291835e+01,2.183421e-03,1.096250e-03,2989346.598,2.281937e-02,6.492835e+01,1.369247e-03,5.268148e-04,3005552.328,5.000000e-04,10.88,1323.93
129,4.761465e-02,6.491965e+01,3.360234e-03,1.504068e-03,2988126.490,1.324080e-02,5.767955e+01,4.661085e-04,5.623519e-04,2956166.258,5.000000e-04,10.35,1334.27
130,3.700460e-02,6.134357e+01,2.298642e-03,1.576766e-03,2987299.945,1.650714e-02,5.862371e+01,7.446242e-04,6.397047e-04,2950524.031,5.000000e-04,10.34,1344.61
131,4.116180e-02,6.615518e+01,2.621387e-03,1.666482e-03,2987783.938,9.184882e-02,6.889081e+01,8.154943e-03,6.820614e-04,3018338.250,5.000000e-04,10.22,1354.83
132,5.069663e-02,6.829950e+01,3.464936e-03,1.843464e-03,2985609.271,2.186932e-01,5.279875e+01,1.249973e-02,1.768319e-02,2603967.117,5.000000e-04,10.31,1365.14
133,4.187913e-02,6.522467e+01,2.685610e-03,1.700113e-03,2988765.814,1.758356e-02,6.076387e+01,6.587463e-04,9.839413e-04,2916743.312,5.000000e-04,9.87,1375.01
134,4.874422e-02,6.808096e+01,3.340474e-03,1.706276e-03,2987423.752,2.614639e-02,6.172628e+01,1.782226e-03,4.303006e-04,2983530.734,5.000000e-04,9.15,1384.16
135,3.359312e-02,6.072741e+01,2.172595e-03,1.158886e-03,2990494.295,5.784157e-02,6.487757e+01,4.081063e-03,2.108636e-03,2934903.562,5.000000e-04,10.20,1394.35
136,5.419392e-02,7.953823e+01,2.614262e-03,4.019496e-03,2978699.748,1.489213e-02,6.362978e+01,7.020268e-04,3.017770e-04,2991103.125,5.000000e-04,10.27,1404.62
137,2.927874e-02,6.394890e+01,1.719460e-03,1.137852e-03,2988832.461,1.719692e-02,6.020236e+01,8.320768e-04,5.711834e-04,2958829.625,5.000000e-04,10.79,1415.40
138,5.252509e-02,6.221691e+01,3.880714e-03,1.499252e-03,2986597.256,3.040334e-02,7.286025e+01,1.007137e-03,2.609190e-03,3137284.398,5.000000e-04,10.58,1425.99
139,4.016240e-02,6.326010e+01,2.703599e-03,1.360080e-03,2989832.527,2.948785e-02,6.212442e+01,1.807925e-03,1.039232e-03,3052001.797,5.000000e-04,9.95,1435.94
140,2.924317e-02,6.300952e+01,1.724605e-03,1.139234e-03,2988650.527,2.074468e-02,6.735376e+01,9.562965e-04,8.892672e-04,3072541.906,5.000000e-04,10.37,1446.30
141,3.053266e-02,6.172917e+01,1.897852e-03,1.076245e-03,2990284.260,1.725114e-02,6.033012e+01,7.004727e-04,8.426804e-04,2939143.500,5.000000e-04,10.01,1456.32
142,2.796309e-02,6.150365e+01,1.551516e-03,1.259513e-03,2987488.738,1.681612e-02,6.012966e+01,8.287451e-04,5.031412e-04,3041832.852,5.000000e-04,10.22,1466.54
143,3.036345e-02,6.064057e+01,1.751378e-03,1.357123e-03,2990461.178,2.008609e-02,6.297112e+01,7.441677e-04,1.269460e-03,3089131.883,5.000000e-04,9.94,1476.48
144,2.949026e-02,6.151232e+01,1.726757e-03,1.214291e-03,2990395.170,3.444153e-02,5.973486e+01,2.288831e-03,1.115946e-03,2919527.664,5.000000e-04,10.38,1486.86
145,2.954252e-02,6.057868e+01,1.667698e-03,1.361533e-03,2987964.971,1.461656e-02,5.923797e+01,6.489202e-04,4.407115e-04,3033253.602,5.000000e-04,9.83,1496.69
146,3.073763e-02,6.168232e+01,1.975185e-03,9.635102e-04,2989886.133,3.080680e-02,6.351256e+01,2.182947e-03,5.252141e-04,3043523.055,5.000000e-04,10.38,1507.07
147,3.079930e-02,6.253352e+01,1.738812e-03,1.431565e-03,2988194.266,2.271311e-02,6.286188e+01,1.426436e-03,4.325127e-04,2964171.008,5.000000e-04,10.31,1517.38
148,2.908223e-02,6.232700e+01,1.819397e-03,9.311117e-04,2990545.365,2.197252e-02,5.859532e+01,1.327187e-03,5.682250e-04,2952729.547,5.000000e-04,9.27,1526.65
149,2.808008e-02,6.059003e+01,1.683772e-03,1.036671e-03,2989015.107,2.526265e-02,6.558762e+01,1.016861e-03,1.707056e-03,3106497.609,5.000000e-04,10.53,1537.18
150,3.902583e-02,6.119059e+01,2.545869e-03,1.489617e-03,2990279.818,1.655014e-02,6.009353e+01,8.506530e-04,4.068506e-04,2963727.273,5.000000e-04,10.92,1548.10
151,2.480115e-02,6.099129e+01,1.370890e-03,9.986238e-04,2990435.568,2.148969e-02,6.044559e+01,9.215512e-04,1.245923e-03,2951643.984,5.000000e-04,10.08,1558.18
152,2.703681e-02,6.222624e+01,1.430645e-03,1.301548e-03,2989048.762,2.685488e-02,6.916303e+01,1.859815e-03,2.680850e-04,3000524.141,5.000000e-04,10.00,1568.18
153,3.851176e-02,6.397988e+01,2.436756e-03,1.549242e-03,2988004.516,5.015169e-02,7.722452e+01,3.497200e-03,1.491447e-03,3003355.984,5.000000e-04,10.63,1578.81
154,3.016500e-02,6.031820e+01,1.899428e-03,1.027779e-03,2989726.143,1.368078e-01,6.241480e+01,1.235212e-02,1.409021e-03,3100904.969,5.000000e-04,10.36,1589.17
155,3.121120e-02,5.993312e+01,1.983092e-03,1.077394e-03,2990989.430,4.138976e-02,5.483076e+01,2.841163e-03,1.499010e-03,2902058.438,5.000000e-04,10.36,1599.53
156,3.123083e-02,5.979639e+01,1.799713e-03,1.450813e-03,2988830.074,1.481026e-02,5.990491e+01,4.536589e-04,8.566361e-04,3052972.180,5.000000e-04,10.25,1609.79
157,4.261127e-02,5.970078e+01,3.128651e-03,1.070937e-03,2989985.924,5.874629e-02,6.165601e+01,4.846970e-03,8.221987e-04,3036939.586,5.000000e-04,10.61,1620.40
158,2.774383e-02,6.038655e+01,1.539411e-03,1.262211e-03,2988940.273,1.666283e-02,6.002281e+01,6.574423e-04,8.172243e-04,3041612.555,5.000000e-04,10.51,1630.91
159,3.288982e-02,6.086979e+01,1.910864e-03,1.538840e-03,2989838.990,2.400268e-02,6.474040e+01,8.626989e-04,1.780330e-03,2886414.164,5.000000e-04,10.77,1641.68
160,4.349435e-02,6.147950e+01,2.708049e-03,2.053181e-03,2991570.830,2.475196e-02,6.312517e+01,1.167889e-03,1.352111e-03,3070473.656,5.000000e-04,10.63,1652.32
161,2.924987e-02,5.906185e+01,1.734056e-03,1.200625e-03,2989857.127,1.957523e-02,5.673806e+01,9.728009e-04,8.346831e-04,2928604.180,5.000000e-04,10.83,1663.14
162,2.492640e-02,5.987313e+01,1.381925e-03,1.023968e-03,2990274.555,1.736512e-02,5.876656e+01,5.922154e-04,1.113262e-03,2934763.117,5.000000e-04,10.27,1673.41
163,4.503007e-02,6.277873e+01,3.018398e-03,1.713644e-03,2987226.975,1.847331e-02,6.038583e+01,7.730225e-04,9.409009e-04,3067782.672,5.000000e-04,10.01,1683.43
164,2.265473e-02,5.725417e+01,1.082046e-03,1.221770e-03,2989827.002,1.266370e-01,7.641149e+01,4.828146e-03,1.414288e-02,3341878.656,5.000000e-04,9.74,1693.17
165,3.457755e-02,5.924810e+01,2.304809e-03,1.120929e-03,2992294.201,1.777974e-02,5.919635e+01,8.596873e-04,6.526458e-04,3040785.766,5.000000e-04,10.41,1703.58
166,3.508605e-02,5.856114e+01,2.289992e-03,1.266003e-03,2990699.777,1.761237e-02,5.835569e+01,8.547297e-04,6.459017e-04,3055740.516,5.000000e-04,10.64,1714.22
167,2.572181e-02,5.793831e+01,1.435141e-03,1.115313e-03,2992107.607,3.343939e-02,4.930251e+01,6.455327e-04,4.410763e-03,2805785.219,5.000000e-04,9.63,1723.87
168,3.887728e-02,5.872993e+01,2.556609e-03,1.487641e-03,2985950.896,3.085702e-02,6.148820e+01,2.081020e-03,7.795996e-04,3051609.250,5.000000e-04,9.39,1733.26
169,3.103484e-02,5.668481e+01,1.836768e-03,1.399735e-03,2990626.475,2.268470e-02,5.906855e+01,1.377422e-03,6.007244e-04,3051637.227,5.000000e-04,10.25,1743.51
170,3.716854e-02,5.994538e+01,2.691978e-03,8.508451e-04,2989602.043,4.404988e-02,6.411591e+01,2.636185e-03,2.255289e-03,3117682.461,5.000000e-04,10.70,1754.21
171,2.917326e-02,5.846996e+01,1.594271e-03,1.476712e-03,2988853.553,1.368615e-02,5.634231e+01,6.543197e-04,3.017445e-04,2995953.664,5.000000e-04,10.07,1764.28
172,3.077704e-02,5.739240e+01,1.911542e-03,1.184476e-03,2991030.486,1.221104e-02,5.799488e+01,4.487153e-04,3.848797e-04,3009188.906,5.000000e-04,10.59,1774.87
173,2.580253e-02,5.772888e+01,1.449668e-03,1.106593e-03,2989374.389,2.841015e-02,6.293259e+01,1.298924e-03,1.825531e-03,3110655.500,5.000000e-04,10.22,1785.10
174,4.562920e-02,5.778987e+01,3.327628e-03,1.314786e-03,2991027.102,1.316854e-02,5.921803e+01,4.378978e-04,5.735510e-04,3057235.523,5.000000e-04,10.36,1795.46
175,3.292385e-02,5.697868e+01,2.130962e-03,1.183272e-03,2990966.701,1.056068e-02,5.570650e+01,3.436604e-04,3.106847e-04,2982480.727,5.000000e-04,9.47,1804.94
176,3.639261e-02,6.017675e+01,2.383744e-03,1.307499e-03,2989038.207,1.351582e-02,5.563321e+01,3.751215e-04,8.402564e-04,2946796.055,5.000000e-04,10.69,1815.63
177,3.628729e-02,5.945586e+01,1.992000e-03,2.084341e-03,2987771.656,2.270079e-02,5.506594e+01,1.164841e-03,1.109157e-03,2931178.180,5.000000e-04,9.89,1825.52
178,3.408364e-02,6.044373e+01,2.024985e-03,1.557885e-03,2990948.777,2.491174e-02,5.533266e+01,1.234457e-03,1.406779e-03,2918068.133,5.000000e-04,10.14,1835.67
179,2.692568e-02,5.714570e+01,1.562457e-03,1.117308e-03,2991289.648,2.427455e-01,4.923984e+01,1.772458e-02,1.211515e-02,2680317.508,5.000000e-04,10.35,1846.02
180,4.129458e-02,5.955696e+01,2.822096e-03,1.423585e-03,2987323.430,3.145860e-02,5.101753e+01,3.656612e-04,4.540048e-03,2813480.758,5.000000e-04,10.24,1856.26
181,2.419475e-02,5.693638e+01,1.228142e-03,1.243938e-03,2989582.562,4.619863e-02,5.890727e+01,3.427578e-03,1.206424e-03,2965543.578,5.000000e-04,10.28,1866.54
182,2.250336e-02,5.705662e+01,1.149987e-03,1.059567e-03,2991885.115,1.751585e-02,5.214599e+01,9.466752e-04,5.668988e-04,2942025.758,5.000000e-04,10.57,1877.12
183,2.203173e-02,5.462735e+01,1.176932e-03,9.599353e-04,2990230.574,1.376740e-02,5.067563e+01,3.834078e-04,9.731511e-04,2918648.266,5.000000e-04,10.19,1887.32
184,1.785226e-02,5.375829e+01,8.487913e-04,7.977031e-04,2992408.949,1.759491e-02,5.683482e+01,8.853714e-04,6.115420e-04,3000696.070,5.000000e-04,10.66,1897.98
185,2.052865e-02,5.379885e+01,1.119204e-03,7.913461e-04,2991930.365,3.232818e-02,6.063038e+01,1.503558e-03,2.245911e-03,3126434.258,5.000000e-04,10.74,1908.74
186,3.322925e-02,5.768724e+01,2.125874e-03,1.240358e-03,2990224.611,6.162371e-02,6.255984e+01,2.745832e-03,5.581880e-03,3179418.102,5.000000e-04,9.99,1918.73
187,3.315266e-02,5.594608e+01,2.038873e-03,1.433863e-03,2988731.070,3.732298e-02,6.258684e+01,1.733889e-03,2.745080e-03,3145644.422,5.000000e-04,10.35,1929.07
188,2.474237e-02,5.473277e+01,1.398925e-03,1.055969e-03,2993107.250,1.228607e-02,5.342770e+01,4.282499e-04,5.321598e-04,2950018.195,5.000000e-04,9.38,1938.45
189,2.562444e-02,5.499211e+01,1.425826e-03,1.173393e-03,2991378.271,1.764626e-02,5.517298e+01,6.248466e-04,1.176100e-03,3008855.570,5.000000e-04,10.29,1948.74
190,2.865195e-02,5.636684e+01,1.768144e-03,1.066766e-03,2992703.117,3.131575e-02,4.809433e+01,5.455046e-04,4.210254e-03,2814348.773,5.000000e-04,10.35,1959.09
191,2.459175e-02,5.563107e+01,1.188038e-03,1.429654e-03,2986559.467,1.904600e-02,5.569500e+01,8.630391e-04,9.692210e-04,2945744.281,5.000000e-04,12.18,1971.27
192,1.796854e-02,5.305201e+01,8.930798e-04,7.465089e-04,2992591.590,1.376997e-02,4.939669e+01,5.047213e-04,7.566186e-04,2929824.742,5.000000e-04,10.63,1981.90
193,2.716988e-02,5.483334e+01,1.625224e-03,1.086862e-03,2990590.994,1.834931e-02,5.422985e+01,8.645250e-04,8.562140e-04,3001104.078,5.000000e-04,10.33,1992.24
194,1.920423e-02,5.217647e+01,9.186562e-04,9.600048e-04,2993356.090,1.766737e-02,4.851019e+01,4.202358e-04,1.722799e-03,2885826.430,5.000000e-04,10.95,2003.19
195,2.217597e-02,5.306638e+01,1.214759e-03,9.443488e-04,2989290.859,1.353082e-02,5.087980e+01,6.403729e-04,4.078211e-04,2960203.742,5.000000e-04,10.66,2013.85
196,2.564083e-02,5.842709e+01,1.285439e-03,1.388747e-03,2988290.920,3.389819e-02,5.993677e+01,2.428153e-03,7.245967e-04,2973019.875,5.000000e-04,10.79,2024.65
197,2.477610e-02,5.709780e+01,1.387347e-03,1.038569e-03,2990756.066,2.286473e-02,5.075073e+01,9.306255e-04,1.696680e-03,2889029.164,5.000000e-04,11.13,2035.78
198,2.928459e-02,5.539450e+01,1.801942e-03,1.145144e-03,2990258.725,5.195506e-02,5.454462e+01,4.476557e-03,3.470071e-04,3026597.414,5.000000e-04,10.92,2046.69
199,2.181294e-02,5.550870e+01,1.204823e-03,8.427680e-04,2992106.920,9.400631e-03,5.266555e+01,2.555951e-04,3.156249e-04,3016409.461,5.000000e-04,10.72,2057.41
200,2.283818e-02,5.338688e+01,1.300565e-03,8.987681e-04,2992276.805,1.268267e-02,5.050321e+01,6.180831e-04,2.903042e-04,2989112.438,5.000000e-04,9.72,2067.13
201,2.127087e-02,5.279624e+01,1.142317e-03,9.136148e-04,2991806.977,1.495452e-02,5.538525e+01,7.327985e-04,4.176026e-04,2985091.391,5.000000e-04,10.16,2077.30
202,2.913147e-02,5.268437e+01,1.762812e-03,1.246983e-03,2990260.078,1.823015e-02,5.571757e+01,8.248487e-04,8.819811e-04,3075859.539,5.000000e-04,10.20,2087.50
203,1.914137e-02,5.140895e+01,1.063171e-03,6.737516e-04,2993694.729,3.414550e-02,4.587527e+01,6.725404e-04,4.566514e-03,2804495.883,5.000000e-04,10.53,2098.02
204,2.676343e-02,5.709975e+01,1.650091e-03,9.105105e-04,2990822.484,3.304320e-02,5.300377e+01,2.112184e-03,1.324197e-03,2906141.711,5.000000e-04,10.38,2108.41
205,3.563220e-02,5.412883e+01,2.438153e-03,1.167558e-03,2991403.076,1.525320e-02,5.322196e+01,7.500515e-04,4.860974e-04,3021988.164,5.000000e-04,10.33,2118.74
206,2.718474e-02,5.485406e+01,1.685795e-03,9.682780e-04,2991571.434,1.319834e-02,5.484045e+01,4.958147e-04,5.512299e-04,2963043.320,5.000000e-04,10.16,2128.90
207,2.296791e-02,5.488099e+01,1.308462e-03,8.790380e-04,2991328.623,9.088954e-03,5.237454e+01,2.678852e-04,2.345297e-04,2996383.297,5.000000e-04,10.82,2139.71
208,2.441823e-02,5.589889e+01,1.336805e-03,1.092059e-03,2991435.254,1.972329e-02,5.369491e+01,1.299742e-03,2.712752e-04,2990189.828,5.000000e-04,10.14,2149.85
209,1.967783e-02,5.312196e+01,1.013652e-03,8.458247e-04,2991569.480,1.299722e-02,4.897635e+01,6.562771e-04,3.073621e-04,2965818.156,5.000000e-04,9.72,2159.58
210,2.530584e-02,5.227325e+01,1.439175e-03,1.137353e-03,2990412.531,1.125792e-02,5.164753e+01,3.815536e-04,4.555271e-04,3035836.039,5.000000e-04,10.77,2170.35
211,2.071250e-02,5.184357e+01,1.115454e-03,8.747211e-04,2992862.404,1.600017e-02,5.924253e+01,8.107447e-04,3.936939e-04,2977711.648,5.000000e-04,9.31,2179.66
212,2.142304e-02,5.327887e+01,1.134663e-03,9.497041e-04,2991348.646,2.210051e-02,5.079412e+01,1.536260e-03,3.317000e-04,2976025.906,5.000000e-04,10.56,2190.22
213,2.865232e-02,5.023127e+01,1.891822e-03,9.421950e-04,2992198.543,1.280869e-02,4.884991e+01,5.898801e-04,4.049793e-04,2963650.266,5.000000e-04,9.91,2200.13
214,1.870781e-02,5.012466e+01,9.962100e-04,7.466482e-04,2992464.545,2.143326e-02,4.797607e+01,9.247274e-04,1.477677e-03,2907687.250,5.000000e-04,10.50,2210.63
215,1.877608e-02,4.987633e+01,9.658651e-04,8.259583e-04,2992796.430,1.872743e-02,5.489688e+01,9.497620e-04,7.480252e-04,3062672.008,5.000000e-04,10.37,2220.99
216,2.896634e-02,5.175531e+01,1.803912e-03,1.150338e-03,2990082.381,1.077792e-02,4.947119e+01,3.976708e-04,3.708194e-04,2971948.422,5.000000e-04,10.45,2231.44
217,2.292258e-02,5.101276e+01,1.207126e-03,1.150009e-03,2992130.451,1.426861e-02,5.017635e+01,8.180972e-04,2.139997e-04,2981276.289,5.000000e-04,10.37,2241.81
218,1.728106e-02,5.014116e+01,8.485974e-04,7.561939e-04,2993586.977,3.390051e-02,4.294998e+01,3.969000e-04,5.127302e-03,2796465.805,5.000000e-04,10.53,2252.34
219,2.433511e-02,5.183350e+01,1.328675e-03,1.173003e-03,2990959.498,1.460300e-02,4.925643e+01,7.830669e-04,3.693372e-04,3012244.992,5.000000e-04,10.96,2263.30
220,2.120797e-02,4.990559e+01,1.143776e-03,9.559301e-04,2991721.035,9.538936e-03,4.610014e+01,2.658536e-04,4.540774e-04,2962420.898,5.000000e-04,10.78,2274.09
221,2.301372e-02,5.014334e+01,1.160507e-03,1.278865e-03,2990978.732,1.167453e-02,5.115011e+01,4.831054e-04,3.456920e-04,3000694.148,5.000000e-04,11.14,2285.23
222,2.964967e-02,5.190201e+01,1.729117e-03,1.433660e-03,2991868.871,3.098307e-02,4.805880e+01,1.646131e-03,1.943176e-03,2880962.141,5.000000e-04,10.47,2295.70
223,2.011062e-02,5.078191e+01,1.046789e-03,9.129093e-04,2993139.225,1.515631e-02,4.801301e+01,3.836343e-04,1.303732e-03,2907889.062,5.000000e-04,10.23,2305.92
224,1.875782e-02,5.299637e+01,9.134617e-04,8.647133e-04,2991667.021,1.056364e-02,4.894578e+01,2.533711e-04,6.270710e-04,3004048.859,5.000000e-04,10.38,2316.30
225,1.676519e-02,5.054565e+01,7.536177e-04,8.348903e-04,2992589.287,2.589307e-02,4.957867e+01,1.763543e-03,6.599546e-04,2963439.133,5.000000e-04,9.86,2326.17
226,2.138731e-02,5.070061e+01,1.226993e-03,8.094646e-04,2992045.605,9.936428e-03,4.616644e+01,4.380036e-04,1.879497e-04,2993300.703,5.000000e-04,10.61,2336.78
227,1.887786e-02,4.936702e+01,9.770507e-04,8.341309e-04,2992824.359,1.424593e-02,5.262090e+01,5.543576e-04,6.880519e-04,2952075.719,5.000000e-04,10.19,2346.97
228,1.970962e-02,4.965597e+01,1.021626e-03,9.055540e-04,2991610.762,1.104468e-02,4.899608e+01,4.304011e-04,3.682120e-04,3022937.055,5.000000e-04,10.32,2357.28
229,1.731969e-02,4.777572e+01,8.998593e-04,7.087051e-04,2993789.920,1.078799e-02,5.087075e+01,4.031140e-04,3.339552e-04,3011531.305,5.000000e-04,10.39,2367.68
230,2.154982e-02,4.972626e+01,1.130147e-03,1.055144e-03,2991563.863,1.001423e-02,4.693642e+01,3.133517e-04,4.374137e-04,2975749.070,5.000000e-04,9.82,2377.50
231,1.816938e-02,4.803282e+01,8.880769e-04,8.970662e-04,2994776.371,1.735959e-02,4.562798e+01,5.022895e-04,1.554780e-03,2899718.773,5.000000e-04,9.67,2387.17
232,2.027996e-02,4.821832e+01,1.019076e-03,1.053473e-03,2991701.852,1.028091e-02,4.681194e+01,2.517206e-04,6.165016e-04,3060182.289,5.000000e-04,10.59,2397.76
233,2.154838e-02,4.776665e+01,1.090342e-03,1.173659e-03,2991826.785,9.268112e-03,4.610602e+01,3.091642e-04,3.131734e-04,2969690.055,5.000000e-04,10.52,2408.27
234,2.286297e-02,4.746614e+01,1.225564e-03,1.172144e-03,2992424.557,1.842202e-02,5.135569e+01,7.098428e-04,1.237604e-03,3079193.031,5.000000e-04,9.88,2418.15
235,1.789022e-02,4.742015e+01,9.126307e-04,8.043796e-04,2993243.867,1.336786e-02,4.539882e+01,3.379533e-04,1.089690e-03,2918512.805,5.000000e-04,9.84,2427.99
236,1.986018e-02,4.864963e+01,9.839851e-04,1.031073e-03,2991085.510,5.729457e-02,5.572941e+01,7.789808e-04,8.786364e-03,3275431.930,5.000000e-04,9.74,2437.73
237,1.698885e-02,4.774423e+01,7.342284e-04,9.744278e-04,2994619.502,1.278244e-02,4.426351e+01,5.087337e-04,6.537496e-04,2948315.055,5.000000e-04,10.40,2448.13
238,2.052721e-02,4.889454e+01,9.789880e-04,1.169576e-03,2992082.496,8.970583e-03,4.638829e+01,2.905114e-04,2.853281e-04,3020674.781,5.000000e-04,9.87,2458.00
239,1.761674e-02,4.665295e+01,7.980665e-04,9.941557e-04,2992500.586,1.070404e-02,4.670940e+01,2.594440e-04,6.877322e-04,3041728.609,5.000000e-04,10.67,2468.67
240,1.916678e-02,4.649710e+01,9.888869e-04,9.256401e-04,2993693.133,1.364906e-02,4.536193e+01,6.401652e-04,5.422438e-04,2977818.109,5.000000e-04,10.44,2479.11
241,2.187944e-02,4.624628e+01,1.181897e-03,1.087169e-03,2992175.660,1.965555e-02,4.247265e+01,6.965078e-04,1.688642e-03,2903257.352,5.000000e-04,9.92,2489.03
242,2.106022e-02,4.756785e+01,1.126604e-03,1.007480e-03,2992373.535,1.574620e-02,4.590950e+01,7.480875e-04,7.348758e-04,2940050.344,5.000000e-04,10.04,2499.07
243,1.640315e-02,4.674132e+01,7.585833e-04,8.286370e-04,2993509.545,8.717492e-03,4.361391e+01,2.680101e-04,3.351998e-04,2969965.258,5.000000e-04,10.68,2509.75
244,2.060472e-02,4.915634e+01,1.038814e-03,1.060189e-03,2990646.613,9.731943e-03,4.553221e+01,3.926287e-04,2.504870e-04,3007311.703,5.000000e-04,10.66,2520.41
245,1.573667e-02,4.596999e+01,7.719284e-04,6.840774e-04,2993675.729,9.269691e-03,4.727245e+01,3.142160e-04,2.800572e-04,2990170.109,5.000000e-04,10.15,2530.55
246,2.262927e-02,4.868773e+01,1.200165e-03,1.151769e-03,2991944.553,1.830149e-02,4.583734e+01,1.150852e-03,4.418471e-04,2973986.477,5.000000e-04,9.97,2540.52
247,2.671792e-02,4.857941e+01,1.697174e-03,9.776478e-04,2991977.484,1.292520e-02,4.826708e+01,5.897349e-04,4.402287e-04,3015590.938,5.000000e-04,10.65,2551.17
248,2.348376e-02,5.019460e+01,1.255846e-03,1.181167e-03,2991659.770,1.128129e-02,5.173243e+01,3.369027e-04,5.478048e-04,2967156.531,5.000000e-04,11.19,2562.36
249,2.462726e-02,4.902532e+01,1.464866e-03,1.015214e-03,2991903.027,9.954323e-03,4.732893e+01,2.878540e-04,4.685780e-04,3024501.594,5.000000e-04,10.04,2572.40
250,1.779602e-02,4.718588e+01,9.149382e-04,7.856097e-04,2993644.697,1.299095e-02,4.860935e+01,3.097220e-04,1.006560e-03,3060188.961,5.000000e-04,10.61,2583.01
251,2.137795e-02,4.924089e+01,1.246016e-03,7.987410e-04,2991515.561,1.826190e-02,5.252105e+01,8.082048e-04,9.855502e-04,3085473.562,5.000000e-04,10.90,2593.91
252,1.871048e-02,4.716348e+01,9.363148e-04,9.261970e-04,2992843.146,1.219520e-02,4.894365e+01,2.478447e-04,9.644768e-04,3077543.344,5.000000e-04,10.36,2604.27
253,1.917378e-02,4.777341e+01,9.924731e-04,8.943410e-04,2992347.572,2.716236e-02,4.949486e+01,1.993462e-03,4.556515e-04,3048096.766,5.000000e-04,10.26,2614.53
254,1.583611e-02,4.680891e+01,7.529277e-04,7.251878e-04,2994675.326,2.089728e-02,4.266554e+01,8.805216e-04,1.565102e-03,2889575.727,5.000000e-04,10.61,2625.14
255,1.591820e-02,4.714076e+01,6.777503e-04,8.853235e-04,2992821.467,1.364990e-02,4.622593e+01,5.953189e-04,6.148233e-04,3056322.867,5.000000e-04,10.76,2635.90
256,2.324875e-02,4.625824e+01,1.460953e-03,8.026788e-04,2993900.258,1.492463e-02,4.723321e+01,8.282459e-04,3.837699e-04,2969872.367,5.000000e-04,10.20,2646.10
257,1.983594e-02,4.669250e+01,1.005688e-03,1.021962e-03,2992429.062,7.617172e-03,4.580394e+01,2.177280e-04,1.718997e-04,2995884.523,5.000000e-04,9.79,2655.89
258,2.119754e-02,4.779681e+01,1.129653e-03,1.024265e-03,2992368.791,8.651604e-03,4.597005e+01,2.399254e-04,3.310690e-04,2998093.914,5.000000e-04,10.38,2666.26
259,2.057770e-02,5.097253e+01,9.297717e-04,1.236547e-03,2989004.494,1.114229e-02,4.906048e+01,4.789319e-04,2.893838e-04,3029744.148,5.000000e-04,10.49,2676.76
260,1.591529e-02,4.628020e+01,8.157148e-04,6.260252e-04,2994232.992,2.347727e-02,4.499160e+01,1.477602e-03,8.404166e-04,3035189.445,5.000000e-04,10.47,2687.22
261,2.395920e-02,4.772795e+01,1.368314e-03,1.100654e-03,2991575.680,1.230337e-02,4.363924e+01,4.603696e-04,6.671502e-04,2938803.906,5.000000e-04,10.05,2697.27
262,1.981402e-02,4.619371e+01,9.139254e-04,1.211079e-03,2992891.871,1.297492e-02,4.571795e+01,6.939373e-04,2.927501e-04,2990269.914,5.000000e-04,10.67,2707.94
263,1.755533e-02,4.710205e+01,8.925950e-04,7.838348e-04,2993776.314,1.052463e-02,4.443383e+01,4.715729e-04,2.731031e-04,2981873.359,5.000000e-04,10.14,2718.09
264,1.979844e-02,4.548652e+01,1.087892e-03,8.741741e-04,2993291.922,1.657067e-02,4.486685e+01,1.059487e-03,2.978227e-04,2982713.258,5.000000e-04,10.53,2728.62
265,1.516346e-02,4.557361e+01,6.940688e-04,7.330821e-04,2993691.367,9.268969e-03,4.418367e+01,3.756352e-04,2.188501e-04,3022753.898,5.000000e-04,10.32,2738.94
266,5.600388e-02,7.203390e+01,2.214573e-03,5.330951e-03,2978748.449,8.864673e-03,4.711864e+01,1.571120e-04,5.163376e-04,2949492.008,5.000000e-04,9.61,2748.56
267,1.613585e-02,4.856086e+01,7.709792e-04,7.139935e-04,2993053.066,1.124034e-02,4.756247e+01,2.136473e-04,8.695231e-04,2930987.070,5.000000e-04,10.43,2758.99
268,2.209853e-02,4.614670e+01,1.379450e-03,7.378721e-04,2992261.848,8.087248e-03,4.462305e+01,1.541278e-04,4.167332e-04,3014032.695,5.000000e-04,10.78,2769.77
269,2.461692e-02,4.771563e+01,1.288549e-03,1.391974e-03,2994001.393,1.571656e-02,5.039180e+01,4.291308e-04,1.277215e-03,3084331.344,5.000000e-04,10.14,2779.92
270,1.813821e-02,4.680942e+01,1.000317e-03,6.908207e-04,2993107.881,1.399667e-02,4.475857e+01,6.610517e-04,5.820588e-04,2997593.070,5.000000e-04,9.63,2789.55
271,2.374084e-02,4.641144e+01,1.280691e-03,1.258558e-03,2992730.607,1.065057e-02,4.499519e+01,4.151032e-04,4.000032e-04,3011267.359,5.000000e-04,9.92,2799.47
272,1.511261e-02,4.580893e+01,7.413446e-04,6.236538e-04,2993632.037,1.024992e-02,4.453106e+01,4.699596e-04,2.194430e-04,2986001.172,5.000000e-04,9.96,2809.43
273,2.132092e-02,4.617088e+01,1.281048e-03,7.786719e-04,2992814.861,9.415583e-03,4.550869e+01,3.736857e-04,2.255716e-04,2986527.820,5.000000e-04,10.60,2820.03
274,2.441762e-02,4.816371e+01,1.588863e-03,7.425246e-04,2993955.135,1.093260e-02,4.351250e+01,3.772728e-04,5.617238e-04,2947874.102,5.000000e-04,10.67,2830.69
275,3.793356e-02,5.258383e+01,2.697062e-03,1.140912e-03,2992943.875,1.702891e-02,4.126200e+01,2.255206e-04,2.129501e-03,2868444.781,5.000000e-04,9.66,2840.36
276,1.808032e-02,4.580095e+01,9.638423e-04,7.723606e-04,2992432.041,2.233384e-02,4.925552e+01,1.261625e-03,9.584082e-04,3080966.773,5.000000e-04,10.46,2850.82
277,1.666195e-02,4.553708e+01,8.745686e-04,6.725110e-04,2994852.676,2.893576e-02,3.922148e+01,6.383592e-04,3.726003e-03,2823877.641,5.000000e-04,10.17,2860.98
278,1.850462e-02,4.557523e+01,9.466173e-04,8.961849e-04,2992438.719,1.292756e-02,4.485844e+01,5.271252e-04,6.340927e-04,3015397.594,5.000000e-04,10.51,2871.50
279,1.552869e-02,4.516742e+01,7.700909e-04,6.622077e-04,2993395.021,1.165476e-02,4.787181e+01,2.416275e-04,8.902615e-04,3073711.242,5.000000e-04,10.89,2882.39
280,1.544664e-02,4.511956e+01,7.339828e-04,7.189713e-04,2993619.512,1.003144e-02,4.615397e+01,4.254862e-04,2.322363e-04,3000478.703,5.000000e-04,10.52,2892.91
281,1.514611e-02,4.427392e+01,7.165937e-04,7.105556e-04,2994342.252,1.282298e-02,5.189749e+01,3.881430e-04,7.503604e-04,3021736.484,5.000000e-04,10.20,2903.11
282,2.159567e-02,4.546434e+01,1.280686e-03,8.484750e-04,2993473.152,7.586089e-03,4.267626e+01,1.946369e-04,2.744190e-04,2979502.695,5.000000e-04,10.13,2913.25
283,1.396104e-02,4.413261e+01,6.010539e-04,7.074475e-04,2993269.537,1.092242e-02,4.248846e+01,5.363640e-04,2.619868e-04,2979151.742,5.000000e-04,11.28,2924.52
284,1.671223e-02,4.557100e+01,8.654377e-04,7.001506e-04,2992805.129,9.725982e-03,4.579120e+01,2.494826e-04,5.304073e-04,3058571.008,5.000000e-04,10.67,2935.19
285,1.698094e-02,4.559354e+01,8.216720e-04,8.409731e-04,2994456.793,1.189682e-02,4.178354e+01,5.436818e-04,4.563294e-04,2956323.508,5.000000e-04,10.77,2945.96
286,1.755165e-02,4.557104e+01,8.748595e-04,8.491895e-04,2992196.385,1.390137e-02,4.287708e+01,7.640979e-04,3.945373e-04,2956595.297,5.000000e-04,10.25,2956.21
287,1.731852e-02,4.896425e+01,8.079327e-04,8.685537e-04,2994315.176,1.420740e-02,4.744379e+01,7.458833e-04,4.008381e-04,2995197.422,5.000000e-04,10.89,2967.10
288,1.757400e-02,4.687583e+01,8.561128e-04,8.650576e-04,2992617.094,9.841914e-03,4.517566e+01,3.948270e-04,2.752157e-04,3026979.914,5.000000e-04,10.23,2977.33
289,1.668555e-02,4.528548e+01,8.700386e-04,6.913232e-04,2994427.010,1.807727e-02,4.865249e+01,2.277620e-04,2.186879e-03,3114826.289,5.000000e-04,10.60,2987.92
290,1.192886e-02,4.457550e+01,4.436434e-04,6.069749e-04,2994016.842,7.422362e-03,4.310316e+01,2.165412e-04,1.893269e-04,3017876.977,5.000000e-04,9.86,2997.79
291,2.188420e-02,4.630104e+01,1.304741e-03,8.413373e-04,2992952.314,1.182923e-02,4.603570e+01,2.593615e-04,9.264087e-04,3058387.758,5.000000e-04,9.88,3007.66
292,1.603396e-02,4.609763e+01,7.891424e-04,7.065551e-04,2992701.857,1.638699e-02,4.922192e+01,7.928676e-04,7.072248e-04,3066787.227,5.000000e-04,9.44,3017.10
293,2.266622e-02,4.487993e+01,1.352542e-03,9.305632e-04,2992855.811,1.571848e-02,4.172071e+01,7.216831e-04,8.659153e-04,2927003.211,5.000000e-04,10.51,3027.61
294,1.668241e-02,4.525014e+01,7.674081e-04,8.966633e-04,2993444.525,1.478002e-02,4.419403e+01,6.287842e-04,8.145549e-04,2934966.836,5.000000e-04,9.66,3037.27
295,2.242288e-02,4.504923e+01,1.351309e-03,8.809728e-04,2993083.846,1.348998e-02,4.575270e+01,4.111747e-04,9.605928e-04,3066005.078,5.000000e-04,10.55,3047.83
296,1.504094e-02,4.483495e+01,6.615248e-04,7.884391e-04,2994087.426,8.874809e-03,4.327835e+01,3.477309e-04,2.139331e-04,2984519.203,5.000000e-04,9.89,3057.72
297,2.174425e-02,4.811766e+01,1.273183e-03,8.401309e-04,2991633.529,7.107371e-02,6.068276e+01,2.796682e-03,7.407721e-03,3222517.906,5.000000e-04,10.14,3067.86
298,2.008788e-02,4.851213e+01,9.996709e-04,1.047991e-03,2993562.270,9.263034e-03,4.561949e+01,3.281328e-04,2.839513e-04,2974243.000,5.000000e-04,10.30,3078.16
299,1.442038e-02,4.524972e+01,6.881541e-04,6.027744e-04,2994092.166,1.327998e-02,4.334205e+01,3.730867e-04,1.042981e-03,3005862.727,5.000000e-04,11.03,3089.18
300,1.437744e-02,4.408587e+01,6.621289e-04,6.695120e-04,2994676.018,1.312428e-02,4.509707e+01,6.659646e-04,3.909861e-04,2953562.289,5.000000e-04,9.80,3098.98
301,1.657906e-02,4.436462e+01,7.917198e-04,8.450805e-04,2993014.709,8.068468e-03,4.460901e+01,1.998708e-04,3.217718e-04,3020494.602,5.000000e-04,9.67,3108.65
302,1.425760e-02,4.378348e+01,6.628185e-04,6.502135e-04,2994273.357,8.751390e-03,4.511002e+01,2.663687e-04,3.153403e-04,3036570.742,5.000000e-04,10.33,3118.98
303,1.443124e-02,4.343219e+01,6.359840e-04,7.456366e-04,2994490.068,1.663221e-02,3.878689e+01,6.931673e-04,1.164369e-03,2910830.906,5.000000e-04,11.36,3130.34
304,1.541415e-02,4.313989e+01,7.672051e-04,6.856227e-04,2992886.785,1.147056e-02,4.589780e+01,3.734255e-04,6.293057e-04,3057772.219,5.000000e-04,10.91,3141.26
305,1.393220e-02,4.372125e+01,6.120957e-04,6.878231e-04,2995534.074,2.639484e-02,4.152584e+01,1.408069e-03,1.632313e-03,2895625.781,5.000000e-04,9.63,3150.88
306,2.023096e-02,4.544655e+01,1.177106e-03,7.830487e-04,2993343.139,8.639686e-03,4.440874e+01,2.735590e-04,2.926445e-04,2998321.141,5.000000e-04,10.86,3161.75
307,1.468705e-02,4.395519e+01,5.917474e-04,8.748118e-04,2993229.533,1.260793e-02,4.243365e+01,7.430691e-04,1.867742e-04,3001623.023,5.000000e-04,10.39,3172.14
308,1.630368e-02,4.312116e+01,8.728368e-04,6.526400e-04,2994431.096,9.987935e-03,4.562526e+01,2.201360e-04,6.448098e-04,3046098.680,5.000000e-04,10.19,3182.33
309,1.788968e-02,4.360687e+01,9.384805e-04,8.288378e-04,2993896.186,9.513825e-03,4.311609e+01,3.337552e-04,3.729328e-04,2976396.125,5.000000e-04,9.84,3192.17
310,1.509097e-02,4.321337e+01,7.333849e-04,6.871573e-04,2994212.156,8.557090e-03,4.178930e+01,2.187048e-04,4.382225e-04,2958973.242,5.000000e-04,10.34,3202.51
311,1.638224e-02,4.353506e+01,8.541528e-04,6.974418e-04,2993231.518,8.414019e-03,4.228183e+01,2.619743e-04,3.132187e-04,2969482.867,5.000000e-04,10.37,3212.88
312,2.566094e-02,4.459410e+01,1.511839e-03,1.216629e-03,2992276.426,1.414603e-02,4.643912e+01,4.934444e-04,9.135340e-04,3070948.680,5.000000e-04,11.13,3224.01
313,1.213845e-02,4.354911e+01,4.713234e-04,6.140616e-04,2994777.312,8.625452e-03,4.170387e+01,1.278809e-04,6.352513e-04,2958798.109,5.000000e-04,10.33,3234.34
314,1.413344e-02,4.379139e+01,6.985264e-04,5.538068e-04,2994850.658,1.065498e-02,4.037568e+01,3.407415e-04,6.419996e-04,2935535.758,5.000000e-04,10.53,3244.87
315,1.883531e-02,4.476397e+01,8.557446e-04,1.160294e-03,2992643.260,6.771443e-03,4.414678e+01,1.464623e-04,1.784284e-04,2993981.320,5.000000e-04,9.92,3254.79
316,2.247028e-02,4.510630e+01,1.207895e-03,1.176141e-03,2995222.359,2.687767e-02,5.224259e+01,1.194580e-03,1.941523e-03,2885620.469,5.000000e-04,10.90,3265.69
317,1.415652e-02,4.660258e+01,4.987210e-04,9.018099e-04,2993380.195,2.835199e-02,4.813379e+01,2.144745e-03,4.182322e-04,3022875.531,5.000000e-04,9.88,3275.58
318,1.694662e-02,4.451230e+01,9.254582e-04,6.481619e-04,2993702.904,1.315288e-02,4.558778e+01,6.018710e-04,5.150778e-04,2949931.688,5.000000e-04,10.12,3285.70
319,1.634492e-02,4.332471e+01,8.698382e-04,6.628135e-04,2993381.750,7.585384e-03,4.317151e+01,2.457296e-04,1.621875e-04,2993194.336,5.000000e-04,10.17,3295.87
320,1.365597e-02,4.355350e+01,5.871011e-04,6.859214e-04,2994566.492,1.091146e-02,4.125159e+01,5.211596e-04,3.149404e-04,2974637.930,5.000000e-04,10.66,3306.53
321,1.391214e-02,4.246318e+01,6.665504e-04,6.000637e-04,2993835.662,8.204021e-03,4.056081e+01,2.602734e-04,3.090413e-04,3006880.719,5.000000e-04,9.87,3316.40
322,1.716867e-02,4.277145e+01,9.624107e-04,6.534844e-04,2993984.160,1.250406e-02,3.981028e+01,5.545931e-04,5.954204e-04,2953393.977,5.000000e-04,9.84,3326.24
323,1.345174e-02,4.223566e+01,6.147938e-04,6.160478e-04,2994255.271,8.539956e-03,4.155505e+01,2.910164e-04,2.948576e-04,3001354.500,5.000000e-04,10.58,3336.82
324,2.166352e-02,4.427704e+01,1.354329e-03,7.385050e-04,2993544.551,9.945787e-03,4.367623e+01,3.919340e-04,3.317649e-04,2980318.156,5.000000e-04,10.05,3346.87
325,1.975332e-02,4.425125e+01,1.081236e-03,9.031670e-04,2991947.621,1.600399e-02,4.720265e+01,3.217361e-04,1.613272e-03,3109644.797,5.000000e-04,11.84,3358.71
326,1.745549e-02,4.405856e+01,8.050561e-04,9.998136e-04,2994046.793,1.200472e-02,4.514211e+01,3.888453e-04,7.204105e-04,3027886.281,5.000000e-04,10.61,3369.32
327,2.051119e-02,4.423196e+01,1.176157e-03,8.652849e-04,2994693.758,8.021277e-03,4.187228e+01,1.762074e-04,4.143949e-04,2963300.070,5.000000e-04,9.85,3379.17
328,1.105702e-02,4.288183e+01,4.169862e-04,5.197956e-04,2994440.748,9.602072e-03,4.594035e+01,2.668159e-04,4.679757e-04,3031633.516,5.000000e-04,10.88,3390.05
329,1.560790e-02,4.533547e+01,6.828030e-04,8.492639e-04,2991454.598,1.636404e-02,4.524053e+01,5.479954e-04,1.272006e-03,3094766.062,5.000000e-04,9.97,3400.02
330,1.416970e-02,4.190302e+01,6.972404e-04,6.013986e-04,2995240.604,8.945999e-03,4.102725e+01,3.517581e-04,2.651387e-04,2970585.125,5.000000e-04,10.45,3410.46
331,1.441010e-02,4.316552e+01,5.989847e-04,8.207395e-04,2994687.125,8.646941e-03,4.365908e+01,2.150664e-04,4.260737e-04,3045111.617,5.000000e-04,10.85,3421.31
332,1.974020e-02,4.466062e+01,1.104686e-03,8.454571e-04,2994180.215,8.135377e-03,4.551966e+01,2.569579e-04,2.027664e-04,2980998.297,5.000000e-04,10.77,3432.08
333,1.483377e-02,4.329698e+01,6.840128e-04,7.327884e-04,2993329.678,9.712279e-03,4.331262e+01,4.570065e-04,1.621903e-04,3002516.000,5.000000e-04,9.89,3441.97
334,1.495546e-02,4.392624e+01,6.706639e-04,7.712398e-04,2992634.406,1.368809e-02,4.411121e+01,6.607061e-04,5.339808e-04,3049328.875,5.000000e-04,10.59,3452.56
335,1.360022e-02,4.284783e+01,6.089445e-04,6.451983e-04,2995617.652,2.360496e-02,3.962803e+01,4.539700e-04,3.020491e-03,2844187.375,5.000000e-04,10.13,3462.69
336,2.071213e-02,4.506072e+01,1.062621e-03,1.115971e-03,2990685.076,1.090124e-02,4.483238e+01,3.961880e-04,4.912249e-04,2944241.305,5.000000e-04,10.52,3473.21
337,1.115815e-02,4.397073e+01,4.103244e-04,5.315662e-04,2994366.021,1.844852e-02,3.922743e+01,9.695106e-04,9.661348e-04,2914400.672,5.000000e-04,9.92,3483.13
338,1.521477e-02,4.278490e+01,8.023053e-04,5.826459e-04,2994192.775,1.964956e-02,4.171251e+01,9.838809e-04,1.127900e-03,2987427.602,5.000000e-04,10.40,3493.53
339,1.270244e-02,4.260743e+01,5.228467e-04,6.426454e-04,2994303.592,7.879070e-03,4.088179e+01,1.341570e-04,4.898642e-04,2964866.461,5.000000e-04,10.78,3504.31
340,1.441494e-02,4.272966e+01,6.145874e-04,7.992193e-04,2995209.250,9.356775e-03,3.919439e+01,1.789284e-04,7.296104e-04,2934568.602,5.000000e-04,9.72,3514.03
341,1.595115e-02,4.334671e+01,8.056953e-04,7.119044e-04,2993937.682,7.277242e-03,4.493956e+01,1.919827e-04,1.726919e-04,2991340.969,5.000000e-04,11.43,3525.47
342,1.085381e-02,4.289265e+01,3.953316e-04,5.222466e-04,2994040.518,8.613344e-03,4.292159e+01,2.049751e-04,4.542869e-04,3050854.461,5.000000e-04,10.56,3536.02
343,2.393684e-02,4.490045e+01,1.382101e-03,1.125157e-03,2994131.584,1.005698e-02,4.517369e+01,2.224972e-04,6.629272e-04,3060567.961,5.000000e-04,10.42,3546.44
344,1.639716e-02,4.281968e+01,8.554221e-04,7.121937e-04,2994359.291,8.599314e-03,4.484912e+01,3.309601e-04,1.609603e-04,3005993.406,5.000000e-04,10.44,3556.88
345,1.383254e-02,4.272006e+01,6.109098e-04,6.902865e-04,2994606.969,1.280049e-02,3.798909e+01,4.476456e-04,9.050255e-04,2918238.727,5.000000e-04,10.62,3567.50
346,1.347209e-02,4.252862e+01,6.228745e-04,5.980964e-04,2994366.371,9.961706e-03,4.265722e+01,2.399401e-04,6.593167e-04,3059732.828,5.000000e-04,10.31,3577.81
347,3.216609e-02,4.650133e+01,2.167289e-03,1.168615e-03,2990623.611,1.479276e-02,4.915456e+01,2.609519e-04,1.453556e-03,3106737.070,5.000000e-04,10.34,3588.15
348,1.385634e-02,4.532450e+01,6.091351e-04,6.465087e-04,2994787.207,7.230594e-03,4.303717e+01,2.005900e-04,1.841955e-04,2990785.281,5.000000e-04,10.17,3598.32
349,1.570204e-02,4.278083e+01,8.197627e-04,6.452653e-04,2994587.654,1.734332e-02,3.792319e+01,4.021504e-04,1.905899e-03,2877817.336,5.000000e-04,10.10,3608.42
350,1.177987e-02,4.180277e+01,4.591380e-04,6.016438e-04,2993681.449,1.076412e-02,4.227222e+01,3.229026e-04,6.615736e-04,3055552.133,5.000000e-04,10.46,3618.88
351,1.305824e-02,4.249936e+01,5.234541e-04,7.147520e-04,2993940.564,2.022852e-02,4.700482e+01,3.751609e-04,2.355285e-03,3140029.750,5.000000e-04,10.27,3629.15
352,1.198343e-02,4.170818e+01,4.887911e-04,5.849396e-04,2995393.248,2.793265e-02,3.857724e+01,1.298853e-03,2.217279e-03,2864433.836,5.000000e-04,11.02,3640.17
353,1.479343e-02,4.243109e+01,7.048021e-04,7.004602e-04,2995147.449,8.786043e-03,3.934274e+01,1.980686e-04,5.742168e-04,2946262.312,5.000000e-04,10.79,3650.96
354,1.431635e-02,4.200391e+01,7.125081e-04,5.981758e-04,2994837.922,3.092749e-02,4.317676e+01,2.480436e-03,3.610892e-04,3018329.633,5.000000e-04,10.03,3660.99
355,1.450525e-02,4.182409e+01,7.475413e-04,5.694853e-04,2994365.277,1.792533e-02,3.853720e+01,4.022326e-04,2.009857e-03,2874230.688,5.000000e-04,9.93,3670.92
356,1.608951e-02,4.359286e+01,7.321055e-04,8.818344e-04,2993185.297,1.011679e-02,4.412439e+01,4.641677e-04,2.125340e-04,3014459.852,5.000000e-04,10.26,3681.18
357,1.565098e-02,4.378605e+01,8.502676e-04,5.539404e-04,2994518.492,1.101247e-02,4.086624e+01,3.886171e-04,6.079340e-04,2985622.672,5.000000e-04,10.36,3691.54
358,1.611765e-02,4.389350e+01,8.509366e-04,6.437872e-04,2995114.475,1.064886e-02,3.976789e+01,2.663545e-04,8.017051e-04,2921757.688,5.000000e-04,9.85,3701.39
359,1.497596e-02,4.335939e+01,7.814807e-04,5.650429e-04,2994576.717,2.398777e-02,3.773851e+01,8.027474e-04,2.437289e-03,2860457.000,5.000000e-04,11.15,3712.55
360,1.447179e-02,4.217516e+01,7.190660e-04,6.127232e-04,2993994.455,1.139447e-02,4.165232e+01,3.736655e-04,6.985173e-04,3055730.164,5.000000e-04,10.58,3723.12
361,1.455700e-02,4.224070e+01,6.111782e-04,8.442300e-04,2993048.801,2.235464e-02,4.854840e+01,1.534811e-04,3.192998e-03,3165313.461,5.000000e-04,9.88,3733.00
362,1.277558e-02,4.167697e+01,4.927443e-04,7.360881e-04,2995844.305,5.206838e-02,3.905457e+01,3.903224e-03,1.826137e-03,2882251.828,5.000000e-04,10.13,3743.13
363,1.462130e-02,4.211422e+01,7.548209e-04,5.723339e-04,2994719.328,9.159289e-03,4.253454e+01,2.466843e-04,4.877984e-04,3052218.984,5.000000e-04,9.83,3752.97
364,1.485566e-02,4.133854e+01,6.963673e-04,7.516275e-04,2994807.145,8.516000e-03,4.430950e+01,1.505827e-04,5.158444e-04,3037125.188,5.000000e-04,10.28,3763.25
365,1.726725e-02,4.357445e+01,9.066638e-04,7.686331e-04,2992349.039,6.941005e-02,5.820571e+01,4.678156e-03,3.361583e-03,3166041.930,5.000000e-04,10.11,3773.36
366,1.589995e-02,4.674845e+01,6.686868e-04,9.076479e-04,2992801.510,7.054425e-03,4.231930e+01,1.404383e-04,2.836225e-04,3031990.992,5.000000e-04,10.19,3783.55
367,1.361239e-02,4.189100e+01,6.408601e-04,6.029371e-04,2995062.363,2.068549e-02,3.749421e+01,4.938688e-04,2.399476e-03,2861118.047,5.000000e-04,10.19,3793.74
368,1.453440e-02,4.154510e+01,6.785271e-04,7.189239e-04,2992963.150,1.615209e-02,4.368322e+01,2.323894e-04,1.891975e-03,3119166.641,5.000000e-04,10.65,3804.40
369,1.465832e-02,4.186192e+01,7.074526e-04,6.795199e-04,2995393.234,3.870471e-02,4.165536e+01,3.341202e-03,2.254311e-04,3016594.922,5.000000e-04,10.50,3814.90
370,1.147453e-02,4.067860e+01,5.080216e-04,4.652909e-04,2995571.383,6.702585e-03,4.064795e+01,1.984071e-04,1.307437e-04,3000809.375,5.000000e-04,10.27,3825.16
371,1.131623e-02,4.169036e+01,3.996019e-04,6.302341e-04,2994412.387,7.556876e-03,4.102261e+01,1.788595e-04,3.332040e-04,3033449.414,5.000000e-04,10.48,3835.64
372,1.304807e-02,4.155623e+01,5.985070e-04,5.814757e-04,2995104.055,1.309190e-02,4.038921e+01,5.819918e-04,6.466121e-04,3009986.414,5.000000e-04,9.87,3845.51
373,2.763928e-02,4.230920e+01,1.895599e-03,8.904742e-04,2992400.428,8.034451e-03,4.195793e+01,2.439527e-04,2.798263e-04,3007669.117,5.000000e-04,10.06,3855.57
374,1.211716e-02,4.127670e+01,5.476555e-04,5.025868e-04,2994989.270,6.589530e-03,4.035206e+01,1.805071e-04,1.498506e-04,3012374.289,5.000000e-04,10.41,3865.98
375,1.383893e-02,4.170491e+01,6.096682e-04,7.143512e-04,2994936.010,5.902153e-02,4.127114e+01,5.328985e-03,3.209139e-04,2985415.703,5.000000e-04,10.31,3876.29
376,1.732931e-02,4.113429e+01,9.746512e-04,6.938732e-04,2994115.139,3.496677e-02,4.595777e+01,1.199294e-03,3.675609e-03,2915806.961,5.000000e-04,9.94,3886.24
377,1.615008e-02,4.290465e+01,8.519278e-04,6.680670e-04,2993355.523,8.614731e-03,3.887758e+01,1.998988e-04,5.455971e-04,2952359.789,5.000000e-04,10.85,3897.09
378,1.126694e-02,4.113686e+01,4.453152e-04,5.400200e-04,2994608.902,1.111175e-02,4.427414e+01,2.017887e-04,9.332896e-04,3078333.812,5.000000e-04,10.30,3907.39
379,1.541743e-02,4.184159e+01,7.019199e-04,8.428147e-04,2995120.775,1.124683e-02,4.020800e+01,6.124218e-04,2.203622e-04,2996387.906,5.000000e-04,9.75,3917.14
380,1.375323e-02,4.159410e+01,6.853152e-04,5.481333e-04,2995040.266,7.957105e-03,4.142347e+01,2.668819e-04,2.291880e-04,2984243.664,5.000000e-04,10.35,3927.49
381,1.413830e-02,4.117361e+01,7.078968e-04,5.883940e-04,2993998.473,1.088200e-02,4.150998e+01,2.460771e-04,8.540470e-04,3077100.891,5.000000e-04,10.41,3937.90
382,1.433666e-02,4.185682e+01,6.152127e-04,7.997700e-04,2995173.143,2.064550e-02,3.973990e+01,1.279081e-03,7.761405e-04,2926996.367,5.000000e-04,10.80,3948.70
383,1.233555e-02,4.083247e+01,5.598296e-04,5.308006e-04,2994035.209,1.165915e-02,4.291057e+01,3.839862e-04,7.056460e-04,3068484.320,5.000000e-04,10.61,3959.31
384,1.105845e-02,4.051417e+01,4.616407e-04,4.781260e-04,2995184.523,1.120343e-02,4.050192e+01,3.843431e-04,6.619613e-04,3064101.328,5.000000e-04,10.05,3969.36
385,1.120437e-02,4.097009e+01,4.707256e-04,4.800201e-04,2995518.648,6.713345e-03,3.999279e+01,2.066926e-04,1.294281e-04,2990810.992,5.000000e-04,10.02,3979.38
386,1.476649e-02,4.072343e+01,8.272750e-04,4.842797e-04,2995262.127,1.406894e-02,3.854646e+01,7.803573e-04,4.821444e-04,2948379.156,5.000000e-04,10.38,3989.76
387,1.867926e-02,4.176294e+01,1.054988e-03,7.906174e-04,2992649.082,9.021086e-03,4.324667e+01,2.695342e-04,4.002154e-04,3042397.617,5.000000e-04,10.87,4000.63
388,1.817182e-02,4.455987e+01,9.451117e-04,8.529429e-04,2995791.316,1.936455e-02,4.052735e+01,9.791588e-04,1.104046e-03,2932480.164,5.000000e-04,10.53,4011.16
389,1.684925e-02,4.259372e+01,9.398932e-04,6.381903e-04,2993927.182,1.154690e-02,3.862642e+01,3.147495e-04,9.073532e-04,2924458.328,5.000000e-04,10.53,4021.71
390,1.300560e-02,4.061492e+01,6.064208e-04,5.759799e-04,2994467.863,1.322344e-02,4.375687e+01,2.580032e-04,1.253545e-03,3097329.047,5.000000e-04,10.75,4032.47
391,1.353294e-02,4.133337e+01,5.565011e-04,7.669176e-04,2994396.859,1.671941e-02,3.954719e+01,1.174183e-03,2.045723e-04,2979770.969,5.000000e-04,10.55,4043.02
392,1.534725e-02,4.190452e+01,7.441081e-04,7.431436e-04,2994799.057,1.487871e-02,3.720988e+01,3.069780e-04,1.617587e-03,2890256.633,5.000000e-04,10.94,4053.96
393,1.970562e-02,4.123627e+01,1.131741e-03,8.529168e-04,2993030.453,1.163155e-02,3.949991e+01,4.640122e-04,6.082871e-04,2953850.945,5.000000e-04,10.42,4064.37
394,1.651522e-02,4.321540e+01,8.353001e-04,7.681356e-04,2992881.125,9.785072e-03,4.222410e+01,3.427133e-04,4.271057e-04,3006653.094,5.000000e-04,10.84,4075.22
395,1.415654e-02,4.202692e+01,6.239528e-04,7.428635e-04,2995073.137,1.058101e-02,4.219940e+01,2.129343e-04,8.463457e-04,3055330.594,5.000000e-04,10.14,4085.36
396,1.737360e-02,4.755574e+01,7.363258e-04,1.050953e-03,2991016.148,7.510225e-03,4.241639e+01,1.623900e-04,3.289370e-04,3033163.273,5.000000e-04,10.49,4095.85
397,1.406134e-02,4.237170e+01,6.279898e-04,7.088550e-04,2995652.721,2.344139e-02,3.968114e+01,3.664670e-04,3.161721e-03,2841941.492,5.000000e-04,10.01,4105.87
398,1.068435e-02,4.137567e+01,4.030404e-04,5.032765e-04,2993926.717,2.368052e-02,4.319406e+01,4.149982e-04,3.042227e-03,3132922.875,5.000000e-04,10.79,4116.66
399,1.185694e-02,4.080593e+01,4.846767e-04,5.859153e-04,2994118.551,2.507345e-02,4.728848e+01,7.803130e-04,2.508294e-03,3123457.961,5.000000e-04,9.78,4126.43
400,1.286670e-02,4.086595e+01,6.112442e-04,5.335317e-04,2996543.600,1.289929e-02,4.007542e+01,6.324190e-04,5.135118e-04,2971256.859,5.000000e-04,11.06,4137.49
401,1.530859e-02,4.161496e+01,6.942850e-04,8.408498e-04,2994207.666,1.322108e-02,4.153824e+01,4.284444e-04,9.565625e-04,2923527.273,5.000000e-04,10.30,4147.80
402,1.274646e-02,4.172164e+01,5.237473e-04,6.673637e-04,2995017.268,1.141539e-02,4.001437e+01,5.014626e-04,4.798661e-04,2979493.516,5.000000e-04,10.78,4158.57
403,1.720169e-02,4.105212e+01,8.936049e-04,8.320865e-04,2993473.311,1.117662e-02,4.087018e+01,5.010611e-04,4.157985e-04,2989254.070,5.000000e-04,9.85,4168.43
404,1.567579e-02,4.174410e+01,8.226796e-04,6.549165e-04,2994781.648,9.297424e-03,4.084257e+01,4.049544e-04,2.327247e-04,3004903.977,5.000000e-04,9.79,4178.21
405,1.282011e-02,4.209781e+01,5.691857e-04,5.836943e-04,2994261.330,1.350680e-02,4.337881e+01,3.185190e-04,1.196745e-03,3090627.102,5.000000e-04,10.49,4188.71
406,9.952719e-03,4.039546e+01,3.787214e-04,4.251919e-04,2995680.990,8.623551e-03,4.217506e+01,1.557267e-04,5.697556e-04,3056115.523,5.000000e-04,10.65,4199.36
407,1.284143e-02,4.057664e+01,5.615705e-04,6.336114e-04,2994535.701,1.141322e-02,4.193099e+01,3.092390e-04,8.255466e-04,3070781.352,5.000000e-04,10.11,4209.48
408,1.327678e-02,4.088728e+01,6.229011e-04,5.918080e-04,2995840.756,6.327079e-03,4.164614e+01,1.012651e-04,2.299628e-04,3027168.336,5.000000e-04,10.72,4220.20
409,1.310723e-02,4.013061e+01,6.322273e-04,5.543799e-04,2995352.293,1.410071e-02,3.900627e+01,7.199224e-04,6.001710e-04,2950595.008,5.000000e-04,10.84,4231.04
410,1.145599e-02,3.988712e+01,4.652527e-04,5.629508e-04,2994736.744,7.720972e-03,4.092905e+01,2.126266e-04,3.003602e-04,3035087.594,5.000000e-04,10.30,4241.34
411,1.317753e-02,4.115404e+01,6.386550e-04,5.351157e-04,2993954.848,7.694659e-02,4.538741e+01,6.320739e-03,1.840090e-03,3114520.586,5.000000e-04,9.55,4250.89
412,1.378678e-02,4.056143e+01,6.190680e-04,7.079912e-04,2995201.422,9.133328e-03,3.920779e+01,3.888162e-04,2.648774e-04,2971357.023,5.000000e-04,10.72,4261.62
413,1.086600e-02,4.054877e+01,4.523732e-04,4.574783e-04,2995480.650,1.165634e-02,3.914992e+01,3.437055e-04,8.608583e-04,2921746.383,5.000000e-04,10.57,4272.19
414,1.621998e-02,4.137413e+01,8.412776e-04,7.339581e-04,2994203.738,8.616112e-03,4.007457e+01,3.820272e-04,1.576765e-04,3021364.922,5.000000e-04,10.75,4282.94
415,9.963657e-03,4.021135e+01,3.394603e-04,5.095837e-04,2995304.232,8.249898e-03,3.968851e+01,2.972817e-04,2.616460e-04,3002334.359,5.000000e-04,10.51,4293.45
416,1.448462e-02,4.411196e+01,5.837074e-04,8.472699e-04,2992686.186,1.009065e-02,3.949460e+01,4.475777e-04,3.330836e-04,2989474.344,5.000000e-04,10.79,4304.24
417,1.612555e-02,4.066087e+01,7.293919e-04,9.531085e-04,2994733.898,1.784929e-02,4.511673e+01,9.305883e-04,8.063469e-04,3069346.492,5.000000e-04,10.13,4314.37
418,1.241030e-02,4.048780e+01,5.483879e-04,5.755283e-04,2995097.287,1.028581e-02,4.714354e+01,3.983357e-04,3.176206e-04,2996739.898,5.000000e-04,10.74,4325.11
419,1.132259e-02,4.051562e+01,3.926068e-04,6.689917e-04,2995031.877,1.850769e-02,3.739868e+01,1.088851e-03,7.758631e-04,2929647.836,5.000000e-04,11.02,4336.12
420,1.556043e-02,4.146004e+01,7.296160e-04,8.236533e-04,2995099.023,9.292352e-03,3.984990e+01,3.231934e-04,4.150856e-04,2956991.625,5.000000e-04,10.42,4346.55
421,1.144675e-02,4.093686e+01,4.994452e-04,4.717220e-04,2993966.066,8.193451e-03,4.038231e+01,1.992953e-04,4.324534e-04,3023817.602,5.000000e-04,10.18,4356.73
422,9.349747e-03,3.947471e+01,3.240997e-04,4.322557e-04,2995667.404,6.004487e-03,3.872733e+01,1.618890e-04,1.025728e-04,2991443.844,5.000000e-04,9.99,4366.72
423,1.010611e-02,3.978294e+01,3.769112e-04,4.717414e-04,2995438.389,7.282089e-03,3.902616e+01,2.407261e-04,1.944425e-04,3000941.117,5.000000e-04,10.63,4377.36
424,1.313971e-02,4.035375e+01,5.647506e-04,6.913652e-04,2995046.350,9.730001e-03,3.670153e+01,1.223895e-04,9.671907e-04,2917313.305,5.000000e-04,10.99,4388.35
425,1.235754e-02,4.022028e+01,5.002824e-04,6.665368e-04,2995117.340,9.537506e-03,3.795188e+01,9.166639e-05,9.651308e-04,2913992.477,5.000000e-04,10.44,4398.79
426,1.473280e-02,4.177485e+01,7.096576e-04,6.917474e-04,2994827.535,8.661348e-03,3.894090e+01,2.938661e-04,3.657193e-04,2954143.234,5.000000e-04,10.03,4408.82
427,1.188813e-02,4.002998e+01,4.841364e-04,6.087531e-04,2994974.348,6.741428e-03,3.929062e+01,1.360354e-04,2.904023e-04,2967229.711,5.000000e-04,11.62,4420.45
428,1.551611e-02,4.317183e+01,7.423872e-04,7.550115e-04,2993566.236,7.091465e-03,4.141793e+01,2.414198e-04,1.070947e-04,3011565.883,5.000000e-04,9.97,4430.41
429,1.109606e-02,4.014121e+01,4.674833e-04,4.814222e-04,2995034.514,1.247623e-02,4.245591e+01,2.645635e-04,1.117000e-03,3086196.719,5.000000e-04,10.55,4440.97
430,1.139818e-02,3.968163e+01,4.726333e-04,5.407370e-04,2994517.430,1.046716e-02,4.127323e+01,4.804246e-04,3.071183e-04,3038509.367,5.000000e-04,9.85,4450.82
431,1.072463e-02,3.977963e+01,4.501815e-04,4.489701e-04,2995838.105,9.759135e-03,4.217378e+01,4.554600e-04,1.974315e-04,3029617.508,5.000000e-04,10.57,4461.39
432,1.326237e-02,4.106189e+01,6.403425e-04,5.505502e-04,2995200.963,7.805472e-03,3.982194e+01,2.463994e-04,2.718569e-04,2995861.234,5.000000e-04,10.62,4472.02
433,1.447196e-02,4.066385e+01,7.179197e-04,6.452750e-04,2995171.141,1.763938e-02,3.965743e+01,1.129714e-03,4.752999e-04,2977604.250,5.000000e-04,10.16,4482.18
434,9.067270e-03,3.942000e+01,3.139888e-04,3.970764e-04,2995709.891,2.170450e-02,3.738322e+01,1.314093e-03,9.650493e-04,2913612.750,5.000000e-04,9.68,4491.87
435,1.248779e-02,3.972267e+01,6.141840e-04,4.747375e-04,2995329.148,8.087552e-03,3.928120e+01,2.994162e-04,2.330541e-04,2997085.375,5.000000e-04,10.27,4502.14
436,1.219547e-02,3.988305e+01,5.227145e-04,5.960044e-04,2994580.100,7.248280e-03,3.921733e+01,2.717243e-04,1.218609e-04,2997164.453,5.000000e-04,9.93,4512.07
437,1.379553e-02,4.155766e+01,6.099457e-04,7.080606e-04,2993340.443,2.292699e-02,4.447778e+01,1.244691e-03,1.206460e-03,3095124.727,5.000000e-04,10.17,4522.24
438,1.437519e-02,4.030167e+01,6.999658e-04,6.690729e-04,2995248.482,2.898046e-02,4.142200e+01,2.351901e-03,2.638500e-04,3023486.633,5.000000e-04,10.12,4532.36
439,3.832034e-02,5.617717e+01,1.724902e-03,3.090721e-03,2984350.535,1.067825e-02,6.060678e+01,2.983246e-04,3.268655e-04,2990216.648,5.000000e-04,10.48,4542.84
440,1.400656e-02,4.379190e+01,6.770416e-04,5.713917e-04,2994318.926,6.417052e-02,5.056598e+01,4.055611e-03,3.711562e-03,3160549.695,5.000000e-04,10.50,4553.35
441,1.228714e-02,4.114408e+01,5.288232e-04,5.769003e-04,2995661.775,1.409692e-02,4.121248e+01,1.939101e-04,1.607314e-03,3103433.992,5.000000e-04,10.43,4563.78
442,9.713406e-03,3.968537e+01,3.168218e-04,5.153303e-04,2996783.615,8.704475e-03,3.922024e+01,3.375714e-04,2.813476e-04,3031404.820,5.000000e-04,10.71,4574.49
443,1.413396e-02,4.011389e+01,7.023559e-04,6.198033e-04,2994213.352,1.263350e-02,3.707094e+01,3.420155e-04,1.101250e-03,2909450.547,5.000000e-04,10.91,4585.40
444,1.278664e-02,4.026169e+01,5.775503e-04,5.969932e-04,2994031.996,2.132011e-02,4.165158e+01,9.236031e-04,1.583785e-03,3108112.125,5.000000e-04,10.62,4596.02
445,1.092166e-02,3.932526e+01,5.056786e-04,3.864706e-04,2995804.965,2.227438e-02,3.762895e+01,8.618553e-04,1.978587e-03,2889837.812,5.000000e-04,10.09,4606.11
446,1.119738e-02,3.944299e+01,4.257560e-04,5.991036e-04,2995561.436,8.991042e-03,3.783286e+01,1.140856e-04,8.133800e-04,2970191.242,5.000000e-04,10.58,4616.69
447,1.520706e-02,3.970054e+01,7.509321e-04,7.455368e-04,2993801.312,1.614726e-02,4.446054e+01,7.980140e-04,7.442140e-04,3057836.625,5.000000e-04,10.68,4627.37
448,1.092535e-02,3.922622e+01,4.735872e-04,4.533720e-04,2996968.506,6.863378e-03,3.756018e+01,2.371624e-04,1.471471e-04,2977975.375,5.000000e-04,9.86,4637.23
449,1.245237e-02,3.881557e+01,5.589444e-04,5.962744e-04,2993455.361,4.031489e-02,4.652108e+01,1.814138e-03,3.504282e-03,3162193.906,5.000000e-04,10.77,4648.00
450,1.035313e-02,3.958837e+01,4.062677e-04,4.663240e-04,2996333.727,7.000806e-03,3.974730e+01,1.762914e-04,2.526324e-04,3001660.547,5.000000e-04,10.16,4658.16
451,1.055052e-02,3.885405e+01,4.297077e-04,4.736081e-04,2996245.545,1.150613e-02,3.562850e+01,1.186910e-04,1.351275e-03,2901027.789,5.000000e-04,10.22,4668.38
452,1.662612e-02,4.268505e+01,7.590632e-04,9.533969e-04,2992545.209,1.156095e-02,4.023136e+01,1.205927e-04,1.266376e-03,3099057.570,5.000000e-04,9.98,4678.36
453,1.265069e-02,3.926837e+01,5.608288e-04,6.231128e-04,2995461.582,2.210551e-02,4.399651e+01,2.260486e-04,3.089075e-03,3159008.773,5.000000e-04,10.28,4688.65
454,9.734495e-03,3.876842e+01,3.769737e-04,4.175831e-04,2996003.018,1.143248e-02,3.981305e+01,3.535105e-04,7.832138e-04,3075589.797,5.000000e-04,9.67,4698.32
455,1.144794e-02,3.855429e+01,5.373594e-04,4.437838e-04,2996079.264,7.267957e-03,3.713254e+01,1.652199e-04,3.805009e-04,2952641.914,5.000000e-04,10.57,4708.89
456,1.092057e-02,3.856594e+01,4.546475e-04,5.034993e-04,2995526.998,7.029954e-03,3.889022e+01,2.056902e-04,2.168061e-04,3034718.039,5.000000e-04,10.82,4719.71
457,1.519459e-02,3.921074e+01,8.869560e-04,4.807911e-04,2994937.549,9.242317e-03,4.098021e+01,3.056098e-04,4.176398e-04,3044077.164,5.000000e-04,10.46,4730.16
458,1.407676e-02,3.911019e+01,7.471686e-04,5.388118e-04,2997107.133,2.536170e-01,7.710524e+01,4.449818e-03,4.028167e-02,2417824.617,5.000000e-04,9.79,4739.95
459,1.872516e-02,4.381557e+01,8.932747e-04,1.082171e-03,2989773.459,1.006038e-02,4.034882e+01,2.724160e-04,6.602668e-04,3066466.602,5.000000e-04,10.01,4749.97
460,1.254744e-02,3.887237e+01,6.015708e-04,5.288986e-04,2996719.141,7.386036e-03,3.785924e+01,2.162274e-04,2.875676e-04,2958153.266,5.000000e-04,10.64,4760.61
461,8.834064e-03,3.885171e+01,2.972571e-04,3.952642e-04,2995656.945,9.563849e-03,3.732617e+01,3.666936e-04,4.328592e-04,2971327.172,5.000000e-04,10.30,4770.91
462,1.783962e-02,4.043571e+01,9.911658e-04,7.768776e-04,2993138.391,8.765370e-03,3.889186e+01,2.798542e-04,4.155285e-04,3022766.375,5.000000e-04,10.67,4781.59
463,1.118070e-02,3.857893e+01,5.169290e-04,4.307028e-04,2995442.967,2.454095e-02,3.865173e+01,1.656445e-03,8.222639e-04,2959257.227,5.000000e-04,10.65,4792.23
464,1.314090e-02,3.909266e+01,6.469434e-04,5.524408e-04,2996828.236,1.977713e-02,3.903510e+01,8.879044e-04,1.398916e-03,2894330.906,5.000000e-04,9.76,4801.99
465,1.024492e-02,3.889327e+01,4.242997e-04,4.225184e-04,2995163.250,6.929783e-03,3.741801e+01,1.702279e-04,2.971406e-04,3022725.781,5.000000e-04,9.96,4811.95
466,8.414772e-03,3.786489e+01,2.497582e-04,4.261403e-04,2995577.510,1.218037e-02,4.153543e+01,1.949187e-04,1.215528e-03,3100042.055,5.000000e-04,10.73,4822.69
467,1.445676e-02,3.971999e+01,7.248853e-04,6.471807e-04,2995293.611,1.200400e-02,3.618494e+01,1.886344e-04,1.299833e-03,2905759.055,5.000000e-04,10.43,4833.11
468,1.299545e-02,3.997006e+01,5.812517e-04,6.371860e-04,2994193.232,8.562920e-03,3.855940e+01,2.491506e-04,4.430949e-04,3023057.773,5.000000e-04,10.20,4843.31
469,1.369060e-02,3.863975e+01,6.761168e-04,6.130909e-04,2995797.832,6.909608e-03,3.902507e+01,9.022547e-05,4.209691e-04,3049093.367,5.000000e-04,10.71,4854.02
470,1.079916e-02,3.829252e+01,4.667436e-04,4.604939e-04,2996433.453,1.026890e-02,3.647993e+01,2.579990e-04,8.081840e-04,2924017.938,5.000000e-04,10.30,4864.32
471,1.166000e-02,3.852290e+01,5.414413e-04,4.786594e-04,2994990.723,9.258865e-03,3.829538e+01,4.118490e-04,2.621675e-04,2977084.438,5.000000e-04,9.87,4874.19
472,1.373749e-02,3.935202e+01,7.318834e-04,4.966915e-04,2996084.646,1.880527e-02,3.879575e+01,1.411656e-03,1.618265e-04,3000858.188,5.000000e-04,10.79,4884.99
473,1.403028e-02,3.911153e+01,6.721483e-04,6.795299e-04,2993915.852,7.860213e-03,4.015399e+01,2.964047e-04,1.761534e-04,2989597.633,5.000000e-04,10.08,4895.07
474,1.500920e-02,3.939379e+01,7.996618e-04,6.146401e-04,2995473.256,1.383441e-02,3.827564e+01,9.205198e-04,1.603293e-04,2984812.492,5.000000e-04,10.57,4905.64
475,9.308253e-03,3.887796e+01,3.285712e-04,4.269492e-04,2995489.182,6.455279e-03,3.744763e+01,1.824786e-04,1.771461e-04,2990327.398,5.000000e-04,10.68,4916.33
476,1.389300e-02,3.904141e+01,6.581114e-04,6.815490e-04,2995260.045,1.036729e-02,3.677471e+01,1.945030e-04,9.489585e-04,2919471.961,5.000000e-04,9.91,4926.24
477,1.589580e-02,4.336154e+01,6.365507e-04,1.038827e-03,2992333.268,6.799727e-02,4.046406e+01,5.874153e-03,1.041867e-03,2917298.000,5.000000e-04,10.75,4936.99
478,1.561811e-02,4.060436e+01,7.251591e-04,8.612173e-04,2993125.678,6.418081e-03,3.758520e+01,7.724413e-05,3.774239e-04,2963257.773,5.000000e-04,9.81,4946.80
479,1.380887e-02,3.945073e+01,7.444273e-04,4.839041e-04,2995568.074,6.002558e-03,3.812778e+01,1.284722e-04,1.810117e-04,2996151.328,5.000000e-04,10.67,4957.47
480,1.365476e-02,3.984948e+01,6.718685e-04,5.902248e-04,2995381.848,1.148010e-02,4.069854e+01,6.031148e-04,2.758204e-04,2964312.898,5.000000e-04,9.83,4967.30
481,9.030042e-03,3.900303e+01,3.218347e-04,3.822785e-04,2996263.158,8.286318e-03,3.859788e+01,3.907120e-04,1.038821e-04,2997082.211,5.000000e-04,10.98,4978.28
482,1.368853e-02,3.903480e+01,7.018499e-04,5.533099e-04,2993932.682,5.984508e-03,3.964879e+01,1.201928e-04,1.635403e-04,3011568.125,5.000000e-04,10.08,4988.36
483,1.675116e-02,4.003428e+01,9.876580e-04,5.742313e-04,2996470.881,9.357723e-03,3.759947e+01,3.353465e-04,4.488621e-04,2942379.094,5.000000e-04,10.78,4999.14
484,1.101585e-02,3.880436e+01,4.538824e-04,5.193181e-04,2995661.750,1.296632e-02,3.760828e+01,8.624485e-04,1.162021e-04,2988948.891,5.000000e-04,10.04,5009.18
485,9.631590e-03,3.896463e+01,3.904534e-04,3.661186e-04,2995633.822,8.081455e-03,3.863324e+01,2.906343e-04,2.623575e-04,3032003.492,5.000000e-04,10.49,5019.67
486,1.053000e-02,3.839622e+01,4.453103e-04,4.474560e-04,2996223.365,8.499706e-03,4.102268e+01,2.100846e-04,4.593183e-04,3045930.672,5.000000e-04,11.21,5030.87
487,1.171282e-02,4.049053e+01,4.906523e-04,5.514480e-04,2994612.980,2.128137e-02,3.802594e+01,1.676892e-03,1.419721e-04,3002934.633,5.000000e-04,10.23,5041.11
488,1.091429e-02,3.857984e+01,4.174458e-04,5.763704e-04,2995375.699,1.072916e-02,3.946708e+01,3.840737e-04,5.883434e-04,3056778.852,5.000000e-04,9.95,5051.06
489,9.611537e-03,3.847573e+01,3.564952e-04,4.398023e-04,2995906.754,7.338615e-03,3.915277e+01,9.098116e-05,5.027054e-04,3054634.500,5.000000e-04,10.19,5061.26
490,1.601567e-02,4.098299e+01,7.874697e-04,8.085346e-04,2993245.631,1.337370e-02,4.316887e+01,7.997170e-04,2.119296e-04,2995211.898,5.000000e-04,10.62,5071.88
491,1.156555e-02,4.003865e+01,4.506617e-04,6.110136e-04,2996475.164,1.006796e-02,4.357615e+01,4.248558e-04,2.923578e-04,3000113.273,5.000000e-04,10.16,5082.03
492,8.976831e-03,3.943674e+01,2.753166e-04,4.559982e-04,2995580.709,8.714194e-03,3.658971e+01,3.065029e-04,3.980388e-04,2956965.422,5.000000e-04,9.86,5091.90
493,1.032707e-02,3.794345e+01,4.554081e-04,3.957288e-04,2995157.613,6.765564e-03,3.783756e+01,2.018228e-04,1.927161e-04,3024467.234,5.000000e-04,9.99,5101.88
494,1.252326e-02,3.849941e+01,5.980777e-04,5.385075e-04,2996142.414,1.105392e-02,3.748433e+01,5.694860e-04,3.221245e-04,3005164.992,5.000000e-04,10.24,5112.13
495,1.047071e-02,3.846014e+01,3.981189e-04,5.287005e-04,2996203.363,6.544901e-03,3.622786e+01,1.381440e-04,3.081351e-04,2958556.781,5.000000e-04,9.99,5122.12
496,1.771407e-02,3.964620e+01,1.039824e-03,6.702409e-04,2994624.525,9.051164e-03,4.003790e+01,4.003559e-04,2.087630e-04,3028808.531,5.000000e-04,10.53,5132.66
497,9.896892e-03,3.809236e+01,3.835279e-04,4.504753e-04,2995316.125,6.081617e-03,3.753804e+01,1.546251e-04,1.563124e-04,3019257.930,5.000000e-04,10.70,5143.35
498,2.219932e-02,4.358685e+01,1.259216e-03,1.049695e-03,2991734.049,5.648873e-03,4.125792e+01,1.101062e-04,8.440371e-05,2994307.844,5.000000e-04,10.06,5153.42
499,1.269476e-02,3.987945e+01,6.297192e-04,4.819255e-04,2995303.293,1.229116e-02,4.389937e+01,5.387943e-04,5.026566e-04,3035429.070,5.000000e-04,10.86,5164.28
500,1.152978e-02,4.026228e+01,4.605897e-04,5.795317e-04,2995853.535,5.739594e-03,3.758274e+01,7.848081e-05,2.393023e-04,2964067.242,5.000000e-04,10.20,5174.48
501,9.933635e-03,3.828342e+01,3.398529e-04,5.413528e-04,2995203.320,9.179019e-03,3.976086e+01,1.009533e-04,8.386801e-04,3074414.086,5.000000e-04,10.09,5184.57
502,9.919965e-03,3.844664e+01,3.628681e-04,4.893239e-04,2995688.102,5.949592e-03,3.878513e+01,1.029050e-04,2.084059e-04,3029076.023,5.000000e-04,11.03,5195.59
503,1.121037e-02,3.878766e+01,4.361530e-04,5.940147e-04,2997179.084,9.102682e-03,4.069632e+01,1.242879e-04,7.580344e-04,2931960.328,5.000000e-04,10.59,5206.18
504,1.113125e-02,3.843847e+01,5.152691e-04,4.269418e-04,2994893.586,6.024739e-03,3.841873e+01,1.453614e-04,1.458505e-04,3016254.383,5.000000e-04,11.03,5217.21
505,8.097554e-03,3.796494e+01,2.667448e-04,3.267225e-04,2996906.543,1.611091e-02,3.825157e+01,1.044298e-03,3.685537e-04,3047430.445,5.000000e-04,11.92,5229.13
506,1.268628e-02,3.943146e+01,6.035792e-04,5.414677e-04,2995420.125,9.527805e-03,3.807901e+01,4.674099e-04,2.091611e-04,3023637.531,5.000000e-04,10.99,5240.12
507,1.415227e-02,3.847440e+01,7.227619e-04,6.154415e-04,2994690.590,7.107917e-03,3.656477e+01,1.945450e-04,3.011979e-04,2997158.891,5.000000e-04,10.57,5250.69
508,1.382964e-02,3.839331e+01,6.901714e-04,6.177186e-04,2995405.355,7.609681e-03,3.831531e+01,2.769240e-04,2.017820e-04,2969702.508,5.000000e-04,10.56,5261.25
509,9.895578e-03,3.850209e+01,3.685949e-04,4.718840e-04,2995745.197,1.165311e-02,4.052058e+01,1.279761e-04,1.264258e-03,2905622.281,5.000000e-04,10.49,5271.74
510,1.066861e-02,3.882990e+01,4.345302e-04,4.880636e-04,2996021.918,9.910531e-03,3.554339e+01,2.743914e-04,7.224557e-04,2930520.195,5.000000e-04,10.57,5282.30
511,1.568123e-02,3.850042e+01,8.977906e-04,5.706563e-04,2995715.963,1.961977e-02,3.549860e+01,8.737791e-04,1.466423e-03,2894545.164,5.000000e-04,9.83,5292.14
512,8.255507e-03,3.827345e+01,2.650097e-04,3.556132e-04,2995317.988,1.849998e-02,3.608215e+01,6.616399e-04,1.655072e-03,2882416.953,5.000000e-04,10.46,5302.60
513,9.123146e-03,3.794240e+01,3.409909e-04,3.837994e-04,2996405.361,8.279882e-03,3.829869e+01,3.176654e-04,2.546717e-04,2990411.133,5.000000e-04,10.54,5313.14
514,9.346128e-03,3.817540e+01,3.309303e-04,4.438569e-04,2994730.609,1.092631e-02,4.046070e+01,1.226798e-04,1.130689e-03,3089315.445,5.000000e-04,10.53,5323.67
515,1.184648e-02,3.839269e+01,5.350389e-04,5.313639e-04,2995400.496,6.155525e-03,3.745582e+01,1.006619e-04,2.806649e-04,3017588.859,5.000000e-04,9.86,5333.54
516,1.077203e-02,3.830845e+01,3.995366e-04,5.891632e-04,2995253.580,9.162080e-03,4.039307e+01,1.005760e-04,8.234027e-04,3071892.797,5.000000e-04,10.28,5343.81
517,1.029536e-02,3.821661e+01,4.455888e-04,4.035623e-04,2996226.727,6.389080e-03,3.800053e+01,1.740272e-04,1.697510e-04,3024458.055,5.000000e-04,10.13,5353.94
518,1.678636e-02,3.963152e+01,1.019861e-03,5.249198e-04,2994435.934,6.241145e-03,3.722691e+01,1.492714e-04,2.051481e-04,2982590.406,5.000000e-04,10.00,5363.94
519,8.315810e-03,3.805121e+01,2.626744e-04,3.767891e-04,2996384.186,7.154153e-03,3.913210e+01,1.496306e-04,3.489275e-04,3036253.977,5.000000e-04,10.08,5374.02
520,1.213985e-02,3.834458e+01,4.886263e-04,6.838262e-04,2995574.096,7.422312e-03,3.880455e+01,2.267306e-04,2.549100e-04,3033487.625,5.000000e-04,10.14,5384.16
521,8.872499e-03,3.821603e+01,2.913370e-04,4.275052e-04,2996369.932,7.373564e-03,3.715233e+01,1.793993e-04,3.728675e-04,2950325.602,5.000000e-04,10.49,5394.64
522,9.951328e-03,3.813610e+01,4.347153e-04,3.581129e-04,2996053.381,7.437313e-03,3.774227e+01,1.147246e-04,5.031679e-04,2963181.656,5.000000e-04,10.34,5404.99
523,1.205518e-02,3.931712e+01,4.435810e-04,7.375308e-04,2993764.467,1.392967e-02,4.213960e+01,3.193528e-04,1.304436e-03,3016077.031,5.000000e-04,10.23,5415.22
524,1.047839e-02,3.872151e+01,4.219603e-04,4.773264e-04,2995117.033,9.215723e-03,3.936371e+01,2.117693e-04,6.323318e-04,3066561.594,5.000000e-04,10.97,5426.19
525,1.039141e-02,3.839438e+01,4.422697e-04,4.258555e-04,2996270.537,8.061197e-03,3.779519e+01,3.597307e-04,1.368742e-04,3009412.758,5.000000e-04,10.07,5436.26
526,9.722022e-03,3.807965e+01,3.526756e-04,4.774602e-04,2995541.020,2.194136e-02,4.003174e+01,1.377458e-03,8.327215e-04,3070552.211,5.000000e-04,10.76,5447.02
527,9.058559e-03,3.776256e+01,3.131238e-04,4.302130e-04,2996395.648,7.895267e-03,3.625187e+01,1.785194e-04,4.969771e-04,2943166.938,5.000000e-04,10.62,5457.64
528,8.521514e-03,3.774297e+01,3.075709e-04,3.343017e-04,2996447.074,6.333830e-03,3.719923e+01,2.009399e-04,1.209017e-04,3018375.875,5.000000e-04,10.57,5468.21
529,9.916839e-03,3.827439e+01,3.694106e-04,4.790589e-04,2995373.570,1.004456e-02,3.903869e+01,2.212973e-04,7.855446e-04,3058939.477,5.000000e-04,10.18,5478.39
530,1.073626e-02,3.834835e+01,3.933002e-04,5.936846e-04,2994638.742,6.280703e-03,3.784648e+01,1.428537e-04,2.135036e-04,3016026.961,5.000000e-04,10.64,5489.02
531,9.293637e-03,3.801487e+01,3.646240e-04,3.691820e-04,2995991.391,1.077345e-02,3.756456e+01,5.405380e-04,3.223227e-04,3037907.641,5.000000e-04,10.97,5500.00
532,9.892362e-03,3.843522e+01,3.893769e-04,4.310141e-04,2996536.756,7.251977e-03,3.840430e+01,2.471230e-04,1.880634e-04,3014074.969,5.000000e-04,9.99,5509.99
533,1.047701e-02,3.795592e+01,3.889879e-04,5.583077e-04,2995238.004,1.509771e-02,3.864947e+01,7.372141e-04,7.721242e-04,2965533.898,5.000000e-04,9.58,5519.57
534,1.212314e-02,3.822958e+01,5.750076e-04,5.100209e-04,2995680.301,5.059769e-03,3.761752e+01,8.825383e-05,8.309574e-05,3007071.914,5.000000e-04,10.73,5530.31
535,1.654295e-02,3.950673e+01,9.282615e-04,6.619331e-04,2995711.242,5.793194e-03,3.972881e+01,1.382832e-04,8.749617e-05,3007569.109,5.000000e-04,11.42,5541.73
536,9.566096e-03,3.836788e+01,3.929602e-04,3.599411e-04,2996287.875,3.404616e-02,4.001593e+01,2.814614e-03,3.796859e-04,2961854.969,5.000000e-04,10.42,5552.15
537,1.129022e-02,3.832889e+01,5.235117e-04,4.444421e-04,2995900.438,6.987294e-03,3.746100e+01,2.622042e-04,1.238305e-04,2978887.836,5.000000e-04,10.53,5562.68
538,8.943232e-03,3.780239e+01,3.349654e-04,3.626677e-04,2995245.268,6.712678e-03,3.756815e+01,2.158965e-04,1.593796e-04,3003079.984,5.000000e-04,10.90,5573.58
539,9.128604e-03,3.775487e+01,3.190357e-04,4.325522e-04,2995677.117,9.933391e-03,3.996479e+01,1.961911e-04,7.950003e-04,3081487.008,5.000000e-04,9.86,5583.44
540,1.545755e-02,3.900948e+01,8.904806e-04,5.303591e-04,2995077.166,4.001027e-02,4.891738e+01,1.474978e-03,4.073750e-03,3156416.430,5.000000e-04,10.31,5593.75
541,1.189708e-02,3.824660e+01,5.027200e-04,6.090445e-04,2995919.559,8.069242e-03,3.699354e+01,2.494692e-04,3.750392e-04,2950297.352,5.000000e-04,10.10,5603.85
542,9.202167e-03,3.793731e+01,3.658721e-04,3.499429e-04,2995546.445,7.264348e-03,3.831050e+01,2.047444e-04,2.771707e-04,3018145.633,5.000000e-04,9.47,5613.32
543,1.199243e-02,3.872693e+01,5.439775e-04,5.359920e-04,2995966.703,1.070281e-02,3.778483e+01,6.452608e-04,9.434331e-05,2988592.672,5.000000e-04,10.55,5623.87
544,1.099769e-02,3.856817e+01,4.569450e-04,5.142850e-04,2994913.174,1.645819e-02,5.483338e+01,6.492511e-04,8.964677e-04,3058572.117,5.000000e-04,9.98,5633.85
545,1.045490e-02,3.830969e+01,3.787007e-04,5.673850e-04,2995644.217,6.787983e-03,3.779359e+01,1.830238e-04,2.356772e-04,3016899.977,5.000000e-04,10.95,5644.80
546,9.973393e-03,3.751620e+01,3.956386e-04,4.530774e-04,2995710.371,1.166337e-02,3.973750e+01,4.367516e-04,6.644213e-04,3066755.008,5.000000e-04,9.90,5654.70
547,1.439275e-02,4.003833e+01,7.325098e-04,6.127642e-04,2995790.617,1.044629e-02,4.197861e+01,2.849523e-04,6.797818e-04,3069891.562,5.000000e-04,10.05,5664.76
548,1.173799e-02,3.815518e+01,5.963835e-04,3.917271e-04,2995359.984,1.754161e-02,3.955753e+01,1.152993e-03,4.111851e-04,3029398.219,5.000000e-04,10.51,5675.27
549,9.033363e-03,3.798352e+01,3.172612e-04,4.124797e-04,2996183.195,7.509394e-03,3.884353e+01,2.735494e-04,1.779095e-04,3019626.922,5.000000e-04,9.77,5685.04
550,9.711453e-03,3.819399e+01,3.827453e-04,4.129203e-04,2996038.199,9.874221e-03,4.016251e+01,2.162621e-04,7.390700e-04,3076105.008,5.000000e-04,10.01,5695.05
551,9.137077e-03,3.785181e+01,3.613044e-04,3.477705e-04,2995641.691,7.581005e-03,3.793917e+01,3.306798e-04,9.605808e-05,3007655.000,5.000000e-04,9.89,5704.94
552,9.875812e-03,3.796768e+01,2.988639e-04,6.180812e-04,2995979.244,5.758666e-03,3.853977e+01,1.099743e-04,1.609893e-04,3029996.070,5.000000e-04,9.57,5714.51
553,1.402803e-02,4.016728e+01,6.359486e-04,7.303623e-04,2994287.680,7.412382e-03,3.631318e+01,2.321982e-04,2.918164e-04,2957338.656,5.000000e-04,11.11,5725.62
554,8.555711e-03,3.752768e+01,2.890297e-04,3.825292e-04,2995927.523,5.294932e-03,3.688876e+01,8.569410e-05,1.498229e-04,2976693.664,5.000000e-04,10.15,5735.78
555,1.541368e-02,3.891096e+01,7.987817e-04,7.069529e-04,2995844.102,5.393086e-03,3.783782e+01,1.102117e-04,1.014373e-04,3016269.578,5.000000e-04,10.41,5746.19
556,1.024052e-02,3.785291e+01,4.490161e-04,3.930129e-04,2995931.699,1.163486e-02,3.991170e+01,1.503270e-04,1.228083e-03,3102092.531,5.000000e-04,10.20,5756.39
557,1.158990e-02,3.879410e+01,5.929225e-04,3.562534e-04,2995755.689,6.169648e-03,3.928200e+01,1.047299e-04,2.388296e-04,3040327.219,5.000000e-04,10.15,5766.54
558,7.857195e-03,3.753640e+01,2.502512e-04,3.202088e-04,2997281.662,1.236316e-02,3.536317e+01,6.158964e-04,5.335769e-04,2936455.078,5.000000e-04,9.96,5776.50
559,8.117526e-03,3.754533e+01,2.598965e-04,3.528056e-04,2995757.396,6.753104e-03,3.640105e+01,1.080538e-04,4.064923e-04,2967289.109,5.000000e-04,9.89,5786.39
560,8.429847e-03,3.743939e+01,3.032485e-04,3.306846e-04,2996284.658,5.925723e-03,3.757251e+01,8.346354e-05,2.667674e-04,3035549.383,5.000000e-04,10.41,5796.80
561,9.437784e-03,3.802795e+01,3.615580e-04,4.038819e-04,2996266.623,5.724964e-03,3.610700e+01,1.143291e-04,1.941947e-04,2966222.062,5.000000e-04,10.40,5807.21
562,8.538242e-03,3.745011e+01,2.874948e-04,3.836567e-04,2996047.873,4.807915e-03,3.585400e+01,6.313942e-05,1.182244e-04,2979686.320,5.000000e-04,10.23,5817.44
563,8.414424e-03,3.730093e+01,3.082975e-04,3.202711e-04,2996375.951,6.518147e-03,3.708157e+01,8.505358e-05,3.918910e-04,3041562.664,5.000000e-04,10.61,5828.05
564,1.085502e-02,3.800709e+01,4.704088e-04,4.700442e-04,2995759.076,7.553248e-03,3.581922e+01,1.134946e-04,5.672760e-04,2941775.617,5.000000e-04,11.07,5839.12
565,9.495763e-03,3.755826e+01,3.686363e-04,4.107146e-04,2996328.416,8.137575e-03,3.537548e+01,2.546947e-04,4.106160e-04,2943644.438,5.000000e-04,10.50,5849.63
566,9.911902e-03,3.764369e+01,4.038451e-04,4.218162e-04,2995757.941,1.018914e-02,3.659422e+01,3.220689e-04,6.618063e-04,2941573.797,5.000000e-04,10.53,5860.15
567,8.271336e-03,3.742083e+01,2.780967e-04,3.496572e-04,2996640.869,2.694203e-02,4.217556e+01,1.937111e-03,6.706726e-04,3047569.711,5.000000e-04,9.98,5870.13
568,1.158163e-02,3.806297e+01,5.136338e-04,5.277992e-04,2995294.971,8.937019e-03,3.651931e+01,1.820919e-04,6.928338e-04,2930655.406,5.000000e-04,10.07,5880.20
569,8.357979e-03,3.746821e+01,2.733965e-04,3.754386e-04,2995365.602,8.572471e-03,3.764930e+01,3.151796e-04,3.311490e-04,2972465.844,5.000000e-04,9.98,5890.18
570,9.132372e-03,3.760895e+01,3.580686e-04,3.581583e-04,2996416.445,8.406121e-03,4.230020e+01,1.840991e-04,4.670221e-04,3039905.250,5.000000e-04,9.82,5900.00
571,1.167675e-02,3.867780e+01,5.018370e-04,5.581209e-04,2995336.354,1.863041e-02,3.980974e+01,5.685343e-04,1.792818e-03,3119281.977,5.000000e-04,10.24,5910.24
572,8.537105e-03,3.746025e+01,2.683122e-04,4.215916e-04,2996806.326,5.494814e-03,3.574389e+01,1.239745e-04,1.361360e-04,2975590.602,5.000000e-04,9.71,5919.95
573,1.385979e-02,3.793186e+01,7.605888e-04,4.921428e-04,2995574.986,6.064820e-03,3.730624e+01,1.932180e-04,8.040318e-05,2990019.523,5.000000e-04,10.77,5930.73
574,1.004690e-02,3.740033e+01,4.125992e-04,4.361748e-04,2995300.139,1.132908e-02,4.018457e+01,2.373273e-04,9.874710e-04,3084914.547,5.000000e-04,11.16,5941.88
575,1.079435e-02,4.072987e+01,3.993766e-04,5.455201e-04,2994919.209,6.447428e-03,3.757354e+01,1.091911e-04,3.196326e-04,2954184.758,5.000000e-04,10.69,5952.58
576,1.048885e-02,3.815879e+01,4.750663e-04,3.844624e-04,2995591.234,1.044013e-02,3.876833e+01,3.791624e-04,5.543353e-04,3065929.586,5.000000e-04,10.11,5962.68
577,1.323202e-02,3.793103e+01,6.394820e-04,6.088193e-04,2995883.941,6.206281e-03,3.609296e+01,1.821313e-04,1.551344e-04,2974381.008,5.000000e-04,10.80,5973.48
578,1.092432e-02,3.765478e+01,4.809664e-04,4.698367e-04,2995944.561,1.229562e-02,3.923466e+01,6.682815e-04,3.378673e-04,3046672.469,5.000000e-04,10.51,5983.99
579,1.117992e-02,3.832544e+01,4.817365e-04,5.060026e-04,2995135.195,6.649678e-03,4.203334e+01,1.350252e-04,2.192183e-04,3006551.266,5.000000e-04,10.19,5994.19
580,8.986815e-03,3.738298e+01,3.287509e-04,3.922017e-04,2996510.193,7.055329e-03,3.537974e+01,7.958515e-05,5.443008e-04,2933957.852,5.000000e-04,10.10,6004.29
581,1.179433e-02,3.755273e+01,5.206404e-04,5.665308e-04,2995152.980,7.536251e-03,3.510881e+01,1.220548e-04,5.609644e-04,2936324.016,5.000000e-04,11.23,6015.52
582,8.554208e-03,3.733107e+01,2.774511e-04,4.093181e-04,2996846.312,9.572400e-03,3.551125e+01,4.851405e-04,2.339741e-04,2960060.125,5.000000e-04,9.85,6025.37
583,9.516331e-03,3.750614e+01,3.681960e-04,4.167512e-04,2995456.232,7.829479e-03,3.687675e+01,1.327197e-04,5.629214e-04,2966355.383,5.000000e-04,10.84,6036.21
584,1.069749e-02,3.764673e+01,4.454851e-04,4.955932e-04,2995706.055,8.973993e-03,3.508629e+01,2.165025e-04,6.600678e-04,2936453.844,5.000000e-04,10.00,6046.21
585,1.074767e-02,3.769900e+01,4.932673e-04,4.090197e-04,2995603.793,8.494119e-03,3.971991e+01,2.527072e-04,3.990113e-04,3044335.836,5.000000e-04,9.92,6056.14
586,8.599500e-03,3.746001e+01,2.871971e-04,3.963056e-04,2996878.830,6.232264e-03,3.782794e+01,1.468634e-04,1.961671e-04,2977850.703,5.000000e-04,11.60,6067.74
587,8.267595e-03,3.744030e+01,2.725483e-04,3.596163e-04,2995905.533,6.517762e-03,3.723357e+01,2.187991e-04,1.212830e-04,3023517.195,5.000000e-04,9.74,6077.48
588,1.448724e-02,4.000256e+01,6.876306e-04,7.221365e-04,2995654.180,1.182435e-02,3.641452e+01,6.124398e-04,4.117000e-04,2946084.617,5.000000e-04,10.40,6087.88
589,9.346839e-03,3.826376e+01,3.446829e-04,4.147267e-04,2995033.756,1.414334e-02,4.088283e+01,6.835155e-04,6.439798e-04,3060141.508,5.000000e-04,9.96,6097.85
590,8.611919e-03,3.701221e+01,3.541899e-04,2.737598e-04,2995651.240,7.072816e-03,3.752932e+01,1.997987e-04,2.643796e-04,3038073.281,5.000000e-04,9.91,6107.76
591,8.474953e-03,3.731157e+01,2.648655e-04,4.190282e-04,2997044.506,7.012697e-03,3.828952e+01,1.565285e-04,3.236921e-04,3048034.828,5.000000e-04,9.97,6117.73
592,8.321030e-03,3.700362e+01,2.679195e-04,3.882946e-04,2996696.533,1.499112e-02,3.695405e+01,1.057862e-03,1.434197e-04,2980020.625,5.000000e-04,10.46,6128.19
593,7.878648e-03,3.689395e+01,2.434972e-04,3.508563e-04,2995524.922,9.514107e-03,3.915584e+01,3.936339e-04,3.324369e-04,3042068.422,5.000000e-04,10.60,6138.78
594,9.571726e-03,3.791881e+01,3.652215e-04,4.255261e-04,2996679.559,6.675113e-03,3.651765e+01,1.352551e-04,3.341594e-04,2967849.297,5.000000e-04,10.04,6148.82
595,8.014582e-03,3.705448e+01,2.374972e-04,3.868323e-04,2996065.615,9.363243e-03,3.827126e+01,1.139344e-04,8.793546e-04,3071689.961,5.000000e-04,10.18,6159.01
596,8.704309e-03,3.708633e+01,3.050373e-04,3.890604e-04,2996913.264,5.255144e-03,3.550244e+01,8.695879e-05,1.670624e-04,2974259.078,5.000000e-04,10.12,6169.13
597,9.246492e-03,3.717231e+01,4.017716e-04,3.023090e-04,2995865.650,4.995035e-03,3.700950e+01,9.424931e-05,7.031838e-05,3010095.852,5.000000e-04,10.25,6179.38
598,8.558180e-03,3.744123e+01,3.011817e-04,3.604480e-04,2996305.121,6.878940e-03,3.746264e+01,2.607387e-04,1.050578e-04,3017658.430,5.000000e-04,10.53,6189.91
599,1.024922e-02,3.830020e+01,3.890566e-04,5.057270e-04,2996502.109,1.344404e-02,3.625097e+01,7.525369e-04,4.587139e-04,2944211.031,5.000000e-04,10.14,6200.05
600,7.896940e-03,3.725920e+01,2.724312e-04,2.893415e-04,2996682.051,5.203484e-03,3.597919e+01,1.287327e-04,6.364746e-05,2991581.336,5.000000e-04,10.47,6210.52
601,1.058992e-02,3.871740e+01,4.165807e-04,5.104754e-04,2995302.117,7.115961e-03,3.677270e+01,2.302266e-04,2.272849e-04,2962480.539,5.000000e-04,10.01,6220.52
602,7.490442e-03,3.719242e+01,2.410555e-04,2.721291e-04,2997033.613,9.930612e-03,3.439755e+01,6.586213e-05,1.166447e-03,2906002.156,5.000000e-04,10.38,6230.90
603,1.124624e-02,3.816450e+01,4.574257e-04,5.711068e-04,2994976.344,5.958960e-03,3.725648e+01,1.412911e-04,1.640802e-04,3008098.078,5.000000e-04,10.07,6240.97
604,8.108826e-03,3.720576e+01,2.967442e-04,2.841618e-04,2996272.855,5.651100e-03,3.639510e+01,1.163874e-04,1.695433e-04,2975746.398,5.000000e-04,10.52,6251.50
605,8.802667e-03,3.699288e+01,2.922427e-04,4.361904e-04,2996431.133,6.129154e-03,3.734209e+01,1.149710e-04,2.490471e-04,2985255.172,5.000000e-04,10.59,6262.09
606,8.243268e-03,3.702912e+01,2.897211e-04,3.286291e-04,2996100.074,6.287043e-03,3.617157e+01,7.672549e-05,3.805262e-04,2992656.555,5.000000e-04,10.25,6272.34
607,8.175244e-03,3.661229e+01,2.729857e-04,3.568318e-04,2996141.258,7.365736e-03,3.687104e+01,2.201395e-04,2.954477e-04,3018207.766,5.000000e-04,10.55,6282.89
608,1.155744e-02,3.806669e+01,5.433733e-04,4.634081e-04,2996223.768,6.233111e-03,3.887967e+01,1.507712e-04,1.674865e-04,3026504.320,5.000000e-04,10.11,6293.00
609,9.099444e-03,3.755157e+01,3.238313e-04,4.211946e-04,2995730.549,6.794063e-03,3.813219e+01,1.704898e-04,2.551893e-04,2969234.906,5.000000e-04,10.56,6303.56
610,9.399095e-03,3.749534e+01,3.679343e-04,3.940435e-04,2995925.379,6.443418e-03,3.702732e+01,2.178829e-04,1.123715e-04,3010348.312,5.000000e-04,10.26,6313.82
611,9.875516e-03,3.768495e+01,4.038504e-04,4.137033e-04,2996606.326,5.065974e-03,3.636772e+01,8.860455e-05,1.086311e-04,2986777.055,5.000000e-04,10.26,6324.08
612,9.723562e-03,3.793214e+01,3.643854e-04,4.572990e-04,2995512.971,6.427789e-03,3.695544e+01,1.653261e-04,2.157969e-04,3017994.469,5.000000e-04,10.63,6334.71
613,8.858632e-03,3.740105e+01,2.781609e-04,4.673836e-04,2995875.184,7.327162e-03,3.763933e+01,1.491846e-04,4.142765e-04,3055295.734,5.000000e-04,10.27,6344.98
614,6.940991e-03,3.685159e+01,2.026684e-04,2.458296e-04,2996402.215,1.340799e-02,3.884819e+01,3.231400e-04,1.258355e-03,3098593.945,5.000000e-04,10.30,6355.27
615,8.722797e-03,3.705612e+01,2.743015e-04,4.548341e-04,2996222.357,5.106377e-03,3.708859e+01,8.256918e-05,1.143653e-04,2983481.227,5.000000e-04,10.24,6365.51
616,8.253558e-03,3.706844e+01,2.744813e-04,3.603803e-04,2997015.281,8.840429e-03,3.521914e+01,1.173126e-04,8.290779e-04,2923574.469,5.000000e-04,11.35,6376.86
617,1.026757e-02,3.835969e+01,4.279043e-04,4.305123e-04,2995273.492,2.340068e-02,6.300164e+01,5.906964e-04,2.238710e-03,2880419.977,5.000000e-04,10.82,6387.68
618,1.049509e-02,3.988289e+01,3.845175e-04,5.323244e-04,2994746.498,7.291946e-03,3.783628e+01,8.935860e-05,5.229464e-04,3059758.914,5.000000e-04,10.33,6398.01
619,8.325666e-03,3.708536e+01,2.830999e-04,3.572261e-04,2996583.674,6.067016e-03,3.856690e+01,1.203249e-04,2.014154e-04,3030147.891,5.000000e-04,10.27,6408.28
620,1.094538e-02,3.757573e+01,4.859031e-04,4.657554e-04,2995647.312,6.871688e-03,3.711157e+01,2.521077e-04,1.278907e-04,2987763.141,5.000000e-04,10.76,6419.04
621,9.071346e-03,3.751024e+01,3.337383e-04,3.965877e-04,2996789.041,4.532924e-03,3.582919e+01,6.566553e-05,5.867001e-05,2992432.219,5.000000e-04,10.51,6429.55
622,9.284372e-03,3.738307e+01,3.175655e-04,4.740818e-04,2995755.926,1.162368e-02,3.692482e+01,6.028358e-04,3.805689e-04,3037534.562,5.000000e-04,10.18,6439.73
623,8.557640e-03,3.716246e+01,3.227816e-04,3.227154e-04,2996492.418,6.192042e-03,3.685073e+01,1.515546e-04,1.982845e-04,2984127.828,5.000000e-04,9.85,6449.58
624,9.133487e-03,3.730627e+01,3.345348e-04,4.115025e-04,2995296.689,6.701826e-03,3.686630e+01,2.415710e-04,1.198972e-04,3006276.664,5.000000e-04,10.10,6459.69
625,7.690055e-03,3.679108e+01,2.593334e-04,2.835229e-04,2997045.834,6.470070e-03,3.821953e+01,1.258341e-04,2.779553e-04,3036772.031,5.000000e-04,10.86,6470.55
626,7.111614e-03,3.686646e+01,2.206085e-04,2.437768e-04,2996710.471,6.660507e-03,3.589531e+01,2.344135e-04,1.453683e-04,2970567.727,5.000000e-04,10.49,6481.04
627,8.221851e-03,3.721163e+01,2.498515e-04,4.004348e-04,2995997.787,9.340080e-03,3.937541e+01,4.169359e-04,2.466361e-04,3009446.445,5.000000e-04,10.24,6491.29
628,1.640340e-02,4.110163e+01,7.863607e-04,8.859259e-04,2995122.791,7.708109e-03,3.591558e+01,1.272760e-04,5.687583e-04,2942240.211,5.000000e-04,10.58,6501.87
629,9.519283e-03,3.679152e+01,4.039718e-04,3.600827e-04,2996673.900,6.211035e-03,3.581524e+01,1.816396e-04,1.626230e-04,2980401.406,5.000000e-04,10.29,6512.16
630,1.298504e-02,4.036127e+01,5.677108e-04,6.543617e-04,2995212.879,5.181742e-03,3.734625e+01,1.162246e-04,5.697417e-05,3005957.297,5.000000e-04,9.62,6521.78
631,1.111622e-02,3.745868e+01,5.191556e-04,4.357591e-04,2995872.117,4.857850e-03,3.686123e+01,8.440878e-05,6.552795e-05,3012880.508,5.000000e-04,9.92,6531.70
632,1.162481e-02,3.895699e+01,5.492493e-04,4.473235e-04,2995306.918,6.120237e-03,3.762877e+01,1.273137e-04,2.168446e-04,2974310.414,5.000000e-04,10.22,6541.91
633,9.365480e-03,3.790457e+01,3.433635e-04,4.282776e-04,2996125.291,7.294917e-03,3.823656e+01,1.844528e-04,3.253465e-04,3047951.266,5.000000e-04,10.22,6552.14
634,9.879742e-03,3.760789e+01,3.976106e-04,4.285694e-04,2996507.889,8.962796e-03,3.615623e+01,2.471722e-04,5.750901e-04,2932335.773,5.000000e-04,10.68,6562.82
635,7.642204e-03,3.697731e+01,2.615086e-04,2.658774e-04,2996047.104,8.696268e-03,3.670818e+01,4.380444e-04,1.290014e-04,2987387.961,5.000000e-04,10.43,6573.25
636,1.285975e-02,4.202061e+01,3.662256e-04,9.990858e-04,2990585.643,1.388025e-02,4.058251e+01,6.925143e-04,5.793712e-04,3044015.625,5.000000e-04,9.49,6582.74
637,7.416000e-03,3.770859e+01,2.008878e-04,3.272526e-04,2997643.775,6.019397e-03,3.636699e+01,1.915039e-04,9.353181e-05,2984093.789,5.000000e-04,9.81,6592.56
638,8.786172e-03,3.672868e+01,3.107634e-04,4.011339e-04,2996217.547,1.241860e-02,3.602804e+01,7.331042e-04,2.969502e-04,2960755.602,5.000000e-04,9.59,6602.15
639,8.164994e-03,3.702773e+01,2.597610e-04,3.729223e-04,2995581.168,7.107645e-03,3.798685e+01,1.103671e-04,4.410577e-04,3058421.352,5.000000e-04,11.36,6613.51
640,1.019628e-02,3.728221e+01,4.519317e-04,3.897480e-04,2997293.422,8.564595e-03,3.514681e+01,1.742010e-04,6.615808e-04,2927440.102,5.000000e-04,10.27,6623.78
641,1.105659e-02,3.753592e+01,5.172801e-04,4.260392e-04,2995602.129,6.699038e-03,3.545800e+01,1.815471e-04,2.675534e-04,2957896.391,5.000000e-04,9.43,6633.21
642,1.147884e-02,4.098893e+01,4.332843e-04,6.094201e-04,2994180.148,5.677417e-03,3.592829e+01,8.432757e-05,2.482625e-04,2962443.516,5.000000e-04,9.92,6643.13
643,7.991601e-03,3.721991e+01,2.698057e-04,3.143107e-04,2996725.619,5.756387e-03,3.650378e+01,1.366704e-04,1.478610e-04,2989486.922,5.000000e-04,10.67,6653.80
644,7.686672e-03,3.700298e+01,2.190526e-04,3.591697e-04,2996498.709,7.142242e-03,3.531078e+01,1.077728e-04,5.066873e-04,2944018.727,5.000000e-04,10.44,6664.23
645,7.575275e-03,3.669607e+01,2.481980e-04,2.847375e-04,2996612.879,8.481613e-03,3.676089e+01,4.064408e-04,1.482232e-04,3005480.188,5.000000e-04,10.31,6674.54
646,7.048545e-03,3.662742e+01,2.149601e-04,2.472404e-04,2996409.008,5.686011e-03,3.732664e+01,9.635269e-05,1.979641e-04,3026687.141,5.000000e-04,10.32,6684.86
647,7.453012e-03,3.666135e+01,2.034659e-04,3.504437e-04,2996336.432,7.851721e-03,3.573076e+01,1.545488e-04,5.466314e-04,2958336.352,5.000000e-04,10.64,6695.51
648,9.114474e-03,3.706289e+01,3.315549e-04,4.185271e-04,2996176.609,6.062566e-03,3.614594e+01,7.618327e-05,3.372279e-04,2978831.844,5.000000e-04,10.44,6705.95
649,8.543417e-03,3.694296e+01,3.215246e-04,3.267749e-04,2995902.510,7.286529e-03,3.759845e+01,8.028172e-05,5.447735e-04,3061731.227,5.000000e-04,10.34,6716.29
650,9.773847e-03,3.717297e+01,4.163402e-04,3.786297e-04,2997774.451,1.273223e-02,3.535920e+01,4.252588e-04,9.887438e-04,2958654.109,5.000000e-04,10.14,6726.44
651,1.000010e-02,3.829640e+01,3.618891e-04,5.103131e-04,2994922.930,9.610961e-03,3.457759e+01,1.467292e-04,9.371822e-04,2925906.336,5.000000e-04,10.57,6737.00
652,8.641661e-03,3.718817e+01,2.975588e-04,3.894513e-04,2996166.164,7.736556e-03,3.664719e+01,3.414299e-04,1.315074e-04,2984022.930,5.000000e-04,10.10,6747.10
653,9.207133e-03,3.753820e+01,3.936057e-04,3.034513e-04,2995805.520,5.099200e-03,3.631417e+01,9.858557e-05,9.638538e-05,3019394.367,5.000000e-04,9.58,6756.68
654,1.230468e-02,3.920793e+01,5.016237e-04,6.735305e-04,2995026.605,5.538776e-03,3.587226e+01,1.323046e-04,1.257008e-04,2990745.062,5.000000e-04,9.90,6766.58
655,9.410884e-03,3.776297e+01,3.946824e-04,3.375527e-04,2996867.844,5.610025e-03,3.579153e+01,9.414578e-05,2.178830e-04,2966939.906,5.000000e-04,11.50,6778.09
656,8.314673e-03,3.708513e+01,2.780426e-04,3.651467e-04,2995754.428,7.385181e-03,3.658798e+01,2.959316e-04,1.534134e-04,3018647.398,5.000000e-04,10.00,6788.09
657,9.346857e-03,3.717536e+01,3.825506e-04,3.607629e-04,2995794.217,6.962641e-03,3.776748e+01,1.705224e-04,2.961338e-04,3036939.164,5.000000e-04,9.88,6797.97
658,7.478833e-03,3.679989e+01,2.106368e-04,3.384952e-04,2997386.361,7.829231e-03,3.650920e+01,2.714682e-04,2.927258e-04,2968857.695,5.000000e-04,10.93,6808.90
659,7.164586e-03,3.672612e+01,2.176700e-04,2.630548e-04,2996366.162,5.431385e-03,3.649453e+01,1.203125e-04,1.157615e-04,3015791.844,5.000000e-04,10.48,6819.38
660,1.061052e-02,3.794140e+01,4.688708e-04,4.255349e-04,2996045.057,6.649944e-03,3.664869e+01,1.822346e-04,2.325459e-04,3019895.664,5.000000e-04,11.02,6830.40
661,1.159084e-02,3.840908e+01,5.235792e-04,5.028278e-04,2995119.451,5.228238e-03,3.683831e+01,7.360734e-05,1.616669e-04,3024335.586,5.000000e-04,10.71,6841.10
662,9.454992e-03,3.763398e+01,4.004727e-04,3.373734e-04,2995384.559,1.968481e-02,4.377274e+01,2.604939e-04,2.540519e-03,3142073.461,5.000000e-04,9.75,6850.85
663,1.008411e-02,3.718027e+01,4.193597e-04,4.344964e-04,2997453.779,8.142194e-03,3.466716e+01,9.253464e-05,7.500263e-04,2926709.398,5.000000e-04,10.15,6861.00
664,7.704100e-03,3.683202e+01,2.343991e-04,3.353814e-04,2996688.686,9.197193e-03,3.575542e+01,3.015837e-04,5.211627e-04,2938803.234,5.000000e-04,9.80,6870.80
665,9.116893e-03,3.738043e+01,3.218057e-04,4.321587e-04,2995963.066,7.482500e-03,3.560453e+01,3.006783e-04,1.830528e-04,2970132.859,5.000000e-04,10.38,6881.18
666,8.186439e-03,3.704909e+01,2.566748e-04,3.829564e-04,2995630.656,7.096267e-03,3.748461e+01,2.791346e-04,1.112921e-04,3018447.516,5.000000e-04,10.05,6891.23
667,8.434047e-03,3.694947e+01,2.929990e-04,3.618222e-04,2997245.201,5.079884e-03,3.477939e+01,8.172763e-05,1.569339e-04,2970556.477,5.000000e-04,10.36,6901.59
668,8.633617e-03,3.683619e+01,3.191113e-04,3.517773e-04,2996279.746,8.548772e-03,3.706096e+01,4.000846e-04,1.683661e-04,3017221.586,5.000000e-04,10.54,6912.13
669,8.930625e-03,3.746926e+01,3.144517e-04,4.078364e-04,2995570.736,6.378921e-03,3.775906e+01,1.078365e-04,3.049301e-04,3042366.453,5.000000e-04,10.29,6922.42
670,8.526028e-03,3.737958e+01,2.999736e-04,3.576668e-04,2996184.094,9.359042e-03,3.756938e+01,2.979723e-04,5.244762e-04,3041692.172,5.000000e-04,10.02,6932.44
671,8.893027e-03,3.721878e+01,3.177442e-04,3.987414e-04,2995901.982,7.123880e-03,3.785064e+01,1.159056e-04,4.359522e-04,3057314.992,5.000000e-04,9.55,6941.99
672,8.532809e-03,3.676883e+01,2.896156e-04,3.919542e-04,2996615.674,5.883747e-03,3.755304e+01,8.361536e-05,2.584578e-04,3027588.648,5.000000e-04,10.30,6952.29
673,1.198755e-02,4.078861e+01,3.850701e-04,8.115982e-04,2994142.086,6.689086e-03,3.825247e+01,1.846660e-04,2.034358e-04,2982563.664,5.000000e-04,11.06,6963.35
674,8.028973e-03,3.740155e+01,2.659618e-04,3.258398e-04,2995593.252,8.176970e-03,3.842958e+01,1.249424e-04,6.169178e-04,3029396.727,5.000000e-04,9.77,6973.12
675,7.865085e-03,3.702384e+01,2.403266e-04,3.518870e-04,2996454.420,8.214413e-03,3.731074e+01,3.053843e-04,2.858990e-04,3047855.969,5.000000e-04,10.83,6983.95
676,8.279515e-03,3.688814e+01,3.061850e-04,3.057704e-04,2996923.789,9.201016e-03,3.733917e+01,5.154043e-04,6.261130e-05,2999709.453,5.000000e-04,10.07,6994.02
677,7.485858e-03,3.662302e+01,2.361222e-04,2.924668e-04,2996710.246,6.324688e-03,3.508809e+01,1.315961e-04,2.999834e-04,2961311.625,5.000000e-04,10.39,7004.41
678,7.639857e-03,3.666485e+01,2.421952e-04,3.102841e-04,2996078.047,9.494998e-03,3.709901e+01,5.269094e-04,1.032005e-04,3018981.375,5.000000e-04,9.95,7014.37
679,8.431938e-03,3.682910e+01,3.097067e-04,3.303922e-04,2996211.369,8.544486e-03,3.709783e+01,2.694393e-04,4.280621e-04,3056332.555,5.000000e-04,10.36,7024.72
680,9.206693e-03,3.704312e+01,3.822191e-04,3.360380e-04,2996710.857,6.642589e-03,3.604801e+01,2.425454e-04,1.224669e-04,2979725.742,5.000000e-04,9.31,7034.03
681,6.984236e-03,3.629511e+01,2.157481e-04,2.394487e-04,2996495.348,9.102456e-03,3.728761e+01,4.200163e-04,2.347065e-04,3040703.000,5.000000e-04,10.42,7044.46
682,9.694751e-03,3.696480e+01,3.475332e-04,5.045878e-04,2996283.959,6.791993e-03,3.549897e+01,1.566744e-04,3.350704e-04,2965411.258,5.000000e-04,11.36,7055.82
683,7.764053e-03,3.659302e+01,2.559603e-04,3.090296e-04,2996687.342,5.622825e-03,3.646469e+01,1.388841e-04,1.175032e-04,2995401.945,5.000000e-04,23.38,7079.21
684,8.499552e-03,3.703756e+01,3.041830e-04,3.507932e-04,2995668.602,9.911956e-03,3.840631e+01,1.903492e-04,8.335667e-04,3077442.148,5.000000e-04,9.11,7088.32
685,7.648705e-03,3.666157e+01,2.261631e-04,3.441833e-04,2996123.777,1.866210e-02,4.244467e+01,8.343403e-04,1.214846e-03,3088826.695,5.000000e-04,10.05,7098.36
686,1.634634e-02,4.344220e+01,8.064706e-04,7.874821e-04,2993334.672,6.487313e-03,3.790359e+01,1.724145e-04,1.945618e-04,3028356.977,5.000000e-04,9.61,7107.97
687,8.750161e-03,3.716483e+01,3.416456e-04,3.234445e-04,2996744.102,8.312919e-03,3.549623e+01,2.899405e-04,3.727783e-04,2957994.000,5.000000e-04,8.67,7116.64
688,8.452674e-03,3.698920e+01,2.777476e-04,3.952557e-04,2996485.838,5.347198e-03,3.661023e+01,1.170791e-04,1.030768e-04,3011754.211,5.000000e-04,9.52,7126.16
689,9.040306e-03,3.770115e+01,3.186403e-04,4.167575e-04,2996292.438,6.817369e-03,3.751856e+01,1.003339e-04,4.124347e-04,3056787.586,5.000000e-04,9.12,7135.29
690,7.948675e-03,3.669398e+01,2.831509e-04,2.895535e-04,2996714.367,6.097768e-03,3.721838e+01,1.798070e-04,1.155719e-04,3007605.461,5.000000e-04,9.56,7144.85
691,8.155629e-03,3.681526e+01,2.741418e-04,3.465371e-04,2996159.219,1.188385e-02,3.657771e+01,7.540590e-04,1.370983e-04,2985223.070,5.000000e-04,9.30,7154.15
692,7.018884e-03,3.636335e+01,2.152466e-04,2.460165e-04,2996857.596,6.578812e-03,3.758338e+01,9.478401e-05,3.745268e-04,3045987.023,5.000000e-04,9.36,7163.51
693,8.576885e-03,3.684184e+01,2.975753e-04,3.833897e-04,2996070.818,5.520177e-03,3.584627e+01,1.572636e-04,7.258288e-05,2998007.227,5.000000e-04,9.48,7173.00
694,8.167096e-03,3.638533e+01,2.744355e-04,3.568416e-04,2995018.090,1.714502e-02,4.132729e+01,2.841271e-04,2.034204e-03,3125128.297,5.000000e-04,9.79,7182.79
695,8.870648e-03,3.745488e+01,2.942669e-04,4.364983e-04,2997579.336,4.735333e-03,3.560326e+01,9.017401e-05,5.465342e-05,2992953.047,5.000000e-04,9.94,7192.73
696,7.192398e-03,3.639906e+01,2.060694e-04,2.983596e-04,2996715.416,6.600176e-03,3.674198e+01,1.814347e-04,2.223263e-04,3039810.727,5.000000e-04,9.61,7202.35
697,9.280566e-03,3.661708e+01,3.587000e-04,4.063717e-04,2996922.555,8.176181e-03,3.577217e+01,8.942781e-05,7.409372e-04,2929977.164,5.000000e-04,9.44,7211.78
698,8.124462e-03,3.704977e+01,2.853195e-04,3.132581e-04,2996232.123,7.154101e-03,3.877790e+01,2.630954e-04,1.290714e-04,2986185.898,5.000000e-04,9.21,7220.99
699,7.122601e-03,3.640892e+01,2.057231e-04,2.848955e-04,2996668.658,7.232271e-03,3.704906e+01,2.925880e-04,1.202970e-04,3013495.969,5.000000e-04,9.71,7230.70
700,7.883811e-03,3.650623e+01,2.429196e-04,3.607985e-04,2996035.396,1.176487e-02,3.876816e+01,2.629386e-04,1.051735e-03,3090267.875,5.000000e-04,9.47,7240.17
701,7.095800e-03,3.667267e+01,2.148188e-04,2.560690e-04,2997137.504,8.747920e-03,3.578540e+01,4.749667e-04,8.394259e-05,2981205.852,5.000000e-04,9.38,7249.55
702,8.197291e-03,3.651544e+01,2.762437e-04,3.566621e-04,2995938.867,1.524025e-02,4.156245e+01,7.435434e-04,7.297143e-04,3070387.594,5.000000e-04,8.97,7258.52
703,7.536429e-03,3.650442e+01,2.220510e-04,3.330954e-04,2996903.154,6.028686e-03,3.688080e+01,1.016367e-04,2.648478e-04,2990616.102,5.000000e-04,9.03,7267.55
704,8.718783e-03,3.688588e+01,2.891039e-04,4.278312e-04,2997043.807,8.090410e-03,3.451384e+01,1.700082e-04,5.877889e-04,2932555.617,5.000000e-04,9.71,7277.27
705,1.020795e-02,3.850451e+01,3.734272e-04,5.246462e-04,2994268.621,6.524302e-03,3.662308e+01,2.379938e-04,9.641108e-05,3013787.820,5.000000e-04,8.38,7285.64
706,7.597109e-03,3.656241e+01,2.631167e-04,2.619402e-04,2997342.094,7.568957e-03,3.534629e+01,1.524885e-04,5.018885e-04,2947173.984,5.000000e-04,9.18,7294.82
707,7.460795e-03,3.695431e+01,2.003031e-04,3.524666e-04,2995848.340,6.305431e-03,3.674415e+01,1.679516e-04,1.902999e-04,3032846.047,5.000000e-04,9.78,7304.60
708,7.952685e-03,3.653751e+01,2.619296e-04,3.359277e-04,2996466.832,6.600833e-03,3.557382e+01,2.771177e-04,5.445493e-05,2990239.125,5.000000e-04,9.55,7314.15
709,8.910492e-03,3.671512e+01,3.332786e-04,3.812388e-04,2996241.148,5.949328e-03,3.720965e+01,1.829206e-04,7.983123e-05,3004027.812,5.000000e-04,8.76,7322.90
710,7.133371e-03,3.649516e+01,2.194871e-04,2.577968e-04,2996526.363,5.926471e-03,3.586808e+01,1.783056e-04,1.113216e-04,2990389.289,5.000000e-04,9.08,7331.98
711,9.073688e-03,3.694552e+01,3.636227e-04,3.485819e-04,2996452.025,6.375811e-03,3.478641e+01,1.510919e-04,2.772502e-04,2956780.273,5.000000e-04,9.42,7341.40
712,8.709999e-03,3.746426e+01,3.562622e-04,2.801902e-04,2996029.850,5.496238e-03,3.644884e+01,1.089321e-04,1.524067e-04,3016697.906,5.000000e-04,8.94,7350.34
713,9.037279e-03,3.719499e+01,3.542338e-04,3.550884e-04,2996768.221,7.751383e-03,3.467356e+01,7.503105e-05,7.067433e-04,2927645.508,5.000000e-04,9.06,7359.40
714,7.508086e-03,3.661994e+01,2.366396e-04,2.959393e-04,2996643.072,6.422639e-03,3.671336e+01,2.269894e-04,9.628176e-05,2988543.844,5.000000e-04,8.70,7368.11
715,9.702093e-03,3.784486e+01,4.178344e-04,3.478525e-04,2995569.299,4.584717e-03,3.532703e+01,4.843901e-05,1.135249e-04,2986634.211,5.000000e-04,9.44,7377.55
716,9.755364e-03,3.990376e+01,3.347701e-04,4.834572e-04,2994745.943,9.005168e-03,3.832257e+01,3.055944e-04,4.233934e-04,3054489.031,5.000000e-04,9.14,7386.69
717,9.183618e-03,3.730422e+01,3.494529e-04,3.917335e-04,2996568.674,7.679670e-03,3.482732e+01,9.802720e-05,6.433332e-04,2926711.367,5.000000e-04,9.67,7396.36
718,8.149118e-03,3.677251e+01,2.911113e-04,3.121508e-04,2996379.277,5.768092e-03,3.677456e+01,1.859850e-04,4.615723e-05,3005035.766,5.000000e-04,9.65,7406.02
719,8.126480e-03,3.682549e+01,2.665124e-04,3.557614e-04,2996248.982,1.174928e-02,3.620094e+01,7.493652e-04,1.271058e-04,2979924.812,5.000000e-04,9.24,7415.26
720,9.396002e-03,3.754269e+01,3.366452e-04,4.550563e-04,2995435.789,6.043561e-03,3.752003e+01,1.752081e-04,1.078955e-04,2996953.883,5.000000e-04,9.55,7424.81
721,7.699938e-03,3.705436e+01,2.340336e-04,3.308332e-04,2997039.205,5.410411e-03,3.624081e+01,1.280453e-04,1.011755e-04,2993582.508,5.000000e-04,9.02,7433.82
722,9.570677e-03,3.691831e+01,3.667616e-04,4.422459e-04,2995351.656,8.118832e-03,3.881923e+01,1.917167e-04,4.639484e-04,3047449.398,5.000000e-04,9.42,7443.24
723,8.748860e-03,3.686162e+01,3.481799e-04,3.161798e-04,2996046.768,8.363654e-03,3.670490e+01,4.304116e-04,7.780961e-05,3019707.758,5.000000e-04,9.78,7453.02
724,8.214433e-03,3.659441e+01,2.933299e-04,3.243386e-04,2997075.742,5.606799e-03,3.524238e+01,7.420319e-05,2.681059e-04,2963928.555,5.000000e-04,8.96,7461.97
725,7.876175e-03,3.686230e+01,2.539680e-04,3.300529e-04,2996599.375,1.359428e-02,3.403331e+01,5.637757e-04,9.106390e-04,2912102.953,5.000000e-04,8.88,7470.86
726,8.558850e-03,3.698607e+01,3.083254e-04,3.553977e-04,2995917.637,5.293984e-03,3.661353e+01,1.012543e-04,1.240177e-04,3026831.055,5.000000e-04,9.80,7480.66
727,6.770162e-03,3.631143e+01,1.894450e-04,2.489138e-04,2996943.250,2.810482e-02,3.998572e+01,2.262368e-03,2.965138e-04,3036741.445,5.000000e-04,8.93,7489.59
728,1.003428e-02,3.711309e+01,4.093038e-04,4.459875e-04,2996259.764,8.540806e-03,3.442377e+01,2.780355e-04,4.636149e-04,2938591.781,5.000000e-04,10.00,7499.59
729,1.009399e-02,3.736233e+01,4.511385e-04,3.692740e-04,2996308.855,1.174210e-02,3.709200e+01,6.670771e-04,2.724268e-04,2963552.914,5.000000e-04,9.06,7508.66
730,8.961897e-03,3.751738e+01,3.125065e-04,4.170189e-04,2995241.777,6.860005e-03,3.607031e+01,2.079713e-04,2.346521e-04,2973254.219,5.000000e-04,9.42,7518.08
731,8.493157e-03,3.705018e+01,3.214364e-04,3.147551e-04,2995997.244,5.244940e-03,3.551963e+01,9.474180e-05,1.491119e-04,2974616.844,5.000000e-04,9.45,7527.53
732,8.058637e-03,3.666626e+01,2.789968e-04,3.204087e-04,2996773.475,7.772358e-03,3.488380e+01,2.404996e-04,3.757962e-04,2962691.406,5.000000e-04,10.16,7537.69
733,9.791286e-03,3.697724e+01,3.829004e-04,4.529115e-04,2995547.736,5.545235e-03,3.637589e+01,1.200212e-04,1.414869e-04,3021484.922,5.000000e-04,9.40,7547.09
734,9.325382e-03,3.667116e+01,3.116893e-04,5.082748e-04,2995944.150,9.370950e-03,3.781178e+01,2.589815e-04,5.999916e-04,3054414.695,5.000000e-04,8.81,7555.90
735,1.260212e-02,3.863143e+01,5.788444e-04,5.901066e-04,2995060.508,6.733181e-03,3.687308e+01,2.482357e-04,1.127032e-04,3025886.500,5.000000e-04,9.55,7565.46
736,7.615975e-03,3.657661e+01,2.424370e-04,3.067888e-04,2996851.473,5.327517e-03,3.545454e+01,7.881071e-05,1.987912e-04,2970915.547,5.000000e-04,9.74,7575.20
737,8.299224e-03,3.673963e+01,3.115132e-04,3.020260e-04,2996384.139,5.012689e-03,3.563070e+01,8.453324e-05,1.208573e-04,2985252.234,5.000000e-04,9.07,7584.27
738,1.579252e-02,4.275014e+01,7.566289e-04,7.902426e-04,2994628.576,1.169853e-02,3.748723e+01,7.213255e-04,1.473109e-04,3015669.844,5.000000e-04,10.04,7594.31
739,8.314298e-03,3.693587e+01,3.027718e-04,3.185986e-04,2996142.424,9.638180e-03,3.776555e+01,3.349896e-04,5.023457e-04,3063744.648,5.000000e-04,9.74,7604.05
740,7.681572e-03,3.639763e+01,2.648418e-04,2.786783e-04,2996543.254,5.213333e-03,3.746444e+01,6.851717e-05,1.563435e-04,3029335.273,5.000000e-04,10.09,7614.14
741,1.010035e-02,3.780251e+01,4.072282e-04,4.495640e-04,2996393.551,6.764795e-03,3.727910e+01,1.310344e-04,3.453082e-04,2985476.633,5.000000e-04,9.42,7623.56
742,9.686386e-03,3.716503e+01,3.713597e-04,4.512572e-04,2995785.064,8.806006e-03,3.758119e+01,1.833911e-04,6.427952e-04,2948882.688,5.000000e-04,8.78,7632.33
743,7.713031e-03,3.661606e+01,2.437536e-04,3.227779e-04,2996925.229,5.302014e-03,3.693685e+01,9.355729e-05,1.345512e-04,2987553.094,5.000000e-04,8.88,7641.22
744,7.654827e-03,3.645862e+01,2.608200e-04,2.801531e-04,2997186.219,5.577359e-03,3.647273e+01,1.093698e-04,1.672776e-04,3019951.477,5.000000e-04,9.14,7650.36
745,7.144179e-03,3.624079e+01,2.089649e-04,2.860901e-04,2996302.426,5.748862e-03,3.547325e+01,1.098313e-04,2.206447e-04,2966289.469,5.000000e-04,9.54,7659.90
746,8.824015e-03,3.677945e+01,3.531288e-04,3.229565e-04,2995751.535,1.170643e-02,4.027212e+01,1.518998e-04,1.232043e-03,3102320.227,5.000000e-04,9.12,7669.02
747,7.740690e-03,3.664518e+01,2.331644e-04,3.489055e-04,2997486.441,9.768875e-03,3.380803e+01,7.473116e-05,1.128152e-03,2902539.867,5.000000e-04,9.40,7678.42
748,7.017181e-03,3.622742e+01,2.054739e-04,2.679401e-04,2995935.674,6.712805e-03,3.630462e+01,1.713196e-04,2.738295e-04,3013997.016,5.000000e-04,9.12,7687.53
749,9.065553e-03,3.745021e+01,3.099502e-04,4.442061e-04,2995672.760,1.225103e-02,3.760696e+01,6.418585e-04,4.143495e-04,3038331.227,5.000000e-04,8.82,7696.36
750,8.510576e-03,3.678016e+01,3.137137e-04,3.390846e-04,2997910.666,1.541564e-02,3.877835e+01,8.727407e-04,5.620789e-04,2952392.570,5.000000e-04,9.13,7705.49
751,9.013123e-03,3.708703e+01,2.958626e-04,4.691588e-04,2994394.039,5.124372e-03,3.515416e+01,7.726277e-05,1.672656e-04,2974941.547,5.000000e-04,8.97,7714.46
752,7.458140e-03,3.668028e+01,2.345166e-04,2.889891e-04,2996629.602,5.362880e-03,3.600984e+01,1.293112e-04,9.375677e-05,3003639.086,5.000000e-04,8.86,7723.32
753,8.700944e-03,3.653077e+01,3.451856e-04,3.192023e-04,2996893.957,2.381426e-02,3.896951e+01,1.713387e-03,5.566884e-04,2961161.023,5.000000e-04,9.20,7732.52
754,7.842185e-03,3.697810e+01,2.474323e-04,3.340105e-04,2996036.656,4.620508e-03,3.625378e+01,5.522953e-05,8.856711e-05,2996145.609,5.000000e-04,10.27,7742.78
755,8.392681e-03,3.696761e+01,2.992834e-04,3.406173e-04,2996375.971,1.144995e-02,3.925892e+01,6.239373e-04,2.569375e-04,3041127.117,5.000000e-04,9.31,7752.09
756,8.067078e-03,3.741971e+01,2.658816e-04,3.332582e-04,2996334.391,6.716090e-03,3.728729e+01,9.835451e-05,4.007631e-04,3056741.258,5.000000e-04,9.48,7761.57
757,8.261491e-03,3.717075e+01,2.895607e-04,3.297619e-04,2997267.059,5.582202e-03,3.679962e+01,1.123726e-04,1.557028e-04,2997387.008,5.000000e-04,9.86,7771.43
758,7.801541e-03,3.654067e+01,2.570287e-04,3.154374e-04,2996244.221,1.332601e-02,3.900313e+01,7.491779e-04,3.867842e-04,3028750.188,5.000000e-04,9.97,7781.40
759,7.550604e-03,3.650725e+01,2.367507e-04,3.064743e-04,2997094.408,8.179960e-03,3.535805e+01,2.534440e-04,4.219431e-04,2966388.531,5.000000e-04,9.60,7791.00
760,7.349429e-03,3.630917e+01,2.096178e-04,3.244668e-04,2996070.744,5.688250e-03,3.596485e+01,1.012676e-04,2.158179e-04,3002167.617,5.000000e-04,9.98,7800.98
761,7.957256e-03,3.678078e+01,2.619528e-04,3.319301e-04,2996198.848,7.304385e-03,3.724004e+01,1.402724e-04,4.355315e-04,3053649.727,5.000000e-04,10.36,7811.33
762,8.123700e-03,3.654061e+01,2.912028e-04,3.115223e-04,2996107.986,8.383153e-03,3.711742e+01,3.112985e-04,3.116852e-04,3041965.938,5.000000e-04,9.40,7820.74
763,6.865291e-03,3.635731e+01,1.920381e-04,2.618358e-04,2997359.195,6.712979e-03,3.590270e+01,2.036603e-04,2.172211e-04,2992600.508,5.000000e-04,9.57,7830.30
764,8.332505e-03,3.664306e+01,2.677531e-04,3.981337e-04,2996037.371,5.130530e-03,3.631128e+01,8.528029e-05,1.293197e-04,3007974.656,5.000000e-04,9.34,7839.64
765,8.844733e-03,3.664727e+01,3.471323e-04,3.417365e-04,2996562.961,5.611400e-03,3.489637e+01,1.460033e-04,1.323460e-04,2975052.273,5.000000e-04,9.82,7849.46
766,7.254788e-03,3.634223e+01,2.277496e-04,2.686137e-04,2997056.100,8.916336e-03,3.681766e+01,4.651836e-04,1.165467e-04,2978067.227,5.000000e-04,9.88,7859.34
767,8.924503e-03,3.723499e+01,3.617149e-04,3.167709e-04,2996467.305,4.976418e-03,3.713520e+01,6.619853e-05,1.201827e-04,3023342.859,5.000000e-04,9.79,7869.12
768,7.927084e-03,3.636467e+01,2.445111e-04,3.691014e-04,2995242.814,6.204539e-03,3.563736e+01,1.910185e-04,1.461237e-04,3015389.180,5.000000e-04,9.56,7878.68
769,8.705949e-03,3.681563e+01,3.408600e-04,3.231571e-04,2997184.057,5.320966e-03,3.589512e+01,9.287697e-05,1.605369e-04,3028964.680,5.000000e-04,9.56,7888.25
770,7.052819e-03,3.622745e+01,2.153416e-04,2.553316e-04,2996267.893,7.920343e-03,3.789219e+01,3.602743e-04,1.056761e-04,2993669.867,5.000000e-04,8.79,7897.03
771,7.589301e-03,3.645610e+01,2.477472e-04,2.932438e-04,2996759.951,8.307944e-03,3.460524e+01,1.992390e-04,5.710060e-04,2935481.289,5.000000e-04,9.56,7906.59
772,7.964188e-03,3.645505e+01,2.510800e-04,3.615766e-04,2996350.953,4.356253e-03,3.530693e+01,4.442660e-05,7.625872e-05,2982214.766,5.000000e-04,9.90,7916.49
773,7.625985e-03,3.682029e+01,2.276382e-04,3.335149e-04,2996670.180,6.166302e-03,3.501672e+01,1.055121e-04,3.219018e-04,2953693.141,5.000000e-04,9.12,7925.61
774,9.056979e-03,3.697840e+01,3.589270e-04,3.539738e-04,2995565.553,6.529145e-03,3.753430e+01,1.245769e-04,3.059891e-04,3025101.445,5.000000e-04,10.44,7936.05
775,9.302591e-03,3.841832e+01,3.418163e-04,4.085194e-04,2996049.207,5.946082e-03,3.750705e+01,1.240562e-04,1.909630e-04,3011257.766,5.000000e-04,9.61,7945.66
776,8.635309e-03,3.650109e+01,2.979244e-04,4.011914e-04,2996435.129,6.064282e-03,3.592123e+01,1.960857e-04,1.022605e-04,3024283.281,5.000000e-04,10.14,7955.80
777,7.242406e-03,3.651866e+01,2.091414e-04,2.998252e-04,2997036.502,8.035751e-03,3.694909e+01,2.743529e-04,3.194627e-04,2970232.938,5.000000e-04,9.78,7965.58
778,9.543916e-03,3.867043e+01,3.709122e-04,3.935501e-04,2995640.078,6.858084e-03,3.773349e+01,1.767424e-04,2.634622e-04,3040765.203,5.000000e-04,9.18,7974.76
779,9.453461e-03,3.672747e+01,3.891146e-04,3.779136e-04,2996587.299,6.688366e-03,3.562056e+01,1.911340e-04,2.429940e-04,2969361.609,5.000000e-04,8.90,7983.66
780,7.173840e-03,3.637252e+01,2.380057e-04,2.313063e-04,2996592.803,9.024768e-03,3.493259e+01,4.089043e-04,2.884931e-04,2970518.648,5.000000e-04,9.58,7993.24
781,8.154929e-03,3.647940e+01,2.643653e-04,3.726672e-04,2996712.242,8.709490e-03,3.555343e+01,4.941755e-04,4.247836e-05,2995468.234,5.000000e-04,9.29,8002.54
782,9.231488e-03,3.665567e+01,3.501538e-04,4.128767e-04,2997369.605,2.496437e-02,3.677386e+01,1.864555e-03,5.282864e-04,2935527.602,5.000000e-04,9.65,8012.19
783,9.193202e-03,3.752202e+01,3.669684e-04,3.542632e-04,2995088.018,8.630582e-03,3.779175e+01,4.427080e-04,8.486549e-05,3011551.586,5.000000e-04,9.82,8022.01
784,8.028212e-03,3.656252e+01,2.977989e-04,2.787941e-04,2996450.494,6.631539e-03,3.665784e+01,1.330835e-04,3.269838e-04,3017022.352,5.000000e-04,8.39,8030.41
785,7.265168e-03,3.607742e+01,2.395019e-04,2.524813e-04,2997255.250,4.774763e-03,3.582856e+01,6.688542e-05,1.046104e-04,3019699.352,5.000000e-04,9.03,8039.44
786,8.515625e-03,3.669996e+01,3.187499e-04,3.316260e-04,2996788.762,6.520733e-03,3.580056e+01,1.976685e-04,1.927984e-04,2977552.562,5.000000e-04,8.29,8047.72
787,1.375061e-02,3.798270e+01,7.698660e-04,4.507353e-04,2994726.713,6.942911e-03,3.468629e+01,1.233751e-04,4.481061e-04,2947045.727,5.000000e-04,9.14,8056.87
788,9.839421e-03,3.681406e+01,4.550513e-04,3.215006e-04,2995946.980,5.277805e-03,3.726698e+01,1.198360e-04,7.054935e-05,3008164.250,5.000000e-04,9.27,8066.14
789,7.625836e-03,3.660000e+01,2.455393e-04,3.020887e-04,2995978.564,7.618376e-03,3.812940e+01,2.479448e-04,2.651975e-04,3028404.766,5.000000e-04,9.14,8075.28
790,1.078759e-02,3.947179e+01,4.274521e-04,5.131772e-04,2995265.787,5.395267e-03,3.722553e+01,1.179199e-04,9.870312e-05,3005013.734,5.000000e-04,9.45,8084.73
791,7.822516e-03,3.688006e+01,2.486588e-04,3.295845e-04,2996362.775,1.000974e-02,3.790114e+01,2.592676e-04,7.253901e-04,3068075.688,5.000000e-04,9.50,8094.23
792,1.047880e-02,3.718900e+01,4.864483e-04,3.790839e-04,2997521.383,1.310091e-02,3.897412e+01,8.438411e-04,1.530166e-04,3021305.109,5.000000e-04,9.40,8103.63
793,8.246012e-03,3.667578e+01,2.688817e-04,3.779235e-04,2995762.928,6.644856e-03,3.580029e+01,1.866706e-04,2.396243e-04,2964029.195,5.000000e-04,8.42,8112.05
794,8.371129e-03,3.671144e+01,3.117734e-04,3.164502e-04,2996993.555,4.860224e-03,3.491360e+01,6.162919e-05,1.505146e-04,2968601.359,5.000000e-04,9.94,8122.00
795,9.255508e-03,3.668256e+01,3.539136e-04,4.096232e-04,2995585.008,1.144142e-02,3.528960e+01,4.121498e-04,7.581923e-04,2927048.586,5.000000e-04,9.37,8131.37
796,7.660150e-03,3.650417e+01,2.568713e-04,2.882041e-04,2997196.887,6.762602e-03,3.609984e+01,2.570590e-04,1.164055e-04,3009150.633,5.000000e-04,8.80,8140.17
797,8.847407e-03,3.761698e+01,3.144883e-04,3.881653e-04,2995362.033,5.596746e-03,3.609714e+01,1.358335e-04,1.257394e-04,3017384.812,5.000000e-04,9.42,8149.59
798,8.943333e-03,3.696070e+01,3.158598e-04,4.177329e-04,2996546.656,5.732412e-03,3.651702e+01,1.602025e-04,9.573707e-05,2993068.453,5.000000e-04,9.26,8158.85
799,8.735625e-03,3.634295e+01,3.462748e-04,3.277164e-04,2996330.750,6.739501e-03,3.687722e+01,8.850596e-05,4.333437e-04,3050500.680,5.000000e-04,8.84,8167.69
800,7.399125e-03,3.625037e+01,2.412772e-04,2.722632e-04,2997041.006,6.252829e-03,3.502123e+01,1.041365e-04,3.418683e-04,2958756.266,5.000000e-04,8.77,8176.46
801,9.535527e-03,3.837419e+01,3.124401e-04,5.147414e-04,2995742.055,6.785220e-03,3.788847e+01,1.290719e-04,3.411308e-04,2997910.133,5.000000e-04,9.03,8185.49
802,8.016228e-03,3.641774e+01,2.714114e-04,3.320680e-04,2996712.465,7.455591e-03,3.684735e+01,1.375553e-04,4.790605e-04,3061672.078,5.000000e-04,9.22,8194.73
803,6.976713e-03,3.599602e+01,2.029469e-04,2.695284e-04,2997348.578,5.627685e-03,3.488966e+01,1.527412e-04,1.222614e-04,2986101.977,5.000000e-04,8.71,8203.44
804,9.288982e-03,3.682242e+01,4.096525e-04,3.020430e-04,2995834.432,5.693595e-03,3.649173e+01,1.321180e-04,1.446484e-04,3019298.953,5.000000e-04,8.33,8211.77
805,8.353087e-03,3.676255e+01,3.116270e-04,3.121124e-04,2996167.336,5.743669e-03,3.589495e+01,9.391638e-05,2.430020e-04,3031609.406,5.000000e-04,8.77,8220.54
806,8.612209e-03,3.667538e+01,2.598524e-04,4.692293e-04,2996949.396,5.802694e-03,3.650544e+01,1.597344e-04,1.109611e-04,2975884.266,5.000000e-04,8.53,8229.07
807,8.065848e-03,3.692996e+01,3.012638e-04,2.720429e-04,2996476.967,5.750814e-03,3.568115e+01,1.222809e-04,1.919781e-04,2980659.156,5.000000e-04,8.75,8237.82
808,9.422658e-03,3.668497e+01,4.320114e-04,2.868095e-04,2996466.652,2.539544e-02,3.673246e+01,1.991073e-03,3.622940e-04,2949105.797,5.000000e-04,8.63,8246.45
809,9.269823e-03,3.667967e+01,3.745213e-04,3.713287e-04,2996249.242,7.245078e-03,3.769986e+01,2.917655e-04,1.114875e-04,3004708.047,5.000000e-04,8.03,8254.48
810,7.259959e-03,3.621963e+01,2.197316e-04,2.881361e-04,2996393.963,1.328395e-02,3.908241e+01,2.687246e-04,1.337693e-03,3104806.445,5.000000e-04,8.68,8263.16
811,8.291765e-03,3.665849e+01,2.712791e-04,3.826250e-04,2997154.428,8.174081e-03,3.766341e+01,3.768076e-04,1.279328e-04,3013837.703,5.000000e-04,8.92,8272.08
812,7.537700e-03,3.607068e+01,2.101537e-04,3.658190e-04,2995921.656,6.322260e-03,3.679324e+01,8.171868e-05,3.651497e-04,3053977.258,5.000000e-04,8.81,8280.89
813,1.032472e-02,3.684129e+01,4.389468e-04,4.502243e-04,2995497.520,7.805970e-03,3.833999e+01,3.105553e-04,1.732837e-04,3014819.422,5.000000e-04,8.65,8289.54
814,8.227485e-03,3.694652e+01,2.554108e-04,3.957449e-04,2996348.326,1.313659e-02,3.711434e+01,7.956349e-04,2.937621e-04,2954614.070,5.000000e-04,9.06,8298.60
815,7.891085e-03,3.626503e+01,2.558668e-04,3.411827e-04,2996382.250,4.761578e-03,3.526462e+01,7.648558e-05,9.405204e-05,2985970.375,5.000000e-04,9.20,8307.80
816,8.858054e-03,3.711099e+01,3.212815e-04,3.868279e-04,2996748.021,7.983869e-03,3.659819e+01,3.661250e-04,1.325600e-04,3008329.289,5.000000e-04,7.97,8315.76
817,8.507900e-03,3.629353e+01,3.398319e-04,2.960454e-04,2996032.016,6.819124e-03,3.652189e+01,2.957781e-04,4.183069e-05,3006933.203,5.000000e-04,8.51,8324.28
818,9.314429e-03,3.649822e+01,3.534854e-04,4.259505e-04,2996168.719,8.141988e-03,3.561544e+01,3.242028e-04,2.676833e-04,2972196.344,5.000000e-04,9.08,8333.36
819,7.300771e-03,3.628023e+01,2.306188e-04,2.733120e-04,2995729.090,1.125016e-02,3.854757e+01,2.472342e-04,9.846130e-04,3087988.031,5.000000e-04,8.74,8342.10
820,6.943807e-03,3.624383e+01,2.318493e-04,2.001862e-04,2998183.939,1.436406e-02,3.652272e+01,9.209247e-04,3.005074e-04,2987601.031,5.000000e-04,8.75,8350.85
821,7.794551e-03,3.630327e+01,2.479016e-04,3.370416e-04,2996661.279,8.306654e-03,3.458012e+01,1.104492e-04,7.488299e-04,2921234.727,5.000000e-04,8.57,8359.43
822,8.405457e-03,3.724835e+01,2.954712e-04,3.451821e-04,2995675.068,6.236845e-03,3.821186e+01,1.208077e-04,2.415165e-04,2969589.305,5.000000e-04,8.38,8367.80
823,7.829624e-03,3.629109e+01,2.571832e-04,3.257366e-04,2997300.230,1.315482e-02,3.347802e+01,3.705978e-04,1.220208e-03,2897735.961,5.000000e-04,7.55,7.55
824,9.052826e-03,3.625466e+01,3.794124e-04,3.266472e-04,2996017.580,6.040774e-03,3.771607e+01,9.027952e-05,2.732744e-04,3041711.758,5.000000e-04,5.83,13.39
825,8.101971e-03,3.630101e+01,2.750121e-04,3.443499e-04,2996913.100,5.717211e-03,3.613094e+01,4.466764e-05,3.314882e-04,2955876.344,5.000000e-04,5.35,18.75
826,9.389697e-03,3.708168e+01,3.689220e-04,3.984617e-04,2995138.863,6.040097e-03,3.795166e+01,9.231689e-05,2.643523e-04,3041900.000,5.000000e-04,5.48,24.23
827,7.411257e-03,3.622118e+01,2.124578e-04,3.329122e-04,2997152.047,7.033181e-03,3.748504e+01,1.193029e-04,4.183296e-04,3046316.531,5.000000e-04,5.44,29.67
828,7.112231e-03,3.609447e+01,2.113345e-04,2.778880e-04,2996325.836,5.909262e-03,3.619356e+01,1.353286e-04,1.873241e-04,3022184.211,5.000000e-04,6.19,35.88
829,9.337324e-03,3.833675e+01,3.634449e-04,3.738402e-04,2995366.557,5.867729e-03,3.643090e+01,1.817853e-04,8.135699e-05,3009175.148,5.000000e-04,5.54,41.43
830,8.283905e-03,3.627967e+01,3.022198e-04,3.267480e-04,2997192.039,6.655710e-03,3.447457e+01,1.571566e-04,3.273376e-04,2950654.414,5.000000e-04,5.64,47.07
831,8.060724e-03,3.602980e+01,3.025697e-04,2.864093e-04,2996511.277,5.366551e-03,3.569235e+01,1.441896e-04,7.108406e-05,3005930.156,5.000000e-04,5.26,52.32
832,8.173151e-03,3.649451e+01,2.495583e-04,4.056234e-04,2996784.934,1.150847e-02,3.722851e+01,6.487542e-04,2.596160e-04,2963209.164,5.000000e-04,5.65,57.98
833,2.097881e-02,5.385458e+01,6.024764e-04,1.913718e-03,2990970.000,1.306149e-02,3.949531e+01,5.556723e-04,7.110476e-04,3074434.359,5.000000e-04,5.80,63.78
834,9.201301e-03,3.808241e+01,3.306109e-04,4.173902e-04,2995842.107,8.992916e-03,3.670838e+01,3.934506e-04,2.775147e-04,2975665.734,5.000000e-04,5.91,69.69
835,9.032527e-03,3.725067e+01,3.743040e-04,3.128839e-04,2997299.791,7.591158e-03,3.749373e+01,2.791177e-04,2.101216e-04,2968694.789,5.000000e-04,5.90,75.59
836,8.663538e-03,3.687389e+01,3.297840e-04,3.356618e-04,2995844.115,4.928573e-03,3.617361e+01,6.802302e-05,1.261964e-04,3006498.227,5.000000e-04,5.40,80.99
837,7.546334e-03,3.639065e+01,2.330282e-04,3.153974e-04,2996784.617,1.781190e-02,3.680874e+01,1.312573e-03,2.010601e-04,2975426.938,5.000000e-04,5.79,86.78
838,8.442489e-03,3.670197e+01,3.254064e-04,3.036458e-04,2996608.744,6.842513e-03,3.773124e+01,1.300997e-04,3.536785e-04,3043500.188,5.000000e-04,5.84,92.62
839,6.951134e-03,3.609037e+01,2.043014e-04,2.598166e-04,2996428.441,1.074211e-02,3.772164e+01,2.169379e-04,9.601136e-04,3086128.570,5.000000e-04,5.16,97.78
840,9.004853e-03,3.647940e+01,3.805812e-04,3.102203e-04,2997048.799,6.486280e-03,3.740235e+01,1.036519e-04,3.419051e-04,3050243.969,5.000000e-04,5.28,103.05
841,8.657851e-03,3.641010e+01,2.970124e-04,4.093435e-04,2994931.012,1.386200e-02,4.165670e+01,7.279146e-04,4.834372e-04,3000817.312,5.000000e-04,5.23,108.29
842,8.708333e-03,3.805074e+01,2.922520e-04,3.961478e-04,2996819.074,6.644364e-03,3.699249e+01,8.949585e-05,4.100312e-04,3026772.234,5.000000e-04,5.81,114.10
843,8.980234e-03,3.705009e+01,3.111468e-04,4.327515e-04,2996940.797,5.167119e-03,3.692961e+01,8.579701e-05,1.232377e-04,2976684.578,5.000000e-04,5.85,119.95
844,8.725407e-03,3.657031e+01,3.439824e-04,3.257103e-04,2997312.758,1.207880e-02,3.312224e+01,2.785923e-04,1.196131e-03,2902834.047,5.000000e-04,5.73,125.69
845,8.134990e-03,3.677894e+01,2.766300e-04,3.381593e-04,2995638.750,5.118222e-03,3.619841e+01,1.144305e-04,7.081527e-05,3014768.219,5.000000e-04,5.39,131.07
846,8.879303e-03,3.631590e+01,3.241035e-04,4.013355e-04,2996324.285,1.635294e-02,3.805400e+01,1.174725e-03,1.600582e-04,3011223.211,5.000000e-04,5.59,136.66
847,8.571703e-03,3.633830e+01,3.152949e-04,3.569848e-04,2996006.902,3.530965e-02,4.163415e+01,2.947715e-03,3.338158e-04,3025081.281,5.000000e-04,5.55,142.21
848,8.779199e-03,3.660659e+01,3.387783e-04,3.461515e-04,2996636.059,1.807556e-02,3.828659e+01,1.263282e-03,3.228160e-04,3029005.250,5.000000e-04,5.69,147.91
849,8.184152e-03,3.661259e+01,2.730811e-04,3.584164e-04,2995925.035,7.526582e-03,3.647785e+01,2.110469e-04,3.536656e-04,3044206.227,5.000000e-04,5.79,153.70
850,8.330108e-03,3.657041e+01,3.177182e-04,2.991770e-04,2996960.664,6.582441e-03,3.845571e+01,1.690036e-04,2.093668e-04,3020112.312,5.000000e-04,5.48,159.18
851,8.315454e-03,3.669923e+01,2.770097e-04,3.750869e-04,2996386.525,5.477369e-03,3.482547e+01,1.444826e-04,1.099994e-04,2976861.141,5.000000e-04,5.46,164.63
852,7.614429e-03,3.606744e+01,2.810666e-04,2.394037e-04,2996784.424,1.606496e-02,4.112827e+01,1.081276e-03,2.278736e-04,3013721.836,5.000000e-04,5.50,170.13
853,9.985598e-03,3.715486e+01,4.031843e-04,4.476538e-04,2995709.754,2.207042e-02,3.657420e+01,1.816381e-03,4.983820e-05,2992997.125,5.000000e-04,5.67,175.80
854,8.758656e-03,3.666194e+01,3.268261e-04,3.648401e-04,2996422.686,7.417676e-03,3.672601e+01,3.346566e-04,7.970199e-05,3001036.070,5.000000e-04,5.39,181.20
855,7.535622e-03,3.630762e+01,2.794864e-04,2.219993e-04,2996798.131,5.461659e-03,3.706286e+01,6.903196e-05,2.130106e-04,3033552.781,5.000000e-04,6.05,187.25
856,7.416094e-03,3.611299e+01,2.424616e-04,2.760358e-04,2997079.551,7.187954e-03,3.459473e+01,1.771103e-04,3.914757e-04,2946797.438,5.000000e-04,6.20,193.45
857,1.021031e-02,3.796146e+01,4.155371e-04,4.517595e-04,2995772.846,6.326486e-03,3.574415e+01,1.958869e-04,1.586404e-04,3006478.430,5.000000e-04,6.06,199.51
858,8.950264e-03,3.663050e+01,3.572330e-04,3.429768e-04,2996200.379,4.765180e-03,3.583031e+01,9.232330e-05,5.178326e-05,3010011.156,5.000000e-04,5.37,204.89
859,7.691913e-03,3.657190e+01,2.329579e-04,3.410287e-04,2996996.248,5.624314e-03,3.615341e+01,1.533560e-04,9.508263e-05,3001920.188,5.000000e-04,5.46,210.35
860,7.638812e-03,3.621399e+01,2.595816e-04,2.843194e-04,2996614.869,4.847933e-03,3.505144e+01,8.099106e-05,1.065759e-04,2974604.008,5.000000e-04,4.96,215.31
861,7.923724e-03,3.678508e+01,2.235920e-04,4.018592e-04,2996164.676,4.904801e-03,3.619933e+01,8.423774e-05,8.849815e-05,3001218.852,5.000000e-04,4.96,220.27
862,9.759255e-03,3.769340e+01,3.896245e-04,4.187340e-04,2996963.320,9.939161e-03,3.405956e+01,2.802321e-04,7.461769e-04,2930073.664,5.000000e-04,5.26,225.52
863,7.885886e-03,3.715086e+01,2.690277e-04,2.961045e-04,2996062.453,9.526852e-03,3.778900e+01,3.085148e-04,5.325608e-04,3057375.305,5.000000e-04,5.46,230.99
864,7.917651e-03,3.675012e+01,2.510488e-04,3.464303e-04,2996366.172,1.481788e-02,3.583415e+01,9.809171e-04,2.850591e-04,3002017.320,5.000000e-04,5.36,236.34
865,7.162776e-03,3.632493e+01,2.240868e-04,2.578831e-04,2997193.398,5.948729e-03,3.486846e+01,1.755607e-04,1.412554e-04,2971304.055,5.000000e-04,5.92,242.26
866,7.378532e-03,3.629223e+01,2.360021e-04,2.778575e-04,2996280.957,5.850869e-03,3.663156e+01,1.589764e-04,1.195898e-04,3024773.312,5.000000e-04,5.23,247.49
867,8.593619e-03,3.638185e+01,3.494455e-04,2.921959e-04,2996773.787,1.258865e-02,3.824918e+01,3.808504e-04,9.910457e-04,3086391.812,5.000000e-04,5.38,252.87
868,8.032423e-03,3.675082e+01,2.745740e-04,3.223203e-04,2996084.918,6.850534e-03,3.761202e+01,1.532795e-04,3.113073e-04,3047603.539,5.000000e-04,5.45,258.31
869,7.173414e-03,3.607223e+01,2.346610e-04,2.439161e-04,2997075.162,5.619191e-03,3.707765e+01,8.640148e-05,2.094822e-04,3031535.852,5.000000e-04,5.80,264.12
870,7.753878e-03,3.607704e+01,2.888399e-04,2.515550e-04,2997849.770,2.038951e-02,3.672232e+01,1.326699e-03,6.900580e-04,2927828.961,5.000000e-04,5.61,269.73
871,8.345556e-03,3.659750e+01,2.827688e-04,3.716237e-04,2996238.293,6.969825e-03,3.440934e+01,1.534275e-04,3.989232e-04,2942663.242,5.000000e-04,4.89,274.62
872,1.183590e-02,3.959541e+01,4.221965e-04,7.308793e-04,2993069.928,1.885103e-02,4.777189e+01,1.066538e-03,6.816927e-04,2934104.969,5.000000e-04,5.02,279.64
873,7.407001e-03,3.792241e+01,2.256908e-04,2.715704e-04,2996895.873,8.000343e-03,3.768051e+01,3.860266e-04,7.440524e-05,2987579.188,5.000000e-04,5.29,284.93
874,7.821136e-03,3.638205e+01,2.647741e-04,3.070380e-04,2997038.166,1.052152e-02,3.366548e+01,1.314460e-04,1.168103e-03,2899601.102,5.000000e-04,5.47,290.40
875,7.384257e-03,3.618954e+01,2.215378e-04,3.099852e-04,2996561.789,6.738699e-03,3.669009e+01,2.506555e-04,1.126269e-04,2977921.078,5.000000e-04,5.21,295.62
876,7.080625e-03,3.622221e+01,2.339072e-04,2.238663e-04,2996210.635,8.930436e-03,3.421024e+01,4.012956e-04,2.992911e-04,2954714.312,5.000000e-04,5.31,300.93
877,8.907414e-03,3.619676e+01,3.699120e-04,3.177235e-04,2996591.801,4.817795e-03,3.601167e+01,5.735981e-05,1.286060e-04,2974064.336,5.000000e-04,5.66,306.59
878,7.157838e-03,3.694514e+01,2.058381e-04,2.809886e-04,2996148.068,5.596281e-03,3.602993e+01,1.359409e-04,1.267761e-04,3012801.688,5.000000e-04,5.28,311.87
879,1.065648e-02,3.688124e+01,4.904642e-04,4.127434e-04,2996577.322,1.397396e-02,3.576276e+01,6.404161e-04,7.987044e-04,2919373.180,5.000000e-04,5.77,317.64
880,7.215902e-03,3.616537e+01,2.245589e-04,2.707554e-04,2996103.115,7.331893e-03,3.769885e+01,2.882703e-04,1.358610e-04,3008039.281,5.000000e-04,5.90,323.55
881,6.768299e-03,3.599359e+01,2.000593e-04,2.336694e-04,2997584.070,7.845902e-03,3.539441e+01,3.017987e-04,2.576949e-04,2966142.219,5.000000e-04,5.27,328.81
882,7.595461e-03,3.633912e+01,2.474723e-04,2.973654e-04,2996589.051,7.356548e-03,3.447541e+01,1.302485e-04,5.213045e-04,2944499.734,5.000000e-04,5.67,334.48
883,8.902187e-03,3.775842e+01,3.099815e-04,4.053062e-04,2995566.404,5.820795e-03,3.623240e+01,1.892107e-04,6.108957e-05,2994118.250,5.000000e-04,5.82,340.31
884,8.725549e-03,3.656602e+01,3.372955e-04,3.391985e-04,2995902.338,6.343413e-03,3.668266e+01,1.178384e-04,2.993529e-04,3043465.000,5.000000e-04,5.54,345.85
885,6.812249e-03,3.610000e+01,1.807698e-04,2.789102e-04,2996394.393,8.010205e-03,3.882461e+01,1.667267e-04,4.920955e-04,3061705.289,5.000000e-04,5.43,351.28
886,6.930721e-03,3.602639e+01,1.905129e-04,2.845907e-04,2997429.197,5.854816e-03,3.603647e+01,9.867393e-05,2.528858e-04,3021228.211,5.000000e-04,6.09,357.37
887,9.293825e-03,3.743773e+01,3.648815e-04,3.802475e-04,2996289.871,7.819204e-03,3.799984e+01,1.452808e-04,5.132824e-04,3053379.156,5.000000e-04,5.40,362.77
888,7.895421e-03,3.630857e+01,2.424839e-04,3.679449e-04,2995214.768,7.759308e-03,3.605276e+01,2.473912e-04,3.360240e-04,2962264.234,5.000000e-04,5.89,368.66
889,6.995619e-03,3.614935e+01,2.206527e-04,2.348313e-04,2997745.725,4.718844e-03,3.612810e+01,6.536755e-05,9.047177e-05,3008274.672,5.000000e-04,5.07,373.73
890,7.399376e-03,3.592625e+01,2.377842e-04,2.857819e-04,2996836.020,1.561843e-02,3.872556e+01,1.071653e-03,2.058685e-04,3018429.688,5.000000e-04,5.41,379.14
891,7.344150e-03,3.613564e+01,2.462269e-04,2.536635e-04,2996659.365,5.573177e-03,3.694822e+01,1.329528e-04,1.097655e-04,3022945.398,5.000000e-04,5.14,384.28
892,8.733005e-03,3.665475e+01,3.547372e-04,3.040317e-04,2996160.047,6.933365e-03,3.706757e+01,1.437479e-04,3.578257e-04,3045166.719,5.000000e-04,6.02,390.31
893,6.511496e-03,3.594794e+01,1.917750e-04,1.997904e-04,2997072.889,5.687764e-03,3.544778e+01,1.247382e-04,1.791207e-04,3023525.805,5.000000e-04,5.58,395.89
894,7.258734e-03,3.617695e+01,2.203628e-04,2.874822e-04,2996802.252,6.764395e-03,3.755588e+01,2.468806e-04,1.080003e-04,3014759.109,5.000000e-04,6.04,401.93
895,7.327337e-03,3.613799e+01,2.379652e-04,2.667773e-04,2996276.414,1.068670e-02,3.813627e+01,2.512706e-04,8.720742e-04,3084203.703,5.000000e-04,5.62,407.55
896,7.812416e-03,3.607440e+01,2.504292e-04,3.401369e-04,2997470.902,1.049318e-02,3.752456e+01,3.812839e-04,5.855773e-04,2941469.852,5.000000e-04,5.64,413.18
897,8.434517e-03,3.642141e+01,3.014464e-04,3.555823e-04,2996576.215,7.583254e-03,3.793711e+01,1.949898e-04,3.679291e-04,3052568.492,5.000000e-04,5.62,418.81
898,7.336915e-03,3.618207e+01,2.151342e-04,3.134732e-04,2996134.506,8.838495e-03,3.487002e+01,3.938207e-04,2.826573e-04,2957793.742,5.000000e-04,5.43,424.24
899,1.001646e-02,3.928146e+01,3.626348e-04,4.923930e-04,2995832.406,8.349703e-03,3.507917e+01,2.232738e-04,5.218096e-04,2936645.055,5.000000e-04,5.80,430.03
900,6.505743e-03,3.587458e+01,1.690621e-04,2.455329e-04,2997551.158,6.617426e-03,3.506501e+01,2.089441e-04,2.042967e-04,2981475.844,5.000000e-04,5.58,435.61
901,6.792128e-03,3.590863e+01,2.076955e-04,2.248621e-04,2995805.479,2.644512e-02,3.814374e+01,1.704277e-03,1.117595e-03,3095562.898,5.000000e-04,6.26,441.87
902,9.473155e-03,3.689690e+01,3.675017e-04,4.216895e-04,2996560.711,5.894491e-03,3.856046e+01,1.827133e-04,4.226229e-05,3003504.719,5.000000e-04,5.48,447.35
903,6.836225e-03,3.637817e+01,1.769752e-04,2.857313e-04,2996972.363,6.000445e-03,3.507520e+01,6.127566e-05,3.760337e-04,2971162.109,5.000000e-04,5.28,452.63
904,6.642768e-03,3.591207e+01,1.692551e-04,2.718023e-04,2996415.420,8.929795e-03,3.771827e+01,4.455560e-04,1.404816e-04,3028511.828,5.000000e-04,5.41,458.04
905,6.985715e-03,3.603482e+01,2.073841e-04,2.616784e-04,2996937.139,1.058618e-02,3.708305e+01,3.879253e-04,5.997239e-04,3061929.094,5.000000e-04,5.82,463.86
906,1.171855e-02,4.172362e+01,4.693320e-04,5.705734e-04,2993502.199,1.236728e-02,3.723845e+01,7.659160e-04,1.968542e-04,3030533.086,5.000000e-04,5.04,468.90
907,9.363665e-03,3.699379e+01,3.537410e-04,4.253753e-04,2996007.650,6.049422e-03,3.722375e+01,4.132900e-05,3.827516e-04,3052422.977,5.000000e-04,5.91,474.80
908,8.532297e-03,3.658158e+01,3.114679e-04,3.518920e-04,2996127.051,8.606389e-03,3.612863e+01,4.715200e-04,5.566511e-05,2999634.641,5.000000e-04,5.35,480.16
909,8.583825e-03,3.663275e+01,3.260463e-04,3.320175e-04,2996282.039,8.321750e-03,4.124657e+01,1.717674e-04,4.958840e-04,3058827.969,5.000000e-04,5.47,485.62
910,7.158373e-03,3.610164e+01,1.876656e-04,3.343105e-04,2996993.289,5.040963e-03,3.625638e+01,4.506885e-05,1.929272e-04,3029944.594,5.000000e-04,5.46,491.08
911,7.213948e-03,3.604695e+01,2.440982e-04,2.336543e-04,2996891.791,7.435652e-03,3.632407e+01,3.138480e-04,1.329530e-04,3009762.430,5.000000e-04,6.00,497.09
912,7.187694e-03,3.628428e+01,2.240216e-04,2.638099e-04,2996726.492,5.347200e-03,3.659309e+01,1.157432e-04,1.060919e-04,3024386.477,5.000000e-04,5.35,502.44
913,7.476488e-03,3.624850e+01,2.591349e-04,2.520577e-04,2996485.256,8.909336e-03,3.771857e+01,4.525882e-04,1.223193e-04,3014756.844,5.000000e-04,6.08,508.52
914,6.660023e-03,3.590647e+01,1.891149e-04,2.356454e-04,2996695.578,4.780159e-03,3.573733e+01,4.549026e-05,1.503047e-04,3011464.523,5.000000e-04,5.49,514.01
915,8.551977e-03,3.692612e+01,3.004927e-04,3.708876e-04,2996791.064,6.260731e-03,3.871326e+01,1.326258e-04,2.126296e-04,3021532.359,5.000000e-04,6.08,520.10
916,9.148650e-03,3.639278e+01,4.069886e-04,2.878973e-04,2996502.885,5.120066e-03,3.583062e+01,1.084702e-04,9.046047e-05,2979607.242,5.000000e-04,5.46,525.55
917,8.385134e-03,3.653058e+01,3.137179e-04,3.189795e-04,2996539.389,7.685094e-03,3.528089e+01,3.363265e-04,1.587481e-04,2971316.039,5.000000e-04,5.31,530.86
918,8.845418e-03,3.714469e+01,3.636520e-04,2.988859e-04,2995755.898,7.021307e-03,3.645835e+01,2.662244e-04,1.426457e-04,3020451.766,5.000000e-04,5.41,536.28
919,7.570210e-03,3.601117e+01,2.429016e-04,3.080156e-04,2997034.621,5.785190e-03,3.694206e+01,1.778350e-04,6.252686e-05,3013782.852,5.000000e-04,5.37,541.64
920,9.034054e-03,3.779646e+01,3.374921e-04,3.758976e-04,2995349.527,6.533414e-03,3.618737e+01,1.892233e-04,2.044890e-04,3018519.086,5.000000e-04,5.31,546.95
921,6.851814e-03,3.604139e+01,1.971460e-04,2.552430e-04,2996644.863,5.515292e-03,3.541256e+01,1.552685e-04,8.427024e-05,3015586.969,5.000000e-04,5.25,552.20
922,1.005984e-02,3.605561e+01,4.136839e-04,4.634885e-04,2996085.648,1.071460e-02,3.692823e+01,6.011345e-04,2.020873e-04,3033253.664,5.000000e-04,4.83,557.03
923,6.832221e-03,3.587302e+01,2.026927e-04,2.435985e-04,2996721.914,6.111033e-03,3.863171e+01,1.281837e-04,1.932051e-04,3023461.938,5.000000e-04,5.54,562.56
924,7.114515e-03,3.585024e+01,2.310448e-04,2.438087e-04,2996915.039,6.222894e-03,3.614737e+01,1.917915e-04,1.380484e-04,3029507.430,5.000000e-04,5.82,568.38
925,7.212746e-03,3.618541e+01,2.021517e-04,3.145377e-04,2997059.656,5.033611e-03,3.743539e+01,8.573910e-05,8.653625e-05,3016585.445,5.000000e-04,5.44,573.82
926,6.426128e-03,3.606282e+01,1.589798e-04,2.460098e-04,2996632.932,1.010965e-02,3.610011e+01,6.244992e-04,5.092854e-05,3008008.344,5.000000e-04,6.02,579.84
927,7.413699e-03,3.616797e+01,2.471398e-04,2.651008e-04,2996815.859,7.021003e-03,3.765306e+01,2.511676e-04,1.488041e-04,3031755.828,5.000000e-04,5.38,585.22
928,1.014105e-02,3.754068e+01,4.056194e-04,4.661579e-04,2995636.242,6.181061e-03,3.733175e+01,8.561330e-05,3.183505e-04,3032694.109,5.000000e-04,5.60,590.82
929,7.588790e-03,3.646016e+01,2.474369e-04,2.936810e-04,2996906.771,4.672404e-03,3.441227e+01,5.035394e-05,1.455275e-04,2981059.453,5.000000e-04,5.40,596.21
930,1.482519e-02,4.730194e+01,5.015633e-04,1.015872e-03,2991377.477,1.177757e-02,3.557693e+01,7.471712e-04,1.496324e-04,3012760.031,5.000000e-04,5.60,601.82
931,8.004620e-03,3.625752e+01,2.841778e-04,3.074181e-04,2996824.586,5.164273e-03,3.616204e+01,8.614247e-05,1.373289e-04,3020898.219,5.000000e-04,5.67,607.49
932,7.709976e-03,3.617855e+01,2.155753e-04,3.872737e-04,2996502.822,6.889593e-03,3.703317e+01,1.054633e-04,4.263288e-04,3057116.500,5.000000e-04,5.18,612.67
933,7.407107e-03,3.604002e+01,2.474185e-04,2.657841e-04,2997578.445,1.802438e-02,3.464591e+01,8.270460e-04,1.257865e-03,2903430.156,5.000000e-04,5.63,618.30
934,7.617805e-03,3.616956e+01,2.599597e-04,2.802504e-04,2996310.754,9.170794e-03,3.435016e+01,3.087671e-04,5.296213e-04,2944400.852,5.000000e-04,5.65,623.96
935,7.461595e-03,3.630944e+01,2.139437e-04,3.382428e-04,2996410.137,6.854348e-03,3.407237e+01,7.652623e-05,5.363699e-04,2936632.727,5.000000e-04,5.70,629.66
936,7.520267e-03,3.619215e+01,2.446453e-04,2.909198e-04,2996457.934,1.417398e-02,3.786235e+01,8.782422e-04,3.210650e-04,3049716.133,5.000000e-04,5.25,634.90
937,1.157060e-02,3.748094e+01,5.530518e-04,4.583970e-04,2995829.977,6.092529e-03,3.802123e+01,1.455696e-04,1.669420e-04,3030482.508,5.000000e-04,5.52,640.42
938,1.029640e-02,3.694159e+01,4.721169e-04,3.762143e-04,2996356.555,7.163888e-03,3.454061e+01,2.504261e-04,2.411132e-04,2963331.617,5.000000e-04,5.52,645.95
939,1.197302e-02,3.884198e+01,5.430183e-04,5.317285e-04,2994845.047,5.615323e-03,3.712844e+01,1.494902e-04,8.151533e-05,3007585.875,5.000000e-04,5.60,651.55
940,7.621322e-03,3.672360e+01,2.369470e-04,3.158984e-04,2996675.020,6.138867e-03,3.406124e+01,9.783504e-05,3.508786e-04,2959004.695,5.000000e-04,5.59,657.14
941,6.805175e-03,3.580565e+01,1.890266e-04,2.668689e-04,2997164.328,7.369138e-03,3.404786e+01,1.707611e-04,4.513480e-04,2941757.977,5.000000e-04,5.33,662.47
942,7.614032e-03,3.615513e+01,2.652874e-04,2.691291e-04,2996489.529,6.426395e-03,3.618550e+01,9.283568e-05,3.758975e-04,2961190.883,5.000000e-04,6.06,668.53
943,8.569931e-03,3.623226e+01,3.415861e-04,3.061687e-04,2996683.670,6.562327e-03,3.456453e+01,1.466212e-04,3.279323e-04,2953690.398,5.000000e-04,5.65,674.18
944,7.831071e-03,3.607963e+01,2.868289e-04,2.709637e-04,2996077.062,1.189469e-02,3.663444e+01,7.422757e-04,1.616987e-04,2997532.930,5.000000e-04,5.90,680.08
945,1.030903e-02,3.656717e+01,4.672559e-04,3.959501e-04,2996476.977,1.037508e-02,3.369669e+01,9.477893e-05,1.211525e-03,2898841.984,5.000000e-04,5.57,685.65
946,7.893459e-03,3.632952e+01,2.390070e-04,3.740875e-04,2995724.389,1.160161e-02,4.036767e+01,1.048873e-04,1.303194e-03,3105236.945,5.000000e-04,5.64,691.29
947,8.216361e-03,3.629074e+01,2.995418e-04,3.183738e-04,2997332.971,5.633404e-03,3.467592e+01,1.403514e-04,1.524595e-04,2977087.305,5.000000e-04,6.00,697.29
948,8.679511e-03,3.682181e+01,3.252032e-04,3.490596e-04,2995824.826,1.543452e-02,3.682398e+01,1.140983e-03,6.845723e-05,2995847.070,5.000000e-04,5.60,702.89
949,7.782404e-03,3.608380e+01,2.493861e-04,3.360328e-04,2996820.979,1.595291e-02,4.147012e+01,7.890333e-04,7.831124e-04,3074768.539,5.000000e-04,5.58,708.48
950,8.361893e-03,3.640765e+01,3.157632e-04,3.126993e-04,2996932.615,4.450303e-03,3.540855e+01,6.056134e-05,6.076705e-05,2986149.422,5.000000e-04,5.63,714.11
951,7.204674e-03,3.603165e+01,2.341246e-04,2.520526e-04,2996508.006,5.569141e-03,3.656682e+01,1.238215e-04,1.348487e-04,3027114.227,5.000000e-04,5.12,719.23
952,8.224489e-03,3.782327e+01,2.374225e-04,4.135872e-04,2995327.602,6.706041e-03,3.614226e+01,2.006223e-04,2.171185e-04,2964458.133,5.000000e-04,5.59,724.82
953,7.532954e-03,3.619655e+01,2.404625e-04,3.017349e-04,2996632.463,1.562512e-02,3.882969e+01,1.138501e-03,7.142655e-05,2999354.383,5.000000e-04,5.59,730.41
954,8.804282e-03,3.664411e+01,3.303145e-04,3.673451e-04,2996155.758,8.450893e-03,3.485244e+01,1.280152e-04,7.370995e-04,2937679.438,5.000000e-04,5.46,735.87
955,8.911488e-03,3.656220e+01,3.717791e-04,3.074953e-04,2996393.973,5.677621e-03,3.651372e+01,1.527994e-04,9.965106e-05,3002331.250,5.000000e-04,5.84,741.72
956,9.877107e-03,3.623047e+01,4.626623e-04,3.254875e-04,2996071.295,4.965750e-03,3.624838e+01,6.262913e-05,1.429241e-04,3021249.906,5.000000e-04,5.38,747.10
957,8.766011e-03,3.704874e+01,3.129505e-04,3.863265e-04,2996940.957,6.329930e-03,3.405703e+01,1.062510e-04,3.723435e-04,2946900.688,5.000000e-04,5.97,753.06
958,7.193577e-03,3.624010e+01,2.166222e-04,2.806691e-04,2996276.352,6.714672e-03,3.629955e+01,1.827770e-04,2.513894e-04,3042061.156,5.000000e-04,5.40,758.46
959,8.190950e-03,3.650099e+01,2.840969e-04,3.399764e-04,2996473.047,7.760145e-03,3.744221e+01,2.590151e-04,2.851545e-04,3043577.086,5.000000e-04,5.31,763.78
960,7.207209e-03,3.602652e+01,2.188807e-04,2.831500e-04,2996525.146,7.689047e-03,3.673110e+01,2.787252e-04,2.457370e-04,3029734.578,5.000000e-04,5.50,769.27
961,7.800378e-03,3.646909e+01,2.759948e-04,2.787042e-04,2997024.633,5.910157e-03,3.717046e+01,1.311320e-04,1.763582e-04,3010056.188,5.000000e-04,5.44,774.71
962,7.041288e-03,3.610951e+01,2.040899e-04,2.778876e-04,2996566.480,7.950931e-03,3.628194e+01,2.863712e-04,2.918050e-04,2971101.109,5.000000e-04,5.46,780.18
963,7.682375e-03,3.640972e+01,2.672102e-04,2.738600e-04,2996341.051,5.222682e-03,3.646932e+01,6.655851e-05,1.820331e-04,3034209.852,5.000000e-04,5.34,785.52
964,6.920716e-03,3.580349e+01,2.228966e-04,2.222801e-04,2997424.609,6.966507e-03,3.518454e+01,1.939709e-04,3.016687e-04,2950912.172,5.000000e-04,5.99,791.51
965,9.651061e-03,3.728235e+01,3.860027e-04,4.125597e-04,2995048.104,1.397065e-02,3.851402e+01,9.262022e-04,1.714460e-04,3033880.242,5.000000e-04,5.34,796.86
966,7.865554e-03,3.655519e+01,2.627328e-04,3.165415e-04,2997024.424,6.008616e-03,3.610592e+01,1.426446e-04,1.943156e-04,3021320.961,5.000000e-04,5.15,802.01
967,1.060930e-02,4.033502e+01,3.700920e-04,5.749765e-04,2994684.832,2.247959e-02,3.711811e+01,1.804872e-03,1.438109e-04,3020456.695,5.000000e-04,5.11,807.12
968,8.817395e-03,3.629891e+01,3.682042e-04,3.010924e-04,2995944.412,1.274832e-02,3.543107e+01,7.937909e-04,2.534617e-04,2959808.570,5.000000e-04,5.35,812.47
969,7.178354e-03,3.613036e+01,2.126399e-04,2.877837e-04,2997045.184,6.804449e-03,3.669108e+01,1.698923e-04,2.872836e-04,3039973.977,5.000000e-04,5.06,817.53
970,6.641342e-03,3.623186e+01,1.808275e-04,2.419763e-04,2997395.033,4.811791e-03,3.459591e+01,6.142928e-05,1.475814e-04,2970721.211,5.000000e-04,5.73,823.26
971,6.579047e-03,3.595795e+01,1.763672e-04,2.439160e-04,2996924.178,5.180713e-03,3.589900e+01,1.330084e-04,5.214570e-05,3003280.492,5.000000e-04,6.05,829.31
972,6.872525e-03,3.614302e+01,2.013821e-04,2.488802e-04,2996682.906,5.779639e-03,3.576273e+01,1.822191e-04,7.623493e-05,2989573.828,5.000000e-04,5.12,834.43
973,8.029042e-03,3.674906e+01,2.459141e-04,3.789990e-04,2996589.543,6.079373e-03,3.602709e+01,1.909136e-04,1.135055e-04,3010863.516,5.000000e-04,5.82,840.25
974,6.617307e-03,3.582561e+01,1.850736e-04,2.368021e-04,2996872.496,7.511363e-03,3.448943e+01,1.724281e-04,4.676276e-04,2963509.977,5.000000e-04,5.37,845.62
975,7.804021e-03,3.609800e+01,2.614572e-04,3.159299e-04,2996497.562,1.412236e-02,3.615363e+01,7.790948e-04,5.432100e-04,2935148.945,5.000000e-04,5.59,851.22
976,8.296577e-03,3.635736e+01,2.843499e-04,3.634684e-04,2996288.971,4.652451e-03,3.456211e+01,7.911646e-05,8.101504e-05,2989824.617,5.000000e-04,5.49,856.71
977,9.654379e-03,3.664892e+01,4.365254e-04,3.248467e-04,2996895.426,5.578775e-03,3.443398e+01,5.679107e-05,3.134934e-04,2953650.312,5.000000e-04,5.63,862.33
978,9.355661e-03,3.858014e+01,3.354232e-04,4.286829e-04,2996305.938,9.106118e-03,3.412199e+01,1.940370e-04,7.507099e-04,2923122.562,5.000000e-04,5.22,867.56
979,7.034795e-03,3.598565e+01,2.287096e-04,2.298270e-04,2996034.281,1.162938e-02,3.848153e+01,2.757839e-04,1.004677e-03,3093352.773,5.000000e-04,6.07,873.63
980,7.784606e-03,3.690636e+01,2.519452e-04,3.149038e-04,2996858.527,1.049174e-02,3.661899e+01,6.454626e-04,7.504217e-05,3002513.086,5.000000e-04,5.23,878.86
981,6.558396e-03,3.605865e+01,1.858268e-04,2.188526e-04,2996916.422,5.170859e-03,3.586743e+01,1.023300e-04,1.121632e-04,3016279.461,5.000000e-04,5.19,884.05
982,6.940354e-03,3.609217e+01,2.165509e-04,2.331256e-04,2996973.875,1.456217e-02,3.654796e+01,1.053043e-03,7.538811e-05,2984586.133,5.000000e-04,5.93,889.97
983,1.063631e-02,3.736319e+01,4.780978e-04,4.238019e-04,2995701.180,6.818016e-03,3.655445e+01,1.111963e-04,4.101216e-04,2997815.234,5.000000e-04,5.57,895.55
984,7.420456e-03,3.646324e+01,2.068305e-04,3.411655e-04,2996488.742,1.125353e-02,3.599645e+01,5.690448e-04,3.926880e-04,2994918.414,5.000000e-04,5.78,901.33
985,8.582332e-03,3.630985e+01,3.346895e-04,3.208903e-04,2996460.783,5.698541e-03,3.566663e+01,1.407449e-04,1.448858e-04,3009820.539,5.000000e-04,5.47,906.80
986,9.094829e-03,3.720801e+01,3.492059e-04,3.763938e-04,2997183.812,1.062699e-02,3.422788e+01,2.342863e-04,9.722673e-04,2911418.523,5.000000e-04,5.58,912.38
987,7.133526e-03,3.590241e+01,2.288350e-04,2.509870e-04,2996667.398,7.369505e-03,3.644846e+01,2.575663e-04,2.297991e-04,2983371.250,5.000000e-04,5.52,917.91
988,7.938822e-03,3.663707e+01,2.792652e-04,2.964928e-04,2996140.098,1.669576e-02,3.623884e+01,1.277489e-03,5.939747e-05,3000574.258,5.000000e-04,5.76,923.67
989,8.238948e-03,3.628149e+01,2.988148e-04,3.245302e-04,2996257.834,6.665969e-03,3.590878e+01,1.835192e-04,2.479798e-04,2984418.562,5.000000e-04,5.19,928.86
990,1.002990e-02,3.730553e+01,4.274660e-04,4.049383e-04,2995802.607,6.348591e-03,3.823356e+01,2.032766e-04,9.849384e-05,2998399.766,5.000000e-04,5.07,933.92
991,7.135066e-03,3.640742e+01,2.116827e-04,2.754994e-04,2997332.543,7.491697e-03,3.735263e+01,3.141839e-04,1.229190e-04,2976056.359,5.000000e-04,4.97,938.89
992,8.728290e-03,3.655978e+01,3.318463e-04,3.507697e-04,2996320.193,7.617613e-03,3.643500e+01,3.115097e-04,1.718033e-04,2971290.062,5.000000e-04,5.79,944.68
993,7.004168e-03,3.601735e+01,2.216582e-04,2.371703e-04,2996745.768,5.212008e-03,3.591679e+01,1.217216e-04,8.062271e-05,3002063.023,5.000000e-04,5.55,950.23
994,8.056647e-03,3.687794e+01,2.804780e-04,3.128146e-04,2995857.275,1.016956e-02,3.742513e+01,2.026185e-04,8.801716e-04,3078831.945,5.000000e-04,5.54,955.77
995,7.683568e-03,3.640859e+01,2.714351e-04,2.656718e-04,2997675.570,8.092207e-03,3.560127e+01,3.431372e-04,2.201417e-04,2967511.148,5.000000e-04,5.17,960.94
996,6.451771e-03,3.581449e+01,1.774833e-04,2.190979e-04,2996262.895,6.034922e-03,3.669413e+01,1.840014e-04,1.050989e-04,3022013.312,5.000000e-04,5.18,966.12
997,7.319631e-03,3.624814e+01,2.247217e-04,2.895199e-04,2996867.363,5.964218e-03,3.683114e+01,9.556317e-05,2.650944e-04,3036049.594,5.000000e-04,5.26,971.38
998,7.037043e-03,3.611344e+01,2.156203e-04,2.538992e-04,2996633.500,8.464223e-03,3.657863e+01,3.678979e-04,2.254764e-04,3034144.648,5.000000e-04,5.97,977.35
999,7.634525e-03,3.648667e+01,2.230303e-04,3.511111e-04,2997114.363,6.379576e-03,3.715688e+01,1.911282e-04,1.505213e-04,3018974.086,5.000000e-04,6.09,983.44
1000,7.031577e-03,3.612118e+01,2.020522e-04,2.797876e-04,2996498.723,8.976121e-03,3.381201e+01,1.961658e-04,7.266523e-04,2932263.844,5.000000e-04,6.15,989.59
1001,7.705307e-03,3.614991e+01,2.661992e-04,2.856650e-04,2996321.211,7.301886e-03,3.788374e+01,1.821463e-04,3.384098e-04,3048096.656,5.000000e-04,5.45,995.04
1002,9.213573e-03,3.644699e+01,3.866546e-04,3.404656e-04,2996331.812,4.834964e-03,3.568477e+01,6.796170e-05,1.173739e-04,3025935.703,5.000000e-04,5.97,1001.01
1003,7.259437e-03,3.603252e+01,2.210087e-04,2.892197e-04,2996433.244,7.863519e-03,3.773888e+01,2.270819e-04,3.637624e-04,3041303.484,5.000000e-04,5.52,1006.53
1004,6.706357e-03,3.597858e+01,1.787492e-04,2.642013e-04,2997562.416,7.941453e-03,3.520334e+01,3.643298e-04,1.555641e-04,2980094.680,5.000000e-04,5.57,1012.10
1005,7.638776e-03,3.617829e+01,2.495344e-04,3.051205e-04,2996538.459,5.598222e-03,3.486248e+01,1.683871e-04,8.562055e-05,2983378.055,5.000000e-04,5.57,1017.67
1006,6.805115e-03,3.600687e+01,1.996895e-04,2.415065e-04,2996569.037,5.429538e-03,3.412002e+01,8.827197e-05,2.269632e-04,2965972.609,5.000000e-04,6.07,1023.74
1007,8.252322e-03,3.639556e+01,3.189895e-04,2.845740e-04,2996427.227,4.798238e-03,3.480842e+01,8.583864e-05,9.180198e-05,2978204.922,5.000000e-04,5.88,1029.62
1008,7.169289e-03,3.601982e+01,2.379832e-04,2.374948e-04,2996498.580,5.775134e-03,3.578248e+01,1.670954e-04,1.051866e-04,2994990.586,5.000000e-04,5.67,1035.29
1009,7.421236e-03,3.624114e+01,2.238856e-04,3.116531e-04,2996537.584,5.007668e-03,3.613257e+01,1.068191e-04,6.524410e-05,3009194.234,5.000000e-04,5.50,1040.79
1010,6.925258e-03,3.606056e+01,2.058612e-04,2.521180e-04,2997121.246,5.209541e-03,3.501425e+01,1.112703e-04,1.190827e-04,2976953.711,5.000000e-04,5.45,1046.25
1011,6.379993e-03,3.574617e+01,1.695828e-04,2.219097e-04,2996843.045,6.282032e-03,3.477145e+01,9.211597e-05,3.767456e-04,2956777.000,5.000000e-04,6.11,1052.35
1012,7.026937e-03,3.591854e+01,1.958541e-04,2.953084e-04,2996786.549,7.656971e-03,3.605628e+01,2.371513e-04,3.359659e-04,3046225.445,5.000000e-04,5.99,1058.34
1013,7.174037e-03,3.625805e+01,2.231276e-04,2.633911e-04,2996441.334,4.701309e-03,3.524585e+01,7.895932e-05,7.742615e-05,2986023.555,5.000000e-04,5.79,1064.14
1014,7.837919e-03,3.734555e+01,2.679640e-04,2.847449e-04,2996699.742,1.174612e-02,4.158481e+01,6.576290e-04,2.022706e-04,2975816.664,5.000000e-04,5.44,1069.58
1015,7.930733e-03,3.671956e+01,2.895868e-04,2.725819e-04,2996297.596,5.645193e-03,3.575611e+01,9.444842e-05,2.250196e-04,3028524.633,5.000000e-04,5.56,1075.14
1016,8.246532e-03,3.619909e+01,3.028200e-04,3.196846e-04,2996618.221,5.207229e-03,3.510401e+01,1.006997e-04,1.379664e-04,2972259.414,5.000000e-04,5.23,1080.37
1017,6.715007e-03,3.591664e+01,2.002470e-04,2.241745e-04,2996592.539,5.433693e-03,3.606491e+01,1.256755e-04,1.140893e-04,3012009.164,5.000000e-04,5.44,1085.80
1018,7.629967e-03,3.619692e+01,2.545842e-04,2.928866e-04,2996398.336,5.882885e-03,3.599306e+01,7.876820e-05,2.991794e-04,3045429.281,5.000000e-04,6.07,1091.88
1019,7.981404e-03,3.648725e+01,2.725201e-04,3.214955e-04,2996823.496,6.722712e-03,3.574742e+01,2.620525e-04,1.054891e-04,3011128.609,5.000000e-04,5.76,1097.64
1020,6.907085e-03,3.613308e+01,1.884677e-04,2.818200e-04,2996649.699,9.485749e-03,3.704900e+01,5.433085e-04,6.955281e-05,3012986.383,5.000000e-04,5.52,1103.16
1021,9.294798e-03,3.655943e+01,3.984074e-04,3.309563e-04,2995931.629,5.718549e-03,3.625262e+01,8.663634e-05,2.453848e-04,3038030.383,5.000000e-04,5.47,1108.63
1022,6.757396e-03,3.588975e+01,1.914022e-04,2.508799e-04,2996909.037,1.864856e-02,4.014628e+01,1.265295e-03,3.961973e-04,3056575.805,5.000000e-04,5.72,1114.34
1023,6.844117e-03,3.600811e+01,1.971205e-04,2.544202e-04,2997410.639,5.849228e-03,3.593696e+01,1.906808e-04,6.974494e-05,2981702.812,5.000000e-04,5.32,1119.66
1024,7.569884e-03,3.626563e+01,2.787537e-04,2.311568e-04,2996044.623,8.653936e-03,3.759874e+01,1.001080e-04,7.785964e-04,3079948.328,5.000000e-04,5.39,1125.05
1025,7.356391e-03,3.641777e+01,2.125080e-04,3.179069e-04,2997049.268,5.056002e-03,3.529805e+01,1.145733e-04,7.609277e-05,3003256.484,5.000000e-04,5.73,1130.78
1026,7.388402e-03,3.613313e+01,2.505646e-04,2.538886e-04,2996176.195,1.899543e-02,3.829099e+01,3.851785e-04,2.262910e-03,3131088.383,5.000000e-04,5.32,1136.10
1027,7.954334e-03,3.631007e+01,2.462274e-04,3.722107e-04,2997691.789,7.313375e-03,3.612325e+01,1.719248e-04,3.963607e-04,2945860.234,5.000000e-04,5.80,1141.91
1028,6.981588e-03,3.597678e+01,2.067623e-04,2.632574e-04,2996133.598,1.250563e-02,3.599909e+01,8.376398e-04,1.058649e-04,2990311.695,5.000000e-04,5.66,1147.57
1029,1.053748e-02,3.716003e+01,4.388327e-04,4.866302e-04,2995124.434,2.911190e-02,9.622945e+01,1.077824e-03,1.742144e-03,3002011.594,5.000000e-04,5.50,1153.07
1030,7.929924e-03,3.835594e+01,2.247090e-04,3.694480e-04,2996089.137,4.685955e-03,3.537605e+01,9.750635e-05,3.465737e-05,2999891.242,5.000000e-04,5.57,1158.64
1031,7.088167e-03,3.616557e+01,2.337194e-04,2.268833e-04,2996605.205,4.677214e-03,3.589771e+01,3.494713e-05,1.475944e-04,3027017.984,5.000000e-04,5.62,1164.26
1032,6.207536e-03,3.561626e+01,1.728197e-04,1.835427e-04,2997105.934,5.216389e-03,3.636769e+01,4.090287e-05,2.341182e-04,3036313.195,5.000000e-04,6.32,1170.58
1033,6.710777e-03,3.566596e+01,1.784951e-04,2.718460e-04,2995826.836,1.264274e-02,3.943854e+01,2.671007e-04,1.205576e-03,3098112.039,5.000000e-04,5.53,1176.12
1034,7.814331e-03,3.670463e+01,2.634459e-04,3.018818e-04,2996937.969,7.070032e-03,3.659371e+01,8.804378e-05,5.060447e-04,3058987.031,5.000000e-04,5.68,1181.80
1035,6.907526e-03,3.606944e+01,2.043870e-04,2.513425e-04,2997125.705,5.054303e-03,3.496398e+01,6.872374e-05,1.741336e-04,2966963.508,5.000000e-04,6.25,1188.05
1036,7.333854e-03,3.603679e+01,2.415400e-04,2.629551e-04,2996913.637,1.195253e-02,3.594255e+01,6.515057e-04,3.686440e-04,2958911.695,5.000000e-04,5.69,1193.73
1037,7.184660e-03,3.619862e+01,2.187662e-04,2.754272e-04,2996202.297,7.862178e-03,3.623793e+01,1.976912e-04,4.522948e-04,3033281.625,5.000000e-04,5.37,1199.11
1038,9.384703e-03,3.661302e+01,4.027037e-04,3.392728e-04,2996563.758,5.348198e-03,3.655895e+01,9.212853e-05,1.542035e-04,2994772.336,5.000000e-04,5.76,1204.87
1039,7.687881e-03,3.592122e+01,2.600289e-04,2.990939e-04,2996396.811,4.730984e-03,3.578463e+01,5.023727e-05,1.300297e-04,3022197.680,5.000000e-04,5.80,1210.67
1040,7.372803e-03,3.588916e+01,2.276381e-04,3.015013e-04,2996918.123,4.651094e-03,3.538571e+01,7.089020e-05,8.072433e-05,3003392.469,5.000000e-04,5.62,1216.29
1041,7.326399e-03,3.599670e+01,2.515407e-04,2.422646e-04,2997153.408,1.047623e-02,3.339194e+01,2.875640e-04,8.522789e-04,2913853.828,5.000000e-04,5.64,1221.93
1042,8.009028e-03,3.642962e+01,2.830619e-04,3.070895e-04,2996107.863,7.943334e-03,3.752847e+01,1.239793e-04,5.901388e-04,3057675.352,5.000000e-04,5.80,1227.72
1043,8.630608e-03,3.647256e+01,3.323146e-04,3.320411e-04,2997793.768,1.366239e-02,3.330410e+01,2.188946e-04,1.628607e-03,2882911.258,5.000000e-04,6.08,1233.81
1044,9.726604e-03,3.808846e+01,3.729494e-04,4.376526e-04,2994766.590,5.749888e-03,3.626343e+01,5.214890e-05,3.204114e-04,3046585.828,5.000000e-04,5.75,1239.56
1045,7.751439e-03,3.598154e+01,2.862040e-04,2.582489e-04,2997520.361,7.457659e-03,3.710865e+01,2.926806e-04,1.639975e-04,2989472.812,5.000000e-04,5.71,1245.27
1046,7.394609e-03,3.628836e+01,2.166829e-04,3.197888e-04,2996500.064,5.297685e-03,3.546730e+01,1.304883e-04,8.921454e-05,2981087.508,5.000000e-04,6.16,1251.43
1047,7.297211e-03,3.629715e+01,2.524973e-04,2.285046e-04,2996210.176,5.788335e-03,3.626104e+01,1.526867e-04,1.270727e-04,3024978.555,5.000000e-04,5.76,1257.19
1048,9.703237e-03,3.643100e+01,4.175751e-04,3.768773e-04,2995744.912,6.800349e-03,3.690201e+01,1.985681e-04,2.248933e-04,3005538.352,5.000000e-04,5.58,1262.77
1049,8.770333e-03,3.740568e+01,3.485525e-04,3.088478e-04,2996447.217,8.513986e-03,3.476681e+01,1.446133e-04,7.182345e-04,2925979.000,5.000000e-04,5.36,1268.13
1050,8.449020e-03,3.659373e+01,2.836637e-04,3.906022e-04,2996742.688,1.572248e-02,3.491621e+01,6.758750e-04,1.094423e-03,2911986.453,5.000000e-04,5.59,1273.72
1051,7.973303e-03,3.677396e+01,2.723535e-04,3.144744e-04,2996115.922,1.324009e-02,3.894326e+01,8.372880e-04,1.945766e-04,2982357.742,5.000000e-04,5.22,1278.94
1052,9.778651e-03,3.774624e+01,4.104022e-04,3.800010e-04,2996023.559,9.961854e-03,3.706142e+01,5.546928e-04,1.417568e-04,3010439.148,5.000000e-04,5.54,1284.48
1053,6.799720e-03,3.643640e+01,1.906178e-04,2.499803e-04,2997199.521,4.550361e-03,3.575438e+01,6.965199e-05,5.568074e-05,3014415.703,5.000000e-04,5.76,1290.23
1054,9.145396e-03,3.753339e+01,3.404548e-04,3.975018e-04,2995995.615,7.134992e-03,3.502575e+01,3.121469e-04,1.021898e-04,2988508.547,5.000000e-04,5.32,1295.55
1055,7.346829e-03,3.646021e+01,2.180329e-04,3.040958e-04,2997063.447,5.595582e-03,3.475745e+01,1.429761e-04,1.380154e-04,2971477.055,5.000000e-04,5.51,1301.06
1056,6.944571e-03,3.599758e+01,2.157391e-04,2.374844e-04,2996889.186,5.862289e-03,3.682344e+01,1.316619e-04,1.726652e-04,2981764.141,5.000000e-04,5.47,1306.53
1057,6.773229e-03,3.618603e+01,1.952337e-04,2.404579e-04,2997185.525,4.742960e-03,3.548616e+01,7.116544e-05,9.653791e-05,2980950.852,5.000000e-04,5.60,1312.13
1058,7.282588e-03,3.632536e+01,2.139645e-04,3.020815e-04,2996150.141,7.452089e-03,3.689936e+01,3.011263e-04,1.501778e-04,2977978.609,5.000000e-04,5.46,1317.58
1059,7.628191e-03,3.599120e+01,2.494733e-04,3.068677e-04,2997048.850,6.874797e-03,3.463330e+01,1.924264e-04,2.974405e-04,2957212.797,5.000000e-04,5.73,1323.32
1060,9.543197e-03,3.825320e+01,3.499000e-04,4.437756e-04,2996497.729,8.198560e-03,3.692389e+01,3.924245e-04,1.163852e-04,3021391.156,5.000000e-04,5.66,1328.97
1061,7.828684e-03,3.634625e+01,2.828298e-04,2.731521e-04,2996505.717,7.664527e-03,3.636081e+01,6.969294e-05,6.663033e-04,3061285.953,5.000000e-04,6.12,1335.10
1062,7.265537e-03,3.624461e+01,2.358112e-04,2.565928e-04,2997115.652,5.674364e-03,3.695046e+01,1.471403e-04,1.015830e-04,2981427.891,5.000000e-04,5.87,1340.97
1063,6.241885e-03,3.583466e+01,1.770267e-04,1.776304e-04,2996678.467,7.175193e-03,3.632273e+01,3.134096e-04,8.176485e-05,2986277.633,5.000000e-04,5.82,1346.79
1064,6.957241e-03,3.631485e+01,2.092684e-04,2.466144e-04,2997440.688,5.924088e-03,3.520885e+01,1.565393e-04,1.675621e-04,2971185.375,5.000000e-04,5.69,1352.48
1065,7.516648e-03,3.644211e+01,2.544982e-04,2.654910e-04,2996826.254,8.007971e-03,3.623204e+01,4.017267e-04,7.350021e-05,3012389.523,5.000000e-04,5.23,1357.71
1066,7.884851e-03,3.650316e+01,2.661528e-04,3.146015e-04,2995597.742,5.362627e-03,3.663792e+01,7.101836e-05,1.977303e-04,3034701.297,5.000000e-04,5.49,1363.20
1067,6.734168e-03,3.617216e+01,2.009872e-04,2.214161e-04,2997890.309,4.632157e-03,3.527716e+01,7.484001e-05,7.120806e-05,2995524.930,5.000000e-04,5.72,1368.92
1068,7.598577e-03,3.624769e+01,2.391565e-04,3.164488e-04,2996698.805,7.730405e-03,3.659312e+01,3.748644e-04,6.448975e-05,2995466.133,5.000000e-04,5.66,1374.58
1069,7.707061e-03,3.624904e+01,2.774789e-04,2.614735e-04,2996579.057,6.221125e-03,3.430370e+01,1.635661e-04,2.310189e-04,2961228.328,5.000000e-04,6.36,1380.94
1070,7.107542e-03,3.576118e+01,2.041112e-04,2.980623e-04,2996438.496,6.052160e-03,3.623004e+01,1.916277e-04,1.025757e-04,2977549.211,5.000000e-04,5.19,1386.13
1071,8.514423e-03,3.648076e+01,2.788412e-04,4.155870e-04,2996104.494,1.170661e-02,3.903561e+01,5.871100e-04,3.863899e-04,3049579.312,5.000000e-04,5.19,1391.33
1072,6.968816e-03,3.641381e+01,1.945924e-04,2.763021e-04,2997206.715,5.974167e-03,3.615887e+01,1.794728e-04,1.127105e-04,2983192.891,5.000000e-04,5.98,1397.30
1073,7.643520e-03,3.630415e+01,2.812191e-04,2.401828e-04,2996655.934,5.376694e-03,3.566169e+01,1.270967e-04,1.079116e-04,2982856.875,5.000000e-04,5.36,1402.67
1074,7.687471e-03,3.621240e+01,2.735367e-04,2.661726e-04,2996826.945,1.028153e-02,3.523460e+01,5.797394e-04,1.921356e-04,2966793.930,5.000000e-04,5.71,1408.38
1075,7.113852e-03,3.602584e+01,2.169028e-04,2.684479e-04,2997032.125,4.700255e-03,3.527768e+01,6.999350e-05,9.451025e-05,2981350.578,5.000000e-04,6.36,1414.74
1076,7.677576e-03,3.616186e+01,2.458790e-04,3.205201e-04,2995839.031,9.305809e-03,3.744503e+01,3.005603e-04,5.111406e-04,3046704.914,5.000000e-04,5.61,1420.35
1077,6.935963e-03,3.636823e+01,1.993975e-04,2.610331e-04,2997147.467,7.413529e-03,3.484772e+01,2.945450e-04,1.966613e-04,2964299.383,5.000000e-04,5.53,1425.88
1078,8.761898e-03,3.686178e+01,3.327068e-04,3.497303e-04,2995909.832,8.800069e-03,3.863365e+01,4.106647e-04,1.660114e-04,2980851.000,5.000000e-04,5.95,1431.84
1079,7.267233e-03,3.654867e+01,1.876161e-04,3.472409e-04,2996949.848,7.907047e-03,3.780051e+01,1.747977e-04,4.758038e-04,3061206.195,5.000000e-04,5.83,1437.67
1080,7.753785e-03,3.622476e+01,2.701355e-04,2.859908e-04,2997080.223,5.570358e-03,3.538166e+01,1.364520e-04,1.335342e-04,2991977.859,5.000000e-04,5.93,1443.60
1081,7.087224e-03,3.596507e+01,2.243522e-04,2.494388e-04,2996560.771,4.872493e-03,3.460563e+01,7.736242e-05,1.276612e-04,2982522.242,5.000000e-04,5.61,1449.21
1082,8.344984e-03,3.759940e+01,2.873554e-04,3.422982e-04,2996491.861,6.853415e-03,3.533155e+01,2.233532e-04,2.173456e-04,2965269.984,5.000000e-04,5.59,1454.80
1083,6.777416e-03,3.596072e+01,1.931676e-04,2.499336e-04,2996750.393,8.332464e-03,3.547554e+01,3.517206e-04,2.535408e-04,2962452.469,5.000000e-04,6.70,1461.50
1084,8.699308e-03,3.713464e+01,3.068275e-04,3.835137e-04,2996276.635,5.410693e-03,3.448086e+01,9.572743e-05,2.010664e-04,2975435.664,5.000000e-04,5.54,1467.04
1085,7.196837e-03,3.611254e+01,2.261895e-04,2.647374e-04,2996710.533,1.859400e-02,3.696772e+01,1.159716e-03,6.600139e-04,2928702.836,5.000000e-04,6.20,1473.24
1086,7.528167e-03,3.633127e+01,2.489017e-04,2.812046e-04,2996396.400,1.064886e-02,3.443670e+01,4.426755e-04,5.556878e-04,2939194.266,5.000000e-04,5.71,1478.95
1087,7.098855e-03,3.619803e+01,2.049535e-04,2.859034e-04,2996955.404,6.095686e-03,3.619809e+01,2.229162e-04,4.934295e-05,3009210.023,5.000000e-04,5.50,1484.45
1088,7.603194e-03,3.583479e+01,2.681744e-04,2.675944e-04,2996119.943,8.413230e-03,3.647867e+01,3.958938e-04,1.612849e-04,2972345.562,5.000000e-04,5.32,1489.77
1089,9.698675e-03,3.692713e+01,3.712879e-04,4.586166e-04,2996268.541,6.854817e-03,3.603891e+01,2.084335e-04,2.333182e-04,3002150.797,5.000000e-04,6.29,1496.06
1090,7.899034e-03,3.614706e+01,2.682849e-04,3.202957e-04,2996525.223,6.054916e-03,3.489584e+01,1.416470e-04,2.297724e-04,2957431.781,5.000000e-04,6.06,1502.12
1091,6.748584e-03,3.609629e+01,1.936417e-04,2.405075e-04,2996679.914,6.406666e-03,3.426612e+01,6.752950e-05,4.609518e-04,2942258.836,5.000000e-04,5.82,1507.94
1092,7.204692e-03,3.619174e+01,2.435655e-04,2.299727e-04,2996826.977,9.069372e-03,3.508770e+01,4.444543e-04,2.232119e-04,2962782.922,5.000000e-04,6.17,1514.11
1093,6.764904e-03,3.568717e+01,1.972502e-04,2.447369e-04,2997012.740,8.243323e-03,3.634211e+01,3.617194e-04,1.983837e-04,2990330.781,5.000000e-04,6.21,1520.32
1094,7.485943e-03,3.597636e+01,2.180075e-04,3.416464e-04,2996366.107,7.517634e-03,3.634849e+01,3.231181e-04,1.303211e-04,3009296.516,5.000000e-04,5.89,1526.22
1095,1.690952e-02,4.514219e+01,4.953984e-04,1.488264e-03,2992507.652,3.201711e-02,7.132978e+01,8.614453e-04,3.253935e-03,2867183.664,5.000000e-04,5.42,1531.64
1096,8.145297e-03,3.959172e+01,2.467650e-04,3.436950e-04,2994066.875,7.985649e-03,3.597806e+01,3.214720e-04,2.346246e-04,3020279.008,5.000000e-04,5.40,1537.04
1097,7.638763e-03,3.608992e+01,2.403396e-04,3.252751e-04,2996682.291,5.045191e-03,3.583076e+01,1.172957e-04,5.783158e-05,3006126.773,5.000000e-04,5.85,1542.89
1098,8.254703e-03,3.623131e+01,2.930907e-04,3.401330e-04,2996542.457,7.540151e-03,3.799024e+01,2.963189e-04,1.555875e-04,2989300.328,5.000000e-04,5.72,1548.61
1099,7.762344e-03,3.639012e+01,2.610402e-04,3.025859e-04,2995064.816,6.515613e-03,4.297337e+01,1.347851e-04,1.740849e-04,3021124.828,5.000000e-04,5.44,1554.05
1100,6.312279e-03,3.624644e+01,1.573908e-04,2.227454e-04,2998504.824,7.255630e-03,3.510100e+01,2.655015e-04,2.181029e-04,3020373.492,5.000000e-04,5.45,1559.50
1101,8.750424e-03,3.742033e+01,3.009052e-04,3.998678e-04,2995570.445,6.041310e-03,3.733063e+01,1.785924e-04,1.044646e-04,2991413.367,2.500000e-04,5.54,1565.04
1102,4.805448e-03,3.504965e+01,7.940059e-05,1.012954e-04,2997467.648,5.082418e-03,3.388181e+01,5.361824e-05,2.316109e-04,2958320.414,2.500000e-04,6.17,1571.20
1103,4.595111e-03,3.484148e+01,6.241834e-05,9.735598e-05,2997257.775,4.508823e-03,3.444287e+01,9.275940e-05,2.738830e-05,2996010.383,2.500000e-04,6.19,1577.39
1104,4.626931e-03,3.482346e+01,7.023255e-05,8.845197e-05,2997520.725,4.274154e-03,3.508035e+01,3.763648e-05,7.795099e-05,3016871.781,2.500000e-04,5.61,1583.00
1105,4.409546e-03,3.469073e+01,5.542218e-05,7.725041e-05,2997657.178,5.004415e-03,3.402237e+01,9.120964e-05,1.380162e-04,2973364.703,2.500000e-04,5.90,1588.89
1106,4.536771e-03,3.456463e+01,5.945221e-05,9.715723e-05,2996984.076,6.182926e-03,3.551951e+01,2.050431e-04,1.161086e-04,3024041.438,2.500000e-04,6.07,1594.96
1107,4.573800e-03,3.460940e+01,6.112709e-05,1.003177e-04,2997787.588,4.140832e-03,3.455430e+01,5.379952e-05,2.948120e-05,2996823.305,2.500000e-04,6.07,1601.03
1108,4.317342e-03,3.448483e+01,5.222991e-05,6.931193e-05,2997596.039,4.232492e-03,3.406947e+01,5.139664e-05,6.231587e-05,2981031.008,2.500000e-04,5.47,1606.49
1109,4.583098e-03,3.461348e+01,6.447640e-05,9.539722e-05,2997513.150,4.121097e-03,3.390186e+01,3.547303e-05,7.523628e-05,2978110.422,2.500000e-04,5.92,1612.41
1110,4.417236e-03,3.454117e+01,5.579573e-05,8.103244e-05,2997615.783,4.790523e-03,3.476527e+01,1.073232e-04,4.815285e-05,2995496.820,2.500000e-04,5.81,1618.22
1111,4.398427e-03,3.450929e+01,6.231503e-05,6.486973e-05,2997591.691,4.186732e-03,3.424950e+01,4.127383e-05,6.980886e-05,3002825.539,2.500000e-04,5.74,1623.96
1112,4.494335e-03,3.443455e+01,6.336019e-05,8.345549e-05,2997417.770,4.023468e-03,3.456375e+01,2.856335e-05,5.629180e-05,3008272.609,2.500000e-04,6.04,1630.00
1113,4.591208e-03,3.445746e+01,6.719280e-05,9.470692e-05,2997546.775,4.708785e-03,3.526708e+01,4.630886e-05,1.437976e-04,3031412.477,2.500000e-04,5.57,1635.57
1114,4.459974e-03,3.450821e+01,6.088281e-05,8.006497e-05,2997590.836,5.279332e-03,3.450867e+01,1.359314e-04,9.383024e-05,3008180.930,2.500000e-04,5.51,1641.08
1115,4.682383e-03,3.443321e+01,7.184231e-05,1.041277e-04,2997529.656,4.051901e-03,3.433771e+01,4.014472e-05,4.333673e-05,2999735.594,2.500000e-04,5.80,1646.88
1116,4.628788e-03,3.445127e+01,6.014485e-05,1.164426e-04,2997444.127,4.108122e-03,3.465039e+01,2.998209e-05,6.865236e-05,3016144.641,2.500000e-04,5.35,1652.23
1117,4.440651e-03,3.436702e+01,5.737953e-05,8.603084e-05,2997697.342,4.658430e-03,3.340501e+01,5.583606e-05,1.519138e-04,2967768.633,2.500000e-04,5.70,1657.93
1118,4.427768e-03,3.435115e+01,5.591843e-05,8.669373e-05,2997352.281,4.138767e-03,3.448218e+01,4.186372e-05,5.438222e-05,3014618.641,2.500000e-04,5.46,1663.39
1119,4.457358e-03,3.448278e+01,5.953447e-05,8.274696e-05,2997733.352,6.297669e-03,3.526282e+01,2.394147e-04,7.544803e-05,3005552.781,2.500000e-04,6.26,1669.65
1120,4.315068e-03,3.434474e+01,5.341165e-05,6.929552e-05,2997657.338,4.021361e-03,3.424495e+01,3.878750e-05,4.179816e-05,3004309.172,2.500000e-04,5.38,1675.03
1121,4.466577e-03,3.441550e+01,5.822419e-05,8.855697e-05,2997358.031,3.982450e-03,3.433276e+01,2.932239e-05,5.118989e-05,3000869.125,2.500000e-04,5.68,1680.71
1122,4.379585e-03,3.435947e+01,5.630478e-05,7.611803e-05,2997590.096,4.096644e-03,3.398237e+01,4.853116e-05,4.261896e-05,2992863.977,2.500000e-04,6.04,1686.75
1123,4.511180e-03,3.436250e+01,6.240660e-05,9.017279e-05,2997534.633,4.472892e-03,3.500109e+01,7.356187e-05,4.743290e-05,3008713.805,2.500000e-04,5.89,1692.64
1124,4.396470e-03,3.429153e+01,5.581558e-05,8.183214e-05,2997561.545,5.489718e-03,3.525517e+01,7.423023e-05,2.443796e-04,3043615.328,2.500000e-04,5.46,1698.10
1125,4.442003e-03,3.436630e+01,5.883273e-05,8.340913e-05,2997751.932,3.914696e-03,3.425989e+01,3.375926e-05,3.022298e-05,3000917.992,2.500000e-04,5.83,1703.93
1126,4.466101e-03,3.437801e+01,5.989556e-05,8.586882e-05,2997508.689,4.084639e-03,3.396597e+01,4.682620e-05,4.395603e-05,2989133.625,2.500000e-04,6.21,1710.14
1127,4.615166e-03,3.442202e+01,6.321930e-05,1.081541e-04,2997301.172,4.538141e-03,3.468851e+01,7.032635e-05,7.320528e-05,3015094.875,2.500000e-04,6.02,1716.16
1128,4.549663e-03,3.438229e+01,6.411016e-05,9.406661e-05,2997944.141,4.429530e-03,3.416628e+01,8.261889e-05,3.734259e-05,2995519.906,2.500000e-04,6.03,1722.20
1129,4.688747e-03,3.431115e+01,7.233864e-05,1.068492e-04,2997097.912,4.135205e-03,3.500511e+01,4.478241e-05,3.737414e-05,3004882.242,2.500000e-04,5.49,1727.69
1130,4.398031e-03,3.439366e+01,5.731538e-05,7.710222e-05,2997910.727,4.257663e-03,3.422390e+01,5.697668e-05,5.310137e-05,2985970.500,2.500000e-04,5.41,1733.10
1131,4.260083e-03,3.430028e+01,5.326264e-05,5.948588e-05,2997326.004,4.075017e-03,3.426841e+01,4.742887e-05,3.477747e-05,2993708.922,2.500000e-04,5.80,1738.90
1132,4.414453e-03,3.435268e+01,6.007920e-05,7.567871e-05,2997445.635,5.003390e-03,3.543698e+01,7.479017e-05,1.423580e-04,3031574.945,2.500000e-04,5.78,1744.67
1133,4.428008e-03,3.429859e+01,6.428899e-05,7.105185e-05,2997879.023,4.427506e-03,3.469560e+01,6.474164e-05,6.210599e-05,3006534.766,2.500000e-04,6.00,1750.67
1134,4.493739e-03,3.440340e+01,6.228981e-05,8.610018e-05,2997435.709,4.520169e-03,3.429145e+01,9.960459e-05,1.899560e-05,2997048.031,2.500000e-04,5.54,1756.20
1135,4.337542e-03,3.422504e+01,4.524946e-05,9.250872e-05,2997263.879,5.161278e-03,3.530500e+01,3.640316e-05,2.533491e-04,3044871.852,2.500000e-04,6.02,1762.23
1136,4.498689e-03,3.435030e+01,6.613946e-05,8.045304e-05,2997822.891,3.881215e-03,3.438735e+01,2.120029e-05,4.609534e-05,3014972.820,2.500000e-04,5.63,1767.85
1137,4.441814e-03,3.427618e+01,6.233089e-05,7.817749e-05,2997804.764,4.050169e-03,3.371193e+01,2.655888e-05,8.267745e-05,2979979.539,2.500000e-04,5.63,1773.48
1138,4.371760e-03,3.418819e+01,5.720617e-05,7.617590e-05,2997175.145,4.276660e-03,3.424962e+01,6.716983e-05,3.600004e-05,3005756.242,2.500000e-04,5.24,1778.72
1139,4.397009e-03,3.422345e+01,6.024391e-05,7.444487e-05,2997703.707,4.103137e-03,3.472497e+01,2.556274e-05,7.500247e-05,3022008.812,2.500000e-04,6.05,1784.77
1140,4.360292e-03,3.430802e+01,5.000525e-05,8.588762e-05,2997784.621,5.822336e-03,3.313562e+01,1.264106e-04,2.489334e-04,2954748.039,2.500000e-04,5.54,1790.32
1141,4.346495e-03,3.422091e+01,5.996742e-05,6.494601e-05,2997437.451,3.981929e-03,3.439650e+01,2.038307e-05,6.768971e-05,3017841.227,2.500000e-04,6.12,1796.44
1142,4.745377e-03,3.438864e+01,7.485897e-05,1.115847e-04,2997746.322,4.020274e-03,3.403613e+01,3.925242e-05,4.482739e-05,2997692.062,2.500000e-04,5.61,1802.06
1143,4.214999e-03,3.421999e+01,4.919760e-05,6.020487e-05,2997546.072,4.226730e-03,3.366745e+01,4.814686e-05,7.570328e-05,2987248.906,2.500000e-04,5.88,1807.94
1144,4.421465e-03,3.416585e+01,5.642073e-05,8.813454e-05,2997709.207,5.252608e-03,3.441430e+01,1.603772e-04,4.148121e-05,2995779.492,2.500000e-04,5.56,1813.49
1145,4.560760e-03,3.423918e+01,6.940628e-05,8.855582e-05,2997403.783,3.756171e-03,3.390435e+01,2.293046e-05,2.728636e-05,2995142.219,2.500000e-04,5.60,1819.10
1146,4.561934e-03,3.423886e+01,6.071876e-05,1.061721e-04,2997669.633,3.742205e-03,3.399894e+01,1.500426e-05,3.845368e-05,2991247.000,2.500000e-04,5.85,1824.95
1147,4.390341e-03,3.423692e+01,6.401136e-05,6.530724e-05,2997794.408,4.996108e-03,3.399646e+01,7.498378e-05,1.693249e-04,2967958.414,2.500000e-04,5.32,1830.27
1148,4.739312e-03,3.429558e+01,6.881683e-05,1.243172e-04,2997049.986,4.107625e-03,3.348874e+01,3.094594e-05,8.985822e-05,2979367.883,2.500000e-04,5.54,1835.80
1149,4.394007e-03,3.414673e+01,5.067267e-05,9.452145e-05,2997500.287,4.420777e-03,3.338865e+01,2.546844e-05,1.654455e-04,2971034.758,2.500000e-04,5.83,1841.64
1150,4.420746e-03,3.425980e+01,5.245269e-05,9.404795e-05,2997832.164,3.841580e-03,3.374791e+01,2.393496e-05,4.548801e-05,2986739.641,2.500000e-04,5.57,1847.21
1151,4.365728e-03,3.419929e+01,5.951267e-05,7.013442e-05,2997370.291,3.853130e-03,3.443903e+01,1.732331e-05,4.719872e-05,3014519.289,2.500000e-04,5.49,1852.69
1152,4.282550e-03,3.409744e+01,4.867300e-05,7.721527e-05,2997686.551,6.470793e-03,3.279906e+01,1.054263e-04,4.273248e-04,2942102.328,2.500000e-04,5.95,1858.64
1153,4.324051e-03,3.416477e+01,4.971053e-05,8.209359e-05,2997317.438,4.442242e-03,3.446081e+01,8.272041e-05,3.379140e-05,2993598.844,2.500000e-04,5.63,1864.27
1154,4.521356e-03,3.421686e+01,5.950876e-05,1.009165e-04,2997667.646,3.991585e-03,3.377874e+01,3.866570e-05,4.541085e-05,2984434.461,2.500000e-04,5.15,1869.42
1155,4.439644e-03,3.415427e+01,5.511171e-05,9.462002e-05,2997632.219,4.613017e-03,3.384140e+01,1.099532e-04,2.586904e-05,2990779.180,2.500000e-04,5.35,1874.77
1156,4.368220e-03,3.424298e+01,5.779156e-05,7.320132e-05,2997760.760,4.462413e-03,3.346649e+01,5.844322e-05,1.062665e-04,2975660.109,2.500000e-04,5.61,1880.38
1157,4.414836e-03,3.414404e+01,5.927020e-05,8.154604e-05,2997243.092,5.515174e-03,3.596162e+01,4.956493e-05,2.846726e-04,3026581.562,2.500000e-04,5.85,1886.23
1158,4.495501e-03,3.421948e+01,5.598665e-05,1.027375e-04,2997823.477,4.333847e-03,3.408684e+01,7.714126e-05,3.075016e-05,2996894.492,2.500000e-04,5.56,1891.79
1159,4.271389e-03,3.415082e+01,4.548396e-05,8.029351e-05,2997660.148,4.296157e-03,3.417827e+01,6.685433e-05,4.195738e-05,3004436.078,2.500000e-04,5.80,1897.59
1160,4.488208e-03,3.415947e+01,6.368472e-05,8.708267e-05,2997664.432,5.553955e-03,3.330219e+01,1.147723e-04,2.152027e-04,2967229.141,2.500000e-04,5.54,1903.14
1161,4.362743e-03,3.421931e+01,6.271152e-05,6.273930e-05,2997558.020,4.386118e-03,3.380406e+01,6.194702e-05,7.724833e-05,2989727.766,2.500000e-04,5.47,1908.61
1162,4.614038e-03,3.424483e+01,6.542061e-05,1.070699e-04,2997621.812,4.928031e-03,3.282572e+01,2.903165e-05,2.710286e-04,2953391.375,2.500000e-04,5.64,1914.24
1163,4.291237e-03,3.414869e+01,5.410667e-05,6.706032e-05,2997456.113,4.048842e-03,3.404342e+01,5.211706e-05,2.466590e-05,3005624.797,2.500000e-04,5.59,1919.83
1164,4.332200e-03,3.404876e+01,5.733012e-05,7.080451e-05,2997868.963,3.961755e-03,3.372688e+01,2.840633e-05,6.100077e-05,2987374.359,2.500000e-04,5.51,1925.34
1165,4.439369e-03,3.416061e+01,5.546877e-05,9.372405e-05,2997341.240,7.207647e-03,3.530512e+01,2.865673e-04,1.622925e-04,3021254.008,2.500000e-04,6.06,1931.39
1166,4.551765e-03,3.430359e+01,6.473422e-05,9.481266e-05,2997579.193,3.999182e-03,3.433408e+01,2.332981e-05,6.649532e-05,3014383.305,2.500000e-04,5.66,1937.05
1167,4.551910e-03,3.426506e+01,6.130832e-05,1.024641e-04,2997879.504,4.623452e-03,3.403447e+01,9.360960e-05,5.678183e-05,2987090.812,2.500000e-04,5.80,1942.86
1168,4.425694e-03,3.415004e+01,5.247752e-05,9.718294e-05,2997326.818,4.180400e-03,3.375915e+01,4.773705e-05,6.542301e-05,2981762.734,2.500000e-04,5.52,1948.37
1169,4.603696e-03,3.426100e+01,6.889397e-05,9.773125e-05,2997657.506,4.725206e-03,3.373178e+01,4.926798e-05,1.718697e-04,2964060.766,2.500000e-04,5.74,1954.11
1170,4.456716e-03,3.421959e+01,5.946659e-05,8.801823e-05,2997509.152,4.058120e-03,3.359334e+01,3.808745e-05,6.358233e-05,2983681.539,2.500000e-04,5.82,1959.93
1171,4.430278e-03,3.413488e+01,6.217463e-05,7.900883e-05,2997746.848,4.030749e-03,3.333729e+01,2.127395e-05,9.685617e-05,2977086.719,2.500000e-04,5.67,1965.60
1172,4.323797e-03,3.410289e+01,5.794304e-05,6.681551e-05,2997580.131,4.000429e-03,3.400847e+01,4.089078e-05,3.813469e-05,2994357.680,2.500000e-04,5.93,1971.53
1173,4.565165e-03,3.407047e+01,5.920249e-05,1.132185e-04,2997386.398,3.966271e-03,3.395211e+01,2.274325e-05,6.872546e-05,2995422.836,2.500000e-04,5.94,1977.47
1174,4.388891e-03,3.423928e+01,5.812765e-05,7.673744e-05,2997595.150,3.997228e-03,3.456862e+01,2.441324e-05,5.924684e-05,3008176.766,2.500000e-04,5.49,1982.96
1175,4.398394e-03,3.412548e+01,5.401518e-05,8.913885e-05,2997890.217,4.947207e-03,3.437597e+01,1.076970e-04,8.652784e-05,2987133.828,2.500000e-04,5.81,1988.77
1176,4.508826e-03,3.422186e+01,5.825631e-05,1.008154e-04,2997336.062,5.195648e-03,3.353516e+01,5.035950e-05,2.677073e-04,2956532.203,2.500000e-04,5.95,1994.73
1177,4.387597e-03,3.408660e+01,4.889419e-05,9.799906e-05,2997503.176,4.203249e-03,3.391701e+01,6.345295e-05,3.540370e-05,2990019.516,2.500000e-04,5.41,2000.14
1178,4.461046e-03,3.426313e+01,5.891932e-05,8.910796e-05,2997507.068,4.231783e-03,3.395947e+01,6.144206e-05,4.428305e-05,2991841.438,2.500000e-04,5.77,2005.91
1179,4.592541e-03,3.424407e+01,6.651981e-05,1.005873e-04,2997699.291,3.873733e-03,3.419092e+01,3.122937e-05,2.846959e-05,2997087.617,2.500000e-04,6.01,2011.92
1180,4.236083e-03,3.420253e+01,5.036303e-05,6.243996e-05,2997495.896,4.141683e-03,3.410044e+01,5.108470e-05,4.415837e-05,3000844.781,2.500000e-04,5.84,2017.76
1181,4.518052e-03,3.419466e+01,6.191575e-05,9.588570e-05,2997634.381,4.627010e-03,3.380337e+01,1.016509e-04,4.603290e-05,2986718.422,2.500000e-04,5.63,2023.39
1182,4.387893e-03,3.412714e+01,5.943681e-05,7.616224e-05,2997470.062,4.842351e-03,3.492398e+01,3.756926e-05,1.948520e-04,3037569.945,2.500000e-04,5.67,2029.06
1183,4.338230e-03,3.411554e+01,5.083986e-05,8.365547e-05,2997646.285,5.672149e-03,3.445207e+01,2.065420e-04,3.230436e-05,3005966.984,2.500000e-04,5.55,2034.61
1184,4.444777e-03,3.418164e+01,5.657365e-05,9.217537e-05,2997672.383,4.737850e-03,3.406665e+01,7.321627e-05,1.198044e-04,2995317.703,2.500000e-04,5.51,2040.12
1185,4.478591e-03,3.421744e+01,6.626352e-05,7.884231e-05,2997522.857,3.824417e-03,3.397256e+01,2.205551e-05,4.132100e-05,2994461.523,2.500000e-04,5.62,2045.74
1186,4.395418e-03,3.417049e+01,5.980254e-05,7.606870e-05,2997877.307,4.157769e-03,3.396074e+01,5.796983e-05,3.639937e-05,2988368.172,2.500000e-04,5.99,2051.74
1187,4.549234e-03,3.434562e+01,6.714751e-05,8.863927e-05,2997413.225,4.181631e-03,3.392367e+01,6.656983e-05,2.471316e-05,2998607.703,2.500000e-04,5.59,2057.33
1188,4.402139e-03,3.413318e+01,6.083748e-05,7.608926e-05,2997669.760,5.126904e-03,3.480392e+01,1.189268e-04,9.144871e-05,3023746.812,2.500000e-04,5.75,2063.08
1189,4.395702e-03,3.415702e+01,5.577911e-05,8.444195e-05,2997785.328,4.287044e-03,3.343625e+01,5.540414e-05,7.787561e-05,2979452.734,2.500000e-04,6.23,2069.31
1190,4.361350e-03,3.413528e+01,5.600893e-05,7.754660e-05,2997895.484,4.600895e-03,3.325015e+01,2.566270e-05,2.038504e-04,2960769.734,2.500000e-04,5.99,2075.30
1191,4.336990e-03,3.415314e+01,5.451533e-05,7.530450e-05,2997241.811,4.123380e-03,3.374258e+01,3.597455e-05,7.787531e-05,2981415.305,2.500000e-04,5.46,2080.76
1192,4.264443e-03,3.413891e+01,4.888694e-05,7.233636e-05,2997900.340,3.873569e-03,3.390024e+01,3.527104e-05,2.616681e-05,2994785.836,2.500000e-04,5.86,2086.62
1193,4.341925e-03,3.407168e+01,5.234577e-05,8.225981e-05,2997441.580,4.792479e-03,3.463371e+01,6.814004e-05,1.295415e-04,3023501.562,2.500000e-04,5.72,2092.34
1194,4.372181e-03,3.416032e+01,5.722180e-05,7.678625e-05,2997350.324,5.259110e-03,3.470124e+01,1.568261e-04,4.414495e-05,3013494.164,2.500000e-04,5.96,2098.31
1195,4.358029e-03,3.404689e+01,5.942082e-05,7.182636e-05,2997747.611,4.653515e-03,3.422338e+01,8.956478e-05,6.710586e-05,2985694.086,2.500000e-04,5.75,2104.06
1196,4.456542e-03,3.412824e+01,6.118060e-05,8.638244e-05,2997732.102,4.091516e-03,3.451732e+01,4.111484e-05,4.572699e-05,3013921.984,2.500000e-04,5.65,2109.71
1197,4.288388e-03,3.412125e+01,5.224104e-05,7.077055e-05,2997605.199,4.073740e-03,3.396581e+01,6.032857e-05,1.477461e-05,2993928.180,2.500000e-04,5.62,2115.33
1198,4.447250e-03,3.417391e+01,5.935942e-05,8.725303e-05,2997641.848,4.284910e-03,3.440932e+01,4.405258e-05,8.069062e-05,3007532.523,2.500000e-04,5.61,2120.94
1199,4.618839e-03,3.421788e+01,7.168737e-05,9.603556e-05,2997839.684,4.367831e-03,3.386862e+01,7.121324e-05,5.376729e-05,2988069.984,2.500000e-04,5.71,2126.65
1200,4.437983e-03,3.425894e+01,5.785405e-05,8.670970e-05,2997630.371,5.047279e-03,3.404124e+01,1.371638e-04,5.430335e-05,2988078.734,2.500000e-04,6.10,2132.76
1201,4.389974e-03,3.409019e+01,5.835917e-05,7.947255e-05,2997376.289,4.239869e-03,3.405823e+01,5.610189e-05,5.460544e-05,3003616.148,2.500000e-04,5.64,2138.40
1202,4.478211e-03,3.409313e+01,6.240252e-05,8.897456e-05,2997603.326,3.812210e-03,3.372743e+01,3.016260e-05,2.756815e-05,2990498.109,2.500000e-04,6.15,2144.54
1203,4.294485e-03,3.408435e+01,5.351219e-05,7.018567e-05,2997529.652,3.860703e-03,3.362328e+01,2.536987e-05,4.893519e-05,2986364.336,2.500000e-04,6.20,2150.74
1204,4.239992e-03,3.406500e+01,5.033351e-05,6.603135e-05,2997581.566,3.969624e-03,3.427276e+01,3.048622e-05,4.749724e-05,3007896.922,2.500000e-04,5.66,2156.41
1205,4.287194e-03,3.410875e+01,5.078199e-05,7.369972e-05,2997727.588,3.997218e-03,3.408323e+01,2.589859e-05,6.598192e-05,3016056.500,2.500000e-04,5.91,2162.32
1206,4.368026e-03,3.406227e+01,4.959566e-05,9.316850e-05,2997444.336,4.228352e-03,3.405367e+01,5.723793e-05,5.012105e-05,3005809.531,2.500000e-04,5.96,2168.27
1207,4.350214e-03,3.418506e+01,5.363766e-05,7.906623e-05,2997717.762,3.899027e-03,3.401934e+01,2.982502e-05,3.976855e-05,3003360.430,2.500000e-04,5.93,2174.20
1208,4.584679e-03,3.422518e+01,6.211239e-05,1.082075e-04,2997908.879,5.760186e-03,3.329896e+01,1.015140e-04,2.830300e-04,2952447.750,2.500000e-04,5.96,2180.16
1209,4.385659e-03,3.406784e+01,5.620853e-05,8.335793e-05,2997481.764,4.562219e-03,3.338979e+01,3.502325e-05,1.746015e-04,2967721.398,2.500000e-04,5.65,2185.81
1210,4.325995e-03,3.409569e+01,5.595299e-05,7.137938e-05,2996966.035,8.293162e-03,3.560257e+01,3.142852e-04,3.180106e-04,3049921.922,2.500000e-04,5.43,2191.23
1211,4.606952e-03,3.424326e+01,6.774549e-05,1.010342e-04,2997566.639,5.192196e-03,3.412023e+01,1.472495e-04,6.153559e-05,2992775.578,2.500000e-04,5.73,2196.96
1212,4.511709e-03,3.426671e+01,6.632290e-05,8.436181e-05,2997829.564,3.804314e-03,3.429199e+01,2.135910e-05,3.230465e-05,3005744.164,2.500000e-04,6.03,2203.00
1213,4.414619e-03,3.413803e+01,5.520225e-05,8.975879e-05,2997725.043,3.732932e-03,3.406752e+01,2.281630e-05,1.960343e-05,3006609.945,2.500000e-04,5.18,2208.17
1214,4.373953e-03,3.406664e+01,5.289978e-05,8.765815e-05,2997512.957,4.358764e-03,3.456153e+01,6.942854e-05,4.166516e-05,3008365.203,2.500000e-04,5.53,2213.70
1215,4.400492e-03,3.411378e+01,5.867364e-05,8.047562e-05,2998032.090,4.705049e-03,3.292244e+01,1.761234e-05,2.473364e-04,2957180.727,2.500000e-04,5.49,2219.19
1216,4.572002e-03,3.413986e+01,6.640632e-05,9.879074e-05,2996981.479,4.991607e-03,3.480645e+01,7.279172e-05,1.566091e-04,3033408.312,2.500000e-04,5.65,2224.85
1217,4.360396e-03,3.410718e+01,5.657087e-05,7.679374e-05,2997569.656,4.702055e-03,3.494769e+01,5.686959e-05,1.277179e-04,3021698.016,2.500000e-04,5.87,2230.72
1218,4.392740e-03,3.411282e+01,5.666437e-05,8.296295e-05,2997703.395,3.789011e-03,3.387482e+01,2.669398e-05,2.691783e-05,2992219.680,2.500000e-04,5.73,2236.45
1219,4.506408e-03,3.421244e+01,6.986208e-05,7.730877e-05,2997734.820,4.610510e-03,3.367290e+01,5.880974e-05,1.310246e-04,2989379.141,2.500000e-04,5.69,2242.13
1220,4.244130e-03,3.411072e+01,4.961607e-05,6.737941e-05,2997538.311,4.717768e-03,3.336287e+01,5.336431e-05,1.695676e-04,2970202.328,2.500000e-04,5.69,2247.82
1221,4.272787e-03,3.408605e+01,5.061899e-05,7.159847e-05,2997444.918,5.329142e-03,3.482024e+01,1.070459e-04,1.553317e-04,3026204.008,2.500000e-04,5.93,2253.75
1222,4.383086e-03,3.402466e+01,6.246895e-05,7.118619e-05,2998028.742,5.090122e-03,3.386840e+01,8.967964e-05,1.612971e-04,2971500.477,2.500000e-04,5.22,2258.97
1223,4.491750e-03,3.418655e+01,6.324052e-05,8.813808e-05,2997667.018,3.910730e-03,3.372372e+01,3.150949e-05,4.465264e-05,2983915.883,2.500000e-04,5.59,2264.56
1224,4.364959e-03,3.410073e+01,5.335562e-05,8.426601e-05,2997280.049,5.502627e-03,3.332835e+01,1.431491e-04,1.476602e-04,2971164.305,2.500000e-04,6.12,2270.68
1225,4.615920e-03,3.410853e+01,7.456659e-05,9.188020e-05,2997749.096,3.873133e-03,3.360176e+01,1.493588e-05,7.271970e-05,2985849.547,2.500000e-04,5.97,2276.65
1226,4.512345e-03,3.415082e+01,6.879906e-05,8.185447e-05,2997309.508,4.637413e-03,3.410973e+01,1.072469e-04,3.079418e-05,2995723.781,2.500000e-04,5.42,2282.07
1227,4.483403e-03,3.420399e+01,6.153363e-05,8.953354e-05,2997706.570,3.882956e-03,3.360741e+01,3.720030e-05,3.004246e-05,2989218.008,2.500000e-04,5.93,2288.01
1228,4.328921e-03,3.409759e+01,5.425006e-05,7.533221e-05,2997639.627,4.103885e-03,3.384265e+01,5.295722e-05,3.800969e-05,2999320.648,2.500000e-04,6.21,2294.21
1229,4.466400e-03,3.401635e+01,6.573742e-05,8.147807e-05,2997179.242,4.684524e-03,3.491939e+01,6.349103e-05,1.115349e-04,3026314.695,2.500000e-04,5.33,2299.55
1230,4.358583e-03,3.412553e+01,5.378380e-05,8.163834e-05,2997875.326,3.923369e-03,3.465425e+01,2.945343e-05,3.268196e-05,3006332.477,2.500000e-04,5.85,2305.39
1231,4.450399e-03,3.415093e+01,5.873039e-05,8.960043e-05,2997291.504,5.146602e-03,3.506929e+01,6.309669e-05,2.017414e-04,3036381.898,2.500000e-04,5.55,2310.94
1232,4.658500e-03,3.419003e+01,5.884342e-05,1.302126e-04,2997886.477,5.228581e-03,3.513165e+01,1.274920e-04,8.809913e-05,3012617.703,2.500000e-04,5.70,2316.64
1233,4.445932e-03,3.418225e+01,6.334702e-05,7.884745e-05,2997686.080,4.364244e-03,3.476234e+01,7.141663e-05,3.476865e-05,2995140.617,2.500000e-04,5.88,2322.52
1234,4.555123e-03,3.421312e+01,5.974877e-05,1.072647e-04,2997118.736,4.824796e-03,3.535791e+01,7.122049e-05,1.153599e-04,3024699.602,2.500000e-04,5.95,2328.47
1235,4.308644e-03,3.414466e+01,5.665490e-05,6.552586e-05,2998049.213,4.726453e-03,3.322327e+01,5.329081e-05,1.742436e-04,2977154.953,2.500000e-04,5.55,2334.02
1236,4.317271e-03,3.405321e+01,5.278163e-05,7.682667e-05,2997588.494,4.076752e-03,3.306925e+01,1.409467e-05,1.257761e-04,2967972.250,2.500000e-04,5.91,2339.93
1237,4.206479e-03,3.395773e+01,5.175479e-05,5.863164e-05,2997386.438,4.802101e-03,3.457899e+01,1.232960e-04,2.224833e-05,3004792.992,2.500000e-04,5.76,2345.70
1238,4.247463e-03,3.409216e+01,5.309840e-05,6.145273e-05,2997410.314,5.509743e-03,3.449998e+01,1.735486e-04,6.485185e-05,3012732.086,2.500000e-04,5.78,2351.48
1239,4.553671e-03,3.406050e+01,6.262443e-05,1.042752e-04,2997728.723,4.230872e-03,3.450707e+01,3.548338e-05,8.506626e-05,3021106.008,2.500000e-04,5.48,2356.96
1240,4.382945e-03,3.411585e+01,5.879515e-05,7.668172e-05,2997674.025,3.912779e-03,3.364767e+01,2.917411e-05,5.125424e-05,2994757.266,2.500000e-04,5.58,2362.54
1241,4.304739e-03,3.409564e+01,5.379713e-05,7.144070e-05,2997831.717,4.595431e-03,3.338585e+01,7.517024e-05,1.010288e-04,2974979.539,2.500000e-04,5.41,2367.95
1242,4.461108e-03,3.405788e+01,6.075434e-05,8.955529e-05,2997418.969,4.735870e-03,3.442265e+01,1.088038e-04,4.111341e-05,3011786.305,2.500000e-04,5.36,2373.31
1243,4.227759e-03,3.404480e+01,4.823428e-05,6.818718e-05,2997547.145,3.948183e-03,3.416414e+01,3.023587e-05,4.588201e-05,3011459.859,2.500000e-04,5.73,2379.04
1244,4.446757e-03,3.413258e+01,6.535933e-05,7.598116e-05,2997549.092,3.752049e-03,3.395078e+01,2.697891e-05,1.743636e-05,2998839.680,2.500000e-04,5.63,2384.68
1245,4.229469e-03,3.403365e+01,4.744368e-05,7.033336e-05,2997703.287,3.998513e-03,3.421623e+01,2.064868e-05,7.408076e-05,3011042.172,2.500000e-04,6.02,2390.70
1246,4.397351e-03,3.414032e+01,6.245359e-05,7.175657e-05,2997614.969,4.601459e-03,3.485793e+01,4.631752e-05,1.304982e-04,3032000.422,2.500000e-04,5.52,2396.22
1247,4.333712e-03,3.406885e+01,5.484301e-05,7.567925e-05,2997659.822,4.238593e-03,3.416420e+01,5.055314e-05,6.332839e-05,3014649.023,2.500000e-04,6.21,2402.43
1248,4.226640e-03,3.402624e+01,4.746670e-05,6.986978e-05,2997925.857,4.251447e-03,3.355687e+01,6.052643e-05,5.809918e-05,2981300.531,2.500000e-04,5.93,2408.36
1249,4.498950e-03,3.409267e+01,5.443192e-05,1.090728e-04,2997399.010,4.902567e-03,3.311658e+01,5.409665e-05,2.099885e-04,2958981.055,2.500000e-04,5.65,2414.01
1250,4.469367e-03,3.416476e+01,6.002841e-05,9.052141e-05,2997422.289,5.486085e-03,3.415888e+01,1.809983e-04,5.204280e-05,2985268.469,2.500000e-04,4.96,2418.97
1251,4.431242e-03,3.411045e+01,5.998197e-05,8.407552e-05,2997807.879,4.656351e-03,3.498252e+01,2.209830e-05,1.874231e-04,3038008.852,2.500000e-04,5.99,2424.96
1252,4.408739e-03,3.411687e+01,4.931719e-05,1.007760e-04,2997592.928,4.093313e-03,3.399601e+01,2.451862e-05,8.970523e-05,2997122.578,2.500000e-04,6.12,2431.08
1253,4.767127e-03,3.419560e+01,7.347865e-05,1.225560e-04,2998150.604,7.070391e-03,3.431255e+01,2.893817e-04,1.490639e-04,2971747.320,2.500000e-04,5.59,2436.67
1254,4.624466e-03,3.413839e+01,6.248688e-05,1.171516e-04,2996792.451,4.352474e-03,3.413678e+01,7.670499e-05,3.434934e-05,3000458.391,2.500000e-04,5.60,2442.27
1255,4.420421e-03,3.417252e+01,5.906742e-05,8.249889e-05,2997742.912,4.262836e-03,3.384752e+01,6.712255e-05,4.137173e-05,2989988.836,2.500000e-04,5.85,2448.11
1256,4.355054e-03,3.406635e+01,5.880721e-05,7.206940e-05,2997790.049,4.796704e-03,3.348316e+01,9.749452e-05,9.468861e-05,2978249.102,2.500000e-04,5.86,2453.97
1257,4.529018e-03,3.430635e+01,6.233146e-05,9.501388e-05,2997529.072,4.398554e-03,3.341167e+01,6.055365e-05,9.037014e-05,2979435.312,2.500000e-04,5.74,2459.72
1258,4.453255e-03,3.396811e+01,5.730562e-05,9.667756e-05,2997537.717,4.779970e-03,3.435390e+01,1.179774e-04,3.296136e-05,3011094.148,2.500000e-04,5.64,2465.36
1259,4.505953e-03,3.416331e+01,6.957338e-05,7.877765e-05,2997093.084,4.086336e-03,3.433444e+01,4.362251e-05,4.333321e-05,3009169.945,2.500000e-04,6.08,2471.44
1260,4.471712e-03,3.416877e+01,6.030122e-05,9.036467e-05,2997743.053,4.914774e-03,3.501581e+01,2.856125e-05,2.255161e-04,3042206.461,2.500000e-04,5.80,2477.24
1261,4.392307e-03,3.410579e+01,6.003482e-05,7.627610e-05,2997866.758,4.185419e-03,3.377322e+01,6.585782e-05,2.990375e-05,3002232.773,2.500000e-04,5.98,2483.22
1262,4.383347e-03,3.403940e+01,5.905917e-05,7.776302e-05,2997522.766,5.142614e-03,3.352990e+01,1.352335e-04,8.745785e-05,2978517.234,2.500000e-04,5.37,2488.59
1263,4.300006e-03,3.411644e+01,5.516154e-05,6.734922e-05,2997685.135,4.307866e-03,3.425492e+01,4.677561e-05,8.292362e-05,3016459.461,2.500000e-04,5.66,2494.25
1264,4.370627e-03,3.400907e+01,5.711825e-05,7.970747e-05,2997931.037,5.590283e-03,3.318442e+01,9.358202e-05,2.672042e-04,2958268.250,2.500000e-04,5.73,2499.98
1265,4.618641e-03,3.420585e+01,7.110883e-05,9.739373e-05,2997857.090,6.166984e-03,3.292140e+01,9.305898e-05,3.888509e-04,2944207.492,2.500000e-04,5.72,2505.70
1266,4.441220e-03,3.409984e+01,6.274465e-05,8.075791e-05,2997333.748,7.807718e-03,3.400132e+01,3.261383e-04,2.292407e-04,2957755.672,2.500000e-04,5.76,2511.46
1267,4.381200e-03,3.415790e+01,6.015423e-05,7.277358e-05,2997459.709,4.781683e-03,3.442177e+01,1.063908e-04,5.511960e-05,3008171.656,2.500000e-04,5.70,2517.17
1268,4.505073e-03,3.427185e+01,6.473913e-05,8.609941e-05,2997642.443,4.322525e-03,3.392397e+01,4.869527e-05,8.863523e-05,2991143.555,2.500000e-04,5.63,2522.80
1269,4.461422e-03,3.415710e+01,6.536952e-05,7.840332e-05,2997660.150,4.972657e-03,3.322472e+01,5.780748e-05,2.144220e-04,2957949.070,2.500000e-04,5.80,2528.59
1270,4.611571e-03,3.417931e+01,6.323757e-05,1.122528e-04,2997163.707,4.041015e-03,3.417468e+01,4.851123e-05,2.768698e-05,3008464.227,2.500000e-04,5.81,2534.41
1271,4.338534e-03,3.411996e+01,5.122239e-05,8.286289e-05,2997574.578,4.023014e-03,3.432485e+01,2.776772e-05,6.257039e-05,3016765.562,2.500000e-04,5.27,2539.68
1272,4.470780e-03,3.405806e+01,6.565757e-05,8.167977e-05,2997839.037,4.617847e-03,3.341315e+01,5.653385e-05,1.422387e-04,2973367.969,2.500000e-04,5.66,2545.34
1273,4.550283e-03,3.415562e+01,6.533128e-05,9.628181e-05,2997379.203,4.822872e-03,3.294531e+01,4.202536e-05,2.216176e-04,2957236.133,2.500000e-04,5.98,2551.32
1274,4.322107e-03,3.401753e+01,5.716024e-05,6.975033e-05,2997599.416,4.166153e-03,3.442684e+01,3.403508e-05,7.662367e-05,3020725.273,2.500000e-04,5.82,2557.14
1275,4.392221e-03,3.401045e+01,5.587288e-05,8.648942e-05,2997378.840,5.071263e-03,3.479697e+01,2.612447e-05,2.660642e-04,3043806.273,2.500000e-04,5.28,2562.42
1276,4.481203e-03,3.407786e+01,6.251293e-05,8.965749e-05,2997922.826,3.696097e-03,3.348911e+01,1.330522e-05,4.282679e-05,2989197.961,2.500000e-04,5.59,2568.01
1277,4.434636e-03,3.412988e+01,5.555859e-05,9.321251e-05,2997623.258,4.707570e-03,3.304815e+01,3.132919e-05,2.178928e-04,2963920.734,2.500000e-04,5.51,2573.52
1278,4.382540e-03,3.402154e+01,5.682850e-05,8.242028e-05,2997651.371,4.580952e-03,3.453586e+01,5.863095e-05,1.082113e-04,3021038.641,2.500000e-04,5.59,2579.11
1279,4.434492e-03,3.399332e+01,5.538917e-05,9.625368e-05,2997403.371,4.042919e-03,3.415973e+01,4.392373e-05,3.754169e-05,3012905.742,2.500000e-04,5.72,2584.83
1280,4.339177e-03,3.401189e+01,5.481252e-05,7.797263e-05,2997572.652,5.854380e-03,3.461577e+01,2.267496e-04,2.506149e-05,2994808.102,2.500000e-04,5.55,2590.38
1281,4.325475e-03,3.406128e+01,5.268146e-05,7.850651e-05,2997744.379,4.854416e-03,3.306524e+01,3.421901e-05,2.411404e-04,2959565.414,2.500000e-04,4.79,2595.16
1282,4.416384e-03,3.410807e+01,5.472051e-05,9.167436e-05,2997699.326,4.195419e-03,3.398071e+01,5.425018e-05,5.096935e-05,2985540.320,2.500000e-04,5.99,2601.15
1283,4.296649e-03,3.400545e+01,5.569420e-05,6.783240e-05,2997565.480,4.241176e-03,3.406266e+01,6.676459e-05,3.345268e-05,2998645.258,2.500000e-04,5.92,2607.07
1284,4.358897e-03,3.406350e+01,5.645588e-05,7.759783e-05,2997603.666,4.323617e-03,3.454923e+01,3.250984e-05,1.087191e-04,3023915.414,2.500000e-04,6.21,2613.28
1285,4.232693e-03,3.396828e+01,4.524845e-05,7.667611e-05,2997878.334,5.534907e-03,3.361428e+01,1.536876e-04,1.273205e-04,2971456.695,2.500000e-04,5.52,2618.80
1286,4.309896e-03,3.400259e+01,5.494754e-05,7.203223e-05,2997268.988,4.350752e-03,3.409059e+01,5.958644e-05,6.916587e-05,2998862.562,2.500000e-04,5.68,2624.48
1287,4.379901e-03,3.400351e+01,6.165579e-05,7.259834e-05,2997721.898,4.138764e-03,3.450396e+01,3.560964e-05,6.645433e-05,3021141.242,2.500000e-04,5.61,2630.09
1288,4.345055e-03,3.396161e+01,5.176764e-05,8.624357e-05,2997485.598,5.047429e-03,3.491713e+01,1.089405e-04,9.326212e-05,3018917.398,2.500000e-04,5.42,2635.51
1289,4.252231e-03,3.398519e+01,5.005712e-05,7.062806e-05,2997632.539,4.038827e-03,3.398195e+01,3.902450e-05,5.007754e-05,3006889.875,2.500000e-04,5.75,2641.26
1290,4.295353e-03,3.391021e+01,4.941039e-05,8.204568e-05,2997995.326,3.864091e-03,3.362571e+01,2.226465e-05,5.577460e-05,2985111.141,2.500000e-04,5.77,2647.04
1291,4.373338e-03,3.398016e+01,5.513152e-05,8.480137e-05,2997470.973,4.512699e-03,3.422443e+01,9.182555e-05,3.440020e-05,2992502.391,2.500000e-04,5.98,2653.02
1292,4.315665e-03,3.393167e+01,5.688485e-05,7.072990e-05,2998038.236,4.149548e-03,3.390550e+01,5.359852e-05,4.460249e-05,2988412.547,2.500000e-04,6.13,2659.15
1293,4.379189e-03,3.407185e+01,5.622843e-05,8.194405e-05,2997035.826,4.389497e-03,3.440392e+01,4.245672e-05,1.049076e-04,3024985.836,2.500000e-04,5.66,2664.80
1294,4.442177e-03,3.404040e+01,5.841379e-05,9.079982e-05,2997904.201,3.931733e-03,3.371529e+01,4.258972e-05,2.686118e-05,2994623.547,2.500000e-04,5.89,2670.70
1295,4.233428e-03,3.398034e+01,5.169295e-05,6.369296e-05,2997719.857,4.253750e-03,3.330487e+01,2.475127e-05,1.351501e-04,2975090.883,2.500000e-04,5.11,2675.81
1296,4.396512e-03,3.406660e+01,5.959230e-05,7.878581e-05,2997364.170,4.298925e-03,3.326644e+01,6.482009e-05,6.481615e-05,2981028.008,2.500000e-04,5.24,2681.05
1297,4.627563e-03,3.407370e+01,6.119301e-05,1.216527e-04,2997588.633,4.218567e-03,3.382914e+01,6.501996e-05,3.709065e-05,2987911.859,2.500000e-04,5.73,2686.78
1298,4.408658e-03,3.397248e+01,6.245084e-05,7.738030e-05,2997767.314,4.090443e-03,3.358366e+01,4.030946e-05,6.579650e-05,2981422.078,2.500000e-04,5.70,2692.48
1299,4.237139e-03,3.396186e+01,5.012477e-05,6.794117e-05,2997324.330,5.559580e-03,3.514382e+01,3.787902e-05,3.332816e-04,3050892.328,2.500000e-04,5.27,2697.75
1300,4.675645e-03,3.409117e+01,6.582793e-05,1.216498e-04,2997647.568,4.327964e-03,3.398586e+01,7.108019e-05,4.371528e-05,2993462.562,2.500000e-04,5.82,2703.57
1301,4.543745e-03,3.409834e+01,6.628513e-05,9.421205e-05,2997298.008,6.101225e-03,3.494041e+01,1.489350e-04,2.235667e-04,3038542.930,2.500000e-04,5.92,2709.49
1302,4.441851e-03,3.409865e+01,5.877951e-05,8.883803e-05,2998114.262,3.999222e-03,3.339930e+01,2.133815e-05,8.918221e-05,2978434.914,2.500000e-04,5.27,2714.76
1303,4.417158e-03,3.401839e+01,5.811940e-05,8.682497e-05,2997479.793,4.357513e-03,3.496980e+01,2.725732e-05,1.175921e-04,3027931.023,2.500000e-04,5.08,2719.84
1304,4.331667e-03,3.408617e+01,5.450401e-05,7.560205e-05,2997735.084,4.245535e-03,3.367707e+01,2.702477e-05,1.215161e-04,2972143.453,2.500000e-04,6.08,2725.92
1305,4.651647e-03,3.414344e+01,6.535438e-05,1.167519e-04,2997351.072,4.188849e-03,3.421145e+01,4.465464e-05,6.423160e-05,3007043.414,2.500000e-04,5.64,2731.56
1306,4.404897e-03,3.396726e+01,6.404984e-05,7.353463e-05,2997289.455,4.236019e-03,3.462888e+01,2.529089e-05,1.040444e-04,3024125.820,2.500000e-04,5.60,2737.15
1307,4.586722e-03,3.419627e+01,6.552779e-05,1.023635e-04,2997887.359,4.916400e-03,3.475164e+01,5.797896e-05,1.722894e-04,3033274.031,2.500000e-04,5.33,2742.49
1308,4.247214e-03,3.399622e+01,5.290093e-05,6.371671e-05,2997821.162,4.214361e-03,3.362474e+01,6.461483e-05,4.114785e-05,2990936.477,2.500000e-04,5.62,2748.11
1309,4.262593e-03,3.401590e+01,5.458020e-05,6.304025e-05,2997476.781,3.974170e-03,3.422064e+01,3.234280e-05,4.573569e-05,3013305.984,2.500000e-04,5.37,2753.47
1310,4.563485e-03,3.409931e+01,7.427248e-05,8.216590e-05,2997532.059,3.915756e-03,3.432473e+01,2.712459e-05,4.240736e-05,3009737.031,2.500000e-04,5.50,2758.98
1311,4.515874e-03,3.407411e+01,7.088256e-05,7.992755e-05,2997929.676,6.905043e-03,3.414736e+01,2.954541e-04,1.071533e-04,2982184.203,2.500000e-04,5.14,2764.11
1312,4.565051e-03,3.412504e+01,6.659112e-05,9.732714e-05,2997425.680,5.991187e-03,3.470837e+01,2.168610e-04,7.034796e-05,3015715.586,2.500000e-04,5.82,2769.94
1313,4.322600e-03,3.398088e+01,5.714586e-05,7.061068e-05,2997610.021,4.706962e-03,3.342185e+01,1.038360e-04,6.528346e-05,2984756.734,2.500000e-04,6.20,2776.14
1314,4.545507e-03,3.404552e+01,7.025330e-05,8.768439e-05,2997775.549,3.807981e-03,3.391903e+01,2.757670e-05,2.806211e-05,3003376.047,2.500000e-04,5.67,2781.81
1315,4.481015e-03,3.406264e+01,7.012080e-05,7.470872e-05,2997185.797,4.522134e-03,3.438235e+01,7.011859e-05,7.654269e-05,3010470.719,2.500000e-04,5.36,2787.16
1316,4.460446e-03,3.400088e+01,6.386455e-05,8.434249e-05,2997697.160,3.921121e-03,3.430461e+01,2.765627e-05,4.281948e-05,3008893.648,2.500000e-04,5.57,2792.73
1317,4.317374e-03,3.403323e+01,5.093211e-05,8.094587e-05,2997665.553,3.772036e-03,3.400626e+01,1.769971e-05,3.888256e-05,2991335.414,2.500000e-04,5.94,2798.67
1318,4.455300e-03,3.408121e+01,5.727245e-05,9.489102e-05,2997718.123,4.717518e-03,3.443244e+01,7.784259e-05,9.916943e-05,3017863.508,2.500000e-04,5.84,2804.51
1319,4.455688e-03,3.404948e+01,6.042588e-05,8.929631e-05,2997488.137,4.104066e-03,3.326018e+01,2.284740e-05,1.099150e-04,2975430.492,2.500000e-04,5.57,2810.09
1320,4.253651e-03,3.390790e+01,4.609544e-05,8.038123e-05,2997721.254,5.784235e-03,3.462207e+01,1.887091e-04,8.698744e-05,3023656.133,2.500000e-04,5.38,2815.46
1321,4.432466e-03,3.412644e+01,6.532930e-05,7.330580e-05,2997478.158,3.866857e-03,3.460121e+01,2.134576e-05,3.865566e-05,3012594.234,2.500000e-04,6.17,2821.64
1322,4.384157e-03,3.402042e+01,5.932732e-05,7.776831e-05,2997763.066,3.766868e-03,3.357155e+01,2.799338e-05,2.595589e-05,2990596.344,2.500000e-04,5.71,2827.35
1323,4.291607e-03,3.401235e+01,5.385065e-05,7.037301e-05,2997406.691,4.222918e-03,3.440914e+01,3.762917e-05,8.114241e-05,3022441.852,2.500000e-04,5.43,2832.78
1324,4.343204e-03,3.401668e+01,5.245815e-05,8.339105e-05,2997658.770,4.573412e-03,3.380737e+01,1.033919e-04,3.175113e-05,3005901.492,2.500000e-04,5.85,2838.63
1325,4.363322e-03,3.404201e+01,5.800093e-05,7.582237e-05,2997612.195,4.269097e-03,3.355937e+01,7.170746e-05,3.921713e-05,2991433.375,2.500000e-04,5.60,2844.24
1326,4.285335e-03,3.392450e+01,5.657722e-05,6.542254e-05,2997514.143,5.019462e-03,3.471520e+01,3.233963e-05,2.449090e-04,3044106.578,2.500000e-04,6.56,2850.79
1327,4.381424e-03,3.404209e+01,5.357695e-05,8.828911e-05,2997731.070,4.036582e-03,3.368545e+01,5.010800e-05,3.339152e-05,3001972.727,2.500000e-04,6.33,2857.12
1328,4.297825e-03,3.394467e+01,5.845452e-05,6.376273e-05,2997903.143,4.413920e-03,3.327614e+01,4.066655e-05,1.359280e-04,2969296.508,2.500000e-04,5.69,2862.81
1329,4.735237e-03,3.412033e+01,7.995905e-05,1.047226e-04,2997110.166,4.782211e-03,3.461646e+01,9.161616e-05,8.088064e-05,3014789.375,2.500000e-04,5.65,2868.46
1330,4.484123e-03,3.403575e+01,6.574652e-05,8.461672e-05,2997248.711,8.354056e-03,3.556117e+01,3.843497e-04,1.908884e-04,3036151.484,2.500000e-04,5.61,2874.07
1331,4.489098e-03,3.412087e+01,6.270314e-05,8.999588e-05,2997857.777,6.925617e-03,3.503551e+01,2.450902e-04,1.942327e-04,3034291.945,2.500000e-04,5.74,2879.81
1332,4.283289e-03,3.402918e+01,5.378205e-05,6.851012e-05,2997850.334,4.457625e-03,3.372483e+01,2.221799e-05,1.725926e-04,2979719.984,2.500000e-04,5.56,2885.37
1333,4.442197e-03,3.410496e+01,6.135105e-05,8.363812e-05,2997396.609,4.248054e-03,3.404569e+01,6.868560e-05,3.132578e-05,3009299.289,2.500000e-04,5.86,2891.22
1334,4.417348e-03,3.397796e+01,6.212630e-05,7.965768e-05,2997678.209,3.596661e-03,3.373614e+01,1.273780e-05,1.913375e-05,2998023.523,2.500000e-04,5.55,2896.78
1335,4.268277e-03,3.398734e+01,5.303165e-05,6.784538e-05,2997821.836,4.231288e-03,3.361150e+01,4.186374e-05,9.030025e-05,2982243.352,2.500000e-04,5.65,2902.43
1336,4.318838e-03,3.395358e+01,4.897648e-05,8.674302e-05,2997671.664,3.825484e-03,3.410566e+01,2.178033e-05,3.942292e-05,3009042.305,2.500000e-04,5.98,2908.41
1337,4.442470e-03,3.409127e+01,6.427490e-05,7.811878e-05,2997604.453,3.946019e-03,3.366386e+01,3.901156e-05,3.790346e-05,2998932.812,2.500000e-04,6.14,2914.55
1338,4.389219e-03,3.394478e+01,5.241161e-05,9.412495e-05,2997160.656,5.117310e-03,3.488320e+01,9.579224e-05,1.342135e-04,3022399.680,2.500000e-04,5.68,2920.23
1339,4.391938e-03,3.406331e+01,5.596064e-05,8.520014e-05,2998294.199,4.502417e-03,3.402233e+01,6.440665e-05,9.122342e-05,2985259.898,2.500000e-04,5.65,2925.89
1340,4.364961e-03,3.404065e+01,6.136443e-05,6.945026e-05,2997439.678,4.027290e-03,3.375839e+01,3.432750e-05,6.163516e-05,2987833.391,2.500000e-04,5.63,2931.52
1341,4.337217e-03,3.392300e+01,4.915235e-05,9.067872e-05,2997533.678,4.222744e-03,3.372027e+01,4.143176e-05,8.727975e-05,2975669.008,2.500000e-04,5.69,2937.20
1342,4.231802e-03,3.390773e+01,5.260477e-05,6.299627e-05,2997706.404,4.511748e-03,3.417535e+01,9.996101e-05,1.892062e-05,2999458.898,2.500000e-04,5.82,2943.02
1343,4.548423e-03,3.408713e+01,6.720146e-05,9.353912e-05,2997703.768,4.807882e-03,3.382934e+01,1.069366e-04,7.111637e-05,2978769.719,2.500000e-04,5.54,2948.56
1344,4.372767e-03,3.402502e+01,5.675181e-05,8.054957e-05,2997545.816,3.790346e-03,3.386100e+01,2.553114e-05,2.978685e-05,2999181.953,2.500000e-04,6.19,2954.74
1345,4.411740e-03,3.400947e+01,5.678159e-05,8.859540e-05,2997484.207,3.783106e-03,3.406237e+01,2.521567e-05,2.494260e-05,3004777.312,2.500000e-04,5.97,2960.71
1346,4.562028e-03,3.397478e+01,6.048672e-05,1.119368e-04,2997354.785,4.450404e-03,3.389016e+01,7.574404e-05,6.078959e-05,2981136.641,2.500000e-04,5.78,2966.49
1347,4.515938e-03,3.420060e+01,6.694896e-05,8.527756e-05,2997781.539,3.969229e-03,3.345147e+01,2.831323e-05,6.819014e-05,2982313.609,2.500000e-04,5.82,2972.31
1348,4.438415e-03,3.406124e+01,6.070952e-05,8.503933e-05,2997495.033,4.078242e-03,3.426127e+01,3.289557e-05,6.463191e-05,3017850.656,2.500000e-04,5.77,2978.09
1349,4.313753e-03,3.405039e+01,5.577591e-05,7.019105e-05,2997873.803,4.338932e-03,3.308977e+01,2.868526e-05,1.486205e-04,2967969.172,2.500000e-04,5.75,2983.83
1350,4.352579e-03,3.397635e+01,5.309588e-05,8.479695e-05,2997396.186,5.590612e-03,3.473858e+01,9.186293e-05,2.396249e-04,3041172.594,2.500000e-04,5.91,2989.74
1351,4.351022e-03,3.400051e+01,5.426826e-05,8.165759e-05,2997618.090,4.259368e-03,3.418446e+01,5.379588e-05,6.059261e-05,3010111.320,2.500000e-04,5.72,2995.46
1352,4.449204e-03,3.404443e+01,5.897765e-05,9.099698e-05,2997546.283,5.021287e-03,3.452364e+01,1.208292e-04,7.212609e-05,3006121.570,2.500000e-04,5.62,3001.08
1353,4.471565e-03,3.410377e+01,6.639529e-05,7.944701e-05,2997421.332,4.030602e-03,3.388170e+01,4.115436e-05,4.617766e-05,3002416.664,2.500000e-04,5.20,3006.29
1354,4.564445e-03,3.406312e+01,6.660347e-05,9.841961e-05,2997964.922,4.527702e-03,3.378790e+01,8.032580e-05,6.913079e-05,2982204.328,2.500000e-04,5.42,3011.70
1355,4.343669e-03,3.398311e+01,5.752149e-05,7.402857e-05,2997621.270,3.938863e-03,3.371733e+01,4.658034e-05,2.026516e-05,2995530.297,2.500000e-04,5.78,3017.48
1356,4.461422e-03,3.407236e+01,6.197851e-05,8.688020e-05,2997221.766,4.163823e-03,3.460670e+01,3.932832e-05,6.197383e-05,3014369.336,2.500000e-04,6.03,3023.51
1357,4.371301e-03,3.407367e+01,5.506849e-05,8.264968e-05,2997896.889,4.110050e-03,3.397102e+01,5.870232e-05,2.518510e-05,2995479.836,2.500000e-04,5.71,3029.23
1358,4.373122e-03,3.402727e+01,5.813500e-05,7.780897e-05,2997621.732,3.981883e-03,3.329168e+01,2.361993e-05,8.330323e-05,2977792.281,2.500000e-04,5.10,3034.32
1359,4.527409e-03,3.398821e+01,6.261844e-05,1.004806e-04,2997788.863,4.974216e-03,3.470711e+01,1.065507e-04,8.759969e-05,3017727.188,2.500000e-04,5.36,3039.68
1360,4.509227e-03,3.411072e+01,6.403672e-05,9.155765e-05,2997234.768,4.360427e-03,3.316300e+01,2.287211e-05,1.630811e-04,2968317.766,2.500000e-04,5.78,3045.46
1361,4.502670e-03,3.400592e+01,6.087477e-05,9.866608e-05,2997275.291,5.185042e-03,3.506971e+01,6.037344e-05,2.148673e-04,3041348.227,2.500000e-04,5.81,3051.27
1362,4.402633e-03,3.407491e+01,5.841754e-05,8.219334e-05,2997986.633,4.802450e-03,3.348529e+01,7.324307e-05,1.442982e-04,2969532.406,2.500000e-04,5.55,3056.82
1363,4.301011e-03,3.392239e+01,4.927818e-05,8.319798e-05,2997459.238,3.709940e-03,3.389340e+01,2.031706e-05,2.348571e-05,2995644.180,2.500000e-04,5.57,3062.38
1364,4.323263e-03,3.403799e+01,5.789929e-05,6.809423e-05,2997648.254,3.831329e-03,3.408011e+01,3.274528e-05,1.917323e-05,2996763.867,2.500000e-04,5.13,3067.52
1365,4.407832e-03,3.403195e+01,6.440659e-05,7.211428e-05,2997618.291,3.838872e-03,3.358636e+01,3.203403e-05,3.197916e-05,2986933.852,2.500000e-04,5.75,3073.26
1366,4.500964e-03,3.402887e+01,6.551701e-05,8.858135e-05,2997791.785,4.500846e-03,3.358848e+01,8.108351e-05,6.623253e-05,2983377.398,2.500000e-04,5.73,3078.99
1367,4.522985e-03,3.405756e+01,6.923957e-05,8.496655e-05,2997444.053,3.733153e-03,3.357083e+01,2.102511e-05,3.316381e-05,2990688.281,2.500000e-04,5.46,3084.45
1368,4.461086e-03,3.400385e+01,6.174940e-05,8.864144e-05,2997574.566,3.839980e-03,3.417313e+01,1.917219e-05,4.618918e-05,3011244.305,2.500000e-04,5.16,3089.61
1369,4.341848e-03,3.395209e+01,5.396946e-05,8.138898e-05,2997421.049,4.266931e-03,3.395767e+01,5.832225e-05,5.758833e-05,3016812.703,2.500000e-04,6.04,3095.65
1370,4.407417e-03,3.402537e+01,6.111355e-05,7.874908e-05,2997885.719,4.100141e-03,3.349398e+01,3.532529e-05,7.949798e-05,2978396.688,2.500000e-04,5.94,3101.58
1371,4.483448e-03,3.410043e+01,6.490671e-05,8.486751e-05,2997269.504,3.893819e-03,3.394623e+01,3.879999e-05,2.223922e-05,2999413.430,2.500000e-04,5.61,3107.19
1372,4.213535e-03,3.394604e+01,4.907122e-05,6.564383e-05,2997739.850,4.077333e-03,3.395227e+01,5.665748e-05,2.310636e-05,3002900.875,2.500000e-04,5.82,3113.01
1373,4.547029e-03,3.411005e+01,6.163472e-05,1.039353e-04,2997621.020,4.326116e-03,3.402139e+01,6.497962e-05,5.483624e-05,2993465.969,2.500000e-04,5.27,3118.28
1374,4.293535e-03,3.398419e+01,5.395882e-05,7.110572e-05,2997434.234,3.926313e-03,3.385609e+01,3.481694e-05,3.850684e-05,3004986.969,2.500000e-04,5.76,3124.04
1375,4.580845e-03,3.410767e+01,7.308977e-05,8.783609e-05,2997718.193,4.417035e-03,3.370561e+01,7.980372e-05,4.968754e-05,2985174.336,2.500000e-04,5.64,3129.68
1376,4.365836e-03,3.400104e+01,5.836455e-05,7.641719e-05,2997243.102,4.126998e-03,3.440863e+01,1.460830e-05,1.080104e-04,3026697.734,2.500000e-04,5.70,3135.38
1377,4.350920e-03,3.404955e+01,6.069436e-05,6.780433e-05,2997730.760,4.000971e-03,3.410708e+01,3.280338e-05,5.244594e-05,3015662.445,2.500000e-04,5.72,3141.10
1378,4.424765e-03,3.410355e+01,5.921276e-05,8.445665e-05,2997950.438,4.169878e-03,3.414522e+01,5.979849e-05,3.147437e-05,3011724.086,2.500000e-04,5.81,3146.90
1379,4.456199e-03,3.411889e+01,6.280530e-05,8.325136e-05,2997342.094,4.369769e-03,3.340036e+01,6.640454e-05,7.313762e-05,2980781.336,2.500000e-04,6.11,3153.01
1380,4.331883e-03,3.398845e+01,5.056915e-05,8.546931e-05,2998022.301,4.551933e-03,3.308092e+01,3.562472e-05,1.775188e-04,2961405.102,2.500000e-04,5.60,3158.61
1381,4.289382e-03,3.398304e+01,5.115731e-05,7.590115e-05,2997319.490,4.466031e-03,3.397546e+01,8.841699e-05,3.686293e-05,2988173.219,2.500000e-04,5.72,3164.33
1382,4.428634e-03,3.404109e+01,6.567127e-05,7.356242e-05,2997538.645,4.190287e-03,3.439579e+01,4.470993e-05,6.072183e-05,3019612.547,2.500000e-04,5.47,3169.80
1383,4.444017e-03,3.411665e+01,6.646722e-05,7.353597e-05,2997905.576,4.223898e-03,3.341960e+01,5.433779e-05,6.771191e-05,2978171.156,2.500000e-04,5.83,3175.63
1384,4.588848e-03,3.392987e+01,6.703816e-05,1.050959e-04,2997427.924,4.104793e-03,3.421867e+01,4.940679e-05,3.777169e-05,2993481.547,2.500000e-04,5.93,3181.56
1385,4.517485e-03,3.409117e+01,6.102231e-05,9.962901e-05,2997712.783,5.218372e-03,3.470175e+01,1.493471e-04,5.094522e-05,3012762.430,2.500000e-04,5.56,3187.12
1386,4.393413e-03,3.405776e+01,5.924865e-05,7.903025e-05,2997209.578,4.074397e-03,3.421123e+01,2.778813e-05,7.507842e-05,3020220.570,2.500000e-04,5.73,3192.85
1387,4.506197e-03,3.406245e+01,6.308341e-05,9.382360e-05,2997727.729,4.181818e-03,3.398842e+01,5.208958e-05,5.241601e-05,3005628.602,2.500000e-04,5.37,3198.22
1388,4.291688e-03,3.397317e+01,5.341762e-05,7.203887e-05,2997701.758,3.866633e-03,3.364277e+01,3.554230e-05,2.938676e-05,2993246.047,2.500000e-04,5.12,3203.33
1389,4.608009e-03,3.409766e+01,7.312438e-05,9.340003e-05,2997451.607,4.695878e-03,3.376658e+01,8.100931e-05,1.018254e-04,2979658.484,2.500000e-04,5.59,3208.93
1390,4.472209e-03,3.400410e+01,5.812909e-05,9.810165e-05,2997730.816,4.902761e-03,3.294585e+01,5.912970e-05,2.033758e-04,2961720.922,2.500000e-04,5.74,3214.67
1391,4.300806e-03,3.393765e+01,4.985674e-05,8.169475e-05,2997659.766,4.210394e-03,3.384197e+01,3.353203e-05,9.817531e-05,2993478.227,2.500000e-04,5.84,3220.51
1392,4.356953e-03,3.395210e+01,5.599579e-05,8.035688e-05,2997575.430,4.279609e-03,3.303764e+01,2.872564e-05,1.377177e-04,2967280.234,2.500000e-04,5.98,3226.49
1393,4.370020e-03,3.406202e+01,6.482198e-05,6.311960e-05,2997158.629,4.099224e-03,3.451883e+01,3.431383e-05,6.084062e-05,3013957.656,2.500000e-04,5.43,3231.92
1394,4.519835e-03,3.405158e+01,6.231145e-05,9.831249e-05,2997775.578,3.819235e-03,3.419214e+01,1.767721e-05,4.464975e-05,3015936.617,2.500000e-04,5.40,3237.31
1395,4.390606e-03,3.408649e+01,5.653974e-05,8.331175e-05,2997900.223,3.871170e-03,3.333491e+01,2.700912e-05,5.351752e-05,2982501.219,2.500000e-04,5.45,3242.77
1396,4.536858e-03,3.421823e+01,6.366684e-05,9.567346e-05,2997358.107,5.034207e-03,3.509233e+01,1.212441e-04,6.250659e-05,3018186.391,2.500000e-04,6.01,3248.78
1397,4.545606e-03,3.416186e+01,6.982218e-05,8.623967e-05,2997616.609,4.200045e-03,3.359171e+01,3.911994e-05,8.993501e-05,2974043.578,2.500000e-04,5.96,3254.74
1398,4.221930e-03,3.397395e+01,5.063641e-05,6.363407e-05,2997791.746,4.382903e-03,3.384221e+01,6.142489e-05,7.688659e-05,2978599.789,2.500000e-04,6.22,3260.96
1399,4.419025e-03,3.408526e+01,5.816539e-05,8.576906e-05,2997481.254,3.743585e-03,3.391765e+01,2.536459e-05,1.963492e-05,3002216.875,2.500000e-04,5.43,3266.39
1400,4.517080e-03,3.411274e+01,6.618414e-05,8.879304e-05,2997356.617,4.440829e-03,3.350881e+01,9.130901e-05,3.537173e-05,2992751.039,2.500000e-04,5.47,3271.86
1401,4.650116e-03,3.414975e+01,7.566726e-05,9.569374e-05,2997523.217,4.340584e-03,3.450679e+01,6.136147e-05,5.525818e-05,3018660.492,2.500000e-04,5.44,3277.30
1402,4.414405e-03,3.401916e+01,5.478363e-05,9.293059e-05,2997842.611,4.259575e-03,3.379816e+01,7.049670e-05,3.495843e-05,2985634.602,2.500000e-04,6.44,3283.74
1403,4.277502e-03,3.400929e+01,5.408090e-05,6.715294e-05,2997539.748,3.726891e-03,3.391440e+01,1.931569e-05,2.845866e-05,2999574.758,2.500000e-04,5.83,3289.57
1404,4.505190e-03,3.408279e+01,6.592556e-05,8.753107e-05,2997553.508,4.113275e-03,3.353746e+01,2.961292e-05,9.268007e-05,2974669.258,2.500000e-04,5.96,3295.53
1405,4.313659e-03,3.399048e+01,5.630547e-05,7.031133e-05,2997294.564,4.408675e-03,3.500597e+01,4.323757e-05,9.514061e-05,3020540.156,2.500000e-04,5.48,3301.00
1406,4.251903e-03,3.396404e+01,5.306892e-05,6.496202e-05,2997961.303,3.855031e-03,3.376365e+01,3.022895e-05,3.527529e-05,3004948.453,2.500000e-04,5.82,3306.83
1407,4.324718e-03,3.401893e+01,5.677957e-05,7.100607e-05,2997874.045,4.791779e-03,3.322385e+01,4.930872e-05,1.952613e-04,2967598.578,2.500000e-04,5.79,3312.61
1408,4.401459e-03,3.408524e+01,5.513514e-05,8.831691e-05,2997605.275,4.461554e-03,3.400949e+01,5.096684e-05,1.101874e-04,2983148.000,2.500000e-04,5.33,3317.94
1409,4.199845e-03,3.390261e+01,5.021860e-05,6.147968e-05,2997531.391,4.299707e-03,3.325291e+01,3.305182e-05,1.287795e-04,2967989.195,2.500000e-04,5.27,3323.21
1410,4.335310e-03,3.399274e+01,5.097586e-05,8.525554e-05,2998088.496,4.219554e-03,3.370222e+01,3.185806e-05,1.061503e-04,2999763.664,2.500000e-04,5.18,3328.40
1411,4.516706e-03,3.403974e+01,6.772051e-05,8.710547e-05,2997044.600,4.999459e-03,3.412764e+01,1.313464e-04,5.464610e-05,2986200.484,2.500000e-04,5.99,3334.39
1412,4.663049e-03,3.419818e+01,8.298812e-05,8.266996e-05,2997265.367,5.335186e-03,3.502515e+01,7.101947e-05,2.244954e-04,3040904.023,2.500000e-04,5.91,3340.30
1413,4.499640e-03,3.404748e+01,7.070553e-05,7.756737e-05,2997771.891,3.954749e-03,3.385000e+01,3.702088e-05,3.990806e-05,3006444.969,2.500000e-04,5.80,3346.10
1414,4.283389e-03,3.398523e+01,5.265944e-05,7.165437e-05,2997830.191,4.091838e-03,3.366098e+01,1.790976e-05,1.093286e-04,2975234.383,2.500000e-04,5.21,3351.31
1415,4.409048e-03,3.409100e+01,5.943102e-05,8.112765e-05,2997144.326,3.909653e-03,3.426388e+01,3.159092e-05,3.347113e-05,3009512.211,2.500000e-04,5.09,3356.40
1416,4.519763e-03,3.418925e+01,6.951675e-05,8.113417e-05,2997633.508,4.763857e-03,3.496414e+01,9.792761e-05,5.763338e-05,3013449.211,2.500000e-04,5.76,3362.16
1417,4.520175e-03,3.408400e+01,6.512127e-05,9.211255e-05,2997733.500,3.961139e-03,3.381974e+01,4.189161e-05,3.204987e-05,2997487.922,2.500000e-04,5.06,3367.22
1418,4.551472e-03,3.408830e+01,6.556703e-05,9.739442e-05,2997339.154,4.034428e-03,3.442734e+01,3.893809e-05,4.046277e-05,3012860.414,2.500000e-04,5.27,3372.49
1419,4.331256e-03,3.397636e+01,5.337137e-05,7.998142e-05,2997719.887,4.999893e-03,3.298630e+01,5.270415e-05,2.348443e-04,2956299.117,2.500000e-04,5.87,3378.36
1420,4.404056e-03,3.396866e+01,5.805416e-05,8.532968e-05,2997923.447,4.330994e-03,3.300880e+01,2.477937e-05,1.564640e-04,2966092.867,2.500000e-04,5.53,3383.89
1421,4.638005e-03,3.416536e+01,7.200738e-05,1.002791e-04,2997250.115,4.999043e-03,3.542731e+01,2.819281e-05,2.348769e-04,3040637.023,2.500000e-04,5.71,3389.60
1422,4.289654e-03,3.404591e+01,5.062387e-05,7.576482e-05,2997773.066,3.964345e-03,3.400889e+01,2.828391e-05,5.612355e-05,3015539.102,2.500000e-04,5.57,3395.17
1423,4.488483e-03,3.408858e+01,6.736467e-05,8.119566e-05,2997403.924,5.184758e-03,3.447009e+01,1.672251e-04,1.309955e-05,2999458.031,2.500000e-04,5.68,3400.85
1424,4.283252e-03,3.404828e+01,5.188519e-05,7.191445e-05,2998263.305,4.902485e-03,3.298083e+01,3.887080e-05,2.431389e-04,2955322.484,2.500000e-04,5.41,3406.26
1425,4.580985e-03,3.422667e+01,6.593239e-05,9.979874e-05,2997439.555,3.896659e-03,3.389526e+01,3.474110e-05,3.194445e-05,2992685.680,2.500000e-04,5.33,3411.60
1426,4.384955e-03,3.401113e+01,5.440554e-05,8.795740e-05,2997300.695,4.097818e-03,3.457286e+01,2.884819e-05,7.041009e-05,3005682.633,2.500000e-04,5.58,3417.18
1427,4.461641e-03,3.418726e+01,6.160136e-05,8.538033e-05,2997717.480,4.499912e-03,3.377442e+01,8.683076e-05,5.083254e-05,2985566.664,2.500000e-04,5.35,3422.52
1428,4.559493e-03,3.404401e+01,6.670396e-05,9.761038e-05,2997923.805,4.723810e-03,3.372411e+01,9.105983e-05,8.816020e-05,2976390.734,2.500000e-04,5.75,3428.27
1429,4.515118e-03,3.412819e+01,6.359632e-05,9.326726e-05,2997489.203,4.834859e-03,3.380658e+01,9.330435e-05,1.042316e-04,2972403.641,2.500000e-04,5.80,3434.07
1430,4.434966e-03,3.404800e+01,6.767342e-05,7.068632e-05,2997367.162,3.949624e-03,3.385390e+01,3.795394e-05,3.693890e-05,2989174.695,2.500000e-04,5.42,3439.49
1431,4.280939e-03,3.397650e+01,5.548822e-05,6.568140e-05,2997685.445,3.972041e-03,3.347215e+01,3.342181e-05,5.812177e-05,2980750.984,2.500000e-04,6.13,3445.63
1432,4.349583e-03,3.397026e+01,5.312991e-05,8.425159e-05,2997832.523,4.162207e-03,3.374547e+01,5.248316e-05,5.256578e-05,2988571.820,2.500000e-04,5.59,3451.22
1433,4.593654e-03,3.410809e+01,6.765198e-05,1.012651e-04,2997630.248,4.301886e-03,3.373091e+01,5.726431e-05,7.123039e-05,2987924.148,2.500000e-04,5.59,3456.82
1434,4.292646e-03,3.393499e+01,5.562443e-05,6.858048e-05,2997429.613,3.870495e-03,3.392018e+01,3.218461e-05,3.132631e-05,2994993.773,2.500000e-04,5.37,3462.19
1435,4.347556e-03,3.397373e+01,5.723714e-05,7.556222e-05,2997316.432,4.486975e-03,3.463687e+01,2.341702e-05,1.578236e-04,3034966.078,2.500000e-04,6.30,3468.49
1436,4.314705e-03,3.398233e+01,5.651663e-05,7.026114e-05,2998141.926,3.786021e-03,3.367033e+01,3.151739e-05,2.076283e-05,3000578.586,2.500000e-04,5.91,3474.41
1437,4.209331e-03,3.397638e+01,4.861719e-05,6.510415e-05,2997767.029,4.789640e-03,3.356774e+01,4.120879e-05,2.041555e-04,2960401.516,2.500000e-04,5.63,3480.04
1438,4.550373e-03,3.417646e+01,6.349423e-05,9.955691e-05,2997335.277,3.891894e-03,3.440172e+01,3.010476e-05,3.013488e-05,3011927.961,2.500000e-04,5.98,3486.02
1439,4.607105e-03,3.421838e+01,7.503412e-05,8.698518e-05,2997245.982,3.850571e-03,3.431915e+01,2.101609e-05,4.169891e-05,3015084.617,2.500000e-04,5.71,3491.73
1440,4.624347e-03,3.412529e+01,6.841568e-05,1.055322e-04,2997639.086,5.604442e-03,3.343233e+01,9.809564e-05,2.560506e-04,2954388.188,2.500000e-04,5.96,3497.69
1441,4.465940e-03,3.404850e+01,6.290558e-05,8.640683e-05,2997489.404,4.581656e-03,3.385606e+01,8.408499e-05,7.103997e-05,2982867.172,2.500000e-04,5.73,3503.42
1442,4.422370e-03,3.404238e+01,6.184353e-05,7.993945e-05,2997730.393,4.382909e-03,3.313927e+01,1.618425e-05,1.814280e-04,2962790.711,2.500000e-04,5.94,3509.37
1443,4.296820e-03,3.401854e+01,5.919916e-05,6.059493e-05,2997790.162,3.692336e-03,3.382049e+01,1.740253e-05,2.725226e-05,3007680.109,2.500000e-04,5.62,3514.99
1444,4.383766e-03,3.400824e+01,6.149665e-05,7.359518e-05,2998082.127,3.834511e-03,3.392523e+01,1.591728e-05,5.656316e-05,2982893.117,2.500000e-04,5.78,3520.77
1445,4.570673e-03,3.397057e+01,6.988695e-05,9.494945e-05,2997012.365,4.222349e-03,3.429196e+01,5.751716e-05,4.359626e-05,3006323.461,2.500000e-04,5.94,3526.71
1446,4.202258e-03,3.389907e+01,5.402580e-05,5.441859e-05,2997671.518,5.566965e-03,3.452492e+01,1.754668e-04,7.196092e-05,3014720.461,2.500000e-04,5.96,3532.67
1447,4.529992e-03,3.405445e+01,6.782154e-05,8.926638e-05,2997479.086,4.254402e-03,3.372515e+01,5.695871e-05,6.245985e-05,2987110.305,2.500000e-04,5.81,3538.47
1448,4.383384e-03,3.405074e+01,5.895196e-05,7.775817e-05,2997473.254,4.323096e-03,3.424481e+01,5.423688e-05,7.124913e-05,3016288.484,2.500000e-04,5.49,3543.96
1449,4.391069e-03,3.402590e+01,5.665086e-05,8.439410e-05,2997895.746,4.290329e-03,3.361664e+01,6.041141e-05,6.491009e-05,2981757.578,2.500000e-04,5.69,3549.65
1450,4.353590e-03,3.400079e+01,5.703756e-05,7.662695e-05,2997867.670,5.563998e-03,3.434049e+01,1.741850e-04,7.761981e-05,2980703.984,2.500000e-04,6.24,3555.89
1451,4.528755e-03,3.406771e+01,6.106403e-05,1.022687e-04,2997042.139,4.139122e-03,3.403976e+01,4.544599e-05,5.613732e-05,2999196.680,2.500000e-04,6.21,3562.10
1452,4.310319e-03,3.392663e+01,5.696472e-05,6.960183e-05,2997794.363,3.891326e-03,3.366948e+01,3.818031e-05,2.851517e-05,2991150.500,2.500000e-04,5.87,3567.97
1453,4.502888e-03,3.397382e+01,6.507630e-05,9.094857e-05,2997821.150,3.879487e-03,3.347004e+01,3.869623e-05,2.910402e-05,2993725.297,2.500000e-04,5.96,3573.93
1454,4.322529e-03,3.398391e+01,4.897258e-05,8.688227e-05,2998115.404,4.958231e-03,3.299302e+01,4.728267e-05,2.372206e-04,2955702.969,2.500000e-04,5.71,3579.64
1455,4.429835e-03,3.394971e+01,6.398708e-05,7.899875e-05,2997098.562,4.108217e-03,3.456140e+01,2.707183e-05,7.627178e-05,3020565.883,2.500000e-04,5.52,3585.16
1456,4.437446e-03,3.402971e+01,6.346552e-05,7.996381e-05,2997500.832,4.336949e-03,3.436767e+01,6.239478e-05,5.524696e-05,3017088.297,2.500000e-04,6.07,3591.23
1457,4.226362e-03,3.398131e+01,4.835519e-05,6.893573e-05,2997847.729,3.996984e-03,3.406967e+01,5.147553e-05,1.505238e-05,3000282.273,2.500000e-04,5.75,3596.98
1458,4.226397e-03,3.392390e+01,4.839290e-05,7.001550e-05,2997619.768,4.675776e-03,3.461654e+01,6.290515e-05,1.170141e-04,3028843.008,2.500000e-04,5.76,3602.74
1459,4.370939e-03,3.396345e+01,5.727946e-05,8.035988e-05,2997877.473,4.389486e-03,3.391985e+01,8.497916e-05,2.954185e-05,2991699.766,2.500000e-04,5.69,3608.43
1460,4.592931e-03,3.396952e+01,7.368170e-05,9.183236e-05,2997384.961,4.283465e-03,3.446801e+01,6.214067e-05,4.305147e-05,3013053.336,2.500000e-04,6.06,3614.50
1461,4.349445e-03,3.394950e+01,5.879856e-05,7.330189e-05,2997864.564,5.924390e-03,3.268716e+01,4.791791e-05,4.352990e-04,2942548.586,2.500000e-04,5.69,3620.18
1462,4.515679e-03,3.402016e+01,7.669860e-05,6.933551e-05,2997624.912,3.965651e-03,3.361360e+01,3.389874e-05,5.306076e-05,2987506.242,2.500000e-04,6.21,3626.40
1463,4.489790e-03,3.405552e+01,6.414948e-05,8.854869e-05,2997531.609,4.516318e-03,3.324441e+01,5.495133e-05,1.284728e-04,2967900.891,2.500000e-04,5.91,3632.31
1464,4.367365e-03,3.394011e+01,5.691004e-05,8.085076e-05,2997459.857,4.423164e-03,3.355005e+01,5.487371e-05,1.038845e-04,2978195.055,2.500000e-04,5.90,3638.22
1465,4.268463e-03,3.392157e+01,5.881456e-05,5.763214e-05,2997512.178,3.912664e-03,3.395834e+01,3.283106e-05,3.770403e-05,3003818.789,2.500000e-04,5.49,3643.71
1466,4.332129e-03,3.387398e+01,5.425779e-05,8.043060e-05,2997680.812,4.158716e-03,3.323919e+01,4.359797e-05,7.976341e-05,2979331.844,2.500000e-04,5.82,3649.53
1467,4.265154e-03,3.392974e+01,5.942134e-05,5.559353e-05,2997628.357,4.277526e-03,3.388863e+01,7.179095e-05,3.415084e-05,2989572.203,2.500000e-04,5.57,3655.10
1468,4.267272e-03,3.402246e+01,5.432556e-05,6.435410e-05,2997724.814,3.928898e-03,3.412783e+01,3.767553e-05,2.787199e-05,3008418.836,2.500000e-04,5.86,3660.96
1469,4.427778e-03,3.400066e+01,5.631430e-05,9.291399e-05,2997390.133,5.606640e-03,3.504788e+01,1.125826e-04,1.952053e-04,3039229.617,2.500000e-04,6.05,3667.01
1470,4.617441e-03,3.411695e+01,7.482062e-05,9.150803e-05,2997670.254,4.221873e-03,3.351934e+01,4.881370e-05,7.636037e-05,2979177.562,2.500000e-04,5.49,3672.51
1471,4.381638e-03,3.401526e+01,6.059497e-05,7.483236e-05,2997505.725,5.123788e-03,3.487968e+01,5.144066e-05,2.242828e-04,3043516.328,2.500000e-04,5.79,3678.30
1472,4.624251e-03,3.415791e+01,6.743765e-05,1.068167e-04,2997871.104,4.507795e-03,3.361555e+01,5.915147e-05,1.109451e-04,2995330.570,2.500000e-04,5.59,3683.89
1473,4.501835e-03,3.412661e+01,7.259108e-05,7.265264e-05,2997400.025,4.367494e-03,3.426788e+01,5.896982e-05,7.020161e-05,3013166.461,2.500000e-04,5.77,3689.67
1474,4.631480e-03,3.419353e+01,7.357037e-05,9.528472e-05,2997670.521,3.779810e-03,3.359647e+01,2.770081e-05,2.863101e-05,2989359.297,2.500000e-04,5.16,3694.82
1475,4.491713e-03,3.409552e+01,6.827475e-05,7.988272e-05,2997442.834,4.425342e-03,3.448153e+01,4.569622e-05,1.040453e-04,3025797.828,2.500000e-04,5.81,3700.64
1476,4.548734e-03,3.414349e+01,6.193635e-05,1.030043e-04,2997559.182,4.345665e-03,3.440898e+01,5.542516e-05,7.010322e-05,3015703.680,2.500000e-04,5.64,3706.28
1477,4.398412e-03,3.402785e+01,6.192162e-05,7.528217e-05,2997795.670,5.478439e-03,3.573032e+01,6.487667e-05,2.513282e-04,3039671.555,2.500000e-04,5.43,3711.71
1478,4.375298e-03,3.400475e+01,5.339033e-05,8.818396e-05,2997752.248,4.160814e-03,3.407167e+01,5.808451e-05,3.456031e-05,3002116.961,2.500000e-04,5.46,3717.17
1479,4.611106e-03,3.417332e+01,7.022971e-05,9.829539e-05,2997403.867,3.900426e-03,3.412223e+01,2.443965e-05,4.876130e-05,3016500.359,2.500000e-04,4.95,3722.12
1480,4.282347e-03,3.398577e+01,5.271616e-05,7.132170e-05,2997766.746,3.980131e-03,3.388964e+01,3.819562e-05,4.184220e-05,2992884.352,2.500000e-04,5.84,3727.96
1481,4.477661e-03,3.412495e+01,6.741359e-05,7.820621e-05,2997427.191,3.862735e-03,3.369047e+01,2.986231e-05,3.901289e-05,2992994.711,2.500000e-04,5.60,3733.56
1482,4.513165e-03,3.406838e+01,6.453535e-05,9.219481e-05,2997939.646,5.137396e-03,3.359802e+01,1.073350e-04,1.408487e-04,2973130.758,2.500000e-04,5.36,3738.92
1483,4.453185e-03,3.407678e+01,5.726426e-05,9.457295e-05,2997196.383,3.729362e-03,3.389133e+01,1.775388e-05,3.253814e-05,2993848.422,2.500000e-04,5.92,3744.84
1484,4.447569e-03,3.418344e+01,6.748314e-05,7.087882e-05,2997327.775,3.916029e-03,3.416389e+01,2.758305e-05,4.476194e-05,3009449.508,2.500000e-04,5.90,3750.74
1485,4.626891e-03,3.417137e+01,8.034956e-05,8.125162e-05,2998114.686,5.188855e-03,3.308159e+01,6.284946e-05,2.504403e-04,2954969.414,2.500000e-04,5.82,3756.56
1486,4.497396e-03,3.405779e+01,6.250097e-05,9.332149e-05,2997381.256,4.420112e-03,3.431259e+01,6.527624e-05,6.721828e-05,3012315.125,2.500000e-04,5.52,3762.08
1487,4.465763e-03,3.411022e+01,6.830050e-05,7.434737e-05,2997545.025,4.521147e-03,3.413710e+01,9.779530e-05,2.589676e-05,2999826.320,2.500000e-04,5.52,3767.60
1488,4.482469e-03,3.409099e+01,6.437969e-05,8.591469e-05,2997418.160,4.903074e-03,3.339189e+01,6.975383e-05,1.732694e-04,2969544.328,2.500000e-04,6.33,3773.93
1489,4.384899e-03,3.398132e+01,5.920995e-05,7.893353e-05,2997846.842,4.517192e-03,3.347621e+01,4.781683e-05,1.382806e-04,2976886.484,2.500000e-04,5.83,3779.76
1490,4.495976e-03,3.407209e+01,7.178853e-05,7.417628e-05,2997671.232,4.799397e-03,3.335671e+01,1.059917e-04,8.076183e-05,2977135.305,2.500000e-04,5.89,3785.65
1491,4.609586e-03,3.414894e+01,7.501014e-05,8.891807e-05,2997067.770,4.921506e-03,3.435296e+01,9.740897e-05,1.024241e-04,3026482.719,2.500000e-04,5.66,3791.31
1492,4.404271e-03,3.406106e+01,6.123773e-05,7.715760e-05,2997932.115,4.291592e-03,3.436168e+01,7.573021e-05,1.962441e-05,3004041.180,2.500000e-04,5.72,3797.03
1493,4.620896e-03,3.401790e+01,7.495593e-05,9.390949e-05,2997711.812,5.335197e-03,3.338169e+01,8.355879e-05,2.322881e-04,2959328.984,2.500000e-04,5.72,3802.76
1494,4.475275e-03,3.403869e+01,6.395870e-05,8.636365e-05,2997538.137,4.452490e-03,3.363885e+01,8.874912e-05,4.022282e-05,2986265.719,2.500000e-04,5.75,3808.51
1495,4.525976e-03,3.401262e+01,6.696699e-05,9.100885e-05,2997667.533,5.443428e-03,3.367270e+01,1.117781e-04,1.916754e-04,2966313.078,2.500000e-04,5.34,3813.84
1496,4.575119e-03,3.420066e+01,6.901021e-05,9.299021e-05,2997666.904,4.239409e-03,3.369899e+01,5.891641e-05,5.606933e-05,2986049.367,2.500000e-04,5.47,3819.31
1497,4.647703e-03,3.427133e+01,7.665260e-05,9.080883e-05,2997188.934,3.784733e-03,3.415961e+01,2.061608e-05,3.252210e-05,3006618.633,2.500000e-04,6.22,3825.53
1498,4.486949e-03,3.409726e+01,6.624977e-05,8.294510e-05,2997656.057,3.929475e-03,3.384932e+01,3.893606e-05,3.103646e-05,2996811.148,2.500000e-04,5.66,3831.18
1499,4.489453e-03,3.405031e+01,6.808632e-05,8.071168e-05,2997854.201,4.455673e-03,3.341741e+01,7.804041e-05,6.670563e-05,2981437.664,2.500000e-04,5.69,3836.88
1500,4.417822e-03,3.407968e+01,6.728374e-05,6.740349e-05,2997369.441,5.041495e-03,3.452868e+01,1.086056e-04,1.005143e-04,3021393.406,2.500000e-04,5.55,3842.43
1501,4.401427e-03,3.396570e+01,5.475350e-05,9.146451e-05,2997789.541,4.048453e-03,3.368755e+01,5.554350e-05,2.485258e-05,2991071.508,2.500000e-04,5.34,3847.77
1502,4.387675e-03,3.404315e+01,5.473043e-05,8.721116e-05,2997612.176,4.742270e-03,3.334018e+01,2.345765e-05,2.347352e-04,2968795.789,2.500000e-04,5.72,3853.49
1503,4.316718e-03,3.401296e+01,5.908726e-05,6.490994e-05,2997355.781,5.711794e-03,3.448020e+01,1.662829e-04,1.201889e-04,3010213.867,2.500000e-04,5.84,3859.33
1504,4.500477e-03,3.404640e+01,5.920437e-05,1.007587e-04,2997416.029,5.961362e-03,3.523038e+01,2.473356e-05,4.381977e-04,3056220.297,2.500000e-04,5.57,3864.90
1505,4.438281e-03,3.406003e+01,6.229043e-05,8.187488e-05,2998050.033,4.444803e-03,3.361491e+01,7.324486e-05,7.017260e-05,2979010.164,2.500000e-04,5.99,3870.89
1506,4.407828e-03,3.402380e+01,5.881789e-05,8.345388e-05,2997468.541,4.511328e-03,3.440737e+01,8.300981e-05,4.809872e-05,3007762.945,2.500000e-04,6.05,3876.94
1507,4.311910e-03,3.396578e+01,5.693626e-05,6.919381e-05,2997589.752,3.727506e-03,3.392634e+01,2.092283e-05,2.512870e-05,3007790.367,2.500000e-04,5.81,3882.75
1508,4.786540e-03,3.422136e+01,7.652590e-05,1.198290e-04,2997495.719,4.507087e-03,3.494505e+01,4.604284e-05,1.104307e-04,3025561.250,2.500000e-04,5.32,3888.07
1509,4.442615e-03,3.404880e+01,6.435111e-05,7.884478e-05,2997654.324,4.258198e-03,3.306337e+01,2.550332e-05,1.393655e-04,2968061.031,2.500000e-04,5.93,3894.00
1510,4.343929e-03,3.398995e+01,5.845684e-05,7.207307e-05,2997450.088,3.958048e-03,3.433324e+01,3.658304e-05,3.177855e-05,3004242.742,2.500000e-04,5.89,3899.89
1511,4.410182e-03,3.414064e+01,6.615458e-05,6.691447e-05,2997416.736,4.601244e-03,3.457294e+01,3.567999e-05,1.574300e-04,3033740.758,2.500000e-04,5.61,3905.50
1512,4.343169e-03,3.389393e+01,5.977174e-05,7.121165e-05,2998105.283,4.483717e-03,3.373516e+01,5.794760e-05,1.061451e-04,2976309.727,2.500000e-04,5.61,3911.11
1513,4.458121e-03,3.412920e+01,5.956318e-05,8.991381e-05,2997223.223,4.068757e-03,3.402653e+01,4.857901e-05,3.606273e-05,3000786.070,2.500000e-04,6.10,3917.21
1514,4.406827e-03,3.400297e+01,5.960541e-05,8.209526e-05,2997814.645,3.953322e-03,3.377449e+01,2.118198e-05,7.281080e-05,2992679.906,2.500000e-04,5.59,3922.80
1515,4.435802e-03,3.399979e+01,6.638772e-05,7.438916e-05,2997870.291,5.154454e-03,3.282232e+01,5.738933e-05,2.596659e-04,2953670.828,2.500000e-04,5.78,3928.58
1516,4.378749e-03,3.398140e+01,5.676768e-05,8.258661e-05,2997441.990,4.543047e-03,3.408095e+01,8.554493e-05,5.590069e-05,2998815.602,2.500000e-04,5.21,3933.80
1517,4.522220e-03,3.412137e+01,6.666794e-05,8.868065e-05,2997706.857,4.213452e-03,3.362351e+01,4.630434e-05,7.761150e-05,2985502.828,2.500000e-04,5.88,3939.67
1518,4.337324e-03,3.394398e+01,5.972376e-05,6.913770e-05,2997248.617,3.762734e-03,3.392991e+01,2.620581e-05,2.153692e-05,3006499.727,2.500000e-04,5.48,3945.16
1519,4.374527e-03,3.408716e+01,5.538404e-05,8.239410e-05,2997916.248,3.761410e-03,3.370111e+01,1.245577e-05,5.334834e-05,2991211.422,2.500000e-04,5.87,3951.02
1520,4.621528e-03,3.410526e+01,7.730393e-05,8.759256e-05,2997315.527,4.185979e-03,3.454867e+01,4.366705e-05,5.888837e-05,3014872.133,2.500000e-04,5.31,3956.33
1521,4.457263e-03,3.408014e+01,6.025701e-05,8.933582e-05,2997472.594,3.965349e-03,3.390946e+01,4.316450e-05,2.855163e-05,3006752.148,2.500000e-04,6.02,3962.35
1522,4.538264e-03,3.412677e+01,6.880498e-05,8.750737e-05,2997582.412,6.045898e-03,3.482245e+01,2.087800e-04,9.517061e-05,3026101.914,2.500000e-04,5.72,3968.07
1523,4.700430e-03,3.412484e+01,7.514834e-05,1.072924e-04,2997582.549,4.271165e-03,3.419233e+01,6.118372e-05,4.801893e-05,2992409.070,2.500000e-04,6.08,3974.15
1524,4.419833e-03,3.403148e+01,6.112765e-05,8.108168e-05,2997733.775,3.977063e-03,3.445210e+01,3.244792e-05,4.147470e-05,3013384.750,2.500000e-04,5.82,3979.97
1525,4.620291e-03,3.423508e+01,7.138823e-05,9.658030e-05,2997641.041,4.745129e-03,3.410623e+01,5.403374e-05,1.588338e-04,2975705.547,2.500000e-04,5.58,3985.55
1526,4.719202e-03,3.425003e+01,7.988129e-05,9.907725e-05,2997999.131,6.309995e-03,3.267858e+01,8.862736e-05,4.311729e-04,2940075.391,2.500000e-04,5.49,3991.04
1527,4.667848e-03,3.412689e+01,7.857118e-05,9.388938e-05,2996817.576,3.999145e-03,3.430884e+01,3.097037e-05,5.171139e-05,3014556.305,2.500000e-04,4.88,3995.93
1528,4.580599e-03,3.421828e+01,6.632712e-05,9.909994e-05,2997633.627,5.338470e-03,3.510854e+01,1.179899e-04,1.295433e-04,3029980.148,2.500000e-04,6.03,4001.96
1529,4.570835e-03,3.409263e+01,7.361238e-05,8.508966e-05,2997604.744,4.770650e-03,3.336263e+01,6.892326e-05,1.490310e-04,2967439.289,2.500000e-04,5.72,4007.68
1530,4.549819e-03,3.416965e+01,7.089632e-05,8.477809e-05,2997651.500,3.687115e-03,3.349537e+01,1.979353e-05,2.792864e-05,2989062.672,2.500000e-04,5.87,4013.55
1531,4.460977e-03,3.400533e+01,7.122124e-05,6.964650e-05,2997408.584,3.680525e-03,3.409400e+01,1.648005e-05,2.126480e-05,3006253.359,2.500000e-04,5.72,4019.27
1532,4.403738e-03,3.400526e+01,6.232342e-05,7.599559e-05,2997630.066,4.376539e-03,3.504981e+01,2.481136e-05,1.246889e-04,3021239.734,2.500000e-04,5.49,4024.77
1533,4.766471e-03,3.425465e+01,8.243837e-05,1.033245e-04,2997731.775,4.466123e-03,3.416385e+01,7.893351e-05,5.208065e-05,2984183.695,2.500000e-04,6.00,4030.77
1534,4.365879e-03,3.395176e+01,5.997991e-05,7.418078e-05,2997612.426,7.993175e-03,3.500366e+01,4.132544e-04,7.205317e-05,3011632.500,2.500000e-04,5.36,4036.13
1535,4.593758e-03,3.408807e+01,7.007364e-05,9.684292e-05,2997709.758,3.841661e-03,3.365873e+01,2.521725e-05,4.472294e-05,2984898.812,2.500000e-04,6.10,4042.23
1536,4.481488e-03,3.403605e+01,6.477856e-05,8.601945e-05,2997208.930,4.509604e-03,3.444939e+01,3.229527e-05,1.483425e-04,3031554.117,2.500000e-04,5.62,4047.85
1537,4.496094e-03,3.407374e+01,6.015747e-05,9.742906e-05,2997740.650,3.717198e-03,3.347399e+01,2.079546e-05,3.236875e-05,2986943.547,2.500000e-04,5.61,4053.46
1538,4.228724e-03,3.397064e+01,5.167491e-05,6.298224e-05,2997796.871,4.237843e-03,3.394411e+01,3.828307e-05,9.212019e-05,2981250.422,2.500000e-04,5.84,4059.29
1539,4.471461e-03,3.405337e+01,6.203084e-05,8.916307e-05,2997361.471,4.461050e-03,3.479075e+01,2.626745e-05,1.438602e-04,3031134.625,2.500000e-04,5.89,4065.18
1540,4.299455e-03,3.403771e+01,5.410697e-05,7.092281e-05,2997965.033,4.876555e-03,3.412421e+01,9.839135e-05,9.604418e-05,3010776.359,2.500000e-04,5.43,4070.62
1541,4.330775e-03,3.400120e+01,5.545358e-05,7.522386e-05,2997750.469,6.477016e-03,3.345161e+01,1.166795e-04,3.930120e-04,2949454.641,2.500000e-04,5.60,4076.21
1542,4.442506e-03,3.404919e+01,6.249521e-05,8.252709e-05,2997415.617,5.228498e-03,3.419528e+01,1.231588e-04,1.154766e-04,2977442.992,2.500000e-04,5.36,4081.57
1543,4.458927e-03,3.411394e+01,6.354213e-05,8.242241e-05,2997387.123,4.406759e-03,3.432640e+01,7.547405e-05,4.387563e-05,3014948.414,2.500000e-04,5.52,4087.09
1544,4.683510e-03,3.421256e+01,7.136193e-05,1.097269e-04,2997272.246,4.496551e-03,3.457059e+01,2.232902e-05,1.632403e-04,3033659.523,2.500000e-04,5.46,4092.55
1545,4.269302e-03,3.404955e+01,5.447361e-05,6.392210e-05,2997713.551,4.333848e-03,3.366952e+01,7.645504e-05,4.046907e-05,2988985.406,2.500000e-04,5.52,4098.08
1546,4.441735e-03,3.406805e+01,5.945207e-05,8.808189e-05,2997370.566,6.218488e-03,3.536335e+01,1.023495e-04,3.317316e-04,3051630.242,2.500000e-04,5.56,4103.64
1547,4.447283e-03,3.411604e+01,5.728895e-05,9.255803e-05,2998016.795,5.124462e-03,3.466838e+01,1.141926e-04,1.031397e-04,3020615.211,2.500000e-04,5.37,4109.00
1548,4.393530e-03,3.400022e+01,5.476643e-05,8.916880e-05,2997560.479,3.946811e-03,3.414918e+01,2.863153e-05,4.911554e-05,3001309.930,2.500000e-04,5.54,4114.55
1549,4.286947e-03,3.404423e+01,5.665665e-05,6.319133e-05,2997823.582,8.053976e-03,3.604019e+01,2.630619e-04,3.638676e-04,3053060.109,2.500000e-04,5.86,4120.40
1550,4.597802e-03,3.425624e+01,7.140565e-05,9.162434e-05,2997735.930,3.872314e-03,3.372972e+01,2.790485e-05,4.405881e-05,2985963.586,2.500000e-04,5.91,4126.32
1551,4.607655e-03,3.406307e+01,6.893054e-05,1.024085e-04,2997610.939,4.432268e-03,3.364408e+01,7.793563e-05,5.770087e-05,2989214.016,2.500000e-04,6.00,4132.32
1552,4.495326e-03,3.398271e+01,6.221862e-05,9.497371e-05,2997366.393,4.171668e-03,3.419221e+01,4.861474e-05,5.325992e-05,3006968.867,2.500000e-04,5.77,4138.10
1553,4.550141e-03,3.408450e+01,6.990107e-05,8.853598e-05,2997417.543,3.826080e-03,3.381286e+01,3.699207e-05,1.497464e-05,2998882.828,2.500000e-04,5.61,4143.71
1554,4.448314e-03,3.402878e+01,6.154934e-05,8.598865e-05,2998036.709,5.347541e-03,3.350703e+01,4.837564e-05,3.026164e-04,2952663.469,2.500000e-04,5.85,4149.55
1555,4.367020e-03,3.404582e+01,5.990404e-05,7.267972e-05,2997238.730,3.937418e-03,3.414758e+01,3.401414e-05,3.650367e-05,3014127.195,2.500000e-04,5.47,4155.03
1556,4.489174e-03,3.411680e+01,6.398978e-05,8.751938e-05,2997635.127,4.682596e-03,3.334951e+01,7.056401e-05,1.284011e-04,2970653.172,2.500000e-04,5.48,4160.51
1557,4.467147e-03,3.410615e+01,6.769336e-05,7.591971e-05,2997785.033,4.229616e-03,3.335455e+01,3.026756e-05,1.182972e-04,2974466.883,2.500000e-04,5.17,4165.68
1558,4.359383e-03,3.401921e+01,5.690474e-05,7.768293e-05,2997292.631,5.373606e-03,3.441404e+01,1.708315e-04,4.477757e-05,3008476.227,2.500000e-04,5.81,4171.49
1559,4.430292e-03,3.400356e+01,6.280812e-05,8.037092e-05,2997691.473,6.598574e-03,3.430234e+01,3.023819e-04,2.890433e-05,2994825.109,2.500000e-04,5.91,4177.39
1560,4.547595e-03,3.414031e+01,7.063572e-05,8.544137e-05,2997568.230,5.472438e-03,3.339560e+01,5.807242e-05,3.104309e-04,2948438.547,2.500000e-04,5.56,4182.95
1561,4.518354e-03,3.417526e+01,7.094838e-05,7.826895e-05,2997346.875,4.275345e-03,3.432528e+01,3.762888e-05,9.330561e-05,3022540.406,2.500000e-04,5.67,4188.63
1562,4.746892e-03,3.415078e+01,7.521336e-05,1.159361e-04,2997853.721,4.847201e-03,3.372166e+01,6.543547e-05,1.641359e-04,2970983.172,2.500000e-04,5.42,4194.05
1563,4.621185e-03,3.420584e+01,7.631968e-05,8.748091e-05,2997222.521,6.992134e-03,3.459011e+01,3.303764e-04,4.587167e-05,3011156.664,2.500000e-04,5.91,4199.96
1564,4.380688e-03,3.410583e+01,6.109235e-05,7.183629e-05,2997396.463,3.967196e-03,3.398009e+01,4.174341e-05,3.035046e-05,2996693.062,2.500000e-04,4.99,4204.94
1565,4.348186e-03,3.398450e+01,5.840553e-05,7.313622e-05,2997600.779,3.856440e-03,3.433828e+01,2.423755e-05,3.604733e-05,2999053.172,2.500000e-04,5.91,4210.85
1566,4.398653e-03,3.417296e+01,6.140345e-05,7.346452e-05,2997896.117,4.421505e-03,3.396618e+01,4.640142e-05,1.121744e-04,2980634.609,2.500000e-04,6.05,4216.90
1567,4.451949e-03,3.409327e+01,5.895970e-05,9.060490e-05,2997492.936,4.378815e-03,3.461553e+01,6.692365e-05,4.960517e-05,3016990.273,2.500000e-04,5.83,4222.73
1568,4.519554e-03,3.409493e+01,6.692743e-05,8.815734e-05,2997386.611,4.933940e-03,3.476731e+01,1.146773e-04,6.208712e-05,3011841.398,2.500000e-04,5.93,4228.66
1569,4.479294e-03,3.422805e+01,6.276895e-05,8.575983e-05,2997600.605,3.999342e-03,3.439703e+01,2.094478e-05,7.003833e-05,3015829.305,2.500000e-04,5.94,4234.60
1570,4.540509e-03,3.418709e+01,6.736648e-05,8.962707e-05,2997395.602,4.310335e-03,3.457450e+01,3.521616e-05,1.001448e-04,3027191.320,2.500000e-04,5.76,4240.37
1571,4.495301e-03,3.409942e+01,6.535583e-05,8.636023e-05,2997847.338,4.929201e-03,3.467226e+01,1.288262e-04,3.474262e-05,2992493.023,2.500000e-04,5.56,4245.93
1572,4.283799e-03,3.402756e+01,5.293272e-05,7.034323e-05,2997683.307,5.908051e-03,3.531803e+01,1.913999e-04,9.244986e-05,3019329.141,2.500000e-04,6.02,4251.95
1573,4.456375e-03,3.409066e+01,6.679756e-05,7.586679e-05,2997592.658,4.156200e-03,3.386435e+01,5.758735e-05,3.877816e-05,3007211.867,2.500000e-04,5.85,4257.80
1574,4.282680e-03,3.394944e+01,5.638900e-05,6.476941e-05,2997579.715,4.214603e-03,3.380024e+01,5.186276e-05,6.319021e-05,2989123.961,2.500000e-04,5.57,4263.38
1575,4.560006e-03,3.405760e+01,7.160177e-05,8.764576e-05,2997502.508,3.979911e-03,3.372302e+01,3.783947e-05,4.584284e-05,2983582.422,2.500000e-04,5.69,4269.07
1576,4.450397e-03,3.406900e+01,5.626936e-05,9.616061e-05,2997617.020,3.841574e-03,3.399302e+01,3.273488e-05,2.298460e-05,2998999.164,2.500000e-04,5.49,4274.57
1577,4.378169e-03,3.396487e+01,5.603757e-05,8.426139e-05,2997551.807,3.749304e-03,3.367542e+01,1.821677e-05,3.991880e-05,2990895.789,2.500000e-04,5.69,4280.26
1578,4.489081e-03,3.412513e+01,6.694283e-05,8.142793e-05,2997456.227,5.111085e-03,3.475449e+01,1.197003e-04,8.772665e-05,3021534.711,2.500000e-04,5.89,4286.14
1579,4.576327e-03,3.416325e+01,7.415666e-05,8.368713e-05,2997904.586,4.474470e-03,3.464242e+01,7.026744e-05,6.151065e-05,3015018.047,2.500000e-04,5.10,4291.24
1580,4.720718e-03,3.403161e+01,7.624306e-05,1.110253e-04,2996932.941,4.552077e-03,3.444881e+01,7.381214e-05,7.381475e-05,3018154.016,2.500000e-04,5.54,4296.79
1581,4.432671e-03,3.399792e+01,5.756218e-05,9.145132e-05,2998256.646,3.765943e-03,3.381222e+01,2.462820e-05,2.768771e-05,2990744.805,2.500000e-04,6.60,4303.38
1582,4.408244e-03,3.401382e+01,5.949711e-05,8.237821e-05,2997640.607,5.371580e-03,3.433143e+01,1.659248e-04,5.583773e-05,2988420.312,2.500000e-04,5.86,4309.24
1583,4.419610e-03,3.403434e+01,6.514788e-05,7.293942e-05,2997555.146,4.326662e-03,3.398213e+01,7.577037e-05,3.414916e-05,2993982.500,2.500000e-04,5.73,4314.97
1584,4.420312e-03,3.405803e+01,6.054240e-05,8.181705e-05,2997483.805,4.032430e-03,3.344147e+01,3.649883e-05,6.465909e-05,2980616.609,2.500000e-04,5.69,4320.67
1585,4.593111e-03,3.405081e+01,7.069965e-05,9.620681e-05,2997304.061,4.006316e-03,3.380396e+01,3.496819e-05,5.524757e-05,2991536.570,2.500000e-04,5.87,4326.54
1586,4.496958e-03,3.414761e+01,6.304674e-05,9.034589e-05,2997770.682,4.702533e-03,3.506910e+01,1.017609e-04,3.560305e-05,3012586.211,2.500000e-04,5.99,4332.53
1587,4.476788e-03,3.409237e+01,6.585927e-05,8.179174e-05,2997467.984,4.504155e-03,3.352573e+01,3.730544e-05,1.557056e-04,2968179.164,2.500000e-04,5.97,4338.51
1588,4.467371e-03,3.410116e+01,6.728074e-05,7.688948e-05,2997622.926,4.828263e-03,3.498002e+01,8.299149e-05,1.000693e-04,3021128.938,2.500000e-04,5.32,4343.83
1589,4.447255e-03,3.411697e+01,6.778929e-05,7.153301e-05,2997714.850,4.081341e-03,3.357969e+01,3.775788e-05,6.915861e-05,2983625.797,2.500000e-04,5.50,4349.33
1590,4.430891e-03,3.407798e+01,5.905964e-05,8.649925e-05,2997259.262,4.470212e-03,3.460921e+01,4.999275e-05,1.018727e-04,3025938.242,2.500000e-04,5.48,4354.81
1591,4.505878e-03,3.400841e+01,6.628205e-05,8.844321e-05,2997676.379,4.154918e-03,3.392759e+01,5.835300e-05,3.572583e-05,2997266.734,2.500000e-04,5.36,4360.17
1592,4.368572e-03,3.409756e+01,6.509551e-05,6.157235e-05,2997593.486,4.140452e-03,3.446449e+01,3.559807e-05,6.760434e-05,3017620.414,2.500000e-04,5.66,4365.82
1593,4.469479e-03,3.417449e+01,6.465333e-05,8.109936e-05,2998047.295,4.109341e-03,3.331183e+01,3.028357e-05,9.506446e-05,2976999.094,2.500000e-04,5.76,4371.58
1594,4.455986e-03,3.410478e+01,6.849202e-05,7.211766e-05,2997275.621,4.032414e-03,3.422511e+01,4.862879e-05,2.472297e-05,3002334.961,2.500000e-04,5.84,4377.42
1595,4.384339e-03,3.407829e+01,6.019407e-05,7.491391e-05,2997563.738,3.844386e-03,3.386716e+01,2.839269e-05,3.474862e-05,2999592.070,2.500000e-04,5.30,4382.73
1596,4.823769e-03,3.437574e+01,8.196021e-05,1.133186e-04,2997548.773,5.018268e-03,3.401925e+01,1.410914e-04,4.108581e-05,2990704.992,2.500000e-04,5.79,4388.51
1597,4.635473e-03,3.413962e+01,7.841986e-05,8.746255e-05,2997337.451,4.988910e-03,3.499909e+01,5.963296e-05,1.785342e-04,3018655.977,2.500000e-04,5.66,4394.17
1598,4.522205e-03,3.423006e+01,6.718444e-05,8.547097e-05,2997778.457,6.005758e-03,3.428495e+01,2.375374e-04,4.037776e-05,2990666.750,2.500000e-04,5.94,4400.11
1599,4.605523e-03,3.410311e+01,7.428227e-05,9.047779e-05,2996980.387,4.905375e-03,3.507607e+01,6.741635e-05,1.447211e-04,3033282.867,2.500000e-04,5.61,4405.72
1600,4.329220e-03,3.408928e+01,5.726380e-05,6.953072e-05,2998305.527,4.509018e-03,3.316878e+01,3.904601e-05,1.603361e-04,2965973.891,2.500000e-04,5.87,4411.58
1601,4.651927e-03,3.425643e+01,7.639595e-05,9.246495e-05,2997525.055,4.269290e-03,3.411239e+01,6.903961e-05,3.353104e-05,3008222.609,2.500000e-04,5.50,4417.08
1602,4.591348e-03,3.416112e+01,7.839107e-05,7.826507e-05,2997315.023,4.020659e-03,3.352567e+01,4.466611e-05,4.428616e-05,2984949.406,2.500000e-04,5.47,4422.55
1603,4.716942e-03,3.428388e+01,8.297394e-05,9.176298e-05,2997559.998,6.080092e-03,3.342484e+01,7.703026e-05,3.934611e-04,2945761.133,2.500000e-04,5.86,4428.40
1604,4.661529e-03,3.414790e+01,6.760920e-05,1.141295e-04,2997784.201,4.318228e-03,3.442772e+01,6.233404e-05,5.042308e-05,2989023.531,2.500000e-04,5.37,4433.77
1605,4.588801e-03,3.421980e+01,7.559674e-05,8.217062e-05,2997409.754,3.839468e-03,3.416474e+01,2.954017e-05,2.551833e-05,3001848.617,2.500000e-04,5.62,4439.39
1606,4.594839e-03,3.414592e+01,7.327279e-05,8.950382e-05,2997436.830,4.036535e-03,3.415314e+01,3.581464e-05,5.261494e-05,3015877.750,2.500000e-04,5.82,4445.21
1607,4.487616e-03,3.418702e+01,7.060136e-05,7.257993e-05,2997778.564,3.919471e-03,3.343628e+01,3.762601e-05,3.991649e-05,2985217.141,2.500000e-04,6.12,4451.34
1608,4.680679e-03,3.416856e+01,7.865302e-05,9.545843e-05,2997279.182,4.722105e-03,3.489728e+01,3.862505e-05,1.692253e-04,3029491.062,2.500000e-04,5.85,4457.19
1609,4.650849e-03,3.428040e+01,7.770032e-05,8.916109e-05,2997401.428,3.957829e-03,3.387744e+01,4.623879e-05,2.153930e-05,2991318.648,2.500000e-04,5.71,4462.90
1610,4.488112e-03,3.410916e+01,6.501731e-05,8.540456e-05,2997803.033,5.200101e-03,3.417121e+01,1.487880e-04,5.901990e-05,2985016.656,2.500000e-04,6.12,4469.02
1611,4.608893e-03,3.411174e+01,7.251242e-05,9.451882e-05,2997541.541,4.571152e-03,3.400921e+01,6.859129e-05,9.686373e-05,2976574.148,2.500000e-04,5.72,4474.74
1612,4.751587e-03,3.423915e+01,7.814131e-05,1.092517e-04,2997036.234,5.947558e-03,3.591507e+01,4.840578e-05,3.743988e-04,3056019.641,2.500000e-04,6.08,4480.82
1613,4.981416e-03,3.438092e+01,9.572419e-05,1.172165e-04,2998225.283,4.625838e-03,3.340478e+01,6.717069e-05,1.227308e-04,2972376.297,2.500000e-04,6.05,4486.87
1614,4.695636e-03,3.429812e+01,7.958596e-05,9.399281e-05,2997148.775,3.962947e-03,3.452583e+01,2.877942e-05,4.451392e-05,3013079.992,2.500000e-04,5.85,4492.73
1615,4.586810e-03,3.426175e+01,7.382514e-05,8.447680e-05,2997472.625,4.013108e-03,3.419842e+01,3.220653e-05,5.424017e-05,3001933.070,2.500000e-04,5.74,4498.46
1616,4.347070e-03,3.409469e+01,5.835588e-05,7.080862e-05,2997731.592,5.129769e-03,3.346234e+01,9.562153e-05,1.654641e-04,2964157.477,2.500000e-04,6.14,4504.61
1617,4.487018e-03,3.410121e+01,6.272160e-05,8.993611e-05,2997666.307,5.727571e-03,3.372775e+01,1.112998e-04,2.483597e-04,2958769.719,2.500000e-04,6.19,4510.79
1618,4.535236e-03,3.423553e+01,6.939956e-05,8.353758e-05,2997376.988,4.186861e-03,3.465432e+01,3.805789e-05,6.817009e-05,3017864.602,2.500000e-04,5.03,4515.82
1619,4.577304e-03,3.419317e+01,7.529489e-05,8.100768e-05,2997418.885,4.978045e-03,3.398906e+01,9.269996e-05,1.304280e-04,2970817.891,2.500000e-04,5.96,4521.78
1620,4.707724e-03,3.426012e+01,7.796064e-05,1.004210e-04,2997631.248,4.752283e-03,3.384631e+01,9.408452e-05,8.536132e-05,2978613.422,2.500000e-04,5.62,4527.41
1621,4.906543e-03,3.423896e+01,1.035480e-04,8.943352e-05,2997398.961,4.025956e-03,3.395487e+01,4.529044e-05,3.551296e-05,2999320.016,2.500000e-04,5.83,4533.23
1622,4.445814e-03,3.415741e+01,6.905198e-05,6.791068e-05,2997681.039,4.181428e-03,3.395327e+01,5.524220e-05,4.673591e-05,2995760.391,2.500000e-04,5.50,4538.74
1623,4.598085e-03,3.428438e+01,6.998795e-05,9.395352e-05,2997444.326,4.973415e-03,3.470068e+01,1.291110e-04,4.244734e-05,3008035.172,2.500000e-04,5.50,4544.24
1624,4.912008e-03,3.441401e+01,9.876895e-05,9.658354e-05,2997387.473,4.940587e-03,3.477466e+01,1.302145e-04,3.219506e-05,3003024.203,2.500000e-04,5.58,4549.82
1625,4.798004e-03,3.440861e+01,9.115768e-05,8.911323e-05,2997507.611,4.407880e-03,3.429677e+01,8.497503e-05,2.569062e-05,3003489.539,2.500000e-04,5.44,4555.26
1626,4.494399e-03,3.422742e+01,6.921468e-05,7.590222e-05,2997895.100,4.793267e-03,3.379726e+01,1.002216e-04,8.226508e-05,2977731.469,2.500000e-04,5.57,4560.83
1627,4.518879e-03,3.424734e+01,7.181589e-05,7.519733e-05,2997442.551,3.786199e-03,3.402622e+01,2.830520e-05,2.010502e-05,3003454.508,2.500000e-04,5.70,4566.53
1628,4.692345e-03,3.418996e+01,7.508218e-05,1.045056e-04,2997713.439,4.358177e-03,3.393784e+01,7.729495e-05,3.828874e-05,2988780.188,2.500000e-04,5.25,4571.78
1629,4.556087e-03,3.413779e+01,7.073440e-05,8.699276e-05,2997447.109,3.952885e-03,3.416633e+01,4.587582e-05,1.549869e-05,3003628.828,2.500000e-04,5.73,4577.50
1630,4.806430e-03,3.427479e+01,8.944453e-05,9.690130e-05,2997301.742,4.193552e-03,3.420656e+01,5.864397e-05,3.729131e-05,2997506.984,2.500000e-04,5.66,4583.17
1631,4.416361e-03,3.413290e+01,6.157548e-05,7.746344e-05,2997966.039,4.876840e-03,3.344339e+01,1.035032e-04,9.949377e-05,2976134.750,2.500000e-04,5.95,4589.12
1632,4.495129e-03,3.407471e+01,6.912148e-05,7.928866e-05,2997244.262,4.564636e-03,3.343231e+01,6.358717e-05,1.171067e-04,2972946.703,2.500000e-04,5.72,4594.85
1633,5.347059e-03,3.460991e+01,1.286283e-04,1.199570e-04,2997381.092,5.449163e-03,3.384617e+01,1.955212e-04,2.186677e-05,2997013.164,2.500000e-04,5.60,4600.45
1634,4.816457e-03,3.430745e+01,9.276089e-05,9.162061e-05,2997215.666,5.343239e-03,3.472312e+01,1.573358e-04,5.951384e-05,3016839.227,2.500000e-04,5.91,4606.36
1635,4.584291e-03,3.412348e+01,7.268653e-05,8.901552e-05,2998381.418,6.415153e-03,3.367752e+01,1.055258e-04,3.984288e-04,2947528.820,2.500000e-04,6.12,4612.48
1636,4.702096e-03,3.429723e+01,8.367660e-05,8.712143e-05,2996760.529,4.343425e-03,3.408295e+01,6.650546e-05,5.401498e-05,2994790.133,2.500000e-04,6.21,4618.70
1637,4.679723e-03,3.415036e+01,7.676499e-05,9.940743e-05,2997502.898,5.141054e-03,3.451534e+01,1.539455e-04,3.001290e-05,3000527.438,2.500000e-04,5.38,4624.07
1638,4.641034e-03,3.423090e+01,7.576863e-05,9.205150e-05,2997436.145,4.237165e-03,3.418581e+01,6.784886e-05,2.801917e-05,3001248.984,2.500000e-04,5.61,4629.68
1639,4.706562e-03,3.422290e+01,9.000727e-05,7.684000e-05,2997673.023,5.018406e-03,3.394753e+01,1.187451e-04,8.724040e-05,2986803.789,2.500000e-04,5.65,4635.33
1640,4.462528e-03,3.418695e+01,6.821391e-05,7.233884e-05,2997585.900,4.591989e-03,3.393595e+01,9.698641e-05,4.570607e-05,2989394.117,2.500000e-04,5.79,4641.12
1641,4.738439e-03,3.430674e+01,8.064321e-05,1.002666e-04,2997176.963,5.249216e-03,3.442955e+01,1.488307e-04,6.359083e-05,3011628.922,2.500000e-04,5.12,4646.25
1642,4.618615e-03,3.421279e+01,7.569838e-05,8.807042e-05,2997778.271,4.292665e-03,3.360919e+01,6.686367e-05,5.262198e-05,2984934.344,2.500000e-04,4.88,4651.12
1643,4.562316e-03,3.415591e+01,6.605241e-05,9.724014e-05,2997832.062,6.139081e-03,3.278643e+01,3.969230e-05,4.927030e-04,2935183.906,2.500000e-04,5.76,4656.88
1644,4.556767e-03,3.419355e+01,7.116217e-05,8.515808e-05,2996896.250,4.195392e-03,3.378462e+01,3.053429e-05,1.023174e-04,2979158.133,2.500000e-04,5.51,4662.39
1645,4.479771e-03,3.419685e+01,7.052903e-05,7.095912e-05,2997722.209,4.373088e-03,3.456777e+01,4.944529e-05,8.437157e-05,3020928.141,2.500000e-04,5.82,4668.21
1646,4.661220e-03,3.418079e+01,8.235359e-05,8.392100e-05,2997652.912,5.827893e-03,3.474195e+01,2.077699e-04,5.519967e-05,2992253.766,2.500000e-04,5.88,4674.09
1647,4.384298e-03,3.408756e+01,6.461862e-05,6.587112e-05,2997568.031,4.268384e-03,3.417598e+01,5.576962e-05,5.861795e-05,3013936.836,2.500000e-04,5.62,4679.71
1648,4.564434e-03,3.419760e+01,6.807197e-05,9.279100e-05,2997712.291,5.007578e-03,3.470707e+01,1.091840e-04,8.900593e-05,3015757.039,2.500000e-04,5.60,4685.30
1649,4.514162e-03,3.417033e+01,6.970750e-05,8.001071e-05,2997620.928,4.280369e-03,3.354060e+01,5.193946e-05,8.138290e-05,2975904.211,2.500000e-04,5.51,4690.82
1650,4.533873e-03,3.398058e+01,7.017203e-05,8.681884e-05,2997524.492,4.464142e-03,3.486048e+01,3.458678e-05,1.264453e-04,3031400.281,2.500000e-04,5.30,4696.12
1651,4.444014e-03,3.405173e+01,6.267035e-05,8.242733e-05,2997589.145,3.969773e-03,3.358113e+01,3.604336e-05,5.024522e-05,2983623.625,2.500000e-04,4.77,4700.89
1652,4.605089e-03,3.418055e+01,7.809320e-05,8.122056e-05,2997602.260,4.448595e-03,3.346148e+01,3.252379e-05,1.554419e-04,2969483.773,2.500000e-04,5.80,4706.70
1653,4.562628e-03,3.416754e+01,7.055606e-05,8.806260e-05,2997349.990,4.216174e-03,3.450419e+01,2.584405e-05,1.014631e-04,3025534.805,2.500000e-04,5.58,4712.28
1654,4.691223e-03,3.419497e+01,8.134102e-05,9.166307e-05,2997561.607,4.561731e-03,3.356964e+01,8.517109e-05,7.061125e-05,2982847.688,2.500000e-04,5.51,4717.78
1655,4.399518e-03,3.399172e+01,6.031334e-05,7.944249e-05,2997357.963,3.856755e-03,3.447540e+01,3.039952e-05,2.104414e-05,3006908.617,2.500000e-04,5.29,4723.08
1656,4.427353e-03,3.410430e+01,5.882262e-05,8.573937e-05,2997935.184,5.444245e-03,3.359182e+01,1.448094e-04,1.273938e-04,2972230.102,2.500000e-04,5.31,4728.39
1657,4.589078e-03,3.427579e+01,7.704736e-05,7.820522e-05,2997438.391,5.210441e-03,3.373928e+01,1.623703e-04,4.256190e-05,2990785.406,2.500000e-04,5.19,4733.58
1658,4.503145e-03,3.418767e+01,7.337944e-05,7.011660e-05,2997603.461,4.015433e-03,3.401925e+01,5.385454e-05,1.499241e-05,2997635.656,2.500000e-04,5.27,4738.85
1659,4.355836e-03,3.406292e+01,5.970896e-05,7.049099e-05,2997484.428,4.573660e-03,3.432121e+01,9.925510e-05,2.979763e-05,3002685.438,2.500000e-04,5.47,4744.33
1660,4.661223e-03,3.419644e+01,7.077509e-05,1.067656e-04,2997518.738,4.207056e-03,3.412530e+01,6.654382e-05,2.581776e-05,3010598.648,2.500000e-04,5.86,4750.19
1661,4.538060e-03,3.402741e+01,7.471267e-05,7.763852e-05,2997297.785,4.863374e-03,3.459254e+01,8.965151e-05,1.015211e-04,3017498.547,2.500000e-04,5.20,4755.38
1662,4.548856e-03,3.421126e+01,6.814642e-05,8.925316e-05,2998094.277,5.591030e-03,3.389922e+01,6.653352e-05,3.071547e-04,2978223.352,2.500000e-04,5.40,4760.79
1663,4.448198e-03,3.404709e+01,6.812982e-05,7.243811e-05,2997417.178,4.422782e-03,3.347312e+01,5.974643e-05,9.560108e-05,2977490.414,2.500000e-04,5.39,4766.18
1664,4.547955e-03,3.417526e+01,7.859935e-05,6.888707e-05,2997710.123,6.728248e-03,3.318133e+01,1.395786e-04,4.028658e-04,2944257.188,2.500000e-04,5.21,4771.40
1665,4.306590e-03,3.393229e+01,5.750041e-05,6.767150e-05,2997254.625,5.174082e-03,3.503343e+01,1.182349e-04,9.767803e-05,3025931.844,2.500000e-04,5.62,4777.02
1666,4.603077e-03,3.409549e+01,7.302732e-05,9.265097e-05,2997434.688,5.600750e-03,3.511747e+01,8.154268e-05,2.547153e-04,3043230.266,2.500000e-04,5.85,4782.87
1667,4.669370e-03,3.433557e+01,7.564727e-05,9.586820e-05,2997867.117,6.287317e-03,3.566786e+01,2.406617e-04,6.278277e-05,3002370.695,2.500000e-04,5.55,4788.42
1668,4.459565e-03,3.418084e+01,7.012979e-05,6.803679e-05,2997876.121,5.120191e-03,3.279306e+01,5.797394e-05,2.522291e-04,2956023.062,2.500000e-04,5.26,4793.68
1669,4.305945e-03,3.405191e+01,6.084356e-05,5.846360e-05,2997339.543,3.988977e-03,3.359480e+01,3.367212e-05,5.855509e-05,2983760.188,2.500000e-04,6.01,4799.69
1670,4.289369e-03,3.406479e+01,5.608857e-05,6.440095e-05,2997448.803,4.486100e-03,3.422472e+01,5.181217e-05,1.091013e-04,3024117.125,2.500000e-04,5.76,4805.45
1671,4.378445e-03,3.404929e+01,7.034636e-05,5.401058e-05,2997840.834,4.181527e-03,3.400784e+01,6.402625e-05,2.809613e-05,3004491.734,2.500000e-04,6.08,4811.53
1672,4.661002e-03,3.411219e+01,8.177222e-05,8.641219e-05,2997438.197,5.366400e-03,3.441881e+01,1.324549e-04,1.199940e-04,2977161.781,2.500000e-04,5.16,4816.69
1673,4.905529e-03,3.432107e+01,8.684171e-05,1.210009e-04,2997559.713,4.273393e-03,3.290858e+01,1.835025e-05,1.598063e-04,2967236.188,2.500000e-04,5.96,4822.64
1674,4.589664e-03,3.424420e+01,6.768113e-05,9.768651e-05,2997371.303,3.841759e-03,3.353263e+01,3.171485e-05,3.426954e-05,2992497.859,2.500000e-04,5.91,4828.55
1675,4.563810e-03,3.413251e+01,7.360777e-05,8.289633e-05,2997588.123,3.945374e-03,3.375959e+01,3.511268e-05,4.365780e-05,2997304.938,2.500000e-04,5.04,4833.59
1676,4.485363e-03,3.404906e+01,6.952222e-05,7.704696e-05,2997591.980,4.408827e-03,3.471323e+01,4.970137e-05,8.809807e-05,3021876.125,2.500000e-04,5.45,4839.04
1677,4.877354e-03,3.420474e+01,9.018543e-05,1.110053e-04,2997600.537,4.274312e-03,3.372284e+01,7.671251e-05,2.698076e-05,2993560.250,2.500000e-04,6.13,4845.16
1678,4.753379e-03,3.417693e+01,7.155681e-05,1.240237e-04,2997344.502,5.001285e-03,3.413586e+01,1.503661e-04,1.680769e-05,3003670.688,2.500000e-04,5.64,4850.80
1679,4.448928e-03,3.403129e+01,7.142078e-05,6.631836e-05,2997547.355,3.920243e-03,3.386809e+01,4.078291e-05,2.512113e-05,3001123.492,2.500000e-04,5.62,4856.42
1680,4.622200e-03,3.409435e+01,8.090603e-05,8.074097e-05,2997693.758,4.178669e-03,3.427669e+01,3.906901e-05,7.206193e-05,2996738.898,2.500000e-04,5.35,4861.77
1681,4.437901e-03,3.410608e+01,6.547820e-05,7.450237e-05,2997431.984,4.323821e-03,3.369038e+01,7.313641e-05,4.468381e-05,2988372.266,2.500000e-04,5.27,4867.04
1682,4.752551e-03,3.411077e+01,9.079828e-05,8.669830e-05,2997255.619,4.705997e-03,3.498126e+01,6.783904e-05,1.058963e-04,3027604.422,2.500000e-04,5.68,4872.72
1683,4.673077e-03,3.428034e+01,7.726820e-05,9.447226e-05,2997769.314,3.852167e-03,3.386027e+01,3.736974e-05,1.848857e-05,3002579.781,2.500000e-04,5.32,4878.04
1684,4.479415e-03,3.412643e+01,6.683049e-05,7.969344e-05,2997335.543,5.894254e-03,3.602445e+01,7.048141e-05,3.173991e-04,3045207.930,2.500000e-04,5.66,4883.69
1685,4.717420e-03,3.413024e+01,7.908648e-05,1.027063e-04,2998017.432,4.057338e-03,3.353619e+01,4.666305e-05,4.741757e-05,2986995.039,2.500000e-04,6.25,4889.94
1686,4.672629e-03,3.425068e+01,8.410396e-05,8.130429e-05,2997372.025,3.892032e-03,3.415632e+01,3.477776e-05,2.572460e-05,3005123.219,2.500000e-04,5.63,4895.58
1687,4.482422e-03,3.408699e+01,7.260669e-05,6.953131e-05,2997298.211,4.826766e-03,3.472993e+01,7.117700e-05,1.284008e-04,3018596.734,2.500000e-04,5.25,4900.82
1688,4.505102e-03,3.414954e+01,6.886198e-05,8.030563e-05,2998065.570,4.988123e-03,3.304823e+01,4.583223e-05,2.449956e-04,2958025.594,2.500000e-04,5.28,4906.10
1689,4.612739e-03,3.419026e+01,8.053615e-05,7.767032e-05,2997252.787,4.501211e-03,3.335347e+01,8.705108e-05,5.907060e-05,2980542.188,2.500000e-04,6.14,4912.24
1690,4.581972e-03,3.409133e+01,7.273358e-05,8.910072e-05,2997696.773,4.544091e-03,3.383187e+01,9.063123e-05,5.091837e-05,3002311.656,2.500000e-04,5.75,4917.98
1691,4.745233e-03,3.416052e+01,8.636613e-05,9.310377e-05,2997907.748,4.963539e-03,3.291127e+01,5.304925e-05,2.283839e-04,2956793.859,2.500000e-04,6.14,4924.12
1692,4.619143e-03,3.411878e+01,7.496008e-05,9.153280e-05,2997085.012,4.022444e-03,3.395715e+01,4.036103e-05,4.462378e-05,2991124.492,2.500000e-04,5.34,4929.46
1693,4.786838e-03,3.415946e+01,8.179242e-05,1.105936e-04,2997641.717,3.932840e-03,3.416346e+01,3.103732e-05,4.122414e-05,2986889.812,2.500000e-04,5.07,4934.53
1694,4.553605e-03,3.413620e+01,7.067521e-05,8.664664e-05,2997282.664,5.088893e-03,3.451235e+01,1.381748e-04,5.118188e-05,3012127.438,2.500000e-04,5.45,4939.97
1695,4.442128e-03,3.409495e+01,6.276236e-05,8.100205e-05,2997570.920,3.861927e-03,3.410578e+01,2.156525e-05,4.713941e-05,3011480.344,2.500000e-04,6.10,4946.08
1696,4.713847e-03,3.425884e+01,9.122589e-05,7.514095e-05,2997720.109,4.503862e-03,3.321994e+01,3.806822e-05,1.602371e-04,2964856.539,2.500000e-04,5.23,4951.31
1697,4.539203e-03,3.421052e+01,6.736697e-05,8.889628e-05,2997562.873,4.416226e-03,3.397879e+01,7.699489e-05,4.967965e-05,3007483.094,2.500000e-04,5.40,4956.71
1698,4.959090e-03,3.422000e+01,7.969154e-05,1.480350e-04,2998142.246,5.723294e-03,3.385749e+01,1.089077e-04,2.496936e-04,2961587.930,2.500000e-04,4.93,4961.64
1699,4.679758e-03,3.420529e+01,7.536464e-05,1.011165e-04,2997090.023,5.076430e-03,3.418753e+01,1.225691e-04,8.639718e-05,2987681.984,2.500000e-04,5.77,4967.41
1700,4.645587e-03,3.429890e+01,7.551040e-05,9.211868e-05,2997483.971,5.024843e-03,3.518658e+01,9.935572e-05,1.025256e-04,3003261.555,2.500000e-04,5.12,4972.53
1701,4.704343e-03,3.424542e+01,7.934147e-05,9.727726e-05,2997360.025,4.302661e-03,3.492548e+01,5.343023e-05,5.516212e-05,2991261.820,2.500000e-04,5.66,4978.19
1702,4.842980e-03,3.453071e+01,8.394514e-05,1.100916e-04,2997711.537,4.073034e-03,3.419297e+01,2.969253e-05,7.136239e-05,3018748.906,2.500000e-04,5.90,4984.08
1703,4.797568e-03,3.425245e+01,8.019119e-05,1.140823e-04,2997364.783,3.822688e-03,3.390585e+01,2.767687e-05,3.106691e-05,3004606.750,2.500000e-04,5.40,4989.49
1704,4.711379e-03,3.427683e+01,7.978337e-05,9.717233e-05,2997652.422,4.785334e-03,3.361497e+01,9.838781e-05,8.799196e-05,2978425.656,2.500000e-04,5.68,4995.16
1705,4.678847e-03,3.414074e+01,7.846581e-05,9.602304e-05,2997206.449,4.463503e-03,3.410730e+01,7.337555e-05,6.380355e-05,2987281.664,2.500000e-04,5.03,5000.20
1706,4.689106e-03,3.425369e+01,8.912807e-05,7.449133e-05,2997649.744,4.493568e-03,3.399093e+01,8.191215e-05,5.507070e-05,2994297.789,2.500000e-04,5.38,5005.57
1707,4.742035e-03,3.425707e+01,8.474040e-05,9.378486e-05,2997546.086,4.073564e-03,3.394159e+01,5.344493e-05,2.899131e-05,3004817.672,2.500000e-04,5.85,5011.43
1708,4.888433e-03,3.432097e+01,9.089098e-05,1.094851e-04,2997322.396,4.521086e-03,3.440584e+01,9.314693e-05,2.980662e-05,3008281.656,2.500000e-04,6.03,5017.46
1709,4.691723e-03,3.418280e+01,8.747362e-05,7.974132e-05,2998160.051,6.190435e-03,3.281827e+01,5.993883e-05,4.618438e-04,2937754.125,2.500000e-04,5.42,5022.88
1710,4.591134e-03,3.412018e+01,7.127955e-05,9.326413e-05,2997316.031,4.596012e-03,3.430157e+01,1.060425e-04,2.108611e-05,3000378.133,2.500000e-04,5.49,5028.37
1711,4.550334e-03,3.423256e+01,7.868037e-05,6.805497e-05,2997489.320,4.545039e-03,3.401467e+01,9.753666e-05,3.364106e-05,2991065.031,2.500000e-04,5.75,5034.12
1712,4.827237e-03,3.422098e+01,9.022585e-05,1.005762e-04,2997779.014,5.165028e-03,3.556874e+01,1.067492e-04,1.081324e-04,2996157.141,2.500000e-04,5.85,5039.96
1713,4.777506e-03,3.414473e+01,8.550551e-05,1.015955e-04,2997214.783,3.899201e-03,3.353938e+01,2.722829e-05,5.459592e-05,2981455.336,2.500000e-04,5.41,5045.37
1714,4.924585e-03,3.432348e+01,9.426655e-05,1.099143e-04,2997797.715,4.713302e-03,3.357981e+01,1.002515e-04,7.056120e-05,2979896.055,2.500000e-04,5.50,5050.88
1715,4.928244e-03,3.430946e+01,9.618237e-05,1.070947e-04,2997103.131,4.216560e-03,3.401692e+01,5.580006e-05,5.137333e-05,2995311.820,2.500000e-04,5.59,5056.46
1716,4.747194e-03,3.413638e+01,8.443463e-05,9.784193e-05,2997741.619,4.971834e-03,3.439608e+01,1.328969e-04,4.065124e-05,2989172.250,2.500000e-04,5.41,5061.87
1717,4.587843e-03,3.421860e+01,7.900885e-05,7.517890e-05,2997225.082,4.086559e-03,3.376811e+01,5.273102e-05,3.648751e-05,2988510.508,2.500000e-04,5.97,5067.85
1718,4.522967e-03,3.422290e+01,7.553617e-05,6.906300e-05,2997777.646,4.005705e-03,3.375941e+01,4.025432e-05,4.544430e-05,2998044.984,2.500000e-04,4.97,5072.81
1719,4.411743e-03,3.415937e+01,6.209407e-05,7.497297e-05,2997498.119,4.390150e-03,3.401585e+01,8.229936e-05,3.311423e-05,3004349.734,2.500000e-04,5.56,5078.38
1720,4.561142e-03,3.422981e+01,7.078982e-05,8.605262e-05,2997680.314,4.387180e-03,3.335630e+01,3.337564e-05,1.435587e-04,2969203.531,2.500000e-04,5.13,5083.51
1721,4.586294e-03,3.419243e+01,7.232044e-05,8.876917e-05,2997190.611,5.024823e-03,3.518591e+01,3.144290e-05,2.383604e-04,3040572.047,2.500000e-04,6.10,5089.61
1722,5.223764e-03,3.441802e+01,1.050400e-04,1.463125e-04,2997713.523,5.116925e-03,3.297255e+01,3.695090e-05,2.900322e-04,2952589.625,2.500000e-04,5.10,5094.71
1723,4.738451e-03,3.410343e+01,7.687546e-05,1.118708e-04,2997309.541,3.925676e-03,3.393911e+01,3.409322e-05,3.816661e-05,2986305.750,2.500000e-04,5.47,5100.18
1724,4.471323e-03,3.416192e+01,6.397242e-05,8.308145e-05,2997614.277,4.235791e-03,3.429779e+01,5.976837e-05,4.166582e-05,3014792.516,2.500000e-04,5.37,5105.55
1725,4.489534e-03,3.409621e+01,6.398412e-05,8.801444e-05,2998117.471,5.650686e-03,3.293790e+01,1.300982e-04,2.111827e-04,2960979.539,2.500000e-04,6.06,5111.61
1726,4.691005e-03,3.405033e+01,7.008857e-05,1.170173e-04,2997476.031,5.409471e-03,3.527699e+01,1.219902e-04,1.323739e-04,3028962.141,2.500000e-04,5.61,5117.22
1727,4.690912e-03,3.417409e+01,8.075040e-05,9.319983e-05,2997088.887,4.235827e-03,3.381734e+01,4.642400e-05,7.797065e-05,2986222.805,2.500000e-04,5.48,5122.70
1728,4.517072e-03,3.408955e+01,6.234230e-05,9.693870e-05,2997726.133,3.991119e-03,3.353625e+01,2.755862e-05,7.238154e-05,2980400.391,2.500000e-04,5.68,5128.37
1729,4.485081e-03,3.412444e+01,6.585837e-05,8.281056e-05,2997476.340,4.006689e-03,3.396590e+01,4.647514e-05,2.906946e-05,3007404.859,2.500000e-04,5.59,5133.97
1730,4.780765e-03,3.422141e+01,8.273944e-05,1.062460e-04,2997477.984,4.221614e-03,3.405943e+01,5.574673e-05,5.164063e-05,3008901.555,2.500000e-04,5.75,5139.72
1731,4.410810e-03,3.401873e+01,6.225476e-05,7.727784e-05,2997724.582,4.762423e-03,3.376957e+01,4.538060e-05,1.863320e-04,2978631.602,2.500000e-04,5.45,5145.17
1732,4.746064e-03,3.426463e+01,7.891203e-05,1.060961e-04,2997664.857,4.507040e-03,3.417106e+01,7.404891e-05,6.988887e-05,2988897.875,2.500000e-04,6.03,5151.20
1733,4.485510e-03,3.406113e+01,6.585496e-05,8.416955e-05,2997165.037,4.201092e-03,3.455628e+01,2.888305e-05,9.132679e-05,3023835.289,2.500000e-04,5.72,5156.92
1734,4.551504e-03,3.418699e+01,6.853786e-05,8.948534e-05,2997625.635,3.859640e-03,3.407104e+01,2.412306e-05,4.226096e-05,3012084.461,2.500000e-04,5.94,5162.85
1735,4.558551e-03,3.401528e+01,7.163288e-05,8.813892e-05,2997241.137,4.393932e-03,3.456534e+01,6.958581e-05,4.830803e-05,3010891.070,2.500000e-04,5.83,5168.69
1736,4.575625e-03,3.404068e+01,7.041387e-05,9.348352e-05,2997702.980,5.938211e-03,3.396488e+01,2.182903e-04,7.176416e-05,2981687.086,2.500000e-04,5.77,5174.45
1737,4.509919e-03,3.403754e+01,7.563176e-05,6.996944e-05,2997563.477,4.403774e-03,3.413780e+01,6.649210e-05,6.501460e-05,3014056.984,2.500000e-04,5.72,5180.18
1738,4.683106e-03,3.424342e+01,8.749136e-05,7.677008e-05,2997776.957,3.939531e-03,3.350297e+01,3.599239e-05,4.586207e-05,2986075.828,2.500000e-04,5.67,5185.84
1739,4.557879e-03,3.413983e+01,7.168535e-05,8.540847e-05,2997500.477,3.974065e-03,3.408681e+01,2.634796e-05,6.038094e-05,3008969.227,2.500000e-04,6.13,5191.97
1740,4.585016e-03,3.416576e+01,7.611042e-05,8.146730e-05,2997712.008,4.405843e-03,3.450856e+01,7.045640e-05,5.008462e-05,3006588.180,2.500000e-04,6.10,5198.07
1741,4.327956e-03,3.397911e+01,5.503732e-05,7.593430e-05,2998006.494,4.904286e-03,3.282913e+01,6.036838e-05,2.035379e-04,2962454.852,2.500000e-04,5.44,5203.51
1742,4.299543e-03,3.394926e+01,5.485783e-05,7.120782e-05,2997172.957,4.240010e-03,3.391608e+01,6.031071e-05,4.905915e-05,2992852.586,2.500000e-04,5.94,5209.45
1743,4.576216e-03,3.426129e+01,7.368262e-05,8.265216e-05,2997264.039,6.213916e-03,3.600888e+01,8.334542e-05,3.559149e-04,3047914.102,2.500000e-04,5.63,5215.09
1744,4.531261e-03,3.404609e+01,6.668600e-05,9.195837e-05,2997967.174,3.889359e-03,3.356308e+01,3.479659e-05,3.701718e-05,2985878.977,2.500000e-04,5.69,5220.78
1745,4.572698e-03,3.408708e+01,7.025502e-05,9.228802e-05,2997735.465,4.011019e-03,3.429756e+01,4.428023e-05,2.769226e-05,2996449.828,2.500000e-04,5.87,5226.65
1746,4.477902e-03,3.414568e+01,6.536710e-05,8.193268e-05,2997308.559,3.854194e-03,3.391753e+01,2.094030e-05,5.060755e-05,2993933.938,2.500000e-04,6.56,5233.21
1747,4.335682e-03,3.416802e+01,5.534334e-05,7.308951e-05,2997832.086,4.188790e-03,3.365192e+01,3.585111e-05,9.301752e-05,2976631.539,2.500000e-04,5.89,5239.10
1748,4.560175e-03,3.400225e+01,6.638800e-05,9.921398e-05,2997636.670,5.158608e-03,3.344319e+01,8.432284e-05,1.942121e-04,2963030.055,2.500000e-04,5.67,5244.77
1749,4.889739e-03,3.419684e+01,9.178795e-05,1.104352e-04,2997305.318,4.409969e-03,3.490564e+01,4.665412e-05,9.057290e-05,3023580.359,2.500000e-04,5.97,5250.74
1750,4.516755e-03,3.402137e+01,6.686745e-05,8.918877e-05,2997595.691,4.339590e-03,3.456946e+01,2.478716e-05,1.269543e-04,3022606.156,2.500000e-04,5.62,5256.36
1751,4.748861e-03,3.418064e+01,7.409712e-05,1.179650e-04,2997436.604,4.306371e-03,3.443647e+01,3.345818e-05,1.056284e-04,3027607.008,2.500000e-04,5.65,5262.01
1752,4.712494e-03,3.411482e+01,7.821130e-05,1.037797e-04,2997748.547,5.056571e-03,3.521112e+01,7.591751e-05,1.552570e-04,3029820.289,2.500000e-04,5.74,5267.75
1753,4.690656e-03,3.433533e+01,7.781995e-05,9.578457e-05,2997891.199,4.046869e-03,3.388164e+01,4.849089e-05,3.475927e-05,2990854.461,2.500000e-04,6.17,5273.92
1754,4.756738e-03,3.423806e+01,8.719049e-05,9.220543e-05,2997388.568,5.878917e-03,3.299446e+01,9.129322e-05,3.333078e-04,2951434.117,2.500000e-04,5.59,5279.52
1755,4.888516e-03,3.434200e+01,8.762073e-05,1.156217e-04,2997242.135,4.069123e-03,3.362215e+01,4.793862e-05,4.550439e-05,2993348.523,2.500000e-04,5.98,5285.50
1756,4.415690e-03,3.408726e+01,6.108419e-05,7.922433e-05,2997095.436,5.469384e-03,3.575356e+01,5.622466e-05,2.663562e-04,3046379.539,2.500000e-04,5.78,5291.28
1757,4.480378e-03,3.417443e+01,7.007284e-05,7.244149e-05,2998043.262,6.092610e-03,3.308046e+01,1.021264e-04,3.526600e-04,2946820.727,2.500000e-04,5.92,5297.19
1758,4.831192e-03,3.434751e+01,8.737829e-05,1.045317e-04,2997404.117,4.586167e-03,3.427595e+01,9.497322e-05,4.176796e-05,2988889.953,2.500000e-04,5.66,5302.85
1759,4.915805e-03,3.450435e+01,9.838146e-05,9.631111e-05,2997459.598,5.014750e-03,3.450759e+01,9.525948e-05,1.222793e-04,3022690.680,2.500000e-04,5.68,5308.54
1760,4.684453e-03,3.418854e+01,8.711493e-05,7.888986e-05,2997088.924,4.627661e-03,3.487438e+01,8.089524e-05,6.625425e-05,3021454.562,2.500000e-04,5.63,5314.17
1761,4.942562e-03,3.430303e+01,1.046309e-04,9.319012e-05,2997772.850,4.304434e-03,3.431902e+01,7.051575e-05,3.347482e-05,2988164.836,2.500000e-04,5.45,5319.62
1762,5.023971e-03,3.461009e+01,1.108839e-04,9.082450e-05,2997470.613,4.044895e-03,3.376875e+01,4.629015e-05,4.102380e-05,2985843.352,2.500000e-04,5.57,5325.20
1763,5.140348e-03,3.453900e+01,1.087927e-04,1.197043e-04,2997560.332,4.406805e-03,3.381874e+01,8.553150e-05,3.392319e-05,2990998.492,2.500000e-04,5.78,5330.97
1764,4.714815e-03,3.431708e+01,8.983525e-05,7.695104e-05,2997186.416,5.723677e-03,3.437755e+01,1.937786e-04,6.962715e-05,2982362.188,2.500000e-04,5.36,5336.34
1765,4.773860e-03,3.425426e+01,9.370519e-05,8.227651e-05,2997380.191,4.785742e-03,3.400629e+01,9.767229e-05,8.167813e-05,2981938.586,2.500000e-04,5.51,5341.84
1766,5.493176e-03,3.448612e+01,1.348395e-04,1.392340e-04,2997375.285,4.079042e-03,3.416550e+01,5.016940e-05,3.215946e-05,3000065.414,2.500000e-04,5.98,5347.82
1767,5.181704e-03,3.430489e+01,1.150006e-04,1.202419e-04,2997625.637,6.433262e-03,3.464625e+01,2.585387e-04,7.664998e-05,2992810.430,2.500000e-04,5.66,5353.48
1768,5.373329e-03,3.453771e+01,1.414234e-04,1.010649e-04,2997330.674,4.525236e-03,3.447202e+01,9.300708e-05,2.959268e-05,3005657.062,2.500000e-04,6.11,5359.59
1769,5.391121e-03,3.460495e+01,1.379079e-04,1.103095e-04,2997327.936,5.249339e-03,3.332775e+01,1.003814e-04,1.825499e-04,2962129.609,2.500000e-04,5.39,5364.98
1770,5.331456e-03,3.449569e+01,1.267838e-04,1.228098e-04,2997105.260,4.348561e-03,3.471615e+01,4.977089e-05,7.584749e-05,3017811.883,2.500000e-04,5.71,5370.69
1771,5.046103e-03,3.444764e+01,1.266643e-04,6.693925e-05,2997625.666,4.388873e-03,3.360568e+01,5.699657e-05,9.166792e-05,2980077.328,2.500000e-04,6.11,5376.80
1772,5.382854e-03,3.464755e+01,1.279888e-04,1.276422e-04,2996943.754,4.703453e-03,3.524264e+01,9.460853e-05,4.662071e-05,3009390.523,2.500000e-04,5.66,5382.47
1773,4.869637e-03,3.435442e+01,1.012689e-04,8.430118e-05,2997838.131,5.019908e-03,3.444113e+01,1.220590e-04,7.104099e-05,2991540.938,2.500000e-04,5.37,5387.84
1774,5.343208e-03,3.454585e+01,1.274917e-04,1.227412e-04,2997461.891,4.712248e-03,3.390725e+01,8.079931e-05,1.027060e-04,2979654.680,2.500000e-04,5.63,5393.47
1775,5.276767e-03,3.462066e+01,1.238372e-04,1.152657e-04,2996924.475,6.380796e-03,3.642053e+01,1.024011e-04,3.429464e-04,3051011.391,2.500000e-04,5.59,5399.06
1776,5.246372e-03,3.476999e+01,1.240985e-04,1.056776e-04,2997335.631,4.332220e-03,3.418702e+01,7.730225e-05,2.809925e-05,3007858.109,2.500000e-04,5.51,5404.57
1777,5.101945e-03,3.453136e+01,1.148149e-04,1.001320e-04,2997173.371,4.400819e-03,3.427899e+01,7.336247e-05,4.785912e-05,2998991.242,2.500000e-04,5.74,5410.31
1778,4.975263e-03,3.452463e+01,1.006868e-04,1.031864e-04,2997647.971,4.927382e-03,3.331862e+01,7.358173e-05,1.719405e-04,2966362.617,2.500000e-04,5.43,5415.73
1779,5.233832e-03,3.442189e+01,1.292462e-04,9.983626e-05,2997128.252,4.482225e-03,3.462345e+01,7.185694e-05,6.026217e-05,3016954.289,2.500000e-04,5.77,5421.51
1780,5.198257e-03,3.457236e+01,1.261221e-04,9.595995e-05,2997290.229,4.416572e-03,3.449487e+01,6.913330e-05,5.515043e-05,3011902.461,2.500000e-04,5.81,5427.32
1781,4.797466e-03,3.437797e+01,9.299601e-05,8.594181e-05,2997545.207,5.064782e-03,3.512114e+01,9.311638e-05,1.243008e-04,3020895.742,2.500000e-04,5.67,5432.99
1782,5.452884e-03,3.474742e+01,1.160656e-04,1.634974e-04,2997813.926,5.352100e-03,3.333592e+01,1.229847e-04,1.577323e-04,2966551.688,2.500000e-04,6.02,5439.01
1783,5.247872e-03,3.468670e+01,1.196109e-04,1.166185e-04,2997242.896,4.034789e-03,3.390311e+01,5.007420e-05,2.874730e-05,2999013.711,2.500000e-04,5.84,5444.85
1784,4.858295e-03,3.435514e+01,9.664910e-05,9.125794e-05,2997516.727,5.118551e-03,3.405238e+01,1.395295e-04,6.360344e-05,2983893.992,2.500000e-04,5.68,5450.53
1785,4.905113e-03,3.456445e+01,1.041608e-04,8.141191e-05,2997877.820,5.313097e-03,3.445558e+01,1.057964e-04,1.619151e-04,2968905.305,2.500000e-04,5.52,5456.04
1786,4.975313e-03,3.454901e+01,9.715855e-05,1.097654e-04,2996628.854,6.369524e-03,3.604789e+01,1.825592e-04,1.878287e-04,3036919.320,2.500000e-04,5.66,5461.70
1787,4.760273e-03,3.448058e+01,8.637540e-05,8.969214e-05,2997958.078,4.562606e-03,3.379900e+01,9.682654e-05,4.288811e-05,2987649.797,2.500000e-04,6.28,5467.98
1788,5.054563e-03,3.447157e+01,1.177887e-04,8.590360e-05,2997259.379,4.216113e-03,3.478227e+01,4.149833e-05,6.458050e-05,3016272.102,2.500000e-04,5.79,5473.77
1789,5.261475e-03,3.446723e+01,1.218632e-04,1.192242e-04,2997437.855,6.095207e-03,3.448764e+01,2.372671e-04,5.475441e-05,3011902.328,2.500000e-04,5.62,5479.39
1790,4.967785e-03,3.452813e+01,1.110937e-04,8.080683e-05,2997417.830,6.310714e-03,3.562363e+01,2.205058e-04,1.086586e-04,3017887.094,2.500000e-04,5.73,5485.12
1791,5.122592e-03,3.457523e+01,1.150521e-04,1.029096e-04,2997465.205,4.160159e-03,3.402097e+01,5.660316e-05,3.840600e-05,2994783.375,2.500000e-04,5.71,5490.83
1792,5.057598e-03,3.438155e+01,1.096885e-04,1.045115e-04,2997369.859,6.394571e-03,3.492876e+01,2.541428e-04,7.205344e-05,2987361.977,2.500000e-04,5.71,5496.54
1793,5.189089e-03,3.467392e+01,1.149222e-04,1.144950e-04,2997388.326,5.372025e-03,3.497561e+01,1.649710e-04,4.495071e-05,2996398.164,2.500000e-04,5.32,5501.86
1794,5.207969e-03,3.449475e+01,1.053608e-04,1.409771e-04,2997490.871,4.653995e-03,3.399723e+01,7.310749e-05,1.046394e-04,2985037.477,2.500000e-04,5.50,5507.36
1795,5.274476e-03,3.465473e+01,1.278843e-04,1.060319e-04,2997464.434,5.847417e-03,3.572798e+01,7.077137e-05,3.133811e-04,3050047.914,2.500000e-04,5.75,5513.11
1796,4.992012e-03,3.445615e+01,9.416435e-05,1.209507e-04,2997178.453,4.255031e-03,3.383187e+01,6.404095e-05,4.628700e-05,2999918.859,2.500000e-04,5.92,5519.03
1797,5.032313e-03,3.443073e+01,1.011103e-04,1.156276e-04,2997252.850,4.368958e-03,3.472157e+01,7.165769e-05,3.604501e-05,3009502.461,2.500000e-04,5.52,5524.55
1798,4.614384e-03,3.432234e+01,7.949596e-05,7.743800e-05,2997542.420,5.429310e-03,3.528845e+01,9.330448e-05,1.934840e-04,3033041.688,2.500000e-04,6.01,5530.57
1799,5.211526e-03,3.446953e+01,1.121628e-04,1.285890e-04,2997716.482,5.144904e-03,3.406818e+01,1.277536e-04,9.210996e-05,2976181.422,2.500000e-04,5.61,5536.17
1800,5.163684e-03,3.450376e+01,1.232062e-04,9.624935e-05,2997368.457,4.575645e-03,3.354143e+01,6.534729e-05,1.136059e-04,2973686.953,2.500000e-04,5.93,5542.10
1801,5.056698e-03,3.467828e+01,1.076565e-04,1.024609e-04,2997381.576,4.382712e-03,3.407623e+01,8.354851e-05,2.792071e-05,2995683.836,2.500000e-04,5.77,5547.87
1802,4.959844e-03,3.453151e+01,1.120806e-04,7.717740e-05,2997588.191,8.470958e-03,3.463898e+01,3.974119e-04,2.065880e-04,2964510.555,2.500000e-04,5.89,5553.76
1803,4.937441e-03,3.452056e+01,1.066167e-04,8.384369e-05,2997246.322,4.043718e-03,3.430390e+01,4.630962e-05,3.004627e-05,3001441.773,2.500000e-04,5.85,5559.61
1804,5.018063e-03,3.457460e+01,1.041698e-04,1.037811e-04,2997358.787,4.496904e-03,3.463415e+01,8.681353e-05,3.307078e-05,2990220.664,2.500000e-04,5.77,5565.39
1805,4.958112e-03,3.468992e+01,9.541896e-05,1.069861e-04,2997599.068,4.404435e-03,3.422795e+01,7.953533e-05,3.725740e-05,3006687.500,2.500000e-04,6.01,5571.40
1806,5.128115e-03,3.465646e+01,1.134457e-04,1.056022e-04,2997186.371,5.062836e-03,3.492028e+01,1.240881e-04,6.598546e-05,3018636.828,2.500000e-04,5.45,5576.85
1807,5.017790e-03,3.459006e+01,9.510076e-05,1.215553e-04,2997859.430,6.121249e-03,3.448271e+01,1.721497e-04,1.902962e-04,2965068.695,2.500000e-04,6.08,5582.92
1808,5.146116e-03,3.461141e+01,1.106164e-04,1.157624e-04,2996879.754,4.115076e-03,3.381192e+01,4.563983e-05,5.549717e-05,2985908.359,2.500000e-04,5.63,5588.55
1809,4.634008e-03,3.425994e+01,7.983775e-05,8.192726e-05,2998119.668,4.947927e-03,3.377911e+01,6.584548e-05,1.823122e-04,2963590.039,2.500000e-04,5.35,5593.90
1810,4.777461e-03,3.435178e+01,7.875171e-05,1.109533e-04,2997055.131,6.350951e-03,3.417323e+01,2.265309e-04,1.336638e-04,2973585.180,2.500000e-04,5.80,5599.70
1811,4.898805e-03,3.443664e+01,9.728605e-05,9.645618e-05,2997374.018,5.191252e-03,3.461638e+01,1.612027e-04,2.351732e-05,2994671.727,2.500000e-04,5.76,5605.46
1812,4.701203e-03,3.441507e+01,8.403878e-05,8.386167e-05,2997761.549,5.119574e-03,3.380349e+01,9.940766e-05,1.490297e-04,2968720.859,2.500000e-04,5.95,5611.41
1813,4.611674e-03,3.435334e+01,7.575783e-05,8.375230e-05,2997097.303,7.898346e-03,3.657695e+01,2.120909e-04,4.239482e-04,3057632.156,2.500000e-04,5.68,5617.08
1814,5.019481e-03,3.458147e+01,1.041030e-04,1.040607e-04,2997570.318,6.169591e-03,3.536723e+01,1.532411e-04,2.200915e-04,3041413.562,2.500000e-04,5.75,5622.83
1815,4.666037e-03,3.420929e+01,8.307083e-05,8.287991e-05,2997925.469,4.869671e-03,3.368483e+01,7.398848e-05,1.522608e-04,2967014.250,2.500000e-04,5.83,5628.66
1816,4.801972e-03,3.451239e+01,8.395558e-05,1.022354e-04,2997293.891,5.780458e-03,3.491410e+01,1.990807e-04,5.964845e-05,3009098.922,2.500000e-04,5.42,5634.08
1817,4.988310e-03,3.448513e+01,9.584095e-05,1.162774e-04,2997380.598,4.160801e-03,3.433122e+01,4.872777e-05,4.808020e-05,3012644.922,2.500000e-04,5.83,5639.91
1818,4.920798e-03,3.445436e+01,9.686882e-05,1.013347e-04,2997468.559,4.266596e-03,3.466578e+01,5.120314e-05,5.759727e-05,3017903.922,2.500000e-04,5.55,5645.45
1819,4.611512e-03,3.425184e+01,7.059375e-05,9.607815e-05,2997543.801,4.635510e-03,3.437110e+01,1.038579e-04,3.196427e-05,3009185.133,2.500000e-04,5.67,5651.13
1820,4.922815e-03,3.430301e+01,9.144242e-05,1.156178e-04,2997438.432,4.627964e-03,3.406006e+01,9.717644e-05,5.003871e-05,2993055.219,2.500000e-04,5.69,5656.82
1821,4.892622e-03,3.453025e+01,9.726354e-05,9.339233e-05,2997887.867,4.807121e-03,3.420115e+01,1.003748e-04,7.665160e-05,2982123.703,2.500000e-04,5.51,5662.34
1822,4.737987e-03,3.435642e+01,9.012468e-05,8.021985e-05,2997280.373,4.306195e-03,3.387413e+01,7.653260e-05,3.069125e-05,2987823.500,2.500000e-04,5.70,5668.03
1823,4.947134e-03,3.435151e+01,1.008054e-04,1.007857e-04,2996743.555,6.084550e-03,3.553046e+01,8.030213e-05,3.456967e-04,3051737.523,2.500000e-04,5.05,5673.09
1824,4.677119e-03,3.441458e+01,7.670007e-05,9.373204e-05,2997919.348,4.041363e-03,3.397289e+01,4.977731e-05,2.926016e-05,3006134.336,2.500000e-04,6.26,5679.34
1825,4.621327e-03,3.420423e+01,8.217876e-05,7.582346e-05,2997653.988,5.712681e-03,3.512592e+01,9.220855e-05,2.556007e-04,3045511.336,2.500000e-04,5.50,5684.84
1826,5.439788e-03,3.459744e+01,1.362517e-04,1.235053e-04,2998105.525,6.591044e-03,3.323491e+01,1.197567e-04,4.139972e-04,2942136.469,2.500000e-04,5.73,5690.57
1827,5.125953e-03,3.451007e+01,1.061368e-04,1.227157e-04,2996551.785,4.796172e-03,3.469394e+01,3.633814e-05,1.926793e-04,3038011.891,2.500000e-04,5.80,5696.37
1828,5.320763e-03,3.473745e+01,1.290837e-04,1.112363e-04,2997824.271,5.776019e-03,3.330198e+01,1.340632e-04,2.210378e-04,2960904.242,2.500000e-04,5.83,5702.20
1829,4.723501e-03,3.432043e+01,9.040099e-05,7.748964e-05,2996948.535,5.053191e-03,3.481576e+01,6.455509e-05,1.852128e-04,3036984.461,2.500000e-04,5.23,5707.43
1830,5.277018e-03,3.452652e+01,1.110968e-04,1.426795e-04,2997831.113,4.912598e-03,3.350890e+01,5.261935e-05,2.071030e-04,2964466.750,2.500000e-04,5.31,5712.75
1831,4.895151e-03,3.444111e+01,8.833235e-05,1.135433e-04,2997435.508,5.093463e-03,3.512392e+01,6.434395e-05,1.875263e-04,3020937.781,2.500000e-04,5.48,5718.23
1832,4.855689e-03,3.442956e+01,9.401879e-05,9.450888e-05,2997624.582,4.025729e-03,3.353695e+01,3.972856e-05,5.494978e-05,2982384.586,2.500000e-04,5.54,5723.77
1833,4.536048e-03,3.423062e+01,7.230397e-05,7.798923e-05,2997625.023,3.832368e-03,3.379650e+01,2.669021e-05,3.716321e-05,2999004.250,2.500000e-04,5.45,5729.22
1834,4.855040e-03,3.429889e+01,8.962374e-05,1.057829e-04,2997333.182,5.075676e-03,3.531170e+01,8.571847e-05,1.374643e-04,3026793.703,2.500000e-04,5.98,5735.20
1835,4.708449e-03,3.422239e+01,7.952449e-05,9.819307e-05,2997531.100,4.125268e-03,3.418681e+01,5.275560e-05,3.580634e-05,3010547.391,2.500000e-04,5.48,5740.68
1836,4.485024e-03,3.420403e+01,6.476826e-05,8.338773e-05,2997496.385,4.485736e-03,3.470824e+01,4.266999e-05,1.176425e-04,3027193.820,2.500000e-04,5.27,5745.95
1837,4.675537e-03,3.426357e+01,7.507853e-05,9.967902e-05,2997556.502,5.263330e-03,3.463207e+01,1.668570e-04,2.631049e-05,3002019.594,2.500000e-04,5.72,5751.67
1838,4.633349e-03,3.437498e+01,7.360649e-05,9.195724e-05,2997807.816,3.907595e-03,3.408849e+01,2.741302e-05,4.492315e-05,3012769.508,2.500000e-04,6.10,5757.76
1839,4.467885e-03,3.418445e+01,6.759953e-05,7.468899e-05,2997278.773,4.810771e-03,3.460736e+01,8.028197e-05,1.094431e-04,3008432.500,2.500000e-04,5.78,5763.54
1840,4.523159e-03,3.418931e+01,7.185452e-05,7.713669e-05,2997804.059,4.178012e-03,3.345424e+01,5.498517e-05,5.654719e-05,2982467.766,2.500000e-04,5.84,5769.38
1841,4.896632e-03,3.433578e+01,8.639132e-05,1.198282e-04,2997227.375,3.874193e-03,3.440414e+01,2.852038e-05,2.971498e-05,3009187.938,2.500000e-04,5.53,5774.92
1842,4.708621e-03,3.436688e+01,7.824554e-05,9.789563e-05,2997841.689,4.540703e-03,3.347464e+01,5.469536e-05,1.292572e-04,2977765.359,2.500000e-04,5.67,5780.59
1843,4.489078e-03,3.415686e+01,6.633935e-05,8.199986e-05,2997283.064,3.995532e-03,3.405899e+01,4.464671e-05,2.863308e-05,3008837.680,2.500000e-04,5.56,5786.15
1844,4.592925e-03,3.419200e+01,8.176214e-05,7.122090e-05,2997463.332,5.662926e-03,3.547132e+01,1.654790e-04,9.220074e-05,3025123.461,2.500000e-04,5.64,5791.79
1845,4.629795e-03,3.421226e+01,7.474719e-05,9.221940e-05,2997561.467,4.666527e-03,3.514743e+01,9.464259e-05,4.107164e-05,3014191.578,2.500000e-04,5.95,5797.74
1846,4.830662e-03,3.434824e+01,9.417793e-05,9.081183e-05,2997522.814,4.745830e-03,3.388176e+01,1.165387e-04,3.845354e-05,3001841.711,2.500000e-04,5.79,5803.52
1847,4.727653e-03,3.427383e+01,7.974883e-05,1.005564e-04,2997629.588,4.986239e-03,3.361423e+01,4.916186e-05,2.266396e-04,2961700.602,2.500000e-04,5.93,5809.46
1848,4.775006e-03,3.430805e+01,8.193453e-05,1.049711e-04,2997460.775,3.859179e-03,3.393881e+01,3.863695e-05,1.578580e-05,2996992.586,2.500000e-04,5.70,5815.16
1849,4.541805e-03,3.426162e+01,6.877700e-05,8.557462e-05,2997511.908,4.192894e-03,3.457311e+01,3.666414e-05,7.378821e-05,3016386.633,2.500000e-04,5.56,5820.72
1850,4.379104e-03,3.411108e+01,6.093354e-05,7.173207e-05,2997662.260,5.136588e-03,3.288396e+01,7.585172e-05,2.179350e-04,2958369.000,2.500000e-04,5.44,5826.16
1851,4.652136e-03,3.430970e+01,8.014135e-05,8.395048e-05,2997657.957,4.282767e-03,3.358851e+01,5.418783e-05,7.640762e-05,2978592.297,2.500000e-04,5.91,5832.08
1852,4.534263e-03,3.412444e+01,7.659780e-05,7.116835e-05,2997474.936,4.368237e-03,3.418338e+01,8.477589e-05,2.042808e-05,2999572.680,2.500000e-04,5.09,5837.17
1853,4.706474e-03,3.429233e+01,8.590399e-05,8.364021e-05,2997539.609,4.103213e-03,3.419064e+01,2.607558e-05,8.467865e-05,3020019.586,2.500000e-04,5.60,5842.77
1854,4.581729e-03,3.403312e+01,7.369343e-05,8.829666e-05,2997307.961,4.152098e-03,3.393707e+01,5.364972e-05,4.437862e-05,3005027.898,2.500000e-04,6.33,5849.10
1855,4.538326e-03,3.411522e+01,6.609852e-05,9.316390e-05,2997839.352,3.906073e-03,3.352586e+01,3.084122e-05,4.901505e-05,2988084.633,2.500000e-04,5.42,5854.52
1856,4.685132e-03,3.410111e+01,7.599079e-05,1.030225e-04,2997340.162,3.868821e-03,3.383109e+01,2.596786e-05,4.520661e-05,2990990.898,2.500000e-04,6.11,5860.63
1857,4.811779e-03,3.449316e+01,8.516931e-05,1.021538e-04,2997782.855,4.327654e-03,3.437185e+01,5.336913e-05,7.135572e-05,3010372.609,2.500000e-04,4.86,5865.49
1858,4.470946e-03,3.404390e+01,6.964410e-05,7.402307e-05,2997466.238,4.545469e-03,3.396211e+01,9.060887e-05,4.863382e-05,2996396.703,2.500000e-04,5.68,5871.17
1859,4.759406e-03,3.410915e+01,6.838140e-05,1.329354e-04,2996631.699,6.855824e-03,3.563563e+01,9.177140e-05,4.749094e-04,3062261.320,2.500000e-04,5.04,5876.21
1860,4.404415e-03,3.395849e+01,5.662953e-05,8.845425e-05,2998052.578,5.859520e-03,3.500378e+01,1.075705e-04,2.566876e-04,3042728.375,2.500000e-04,5.84,5882.05
1861,4.500626e-03,3.413069e+01,7.153426e-05,7.444297e-05,2997989.416,4.067309e-03,3.394204e+01,5.725333e-05,2.011426e-05,2996354.102,2.500000e-04,6.37,5888.42
1862,4.522301e-03,3.414451e+01,7.378696e-05,7.399622e-05,2997318.570,4.419841e-03,3.450476e+01,3.369580e-05,1.264813e-04,3031756.625,2.500000e-04,6.28,5894.70
1863,4.198981e-03,3.390821e+01,4.956842e-05,6.249513e-05,2997848.264,3.877748e-03,3.347532e+01,2.510846e-05,5.582644e-05,2982397.539,2.500000e-04,6.06,5900.76
1864,4.497963e-03,3.405563e+01,6.934336e-05,7.979331e-05,2997638.717,5.047494e-03,3.347616e+01,1.033595e-04,1.332565e-04,2970113.352,2.500000e-04,5.52,5906.28
1865,4.395071e-03,3.397752e+01,6.056180e-05,7.834012e-05,2997469.664,4.826318e-03,3.437270e+01,1.151763e-04,4.745711e-05,3011500.539,2.500000e-04,6.18,5912.46
1866,4.431093e-03,3.395431e+01,6.422443e-05,7.868367e-05,2997677.277,4.010289e-03,3.340772e+01,3.463722e-05,6.462906e-05,2979289.828,2.500000e-04,6.20,5918.66
1867,4.355015e-03,3.397011e+01,6.208857e-05,6.742378e-05,2997377.176,3.938546e-03,3.407762e+01,4.555337e-05,1.505002e-05,3007049.398,2.500000e-04,5.41,5924.07
1868,4.344361e-03,3.399471e+01,5.699849e-05,7.498099e-05,2997875.939,4.414476e-03,3.338162e+01,4.642852e-05,1.224057e-04,2974710.242,2.500000e-04,5.77,5929.85
1869,4.417589e-03,3.400456e+01,5.626622e-05,9.089410e-05,2997478.209,4.018940e-03,3.423150e+01,3.199510e-05,5.516771e-05,3017160.719,2.500000e-04,5.70,5935.55
1870,4.319028e-03,3.398711e+01,5.684607e-05,7.037132e-05,2997590.584,3.759176e-03,3.377816e+01,2.326655e-05,2.973899e-05,2999749.289,2.500000e-04,6.13,5941.68
1871,4.234169e-03,3.396377e+01,5.440720e-05,5.874420e-05,2997654.014,4.777935e-03,3.445872e+01,9.087628e-05,8.466013e-05,3024335.609,2.500000e-04,5.20,5946.88
1872,4.487884e-03,3.407873e+01,6.628087e-05,8.344054e-05,2997763.361,4.138232e-03,3.371211e+01,5.032444e-05,5.275531e-05,2991045.977,2.500000e-04,5.67,5952.55
1873,4.824484e-03,3.410321e+01,8.438227e-05,1.140682e-04,2997784.596,5.420889e-03,3.386947e+01,1.434281e-04,1.199322e-04,2973519.867,2.500000e-04,5.92,5958.47
1874,4.529942e-03,3.409152e+01,7.085862e-05,8.244076e-05,2997229.764,3.983262e-03,3.359850e+01,2.936464e-05,6.595307e-05,2979895.273,2.500000e-04,6.31,5964.79
1875,4.593998e-03,3.415141e+01,7.543120e-05,8.490918e-05,2997342.180,4.693728e-03,3.406620e+01,8.260294e-05,9.221582e-05,2988921.172,2.500000e-04,5.01,5969.80
1876,4.491040e-03,3.411478e+01,6.334703e-05,8.921841e-05,2997732.986,4.054794e-03,3.384602e+01,3.248511e-05,6.906819e-05,2982651.617,2.500000e-04,5.44,5975.24
1877,4.776140e-03,3.433891e+01,8.943901e-05,8.957193e-05,2997498.928,4.131883e-03,3.430991e+01,4.801941e-05,4.413959e-05,3004153.398,2.500000e-04,5.46,5980.70
1878,4.201846e-03,3.388158e+01,5.025389e-05,6.222980e-05,2997446.652,4.294771e-03,3.447437e+01,3.994219e-05,8.958249e-05,3025606.195,2.500000e-04,5.40,5986.10
1879,4.661166e-03,3.415539e+01,7.037956e-05,1.083662e-04,2997815.562,4.022552e-03,3.411111e+01,3.957847e-05,4.313125e-05,2997043.539,2.500000e-04,5.45,5991.55
1880,4.460070e-03,3.413806e+01,6.358522e-05,8.208252e-05,2997740.822,4.016217e-03,3.368725e+01,4.780313e-05,3.389210e-05,2987140.055,2.500000e-04,5.68,5997.23
1881,4.488909e-03,3.408214e+01,6.631884e-05,8.350140e-05,2997183.275,4.308812e-03,3.439762e+01,6.769346e-05,3.842312e-05,3011618.930,2.500000e-04,6.01,6003.25
1882,4.589968e-03,3.413917e+01,6.975439e-05,9.570138e-05,2997851.729,5.002668e-03,3.433236e+01,1.455371e-04,2.281231e-05,2995481.516,2.500000e-04,5.74,6008.98
1883,4.368004e-03,3.405439e+01,6.139114e-05,6.973071e-05,2997827.443,4.463298e-03,3.414728e+01,6.656803e-05,7.657801e-05,3003845.758,2.500000e-04,5.25,6014.23
1884,5.211819e-03,3.458838e+01,1.063561e-04,1.378839e-04,2996988.137,4.650752e-03,3.430739e+01,6.750310e-05,1.089964e-04,3023403.625,2.500000e-04,6.09,6020.33
1885,4.725081e-03,3.415683e+01,8.392421e-05,9.403132e-05,2997477.551,4.243823e-03,3.455974e+01,5.017771e-05,5.721451e-05,3016270.945,2.500000e-04,5.41,6025.74
1886,4.944994e-03,3.436622e+01,9.699879e-05,1.076768e-04,2997576.328,4.741741e-03,3.473617e+01,9.290086e-05,6.782311e-05,3007755.453,2.500000e-04,6.28,6032.02
1887,4.640489e-03,3.424467e+01,8.166644e-05,7.987146e-05,2997078.969,5.501467e-03,3.542627e+01,5.383322e-05,2.841015e-04,3046419.414,2.500000e-04,5.60,6037.63
1888,4.927546e-03,3.441280e+01,1.006449e-04,9.596325e-05,2998059.211,4.034552e-03,3.391922e+01,4.838620e-05,3.175346e-05,2994111.062,2.500000e-04,5.50,6043.13
1889,5.014916e-03,3.438233e+01,1.132689e-04,8.879856e-05,2997360.514,3.815157e-03,3.403834e+01,3.160984e-05,1.904494e-05,3006832.016,2.500000e-04,6.02,6049.16
1890,4.869703e-03,3.446763e+01,9.742277e-05,8.974239e-05,2997506.195,4.974639e-03,3.397524e+01,1.328058e-04,4.981145e-05,2989888.656,2.500000e-04,5.89,6055.05
1891,4.897100e-03,3.429760e+01,8.811279e-05,1.172425e-04,2997735.213,4.932558e-03,3.352434e+01,8.626762e-05,1.434896e-04,2972988.164,2.500000e-04,6.00,6061.04
1892,4.860559e-03,3.426588e+01,9.067983e-05,1.054344e-04,2997320.123,4.362866e-03,3.365125e+01,6.208611e-05,7.537608e-05,2981329.945,2.500000e-04,5.17,6066.22
1893,5.045933e-03,3.446352e+01,1.082868e-04,1.033427e-04,2997587.430,4.438325e-03,3.401650e+01,8.474825e-05,3.783842e-05,3007943.070,2.500000e-04,5.78,6072.00
1894,5.033457e-03,3.437471e+01,1.064619e-04,1.062734e-04,2997374.230,4.187534e-03,3.442350e+01,4.349842e-05,6.204003e-05,3019655.008,2.500000e-04,5.57,6077.57
1895,4.404976e-03,3.412681e+01,6.307409e-05,7.231079e-05,2997700.557,4.829432e-03,3.495459e+01,3.362575e-05,1.995431e-04,3040464.922,2.500000e-04,5.66,6083.23
1896,4.714526e-03,3.417094e+01,8.099069e-05,9.750504e-05,2997643.355,4.069744e-03,3.440602e+01,3.554890e-05,5.473068e-05,2995931.859,2.500000e-04,5.87,6089.10
1897,5.049047e-03,3.450567e+01,1.070254e-04,1.056451e-04,2997506.549,4.189796e-03,3.371099e+01,3.130998e-05,1.011194e-04,2988821.414,2.500000e-04,5.54,6094.64
1898,4.760234e-03,3.424442e+01,8.271713e-05,1.017241e-04,2997716.707,4.368596e-03,3.408558e+01,7.599048e-05,4.002683e-05,3005339.203,2.500000e-04,5.73,6100.38
1899,4.406538e-03,3.405140e+01,6.467639e-05,7.092688e-05,2997321.299,4.046280e-03,3.415037e+01,2.928619e-05,6.767624e-05,3007289.195,2.500000e-04,5.88,6106.26
1900,4.678425e-03,3.423101e+01,7.225725e-05,1.065503e-04,2997710.021,4.589023e-03,3.340972e+01,5.989241e-05,1.298253e-04,2974829.734,2.500000e-04,5.85,6112.10
1901,4.582064e-03,3.403506e+01,7.614675e-05,8.341820e-05,2997719.758,4.788308e-03,3.479837e+01,9.662063e-05,6.845307e-05,2988464.891,2.500000e-04,5.50,6117.60
1902,4.708069e-03,3.415620e+01,8.200604e-05,9.447778e-05,2997284.055,4.735761e-03,3.446704e+01,5.604089e-05,1.457295e-04,3031744.852,2.500000e-04,5.82,6123.42
1903,4.378168e-03,3.403385e+01,5.461792e-05,8.572084e-05,2997925.893,4.034176e-03,3.393131e+01,3.856812e-05,5.107269e-05,3009678.297,2.500000e-04,5.48,6128.90
1904,4.513061e-03,3.401537e+01,7.180131e-05,7.870233e-05,2997672.012,5.327616e-03,3.315936e+01,1.199630e-04,1.624101e-04,2963732.914,2.500000e-04,5.66,6134.56
1905,4.515322e-03,3.410776e+01,7.656755e-05,6.777413e-05,2997525.371,4.043259e-03,3.333626e+01,5.468622e-05,3.255419e-05,2988024.359,2.500000e-04,5.73,6140.29
1906,4.486390e-03,3.398437e+01,6.548576e-05,8.661911e-05,2997245.383,4.153208e-03,3.414340e+01,3.531496e-05,7.714370e-05,2999885.023,2.500000e-04,5.70,6145.99
1907,5.036913e-03,3.428769e+01,9.662016e-05,1.283884e-04,2997384.621,5.483719e-03,3.514881e+01,1.254144e-04,1.429387e-04,3027765.867,2.500000e-04,5.73,6151.72
1908,4.793884e-03,3.418763e+01,7.742317e-05,1.201779e-04,2997465.709,4.261199e-03,3.415872e+01,5.075014e-05,6.756502e-05,3004647.688,2.500000e-04,5.42,6157.14
1909,4.483616e-03,3.398580e+01,6.767007e-05,8.166710e-05,2997492.887,4.414551e-03,3.354880e+01,9.144851e-05,2.903717e-05,2990753.016,2.500000e-04,5.70,6162.85
1910,4.781454e-03,3.416267e+01,8.889883e-05,9.523975e-05,2997694.789,4.265735e-03,3.341281e+01,4.566647e-05,9.355790e-05,2976555.742,2.500000e-04,5.67,6168.52
1911,4.666038e-03,3.416500e+01,7.507160e-05,9.976443e-05,2997474.027,5.239157e-03,3.324013e+01,1.108824e-04,1.612639e-04,2966602.867,2.500000e-04,6.09,6174.61
1912,4.715195e-03,3.418202e+01,7.845116e-05,1.024963e-04,2997263.277,4.546340e-03,3.398988e+01,8.546963e-05,5.853101e-05,2994971.719,2.500000e-04,5.54,6180.14
1913,4.549841e-03,3.413195e+01,7.263529e-05,8.205857e-05,2997640.260,7.578704e-03,3.443185e+01,3.825051e-04,6.209368e-05,2993639.094,2.500000e-04,5.55,6185.69
1914,4.586680e-03,3.415810e+01,7.075136e-05,9.267129e-05,2997821.283,4.442935e-03,3.418678e+01,8.200378e-05,4.084402e-05,2991260.242,2.500000e-04,5.39,6191.08
1915,5.098361e-03,3.445388e+01,9.917631e-05,1.322420e-04,2997531.576,6.978842e-03,3.329260e+01,6.193430e-05,6.060478e-04,2927870.750,2.500000e-04,5.50,6196.58
1916,4.673751e-03,3.423967e+01,8.472054e-05,8.051590e-05,2997002.039,4.534760e-03,3.311811e+01,3.873247e-05,1.671249e-04,2964610.945,2.500000e-04,5.75,6202.32
1917,4.603921e-03,3.415251e+01,7.165404e-05,9.442594e-05,2997734.451,3.935147e-03,3.383077e+01,3.864915e-05,3.311572e-05,3000704.961,2.500000e-04,5.87,6208.20
1918,4.563466e-03,3.418869e+01,7.393594e-05,8.104750e-05,2997784.174,5.098939e-03,3.268722e+01,3.700818e-05,2.920270e-04,2951115.375,2.500000e-04,5.55,6213.75
1919,4.563730e-03,3.397731e+01,6.479050e-05,1.036188e-04,2997215.682,4.642538e-03,3.490102e+01,6.058465e-05,1.093179e-04,3024310.820,2.500000e-04,5.56,6219.31
1920,4.543233e-03,3.410861e+01,6.971706e-05,8.704029e-05,2997867.207,4.103780e-03,3.380025e+01,5.690659e-05,3.093782e-05,2992958.758,2.500000e-04,5.26,6224.57
1921,4.561336e-03,3.406824e+01,7.178604e-05,8.733027e-05,2997177.645,5.310487e-03,3.501294e+01,1.299752e-04,1.018882e-04,3027573.164,2.500000e-04,5.65,6230.22
1922,4.635862e-03,3.426371e+01,8.012058e-05,8.165702e-05,2997864.199,4.537566e-03,3.375539e+01,9.715540e-05,3.809456e-05,2989671.758,2.500000e-04,5.70,6235.92
1923,4.538939e-03,3.418329e+01,7.586536e-05,7.239134e-05,2997625.096,4.102895e-03,3.384475e+01,4.174009e-05,6.020372e-05,2992334.602,2.500000e-04,5.96,6241.88
1924,4.691169e-03,3.420109e+01,8.523473e-05,8.374253e-05,2997314.562,4.079078e-03,3.387080e+01,5.869720e-05,2.100520e-05,2998661.945,2.500000e-04,5.64,6247.53
1925,4.407127e-03,3.405370e+01,6.284995e-05,7.465150e-05,2997566.680,4.352114e-03,3.407709e+01,7.909570e-05,3.068971e-05,3001434.344,2.500000e-04,5.73,6253.25
1926,4.421021e-03,3.407883e+01,6.041251e-05,8.180267e-05,2997611.602,4.397622e-03,3.462150e+01,3.920465e-05,1.086851e-04,3019890.188,2.500000e-04,6.16,6259.41
1927,4.738360e-03,3.412163e+01,7.966276e-05,1.059140e-04,2997729.684,4.141543e-03,3.368676e+01,5.269020e-05,4.919319e-05,2992755.336,2.500000e-04,5.82,6265.23
1928,4.502533e-03,3.410503e+01,6.469392e-05,8.901818e-05,2997464.709,4.420950e-03,3.502566e+01,3.804166e-05,1.075934e-04,3020971.617,2.500000e-04,5.69,6270.93
1929,4.550632e-03,3.416788e+01,7.392579e-05,7.891731e-05,2997559.475,4.642028e-03,3.476421e+01,8.005890e-05,7.300374e-05,3020474.836,2.500000e-04,5.92,6276.84
1930,4.483081e-03,3.413087e+01,6.201064e-05,8.997761e-05,2997842.629,4.350596e-03,3.361132e+01,5.650644e-05,8.487985e-05,2982662.703,2.500000e-04,5.65,6282.49
1931,4.529731e-03,3.408240e+01,7.108729e-05,8.212363e-05,2997247.926,3.839225e-03,3.404164e+01,2.007328e-05,4.686558e-05,3001950.789,2.500000e-04,5.42,6287.91
1932,4.477273e-03,3.406560e+01,6.335235e-05,8.743789e-05,2997645.385,4.188409e-03,3.426857e+01,3.071592e-05,9.087844e-05,3007442.992,2.500000e-04,5.72,6293.63
1933,4.528192e-03,3.414449e+01,6.992787e-05,8.289278e-05,2997744.854,3.995690e-03,3.381662e+01,4.642765e-05,2.995029e-05,2990953.617,2.500000e-04,5.59,6299.22
1934,5.118366e-03,3.428460e+01,1.172254e-04,1.035304e-04,2997431.443,6.018311e-03,3.423702e+01,2.433657e-04,3.219042e-05,3000313.750,2.500000e-04,5.47,6304.69
1935,4.509340e-03,3.416053e+01,7.049224e-05,7.767298e-05,2997732.180,4.023630e-03,3.320792e+01,2.851222e-05,8.354317e-05,2977501.312,2.500000e-04,5.70,6310.39
1936,4.537367e-03,3.408202e+01,7.465476e-05,7.652342e-05,2997433.752,4.965320e-03,3.380672e+01,1.250734e-04,6.678289e-05,2979911.195,2.500000e-04,5.75,6316.14
1937,4.419693e-03,3.390093e+01,5.892170e-05,8.807665e-05,2997503.016,3.654329e-03,3.386902e+01,2.042219e-05,1.264096e-05,3004588.188,2.500000e-04,5.78,6321.92
1938,4.335214e-03,3.403586e+01,6.273002e-05,6.086572e-05,2997834.666,3.757135e-03,3.349928e+01,2.113241e-05,3.917650e-05,2991645.359,2.500000e-04,5.47,6327.39
1939,4.561750e-03,3.405449e+01,7.050320e-05,9.025380e-05,2997527.980,4.004852e-03,3.339750e+01,3.590743e-05,6.120560e-05,2979957.391,2.500000e-04,5.73,6333.13
1940,4.416981e-03,3.407691e+01,6.279336e-05,7.627123e-05,2997790.240,4.402581e-03,3.315710e+01,3.290167e-05,1.515710e-04,2968053.500,2.500000e-04,5.73,6338.85
1941,4.366201e-03,3.393448e+01,5.840412e-05,7.774227e-05,2997160.305,4.301142e-03,3.430793e+01,2.741496e-05,1.192400e-04,3029556.438,2.500000e-04,5.51,6344.37
1942,4.272335e-03,3.390319e+01,5.634882e-05,6.370551e-05,2997901.012,4.380827e-03,3.396019e+01,7.679545e-05,4.337071e-05,2992064.367,2.500000e-04,5.95,6350.32
1943,4.502394e-03,3.401724e+01,6.706618e-05,8.600162e-05,2997646.127,4.414412e-03,3.340456e+01,4.751527e-05,1.197608e-04,2973852.164,2.500000e-04,5.57,6355.89
1944,4.490808e-03,3.418414e+01,6.714412e-05,8.019063e-05,2997519.840,4.743113e-03,3.452915e+01,1.095866e-04,3.886632e-05,2999652.789,2.500000e-04,5.72,6361.61
1945,4.525898e-03,3.414825e+01,6.870011e-05,8.481453e-05,2997603.457,5.511899e-03,3.573017e+01,1.383799e-04,1.110168e-04,3027780.641,2.500000e-04,5.44,6367.05
1946,4.552707e-03,3.416435e+01,7.210701e-05,8.304034e-05,2997432.221,4.144154e-03,3.395860e+01,2.345471e-05,1.027493e-04,3008992.094,2.500000e-04,6.09,6373.14
1947,4.471868e-03,3.408872e+01,6.020598e-05,9.218724e-05,2997652.830,4.764340e-03,3.460055e+01,5.752306e-05,1.458108e-04,3030924.664,2.500000e-04,5.44,6378.58
1948,4.562432e-03,3.405838e+01,7.237525e-05,8.656822e-05,2997531.941,5.537225e-03,3.481555e+01,8.225877e-05,2.466165e-04,3044182.102,2.500000e-04,6.38,6384.96
1949,4.542062e-03,3.403104e+01,6.990673e-05,8.797831e-05,2997469.625,3.819971e-03,3.389169e+01,3.579778e-05,1.456486e-05,3000608.172,2.500000e-04,6.11,6391.07
1950,4.261875e-03,3.392585e+01,5.293777e-05,6.798248e-05,2997473.969,4.644265e-03,3.462974e+01,6.676089e-05,1.027362e-04,3024908.938,2.500000e-04,5.84,6396.91
1951,4.784125e-03,3.426960e+01,8.527492e-05,1.008833e-04,2997796.000,5.410624e-03,3.341881e+01,1.704985e-04,7.275148e-05,2984899.648,2.500000e-04,6.01,6402.92
1952,4.471750e-03,3.394474e+01,6.184518e-05,9.176489e-05,2997760.055,4.062537e-03,3.410276e+01,4.673031e-05,3.699170e-05,3001121.234,2.500000e-04,6.08,6409.01
1953,4.631639e-03,3.421437e+01,8.112654e-05,7.978739e-05,2997436.768,4.364746e-03,3.372251e+01,4.801093e-05,1.024772e-04,2974131.820,2.500000e-04,5.83,6414.83
1954,4.621975e-03,3.406222e+01,6.847568e-05,1.061992e-04,2997502.623,4.003390e-03,3.412048e+01,4.431086e-05,2.964670e-05,3010780.211,2.500000e-04,5.45,6420.28
1955,4.393997e-03,3.396286e+01,6.664678e-05,6.624868e-05,2997260.879,5.319126e-03,3.490827e+01,8.088295e-05,2.038939e-04,3039923.320,2.500000e-04,5.56,6425.85
1956,4.587628e-03,3.416479e+01,7.182834e-05,9.057314e-05,2997919.797,4.192360e-03,3.434509e+01,4.671193e-05,5.814627e-05,3012605.125,2.500000e-04,5.82,6431.67
1957,4.447908e-03,3.404659e+01,6.532346e-05,7.800286e-05,2997099.559,5.098460e-03,3.508708e+01,5.001518e-05,2.179201e-04,3040617.703,2.500000e-04,5.55,6437.22
1958,4.273030e-03,3.394697e+01,5.060130e-05,7.446403e-05,2998125.277,4.344321e-03,3.450678e+01,3.395761e-05,1.108133e-04,3028597.898,2.500000e-04,5.66,6442.89
1959,4.348731e-03,3.407817e+01,5.140475e-05,8.537334e-05,2997845.227,3.920661e-03,3.330678e+01,2.079105e-05,7.641446e-05,2980939.211,2.500000e-04,5.65,6448.53
1960,4.472701e-03,3.403752e+01,6.650592e-05,8.077791e-05,2997940.561,5.960560e-03,3.335972e+01,9.493102e-05,3.350556e-04,2951860.484,2.500000e-04,5.77,6454.30
1961,4.671395e-03,3.414642e+01,7.410623e-05,1.031382e-04,2996983.094,5.353012e-03,3.486602e+01,1.433664e-04,8.654913e-05,3015551.852,2.500000e-04,5.56,6459.86
1962,4.521389e-03,3.405344e+01,6.797614e-05,8.725682e-05,2997720.381,3.915265e-03,3.339223e+01,3.011948e-05,5.496941e-05,2981659.789,2.500000e-04,5.75,6465.61
1963,4.551566e-03,3.396463e+01,7.210780e-05,8.680496e-05,2997545.750,4.099829e-03,3.429058e+01,4.638939e-05,4.137539e-05,3009520.836,2.500000e-04,5.86,6471.47
1964,4.355871e-03,3.399965e+01,5.671459e-05,7.775194e-05,2997758.686,4.024169e-03,3.330440e+01,3.638565e-05,6.597450e-05,2978205.789,2.500000e-04,5.55,6477.02
1965,4.367361e-03,3.394915e+01,6.456921e-05,6.535084e-05,2997519.234,4.189492e-03,3.341339e+01,6.754924e-05,3.453220e-05,2989364.383,2.500000e-04,5.76,6482.78
1966,4.442761e-03,3.412746e+01,6.572988e-05,7.454327e-05,2997677.467,4.336139e-03,3.411953e+01,7.421905e-05,3.639912e-05,3001823.836,2.500000e-04,5.90,6488.68
1967,4.287774e-03,3.401595e+01,5.377892e-05,6.967783e-05,2997620.967,4.093227e-03,3.381161e+01,4.964648e-05,4.312030e-05,3002686.172,2.500000e-04,5.44,6494.12
1968,4.445546e-03,3.404537e+01,6.491744e-05,7.836701e-05,2997488.789,4.483802e-03,3.459785e+01,6.888399e-05,6.703558e-05,3018905.508,2.500000e-04,5.68,6499.80
1969,4.563705e-03,3.413969e+01,6.842893e-05,9.308932e-05,2997694.016,4.639146e-03,3.465297e+01,6.011310e-05,1.145436e-04,3024263.406,2.500000e-04,5.39,6505.18
1970,4.299163e-03,3.392549e+01,5.542255e-05,7.047777e-05,2997747.473,4.515372e-03,3.297657e+01,2.464534e-05,1.942524e-04,2960278.562,2.500000e-04,5.56,6510.74
1971,4.412136e-03,3.400560e+01,5.958079e-05,8.315358e-05,2997393.016,4.473757e-03,3.447215e+01,7.518646e-05,5.493551e-05,3001965.367,2.500000e-04,5.86,6516.60
1972,4.339343e-03,3.408734e+01,5.441935e-05,7.728302e-05,2997560.623,3.897207e-03,3.390623e+01,3.999973e-05,2.131741e-05,3006078.953,2.500000e-04,5.65,6522.25
1973,4.458398e-03,3.406921e+01,5.551341e-05,9.926851e-05,2997659.498,3.884468e-03,3.386146e+01,2.757429e-05,4.451589e-05,3013354.086,2.500000e-04,5.61,6527.86
1974,4.379701e-03,3.401777e+01,6.737823e-05,6.082841e-05,2997956.143,4.631077e-03,3.334096e+01,5.912674e-05,1.411427e-04,2967125.164,2.500000e-04,5.80,6533.66
1975,4.332171e-03,3.398703e+01,5.822324e-05,7.024706e-05,2997463.750,3.828023e-03,3.352779e+01,3.501625e-05,2.501637e-05,2996476.852,2.500000e-04,5.72,6539.38
1976,4.342262e-03,3.399322e+01,6.035353e-05,6.788095e-05,2997334.533,5.150056e-03,3.478559e+01,7.647722e-05,1.813450e-04,3038327.867,2.500000e-04,5.94,6545.33
1977,4.311502e-03,3.389554e+01,5.374320e-05,7.690309e-05,2997726.785,3.803041e-03,3.406069e+01,3.020785e-05,1.897883e-05,3003594.953,2.500000e-04,5.93,6551.25
1978,4.560443e-03,3.412353e+01,6.657037e-05,9.647729e-05,2997585.766,3.888408e-03,3.401364e+01,3.920186e-05,1.900502e-05,3006542.398,2.500000e-04,5.54,6556.79
1979,4.461839e-03,3.412790e+01,6.453079e-05,8.074817e-05,2997719.590,5.003935e-03,3.358265e+01,8.629848e-05,1.565370e-04,2971644.094,2.500000e-04,6.25,6563.04
1980,4.333961e-03,3.392358e+01,5.353410e-05,8.125247e-05,2997521.109,4.483692e-03,3.323771e+01,4.444815e-05,1.430878e-04,2966422.234,2.500000e-04,5.47,6568.52
1981,4.195488e-03,3.395745e+01,4.892064e-05,6.210737e-05,2997846.213,4.435973e-03,3.352013e+01,7.951622e-05,5.775941e-05,2986020.438,2.500000e-04,5.52,6574.04
1982,4.511196e-03,3.406405e+01,6.925537e-05,8.244738e-05,2997161.418,4.385965e-03,3.436979e+01,4.794620e-05,9.390489e-05,3022390.828,2.500000e-04,5.84,6579.88
1983,4.471080e-03,3.404569e+01,6.660709e-05,8.008807e-05,2997694.758,3.769327e-03,3.415045e+01,2.619702e-05,1.846233e-05,3007659.164,2.500000e-04,5.71,6585.59
1984,4.417404e-03,3.410999e+01,5.930056e-05,8.267978e-05,2997558.328,6.106868e-03,3.610515e+01,1.774663e-04,1.443380e-04,3028858.984,2.500000e-04,5.57,6591.17
1985,4.643762e-03,3.413712e+01,8.048376e-05,8.504260e-05,2997791.990,5.993972e-03,3.585419e+01,1.191301e-04,2.434505e-04,3035303.945,2.500000e-04,5.62,6596.79
1986,4.360218e-03,3.409585e+01,6.090216e-05,6.832225e-05,2997602.020,3.981886e-03,3.336577e+01,3.091807e-05,6.722578e-05,2986423.750,2.500000e-04,5.90,6602.68
1987,4.274418e-03,3.383959e+01,5.717153e-05,6.374888e-05,2997518.031,4.415013e-03,3.442629e+01,8.356676e-05,2.734344e-05,3006320.609,2.500000e-04,5.58,6608.27
1988,4.273174e-03,3.402342e+01,5.967876e-05,5.480905e-05,2997599.953,3.844178e-03,3.412693e+01,1.977963e-05,4.673786e-05,3011486.625,2.500000e-04,5.63,6613.90
1989,4.408933e-03,3.411670e+01,5.576649e-05,8.791966e-05,2998073.412,4.946389e-03,3.479098e+01,8.360713e-05,1.262440e-04,3018313.477,2.500000e-04,5.88,6619.78
1990,4.479011e-03,3.397176e+01,6.571526e-05,8.493644e-05,2997249.074,4.258764e-03,3.404046e+01,6.404501e-05,4.285357e-05,3006848.031,2.500000e-04,5.82,6625.60
1991,4.463995e-03,3.410891e+01,6.343555e-05,8.374985e-05,2997457.396,7.439339e-03,3.584158e+01,3.633521e-04,4.433198e-05,3006485.516,2.500000e-04,5.64,6631.24
1992,4.531533e-03,3.405043e+01,7.725263e-05,7.079290e-05,2997721.430,3.871611e-03,3.377588e+01,2.728271e-05,4.423916e-05,2995757.312,2.500000e-04,5.54,6636.78
1993,4.476121e-03,3.415234e+01,6.344498e-05,8.528757e-05,2997762.273,4.284184e-03,3.347884e+01,3.364987e-05,1.199603e-04,2972375.750,2.500000e-04,5.91,6642.69
1994,4.369467e-03,3.398833e+01,5.892777e-05,7.627108e-05,2997377.859,4.872888e-03,3.468832e+01,8.449187e-05,1.118273e-04,3018783.609,2.500000e-04,6.08,6648.77
1995,4.480157e-03,3.410162e+01,6.727315e-05,7.945274e-05,2997635.807,4.064581e-03,3.403479e+01,5.078796e-05,3.064466e-05,3008664.680,2.500000e-04,5.67,6654.44
1996,4.353208e-03,3.397816e+01,5.761825e-05,7.584187e-05,2997690.941,4.284723e-03,3.391381e+01,8.025106e-05,1.816612e-05,2998115.727,2.500000e-04,5.67,6660.12
1997,4.434539e-03,3.403197e+01,6.075466e-05,8.475920e-05,2997586.441,4.073483e-03,3.358252e+01,5.442296e-05,3.420045e-05,2992723.125,2.500000e-04,5.29,6665.40
1998,4.466242e-03,3.407962e+01,5.473334e-05,1.021892e-04,2997088.115,4.903524e-03,3.483551e+01,5.660980e-05,1.707751e-04,3022119.953,2.500000e-04,5.45,6670.85
1999,4.450758e-03,3.416468e+01,6.349204e-05,7.987382e-05,2998122.795,4.154902e-03,3.322330e+01,3.921030e-05,8.809367e-05,2974895.977,2.500000e-04,5.11,6675.96
2000,4.472127e-03,3.407263e+01,6.500984e-05,8.295311e-05,2997600.693,4.618326e-03,3.276296e+01,1.935682e-05,2.296924e-04,2958307.625,2.500000e-04,5.42,6681.38
2001,4.669776e-03,3.408118e+01,7.272655e-05,1.068784e-04,2997334.318,4.499741e-03,3.450064e+01,5.859113e-05,9.275309e-05,3025368.289,2.500000e-04,5.43,6686.82
2002,4.355479e-03,3.406945e+01,6.035858e-05,6.898966e-05,2997965.670,4.416015e-03,3.362398e+01,6.674405e-05,7.723515e-05,2979265.969,2.500000e-04,5.19,6692.01
2003,4.204663e-03,3.389032e+01,5.330015e-05,5.652598e-05,2997458.994,4.561164e-03,3.392781e+01,1.084887e-04,1.669923e-05,2998315.289,2.500000e-04,5.75,6697.76
2004,4.546990e-03,3.406159e+01,6.711134e-05,9.394355e-05,2997427.305,4.300503e-03,3.404538e+01,6.928477e-05,4.062358e-05,2989110.227,2.500000e-04,5.41,6703.17
2005,4.572493e-03,3.406623e+01,7.388230e-05,8.540941e-05,2997460.176,4.179705e-03,3.360424e+01,5.094077e-05,6.197477e-05,2985040.180,2.500000e-04,5.82,6708.99
2006,4.554526e-03,3.419950e+01,6.738635e-05,9.214240e-05,2998036.344,4.302704e-03,3.330730e+01,6.105935e-05,7.227630e-05,2976576.820,2.500000e-04,5.95,6714.95
2007,4.425219e-03,3.392941e+01,6.354631e-05,7.936301e-05,2997341.438,4.400350e-03,3.353193e+01,5.143399e-05,1.065635e-04,2980194.992,2.500000e-04,5.12,6720.06
2008,4.407048e-03,3.400150e+01,6.618272e-05,6.901426e-05,2997407.078,4.252049e-03,3.412124e+01,5.159841e-05,6.478812e-05,3014252.680,2.500000e-04,5.59,6725.66
2009,4.407484e-03,3.407038e+01,5.994541e-05,8.019835e-05,2997968.656,4.611341e-03,3.354890e+01,8.454884e-05,8.219254e-05,2978956.641,2.500000e-04,5.82,6731.48
2010,4.365403e-03,3.396078e+01,5.662654e-05,8.061195e-05,2997138.199,4.344140e-03,3.441550e+01,2.209938e-05,1.363193e-04,3031310.789,2.500000e-04,5.84,6737.32
2011,4.496851e-03,3.413648e+01,6.712551e-05,8.238961e-05,2997907.631,4.446571e-03,3.370376e+01,9.015269e-05,3.493352e-05,2990651.406,2.500000e-04,5.80,6743.12
2012,4.445609e-03,3.407588e+01,6.657836e-05,7.444750e-05,2997522.947,4.671610e-03,3.337092e+01,6.066503e-05,1.455737e-04,2972117.000,2.500000e-04,5.81,6748.93
2013,4.439485e-03,3.412686e+01,6.576945e-05,7.382085e-05,2997550.920,4.265304e-03,3.441365e+01,3.732975e-05,9.012827e-05,3021680.227,2.500000e-04,5.24,6754.17
2014,4.387218e-03,3.402897e+01,5.857567e-05,7.971299e-05,2997959.592,4.137461e-03,3.384376e+01,3.912839e-05,7.236030e-05,2988137.094,2.500000e-04,5.86,6760.03
2015,4.384906e-03,3.401575e+01,5.834306e-05,7.998013e-05,2997100.516,4.849115e-03,3.391662e+01,1.172002e-04,5.709017e-05,2983859.141,2.500000e-04,5.85,6765.88
2016,4.400584e-03,3.409438e+01,5.991774e-05,7.839371e-05,2997269.379,5.650471e-03,3.524719e+01,1.318393e-04,1.614719e-04,3029238.453,2.500000e-04,5.79,6771.67
2017,4.599109e-03,3.411789e+01,7.484862e-05,8.776691e-05,2997975.275,3.889174e-03,3.368582e+01,2.630249e-05,5.151345e-05,2984339.203,2.500000e-04,6.23,6777.90
2018,4.342893e-03,3.400441e+01,5.468739e-05,7.911561e-05,2997552.166,4.310446e-03,3.389927e+01,3.705612e-05,1.099915e-04,2984683.656,2.500000e-04,5.96,6783.86
2019,4.433431e-03,3.414245e+01,6.319595e-05,7.744536e-05,2997842.703,6.137375e-03,3.310144e+01,1.276798e-04,3.100865e-04,2957999.477,2.500000e-04,5.58,6789.44
2020,4.332006e-03,3.404310e+01,5.592653e-05,7.368602e-05,2997283.893,4.120149e-03,3.437297e+01,4.087881e-05,5.481276e-05,3018084.398,2.500000e-04,5.67,6795.11
2021,4.221415e-03,3.397887e+01,5.277171e-05,5.916223e-05,2997797.477,6.239171e-03,3.559635e+01,1.016090e-04,3.326893e-04,3037352.953,2.500000e-04,5.89,6801.00
2022,4.572559e-03,3.423252e+01,7.261460e-05,8.463214e-05,2997524.850,3.687427e-03,3.357789e+01,1.794477e-05,3.003805e-05,2994066.750,2.500000e-04,5.76,6806.76
2023,4.161611e-03,3.381912e+01,4.624466e-05,6.345057e-05,2997872.053,5.726817e-03,3.314838e+01,1.823529e-04,1.176901e-04,2970523.680,2.500000e-04,5.97,6812.73
2024,4.291311e-03,3.393895e+01,5.749301e-05,6.449720e-05,2997715.252,4.909451e-03,3.309347e+01,7.074274e-05,1.785354e-04,2962943.617,2.500000e-04,5.77,6818.49
2025,4.321976e-03,3.393545e+01,5.646817e-05,7.274997e-05,2997496.674,3.838520e-03,3.367953e+01,3.656236e-05,2.098875e-05,2991986.594,2.500000e-04,6.03,6824.52
2026,4.576810e-03,3.408380e+01,7.136732e-05,9.095121e-05,2997832.408,4.290753e-03,3.361980e+01,4.497769e-05,9.579931e-05,2984186.281,2.500000e-04,5.43,6829.96
2027,4.602911e-03,3.405287e+01,7.668084e-05,8.616307e-05,2997445.367,3.755249e-03,3.401980e+01,1.793901e-05,3.477571e-05,2994459.312,2.500000e-04,5.94,6835.89
2028,4.614045e-03,3.406363e+01,7.318529e-05,9.516573e-05,2997459.592,3.984584e-03,3.308785e+01,1.727462e-05,1.006105e-04,2975050.641,2.500000e-04,6.01,6841.91
2029,4.179112e-03,3.389807e+01,4.699426e-05,6.387247e-05,2997630.357,3.777196e-03,3.386518e+01,2.171429e-05,3.470700e-05,2993912.328,2.500000e-04,5.55,6847.45
2030,4.368594e-03,3.398136e+01,6.502676e-05,6.403813e-05,2997399.414,5.461204e-03,3.464479e+01,1.278278e-04,1.436894e-04,3026799.727,2.500000e-04,5.81,6853.26
2031,4.418462e-03,3.395145e+01,6.170073e-05,8.126206e-05,2997535.299,3.836304e-03,3.430650e+01,1.953574e-05,4.205920e-05,3005834.578,2.500000e-04,5.85,6859.12
2032,4.331295e-03,3.403704e+01,5.659016e-05,7.233784e-05,2997737.818,4.334515e-03,3.405984e+01,7.246360e-05,4.077900e-05,3006277.930,2.500000e-04,5.75,6864.87
2033,4.640692e-03,3.404607e+01,7.487729e-05,9.746252e-05,2997232.215,4.121519e-03,3.395770e+01,4.443008e-05,5.628961e-05,3014042.070,2.500000e-04,5.52,6870.39
2034,4.534153e-03,3.398955e+01,6.913355e-05,8.877251e-05,2997551.670,4.029761e-03,3.405396e+01,4.821503e-05,2.844278e-05,3000952.234,2.500000e-04,5.31,6875.70
2035,4.708533e-03,3.422253e+01,7.465844e-05,1.079391e-04,2997386.594,4.733014e-03,3.521396e+01,2.846703e-05,1.853896e-04,3037189.070,2.500000e-04,6.02,6881.72
2036,4.520689e-03,3.406666e+01,6.973087e-05,8.334275e-05,2997520.104,4.448275e-03,3.357971e+01,3.556172e-05,1.469375e-04,2988172.516,2.500000e-04,5.49,6887.21
2037,4.354391e-03,3.400798e+01,5.674298e-05,7.723263e-05,2997606.041,4.157989e-03,3.439873e+01,3.881142e-05,6.600039e-05,3018102.891,2.500000e-04,5.73,6892.95
2038,4.448533e-03,3.412426e+01,6.622203e-05,7.477741e-05,2997834.762,4.509517e-03,3.363343e+01,8.270968e-05,6.381530e-05,2980241.688,2.500000e-04,6.67,6899.62
2039,4.475300e-03,3.410289e+01,7.297616e-05,6.704989e-05,2997893.584,3.747254e-03,3.362433e+01,2.782569e-05,2.131292e-05,2993811.414,2.500000e-04,5.40,6905.02
2040,4.353696e-03,3.395335e+01,5.995433e-05,7.176359e-05,2997224.223,4.258017e-03,3.412801e+01,4.352957e-05,8.198420e-05,3003205.305,2.500000e-04,5.86,6910.88
2041,4.595909e-03,3.405091e+01,7.483389e-05,8.849579e-05,2997358.736,4.625399e-03,3.463805e+01,8.814463e-05,5.602952e-05,3020044.750,2.500000e-04,5.52,6916.40
2042,4.589150e-03,3.416734e+01,6.984848e-05,9.478634e-05,2998069.238,4.555278e-03,3.435898e+01,5.694321e-05,1.099896e-04,3026920.906,2.500000e-04,5.43,6921.83
2043,4.510675e-03,3.418869e+01,6.831708e-05,8.172703e-05,2997422.541,4.324650e-03,3.387758e+01,7.479833e-05,3.778176e-05,2989400.945,2.500000e-04,6.14,6927.97
2044,4.287527e-03,3.401625e+01,5.917417e-05,5.883224e-05,2997735.100,4.115097e-03,3.324289e+01,4.280890e-05,7.254372e-05,2980443.898,2.500000e-04,5.33,6933.30
2045,4.569749e-03,3.403539e+01,6.702213e-05,9.919771e-05,2997472.896,4.493871e-03,3.376258e+01,5.998265e-05,1.035573e-04,2980435.969,2.500000e-04,5.98,6939.27
2046,4.345236e-03,3.399386e+01,5.999039e-05,6.918922e-05,2997715.496,5.325700e-03,3.460619e+01,1.662121e-04,4.059201e-05,2990825.922,2.500000e-04,5.67,6944.94
2047,4.554208e-03,3.418809e+01,7.276327e-05,8.155332e-05,2997697.945,4.114576e-03,3.370605e+01,5.661180e-05,3.557076e-05,2989767.797,2.500000e-04,5.34,6950.28
2048,4.446639e-03,3.412889e+01,6.958902e-05,6.757213e-05,2997816.830,4.183241e-03,3.374762e+01,3.665089e-05,8.839397e-05,2978546.578,2.500000e-04,5.77,6956.05
2049,4.518515e-03,3.396138e+01,7.489468e-05,7.468604e-05,2997238.971,3.694336e-03,3.384975e+01,2.334064e-05,1.519086e-05,3005373.227,2.500000e-04,5.77,6961.83
2050,4.350907e-03,3.392485e+01,5.646067e-05,7.876317e-05,2997749.971,4.062680e-03,3.365406e+01,3.860673e-05,6.224133e-05,2985590.500,2.500000e-04,5.50,6967.33
2051,4.289679e-03,3.398203e+01,5.824314e-05,6.180886e-05,2997639.314,4.514822e-03,3.297186e+01,3.157747e-05,1.803722e-04,2964446.688,2.500000e-04,5.34,6972.67
2052,4.417468e-03,3.396329e+01,6.297616e-05,7.827551e-05,2997447.729,4.167827e-03,3.437563e+01,5.805559e-05,2.994162e-05,3005294.250,2.500000e-04,5.25,6977.92
2053,4.573065e-03,3.409692e+01,6.686760e-05,9.893959e-05,2997444.408,7.349860e-03,3.566671e+01,9.959968e-05,5.574384e-04,3067801.664,2.500000e-04,5.76,6983.68
2054,4.736157e-03,3.414479e+01,8.127482e-05,1.017860e-04,2997554.646,4.041771e-03,3.430184e+01,2.236319e-05,7.759119e-05,3020174.633,2.500000e-04,5.55,6989.23
2055,4.228384e-03,3.396255e+01,5.226235e-05,6.190106e-05,2997714.252,4.333765e-03,3.401991e+01,7.615901e-05,3.403676e-05,3004372.344,2.500000e-04,6.06,6995.29
2056,4.405183e-03,3.408501e+01,6.328691e-05,7.276274e-05,2997728.525,3.817858e-03,3.336681e+01,2.984000e-05,3.655539e-05,2985090.516,2.500000e-04,5.95,7001.25
2057,4.368946e-03,3.398558e+01,5.879011e-05,7.649756e-05,2997453.057,3.889342e-03,3.384371e+01,4.002930e-05,2.093558e-05,2998230.227,2.500000e-04,5.83,7007.08
2058,4.533549e-03,3.404516e+01,6.951209e-05,8.678245e-05,2997574.410,4.029179e-03,3.424138e+01,3.610233e-05,4.880362e-05,3011580.469,2.500000e-04,5.73,7012.81
2059,4.366271e-03,3.389554e+01,6.080696e-05,7.372952e-05,2997533.625,4.972373e-03,3.478602e+01,8.871590e-05,1.213223e-04,3026772.844,2.500000e-04,6.30,7019.11
2060,4.556236e-03,3.403806e+01,6.843261e-05,9.362076e-05,2997916.738,3.700269e-03,3.378861e+01,2.387485e-05,1.653203e-05,3001141.156,2.500000e-04,5.71,7024.82
2061,4.356111e-03,3.393392e+01,6.301718e-05,6.650951e-05,2997477.617,4.009294e-03,3.434069e+01,2.539480e-05,6.425542e-05,3021853.531,2.500000e-04,5.76,7030.58
2062,4.439424e-03,3.409717e+01,6.605196e-05,7.383765e-05,2997864.998,4.012323e-03,3.337478e+01,4.205997e-05,5.084924e-05,2983880.070,2.500000e-04,5.82,7036.40
2063,4.378546e-03,3.392216e+01,5.684050e-05,8.358494e-05,2997383.588,4.182536e-03,3.427138e+01,3.548298e-05,8.011365e-05,3018841.914,2.500000e-04,5.77,7042.17
2064,4.633595e-03,3.417348e+01,6.715033e-05,1.089487e-04,2997605.123,4.539250e-03,3.466679e+01,5.553968e-05,1.034349e-04,3027299.367,2.500000e-04,5.86,7048.02
2065,4.449232e-03,3.404698e+01,6.194556e-05,8.501564e-05,2997930.896,3.909440e-03,3.338030e+01,2.410754e-05,6.606688e-05,2979222.500,2.500000e-04,5.24,7053.26
2066,4.392240e-03,3.404659e+01,5.455755e-05,8.840123e-05,2997246.299,4.603909e-03,3.459154e+01,6.126015e-05,1.064309e-04,3028593.453,2.500000e-04,5.83,7059.10
2067,4.546176e-03,3.405522e+01,7.006066e-05,8.800951e-05,2997397.605,3.886823e-03,3.386004e+01,2.929105e-05,4.158177e-05,3009082.969,2.500000e-04,5.51,7064.61
2068,4.398374e-03,3.401538e+01,6.480750e-05,6.975213e-05,2997727.203,7.457597e-03,3.620697e+01,1.961586e-04,3.750627e-04,3052257.508,2.500000e-04,5.97,7070.57
2069,4.510768e-03,3.408610e+01,6.786712e-05,8.469743e-05,2998007.066,5.555776e-03,3.375337e+01,1.818811e-04,7.232565e-05,2987289.953,2.500000e-04,5.04,7075.61
2070,4.965904e-03,3.410940e+01,1.109259e-04,8.914108e-05,2997302.137,3.883607e-03,3.411769e+01,2.924095e-05,3.588579e-05,3000371.492,2.500000e-04,5.74,7081.35
2071,4.356944e-03,3.409575e+01,5.110223e-05,8.726931e-05,2997532.014,4.313760e-03,3.343801e+01,5.569622e-05,8.259940e-05,2988633.617,2.500000e-04,5.59,7086.94
2072,4.471625e-03,3.399479e+01,6.242638e-05,8.957656e-05,2997429.928,3.755847e-03,3.406470e+01,2.119027e-05,2.749489e-05,3012522.055,2.500000e-04,5.80,7092.74
2073,4.422877e-03,3.393453e+01,5.614572e-05,9.359345e-05,2997720.721,4.339107e-03,3.445405e+01,5.605044e-05,6.663937e-05,3003966.812,2.500000e-04,5.88,7098.62
2074,4.417300e-03,3.402771e+01,6.519863e-05,7.250849e-05,2997650.000,3.762831e-03,3.355797e+01,1.588556e-05,4.963572e-05,2985412.422,2.500000e-04,5.78,7104.40
2075,4.316355e-03,3.399720e+01,5.316081e-05,7.700545e-05,2997824.697,4.697891e-03,3.376990e+01,1.043192e-04,5.554181e-05,2991851.703,2.500000e-04,5.93,7110.33
2076,4.460586e-03,3.392523e+01,7.188955e-05,6.983349e-05,2997504.764,4.159212e-03,3.363765e+01,4.115902e-05,7.677139e-05,2980205.664,2.500000e-04,5.87,7116.20
2077,4.460721e-03,3.394072e+01,6.114916e-05,9.103150e-05,2997351.385,4.256276e-03,3.444962e+01,3.883914e-05,8.458450e-05,3025516.188,2.500000e-04,5.84,7122.04
2078,4.520735e-03,3.403431e+01,7.316815e-05,7.712453e-05,2997676.143,4.634774e-03,3.468835e+01,8.095059e-05,7.128650e-05,3012117.891,2.500000e-04,5.90,7127.94
2079,4.339054e-03,3.393658e+01,5.370015e-05,8.167898e-05,2997694.264,4.112008e-03,3.340920e+01,5.281094e-05,4.859571e-05,2992729.555,2.500000e-04,6.10,7134.04
2080,4.403392e-03,3.392118e+01,6.307596e-05,7.610305e-05,2997362.439,4.235114e-03,3.444013e+01,4.528189e-05,6.765659e-05,3016235.383,2.500000e-04,5.59,7139.63
2081,4.467615e-03,3.399369e+01,6.638679e-05,8.087568e-05,2997689.666,4.857747e-03,3.432281e+01,1.242323e-04,3.662859e-05,3004980.984,2.500000e-04,5.50,7145.13
2082,4.488755e-03,3.398255e+01,6.756833e-05,8.296341e-05,2997455.006,4.466245e-03,3.446951e+01,4.649336e-05,1.108720e-04,3025196.258,2.500000e-04,5.28,7150.41
2083,4.585359e-03,3.406834e+01,7.695586e-05,8.179327e-05,2997899.645,3.728071e-03,3.376817e+01,2.430029e-05,2.165025e-05,2996274.680,2.500000e-04,5.59,7156.01
2084,4.379812e-03,3.399945e+01,5.980681e-05,7.635981e-05,2997325.998,5.024753e-03,3.481316e+01,2.922839e-05,2.502307e-04,3038494.398,2.500000e-04,6.02,7162.03
2085,4.366398e-03,3.390806e+01,5.507129e-05,8.497585e-05,2997742.922,4.722313e-03,3.490074e+01,2.195643e-05,2.025349e-04,3037303.891,2.500000e-04,5.55,7167.58
2086,4.276668e-03,3.391810e+01,5.786857e-05,6.123444e-05,2997784.189,4.126363e-03,3.347511e+01,2.812983e-05,9.951082e-05,2974312.516,2.500000e-04,5.91,7173.49
2087,4.383078e-03,3.403954e+01,6.299047e-05,6.984380e-05,2997743.881,4.336958e-03,3.325652e+01,5.415334e-05,9.395458e-05,2977572.680,2.500000e-04,5.59,7179.08
2088,4.388268e-03,3.396645e+01,6.517021e-05,6.798427e-05,2997533.891,4.608821e-03,3.460091e+01,9.042923e-05,4.888755e-05,3011379.992,2.500000e-04,5.41,7184.49
2089,4.470043e-03,3.406649e+01,5.922375e-05,9.423132e-05,2997645.057,3.943279e-03,3.372961e+01,4.805138e-05,1.796072e-05,2994673.703,2.500000e-04,5.60,7190.09
2090,4.555060e-03,3.417366e+01,7.368454e-05,8.016991e-05,2997883.209,4.881454e-03,3.375938e+01,1.055233e-04,9.005635e-05,2984683.484,2.500000e-04,5.53,7195.62
2091,4.481877e-03,3.416779e+01,6.794352e-05,7.713270e-05,2997333.857,4.735066e-03,3.324187e+01,7.630981e-05,1.295561e-04,2967722.000,2.500000e-04,5.76,7201.37
2092,4.574664e-03,3.407759e+01,6.732273e-05,9.873563e-05,2997523.484,4.686280e-03,3.370425e+01,9.854230e-05,6.608652e-05,2982045.070,2.500000e-04,5.36,7206.74
2093,4.515357e-03,3.406190e+01,7.119844e-05,7.943671e-05,2997559.639,4.067389e-03,3.326756e+01,5.027821e-05,4.757024e-05,2984580.438,2.500000e-04,6.08,7212.82
2094,4.681934e-03,3.414803e+01,8.196575e-05,8.949465e-05,2997519.744,3.721897e-03,3.348203e+01,2.870786e-05,1.732323e-05,2991630.258,2.500000e-04,5.61,7218.43
2095,4.837716e-03,3.420652e+01,8.442081e-05,1.145712e-04,2997313.842,7.466604e-03,3.655822e+01,3.035244e-04,1.551078e-04,3028249.297,2.500000e-04,5.55,7223.99
2096,4.624556e-03,3.413021e+01,7.196187e-05,9.838328e-05,2997607.271,4.735104e-03,3.362438e+01,1.088965e-04,5.674032e-05,2995942.039,2.500000e-04,5.85,7229.84
2097,4.544257e-03,3.410730e+01,7.712998e-05,7.244531e-05,2997542.490,4.089234e-03,3.326866e+01,4.296574e-05,6.654227e-05,2982451.617,2.500000e-04,5.73,7235.57
2098,4.648660e-03,3.414408e+01,7.181807e-05,1.032142e-04,2997511.363,4.600247e-03,3.402282e+01,7.504708e-05,8.949884e-05,2998032.695,2.500000e-04,5.30,7240.87
2099,4.331193e-03,3.400269e+01,6.070071e-05,6.478330e-05,2997594.371,3.832398e-03,3.353025e+01,2.487984e-05,4.611481e-05,2987922.156,2.500000e-04,5.97,7246.85
2100,4.444459e-03,3.399134e+01,6.384646e-05,8.137200e-05,2997542.979,5.181841e-03,3.435824e+01,1.406779e-04,6.784750e-05,3004251.711,2.500000e-04,5.44,7252.29
2101,4.369269e-03,3.407901e+01,5.870199e-05,7.486962e-05,2997663.328,3.924809e-03,3.327217e+01,2.627543e-05,6.696746e-05,2982227.773,2.500000e-04,5.80,7258.09
2102,4.368862e-03,3.402690e+01,5.589004e-05,8.145434e-05,2997595.643,4.035750e-03,3.450128e+01,4.061789e-05,3.588870e-05,2999957.273,2.500000e-04,5.83,7263.92
2103,4.458257e-03,3.411742e+01,6.186564e-05,8.557164e-05,2997497.697,4.528198e-03,3.375254e+01,8.642824e-05,5.773221e-05,2983387.883,2.500000e-04,5.43,7269.35
2104,4.217090e-03,3.393291e+01,4.798509e-05,6.878974e-05,2997830.396,4.233372e-03,3.315201e+01,2.306797e-05,1.374984e-04,2970194.625,2.500000e-04,5.74,7275.09
2105,4.513952e-03,3.407918e+01,7.350851e-05,7.418980e-05,2997517.666,6.107232e-03,3.424130e+01,1.811647e-04,1.742910e-04,2964695.164,2.500000e-04,5.52,7280.61
2106,4.783167e-03,3.421624e+01,8.524074e-05,1.018271e-04,2997427.195,7.515119e-03,3.546488e+01,9.689658e-05,5.999332e-04,3065480.531,2.500000e-04,5.21,7285.82
2107,4.543631e-03,3.410073e+01,6.830028e-05,9.011110e-05,2997783.354,4.604474e-03,3.344222e+01,8.731217e-05,7.742612e-05,2976445.562,2.500000e-04,5.82,7291.65
2108,4.417943e-03,3.398173e+01,6.442962e-05,7.509468e-05,2997595.533,3.853376e-03,3.405786e+01,2.420979e-05,4.109857e-05,3014355.453,2.500000e-04,5.92,7297.57
2109,4.686118e-03,3.418833e+01,6.768453e-05,1.180881e-04,2997483.975,3.793845e-03,3.442296e+01,2.164472e-05,2.702033e-05,3008838.266,2.500000e-04,6.47,7304.03
2110,4.283376e-03,3.393156e+01,5.378324e-05,7.047752e-05,2997460.652,4.311514e-03,3.448416e+01,2.477588e-05,1.230679e-04,3031717.867,2.500000e-04,5.67,7309.71
2111,4.402165e-03,3.400420e+01,6.170066e-05,7.694767e-05,2997640.465,4.141724e-03,3.410650e+01,3.882947e-05,6.855596e-05,3016742.617,2.500000e-04,5.69,7315.40
2112,4.430314e-03,3.398877e+01,5.894466e-05,8.839799e-05,2997565.273,4.050539e-03,3.422176e+01,3.957642e-05,4.651970e-05,3016510.648,2.500000e-04,5.55,7320.95
2113,4.563517e-03,3.402520e+01,6.929275e-05,9.361381e-05,2997506.084,4.482090e-03,3.520333e+01,2.982142e-05,1.327085e-04,3030805.289,2.500000e-04,5.84,7326.79
2114,4.248341e-03,3.401914e+01,5.012903e-05,6.902740e-05,2997892.004,4.832079e-03,3.439964e+01,1.254252e-04,2.757249e-05,3008171.867,2.500000e-04,5.73,7332.52
2115,4.384261e-03,3.394974e+01,6.440365e-05,6.905023e-05,2997594.410,5.622650e-03,3.511538e+01,3.118948e-05,3.598435e-04,3054240.977,2.500000e-04,5.44,7337.96
2116,4.507418e-03,3.401680e+01,6.089122e-05,9.936504e-05,2997361.373,4.375338e-03,3.457101e+01,4.053083e-05,1.025858e-04,3027795.438,2.500000e-04,5.55,7343.51
2117,4.745141e-03,3.406540e+01,7.410618e-05,1.195079e-04,2997693.639,5.427167e-03,3.397090e+01,1.297476e-04,1.465200e-04,2969414.797,2.500000e-04,5.37,7348.88
2118,4.459626e-03,3.400312e+01,6.805564e-05,7.575152e-05,2997808.957,4.070268e-03,3.346641e+01,4.206756e-05,6.059029e-05,2978999.055,2.500000e-04,5.63,7354.51
2119,4.403132e-03,3.396808e+01,6.477112e-05,7.172262e-05,2997614.764,4.033668e-03,3.377050e+01,4.539616e-05,4.053134e-05,2985651.398,2.500000e-04,5.51,7360.03
2120,4.549207e-03,3.405032e+01,6.957153e-05,8.969196e-05,2997351.586,3.858549e-03,3.379416e+01,3.319000e-05,2.944675e-05,3003603.117,2.500000e-04,5.46,7365.49
2121,4.529663e-03,3.408480e+01,7.241349e-05,7.940954e-05,2997514.178,4.136553e-03,3.373742e+01,5.581848e-05,4.092526e-05,2990478.430,2.500000e-04,5.42,7370.91
2122,4.549138e-03,3.400567e+01,7.372255e-05,8.226910e-05,2997477.656,3.745667e-03,3.379774e+01,2.524404e-05,2.269067e-05,2991967.773,2.500000e-04,5.51,7376.42
2123,4.582746e-03,3.413278e+01,7.130123e-05,9.129119e-05,2998034.844,6.284199e-03,3.205627e+01,3.044981e-05,5.548146e-04,2931552.305,2.500000e-04,6.32,7382.74
2124,4.380858e-03,3.395136e+01,6.119390e-05,7.475662e-05,2997328.863,4.224913e-03,3.311392e+01,2.465547e-05,1.333933e-04,2972259.086,2.500000e-04,5.97,7388.71
2125,4.494939e-03,3.398559e+01,6.712624e-05,8.502343e-05,2997340.139,4.588415e-03,3.398524e+01,1.108907e-04,1.619677e-05,2993412.742,2.500000e-04,5.61,7394.32
2126,4.607785e-03,3.406000e+01,6.894814e-05,1.024607e-04,2997663.025,4.125088e-03,3.379342e+01,4.454343e-05,6.006229e-05,3007562.508,2.500000e-04,5.78,7400.10
2127,4.341500e-03,3.406270e+01,6.122094e-05,6.460418e-05,2997628.199,4.265965e-03,3.371925e+01,7.436987e-05,3.006819e-05,2994995.609,2.500000e-04,5.51,7405.61
2128,4.271586e-03,3.394732e+01,5.736980e-05,6.063111e-05,2997607.605,4.122228e-03,3.363593e+01,5.342750e-05,4.487211e-05,2991681.922,2.500000e-04,5.69,7411.31
2129,4.287724e-03,3.386975e+01,5.712087e-05,6.590822e-05,2997843.957,3.986631e-03,3.397241e+01,4.395780e-05,2.996246e-05,3008143.492,2.500000e-04,5.84,7417.15
2130,4.657973e-03,3.410190e+01,7.223202e-05,1.050925e-04,2997463.586,3.773813e-03,3.370888e+01,3.114843e-05,1.828814e-05,3002983.617,2.500000e-04,5.57,7422.72
2131,4.631513e-03,3.405389e+01,7.172732e-05,1.017701e-04,2997525.592,4.389364e-03,3.363421e+01,6.223254e-05,8.072355e-05,2981874.555,2.500000e-04,5.37,7428.08
2132,4.436252e-03,3.407058e+01,6.463016e-05,7.657857e-05,2997359.959,4.203075e-03,3.338904e+01,3.578691e-05,1.012606e-04,2991952.000,2.500000e-04,5.40,7433.49
2133,4.430546e-03,3.397740e+01,6.163391e-05,8.329338e-05,2997925.334,3.947783e-03,3.375493e+01,3.728410e-05,3.988976e-05,2991124.516,2.500000e-04,5.97,7439.46
2134,4.351951e-03,3.392697e+01,5.914566e-05,7.355941e-05,2997662.990,4.112782e-03,3.370385e+01,4.483742e-05,5.880475e-05,2988268.164,2.500000e-04,6.18,7445.64
2135,4.437337e-03,3.402288e+01,6.670832e-05,7.359315e-05,2997703.852,5.192030e-03,3.342080e+01,9.791080e-05,1.741684e-04,2962240.484,2.500000e-04,5.92,7451.55
2136,4.580238e-03,3.407560e+01,6.775078e-05,9.903393e-05,2997411.857,4.181522e-03,3.326485e+01,3.967127e-05,9.166482e-05,2977450.812,2.500000e-04,5.84,7457.39
2137,4.421920e-03,3.401738e+01,5.514736e-05,9.374176e-05,2997532.328,4.719352e-03,3.421503e+01,1.127170e-04,3.413583e-05,3003887.891,2.500000e-04,5.42,7462.81
2138,4.441495e-03,3.408297e+01,6.176767e-05,8.310437e-05,2997742.777,4.202420e-03,3.387969e+01,6.236622e-05,3.815777e-05,2990672.219,2.500000e-04,5.84,7468.65
2139,4.546261e-03,3.400748e+01,6.949075e-05,9.012108e-05,2997742.867,4.613544e-03,3.309155e+01,7.090942e-05,1.190590e-04,2969378.125,2.500000e-04,5.83,7474.48
2140,4.563226e-03,3.402346e+01,6.942213e-05,9.333184e-05,2997371.449,3.978383e-03,3.362326e+01,1.650107e-05,9.020924e-05,2982153.852,2.500000e-04,5.64,7480.12
2141,4.255629e-03,3.393350e+01,4.903406e-05,7.438768e-05,2997726.625,3.846599e-03,3.392716e+01,3.864974e-05,1.347721e-05,2997476.250,2.500000e-04,5.80,7485.92
2142,4.331715e-03,3.408679e+01,5.510514e-05,7.439696e-05,2997652.287,5.165380e-03,3.304865e+01,8.272649e-05,2.066500e-04,2961267.484,2.500000e-04,5.22,7491.14
2143,4.376165e-03,3.394035e+01,5.792777e-05,8.057044e-05,2997536.553,4.701938e-03,3.381755e+01,1.135225e-04,3.699147e-05,2988036.062,2.500000e-04,5.53,7496.67
2144,4.380356e-03,3.403463e+01,5.548617e-05,8.440628e-05,2997360.596,4.085985e-03,3.361894e+01,5.311114e-05,3.859600e-05,2990668.477,2.500000e-04,5.73,7502.40
2145,4.207654e-03,3.389894e+01,5.157069e-05,6.041057e-05,2998342.809,5.514113e-03,3.240175e+01,5.303671e-05,3.487141e-04,2946899.398,2.500000e-04,5.61,7508.01
2146,4.457479e-03,3.395293e+01,6.697906e-05,7.847913e-05,2997204.684,4.273733e-03,3.357273e+01,6.473675e-05,5.381838e-05,2987862.328,2.500000e-04,5.83,7513.83
2147,4.288206e-03,3.391679e+01,5.935104e-05,6.060341e-05,2997628.537,3.936923e-03,3.361660e+01,1.774152e-05,7.956958e-05,2979796.539,2.500000e-04,5.81,7519.64
2148,4.779927e-03,3.423038e+01,7.692392e-05,1.175300e-04,2997447.207,4.160877e-03,3.365223e+01,6.755470e-05,2.402146e-05,3004666.750,2.500000e-04,5.70,7525.35
2149,4.444059e-03,3.399955e+01,6.509043e-05,7.863995e-05,2997382.869,6.697450e-03,3.746075e+01,1.426341e-04,3.050068e-04,3045325.992,2.500000e-04,5.82,7531.17
2150,4.286586e-03,3.398902e+01,5.071428e-05,7.610833e-05,2997716.305,4.089512e-03,3.474321e+01,3.041341e-05,6.221150e-05,3020431.992,2.500000e-04,5.65,7536.82
2151,4.253469e-03,3.399499e+01,5.296352e-05,6.486704e-05,2997645.941,3.749841e-03,3.335998e+01,2.295578e-05,3.685713e-05,2985882.984,2.500000e-04,5.75,7542.57
2152,4.321088e-03,3.397881e+01,5.676842e-05,7.110447e-05,2997723.771,4.114799e-03,3.379376e+01,3.994647e-05,6.719160e-05,2993112.711,2.500000e-04,5.72,7548.29
2153,4.303826e-03,3.395045e+01,5.491639e-05,7.192345e-05,2997736.975,3.812484e-03,3.412809e+01,2.363149e-05,3.267206e-05,3013823.227,2.500000e-04,5.91,7554.20
2154,4.306749e-03,3.393608e+01,5.488724e-05,7.285387e-05,2997523.750,3.822157e-03,3.351941e+01,3.301769e-05,2.800795e-05,2992756.531,2.500000e-04,5.67,7559.87
2155,4.293193e-03,3.403262e+01,5.667250e-05,6.464131e-05,2997631.025,3.946024e-03,3.349716e+01,4.595655e-05,2.734863e-05,2987122.211,2.500000e-04,5.79,7565.66
2156,4.419111e-03,3.390631e+01,5.691369e-05,9.186866e-05,2997819.373,4.452065e-03,3.421555e+01,6.029740e-05,8.550729e-05,3007542.758,2.500000e-04,6.08,7571.75
2157,4.335779e-03,3.392783e+01,5.366731e-05,8.126462e-05,2997269.203,3.738813e-03,3.377197e+01,2.112888e-05,3.006540e-05,3001448.320,2.500000e-04,5.65,7577.40
2158,4.210966e-03,3.391133e+01,5.290714e-05,5.815240e-05,2997903.117,4.236080e-03,3.322995e+01,4.784306e-05,8.693091e-05,2979550.859,2.500000e-04,5.66,7583.06
2159,4.554755e-03,3.404974e+01,7.087897e-05,8.819825e-05,2997678.635,3.777778e-03,3.404772e+01,2.369961e-05,2.720206e-05,3005238.164,2.500000e-04,6.05,7589.11
2160,4.480083e-03,3.404996e+01,6.665897e-05,8.169949e-05,2997604.732,4.510620e-03,3.320372e+01,7.231451e-05,9.342064e-05,2976499.367,2.500000e-04,5.72,7594.83
2161,4.333100e-03,3.395493e+01,6.056693e-05,6.638769e-05,2997519.793,4.669073e-03,3.546385e+01,3.672431e-05,1.510890e-04,3030478.125,2.500000e-04,5.44,7600.28
2162,4.471505e-03,3.407846e+01,6.530931e-05,8.211319e-05,2997399.586,3.804328e-03,3.380095e+01,2.860278e-05,2.764112e-05,3002480.953,2.500000e-04,6.15,7606.43
2163,4.254652e-03,3.398864e+01,5.356158e-05,6.403434e-05,2997673.865,3.762917e-03,3.361574e+01,2.517335e-05,2.992204e-05,2988503.430,2.500000e-04,6.00,7612.43
2164,4.309032e-03,3.395301e+01,6.058484e-05,6.157648e-05,2997863.000,3.801412e-03,3.350676e+01,3.291379e-05,2.431964e-05,2993144.359,2.500000e-04,5.79,7618.22
2165,4.388021e-03,3.398865e+01,6.166856e-05,7.449406e-05,2997437.979,3.856730e-03,3.408741e+01,3.296747e-05,2.366301e-05,3010509.750,2.500000e-04,5.70,7623.92
2166,4.392801e-03,3.404973e+01,6.241327e-05,7.273910e-05,2997803.744,5.591200e-03,3.527368e+01,1.229712e-04,1.668240e-04,3026236.328,2.500000e-04,5.81,7629.74
2167,4.404914e-03,3.397119e+01,6.082083e-05,7.991735e-05,2997554.086,3.721144e-03,3.398762e+01,1.672381e-05,3.102885e-05,3007532.953,2.500000e-04,5.27,7635.00
2168,4.462356e-03,3.393254e+01,6.007870e-05,9.366290e-05,2997712.781,4.297260e-03,3.365617e+01,6.887493e-05,4.857866e-05,2983130.109,2.500000e-04,5.66,7640.66
2169,4.416908e-03,3.405555e+01,6.389198e-05,7.448648e-05,2997336.561,6.768185e-03,3.517188e+01,2.645390e-04,1.211214e-04,3021400.047,2.500000e-04,5.66,7646.33
2170,4.392345e-03,3.401582e+01,6.410022e-05,6.995214e-05,2997693.686,4.033406e-03,3.440391e+01,3.799002e-05,4.262298e-05,3009199.180,2.500000e-04,5.61,7651.93
2171,4.408575e-03,3.399978e+01,5.983002e-05,8.205942e-05,2997725.105,4.605983e-03,3.353255e+01,7.996220e-05,9.062120e-05,2974106.500,2.500000e-04,5.20,7657.14
2172,4.457171e-03,3.415003e+01,6.143735e-05,8.555895e-05,2997758.967,4.407736e-03,3.292816e+01,5.090957e-05,1.211649e-04,2969315.336,2.500000e-04,6.04,7663.17
2173,4.499695e-03,3.397770e+01,6.892336e-05,8.253840e-05,2997376.260,3.999286e-03,3.393882e+01,4.736692e-05,2.634689e-05,2993251.516,2.500000e-04,5.91,7669.09
2174,4.333508e-03,3.391713e+01,6.059683e-05,6.716535e-05,2997658.604,3.670669e-03,3.355623e+01,2.143608e-05,2.013709e-05,2991698.188,2.500000e-04,5.80,7674.89
2175,4.358812e-03,3.399599e+01,6.431506e-05,6.321245e-05,2997672.660,4.324008e-03,3.321839e+01,3.665713e-05,1.271195e-04,2972812.867,2.500000e-04,5.67,7680.56
2176,4.573373e-03,3.412360e+01,7.212538e-05,8.795176e-05,2997391.697,6.418784e-03,3.508027e+01,2.231695e-04,1.358124e-04,3022505.344,2.500000e-04,5.84,7686.40
2177,4.329114e-03,3.397065e+01,5.695898e-05,7.249186e-05,2997589.014,3.866427e-03,3.397200e+01,3.559421e-05,2.265698e-05,3001631.633,2.500000e-04,5.65,7692.05
2178,4.194565e-03,3.386576e+01,5.042647e-05,6.074476e-05,2997864.480,4.643121e-03,3.420795e+01,1.036931e-04,3.707904e-05,2988243.766,2.500000e-04,5.83,7697.88
2179,4.482567e-03,3.404197e+01,6.050214e-05,9.466962e-05,2997450.414,4.748759e-03,3.410921e+01,1.033057e-04,6.095614e-05,3002204.898,2.500000e-04,5.65,7703.54
2180,4.172837e-03,3.397680e+01,5.065883e-05,5.371377e-05,2997757.389,3.953373e-03,3.340705e+01,3.731891e-05,4.789588e-05,2987869.477,2.500000e-04,6.08,7709.62
2181,4.444545e-03,3.387032e+01,5.850780e-05,9.448715e-05,2997422.920,3.690772e-03,3.393215e+01,1.762703e-05,2.425736e-05,3002238.914,2.500000e-04,5.72,7715.34
2182,4.369269e-03,3.397830e+01,5.941763e-05,7.545250e-05,2997642.684,4.007709e-03,3.421623e+01,2.083088e-05,7.555548e-05,3021751.656,2.500000e-04,5.63,7720.97
2183,4.370756e-03,3.397256e+01,6.132720e-05,7.204561e-05,2997673.801,4.068157e-03,3.322281e+01,3.038156e-05,8.841221e-05,2974373.367,2.500000e-04,5.87,7726.84
2184,4.503046e-03,3.400892e+01,6.775375e-05,8.492331e-05,2997658.254,5.096628e-03,3.453554e+01,1.297893e-04,6.903625e-05,2992719.664,2.500000e-04,5.63,7732.47
2185,4.556463e-03,3.405055e+01,7.554325e-05,7.919500e-05,2997518.730,3.976009e-03,3.385486e+01,4.192479e-05,3.425516e-05,2997488.953,2.500000e-04,5.87,7738.35
2186,4.290862e-03,3.397174e+01,5.648972e-05,6.575809e-05,2997125.428,5.610881e-03,3.500906e+01,3.526743e-05,3.514602e-04,3052800.172,2.500000e-04,5.85,7744.19
2187,4.562242e-03,3.410572e+01,6.919994e-05,9.193414e-05,2998083.441,4.516115e-03,3.393244e+01,7.898294e-05,6.660835e-05,2996733.453,2.500000e-04,5.42,7749.61
2188,4.431150e-03,3.401889e+01,6.398676e-05,7.787869e-05,2997495.486,4.402712e-03,3.435712e+01,8.291661e-05,2.756670e-05,3002579.539,2.500000e-04,5.56,7755.18
2189,5.166923e-03,3.437184e+01,1.274369e-04,9.107387e-05,2997594.795,5.265105e-03,3.474516e+01,1.435029e-04,7.111193e-05,3021087.820,2.500000e-04,5.75,7760.93
2190,4.612760e-03,3.429965e+01,7.121845e-05,9.412202e-05,2997721.738,4.267572e-03,3.495778e+01,6.212295e-05,3.011273e-05,2996878.438,2.500000e-04,5.04,7765.97
2191,4.651227e-03,3.424781e+01,8.423828e-05,7.681262e-05,2997287.035,5.647742e-03,3.562115e+01,7.962208e-05,2.578813e-04,3043824.055,2.500000e-04,5.93,7771.90
2192,4.579172e-03,3.419373e+01,7.766332e-05,7.663318e-05,2998066.215,4.609912e-03,3.294553e+01,7.071233e-05,1.216471e-04,2971386.344,2.500000e-04,5.65,7777.56
2193,4.560135e-03,3.416924e+01,6.924635e-05,9.014957e-05,2997245.697,4.295633e-03,3.385564e+01,8.300947e-05,1.599493e-05,2998104.930,2.500000e-04,6.12,7783.68
2194,4.500239e-03,3.424021e+01,6.264214e-05,8.995925e-05,2997539.168,4.240070e-03,3.362948e+01,3.711868e-05,1.011871e-04,2971620.695,2.500000e-04,5.49,7789.16
2195,4.368703e-03,3.409113e+01,5.803695e-05,7.584397e-05,2997231.736,8.334972e-03,3.625890e+01,2.976370e-04,3.465424e-04,3051868.531,2.500000e-04,5.64,7794.80
2196,4.645329e-03,3.399237e+01,6.945485e-05,1.103088e-04,2997594.346,3.912699e-03,3.429771e+01,2.881252e-05,3.896058e-05,3014435.492,2.500000e-04,5.95,7800.75
2197,4.309332e-03,3.403257e+01,5.635789e-05,6.849938e-05,2998038.562,4.938489e-03,3.421326e+01,1.292195e-04,4.499347e-05,2996864.062,2.500000e-04,5.58,7806.33
2198,4.478116e-03,3.414204e+01,6.695134e-05,7.887969e-05,2997458.346,4.186564e-03,3.427980e+01,6.884689e-05,1.402297e-05,2999522.367,2.500000e-04,5.95,7812.28
2199,4.597387e-03,3.416832e+01,8.107629e-05,7.395846e-05,2997767.168,4.467274e-03,3.353739e+01,8.669086e-05,4.932519e-05,2982353.188,2.500000e-04,5.35,7817.63
2200,4.803295e-03,3.436383e+01,9.801548e-05,7.735154e-05,2997308.920,5.137222e-03,3.497845e+01,1.271598e-04,7.355605e-05,3017252.211,2.500000e-04,5.86,7823.50
2201,4.453529e-03,3.404417e+01,6.623473e-05,7.735281e-05,2997605.500,4.221647e-03,3.435015e+01,5.021044e-05,5.690556e-05,3017909.477,2.500000e-04,6.00,7829.50
2202,4.437548e-03,3.417627e+01,7.293446e-05,5.811518e-05,2997621.027,3.710747e-03,3.380554e+01,2.185616e-05,2.232627e-05,2993532.891,2.500000e-04,6.12,7835.62
2203,4.372523e-03,3.396971e+01,6.104120e-05,7.302797e-05,2997571.578,3.750411e-03,3.377323e+01,2.964829e-05,1.532108e-05,3000718.070,2.500000e-04,6.01,7841.63
2204,4.375993e-03,3.402842e+01,5.977036e-05,7.508953e-05,2997557.965,4.320380e-03,3.417112e+01,4.444831e-05,9.175710e-05,3020571.570,2.500000e-04,5.55,7847.19
2205,4.406993e-03,3.402989e+01,6.756882e-05,6.566328e-05,2997831.332,5.435518e-03,3.341309e+01,9.710446e-05,2.246329e-04,2962125.398,2.500000e-04,6.10,7853.28
2206,4.567234e-03,3.415201e+01,7.222863e-05,8.594930e-05,2997186.584,4.610233e-03,3.451544e+01,1.035573e-04,2.462325e-05,2997360.508,2.500000e-04,6.31,7859.59
2207,4.460955e-03,3.406377e+01,7.177293e-05,6.736984e-05,2997766.031,3.690768e-03,3.388222e+01,2.218822e-05,1.613267e-05,3005016.062,2.500000e-04,5.60,7865.19
2208,4.341003e-03,3.406018e+01,6.703696e-05,5.292298e-05,2997552.414,4.239981e-03,3.430680e+01,4.896450e-05,6.393122e-05,3004588.727,2.500000e-04,5.71,7870.90
2209,4.389176e-03,3.406403e+01,5.542940e-05,8.569592e-05,2997733.541,4.055513e-03,3.343367e+01,4.751765e-05,4.739381e-05,2985635.617,2.500000e-04,6.01,7876.91
2210,4.822941e-03,3.430224e+01,8.578157e-05,1.069802e-04,2997662.670,4.314881e-03,3.418415e+01,7.366499e-05,3.196326e-05,3001224.484,2.500000e-04,5.49,7882.41
2211,4.551450e-03,3.419399e+01,7.241669e-05,8.157678e-05,2997393.148,4.358072e-03,3.451849e+01,7.206519e-05,3.711437e-05,2993585.742,2.500000e-04,5.43,7887.84
2212,4.474663e-03,3.407965e+01,7.006617e-05,7.320725e-05,2997547.301,4.046864e-03,3.448520e+01,2.002019e-05,7.962850e-05,3023876.797,2.500000e-04,5.67,7893.51
2213,4.691458e-03,3.421089e+01,7.716689e-05,9.973997e-05,2997497.898,4.230312e-03,3.432759e+01,4.413456e-05,7.124157e-05,3022308.992,2.500000e-04,5.81,7899.32
2214,4.306514e-03,3.404693e+01,5.715450e-05,6.605521e-05,2997568.584,4.039238e-03,3.415499e+01,3.906520e-05,4.661756e-05,3010846.695,2.500000e-04,5.80,7905.12
2215,4.416471e-03,3.402580e+01,6.081413e-05,8.115000e-05,2997829.572,5.073894e-03,3.383874e+01,1.381640e-04,6.167609e-05,2995156.086,2.500000e-04,5.96,7911.08
2216,4.454368e-03,3.397178e+01,6.569443e-05,8.004902e-05,2997334.342,4.523310e-03,3.331857e+01,4.548545e-05,1.473199e-04,2965584.062,2.500000e-04,6.08,7917.16
2217,4.416272e-03,3.406032e+01,6.160800e-05,7.883205e-05,2997831.406,4.423385e-03,3.299177e+01,2.683932e-05,1.711629e-04,2963137.133,2.500000e-04,5.65,7922.81
2218,4.553415e-03,3.407795e+01,6.961363e-05,8.989669e-05,2997475.221,3.842988e-03,3.393806e+01,2.275414e-05,4.432815e-05,3010659.023,2.500000e-04,5.83,7928.65
2219,4.427983e-03,3.403519e+01,6.386958e-05,7.715351e-05,2997763.207,3.894846e-03,3.349965e+01,2.946348e-05,5.004933e-05,2988775.297,2.500000e-04,6.06,7934.71
2220,4.292252e-03,3.390657e+01,5.937906e-05,6.156092e-05,2997174.857,5.996608e-03,3.550892e+01,3.426146e-05,4.206204e-04,3056661.023,2.500000e-04,5.68,7940.40
2221,4.483445e-03,3.421508e+01,5.626509e-05,9.985719e-05,2998288.479,6.621496e-03,3.257939e+01,1.207839e-04,4.311436e-04,2941478.133,2.500000e-04,5.55,7945.95
2222,4.624845e-03,3.407763e+01,6.913517e-05,1.051460e-04,2997106.652,5.704974e-03,3.417689e+01,1.726404e-04,1.121761e-04,2977867.820,2.500000e-04,5.60,7951.55
2223,4.359436e-03,3.407393e+01,6.696908e-05,5.647034e-05,2998099.328,4.944747e-03,3.301283e+01,7.514049e-05,1.784118e-04,2962745.648,2.500000e-04,5.94,7957.49
2224,4.330433e-03,3.405421e+01,5.297459e-05,7.905306e-05,2997376.775,3.767235e-03,3.362656e+01,2.652033e-05,2.787517e-05,2997603.508,2.500000e-04,5.46,7962.95
2225,4.777953e-03,3.411465e+01,8.064421e-05,1.120092e-04,2997522.650,4.240367e-03,3.394101e+01,7.067546e-05,2.790242e-05,2998838.945,2.500000e-04,5.57,7968.52
2226,4.703730e-03,3.413089e+01,7.421983e-05,1.096886e-04,2997674.730,4.867809e-03,3.440950e+01,5.745137e-05,1.704690e-04,3000198.961,2.500000e-04,5.89,7974.40
2227,4.696722e-03,3.418235e+01,7.457882e-05,1.065397e-04,2997457.582,4.038656e-03,3.410117e+01,4.239316e-05,4.092142e-05,3006409.680,2.500000e-04,5.71,7980.11
2228,4.684275e-03,3.409906e+01,8.199522e-05,9.088334e-05,2997195.096,8.819768e-03,3.827998e+01,2.941884e-04,4.099773e-04,3057422.242,2.500000e-04,5.50,7985.61
2229,4.891607e-03,3.424876e+01,9.972025e-05,9.390576e-05,2998143.098,5.821068e-03,3.350477e+01,1.397656e-04,2.145870e-04,2961833.203,2.500000e-04,6.11,7991.72
2230,4.669811e-03,3.410848e+01,8.171887e-05,8.835476e-05,2997352.328,4.330655e-03,3.452260e+01,6.470510e-05,4.626895e-05,3008006.352,2.500000e-04,5.71,7997.44
2231,4.564027e-03,3.415058e+01,7.700478e-05,7.578428e-05,2997623.650,4.019936e-03,3.347440e+01,3.847616e-05,5.754689e-05,2990372.945,2.500000e-04,5.56,8003.00
2232,5.235675e-03,3.436396e+01,1.192354e-04,1.213849e-04,2996864.941,6.807418e-03,3.567938e+01,1.396589e-04,3.685781e-04,3052698.922,2.500000e-04,6.01,8009.00
2233,5.010005e-03,3.441053e+01,1.053327e-04,1.031250e-04,2998032.578,4.089548e-03,3.356482e+01,4.615383e-05,5.430559e-05,2984274.375,2.500000e-04,5.53,8014.54
2234,5.647546e-03,3.462361e+01,1.602067e-04,1.166238e-04,2997073.883,4.953194e-03,3.483373e+01,1.236365e-04,4.669126e-05,3005227.078,2.500000e-04,5.54,8020.08
2235,5.375104e-03,3.466187e+01,1.282941e-04,1.251950e-04,2997508.629,5.522942e-03,3.390894e+01,1.482762e-04,1.298573e-04,2972018.656,2.500000e-04,5.33,8025.41
2236,6.475878e-03,3.586956e+01,2.117583e-04,1.542680e-04,2996727.955,5.799692e-03,3.496089e+01,1.477961e-04,1.651284e-04,2970989.227,2.500000e-04,6.01,8031.42
2237,5.437708e-03,3.476356e+01,1.271945e-04,1.378815e-04,2997085.170,4.992405e-03,3.381172e+01,9.192461e-05,1.383973e-04,2975617.625,2.500000e-04,5.80,8037.22
2238,5.825158e-03,3.484709e+01,1.744214e-04,1.192470e-04,2996806.609,4.330208e-03,3.420505e+01,7.711655e-05,2.770754e-05,3002387.570,2.500000e-04,5.78,8042.99
2239,4.995312e-03,3.447685e+01,1.086098e-04,9.230583e-05,2997854.256,4.766829e-03,3.439702e+01,1.195950e-04,2.623539e-05,3001619.789,2.500000e-04,5.79,8048.78
2240,5.511542e-03,3.473982e+01,1.557378e-04,9.603639e-05,2997373.725,7.892767e-03,3.298115e+01,1.091806e-04,7.005692e-04,2922929.617,2.500000e-04,5.65,8054.44
2241,5.131940e-03,3.459033e+01,1.136988e-04,1.071840e-04,2996856.238,5.946032e-03,3.508813e+01,1.806602e-04,1.261234e-04,3029095.156,2.500000e-04,5.68,8060.12
2242,4.968286e-03,3.440917e+01,9.884970e-05,1.077744e-04,2997757.553,4.682820e-03,3.444619e+01,5.920773e-05,1.292247e-04,2975968.078,2.500000e-04,5.56,8065.68
2243,4.942160e-03,3.447129e+01,1.076800e-04,8.364638e-05,2997521.428,4.938272e-03,3.497318e+01,9.749887e-05,9.319317e-05,3022480.266,2.500000e-04,5.48,8071.16
2244,5.048799e-03,3.434619e+01,1.094465e-04,1.039431e-04,2996897.008,4.179806e-03,3.454434e+01,5.542714e-05,3.422015e-05,3005194.391,2.500000e-04,5.53,8076.69
2245,4.694781e-03,3.443588e+01,8.375267e-05,8.273341e-05,2997976.748,4.544993e-03,3.451939e+01,8.876080e-05,4.108930e-05,3003018.555,2.500000e-04,5.75,8082.43
2246,5.506402e-03,3.467279e+01,1.476889e-04,1.124467e-04,2997429.707,4.237076e-03,3.426066e+01,6.515805e-05,3.188581e-05,3008237.320,2.500000e-04,5.50,8087.93
2247,4.903909e-03,3.442838e+01,1.016235e-04,8.896704e-05,2997312.385,4.599831e-03,3.394799e+01,7.058503e-05,9.983622e-05,3011724.391,2.500000e-04,5.88,8093.82
2248,5.118476e-03,3.443483e+01,1.062747e-04,1.224492e-04,2997661.217,4.138565e-03,3.416312e+01,6.229462e-05,1.986125e-05,3005000.164,2.500000e-04,5.85,8099.67
2249,5.081199e-03,3.457338e+01,1.086499e-04,1.074725e-04,2997320.738,3.949565e-03,3.414553e+01,4.454354e-05,1.791548e-05,3001962.648,2.500000e-04,5.71,8105.37
2250,5.527126e-03,3.479587e+01,1.462594e-04,1.169891e-04,2997174.703,5.048641e-03,3.332439e+01,9.637734e-05,1.504859e-04,2969645.570,2.500000e-04,6.62,8112.00
2251,5.227851e-03,3.473816e+01,1.183877e-04,1.140317e-04,2997896.947,4.548342e-03,3.391179e+01,7.355075e-05,8.433114e-05,2977514.773,2.500000e-04,5.66,8117.66
2252,5.258517e-03,3.466247e+01,1.137612e-04,1.309315e-04,2996832.416,4.880067e-03,3.462727e+01,1.273796e-04,2.870898e-05,3003107.234,2.500000e-04,5.60,8123.26
2253,5.039270e-03,3.445664e+01,1.064090e-04,1.059033e-04,2997378.834,4.047865e-03,3.406360e+01,5.764801e-05,1.300501e-05,2995480.445,2.500000e-04,6.00,8129.26
2254,5.222777e-03,3.451679e+01,1.142029e-04,1.258137e-04,2997521.529,4.276538e-03,3.335352e+01,4.191238e-05,1.044123e-04,2972275.945,2.500000e-04,5.57,8134.83
2255,5.354804e-03,3.465146e+01,1.313538e-04,1.152240e-04,2997410.277,7.154720e-03,3.242681e+01,5.914432e-05,6.641191e-04,2925448.297,2.500000e-04,5.75,8140.58
2256,4.810416e-03,3.431570e+01,8.699996e-05,1.017692e-04,2997117.182,4.363264e-03,3.441641e+01,7.482618e-05,3.467216e-05,3006415.820,2.500000e-04,5.52,8146.10
2257,5.360693e-03,3.486933e+01,1.310528e-04,1.126463e-04,2997621.551,5.232416e-03,3.426438e+01,1.182688e-04,1.246579e-04,2982190.062,2.500000e-04,5.73,8151.84
2258,5.101930e-03,3.451527e+01,1.205108e-04,8.905916e-05,2997208.811,6.369710e-03,3.549094e+01,2.653413e-04,3.344053e-05,3010022.727,2.500000e-04,6.10,8157.94
2259,5.367078e-03,3.472473e+01,1.217551e-04,1.354108e-04,2997393.471,4.470313e-03,3.440892e+01,8.105570e-05,4.377289e-05,3000673.812,2.500000e-04,6.08,8164.02
2260,5.243304e-03,3.451738e+01,1.220466e-04,1.142200e-04,2997391.191,4.516090e-03,3.342510e+01,6.063815e-05,1.134398e-04,2971818.281,2.500000e-04,5.82,8169.84
2261,5.156338e-03,3.454386e+01,1.093353e-04,1.217200e-04,2997388.354,4.320404e-03,3.353294e+01,7.035447e-05,5.271308e-05,2988021.164,2.500000e-04,6.06,8175.90
2262,5.444667e-03,3.476506e+01,1.355840e-04,1.224644e-04,2997461.041,4.396659e-03,3.393661e+01,8.713956e-05,2.632052e-05,2998841.188,2.500000e-04,5.79,8181.69
2263,5.161201e-03,3.443898e+01,1.065254e-04,1.304099e-04,2997158.768,4.314412e-03,3.467151e+01,7.132696e-05,2.679836e-05,3005821.422,2.500000e-04,6.10,8187.79
2264,4.968353e-03,3.454486e+01,9.691690e-05,1.089396e-04,2997730.303,4.301188e-03,3.387340e+01,5.943562e-05,6.389840e-05,2978703.008,2.500000e-04,5.71,8193.50
2265,5.099985e-03,3.446707e+01,9.900389e-05,1.326479e-04,2997395.697,4.691507e-03,3.388045e+01,7.750178e-05,1.056889e-04,2976033.719,2.500000e-04,5.63,8199.13
2266,5.288097e-03,3.457914e+01,1.186495e-04,1.287378e-04,2997097.205,5.737777e-03,3.582295e+01,5.467830e-05,3.217398e-04,3050358.539,2.500000e-04,5.37,8204.50
2267,4.929033e-03,3.454470e+01,9.687179e-05,1.011691e-04,2997901.355,3.888001e-03,3.365482e+01,3.596675e-05,3.257040e-05,2992770.031,2.500000e-04,6.22,8210.72
2268,4.977873e-03,3.436423e+01,1.076633e-04,9.296356e-05,2997604.930,4.694487e-03,3.353051e+01,7.429009e-05,1.197070e-04,2972844.375,2.500000e-04,5.48,8216.20
2269,5.051144e-03,3.450232e+01,1.039919e-04,1.121985e-04,2997262.242,4.599716e-03,3.361903e+01,6.043637e-05,1.266898e-04,2968639.797,2.500000e-04,5.80,8222.00
2270,4.953545e-03,3.453259e+01,9.407057e-05,1.119159e-04,2997004.576,6.061460e-03,3.554804e+01,1.696432e-04,1.620448e-04,3031758.992,2.500000e-04,5.40,8227.40
2271,4.820840e-03,3.432954e+01,8.295460e-05,1.116681e-04,2997698.576,5.577621e-03,3.502378e+01,1.359011e-04,1.432466e-04,3024709.828,2.500000e-04,6.06,8233.46
2272,4.977826e-03,3.449889e+01,9.486465e-05,1.158581e-04,2997187.475,5.883866e-03,3.561621e+01,6.809811e-05,3.282529e-04,3048453.305,2.500000e-04,5.48,8238.94
2273,5.197869e-03,3.443229e+01,1.091460e-04,1.326359e-04,2997981.531,4.635532e-03,3.506020e+01,6.745761e-05,9.098725e-05,3017074.172,2.500000e-04,5.86,8244.80
2274,4.774550e-03,3.440398e+01,8.865889e-05,8.951275e-05,2997254.881,4.938928e-03,3.410240e+01,1.309760e-04,4.378552e-05,2992347.664,2.500000e-04,5.96,8250.77
2275,4.741240e-03,3.434461e+01,8.855031e-05,8.425520e-05,2997409.600,4.441172e-03,3.422194e+01,9.444085e-05,1.491386e-05,2999273.789,2.500000e-04,5.44,8256.20
2276,4.444888e-03,3.411030e+01,7.268046e-05,6.141078e-05,2997510.012,4.262617e-03,3.442232e+01,6.188499e-05,4.030703e-05,3015827.648,2.500000e-04,5.69,8261.89
2277,4.550602e-03,3.422886e+01,7.683636e-05,7.187048e-05,2997635.561,4.499792e-03,3.415326e+01,7.529972e-05,6.629373e-05,3009246.336,2.500000e-04,4.73,8266.62
2278,4.865735e-03,3.427363e+01,8.930631e-05,1.090618e-04,2997463.916,6.344886e-03,3.428535e+01,1.298259e-04,3.236184e-04,2952949.891,2.500000e-04,5.67,8272.29
2279,4.989671e-03,3.442646e+01,9.141061e-05,1.265838e-04,2997669.729,5.580835e-03,3.488980e+01,1.755105e-04,6.734986e-05,2991899.727,2.500000e-04,5.55,8277.84
2280,4.757136e-03,3.427958e+01,8.202482e-05,1.017861e-04,2997321.154,4.530616e-03,3.366179e+01,5.265902e-05,1.275694e-04,2973162.773,2.500000e-04,6.07,8283.92
2281,4.721962e-03,3.425397e+01,7.391432e-05,1.114843e-04,2997769.016,4.024060e-03,3.447632e+01,4.577888e-05,2.372787e-05,3009569.734,2.500000e-04,5.87,8289.79
2282,4.874847e-03,3.443043e+01,9.147725e-05,1.034063e-04,2997446.115,4.877147e-03,3.442142e+01,1.058581e-04,7.528479e-05,3008641.031,2.500000e-04,5.41,8295.20
2283,4.698393e-03,3.435098e+01,8.624664e-05,8.016579e-05,2997672.533,4.347483e-03,3.324134e+01,4.372673e-05,1.172164e-04,2976114.094,2.500000e-04,5.70,8300.90
2284,4.975592e-03,3.444182e+01,1.030511e-04,1.001799e-04,2997426.648,5.177801e-03,3.347083e+01,1.138816e-04,1.383804e-04,2967980.055,2.500000e-04,5.85,8306.75
2285,4.997787e-03,3.434760e+01,9.914184e-05,1.143217e-04,2997148.039,4.411462e-03,3.455345e+01,7.033039e-05,5.056258e-05,3014837.031,2.500000e-04,5.61,8312.36
2286,4.828542e-03,3.437661e+01,8.383017e-05,1.105158e-04,2997615.379,4.132922e-03,3.423628e+01,4.140705e-05,5.904473e-05,3012544.484,2.500000e-04,5.98,8318.34
2287,4.784740e-03,3.445019e+01,8.692317e-05,9.409787e-05,2997512.311,4.761634e-03,3.407456e+01,1.077765e-04,5.528255e-05,3005854.945,2.500000e-04,5.62,8323.96
2288,4.987244e-03,3.435326e+01,9.428487e-05,1.218138e-04,2997377.008,4.846525e-03,3.496535e+01,6.213994e-05,1.457181e-04,3031776.539,2.500000e-04,5.83,8329.79
2289,4.788174e-03,3.437228e+01,8.706283e-05,9.606340e-05,2997941.348,4.615351e-03,3.308533e+01,4.495308e-05,1.714574e-04,2964907.383,2.500000e-04,6.03,8335.83
2290,5.062649e-03,3.450726e+01,1.067052e-04,1.089741e-04,2997200.336,4.630959e-03,3.369570e+01,5.680685e-05,1.386641e-04,2972797.148,2.500000e-04,5.51,8341.34
2291,5.173493e-03,3.452297e+01,1.022588e-04,1.397216e-04,2997375.588,4.400472e-03,3.395696e+01,6.529048e-05,7.037423e-05,2985577.281,2.500000e-04,6.30,8347.64
2292,5.358372e-03,3.462583e+01,1.308440e-04,1.174699e-04,2997353.730,7.021677e-03,3.673307e+01,2.903982e-04,8.887762e-05,3008120.969,2.500000e-04,5.61,8353.25
2293,4.899339e-03,3.442765e+01,1.013934e-04,8.852791e-05,2997614.338,4.447857e-03,3.380025e+01,7.642329e-05,6.071986e-05,2988235.422,2.500000e-04,5.88,8359.13
2294,4.823698e-03,3.438349e+01,1.011103e-04,7.484939e-05,2997248.262,4.047108e-03,3.364559e+01,5.409176e-05,2.832626e-05,2988478.781,2.500000e-04,5.42,8364.55
2295,5.291821e-03,3.435046e+01,1.147263e-04,1.419024e-04,2997363.117,4.908579e-03,3.446871e+01,1.048177e-04,8.270624e-05,2993826.648,2.500000e-04,5.97,8370.52
2296,4.750270e-03,3.443327e+01,8.315698e-05,9.507464e-05,2997466.924,4.226472e-03,3.407995e+01,5.954347e-05,4.460837e-05,2990382.492,2.500000e-04,5.62,8376.14
2297,5.127260e-03,3.465077e+01,1.070393e-04,1.183581e-04,2997295.225,4.454508e-03,3.372265e+01,7.714459e-05,6.215948e-05,2983654.188,2.500000e-04,6.18,8382.32
2298,4.595945e-03,3.434650e+01,7.495501e-05,8.234909e-05,2997422.496,4.595842e-03,3.488901e+01,5.990079e-05,1.015866e-04,3022021.641,2.500000e-04,5.73,8388.05
2299,4.714967e-03,3.431349e+01,8.579948e-05,8.512457e-05,2997584.725,4.957860e-03,3.441338e+01,9.681847e-05,1.096675e-04,3026646.188,2.500000e-04,5.19,8393.24
2300,4.775642e-03,3.429374e+01,8.000910e-05,1.092355e-04,2997453.113,4.276883e-03,3.431023e+01,5.711582e-05,5.494051e-05,3018674.734,2.500000e-04,5.62,8398.86
2301,4.471140e-03,3.422918e+01,6.892460e-05,7.179523e-05,2997855.260,3.929737e-03,3.380265e+01,4.056307e-05,2.876829e-05,2994064.016,2.500000e-04,5.88,8404.74
2302,5.164372e-03,3.456583e+01,1.008633e-04,1.398312e-04,2997915.266,4.618360e-03,3.385972e+01,9.263118e-05,6.121524e-05,2982386.805,2.500000e-04,5.90,8410.64
2303,4.451164e-03,3.409967e+01,6.553177e-05,7.717573e-05,2997555.451,4.591535e-03,3.384728e+01,8.951991e-05,6.232160e-05,2985412.641,2.500000e-04,5.81,8416.45
2304,4.827586e-03,3.424221e+01,9.177231e-05,9.712841e-05,2997003.672,4.469033e-03,3.512081e+01,3.898766e-05,1.134150e-04,3020083.594,2.500000e-04,5.80,8422.25
2305,5.025833e-03,3.470574e+01,9.531825e-05,1.204154e-04,2997978.299,4.303742e-03,3.350869e+01,5.574028e-05,7.909413e-05,2980230.383,2.500000e-04,5.92,8428.17
2306,4.563234e-03,3.423634e+01,7.167603e-05,8.456811e-05,2997239.480,4.869928e-03,3.523605e+01,6.615738e-05,1.369498e-04,3030404.102,2.500000e-04,6.02,8434.20
2307,4.590636e-03,3.424479e+01,7.506675e-05,8.309807e-05,2997635.982,3.881944e-03,3.398961e+01,3.130458e-05,3.398740e-05,3008539.656,2.500000e-04,6.05,8440.25
2308,4.948758e-03,3.435604e+01,9.973514e-05,1.031604e-04,2997431.279,4.939934e-03,3.383244e+01,7.792004e-05,1.554980e-04,2964129.742,2.500000e-04,5.19,8445.43
2309,4.526163e-03,3.433047e+01,6.910345e-05,8.041624e-05,2997899.848,5.128676e-03,3.277549e+01,5.713287e-05,2.559596e-04,2953541.773,2.500000e-04,6.16,8451.59
2310,4.903774e-03,3.430887e+01,9.065341e-05,1.132706e-04,2997178.045,5.304271e-03,3.431344e+01,1.202417e-04,1.341021e-04,2981339.398,2.500000e-04,5.72,8457.31
2311,4.554448e-03,3.414557e+01,7.582038e-05,7.633756e-05,2997719.174,4.599482e-03,3.396087e+01,9.877393e-05,4.313132e-05,2988004.156,2.500000e-04,5.49,8462.80
2312,4.678954e-03,3.419464e+01,7.941739e-05,9.306318e-05,2997457.400,4.208778e-03,3.401659e+01,5.531851e-05,5.078686e-05,3014300.844,2.500000e-04,5.85,8468.65
2313,4.538885e-03,3.417486e+01,7.145079e-05,8.137825e-05,2997418.260,4.763314e-03,3.482011e+01,6.867906e-05,1.189026e-04,3028661.047,2.500000e-04,5.86,8474.52
2314,4.936458e-03,3.445763e+01,9.044981e-05,1.172395e-04,2998028.949,4.951410e-03,3.353922e+01,9.555946e-05,1.283787e-04,2972545.898,2.500000e-04,5.35,8479.86
2315,4.635734e-03,3.423067e+01,6.969274e-05,1.031480e-04,2997127.100,3.970815e-03,3.377990e+01,5.162531e-05,1.531423e-05,2996751.906,2.500000e-04,5.59,8485.45
2316,4.526079e-03,3.414895e+01,7.276853e-05,7.669982e-05,2997425.031,4.704978e-03,3.476786e+01,8.559090e-05,7.445668e-05,3019494.578,2.500000e-04,5.53,8490.99
2317,5.100198e-03,3.434515e+01,1.077785e-04,1.175795e-04,2997342.992,4.982412e-03,3.471823e+01,7.933545e-05,1.434469e-04,3029347.625,2.500000e-04,5.49,8496.47
2318,4.864436e-03,3.437303e+01,8.397128e-05,1.174842e-04,2998004.006,3.847265e-03,3.367825e+01,2.541078e-05,4.506636e-05,2983182.508,2.500000e-04,5.16,8501.64
2319,4.615154e-03,3.424422e+01,7.767572e-05,8.279490e-05,2997090.467,5.202218e-03,3.500058e+01,2.650842e-05,2.874152e-04,3048062.406,2.500000e-04,5.51,8507.15
2320,4.628803e-03,3.402921e+01,6.867528e-05,1.078260e-04,2997688.189,4.706456e-03,3.444168e+01,8.853727e-05,7.538316e-05,3012772.406,2.500000e-04,5.75,8512.89
2321,4.667671e-03,3.412531e+01,7.940026e-05,9.222767e-05,2997535.545,4.471937e-03,3.321242e+01,2.941357e-05,1.713119e-04,2962352.766,2.500000e-04,5.82,8518.72
2322,4.472021e-03,3.414474e+01,6.507668e-05,8.135605e-05,2997488.037,4.875122e-03,3.446412e+01,1.122178e-04,6.130635e-05,3019666.320,2.500000e-04,5.98,8524.70
2323,4.785198e-03,3.428214e+01,8.728554e-05,9.682576e-05,2997661.334,4.739700e-03,3.430519e+01,8.475634e-05,9.232366e-05,2982397.156,2.500000e-04,5.72,8530.42
2324,4.518218e-03,3.416012e+01,6.390948e-05,9.262231e-05,2997487.328,4.047387e-03,3.412146e+01,5.413638e-05,1.877532e-05,2998013.742,2.500000e-04,5.31,8535.73
2325,4.450822e-03,3.408729e+01,6.779915e-05,7.282029e-05,2997687.680,3.753509e-03,3.363340e+01,3.147959e-05,1.507472e-05,2994872.875,2.500000e-04,5.61,8541.35
2326,4.614405e-03,3.417860e+01,7.892631e-05,8.145642e-05,2997495.678,5.552649e-03,3.348509e+01,1.595876e-04,1.216527e-04,2975962.141,2.500000e-04,5.65,8546.99
2327,4.598140e-03,3.420342e+01,7.271684e-05,9.012604e-05,2997253.387,4.940791e-03,3.485807e+01,4.294910e-05,2.050984e-04,3038083.930,2.500000e-04,6.14,8553.13
2328,4.565055e-03,3.422088e+01,6.855639e-05,9.148061e-05,2998004.033,5.899777e-03,3.259714e+01,3.749970e-05,4.530131e-04,2939914.227,2.500000e-04,6.16,8559.29
2329,4.690252e-03,3.414635e+01,7.622467e-05,1.026740e-04,2997347.291,4.298734e-03,3.427578e+01,7.605914e-05,2.211303e-05,2998240.758,2.500000e-04,6.05,8565.34
2330,4.407261e-03,3.403601e+01,6.104674e-05,7.863851e-05,2997592.889,4.469903e-03,3.446963e+01,6.642934e-05,7.172920e-05,3012138.188,2.500000e-04,5.98,8571.32
2331,4.542532e-03,3.416628e+01,6.860514e-05,8.797058e-05,2997606.328,5.123408e-03,3.433862e+01,1.400353e-04,5.783856e-05,2990298.617,2.500000e-04,5.95,8577.28
2332,4.561612e-03,3.410606e+01,6.735840e-05,9.548433e-05,2997699.285,6.596157e-03,3.534085e+01,2.912454e-04,2.992367e-05,2999200.141,2.500000e-04,5.94,8583.21
2333,4.644427e-03,3.426310e+01,8.023490e-05,8.315372e-05,2997335.713,4.917496e-03,3.509862e+01,8.164372e-05,1.182394e-04,3027423.430,2.500000e-04,5.49,8588.70
2334,4.870501e-03,3.431911e+01,8.210738e-05,1.235034e-04,2997875.049,5.027777e-03,3.309411e+01,5.236897e-05,2.389352e-04,2956988.328,2.500000e-04,6.07,8594.77
2335,4.714743e-03,3.414714e+01,8.685134e-05,8.630318e-05,2997002.039,4.030016e-03,3.340237e+01,2.366579e-05,9.062421e-05,2980859.602,2.500000e-04,5.33,8600.10
2336,4.369513e-03,3.413767e+01,5.974721e-05,7.165470e-05,2997851.988,4.067537e-03,3.370248e+01,2.941722e-05,8.062342e-05,2978463.141,2.500000e-04,5.51,8605.61
2337,4.663104e-03,3.420104e+01,7.451523e-05,9.956948e-05,2997554.254,3.663217e-03,3.367757e+01,1.748813e-05,2.411558e-05,2993578.242,2.500000e-04,5.94,8611.55
2338,4.337290e-03,3.405736e+01,5.958488e-05,6.714109e-05,2997564.619,3.967117e-03,3.379196e+01,4.087896e-05,3.582626e-05,2989567.945,2.500000e-04,5.65,8617.20
2339,4.354941e-03,3.397257e+01,5.789922e-05,7.573824e-05,2997583.689,4.749130e-03,3.458459e+01,9.956459e-05,5.900501e-05,3014696.812,2.500000e-04,5.88,8623.08
2340,4.675241e-03,3.402301e+01,6.999922e-05,1.145896e-04,2997337.580,4.131877e-03,3.416673e+01,5.597565e-05,3.108954e-05,3004547.711,2.500000e-04,5.62,8628.70
2341,4.262559e-03,3.394666e+01,4.828840e-05,7.700172e-05,2997854.922,4.156056e-03,3.344853e+01,3.627709e-05,8.968650e-05,2973273.211,2.500000e-04,5.52,8634.23
2342,4.343464e-03,3.394393e+01,5.598548e-05,7.784313e-05,2997471.195,4.409856e-03,3.435079e+01,8.400998e-05,2.693542e-05,2998164.961,2.500000e-04,5.85,8640.08
2343,4.408578e-03,3.405139e+01,5.869330e-05,8.330113e-05,2997943.588,3.925671e-03,3.363822e+01,4.515688e-05,2.205598e-05,2995976.273,2.500000e-04,5.95,8646.03
2344,4.388618e-03,3.393636e+01,6.145751e-05,7.608127e-05,2997621.080,4.810352e-03,3.271608e+01,4.640410e-05,2.149405e-04,2962327.141,2.500000e-04,5.46,8651.49
2345,4.394624e-03,3.396823e+01,6.377765e-05,7.200496e-05,2997212.744,3.874503e-03,3.397341e+01,3.601440e-05,2.340373e-05,2997896.695,2.500000e-04,5.82,8657.31
2346,4.293697e-03,3.397214e+01,5.613406e-05,6.702840e-05,2997698.107,4.242059e-03,3.417784e+01,3.419330e-05,9.646832e-05,3024318.703,2.500000e-04,5.66,8662.97
2347,4.362876e-03,3.395770e+01,6.013411e-05,7.315296e-05,2997877.936,4.079353e-03,3.349594e+01,4.155565e-05,6.284055e-05,2981052.461,2.500000e-04,5.73,8668.70
2348,4.545920e-03,3.410309e+01,6.995788e-05,8.720640e-05,2997435.748,4.114833e-03,3.360167e+01,4.723914e-05,5.645475e-05,2987396.336,2.500000e-04,5.88,8674.58
2349,4.294816e-03,3.389859e+01,5.707710e-05,6.683715e-05,2997723.283,3.944652e-03,3.378597e+01,3.350444e-05,4.620228e-05,2987115.906,2.500000e-04,5.64,8680.22
2350,4.286654e-03,3.403748e+01,5.591820e-05,6.474488e-05,2997753.162,3.979126e-03,3.397960e+01,4.143247e-05,3.336836e-05,3000658.711,2.500000e-04,6.09,8686.31
2351,4.205561e-03,3.390122e+01,5.014983e-05,6.278817e-05,2997435.930,4.197004e-03,3.409445e+01,4.109200e-05,7.532795e-05,3012186.953,2.500000e-04,6.08,8692.40
2352,4.402499e-03,3.404344e+01,5.766400e-05,8.430309e-05,2997957.838,3.965701e-03,3.370847e+01,4.169749e-05,3.557584e-05,2994907.617,2.500000e-04,5.89,8698.29
2353,4.594317e-03,3.406234e+01,7.057152e-05,9.647369e-05,2997528.947,9.555919e-03,3.428056e+01,5.493262e-04,1.269203e-04,2975317.531,2.500000e-04,5.18,8703.46
2354,4.571539e-03,3.409101e+01,6.994084e-05,9.260603e-05,2997561.334,4.151274e-03,3.416637e+01,5.740023e-05,3.212693e-05,2991617.844,2.500000e-04,6.04,8709.50
2355,4.322568e-03,3.402399e+01,5.723249e-05,6.956884e-05,2997545.918,4.349288e-03,3.419217e+01,7.519713e-05,3.561997e-05,2993559.078,2.500000e-04,6.02,8715.52
2356,4.248445e-03,3.390322e+01,5.188828e-05,6.784799e-05,2997760.096,4.833104e-03,3.327679e+01,1.244317e-04,5.222161e-05,2984110.047,2.500000e-04,5.91,8721.44
2357,4.379375e-03,3.402775e+01,6.009000e-05,7.513994e-05,2997652.924,4.374880e-03,3.453143e+01,6.252617e-05,5.929517e-05,3000897.242,2.500000e-04,5.75,8727.19
2358,4.291493e-03,3.398187e+01,5.282905e-05,7.300310e-05,2997831.990,4.743392e-03,3.283108e+01,4.919005e-05,1.936768e-04,2962968.453,2.500000e-04,5.58,8732.76
2359,4.216641e-03,3.386755e+01,5.120617e-05,6.356470e-05,2997187.951,4.623045e-03,3.536840e+01,2.685534e-05,1.635303e-04,3033920.117,2.500000e-04,5.32,8738.08
2360,4.472139e-03,3.395686e+01,6.538122e-05,8.452829e-05,2997574.814,4.325424e-03,3.430595e+01,7.227382e-05,3.441805e-05,3006913.805,2.500000e-04,5.80,8743.88
2361,4.285630e-03,3.399316e+01,5.123022e-05,7.480236e-05,2998057.109,6.012193e-03,3.417225e+01,2.043129e-04,1.103678e-04,2995103.359,2.500000e-04,5.95,8749.83
2362,4.343034e-03,3.400612e+01,5.914600e-05,7.019230e-05,2997606.576,5.791223e-03,3.353801e+01,2.019439e-04,8.359668e-05,2979709.141,2.500000e-04,6.15,8755.98
2363,4.392966e-03,3.398790e+01,5.844672e-05,8.194185e-05,2997767.225,5.311131e-03,3.313709e+01,3.873710e-05,3.220102e-04,2948958.805,2.500000e-04,5.91,8761.88
2364,4.363576e-03,3.392541e+01,6.319597e-05,6.781499e-05,2997145.504,6.090292e-03,3.510174e+01,5.047789e-05,4.150678e-04,3059159.836,2.500000e-04,5.31,8767.19
2365,4.395934e-03,3.393848e+01,6.358205e-05,7.325309e-05,2997997.887,4.247431e-03,3.378910e+01,6.383930e-05,4.602575e-05,2986239.266,2.500000e-04,5.62,8772.81
2366,4.408408e-03,3.398844e+01,5.888878e-05,8.413525e-05,2997492.664,4.139680e-03,3.322608e+01,5.811457e-05,4.718542e-05,2990291.172,2.500000e-04,6.19,8779.00
2367,4.411919e-03,3.399884e+01,5.880706e-05,8.479290e-05,2997481.873,3.829332e-03,3.415587e+01,2.746839e-05,2.781220e-05,3007525.312,2.500000e-04,5.35,8784.35
2368,4.200339e-03,3.393169e+01,5.110466e-05,5.922470e-05,2997762.066,4.624576e-03,3.428452e+01,9.110310e-05,5.701854e-05,3015774.328,2.500000e-04,6.15,8790.51
2369,4.424900e-03,3.412442e+01,6.127764e-05,7.993627e-05,2997601.570,5.075324e-03,3.546951e+01,9.188515e-05,1.219043e-04,3027667.938,2.500000e-04,5.39,8795.90
2370,4.595306e-03,3.406712e+01,6.899105e-05,9.973679e-05,2997631.811,3.692141e-03,3.334234e+01,2.442458e-05,2.273239e-05,2992003.109,2.500000e-04,5.98,8801.88
2371,4.203420e-03,3.387297e+01,4.589664e-05,7.143144e-05,2997477.977,4.226088e-03,3.446578e+01,2.764058e-05,1.006209e-04,3027511.867,2.500000e-04,6.02,8807.91
2372,4.211820e-03,3.397923e+01,5.290137e-05,5.697658e-05,2997549.209,4.784112e-03,3.424571e+01,1.187424e-04,3.442351e-05,3004186.469,2.500000e-04,5.83,8813.73
2373,4.308528e-03,3.397804e+01,5.593969e-05,7.026539e-05,2997965.229,3.888046e-03,3.368481e+01,2.430334e-05,5.530637e-05,3002357.141,2.500000e-04,6.34,8820.07
2374,4.385471e-03,3.388041e+01,5.800979e-05,8.346651e-05,2997518.117,3.584342e-03,3.349711e+01,1.386056e-05,1.920519e-05,2992360.523,2.500000e-04,6.04,8826.11
2375,4.364680e-03,3.395227e+01,5.729448e-05,7.930170e-05,2997368.180,4.774619e-03,3.486907e+01,2.941677e-05,1.987090e-04,3039579.453,2.500000e-04,5.67,8831.78
2376,4.343503e-03,3.394366e+01,5.744781e-05,7.493189e-05,2997853.787,3.825487e-03,3.373382e+01,2.218024e-05,4.606055e-05,2998819.031,2.500000e-04,5.91,8837.69
2377,4.399213e-03,3.401138e+01,6.406306e-05,7.148885e-05,2997598.777,3.867441e-03,3.401668e+01,3.257435e-05,2.800589e-05,2996831.602,2.500000e-04,6.06,8843.75
2378,4.689359e-03,3.414158e+01,6.999314e-05,1.150540e-04,2997341.869,3.923029e-03,3.423187e+01,2.362683e-05,5.271488e-05,3008036.516,2.500000e-04,5.62,8849.37
2379,4.297750e-03,3.391159e+01,5.525934e-05,7.079951e-05,2997561.768,4.054737e-03,3.447256e+01,2.100307e-05,7.949004e-05,3022716.727,2.500000e-04,5.52,8854.89
2380,4.499688e-03,3.413090e+01,6.646231e-05,8.439490e-05,2997959.826,3.988000e-03,3.315813e+01,2.398381e-05,8.646979e-05,2974674.328,2.500000e-04,5.74,8860.63
2381,4.320456e-03,3.397532e+01,5.718469e-05,7.021542e-05,2997421.865,4.117446e-03,3.333302e+01,4.692406e-05,6.298065e-05,2979450.812,2.500000e-04,5.87,8866.51
2382,4.459590e-03,3.404812e+01,6.277786e-05,8.539989e-05,2997660.250,4.162156e-03,3.384736e+01,7.107976e-05,1.332466e-05,3002508.359,2.500000e-04,5.90,8872.40
2383,4.330844e-03,3.399310e+01,5.743543e-05,7.143605e-05,2997393.201,3.883330e-03,3.378940e+01,3.420263e-05,3.247258e-05,3003604.656,2.500000e-04,5.54,8877.95
2384,4.397917e-03,3.403409e+01,6.569332e-05,6.751485e-05,2997952.834,4.345264e-03,3.354631e+01,6.570944e-05,6.670776e-05,2989782.016,2.500000e-04,5.04,8882.99
2385,4.518732e-03,3.418817e+01,7.522988e-05,6.952335e-05,2997103.494,6.488153e-03,3.537286e+01,2.378211e-04,1.145313e-04,3027758.609,2.500000e-04,5.48,8888.47
2386,4.664141e-03,3.406642e+01,7.691941e-05,9.766084e-05,2998152.162,4.196530e-03,3.349363e+01,3.789557e-05,9.364235e-05,2973885.992,2.500000e-04,5.63,8894.10
2387,4.484817e-03,3.418693e+01,7.178882e-05,6.964719e-05,2997166.504,3.757008e-03,3.369586e+01,3.069724e-05,1.608991e-05,2993900.398,2.500000e-04,5.72,8899.82
2388,4.522031e-03,3.400420e+01,6.910361e-05,8.611493e-05,2997334.561,4.239918e-03,3.409031e+01,4.358009e-05,7.901724e-05,3019476.758,2.500000e-04,5.89,8905.71
2389,4.587488e-03,3.418268e+01,7.147207e-05,9.089994e-05,2997772.744,3.885264e-03,3.410397e+01,3.015881e-05,3.465563e-05,3008836.984,2.500000e-04,5.49,8911.20
2390,4.634820e-03,3.403835e+01,7.900266e-05,8.819159e-05,2998172.982,5.737771e-03,3.367277e+01,1.052515e-04,2.635957e-04,2958509.320,2.500000e-04,5.54,8916.74
2391,4.405235e-03,3.397421e+01,6.000751e-05,8.154769e-05,2997070.221,4.273999e-03,3.414678e+01,4.426099e-05,8.334222e-05,3021392.586,2.500000e-04,5.72,8922.46
2392,4.615548e-03,3.412521e+01,7.983353e-05,8.093854e-05,2997531.590,4.326582e-03,3.408245e+01,6.305286e-05,5.756159e-05,3010514.141,2.500000e-04,5.74,8928.20
2393,4.386582e-03,3.401233e+01,6.185923e-05,7.335134e-05,2998068.258,4.854189e-03,3.492945e+01,5.314964e-05,1.659494e-04,3027540.305,2.500000e-04,5.60,8933.80
2394,4.515837e-03,3.412046e+01,6.655408e-05,8.765016e-05,2997293.061,3.991564e-03,3.413639e+01,3.620530e-05,4.317429e-05,3013835.125,2.500000e-04,5.86,8939.66
2395,4.252605e-03,3.389555e+01,5.578751e-05,6.103483e-05,2997914.383,4.699082e-03,3.371549e+01,6.105816e-05,1.433902e-04,2974921.570,2.500000e-04,6.07,8945.73
2396,4.245890e-03,3.393694e+01,5.424587e-05,6.194760e-05,2997340.902,3.683485e-03,3.347850e+01,2.017749e-05,2.677207e-05,2995582.398,2.500000e-04,5.62,8951.35
2397,4.503124e-03,3.403407e+01,6.331902e-05,9.330546e-05,2997998.631,4.661995e-03,3.344474e+01,5.969571e-05,1.441128e-04,2967706.703,2.500000e-04,5.58,8956.93
2398,4.450637e-03,3.411206e+01,6.425915e-05,7.936778e-05,2997493.686,4.085292e-03,3.359728e+01,2.219045e-05,1.007318e-04,2982051.102,2.500000e-04,5.64,8962.57
2399,4.259213e-03,3.401800e+01,5.265090e-05,6.618085e-05,2997369.082,5.407447e-03,3.479233e+01,4.122124e-05,3.032003e-04,3048633.492,2.500000e-04,6.11,8968.68
2400,4.569164e-03,3.408280e+01,7.187247e-05,8.843181e-05,2997673.744,4.503996e-03,3.439903e+01,6.625541e-05,8.030768e-05,3024184.344,2.500000e-04,5.88,8974.56
2401,4.223787e-03,3.385383e+01,4.958504e-05,6.851065e-05,2997823.156,4.261662e-03,3.398394e+01,5.201533e-05,6.862298e-05,3011186.914,2.500000e-04,5.13,8979.68
2402,4.494158e-03,3.406949e+01,6.317436e-05,9.109311e-05,2997413.887,3.844293e-03,3.401527e+01,3.326045e-05,2.203238e-05,3007975.945,2.500000e-04,5.78,8985.46
2403,4.367288e-03,3.388710e+01,5.543677e-05,8.484203e-05,2997286.867,4.518858e-03,3.415377e+01,6.521871e-05,9.025885e-05,3003331.852,2.500000e-04,5.92,8991.38
2404,4.437810e-03,3.395416e+01,6.185255e-05,8.477369e-05,2997659.582,5.572288e-03,3.523320e+01,4.386778e-05,3.220582e-04,3051392.641,2.500000e-04,5.30,8996.68
2405,4.263817e-03,3.396015e+01,5.553296e-05,6.249447e-05,2997906.129,4.174772e-03,3.425588e+01,4.210253e-05,6.563174e-05,3017589.141,2.500000e-04,6.02,9002.71
2406,4.428323e-03,3.402682e+01,6.272282e-05,7.968251e-05,2997695.537,5.380684e-03,3.375405e+01,1.662544e-04,6.854709e-05,3005081.523,2.500000e-04,5.74,9008.45
2407,4.589924e-03,3.420153e+01,7.128442e-05,9.138527e-05,2997492.605,4.100418e-03,3.369269e+01,4.148611e-05,6.325758e-05,2991980.758,2.500000e-04,5.58,9014.03
2408,4.475601e-03,3.415121e+01,6.512384e-05,8.184850e-05,2997739.176,3.873452e-03,3.336245e+01,3.200080e-05,4.343993e-05,2983682.953,2.500000e-04,5.77,9019.81
2409,4.538086e-03,3.412390e+01,6.607474e-05,9.298959e-05,2997021.801,4.888017e-03,3.501179e+01,3.312229e-05,2.111231e-04,3040736.469,2.500000e-04,5.58,9025.39
2410,4.290069e-03,3.406372e+01,5.818731e-05,6.036485e-05,2997874.555,4.021590e-03,3.419676e+01,2.943054e-05,6.152186e-05,3021024.969,2.500000e-04,6.04,9031.43
2411,4.385189e-03,3.410080e+01,5.482030e-05,8.538124e-05,2997732.180,3.724323e-03,3.327356e+01,2.196335e-05,3.546673e-05,2985853.797,2.500000e-04,5.80,9037.23
2412,4.394706e-03,3.397377e+01,5.919463e-05,8.107662e-05,2997791.293,5.986432e-03,3.356677e+01,1.807074e-04,1.645363e-04,2965996.344,2.500000e-04,5.70,9042.93
2413,4.217513e-03,3.389388e+01,4.618712e-05,7.325087e-05,2997462.523,4.635250e-03,3.382762e+01,4.288336e-05,1.647308e-04,2966207.883,2.500000e-04,5.50,9048.43
2414,4.431432e-03,3.410743e+01,5.526681e-05,9.360417e-05,2997662.479,4.227408e-03,3.387303e+01,5.360398e-05,6.081291e-05,2993374.062,2.500000e-04,5.88,9054.31
2415,4.734640e-03,3.417802e+01,8.323986e-05,9.688809e-05,2997572.516,4.193235e-03,3.317633e+01,5.065711e-05,7.380614e-05,2977939.305,2.500000e-04,5.74,9060.05
2416,4.400629e-03,3.392172e+01,5.968926e-05,8.231295e-05,2997379.920,4.898874e-03,3.361895e+01,1.162931e-04,7.480950e-05,2976849.008,2.500000e-04,5.60,9065.65
2417,4.369498e-03,3.397577e+01,5.957876e-05,7.522669e-05,2997399.613,5.453637e-03,3.460174e+01,9.549181e-05,2.077089e-04,3038713.766,2.500000e-04,5.34,9070.99
2418,4.409010e-03,3.412358e+01,5.961619e-05,8.009816e-05,2997643.258,3.822892e-03,3.389901e+01,2.360521e-05,3.938784e-05,3013585.125,2.500000e-04,5.72,9076.71
2419,4.250653e-03,3.396856e+01,5.261525e-05,6.552891e-05,2997821.512,3.958102e-03,3.363638e+01,4.441553e-05,3.006189e-05,2991260.523,2.500000e-04,5.64,9082.35
2420,4.318434e-03,3.382491e+01,5.437097e-05,7.844680e-05,2997442.924,5.841621e-03,3.567051e+01,2.798746e-05,3.989391e-04,3055915.969,2.500000e-04,5.20,9087.55
2421,4.494690e-03,3.404146e+01,7.049015e-05,7.712857e-05,2997869.840,4.028344e-03,3.394364e+01,3.157964e-05,6.363677e-05,2981543.680,2.500000e-04,5.72,9093.28
2422,4.427621e-03,3.401088e+01,5.833924e-05,8.862824e-05,2997413.088,4.220503e-03,3.428310e+01,5.053634e-05,5.736590e-05,3020311.859,2.500000e-04,5.65,9098.93
2423,4.540978e-03,3.413907e+01,7.582007e-05,7.377402e-05,2997640.955,3.851676e-03,3.383793e+01,3.258184e-05,2.841291e-05,3000727.422,2.500000e-04,5.85,9104.78
2424,4.380809e-03,3.393603e+01,5.640981e-05,8.462161e-05,2997716.764,4.121350e-03,3.408677e+01,5.536409e-05,3.180638e-05,3006944.109,2.500000e-04,5.68,9110.46
2425,4.362220e-03,3.399309e+01,6.188357e-05,6.881500e-05,2997777.465,4.403684e-03,3.303319e+01,2.716351e-05,1.657459e-04,2963654.000,2.500000e-04,5.60,9116.06
2426,4.408795e-03,3.386006e+01,5.733455e-05,8.988873e-05,2997222.531,4.892596e-03,3.479220e+01,5.030245e-05,1.820703e-04,3035434.781,2.500000e-04,6.01,9122.07
2427,4.288986e-03,3.391099e+01,5.122426e-05,7.712879e-05,2998146.404,4.498506e-03,3.299457e+01,5.403924e-05,1.317314e-04,2969392.242,2.500000e-04,5.70,9127.77
2428,4.337157e-03,3.381884e+01,5.657537e-05,7.790379e-05,2997520.846,3.960460e-03,3.352634e+01,2.425972e-05,7.304562e-05,2981921.750,2.500000e-04,5.82,9133.60
2429,4.491914e-03,3.404136e+01,7.371957e-05,7.011648e-05,2997175.873,5.596085e-03,3.493064e+01,9.878856e-05,2.230269e-04,3043499.523,2.500000e-04,5.85,9139.45
2430,4.829769e-03,3.423248e+01,8.271842e-05,1.158674e-04,2998308.838,6.597649e-03,3.292187e+01,1.365805e-04,3.879314e-04,2944705.898,2.500000e-04,5.21,9144.66
2431,4.567566e-03,3.397939e+01,7.271781e-05,8.848962e-05,2997016.494,4.412146e-03,3.470599e+01,7.121008e-05,4.588930e-05,3012887.992,2.500000e-04,5.78,9150.44
2432,4.241109e-03,3.391320e+01,5.075544e-05,6.844696e-05,2997997.586,4.392311e-03,3.298703e+01,2.624070e-05,1.662402e-04,2964120.875,2.500000e-04,5.70,9156.14
2433,4.382718e-03,3.410065e+01,6.318437e-05,6.816184e-05,2997541.812,4.208297e-03,3.368666e+01,6.565602e-05,3.661426e-05,2997125.930,2.500000e-04,5.74,9161.88
2434,4.329209e-03,3.404707e+01,6.236733e-05,6.016573e-05,2997339.666,4.527086e-03,3.450249e+01,8.526601e-05,4.483541e-05,3013521.789,2.500000e-04,5.49,9167.37
2435,4.392333e-03,3.399692e+01,6.131629e-05,7.589562e-05,2998090.387,4.926015e-03,3.353810e+01,6.172440e-05,1.909923e-04,2965207.609,2.500000e-04,6.06,9173.42
2436,4.506243e-03,3.420508e+01,6.855001e-05,8.004701e-05,2997302.561,3.612147e-03,3.393765e+01,1.415830e-05,1.535988e-05,3001969.172,2.500000e-04,5.85,9179.28
2437,4.396910e-03,3.403886e+01,6.202727e-05,7.455039e-05,2997610.672,4.491906e-03,3.431824e+01,9.901204e-05,1.399230e-05,3005452.773,2.500000e-04,6.22,9185.50
2438,4.441365e-03,3.401432e+01,6.565048e-05,7.668559e-05,2997733.654,4.660717e-03,3.383565e+01,1.169699e-04,2.149043e-05,2997404.102,2.500000e-04,6.16,9191.65
2439,4.594240e-03,3.410486e+01,7.703235e-05,8.268608e-05,2997559.314,4.773211e-03,3.432120e+01,9.460495e-05,7.900824e-05,3017497.953,2.500000e-04,6.02,9197.68
2440,4.515533e-03,3.408457e+01,7.424917e-05,7.291695e-05,2997717.137,4.949149e-03,3.433964e+01,1.346899e-04,3.365717e-05,3000751.711,2.500000e-04,5.89,9203.56
2441,4.431142e-03,3.406401e+01,6.248700e-05,7.997430e-05,2997734.955,4.043633e-03,3.361341e+01,2.790058e-05,8.065734e-05,2977792.844,2.500000e-04,5.76,9209.32
2442,4.443733e-03,3.408506e+01,6.934358e-05,6.835834e-05,2997206.262,6.630138e-03,3.534895e+01,2.554940e-04,1.080604e-04,3027329.961,2.500000e-04,5.58,9214.90
2443,4.694936e-03,3.410236e+01,8.137298e-05,9.419387e-05,2997981.730,5.109555e-03,3.349877e+01,1.442353e-04,6.346501e-05,2982282.805,2.500000e-04,5.79,9220.69
2444,4.516183e-03,3.407498e+01,6.857930e-05,8.457842e-05,2997574.213,4.498559e-03,3.350508e+01,3.017380e-05,1.692627e-04,2966549.633,2.500000e-04,5.45,9226.14
2445,4.386570e-03,3.390354e+01,6.006148e-05,7.912033e-05,2997348.158,5.218012e-03,3.448044e+01,1.551534e-04,4.368687e-05,2999349.805,2.500000e-04,5.92,9232.05
2446,4.806873e-03,3.420536e+01,9.203718e-05,9.319292e-05,2997802.393,4.121961e-03,3.353690e+01,3.506278e-05,8.352866e-05,2986378.273,2.500000e-04,5.82,9237.88
2447,4.501774e-03,3.403845e+01,6.728995e-05,8.500608e-05,2997342.219,4.475466e-03,3.417913e+01,7.461240e-05,6.228577e-05,3008799.484,2.500000e-04,5.87,9243.75
2448,4.877810e-03,3.425660e+01,8.419430e-05,1.220415e-04,2997542.074,4.695862e-03,3.433716e+01,1.019995e-04,4.843018e-05,3014663.977,2.500000e-04,6.18,9249.93
2449,4.762161e-03,3.431391e+01,8.883587e-05,8.848237e-05,2997309.121,4.219704e-03,3.383901e+01,6.404711e-05,3.906639e-05,2991609.258,2.500000e-04,5.61,9255.53
2450,4.593054e-03,3.421958e+01,7.421799e-05,8.578339e-05,2997929.287,4.925433e-03,3.312391e+01,6.120288e-05,2.002027e-04,2962629.516,2.500000e-04,5.53,9261.06
2451,4.670477e-03,3.409488e+01,9.104982e-05,7.009802e-05,2997426.014,6.085909e-03,3.485805e+01,2.350722e-04,4.987645e-05,3015295.906,2.500000e-04,5.73,9266.80
2452,4.638820e-03,3.416404e+01,8.578229e-05,7.291849e-05,2997749.037,3.942934e-03,3.351088e+01,4.421225e-05,2.994460e-05,2996700.414,2.500000e-04,6.16,9272.96
2453,4.681480e-03,3.410057e+01,7.754950e-05,9.918548e-05,2997671.461,4.695926e-03,3.340128e+01,1.075903e-04,5.597901e-05,2983696.258,2.500000e-04,5.82,9278.78
2454,4.813808e-03,3.433189e+01,8.856728e-05,9.898928e-05,2997015.623,4.881445e-03,3.460054e+01,8.398676e-05,1.163048e-04,3019179.766,2.500000e-04,5.59,9284.37
2455,4.796810e-03,3.430657e+01,9.208062e-05,8.906937e-05,2997841.023,3.938676e-03,3.421853e+01,3.842566e-05,2.651333e-05,3008554.078,2.500000e-04,5.70,9290.07
2456,4.748506e-03,3.410690e+01,9.251110e-05,8.254098e-05,2997424.193,4.488783e-03,3.363810e+01,8.894697e-05,4.710065e-05,2988007.297,2.500000e-04,5.77,9295.84
2457,4.859192e-03,3.419796e+01,9.951262e-05,8.885395e-05,2997571.396,5.120926e-03,3.418529e+01,1.545881e-04,3.130314e-05,2993529.617,2.500000e-04,5.77,9301.61
2458,4.984051e-03,3.445739e+01,9.859774e-05,1.104670e-04,2997318.080,7.607893e-03,3.622462e+01,2.995095e-04,1.980673e-04,3033766.484,2.500000e-04,5.62,9307.22
2459,4.962594e-03,3.440690e+01,9.920272e-05,1.059754e-04,2997933.000,4.815050e-03,3.410825e+01,7.622490e-05,1.283953e-04,2996630.352,2.500000e-04,5.60,9312.82
2460,5.524041e-03,3.480039e+01,1.267186e-04,1.553632e-04,2997129.838,4.719972e-03,3.439442e+01,6.246014e-05,1.311857e-04,2979668.094,2.500000e-04,5.39,9318.21
2461,4.969983e-03,3.438292e+01,9.790721e-05,1.105238e-04,2997466.574,4.091618e-03,3.420480e+01,5.195729e-05,3.031296e-05,3000551.555,2.500000e-04,5.58,9323.80
2462,4.817123e-03,3.428703e+01,9.056381e-05,9.655641e-05,2997540.820,5.543601e-03,3.568026e+01,1.507822e-04,9.355065e-05,3018435.742,2.500000e-04,5.47,9329.27
2463,5.265692e-03,3.460084e+01,1.289653e-04,1.031911e-04,2997364.414,4.909290e-03,3.460108e+01,1.273062e-04,3.522414e-05,3006863.734,2.500000e-04,5.64,9334.91
2464,5.343575e-03,3.472598e+01,1.144983e-04,1.451988e-04,2997368.977,4.519400e-03,3.389536e+01,1.024149e-04,2.114305e-05,2995039.258,2.500000e-04,5.73,9340.64
2465,5.148461e-03,3.455623e+01,1.211016e-04,9.636439e-05,2997431.879,4.829829e-03,3.412362e+01,1.254491e-04,3.259499e-05,2995676.273,2.500000e-04,5.70,9346.34
2466,5.324169e-03,3.467802e+01,1.338284e-04,1.036168e-04,2997228.307,6.513865e-03,3.563893e+01,2.317421e-04,1.265103e-04,3030643.727,2.500000e-04,5.88,9352.22
2467,5.446979e-03,3.463533e+01,1.396208e-04,1.174476e-04,2997233.225,4.767385e-03,3.426362e+01,1.109352e-04,4.633426e-05,2992532.398,2.500000e-04,5.94,9358.15
2468,5.679938e-03,3.477339e+01,1.522076e-04,1.361046e-04,2996939.477,6.230336e-03,3.551532e+01,1.884108e-04,1.589390e-04,3032038.000,2.500000e-04,5.66,9363.81
2469,5.284787e-03,3.482747e+01,1.381724e-04,8.406315e-05,2997383.982,5.543017e-03,3.519830e+01,1.200074e-04,1.646226e-04,3034281.297,2.500000e-04,5.34,9369.15
2470,5.841749e-03,3.524365e+01,1.696075e-04,1.242619e-04,2996886.447,5.152920e-03,3.546419e+01,7.237327e-05,1.765538e-04,3035575.211,2.500000e-04,5.93,9375.08
2471,6.281909e-03,3.523953e+01,1.971912e-04,1.572088e-04,2997082.609,8.758995e-03,3.616050e+01,4.640077e-04,1.005737e-04,3005311.375,2.500000e-04,5.89,9380.96
2472,6.834246e-03,3.557399e+01,2.718872e-04,1.115950e-04,2996863.689,4.781781e-03,3.495788e+01,9.427712e-05,6.864431e-05,2997350.805,2.500000e-04,5.93,9386.89
2473,5.855889e-03,3.541871e+01,1.635428e-04,1.357181e-04,2997287.781,5.153087e-03,3.491113e+01,1.455253e-04,4.134415e-05,2984858.539,2.500000e-04,5.39,9392.28
2474,5.323606e-03,3.490599e+01,1.439957e-04,7.860991e-05,2997421.467,4.604485e-03,3.425723e+01,1.063791e-04,2.299418e-05,2999330.945,2.500000e-04,6.23,9398.51
2475,5.198562e-03,3.488307e+01,1.225596e-04,9.693174e-05,2997380.795,4.381011e-03,3.441533e+01,7.446873e-05,3.895803e-05,2990763.156,2.500000e-04,5.81,9404.32
2476,5.517772e-03,3.482787e+01,1.354799e-04,1.360373e-04,2997058.672,5.549919e-03,3.527649e+01,1.493540e-04,1.057460e-04,3006831.656,2.500000e-04,5.72,9410.04
2477,5.374650e-03,3.512769e+01,1.286429e-04,1.150904e-04,2997241.035,5.127938e-03,3.510843e+01,1.445613e-04,3.429638e-05,3008002.789,2.500000e-04,5.52,9415.56
2478,5.446727e-03,3.489857e+01,1.362951e-04,1.187840e-04,2997285.389,7.203675e-03,3.496619e+01,2.680014e-04,2.054084e-04,3001032.266,2.500000e-04,5.53,9421.10
2479,5.856643e-03,3.503373e+01,1.719476e-04,1.267590e-04,2997210.953,7.204110e-03,3.532484e+01,3.471281e-04,4.006894e-05,3008907.539,2.500000e-04,5.68,9426.78
2480,5.979651e-03,3.517897e+01,1.793112e-04,1.337285e-04,2997124.064,4.424629e-03,3.390405e+01,8.297868e-05,4.088739e-05,2988408.844,2.500000e-04,5.53,9432.30
2481,5.810019e-03,3.507797e+01,1.613080e-04,1.378284e-04,2997146.814,4.955301e-03,3.482887e+01,1.299565e-04,3.456999e-05,3006559.430,2.500000e-04,5.52,9437.82
2482,5.293576e-03,3.490061e+01,1.240593e-04,1.125845e-04,2997205.830,5.196075e-03,3.440710e+01,1.145678e-04,1.219374e-04,2972173.828,2.500000e-04,5.59,9443.41
2483,5.728488e-03,3.502386e+01,1.551642e-04,1.348921e-04,2996828.352,7.861813e-03,3.817478e+01,3.731416e-04,6.258383e-05,2990190.289,2.500000e-04,5.68,9449.09
2484,6.029328e-03,3.554505e+01,1.841282e-04,1.267080e-04,2997399.717,7.902654e-03,3.623849e+01,3.862853e-04,8.319030e-05,2988289.727,2.500000e-04,5.95,9455.04
2485,6.107881e-03,3.544483e+01,1.692679e-04,1.741437e-04,2996708.047,4.962725e-03,3.587757e+01,9.857807e-05,7.783743e-05,3020029.883,2.500000e-04,5.64,9460.67
2486,5.458227e-03,3.486693e+01,1.398246e-04,1.146576e-04,2997753.334,6.449201e-03,3.564973e+01,2.261695e-04,1.245065e-04,2981874.086,2.500000e-04,5.68,9466.35
2487,5.772963e-03,3.526780e+01,1.748981e-04,9.944025e-05,2996892.277,5.189280e-03,3.392316e+01,1.166134e-04,1.261660e-04,2969140.336,2.500000e-04,5.75,9472.10
2488,5.271254e-03,3.496985e+01,1.183821e-04,1.180895e-04,2997191.797,4.869585e-03,3.425949e+01,1.113550e-04,6.601724e-05,2983000.398,2.500000e-04,5.64,9477.74
2489,5.662782e-03,3.523046e+01,1.514463e-04,1.250545e-04,2997448.598,4.843814e-03,3.452123e+01,9.627072e-05,8.579693e-05,2990078.727,2.500000e-04,5.87,9483.61
2490,5.167308e-03,3.479697e+01,1.211523e-04,9.521751e-05,2997636.535,6.652594e-03,3.311072e+01,8.233407e-05,5.036361e-04,2934385.734,2.500000e-04,5.75,9489.36
2491,5.461466e-03,3.500425e+01,1.398185e-04,1.125713e-04,2997318.297,6.398236e-03,3.415235e+01,1.800690e-04,2.364622e-04,2956724.094,2.500000e-04,5.25,9494.60
2492,5.485236e-03,3.489499e+01,1.477373e-04,1.036729e-04,2996547.160,5.415521e-03,3.498235e+01,1.780736e-04,2.730995e-05,2992630.398,2.500000e-04,5.63,9500.24
2493,5.712178e-03,3.505499e+01,1.582040e-04,1.249277e-04,2997720.330,4.580612e-03,3.438208e+01,9.996200e-05,2.855686e-05,2998688.750,2.500000e-04,5.89,9506.13
2494,5.362715e-03,3.492323e+01,1.252017e-04,1.236751e-04,2996714.312,5.536151e-03,3.522871e+01,9.087527e-05,2.209054e-04,3029964.031,2.500000e-04,6.09,9512.22
2495,5.336993e-03,3.486587e+01,1.266036e-04,1.168741e-04,2998064.080,4.656204e-03,3.455387e+01,6.643876e-05,1.072860e-04,2974414.445,2.500000e-04,5.38,9517.60
2496,5.391612e-03,3.478755e+01,1.373444e-04,1.078826e-04,2996873.104,5.207327e-03,3.485958e+01,1.213577e-04,1.015583e-04,3024042.578,2.500000e-04,5.92,9523.52
2497,5.057231e-03,3.482473e+01,1.090372e-04,9.687725e-05,2997838.521,4.402549e-03,3.362895e+01,6.943901e-05,6.905281e-05,2979455.625,2.500000e-04,5.99,9529.51
2498,5.078774e-03,3.486826e+01,1.076949e-04,1.029999e-04,2997141.994,4.923122e-03,3.477588e+01,1.142651e-04,6.057685e-05,3017308.977,2.500000e-04,6.06,9535.58
2499,4.966012e-03,3.459298e+01,1.061735e-04,8.899559e-05,2997864.463,4.724216e-03,3.516211e+01,7.406563e-05,9.346967e-05,3021946.516,2.500000e-04,5.97,9541.55
2500,5.130515e-03,3.483347e+01,1.174282e-04,9.457719e-05,2997162.244,5.868170e-03,3.596333e+01,1.831779e-04,8.801137e-05,2989201.008,2.500000e-04,5.90,9547.45
2501,4.847790e-03,3.451346e+01,9.574177e-05,8.780532e-05,2997337.557,5.012565e-03,3.495292e+01,1.261298e-04,5.119508e-05,2996804.492,2.500000e-04,5.97,9553.41
2502,5.639218e-03,3.489376e+01,1.538106e-04,1.223473e-04,2997727.326,5.374474e-03,3.428294e+01,1.021050e-04,1.850260e-04,2972089.367,2.500000e-04,5.68,9559.10
2503,4.883163e-03,3.458402e+01,9.260847e-05,9.973527e-05,2997515.135,4.815461e-03,3.418636e+01,1.114770e-04,5.641104e-05,2986548.773,2.500000e-04,5.76,9564.86
2504,4.889609e-03,3.454993e+01,8.801352e-05,1.108963e-04,2996945.537,4.976871e-03,3.459431e+01,1.369637e-04,2.956062e-05,3004616.133,2.500000e-04,6.16,9571.02
2505,4.793566e-03,3.439038e+01,9.072785e-05,8.944985e-05,2997214.275,5.100353e-03,3.489083e+01,1.122475e-04,9.775896e-05,3018449.258,2.500000e-04,6.03,9577.05
2506,5.053937e-03,3.437837e+01,1.087057e-04,1.058087e-04,2997566.535,4.505768e-03,3.525392e+01,6.847515e-05,5.912483e-05,3016865.344,2.500000e-04,5.92,9582.97
2507,4.972829e-03,3.451103e+01,9.585861e-05,1.126279e-04,2997630.402,4.072400e-03,3.419473e+01,4.937239e-05,3.184061e-05,2991401.195,2.500000e-04,5.58,9588.55
2508,5.110908e-03,3.468628e+01,1.092079e-04,1.100403e-04,2997596.895,4.707487e-03,3.366566e+01,7.026979e-05,1.276447e-04,2972080.359,2.500000e-04,6.14,9594.69
2509,4.626641e-03,3.429123e+01,8.426024e-05,7.098315e-05,2997123.314,8.461820e-03,3.638006e+01,4.568635e-04,5.103579e-05,3006062.914,2.500000e-04,5.51,9600.21
2510,5.010417e-03,3.463174e+01,1.046817e-04,1.000853e-04,2997678.795,4.931835e-03,3.435741e+01,1.312118e-04,3.679528e-05,2989564.047,2.500000e-04,5.65,9605.85
2511,4.626558e-03,3.422098e+01,7.889426e-05,8.310345e-05,2997654.363,4.797528e-03,3.388010e+01,7.712228e-05,1.276590e-04,2969805.078,2.500000e-04,5.96,9611.81
2512,4.587366e-03,3.428652e+01,7.650926e-05,7.872437e-05,2997263.562,4.467543e-03,3.466777e+01,4.525659e-05,1.096401e-04,3027109.055,2.500000e-04,5.26,9617.07
2513,4.987484e-03,3.440072e+01,9.416502e-05,1.211525e-04,2997367.121,4.561153e-03,3.489882e+01,5.951756e-05,9.521914e-05,3025608.828,2.500000e-04,5.73,9622.80
2514,4.600648e-03,3.429114e+01,7.320528e-05,8.789623e-05,2997560.697,4.177054e-03,3.349483e+01,4.712629e-05,7.126167e-05,2995608.641,2.500000e-04,5.62,9628.42
2515,4.620489e-03,3.419139e+01,8.029002e-05,7.968998e-05,2997999.871,5.396648e-03,3.336396e+01,1.333754e-04,1.452995e-04,2967702.500,2.500000e-04,5.80,9634.22
2516,4.944686e-03,3.438176e+01,9.794914e-05,1.054038e-04,2997279.373,8.465892e-03,3.678635e+01,4.382065e-04,8.103835e-05,2989139.133,2.500000e-04,5.51,9639.74
2517,4.659203e-03,3.430973e+01,8.837806e-05,6.888992e-05,2997608.020,5.048732e-03,3.331396e+01,9.858132e-05,1.463047e-04,2966118.156,2.500000e-04,5.91,9645.65
2518,4.677369e-03,3.434421e+01,7.907920e-05,9.043117e-05,2997506.662,3.991760e-03,3.394704e+01,3.608385e-05,4.724351e-05,2988146.219,2.500000e-04,5.95,9651.60
2519,4.718046e-03,3.439277e+01,8.185083e-05,9.205222e-05,2997578.584,5.201653e-03,3.472005e+01,1.299978e-04,8.593416e-05,2984031.211,2.500000e-04,5.32,9656.92
2520,4.677412e-03,3.426496e+01,7.764798e-05,9.488727e-05,2997048.412,4.525723e-03,3.455661e+01,8.004754e-05,5.391727e-05,3012837.742,2.500000e-04,5.42,9662.35
2521,4.508933e-03,3.415476e+01,7.100392e-05,7.668364e-05,2997890.209,4.513286e-03,3.388272e+01,8.906982e-05,4.686305e-05,2988811.984,2.500000e-04,5.64,9667.99
2522,4.609120e-03,3.423603e+01,7.424075e-05,8.862206e-05,2997555.934,4.469579e-03,3.447550e+01,7.678277e-05,5.084024e-05,3008746.680,2.500000e-04,5.64,9673.63
2523,4.643494e-03,3.415448e+01,7.788810e-05,8.983303e-05,2997379.453,5.123590e-03,3.564887e+01,1.120170e-04,8.770648e-05,3010156.508,2.500000e-04,5.69,9679.32
2524,4.837281e-03,3.445509e+01,8.769963e-05,1.029551e-04,2997915.615,4.969252e-03,3.410737e+01,1.406403e-04,3.042251e-05,2990849.859,2.500000e-04,6.04,9685.36
2525,4.581713e-03,3.413864e+01,7.340525e-05,8.675914e-05,2997494.621,6.252531e-03,3.276949e+01,9.705839e-05,4.009996e-04,2942088.766,2.500000e-04,5.64,9691.00
2526,4.888895e-03,3.436561e+01,9.658504e-05,9.729677e-05,2997358.260,4.280611e-03,3.461539e+01,6.298552e-05,3.784338e-05,2995096.617,2.500000e-04,5.73,9696.73
2527,4.724052e-03,3.425380e+01,8.049713e-05,9.874012e-05,2997504.688,4.223946e-03,3.431333e+01,5.300882e-05,5.250503e-05,3006887.141,2.500000e-04,5.73,9702.47
2528,5.056760e-03,3.436051e+01,1.058862e-04,1.123694e-04,2997491.305,5.162085e-03,3.416931e+01,1.488740e-04,5.128298e-05,2989331.148,2.500000e-04,5.89,9708.36
2529,4.813481e-03,3.438657e+01,9.781162e-05,7.934142e-05,2997116.672,4.953127e-03,3.541026e+01,7.647046e-05,1.294793e-04,3028495.438,2.500000e-04,6.30,9714.66
2530,4.451911e-03,3.417229e+01,7.166733e-05,6.360177e-05,2997957.578,4.999554e-03,3.364293e+01,1.045286e-04,1.179949e-04,2972104.820,2.500000e-04,6.36,9721.02
2531,4.552359e-03,3.416233e+01,7.250745e-05,8.221037e-05,2997105.898,4.910715e-03,3.502742e+01,6.297691e-05,1.556409e-04,3034097.797,2.500000e-04,5.47,9726.49
2532,4.672937e-03,3.424417e+01,8.265409e-05,8.439597e-05,2998137.256,4.483096e-03,3.374928e+01,5.659216e-05,1.084493e-04,2973577.805,2.500000e-04,5.80,9732.29
2533,4.547776e-03,3.418193e+01,6.820250e-05,8.951157e-05,2997654.322,6.073755e-03,3.462338e+01,1.994164e-04,1.234505e-04,2971141.789,2.500000e-04,5.35,9737.64
2534,4.908015e-03,3.436623e+01,1.000553e-04,9.416790e-05,2997282.035,4.643998e-03,3.322791e+01,7.225592e-05,1.197295e-04,2970168.430,2.500000e-04,5.31,9742.95
2535,4.858082e-03,3.437871e+01,9.995229e-05,8.413754e-05,2997720.131,4.581174e-03,3.381562e+01,9.098526e-05,5.795184e-05,2982249.977,2.500000e-04,5.90,9748.85
2536,5.000499e-03,3.433861e+01,9.893507e-05,1.154575e-04,2997418.645,3.919366e-03,3.397694e+01,3.188042e-05,4.057349e-05,2999708.672,2.500000e-04,5.28,9754.13
2537,4.651732e-03,3.432114e+01,7.538551e-05,9.315243e-05,2997606.521,4.951783e-03,3.417715e+01,1.362708e-04,3.427212e-05,2993199.719,2.500000e-04,5.80,9759.93
2538,4.625149e-03,3.421827e+01,8.340354e-05,7.385745e-05,2997289.375,5.343088e-03,3.473547e+01,1.493106e-04,7.528693e-05,3019521.664,2.500000e-04,5.53,9765.46
2539,4.978903e-03,3.448800e+01,9.855987e-05,1.089009e-04,2997505.705,4.027793e-03,3.374246e+01,3.673684e-05,5.723561e-05,2984620.398,2.500000e-04,5.87,9771.33
2540,4.854190e-03,3.426966e+01,9.029212e-05,1.048606e-04,2997184.568,4.362473e-03,3.366309e+01,6.494151e-05,6.934975e-05,2994821.055,2.500000e-04,5.56,9776.90
2541,4.673590e-03,3.415029e+01,8.546631e-05,8.077959e-05,2997808.980,4.177724e-03,3.353956e+01,4.861475e-05,6.752413e-05,2978856.141,2.500000e-04,5.29,9782.19
2542,4.816820e-03,3.442773e+01,9.361204e-05,8.758533e-05,2997491.365,6.019109e-03,3.416169e+01,2.203525e-04,7.988306e-05,2986575.516,2.500000e-04,6.09,9788.28
2543,4.968595e-03,3.448162e+01,1.028628e-04,9.836096e-05,2997494.521,8.300268e-03,3.495682e+01,3.285517e-04,3.038141e-04,2968640.016,2.500000e-04,5.70,9793.99
2544,5.134915e-03,3.453806e+01,1.063993e-04,1.234232e-04,2997882.504,5.125710e-03,3.382014e+01,8.048931e-05,1.877607e-04,2963218.633,2.500000e-04,5.58,9799.57
2545,5.200634e-03,3.456003e+01,1.109736e-04,1.269791e-04,2996684.643,4.592854e-03,3.501048e+01,7.653516e-05,6.529078e-05,3015318.477,2.500000e-04,5.46,9805.04
2546,4.912339e-03,3.434287e+01,9.984542e-05,9.591945e-05,2998064.111,4.509253e-03,3.425704e+01,7.039661e-05,7.591672e-05,3010444.711,2.500000e-04,6.14,9811.18
2547,5.332287e-03,3.451569e+01,1.213361e-04,1.334715e-04,2996943.523,5.260368e-03,3.523066e+01,9.368434e-05,1.600916e-04,3028365.711,2.500000e-04,5.69,9816.87
2548,4.643547e-03,3.428557e+01,8.331571e-05,7.636672e-05,2997753.250,4.678453e-03,3.392805e+01,9.885950e-05,5.941055e-05,2986049.828,2.500000e-04,6.07,9822.94
2549,4.789632e-03,3.436673e+01,9.730143e-05,7.598884e-05,2997276.650,4.200903e-03,3.451810e+01,5.985923e-05,3.010017e-05,3001584.773,2.500000e-04,5.56,9828.50
2550,5.016504e-03,3.460335e+01,1.085349e-04,9.416412e-05,2997602.244,4.132017e-03,3.389473e+01,6.388528e-05,2.073824e-05,2994653.789,2.500000e-04,5.90,9834.39
2551,5.294492e-03,3.458905e+01,1.170670e-04,1.329834e-04,2997452.547,3.921549e-03,3.386106e+01,4.059425e-05,2.590008e-05,3000087.133,2.500000e-04,5.49,9839.88
2552,4.901492e-03,3.443973e+01,9.917065e-05,9.316263e-05,2997927.842,4.362354e-03,3.433437e+01,6.337471e-05,5.903413e-05,2980641.227,2.500000e-04,5.82,9845.70
2553,4.818571e-03,3.427895e+01,8.875878e-05,1.006177e-04,2997397.734,4.256532e-03,3.322438e+01,2.737828e-05,1.320623e-04,2967861.562,2.500000e-04,5.66,9851.36
2554,4.962931e-03,3.447049e+01,1.042742e-04,9.462800e-05,2997110.736,4.313593e-03,3.387411e+01,6.270634e-05,5.982380e-05,2981736.922,2.500000e-04,5.55,9856.91
2555,5.052791e-03,3.454833e+01,1.125344e-04,9.452279e-05,2997596.969,4.609919e-03,3.367542e+01,5.883321e-05,1.308090e-04,2973008.836,2.500000e-04,5.15,9862.05
2556,5.618708e-03,3.496371e+01,1.224839e-04,1.794996e-04,2997238.771,6.598024e-03,3.360477e+01,2.524930e-04,1.425234e-04,2971290.195,2.500000e-04,5.54,9867.60
2557,4.940223e-03,3.444547e+01,9.132505e-05,1.164851e-04,2997166.186,4.503754e-03,3.356053e+01,6.632922e-05,9.688180e-05,2979924.250,2.500000e-04,5.57,9873.16
2558,5.242520e-03,3.473437e+01,1.217266e-04,1.103635e-04,2997278.447,4.609035e-03,3.379888e+01,8.769333e-05,7.044276e-05,2978816.539,2.500000e-04,5.78,9878.94
2559,4.789345e-03,3.433543e+01,9.100879e-05,8.914296e-05,2997557.750,4.373974e-03,3.373958e+01,5.408309e-05,9.183696e-05,2981848.531,2.500000e-04,5.27,9884.22
2560,5.009392e-03,3.437694e+01,1.013458e-04,1.116481e-04,2997065.270,4.281688e-03,3.431634e+01,6.116053e-05,4.768986e-05,3017798.570,2.500000e-04,5.40,9889.61
2561,5.128970e-03,3.457046e+01,1.157447e-04,1.028954e-04,2997421.459,5.130107e-03,3.465424e+01,1.482159e-04,3.650469e-05,3012073.617,2.500000e-04,6.16,9895.77
2562,5.156363e-03,3.483486e+01,1.187348e-04,9.710574e-05,2997729.773,4.300313e-03,3.425028e+01,7.337872e-05,2.829971e-05,2998691.273,2.500000e-04,5.50,9901.27
2563,5.215912e-03,3.445549e+01,1.244080e-04,1.052565e-04,2997482.004,6.189351e-03,3.270105e+01,5.597914e-05,4.718908e-04,2938248.727,2.500000e-04,5.72,9906.99
2564,5.038844e-03,3.443416e+01,9.601217e-05,1.270612e-04,2997395.141,4.796657e-03,3.468921e+01,1.120845e-04,4.137825e-05,3008196.039,2.500000e-04,5.95,9912.94
2565,4.863502e-03,3.440878e+01,9.247070e-05,9.958346e-05,2997351.395,4.694268e-03,3.442266e+01,9.707702e-05,5.624639e-05,3014481.586,2.500000e-04,5.71,9918.65
2566,4.835602e-03,3.428670e+01,9.345269e-05,9.448091e-05,2996853.299,5.202476e-03,3.426588e+01,1.528884e-04,4.940083e-05,2991030.180,2.500000e-04,5.57,9924.22
2567,4.568642e-03,3.416632e+01,7.195918e-05,8.648368e-05,2998408.676,4.334489e-03,3.433716e+01,6.198435e-05,5.618598e-05,3000794.969,2.500000e-04,6.13,9930.36
2568,5.205534e-03,3.446820e+01,1.119447e-04,1.278534e-04,2997325.855,5.013507e-03,3.443438e+01,1.145417e-04,8.493062e-05,3000055.086,2.500000e-04,6.15,9936.51
2569,4.740572e-03,3.421640e+01,8.771637e-05,8.835367e-05,2997556.957,5.561217e-03,3.297828e+01,6.267450e-05,3.273289e-04,2950441.062,2.500000e-04,5.39,9941.90
2570,4.840898e-03,3.428722e+01,8.656897e-05,1.092972e-04,2997067.221,4.052778e-03,3.402400e+01,4.552810e-05,3.901923e-05,2990483.203,2.500000e-04,5.69,9947.58
2571,4.757075e-03,3.429759e+01,8.999575e-05,8.547181e-05,2997625.514,4.062599e-03,3.404888e+01,4.987841e-05,3.178552e-05,3006378.828,2.500000e-04,5.17,9952.76
2572,5.287386e-03,3.447458e+01,1.167993e-04,1.343872e-04,2997426.561,4.124719e-03,3.410250e+01,6.006849e-05,2.275679e-05,3000300.914,2.500000e-04,5.69,9958.45
2573,5.407560e-03,3.475396e+01,1.221777e-04,1.420774e-04,2997364.352,6.259897e-03,3.440852e+01,2.156003e-04,1.326084e-04,2980515.953,2.500000e-04,5.57,9964.01
2574,5.068677e-03,3.450415e+01,9.949974e-05,1.246530e-04,2997449.527,4.193901e-03,3.411436e+01,5.932799e-05,3.783707e-05,3006595.758,2.500000e-04,5.58,9969.59
2575,4.753328e-03,3.433414e+01,9.387122e-05,7.624036e-05,2997482.537,4.300374e-03,3.358588e+01,6.746219e-05,5.343290e-05,2986647.500,2.500000e-04,5.67,9975.26
2576,4.804861e-03,3.436000e+01,8.906270e-05,9.564663e-05,2997466.133,3.943852e-03,3.387530e+01,3.992430e-05,3.141583e-05,3007623.391,2.500000e-04,6.08,9981.35
2577,4.849780e-03,3.441233e+01,8.784601e-05,1.060176e-04,2997497.000,4.149227e-03,3.404098e+01,5.054095e-05,4.794396e-05,3011680.406,2.500000e-04,5.63,9986.97
2578,5.196332e-03,3.446946e+01,1.258682e-04,9.814084e-05,2997085.982,4.740054e-03,3.484161e+01,6.405345e-05,1.230717e-04,3026793.492,2.500000e-04,5.46,9992.44
2579,5.111246e-03,3.445292e+01,1.127205e-04,1.077500e-04,2997566.707,6.601714e-03,3.543133e+01,2.262638e-04,1.591885e-04,3026570.141,2.500000e-04,5.41,9997.84
2580,5.206705e-03,3.463588e+01,1.176669e-04,1.132896e-04,2997024.236,4.628538e-03,3.401406e+01,9.794588e-05,4.953455e-05,3000924.055,2.500000e-04,5.63,10003.47
2581,4.848251e-03,3.441116e+01,1.013470e-04,7.873302e-05,2997485.420,4.433052e-03,3.446749e+01,6.803462e-05,6.119126e-05,3017232.859,2.500000e-04,5.97,10009.44
2582,4.747592e-03,3.439502e+01,8.796996e-05,8.567798e-05,2997589.311,5.287808e-03,3.488448e+01,1.470092e-04,6.585363e-05,2990620.758,2.500000e-04,5.80,10015.24
2583,5.041153e-03,3.436876e+01,1.047309e-04,1.113937e-04,2997309.725,4.246274e-03,3.466501e+01,4.940593e-05,5.714268e-05,3015198.680,2.500000e-04,5.76,10021.00
2584,4.921136e-03,3.452236e+01,9.393732e-05,1.059054e-04,2997652.033,4.160860e-03,3.408610e+01,5.360127e-05,4.324755e-05,3002493.828,2.500000e-04,5.13,10026.14
2585,4.653907e-03,3.425423e+01,8.033262e-05,8.503162e-05,2997743.061,5.319912e-03,3.302172e+01,4.452862e-05,3.144906e-04,2949126.258,2.500000e-04,5.61,10031.75
2586,4.857651e-03,3.445848e+01,8.467244e-05,1.130158e-04,2997406.232,4.743735e-03,3.454996e+01,9.151558e-05,7.471652e-05,3021465.773,2.500000e-04,5.90,10037.65
2587,4.774975e-03,3.439405e+01,7.899983e-05,1.091144e-04,2997612.121,4.613432e-03,3.344462e+01,5.895754e-05,1.358788e-04,2974366.539,2.500000e-04,5.48,10043.13
2588,4.804656e-03,3.440913e+01,9.040039e-05,9.194784e-05,2997196.926,4.443618e-03,3.452364e+01,9.238278e-05,1.348520e-05,2998785.828,2.500000e-04,5.11,10048.24
2589,4.434744e-03,3.413936e+01,6.598065e-05,7.220015e-05,2997454.719,3.808560e-03,3.401960e+01,2.158232e-05,3.815548e-05,3013355.914,2.500000e-04,5.53,10053.77
2590,4.501981e-03,3.419528e+01,6.745976e-05,8.157115e-05,2997715.865,4.745762e-03,3.362288e+01,6.660431e-05,1.434862e-04,2968863.320,2.500000e-04,6.04,10059.81
2591,4.736180e-03,3.440773e+01,8.815137e-05,8.277862e-05,2997428.254,3.867830e-03,3.411378e+01,3.533633e-05,2.061768e-05,2996902.938,2.500000e-04,6.12,10065.92
2592,4.778935e-03,3.444183e+01,8.952841e-05,8.789362e-05,2997608.434,5.660917e-03,3.537751e+01,1.092609e-04,2.061114e-04,3037111.898,2.500000e-04,5.63,10071.56
2593,4.729003e-03,3.425224e+01,8.751681e-05,8.572226e-05,2997649.412,6.406086e-03,3.291969e+01,9.876267e-05,4.252979e-04,2944104.680,2.500000e-04,5.24,10076.80
2594,4.727923e-03,3.446425e+01,8.013990e-05,9.601980e-05,2997226.270,4.174667e-03,3.388280e+01,6.646667e-05,2.434407e-05,2994429.500,2.500000e-04,5.95,10082.75
2595,4.601995e-03,3.430156e+01,7.926714e-05,7.583349e-05,2997568.678,4.437291e-03,3.349133e+01,8.323588e-05,5.115981e-05,2985011.711,2.500000e-04,5.95,10088.69
2596,4.505335e-03,3.403947e+01,7.224614e-05,7.578541e-05,2997210.018,4.309173e-03,3.435423e+01,5.453426e-05,6.568149e-05,3010210.289,2.500000e-04,6.15,10094.84
2597,4.586463e-03,3.416029e+01,7.763826e-05,7.881040e-05,2998061.604,6.782243e-03,3.287500e+01,1.485752e-04,4.017983e-04,2950009.008,2.500000e-04,5.66,10100.50
2598,4.551350e-03,3.416023e+01,7.462113e-05,7.782318e-05,2997469.723,4.881568e-03,3.274145e+01,3.071617e-05,2.600524e-04,2953911.844,2.500000e-04,5.49,10105.99
2599,4.739620e-03,3.425822e+01,8.716755e-05,8.842451e-05,2997395.020,3.721268e-03,3.342498e+01,1.354076e-05,4.867256e-05,2982507.844,2.500000e-04,6.01,10112.00
2600,4.450062e-03,3.410412e+01,7.102254e-05,6.588488e-05,2997368.486,4.324642e-03,3.433389e+01,3.733929e-05,1.035720e-04,3022554.438,2.500000e-04,5.59,10117.59
2601,4.668186e-03,3.428154e+01,7.112525e-05,1.057558e-04,2997755.666,5.586038e-03,3.422883e+01,1.866724e-04,5.928619e-05,3005074.227,1.250000e-04,5.68,10123.27
2602,3.882308e-03,3.391055e+01,3.361123e-05,3.102805e-05,2997790.012,4.016166e-03,3.329743e+01,5.049976e-05,3.628498e-05,2985889.820,1.250000e-04,5.39,10128.67
2603,3.728002e-03,3.363072e+01,2.368077e-05,2.562449e-05,2997795.018,3.608611e-03,3.340303e+01,1.294185e-05,2.777809e-05,2990703.469,1.250000e-04,5.68,10134.34
2604,3.700756e-03,3.360564e+01,2.242042e-05,2.319756e-05,2997649.408,3.955247e-03,3.403037e+01,3.570118e-05,3.903951e-05,3013134.820,1.250000e-04,5.90,10140.24
2605,3.685351e-03,3.357310e+01,2.130234e-05,2.300345e-05,2998034.979,3.627895e-03,3.330086e+01,1.857597e-05,2.240985e-05,2988453.930,1.250000e-04,5.87,10146.11
2606,3.688711e-03,3.359736e+01,2.136273e-05,2.306950e-05,2997811.887,3.581988e-03,3.340799e+01,1.661043e-05,1.501693e-05,2997340.531,1.250000e-04,5.98,10152.09
2607,3.671438e-03,3.356720e+01,2.026625e-05,2.241117e-05,2997964.516,3.719242e-03,3.302303e+01,1.696176e-05,4.946424e-05,2981872.664,1.250000e-04,5.65,10157.74
2608,3.686234e-03,3.353706e+01,2.130529e-05,2.389490e-05,2997660.178,3.585983e-03,3.321995e+01,1.387670e-05,2.504423e-05,2990491.445,1.250000e-04,6.06,10163.80
2609,3.702074e-03,3.359450e+01,2.171949e-05,2.508581e-05,2997708.273,3.871298e-03,3.391188e+01,2.332224e-05,4.937769e-05,3017790.273,1.250000e-04,5.92,10169.73
2610,3.706829e-03,3.351803e+01,2.240267e-05,2.619985e-05,2997859.988,3.593175e-03,3.354069e+01,1.367429e-05,2.047279e-05,3006644.289,1.250000e-04,5.51,10175.24
2611,3.739725e-03,3.354334e+01,2.451869e-05,2.804094e-05,2997925.566,3.728534e-03,3.329210e+01,2.194127e-05,3.598208e-05,2985052.523,1.250000e-04,5.69,10180.94
2612,3.705703e-03,3.356761e+01,2.322726e-05,2.333388e-05,2997718.045,3.918026e-03,3.372176e+01,4.829119e-05,1.258766e-05,3002262.719,1.250000e-04,5.45,10186.38
2613,3.661879e-03,3.350226e+01,1.911276e-05,2.410509e-05,2997885.252,3.721434e-03,3.321794e+01,2.858144e-05,2.276502e-05,2990511.094,1.250000e-04,5.64,10192.02
2614,3.717707e-03,3.355320e+01,2.130447e-05,2.986849e-05,2997835.010,3.624339e-03,3.345942e+01,2.344724e-05,8.784841e-06,2997763.078,1.250000e-04,5.41,10197.43
2615,3.711802e-03,3.351537e+01,2.474770e-05,2.255748e-05,2997840.928,3.629345e-03,3.363543e+01,1.777043e-05,1.761954e-05,3008153.727,1.250000e-04,5.38,10202.81
2616,3.702634e-03,3.351745e+01,2.253486e-05,2.510817e-05,2997951.742,3.483746e-03,3.334622e+01,1.021400e-05,9.396850e-06,2994035.156,1.250000e-04,5.88,10208.69
2617,3.667100e-03,3.353130e+01,1.981834e-05,2.315734e-05,2997800.287,3.701002e-03,3.318452e+01,1.569202e-05,4.512610e-05,2986097.898,1.250000e-04,5.85,10214.54
2618,3.670349e-03,3.347821e+01,1.977720e-05,2.495122e-05,2997841.322,3.753325e-03,3.378979e+01,3.000558e-05,1.485808e-05,3007332.469,1.250000e-04,5.75,10220.29
2619,3.702057e-03,3.352797e+01,2.156526e-05,2.672151e-05,2997760.959,3.996663e-03,3.399640e+01,1.969994e-05,8.000465e-05,3023255.711,1.250000e-04,5.58,10225.87
2620,3.732126e-03,3.349853e+01,2.301519e-05,3.042434e-05,2997850.164,3.525135e-03,3.356192e+01,9.711534e-06,1.436558e-05,3006350.531,1.250000e-04,5.73,10231.60
2621,3.657565e-03,3.348624e+01,2.103675e-05,1.971470e-05,2997988.174,3.887737e-03,3.291285e+01,2.248414e-05,7.432215e-05,2978544.398,1.250000e-04,5.82,10237.42
2622,3.743467e-03,3.353515e+01,2.172366e-05,3.454304e-05,2997759.104,3.718905e-03,3.345245e+01,3.066869e-05,1.339471e-05,2993572.391,1.250000e-04,6.48,10243.90
2623,3.707531e-03,3.351179e+01,2.301095e-05,2.524855e-05,2997661.057,3.782605e-03,3.372624e+01,3.654632e-05,8.903580e-06,3001820.352,1.250000e-04,5.69,10249.59
2624,3.716209e-03,3.350450e+01,2.242692e-05,2.829797e-05,2997946.188,3.739628e-03,3.305041e+01,1.193004e-05,6.305730e-05,2980966.664,1.250000e-04,5.52,10255.10
2625,3.652628e-03,3.345766e+01,2.028203e-05,2.080838e-05,2997932.574,3.712391e-03,3.318736e+01,1.683485e-05,4.506122e-05,2983515.773,1.250000e-04,5.85,10260.96
2626,3.671863e-03,3.348401e+01,2.083378e-05,2.302469e-05,2997654.516,3.767913e-03,3.403008e+01,2.430848e-05,2.436408e-05,3011753.102,1.250000e-04,5.96,10266.92
2627,3.652621e-03,3.347971e+01,1.907281e-05,2.278451e-05,2998102.420,3.516626e-03,3.325939e+01,1.139456e-05,1.534831e-05,2993757.305,1.250000e-04,5.87,10272.79
2628,3.716676e-03,3.346528e+01,2.191904e-05,3.019138e-05,2997737.871,3.917457e-03,3.294663e+01,2.290420e-05,7.875037e-05,2974823.922,1.250000e-04,5.92,10278.71
2629,3.693942e-03,3.348062e+01,2.240511e-05,2.436592e-05,2997847.268,3.590813e-03,3.323277e+01,1.938366e-05,1.474001e-05,2996478.594,1.250000e-04,5.97,10284.68
2630,3.668062e-03,3.348221e+01,2.036978e-05,2.322860e-05,2997732.707,3.532421e-03,3.351036e+01,9.797334e-06,1.668247e-05,3006232.797,1.250000e-04,5.40,10290.08
2631,3.697983e-03,3.346976e+01,2.195636e-05,2.628884e-05,2997957.713,3.498652e-03,3.342722e+01,1.153204e-05,8.121892e-06,3001199.422,1.250000e-04,6.05,10296.13
2632,3.664158e-03,3.347398e+01,2.020971e-05,2.293259e-05,2997781.898,3.826027e-03,3.364328e+01,3.697044e-05,1.839910e-05,3008459.148,1.250000e-04,5.58,10301.71
2633,3.679273e-03,3.341238e+01,1.933025e-05,2.894648e-05,2997669.910,4.147108e-03,3.412731e+01,1.686904e-05,1.131372e-04,3029338.023,1.250000e-04,5.40,10307.11
2634,3.698534e-03,3.347382e+01,2.266861e-05,2.489330e-05,2997955.793,3.605366e-03,3.354585e+01,1.440560e-05,2.134505e-05,2998449.664,1.250000e-04,6.07,10313.18
2635,3.648724e-03,3.346092e+01,1.942296e-05,2.168046e-05,2997959.125,3.505464e-03,3.348296e+01,1.170768e-05,8.018431e-06,3001626.625,1.250000e-04,5.62,10318.80
2636,3.648013e-03,3.344887e+01,2.035475e-05,1.991565e-05,2997643.918,3.703887e-03,3.384500e+01,1.813371e-05,2.761000e-05,3010577.344,1.250000e-04,5.96,10324.77
2637,3.697691e-03,3.345890e+01,2.411759e-05,2.212496e-05,2998096.131,3.873185e-03,3.329081e+01,3.107937e-05,4.666199e-05,2986428.953,1.250000e-04,5.66,10330.43
2638,3.721917e-03,3.347052e+01,2.113754e-05,3.269788e-05,2997775.408,3.542238e-03,3.358539e+01,1.310751e-05,1.052476e-05,3006496.883,1.250000e-04,5.82,10336.25
2639,3.637008e-03,3.342216e+01,1.960536e-05,1.974767e-05,2997846.979,3.685165e-03,3.378570e+01,1.730186e-05,2.671526e-05,3008701.211,1.250000e-04,5.78,10342.03
2640,3.679754e-03,3.344782e+01,2.110688e-05,2.478060e-05,2997847.803,3.648746e-03,3.313229e+01,1.803249e-05,3.103845e-05,2988374.484,1.250000e-04,5.83,10347.86
2641,3.690780e-03,3.344632e+01,2.229532e-05,2.463896e-05,2997866.783,4.149745e-03,3.266663e+01,1.844509e-05,1.397262e-04,2966684.383,1.250000e-04,6.05,10353.90
2642,3.663132e-03,3.347482e+01,2.072606e-05,2.167785e-05,2997836.086,3.511693e-03,3.326019e+01,1.104578e-05,1.504330e-05,2994094.469,1.250000e-04,5.81,10359.71
2643,3.686581e-03,3.344183e+01,2.293104e-05,2.261746e-05,2997736.133,3.896746e-03,3.367819e+01,3.868897e-05,2.840752e-05,3008153.531,1.250000e-04,5.91,10365.62
2644,3.721935e-03,3.345229e+01,2.227792e-05,3.078540e-05,2997735.779,4.374061e-03,3.403136e+01,4.804509e-05,9.809468e-05,3027487.695,1.250000e-04,5.75,10371.37
2645,3.791188e-03,3.350005e+01,2.578574e-05,3.666515e-05,2998011.334,3.532583e-03,3.318587e+01,1.305565e-05,1.668792e-05,2993022.266,1.250000e-04,5.43,10376.80
2646,3.668344e-03,3.343520e+01,2.114380e-05,2.267717e-05,2997688.602,3.585472e-03,3.339711e+01,1.835843e-05,1.243542e-05,3001161.352,1.250000e-04,5.60,10382.40
2647,3.688493e-03,3.342864e+01,2.267944e-05,2.376696e-05,2997883.109,3.609548e-03,3.348863e+01,2.223506e-05,7.666869e-06,2996411.656,1.250000e-04,5.63,10388.03
2648,3.703703e-03,3.345464e+01,2.228662e-05,2.707471e-05,2997834.752,3.766971e-03,3.358657e+01,3.220034e-05,1.726211e-05,2999347.336,1.250000e-04,5.32,10393.35
2649,3.756678e-03,3.344099e+01,2.531563e-05,3.188461e-05,2997842.066,3.603765e-03,3.347917e+01,1.947460e-05,1.222055e-05,3005465.609,1.250000e-04,5.67,10399.01
2650,3.746467e-03,3.347389e+01,2.666240e-05,2.649076e-05,2997865.182,3.784092e-03,3.380795e+01,2.547998e-05,2.969942e-05,3014502.398,1.250000e-04,5.69,10404.70
2651,3.732239e-03,3.348487e+01,2.423713e-05,2.827617e-05,2997995.627,3.670766e-03,3.328649e+01,2.394712e-05,2.052901e-05,2991456.453,1.250000e-04,5.86,10410.56
2652,3.756719e-03,3.344256e+01,2.756081e-05,2.737086e-05,2997666.488,4.020386e-03,3.394348e+01,4.973607e-05,2.573555e-05,3010167.930,1.250000e-04,5.44,10416.00
2653,3.743858e-03,3.344941e+01,2.548941e-05,2.880465e-05,2997781.256,3.721614e-03,3.372644e+01,2.391358e-05,2.196693e-05,3011598.531,1.250000e-04,5.62,10421.62
2654,3.693093e-03,3.344397e+01,2.244388e-05,2.485136e-05,2997913.523,3.742135e-03,3.355491e+01,3.084964e-05,1.562958e-05,3008124.617,1.250000e-04,5.52,10427.14
2655,3.663819e-03,3.343740e+01,2.077399e-05,2.246784e-05,2997852.852,3.513126e-03,3.337303e+01,1.149315e-05,1.217852e-05,3002589.922,1.250000e-04,5.56,10432.70
2656,3.649870e-03,3.341511e+01,1.988515e-05,2.190146e-05,2997916.799,3.588752e-03,3.317128e+01,2.102215e-05,1.228055e-05,2992900.555,1.250000e-04,5.98,10438.68
2657,3.669270e-03,3.341120e+01,1.977095e-05,2.608811e-05,2997716.564,3.513851e-03,3.344694e+01,1.148324e-05,1.086475e-05,3004512.430,1.250000e-04,5.69,10444.37
2658,3.740387e-03,3.343372e+01,2.419770e-05,3.100757e-05,2997727.203,3.616781e-03,3.369215e+01,1.002081e-05,2.947161e-05,3013754.188,1.250000e-04,5.74,10450.11
2659,3.641089e-03,3.343105e+01,1.976551e-05,2.006596e-05,2998037.230,3.514401e-03,3.324236e+01,1.285499e-05,1.232303e-05,2997864.758,1.250000e-04,5.85,10455.96
2660,3.694100e-03,3.341727e+01,2.215796e-05,2.615867e-05,2997857.750,3.731146e-03,3.375815e+01,2.050478e-05,3.005664e-05,3013513.656,1.250000e-04,5.67,10461.62
2661,3.651758e-03,3.341167e+01,1.770043e-05,2.671733e-05,2997851.412,3.715462e-03,3.313792e+01,2.467391e-05,3.098610e-05,2990248.984,1.250000e-04,5.90,10467.52
2662,3.673754e-03,3.339228e+01,1.943422e-05,2.803690e-05,2997858.229,3.748376e-03,3.337429e+01,3.349266e-05,1.520422e-05,2996963.414,1.250000e-04,5.68,10473.20
2663,3.660512e-03,3.339361e+01,1.920859e-05,2.581295e-05,2997765.645,3.495598e-03,3.330960e+01,1.177528e-05,9.377109e-06,2998820.234,1.250000e-04,5.66,10478.87
2664,3.689125e-03,3.340828e+01,2.134837e-05,2.696263e-05,2997819.322,3.718981e-03,3.355740e+01,2.703675e-05,1.857471e-05,3002148.703,1.250000e-04,5.53,10484.40
2665,3.629330e-03,3.337570e+01,1.863366e-05,2.108463e-05,2997991.150,3.842851e-03,3.294192e+01,1.981793e-05,7.009601e-05,2976333.117,1.250000e-04,5.48,10489.88
2666,3.645218e-03,3.339108e+01,2.046882e-05,2.028441e-05,2997863.582,3.540128e-03,3.340070e+01,1.050260e-05,1.900633e-05,3002453.430,1.250000e-04,5.83,10495.70
2667,3.638605e-03,3.339636e+01,1.979774e-05,2.019851e-05,2997711.604,3.544698e-03,3.340003e+01,1.362090e-05,1.369725e-05,3002095.156,1.250000e-04,5.53,10501.23
2668,3.648408e-03,3.340270e+01,2.056818e-05,2.049122e-05,2997913.453,3.807943e-03,3.354943e+01,3.895834e-05,1.268338e-05,3004218.961,1.250000e-04,5.48,10506.72
2669,3.637208e-03,3.339824e+01,1.637322e-05,2.673036e-05,2997804.875,3.556809e-03,3.335221e+01,1.227905e-05,1.975959e-05,3000689.789,1.250000e-04,5.52,10512.24
2670,3.658481e-03,3.339725e+01,2.054599e-05,2.265908e-05,2997969.400,3.502696e-03,3.323254e+01,1.011958e-05,1.564926e-05,2991393.352,1.250000e-04,5.60,10517.84
2671,3.663979e-03,3.339134e+01,1.998300e-05,2.500294e-05,2997885.859,3.709240e-03,3.314722e+01,3.108753e-05,1.672859e-05,2992710.289,1.250000e-04,5.61,10523.44
2672,3.659928e-03,3.336726e+01,1.946109e-05,2.571837e-05,2997717.150,3.778230e-03,3.324108e+01,3.203344e-05,2.675738e-05,2992213.000,1.250000e-04,5.90,10529.35
2673,3.638303e-03,3.338688e+01,1.856018e-05,2.280258e-05,2997951.953,3.602800e-03,3.314438e+01,1.499447e-05,2.768355e-05,2988110.297,1.250000e-04,6.10,10535.45
2674,3.601137e-03,3.334956e+01,1.726690e-05,1.870245e-05,2997782.223,3.520982e-03,3.352319e+01,8.966663e-06,1.579923e-05,3008479.852,1.250000e-04,5.62,10541.07
2675,3.703520e-03,3.339978e+01,2.036154e-05,3.198515e-05,2997800.986,3.565457e-03,3.309191e+01,1.398731e-05,2.327866e-05,2988519.859,1.250000e-04,5.78,10546.85
2676,3.652917e-03,3.338253e+01,1.969797e-05,2.353696e-05,2998064.541,3.773251e-03,3.290019e+01,2.153584e-05,5.357466e-05,2981197.242,1.250000e-04,5.49,10552.33
2677,3.683576e-03,3.340262e+01,2.016833e-05,2.832605e-05,2997965.734,3.804718e-03,3.305635e+01,2.361808e-05,5.258060e-05,2983367.156,1.250000e-04,5.64,10557.97
2678,3.696428e-03,3.344788e+01,2.201687e-05,2.629425e-05,2997557.770,3.729780e-03,3.383742e+01,2.164167e-05,2.592428e-05,3001487.320,1.250000e-04,5.44,10563.41
2679,3.734154e-03,3.339546e+01,2.268677e-05,3.354813e-05,2997917.758,3.567052e-03,3.318015e+01,1.270032e-05,2.440678e-05,2990618.609,1.250000e-04,5.72,10569.14
2680,3.704030e-03,3.341006e+01,2.184088e-05,2.892309e-05,2998085.500,3.697365e-03,3.286330e+01,1.129981e-05,5.960732e-05,2980527.711,1.250000e-04,6.02,10575.16
2681,3.652784e-03,3.337220e+01,1.950262e-05,2.410743e-05,2997744.662,3.525136e-03,3.306302e+01,1.071049e-05,2.234599e-05,2991153.539,1.250000e-04,5.89,10581.04
2682,3.670932e-03,3.338454e+01,1.825066e-05,2.999437e-05,2997808.697,3.644625e-03,3.344121e+01,2.084619e-05,1.840833e-05,3006777.070,1.250000e-04,5.76,10586.80
2683,3.666974e-03,3.336709e+01,2.044075e-05,2.517161e-05,2997854.611,3.498803e-03,3.346425e+01,1.132479e-05,7.826080e-06,3003212.523,1.250000e-04,5.43,10592.24
2684,3.623464e-03,3.336359e+01,1.774936e-05,2.192234e-05,2998124.348,3.732824e-03,3.305505e+01,2.575351e-05,3.395694e-05,2987364.430,1.250000e-04,5.90,10598.13
2685,3.642184e-03,3.335414e+01,1.945900e-05,2.243608e-05,2997523.451,3.496896e-03,3.338663e+01,1.013006e-05,1.138638e-05,3002122.445,1.250000e-04,5.79,10603.92
2686,3.671269e-03,3.336158e+01,2.139517e-05,2.423190e-05,2997959.502,3.535908e-03,3.310990e+01,1.100405e-05,2.297559e-05,2990084.289,1.250000e-04,5.80,10609.72
2687,3.691737e-03,3.340906e+01,2.037605e-05,2.941413e-05,2998030.838,3.735957e-03,3.301985e+01,2.584784e-05,3.509878e-05,2985743.148,1.250000e-04,5.45,10615.17
2688,3.644723e-03,3.337521e+01,1.929238e-05,2.285569e-05,2997548.301,3.633007e-03,3.345686e+01,2.524205e-05,6.980115e-06,3000445.992,1.250000e-04,5.99,10621.16
2689,3.695703e-03,3.339227e+01,2.197525e-05,2.734478e-05,2998005.844,3.484106e-03,3.342809e+01,8.482894e-06,1.129370e-05,3003433.078,1.250000e-04,5.60,10626.75
2690,3.686667e-03,3.341522e+01,2.101021e-05,2.700853e-05,2997666.342,3.606589e-03,3.344003e+01,1.428212e-05,2.395302e-05,3003812.656,1.250000e-04,5.49,10632.24
2691,3.735136e-03,3.339971e+01,2.333025e-05,3.237245e-05,2997598.410,3.704728e-03,3.333057e+01,2.132217e-05,3.169002e-05,2999681.398,1.250000e-04,6.03,10638.28
2692,3.691059e-03,3.334286e+01,2.216682e-05,2.702092e-05,2998343.402,3.844272e-03,3.301172e+01,2.093881e-05,6.674254e-05,2979291.414,1.250000e-04,5.50,10643.78
2693,3.721800e-03,3.340991e+01,2.245961e-05,3.124265e-05,2997858.012,3.708713e-03,3.310963e+01,2.550796e-05,2.853400e-05,2986737.539,1.250000e-04,5.61,10649.39
2694,3.655072e-03,3.336479e+01,1.970709e-05,2.430439e-05,2998016.010,3.816164e-03,3.291459e+01,2.037619e-05,6.418871e-05,2981724.195,1.250000e-04,6.00,10655.39
2695,3.669967e-03,3.335403e+01,2.016582e-05,2.658123e-05,2997658.998,3.518423e-03,3.335207e+01,1.211470e-05,1.241382e-05,3000289.156,1.250000e-04,6.17,10661.56
2696,3.650344e-03,3.335866e+01,1.929755e-05,2.430050e-05,2997901.943,3.829485e-03,3.363254e+01,3.711775e-05,1.901073e-05,2993006.648,1.250000e-04,5.69,10667.25
2697,3.685691e-03,3.337647e+01,2.177701e-05,2.605487e-05,2997872.281,3.614177e-03,3.331724e+01,2.004767e-05,1.639521e-05,2997514.109,1.250000e-04,5.44,10672.69
2698,3.728050e-03,3.335021e+01,2.235315e-05,3.389947e-05,2997710.936,3.753037e-03,3.351036e+01,2.637555e-05,2.764905e-05,3008251.133,1.250000e-04,5.89,10678.58
2699,3.650531e-03,3.336955e+01,2.163289e-05,1.944941e-05,2997533.562,4.412368e-03,3.444787e+01,1.515167e-05,1.632128e-04,3036335.531,1.250000e-04,5.62,10684.20
2700,3.683115e-03,3.338140e+01,2.273985e-05,2.351528e-05,2998219.561,3.871470e-03,3.305335e+01,3.116978e-05,5.088749e-05,2986149.266,1.250000e-04,6.09,10690.29
2701,3.698065e-03,3.339711e+01,2.223164e-05,2.720749e-05,2998039.648,3.779573e-03,3.338219e+01,3.541672e-05,1.743739e-05,2992567.367,1.250000e-04,5.19,10695.48
2702,3.653023e-03,3.338461e+01,2.187871e-05,1.915503e-05,2997707.795,3.570785e-03,3.342874e+01,1.523308e-05,1.511621e-05,3002982.641,1.250000e-04,6.09,10701.57
2703,3.669300e-03,3.336759e+01,2.137463e-05,2.375897e-05,2997552.141,4.396853e-03,3.423402e+01,1.773454e-05,1.592213e-04,3032731.500,1.250000e-04,5.40,10706.97
2704,3.668978e-03,3.335934e+01,1.934737e-05,2.791405e-05,2998022.318,3.675841e-03,3.370972e+01,1.465031e-05,3.167319e-05,3014903.758,1.250000e-04,5.71,10712.69
2705,3.749187e-03,3.339728e+01,2.502144e-05,3.184891e-05,2997997.213,3.865456e-03,3.273787e+01,1.018101e-05,9.797189e-05,2972150.328,1.250000e-04,6.08,10718.77
2706,3.715673e-03,3.338694e+01,2.267951e-05,3.003692e-05,2997661.570,3.654278e-03,3.353224e+01,2.507183e-05,1.006719e-05,3003575.461,1.250000e-04,5.63,10724.39
2707,3.639944e-03,3.337209e+01,1.940002e-05,2.174698e-05,2997948.688,3.549650e-03,3.327825e+01,1.596412e-05,1.243676e-05,2996447.133,1.250000e-04,5.80,10730.20
2708,3.696991e-03,3.338574e+01,2.116041e-05,2.936258e-05,2997995.604,3.658640e-03,3.315918e+01,2.372937e-05,2.108576e-05,2989865.867,1.250000e-04,5.55,10735.75
2709,3.666304e-03,3.335353e+01,2.075885e-05,2.467252e-05,2997576.379,3.633923e-03,3.345240e+01,1.934716e-05,1.904236e-05,2993294.023,1.250000e-04,6.36,10742.10
2710,3.648287e-03,3.338711e+01,2.077512e-05,2.036493e-05,2998092.141,3.476103e-03,3.321892e+01,8.259195e-06,1.432388e-05,2994030.367,1.250000e-04,5.79,10747.89
2711,3.671757e-03,3.333191e+01,2.127958e-05,2.515397e-05,2997971.705,3.609915e-03,3.315385e+01,1.567720e-05,2.755164e-05,2988175.523,1.250000e-04,5.59,10753.48
2712,3.696114e-03,3.340735e+01,2.157662e-05,2.792274e-05,2997904.611,3.706435e-03,3.364490e+01,2.253014e-05,2.332887e-05,3005492.047,1.250000e-04,5.84,10759.33
2713,3.684437e-03,3.337750e+01,2.042802e-05,2.848128e-05,2997637.766,3.617664e-03,3.353336e+01,1.922942e-05,1.440697e-05,3002513.438,1.250000e-04,5.94,10765.26
2714,3.723092e-03,3.339983e+01,2.614182e-05,2.433819e-05,2998219.783,3.860835e-03,3.274963e+01,2.319232e-05,7.078966e-05,2978033.930,1.250000e-04,5.94,10771.21
2715,3.669628e-03,3.336469e+01,2.088041e-05,2.487098e-05,2997764.572,3.509986e-03,3.304531e+01,1.015195e-05,2.078718e-05,2988828.711,1.250000e-04,5.38,10776.59
2716,3.663813e-03,3.336939e+01,2.198778e-05,2.139913e-05,2997777.711,3.734982e-03,3.377849e+01,1.518756e-05,4.105155e-05,3012610.648,1.250000e-04,5.76,10782.34
2717,3.700917e-03,3.337748e+01,2.303371e-05,2.656629e-05,2997827.332,3.845231e-03,3.353683e+01,3.482442e-05,2.866088e-05,3009236.531,1.250000e-04,6.36,10788.71
2718,3.694489e-03,3.334186e+01,2.307339e-05,2.591380e-05,2997997.801,3.575685e-03,3.341569e+01,1.336922e-05,2.008476e-05,3001557.250,1.250000e-04,5.51,10794.22
2719,3.605201e-03,3.332990e+01,1.700770e-05,2.042671e-05,2997665.633,3.678257e-03,3.322944e+01,2.888260e-05,1.329735e-05,2997665.211,1.250000e-04,5.63,10799.84
2720,3.654316e-03,3.333794e+01,2.185713e-05,2.039016e-05,2997928.346,3.556306e-03,3.343730e+01,1.385906e-05,1.479711e-05,3007906.656,1.250000e-04,5.98,10805.82
2721,3.681658e-03,3.336390e+01,2.435384e-05,2.034584e-05,2997907.119,3.525741e-03,3.306301e+01,1.046688e-05,2.295425e-05,2989321.484,1.250000e-04,5.84,10811.66
2722,3.678419e-03,3.337729e+01,2.031330e-05,2.751146e-05,2997666.443,3.779138e-03,3.355889e+01,2.181379e-05,4.102220e-05,2993350.023,1.250000e-04,5.47,10817.13
2723,3.729485e-03,3.335013e+01,2.287514e-05,3.314420e-05,2998162.186,3.742191e-03,3.296539e+01,2.036350e-05,4.840350e-05,2981443.719,1.250000e-04,5.62,10822.75
2724,3.701529e-03,3.336113e+01,2.151196e-05,3.005934e-05,2997863.582,3.468484e-03,3.323017e+01,9.312844e-06,1.046757e-05,2995459.078,1.250000e-04,5.55,10828.30
2725,3.644661e-03,3.335939e+01,1.946251e-05,2.281933e-05,2997768.963,3.763591e-03,3.322017e+01,2.715234e-05,3.401026e-05,2994527.695,1.250000e-04,5.98,10834.29
2726,3.648462e-03,3.334633e+01,2.007538e-05,2.261512e-05,2997851.750,3.800035e-03,3.318623e+01,3.443191e-05,2.741864e-05,2989834.047,1.250000e-04,5.38,10839.66
2727,3.693767e-03,3.337387e+01,2.050871e-05,3.025864e-05,2997910.779,3.516100e-03,3.301748e+01,1.024953e-05,2.237125e-05,2988750.531,1.250000e-04,5.76,10845.43
2728,3.742603e-03,3.339092e+01,2.552763e-05,2.964703e-05,2997693.883,3.709590e-03,3.320950e+01,2.519840e-05,2.733119e-05,2996663.320,1.250000e-04,6.41,10851.84
2729,3.647914e-03,3.335778e+01,2.072097e-05,2.098534e-05,2997908.674,3.640700e-03,3.351802e+01,2.108767e-05,1.560409e-05,3002397.094,1.250000e-04,5.39,10857.22
2730,3.699948e-03,3.338649e+01,2.175617e-05,2.874740e-05,2997918.053,3.647516e-03,3.294578e+01,1.399110e-05,4.260533e-05,2984669.391,1.250000e-04,5.72,10862.95
2731,3.719527e-03,3.339398e+01,2.206590e-05,3.189390e-05,2997847.812,3.617337e-03,3.361523e+01,1.572866e-05,1.970549e-05,3006433.945,1.250000e-04,5.94,10868.89
2732,3.690221e-03,3.338045e+01,2.280912e-05,2.481681e-05,2997725.750,3.690598e-03,3.320764e+01,1.245816e-05,4.905047e-05,2988042.133,1.250000e-04,5.62,10874.51
2733,3.729648e-03,3.338063e+01,2.317923e-05,3.195859e-05,2997984.520,3.690126e-03,3.338307e+01,2.693590e-05,1.649208e-05,2995878.688,1.250000e-04,5.76,10880.26
2734,3.652814e-03,3.335619e+01,2.109437e-05,2.125035e-05,2997842.695,3.756579e-03,3.339537e+01,3.257051e-05,1.826737e-05,3001842.633,1.250000e-04,5.73,10885.99
2735,3.666159e-03,3.335886e+01,2.141153e-05,2.323161e-05,2997793.332,3.525913e-03,3.342222e+01,1.185717e-05,1.302388e-05,3004771.828,1.250000e-04,6.11,10892.10
2736,3.665010e-03,3.334735e+01,2.062734e-05,2.480038e-05,2997841.910,3.482797e-03,3.302816e+01,9.259204e-06,1.747774e-05,2991010.406,1.250000e-04,5.53,10897.63
2737,3.648508e-03,3.334107e+01,2.155208e-05,1.977596e-05,2997950.631,3.518520e-03,3.331490e+01,1.475974e-05,7.886553e-06,2997745.164,1.250000e-04,5.79,10903.42
2738,3.690931e-03,3.337119e+01,2.316040e-05,2.444157e-05,2997663.555,3.728495e-03,3.371740e+01,1.282767e-05,4.569551e-05,3016953.086,1.250000e-04,5.71,10909.13
2739,3.633084e-03,3.331835e+01,2.028630e-05,1.967717e-05,2997901.268,4.004935e-03,3.346445e+01,6.224310e-05,7.211788e-06,2998941.414,1.250000e-04,5.94,10915.07
2740,3.708901e-03,3.335612e+01,2.268998e-05,2.927794e-05,2997945.652,3.876900e-03,3.370142e+01,2.741157e-05,4.652851e-05,3013821.609,1.250000e-04,5.91,10920.99
2741,3.707570e-03,3.335835e+01,2.592713e-05,2.249273e-05,2997815.436,3.517508e-03,3.326929e+01,1.158813e-05,1.493950e-05,2997354.711,1.250000e-04,5.66,10926.64
2742,3.727915e-03,3.338979e+01,2.408048e-05,2.962641e-05,2997806.623,3.947500e-03,3.386576e+01,3.080623e-05,5.057239e-05,3016461.789,1.250000e-04,5.67,10932.32
2743,3.635033e-03,3.333772e+01,2.017302e-05,1.990606e-05,2997812.592,4.104944e-03,3.367088e+01,6.220179e-05,2.316766e-05,3008057.766,1.250000e-04,5.52,10937.84
2744,3.738223e-03,3.338690e+01,2.348757e-05,3.293144e-05,2998077.844,3.491307e-03,3.329217e+01,1.001911e-05,1.237981e-05,3000243.547,1.250000e-04,5.50,10943.33
2745,3.676578e-03,3.332656e+01,2.166760e-05,2.544913e-05,2997729.525,3.659609e-03,3.307318e+01,1.655080e-05,3.735658e-05,2992147.469,1.250000e-04,5.77,10949.11
2746,3.726684e-03,3.335849e+01,2.501544e-05,2.813616e-05,2997906.730,4.007576e-03,3.397129e+01,1.524617e-05,9.159705e-05,3023729.727,1.250000e-04,5.78,10954.89
2747,3.700862e-03,3.333310e+01,2.278823e-05,2.793392e-05,2997951.627,3.678866e-03,3.312410e+01,1.848710e-05,3.631691e-05,2985680.180,1.250000e-04,5.33,10960.22
2748,3.688946e-03,3.339634e+01,2.270347e-05,2.445553e-05,2997883.469,3.619461e-03,3.298952e+01,1.369052e-05,3.672078e-05,2983939.188,1.250000e-04,5.24,10965.46
2749,3.657968e-03,3.337706e+01,2.120229e-05,2.164798e-05,2997677.270,3.659700e-03,3.356216e+01,2.212469e-05,1.644736e-05,3000510.195,1.250000e-04,6.02,10971.48
2750,3.735462e-03,3.338672e+01,2.391380e-05,3.153032e-05,2998062.066,3.577277e-03,3.302581e+01,1.332130e-05,2.829663e-05,2987577.188,1.250000e-04,5.29,10976.77
2751,3.672342e-03,3.333185e+01,2.324849e-05,2.133445e-05,2997688.090,3.792618e-03,3.336178e+01,4.192613e-05,7.435859e-06,2999513.164,1.250000e-04,5.95,10982.72
2752,3.714722e-03,3.336831e+01,2.373732e-05,2.810362e-05,2997970.840,3.774147e-03,3.283456e+01,1.923296e-05,5.967245e-05,2983561.109,1.250000e-04,6.09,10988.81
2753,3.788685e-03,3.338258e+01,2.705041e-05,3.598472e-05,2997629.500,3.636735e-03,3.354039e+01,1.801611e-05,2.050711e-05,3000906.148,1.250000e-04,5.43,10994.23
2754,3.647343e-03,3.333732e+01,1.847657e-05,2.576903e-05,2997990.062,3.524769e-03,3.334888e+01,1.290356e-05,1.216914e-05,3000113.742,1.250000e-04,5.04,10999.27
2755,3.768628e-03,3.337231e+01,2.597570e-05,3.432811e-05,2997787.562,3.582073e-03,3.308262e+01,1.807168e-05,1.861884e-05,2993854.164,1.250000e-04,5.70,11004.97
2756,3.690248e-03,3.335423e+01,2.289557e-05,2.517387e-05,2997871.387,3.920335e-03,3.296963e+01,3.885961e-05,4.695511e-05,2984567.570,1.250000e-04,5.90,11010.87
2757,3.613271e-03,3.331723e+01,1.874795e-05,1.881365e-05,2997777.811,3.593359e-03,3.341798e+01,1.675186e-05,1.680868e-05,3007812.305,1.250000e-04,5.56,11016.43
2758,3.756812e-03,3.338142e+01,2.467204e-05,3.439002e-05,2997854.697,3.557609e-03,3.326356e+01,1.090529e-05,2.443997e-05,2997827.578,1.250000e-04,5.88,11022.31
2759,3.738165e-03,3.337522e+01,2.688142e-05,2.636588e-05,2997593.789,4.574835e-03,3.429130e+01,6.374429e-05,1.016524e-04,3027551.781,1.250000e-04,5.31,11027.62
2760,3.700697e-03,3.337284e+01,2.109399e-05,3.049458e-05,2998076.689,3.753721e-03,3.350632e+01,3.151952e-05,1.757876e-05,3003197.203,1.250000e-04,5.17,11032.79
2761,3.721279e-03,3.337403e+01,2.262287e-05,3.152953e-05,2997843.201,4.150467e-03,3.416335e+01,4.975348e-05,4.731943e-05,3014453.250,1.250000e-04,5.27,11038.06
2762,3.681292e-03,3.333810e+01,2.245988e-05,2.457677e-05,2997866.023,3.522425e-03,3.330070e+01,1.379051e-05,1.088988e-05,3000422.633,1.250000e-04,5.38,11043.44
2763,3.778585e-03,3.345080e+01,2.940047e-05,2.789999e-05,2997973.934,3.795459e-03,3.288066e+01,1.747049e-05,6.653767e-05,2978500.992,1.250000e-04,6.23,11049.67
2764,3.724399e-03,3.340373e+01,2.494852e-05,2.690821e-05,2997823.203,3.762526e-03,3.304335e+01,2.880240e-05,3.403332e-05,2987861.414,1.250000e-04,5.96,11055.63
2765,3.755256e-03,3.339723e+01,2.735738e-05,2.839191e-05,2997631.166,3.543584e-03,3.339937e+01,1.558917e-05,9.551182e-06,3002355.539,1.250000e-04,5.98,11061.61
2766,3.791163e-03,3.338998e+01,2.796378e-05,3.450527e-05,2997832.064,3.494343e-03,3.336819e+01,7.694843e-06,1.611524e-05,3002823.578,1.250000e-04,6.23,11067.84
2767,3.699450e-03,3.334836e+01,2.417744e-05,2.456784e-05,2997852.848,3.720854e-03,3.352155e+01,3.193319e-05,9.873419e-06,3006230.398,1.250000e-04,5.76,11073.59
2768,3.703101e-03,3.334944e+01,2.568925e-05,2.225305e-05,2997915.020,3.761359e-03,3.348243e+01,3.368049e-05,1.526211e-05,2995190.617,1.250000e-04,5.42,11079.02
2769,3.680312e-03,3.334205e+01,2.133527e-05,2.655088e-05,2997877.887,3.544475e-03,3.301908e+01,1.222897e-05,2.405555e-05,2989294.180,1.250000e-04,6.09,11085.11
2770,3.772598e-03,3.337631e+01,2.940590e-05,2.818160e-05,2997794.307,3.562428e-03,3.309847e+01,1.006701e-05,3.038229e-05,2994220.633,1.250000e-04,6.27,11091.38
2771,3.688139e-03,3.336892e+01,2.223290e-05,2.578364e-05,2997988.398,4.151871e-03,3.335088e+01,6.906328e-05,2.522993e-05,2991591.352,1.250000e-04,5.40,11096.78
2772,3.686416e-03,3.333952e+01,2.396749e-05,2.255777e-05,2997728.502,3.643651e-03,3.322079e+01,2.317439e-05,1.796566e-05,2993567.562,1.250000e-04,5.57,11102.35
2773,3.733396e-03,3.334573e+01,2.515742e-05,2.944981e-05,2997895.307,4.122323e-03,3.342459e+01,6.882066e-05,1.833146e-05,2995854.922,1.250000e-04,5.66,11108.01
2774,3.673405e-03,3.335975e+01,2.214534e-05,2.319531e-05,2997720.846,4.215603e-03,3.385841e+01,6.745990e-05,3.103246e-05,3012397.836,1.250000e-04,5.63,11113.65
2775,3.691772e-03,3.338463e+01,2.136157e-05,2.793881e-05,2997965.178,3.703750e-03,3.325719e+01,3.010107e-05,1.540393e-05,2996417.664,1.250000e-04,5.42,11119.07
2776,3.686752e-03,3.334737e+01,2.251995e-05,2.536316e-05,2997815.146,3.728125e-03,3.333036e+01,3.210715e-05,1.480340e-05,2995242.789,1.250000e-04,6.01,11125.07
2777,3.693521e-03,3.334014e+01,2.252279e-05,2.685586e-05,2997640.172,4.578745e-03,3.405072e+01,5.788174e-05,1.189711e-04,3029560.453,1.250000e-04,6.13,11131.20
2778,3.714953e-03,3.337067e+01,2.310026e-05,2.937670e-05,2997970.010,3.632715e-03,3.355601e+01,1.309021e-05,2.924252e-05,3012893.562,1.250000e-04,5.63,11136.83
2779,3.742314e-03,3.337867e+01,2.402064e-05,3.284814e-05,2997746.439,3.651465e-03,3.343331e+01,2.325017e-05,1.512658e-05,3005152.195,1.250000e-04,6.05,11142.88
2780,3.699157e-03,3.336564e+01,2.422517e-05,2.406821e-05,2997939.779,3.936842e-03,3.367591e+01,3.552128e-05,4.280760e-05,3017012.031,1.250000e-04,5.47,11148.35
2781,3.713718e-03,3.337433e+01,2.347799e-05,2.830121e-05,2997733.471,4.025091e-03,3.397105e+01,1.676334e-05,9.207064e-05,3025398.172,1.250000e-04,5.87,11154.23
2782,3.742978e-03,3.340127e+01,2.675460e-05,2.706088e-05,2998017.621,3.760352e-03,3.375350e+01,1.351505e-05,4.997050e-05,3018950.492,1.250000e-04,5.89,11160.12
2783,3.759308e-03,3.337450e+01,2.594164e-05,3.248842e-05,2997877.365,3.801595e-03,3.368319e+01,2.659134e-05,3.347251e-05,3007783.227,1.250000e-04,5.86,11165.98
2784,3.702953e-03,3.332670e+01,2.341874e-05,2.721931e-05,2997840.627,3.912353e-03,3.311153e+01,3.845786e-05,4.332433e-05,2983848.031,1.250000e-04,6.31,11172.28
2785,3.709757e-03,3.336087e+01,2.387799e-05,2.697818e-05,2997781.891,3.476060e-03,3.312425e+01,8.770280e-06,1.518646e-05,2995945.930,1.250000e-04,6.23,11178.51
2786,3.660914e-03,3.332862e+01,2.199760e-05,2.161512e-05,2997986.889,3.740759e-03,3.309500e+01,2.295706e-05,4.033758e-05,2986784.641,1.250000e-04,6.05,11184.56
2787,3.763667e-03,3.339650e+01,2.804432e-05,2.871474e-05,2997868.832,3.659788e-03,3.334887e+01,2.503207e-05,1.491606e-05,2999479.055,1.250000e-04,6.10,11190.66
2788,3.673521e-03,3.333390e+01,2.281670e-05,2.239280e-05,2997756.432,3.522611e-03,3.322475e+01,1.519920e-05,9.628746e-06,2996121.055,1.250000e-04,5.76,11196.42
2789,3.735855e-03,3.338760e+01,2.541473e-05,2.858942e-05,2997790.201,3.720794e-03,3.359803e+01,1.927961e-05,3.363896e-05,3008482.242,1.250000e-04,5.81,11202.24
2790,3.782335e-03,3.336533e+01,2.688078e-05,3.539886e-05,2997837.723,3.846045e-03,3.304663e+01,2.546067e-05,5.735493e-05,2980802.305,1.250000e-04,5.95,11208.19
2791,3.708755e-03,3.336645e+01,2.493530e-05,2.455143e-05,2997887.510,3.734248e-03,3.310919e+01,2.630923e-05,3.204723e-05,2988474.594,1.250000e-04,5.87,11214.06
2792,3.650020e-03,3.333584e+01,1.927547e-05,2.473626e-05,2997732.389,3.468964e-03,3.317062e+01,8.854586e-06,1.267109e-05,2996702.180,1.250000e-04,5.49,11219.55
2793,3.704325e-03,3.337446e+01,2.364653e-05,2.608265e-05,2998098.125,3.625265e-03,3.293593e+01,1.710174e-05,3.213094e-05,2985676.211,1.250000e-04,5.63,11225.18
2794,3.747669e-03,3.336177e+01,2.609193e-05,3.011452e-05,2997631.910,3.680321e-03,3.312321e+01,2.012985e-05,3.334019e-05,2987706.828,1.250000e-04,5.66,11230.84
2795,3.711137e-03,3.336440e+01,2.518964e-05,2.456023e-05,2997972.691,3.647637e-03,3.331790e+01,2.615748e-05,1.085461e-05,2998658.383,1.250000e-04,5.35,11236.19
2796,3.678450e-03,3.331055e+01,2.468102e-05,2.011681e-05,2997865.986,3.702546e-03,3.358434e+01,2.360928e-05,2.160389e-05,3009550.609,1.250000e-04,5.53,11241.72
2797,3.752421e-03,3.335096e+01,2.557252e-05,3.232001e-05,2997793.854,3.616360e-03,3.353177e+01,1.495986e-05,2.271688e-05,3010136.297,1.250000e-04,5.55,11247.27
2798,3.706280e-03,3.336028e+01,2.326107e-05,2.752811e-05,2997833.811,3.527054e-03,3.334078e+01,1.357692e-05,1.144131e-05,2999889.703,1.250000e-04,5.29,11252.56
2799,3.786192e-03,3.334557e+01,2.601496e-05,3.829703e-05,2997603.971,3.820324e-03,3.314118e+01,3.578870e-05,2.966376e-05,2987235.852,1.250000e-04,6.08,11258.65
2800,3.712874e-03,3.334276e+01,2.521414e-05,2.529122e-05,2997941.158,3.609378e-03,3.330209e+01,1.974751e-05,1.633875e-05,2995153.211,1.250000e-04,5.76,11264.41
2801,3.728795e-03,3.337581e+01,2.583683e-05,2.656920e-05,2997891.180,3.556301e-03,3.333427e+01,1.749474e-05,9.585178e-06,2997179.680,1.250000e-04,5.83,11270.23
2802,3.727276e-03,3.336012e+01,2.728337e-05,2.368600e-05,2997693.520,3.830640e-03,3.332953e+01,2.986223e-05,3.981282e-05,3000289.891,1.250000e-04,5.74,11275.97
2803,3.651245e-03,3.332416e+01,2.138854e-05,2.098870e-05,2997875.854,3.733547e-03,3.371078e+01,1.251646e-05,4.746093e-05,3017408.609,1.250000e-04,6.12,11282.10
2804,3.698164e-03,3.336700e+01,2.313972e-05,2.601354e-05,2997982.703,3.516035e-03,3.298474e+01,9.700607e-06,2.411096e-05,2988023.789,1.250000e-04,6.31,11288.41
2805,3.712711e-03,3.337035e+01,2.354263e-05,2.804991e-05,2997704.883,4.035492e-03,3.343236e+01,6.446726e-05,9.516763e-06,3002442.078,1.250000e-04,5.95,11294.36
2806,3.701970e-03,3.334575e+01,2.386676e-05,2.574535e-05,2997878.025,3.550946e-03,3.327604e+01,1.696832e-05,1.073187e-05,2998416.750,1.250000e-04,5.54,11299.90
2807,3.676816e-03,3.335519e+01,2.236240e-05,2.353466e-05,2997845.176,3.567745e-03,3.331000e+01,1.498634e-05,1.737645e-05,2998984.344,1.250000e-04,5.91,11305.81
2808,3.684787e-03,3.330508e+01,2.251104e-05,2.583381e-05,2998006.031,3.592606e-03,3.343640e+01,1.819184e-05,1.340953e-05,2999046.117,1.250000e-04,5.64,11311.45
2809,3.617631e-03,3.329800e+01,1.736979e-05,2.282666e-05,2997843.852,3.498177e-03,3.303939e+01,9.826712e-06,1.919412e-05,2990610.531,1.250000e-04,5.57,11317.02
2810,3.625464e-03,3.329932e+01,2.007717e-05,1.895202e-05,2997764.945,3.632481e-03,3.345454e+01,1.612289e-05,2.515963e-05,3007013.086,1.250000e-04,5.74,11322.76
2811,3.621329e-03,3.332730e+01,1.804590e-05,2.162791e-05,2997969.982,3.503608e-03,3.320802e+01,1.260769e-05,1.134600e-05,2994477.898,1.250000e-04,5.75,11328.51
2812,3.645703e-03,3.330300e+01,1.858448e-05,2.591171e-05,2997785.422,3.565355e-03,3.309578e+01,1.645606e-05,1.824325e-05,2990732.961,1.250000e-04,5.92,11334.43
2813,3.660676e-03,3.332510e+01,2.021246e-05,2.520826e-05,2997868.979,3.507146e-03,3.315625e+01,1.142217e-05,1.545981e-05,2994958.891,1.250000e-04,5.57,11340.00
2814,3.685004e-03,3.328219e+01,2.260617e-05,2.614470e-05,2997662.400,3.768794e-03,3.345378e+01,3.465467e-05,1.537373e-05,3003528.164,1.250000e-04,5.74,11345.74
2815,3.641935e-03,3.332018e+01,1.980809e-05,2.236710e-05,2998002.205,3.559346e-03,3.316188e+01,1.678566e-05,1.506016e-05,2992273.109,1.250000e-04,5.79,11351.53
2816,3.648467e-03,3.328850e+01,2.018590e-05,2.355169e-05,2998047.035,3.537145e-03,3.300142e+01,1.079650e-05,2.580758e-05,2988775.258,1.250000e-04,5.76,11357.29
2817,3.682050e-03,3.333279e+01,2.313089e-05,2.349255e-05,2997791.479,3.548117e-03,3.315862e+01,1.680012e-05,1.285071e-05,2998540.734,1.250000e-04,5.86,11363.15
2818,3.681359e-03,3.332175e+01,2.141774e-05,2.700145e-05,2997747.172,3.797385e-03,3.339319e+01,4.017183e-05,1.126957e-05,3000516.234,1.250000e-04,6.34,11369.49
2819,3.730977e-03,3.334421e+01,2.361968e-05,3.207186e-05,2998024.420,4.001482e-03,3.332895e+01,5.051496e-05,3.268750e-05,2990064.070,1.250000e-04,6.08,11375.57
2820,3.655986e-03,3.331754e+01,1.975381e-05,2.533892e-05,2997681.783,3.476890e-03,3.328096e+01,9.433507e-06,1.089165e-05,2998935.203,1.250000e-04,5.65,11381.23
2821,3.662603e-03,3.330724e+01,2.218752e-05,2.200083e-05,2997724.641,3.887667e-03,3.347004e+01,3.672690e-05,3.467882e-05,2992493.750,1.250000e-04,6.30,11387.53
2822,3.702723e-03,3.334159e+01,2.215076e-05,2.941132e-05,2997904.594,3.510839e-03,3.332173e+01,1.097856e-05,1.377610e-05,3005440.891,1.250000e-04,5.52,11393.06
2823,3.780581e-03,3.337095e+01,2.643967e-05,3.581771e-05,2998061.273,3.575201e-03,3.336262e+01,1.622790e-05,1.533208e-05,3005214.094,1.250000e-04,5.51,11398.56
2824,3.668668e-03,3.335309e+01,2.135451e-05,2.396284e-05,2997728.051,3.507097e-03,3.327878e+01,1.489952e-05,6.044757e-06,3000281.469,1.250000e-04,5.81,11404.37
2825,3.648502e-03,3.330872e+01,2.002663e-05,2.347280e-05,2998000.939,3.827005e-03,3.322209e+01,3.959635e-05,2.176645e-05,2992964.016,1.250000e-04,5.69,11410.06
2826,3.746315e-03,3.332153e+01,2.351336e-05,3.580559e-05,2997800.824,3.615984e-03,3.334633e+01,2.367135e-05,8.927495e-06,3002141.086,1.250000e-04,5.73,11415.79
2827,3.623284e-03,3.328272e+01,2.070545e-05,1.759157e-05,2997790.346,3.566652e-03,3.348334e+01,1.378139e-05,1.610091e-05,3006716.805,1.250000e-04,5.86,11421.65
2828,3.684433e-03,3.336348e+01,2.210087e-05,2.541530e-05,2998004.689,3.903566e-03,3.351079e+01,4.576664e-05,1.896405e-05,3005426.594,1.250000e-04,5.68,11427.34
2829,3.681776e-03,3.332427e+01,2.294897e-05,2.397196e-05,2998011.301,4.021427e-03,3.289206e+01,4.082703e-05,6.479021e-05,2978938.883,1.250000e-04,5.94,11433.28
2830,3.726050e-03,3.334124e+01,2.354488e-05,3.129551e-05,2997602.709,3.862391e-03,3.286104e+01,2.016711e-05,7.492308e-05,2976192.922,1.250000e-04,5.82,11439.10
2831,3.661207e-03,3.332989e+01,2.145016e-05,2.274337e-05,2997801.154,3.505620e-03,3.338700e+01,1.177815e-05,9.827861e-06,3004741.586,1.250000e-04,5.60,11444.70
2832,3.678420e-03,3.334709e+01,2.170516e-05,2.533197e-05,2998011.992,3.606086e-03,3.299451e+01,1.249131e-05,3.634445e-05,2987586.258,1.250000e-04,5.55,11450.25
2833,3.641771e-03,3.332412e+01,1.905932e-05,2.375325e-05,2997803.031,3.623535e-03,3.299826e+01,1.872678e-05,2.728834e-05,2988335.070,1.250000e-04,5.34,11455.59
2834,3.636264e-03,3.327312e+01,2.088497e-05,2.002045e-05,2997914.174,3.945026e-03,3.280246e+01,2.188008e-05,8.919578e-05,2974379.359,1.250000e-04,5.84,11461.43
2835,3.702711e-03,3.334244e+01,2.401553e-05,2.566243e-05,2997975.189,3.653136e-03,3.300609e+01,1.581011e-05,3.888540e-05,2985273.672,1.250000e-04,5.51,11466.94
2836,3.647202e-03,3.330829e+01,1.904948e-05,2.517576e-05,2997617.174,3.462565e-03,3.337329e+01,7.289727e-06,1.046776e-05,3004887.641,1.250000e-04,6.05,11472.99
2837,3.695929e-03,3.331047e+01,2.202209e-05,2.893217e-05,2998019.152,3.632642e-03,3.292161e+01,1.733934e-05,3.341760e-05,2985479.078,1.250000e-04,5.68,11478.67
2838,3.737749e-03,3.334628e+01,2.324953e-05,3.412530e-05,2997674.693,4.353611e-03,3.391828e+01,6.840652e-05,5.554353e-05,3016675.109,1.250000e-04,5.63,11484.30
2839,3.782027e-03,3.336900e+01,2.678153e-05,3.546226e-05,2997762.889,3.890742e-03,3.384852e+01,2.084991e-05,5.947804e-05,3021906.367,1.250000e-04,5.37,11489.67
2840,3.664598e-03,3.332759e+01,2.044013e-05,2.548751e-05,2998014.209,3.644252e-03,3.331350e+01,2.486165e-05,1.285693e-05,2999434.977,1.250000e-04,5.69,11495.36
2841,3.648698e-03,3.328145e+01,2.071472e-05,2.268121e-05,2998073.879,3.570251e-03,3.308739e+01,1.567079e-05,2.096089e-05,2989495.656,1.250000e-04,5.48,11500.85
2842,3.644363e-03,3.329184e+01,1.980161e-05,2.343272e-05,2997456.561,3.832659e-03,3.381703e+01,1.010649e-05,6.997818e-05,3023029.953,1.250000e-04,5.72,11506.56
2843,3.679824e-03,3.330520e+01,2.098539e-05,2.789006e-05,2997887.412,4.119578e-03,3.395244e+01,2.263172e-05,9.960337e-05,3026790.992,1.250000e-04,5.91,11512.48
2844,3.668739e-03,3.331910e+01,2.114393e-05,2.507784e-05,2998073.039,3.544755e-03,3.312783e+01,1.363069e-05,1.913287e-05,2994944.125,1.250000e-04,5.83,11518.31
2845,3.718172e-03,3.331692e+01,2.324769e-05,3.080073e-05,2997786.121,3.610357e-03,3.344976e+01,1.661737e-05,1.984155e-05,3006350.344,1.250000e-04,5.26,11523.57
2846,3.715025e-03,3.329491e+01,2.646320e-05,2.418039e-05,2997786.549,3.653188e-03,3.333643e+01,2.617395e-05,1.156121e-05,2996830.641,1.250000e-04,5.72,11529.29
2847,3.735435e-03,3.332267e+01,2.501097e-05,3.061179e-05,2997849.363,3.695061e-03,3.359129e+01,1.113468e-05,4.491714e-05,3017185.953,1.250000e-04,5.83,11535.12
2848,3.668114e-03,3.329344e+01,2.105137e-05,2.565119e-05,2997953.953,3.878437e-03,3.346028e+01,4.685057e-05,1.278072e-05,3002483.859,1.250000e-04,5.34,11540.46
2849,3.743785e-03,3.334636e+01,2.554678e-05,3.073629e-05,2997781.355,3.702549e-03,3.364885e+01,2.057908e-05,2.637464e-05,3012524.953,1.250000e-04,5.54,11545.99
2850,3.614798e-03,3.329351e+01,1.970750e-05,1.767448e-05,2997909.473,3.487444e-03,3.337277e+01,1.102350e-05,7.986473e-06,3002825.117,1.250000e-04,5.66,11551.65
2851,3.662040e-03,3.331016e+01,2.127757e-05,2.364961e-05,2997866.930,3.879321e-03,3.289589e+01,1.477704e-05,8.839248e-05,2976524.500,1.250000e-04,5.55,11557.21
2852,3.710517e-03,3.331998e+01,2.359930e-05,2.850537e-05,2997897.947,3.836572e-03,3.299053e+01,2.852935e-05,5.044510e-05,2983934.156,1.250000e-04,5.89,11563.10
2853,3.658303e-03,3.330938e+01,2.067472e-05,2.412351e-05,2997805.865,3.815237e-03,3.380706e+01,1.295110e-05,6.100414e-05,3020771.539,1.250000e-04,5.71,11568.81
2854,3.708836e-03,3.333792e+01,2.140897e-05,3.219092e-05,2997747.293,3.723996e-03,3.359271e+01,2.332718e-05,2.629068e-05,3007900.359,1.250000e-04,5.87,11574.68
2855,3.620124e-03,3.328134e+01,1.854000e-05,2.131804e-05,2998039.164,3.644501e-03,3.362923e+01,1.762087e-05,2.107391e-05,3007897.602,1.250000e-04,5.38,11580.07
2856,3.680595e-03,3.332827e+01,2.330871e-05,2.293610e-05,2997874.061,3.941350e-03,3.351278e+01,4.692128e-05,2.417183e-05,2995233.438,1.250000e-04,5.52,11585.59
2857,3.678255e-03,3.330907e+01,2.231666e-05,2.483629e-05,2997717.322,3.691186e-03,3.351897e+01,2.220645e-05,2.344495e-05,3008866.195,1.250000e-04,5.50,11591.09
2858,3.615127e-03,3.326800e+01,1.890233e-05,1.986068e-05,2997910.129,3.547745e-03,3.335083e+01,1.374179e-05,1.504871e-05,3003838.953,1.250000e-04,5.49,11596.58
2859,3.611779e-03,3.328815e+01,1.845223e-05,1.968836e-05,2998120.990,3.991779e-03,3.276140e+01,3.237245e-05,7.838289e-05,2976728.781,1.250000e-04,5.48,11602.06
2860,3.717540e-03,3.330602e+01,2.402923e-05,2.932898e-05,2997765.523,4.315047e-03,3.365554e+01,7.667506e-05,3.654843e-05,2987687.430,1.250000e-04,5.63,11607.69
2861,3.630885e-03,3.328086e+01,1.970094e-05,2.115782e-05,2997738.287,3.550878e-03,3.341994e+01,1.267940e-05,1.641813e-05,3008600.594,1.250000e-04,6.03,11613.72
2862,3.629840e-03,3.328914e+01,1.919772e-05,2.178968e-05,2997867.211,3.562235e-03,3.318714e+01,1.639892e-05,1.590627e-05,2994030.586,1.250000e-04,5.97,11619.69
2863,3.669304e-03,3.330721e+01,2.019925e-05,2.731816e-05,2997853.676,3.608707e-03,3.324513e+01,2.292144e-05,1.099589e-05,2995478.461,1.250000e-04,6.00,11625.69
2864,3.641141e-03,3.329145e+01,1.950146e-05,2.339613e-05,2998064.465,3.561921e-03,3.313166e+01,1.162579e-05,2.649942e-05,2990385.086,1.250000e-04,5.83,11631.52
2865,3.619721e-03,3.330148e+01,1.766682e-05,2.258103e-05,2997698.199,3.940219e-03,3.361297e+01,3.475597e-05,4.627260e-05,3016184.523,1.250000e-04,5.77,11637.30
2866,3.674760e-03,3.330747e+01,2.207628e-05,2.465005e-05,2997807.156,3.686948e-03,3.333425e+01,2.832738e-05,1.404985e-05,2999874.688,1.250000e-04,5.72,11643.01
2867,3.709429e-03,3.330448e+01,2.268167e-05,3.043289e-05,2997959.266,3.480811e-03,3.305213e+01,9.512248e-06,1.609518e-05,2992292.188,1.250000e-04,5.74,11648.76
2868,3.665846e-03,3.329780e+01,2.068793e-05,2.583720e-05,2997998.520,3.872983e-03,3.304684e+01,3.474410e-05,4.417175e-05,2983970.227,1.250000e-04,5.71,11654.46
2869,3.651646e-03,3.325970e+01,2.171402e-05,2.170729e-05,2997835.113,4.172828e-03,3.280543e+01,4.948630e-05,7.948440e-05,2977036.039,1.250000e-04,5.59,11660.05
2870,3.685292e-03,3.331275e+01,2.241159e-05,2.598028e-05,2997704.258,3.512948e-03,3.327983e+01,1.214017e-05,1.271272e-05,3002899.023,1.250000e-04,5.68,11665.74
2871,3.706031e-03,3.331099e+01,2.231214e-05,3.036211e-05,2998229.002,4.027140e-03,3.253525e+01,1.161321e-05,1.314967e-04,2967507.133,1.250000e-04,5.60,11671.34
2872,3.686331e-03,3.329735e+01,2.308806e-05,2.514294e-05,2997481.055,3.598103e-03,3.314475e+01,1.817747e-05,2.037081e-05,2992940.516,1.250000e-04,5.63,11676.96
2873,3.666055e-03,3.330473e+01,1.956058e-05,2.799525e-05,2997943.605,3.507528e-03,3.320659e+01,1.263498e-05,1.210385e-05,2995450.500,1.250000e-04,5.22,11682.18
2874,3.662687e-03,3.329021e+01,2.204087e-05,2.265155e-05,2997639.400,3.575368e-03,3.334894e+01,1.121400e-05,2.566682e-05,3006029.078,1.250000e-04,5.97,11688.15
2875,3.624421e-03,3.329132e+01,1.954670e-05,1.996441e-05,2997908.674,3.517393e-03,3.330443e+01,1.370224e-05,9.985429e-06,3004988.516,1.250000e-04,5.58,11693.73
2876,3.639163e-03,3.327878e+01,1.909475e-05,2.406748e-05,2997948.449,3.749567e-03,3.320668e+01,2.994899e-05,2.588181e-05,2994764.047,1.250000e-04,5.68,11699.41
2877,3.697379e-03,3.327627e+01,2.200947e-05,2.993159e-05,2997861.152,3.539975e-03,3.304259e+01,1.418311e-05,1.877702e-05,2990620.773,1.250000e-04,5.67,11705.08
2878,3.682110e-03,3.329378e+01,2.039706e-05,2.975219e-05,2997732.076,3.541344e-03,3.337309e+01,1.239257e-05,1.602187e-05,3003797.938,1.250000e-04,5.60,11710.69
2879,3.633702e-03,3.331441e+01,2.070645e-05,1.903945e-05,2998037.945,3.712246e-03,3.290465e+01,1.899525e-05,4.636585e-05,2982260.336,1.250000e-04,6.11,11716.80
2880,3.680875e-03,3.330680e+01,2.330167e-05,2.343559e-05,2997664.908,3.596426e-03,3.321606e+01,1.991396e-05,1.513605e-05,2995453.711,1.250000e-04,5.37,11722.17
2881,3.677709e-03,3.327533e+01,2.229560e-05,2.544414e-05,2997952.105,3.476246e-03,3.307850e+01,9.702386e-06,1.427439e-05,2992641.273,1.250000e-04,5.51,11727.68
2882,3.711498e-03,3.333547e+01,2.301881e-05,2.955243e-05,2998012.533,4.210400e-03,3.277132e+01,3.918393e-05,1.082856e-04,2971394.648,1.250000e-04,5.34,11733.01
2883,3.623270e-03,3.326718e+01,2.004864e-05,1.921329e-05,2997845.939,3.524190e-03,3.292583e+01,1.301890e-05,2.028358e-05,2991236.414,1.250000e-04,5.72,11738.74
2884,3.690093e-03,3.332231e+01,2.248211e-05,2.660821e-05,2997867.994,3.813054e-03,3.261975e+01,1.372863e-05,8.275841e-05,2974913.805,1.250000e-04,5.72,11744.46
2885,3.692945e-03,3.331018e+01,2.364945e-05,2.508659e-05,2997762.947,3.710042e-03,3.308837e+01,2.398492e-05,3.227114e-05,2986337.867,1.250000e-04,5.78,11750.24
2886,3.688012e-03,3.333520e+01,2.322231e-05,2.445384e-05,2997737.289,3.691520e-03,3.353718e+01,1.692247e-05,3.371548e-05,3013819.258,1.250000e-04,5.60,11755.84
2887,3.738249e-03,3.335770e+01,2.652751e-05,2.744079e-05,2997834.549,3.622654e-03,3.313611e+01,2.352704e-05,1.475467e-05,2992850.695,1.250000e-04,5.41,11761.25
2888,3.665783e-03,3.328169e+01,2.105365e-05,2.541557e-05,2997978.873,3.807578e-03,3.344646e+01,3.476034e-05,2.306578e-05,3004682.477,1.250000e-04,5.43,11766.68
2889,3.688612e-03,3.329437e+01,2.249753e-05,2.683995e-05,2997840.697,3.600075e-03,3.312657e+01,1.763838e-05,2.220683e-05,2996030.234,1.250000e-04,5.81,11772.49
2890,3.738413e-03,3.331992e+01,2.710001e-05,2.708413e-05,2997810.734,3.644794e-03,3.354896e+01,2.044907e-05,1.708152e-05,3009497.977,1.250000e-04,5.49,11777.98
2891,3.645899e-03,3.331574e+01,1.885135e-05,2.516217e-05,2998002.738,3.610004e-03,3.297685e+01,1.778828e-05,2.688717e-05,2987906.734,1.250000e-04,5.92,11783.90
2892,3.681980e-03,3.329457e+01,2.163088e-05,2.724295e-05,2997810.166,3.704661e-03,3.312604e+01,2.976585e-05,1.887964e-05,2996036.078,1.250000e-04,5.52,11789.42
2893,3.641571e-03,3.328134e+01,1.854656e-05,2.559425e-05,2997540.285,3.781542e-03,3.353709e+01,1.664955e-05,5.226763e-05,3009697.430,1.250000e-04,5.49,11794.91
2894,3.770817e-03,3.336687e+01,2.649512e-05,3.383597e-05,2998107.184,3.879944e-03,3.286914e+01,3.020510e-05,5.819584e-05,2980362.430,1.250000e-04,5.60,11800.51
2895,3.654913e-03,3.328573e+01,1.992740e-05,2.541335e-05,2997742.162,3.566747e-03,3.344603e+01,1.578698e-05,1.285470e-05,3007997.852,1.250000e-04,5.57,11806.08
2896,3.793949e-03,3.336496e+01,2.715254e-05,3.718566e-05,2997642.822,3.838699e-03,3.368954e+01,3.761038e-05,1.872821e-05,3008483.523,1.250000e-04,5.36,11811.44
2897,3.680652e-03,3.336965e+01,2.353967e-05,2.165798e-05,2998014.969,4.318273e-03,3.328738e+01,7.849926e-05,4.090846e-05,2988577.969,1.250000e-04,5.30,11816.74
2898,3.653795e-03,3.328217e+01,2.087503e-05,2.336553e-05,2997876.318,3.561799e-03,3.304604e+01,1.608483e-05,1.926945e-05,2990703.695,1.250000e-04,5.74,11822.48
2899,3.656624e-03,3.329460e+01,2.278430e-05,1.986413e-05,2997907.988,3.514057e-03,3.314816e+01,1.341024e-05,1.302778e-05,2993081.945,1.250000e-04,5.95,11828.43
2900,3.677152e-03,3.330576e+01,2.231253e-05,2.469018e-05,2997785.506,3.501522e-03,3.326564e+01,1.025415e-05,1.448327e-05,2996600.836,1.250000e-04,5.66,11834.09
2901,3.712658e-03,3.329014e+01,2.344968e-05,2.982950e-05,2997825.068,3.588010e-03,3.326136e+01,2.092370e-05,1.052729e-05,2997706.164,1.250000e-04,5.93,11840.03
2902,3.752146e-03,3.335556e+01,2.527187e-05,3.277421e-05,2997947.369,3.516795e-03,3.315111e+01,1.229545e-05,1.574594e-05,2995133.984,1.250000e-04,5.78,11845.81
2903,3.651273e-03,3.328998e+01,1.986366e-05,2.472762e-05,2997818.371,3.526848e-03,3.319490e+01,1.432557e-05,1.282044e-05,2999941.719,1.250000e-04,6.08,11851.89
2904,3.687589e-03,3.333543e+01,2.370976e-05,2.338986e-05,2997875.084,3.605565e-03,3.331922e+01,1.558446e-05,2.355963e-05,2998510.227,1.250000e-04,6.00,11857.88
2905,3.652526e-03,3.327706e+01,2.145206e-05,2.205980e-05,2997906.043,3.464588e-03,3.310099e+01,1.005398e-05,1.078998e-05,2994402.641,1.250000e-04,5.56,11863.44
2906,3.726972e-03,3.332818e+01,2.529440e-05,2.824213e-05,2997911.641,3.612265e-03,3.307761e+01,2.296646e-05,1.496805e-05,2994707.969,1.250000e-04,5.90,11869.35
2907,3.660516e-03,3.328718e+01,2.070930e-05,2.494095e-05,2997787.043,3.653636e-03,3.286102e+01,9.707124e-06,5.409254e-05,2980195.703,1.250000e-04,5.48,11874.83
2908,3.735651e-03,3.332151e+01,2.558509e-05,2.952990e-05,2997880.979,3.601964e-03,3.313476e+01,1.941447e-05,1.886866e-05,2992443.203,1.250000e-04,5.78,11880.61
2909,3.742183e-03,3.334266e+01,2.629174e-05,2.899996e-05,2997833.971,3.654295e-03,3.317169e+01,2.342358e-05,2.057802e-05,2998171.414,1.250000e-04,5.32,11885.93
2910,3.723686e-03,3.329031e+01,2.650581e-05,2.591937e-05,2997660.883,3.629208e-03,3.352924e+01,1.330587e-05,2.864502e-05,3012102.102,1.250000e-04,5.84,11891.77
2911,3.713208e-03,3.336070e+01,2.354868e-05,2.833027e-05,2997985.084,3.652309e-03,3.306063e+01,2.193712e-05,2.537502e-05,2989449.953,1.250000e-04,5.48,11897.25
2912,3.654750e-03,3.326690e+01,2.139189e-05,2.282828e-05,2997867.125,3.583320e-03,3.287150e+01,1.077786e-05,3.767824e-05,2985487.375,1.250000e-04,5.49,11902.74
2913,3.650143e-03,3.330443e+01,2.075781e-05,2.242444e-05,2997841.527,3.668342e-03,3.303290e+01,2.264664e-05,2.771730e-05,2988415.742,1.250000e-04,5.21,11907.96
2914,3.729086e-03,3.333525e+01,2.524849e-05,2.861535e-05,2997836.426,3.452326e-03,3.330253e+01,8.494977e-06,7.424570e-06,3002679.227,1.250000e-04,5.74,11913.69
2915,3.683090e-03,3.331274e+01,2.384845e-05,2.266643e-05,2997801.219,3.897917e-03,3.384995e+01,1.683604e-05,6.891243e-05,3022300.961,1.250000e-04,5.58,11919.27
2916,3.670021e-03,3.329364e+01,2.285484e-05,2.242173e-05,2998077.912,3.689773e-03,3.341268e+01,2.943362e-05,1.083381e-05,2998301.398,1.250000e-04,5.31,11924.58
2917,3.686856e-03,3.329793e+01,2.342251e-05,2.456756e-05,2997773.875,3.504181e-03,3.313632e+01,1.313452e-05,1.184074e-05,2995384.180,1.250000e-04,6.44,11931.03
2918,3.661159e-03,3.328282e+01,2.172035e-05,2.313474e-05,2997846.344,3.553257e-03,3.338923e+01,1.746018e-05,7.946537e-06,3002616.523,1.250000e-04,5.45,11936.48
2919,3.674697e-03,3.327611e+01,2.333377e-05,2.274971e-05,2997998.490,3.631196e-03,3.302254e+01,2.308055e-05,1.962737e-05,2989945.844,1.250000e-04,5.94,11942.42
2920,3.658600e-03,3.327089e+01,2.184637e-05,2.260947e-05,2997836.396,3.923855e-03,3.346872e+01,4.883966e-05,1.771732e-05,2996381.438,1.250000e-04,5.71,11948.13
2921,3.662509e-03,3.329752e+01,2.062429e-05,2.530296e-05,2998029.010,4.762942e-03,3.227127e+01,3.321108e-05,2.407408e-04,2955533.375,1.250000e-04,5.96,11954.09
2922,3.706358e-03,3.329578e+01,2.283146e-05,2.969313e-05,2997499.076,3.510371e-03,3.316570e+01,1.356472e-05,1.163077e-05,2998149.625,1.250000e-04,5.35,11959.44
2923,3.620330e-03,3.328918e+01,1.906139e-05,2.015958e-05,2998050.799,3.845757e-03,3.337713e+01,4.172967e-05,1.814943e-05,2994599.156,1.250000e-04,5.79,11965.23
2924,3.663449e-03,3.326420e+01,2.084486e-05,2.571621e-05,2997579.664,3.859090e-03,3.372806e+01,1.540165e-05,6.645348e-05,3019893.562,1.250000e-04,5.96,11971.18
2925,3.753977e-03,3.337421e+01,2.401173e-05,3.528768e-05,2998270.023,4.028405e-03,3.313029e+01,2.818604e-05,8.670322e-05,2975292.820,1.250000e-04,5.86,11977.05
2926,3.685276e-03,3.331950e+01,2.184376e-05,2.697779e-05,2997561.482,3.650976e-03,3.298187e+01,2.438974e-05,2.177826e-05,2989270.805,1.250000e-04,6.13,11983.18
2927,3.676258e-03,3.327367e+01,2.280444e-05,2.416935e-05,2998040.371,3.678994e-03,3.309577e+01,2.511310e-05,2.365713e-05,2991915.688,1.250000e-04,6.10,11989.28
2928,3.699539e-03,3.333277e+01,2.372695e-05,2.579856e-05,2997817.658,3.683529e-03,3.340892e+01,2.322101e-05,2.208525e-05,3005376.586,1.250000e-04,5.62,11994.90
2929,3.634564e-03,3.328834e+01,1.921109e-05,2.272382e-05,2997781.189,3.522613e-03,3.335532e+01,1.437910e-05,8.658110e-06,3004941.555,1.250000e-04,5.88,12000.78
2930,3.699365e-03,3.330357e+01,2.563746e-05,2.252667e-05,2997871.148,3.808888e-03,3.340574e+01,4.077673e-05,1.210931e-05,2995355.414,1.250000e-04,5.84,12006.62
2931,3.668600e-03,3.330111e+01,2.100995e-05,2.567782e-05,2997908.824,3.432555e-03,3.321079e+01,8.573637e-06,5.147949e-06,2999052.594,1.250000e-04,5.96,12012.58
2932,3.631615e-03,3.325402e+01,2.095377e-05,1.933508e-05,2997888.744,3.534803e-03,3.305328e+01,1.412406e-05,1.764689e-05,2990882.531,1.250000e-04,5.66,12018.24
2933,3.624518e-03,3.326227e+01,1.917225e-05,2.131375e-05,2997976.525,3.657850e-03,3.306739e+01,2.014325e-05,2.993577e-05,2988317.227,1.250000e-04,5.99,12024.23
2934,3.731200e-03,3.331036e+01,2.481159e-05,3.040969e-05,2997645.484,3.681846e-03,3.345196e+01,1.409855e-05,3.913293e-05,3001360.383,1.250000e-04,5.82,12030.05
2935,3.689019e-03,3.331192e+01,2.162085e-05,2.832364e-05,2998021.545,3.587358e-03,3.308227e+01,1.841429e-05,1.899763e-05,2993867.203,1.250000e-04,5.69,12035.74
2936,3.711037e-03,3.329115e+01,2.331380e-05,2.975684e-05,2997663.355,3.498675e-03,3.326935e+01,9.718176e-06,1.491157e-05,3000367.484,1.250000e-04,5.94,12041.69
2937,3.682707e-03,3.330631e+01,1.996418e-05,3.048691e-05,2997812.346,3.626977e-03,3.337475e+01,1.396874e-05,2.996278e-05,3006661.047,1.250000e-04,5.71,12047.39
2938,3.699742e-03,3.328603e+01,2.427712e-05,2.567367e-05,2997952.174,3.598056e-03,3.337110e+01,2.144233e-05,9.304521e-06,3003233.547,1.250000e-04,6.26,12053.66
2939,3.703825e-03,3.329755e+01,2.561901e-05,2.357598e-05,2997891.951,3.797247e-03,3.346211e+01,3.468935e-05,2.082838e-05,3001454.391,1.250000e-04,6.14,12059.80
2940,3.642601e-03,3.326968e+01,2.181826e-05,1.949006e-05,2997734.838,3.477465e-03,3.329817e+01,1.205079e-05,5.427994e-06,3002030.016,1.250000e-04,5.47,12065.27
2941,3.631343e-03,3.329470e+01,1.947079e-05,2.143316e-05,2998048.615,3.556516e-03,3.308054e+01,1.547797e-05,1.873654e-05,2992410.289,1.250000e-04,6.55,12071.83
2942,3.698957e-03,3.331674e+01,2.251330e-05,2.843011e-05,2997948.096,4.169869e-03,3.296030e+01,5.536612e-05,6.403551e-05,2978373.562,1.250000e-04,5.77,12077.60
2943,3.624356e-03,3.324583e+01,1.921923e-05,2.151621e-05,2997601.600,3.504550e-03,3.314690e+01,1.303756e-05,1.189690e-05,2995804.422,1.250000e-04,5.97,12083.56
2944,3.634075e-03,3.327784e+01,1.944050e-05,2.237709e-05,2997981.172,3.486775e-03,3.325895e+01,1.118300e-05,9.810196e-06,2997309.609,1.250000e-04,5.75,12089.32
2945,3.661326e-03,3.330093e+01,2.143906e-05,2.336862e-05,2997753.041,3.939415e-03,3.336173e+01,5.161416e-05,1.742013e-05,3003991.141,1.250000e-04,5.88,12095.20
2946,3.700061e-03,3.329934e+01,2.356104e-05,2.690326e-05,2997993.146,3.615996e-03,3.331580e+01,2.548741e-05,5.908452e-06,2999847.297,1.250000e-04,5.65,12100.85
2947,3.616939e-03,3.325995e+01,1.898078e-05,2.022733e-05,2997834.207,3.502160e-03,3.315329e+01,1.340809e-05,1.054995e-05,2993369.344,1.250000e-04,5.63,12106.48
2948,3.609927e-03,3.324774e+01,1.922651e-05,1.857757e-05,2997903.021,3.467989e-03,3.315077e+01,1.029036e-05,1.000152e-05,2999200.812,1.250000e-04,6.12,12112.59
2949,3.650998e-03,3.326052e+01,2.257535e-05,1.983850e-05,2997840.174,3.600679e-03,3.339418e+01,2.002812e-05,1.219592e-05,3003383.172,1.250000e-04,5.99,12118.59
2950,3.691396e-03,3.327166e+01,2.267595e-05,2.749406e-05,2997826.215,3.894377e-03,3.339606e+01,4.748416e-05,1.598597e-05,2998988.102,1.250000e-04,5.40,12123.98
2951,3.620411e-03,3.329327e+01,1.893665e-05,2.034336e-05,2997947.027,3.596111e-03,3.346089e+01,1.615941e-05,1.768554e-05,3002720.516,1.250000e-04,5.81,12129.79
2952,3.619379e-03,3.329497e+01,1.866679e-05,2.064281e-05,2997846.662,3.646573e-03,3.322063e+01,2.868943e-05,7.523136e-06,2999526.484,1.250000e-04,5.47,12135.27
2953,3.642985e-03,3.327874e+01,2.158080e-05,1.986057e-05,2997817.793,3.479288e-03,3.327907e+01,9.096858e-06,1.208265e-05,2999080.859,1.250000e-04,5.20,12140.46
2954,3.621809e-03,3.325128e+01,1.920742e-05,2.092131e-05,2998047.584,3.793498e-03,3.293089e+01,3.166896e-05,3.674386e-05,2983393.438,1.250000e-04,5.42,12145.88
2955,3.691496e-03,3.326905e+01,2.196525e-05,2.898764e-05,2997825.725,3.601344e-03,3.326818e+01,1.937185e-05,1.616154e-05,2997094.617,1.250000e-04,5.87,12151.76
2956,3.682199e-03,3.325869e+01,2.355874e-05,2.414854e-05,2997938.424,3.645410e-03,3.293797e+01,1.426828e-05,4.178618e-05,2983853.570,1.250000e-04,5.88,12157.64
2957,3.695520e-03,3.328390e+01,2.352117e-05,2.638365e-05,2997588.889,4.507825e-03,3.377283e+01,6.528136e-05,9.554575e-05,3023127.664,1.250000e-04,5.81,12163.46
2958,3.713431e-03,3.326366e+01,2.473971e-05,2.793356e-05,2997982.082,3.513548e-03,3.334037e+01,1.284849e-05,1.020536e-05,3000242.266,1.250000e-04,5.27,12168.72
2959,3.668816e-03,3.330188e+01,2.140257e-05,2.492052e-05,2997773.301,3.894186e-03,3.364338e+01,1.242113e-05,8.112727e-05,3023131.781,1.250000e-04,5.53,12174.25
2960,3.697257e-03,3.326426e+01,2.146747e-05,3.123121e-05,2998202.488,4.022405e-03,3.309437e+01,4.678958e-05,4.901448e-05,2990025.711,1.250000e-04,5.84,12180.09
2961,3.634680e-03,3.322631e+01,2.113521e-05,2.013938e-05,2997835.832,3.645767e-03,3.294691e+01,1.262578e-05,4.496351e-05,2986688.750,1.250000e-04,5.96,12186.06
2962,3.658412e-03,3.325933e+01,1.907004e-05,2.835564e-05,2997705.270,3.560352e-03,3.316405e+01,1.524111e-05,1.830720e-05,2993330.977,1.250000e-04,5.78,12191.84
2963,3.656496e-03,3.323577e+01,2.196418e-05,2.265549e-05,2997831.242,3.506726e-03,3.323654e+01,1.409302e-05,8.428496e-06,2997758.875,1.250000e-04,5.57,12197.41
2964,3.709449e-03,3.330517e+01,2.297077e-05,2.984496e-05,2997973.791,3.589972e-03,3.345124e+01,1.656782e-05,1.583401e-05,3006755.898,1.250000e-04,6.00,12203.40
2965,3.697299e-03,3.328165e+01,2.328367e-05,2.725955e-05,2997822.533,3.692606e-03,3.332666e+01,2.233936e-05,2.730946e-05,2996787.852,1.250000e-04,5.33,12208.74
2966,3.671021e-03,3.333001e+01,2.299570e-05,2.161268e-05,2997811.279,3.462559e-03,3.307466e+01,7.988837e-06,1.504084e-05,2995801.164,1.250000e-04,5.86,12214.60
2967,3.713465e-03,3.329442e+01,2.404762e-05,2.870943e-05,2997937.375,4.711554e-03,3.280608e+01,6.499462e-05,1.561999e-04,2964628.812,1.250000e-04,5.89,12220.48
2968,3.711062e-03,3.326842e+01,2.165499e-05,3.353415e-05,2997820.354,3.861867e-03,3.345819e+01,4.537141e-05,1.246675e-05,2999336.805,1.250000e-04,5.74,12226.22
2969,3.625988e-03,3.327863e+01,2.047757e-05,1.866986e-05,2998187.164,3.993448e-03,3.264245e+01,1.724915e-05,1.113422e-04,2969542.438,1.250000e-04,6.00,12232.22
2970,3.727512e-03,3.330540e+01,2.390908e-05,3.157631e-05,2997642.072,4.077422e-03,3.362507e+01,5.581059e-05,3.136182e-05,3012904.203,1.250000e-04,5.75,12237.97
2971,3.711950e-03,3.328457e+01,2.209377e-05,3.251101e-05,2997686.584,4.051043e-03,3.363630e+01,5.098655e-05,3.550958e-05,3015867.578,1.250000e-04,5.61,12243.58
2972,3.689975e-03,3.331340e+01,2.107262e-05,2.958168e-05,2997923.854,3.459481e-03,3.307424e+01,9.601222e-06,1.120896e-05,2993240.672,1.250000e-04,5.56,12249.13
2973,3.648338e-03,3.326088e+01,1.974580e-05,2.495836e-05,2997852.945,3.532192e-03,3.316784e+01,1.360715e-05,1.586719e-05,2993926.078,1.250000e-04,5.79,12254.92
2974,3.670368e-03,3.328147e+01,2.019530e-05,2.805355e-05,2997973.678,3.563137e-03,3.322179e+01,1.842841e-05,1.133474e-05,2993667.656,1.250000e-04,5.61,12260.53
2975,3.681395e-03,3.329823e+01,2.133465e-05,2.764509e-05,2997799.219,3.494995e-03,3.307637e+01,1.180330e-05,1.386504e-05,2993518.609,1.250000e-04,5.70,12266.23
2976,3.612715e-03,3.323793e+01,1.943623e-05,1.891214e-05,2997798.189,3.598643e-03,3.351230e+01,9.646038e-06,3.019045e-05,3013509.742,1.250000e-04,5.56,12271.79
2977,3.636163e-03,3.326363e+01,1.925961e-05,2.344083e-05,2998029.697,4.039841e-03,3.298898e+01,6.139767e-05,2.539338e-05,2989825.461,1.250000e-04,5.40,12277.19
2978,3.671582e-03,3.325775e+01,2.091533e-05,2.733085e-05,2997844.371,3.818928e-03,3.334172e+01,3.010608e-05,3.673892e-05,3004534.039,1.250000e-04,5.69,12282.89
2979,3.696908e-03,3.328602e+01,2.123467e-05,3.119190e-05,2997884.342,3.485847e-03,3.337170e+01,8.167630e-06,1.340022e-05,3006532.586,1.250000e-04,5.74,12288.63
2980,3.705671e-03,3.334212e+01,2.359821e-05,2.709523e-05,2997817.416,3.752699e-03,3.330009e+01,2.553436e-05,3.346944e-05,3002473.055,1.250000e-04,5.52,12294.15
2981,3.724945e-03,3.327711e+01,2.269283e-05,3.406115e-05,2998068.572,3.519350e-03,3.301830e+01,1.149854e-05,2.050679e-05,2991896.250,1.250000e-04,5.46,12299.61
2982,3.662170e-03,3.328327e+01,2.121097e-05,2.434678e-05,2997752.109,3.490594e-03,3.316704e+01,1.348396e-05,7.810201e-06,3000206.328,1.250000e-04,5.90,12305.51
2983,3.664937e-03,3.326559e+01,2.021714e-05,2.724147e-05,2997815.959,3.543888e-03,3.315704e+01,1.750436e-05,1.062814e-05,2997523.055,1.250000e-04,5.74,12311.25
2984,3.667661e-03,3.327942e+01,2.214046e-05,2.366272e-05,2997754.932,3.528754e-03,3.333371e+01,9.261876e-06,2.055281e-05,3002672.125,1.250000e-04,5.80,12317.05
2985,3.730188e-03,3.330901e+01,2.331692e-05,3.322363e-05,2997938.328,3.556582e-03,3.336346e+01,1.404847e-05,1.595025e-05,3005588.297,1.250000e-04,5.29,12322.35
2986,3.620254e-03,3.326794e+01,1.751705e-05,2.365786e-05,2997932.619,3.763802e-03,3.274527e+01,1.931933e-05,5.921638e-05,2979939.609,1.250000e-04,5.57,12327.91
2987,3.681395e-03,3.326286e+01,1.999507e-05,3.103164e-05,2997906.840,3.545678e-03,3.329294e+01,1.736394e-05,8.549010e-06,2996561.477,1.250000e-04,5.43,12333.35
2988,3.692394e-03,3.329032e+01,2.230608e-05,2.806025e-05,2997636.455,3.922408e-03,3.393311e+01,1.215798e-05,8.150354e-05,3024512.555,1.250000e-04,5.91,12339.26
2989,3.685940e-03,3.329659e+01,2.433736e-05,2.258148e-05,2998114.051,4.474664e-03,3.379949e+01,9.843743e-05,2.206819e-05,3000124.227,1.250000e-04,5.99,12345.25
2990,3.690259e-03,3.329352e+01,2.322743e-05,2.572653e-05,2997674.076,3.771964e-03,3.348031e+01,2.192387e-05,4.093898e-05,3010907.047,1.250000e-04,6.48,12351.73
2991,3.698151e-03,3.326061e+01,2.335777e-05,2.770261e-05,2997855.967,4.009781e-03,3.391664e+01,2.315623e-05,7.731090e-05,3023060.852,1.250000e-04,5.66,12357.39
2992,3.690171e-03,3.328667e+01,2.163855e-05,2.902382e-05,2997936.066,3.572090e-03,3.364359e+01,9.804422e-06,2.193740e-05,3009726.961,1.250000e-04,5.64,12363.03
2993,3.654417e-03,3.326960e+01,2.042675e-05,2.463787e-05,2997972.627,3.578522e-03,3.346182e+01,1.509967e-05,1.626871e-05,3009337.484,1.250000e-04,6.02,12369.05
2994,3.617445e-03,3.325874e+01,1.900326e-05,2.030764e-05,2997871.691,3.513512e-03,3.330079e+01,1.378873e-05,9.109291e-06,2997332.633,1.250000e-04,5.46,12374.51
2995,3.692352e-03,3.330993e+01,2.171088e-05,2.885007e-05,2997986.438,4.042242e-03,3.302312e+01,5.679496e-05,3.439610e-05,2989257.609,1.250000e-04,6.28,12380.80
2996,3.693537e-03,3.326978e+01,2.355976e-05,2.619226e-05,2997703.137,3.762644e-03,3.354231e+01,2.909286e-05,2.349678e-05,3001781.789,1.250000e-04,5.44,12386.24
2997,3.749120e-03,3.332026e+01,2.636169e-05,3.069542e-05,2997960.627,3.550924e-03,3.311725e+01,1.741748e-05,1.300480e-05,2992822.711,1.250000e-04,5.24,12391.48
2998,3.692414e-03,3.329609e+01,2.447392e-05,2.361316e-05,2997726.035,3.622710e-03,3.342204e+01,2.236123e-05,1.137865e-05,3002609.477,1.250000e-04,5.39,12396.87
2999,3.648934e-03,3.328992e+01,1.997009e-05,2.404816e-05,2997935.082,3.574047e-03,3.290717e+01,1.275753e-05,3.115113e-05,2987232.180,1.250000e-04,6.24,12403.11
3000,3.674113e-03,3.328026e+01,2.276740e-05,2.368247e-05,2997828.760,3.625794e-03,3.298088e+01,1.690150e-05,3.173827e-05,2988860.109,1.250000e-04,5.97,12409.08
3001,3.677489e-03,3.326466e+01,2.074135e-05,2.872189e-05,2997814.180,3.708375e-03,3.331016e+01,2.378080e-05,2.791031e-05,3003458.266,1.250000e-04,5.79,12414.87
3002,3.660824e-03,3.328226e+01,1.982441e-05,2.687080e-05,2997875.258,3.697608e-03,3.364632e+01,1.424600e-05,3.810314e-05,3015585.273,1.250000e-04,5.44,12420.31
3003,3.740523e-03,3.329215e+01,2.442840e-05,3.340480e-05,2997826.125,3.566362e-03,3.329781e+01,1.431016e-05,1.869598e-05,2998686.711,1.250000e-04,5.69,12426.00
3004,3.713013e-03,3.328644e+01,2.037483e-05,3.612414e-05,2997818.699,3.663552e-03,3.321947e+01,2.506270e-05,1.819568e-05,2997373.008,1.250000e-04,5.91,12431.91
3005,3.701981e-03,3.334395e+01,2.402995e-05,2.545725e-05,2998092.783,3.489320e-03,3.321497e+01,1.001799e-05,1.352877e-05,2998059.391,1.250000e-04,5.97,12437.88
3006,3.634542e-03,3.326238e+01,1.922200e-05,2.321680e-05,2997753.223,3.487274e-03,3.323208e+01,1.141910e-05,9.975004e-06,2998709.664,1.250000e-04,5.76,12443.64
3007,3.674377e-03,3.329001e+01,2.075927e-05,2.755672e-05,2997889.689,3.632667e-03,3.317904e+01,2.420601e-05,1.454069e-05,2996943.242,1.250000e-04,5.49,12449.13
3008,3.740859e-03,3.328523e+01,2.232083e-05,3.782560e-05,2997622.836,3.700350e-03,3.372981e+01,1.353642e-05,3.840084e-05,3013233.570,1.250000e-04,5.84,12454.97
3009,3.601973e-03,3.325327e+01,1.945392e-05,1.642148e-05,2998165.922,3.478915e-03,3.323689e+01,9.194054e-06,1.265716e-05,2998150.203,1.250000e-04,5.49,12460.46
3010,3.686975e-03,3.327622e+01,2.070867e-05,3.045326e-05,2997809.635,4.133789e-03,3.396042e+01,2.272908e-05,1.020914e-04,3023600.977,1.250000e-04,5.81,12466.27
3011,3.719096e-03,3.330368e+01,2.372773e-05,3.029010e-05,2997899.457,4.135984e-03,3.318355e+01,6.468744e-05,3.415094e-05,2985435.781,1.250000e-04,5.87,12472.14
3012,3.716555e-03,3.329601e+01,2.645653e-05,2.447775e-05,2997847.809,3.628899e-03,3.333349e+01,1.760228e-05,2.390549e-05,3003257.336,1.250000e-04,6.28,12478.42
3013,3.696471e-03,3.329935e+01,2.372005e-05,2.586723e-05,2998034.035,3.628239e-03,3.289702e+01,9.642872e-06,4.842171e-05,2982858.445,1.250000e-04,5.86,12484.28
3014,3.689525e-03,3.328621e+01,2.476668e-05,2.264752e-05,2997736.301,3.623976e-03,3.335939e+01,1.966436e-05,1.827863e-05,3008047.664,1.250000e-04,5.62,12489.90
3015,3.676690e-03,3.324528e+01,2.053017e-05,2.937214e-05,2997948.768,3.651698e-03,3.291536e+01,1.681859e-05,3.839513e-05,2985110.164,1.250000e-04,5.45,12495.35
3016,3.629326e-03,3.323947e+01,1.863667e-05,2.380237e-05,2997754.109,3.516147e-03,3.336094e+01,1.177022e-05,1.247032e-05,2998960.781,1.250000e-04,5.88,12501.23
3017,3.732834e-03,3.327324e+01,2.401113e-05,3.307989e-05,2997963.752,3.666215e-03,3.326122e+01,2.801943e-05,1.197975e-05,2995865.680,1.250000e-04,5.73,12506.96
3018,3.676826e-03,3.326308e+01,2.327732e-05,2.354898e-05,2997716.764,3.672435e-03,3.360843e+01,1.295168e-05,3.641505e-05,3013887.297,1.250000e-04,5.72,12512.68
3019,3.724974e-03,3.328901e+01,2.843769e-05,2.233925e-05,2998057.654,3.697594e-03,3.296131e+01,2.479330e-05,3.070604e-05,2987017.195,1.250000e-04,5.97,12518.65
3020,3.697064e-03,3.325889e+01,2.221949e-05,2.979605e-05,2997816.590,4.022429e-03,3.346317e+01,6.020189e-05,1.481852e-05,3002172.219,1.250000e-04,5.67,12524.32
3021,3.711693e-03,3.325969e+01,2.605912e-05,2.502660e-05,2997850.871,3.526950e-03,3.315974e+01,1.471756e-05,1.276000e-05,2993381.766,1.250000e-04,5.42,12529.75
3022,3.706798e-03,3.329155e+01,2.404222e-05,2.744422e-05,2997821.924,3.454205e-03,3.304282e+01,8.708250e-06,1.256812e-05,2994085.602,1.250000e-04,5.81,12535.56
3023,3.639659e-03,3.323380e+01,2.017746e-05,2.290105e-05,2997843.895,3.662124e-03,3.362740e+01,1.676584e-05,2.634512e-05,3012906.781,1.250000e-04,5.86,12541.42
3024,3.650511e-03,3.325927e+01,2.000209e-05,2.491263e-05,2998075.947,3.920624e-03,3.286527e+01,3.661861e-05,5.358223e-05,2982849.688,1.250000e-04,5.53,12546.95
3025,3.694469e-03,3.327554e+01,2.325334e-05,2.687634e-05,2997692.221,3.789583e-03,3.358322e+01,3.242568e-05,2.140095e-05,3006734.008,1.250000e-04,5.64,12552.59
3026,3.628348e-03,3.326607e+01,1.845466e-05,2.343896e-05,2997923.625,3.890472e-03,3.269728e+01,2.582883e-05,7.249112e-05,2979116.617,1.250000e-04,5.43,12558.02
3027,3.623625e-03,3.323586e+01,1.952528e-05,2.095744e-05,2997798.029,3.594127e-03,3.331545e+01,2.249209e-05,7.532181e-06,3001644.422,1.250000e-04,5.74,12563.76
3028,3.663430e-03,3.330983e+01,2.199490e-05,2.249960e-05,2997882.139,3.593379e-03,3.319923e+01,1.823452e-05,1.822227e-05,2997527.297,1.250000e-04,6.01,12569.78
3029,3.712801e-03,3.330372e+01,2.544458e-05,2.559652e-05,2997837.820,3.678792e-03,3.306115e+01,1.830914e-05,3.791717e-05,2987348.070,1.250000e-04,5.71,12575.49
3030,3.671184e-03,3.327307e+01,1.995080e-05,2.887375e-05,2997914.086,3.668722e-03,3.330399e+01,2.832339e-05,1.101780e-05,2996143.352,1.250000e-04,5.78,12581.27
3031,3.635836e-03,3.324010e+01,2.052340e-05,2.131849e-05,2997865.389,3.479967e-03,3.322678e+01,1.091373e-05,9.630410e-06,2995296.469,1.250000e-04,5.82,12587.09
3032,3.655956e-03,3.323388e+01,1.983583e-05,2.684200e-05,2997742.961,3.654411e-03,3.334037e+01,2.361643e-05,1.684194e-05,3003769.188,1.250000e-04,5.70,12592.79
3033,3.705292e-03,3.329875e+01,2.398944e-05,2.710439e-05,2997962.311,3.808858e-03,3.345467e+01,3.732280e-05,1.803266e-05,3007338.734,1.250000e-04,6.14,12598.92
3034,3.696751e-03,3.325123e+01,2.247384e-05,2.937794e-05,2997699.965,3.812368e-03,3.334961e+01,3.667982e-05,2.212162e-05,3003085.305,1.250000e-04,5.74,12604.67
3035,3.719634e-03,3.331516e+01,2.737389e-05,2.287567e-05,2997825.141,3.847243e-03,3.342189e+01,3.632747e-05,2.835587e-05,3005226.164,1.250000e-04,5.91,12610.58
3036,3.644909e-03,3.325913e+01,2.044890e-05,2.290143e-05,2998080.061,3.604771e-03,3.327013e+01,2.474281e-05,6.066127e-06,3000351.625,1.250000e-04,5.81,12616.39
3037,3.672944e-03,3.326311e+01,2.255650e-05,2.421362e-05,2997885.936,3.758840e-03,3.299403e+01,2.203594e-05,4.781547e-05,2984030.500,1.250000e-04,5.81,12622.20
3038,3.743502e-03,3.328894e+01,2.662905e-05,2.966333e-05,2997757.074,3.751237e-03,3.325025e+01,3.135780e-05,2.252668e-05,2989959.484,1.250000e-04,6.02,12628.22
3039,3.667669e-03,3.332100e+01,2.057133e-05,2.597123e-05,2997816.250,3.728637e-03,3.359940e+01,2.568585e-05,2.236782e-05,3011283.688,1.250000e-04,5.63,12633.85
3040,3.631984e-03,3.326335e+01,1.936845e-05,2.239303e-05,2997974.178,3.800287e-03,3.307623e+01,4.210804e-05,1.431681e-05,2991811.164,1.250000e-04,5.47,12639.32
3041,3.661976e-03,3.323916e+01,2.351568e-05,2.058058e-05,2998112.223,3.685275e-03,3.276820e+01,1.638691e-05,4.891716e-05,2981237.328,1.250000e-04,5.43,12644.76
3042,3.667514e-03,3.326474e+01,2.169569e-05,2.481678e-05,2997748.867,3.608861e-03,3.333178e+01,1.687312e-05,2.139044e-05,3004827.719,1.250000e-04,6.00,12650.75
3043,3.708419e-03,3.325550e+01,2.254567e-05,3.148260e-05,2997747.436,3.741646e-03,3.310478e+01,2.704891e-05,3.213574e-05,2990317.164,1.250000e-04,5.45,12656.21
3044,3.765233e-03,3.331436e+01,2.614008e-05,3.447923e-05,2997887.252,3.808281e-03,3.362035e+01,3.034314e-05,2.856287e-05,3013626.820,1.250000e-04,5.67,12661.87
3045,3.685702e-03,3.329273e+01,2.107795e-05,2.912993e-05,2997788.020,4.033208e-03,3.362983e+01,5.249980e-05,2.904542e-05,2997056.820,1.250000e-04,5.60,12667.48
3046,3.690094e-03,3.328699e+01,2.163093e-05,2.901704e-05,2997911.584,3.499685e-03,3.323689e+01,1.413754e-05,6.924301e-06,3001429.445,1.250000e-04,5.55,12673.02
3047,3.656089e-03,3.329424e+01,2.051331e-05,2.430637e-05,2997987.215,3.901310e-03,3.290989e+01,3.715569e-05,4.775277e-05,2982339.336,1.250000e-04,5.17,12678.20
3048,3.662103e-03,3.325494e+01,2.004571e-05,2.723045e-05,2997881.496,4.244882e-03,3.254970e+01,4.253337e-05,1.129157e-04,2970892.172,1.250000e-04,5.89,12684.08
3049,3.676111e-03,3.327159e+01,1.984769e-05,3.009508e-05,2997669.223,3.506363e-03,3.335613e+01,1.303474e-05,8.080612e-06,3001131.273,1.250000e-04,5.41,12689.49
3050,3.681687e-03,3.325987e+01,2.015682e-05,3.082652e-05,2998024.457,3.544983e-03,3.335570e+01,1.349649e-05,1.488969e-05,3002629.672,1.250000e-04,6.04,12695.53
3051,3.647737e-03,3.324206e+01,2.283735e-05,1.903155e-05,2997852.482,3.535791e-03,3.310524e+01,1.628366e-05,1.248598e-05,2995675.984,1.250000e-04,5.35,12700.89
3052,3.648164e-03,3.326557e+01,2.007781e-05,2.416578e-05,2998060.666,3.870827e-03,3.305169e+01,3.562739e-05,4.187692e-05,2986405.398,1.250000e-04,5.65,12706.53
3053,3.620048e-03,3.322160e+01,1.915585e-05,2.126582e-05,2997650.660,3.508514e-03,3.344534e+01,1.015604e-05,1.248389e-05,3007566.000,1.250000e-04,5.36,12711.89
3054,3.651465e-03,3.327731e+01,2.210673e-05,2.053335e-05,2997968.711,3.572682e-03,3.302499e+01,1.578042e-05,2.247582e-05,2990194.062,1.250000e-04,5.98,12717.87
3055,3.664957e-03,3.324640e+01,2.147624e-05,2.511101e-05,2997778.918,3.613837e-03,3.292627e+01,1.709439e-05,3.005331e-05,2986890.453,1.250000e-04,5.39,12723.25
3056,3.689479e-03,3.329811e+01,2.315956e-05,2.561441e-05,2997950.871,3.537589e-03,3.319732e+01,1.467538e-05,1.422068e-05,2997152.477,1.250000e-04,5.89,12729.15
3057,3.650825e-03,3.323782e+01,2.173381e-05,2.194086e-05,2997825.104,4.146802e-03,3.342351e+01,6.999635e-05,2.089750e-05,2990028.867,1.250000e-04,5.71,12734.85
3058,3.637891e-03,3.325850e+01,1.962233e-05,2.316355e-05,2997903.508,3.596991e-03,3.298770e+01,1.263563e-05,3.437299e-05,2984210.992,1.250000e-04,5.47,12740.33
3059,3.687472e-03,3.328873e+01,2.293311e-05,2.585359e-05,2997749.824,3.452591e-03,3.323559e+01,9.757356e-06,6.291593e-06,2999383.125,1.250000e-04,6.06,12746.39
3060,3.696430e-03,3.327783e+01,2.333235e-05,2.706464e-05,2997789.123,3.572077e-03,3.350583e+01,1.256223e-05,1.917450e-05,3009758.945,1.250000e-04,5.82,12752.20
3061,3.671408e-03,3.327075e+01,2.222978e-05,2.440725e-05,2998042.004,3.744762e-03,3.279592e+01,1.435610e-05,6.432190e-05,2977792.117,1.250000e-04,5.50,12757.70
3062,3.750759e-03,3.334223e+01,2.476298e-05,3.378113e-05,2997827.832,3.848340e-03,3.277627e+01,1.526713e-05,8.360849e-05,2976560.781,1.250000e-04,5.41,12763.11
3063,3.638107e-03,3.324271e+01,1.880853e-05,2.515001e-05,2997819.145,3.767454e-03,3.288978e+01,2.982887e-05,3.603754e-05,2984286.328,1.250000e-04,5.62,12768.74
3064,3.701804e-03,3.327299e+01,2.480639e-05,2.528832e-05,2997665.660,3.669210e-03,3.342617e+01,2.224806e-05,2.082266e-05,3008266.664,1.250000e-04,6.30,12775.03
3065,3.711690e-03,3.325454e+01,2.169298e-05,3.386124e-05,2998008.408,3.733220e-03,3.271528e+01,1.210205e-05,6.813443e-05,2976810.117,1.250000e-04,5.86,12780.89
3066,3.615150e-03,3.324858e+01,1.847814e-05,2.110215e-05,2997739.117,3.656247e-03,3.337212e+01,1.710828e-05,2.959042e-05,3003350.141,1.250000e-04,5.69,12786.58
3067,3.645351e-03,3.323822e+01,2.103876e-05,2.222826e-05,2997983.617,3.971066e-03,3.379789e+01,2.371958e-05,7.081632e-05,3018334.938,1.250000e-04,5.56,12792.14
3068,3.772287e-03,3.333443e+01,2.404253e-05,3.968376e-05,2997919.113,3.873436e-03,3.291571e+01,3.110954e-05,5.415409e-05,2984004.945,1.250000e-04,5.92,12798.06
3069,3.657961e-03,3.327645e+01,2.032497e-05,2.541333e-05,2997591.898,3.916633e-03,3.374727e+01,1.608561e-05,7.621008e-05,3024174.688,1.250000e-04,5.64,12803.69
3070,3.691431e-03,3.328555e+01,2.191422e-05,2.874673e-05,2998251.188,3.628122e-03,3.315667e+01,1.661237e-05,2.926640e-05,2993723.586,1.250000e-04,5.41,12809.10
3071,3.701522e-03,3.329497e+01,2.125228e-05,3.190040e-05,2997709.352,3.476047e-03,3.329276e+01,9.364540e-06,1.062512e-05,3001457.438,1.250000e-04,5.63,12814.73
3072,3.613830e-03,3.326143e+01,1.701706e-05,2.350341e-05,2997863.133,3.998477e-03,3.361090e+01,5.555868e-05,1.636024e-05,3002542.188,1.250000e-04,6.01,12820.75
3073,3.728569e-03,3.330008e+01,2.426284e-05,3.118655e-05,2997968.664,3.585732e-03,3.286699e+01,8.620545e-06,4.256566e-05,2984166.602,1.250000e-04,6.01,12826.76
3074,3.720277e-03,3.330556e+01,2.372579e-05,3.049263e-05,2997618.807,3.702005e-03,3.286998e+01,1.892335e-05,4.515474e-05,2984048.758,1.250000e-04,5.70,12832.45
3075,3.697896e-03,3.328101e+01,2.208120e-05,2.979661e-05,2997732.832,3.836450e-03,3.298873e+01,3.611629e-05,3.528283e-05,2987049.648,1.250000e-04,5.38,12837.83
3076,3.682834e-03,3.322262e+01,1.960410e-05,3.290615e-05,2997922.744,3.533543e-03,3.329946e+01,1.629503e-05,8.129376e-06,3001062.531,1.250000e-04,5.70,12843.54
3077,3.685734e-03,3.325893e+01,2.338327e-05,2.520170e-05,2997785.875,3.510190e-03,3.309038e+01,1.093222e-05,1.836601e-05,2993237.453,1.250000e-04,6.01,12849.54
3078,3.704679e-03,3.331594e+01,2.367130e-05,2.727447e-05,2997970.697,3.625641e-03,3.354671e+01,1.588481e-05,2.242438e-05,3010834.016,1.250000e-04,5.36,12854.91
3079,3.662856e-03,3.327341e+01,2.269610e-05,2.171067e-05,2997815.402,3.582912e-03,3.351606e+01,1.321409e-05,1.983299e-05,3009933.086,1.250000e-04,5.54,12860.45
3080,3.673710e-03,3.328079e+01,2.066689e-05,2.779248e-05,2998015.066,3.706247e-03,3.290492e+01,1.634782e-05,5.045531e-05,2981766.250,1.250000e-04,5.64,12866.09
3081,3.683375e-03,3.327203e+01,2.214762e-05,2.693907e-05,2997771.488,3.452071e-03,3.326661e+01,7.976128e-06,9.129813e-06,2998667.273,1.250000e-04,5.47,12871.56
3082,3.633753e-03,3.325813e+01,2.025273e-05,2.108259e-05,2997923.699,3.672547e-03,3.330529e+01,1.614552e-05,3.611258e-05,3003658.367,1.250000e-04,5.30,12876.86
3083,3.630237e-03,3.325559e+01,1.760460e-05,2.572655e-05,2997907.775,4.194004e-03,3.347188e+01,7.384467e-05,2.167397e-05,3001193.883,1.250000e-04,5.83,12882.69
3084,3.677804e-03,3.329515e+01,2.040056e-05,2.885676e-05,2997966.771,3.825750e-03,3.333028e+01,4.651057e-05,5.523413e-06,2999128.109,1.250000e-04,5.07,12887.76
3085,3.640546e-03,3.325868e+01,1.820008e-05,2.653546e-05,2997807.918,3.446795e-03,3.317479e+01,9.218241e-06,7.426781e-06,2998364.492,1.250000e-04,5.44,12893.20
3086,3.638684e-03,3.326272e+01,1.987477e-05,2.273275e-05,2997696.582,3.746636e-03,3.364454e+01,1.085972e-05,5.471692e-05,3019221.609,1.250000e-04,5.55,12898.75
3087,3.612871e-03,3.326300e+01,1.761789e-05,2.207856e-05,2998074.893,3.558663e-03,3.314705e+01,1.686946e-05,1.505274e-05,2994570.203,1.250000e-04,5.78,12904.53
3088,3.703743e-03,3.325863e+01,2.179473e-05,3.198648e-05,2997882.367,3.517947e-03,3.331782e+01,1.283273e-05,1.156757e-05,3002684.328,1.250000e-04,5.97,12910.50
3089,3.678487e-03,3.326500e+01,2.203334e-05,2.633072e-05,2998060.652,3.649531e-03,3.285582e+01,1.147797e-05,4.983387e-05,2981052.281,1.250000e-04,5.42,12915.92
3090,3.653832e-03,3.322502e+01,1.968454e-05,2.689695e-05,2997688.582,3.570649e-03,3.316252e+01,1.705110e-05,1.677717e-05,2995269.914,1.250000e-04,5.96,12921.89
3091,3.670356e-03,3.325902e+01,1.908831e-05,3.071419e-05,2997993.461,3.669891e-03,3.276195e+01,7.908551e-06,6.292210e-05,2978374.008,1.250000e-04,5.90,12927.79
3092,3.620104e-03,3.324832e+01,1.852067e-05,2.201306e-05,2997735.643,3.802217e-03,3.346577e+01,2.626507e-05,3.859787e-05,3004692.117,1.250000e-04,6.13,12933.92
3093,3.622473e-03,3.322384e+01,1.760036e-05,2.481719e-05,2997854.305,3.828404e-03,3.357117e+01,3.623575e-05,2.178595e-05,3006943.367,1.250000e-04,5.92,12939.84
3094,3.611869e-03,3.324452e+01,1.798120e-05,2.152115e-05,2997787.541,3.632170e-03,3.335131e+01,1.864458e-05,2.211881e-05,3004691.047,1.250000e-04,6.27,12946.11
3095,3.653719e-03,3.323612e+01,2.035899e-05,2.530351e-05,2997895.988,3.998218e-03,3.332073e+01,6.127060e-05,1.068776e-05,2998676.828,1.250000e-04,5.95,12952.06
3096,3.676948e-03,3.325694e+01,2.189779e-05,2.645514e-05,2997975.885,3.709222e-03,3.315015e+01,3.028409e-05,1.827321e-05,2989644.289,1.250000e-04,5.59,12957.65
3097,3.631379e-03,3.326549e+01,1.983384e-05,2.129833e-05,2997824.531,3.651442e-03,3.339837e+01,2.706901e-05,8.183049e-06,3000685.547,1.250000e-04,5.65,12963.30
3098,3.631746e-03,3.326206e+01,2.065847e-05,1.979124e-05,2997906.926,3.545220e-03,3.304988e+01,1.284128e-05,2.236379e-05,2994783.406,1.250000e-04,5.60,12968.90
3099,3.659004e-03,3.324527e+01,1.970118e-05,2.749310e-05,2997969.896,3.580881e-03,3.332331e+01,1.611187e-05,1.748613e-05,2995081.945,1.250000e-04,5.91,12974.81
3100,3.626466e-03,3.328413e+01,1.995702e-05,1.969653e-05,2997767.711,3.500275e-03,3.326451e+01,1.213128e-05,1.050224e-05,3002929.289,1.250000e-04,5.91,12980.72
3101,3.687756e-03,3.323620e+01,2.367834e-05,2.547058e-05,2997839.545,3.629162e-03,3.315875e+01,2.436938e-05,1.391866e-05,2994122.500,1.250000e-04,6.30,12987.01
3102,3.640067e-03,3.322992e+01,1.937007e-05,2.467478e-05,2997977.494,3.549238e-03,3.298100e+01,1.562386e-05,1.897991e-05,2989862.531,1.250000e-04,5.54,12992.56
3103,3.640823e-03,3.323239e+01,1.940226e-05,2.471231e-05,2997981.512,3.599451e-03,3.304677e+01,1.975777e-05,1.943926e-05,2990536.320,1.250000e-04,6.15,12998.71
3104,3.700656e-03,3.325950e+01,2.246330e-05,3.001457e-05,2997878.963,3.995398e-03,3.328871e+01,6.191982e-05,9.465755e-06,3000342.766,1.250000e-04,5.57,13004.28
3105,3.649798e-03,3.321914e+01,1.974214e-05,2.609270e-05,2997833.537,3.421741e-03,3.316464e+01,7.462734e-06,6.129997e-06,2997353.250,1.250000e-04,5.93,13010.20
3106,3.659855e-03,3.329217e+01,2.182925e-05,2.246917e-05,2997885.111,3.466753e-03,3.315117e+01,9.197024e-06,1.193314e-05,2996154.312,1.250000e-04,5.49,13015.69
3107,3.725734e-03,3.325944e+01,2.527250e-05,2.941301e-05,2997916.070,3.572639e-03,3.296981e+01,1.410369e-05,2.692421e-05,2990081.273,1.250000e-04,6.19,13021.88
3108,3.619631e-03,3.322118e+01,1.829655e-05,2.290949e-05,2997552.578,3.581221e-03,3.323824e+01,2.253159e-05,6.416163e-06,2998806.977,1.250000e-04,5.51,13027.39
3109,3.622951e-03,3.323754e+01,2.002416e-05,1.979096e-05,2998022.842,3.560237e-03,3.295985e+01,1.127014e-05,3.031010e-05,2985564.953,1.250000e-04,6.23,13033.62
3110,3.672024e-03,3.323572e+01,2.170396e-05,2.628258e-05,2997869.084,3.742670e-03,3.361048e+01,2.031808e-05,3.568831e-05,3015522.969,1.250000e-04,5.57,13039.19
3111,3.652873e-03,3.322910e+01,2.206275e-05,2.186714e-05,2997854.264,3.563347e-03,3.335921e+01,1.680875e-05,1.186785e-05,3001538.336,1.250000e-04,5.72,13044.92
3112,3.667742e-03,3.324167e+01,2.017625e-05,2.836258e-05,2997998.121,3.717804e-03,3.281259e+01,8.786408e-06,6.973621e-05,2977775.242,1.250000e-04,5.51,13050.42
3113,3.780357e-03,3.327156e+01,2.460809e-05,4.142419e-05,2997423.861,3.618852e-03,3.336791e+01,2.294002e-05,1.053226e-05,2999315.047,1.250000e-04,5.52,13055.94
3114,3.697890e-03,3.329091e+01,2.366763e-05,2.642468e-05,2998193.035,3.489676e-03,3.331011e+01,1.188496e-05,7.962969e-06,3001723.602,1.250000e-04,5.75,13061.69
3115,3.668213e-03,3.325142e+01,2.105690e-05,2.650034e-05,2997861.016,3.813425e-03,3.358274e+01,3.420090e-05,2.262827e-05,3011821.516,1.250000e-04,5.49,13067.18
3116,3.598451e-03,3.322480e+01,1.766817e-05,1.985792e-05,2997726.438,3.719601e-03,3.359299e+01,1.299354e-05,4.607344e-05,3016822.648,1.250000e-04,5.62,13072.81
3117,3.656289e-03,3.324393e+01,2.026340e-05,2.585244e-05,2998121.736,3.683394e-03,3.298623e+01,2.446530e-05,2.802355e-05,2986628.055,1.250000e-04,5.71,13078.51
3118,3.624340e-03,3.324396e+01,1.811142e-05,2.376597e-05,2997722.918,3.468966e-03,3.301225e+01,8.401550e-06,1.674516e-05,2994096.727,1.250000e-04,5.71,13084.22
3119,3.679656e-03,3.324388e+01,2.097857e-05,2.909638e-05,2998025.875,3.551984e-03,3.326820e+01,1.758230e-05,9.868167e-06,3000643.469,1.250000e-04,5.46,13089.69
3120,3.658725e-03,3.327605e+01,2.079398e-05,2.463606e-05,2997763.809,3.713038e-03,3.372381e+01,8.296424e-06,5.153853e-05,3018151.742,1.250000e-04,5.44,13095.12
3121,3.683605e-03,3.324627e+01,2.141344e-05,2.896863e-05,2997900.484,3.517834e-03,3.327092e+01,1.215286e-05,1.384268e-05,3001862.688,1.250000e-04,5.95,13101.08
3122,3.692848e-03,3.329200e+01,2.486296e-05,2.300362e-05,2997962.279,3.566473e-03,3.321231e+01,1.626136e-05,1.652575e-05,2999012.094,1.250000e-04,5.48,13106.55
3123,3.635783e-03,3.324910e+01,1.844452e-05,2.528560e-05,2997879.613,3.793233e-03,3.350655e+01,2.334864e-05,4.181829e-05,3016030.578,1.250000e-04,5.84,13112.40
3124,3.679476e-03,3.329384e+01,2.136102e-05,2.729626e-05,2997892.656,3.638859e-03,3.287049e+01,1.666590e-05,3.703020e-05,2986332.883,1.250000e-04,5.70,13118.10
3125,3.708034e-03,3.328166e+01,2.214212e-05,3.168927e-05,2997823.793,3.764598e-03,3.370526e+01,1.182814e-05,5.515813e-05,3018715.086,1.250000e-04,5.44,13123.53
3126,3.706748e-03,3.332122e+01,2.173007e-05,3.146502e-05,2997951.736,3.568035e-03,3.338637e+01,1.569587e-05,1.448788e-05,2998542.477,1.250000e-04,5.51,13129.04
3127,3.590864e-03,3.325817e+01,1.675670e-05,1.949594e-05,2997948.041,3.620117e-03,3.322304e+01,2.540593e-05,8.750724e-06,2999084.445,1.250000e-04,5.78,13134.82
3128,3.625767e-03,3.325436e+01,1.857179e-05,2.292265e-05,2997867.430,3.538330e-03,3.345562e+01,1.217916e-05,1.419526e-05,3007949.891,1.250000e-04,5.62,13140.44
3129,3.625018e-03,3.326621e+01,1.896624e-05,2.174703e-05,2997758.271,3.587320e-03,3.327196e+01,2.002563e-05,1.197352e-05,2999547.359,1.250000e-04,5.81,13146.25
3130,3.636273e-03,3.325733e+01,2.010388e-05,2.190019e-05,2997850.557,4.292428e-03,3.351710e+01,7.651512e-05,3.511356e-05,3002763.477,1.250000e-04,5.36,13151.61
3131,3.680560e-03,3.330881e+01,2.257275e-05,2.479045e-05,2997813.848,3.860718e-03,3.380698e+01,1.855135e-05,5.890123e-05,3021513.750,1.250000e-04,5.65,13157.25
3132,3.655335e-03,3.326106e+01,1.967486e-05,2.649607e-05,2997900.383,3.495283e-03,3.313924e+01,1.363278e-05,9.006266e-06,2994688.789,1.250000e-04,5.47,13162.72
3133,3.632974e-03,3.326869e+01,1.862259e-05,2.397570e-05,2997965.943,3.515599e-03,3.284967e+01,7.512442e-06,3.110155e-05,2985956.750,1.250000e-04,5.82,13168.54
3134,3.673034e-03,3.326729e+01,2.104797e-05,2.716504e-05,2997926.117,3.677526e-03,3.355055e+01,2.331416e-05,1.786604e-05,3005981.875,1.250000e-04,4.91,13173.45
3135,3.586351e-03,3.323062e+01,1.555620e-05,2.154544e-05,2997739.506,3.574719e-03,3.342754e+01,1.573860e-05,1.491599e-05,3008416.586,1.250000e-04,5.78,13179.24
3136,3.642637e-03,3.323249e+01,1.870564e-05,2.646631e-05,2997917.273,3.596199e-03,3.355292e+01,1.053106e-05,2.711938e-05,3012131.195,1.250000e-04,5.34,13184.57
3137,3.633408e-03,3.322081e+01,2.138053e-05,1.950437e-05,2997780.570,3.604774e-03,3.353397e+01,1.409338e-05,2.208870e-05,3009103.445,1.250000e-04,5.39,13189.96
3138,3.669349e-03,3.325186e+01,2.166412e-05,2.550438e-05,2997953.941,3.971243e-03,3.291645e+01,3.334454e-05,6.923066e-05,2978307.461,1.250000e-04,5.38,13195.34
3139,3.681580e-03,3.325264e+01,2.183194e-05,2.759920e-05,2997943.875,3.543682e-03,3.310738e+01,1.680100e-05,1.298688e-05,2998506.492,1.250000e-04,5.63,13200.98
3140,3.670748e-03,3.327712e+01,2.208496e-05,2.443729e-05,2997873.848,3.496239e-03,3.318029e+01,1.100447e-05,1.363307e-05,3002036.031,1.250000e-04,5.16,13206.14
3141,3.626311e-03,3.323564e+01,1.974447e-05,2.106040e-05,2997956.254,3.911665e-03,3.290588e+01,3.573317e-05,5.274907e-05,2979375.633,1.250000e-04,5.78,13211.92
3142,3.660625e-03,3.325145e+01,2.201176e-05,2.307250e-05,2997657.619,3.539185e-03,3.328718e+01,1.203364e-05,1.802624e-05,3003997.148,1.250000e-04,5.70,13217.63
3143,3.713173e-03,3.324112e+01,2.311513e-05,3.158195e-05,2997990.918,4.195393e-03,3.375861e+01,6.401137e-05,3.588384e-05,3013720.922,1.250000e-04,5.51,13223.13
3144,3.729151e-03,3.325760e+01,2.553787e-05,2.960240e-05,2997980.932,3.528608e-03,3.301906e+01,1.083320e-05,2.367406e-05,2987431.539,1.250000e-04,5.57,13228.70
3145,3.604061e-03,3.323505e+01,1.646903e-05,2.317326e-05,2997905.723,3.481715e-03,3.333782e+01,7.713087e-06,1.416048e-05,3006402.555,1.250000e-04,5.65,13234.35
3146,3.659242e-03,3.323632e+01,2.169511e-05,2.373162e-05,2997925.029,3.592566e-03,3.296170e+01,1.408549e-05,3.110818e-05,2986748.867,1.250000e-04,5.50,13239.85
3147,3.704137e-03,3.329222e+01,2.385912e-05,2.726482e-05,2997804.629,4.085618e-03,3.304475e+01,5.070535e-05,5.481794e-05,2986109.258,1.250000e-04,5.04,13244.89
3148,3.705594e-03,3.324275e+01,2.153109e-05,3.320167e-05,2997664.156,3.657949e-03,3.345648e+01,1.430420e-05,3.385193e-05,3010520.836,1.250000e-04,5.62,13250.52
3149,3.706113e-03,3.324524e+01,2.209639e-05,3.212506e-05,2998062.217,3.698781e-03,3.304285e+01,1.931480e-05,4.026973e-05,2989978.898,1.250000e-04,5.38,13255.90
3150,3.686503e-03,3.327817e+01,2.239339e-05,2.695042e-05,2997913.641,3.609134e-03,3.288014e+01,1.655356e-05,3.111683e-05,2986777.055,1.250000e-04,5.63,13261.53
3151,3.694080e-03,3.325571e+01,2.255700e-05,2.858784e-05,2997864.309,3.540765e-03,3.302168e+01,1.369026e-05,2.033890e-05,2992827.070,1.250000e-04,5.75,13267.28
3152,3.650238e-03,3.322729e+01,2.029922e-05,2.490346e-05,2997756.564,3.490196e-03,3.326814e+01,1.267775e-05,7.320981e-06,3002571.688,1.250000e-04,5.72,13273.00
3153,3.642901e-03,3.324984e+01,2.058034e-05,2.242277e-05,2997781.615,4.157595e-03,3.402810e+01,1.635424e-05,1.182485e-04,3031075.281,1.250000e-04,5.76,13278.76
3154,3.723019e-03,3.327411e+01,2.380511e-05,3.151136e-05,2998243.773,4.205159e-03,3.252489e+01,2.224952e-05,1.460350e-04,2967104.789,1.250000e-04,5.72,13284.48
3155,3.773023e-03,3.327098e+01,2.786934e-05,3.344636e-05,2997754.070,4.080019e-03,3.328490e+01,6.354213e-05,2.322146e-05,2991581.492,1.250000e-04,5.56,13290.04
3156,3.727255e-03,3.325967e+01,2.335286e-05,3.355190e-05,2997648.342,3.714478e-03,3.353693e+01,2.581206e-05,2.053288e-05,3007535.555,1.250000e-04,5.18,13295.22
3157,3.622028e-03,3.322914e+01,1.931407e-05,2.119473e-05,2997760.666,3.569900e-03,3.342876e+01,1.307763e-05,1.924954e-05,3010176.477,1.250000e-04,5.42,13300.64
3158,3.641931e-03,3.325192e+01,1.908472e-05,2.517822e-05,2997945.402,3.498168e-03,3.322131e+01,1.295411e-05,9.299276e-06,3000864.469,1.250000e-04,5.62,13306.26
3159,3.649917e-03,3.325079e+01,2.045637e-05,2.405488e-05,2997898.482,3.968644e-03,3.344713e+01,5.616992e-05,1.244643e-05,3005021.375,1.250000e-04,5.59,13311.84
3160,3.673658e-03,3.323068e+01,2.192749e-05,2.626292e-05,2997935.248,3.535269e-03,3.296162e+01,1.205878e-05,2.370372e-05,2989573.602,1.250000e-04,5.83,13317.67
3161,3.621196e-03,3.324443e+01,1.938199e-05,2.058664e-05,2997884.105,3.822008e-03,3.286273e+01,3.349026e-05,4.016658e-05,2984512.312,1.250000e-04,5.52,13323.19
3162,3.657365e-03,3.323359e+01,2.141351e-05,2.397405e-05,2997741.617,3.734157e-03,3.347201e+01,3.273580e-05,1.191966e-05,3007181.539,1.250000e-04,5.90,13329.09
3163,3.720718e-03,3.323829e+01,2.356506e-05,3.224772e-05,2997681.262,3.606743e-03,3.355997e+01,1.641022e-05,1.732871e-05,3008152.117,1.250000e-04,5.92,13335.02
3164,3.664518e-03,3.327399e+01,2.184659e-05,2.373079e-05,2997970.795,3.791315e-03,3.361999e+01,3.102490e-05,2.381351e-05,3009852.977,1.250000e-04,6.01,13341.03
3165,3.697534e-03,3.326934e+01,2.209912e-05,2.992182e-05,2997825.400,4.454660e-03,3.412079e+01,3.897132e-05,1.305735e-04,3032683.250,1.250000e-04,5.63,13346.66
3166,3.683070e-03,3.325413e+01,2.091682e-05,2.969769e-05,2998046.299,3.618499e-03,3.334121e+01,2.078370e-05,1.530814e-05,3005741.141,1.250000e-04,5.39,13352.04
3167,3.622075e-03,3.319890e+01,1.844698e-05,2.354317e-05,2997861.234,3.563953e-03,3.300139e+01,1.596101e-05,2.084080e-05,2988277.484,1.250000e-04,5.49,13357.54
3168,3.669762e-03,3.327481e+01,2.163472e-05,2.518672e-05,2997832.057,3.570073e-03,3.326581e+01,1.527618e-05,1.814593e-05,2994446.867,1.250000e-04,5.78,13363.31
3169,3.667019e-03,3.323473e+01,2.009344e-05,2.852225e-05,2997950.572,3.814459e-03,3.350396e+01,3.928896e-05,1.423465e-05,3007846.141,1.250000e-04,5.70,13369.01
3170,3.625618e-03,3.323523e+01,1.984415e-05,2.073084e-05,2997806.311,3.500893e-03,3.326466e+01,1.377588e-05,7.333726e-06,3000698.148,1.250000e-04,6.10,13375.11
3171,3.658685e-03,3.324945e+01,2.063357e-05,2.548082e-05,2997942.635,3.540346e-03,3.310455e+01,1.566083e-05,1.465651e-05,2993559.203,1.250000e-04,5.83,13380.94
3172,3.724250e-03,3.329195e+01,2.293572e-05,3.313966e-05,2997782.510,3.751199e-03,3.306918e+01,2.760209e-05,3.365200e-05,2985892.109,1.250000e-04,5.66,13386.60
3173,3.705261e-03,3.327815e+01,2.613312e-05,2.322296e-05,2998033.410,4.264223e-03,3.332710e+01,7.673553e-05,3.283153e-05,2994468.766,1.250000e-04,5.45,13392.05
3174,3.626903e-03,3.321068e+01,1.798786e-05,2.519134e-05,2997705.072,3.632021e-03,3.296351e+01,2.500299e-05,1.712805e-05,2991286.781,1.250000e-04,5.94,13397.98
3175,3.611983e-03,3.323570e+01,1.699168e-05,2.369923e-05,2998035.258,3.549112e-03,3.300837e+01,8.561623e-06,3.253173e-05,2984823.961,1.250000e-04,5.22,13403.20
3176,3.661441e-03,3.322825e+01,2.089596e-05,2.593126e-05,2997754.680,3.661219e-03,3.320225e+01,2.537244e-05,1.745379e-05,2994254.797,1.250000e-04,5.05,13408.25
3177,3.609519e-03,3.321435e+01,1.883462e-05,1.994758e-05,2997875.754,3.633304e-03,3.301857e+01,1.184196e-05,4.260532e-05,2988126.484,1.250000e-04,5.44,13413.69
3178,3.661021e-03,3.326729e+01,1.824881e-05,3.036069e-05,2997691.084,4.580453e-03,3.415913e+01,4.803321e-05,1.368416e-04,3032288.688,1.250000e-04,5.94,13419.63
3179,3.686572e-03,3.328694e+01,2.318719e-05,2.520118e-05,2998063.717,3.598496e-03,3.328376e+01,2.071120e-05,1.260159e-05,2997036.555,1.250000e-04,5.40,13425.03
3180,3.680369e-03,3.325279e+01,2.046459e-05,3.008874e-05,2997811.701,3.680538e-03,3.305514e+01,2.162860e-05,3.174753e-05,2987554.195,1.250000e-04,5.85,13430.88
3181,3.646113e-03,3.320842e+01,2.080609e-05,2.344195e-05,2997951.098,3.479681e-03,3.309785e+01,8.131058e-06,1.771719e-05,2991365.516,1.250000e-04,5.30,13436.18
3182,3.666463e-03,3.325465e+01,2.132779e-05,2.554399e-05,2997869.990,3.583953e-03,3.317902e+01,2.017714e-05,1.285601e-05,2993886.641,1.250000e-04,5.61,13441.78
3183,3.704929e-03,3.326372e+01,2.188670e-05,3.193800e-05,2998024.336,3.519623e-03,3.297479e+01,1.143052e-05,2.156776e-05,2989459.016,1.250000e-04,6.09,13447.87
3184,3.678800e-03,3.322767e+01,2.035477e-05,3.049711e-05,2997697.697,3.497860e-03,3.339719e+01,1.162549e-05,8.377088e-06,3004009.820,1.250000e-04,5.13,13453.01
3185,3.679724e-03,3.325617e+01,2.192181e-05,2.697772e-05,2997964.518,3.676183e-03,3.341711e+01,2.062786e-05,2.563872e-05,3004490.602,1.250000e-04,5.08,13458.09
3186,3.664997e-03,3.326063e+01,2.104583e-05,2.569526e-05,2997783.506,3.697327e-03,3.323062e+01,2.267289e-05,2.950731e-05,2994784.719,1.250000e-04,5.59,13463.67
3187,3.659588e-03,3.327234e+01,2.034685e-05,2.577722e-05,2997971.461,3.508466e-03,3.317315e+01,1.240588e-05,1.341834e-05,2996897.391,1.250000e-04,5.57,13469.24
3188,3.693663e-03,3.326747e+01,2.178896e-05,2.980515e-05,2997837.277,3.509578e-03,3.314432e+01,1.151649e-05,1.599613e-05,2995405.430,1.250000e-04,5.54,13474.79
3189,3.630226e-03,3.322315e+01,1.937573e-05,2.283090e-05,2997933.961,3.485051e-03,3.311147e+01,1.101774e-05,1.274535e-05,2995702.102,1.250000e-04,5.56,13480.35
3190,3.659705e-03,3.324686e+01,2.086110e-05,2.528161e-05,2997809.316,3.604984e-03,3.334193e+01,2.098762e-05,1.218299e-05,3005403.742,1.250000e-04,5.71,13486.06
3191,3.705366e-03,3.327499e+01,2.171307e-05,3.214743e-05,2997865.891,3.455257e-03,3.317210e+01,9.066879e-06,9.475650e-06,3000047.180,1.250000e-04,5.80,13491.86
3192,3.726950e-03,3.324372e+01,2.335973e-05,3.379603e-05,2997887.098,3.568427e-03,3.333919e+01,1.709484e-05,1.271203e-05,3003409.320,1.250000e-04,5.08,13496.94
3193,3.671942e-03,3.325821e+01,2.267135e-05,2.388155e-05,2997871.068,3.442632e-03,3.321327e+01,8.370695e-06,7.519611e-06,3003903.547,1.250000e-04,5.09,13502.02
3194,3.607892e-03,3.322132e+01,1.847758e-05,2.019679e-05,2997859.129,3.712632e-03,3.329145e+01,2.622545e-05,2.424650e-05,3002307.047,1.250000e-04,5.29,13507.31
3195,3.634623e-03,3.324173e+01,1.998831e-05,2.211340e-05,2998092.438,3.493840e-03,3.321152e+01,1.175632e-05,1.102496e-05,3000512.617,1.250000e-04,5.50,13512.81
3196,3.682850e-03,3.323865e+01,2.106242e-05,2.967233e-05,2997949.029,3.716359e-03,3.284867e+01,2.242953e-05,4.143947e-05,2983531.203,1.250000e-04,5.82,13518.63
3197,3.676060e-03,3.327719e+01,2.277018e-05,2.412796e-05,2997790.369,3.511320e-03,3.297027e+01,9.025293e-06,2.480813e-05,2995704.086,1.250000e-04,5.25,13523.88
3198,3.712576e-03,3.324955e+01,2.221197e-05,3.310025e-05,2997895.578,3.489780e-03,3.335725e+01,1.000534e-05,1.080040e-05,3002923.062,1.250000e-04,5.38,13529.26
3199,3.664839e-03,3.324318e+01,2.078859e-05,2.652722e-05,2997604.322,3.921480e-03,3.363824e+01,3.249319e-05,4.654493e-05,3016254.164,1.250000e-04,6.05,13535.31
3200,3.639102e-03,3.326108e+01,1.969113e-05,2.321668e-05,2998095.092,3.788431e-03,3.276486e+01,2.005278e-05,6.228343e-05,2978489.461,1.250000e-04,5.58,13540.89
3201,3.631378e-03,3.320012e+01,1.904505e-05,2.418307e-05,2997805.801,3.956692e-03,3.294509e+01,4.384749e-05,4.474158e-05,2982040.883,1.250000e-04,5.83,13546.71
3202,3.672425e-03,3.324143e+01,2.179788e-05,2.606076e-05,2997702.275,3.658824e-03,3.343228e+01,1.311421e-05,3.689066e-05,3010993.883,1.250000e-04,5.80,13552.51
3203,3.629426e-03,3.322549e+01,1.897358e-05,2.342825e-05,2998024.988,4.164856e-03,3.268125e+01,4.127056e-05,9.680517e-05,2972422.281,1.250000e-04,5.25,13557.76
3204,3.657137e-03,3.323808e+01,1.974373e-05,2.717847e-05,2997948.242,3.969804e-03,3.341717e+01,3.214717e-05,6.132317e-05,3010388.555,1.250000e-04,5.02,13562.79
3205,3.646614e-03,3.323290e+01,1.900598e-05,2.665279e-05,2997723.018,3.540101e-03,3.339030e+01,1.200014e-05,1.621397e-05,3003486.578,1.250000e-04,5.60,13568.39
3206,3.658610e-03,3.324045e+01,2.160650e-05,2.369991e-05,2997977.828,3.511956e-03,3.295649e+01,9.981324e-06,2.329889e-05,2988955.242,1.250000e-04,6.06,13574.45
3207,3.675958e-03,3.323407e+01,2.184092e-05,2.682837e-05,2997715.043,3.582307e-03,3.342288e+01,9.492874e-06,2.901801e-05,3008971.789,1.250000e-04,5.65,13580.10
3208,3.674828e-03,3.322845e+01,2.142932e-05,2.753783e-05,2997838.969,3.653943e-03,3.353514e+01,1.264017e-05,3.480540e-05,3014891.570,1.250000e-04,5.60,13585.69
3209,3.629970e-03,3.323226e+01,1.901128e-05,2.332630e-05,2997932.803,3.447479e-03,3.319194e+01,9.182564e-06,7.291899e-06,2999211.633,1.250000e-04,5.43,13591.13
3210,3.670750e-03,3.323218e+01,2.110184e-05,2.730277e-05,2998051.512,3.774758e-03,3.283393e+01,2.184051e-05,5.459205e-05,2980921.234,1.250000e-04,5.34,13596.46
3211,3.654703e-03,3.323712e+01,2.072023e-05,2.475775e-05,2997770.785,3.750329e-03,3.287966e+01,1.734536e-05,5.778197e-05,2979760.516,1.250000e-04,5.16,13601.63
3212,3.614781e-03,3.322892e+01,1.733321e-05,2.371132e-05,2998198.412,4.706523e-03,3.373011e+01,1.180112e-04,3.068015e-05,2996457.805,1.250000e-04,5.33,13606.96
3213,3.689436e-03,3.322327e+01,2.264411e-05,2.813355e-05,2997639.223,3.564076e-03,3.291008e+01,7.783723e-06,3.904610e-05,2982529.195,1.250000e-04,5.33,13612.28
3214,3.609077e-03,3.322055e+01,1.881023e-05,1.978411e-05,2997816.270,3.850384e-03,3.308979e+01,3.742636e-05,3.342816e-05,2989862.109,1.250000e-04,6.10,13618.39
3215,3.657445e-03,3.328446e+01,2.022401e-05,2.535167e-05,2997712.604,3.586160e-03,3.328891e+01,1.559174e-05,2.027028e-05,3007921.188,1.250000e-04,5.66,13624.05
3216,3.658404e-03,3.323966e+01,2.226756e-05,2.235251e-05,2998081.828,3.536954e-03,3.316898e+01,1.367742e-05,1.665652e-05,2996144.328,1.250000e-04,5.28,13629.32
3217,3.642623e-03,3.323399e+01,2.159211e-05,2.066069e-05,2997788.924,3.568233e-03,3.297798e+01,1.097816e-05,3.213067e-05,2988975.930,1.250000e-04,5.28,13634.60
3218,3.721431e-03,3.329946e+01,2.442363e-05,2.944964e-05,2997741.506,3.520316e-03,3.338136e+01,1.313353e-05,1.016903e-05,3006255.078,1.250000e-04,5.82,13640.42
3219,3.694317e-03,3.326428e+01,2.351013e-05,2.655755e-05,2997986.061,3.619550e-03,3.293355e+01,2.154019e-05,2.215859e-05,2990751.938,1.250000e-04,5.37,13645.80
3220,3.615801e-03,3.319823e+01,1.881564e-05,2.156434e-05,2997995.771,3.650138e-03,3.350347e+01,2.153578e-05,1.688661e-05,3008709.633,1.250000e-04,5.65,13651.45
3221,3.641733e-03,3.322183e+01,2.016151e-05,2.358707e-05,2997666.428,3.490805e-03,3.327821e+01,1.199875e-05,8.599367e-06,3000962.273,1.250000e-04,5.20,13656.65
3222,3.614000e-03,3.318698e+01,1.845262e-05,2.215531e-05,2997755.768,3.939907e-03,3.334280e+01,5.554276e-05,1.003993e-05,2999543.648,1.250000e-04,5.49,13662.14
3223,3.653996e-03,3.324866e+01,1.972829e-05,2.636934e-05,2998004.898,3.583484e-03,3.299348e+01,1.832521e-05,2.017686e-05,2993087.891,1.250000e-04,5.04,13667.18
3224,3.622400e-03,3.322076e+01,1.877168e-05,2.252142e-05,2997928.289,3.523830e-03,3.326274e+01,1.632426e-05,6.862627e-06,3001797.453,1.250000e-04,5.49,13672.67
3225,3.663836e-03,3.323011e+01,2.093451e-05,2.629602e-05,2998087.344,3.525221e-03,3.324302e+01,1.278041e-05,1.462306e-05,3003467.969,1.250000e-04,5.76,13678.43
3226,3.654049e-03,3.324253e+01,1.832907e-05,2.930114e-05,2997796.277,3.741821e-03,3.295190e+01,2.155313e-05,4.621988e-05,2985716.586,1.250000e-04,5.84,13684.26
3227,3.689254e-03,3.326983e+01,2.468525e-05,2.308362e-05,2997874.311,3.810014e-03,3.280906e+01,2.681769e-05,5.218634e-05,2980260.375,1.250000e-04,5.90,13690.16
3228,3.627151e-03,3.323219e+01,1.826981e-05,2.424678e-05,2997723.816,3.554471e-03,3.331245e+01,1.482999e-05,1.498529e-05,3008333.516,1.250000e-04,5.24,13695.40
3229,3.646421e-03,3.321490e+01,2.044661e-05,2.409305e-05,2998038.129,3.519799e-03,3.309012e+01,1.253414e-05,1.708914e-05,2991626.469,1.250000e-04,5.98,13701.38
3230,3.688466e-03,3.326440e+01,2.202743e-05,2.835026e-05,2997733.975,3.694767e-03,3.324289e+01,3.340041e-05,7.294813e-06,3000613.328,1.250000e-04,6.09,13707.47
3231,3.734235e-03,3.325599e+01,2.349378e-05,3.473968e-05,2997909.844,3.555838e-03,3.349159e+01,1.139560e-05,1.854451e-05,3008062.922,1.250000e-04,5.58,13713.05
3232,3.665904e-03,3.326950e+01,2.373564e-05,2.031959e-05,2997826.934,3.841043e-03,3.323572e+01,3.596358e-05,3.156720e-05,3004745.531,1.250000e-04,5.42,13718.47
3233,3.649642e-03,3.320380e+01,2.062608e-05,2.460030e-05,2997719.633,4.079794e-03,3.376968e+01,2.749578e-05,8.557373e-05,3023343.367,1.250000e-04,5.34,13723.82
3234,3.723975e-03,3.324845e+01,2.330796e-05,3.321008e-05,2998124.881,3.524908e-03,3.285490e+01,9.621177e-06,2.864135e-05,2987111.664,1.250000e-04,5.16,13728.97
3235,3.675267e-03,3.321605e+01,2.155064e-05,2.763111e-05,2997690.092,3.628056e-03,3.296965e+01,2.297740e-05,2.026344e-05,2989311.773,1.250000e-04,5.10,13734.07
3236,3.633483e-03,3.325513e+01,1.998623e-05,2.162161e-05,2997975.689,3.547842e-03,3.298499e+01,1.202122e-05,2.582622e-05,2987529.742,1.250000e-04,5.54,13739.61
3237,3.673938e-03,3.324761e+01,2.146206e-05,2.691135e-05,2997804.895,3.606673e-03,3.356073e+01,1.714695e-05,1.582610e-05,3008352.664,1.250000e-04,5.54,13745.15
3238,3.658474e-03,3.324949e+01,2.007719e-05,2.655071e-05,2997858.545,3.501119e-03,3.322812e+01,1.481611e-05,6.029116e-06,2998304.891,1.250000e-04,5.59,13750.74
3239,3.734349e-03,3.327235e+01,2.637996e-05,2.866291e-05,2997648.189,3.575271e-03,3.333225e+01,1.886103e-05,1.068711e-05,3005331.516,1.250000e-04,5.65,13756.40
3240,3.772511e-03,3.331165e+01,3.197200e-05,2.432535e-05,2997955.588,3.656492e-03,3.308004e+01,2.275055e-05,2.419649e-05,2990016.359,1.250000e-04,5.34,13761.73
3241,3.767378e-03,3.330133e+01,2.809859e-05,3.125176e-05,2997956.059,3.486643e-03,3.302929e+01,1.002413e-05,1.669470e-05,2991552.805,1.250000e-04,5.29,13767.02
3242,3.689615e-03,3.328295e+01,2.510706e-05,2.204996e-05,2997812.600,3.607522e-03,3.322659e+01,2.409109e-05,8.790506e-06,3000843.758,1.250000e-04,5.54,13772.56
3243,3.724833e-03,3.324743e+01,2.549649e-05,2.902498e-05,2997536.980,3.567632e-03,3.318270e+01,1.780302e-05,1.426648e-05,3000339.523,1.250000e-04,5.47,13778.03
3244,3.730505e-03,3.326913e+01,2.661217e-05,2.749400e-05,2998430.814,3.837273e-03,3.278046e+01,2.309279e-05,6.565980e-05,2979086.758,1.250000e-04,5.92,13783.95
3245,3.712629e-03,3.329288e+01,2.466458e-05,2.733917e-05,2997455.592,3.766371e-03,3.345856e+01,3.078267e-05,2.253750e-05,3008753.266,1.250000e-04,5.70,13789.64
3246,3.702543e-03,3.324360e+01,2.571360e-05,2.420936e-05,2997921.053,3.739771e-03,3.318718e+01,3.644932e-05,1.131208e-05,2994759.773,1.250000e-04,5.57,13795.22
3247,3.776073e-03,3.332061e+01,2.839346e-05,3.201548e-05,2997862.361,3.507176e-03,3.331352e+01,1.026030e-05,1.464417e-05,3003473.500,1.250000e-04,6.01,13801.22
3248,3.723414e-03,3.328692e+01,2.591101e-05,2.712248e-05,2997795.410,3.700040e-03,3.341101e+01,2.885040e-05,1.408703e-05,3003919.109,1.250000e-04,5.76,13806.99
3249,3.711310e-03,3.327389e+01,2.687983e-05,2.302451e-05,2997819.127,4.462429e-03,3.428397e+01,2.904569e-05,1.487150e-04,3032474.102,1.250000e-04,5.44,13812.42
3250,3.730698e-03,3.329800e+01,2.378386e-05,3.261202e-05,2998058.305,3.850192e-03,3.356818e+01,4.006131e-05,1.855205e-05,3001344.945,1.250000e-04,5.76,13818.18
3251,3.697730e-03,3.328631e+01,2.432655e-05,2.516668e-05,2997973.260,3.576625e-03,3.311562e+01,2.002312e-05,1.296636e-05,2993985.500,1.250000e-04,5.20,13823.38
3252,3.696969e-03,3.327508e+01,2.514942e-05,2.359345e-05,2997755.186,3.678717e-03,3.325793e+01,2.426439e-05,2.205613e-05,3006353.719,1.250000e-04,5.24,13828.62
3253,3.726779e-03,3.324873e+01,2.733841e-05,2.570423e-05,2997959.504,3.955616e-03,3.278901e+01,2.777469e-05,7.979375e-05,2975297.359,1.250000e-04,5.50,13834.12
3254,3.718166e-03,3.327943e+01,2.540732e-05,2.723009e-05,2997657.875,3.599229e-03,3.303567e+01,1.934846e-05,2.043554e-05,2991442.898,1.250000e-04,5.66,13839.79
3255,3.717902e-03,3.325077e+01,2.566960e-05,2.722576e-05,2997883.518,3.614903e-03,3.318480e+01,2.251042e-05,1.426361e-05,2997297.406,1.250000e-04,5.62,13845.41
3256,3.718293e-03,3.331257e+01,2.628958e-05,2.482798e-05,2997889.332,3.773001e-03,3.331915e+01,3.407561e-05,2.006597e-05,3006862.625,1.250000e-04,5.71,13851.12
3257,3.712629e-03,3.324056e+01,2.675172e-05,2.421106e-05,2997868.980,3.596177e-03,3.325699e+01,2.132396e-05,1.144763e-05,3000056.148,1.250000e-04,5.59,13856.72
3258,3.688304e-03,3.328247e+01,2.473450e-05,2.254234e-05,2997832.553,3.536246e-03,3.333129e+01,1.553327e-05,9.556815e-06,3000351.680,1.250000e-04,5.51,13862.23
3259,3.736239e-03,3.329253e+01,2.557845e-05,3.024025e-05,2997956.760,3.745900e-03,3.285872e+01,2.321510e-05,4.557549e-05,2985148.711,1.250000e-04,5.08,13867.31
3260,3.849499e-03,3.333822e+01,3.347457e-05,3.618628e-05,2997660.639,3.713031e-03,3.344585e+01,2.628447e-05,2.112027e-05,3006991.148,1.250000e-04,5.15,13872.46
3261,3.710967e-03,3.325927e+01,2.600429e-05,2.499946e-05,2997970.229,3.696141e-03,3.339759e+01,2.851293e-05,1.425041e-05,3001074.281,1.250000e-04,5.58,13878.04
3262,3.710415e-03,3.329889e+01,2.587407e-05,2.435707e-05,2997857.963,3.630008e-03,3.280077e+01,1.506944e-05,3.984725e-05,2984936.250,1.250000e-04,5.83,13883.87
3263,3.681004e-03,3.326220e+01,2.416161e-05,2.263356e-05,2997852.646,3.614643e-03,3.320437e+01,2.390957e-05,1.102216e-05,2996567.359,1.250000e-04,5.70,13889.57
3264,3.778845e-03,3.332731e+01,3.088053e-05,2.746175e-05,2997832.100,3.814009e-03,3.286813e+01,2.514606e-05,5.514720e-05,2981969.516,1.250000e-04,5.01,13894.58
3265,3.729865e-03,3.329194e+01,2.762988e-05,2.487451e-05,2997737.117,3.524966e-03,3.342153e+01,1.298547e-05,1.059160e-05,3001632.328,1.250000e-04,5.55,13900.13
3266,3.700226e-03,3.330816e+01,2.565260e-05,2.257690e-05,2997791.912,3.586706e-03,3.354240e+01,1.390504e-05,1.868313e-05,3008541.656,1.250000e-04,5.07,13905.21
3267,3.662673e-03,3.326357e+01,2.232061e-05,2.262200e-05,2998094.783,3.734544e-03,3.305765e+01,1.972042e-05,4.631497e-05,2983744.586,1.250000e-04,5.26,13910.47
3268,3.737047e-03,3.327617e+01,2.528998e-05,3.130596e-05,2997546.363,3.561355e-03,3.341684e+01,1.683361e-05,1.026703e-05,3000672.570,1.250000e-04,5.21,13915.68
3269,3.747912e-03,3.335755e+01,2.669395e-05,2.904335e-05,2998294.492,3.988570e-03,3.396913e+01,4.890677e-05,2.051796e-05,3001668.906,1.250000e-04,5.36,13921.03
3270,3.808765e-03,3.333898e+01,3.105885e-05,3.285571e-05,2997546.041,3.557076e-03,3.315283e+01,1.478960e-05,1.877938e-05,2994356.312,1.250000e-04,5.26,13926.29
3271,3.712508e-03,3.324961e+01,2.499131e-05,2.752682e-05,2997693.754,3.888600e-03,3.374619e+01,2.835544e-05,4.608531e-05,3013672.062,1.250000e-04,5.71,13932.00
3272,3.716054e-03,3.331492e+01,2.525029e-05,2.641185e-05,2997856.359,3.642850e-03,3.304093e+01,2.344989e-05,2.085148e-05,2994877.938,1.250000e-04,5.76,13937.75
3273,3.677474e-03,3.326946e+01,2.400063e-05,2.210444e-05,2997984.924,3.678865e-03,3.296904e+01,2.557719e-05,2.523793e-05,2989722.695,1.250000e-04,5.77,13943.52
3274,3.743441e-03,3.327100e+01,2.832501e-05,2.661804e-05,2997700.750,3.534997e-03,3.317533e+01,1.303783e-05,1.741709e-05,3000497.336,1.250000e-04,5.45,13948.97
3275,3.716159e-03,3.326033e+01,2.507965e-05,2.786584e-05,2998033.305,3.550668e-03,3.283992e+01,1.085178e-05,3.163151e-05,2986590.109,1.250000e-04,5.28,13954.25
3276,3.725164e-03,3.323756e+01,2.653913e-05,2.720341e-05,2997732.158,3.832138e-03,3.347974e+01,3.194723e-05,3.293843e-05,3012565.898,1.250000e-04,5.58,13959.83
3277,3.752865e-03,3.328506e+01,2.936697e-05,2.613801e-05,2997670.812,3.550209e-03,3.324066e+01,1.333295e-05,1.856274e-05,3002899.484,1.250000e-04,5.52,13965.35
3278,3.764712e-03,3.330467e+01,2.955268e-05,2.774355e-05,2997835.775,3.945390e-03,3.369274e+01,3.153958e-05,5.214393e-05,3018406.352,1.250000e-04,5.72,13971.07
3279,3.724652e-03,3.327459e+01,2.624224e-05,2.695417e-05,2998010.992,3.848386e-03,3.347159e+01,4.491725e-05,1.041095e-05,3002363.945,1.250000e-04,5.61,13976.68
3280,3.810828e-03,3.328834e+01,3.245313e-05,3.149242e-05,2997814.807,3.648166e-03,3.309728e+01,2.415353e-05,1.938037e-05,2992031.141,1.250000e-04,5.90,13982.58
3281,3.803155e-03,3.331009e+01,2.908435e-05,3.626044e-05,2997879.248,3.505142e-03,3.328171e+01,1.351614e-05,8.361928e-06,2999111.172,1.250000e-04,5.56,13988.14
3282,3.772987e-03,3.329544e+01,2.848937e-05,3.171001e-05,2997848.176,3.588401e-03,3.308841e+01,2.126208e-05,1.338793e-05,2993384.344,1.250000e-04,5.89,13994.04
3283,3.711072e-03,3.327040e+01,2.653606e-05,2.373432e-05,2997739.361,3.681812e-03,3.334926e+01,2.766289e-05,1.405146e-05,3002820.047,1.250000e-04,5.65,13999.69
3284,3.789646e-03,3.332169e+01,3.287598e-05,2.574337e-05,2997904.730,4.637924e-03,3.415441e+01,1.057734e-04,3.294972e-05,3008488.633,1.250000e-04,5.73,14005.43
3285,3.642556e-03,3.327737e+01,2.168237e-05,1.959900e-05,2997991.051,3.708359e-03,3.301697e+01,2.448856e-05,3.235521e-05,2984375.164,1.250000e-04,6.03,14011.45
3286,3.699381e-03,3.328384e+01,2.593370e-05,2.233203e-05,2997837.178,3.610528e-03,3.344209e+01,1.970498e-05,1.385379e-05,3007329.000,1.250000e-04,5.05,14016.51
3287,3.763360e-03,3.331766e+01,2.955464e-05,2.720952e-05,2997815.084,3.762935e-03,3.341812e+01,3.087525e-05,2.247412e-05,3001021.375,1.250000e-04,5.43,14021.93
3288,3.742321e-03,3.327201e+01,2.656181e-05,2.990041e-05,2997659.920,3.582014e-03,3.336567e+01,2.175580e-05,5.577900e-06,3002123.391,1.250000e-04,5.19,14027.12
3289,3.716735e-03,3.329142e+01,2.826505e-05,2.098838e-05,2997925.023,3.771297e-03,3.364390e+01,1.864994e-05,4.408156e-05,3017417.125,1.250000e-04,5.69,14032.82
3290,3.757769e-03,3.333848e+01,2.863716e-05,2.750989e-05,2998081.320,3.615656e-03,3.298753e+01,1.624508e-05,3.089057e-05,2987421.477,1.250000e-04,5.47,14038.29
3291,3.840583e-03,3.335672e+01,3.086056e-05,3.926107e-05,2997538.525,3.828608e-03,3.352947e+01,2.813461e-05,3.886302e-05,3010666.500,1.250000e-04,5.45,14043.74
3292,3.724050e-03,3.330617e+01,2.760324e-05,2.348005e-05,2997942.781,3.785981e-03,3.269121e+01,1.222958e-05,7.891287e-05,2975616.375,1.250000e-04,5.47,14049.20
3293,3.790788e-03,3.329487e+01,2.983192e-05,3.259641e-05,2997808.936,4.195028e-03,3.270093e+01,2.456813e-05,1.358506e-04,2966311.031,1.250000e-04,5.16,14054.36
3294,3.735269e-03,3.328934e+01,2.671939e-05,2.782810e-05,2997807.188,3.579988e-03,3.301469e+01,1.682315e-05,2.205767e-05,2992174.953,1.250000e-04,5.44,14059.81
3295,3.682833e-03,3.325204e+01,2.303812e-05,2.544952e-05,2997708.021,3.647508e-03,3.348333e+01,2.229809e-05,1.523893e-05,3006738.836,1.250000e-04,5.00,14064.81
3296,3.796098e-03,3.328223e+01,3.121951e-05,3.113598e-05,2997969.639,3.769313e-03,3.287284e+01,2.139314e-05,5.361953e-05,2980511.461,1.250000e-04,5.42,14070.23
3297,3.764304e-03,3.330732e+01,2.593687e-05,3.484065e-05,2997787.607,3.562343e-03,3.294319e+01,1.506455e-05,2.347578e-05,2988736.578,1.250000e-04,5.64,14075.87
3298,3.701334e-03,3.326235e+01,2.476075e-05,2.549830e-05,2997968.059,4.160070e-03,3.296100e+01,3.307858e-05,1.066369e-04,2972480.227,1.250000e-04,5.06,14080.93
3299,3.774972e-03,3.329479e+01,2.777090e-05,3.355670e-05,2997882.332,3.714229e-03,3.368483e+01,2.827037e-05,1.260851e-05,3007968.289,1.250000e-04,5.79,14086.73
3300,3.757240e-03,3.331803e+01,3.008819e-05,2.491104e-05,2997798.111,3.591112e-03,3.318801e+01,2.122965e-05,1.200296e-05,2998349.617,1.250000e-04,5.79,14092.52
3301,3.781616e-03,3.333866e+01,3.019439e-05,2.916123e-05,2997868.084,3.654667e-03,3.302552e+01,2.436700e-05,2.168907e-05,2989463.711,1.250000e-04,5.04,14097.56
3302,3.741490e-03,3.330184e+01,2.853227e-05,2.519674e-05,2997834.547,4.248780e-03,3.349993e+01,8.405083e-05,1.165578e-05,3000659.750,1.250000e-04,5.34,14102.90
3303,3.739248e-03,3.327174e+01,3.021543e-05,2.198412e-05,2997756.828,3.896274e-03,3.377315e+01,3.549843e-05,3.279497e-05,3015680.836,1.250000e-04,5.99,14108.89
3304,3.705676e-03,3.330221e+01,2.333660e-05,2.841786e-05,2998022.615,3.701972e-03,3.331271e+01,2.881550e-05,1.650935e-05,2997854.586,1.250000e-04,5.37,14114.25
3305,3.744833e-03,3.328372e+01,2.758456e-05,2.812313e-05,2997763.424,3.701306e-03,3.340549e+01,3.107786e-05,9.995758e-06,2999873.961,1.250000e-04,5.12,14119.38
3306,3.695454e-03,3.327418e+01,2.487625e-05,2.385478e-05,2997770.998,3.678969e-03,3.311179e+01,2.116828e-05,3.122150e-05,2985815.820,1.250000e-04,5.58,14124.96
3307,3.769913e-03,3.328934e+01,2.909734e-05,3.000118e-05,2997913.188,3.810259e-03,3.290996e+01,3.470030e-05,3.445195e-05,2985020.891,1.250000e-04,5.92,14130.88
3308,3.788333e-03,3.331327e+01,3.170028e-05,2.800069e-05,2997867.865,3.733149e-03,3.329878e+01,2.848863e-05,2.367681e-05,2992187.812,1.250000e-04,5.34,14136.21
3309,3.712123e-03,3.327126e+01,2.586647e-05,2.526646e-05,2998002.869,3.947367e-03,3.276527e+01,2.708964e-05,7.998875e-05,2974797.875,1.250000e-04,5.62,14141.84
3310,3.785188e-03,3.335261e+01,2.778227e-05,3.442075e-05,2997671.904,3.713382e-03,3.361162e+01,2.430313e-05,2.183767e-05,3008929.977,1.250000e-04,5.83,14147.67
3311,3.810071e-03,3.335210e+01,3.213420e-05,3.070369e-05,2998033.193,4.257834e-03,3.324180e+01,7.200278e-05,4.272513e-05,2985940.547,1.250000e-04,5.81,14153.48
3312,3.706548e-03,3.327609e+01,2.542476e-05,2.493825e-05,2997767.279,4.035866e-03,3.293842e+01,3.958237e-05,6.924005e-05,2978813.977,1.250000e-04,5.63,14159.11
3313,3.717686e-03,3.329444e+01,2.634221e-05,2.496403e-05,2997664.500,3.813744e-03,3.339833e+01,3.825877e-05,1.826474e-05,3004234.188,1.250000e-04,5.53,14164.64
3314,3.795355e-03,3.335308e+01,3.153022e-05,2.894888e-05,2997977.842,3.514180e-03,3.327194e+01,1.536570e-05,6.665846e-06,3001458.180,1.250000e-04,5.61,14170.24
3315,3.709034e-03,3.326491e+01,2.561547e-05,2.527755e-05,2997895.326,3.680444e-03,3.300343e+01,1.551252e-05,4.499527e-05,2986212.070,1.250000e-04,5.22,14175.46
3316,3.774705e-03,3.327881e+01,3.095511e-05,2.745458e-05,2997611.660,4.008128e-03,3.328336e+01,4.379569e-05,4.836705e-05,2991067.414,1.250000e-04,5.68,14181.15
3317,3.669310e-03,3.326622e+01,2.043033e-05,2.767699e-05,2998008.271,3.579096e-03,3.345557e+01,1.669554e-05,1.331678e-05,3007838.625,1.250000e-04,5.32,14186.47
3318,3.687124e-03,3.327777e+01,2.205092e-05,2.776768e-05,2997862.795,3.546175e-03,3.327068e+01,1.594923e-05,1.192293e-05,3001197.875,1.250000e-04,5.75,14192.22
3319,3.713697e-03,3.328726e+01,2.731773e-05,2.235878e-05,2997925.873,3.568754e-03,3.324767e+01,2.062863e-05,7.540160e-06,3000612.086,1.250000e-04,5.22,14197.44
3320,3.708195e-03,3.331550e+01,2.600640e-05,2.331633e-05,2997712.658,3.986695e-03,3.362482e+01,4.206323e-05,4.071619e-05,3015789.406,1.250000e-04,5.76,14203.20
3321,3.800247e-03,3.331568e+01,2.951096e-05,3.471390e-05,2998080.617,3.902261e-03,3.298484e+01,4.194745e-05,3.686065e-05,2983171.398,1.250000e-04,5.64,14208.84
3322,3.737645e-03,3.331816e+01,2.552343e-05,3.011896e-05,2997877.682,3.569565e-03,3.293012e+01,1.719573e-05,2.091922e-05,2993387.773,1.250000e-04,5.65,14214.49
3323,3.675265e-03,3.323227e+01,2.467807e-05,2.105132e-05,2997874.385,3.870773e-03,3.298090e+01,4.147366e-05,3.158934e-05,2991101.898,1.250000e-04,5.82,14220.30
3324,3.753711e-03,3.330213e+01,2.484895e-05,3.500165e-05,2997884.322,4.129572e-03,3.271195e+01,2.311049e-05,1.254544e-04,2971551.297,1.250000e-04,5.65,14225.95
3325,3.780891e-03,3.334775e+01,2.946462e-05,3.029388e-05,2997735.719,3.500838e-03,3.303381e+01,9.235621e-06,2.102018e-05,2989702.133,1.250000e-04,5.70,14231.65
3326,3.660163e-03,3.327245e+01,2.156132e-05,2.346089e-05,2997952.209,3.562456e-03,3.301746e+01,1.834430e-05,1.545335e-05,2993508.047,1.250000e-04,5.94,14237.60
3327,3.663700e-03,3.327028e+01,2.200637e-05,2.332159e-05,2997670.893,3.618406e-03,3.332706e+01,1.846386e-05,2.021231e-05,2996256.273,1.250000e-04,5.75,14243.34
3328,3.651963e-03,3.324165e+01,2.065613e-05,2.424734e-05,2998126.799,3.800249e-03,3.312859e+01,3.490481e-05,2.766844e-05,2992099.312,1.250000e-04,5.68,14249.03
3329,3.641273e-03,3.323939e+01,1.982253e-05,2.382180e-05,2997651.490,3.636292e-03,3.339453e+01,1.845489e-05,2.245798e-05,3004665.445,1.250000e-04,5.65,14254.68
3330,3.690315e-03,3.330795e+01,2.353930e-05,2.482534e-05,2997866.850,3.897227e-03,3.352320e+01,4.393477e-05,2.111184e-05,3009708.039,1.250000e-04,4.83,14259.51
3331,3.649505e-03,3.323948e+01,2.184649e-05,2.141842e-05,2997892.607,3.744643e-03,3.312086e+01,3.097927e-05,2.455293e-05,2989929.180,1.250000e-04,5.54,14265.05
3332,3.712804e-03,3.329332e+01,2.680662e-05,2.308118e-05,2997843.395,3.549817e-03,3.344394e+01,1.236885e-05,1.634696e-05,3008823.945,1.250000e-04,5.34,14270.40
3333,3.644764e-03,3.325347e+01,2.087690e-05,2.212965e-05,2997922.816,3.533560e-03,3.301915e+01,1.137949e-05,2.356996e-05,2989985.227,1.250000e-04,4.76,14275.16
3334,3.627096e-03,3.326733e+01,1.903450e-05,2.200369e-05,2997722.072,3.816573e-03,3.339178e+01,4.158187e-05,1.231524e-05,3002463.305,1.250000e-04,5.48,14280.63
3335,3.624792e-03,3.323773e+01,1.771650e-05,2.477074e-05,2997688.344,3.890692e-03,3.378059e+01,2.731725e-05,4.789214e-05,3015486.766,1.250000e-04,4.85,14285.49
3336,3.670349e-03,3.326096e+01,2.111278e-05,2.662516e-05,2998029.812,3.645757e-03,3.338631e+01,2.452771e-05,1.236984e-05,3007412.820,1.250000e-04,5.39,14290.88
3337,3.668548e-03,3.324623e+01,2.197039e-05,2.484429e-05,2997819.406,3.793460e-03,3.351501e+01,3.361287e-05,2.116602e-05,3009414.781,1.250000e-04,5.18,14296.06
3338,3.661791e-03,3.324907e+01,2.009523e-05,2.718637e-05,2997984.531,3.763273e-03,3.368841e+01,1.888011e-05,4.112612e-05,3015951.734,1.250000e-04,5.23,14301.29
3339,3.665379e-03,3.325950e+01,1.990898e-05,2.806772e-05,2997856.891,3.528213e-03,3.329508e+01,8.501493e-06,2.273801e-05,3003751.781,1.250000e-04,5.16,14306.45
3340,3.639488e-03,3.322274e+01,2.039179e-05,2.265932e-05,2997812.922,3.541873e-03,3.316234e+01,1.389344e-05,1.734092e-05,2996671.211,1.250000e-04,6.09,14312.54
3341,3.663662e-03,3.325472e+01,2.140487e-05,2.482818e-05,2997828.115,3.655948e-03,3.293708e+01,2.194945e-05,2.854920e-05,2987571.047,1.250000e-04,6.13,14318.67
3342,3.630741e-03,3.324597e+01,1.973368e-05,2.176136e-05,2998094.859,3.597051e-03,3.312056e+01,1.614661e-05,2.470580e-05,2989665.562,1.250000e-04,5.28,14323.94
3343,3.684802e-03,3.328060e+01,2.069174e-05,2.996493e-05,2997446.873,3.585160e-03,3.341926e+01,1.797983e-05,1.268718e-05,3005315.539,1.250000e-04,5.66,14329.60
3344,3.674985e-03,3.327890e+01,2.007199e-05,2.927489e-05,2998218.719,3.585155e-03,3.306988e+01,1.351419e-05,2.860500e-05,2988123.516,1.250000e-04,6.25,14335.85
3345,3.618707e-03,3.324318e+01,1.774212e-05,2.339346e-05,2997794.258,3.834326e-03,3.354508e+01,2.203166e-05,5.190038e-05,3014924.164,1.250000e-04,5.29,14341.14
3346,3.658320e-03,3.324812e+01,2.061535e-05,2.547089e-05,2997969.807,4.009306e-03,3.311968e+01,5.231944e-05,3.482891e-05,2985719.938,1.250000e-04,5.48,14346.62
3347,3.686099e-03,3.324914e+01,2.359146e-05,2.505411e-05,2997905.834,3.538764e-03,3.301294e+01,1.179582e-05,2.390229e-05,2990976.117,1.250000e-04,5.56,14352.19
3348,3.625580e-03,3.323604e+01,1.944352e-05,2.150822e-05,2997654.096,4.000925e-03,3.379253e+01,2.323621e-05,7.786197e-05,3024546.133,1.250000e-04,5.37,14357.56
3349,3.674372e-03,3.324918e+01,2.113615e-05,2.761834e-05,2997925.543,3.743818e-03,3.346080e+01,1.921761e-05,4.111236e-05,3011712.102,1.250000e-04,5.24,14362.80
3350,3.637574e-03,3.324476e+01,1.934928e-05,2.392111e-05,2997846.977,3.522346e-03,3.335217e+01,1.058437e-05,1.625716e-05,3009104.500,1.250000e-04,5.51,14368.31
3351,3.748654e-03,3.331543e+01,2.560268e-05,3.221682e-05,2998081.055,3.866561e-03,3.329294e+01,4.792216e-05,1.160924e-05,2996370.102,1.250000e-04,5.58,14373.89
3352,3.621780e-03,3.322186e+01,1.836632e-05,2.318614e-05,2997638.908,3.848986e-03,3.360796e+01,1.735985e-05,6.291839e-05,3018546.492,1.250000e-04,5.50,14379.38
3353,3.697213e-03,3.327412e+01,2.182940e-05,3.030130e-05,2997881.031,4.028794e-03,3.386775e+01,9.548015e-06,1.093077e-04,3029510.094,1.250000e-04,5.42,14384.80
3354,3.613883e-03,3.323117e+01,1.868660e-05,2.078006e-05,2998029.604,3.553451e-03,3.309057e+01,1.576310e-05,1.735265e-05,2993591.547,1.250000e-04,5.50,14390.31
3355,3.604852e-03,3.318728e+01,1.765607e-05,2.191270e-05,2997954.307,3.477311e-03,3.336991e+01,1.066248e-05,6.738899e-06,3001160.578,1.250000e-04,5.52,14395.83
3356,3.620127e-03,3.322467e+01,1.942801e-05,2.067600e-05,2997849.416,3.603098e-03,3.307711e+01,1.688407e-05,2.530931e-05,2991635.680,1.250000e-04,5.43,14401.26
3357,3.619697e-03,3.321861e+01,1.894204e-05,2.168301e-05,2997928.691,3.815351e-03,3.314406e+01,3.061246e-05,3.896414e-05,2986039.977,1.250000e-04,5.70,14406.96
3358,3.649026e-03,3.325882e+01,1.897158e-05,2.668557e-05,2997919.771,3.650661e-03,3.300583e+01,1.923273e-05,3.155026e-05,2988116.297,1.250000e-04,5.27,14412.23
3359,3.684338e-03,3.323535e+01,2.045480e-05,3.125094e-05,2997816.328,3.702252e-03,3.317709e+01,2.029334e-05,3.632197e-05,3003126.531,1.250000e-04,5.65,14417.88
3360,3.725007e-03,3.324284e+01,2.187141e-05,3.640192e-05,2997643.125,3.672501e-03,3.353434e+01,2.132503e-05,2.116344e-05,3008712.117,1.250000e-04,5.51,14423.39
3361,3.606836e-03,3.322180e+01,1.932643e-05,1.827839e-05,2998142.377,3.853766e-03,3.284039e+01,1.872234e-05,7.650079e-05,2976427.484,1.250000e-04,5.72,14429.12
3362,3.631364e-03,3.321533e+01,1.933743e-05,2.329144e-05,2997779.438,3.519674e-03,3.311043e+01,1.658513e-05,8.555985e-06,2996737.312,1.250000e-04,5.65,14434.77
3363,3.688072e-03,3.325461e+01,1.973485e-05,3.305262e-05,2997959.277,3.602556e-03,3.291523e+01,1.307425e-05,3.605807e-05,2984951.461,1.250000e-04,5.74,14440.51
3364,3.666647e-03,3.324136e+01,1.945903e-05,2.958419e-05,2997748.531,3.824537e-03,3.348300e+01,3.473984e-05,2.576770e-05,3010980.625,1.250000e-04,5.40,14445.91
3365,3.691444e-03,3.326576e+01,2.277081e-05,2.743186e-05,2998072.166,3.855503e-03,3.314452e+01,4.395075e-05,2.030872e-05,2992040.430,1.250000e-04,5.91,14451.82
3366,3.612464e-03,3.320343e+01,1.863444e-05,2.115529e-05,2997703.297,3.572224e-03,3.324996e+01,2.135909e-05,6.727293e-06,3002016.508,1.250000e-04,5.58,14457.40
3367,3.623052e-03,3.318367e+01,1.936065e-05,2.221557e-05,2997855.732,3.573448e-03,3.316419e+01,2.072860e-05,9.948542e-06,2998315.023,1.250000e-04,6.02,14463.42
3368,3.662879e-03,3.321259e+01,1.871166e-05,3.090063e-05,2997872.795,3.506514e-03,3.331542e+01,1.324982e-05,8.494843e-06,3004194.938,1.250000e-04,5.49,14468.92
3369,3.606024e-03,3.319557e+01,1.761873e-05,2.205595e-05,2997901.707,3.474980e-03,3.314189e+01,1.079850e-05,1.056125e-05,2998264.234,1.250000e-04,5.12,14474.03
3370,3.612530e-03,3.320393e+01,1.604562e-05,2.633612e-05,2997817.033,3.625445e-03,3.347889e+01,1.666011e-05,2.219092e-05,3009088.219,1.250000e-04,5.67,14479.70
3371,3.581224e-03,3.321996e+01,1.702679e-05,1.779210e-05,2997975.377,3.570343e-03,3.345079e+01,8.743664e-06,2.756539e-05,3013373.719,1.250000e-04,5.48,14485.18
3372,3.634720e-03,3.320460e+01,1.872679e-05,2.539848e-05,2997931.309,3.592454e-03,3.326050e+01,1.777981e-05,1.772121e-05,3003064.836,1.250000e-04,5.28,14490.46
3373,3.668335e-03,3.321902e+01,1.879848e-05,3.168955e-05,2997680.344,3.958389e-03,3.318443e+01,3.179866e-05,6.439195e-05,2989626.812,1.250000e-04,5.40,14495.87
3374,3.612499e-03,3.322031e+01,1.898561e-05,2.012225e-05,2997794.771,4.043303e-03,3.359422e+01,5.598956e-05,2.479709e-05,3011901.984,1.250000e-04,5.68,14501.55
3375,3.689541e-03,3.322236e+01,2.233097e-05,2.879902e-05,2998086.855,3.478469e-03,3.329083e+01,1.013726e-05,9.602710e-06,2998843.664,1.250000e-04,5.34,14506.89
3376,3.628904e-03,3.317901e+01,1.760823e-05,2.698403e-05,2997877.238,3.602383e-03,3.290880e+01,1.509326e-05,3.211409e-05,2985276.664,1.250000e-04,5.58,14512.47
3377,3.670760e-03,3.321565e+01,2.060497e-05,2.862903e-05,2997895.387,3.578215e-03,3.303796e+01,1.408835e-05,2.670700e-05,2987192.867,1.250000e-04,5.61,14518.08
3378,3.694813e-03,3.325117e+01,2.395616e-05,2.602685e-05,2997892.096,3.750538e-03,3.318707e+01,3.717740e-05,1.201161e-05,2995660.734,1.250000e-04,5.40,14523.49
3379,3.634111e-03,3.322028e+01,2.093396e-05,2.054864e-05,2997734.002,3.710400e-03,3.318531e+01,2.062294e-05,3.712779e-05,2992515.484,1.250000e-04,5.99,14529.48
3380,3.674267e-03,3.327187e+01,2.104928e-05,2.731743e-05,2998179.299,3.905600e-03,3.276104e+01,3.657837e-05,5.274247e-05,2981832.211,1.250000e-04,5.73,14535.21
3381,3.714745e-03,3.325487e+01,2.351456e-05,3.082241e-05,2997626.963,3.519556e-03,3.312325e+01,1.178154e-05,1.788306e-05,2995443.055,1.250000e-04,5.92,14541.13
3382,3.698318e-03,3.321458e+01,2.053082e-05,3.431032e-05,2997594.859,4.195484e-03,3.400653e+01,2.155855e-05,1.158491e-04,3026820.789,1.250000e-04,5.82,14546.95
3383,3.667996e-03,3.323705e+01,2.069690e-05,2.746438e-05,2998318.701,3.614241e-03,3.279687e+01,1.659170e-05,3.372748e-05,2985681.086,1.250000e-04,6.03,14552.98
3384,3.623712e-03,3.322530e+01,1.813620e-05,2.396406e-05,2997814.863,3.482757e-03,3.330649e+01,9.189674e-06,1.204222e-05,3004935.445,1.250000e-04,5.75,14558.73
3385,3.688469e-03,3.319441e+01,2.096803e-05,3.186949e-05,2997802.311,3.703715e-03,3.322123e+01,2.617626e-05,2.396587e-05,2992622.203,1.250000e-04,5.26,14564.00
3386,3.602419e-03,3.319943e+01,1.711613e-05,2.226289e-05,2997949.820,3.519555e-03,3.321661e+01,1.444510e-05,1.068859e-05,3001011.344,1.250000e-04,5.49,14569.49
3387,3.647365e-03,3.322620e+01,1.965477e-05,2.563945e-05,2997776.318,3.652692e-03,3.311643e+01,2.039876e-05,2.741234e-05,2995996.117,1.250000e-04,5.47,14574.97
3388,3.661540e-03,3.324442e+01,1.993097e-05,2.755760e-05,2997812.701,3.839168e-03,3.291162e+01,2.672481e-05,5.615146e-05,2982111.992,1.250000e-04,5.83,14580.80
3389,3.641335e-03,3.323030e+01,2.121662e-05,2.122782e-05,2997898.592,4.403165e-03,3.404902e+01,8.649178e-05,2.666905e-05,3011715.477,1.250000e-04,5.65,14586.45
3390,3.624343e-03,3.321482e+01,1.935476e-05,2.186283e-05,2997925.531,3.561254e-03,3.339797e+01,1.036329e-05,2.356473e-05,3011914.633,1.250000e-04,5.27,14591.72
3391,3.666602e-03,3.321753e+01,2.140308e-05,2.616365e-05,2997946.162,3.490984e-03,3.294832e+01,8.638166e-06,2.195398e-05,2988807.320,1.250000e-04,5.16,14596.88
3392,3.679383e-03,3.323535e+01,1.920734e-05,3.275483e-05,2997679.670,3.463169e-03,3.311647e+01,9.713438e-06,1.087762e-05,2996582.477,1.250000e-04,5.80,14602.67
3393,3.619686e-03,3.319216e+01,1.912578e-05,2.184235e-05,2998095.520,3.562215e-03,3.288292e+01,9.616476e-06,3.555165e-05,2988219.625,1.250000e-04,5.53,14608.20
3394,3.690445e-03,3.323828e+01,2.089174e-05,3.153999e-05,2997805.881,3.474346e-03,3.332442e+01,1.043851e-05,7.503862e-06,3002515.312,1.250000e-04,5.49,14613.70
3395,3.642938e-03,3.325836e+01,1.932704e-05,2.476625e-05,2997821.311,3.689446e-03,3.284600e+01,1.123263e-05,5.850400e-05,2984787.602,1.250000e-04,5.75,14619.45
3396,3.629429e-03,3.320260e+01,1.982922e-05,2.217532e-05,2997789.021,4.070601e-03,3.368876e+01,4.053604e-05,5.927299e-05,3020375.734,1.250000e-04,5.49,14624.94
3397,3.608266e-03,3.321146e+01,1.833283e-05,2.075842e-05,2997817.244,3.749395e-03,3.377992e+01,1.136715e-05,5.154617e-05,3017519.047,1.250000e-04,5.72,14630.66
3398,3.633365e-03,3.323599e+01,1.822028e-05,2.551272e-05,2998080.215,3.897272e-03,3.371937e+01,1.946915e-05,6.612864e-05,3020404.422,1.250000e-04,5.67,14636.32
3399,3.665374e-03,3.323683e+01,2.119603e-05,2.594617e-05,2997878.283,3.522110e-03,3.310208e+01,1.355643e-05,1.526762e-05,2994930.977,1.250000e-04,5.55,14641.87
3400,3.644999e-03,3.321949e+01,1.781363e-05,2.898283e-05,2997622.582,3.627661e-03,3.352251e+01,9.185552e-06,3.671086e-05,3015221.930,1.250000e-04,5.20,14647.08
3401,3.670507e-03,3.320860e+01,2.136181e-05,2.720589e-05,2998074.645,3.518553e-03,3.324578e+01,1.543141e-05,7.932154e-06,2999025.555,1.250000e-04,5.26,14652.33
3402,3.665667e-03,3.322310e+01,2.244932e-05,2.377285e-05,2997882.625,3.571109e-03,3.326332e+01,1.927100e-05,1.041343e-05,2997919.547,1.250000e-04,5.84,14658.17
3403,3.625399e-03,3.322305e+01,1.837094e-05,2.387682e-05,2998030.770,3.507965e-03,3.317335e+01,1.178711e-05,1.455177e-05,2999813.547,1.250000e-04,5.96,14664.13
3404,3.726958e-03,3.325872e+01,2.217818e-05,3.586080e-05,2997674.057,3.549792e-03,3.345435e+01,1.249440e-05,1.588246e-05,3009476.438,1.250000e-04,5.43,14669.56
3405,3.608821e-03,3.320214e+01,1.738031e-05,2.296091e-05,2998005.365,3.429806e-03,3.315409e+01,9.175976e-06,4.527404e-06,2998526.531,1.250000e-04,5.64,14675.21
3406,3.588627e-03,3.319745e+01,1.626911e-05,2.123822e-05,2997996.771,3.451898e-03,3.302805e+01,8.943074e-06,1.193260e-05,2993853.352,1.250000e-04,5.31,14680.51
3407,3.599181e-03,3.319733e+01,1.889343e-05,1.810266e-05,2997714.922,3.551960e-03,3.340876e+01,1.457647e-05,1.306396e-05,3007787.805,1.250000e-04,5.79,14686.30
3408,3.651399e-03,3.323754e+01,1.963188e-05,2.626517e-05,2998001.912,3.928755e-03,3.337051e+01,4.571699e-05,2.690682e-05,3001735.867,1.250000e-04,5.42,14691.72
3409,3.694293e-03,3.325330e+01,2.073946e-05,3.231362e-05,2997789.006,3.559215e-03,3.312161e+01,1.710807e-05,1.519481e-05,2995752.086,1.250000e-04,5.71,14697.43
3410,3.725815e-03,3.322492e+01,2.548836e-05,2.968773e-05,2997815.660,3.687353e-03,3.353066e+01,1.969653e-05,2.746434e-05,3012730.633,1.250000e-04,5.62,14703.05
3411,3.839649e-03,3.329723e+01,3.365910e-05,3.466710e-05,2997708.727,4.107108e-03,3.365585e+01,5.328360e-05,4.173733e-05,3016501.508,1.250000e-04,5.49,14708.54
3412,3.640118e-03,3.324158e+01,2.031413e-05,2.256374e-05,2998059.422,3.576544e-03,3.295009e+01,1.537583e-05,2.555545e-05,2988023.727,1.250000e-04,5.68,14714.23
3413,3.667648e-03,3.325054e+01,2.177696e-05,2.496486e-05,2997771.398,3.839075e-03,3.354402e+01,3.362508e-05,2.968454e-05,3006574.039,1.250000e-04,5.36,14719.59
3414,3.687162e-03,3.322163e+01,2.191360e-05,2.917267e-05,2998175.531,3.645840e-03,3.325579e+01,2.675736e-05,1.053757e-05,2998746.172,1.250000e-04,5.27,14724.86
3415,3.721205e-03,3.328767e+01,2.398215e-05,3.052328e-05,2997601.303,3.578258e-03,3.335448e+01,1.565895e-05,1.724415e-05,3003653.383,1.250000e-04,5.75,14730.61
3416,3.593752e-03,3.321844e+01,1.570394e-05,2.297377e-05,2997893.449,3.822189e-03,3.286393e+01,2.458711e-05,5.798504e-05,2980532.141,1.250000e-04,5.48,14736.09
3417,3.702120e-03,3.328234e+01,2.518720e-05,2.440273e-05,2997948.150,3.663196e-03,3.318184e+01,2.097631e-05,2.704977e-05,2994084.258,1.250000e-04,5.94,14742.03
3418,3.646850e-03,3.321832e+01,2.176048e-05,2.148261e-05,2997645.459,3.678235e-03,3.357034e+01,1.303270e-05,3.817489e-05,3016665.648,1.250000e-04,5.65,14747.67
3419,3.671395e-03,3.322228e+01,1.946019e-05,3.091311e-05,2997999.959,3.505618e-03,3.329727e+01,1.370813e-05,7.761947e-06,3001900.234,1.250000e-04,5.62,14753.30
3420,3.639967e-03,3.322358e+01,1.753116e-05,2.845957e-05,2997878.029,3.641257e-03,3.299268e+01,1.853011e-05,3.133758e-05,2987620.289,1.250000e-04,5.84,14759.14
3421,3.695819e-03,3.322867e+01,1.892280e-05,3.674482e-05,2997764.184,3.498454e-03,3.305471e+01,1.194549e-05,1.470563e-05,2993266.312,1.250000e-04,5.33,14764.46
3422,3.620904e-03,3.320287e+01,1.557587e-05,2.897171e-05,2997973.031,3.711463e-03,3.361134e+01,1.151377e-05,4.703827e-05,3016543.578,1.250000e-04,6.10,14770.56
3423,3.718312e-03,3.325070e+01,2.344663e-05,3.175517e-05,2997813.566,3.598331e-03,3.333739e+01,1.923980e-05,1.443878e-05,3001613.734,1.250000e-04,6.32,14776.88
3424,3.683545e-03,3.321034e+01,2.112484e-05,3.025260e-05,2997983.334,3.511463e-03,3.325390e+01,1.450163e-05,8.211379e-06,3003225.539,1.250000e-04,5.89,14782.77
3425,3.666406e-03,3.321687e+01,1.976812e-05,2.940762e-05,2997938.934,3.554558e-03,3.337259e+01,1.456815e-05,1.432341e-05,3004864.109,1.250000e-04,5.67,14788.43
3426,3.652404e-03,3.320021e+01,1.967670e-05,2.712336e-05,2997801.123,3.640686e-03,3.330433e+01,2.228996e-05,1.747067e-05,2998214.852,1.250000e-04,5.67,14794.11
3427,3.664496e-03,3.324603e+01,2.265900e-05,2.266048e-05,2997761.631,3.845575e-03,3.331678e+01,1.482134e-05,7.313675e-05,2993325.688,1.250000e-04,5.15,14799.26
3428,3.708954e-03,3.331211e+01,2.206653e-05,3.141574e-05,2998085.400,3.627758e-03,3.277669e+01,7.769126e-06,5.447949e-05,2982268.953,1.250000e-04,5.65,14804.91
3429,3.661391e-03,3.320843e+01,2.348470e-05,2.114028e-05,2997752.260,3.529720e-03,3.336658e+01,1.202336e-05,1.456574e-05,3007584.953,1.250000e-04,5.95,14810.86
3430,3.634595e-03,3.324215e+01,1.897232e-05,2.413144e-05,2997905.512,3.491476e-03,3.318548e+01,8.178471e-06,1.822870e-05,2997994.258,1.250000e-04,5.65,14816.51
3431,3.708539e-03,3.326172e+01,2.161309e-05,3.324718e-05,2997907.412,3.529989e-03,3.337067e+01,1.463451e-05,9.315528e-06,3003756.867,1.250000e-04,5.52,14822.03
3432,3.605881e-03,3.320233e+01,1.805083e-05,2.102787e-05,2997756.699,3.618090e-03,3.348060e+01,1.354834e-05,2.690950e-05,3011417.758,1.250000e-04,5.60,14827.63
3433,3.639399e-03,3.320588e+01,1.959322e-05,2.457583e-05,2997782.209,3.603886e-03,3.334629e+01,1.962632e-05,1.459869e-05,3000833.766,1.250000e-04,5.29,14832.93
3434,3.664409e-03,3.322357e+01,1.993783e-05,2.853476e-05,2998026.994,3.609818e-03,3.342013e+01,1.327652e-05,2.700784e-05,3010962.516,1.250000e-04,5.48,14838.40
3435,3.647524e-03,3.323996e+01,1.962397e-05,2.545770e-05,2997908.316,3.487130e-03,3.325357e+01,1.065554e-05,1.104365e-05,3001333.164,1.250000e-04,6.05,14844.45
3436,3.697327e-03,3.329540e+01,2.180021e-05,2.995705e-05,2997950.020,3.685745e-03,3.275815e+01,1.369735e-05,5.459133e-05,2982166.898,1.250000e-04,5.50,14849.95
3437,3.672199e-03,3.319771e+01,2.175297e-05,2.697967e-05,2997834.545,3.601151e-03,3.330914e+01,2.151449e-05,1.101832e-05,3004374.586,1.250000e-04,5.77,14855.71
3438,3.674457e-03,3.320373e+01,2.294126e-05,2.493422e-05,2997888.869,3.668519e-03,3.324529e+01,2.158899e-05,2.561997e-05,2990530.508,1.250000e-04,5.50,14861.21
3439,3.613830e-03,3.321504e+01,1.870251e-05,2.106027e-05,2997755.480,3.546513e-03,3.335703e+01,1.673574e-05,8.690472e-06,3003515.641,1.250000e-04,5.77,14866.98
3440,3.645433e-03,3.323506e+01,1.837716e-05,2.763111e-05,2997786.266,3.758229e-03,3.380632e+01,1.210408e-05,5.131125e-05,3016251.250,1.250000e-04,5.57,14872.55
3441,3.595502e-03,3.322060e+01,1.721640e-05,2.025571e-05,2997925.320,3.447430e-03,3.326378e+01,7.742643e-06,8.725163e-06,3003593.938,1.250000e-04,6.11,14878.67
3442,3.632515e-03,3.321713e+01,1.842965e-05,2.530111e-05,2997777.443,3.763181e-03,3.340126e+01,2.991914e-05,2.477279e-05,3009763.898,1.250000e-04,5.58,14884.25
3443,3.584096e-03,3.320328e+01,1.541014e-05,2.193325e-05,2998117.914,3.659118e-03,3.322408e+01,2.360567e-05,2.013082e-05,2997903.391,1.250000e-04,5.63,14889.88
3444,3.610418e-03,3.319103e+01,1.828296e-05,2.169724e-05,2997825.176,3.588129e-03,3.332361e+01,1.790785e-05,1.533792e-05,3004642.656,1.250000e-04,5.50,14895.37
3445,3.655026e-03,3.319841e+01,2.211826e-05,2.280051e-05,2997721.246,3.708435e-03,3.351161e+01,2.168481e-05,2.808516e-05,3011202.523,1.250000e-04,5.47,14900.84
3446,3.575183e-03,3.319042e+01,1.712953e-05,1.696915e-05,2998126.744,3.621913e-03,3.319774e+01,2.475092e-05,1.092605e-05,2998695.625,1.250000e-04,5.65,14906.49
3447,3.649562e-03,3.320218e+01,1.982375e-05,2.622121e-05,2997865.654,3.584382e-03,3.288517e+01,1.437720e-05,3.041865e-05,2986586.898,1.250000e-04,6.11,14912.61
3448,3.696079e-03,3.320771e+01,2.175536e-05,3.155087e-05,2997799.232,3.476488e-03,3.305707e+01,1.073828e-05,1.267976e-05,2995884.711,1.250000e-04,6.12,14918.73
3449,3.602239e-03,3.319371e+01,1.651455e-05,2.354465e-05,2997929.252,3.479272e-03,3.317071e+01,8.857670e-06,1.472483e-05,2998505.727,1.250000e-04,5.66,14924.39
3450,3.622852e-03,3.319976e+01,1.750776e-05,2.555986e-05,2997817.977,3.699621e-03,3.358690e+01,1.227969e-05,4.362674e-05,3017339.602,1.250000e-04,5.74,14930.12
3451,3.688288e-03,3.326278e+01,1.952499e-05,3.335205e-05,2997979.020,3.725403e-03,3.278003e+01,1.731444e-05,5.485118e-05,2980838.547,1.250000e-04,5.57,14935.69
3452,3.625057e-03,3.318329e+01,1.700917e-05,2.732732e-05,2997849.232,3.570422e-03,3.324498e+01,1.125108e-05,2.668257e-05,3003273.125,1.250000e-04,5.64,14941.33
3453,3.686703e-03,3.321574e+01,2.087495e-05,3.127601e-05,2997858.387,3.539676e-03,3.314290e+01,1.807236e-05,8.932612e-06,2998858.953,1.250000e-04,5.24,14946.57
3454,3.648701e-03,3.321031e+01,2.006918e-05,2.539572e-05,2997866.002,3.687899e-03,3.321351e+01,3.220145e-05,8.906761e-06,2999605.789,1.250000e-04,6.02,14952.60
3455,3.574709e-03,3.315524e+01,1.536870e-05,2.109966e-05,2997989.900,3.575605e-03,3.328715e+01,1.425751e-05,2.086308e-05,2995949.922,1.250000e-04,5.62,14958.22
3456,3.603819e-03,3.321275e+01,1.733679e-05,2.183529e-05,2997810.859,3.488878e-03,3.316296e+01,1.101194e-05,1.249248e-05,2996215.383,1.250000e-04,5.84,14964.06
3457,3.688391e-03,3.319821e+01,1.940865e-05,3.489680e-05,2997785.779,3.557993e-03,3.321755e+01,2.011862e-05,7.010488e-06,3000457.141,1.250000e-04,5.77,14969.83
3458,3.620701e-03,3.322312e+01,1.948248e-05,2.071294e-05,2998023.621,3.439807e-03,3.321347e+01,8.769712e-06,6.152426e-06,3001613.414,1.250000e-04,5.72,14975.54
3459,3.620767e-03,3.321516e+01,1.793805e-05,2.397408e-05,2997965.939,3.734354e-03,3.330402e+01,3.382381e-05,1.314284e-05,3004656.180,1.250000e-04,5.84,14981.38
3460,3.565971e-03,3.318118e+01,1.673181e-05,1.610719e-05,2997802.484,3.496622e-03,3.315124e+01,1.321940e-05,9.860865e-06,2999344.859,1.250000e-04,5.76,14987.15
3461,3.652450e-03,3.323371e+01,1.990988e-05,2.599590e-05,2997884.463,3.536110e-03,3.287146e+01,1.475494e-05,2.028288e-05,2991654.234,1.250000e-04,5.93,14993.08
3462,3.594466e-03,3.319434e+01,1.834976e-05,1.830704e-05,2998021.488,3.635574e-03,3.288611e+01,1.173766e-05,4.591719e-05,2982846.062,1.250000e-04,5.72,14998.80
3463,3.582898e-03,3.317383e+01,1.694093e-05,1.922113e-05,2997908.682,4.152433e-03,3.250991e+01,1.192049e-05,1.564474e-04,2964883.266,1.250000e-04,5.44,15004.24
3464,3.623777e-03,3.319639e+01,1.769842e-05,2.543086e-05,2997781.684,3.576365e-03,3.300659e+01,1.991943e-05,1.530223e-05,2991298.273,1.250000e-04,5.24,15009.47
3465,3.631027e-03,3.320314e+01,1.879323e-05,2.455630e-05,2997859.438,3.817445e-03,3.336012e+01,4.294743e-05,1.039184e-05,3002024.117,1.250000e-04,5.62,15015.09
3466,3.650266e-03,3.323373e+01,2.033932e-05,2.470003e-05,2997845.291,3.755534e-03,3.341889e+01,3.842130e-05,5.886343e-06,3001961.305,1.250000e-04,6.07,15021.16
3467,3.645205e-03,3.321600e+01,1.833920e-05,2.804265e-05,2997849.055,3.642622e-03,3.309263e+01,2.390768e-05,1.885646e-05,2993234.477,1.250000e-04,5.21,15026.38
3468,3.688585e-03,3.325588e+01,2.139070e-05,2.981797e-05,2997831.143,3.708635e-03,3.356469e+01,1.953769e-05,3.135780e-05,3012507.586,1.250000e-04,5.63,15032.01
3469,3.625202e-03,3.320651e+01,1.904479e-05,2.282061e-05,2997937.566,3.578492e-03,3.346982e+01,1.657222e-05,1.315751e-05,3002149.945,1.250000e-04,5.87,15037.88
3470,3.676199e-03,3.319418e+01,2.136629e-05,2.862372e-05,2998046.082,3.574132e-03,3.296773e+01,1.823332e-05,1.900528e-05,2990009.703,1.250000e-04,5.92,15043.79
3471,3.667623e-03,3.321326e+01,2.148288e-05,2.629367e-05,2997808.020,3.585532e-03,3.296437e+01,1.467160e-05,2.847591e-05,2986481.969,1.250000e-04,5.67,15049.47
3472,3.628278e-03,3.320923e+01,1.949078e-05,2.248964e-05,2997882.086,3.734356e-03,3.286584e+01,2.666002e-05,3.623443e-05,2984695.477,1.250000e-04,5.94,15055.40
3473,3.629271e-03,3.318807e+01,1.868790e-05,2.471700e-05,2997878.100,3.508617e-03,3.306967e+01,1.505979e-05,1.021028e-05,2996745.570,1.250000e-04,5.99,15061.39
3474,3.696912e-03,3.321910e+01,2.276164e-05,2.947715e-05,2997832.238,3.605652e-03,3.298883e+01,2.237025e-05,1.661328e-05,2990670.352,1.250000e-04,5.97,15067.36
3475,3.579288e-03,3.318118e+01,1.664672e-05,1.894060e-05,2997760.719,4.193717e-03,3.393899e+01,1.835088e-05,1.232619e-04,3030139.883,1.250000e-04,5.22,15072.57
3476,3.645934e-03,3.319980e+01,2.084562e-05,2.349962e-05,2998131.463,3.718617e-03,3.298373e+01,2.195308e-05,4.014273e-05,2983087.023,1.250000e-04,5.42,15077.99
3477,3.644383e-03,3.320890e+01,2.063650e-05,2.342549e-05,2997971.768,3.508138e-03,3.315243e+01,1.471510e-05,9.148878e-06,2994456.836,1.250000e-04,5.69,15083.68
3478,3.683630e-03,3.321743e+01,2.039469e-05,3.158805e-05,2997833.576,3.502027e-03,3.293756e+01,9.163524e-06,2.332720e-05,2989757.656,1.250000e-04,6.05,15089.73
3479,3.645835e-03,3.323278e+01,2.194579e-05,2.061991e-05,2997851.738,3.715292e-03,3.318178e+01,3.161609e-05,1.619077e-05,2994839.945,1.250000e-04,5.58,15095.30
3480,3.661050e-03,3.322425e+01,1.966819e-05,2.838854e-05,2997827.541,3.478221e-03,3.321078e+01,8.205876e-06,1.501703e-05,2998381.422,1.250000e-04,6.01,15101.31
3481,3.577624e-03,3.316006e+01,1.694073e-05,1.844214e-05,2997936.623,4.233905e-03,3.308996e+01,6.602795e-05,5.292598e-05,2985258.867,1.250000e-04,5.39,15106.70
3482,3.688003e-03,3.323416e+01,2.304014e-05,2.683694e-05,2997718.955,3.642131e-03,3.316790e+01,2.708494e-05,1.089843e-05,2998481.602,1.250000e-04,5.82,15112.52
3483,3.694981e-03,3.321875e+01,2.152487e-05,3.157140e-05,2997944.547,3.593068e-03,3.281868e+01,1.177978e-05,3.868028e-05,2985556.141,1.250000e-04,5.75,15118.26
3484,3.680777e-03,3.321243e+01,2.107431e-05,2.975822e-05,2997989.645,3.778251e-03,3.295733e+01,3.006625e-05,3.637104e-05,2985367.078,1.250000e-04,5.81,15124.07
3485,3.649836e-03,3.320365e+01,2.260149e-05,2.069118e-05,2997827.641,3.770625e-03,3.325588e+01,3.771689e-05,1.357364e-05,2998655.844,1.250000e-04,5.82,15129.89
3486,3.641452e-03,3.321974e+01,2.226648e-05,1.936271e-05,2997871.254,3.700137e-03,3.342691e+01,2.534510e-05,2.079909e-05,3005117.148,1.250000e-04,5.78,15135.68
3487,3.731553e-03,3.329931e+01,2.620316e-05,2.791805e-05,2997901.342,3.615245e-03,3.296909e+01,1.380327e-05,3.606068e-05,2984543.680,1.250000e-04,5.81,15141.49
3488,3.724734e-03,3.322836e+01,2.562465e-05,2.913043e-05,2997599.236,3.699478e-03,3.319603e+01,3.193892e-05,1.209707e-05,3000034.961,1.250000e-04,5.79,15147.28
3489,3.703828e-03,3.323928e+01,2.468197e-05,2.661607e-05,2997889.465,3.621206e-03,3.309081e+01,1.812045e-05,2.618421e-05,2989602.328,1.250000e-04,5.72,15153.00
3490,3.702276e-03,3.324207e+01,2.183643e-05,3.194095e-05,2998024.338,3.770367e-03,3.304270e+01,3.835055e-05,1.651836e-05,2992351.070,1.250000e-04,5.75,15158.76
3491,3.717119e-03,3.325001e+01,2.603378e-05,2.635610e-05,2997810.553,3.572505e-03,3.301283e+01,1.491942e-05,2.440551e-05,2990672.227,1.250000e-04,5.68,15164.44
3492,3.668704e-03,3.321245e+01,2.364133e-05,2.220930e-05,2997751.457,3.584220e-03,3.315611e+01,2.103474e-05,1.165240e-05,2997663.836,1.250000e-04,5.81,15170.25
3493,3.643223e-03,3.323363e+01,2.086328e-05,2.224556e-05,2997920.703,4.045655e-03,3.340654e+01,6.473701e-05,1.152606e-05,3000840.953,1.250000e-04,5.32,15175.56
3494,3.760035e-03,3.325589e+01,2.483718e-05,3.721482e-05,2997781.717,3.546274e-03,3.322308e+01,1.763069e-05,9.531632e-06,2998761.961,1.250000e-04,5.90,15181.46
3495,3.788239e-03,3.328297e+01,2.810388e-05,3.578078e-05,2997845.973,3.627478e-03,3.307894e+01,2.522658e-05,1.346381e-05,2993519.234,1.250000e-04,5.80,15187.26
3496,3.714435e-03,3.327884e+01,2.433920e-05,2.863191e-05,2997877.270,3.892062e-03,3.295708e+01,4.461119e-05,3.004843e-05,2986557.352,1.250000e-04,5.72,15192.98
3497,3.785941e-03,3.330335e+01,3.121291e-05,2.869551e-05,2997945.004,3.906886e-03,3.260630e+01,2.055798e-05,8.813514e-05,2973834.758,1.250000e-04,5.86,15198.84
3498,3.660716e-03,3.323642e+01,2.476784e-05,1.787926e-05,2997730.953,3.463388e-03,3.310672e+01,9.682974e-06,1.117729e-05,2996060.930,1.250000e-04,5.52,15204.36
3499,3.724257e-03,3.323567e+01,2.441957e-05,3.129871e-05,2997837.523,3.524311e-03,3.317774e+01,1.663552e-05,8.036378e-06,2999759.000,1.250000e-04,5.86,15210.22
3500,3.736477e-03,3.329244e+01,2.710768e-05,2.723126e-05,2997907.760,3.564989e-03,3.330340e+01,1.586703e-05,1.519583e-05,3006475.164,1.250000e-04,6.08,15216.30
3501,3.701293e-03,3.323836e+01,2.779242e-05,1.990654e-05,2997955.869,3.794926e-03,3.305635e+01,3.058963e-05,3.667883e-05,2986096.680,1.250000e-04,5.72,15222.03
3502,3.780573e-03,3.327676e+01,2.634099e-05,3.789749e-05,2997857.051,3.556302e-03,3.309700e+01,1.537460e-05,1.857112e-05,2994574.625,1.250000e-04,5.26,15227.28
3503,3.683977e-03,3.327227e+01,2.530055e-05,2.074886e-05,2997756.584,3.696272e-03,3.331452e+01,3.257270e-05,7.818671e-06,3000523.359,1.250000e-04,5.75,15233.03
3504,3.682481e-03,3.326257e+01,2.384820e-05,2.354836e-05,2997876.510,3.597292e-03,3.302051e+01,1.807649e-05,2.289506e-05,2994459.578,1.250000e-04,5.96,15238.99
3505,3.740918e-03,3.325373e+01,2.315917e-05,3.679075e-05,2998201.029,4.304052e-03,3.235568e+01,1.752012e-05,1.786565e-04,2962502.789,1.250000e-04,5.37,15244.36
3506,3.763351e-03,3.322945e+01,2.720086e-05,3.367943e-05,2997502.029,3.724260e-03,3.333140e+01,3.208089e-05,1.406209e-05,3003584.148,1.250000e-04,5.55,15249.92
3507,3.703641e-03,3.328972e+01,2.551572e-05,2.390241e-05,2997959.377,3.721560e-03,3.297035e+01,2.083241e-05,4.324019e-05,2983933.938,1.250000e-04,5.96,15255.88
3508,3.769862e-03,3.327102e+01,2.939410e-05,2.976377e-05,2998009.338,4.846484e-03,3.257375e+01,7.546534e-05,1.668913e-04,2962402.695,1.250000e-04,5.63,15261.51
3509,3.714074e-03,3.324614e+01,2.558753e-05,2.671696e-05,2997657.824,3.439003e-03,3.318632e+01,8.963099e-06,6.148074e-06,3000639.602,1.250000e-04,5.40,15266.91
3510,3.779308e-03,3.330375e+01,3.190427e-05,2.597805e-05,2998064.412,4.101581e-03,3.307547e+01,4.834444e-05,6.211780e-05,2980394.000,1.250000e-04,6.07,15272.98
3511,3.732006e-03,3.324649e+01,2.446501e-05,3.254148e-05,2997567.059,3.655969e-03,3.323342e+01,2.913769e-05,8.249918e-06,3001303.422,1.250000e-04,5.68,15278.67
3512,3.723545e-03,3.324041e+01,2.493587e-05,3.002903e-05,2998138.186,4.084473e-03,3.266547e+01,2.702803e-05,1.095291e-04,2969807.758,1.250000e-04,5.77,15284.44
3513,3.710647e-03,3.324206e+01,2.408568e-05,2.911703e-05,2997611.166,3.524943e-03,3.332068e+01,1.370586e-05,1.116333e-05,3004754.562,1.250000e-04,5.70,15290.14
3514,3.687155e-03,3.326659e+01,2.439192e-05,2.331539e-05,2998153.998,4.056443e-03,3.352563e+01,6.454286e-05,1.169014e-05,2997556.203,1.250000e-04,5.52,15295.66
3515,3.633070e-03,3.324052e+01,2.012386e-05,2.155597e-05,2997605.777,3.565659e-03,3.345667e+01,1.674472e-05,1.050886e-05,3004563.469,1.250000e-04,5.83,15301.49
3516,3.745754e-03,3.328730e+01,2.883251e-05,2.573980e-05,2997773.760,3.630033e-03,3.337089e+01,2.077331e-05,1.704218e-05,3002423.578,1.250000e-04,5.32,15306.81
3517,3.709045e-03,3.327421e+01,2.582773e-05,2.466946e-05,2997868.982,3.857370e-03,3.369844e+01,2.327514e-05,5.095487e-05,3017777.320,1.250000e-04,5.86,15312.67
3518,3.701329e-03,3.324879e+01,2.317150e-05,2.894711e-05,2997926.613,3.453253e-03,3.314788e+01,8.099269e-06,1.149453e-05,3001198.461,1.250000e-04,5.66,15318.33
3519,3.679550e-03,3.324964e+01,2.272598e-05,2.546542e-05,2997868.848,3.570540e-03,3.343797e+01,1.244896e-05,2.045073e-05,3009181.289,1.250000e-04,5.60,15323.92
3520,3.694334e-03,3.323399e+01,2.344862e-05,2.728974e-05,2997941.363,3.548743e-03,3.318836e+01,1.804200e-05,9.897263e-06,3000457.602,1.250000e-04,5.65,15329.57
3521,3.707722e-03,3.326016e+01,2.492369e-05,2.649383e-05,2997861.531,3.665973e-03,3.287258e+01,1.641659e-05,4.290982e-05,2983747.133,1.250000e-04,5.78,15335.35
3522,3.706741e-03,3.323768e+01,2.551348e-05,2.556756e-05,2997779.570,3.685203e-03,3.325888e+01,2.866478e-05,1.453349e-05,2997026.492,1.250000e-04,5.85,15341.21
3523,3.642578e-03,3.322990e+01,1.973365e-05,2.445018e-05,2997898.820,3.472866e-03,3.301581e+01,9.852484e-06,1.455203e-05,2991246.242,1.250000e-04,5.84,15347.04
3524,3.678027e-03,3.325120e+01,2.449434e-05,2.159274e-05,2997680.094,4.084932e-03,3.391362e+01,2.203501e-05,9.464398e-05,3026771.781,1.250000e-04,5.82,15352.87
3525,3.751184e-03,3.326987e+01,2.708081e-05,3.067787e-05,2997962.502,3.597109e-03,3.324419e+01,1.913508e-05,1.626783e-05,2996658.070,1.250000e-04,5.93,15358.80
3526,3.750703e-03,3.330435e+01,2.807291e-05,2.790793e-05,2997850.492,3.618414e-03,3.329688e+01,2.144634e-05,1.485259e-05,3005667.039,1.250000e-04,5.47,15364.27
3527,3.742864e-03,3.323170e+01,2.681028e-05,3.031832e-05,2997922.928,3.532182e-03,3.339543e+01,1.220994e-05,1.410793e-05,3005964.781,1.250000e-04,5.76,15370.03
3528,3.675371e-03,3.327376e+01,2.342481e-05,2.274924e-05,2997928.479,3.634042e-03,3.285249e+01,1.315073e-05,4.345710e-05,2983370.922,1.250000e-04,6.46,15376.49
3529,3.690404e-03,3.323506e+01,2.454704e-05,2.428552e-05,2997770.387,3.454169e-03,3.318933e+01,9.444689e-06,8.157805e-06,3001264.656,1.250000e-04,5.71,15382.20
3530,3.675999e-03,3.323774e+01,2.345265e-05,2.353976e-05,2997637.936,3.920560e-03,3.365083e+01,2.829082e-05,5.451369e-05,3019376.945,1.250000e-04,5.64,15387.85
3531,3.778196e-03,3.330084e+01,2.693513e-05,3.575230e-05,2998065.469,3.756221e-03,3.342821e+01,3.372981e-05,1.522042e-05,2996943.297,1.250000e-04,5.79,15393.63
3532,3.762709e-03,3.329283e+01,2.851620e-05,2.965275e-05,2997936.635,3.696214e-03,3.304818e+01,2.046649e-05,3.734621e-05,2986681.477,1.250000e-04,5.81,15399.45
3533,3.633603e-03,3.320995e+01,2.085946e-05,2.080265e-05,2997822.492,3.528524e-03,3.327972e+01,1.029641e-05,1.951744e-05,3007403.430,1.250000e-04,5.38,15404.82
3534,3.750646e-03,3.325041e+01,2.588812e-05,3.334458e-05,2997704.908,3.587124e-03,3.332084e+01,1.541032e-05,2.018734e-05,3008066.914,1.250000e-04,5.63,15410.45
3535,3.695299e-03,3.324346e+01,2.472016e-05,2.475016e-05,2998148.838,3.809298e-03,3.267596e+01,2.409022e-05,6.015980e-05,2978990.516,1.250000e-04,6.38,15416.83
3536,3.694632e-03,3.322068e+01,2.272944e-05,2.905400e-05,2997710.125,3.604685e-03,3.314936e+01,2.198547e-05,1.397896e-05,2992143.055,1.250000e-04,5.59,15422.43
3537,3.757167e-03,3.323794e+01,2.668016e-05,3.331428e-05,2997845.219,3.552403e-03,3.310130e+01,1.945630e-05,9.542109e-06,2993783.125,1.250000e-04,5.79,15428.21
3538,3.691970e-03,3.324679e+01,2.543669e-05,2.258482e-05,2997902.383,3.523127e-03,3.332368e+01,1.610238e-05,5.947050e-06,3002146.414,1.250000e-04,5.47,15433.68
3539,3.672964e-03,3.322257e+01,2.524410e-05,1.965314e-05,2998003.811,3.743037e-03,3.343593e+01,3.254000e-05,1.480880e-05,3007946.117,1.250000e-04,5.60,15439.28
3540,3.774851e-03,3.327629e+01,2.970199e-05,3.004038e-05,2997661.816,3.589645e-03,3.304613e+01,2.008555e-05,1.683534e-05,2991153.633,1.250000e-04,5.53,15444.81
3541,3.678345e-03,3.321915e+01,2.268160e-05,2.592277e-05,2997883.014,3.599015e-03,3.339585e+01,1.750373e-05,1.687842e-05,3007136.953,1.250000e-04,5.99,15450.80
3542,3.643227e-03,3.320500e+01,2.015281e-05,2.423977e-05,2997929.379,4.081618e-03,3.301287e+01,4.590362e-05,6.425896e-05,2978803.789,1.250000e-04,5.47,15456.26
3543,3.735796e-03,3.325818e+01,2.780145e-05,2.639260e-05,2997875.580,3.523332e-03,3.320550e+01,1.510951e-05,1.033741e-05,2997621.555,1.250000e-04,5.44,15461.70
3544,3.691189e-03,3.323535e+01,2.334241e-05,2.684606e-05,2998014.381,3.738349e-03,3.295702e+01,2.120854e-05,4.611233e-05,2981339.312,1.250000e-04,5.26,15466.96
3545,3.686201e-03,3.327881e+01,2.341343e-05,2.483726e-05,2997755.787,3.722096e-03,3.320940e+01,3.458914e-05,1.105288e-05,2999320.867,1.250000e-04,5.71,15472.68
3546,3.647913e-03,3.319885e+01,2.236192e-05,2.088183e-05,2997874.797,3.569435e-03,3.303534e+01,1.427341e-05,2.463334e-05,2991754.508,1.250000e-04,5.68,15478.36
3547,3.682010e-03,3.322303e+01,2.174896e-05,2.844342e-05,2997911.133,3.641235e-03,3.278078e+01,1.428040e-05,4.407045e-05,2982538.023,1.250000e-04,5.59,15483.95
3548,3.709148e-03,3.324536e+01,2.331931e-05,3.028381e-05,2997794.770,3.595554e-03,3.326947e+01,2.091225e-05,1.189699e-05,3004015.688,1.250000e-04,5.80,15489.74
3549,3.674499e-03,3.322906e+01,2.212619e-05,2.606628e-05,2997800.205,3.816092e-03,3.339990e+01,4.009412e-05,1.503211e-05,3006296.344,1.250000e-04,5.59,15495.34
3550,3.679364e-03,3.324556e+01,2.203108e-05,2.689951e-05,2997882.816,3.604373e-03,3.304593e+01,1.808932e-05,2.377740e-05,2992544.922,1.250000e-04,5.50,15500.84
3551,3.688116e-03,3.324896e+01,2.140769e-05,2.982867e-05,2997877.447,3.606328e-03,3.327587e+01,1.496279e-05,2.582263e-05,3004769.664,1.250000e-04,6.14,15506.98
3552,3.642655e-03,3.321281e+01,2.153888e-05,2.119718e-05,2997807.348,3.641844e-03,3.319273e+01,2.517482e-05,1.416445e-05,2994366.078,1.250000e-04,6.16,15513.13
3553,3.710525e-03,3.324009e+01,2.283838e-05,3.162645e-05,2998009.652,3.654354e-03,3.300868e+01,2.138057e-05,2.793596e-05,2990485.961,1.250000e-04,5.67,15518.81
3554,3.717593e-03,3.331566e+01,2.638077e-05,2.444399e-05,2997684.770,3.630558e-03,3.344614e+01,1.625259e-05,2.468359e-05,3011737.625,1.250000e-04,5.18,15523.98
3555,3.622440e-03,3.319968e+01,1.853852e-05,2.341737e-05,2998086.051,3.612195e-03,3.331947e+01,1.760233e-05,2.084492e-05,3001778.484,1.250000e-04,6.13,15530.12
3556,3.704770e-03,3.321161e+01,2.350286e-05,2.971615e-05,2997649.043,4.013284e-03,3.341156e+01,6.187750e-05,1.067057e-05,3006327.812,1.250000e-04,5.66,15535.77
3557,3.673147e-03,3.323642e+01,2.348617e-05,2.292873e-05,2997986.932,3.607271e-03,3.283396e+01,1.449640e-05,3.578235e-05,2985709.391,1.250000e-04,5.42,15541.20
3558,3.663217e-03,3.323660e+01,2.187363e-05,2.416421e-05,2997781.559,3.798473e-03,3.361000e+01,2.775980e-05,3.197501e-05,3013539.242,1.250000e-04,5.25,15546.45
3559,3.732524e-03,3.324740e+01,2.453928e-05,3.247825e-05,2997939.902,3.601718e-03,3.287071e+01,1.707088e-05,2.878777e-05,2985605.805,1.250000e-04,6.41,15552.86
3560,3.677694e-03,3.322246e+01,2.219773e-05,2.669429e-05,2997766.498,3.492261e-03,3.319517e+01,1.260810e-05,9.332479e-06,2999122.406,1.250000e-04,5.79,15558.65
3561,3.672692e-03,3.320154e+01,2.007848e-05,3.035061e-05,2998069.701,3.590061e-03,3.302999e+01,1.820828e-05,2.099591e-05,2989131.008,1.250000e-04,5.99,15564.64
3562,3.744232e-03,3.324823e+01,2.597656e-05,3.192875e-05,2997718.766,4.115992e-03,3.383365e+01,3.233091e-05,8.186365e-05,3024622.688,1.250000e-04,5.71,15570.35
3563,3.724140e-03,3.324929e+01,2.433096e-05,3.118031e-05,2997785.051,3.572489e-03,3.344015e+01,1.303529e-05,1.962427e-05,3009760.344,1.250000e-04,5.47,15575.82
3564,3.672646e-03,3.320172e+01,2.119004e-05,2.811477e-05,2997718.072,3.738686e-03,3.362339e+01,1.951620e-05,3.623701e-05,3012339.016,1.250000e-04,5.54,15581.36
3565,3.635617e-03,3.321383e+01,1.790874e-05,2.702922e-05,2997925.443,4.116812e-03,3.358760e+01,6.179027e-05,2.802990e-05,3011199.445,1.250000e-04,5.64,15587.00
3566,3.763512e-03,3.328605e+01,2.521562e-05,3.655017e-05,2998005.035,3.883493e-03,3.337264e+01,4.854807e-05,1.214969e-05,2993135.773,1.250000e-04,5.78,15592.78
3567,3.621247e-03,3.319842e+01,1.864579e-05,2.298937e-05,2997780.979,3.461939e-03,3.302068e+01,9.132154e-06,1.370990e-05,2993521.422,1.250000e-04,5.62,15598.40
3568,3.664855e-03,3.322514e+01,1.948740e-05,2.949343e-05,2997943.100,3.533549e-03,3.317147e+01,1.618407e-05,1.091243e-05,2998920.445,1.250000e-04,5.87,15604.26
3569,3.666522e-03,3.322241e+01,2.164320e-05,2.556970e-05,2998005.320,3.547012e-03,3.278803e+01,1.113316e-05,3.137554e-05,2986816.086,1.250000e-04,5.69,15609.96
3570,3.648982e-03,3.320185e+01,2.187689e-05,2.200560e-05,2997904.939,3.488715e-03,3.314086e+01,1.327402e-05,8.377730e-06,2997122.969,1.250000e-04,5.37,15615.33
3571,3.672291e-03,3.321380e+01,2.293241e-05,2.431744e-05,2997844.092,3.649131e-03,3.368313e+01,1.739942e-05,2.136477e-05,3010967.867,1.250000e-04,5.71,15621.05
3572,3.670789e-03,3.322704e+01,2.186106e-05,2.589479e-05,2997971.098,3.528661e-03,3.320417e+01,9.300936e-06,2.304685e-05,2994463.977,1.250000e-04,5.81,15626.86
3573,3.676711e-03,3.325866e+01,2.230046e-05,2.556801e-05,2997806.373,3.618374e-03,3.302612e+01,1.728877e-05,2.857489e-05,2986473.383,1.250000e-04,5.97,15632.82
3574,3.673494e-03,3.324265e+01,2.215802e-05,2.552981e-05,2997782.432,3.620131e-03,3.329106e+01,1.509194e-05,2.802104e-05,3004298.477,1.250000e-04,4.95,15637.77
3575,3.673991e-03,3.322218e+01,2.399237e-05,2.236973e-05,2997884.281,3.915355e-03,3.273729e+01,1.896195e-05,9.040123e-05,2974064.609,1.250000e-04,6.42,15644.20
3576,3.728920e-03,3.324348e+01,2.506286e-05,3.078863e-05,2998050.287,3.520620e-03,3.325667e+01,1.273834e-05,1.351387e-05,3004122.953,1.250000e-04,5.91,15650.10
3577,3.669062e-03,3.321944e+01,2.085797e-05,2.770780e-05,2997704.873,3.553660e-03,3.295887e+01,1.532498e-05,2.090450e-05,2989095.547,1.250000e-04,5.60,15655.70
3578,3.646311e-03,3.323754e+01,2.058446e-05,2.334243e-05,2998113.266,3.635216e-03,3.322708e+01,1.896400e-05,2.457359e-05,2990850.398,1.250000e-04,5.72,15661.42
3579,3.758142e-03,3.325577e+01,2.859547e-05,2.932203e-05,2997821.121,3.753817e-03,3.314029e+01,2.054511e-05,4.686746e-05,2983330.180,1.250000e-04,5.56,15666.99
3580,3.631455e-03,3.323661e+01,2.042448e-05,2.070993e-05,2997566.482,3.642871e-03,3.332531e+01,2.271385e-05,1.664038e-05,3004283.984,1.250000e-04,5.36,15672.35
3581,3.605455e-03,3.320520e+01,1.924788e-05,1.849109e-05,2998003.975,3.513971e-03,3.332312e+01,1.498399e-05,6.363894e-06,3000639.523,1.250000e-04,5.98,15678.33
3582,3.808233e-03,3.328681e+01,2.810942e-05,3.969163e-05,2997690.193,3.514363e-03,3.342265e+01,1.064067e-05,1.313817e-05,3000308.969,1.250000e-04,5.79,15684.12
3583,3.699207e-03,3.324002e+01,2.318477e-05,2.867159e-05,2998034.486,3.516852e-03,3.315652e+01,1.252091e-05,1.519829e-05,2993227.969,1.250000e-04,5.79,15689.91
3584,3.630288e-03,3.324273e+01,2.099267e-05,1.921753e-05,2998015.879,4.104032e-03,3.257840e+01,2.546586e-05,1.183067e-04,2968198.891,1.250000e-04,5.42,15695.33
3585,3.691237e-03,3.322230e+01,2.409088e-05,2.561953e-05,2997605.445,4.106913e-03,3.323255e+01,7.082833e-05,1.507504e-05,2991986.383,1.250000e-04,5.52,15700.85
3586,3.683740e-03,3.323236e+01,2.362445e-05,2.485185e-05,2997860.129,3.457799e-03,3.322462e+01,8.437217e-06,1.019289e-05,3002612.773,1.250000e-04,6.31,15707.16
3587,3.620143e-03,3.319493e+01,2.076960e-05,1.859074e-05,2997838.818,3.928157e-03,3.371819e+01,3.145293e-05,4.836183e-05,3019651.820,1.250000e-04,6.50,15713.66
3588,3.721937e-03,3.324728e+01,2.721720e-05,2.500746e-05,2997894.992,3.640839e-03,3.313517e+01,2.426733e-05,1.692982e-05,2993595.930,1.250000e-04,5.53,15719.19
3589,3.626286e-03,3.321977e+01,2.130335e-05,1.825499e-05,2997993.312,3.588179e-03,3.289708e+01,1.161254e-05,3.646927e-05,2987235.023,1.250000e-04,5.34,15724.53
3590,3.675791e-03,3.319659e+01,2.189528e-05,2.743582e-05,2997755.814,3.439816e-03,3.314795e+01,8.181545e-06,8.641080e-06,3001714.492,1.250000e-04,5.83,15730.36
3591,3.616066e-03,3.318367e+01,1.810412e-05,2.333146e-05,2997936.121,3.472272e-03,3.304466e+01,1.101807e-05,1.152503e-05,2995192.336,1.250000e-04,5.43,15735.79
3592,3.661212e-03,3.317710e+01,2.069582e-05,2.730880e-05,2997617.707,3.836866e-03,3.370809e+01,1.885813e-05,5.549521e-05,3018898.164,1.250000e-04,5.73,15741.52
3593,3.742450e-03,3.325984e+01,2.376646e-05,3.576022e-05,2998075.918,3.536897e-03,3.303347e+01,1.184623e-05,2.301751e-05,2991703.727,1.250000e-04,5.37,15746.89
3594,3.732507e-03,3.324309e+01,2.421922e-05,3.320122e-05,2997903.619,3.492900e-03,3.315899e+01,1.233040e-05,1.073952e-05,2999375.648,1.250000e-04,5.70,15752.59
3595,3.749806e-03,3.326184e+01,2.742033e-05,2.988372e-05,2997880.674,3.752961e-03,3.330916e+01,3.706598e-05,1.027703e-05,2997778.523,1.250000e-04,5.22,15757.80
3596,3.716180e-03,3.321049e+01,2.478964e-05,2.944679e-05,2997821.473,4.467492e-03,3.367341e+01,1.054395e-04,9.151358e-06,3004836.484,1.250000e-04,5.55,15763.36
3597,3.717054e-03,3.323209e+01,2.711927e-05,2.453040e-05,2998099.080,3.994453e-03,3.299990e+01,3.093472e-05,7.702311e-05,2977108.742,1.250000e-04,5.99,15769.34
3598,3.699456e-03,3.324701e+01,2.510782e-05,2.473530e-05,2997798.998,3.752415e-03,3.328623e+01,3.591480e-05,1.292882e-05,3001814.156,1.250000e-04,5.34,15774.69
3599,3.668826e-03,3.322149e+01,2.317745e-05,2.298048e-05,2997818.520,3.760269e-03,3.346390e+01,2.561543e-05,3.154483e-05,3006269.344,1.250000e-04,6.16,15780.85
3600,3.771088e-03,3.325209e+01,3.194832e-05,2.527922e-05,2997782.195,3.582987e-03,3.338748e+01,1.740530e-05,1.403722e-05,3008503.016,1.250000e-04,5.91,15786.76
3601,3.802485e-03,3.330322e+01,3.281506e-05,2.880260e-05,2997902.754,3.594756e-03,3.345722e+01,1.604757e-05,1.771157e-05,3008456.195,1.250000e-04,5.49,15792.25
3602,3.746783e-03,3.324170e+01,2.770566e-05,2.911131e-05,2997683.822,3.753141e-03,3.338236e+01,3.744033e-05,8.100375e-06,3002260.617,1.250000e-04,5.66,15797.90
3603,3.750637e-03,3.328388e+01,2.816528e-05,2.811925e-05,2997982.461,3.753750e-03,3.339181e+01,2.620167e-05,3.051043e-05,3005087.391,1.250000e-04,4.88,15802.78
3604,3.695200e-03,3.323674e+01,2.424733e-05,2.581051e-05,2997987.139,3.841858e-03,3.282409e+01,2.636757e-05,5.915478e-05,2981248.453,1.250000e-04,5.26,15808.04
3605,3.785875e-03,3.326441e+01,2.966779e-05,3.255118e-05,2997770.068,3.539077e-03,3.298139e+01,1.602483e-05,1.613796e-05,2991835.258,1.250000e-04,5.34,15813.38
3606,3.745046e-03,3.329377e+01,2.885293e-05,2.542789e-05,2997838.514,4.086634e-03,3.360069e+01,5.352686e-05,3.825936e-05,3006824.758,1.250000e-04,5.67,15819.05
3607,3.768294e-03,3.323655e+01,2.898140e-05,3.096498e-05,2997838.287,3.698414e-03,3.306416e+01,2.824687e-05,2.190583e-05,2993957.977,1.250000e-04,5.50,15824.55
3608,3.685448e-03,3.324642e+01,2.347197e-05,2.521720e-05,2997769.963,3.577681e-03,3.295899e+01,1.602183e-05,2.431277e-05,2988240.180,1.250000e-04,6.17,15830.72
3609,3.684501e-03,3.321947e+01,2.476779e-05,2.297522e-05,2997788.189,3.612121e-03,3.345106e+01,1.591088e-05,2.158136e-05,3010014.984,1.250000e-04,6.01,15836.73
3610,3.746212e-03,3.324319e+01,2.752933e-05,2.931994e-05,2997921.816,3.560524e-03,3.309245e+01,1.569187e-05,1.887207e-05,2990996.820,1.250000e-04,4.89,15841.62
3611,3.698878e-03,3.324622e+01,2.443480e-05,2.598170e-05,2997945.621,3.854650e-03,3.274364e+01,2.745691e-05,6.114357e-05,2978228.906,1.250000e-04,5.49,15847.11
3612,3.765456e-03,3.328589e+01,2.970882e-05,2.795571e-05,2997670.121,3.676498e-03,3.351818e+01,1.364414e-05,3.764771e-05,3014743.781,1.250000e-04,5.70,15852.81
3613,3.704833e-03,3.322663e+01,2.334538e-05,2.974327e-05,2997965.758,3.749777e-03,3.302150e+01,2.348213e-05,4.256119e-05,2987611.375,1.250000e-04,5.98,15858.80
3614,3.676691e-03,3.324162e+01,2.391121e-05,2.268336e-05,2997867.010,3.641496e-03,3.352706e+01,1.875641e-05,2.024520e-05,3010689.719,1.250000e-04,5.74,15864.54
3615,3.716993e-03,3.324603e+01,2.548287e-05,2.751238e-05,2997898.324,3.709954e-03,3.284370e+01,1.938409e-05,4.634856e-05,2980687.766,1.250000e-04,5.69,15870.22
3616,3.723129e-03,3.324914e+01,2.620106e-05,2.724078e-05,2997720.330,3.532560e-03,3.337732e+01,1.050755e-05,1.795048e-05,3009340.008,1.250000e-04,5.92,15876.15
3617,3.639125e-03,3.321308e+01,1.979426e-05,2.397486e-05,2997989.211,3.549072e-03,3.324932e+01,1.079232e-05,2.324346e-05,3005279.281,1.250000e-04,5.42,15881.57
3618,3.691103e-03,3.323548e+01,2.482800e-05,2.385513e-05,2997745.406,3.569125e-03,3.348895e+01,1.219800e-05,1.965006e-05,3008991.258,1.250000e-04,5.46,15887.03
3619,3.729718e-03,3.326932e+01,2.460809e-05,3.134108e-05,2997823.996,3.656538e-03,3.347084e+01,1.878542e-05,2.431997e-05,3008757.836,1.250000e-04,6.06,15893.09
3620,3.684413e-03,3.324663e+01,2.249453e-05,2.696104e-05,2998099.729,3.610741e-03,3.297544e+01,1.530273e-05,3.203395e-05,2984244.141,1.250000e-04,6.06,15899.15
3621,3.723398e-03,3.327085e+01,2.416832e-05,3.092608e-05,2997456.662,3.985043e-03,3.402471e+01,2.950498e-05,5.750443e-05,3019135.133,1.250000e-04,5.36,15904.51
3622,3.706033e-03,3.325067e+01,2.591927e-05,2.435464e-05,2998196.711,3.808578e-03,3.344889e+01,2.847041e-05,3.579698e-05,3006287.023,1.250000e-04,5.86,15910.37
3623,3.773544e-03,3.330652e+01,2.874852e-05,3.108138e-05,2997997.678,4.380580e-03,3.306929e+01,4.868009e-05,1.173700e-04,2976512.336,1.250000e-04,5.27,15915.64
3624,3.685542e-03,3.327691e+01,2.250841e-05,2.655343e-05,2997603.188,3.586893e-03,3.324138e+01,2.180197e-05,8.947049e-06,3000884.430,1.250000e-04,5.71,15921.35
3625,3.746162e-03,3.330820e+01,2.679920e-05,2.946996e-05,2997850.205,3.523890e-03,3.296311e+01,1.292320e-05,1.966932e-05,2993238.430,1.250000e-04,5.54,15926.89
3626,3.706895e-03,3.324327e+01,2.426850e-05,2.797645e-05,2997820.959,3.618371e-03,3.345925e+01,1.249016e-05,2.950908e-05,3012015.727,1.250000e-04,5.70,15932.59
3627,3.762533e-03,3.327668e+01,2.795744e-05,3.105806e-05,2997996.469,3.555877e-03,3.306598e+01,1.621079e-05,1.743413e-05,2997795.727,1.250000e-04,5.94,15938.53
3628,3.748530e-03,3.322877e+01,2.607516e-05,3.298047e-05,2997899.668,3.493236e-03,3.317473e+01,1.220818e-05,1.073623e-05,2999453.664,1.250000e-04,5.59,15944.13
3629,3.723586e-03,3.325920e+01,2.586456e-05,2.780393e-05,2997568.254,3.898516e-03,3.384931e+01,1.111516e-05,8.048666e-05,3024827.883,1.250000e-04,5.28,15949.41
3630,3.666232e-03,3.321745e+01,2.351935e-05,2.185883e-05,2998144.959,3.554075e-03,3.312315e+01,1.488005e-05,1.859200e-05,2993963.586,1.250000e-04,5.69,15955.09
3631,3.746726e-03,3.330095e+01,2.364884e-05,3.602864e-05,2997814.697,3.754727e-03,3.355394e+01,3.064074e-05,1.858512e-05,3007558.250,1.250000e-04,6.02,15961.11
3632,3.752674e-03,3.327309e+01,2.636820e-05,3.233665e-05,2997857.215,3.484748e-03,3.311400e+01,1.368573e-05,7.298156e-06,2996930.820,1.250000e-04,5.54,15966.65
3633,3.696389e-03,3.323975e+01,2.274582e-05,2.899109e-05,2997924.428,3.598681e-03,3.338269e+01,2.116540e-05,9.751678e-06,3003991.461,1.250000e-04,5.64,15972.29
3634,3.787584e-03,3.328204e+01,2.877982e-05,3.431632e-05,2998092.213,3.558724e-03,3.341143e+01,1.616018e-05,1.119595e-05,3003391.219,1.250000e-04,5.92,15978.21
3635,3.782877e-03,3.329927e+01,2.868022e-05,3.322965e-05,2997627.451,3.670654e-03,3.350284e+01,2.527476e-05,1.352437e-05,3007075.289,1.250000e-04,5.81,15984.02
3636,3.675833e-03,3.326215e+01,2.199628e-05,2.593102e-05,2997997.881,3.627138e-03,3.287514e+01,1.371875e-05,4.048743e-05,2986215.453,1.250000e-04,5.91,15989.93
3637,3.642826e-03,3.321343e+01,2.290625e-05,1.848407e-05,2997630.559,3.614470e-03,3.326122e+01,1.995934e-05,1.775095e-05,2994569.555,1.250000e-04,6.04,15995.98
3638,3.696327e-03,3.325264e+01,2.150211e-05,3.120842e-05,2997939.699,3.671845e-03,3.344424e+01,1.985275e-05,2.577879e-05,3010859.109,1.250000e-04,5.62,16001.59
3639,3.662497e-03,3.323302e+01,2.298826e-05,2.186239e-05,2997981.361,3.777518e-03,3.335117e+01,3.588204e-05,1.671608e-05,2998516.977,1.250000e-04,5.30,16006.89
3640,3.670148e-03,3.324606e+01,2.433180e-05,2.044470e-05,2997748.400,3.529391e-03,3.331095e+01,1.436020e-05,1.093884e-05,3004811.555,1.250000e-04,5.96,16012.86
3641,3.677805e-03,3.324169e+01,2.222044e-05,2.628638e-05,2998123.562,3.715453e-03,3.280245e+01,1.546166e-05,5.611829e-05,2978876.219,1.250000e-04,5.86,16018.72
3642,3.641337e-03,3.325153e+01,2.185551e-05,1.952576e-05,2997831.500,3.755217e-03,3.285269e+01,2.014563e-05,5.369833e-05,2983683.859,1.250000e-04,5.71,16024.42
3643,3.691899e-03,3.323421e+01,2.503458e-05,2.362647e-05,2997770.857,3.513815e-03,3.313553e+01,1.517900e-05,9.694456e-06,2997835.844,1.250000e-04,5.83,16030.25
3644,3.675764e-03,3.324181e+01,2.422931e-05,2.185805e-05,2997990.000,3.563247e-03,3.306259e+01,1.712348e-05,1.715067e-05,2993163.547,1.250000e-04,5.73,16035.98
3645,3.714603e-03,3.323598e+01,2.591854e-05,2.636389e-05,2997823.574,3.571125e-03,3.298118e+01,1.288236e-05,2.883659e-05,2987731.945,1.250000e-04,5.65,16041.63
3646,3.594098e-03,3.317782e+01,1.806228e-05,1.913865e-05,2997788.381,3.802957e-03,3.318443e+01,3.094298e-05,3.501682e-05,2988554.133,1.250000e-04,5.34,16046.97
3647,3.631130e-03,3.320355e+01,1.962876e-05,2.289751e-05,2997947.504,3.883395e-03,3.277413e+01,2.413105e-05,7.293423e-05,2976639.422,1.250000e-04,5.48,16052.45
3648,3.652276e-03,3.320947e+01,2.197241e-05,2.232089e-05,2997724.594,3.813150e-03,3.360520e+01,2.389912e-05,4.272783e-05,3012003.984,1.250000e-04,6.02,16058.47
3649,3.759772e-03,3.325838e+01,2.617522e-05,3.443636e-05,2998061.607,3.602939e-03,3.324157e+01,2.032185e-05,1.511269e-05,2994159.328,1.250000e-04,5.57,16064.05
3650,3.698603e-03,3.325344e+01,2.348046e-05,2.769087e-05,2997882.924,3.493268e-03,3.288199e+01,1.045613e-05,2.010162e-05,2988518.344,1.250000e-04,5.86,16069.91
3651,3.702775e-03,3.321631e+01,2.496637e-05,2.629604e-05,2997665.812,3.602857e-03,3.338826e+01,1.167745e-05,2.945143e-05,3010463.969,1.250000e-04,5.30,16075.20
3652,3.631497e-03,3.319548e+01,2.023477e-05,2.192029e-05,2997903.248,3.715434e-03,3.325437e+01,2.468761e-05,2.862413e-05,2991138.195,1.250000e-04,5.50,16080.70
3653,3.671319e-03,3.324317e+01,2.296997e-05,2.346047e-05,2997792.939,4.031540e-03,3.373994e+01,4.075320e-05,5.000278e-05,3017272.188,1.250000e-04,5.28,16085.98
3654,3.732143e-03,3.321520e+01,2.681562e-05,2.849321e-05,2998012.031,3.787968e-03,3.299505e+01,3.266474e-05,3.236328e-05,2985188.727,1.250000e-04,5.22,16091.19
3655,3.665054e-03,3.321295e+01,2.318894e-05,2.237390e-05,2997570.318,3.800345e-03,3.370944e+01,1.423557e-05,5.740918e-05,3017644.219,1.250000e-04,5.50,16096.69
3656,3.677186e-03,3.327537e+01,2.243494e-05,2.505978e-05,2998070.715,3.703988e-03,3.292061e+01,2.451153e-05,3.336229e-05,2986584.984,1.250000e-04,6.20,16102.90
3657,3.718372e-03,3.320930e+01,2.516128e-05,2.916601e-05,2997787.879,3.563594e-03,3.343441e+01,1.541344e-05,1.320369e-05,3008511.477,1.250000e-04,5.35,16108.24
3658,3.722917e-03,3.329539e+01,2.626988e-05,2.613587e-05,2997906.951,3.662213e-03,3.339049e+01,2.977749e-05,5.077716e-06,2998769.688,1.250000e-04,6.14,16114.39
3659,3.630253e-03,3.320336e+01,2.094192e-05,2.009944e-05,2997814.934,3.644448e-03,3.346752e+01,1.616011e-05,2.721899e-05,3012616.773,1.250000e-04,5.33,16119.72
3660,3.648930e-03,3.323289e+01,2.258714e-05,1.995383e-05,2998002.820,3.579163e-03,3.298767e+01,1.769063e-05,2.069789e-05,2988779.305,1.250000e-04,4.95,16124.67
3661,3.647936e-03,3.321763e+01,2.134471e-05,2.254522e-05,2997849.746,3.547261e-03,3.317431e+01,1.872881e-05,8.508427e-06,3001835.398,1.250000e-04,6.12,16130.78
3662,3.738621e-03,3.322976e+01,2.477731e-05,3.357438e-05,2997780.654,3.538295e-03,3.301399e+01,1.377875e-05,1.982172e-05,2989604.469,1.250000e-04,5.87,16136.65
3663,3.697125e-03,3.324781e+01,2.391930e-05,2.663032e-05,2997932.238,3.687486e-03,3.331760e+01,2.486464e-05,2.141601e-05,3009288.086,1.250000e-04,5.73,16142.37
3664,3.699149e-03,3.321992e+01,2.325228e-05,2.892681e-05,2997902.617,3.655915e-03,3.321439e+01,1.523536e-05,3.642435e-05,2998590.891,1.250000e-04,5.79,16148.16
3665,3.674886e-03,3.322282e+01,2.300495e-05,2.451088e-05,2997864.844,3.557621e-03,3.307675e+01,2.019638e-05,9.596498e-06,2993638.047,1.250000e-04,6.11,16154.27
3666,3.673079e-03,3.322560e+01,2.213374e-05,2.583615e-05,2997922.119,3.747924e-03,3.339857e+01,1.812411e-05,4.536512e-05,3013220.094,1.250000e-04,5.22,16159.49
3667,3.758390e-03,3.326400e+01,2.468648e-05,3.702509e-05,2997903.754,3.632317e-03,3.299648e+01,2.061449e-05,2.530491e-05,2987666.602,1.250000e-04,5.74,16165.23
3668,3.684515e-03,3.323180e+01,2.236083e-05,2.754530e-05,2997910.229,3.862572e-03,3.368661e+01,3.896867e-05,2.084491e-05,3009723.758,1.250000e-04,6.26,16171.49
3669,3.716316e-03,3.324666e+01,2.763221e-05,2.306550e-05,2997777.191,3.821495e-03,3.303128e+01,3.384269e-05,3.598802e-05,2985232.016,1.250000e-04,5.24,16176.73
3670,3.700550e-03,3.324933e+01,2.683047e-05,2.146257e-05,2998037.746,3.988790e-03,3.272346e+01,2.337152e-05,9.654577e-05,2972953.648,1.250000e-04,5.67,16182.40
3671,3.675720e-03,3.322378e+01,2.339400e-05,2.388048e-05,2997736.395,3.861386e-03,3.304556e+01,4.478105e-05,2.180407e-05,2988433.961,1.250000e-04,5.58,16187.97
3672,3.687921e-03,3.323826e+01,2.538522e-05,2.204851e-05,2997920.291,3.824603e-03,3.305870e+01,4.184491e-05,2.005681e-05,2992255.242,1.250000e-04,5.93,16193.91
3673,3.646082e-03,3.320425e+01,2.090007e-05,2.333138e-05,2998027.607,3.832794e-03,3.299124e+01,2.648030e-05,5.377348e-05,2986568.508,1.250000e-04,5.25,16199.16
3674,3.782623e-03,3.328526e+01,3.002242e-05,3.077458e-05,2997445.338,3.992462e-03,3.386494e+01,4.928384e-05,2.262600e-05,3008703.562,1.250000e-04,5.52,16204.68
3675,3.658523e-03,3.321653e+01,2.191515e-05,2.354370e-05,2997844.381,3.683855e-03,3.349896e+01,1.761246e-05,3.156701e-05,3013411.727,1.250000e-04,5.90,16210.58
3676,3.679500e-03,3.325075e+01,2.372222e-05,2.344057e-05,2998149.057,3.623634e-03,3.320603e+01,1.448712e-05,3.163199e-05,3002526.391,1.250000e-04,5.48,16216.06
3677,3.731778e-03,3.324447e+01,2.269740e-05,3.607135e-05,2997384.975,4.949778e-03,3.382539e+01,1.512842e-04,1.087949e-05,2998083.344,1.250000e-04,5.89,16221.95
3678,3.761389e-03,3.327980e+01,2.749591e-05,3.168985e-05,2998049.531,3.693861e-03,3.309036e+01,3.117711e-05,1.461088e-05,2993156.680,1.250000e-04,5.64,16227.59
3679,3.679398e-03,3.320249e+01,2.433957e-05,2.315068e-05,2997968.660,3.711405e-03,3.329124e+01,3.266909e-05,1.111809e-05,2997829.820,1.250000e-04,5.80,16233.39
3680,3.758926e-03,3.325906e+01,2.570873e-05,3.518659e-05,2997661.928,3.622840e-03,3.333836e+01,1.929540e-05,1.921009e-05,2996267.438,1.250000e-04,5.91,16239.30
3681,3.693863e-03,3.326242e+01,2.383592e-05,2.585236e-05,2998010.232,3.638198e-03,3.287044e+01,2.087689e-05,2.847717e-05,2987446.078,1.250000e-04,5.85,16245.15
3682,3.631440e-03,3.321350e+01,1.955020e-05,2.291764e-05,2997868.670,3.533323e-03,3.295440e+01,1.094472e-05,2.568719e-05,2987660.531,1.250000e-04,6.20,16251.35
3683,3.654801e-03,3.323304e+01,2.163572e-05,2.302804e-05,2997907.033,3.560863e-03,3.303169e+01,1.406352e-05,2.341180e-05,2991898.078,1.250000e-04,5.65,16257.00
3684,3.619385e-03,3.320449e+01,1.864493e-05,2.249720e-05,2997870.299,3.606023e-03,3.329751e+01,1.973878e-05,1.577684e-05,3006409.211,1.250000e-04,5.77,16262.77
3685,3.653247e-03,3.320506e+01,2.197984e-05,2.258856e-05,2997810.090,3.557610e-03,3.319334e+01,1.932923e-05,8.996711e-06,3000846.914,1.250000e-04,6.04,16268.81
3686,3.645052e-03,3.322627e+01,2.168681e-05,2.111145e-05,2997839.609,3.586773e-03,3.321747e+01,1.368990e-05,2.562541e-05,2989533.367,1.250000e-04,5.77,16274.58
3687,3.636068e-03,3.316619e+01,1.975392e-05,2.438201e-05,2997899.336,3.636508e-03,3.347672e+01,1.148338e-05,3.480051e-05,3014992.516,1.250000e-04,5.62,16280.20
3688,3.641491e-03,3.318254e+01,1.953568e-05,2.557602e-05,2997953.893,3.932037e-03,3.263582e+01,2.871745e-05,7.625601e-05,2977257.164,1.250000e-04,5.42,16285.62
3689,3.731627e-03,3.323546e+01,2.596940e-05,2.967750e-05,2997979.035,3.728501e-03,3.263167e+01,1.458011e-05,6.390659e-05,2978235.258,1.250000e-04,5.73,16291.35
3690,3.720114e-03,3.321084e+01,2.591061e-05,2.798490e-05,2997675.166,3.631666e-03,3.331759e+01,2.197775e-05,1.602586e-05,3005169.414,1.250000e-04,5.66,16297.01
3691,3.710671e-03,3.325307e+01,2.354439e-05,2.998411e-05,2998058.551,3.886660e-03,3.272646e+01,2.139705e-05,8.000884e-05,2975314.086,1.250000e-04,5.75,16302.77
3692,3.702883e-03,3.323265e+01,2.167381e-05,3.257600e-05,2997590.467,3.710688e-03,3.355883e+01,2.365147e-05,2.365804e-05,3007416.688,1.250000e-04,5.49,16308.25
3693,3.720428e-03,3.324949e+01,2.505816e-05,2.897953e-05,2998116.420,3.724832e-03,3.344637e+01,3.143266e-05,1.317370e-05,3003485.602,1.250000e-04,5.76,16314.01
3694,3.666337e-03,3.324776e+01,2.239731e-05,2.351763e-05,2997781.895,3.563137e-03,3.336970e+01,1.554462e-05,1.414410e-05,3004635.219,1.250000e-04,5.99,16320.00
3695,3.685279e-03,3.324917e+01,2.301667e-05,2.603906e-05,2997909.785,3.644342e-03,3.313816e+01,2.394911e-05,1.820697e-05,2994842.445,1.250000e-04,5.71,16325.71
3696,3.736706e-03,3.325881e+01,2.514238e-05,3.188034e-05,2997859.756,3.582851e-03,3.319310e+01,1.596228e-05,2.078375e-05,2996344.828,1.250000e-04,5.79,16331.50
3697,3.910899e-03,3.332996e+01,3.647626e-05,4.262823e-05,2997717.369,3.949362e-03,3.412546e+01,1.603694e-05,7.528924e-05,3023585.875,1.250000e-04,5.47,16336.97
3698,3.810788e-03,3.327644e+01,3.197739e-05,3.267395e-05,2997894.193,3.760234e-03,3.355024e+01,1.786053e-05,4.532089e-05,3016752.266,1.250000e-04,5.85,16342.82
3699,3.651609e-03,3.320258e+01,1.993017e-05,2.640989e-05,2997888.227,3.694458e-03,3.353526e+01,2.250915e-05,2.316820e-05,2999668.117,1.250000e-04,5.69,16348.51
3700,3.865319e-03,3.331977e+01,3.365929e-05,3.934993e-05,2997604.572,4.232222e-03,3.380994e+01,4.930305e-05,7.163957e-05,3021747.117,1.250000e-04,5.55,16354.06
3701,3.861321e-03,3.327396e+01,3.708729e-05,3.261036e-05,2997967.420,3.795623e-03,3.290241e+01,3.035272e-05,4.037108e-05,2983636.086,1.250000e-04,5.94,16360.00
3702,3.720021e-03,3.321638e+01,2.333663e-05,3.300336e-05,2998058.336,3.824464e-03,3.293186e+01,2.307615e-05,6.010335e-05,2979953.289,1.250000e-04,5.44,16365.44
3703,3.724459e-03,3.326598e+01,2.576861e-05,2.803499e-05,2997840.965,4.119031e-03,3.277875e+01,3.271482e-05,1.028017e-04,2973874.000,1.250000e-04,5.76,16371.20
3704,3.715019e-03,3.324720e+01,2.549933e-05,2.706120e-05,2997732.557,3.801148e-03,3.282784e+01,2.751090e-05,4.865091e-05,2981537.141,1.250000e-04,5.81,16377.01
3705,3.815328e-03,3.324537e+01,3.268654e-05,3.278500e-05,2997976.402,3.988828e-03,3.253208e+01,1.991332e-05,1.072974e-04,2969957.906,1.250000e-04,5.41,16382.42
3706,3.737345e-03,3.324949e+01,2.635139e-05,2.977650e-05,2997699.236,3.501530e-03,3.323901e+01,1.360110e-05,8.323632e-06,3001806.094,1.250000e-04,5.39,16387.80
3707,3.716651e-03,3.326355e+01,2.766015e-05,2.273889e-05,2997916.629,3.707410e-03,3.310065e+01,3.256856e-05,1.433184e-05,2999012.625,1.250000e-04,5.95,16393.75
3708,3.818960e-03,3.325186e+01,3.284697e-05,3.306082e-05,2997797.953,3.697785e-03,3.298658e+01,2.844620e-05,2.293301e-05,2989928.891,1.250000e-04,5.81,16399.56
3709,3.789001e-03,3.326996e+01,2.982903e-05,3.274308e-05,2997748.896,3.889464e-03,3.317204e+01,3.734003e-05,3.977191e-05,2991535.359,1.250000e-04,5.31,16404.87
3710,3.703125e-03,3.324327e+01,2.464296e-05,2.647363e-05,2997881.500,3.571281e-03,3.297516e+01,1.841639e-05,1.792031e-05,2993760.953,1.250000e-04,5.72,16410.59
3711,3.796796e-03,3.330138e+01,3.310043e-05,2.713064e-05,2997676.611,3.867042e-03,3.350470e+01,4.218787e-05,1.893880e-05,3011002.469,1.250000e-04,5.93,16416.52
3712,3.713462e-03,3.324781e+01,2.526226e-05,2.721175e-05,2997857.451,3.683483e-03,3.358898e+01,2.245427e-05,2.000848e-05,3011031.898,1.250000e-04,5.92,16422.44
3713,3.688226e-03,3.326439e+01,2.603127e-05,2.029482e-05,2998038.133,3.613555e-03,3.290177e+01,1.825825e-05,2.815917e-05,2989116.312,1.250000e-04,5.79,16428.23
3714,3.775769e-03,3.326081e+01,2.914792e-05,3.164173e-05,2997734.977,3.696321e-03,3.342557e+01,2.533958e-05,2.007371e-05,3002981.391,1.250000e-04,5.92,16434.15
3715,3.686551e-03,3.326674e+01,2.220594e-05,2.756354e-05,2997869.100,3.618548e-03,3.329606e+01,1.922823e-05,1.933199e-05,3006438.562,1.250000e-04,5.31,16439.46
3716,3.683962e-03,3.323332e+01,2.302289e-05,2.608022e-05,2997955.156,3.849724e-03,3.269511e+01,1.665974e-05,8.272327e-05,2974294.297,1.250000e-04,5.99,16445.45
3717,3.696216e-03,3.323203e+01,2.435613e-05,2.589024e-05,2997824.000,3.778336e-03,3.379530e+01,1.716609e-05,4.542898e-05,3016539.359,1.250000e-04,5.58,16451.03
3718,3.774573e-03,3.327355e+01,3.029051e-05,2.886264e-05,2997845.426,3.661092e-03,3.346361e+01,1.637677e-05,3.019262e-05,3010671.953,1.250000e-04,5.61,16456.65
3719,3.704567e-03,3.326081e+01,2.504461e-05,2.560811e-05,2997668.863,3.851820e-03,3.372462e+01,2.219862e-05,5.147442e-05,3019157.430,1.250000e-04,5.19,16461.83
3720,3.790157e-03,3.325834e+01,2.525482e-05,4.235492e-05,2997791.758,3.654710e-03,3.348054e+01,2.392119e-05,1.348882e-05,3004757.422,1.250000e-04,5.32,16467.15
3721,3.690477e-03,3.325646e+01,2.467241e-05,2.362135e-05,2998081.871,3.656937e-03,3.312590e+01,2.366483e-05,2.153994e-05,2991873.172,1.250000e-04,5.46,16472.62
3722,3.816797e-03,3.329018e+01,3.576697e-05,2.602194e-05,2997907.564,3.846469e-03,3.368923e+01,1.298761e-05,6.953406e-05,3018010.609,1.250000e-04,6.20,16478.82
3723,3.712159e-03,3.324572e+01,2.415172e-05,2.921390e-05,2997650.523,3.708297e-03,3.319185e+01,3.003702e-05,1.774846e-05,2997317.375,1.250000e-04,5.14,16483.96
3724,3.783220e-03,3.330119e+01,2.964492e-05,3.133032e-05,2998002.459,3.835636e-03,3.343672e+01,4.236075e-05,1.367130e-05,3003114.695,1.250000e-04,5.82,16489.78
3725,3.799652e-03,3.327140e+01,2.894032e-05,3.662172e-05,2997792.830,3.608176e-03,3.320646e+01,2.225350e-05,1.299909e-05,3001773.961,1.250000e-04,5.57,16495.35
3726,3.744839e-03,3.325386e+01,2.867671e-05,2.653724e-05,2997795.074,4.200180e-03,3.359422e+01,6.109703e-05,4.595738e-05,3008807.172,1.250000e-04,5.49,16500.84
3727,3.742632e-03,3.323749e+01,2.569498e-05,3.238669e-05,2997899.451,3.666003e-03,3.353732e+01,1.535141e-05,3.175130e-05,3014172.734,1.250000e-04,5.56,16506.40
3728,3.687526e-03,3.322942e+01,2.614272e-05,2.063135e-05,2997934.354,3.582982e-03,3.324824e+01,1.381759e-05,2.399649e-05,3003479.945,1.250000e-04,5.43,16511.83
3729,3.816847e-03,3.328937e+01,3.369610e-05,3.018972e-05,2997768.848,3.628693e-03,3.296623e+01,1.840066e-05,2.961274e-05,2987865.000,1.250000e-04,5.79,16517.62
3730,3.673889e-03,3.320915e+01,2.313360e-05,2.432755e-05,2997823.332,3.530857e-03,3.309632e+01,1.635884e-05,1.152733e-05,2995260.844,1.250000e-04,5.86,16523.48
3731,3.720786e-03,3.327781e+01,2.593774e-05,2.672542e-05,2998035.477,3.481460e-03,3.302265e+01,1.033850e-05,1.516195e-05,2994711.008,1.250000e-04,5.65,16529.14
3732,3.729688e-03,3.318682e+01,2.686788e-05,2.846539e-05,2997700.838,3.773669e-03,3.364414e+01,2.112040e-05,3.961020e-05,3015257.398,1.250000e-04,5.54,16534.67
3733,3.778216e-03,3.325981e+01,2.833289e-05,3.378123e-05,2997751.496,4.175937e-03,3.392760e+01,5.326773e-05,5.010000e-05,3018334.703,1.250000e-04,5.70,16540.38
3734,3.774373e-03,3.327832e+01,3.240865e-05,2.449088e-05,2997953.480,3.746639e-03,3.320127e+01,3.823471e-05,8.832923e-06,2996101.289,1.250000e-04,5.35,16545.73
3735,3.758870e-03,3.326872e+01,2.788245e-05,3.063481e-05,2998009.186,3.554005e-03,3.326071e+01,1.527619e-05,1.503461e-05,2998586.656,1.250000e-04,6.16,16551.89
3736,3.709896e-03,3.326239e+01,2.358720e-05,2.955712e-05,2997625.922,3.584546e-03,3.324783e+01,1.845883e-05,1.503492e-05,2992531.406,1.250000e-04,5.09,16556.98
3737,3.666964e-03,3.326507e+01,2.202618e-05,2.403902e-05,2997950.025,3.553552e-03,3.301883e+01,1.420450e-05,2.192482e-05,2991558.383,1.250000e-04,5.56,16562.54
3738,3.701380e-03,3.324946e+01,2.393537e-05,2.741610e-05,2997892.070,3.693437e-03,3.319810e+01,2.107186e-05,3.258164e-05,2989687.328,1.250000e-04,5.61,16568.14
3739,3.703503e-03,3.328562e+01,2.482791e-05,2.533231e-05,2997758.232,3.633012e-03,3.338478e+01,2.014018e-05,1.862633e-05,3005829.164,1.250000e-04,5.84,16573.99
3740,3.668019e-03,3.323146e+01,2.214720e-05,2.468031e-05,2997971.236,3.729184e-03,3.308080e+01,3.392578e-05,1.636925e-05,2996432.930,1.250000e-04,5.43,16579.42
3741,3.724759e-03,3.322395e+01,2.595171e-05,2.856938e-05,2997735.473,3.618178e-03,3.333501e+01,2.479098e-05,7.353547e-06,3004707.898,1.250000e-04,5.11,16584.53
3742,3.664830e-03,3.323225e+01,2.347510e-05,2.137083e-05,2997891.178,3.565969e-03,3.311819e+01,1.882330e-05,1.318346e-05,2994763.914,1.250000e-04,5.54,16590.06
3743,3.686762e-03,3.327426e+01,2.543629e-05,2.099481e-05,2997947.199,3.988724e-03,3.380401e+01,2.847506e-05,6.471442e-05,3020360.578,1.250000e-04,5.37,16595.44
3744,3.691637e-03,3.321515e+01,2.310486e-05,2.781466e-05,2997607.414,3.611868e-03,3.346118e+01,1.531223e-05,2.252561e-05,3007737.625,1.250000e-04,6.07,16601.51
3745,3.710019e-03,3.326035e+01,2.317840e-05,3.044007e-05,2997999.322,3.848120e-03,3.334546e+01,4.609692e-05,1.052091e-05,2995729.945,1.250000e-04,5.17,16606.68
3746,3.680553e-03,3.324805e+01,2.230556e-05,2.653861e-05,2997926.781,3.527955e-03,3.325444e+01,1.368160e-05,1.313915e-05,3000031.266,1.250000e-04,5.77,16612.45
3747,3.730666e-03,3.328456e+01,2.690891e-05,2.662411e-05,2997939.752,3.763062e-03,3.326362e+01,3.877593e-05,9.788135e-06,2993976.930,1.250000e-04,6.02,16618.46
3748,3.724460e-03,3.327234e+01,2.815220e-05,2.314079e-05,2997762.127,3.631435e-03,3.340461e+01,1.847923e-05,2.123631e-05,3005387.570,1.250000e-04,5.57,16624.04
3749,3.752909e-03,3.325947e+01,3.030092e-05,2.479057e-05,2997916.965,3.842716e-03,3.333643e+01,4.276969e-05,1.627516e-05,2997437.586,1.250000e-04,5.27,16629.31
3750,3.765786e-03,3.330437e+01,2.960017e-05,2.786955e-05,2998039.875,4.471590e-03,3.255873e+01,4.072935e-05,1.616847e-04,2967218.734,1.250000e-04,5.78,16635.09
3751,3.693347e-03,3.325903e+01,2.485477e-05,2.377925e-05,2997706.881,3.577656e-03,3.317933e+01,2.031878e-05,1.130706e-05,3000688.938,1.250000e-04,5.29,16640.39
3752,3.685453e-03,3.324260e+01,2.473024e-05,2.277815e-05,2997960.926,3.651491e-03,3.299053e+01,2.515834e-05,2.017094e-05,2990694.148,1.250000e-04,5.51,16645.90
3753,3.697018e-03,3.326334e+01,2.617969e-05,2.177747e-05,2997861.102,3.767224e-03,3.305691e+01,3.652871e-05,1.924916e-05,2997476.141,1.250000e-04,5.64,16651.54
3754,3.690874e-03,3.324933e+01,2.581858e-05,2.155121e-05,2997794.967,3.541249e-03,3.327555e+01,1.777232e-05,7.194176e-06,3003239.539,1.250000e-04,5.47,16657.01
3755,3.687187e-03,3.324444e+01,2.382688e-05,2.489490e-05,2997881.010,3.553777e-03,3.299946e+01,1.461154e-05,2.154322e-05,2989871.359,1.250000e-04,5.61,16662.61
3756,3.685095e-03,3.328168e+01,2.441103e-05,2.256328e-05,2998048.168,3.688031e-03,3.279832e+01,1.959039e-05,4.245889e-05,2982152.727,1.250000e-04,5.62,16668.23
3757,3.749369e-03,3.329190e+01,2.737202e-05,2.929194e-05,2997606.465,3.657552e-03,3.349186e+01,1.452557e-05,3.262209e-05,3014750.055,1.250000e-04,5.80,16674.04
3758,3.754430e-03,3.327835e+01,2.966521e-05,2.598862e-05,2997968.113,3.512227e-03,3.326617e+01,1.510156e-05,6.918938e-06,3002052.383,1.250000e-04,5.20,16679.24
3759,3.747261e-03,3.324099e+01,2.771700e-05,2.919842e-05,2997935.225,3.546727e-03,3.289642e+01,1.495705e-05,2.150290e-05,2988995.117,1.250000e-04,5.62,16684.86
3760,3.737446e-03,3.326741e+01,2.788796e-05,2.636495e-05,2997826.633,3.621243e-03,3.342037e+01,2.129162e-05,1.325798e-05,3007762.977,1.250000e-04,5.34,16690.20
3761,3.713043e-03,3.323828e+01,2.700630e-05,2.383032e-05,2997777.803,3.524575e-03,3.321975e+01,1.269604e-05,1.512789e-05,2995877.102,1.250000e-04,5.55,16695.76
3762,3.738762e-03,3.328065e+01,2.600716e-05,3.012518e-05,2997880.912,3.529296e-03,3.330434e+01,1.472114e-05,1.033013e-05,3005700.859,1.250000e-04,5.31,16701.07
3763,3.763496e-03,3.328326e+01,2.866949e-05,2.969502e-05,2997943.369,3.712151e-03,3.311248e+01,3.041668e-05,1.934733e-05,2992853.086,1.250000e-04,5.88,16706.95
3764,3.715896e-03,3.325460e+01,2.570018e-05,2.668676e-05,2997982.311,4.425292e-03,3.271045e+01,3.820373e-05,1.544421e-04,2966536.062,1.250000e-04,5.83,16712.78
3765,3.785463e-03,3.329153e+01,3.267627e-05,2.590949e-05,2997652.670,3.589209e-03,3.312635e+01,1.994335e-05,1.542814e-05,2998323.648,1.250000e-04,5.47,16718.25
3766,3.751832e-03,3.322933e+01,2.964714e-05,2.648567e-05,2997735.541,3.773957e-03,3.309022e+01,3.201091e-05,2.896511e-05,2990411.062,1.250000e-04,5.88,16724.12
3767,3.707222e-03,3.323254e+01,2.441136e-05,2.797093e-05,2998036.121,3.542439e-03,3.332249e+01,1.476870e-05,1.250065e-05,3004036.844,1.250000e-04,5.70,16729.82
3768,3.792229e-03,3.328803e+01,3.218852e-05,2.830823e-05,2997841.945,3.741408e-03,3.280116e+01,2.564074e-05,4.097689e-05,2984099.664,1.250000e-04,6.04,16735.86
3769,3.733631e-03,3.324890e+01,2.772205e-05,2.630426e-05,2997717.467,3.800845e-03,3.368846e+01,2.744924e-05,3.150127e-05,3010055.570,1.250000e-04,5.55,16741.41
3770,3.749640e-03,3.326522e+01,2.593846e-05,3.274676e-05,2997956.434,4.026011e-03,3.253464e+01,1.791360e-05,1.186822e-04,2968999.836,1.250000e-04,5.37,16746.79
3771,3.819479e-03,3.332435e+01,2.980549e-05,3.779780e-05,2997828.197,3.645357e-03,3.274820e+01,1.415774e-05,4.579194e-05,2982350.031,1.250000e-04,5.88,16752.66
3772,3.739524e-03,3.325829e+01,2.654560e-05,2.964765e-05,2997688.295,3.615538e-03,3.360062e+01,1.321888e-05,2.465743e-05,3009877.297,1.250000e-04,5.39,16758.05
3773,3.767246e-03,3.326256e+01,2.639883e-05,3.540038e-05,2998271.604,4.045142e-03,3.324343e+01,4.494946e-05,5.426098e-05,2982582.672,1.250000e-04,4.87,16762.92
3774,3.704784e-03,3.322683e+01,2.458200e-05,2.725620e-05,2997785.627,3.719841e-03,3.288505e+01,1.621176e-05,5.384379e-05,2982102.578,1.250000e-04,5.99,16768.92
3775,3.750356e-03,3.327688e+01,2.812381e-05,2.828601e-05,2997797.898,3.963081e-03,3.360816e+01,4.225245e-05,3.594823e-05,3015744.586,1.250000e-04,5.43,16774.35
3776,3.813791e-03,3.339708e+01,3.433901e-05,2.613857e-05,2997986.250,3.665264e-03,3.292475e+01,1.876932e-05,3.701921e-05,2984446.102,1.250000e-04,5.58,16779.93
3777,3.725924e-03,3.328271e+01,2.640800e-05,2.671474e-05,2997733.324,3.625732e-03,3.329279e+01,2.311709e-05,1.305644e-05,3002863.867,1.250000e-04,5.30,16785.23
3778,3.844061e-03,3.331310e+01,3.311499e-05,3.632021e-05,2997718.000,3.715362e-03,3.335757e+01,2.693693e-05,2.204712e-05,3006841.875,1.250000e-04,5.27,16790.50
3779,3.806993e-03,3.328953e+01,3.144801e-05,3.271203e-05,2997746.969,3.785227e-03,3.367799e+01,2.177797e-05,3.992966e-05,3016970.547,1.250000e-04,5.33,16795.83
3780,3.779932e-03,3.330527e+01,2.951461e-05,3.085170e-05,2997991.549,3.709878e-03,3.294828e+01,1.519023e-05,5.262942e-05,2982243.578,1.250000e-04,5.61,16801.44
3781,3.708634e-03,3.325300e+01,2.322499e-05,3.021692e-05,2997900.141,3.578954e-03,3.316419e+01,1.664531e-05,1.921636e-05,2994877.117,1.250000e-04,5.03,16806.46
3782,3.916335e-03,3.339828e+01,4.010262e-05,3.509621e-05,2997829.803,3.715195e-03,3.289645e+01,2.211397e-05,4.088212e-05,2985196.750,1.250000e-04,5.27,16811.73
3783,3.748830e-03,3.320928e+01,2.713155e-05,3.131721e-05,2997884.295,3.693209e-03,3.320527e+01,3.205184e-05,1.043272e-05,2994088.688,1.250000e-04,5.62,16817.35
3784,3.764752e-03,3.330388e+01,3.005520e-05,2.676242e-05,2997877.693,3.791164e-03,3.352269e+01,3.657307e-05,1.463280e-05,3002518.328,1.250000e-04,5.42,16822.76
3785,3.723178e-03,3.328264e+01,2.706981e-05,2.484320e-05,2997777.453,3.531528e-03,3.315820e+01,1.607286e-05,1.099583e-05,3000650.914,1.250000e-04,4.95,16827.71
3786,3.789002e-03,3.330279e+01,2.916175e-05,3.342115e-05,2997747.680,3.518188e-03,3.317042e+01,1.468698e-05,1.085535e-05,2995432.047,1.250000e-04,5.68,16833.39
3787,3.674511e-03,3.322264e+01,2.542143e-05,1.960638e-05,2998028.748,3.722714e-03,3.283735e+01,2.296898e-05,4.185783e-05,2983713.562,1.250000e-04,5.61,16839.00
3788,3.726476e-03,3.325985e+01,2.802855e-05,2.404112e-05,2997711.223,3.544756e-03,3.293998e+01,1.534961e-05,1.945246e-05,2991142.211,1.250000e-04,5.79,16844.79
3789,3.761310e-03,3.335021e+01,3.068433e-05,2.388922e-05,2997778.414,3.520613e-03,3.310224e+01,1.393330e-05,1.421118e-05,2993674.688,1.250000e-04,5.73,16850.52
3790,3.792250e-03,3.330505e+01,3.200294e-05,2.834314e-05,2997711.762,4.173946e-03,3.347150e+01,7.401285e-05,1.733346e-05,2998813.695,1.250000e-04,5.46,16855.98
3791,3.801596e-03,3.332246e+01,3.012418e-05,3.362147e-05,2997966.191,3.857413e-03,3.345798e+01,3.777132e-05,2.678045e-05,3007225.898,1.250000e-04,5.55,16861.53
3792,3.790445e-03,3.330165e+01,2.958297e-05,3.289015e-05,2997936.418,3.866523e-03,3.318839e+01,4.317878e-05,2.317926e-05,2992082.320,1.250000e-04,5.21,16866.74
3793,3.689901e-03,3.324799e+01,2.485976e-05,2.330088e-05,2997772.689,3.654744e-03,3.320522e+01,2.901784e-05,8.808587e-06,2995614.492,1.250000e-04,5.63,16872.38
3794,3.726144e-03,3.330609e+01,2.883575e-05,2.143554e-05,2998003.957,4.169929e-03,3.307617e+01,6.185317e-05,4.875608e-05,2981750.508,1.250000e-04,5.40,16877.77
3795,3.776787e-03,3.328694e+01,2.872047e-05,3.217751e-05,2997772.113,3.684221e-03,3.295379e+01,2.151197e-05,3.474443e-05,2985284.773,1.250000e-04,5.36,16883.13
3796,3.746223e-03,3.328710e+01,2.851419e-05,2.647428e-05,2997919.992,3.626628e-03,3.355161e+01,1.663430e-05,2.102478e-05,3009651.969,1.250000e-04,5.01,16888.14
3797,3.766306e-03,3.333105e+01,2.939738e-05,2.784542e-05,2997620.914,3.652611e-03,3.352296e+01,2.177057e-05,1.652191e-05,3007444.008,1.250000e-04,5.45,16893.59
3798,3.751094e-03,3.329371e+01,2.915344e-05,2.603786e-05,2997975.664,3.554662e-03,3.317765e+01,1.857027e-05,1.023875e-05,2994957.344,1.250000e-04,5.31,16898.90
3799,3.792386e-03,3.329538e+01,2.953150e-05,3.350647e-05,2997878.789,4.071656e-03,3.356213e+01,4.706239e-05,4.896387e-05,3013353.438,1.250000e-04,5.22,16904.12
3800,3.783080e-03,3.330993e+01,2.869759e-05,3.302233e-05,2997725.627,3.654220e-03,3.336722e+01,2.852302e-05,6.453551e-06,2999372.258,1.250000e-04,5.46,16909.58
3801,3.741068e-03,3.325863e+01,2.873021e-05,2.558066e-05,2997988.016,3.572839e-03,3.313235e+01,1.789515e-05,1.613038e-05,2996095.086,1.250000e-04,6.00,16915.58
3802,3.788753e-03,3.331913e+01,3.277090e-05,2.582622e-05,2997655.906,3.645799e-03,3.320733e+01,2.711151e-05,1.079028e-05,2994552.977,1.250000e-04,5.52,16921.10
3803,3.761134e-03,3.330093e+01,2.853735e-05,2.913354e-05,2997963.391,3.477119e-03,3.320497e+01,1.100788e-05,9.308741e-06,3001442.047,1.250000e-04,5.54,16926.65
3804,3.780006e-03,3.331529e+01,3.048290e-05,2.872960e-05,2997796.207,3.699131e-03,3.348759e+01,2.874645e-05,1.258169e-05,3004866.117,1.250000e-04,5.35,16931.99
3805,3.782833e-03,3.327387e+01,3.144197e-05,2.820517e-05,2997874.812,3.552604e-03,3.305514e+01,1.871634e-05,1.198522e-05,2994399.555,1.250000e-04,4.91,16936.91
3806,3.696942e-03,3.321643e+01,2.571529e-05,2.362927e-05,2997871.934,3.855047e-03,3.373873e+01,2.661065e-05,4.301358e-05,3013533.000,1.250000e-04,5.41,16942.32
3807,3.781320e-03,3.328451e+01,3.171491e-05,2.714400e-05,2997976.133,3.651911e-03,3.330682e+01,2.425603e-05,1.573385e-05,3001252.203,1.250000e-04,5.58,16947.91
3808,3.694262e-03,3.323900e+01,2.397661e-05,2.611916e-05,2997731.588,3.902697e-03,3.359695e+01,3.156222e-05,4.547592e-05,3010423.297,1.250000e-04,5.26,16953.17
3809,3.731199e-03,3.327043e+01,2.552262e-05,2.978600e-05,2997741.719,3.536680e-03,3.304776e+01,1.426863e-05,1.784345e-05,2993234.516,1.250000e-04,5.44,16958.62
3810,3.712654e-03,3.326862e+01,2.751464e-05,2.212924e-05,2997984.688,3.922324e-03,3.283572e+01,2.224427e-05,8.326192e-05,2975211.688,1.250000e-04,5.44,16964.05
3811,3.723623e-03,3.325665e+01,2.695008e-05,2.569137e-05,2997651.025,3.607501e-03,3.341788e+01,2.153033e-05,1.008194e-05,3003342.461,1.250000e-04,5.68,16969.73
3812,3.681044e-03,3.328594e+01,2.353731e-05,2.341546e-05,2998153.600,3.826658e-03,3.303719e+01,3.454196e-05,3.550382e-05,2987910.383,1.250000e-04,5.91,16975.64
3813,3.831320e-03,3.331261e+01,3.314568e-05,3.372045e-05,2997708.621,3.559635e-03,3.310337e+01,1.448205e-05,2.089553e-05,2999111.445,1.250000e-04,5.90,16981.54
3814,3.700721e-03,3.323095e+01,2.619585e-05,2.313351e-05,2997973.967,3.805930e-03,3.325990e+01,4.322828e-05,9.531508e-06,2998196.703,1.250000e-04,5.21,16986.76
3815,3.718731e-03,3.330849e+01,2.515554e-05,2.726523e-05,2997852.389,3.553149e-03,3.306498e+01,1.782193e-05,1.368624e-05,2993013.438,1.250000e-04,5.62,16992.38
3816,3.781395e-03,3.329924e+01,2.956222e-05,3.116989e-05,2998042.924,3.818329e-03,3.271090e+01,2.274963e-05,6.394850e-05,2977390.688,1.250000e-04,5.89,16998.27
3817,3.842906e-03,3.331890e+01,3.147205e-05,3.925924e-05,2997566.674,3.602955e-03,3.339891e+01,1.898606e-05,1.464057e-05,3006340.711,1.250000e-04,5.73,17004.00
3818,3.724854e-03,3.327667e+01,2.627856e-05,2.688022e-05,2998033.785,3.867667e-03,3.308210e+01,4.109113e-05,2.970914e-05,2988370.828,1.250000e-04,5.77,17009.77
3819,3.723108e-03,3.327305e+01,2.684068e-05,2.547918e-05,2997680.252,3.799005e-03,3.349814e+01,3.337042e-05,2.309721e-05,3008162.031,1.250000e-04,5.62,17015.39
3820,3.872332e-03,3.328840e+01,3.645865e-05,3.578116e-05,2997558.330,3.921765e-03,3.356547e+01,4.703544e-05,1.897264e-05,3007436.836,1.250000e-04,5.70,17021.09
3821,3.835358e-03,3.333573e+01,2.712589e-05,4.610518e-05,2998252.424,3.603181e-03,3.293110e+01,1.428024e-05,3.345384e-05,2986347.391,1.250000e-04,5.67,17026.76
3822,3.793134e-03,3.334184e+01,2.985007e-05,3.208987e-05,2997615.523,4.380474e-03,3.377302e+01,8.916791e-05,2.229861e-05,3003583.859,1.250000e-04,5.30,17032.06
3823,3.818217e-03,3.336620e+01,3.401751e-05,2.828445e-05,2997698.488,4.153776e-03,3.397309e+01,5.893213e-05,3.342921e-05,3010372.938,1.250000e-04,5.47,17037.53
3824,3.774453e-03,3.327435e+01,3.003671e-05,2.933014e-05,2998065.201,3.680083e-03,3.358494e+01,1.373096e-05,3.685583e-05,3015223.891,1.250000e-04,5.57,17043.10
3825,3.766908e-03,3.328885e+01,2.795883e-05,3.168691e-05,2997652.096,3.653240e-03,3.341777e+01,2.164302e-05,1.900647e-05,3009628.422,1.250000e-04,5.46,17048.55
3826,3.820830e-03,3.333323e+01,3.521756e-05,2.706637e-05,2997898.383,3.748020e-03,3.359746e+01,2.426109e-05,2.913247e-05,3009956.938,1.250000e-04,5.55,17054.11
3827,3.923814e-03,3.333604e+01,3.803757e-05,4.196698e-05,2997791.422,3.687341e-03,3.299141e+01,2.382201e-05,2.999599e-05,2987101.906,1.250000e-04,5.85,17059.96
3828,3.700309e-03,3.328619e+01,2.540824e-05,2.352162e-05,2997830.170,3.605373e-03,3.322644e+01,2.046658e-05,1.561270e-05,3002944.758,1.250000e-04,5.90,17065.85
3829,3.761988e-03,3.331713e+01,2.973940e-05,2.657633e-05,2997834.986,3.698377e-03,3.330785e+01,2.933547e-05,1.484739e-05,3000390.414,1.250000e-04,5.72,17071.57
3830,3.730895e-03,3.324409e+01,2.582194e-05,2.965335e-05,2997879.934,3.611020e-03,3.296578e+01,1.863788e-05,2.561270e-05,2988687.719,1.250000e-04,4.83,17076.39
3831,3.715327e-03,3.324665e+01,2.511927e-05,2.789384e-05,2997731.570,3.792791e-03,3.366198e+01,1.698028e-05,5.135790e-05,3017262.062,1.250000e-04,5.95,17082.35
3832,3.786413e-03,3.328555e+01,2.881989e-05,3.393185e-05,2997806.322,4.281195e-03,3.375177e+01,7.404356e-05,3.311654e-05,3002861.766,1.250000e-04,6.28,17088.63
3833,3.793448e-03,3.334037e+01,3.205290e-05,2.777631e-05,2998086.871,3.976697e-03,3.289966e+01,3.930034e-05,5.874547e-05,2979982.844,1.250000e-04,5.51,17094.14
3834,3.739489e-03,3.325100e+01,2.590572e-05,3.106641e-05,2997593.898,3.667692e-03,3.353526e+01,1.328832e-05,3.625651e-05,3016645.016,1.250000e-04,5.64,17099.78
3835,3.757089e-03,3.328923e+01,3.185271e-05,2.192779e-05,2997952.906,3.590751e-03,3.306185e+01,2.136806e-05,1.417704e-05,2992460.141,1.250000e-04,5.31,17105.08
3836,3.679415e-03,3.323146e+01,2.487478e-05,2.150431e-05,2998051.355,4.194232e-03,3.272667e+01,2.945190e-05,1.254092e-04,2969766.609,1.250000e-04,5.78,17110.87
3837,3.859932e-03,3.336079e+01,3.678561e-05,3.119939e-05,2997615.631,4.179615e-03,3.352939e+01,6.234287e-05,4.064943e-05,2996820.367,1.250000e-04,5.51,17116.37
3838,3.660519e-03,3.327132e+01,2.289191e-05,2.089357e-05,2997929.686,3.697195e-03,3.286132e+01,2.121593e-05,3.978077e-05,2985123.234,1.250000e-04,5.97,17122.34
3839,3.769664e-03,3.331785e+01,2.991232e-05,2.775119e-05,2997912.176,3.751287e-03,3.316958e+01,2.955338e-05,2.775890e-05,2988389.383,1.250000e-04,5.94,17128.29
3840,3.750513e-03,3.330381e+01,2.543285e-05,3.316079e-05,2997863.279,3.638331e-03,3.299738e+01,1.857461e-05,3.056938e-05,2989501.391,1.250000e-04,6.07,17134.36
3841,3.742251e-03,3.328382e+01,2.746734e-05,2.783907e-05,2997834.531,3.596743e-03,3.303672e+01,2.109590e-05,1.642247e-05,2995437.117,1.250000e-04,5.94,17140.30
3842,3.709094e-03,3.324824e+01,2.450790e-05,2.783829e-05,2997907.668,4.383671e-03,3.412551e+01,8.240621e-05,2.941152e-05,3010125.555,1.250000e-04,5.69,17145.99
3843,3.702603e-03,3.326699e+01,2.493335e-05,2.531401e-05,2998031.738,3.700425e-03,3.299032e+01,1.429735e-05,5.168407e-05,2982287.000,1.250000e-04,5.69,17151.69
3844,3.685255e-03,3.323757e+01,2.320714e-05,2.588530e-05,2997739.592,4.180487e-03,3.353414e+01,7.328028e-05,1.885409e-05,3000616.352,1.250000e-04,5.63,17157.32
3845,3.743938e-03,3.323368e+01,2.924367e-05,2.562655e-05,2997658.459,3.679687e-03,3.323428e+01,3.093651e-05,9.378838e-06,2997856.312,1.250000e-04,5.59,17162.90
3846,3.734892e-03,3.329984e+01,2.705496e-05,2.687177e-05,2998033.996,3.966946e-03,3.262730e+01,2.733584e-05,8.617152e-05,2976342.812,1.250000e-04,5.67,17168.57
3847,3.760332e-03,3.325130e+01,2.841052e-05,3.021931e-05,2997755.281,3.879204e-03,3.278528e+01,2.120993e-05,7.771532e-05,2976289.680,1.250000e-04,5.76,17174.33
3848,3.751161e-03,3.330347e+01,2.649975e-05,3.116345e-05,2997862.650,3.721874e-03,3.320948e+01,3.290682e-05,1.437173e-05,2995437.938,1.250000e-04,4.85,17179.18
3849,3.801275e-03,3.329033e+01,2.750882e-05,3.943083e-05,2997674.055,3.674016e-03,3.350592e+01,2.457653e-05,1.553169e-05,3006092.969,1.250000e-04,5.31,17184.50
3850,3.766819e-03,3.326968e+01,2.590531e-05,3.615973e-05,2998110.602,3.535966e-03,3.293806e+01,1.462930e-05,1.917336e-05,2989666.227,1.250000e-04,5.68,17190.18
3851,3.771815e-03,3.329855e+01,2.870173e-05,3.098850e-05,2997897.498,3.777860e-03,3.270882e+01,1.691399e-05,6.756767e-05,2978224.773,1.250000e-04,5.54,17195.72
3852,3.709290e-03,3.325530e+01,2.573259e-05,2.528669e-05,2997678.584,3.493195e-03,3.307385e+01,1.192062e-05,1.332089e-05,2997171.352,1.250000e-04,5.05,17200.77
3853,3.708812e-03,3.328001e+01,2.528539e-05,2.559146e-05,2997903.709,3.583899e-03,3.289428e+01,1.591766e-05,2.705876e-05,2986015.320,1.250000e-04,5.15,17205.92
3854,3.754388e-03,3.327476e+01,2.924333e-05,2.689569e-05,2997783.004,3.675498e-03,3.336441e+01,2.538375e-05,1.704392e-05,3006747.000,1.250000e-04,5.77,17211.70
3855,3.838381e-03,3.328330e+01,2.944478e-05,4.312062e-05,2997774.781,4.298483e-03,3.384522e+01,7.998061e-05,2.283100e-05,3005198.086,1.250000e-04,5.17,17216.87
3856,3.681648e-03,3.324954e+01,2.304270e-05,2.525356e-05,2998046.408,3.569007e-03,3.317838e+01,1.860460e-05,1.302468e-05,2998825.289,1.250000e-04,5.23,17222.09
3857,3.717516e-03,3.329573e+01,2.814860e-05,2.129133e-05,2997816.957,3.667527e-03,3.340369e+01,1.724271e-05,3.094627e-05,3012568.375,1.250000e-04,6.09,17228.18
3858,3.745077e-03,3.325133e+01,2.716072e-05,2.966756e-05,2997845.242,4.043218e-03,3.334464e+01,5.956881e-05,2.261316e-05,2993284.289,1.250000e-04,5.05,17233.23
3859,3.796269e-03,3.327044e+01,2.976752e-05,3.431003e-05,2997793.068,4.582103e-03,3.402159e+01,6.393834e-05,1.081121e-04,3026099.125,1.250000e-04,6.16,17239.39
3860,3.723821e-03,3.321271e+01,2.474632e-05,3.101719e-05,2997892.861,3.464794e-03,3.299837e+01,1.049701e-05,1.199740e-05,2993414.586,1.250000e-04,5.52,17244.91
3861,3.760378e-03,3.325424e+01,2.493823e-05,3.711425e-05,2997845.912,3.506785e-03,3.300651e+01,1.310617e-05,1.501441e-05,2990186.312,1.250000e-04,6.19,17251.10
3862,3.723866e-03,3.331266e+01,2.746095e-05,2.359801e-05,2997635.742,3.649854e-03,3.355195e+01,1.625117e-05,2.642956e-05,3010461.039,1.250000e-04,6.10,17257.20
3863,3.850206e-03,3.335176e+01,3.195094e-05,3.910408e-05,2997983.611,3.654208e-03,3.340406e+01,2.527675e-05,1.220690e-05,3007296.312,1.250000e-04,5.59,17262.79
3864,3.734737e-03,3.327707e+01,2.732952e-05,2.674699e-05,2998022.129,3.652441e-03,3.314580e+01,1.771605e-05,3.214025e-05,2994566.523,1.250000e-04,5.52,17268.31
3865,3.728598e-03,3.323607e+01,2.506289e-05,3.087228e-05,2997785.875,3.504041e-03,3.305610e+01,1.307350e-05,1.353927e-05,2994825.719,1.250000e-04,5.53,17273.84
3866,3.728631e-03,3.326958e+01,2.469875e-05,3.093720e-05,2997875.615,3.467950e-03,3.315495e+01,1.120451e-05,8.082103e-06,2996211.750,1.250000e-04,5.43,17279.27
3867,3.721206e-03,3.324523e+01,2.426351e-05,3.080960e-05,2997757.688,3.674869e-03,3.321835e+01,2.488667e-05,2.083343e-05,2999622.703,1.250000e-04,5.21,17284.48
3868,3.800653e-03,3.329946e+01,3.148340e-05,3.117463e-05,2997792.299,3.559438e-03,3.327403e+01,1.777836e-05,1.085022e-05,3004750.344,1.250000e-04,5.93,17290.41
3869,3.717255e-03,3.325410e+01,2.423986e-05,2.988922e-05,2997942.729,4.075164e-03,3.390358e+01,5.935295e-05,1.825527e-05,2995427.055,1.250000e-04,5.41,17295.82
3870,3.726998e-03,3.327261e+01,2.650324e-05,2.694099e-05,2997721.641,3.545885e-03,3.332655e+01,1.467658e-05,1.329285e-05,3006876.617,1.250000e-04,5.72,17301.54
3871,3.736820e-03,3.325894e+01,2.787265e-05,2.644006e-05,2997842.406,3.976238e-03,3.338929e+01,5.618524e-05,1.509137e-05,2999346.625,1.250000e-04,5.72,17307.26
3872,3.658833e-03,3.322867e+01,2.349027e-05,2.021282e-05,2997826.023,3.973832e-03,3.371989e+01,4.232165e-05,3.572545e-05,3012695.766,1.250000e-04,5.62,17312.89
3873,3.692870e-03,3.323486e+01,2.436187e-05,2.515299e-05,2998110.158,3.819941e-03,3.276468e+01,2.004135e-05,6.861181e-05,2977520.977,1.250000e-04,5.93,17318.82
3874,3.714900e-03,3.323553e+01,2.655306e-05,2.516337e-05,2997840.746,3.908811e-03,3.287206e+01,3.170781e-05,6.090543e-05,2978778.320,1.250000e-04,5.39,17324.21
3875,3.719758e-03,3.323969e+01,2.794693e-05,2.326405e-05,2997700.059,3.789371e-03,3.351637e+01,3.300602e-05,2.153474e-05,3005664.906,1.250000e-04,5.80,17330.00
3876,3.676861e-03,3.321607e+01,2.355238e-05,2.394599e-05,2997860.887,3.678755e-03,3.298136e+01,1.929452e-05,3.753489e-05,2987148.602,1.250000e-04,5.54,17335.54
3877,3.730742e-03,3.324830e+01,2.692262e-05,2.733716e-05,2997792.668,3.591439e-03,3.336083e+01,2.039803e-05,1.027524e-05,3000762.094,1.250000e-04,5.82,17341.37
3878,3.691749e-03,3.327631e+01,2.443380e-05,2.395588e-05,2997889.744,3.622439e-03,3.310615e+01,2.322704e-05,1.591078e-05,2990672.867,1.250000e-04,5.63,17347.00
3879,3.804165e-03,3.328107e+01,3.210877e-05,3.099416e-05,2997750.047,3.818065e-03,3.393038e+01,1.497982e-05,5.504576e-05,3018971.562,1.250000e-04,5.27,17352.26
3880,3.691631e-03,3.327281e+01,2.344188e-05,2.598626e-05,2997904.814,3.877066e-03,3.362469e+01,2.098727e-05,6.094473e-05,3021050.484,1.250000e-04,5.86,17358.13
3881,3.809420e-03,3.331662e+01,3.295228e-05,2.964702e-05,2997986.477,3.626223e-03,3.331072e+01,2.202871e-05,1.497262e-05,2998128.969,1.250000e-04,5.61,17363.74
3882,3.672029e-03,3.325035e+01,2.326811e-05,2.286262e-05,2997727.771,3.858689e-03,3.297649e+01,4.048032e-05,3.124735e-05,2985980.852,1.250000e-04,6.11,17369.85
3883,3.775247e-03,3.324745e+01,2.933949e-05,3.142151e-05,2997968.838,3.505761e-03,3.321152e+01,1.168913e-05,1.354368e-05,3002347.539,1.250000e-04,5.03,17374.88
3884,3.748986e-03,3.328133e+01,2.924976e-05,2.567109e-05,2997825.391,3.750070e-03,3.289345e+01,3.166719e-05,2.881055e-05,2988458.234,1.250000e-04,5.72,17380.60
3885,3.734715e-03,3.323936e+01,2.791027e-05,2.633520e-05,2997765.049,3.616713e-03,3.340239e+01,2.169332e-05,1.190820e-05,3007817.125,1.250000e-04,5.73,17386.32
3886,3.761707e-03,3.330600e+01,2.579980e-05,3.462167e-05,2997771.791,3.986888e-03,3.383155e+01,3.377566e-05,5.319543e-05,3018087.883,1.250000e-04,5.62,17391.94
3887,3.741229e-03,3.322261e+01,2.628272e-05,3.122820e-05,2997907.084,3.694150e-03,3.304610e+01,2.289297e-05,3.212215e-05,2989895.094,1.250000e-04,5.00,17396.95
3888,3.743408e-03,3.327387e+01,2.623639e-05,3.073133e-05,2997949.090,4.118971e-03,3.329164e+01,6.880144e-05,2.035850e-05,2992123.844,1.250000e-04,5.86,17402.80
3889,3.726582e-03,3.326117e+01,2.796627e-05,2.416057e-05,2997783.533,3.515006e-03,3.307253e+01,1.222626e-05,1.709814e-05,2998688.266,1.250000e-04,5.88,17408.69
3890,3.804810e-03,3.329723e+01,3.239592e-05,3.022554e-05,2997943.863,3.563316e-03,3.310620e+01,1.799897e-05,1.454139e-05,2994818.047,1.250000e-04,5.64,17414.33
3891,3.779716e-03,3.331493e+01,3.040787e-05,2.882894e-05,2997625.645,3.935577e-03,3.374775e+01,2.433351e-05,6.349351e-05,3020182.422,1.250000e-04,5.35,17419.67
3892,3.711864e-03,3.327395e+01,2.580085e-05,2.529212e-05,2998053.434,3.804207e-03,3.342454e+01,3.528456e-05,2.178147e-05,3000241.438,1.250000e-04,5.15,17424.83
3893,3.693132e-03,3.328038e+01,2.325054e-05,2.651776e-05,2997767.021,3.539687e-03,3.318492e+01,1.640888e-05,1.142112e-05,2993979.680,1.250000e-04,5.61,17430.44
3894,3.689957e-03,3.323445e+01,2.320532e-05,2.689168e-05,2997820.334,3.610875e-03,3.285053e+01,1.104401e-05,4.307637e-05,2982853.516,1.250000e-04,5.56,17436.00
3895,3.742887e-03,3.329556e+01,3.045921e-05,2.174775e-05,2997724.664,3.957588e-03,3.370920e+01,3.917486e-05,3.898390e-05,3005804.336,1.250000e-04,5.77,17441.77
3896,3.759253e-03,3.326234e+01,2.647297e-05,3.365797e-05,2997918.656,3.518201e-03,3.299305e+01,1.351327e-05,1.675269e-05,2995103.336,1.250000e-04,5.48,17447.25
3897,3.720725e-03,3.324352e+01,2.530193e-05,2.867087e-05,2997768.184,3.877754e-03,3.353036e+01,4.109465e-05,2.275441e-05,3000946.320,1.250000e-04,5.85,17453.10
3898,3.796893e-03,3.332942e+01,3.053240e-05,3.172532e-05,2997992.828,3.899065e-03,3.321106e+01,3.938499e-05,3.682184e-05,2994053.203,1.250000e-04,5.75,17458.85
3899,3.693533e-03,3.322120e+01,2.179225e-05,3.069818e-05,2997889.564,3.635011e-03,3.311829e+01,2.604283e-05,1.255089e-05,2994927.484,1.250000e-04,5.72,17464.58
3900,3.802104e-03,3.324766e+01,2.937239e-05,3.672294e-05,2997821.162,3.915959e-03,3.276534e+01,2.105864e-05,8.576790e-05,2974675.500,1.250000e-04,5.91,17470.48
3901,3.727731e-03,3.326019e+01,2.485604e-05,3.063044e-05,2997718.377,3.465165e-03,3.327805e+01,1.058362e-05,6.304738e-06,3004103.281,1.250000e-04,5.86,17476.34
3902,3.691927e-03,3.324263e+01,2.390476e-05,2.572339e-05,2997707.582,3.579897e-03,3.339614e+01,1.778462e-05,1.248734e-05,3005504.789,1.250000e-04,5.83,17482.18
3903,3.787667e-03,3.328424e+01,3.117225e-05,2.950417e-05,2997821.535,3.504054e-03,3.332249e+01,1.121691e-05,1.192721e-05,3003926.703,1.250000e-04,5.63,17487.80
3904,3.740664e-03,3.327134e+01,2.841850e-05,2.586902e-05,2998054.461,3.934412e-03,3.266250e+01,2.065646e-05,9.231949e-05,2973241.156,1.250000e-04,5.13,17492.94
3905,3.687888e-03,3.322806e+01,2.417523e-05,2.466591e-05,2997637.777,3.696013e-03,3.343905e+01,2.383500e-05,2.275168e-05,3010495.070,1.250000e-04,5.72,17498.66
3906,3.755767e-03,3.323538e+01,2.455239e-05,3.734094e-05,2997827.488,3.698403e-03,3.355404e+01,1.518929e-05,3.822111e-05,3016613.000,1.250000e-04,5.22,17503.88
3907,3.779628e-03,3.330122e+01,2.971706e-05,3.046717e-05,2997984.064,3.806007e-03,3.309655e+01,3.702073e-05,2.522900e-05,2987090.477,1.250000e-04,5.78,17509.66
3908,3.793683e-03,3.329339e+01,2.810204e-05,3.666477e-05,2997831.051,4.509428e-03,3.384459e+01,7.139067e-05,8.221267e-05,3023811.656,1.250000e-04,5.71,17515.37
3909,3.708374e-03,3.323006e+01,2.489339e-05,2.728695e-05,2997909.508,3.835310e-03,3.309840e+01,3.091149e-05,4.327095e-05,2985444.672,1.250000e-04,5.62,17520.99
3910,3.742691e-03,3.325394e+01,2.822582e-05,2.700777e-05,2997802.273,4.165126e-03,3.302437e+01,6.077514e-05,5.098765e-05,2984265.461,1.250000e-04,5.67,17526.66
3911,3.722695e-03,3.324377e+01,2.834054e-05,2.298252e-05,2998041.180,3.822073e-03,3.287591e+01,3.051750e-05,4.586141e-05,2980717.266,1.250000e-04,5.52,17532.18
3912,3.775541e-03,3.329480e+01,3.045583e-05,2.830043e-05,2997657.828,3.568807e-03,3.311887e+01,1.978461e-05,1.181486e-05,2993169.188,1.250000e-04,5.64,17537.82
3913,3.800394e-03,3.329658e+01,3.061977e-05,3.290771e-05,2997821.461,3.700865e-03,3.304442e+01,3.013687e-05,1.901099e-05,2993658.438,1.250000e-04,5.55,17543.37
3914,3.769248e-03,3.329083e+01,3.146650e-05,2.510007e-05,2997755.475,3.616114e-03,3.347289e+01,1.291793e-05,2.792901e-05,3010775.148,1.250000e-04,5.91,17549.29
3915,3.733069e-03,3.329684e+01,2.394206e-05,3.279307e-05,2997917.240,3.680642e-03,3.309667e+01,2.452682e-05,2.514127e-05,2995143.000,1.250000e-04,5.92,17555.21
3916,3.759627e-03,3.326095e+01,2.583179e-05,3.504293e-05,2998129.047,3.710083e-03,3.323939e+01,3.072413e-05,1.578073e-05,2995067.086,1.250000e-04,5.50,17560.71
3917,3.726817e-03,3.325809e+01,2.782768e-05,2.454617e-05,2997413.549,3.725130e-03,3.355312e+01,1.729308e-05,3.937745e-05,3015123.398,1.250000e-04,5.17,17565.87
3918,3.716775e-03,3.325520e+01,2.707087e-05,2.410932e-05,2998092.781,3.648791e-03,3.348895e+01,1.918158e-05,2.161611e-05,3010346.430,1.250000e-04,6.12,17571.99
3919,3.727066e-03,3.326501e+01,2.553240e-05,2.904830e-05,2997916.264,3.545591e-03,3.302996e+01,1.314848e-05,2.222218e-05,2992032.055,1.250000e-04,5.40,17577.39
3920,3.723519e-03,3.324781e+01,2.671382e-05,2.632003e-05,2997748.354,3.784705e-03,3.384972e+01,1.174138e-05,5.646394e-05,3018819.711,1.250000e-04,5.67,17583.07
3921,3.727250e-03,3.323933e+01,2.612687e-05,2.840958e-05,2997977.307,3.752687e-03,3.273279e+01,1.235183e-05,7.117782e-05,2976408.219,1.250000e-04,6.01,17589.08
3922,3.757074e-03,3.326457e+01,2.833650e-05,2.945038e-05,2997532.670,3.869232e-03,3.348793e+01,4.255071e-05,1.898656e-05,3008587.430,1.250000e-04,5.19,17594.28
3923,3.696611e-03,3.323826e+01,2.566124e-05,2.323436e-05,2997996.146,3.656476e-03,3.351148e+01,1.513085e-05,3.080401e-05,3014418.953,1.250000e-04,5.51,17599.78
3924,3.762033e-03,3.323220e+01,2.814720e-05,3.146820e-05,2997819.389,3.909497e-03,3.341992e+01,5.100276e-05,1.149550e-05,3002188.148,1.250000e-04,5.57,17605.35
3925,3.712871e-03,3.325492e+01,2.435030e-05,2.877534e-05,2997808.793,3.512149e-03,3.319073e+01,1.305547e-05,1.250429e-05,3002237.930,1.250000e-04,5.73,17611.09
3926,3.686094e-03,3.322322e+01,2.294245e-05,2.686955e-05,2998063.656,3.550793e-03,3.312983e+01,1.635786e-05,1.484628e-05,2991451.188,1.250000e-04,5.89,17616.98
3927,3.778704e-03,3.331328e+01,2.810421e-05,3.326678e-05,2997904.516,3.596319e-03,3.281239e+01,1.298351e-05,3.704911e-05,2983690.391,1.250000e-04,5.92,17622.90
3928,3.691409e-03,3.324268e+01,2.478656e-05,2.385496e-05,2997736.787,3.526645e-03,3.327925e+01,1.462535e-05,1.049329e-05,3000039.586,1.250000e-04,5.89,17628.79
3929,3.718387e-03,3.326806e+01,2.639982e-05,2.551658e-05,2997929.773,3.528124e-03,3.320660e+01,1.674801e-05,7.996712e-06,3000603.445,1.250000e-04,5.69,17634.47
3930,3.817639e-03,3.329115e+01,3.200569e-05,3.369348e-05,2997679.084,4.632953e-03,3.412568e+01,8.035899e-05,8.335918e-05,3025207.672,1.250000e-04,5.04,17639.52
3931,3.814406e-03,3.333984e+01,3.140642e-05,3.327156e-05,2997876.898,3.576293e-03,3.323119e+01,1.781569e-05,1.500332e-05,2997502.625,1.250000e-04,5.49,17645.00
3932,3.728562e-03,3.326088e+01,2.863105e-05,2.323272e-05,2997920.410,3.739123e-03,3.273251e+01,1.864438e-05,5.588563e-05,2979987.281,1.250000e-04,5.48,17650.48
3933,3.740255e-03,3.323446e+01,2.434803e-05,3.466565e-05,2997770.248,3.923792e-03,3.336395e+01,4.952252e-05,1.843445e-05,2996780.250,1.250000e-04,6.20,17656.68
3934,3.740705e-03,3.328775e+01,2.700936e-05,2.836719e-05,2997776.959,3.727025e-03,3.339274e+01,3.193040e-05,1.368936e-05,3002476.203,1.250000e-04,6.27,17662.95
3935,3.767727e-03,3.328664e+01,2.880768e-05,3.019726e-05,2998018.775,3.735440e-03,3.299575e+01,2.816672e-05,3.083964e-05,2986659.406,1.250000e-04,6.05,17669.00
3936,3.694246e-03,3.324098e+01,2.471022e-05,2.460919e-05,2997764.133,3.620590e-03,3.320075e+01,2.352754e-05,1.304791e-05,2998855.820,1.250000e-04,5.38,17674.38
3937,3.800438e-03,3.329923e+01,2.847440e-05,3.715422e-05,2997750.016,3.646289e-03,3.335032e+01,1.398709e-05,3.427723e-05,3009036.422,1.250000e-04,5.18,17679.56
3938,3.758399e-03,3.326746e+01,2.813960e-05,3.005127e-05,2997795.730,3.615428e-03,3.325956e+01,1.805057e-05,2.179324e-05,3001264.516,1.250000e-04,5.76,17685.32
3939,3.711828e-03,3.323848e+01,2.406901e-05,2.945803e-05,2997886.023,3.570433e-03,3.341187e+01,1.687615e-05,1.209681e-05,3006775.703,1.250000e-04,5.63,17690.95
3940,3.798667e-03,3.326925e+01,2.819852e-05,3.795144e-05,2997936.164,3.522501e-03,3.338867e+01,1.158221e-05,1.356237e-05,3001921.539,1.250000e-04,5.83,17696.78
3941,3.711041e-03,3.326598e+01,2.594855e-05,2.499150e-05,2997668.738,3.651551e-03,3.329613e+01,2.319191e-05,1.800369e-05,3004516.961,1.250000e-04,5.82,17702.61
3942,3.703311e-03,3.322876e+01,2.509710e-05,2.589290e-05,2997838.977,3.810425e-03,3.361717e+01,3.296934e-05,2.380291e-05,3008503.305,1.250000e-04,5.19,17707.80
3943,3.741031e-03,3.331934e+01,2.689887e-05,2.802158e-05,2997868.289,3.749491e-03,3.352032e+01,2.396762e-05,3.155649e-05,3014310.742,1.250000e-04,5.67,17713.47
3944,3.715888e-03,3.324960e+01,2.698307e-05,2.421964e-05,2997999.184,3.724803e-03,3.305085e+01,2.278174e-05,3.838026e-05,2994504.969,1.250000e-04,5.75,17719.21
3945,3.772881e-03,3.328227e+01,2.979176e-05,2.934730e-05,2997819.992,3.646412e-03,3.334957e+01,2.572136e-05,1.084824e-05,3003178.789,1.250000e-04,5.36,17724.57
3946,3.780880e-03,3.330135e+01,2.881210e-05,3.252482e-05,2997876.443,3.643088e-03,3.323181e+01,2.755796e-05,8.865508e-06,3003108.508,1.250000e-04,5.70,17730.27
3947,3.710106e-03,3.323914e+01,2.625400e-05,2.473044e-05,2997666.418,3.611984e-03,3.330661e+01,1.290823e-05,3.044801e-05,3005550.133,1.250000e-04,5.83,17736.09
3948,3.762714e-03,3.332726e+01,3.065030e-05,2.469708e-05,2997833.029,3.915837e-03,3.380689e+01,3.427037e-05,3.848880e-05,3015229.234,1.250000e-04,5.70,17741.80
3949,3.629427e-03,3.322017e+01,2.081341e-05,1.985507e-05,2998077.490,4.131256e-03,3.309453e+01,6.098063e-05,4.239942e-05,2984394.508,1.250000e-04,5.89,17747.69
3950,3.753993e-03,3.326734e+01,2.670810e-05,3.203569e-05,2997760.947,3.609062e-03,3.296727e+01,1.477068e-05,3.292556e-05,2985552.570,1.250000e-04,5.44,17753.13
3951,3.727816e-03,3.329516e+01,2.814350e-05,2.337304e-05,2997937.193,4.138589e-03,3.258913e+01,3.409752e-05,1.077402e-04,2971018.875,1.250000e-04,5.17,17758.30
3952,3.811308e-03,3.330795e+01,3.299251e-05,3.011770e-05,2997580.256,3.626561e-03,3.335891e+01,1.899642e-05,2.014112e-05,3008020.062,1.250000e-04,4.98,17763.28
3953,3.867996e-03,3.333176e+01,3.299551e-05,4.097294e-05,2997924.809,3.605984e-03,3.341417e+01,1.737813e-05,1.815728e-05,3006094.273,1.250000e-04,5.87,17769.15
3954,3.701295e-03,3.324681e+01,2.662844e-05,2.206597e-05,2997920.377,3.623553e-03,3.282570e+01,1.338326e-05,4.143010e-05,2985210.570,1.250000e-04,5.42,17774.57
3955,3.791791e-03,3.327754e+01,3.373218e-05,2.534296e-05,2997668.738,3.599631e-03,3.343526e+01,2.092827e-05,9.364384e-06,3001711.023,1.250000e-04,6.21,17780.78
3956,3.736402e-03,3.330137e+01,2.871332e-05,2.382630e-05,2997924.311,3.651654e-03,3.330136e+01,1.971515e-05,2.487326e-05,3008083.594,1.250000e-04,5.77,17786.55
3957,3.755445e-03,3.329400e+01,2.868205e-05,2.784491e-05,2997865.135,3.678468e-03,3.325497e+01,2.790658e-05,1.478104e-05,2996935.219,1.250000e-04,6.11,17792.66
3958,3.747962e-03,3.325867e+01,2.717162e-05,3.007580e-05,2997858.352,4.162361e-03,3.383449e+01,4.459163e-05,6.659915e-05,3020225.023,1.250000e-04,5.91,17798.58
3959,3.757896e-03,3.329988e+01,2.966989e-05,2.624185e-05,2997943.041,3.816558e-03,3.367126e+01,2.683582e-05,3.621485e-05,3013944.734,1.250000e-04,5.71,17804.29
3960,3.806742e-03,3.331294e+01,2.984970e-05,3.539010e-05,2998003.426,4.098693e-03,3.368097e+01,6.657825e-05,1.296269e-05,3007084.703,1.250000e-04,5.57,17809.86
3961,3.759092e-03,3.326815e+01,2.844968e-05,2.955618e-05,2997702.408,3.767069e-03,3.322000e+01,3.449466e-05,2.002460e-05,2996799.148,1.250000e-04,6.08,17815.93
3962,3.730406e-03,3.333419e+01,2.824410e-05,2.290931e-05,2997837.889,3.794921e-03,3.347207e+01,3.125374e-05,2.703523e-05,3008651.914,1.250000e-04,5.30,17821.23
3963,3.735016e-03,3.325589e+01,2.737112e-05,2.714317e-05,2997798.576,3.743837e-03,3.337345e+01,3.579556e-05,9.707383e-06,3003500.016,1.250000e-04,5.54,17826.77
3964,3.898058e-03,3.335843e+01,3.661757e-05,3.920800e-05,2997722.611,3.633392e-03,3.303688e+01,2.560608e-05,1.472851e-05,2992207.656,1.250000e-04,5.89,17832.66
3965,3.756824e-03,3.327308e+01,2.707751e-05,3.174810e-05,2997948.051,3.514498e-03,3.339482e+01,1.224938e-05,1.050453e-05,3005664.695,1.250000e-04,5.29,17837.95
3966,3.678597e-03,3.322007e+01,2.318979e-05,2.493846e-05,2998067.879,3.821256e-03,3.334447e+01,3.521578e-05,2.693020e-05,2995790.031,1.250000e-04,6.06,17844.01
3967,3.804346e-03,3.332851e+01,3.143004e-05,3.143895e-05,2997729.525,3.617527e-03,3.303680e+01,1.858582e-05,2.559780e-05,2987554.766,1.250000e-04,6.00,17850.01
3968,3.745672e-03,3.326963e+01,2.669520e-05,3.035144e-05,2997668.414,3.651350e-03,3.348497e+01,1.801071e-05,2.454926e-05,3011735.570,1.250000e-04,5.99,17856.00
3969,3.716728e-03,3.329903e+01,2.861145e-05,2.014209e-05,2998223.789,4.473786e-03,3.236522e+01,3.208750e-05,1.832779e-04,2961115.031,1.250000e-04,5.82,17861.82
3970,3.804921e-03,3.327842e+01,2.912684e-05,3.716214e-05,2997576.396,3.736066e-03,3.337360e+01,3.669755e-05,6.346115e-06,3001986.781,1.250000e-04,6.03,17867.85
3971,3.758626e-03,3.325201e+01,2.720002e-05,3.228503e-05,2997800.936,3.575292e-03,3.316200e+01,1.983376e-05,1.215087e-05,2995901.148,1.250000e-04,5.41,17873.26
3972,3.771860e-03,3.327748e+01,3.073258e-05,2.735721e-05,2997930.426,3.640732e-03,3.320091e+01,2.322565e-05,1.767694e-05,2999305.852,1.250000e-04,5.45,17878.71
3973,3.863669e-03,3.338418e+01,3.552562e-05,3.399899e-05,2997858.469,4.776959e-03,3.248374e+01,4.298538e-05,2.197461e-04,2957550.125,1.250000e-04,5.88,17884.58
3974,3.839895e-03,3.331196e+01,3.553265e-05,3.067440e-05,2997802.010,3.592684e-03,3.308416e+01,1.861690e-05,1.961971e-05,2989044.000,1.250000e-04,5.46,17890.05
3975,3.795152e-03,3.327622e+01,3.313178e-05,2.724252e-05,2997640.291,3.641287e-03,3.306590e+01,2.119199e-05,2.455537e-05,2990021.531,1.250000e-04,5.71,17895.76
3976,3.745443e-03,3.330345e+01,2.943374e-05,2.415215e-05,2997808.193,3.602181e-03,3.321838e+01,1.894813e-05,1.817245e-05,3000925.562,1.250000e-04,5.49,17901.25
3977,3.896712e-03,3.334575e+01,3.867621e-05,3.507501e-05,2997980.062,3.872910e-03,3.289045e+01,3.609328e-05,4.458649e-05,2985806.719,1.250000e-04,5.62,17906.87
3978,3.694735e-03,3.323169e+01,2.514148e-05,2.403033e-05,2997856.641,3.705572e-03,3.348608e+01,2.335356e-05,2.468558e-05,3010616.945,1.250000e-04,5.50,17912.37
3979,3.859670e-03,3.334775e+01,3.802790e-05,2.892308e-05,2997785.051,3.672266e-03,3.356234e+01,2.224119e-05,1.872393e-05,3011509.289,1.250000e-04,6.18,17918.55
3980,3.848118e-03,3.333407e+01,3.306321e-05,3.681587e-05,2997798.887,3.821111e-03,3.357999e+01,3.122149e-05,3.017929e-05,3010568.750,1.250000e-04,5.39,17923.94
3981,3.827069e-03,3.330176e+01,3.161995e-05,3.613873e-05,2997899.021,3.556634e-03,3.322836e+01,2.078550e-05,5.188614e-06,3000061.664,1.250000e-04,5.83,17929.77
3982,3.721407e-03,3.325457e+01,2.726315e-05,2.466371e-05,2997691.684,4.025879e-03,3.394253e+01,2.594918e-05,7.442686e-05,3024552.984,1.250000e-04,5.54,17935.31
3983,3.848510e-03,3.332600e+01,3.233695e-05,3.850818e-05,2998064.613,3.730828e-03,3.347553e+01,2.493604e-05,2.678287e-05,3005181.281,1.250000e-04,5.38,17940.68
3984,3.861241e-03,3.337448e+01,3.185016e-05,4.105838e-05,2997727.689,3.681770e-03,3.339356e+01,2.705687e-05,1.436916e-05,3000739.391,1.250000e-04,5.72,17946.41
3985,3.801240e-03,3.333642e+01,3.317916e-05,2.716125e-05,2997816.648,3.519073e-03,3.321195e+01,1.457189e-05,1.043169e-05,3002067.008,1.250000e-04,5.20,17951.60
3986,3.698811e-03,3.328157e+01,2.415317e-05,2.582456e-05,2997857.369,3.578395e-03,3.313869e+01,1.857683e-05,1.575152e-05,2994717.289,1.250000e-04,5.62,17957.23
3987,3.668203e-03,3.325507e+01,2.279552e-05,2.294809e-05,2998001.363,3.987022e-03,3.313498e+01,4.686239e-05,4.098016e-05,2991401.898,1.250000e-04,5.65,17962.88
3988,3.793650e-03,3.328294e+01,3.041431e-05,3.224246e-05,2997562.039,3.770515e-03,3.328893e+01,2.825548e-05,3.181339e-05,2994435.055,1.250000e-04,5.95,17968.83
3989,3.824603e-03,3.334098e+01,3.539946e-05,2.730219e-05,2997777.266,3.877898e-03,3.360691e+01,3.225781e-05,3.892580e-05,3014511.242,1.250000e-04,5.53,17974.36
3990,3.903211e-03,3.338648e+01,4.404886e-05,2.481491e-05,2998030.359,3.639458e-03,3.308582e+01,2.509230e-05,1.599056e-05,2993762.711,1.250000e-04,6.21,17980.57
3991,3.847201e-03,3.333163e+01,3.332267e-05,3.616228e-05,2997922.293,4.349503e-03,3.306492e+01,4.531465e-05,1.179728e-04,2972431.211,1.250000e-04,5.98,17986.54
3992,3.918233e-03,3.344437e+01,3.727283e-05,4.021354e-05,2997667.221,4.003977e-03,3.321372e+01,5.429898e-05,2.792290e-05,2986268.492,1.250000e-04,5.92,17992.46
3993,3.908662e-03,3.338623e+01,3.841286e-05,3.718206e-05,2997728.887,3.770007e-03,3.311332e+01,2.511724e-05,4.150048e-05,2984813.641,1.250000e-04,5.75,17998.21
3994,3.828665e-03,3.336878e+01,3.387466e-05,3.060808e-05,2997936.609,3.767124e-03,3.290184e+01,2.145071e-05,5.248660e-05,2980452.898,1.250000e-04,5.30,18003.51
3995,3.769136e-03,3.330353e+01,2.878867e-05,3.017924e-05,2997774.270,3.615915e-03,3.332215e+01,2.154852e-05,1.364303e-05,3003327.422,1.250000e-04,5.33,18008.84
3996,3.757172e-03,3.331216e+01,2.977643e-05,2.563821e-05,2998061.268,3.939773e-03,3.299391e+01,3.550486e-05,5.706663e-05,2981830.602,1.250000e-04,5.84,18014.68
3997,3.842263e-03,3.329705e+01,3.104834e-05,4.041501e-05,2997610.137,3.699728e-03,3.296569e+01,2.166408e-05,3.730354e-05,2986728.609,1.250000e-04,5.31,18019.99
3998,3.777961e-03,3.331723e+01,3.037383e-05,2.849989e-05,2997824.633,3.723849e-03,3.285446e+01,1.555870e-05,5.656319e-05,2982510.250,1.250000e-04,5.63,18025.62
3999,3.758921e-03,3.329012e+01,3.015474e-05,2.567223e-05,2997721.451,4.592280e-03,3.392595e+01,9.563319e-05,4.867077e-05,3012852.898,1.250000e-04,5.83,18031.45
4000,3.850262e-03,3.334430e+01,3.484663e-05,3.347313e-05,2997902.711,3.685633e-03,3.335933e+01,2.866725e-05,1.260545e-05,2998717.055,1.250000e-04,5.62,18037.07
4001,3.818958e-03,3.331995e+01,3.430032e-05,2.879188e-05,2998114.146,3.705450e-03,3.319609e+01,2.792286e-05,2.132242e-05,2998292.789,1.250000e-04,5.71,18042.78
4002,3.830716e-03,3.330923e+01,3.489420e-05,3.017007e-05,2997752.320,3.678971e-03,3.286827e+01,2.106324e-05,3.630242e-05,2985106.016,1.250000e-04,5.81,18048.59
4003,3.815436e-03,3.328427e+01,3.307915e-05,3.124366e-05,2997783.605,3.845454e-03,3.317634e+01,3.445174e-05,3.666044e-05,2984491.312,1.250000e-04,5.65,18054.25
4004,3.868235e-03,3.332175e+01,3.563638e-05,3.593937e-05,2997615.215,3.816741e-03,3.367449e+01,1.976494e-05,5.032852e-05,3019663.859,1.250000e-04,5.10,18059.35
4005,3.887744e-03,3.333880e+01,3.682218e-05,3.712854e-05,2997777.352,3.732177e-03,3.347572e+01,1.756812e-05,4.178488e-05,3015344.023,1.250000e-04,5.79,18065.14
4006,3.910351e-03,3.340533e+01,3.856988e-05,3.682370e-05,2998042.973,3.777358e-03,3.323917e+01,3.604986e-05,1.858846e-05,2993397.734,1.250000e-04,5.79,18070.93
4007,3.814772e-03,3.337033e+01,3.296484e-05,2.961813e-05,2997646.055,3.950690e-03,3.338021e+01,4.482812e-05,3.287752e-05,3000063.453,1.250000e-04,5.70,18076.63
4008,3.798689e-03,3.333813e+01,3.292942e-05,2.711642e-05,2997877.881,3.520991e-03,3.304260e+01,1.510022e-05,1.314585e-05,2991556.531,1.250000e-04,5.24,18081.88
4009,3.805656e-03,3.332492e+01,3.255875e-05,2.951522e-05,2997791.051,3.627563e-03,3.314198e+01,2.238999e-05,1.789316e-05,2992506.594,1.250000e-04,5.78,18087.66
4010,3.813195e-03,3.333907e+01,3.139460e-05,3.306836e-05,2997938.781,4.312753e-03,3.380407e+01,8.492662e-05,1.661602e-05,3001135.047,1.250000e-04,5.55,18093.20
4011,3.841488e-03,3.334085e+01,3.503519e-05,3.141021e-05,2997742.777,3.612002e-03,3.322038e+01,1.805603e-05,2.188089e-05,2999013.234,1.250000e-04,5.89,18099.09
4012,3.813489e-03,3.332539e+01,3.480970e-05,2.657053e-05,2997909.943,3.744031e-03,3.360408e+01,2.408348e-05,2.855773e-05,3008041.680,1.250000e-04,5.56,18104.65
4013,3.932359e-03,3.343061e+01,4.070513e-05,3.644927e-05,2998055.602,3.866006e-03,3.318243e+01,3.469739e-05,4.015799e-05,2991274.312,1.250000e-04,5.77,18110.42
4014,3.883923e-03,3.334589e+01,3.622947e-05,3.740787e-05,2997484.426,3.771043e-03,3.297746e+01,2.744022e-05,3.977894e-05,2983042.336,1.250000e-04,5.70,18116.12
4015,3.870347e-03,3.345769e+01,3.756922e-05,2.977701e-05,2998025.781,4.046020e-03,3.307400e+01,5.449255e-05,3.873903e-05,2985703.164,1.250000e-04,6.17,18122.29
4016,3.751709e-03,3.331709e+01,2.777442e-05,2.845110e-05,2997609.471,3.648023e-03,3.310972e+01,2.131758e-05,2.477522e-05,2989097.289,1.250000e-04,5.56,18127.86
4017,3.800789e-03,3.334731e+01,3.080037e-05,3.161085e-05,2998120.453,4.526103e-03,3.297309e+01,4.965457e-05,1.464498e-04,2965848.039,1.250000e-04,5.08,18132.94
4018,3.992272e-03,3.340525e+01,4.398697e-05,4.237562e-05,2997496.482,4.303625e-03,3.359400e+01,8.831236e-05,1.222034e-05,2995812.336,1.250000e-04,5.66,18138.60
4019,3.758009e-03,3.329604e+01,2.952509e-05,2.663075e-05,2997928.461,3.680571e-03,3.314242e+01,2.691385e-05,1.943814e-05,2991453.211,1.250000e-04,5.18,18143.78
4020,3.821083e-03,3.334821e+01,3.704328e-05,2.316575e-05,2997775.146,3.737003e-03,3.337589e+01,3.247659e-05,1.492954e-05,3000148.633,1.250000e-04,5.98,18149.76
4021,3.798687e-03,3.331620e+01,3.225658e-05,2.890038e-05,2997981.014,3.641090e-03,3.296468e+01,1.550492e-05,3.791450e-05,2983663.953,1.250000e-04,5.52,18155.28
4022,3.728485e-03,3.328908e+01,2.714512e-05,2.562519e-05,2997774.695,3.663127e-03,3.307791e+01,2.750446e-05,1.605830e-05,2995440.359,1.250000e-04,5.23,18160.51
4023,3.837867e-03,3.332176e+01,3.449694e-05,3.214439e-05,2997868.354,3.875709e-03,3.362910e+01,3.984649e-05,2.286680e-05,3007108.609,1.250000e-04,5.21,18165.72
4024,3.849886e-03,3.331654e+01,3.711055e-05,2.942534e-05,2997911.654,3.747979e-03,3.274819e+01,2.017694e-05,5.427800e-05,2980010.914,1.250000e-04,6.22,18171.95
4025,3.821569e-03,3.332471e+01,3.369497e-05,3.042971e-05,2997625.479,3.953790e-03,3.367108e+01,4.571627e-05,2.590371e-05,3005403.844,1.250000e-04,5.41,18177.36
4026,3.818516e-03,3.336466e+01,3.156353e-05,3.328307e-05,2997608.207,4.016761e-03,3.377018e+01,2.983568e-05,6.827715e-05,3019456.109,1.250000e-04,5.73,18183.08
4027,3.760350e-03,3.326862e+01,2.662659e-05,3.344455e-05,2998029.959,3.516124e-03,3.325073e+01,1.476921e-05,8.671868e-06,2998049.125,1.250000e-04,6.00,18189.08
4028,3.798673e-03,3.330435e+01,2.926015e-05,3.512746e-05,2997960.631,3.901281e-03,3.286846e+01,2.136330e-05,8.016049e-05,2977720.797,1.250000e-04,5.95,18195.04
4029,3.793602e-03,3.333838e+01,3.109877e-05,2.975523e-05,2997643.633,3.583376e-03,3.345077e+01,1.529776e-05,1.706436e-05,3007543.258,1.250000e-04,5.52,18200.56
4030,3.753526e-03,3.323220e+01,2.619029e-05,3.368076e-05,2997674.586,4.792079e-03,3.420408e+01,8.367474e-05,1.069848e-04,3029478.727,1.250000e-04,5.43,18205.99
4031,3.712475e-03,3.329866e+01,2.522479e-05,2.607234e-05,2998108.152,4.011790e-03,3.347654e+01,4.906631e-05,3.469460e-05,3007375.000,1.250000e-04,5.69,18211.68
4032,3.872927e-03,3.334912e+01,3.825762e-05,3.108788e-05,2997865.248,3.564108e-03,3.318183e+01,1.929383e-05,1.059734e-05,2995748.930,1.250000e-04,5.59,18217.27
4033,3.804165e-03,3.329260e+01,3.135118e-05,3.227881e-05,2997759.496,3.791376e-03,3.342646e+01,3.717050e-05,1.540514e-05,3007180.844,1.250000e-04,5.81,18223.07
4034,3.782392e-03,3.329261e+01,2.860357e-05,3.341903e-05,2997888.713,3.561075e-03,3.328366e+01,1.872918e-05,9.083543e-06,3000090.977,1.250000e-04,5.35,18228.43
4035,3.724297e-03,3.329035e+01,2.579342e-05,2.746557e-05,2997540.537,3.873545e-03,3.357232e+01,2.623134e-05,5.079991e-05,3017533.859,1.250000e-04,6.00,18234.43
4036,3.834078e-03,3.338437e+01,3.375679e-05,3.161475e-05,2998113.480,4.193874e-03,3.385322e+01,4.296359e-05,7.578310e-05,3017899.734,1.250000e-04,5.77,18240.20
4037,3.856818e-03,3.328365e+01,3.501874e-05,3.565327e-05,2997711.168,3.777613e-03,3.356775e+01,2.128465e-05,4.159823e-05,3013976.023,1.250000e-04,6.02,18246.22
4038,3.770042e-03,3.331629e+01,2.877518e-05,3.013234e-05,2997914.188,3.918239e-03,3.290005e+01,4.152172e-05,4.260323e-05,2984155.055,1.250000e-04,5.90,18252.12
4039,3.814169e-03,3.331983e+01,3.235984e-05,3.171760e-05,2997773.521,3.748267e-03,3.348361e+01,3.142806e-05,1.712521e-05,3009217.914,1.250000e-04,5.50,18257.62
4040,3.919689e-03,3.336499e+01,3.752726e-05,4.158352e-05,2997562.078,3.836126e-03,3.318360e+01,4.217192e-05,1.920943e-05,2992303.617,1.250000e-04,5.84,18263.46
4041,3.889570e-03,3.340202e+01,3.823016e-05,3.341331e-05,2998091.398,3.693379e-03,3.304560e+01,1.928716e-05,3.918941e-05,2985467.672,1.250000e-04,5.56,18269.02
4042,3.845833e-03,3.340916e+01,3.347018e-05,3.404305e-05,2997745.381,3.881499e-03,3.348049e+01,4.419507e-05,1.829999e-05,2992907.820,1.250000e-04,6.22,18275.24
4043,3.794946e-03,3.330346e+01,3.366063e-05,2.559865e-05,2997754.607,3.633401e-03,3.302656e+01,2.534444e-05,1.546024e-05,2991341.000,1.250000e-04,5.89,18281.13
4044,3.892532e-03,3.336820e+01,4.064258e-05,2.985727e-05,2997950.291,4.128048e-03,3.377936e+01,6.864057e-05,1.274125e-05,2998710.742,1.250000e-04,6.02,18287.15
4045,3.666140e-03,3.325295e+01,2.480287e-05,1.856331e-05,2997844.201,3.604480e-03,3.324892e+01,2.295957e-05,9.998356e-06,2999656.156,1.250000e-04,6.02,18293.18
4046,3.777532e-03,3.332115e+01,2.892359e-05,3.123609e-05,2997851.334,3.835916e-03,3.287965e+01,3.153012e-05,4.652998e-05,2983001.688,1.250000e-04,4.94,18298.12
4047,3.817771e-03,3.339573e+01,3.225328e-05,3.113300e-05,2997917.521,3.815857e-03,3.325670e+01,3.785960e-05,2.231822e-05,2999346.414,1.250000e-04,5.94,18304.06
4048,3.771938e-03,3.331888e+01,2.972400e-05,2.856186e-05,2997993.643,3.973056e-03,3.290884e+01,2.269856e-05,9.103718e-05,2973562.500,1.250000e-04,5.80,18309.86
4049,3.852912e-03,3.337212e+01,3.132831e-05,4.048339e-05,2997634.969,3.821146e-03,3.302665e+01,2.996169e-05,4.377280e-05,2989990.586,1.250000e-04,5.57,18315.43
4050,3.858983e-03,3.331151e+01,3.735276e-05,3.086081e-05,2997836.096,3.622219e-03,3.306797e+01,1.753450e-05,2.801550e-05,2986750.836,1.250000e-04,5.86,18321.30
4051,3.824840e-03,3.331159e+01,3.318837e-05,3.235947e-05,2997641.830,4.229374e-03,3.350062e+01,6.855258e-05,3.875723e-05,3007862.633,1.250000e-04,5.80,18327.10
4052,3.789947e-03,3.332576e+01,2.959947e-05,3.227527e-05,2997879.320,3.704805e-03,3.342813e+01,2.548948e-05,2.141934e-05,3008383.750,1.250000e-04,5.98,18333.08
4053,3.828601e-03,3.333746e+01,3.151187e-05,3.594729e-05,2998116.270,3.842477e-03,3.292724e+01,3.297248e-05,4.400577e-05,2981730.883,1.250000e-04,5.85,18338.93
4054,3.746018e-03,3.327092e+01,2.982599e-05,2.413330e-05,2997472.889,4.409260e-03,3.396631e+01,6.154651e-05,7.943275e-05,3021899.477,1.250000e-04,6.06,18344.99
4055,3.955809e-03,3.348622e+01,4.173132e-05,3.797476e-05,2997752.131,3.790249e-03,3.344723e+01,3.919424e-05,1.071661e-05,3003263.609,1.250000e-04,5.49,18350.47
4056,3.797468e-03,3.329976e+01,3.185756e-05,2.978316e-05,2997864.627,4.070464e-03,3.386755e+01,2.378743e-05,8.916706e-05,3025407.031,1.250000e-04,5.96,18356.44
4057,3.754318e-03,3.332441e+01,2.860654e-05,2.716239e-05,2998122.768,3.658077e-03,3.317002e+01,2.791930e-05,1.237646e-05,2994009.766,1.250000e-04,5.08,18361.52
4058,3.781761e-03,3.329572e+01,2.803624e-05,3.436534e-05,2997761.133,3.649445e-03,3.296677e+01,2.343865e-05,2.367639e-05,2988032.781,1.250000e-04,5.63,18367.15
4059,3.802060e-03,3.332563e+01,3.017273e-05,3.355389e-05,2997773.506,3.967922e-03,3.365706e+01,5.281229e-05,1.481871e-05,3006463.070,1.250000e-04,6.02,18373.17
4060,3.797686e-03,3.332493e+01,3.182602e-05,2.938646e-05,2998212.061,4.311445e-03,3.279762e+01,3.932446e-05,1.276878e-04,2971926.812,1.250000e-04,5.69,18378.86
4061,3.803496e-03,3.334911e+01,3.079240e-05,3.213217e-05,2997407.555,3.685081e-03,3.346199e+01,2.502504e-05,1.772628e-05,3008485.117,1.250000e-04,5.34,18384.20
4062,3.810219e-03,3.334858e+01,3.352023e-05,2.803184e-05,2997972.930,3.565751e-03,3.330508e+01,1.917004e-05,8.708415e-06,3001540.852,1.250000e-04,5.44,18389.63
4063,3.755738e-03,3.331132e+01,2.821141e-05,2.849832e-05,2997988.252,4.042976e-03,3.361766e+01,6.186055e-05,1.252085e-05,3005585.445,1.250000e-04,6.03,18395.66
4064,3.762688e-03,3.330623e+01,2.763343e-05,3.114604e-05,2997805.432,3.715891e-03,3.286991e+01,1.782158e-05,5.013685e-05,2981986.266,1.250000e-04,5.61,18401.27
4065,3.784485e-03,3.336708e+01,2.853278e-05,3.248982e-05,2997950.740,3.984182e-03,3.342717e+01,3.921804e-05,4.985693e-05,2993576.484,1.250000e-04,5.75,18407.01
4066,3.812525e-03,3.330336e+01,3.167238e-05,3.309312e-05,2997855.877,3.768305e-03,3.322953e+01,3.182651e-05,2.541731e-05,2996311.180,1.250000e-04,5.80,18412.81
4067,3.868477e-03,3.335557e+01,3.478961e-05,3.700468e-05,2997766.859,3.508325e-03,3.306781e+01,1.248042e-05,1.534798e-05,2993714.367,1.250000e-04,5.34,18418.15
4068,3.749198e-03,3.326908e+01,2.868310e-05,2.709175e-05,2997822.627,3.595935e-03,3.318266e+01,2.267601e-05,1.018183e-05,2995608.906,1.250000e-04,5.51,18423.66
4069,3.727592e-03,3.331199e+01,2.821416e-05,2.285021e-05,2997959.580,3.911010e-03,3.266854e+01,2.718825e-05,7.445467e-05,2976855.477,1.250000e-04,5.52,18429.18
4070,3.844214e-03,3.333928e+01,3.499388e-05,3.206950e-05,2997825.752,3.605152e-03,3.324429e+01,2.245895e-05,1.122682e-05,3001341.523,1.250000e-04,5.42,18434.60
4071,3.776493e-03,3.326911e+01,2.959978e-05,3.071674e-05,2997972.264,4.019784e-03,3.292318e+01,3.670513e-05,7.208294e-05,2976681.633,1.250000e-04,5.72,18440.32
4072,3.833235e-03,3.336989e+01,3.428683e-05,3.067557e-05,2997769.227,4.155243e-03,3.345698e+01,5.354423e-05,5.482046e-05,3007268.711,1.250000e-04,5.87,18446.19
4073,3.820348e-03,3.332024e+01,3.369814e-05,3.026861e-05,2997559.105,4.007383e-03,3.371268e+01,4.645135e-05,3.432017e-05,3015743.680,1.250000e-04,5.69,18451.88
4074,3.812966e-03,3.333266e+01,3.040868e-05,3.512276e-05,2997836.090,4.112862e-03,3.377059e+01,5.361164e-05,3.993747e-05,3016294.586,1.250000e-04,5.91,18457.80
4075,3.796601e-03,3.330188e+01,3.424429e-05,2.479401e-05,2997920.330,3.765643e-03,3.351410e+01,3.149653e-05,1.985353e-05,3010586.016,1.250000e-04,5.62,18463.42
4076,3.795431e-03,3.333528e+01,2.939768e-05,3.358526e-05,2997960.908,4.177595e-03,3.253509e+01,1.690383e-05,1.510095e-04,2965205.422,1.250000e-04,5.85,18469.26
4077,3.810455e-03,3.332282e+01,3.036223e-05,3.491010e-05,2997645.299,3.749232e-03,3.334864e+01,3.430482e-05,1.426389e-05,2996113.172,1.250000e-04,5.53,18474.80
4078,3.721310e-03,3.326915e+01,2.707866e-05,2.472158e-05,2997824.824,3.506067e-03,3.313246e+01,1.240685e-05,1.375062e-05,2995627.227,1.250000e-04,5.28,18480.08
4079,3.712876e-03,3.322329e+01,2.469139e-05,2.872661e-05,2997787.639,3.582080e-03,3.310871e+01,1.704489e-05,2.015193e-05,2996046.695,1.250000e-04,5.47,18485.55
4080,3.736927e-03,3.332392e+01,2.749066e-05,2.592585e-05,2997988.832,3.562366e-03,3.316259e+01,1.842020e-05,1.238104e-05,2996157.039,1.250000e-04,6.01,18491.56
4081,3.728150e-03,3.331233e+01,2.663940e-05,2.610449e-05,2997851.713,3.780858e-03,3.333285e+01,3.726298e-05,1.498861e-05,3002043.414,1.250000e-04,5.51,18497.07
4082,3.694022e-03,3.325359e+01,2.456142e-05,2.460977e-05,2997964.836,3.692564e-03,3.355718e+01,2.217057e-05,2.302809e-05,3011239.430,1.250000e-04,5.97,18503.04
4083,3.841214e-03,3.330198e+01,3.034025e-05,4.152274e-05,2997770.318,3.981471e-03,3.272038e+01,1.991276e-05,1.020611e-04,2971704.820,1.250000e-04,5.93,18508.97
4084,3.750225e-03,3.330689e+01,2.716083e-05,2.958561e-05,2997689.443,3.800875e-03,3.288262e+01,2.149640e-05,5.952973e-05,2981337.273,1.250000e-04,5.56,18514.53
4085,3.769912e-03,3.332547e+01,3.002150e-05,2.743007e-05,2997844.938,3.541493e-03,3.306874e+01,1.432263e-05,1.827844e-05,2994148.188,1.250000e-04,6.08,18520.61
4086,3.738309e-03,3.326371e+01,2.701830e-05,2.835099e-05,2997879.428,3.571807e-03,3.331463e+01,1.895188e-05,1.016517e-05,3000246.680,1.250000e-04,5.39,18526.00
4087,3.733081e-03,3.328845e+01,2.875100e-05,2.334506e-05,2997731.586,3.508584e-03,3.319329e+01,1.369165e-05,1.046771e-05,3003165.195,1.250000e-04,5.91,18531.91
4088,3.792507e-03,3.328423e+01,2.982313e-05,3.317060e-05,2997972.271,3.568678e-03,3.324327e+01,1.298989e-05,2.289048e-05,2999804.602,1.250000e-04,5.37,18537.28
4089,3.741547e-03,3.333094e+01,2.859940e-05,2.449179e-05,2997951.018,3.493879e-03,3.313691e+01,1.438069e-05,7.276208e-06,2996656.742,1.250000e-04,5.28,18542.56
4090,3.718344e-03,3.325197e+01,2.519151e-05,2.824655e-05,2997669.816,3.727424e-03,3.346712e+01,2.997765e-05,1.618703e-05,3007245.586,1.250000e-04,5.12,18547.68
4091,3.797963e-03,3.333754e+01,2.967448e-05,3.349288e-05,2997873.117,3.741673e-03,3.359944e+01,2.257000e-05,3.120575e-05,3014106.562,1.250000e-04,5.73,18553.41
4092,3.708014e-03,3.325181e+01,2.585351e-05,2.485957e-05,2997942.885,3.964152e-03,3.290755e+01,4.044032e-05,5.379877e-05,2981228.953,1.250000e-04,5.17,18558.58
4093,3.783525e-03,3.331538e+01,2.913721e-05,3.212283e-05,2997772.111,3.721961e-03,3.340962e+01,3.163208e-05,1.293549e-05,3003455.734,1.250000e-04,5.78,18564.35
4094,3.846867e-03,3.333303e+01,3.274152e-05,3.722970e-05,2998066.787,3.782546e-03,3.304848e+01,2.673705e-05,4.206538e-05,2987146.273,1.250000e-04,6.07,18570.42
4095,3.738210e-03,3.330642e+01,2.815233e-05,2.520898e-05,2997622.832,3.578236e-03,3.346337e+01,1.841066e-05,9.558431e-06,3002061.906,1.250000e-04,5.75,18576.17
4096,3.677843e-03,3.324746e+01,2.519763e-05,2.022409e-05,2998015.123,3.660000e-03,3.335924e+01,2.437999e-05,1.605514e-05,2993896.828,1.250000e-04,6.03,18582.20
4097,3.683755e-03,3.328950e+01,2.357107e-05,2.381869e-05,2997676.113,3.674269e-03,3.351396e+01,1.406821e-05,3.643811e-05,3007655.758,1.250000e-04,5.28,18587.48
4098,3.763758e-03,3.329963e+01,2.812056e-05,3.051775e-05,2997983.256,3.705296e-03,3.364194e+01,1.602796e-05,3.616445e-05,3013952.992,1.250000e-04,5.37,18592.85
4099,3.699967e-03,3.324439e+01,2.435800e-05,2.638960e-05,2997843.105,3.776867e-03,3.296454e+01,3.665251e-05,2.277752e-05,2988241.922,1.250000e-04,5.74,18598.59
4100,3.724418e-03,3.323186e+01,2.661917e-05,2.700804e-05,2997778.559,3.657247e-03,3.361930e+01,1.751219e-05,2.403902e-05,3011657.711,1.250000e-04,5.85,18604.44
4101,3.673999e-03,3.323940e+01,2.394724e-05,2.211740e-05,2997883.402,3.493827e-03,3.301953e+01,1.128771e-05,1.579941e-05,2993447.391,6.250000e-05,6.15,18610.60
4102,3.477816e-03,3.312793e+01,1.103984e-05,1.092497e-05,2997879.068,3.505737e-03,3.327386e+01,1.303145e-05,9.607270e-06,3007036.523,6.250000e-05,5.60,18616.20
4103,3.457625e-03,3.310603e+01,9.746733e-06,9.911017e-06,2998034.443,3.431421e-03,3.302479e+01,9.468607e-06,6.851175e-06,2994693.406,6.250000e-05,5.74,18621.94
4104,3.468119e-03,3.310243e+01,1.026365e-05,1.104793e-05,2997880.746,3.428139e-03,3.307780e+01,9.202026e-06,5.667760e-06,2998541.773,6.250000e-05,5.38,18627.32
4105,3.482584e-03,3.312554e+01,1.216579e-05,9.674475e-06,2998024.570,3.407938e-03,3.297506e+01,7.472127e-06,7.142085e-06,2994864.742,6.250000e-05,6.06,18633.38
4106,3.477321e-03,3.309502e+01,1.218160e-05,9.200547e-06,2997877.113,3.461998e-03,3.326341e+01,8.370869e-06,1.038963e-05,3005362.234,6.250000e-05,5.64,18639.02
4107,3.457843e-03,3.309545e+01,1.070686e-05,8.245976e-06,2997894.309,3.454588e-03,3.320595e+01,8.594865e-06,9.608895e-06,3006051.344,6.250000e-05,6.11,18645.12
4108,3.449069e-03,3.309201e+01,1.011181e-05,7.750004e-06,2998055.721,3.518586e-03,3.293869e+01,1.388241e-05,1.717844e-05,2990186.664,6.250000e-05,5.79,18650.92
4109,3.457947e-03,3.310597e+01,1.081671e-05,7.836698e-06,2997981.219,3.430100e-03,3.302274e+01,9.495037e-06,6.575260e-06,2995492.359,6.250000e-05,5.40,18656.32
4110,3.451557e-03,3.309313e+01,1.018763e-05,8.073547e-06,2997917.582,3.635382e-03,3.303889e+01,2.400940e-05,1.827963e-05,2993158.320,6.250000e-05,5.93,18662.25
4111,3.468717e-03,3.308885e+01,1.155316e-05,8.860149e-06,2997874.512,3.411337e-03,3.301714e+01,7.566648e-06,6.791287e-06,2995206.273,6.250000e-05,5.92,18668.17
4112,3.471860e-03,3.310731e+01,1.161061e-05,9.004593e-06,2997920.740,3.518679e-03,3.300970e+01,1.654677e-05,1.044814e-05,2994088.250,6.250000e-05,5.41,18673.58
4113,3.479708e-03,3.309831e+01,1.165348e-05,1.066835e-05,2997923.648,3.403779e-03,3.303657e+01,7.566171e-06,4.892023e-06,2997808.438,6.250000e-05,6.08,18679.66
4114,3.487176e-03,3.311196e+01,1.183505e-05,1.152588e-05,2997947.641,3.434324e-03,3.307622e+01,9.204929e-06,6.930561e-06,2999625.906,6.250000e-05,5.25,18684.91
4115,3.470139e-03,3.309338e+01,1.154667e-05,9.066859e-06,2997967.680,3.413018e-03,3.313376e+01,8.030641e-06,3.866997e-06,3001022.023,6.250000e-05,6.30,18691.20
4116,3.446657e-03,3.309341e+01,1.048410e-05,6.494999e-06,2997963.393,3.416156e-03,3.289393e+01,7.255120e-06,1.084233e-05,2993061.547,6.250000e-05,6.18,18697.39
4117,3.457780e-03,3.307548e+01,1.070550e-05,8.635412e-06,2998013.912,3.466146e-03,3.292051e+01,9.195406e-06,1.642813e-05,2994289.578,6.250000e-05,5.80,18703.19
4118,3.469236e-03,3.307908e+01,1.140299e-05,9.459659e-06,2997780.434,3.561267e-03,3.329637e+01,1.850091e-05,9.324234e-06,3005806.859,6.250000e-05,5.59,18708.78
4119,3.451381e-03,3.308436e+01,1.004648e-05,8.496101e-06,2997972.355,3.434608e-03,3.300578e+01,8.165993e-06,1.047410e-05,2996642.820,6.250000e-05,5.90,18714.68
4120,3.473860e-03,3.309268e+01,1.241128e-05,8.095942e-06,2998011.262,3.439631e-03,3.301229e+01,9.243165e-06,9.194185e-06,2996195.719,6.250000e-05,5.92,18720.60
4121,3.470912e-03,3.309629e+01,1.144822e-05,9.360028e-06,2997808.039,3.447393e-03,3.313185e+01,9.710609e-06,7.420234e-06,2999530.938,6.250000e-05,5.62,18726.22
4122,3.466211e-03,3.309677e+01,1.144690e-05,8.412836e-06,2998046.021,3.449122e-03,3.303278e+01,9.187917e-06,1.079303e-05,2998680.797,6.250000e-05,5.64,18731.86
4123,3.451103e-03,3.307639e+01,1.062348e-05,7.445890e-06,2997905.521,3.571940e-03,3.325145e+01,1.318244e-05,2.299421e-05,3010963.078,6.250000e-05,5.35,18737.21
4124,3.464842e-03,3.307654e+01,9.656701e-06,1.212408e-05,2997949.982,3.446385e-03,3.296189e+01,9.411292e-06,1.121667e-05,2993779.344,6.250000e-05,5.41,18742.62
4125,3.478830e-03,3.307775e+01,1.120947e-05,1.179201e-05,2997883.998,3.600528e-03,3.327804e+01,2.480330e-05,4.938221e-06,3000475.617,6.250000e-05,5.79,18748.41
4126,3.461931e-03,3.307548e+01,1.147786e-05,7.920928e-06,2998087.867,3.507354e-03,3.281457e+01,1.323000e-05,1.871928e-05,2989692.852,6.250000e-05,5.97,18754.38
4127,3.461319e-03,3.307139e+01,1.060503e-05,9.626001e-06,2997892.475,3.515557e-03,3.314167e+01,1.681262e-05,6.652899e-06,3000719.648,6.250000e-05,6.03,18760.41
4128,3.482984e-03,3.308626e+01,1.155294e-05,1.176576e-05,2997964.199,3.501363e-03,3.318636e+01,1.471723e-05,7.110868e-06,3001490.266,6.250000e-05,5.71,18766.12
4129,3.449887e-03,3.306601e+01,9.953623e-06,8.749897e-06,2997866.559,3.423680e-03,3.304819e+01,9.417980e-06,4.936108e-06,2998187.492,6.250000e-05,5.58,18771.70
4130,3.453405e-03,3.306232e+01,1.075626e-05,7.922193e-06,2997968.246,3.533742e-03,3.312773e+01,1.739461e-05,9.404665e-06,3001872.844,6.250000e-05,5.52,18777.22
4131,3.460123e-03,3.307238e+01,1.107669e-05,8.423753e-06,2997945.287,3.476624e-03,3.300214e+01,1.397622e-05,7.329576e-06,2996863.500,6.250000e-05,5.25,18782.47
4132,3.438714e-03,3.306263e+01,9.583182e-06,7.323978e-06,2997908.268,3.526746e-03,3.275570e+01,1.079682e-05,2.864163e-05,2985281.875,6.250000e-05,5.71,18788.18
4133,3.465406e-03,3.306521e+01,1.108021e-05,9.616504e-06,2997967.053,3.422228e-03,3.305483e+01,9.113022e-06,5.122927e-06,2998886.750,6.250000e-05,5.58,18793.77
4134,3.451244e-03,3.306568e+01,1.012412e-05,8.687018e-06,2997923.982,3.428815e-03,3.295174e+01,9.103679e-06,8.520877e-06,2993985.383,6.250000e-05,5.60,18799.36
4135,3.451934e-03,3.306391e+01,1.040704e-05,8.294442e-06,2998033.564,3.563012e-03,3.287319e+01,1.555166e-05,2.403528e-05,2987289.352,6.250000e-05,5.65,18805.01
4136,3.435503e-03,3.305185e+01,9.694131e-06,6.675226e-06,2997804.186,3.515197e-03,3.318650e+01,1.503475e-05,9.239907e-06,3005089.594,6.250000e-05,5.36,18810.37
4137,3.479277e-03,3.308638e+01,1.229376e-05,9.540386e-06,2998088.742,3.526343e-03,3.269483e+01,8.876104e-06,3.361979e-05,2984334.453,6.250000e-05,5.27,18815.64
4138,3.446079e-03,3.305023e+01,1.021053e-05,7.790037e-06,2997915.352,3.436124e-03,3.286624e+01,7.892140e-06,1.411561e-05,2990231.125,6.250000e-05,5.54,18821.18
4139,3.478924e-03,3.306960e+01,1.223706e-05,9.918660e-06,2997974.289,3.500214e-03,3.277240e+01,1.110029e-05,2.239432e-05,2987832.273,6.250000e-05,5.56,18826.73
4140,3.445949e-03,3.306728e+01,1.015259e-05,7.539134e-06,2997879.996,3.397186e-03,3.300544e+01,6.491030e-06,6.346330e-06,2997037.336,6.250000e-05,5.55,18832.28
4141,3.470236e-03,3.306780e+01,1.170767e-05,9.275755e-06,2997983.797,3.657625e-03,3.265096e+01,1.050771e-05,5.749050e-05,2979461.891,6.250000e-05,5.24,18837.53
4142,3.470667e-03,3.305686e+01,1.136361e-05,1.026909e-05,2997811.893,3.399120e-03,3.300451e+01,7.237233e-06,5.259345e-06,2996922.375,6.250000e-05,4.82,18842.34
4143,3.454851e-03,3.305744e+01,1.070512e-05,8.411272e-06,2997936.623,3.554952e-03,3.331180e+01,1.144266e-05,2.186920e-05,3010980.875,6.250000e-05,5.22,18847.57
4144,3.488333e-03,3.307178e+01,1.292664e-05,1.037768e-05,2997925.438,3.544705e-03,3.312102e+01,2.048010e-05,5.560339e-06,3000374.758,6.250000e-05,5.50,18853.07
4145,3.460129e-03,3.306328e+01,1.091912e-05,8.921942e-06,2997978.189,3.431162e-03,3.310029e+01,9.737235e-06,4.752241e-06,3000820.641,6.250000e-05,5.25,18858.31
4146,3.450482e-03,3.306112e+01,1.108971e-05,6.694734e-06,2997935.436,3.483757e-03,3.294003e+01,1.129021e-05,1.537043e-05,2991950.742,6.250000e-05,5.19,18863.50
4147,3.453142e-03,3.306535e+01,1.009422e-05,9.132999e-06,2997997.471,3.411544e-03,3.307508e+01,8.438996e-06,3.929357e-06,2999227.859,6.250000e-05,4.98,18868.49
4148,3.453496e-03,3.305168e+01,1.054623e-05,8.573153e-06,2997898.756,3.483307e-03,3.293918e+01,1.279112e-05,1.229560e-05,2992577.523,6.250000e-05,5.10,18873.59
4149,3.460871e-03,3.306017e+01,1.106370e-05,8.843314e-06,2998000.850,3.442856e-03,3.315083e+01,8.314245e-06,8.926153e-06,3003183.148,6.250000e-05,5.95,18879.54
4150,3.471877e-03,3.305228e+01,1.112431e-05,1.108108e-05,2997889.717,3.417641e-03,3.304910e+01,9.451644e-06,3.642905e-06,2999571.336,6.250000e-05,5.34,18884.88
4151,3.464786e-03,3.305912e+01,1.099440e-05,9.786048e-06,2998047.252,3.532075e-03,3.270370e+01,9.009854e-06,3.432134e-05,2983512.977,6.250000e-05,5.90,18890.79
4152,3.455674e-03,3.304938e+01,1.135462e-05,7.437994e-06,2997819.396,3.427754e-03,3.315516e+01,8.170467e-06,6.106607e-06,3003716.594,6.250000e-05,5.22,18896.01
4153,3.461208e-03,3.306022e+01,1.136013e-05,8.316833e-06,2997998.699,3.455205e-03,3.291416e+01,1.063114e-05,1.149548e-05,2991808.750,6.250000e-05,6.53,18902.54
4154,3.459068e-03,3.304300e+01,1.093591e-05,9.081648e-06,2997954.238,3.413164e-03,3.314395e+01,7.034463e-06,5.684804e-06,3003462.555,6.250000e-05,5.76,18908.30
4155,3.455542e-03,3.305136e+01,9.909427e-06,1.026235e-05,2998012.684,3.602945e-03,3.304946e+01,2.448775e-05,1.062424e-05,2994569.547,6.250000e-05,5.70,18913.99
4156,3.460064e-03,3.305256e+01,1.075635e-05,9.448944e-06,2997926.863,3.409605e-03,3.295097e+01,6.644217e-06,9.613220e-06,2994899.273,6.250000e-05,5.48,18919.47
4157,3.459449e-03,3.306005e+01,1.099889e-05,8.690958e-06,2997974.783,3.512103e-03,3.266908e+01,7.717815e-06,3.360338e-05,2984850.625,6.250000e-05,6.04,18925.51
4158,3.478819e-03,3.303651e+01,1.150608e-05,1.202128e-05,2997764.307,3.563753e-03,3.329334e+01,1.659142e-05,1.370107e-05,3006717.219,6.250000e-05,5.41,18930.93
4159,3.457428e-03,3.306090e+01,1.131986e-05,7.627887e-06,2998006.703,3.464180e-03,3.304000e+01,1.201312e-05,8.009804e-06,2997232.852,6.250000e-05,5.61,18936.54
4160,3.450356e-03,3.304106e+01,1.009949e-05,9.051078e-06,2997989.008,3.432587e-03,3.310154e+01,9.833930e-06,4.818899e-06,2999572.922,6.250000e-05,5.88,18942.42
4161,3.469369e-03,3.304621e+01,1.115043e-05,1.064862e-05,2997869.211,3.434111e-03,3.320800e+01,7.126795e-06,8.408748e-06,3004636.602,6.250000e-05,5.82,18948.24
4162,3.460264e-03,3.304337e+01,9.965452e-06,1.125436e-05,2997845.336,3.464919e-03,3.318506e+01,1.204014e-05,5.202301e-06,3003136.062,6.250000e-05,5.51,18953.76
4163,3.457925e-03,3.305033e+01,1.081573e-05,8.947057e-06,2998060.734,3.417878e-03,3.304140e+01,8.630929e-06,5.485818e-06,2998897.766,6.250000e-05,5.80,18959.55
4164,3.466436e-03,3.305579e+01,1.118607e-05,9.799087e-06,2997959.604,3.475738e-03,3.290879e+01,1.183271e-05,1.330631e-05,2991351.703,6.250000e-05,5.61,18965.17
4165,3.444971e-03,3.305057e+01,9.917189e-06,8.148514e-06,2997955.393,3.406810e-03,3.289071e+01,6.821047e-06,9.905710e-06,2993693.789,6.250000e-05,5.09,18970.26
4166,3.451201e-03,3.302922e+01,1.060670e-05,8.442506e-06,2997978.088,3.449609e-03,3.296473e+01,9.232857e-06,1.216158e-05,2992818.609,6.250000e-05,5.34,18975.60
4167,3.450127e-03,3.305212e+01,1.035219e-05,8.278621e-06,2997932.203,3.458607e-03,3.290251e+01,1.027379e-05,1.312370e-05,2992497.633,6.250000e-05,5.26,18980.87
4168,3.457495e-03,3.305475e+01,1.119161e-05,8.020789e-06,2997956.611,3.467872e-03,3.289250e+01,9.350685e-06,1.702311e-05,2991725.523,6.250000e-05,5.93,18986.80
4169,3.448841e-03,3.304211e+01,9.991359e-06,8.943268e-06,2997876.502,3.462091e-03,3.326115e+01,7.457849e-06,1.227947e-05,3008606.133,6.250000e-05,5.27,18992.07
4170,3.444894e-03,3.304485e+01,9.819154e-06,8.443392e-06,2998066.838,3.426405e-03,3.295152e+01,8.390999e-06,9.468628e-06,2993979.688,6.250000e-05,5.33,18997.40
4171,3.464424e-03,3.304109e+01,1.137193e-05,9.319033e-06,2997833.182,3.458386e-03,3.314785e+01,9.809617e-06,9.101122e-06,3004336.227,6.250000e-05,5.49,19002.89
4172,3.442124e-03,3.304425e+01,9.835875e-06,7.868159e-06,2997963.752,3.449761e-03,3.304614e+01,1.143055e-05,6.168226e-06,2996548.102,6.250000e-05,5.68,19008.57
4173,3.462822e-03,3.304090e+01,1.095946e-05,9.827415e-06,2998045.348,3.494480e-03,3.276991e+01,1.133628e-05,2.082528e-05,2988462.469,6.250000e-05,5.05,19013.62
4174,3.444504e-03,3.303196e+01,9.844174e-06,8.573216e-06,2997894.027,3.480974e-03,3.284313e+01,1.066043e-05,1.801140e-05,2988809.555,6.250000e-05,5.41,19019.04
4175,3.438806e-03,3.303603e+01,9.833043e-06,7.374628e-06,2997876.570,3.485477e-03,3.320996e+01,9.133606e-06,1.462887e-05,3008179.305,6.250000e-05,5.54,19024.57
4176,3.448623e-03,3.303166e+01,1.026467e-05,8.561987e-06,2997986.395,3.400520e-03,3.306531e+01,7.367672e-06,4.062352e-06,2999371.570,6.250000e-05,5.56,19030.13
4177,3.445288e-03,3.305180e+01,1.003171e-05,7.958154e-06,2998093.482,3.444612e-03,3.296590e+01,8.157392e-06,1.328961e-05,2993677.508,6.250000e-05,5.26,19035.39
4178,3.454105e-03,3.303502e+01,1.038790e-05,9.344820e-06,2997874.928,3.437277e-03,3.316645e+01,7.482805e-06,9.160926e-06,3004225.195,6.250000e-05,5.15,19040.54
4179,3.457141e-03,3.304085e+01,1.054865e-05,9.513764e-06,2997926.539,3.471858e-03,3.299775e+01,1.025233e-05,1.391200e-05,2994503.695,6.250000e-05,5.70,19046.24
4180,3.450537e-03,3.304297e+01,1.026422e-05,8.719546e-06,2997977.471,3.419210e-03,3.303578e+01,9.619012e-06,3.888433e-06,2999403.117,6.250000e-05,5.49,19051.73
4181,3.455223e-03,3.304434e+01,1.027011e-05,9.617629e-06,2997982.012,3.437631e-03,3.300089e+01,7.883319e-06,1.174198e-05,2996178.039,6.250000e-05,5.56,19057.29
4182,3.483579e-03,3.305403e+01,1.229758e-05,1.104000e-05,2998132.041,3.560777e-03,3.269209e+01,1.080555e-05,3.670248e-05,2983136.477,6.250000e-05,5.39,19062.68
4183,3.488718e-03,3.306579e+01,1.284984e-05,1.072817e-05,2997757.584,3.414716e-03,3.308092e+01,7.233038e-06,6.858617e-06,3002854.008,6.250000e-05,5.34,19068.03
4184,3.465620e-03,3.303424e+01,1.078965e-05,1.085978e-05,2997952.014,3.473431e-03,3.283951e+01,8.813709e-06,2.026857e-05,2988841.547,6.250000e-05,5.73,19073.76
4185,3.436325e-03,3.303153e+01,9.248467e-06,8.137480e-06,2998062.160,3.510114e-03,3.270818e+01,8.845324e-06,3.016871e-05,2985479.062,6.250000e-05,5.10,19078.86
4186,3.446326e-03,3.302855e+01,1.025550e-05,8.183103e-06,2997811.732,3.468223e-03,3.284770e+01,8.440119e-06,1.981037e-05,2991443.523,6.250000e-05,5.61,19084.47
4187,3.451499e-03,3.303371e+01,1.085921e-05,7.907388e-06,2997924.830,3.465777e-03,3.315139e+01,1.021728e-05,9.693172e-06,3005160.648,6.250000e-05,5.96,19090.43
4188,3.483236e-03,3.305269e+01,1.275260e-05,1.008826e-05,2997952.877,3.417584e-03,3.291640e+01,7.074027e-06,1.104070e-05,2993081.039,6.250000e-05,5.06,19095.48
4189,3.455406e-03,3.303524e+01,1.010489e-05,1.016670e-05,2997943.615,3.457630e-03,3.300107e+01,1.254893e-05,6.406871e-06,2997206.922,6.250000e-05,5.73,19101.22
4190,3.461710e-03,3.303750e+01,1.037031e-05,1.085151e-05,2997933.684,3.413127e-03,3.309512e+01,8.474754e-06,3.773516e-06,3000059.508,6.250000e-05,5.68,19106.89
4191,3.451872e-03,3.303501e+01,1.042141e-05,8.831456e-06,2997925.586,3.438813e-03,3.286646e+01,7.194132e-06,1.604517e-05,2990408.117,6.250000e-05,5.81,19112.70
4192,3.446203e-03,3.302944e+01,9.810867e-06,9.030229e-06,2998045.953,3.436726e-03,3.298827e+01,9.867544e-06,7.844846e-06,2997391.531,6.250000e-05,5.02,19117.72
4193,3.455659e-03,3.304590e+01,1.119487e-05,7.824210e-06,2997947.148,3.525680e-03,3.300520e+01,1.578147e-05,1.346924e-05,2993516.727,6.250000e-05,5.56,19123.28
4194,3.446994e-03,3.303586e+01,1.050387e-05,7.673925e-06,2997962.758,3.443037e-03,3.308175e+01,1.136215e-05,4.248237e-06,2999843.141,6.250000e-05,5.48,19128.76
4195,3.470623e-03,3.303115e+01,1.121684e-05,1.106787e-05,2997838.182,3.530638e-03,3.328234e+01,1.142136e-05,1.763812e-05,3007980.922,6.250000e-05,6.02,19134.78
4196,3.468392e-03,3.303503e+01,1.069089e-05,1.159608e-05,2997956.445,3.449845e-03,3.303484e+01,9.874280e-06,9.523541e-06,3001361.344,6.250000e-05,5.66,19140.44
4197,3.462120e-03,3.305125e+01,1.105463e-05,9.289905e-06,2998036.584,3.429830e-03,3.292426e+01,9.052548e-06,9.375784e-06,2992931.945,6.250000e-05,5.03,19145.47
4198,3.449993e-03,3.302657e+01,1.101462e-05,7.437816e-06,2997865.223,3.443602e-03,3.305963e+01,1.090683e-05,5.714207e-06,3000193.852,6.250000e-05,5.51,19150.98
4199,3.481296e-03,3.302979e+01,1.112493e-05,1.341345e-05,2997709.887,3.527118e-03,3.319374e+01,1.286319e-05,1.582240e-05,3003268.938,6.250000e-05,5.45,19156.44
4200,3.459317e-03,3.304068e+01,1.011791e-05,1.081407e-05,2998139.529,3.439436e-03,3.308004e+01,9.846871e-06,6.592585e-06,2999590.016,6.250000e-05,5.87,19162.30
4201,3.451974e-03,3.303176e+01,9.846855e-06,1.006589e-05,2997935.516,3.476691e-03,3.316954e+01,1.253072e-05,6.885926e-06,3003837.852,6.250000e-05,5.45,19167.76
4202,3.446272e-03,3.301714e+01,9.520323e-06,9.870939e-06,2997999.381,3.480362e-03,3.320005e+01,8.819428e-06,1.443246e-05,3004829.594,6.250000e-05,5.40,19173.16
4203,3.499812e-03,3.304750e+01,1.307143e-05,1.286954e-05,2997875.670,3.583849e-03,3.328210e+01,2.095690e-05,9.213945e-06,3002112.680,6.250000e-05,5.18,19178.33
4204,3.484354e-03,3.307027e+01,1.334930e-05,8.766731e-06,2998024.479,3.419909e-03,3.293961e+01,8.989265e-06,7.211084e-06,2996614.180,6.250000e-05,5.48,19183.81
4205,3.460474e-03,3.303978e+01,1.076822e-05,9.762918e-06,2997980.943,3.455536e-03,3.284160e+01,9.022974e-06,1.622938e-05,2992516.266,6.250000e-05,5.07,19188.88
4206,3.441665e-03,3.302332e+01,1.029041e-05,7.285873e-06,2997961.357,3.455371e-03,3.281385e+01,8.698705e-06,1.739982e-05,2989569.695,6.250000e-05,5.83,19194.71
4207,3.445443e-03,3.303009e+01,9.887034e-06,8.712634e-06,2997965.062,3.445770e-03,3.281736e+01,8.449312e-06,1.590817e-05,2991218.680,6.250000e-05,5.51,19200.23
4208,3.463029e-03,3.302365e+01,1.067491e-05,1.078309e-05,2997886.834,3.512991e-03,3.307489e+01,1.720678e-05,6.686874e-06,2997363.586,6.250000e-05,5.75,19205.98
4209,3.464814e-03,3.305077e+01,1.139899e-05,9.149395e-06,2997952.807,3.440505e-03,3.307845e+01,8.586331e-06,9.359304e-06,3003639.055,6.250000e-05,5.14,19211.12
4210,3.458981e-03,3.302979e+01,1.099383e-05,9.212753e-06,2998068.832,3.506168e-03,3.274325e+01,8.626846e-06,2.911495e-05,2985993.586,6.250000e-05,5.37,19216.48
4211,3.459467e-03,3.301410e+01,1.001082e-05,1.158980e-05,2997720.170,3.481072e-03,3.282440e+01,1.093221e-05,1.786198e-05,2990037.156,6.250000e-05,5.24,19221.72
4212,3.467967e-03,3.303840e+01,1.175497e-05,9.315387e-06,2997892.436,3.502608e-03,3.315534e+01,1.299104e-05,1.143266e-05,3006654.039,6.250000e-05,5.66,19227.37
4213,3.452180e-03,3.304106e+01,1.099990e-05,7.614959e-06,2998057.221,3.546796e-03,3.267283e+01,1.073535e-05,3.443198e-05,2984901.258,6.250000e-05,5.27,19232.64
4214,3.469038e-03,3.304092e+01,1.231639e-05,8.356387e-06,2997923.217,3.460595e-03,3.306578e+01,9.185336e-06,1.243269e-05,3004687.875,6.250000e-05,5.74,19238.38
4215,3.454146e-03,3.303155e+01,1.132048e-05,7.557270e-06,2997988.588,3.414336e-03,3.290986e+01,8.252358e-06,8.165363e-06,2995312.930,6.250000e-05,5.11,19243.50
4216,3.442725e-03,3.302329e+01,1.054111e-05,6.996916e-06,2997832.994,3.408831e-03,3.307878e+01,7.520297e-06,5.150152e-06,3001115.852,6.250000e-05,5.47,19248.96
4217,3.442660e-03,3.302305e+01,1.022595e-05,7.619189e-06,2998029.988,3.389896e-03,3.300234e+01,6.285225e-06,5.361997e-06,2999469.891,6.250000e-05,5.81,19254.77
4218,3.479274e-03,3.301560e+01,1.105527e-05,1.343221e-05,2998005.113,3.519608e-03,3.290589e+01,1.217097e-05,2.146188e-05,2990711.391,6.250000e-05,5.69,19260.46
4219,3.442610e-03,3.303146e+01,9.859798e-06,8.173247e-06,2997902.848,3.417864e-03,3.287815e+01,7.710639e-06,1.058842e-05,2992539.359,6.250000e-05,4.73,19265.19
4220,3.450685e-03,3.302645e+01,1.029454e-05,9.018821e-06,2997917.213,3.482530e-03,3.303956e+01,1.071389e-05,1.428711e-05,2998205.211,6.250000e-05,5.70,19270.89
4221,3.472844e-03,3.304597e+01,1.278153e-05,8.086355e-06,2998028.783,3.439291e-03,3.285021e+01,9.054259e-06,1.274560e-05,2992794.539,6.250000e-05,5.36,19276.24
4222,3.450864e-03,3.302220e+01,1.061707e-05,8.494801e-06,2997807.566,3.516633e-03,3.293846e+01,1.443329e-05,1.569093e-05,2991921.797,6.250000e-05,5.64,19281.88
4223,3.455846e-03,3.302255e+01,1.096370e-05,8.790827e-06,2997890.309,3.441330e-03,3.316417e+01,8.129653e-06,8.723337e-06,3004617.742,6.250000e-05,5.06,19286.95
4224,3.461602e-03,3.302336e+01,1.096711e-05,9.918849e-06,2998078.670,3.460996e-03,3.287753e+01,8.611580e-06,1.742538e-05,2989366.789,6.250000e-05,5.55,19292.49
4225,3.451991e-03,3.303561e+01,1.012760e-05,9.430721e-06,2997882.467,3.416548e-03,3.302470e+01,6.872835e-06,9.069926e-06,3001633.648,6.250000e-05,5.65,19298.15
4226,3.474313e-03,3.302364e+01,1.139022e-05,1.160957e-05,2997995.799,3.462034e-03,3.286042e+01,7.516709e-06,2.016504e-05,2990475.312,6.250000e-05,5.64,19303.78
4227,3.454856e-03,3.302824e+01,1.071213e-05,8.982151e-06,2997948.025,3.521882e-03,3.283018e+01,1.389974e-05,1.997331e-05,2988245.781,6.250000e-05,5.74,19309.52
4228,3.455464e-03,3.302497e+01,1.036168e-05,9.870220e-06,2997913.838,3.426416e-03,3.287497e+01,8.823672e-06,1.013656e-05,2993308.219,6.250000e-05,5.89,19315.41
4229,3.455477e-03,3.303828e+01,1.170952e-05,6.910675e-06,2997959.959,3.401042e-03,3.298037e+01,7.705024e-06,5.190899e-06,2998574.477,6.250000e-05,5.59,19321.00
4230,3.488964e-03,3.303507e+01,1.251310e-05,1.206522e-05,2997824.830,3.517261e-03,3.328039e+01,1.040617e-05,1.703200e-05,3010205.023,6.250000e-05,5.59,19326.58
4231,3.446466e-03,3.302229e+01,9.850322e-06,9.146595e-06,2998122.256,3.488914e-03,3.282198e+01,1.063427e-05,2.007482e-05,2988682.250,6.250000e-05,5.25,19331.84
4232,3.474978e-03,3.303703e+01,1.127467e-05,1.170567e-05,2997929.145,3.515441e-03,3.303878e+01,1.673765e-05,8.837420e-06,2995219.961,6.250000e-05,5.64,19337.47
4233,3.462231e-03,3.302681e+01,1.105367e-05,9.802718e-06,2997847.287,3.444548e-03,3.310389e+01,1.036235e-05,6.107175e-06,3001024.477,6.250000e-05,5.57,19343.05
4234,3.467974e-03,3.305967e+01,1.102686e-05,1.034778e-05,2998003.490,3.416588e-03,3.305997e+01,7.104947e-06,7.908224e-06,3001854.023,6.250000e-05,6.21,19349.26
4235,3.496691e-03,3.304346e+01,1.373194e-05,1.100515e-05,2997941.549,3.414098e-03,3.288182e+01,8.003431e-06,9.176203e-06,2993647.711,6.250000e-05,5.90,19355.16
4236,3.440846e-03,3.302940e+01,1.021977e-05,7.141688e-06,2997935.090,3.484342e-03,3.300497e+01,1.439697e-05,7.975150e-06,2998822.500,6.250000e-05,5.39,19360.56
4237,3.471053e-03,3.302949e+01,1.145605e-05,1.070876e-05,2998097.664,3.645606e-03,3.277922e+01,1.995621e-05,3.362430e-05,2984852.180,6.250000e-05,6.07,19366.63
4238,3.471247e-03,3.302943e+01,1.169260e-05,1.027557e-05,2997887.316,3.433726e-03,3.305173e+01,9.516852e-06,6.676786e-06,3000882.930,6.250000e-05,5.45,19372.08
4239,3.443262e-03,3.302818e+01,9.953314e-06,8.182086e-06,2997955.484,3.402341e-03,3.292814e+01,7.457606e-06,6.990376e-06,2996162.320,6.250000e-05,4.94,19377.01
4240,3.426028e-03,3.300372e+01,8.800937e-06,7.529310e-06,2997936.498,3.403031e-03,3.298966e+01,7.640709e-06,5.531761e-06,2998306.656,6.250000e-05,5.89,19382.91
4241,3.466420e-03,3.302986e+01,1.009825e-05,1.249031e-05,2997910.529,3.429332e-03,3.287834e+01,7.073660e-06,1.415238e-05,2990974.977,6.250000e-05,5.51,19388.41
4242,3.442252e-03,3.301987e+01,9.695386e-06,8.662274e-06,2998084.965,3.444162e-03,3.284443e+01,8.549171e-06,1.484558e-05,2990428.453,6.250000e-05,5.91,19394.32
4243,3.458927e-03,3.303752e+01,9.876066e-06,1.128287e-05,2997925.246,3.692873e-03,3.247982e+01,1.083020e-05,6.731800e-05,2976790.211,6.250000e-05,5.87,19400.19
4244,3.461599e-03,3.300403e+01,9.802349e-06,1.263440e-05,2997876.004,3.418568e-03,3.317805e+01,6.641114e-06,6.870431e-06,3004473.195,6.250000e-05,5.53,19405.72
4245,3.437006e-03,3.302353e+01,9.652323e-06,7.625892e-06,2997976.848,3.486174e-03,3.292402e+01,1.439190e-05,9.970793e-06,2993397.641,6.250000e-05,5.60,19411.33
4246,3.446264e-03,3.301460e+01,1.017767e-05,8.605316e-06,2997874.064,3.446633e-03,3.295385e+01,1.237580e-05,5.497971e-06,2996310.906,6.250000e-05,5.37,19416.69
4247,3.466675e-03,3.302189e+01,1.113575e-05,1.062582e-05,2998061.842,3.467061e-03,3.293619e+01,1.229395e-05,1.010059e-05,2995353.500,6.250000e-05,5.55,19422.24
4248,3.459493e-03,3.302417e+01,1.093057e-05,9.553966e-06,2997846.006,3.457307e-03,3.320546e+01,8.143044e-06,1.106609e-05,3006876.016,6.250000e-05,5.47,19427.71
4249,3.477966e-03,3.303343e+01,1.243556e-05,1.005360e-05,2997724.693,3.579930e-03,3.320294e+01,1.317603e-05,2.557518e-05,3008395.555,6.250000e-05,6.02,19433.73
4250,3.487614e-03,3.303687e+01,1.201382e-05,1.275780e-05,2998244.523,3.399991e-03,3.297578e+01,7.781837e-06,4.918833e-06,2997428.672,6.250000e-05,6.35,19440.08
4251,3.458317e-03,3.302166e+01,1.114368e-05,8.942963e-06,2997903.355,3.403667e-03,3.302277e+01,6.970063e-06,6.337958e-06,3001819.891,6.250000e-05,5.82,19445.90
4252,3.459753e-03,3.301040e+01,1.133093e-05,9.080684e-06,2997981.287,3.463778e-03,3.323964e+01,7.574716e-06,1.281332e-05,3008814.680,6.250000e-05,5.84,19451.75
4253,3.457308e-03,3.301419e+01,1.101903e-05,9.139841e-06,2997957.988,3.501787e-03,3.324272e+01,1.185769e-05,1.178770e-05,3006057.531,6.250000e-05,5.11,19456.86
4254,3.461813e-03,3.303561e+01,1.135952e-05,8.931332e-06,2997974.879,3.426195e-03,3.304089e+01,7.629003e-06,9.163154e-06,3003113.258,6.250000e-05,5.67,19462.53
4255,3.485384e-03,3.302831e+01,1.298529e-05,1.054001e-05,2998030.576,3.470987e-03,3.303978e+01,1.146054e-05,1.048070e-05,3002488.102,6.250000e-05,5.25,19467.78
4256,3.474347e-03,3.301570e+01,1.073339e-05,1.308868e-05,2997843.830,3.514054e-03,3.313586e+01,1.576221e-05,8.569180e-06,3002535.633,6.250000e-05,5.44,19473.22
4257,3.456839e-03,3.302560e+01,1.059577e-05,9.664262e-06,2998026.484,3.631723e-03,3.257290e+01,1.018395e-05,5.451864e-05,2979346.688,6.250000e-05,5.67,19478.90
4258,3.459825e-03,3.302122e+01,1.090984e-05,9.721061e-06,2997935.486,3.613298e-03,3.291891e+01,2.539504e-05,1.349148e-05,2991517.555,6.250000e-05,5.71,19484.61
4259,3.463192e-03,3.302591e+01,1.182209e-05,8.476013e-06,2997890.062,3.468109e-03,3.316013e+01,9.622630e-06,1.117381e-05,3006086.953,6.250000e-05,5.94,19490.56
4260,3.447806e-03,3.300168e+01,1.025197e-05,9.023654e-06,2997868.760,3.480391e-03,3.320446e+01,1.112084e-05,9.747238e-06,3005491.266,6.250000e-05,5.83,19496.39
4261,3.458797e-03,3.301075e+01,1.088192e-05,9.780456e-06,2998130.773,3.440157e-03,3.306467e+01,9.963203e-06,6.811576e-06,2999865.555,6.250000e-05,6.10,19502.49
4262,3.456189e-03,3.301275e+01,1.123945e-05,8.503904e-06,2997969.646,3.473162e-03,3.309185e+01,1.358474e-05,5.625914e-06,2999538.633,6.250000e-05,5.60,19508.09
4263,3.449934e-03,3.302924e+01,1.041948e-05,8.562943e-06,2998069.639,3.740770e-03,3.294162e+01,3.245963e-05,2.440229e-05,2990427.023,6.250000e-05,5.83,19513.92
4264,3.452327e-03,3.300757e+01,1.117916e-05,7.955737e-06,2997799.537,3.448851e-03,3.304212e+01,1.194567e-05,5.036431e-06,2998996.914,6.250000e-05,5.91,19519.83
4265,3.461838e-03,3.302468e+01,1.066861e-05,1.053678e-05,2998065.648,3.711879e-03,3.262022e+01,1.638248e-05,5.720645e-05,2978798.016,6.250000e-05,5.54,19525.37
4266,3.466315e-03,3.303805e+01,1.124087e-05,1.002017e-05,2997834.457,3.508810e-03,3.305851e+01,1.405411e-05,1.248363e-05,3004080.914,6.250000e-05,5.68,19531.06
4267,3.462379e-03,3.300920e+01,1.119626e-05,9.899251e-06,2997970.096,3.735234e-03,3.337441e+01,2.693737e-05,2.568393e-05,3013235.727,6.250000e-05,5.30,19536.36
4268,3.472350e-03,3.301524e+01,1.289691e-05,8.371391e-06,2997851.100,3.498906e-03,3.328034e+01,1.092833e-05,1.231786e-05,3008689.641,6.250000e-05,5.45,19541.81
4269,3.459007e-03,3.301684e+01,1.063449e-05,1.019554e-05,2997993.740,3.535601e-03,3.271934e+01,9.966610e-06,3.280014e-05,2985055.500,6.250000e-05,5.74,19547.55
4270,3.455376e-03,3.302266e+01,1.087949e-05,8.863022e-06,2997986.965,3.463444e-03,3.303132e+01,1.303896e-05,5.984525e-06,2998370.477,6.250000e-05,5.66,19553.21
4271,3.469754e-03,3.302011e+01,1.061074e-05,1.232721e-05,2997924.719,3.392382e-03,3.292763e+01,6.888152e-06,6.147466e-06,2996020.789,6.250000e-05,6.08,19559.29
4272,3.470131e-03,3.303222e+01,1.265505e-05,8.071631e-06,2997864.064,3.441152e-03,3.289429e+01,9.452890e-06,1.143882e-05,2994709.797,6.250000e-05,5.40,19564.68
4273,3.479461e-03,3.303805e+01,1.226356e-05,1.060425e-05,2997980.395,3.492696e-03,3.310928e+01,1.489121e-05,6.571370e-06,3003007.961,6.250000e-05,5.70,19570.39
4274,3.476894e-03,3.304327e+01,1.262339e-05,9.266601e-06,2997920.141,3.638523e-03,3.334050e+01,2.235419e-05,1.618628e-05,3006499.453,6.250000e-05,5.45,19575.84
4275,3.477691e-03,3.302409e+01,1.222803e-05,1.060047e-05,2997928.951,3.425977e-03,3.295567e+01,8.509264e-06,9.063499e-06,2997300.906,6.250000e-05,5.93,19581.77
4276,3.448178e-03,3.301401e+01,1.026641e-05,8.822416e-06,2997997.611,3.499859e-03,3.324512e+01,1.077486e-05,1.351972e-05,3007675.773,6.250000e-05,5.36,19587.13
4277,3.450088e-03,3.302084e+01,1.087466e-05,7.851515e-06,2997958.830,3.395284e-03,3.300193e+01,7.178848e-06,4.660643e-06,2999365.828,6.250000e-05,5.78,19592.91
4278,3.468697e-03,3.300548e+01,1.148982e-05,1.065020e-05,2997942.699,3.702253e-03,3.298803e+01,2.876392e-05,2.316222e-05,2990033.656,6.250000e-05,5.82,19598.73
4279,3.458080e-03,3.303005e+01,1.108528e-05,8.844314e-06,2998043.979,3.487271e-03,3.298054e+01,1.568281e-05,6.477875e-06,2996966.164,6.250000e-05,5.32,19604.05
4280,3.463707e-03,3.302263e+01,1.158602e-05,9.116802e-06,2997753.752,3.424944e-03,3.301458e+01,8.163840e-06,8.369492e-06,3001504.602,6.250000e-05,5.84,19609.88
4281,3.475962e-03,3.301922e+01,1.162770e-05,1.155264e-05,2998155.340,3.446673e-03,3.300118e+01,1.119859e-05,6.913889e-06,2998540.578,6.250000e-05,5.46,19615.35
4282,3.475088e-03,3.303029e+01,1.187560e-05,1.066060e-05,2997913.072,3.447081e-03,3.293556e+01,1.129652e-05,8.112036e-06,2994130.023,6.250000e-05,5.77,19621.12
4283,3.458922e-03,3.300856e+01,1.114494e-05,9.323306e-06,2997857.838,3.469568e-03,3.323052e+01,8.274317e-06,1.275459e-05,3007650.930,6.250000e-05,5.27,19626.39
4284,3.444141e-03,3.301712e+01,1.005566e-05,8.374520e-06,2998017.314,3.697645e-03,3.333253e+01,2.755454e-05,1.776941e-05,3009898.531,6.250000e-05,6.22,19632.61
4285,3.451104e-03,3.301219e+01,9.975487e-06,1.002595e-05,2997990.225,3.436305e-03,3.295072e+01,8.508702e-06,1.122921e-05,2996554.617,6.250000e-05,5.71,19638.32
4286,3.479157e-03,3.300883e+01,1.132141e-05,1.301215e-05,2997801.545,3.543526e-03,3.309638e+01,2.078537e-05,5.207000e-06,2999813.508,6.250000e-05,5.53,19643.85
4287,3.449284e-03,3.301577e+01,1.077851e-05,7.984451e-06,2998096.504,3.465772e-03,3.303693e+01,1.364575e-05,5.124341e-06,2998426.156,6.250000e-05,5.71,19649.56
4288,3.468199e-03,3.301746e+01,1.131171e-05,1.066722e-05,2997918.195,3.743034e-03,3.340743e+01,3.329398e-05,1.387024e-05,3006301.953,6.250000e-05,5.86,19655.41
4289,3.462856e-03,3.303448e+01,1.110919e-05,9.663294e-06,2997969.496,3.406526e-03,3.296315e+01,7.346121e-06,7.349873e-06,2996884.352,6.250000e-05,6.13,19661.55
4290,3.450371e-03,3.301272e+01,1.082880e-05,8.162244e-06,2998011.412,3.428253e-03,3.279590e+01,7.377311e-06,1.497796e-05,2990888.188,6.250000e-05,5.41,19666.95
4291,3.456880e-03,3.300903e+01,1.120035e-05,8.794675e-06,2997851.367,3.538849e-03,3.332031e+01,1.073442e-05,1.989472e-05,3011872.617,6.250000e-05,5.70,19672.65
4292,3.436914e-03,3.300882e+01,1.010035e-05,7.005684e-06,2997998.176,3.416644e-03,3.295983e+01,8.957220e-06,6.217778e-06,2995853.617,6.250000e-05,5.50,19678.15
4293,3.436070e-03,3.300578e+01,9.663242e-06,7.772014e-06,2997903.158,3.445626e-03,3.309987e+01,1.090714e-05,5.313563e-06,3001536.578,6.250000e-05,5.57,19683.71
4294,3.472509e-03,3.302613e+01,1.191336e-05,1.015239e-05,2998021.736,3.428812e-03,3.286106e+01,8.654918e-06,1.123139e-05,2992301.008,6.250000e-05,6.27,19689.98
4295,3.474721e-03,3.302573e+01,1.173623e-05,1.095713e-05,2998055.879,3.455256e-03,3.299085e+01,1.220974e-05,6.814768e-06,2996966.344,6.250000e-05,5.60,19695.58
4296,3.484894e-03,3.301599e+01,1.300094e-05,1.065730e-05,2997796.797,3.531097e-03,3.321429e+01,1.376769e-05,1.439814e-05,3009372.516,6.250000e-05,5.30,19700.88
4297,3.451410e-03,3.300684e+01,1.047322e-05,9.198833e-06,2997941.273,3.451180e-03,3.308874e+01,1.019130e-05,8.078582e-06,3004074.844,6.250000e-05,5.62,19706.50
4298,3.472837e-03,3.302294e+01,1.238113e-05,9.346526e-06,2998042.877,3.434497e-03,3.291027e+01,8.872590e-06,1.094881e-05,2993395.289,6.250000e-05,5.59,19712.09
4299,3.446819e-03,3.298703e+01,9.644032e-06,1.033517e-05,2997817.641,3.540747e-03,3.334412e+01,6.861206e-06,2.754448e-05,3013313.414,6.250000e-05,5.77,19717.86
4300,3.469425e-03,3.302846e+01,1.146510e-05,1.038562e-05,2998057.660,3.495393e-03,3.325968e+01,8.241942e-06,1.740116e-05,3010178.414,6.250000e-05,5.56,19723.42
4301,3.485321e-03,3.302874e+01,1.256730e-05,1.135472e-05,2998135.045,3.489479e-03,3.271246e+01,7.878651e-06,2.788926e-05,2986960.477,6.250000e-05,5.52,19728.94
4302,3.491582e-03,3.302883e+01,1.289684e-05,1.194607e-05,2997771.152,3.455060e-03,3.288722e+01,1.176363e-05,9.740390e-06,2994600.195,6.250000e-05,5.53,19734.47
4303,3.456348e-03,3.300675e+01,1.069731e-05,9.740084e-06,2997895.723,3.485340e-03,3.313929e+01,1.441224e-05,5.457775e-06,3002361.188,6.250000e-05,6.06,19740.53
4304,3.476102e-03,3.301392e+01,1.234644e-05,1.024927e-05,2997889.588,3.478357e-03,3.306261e+01,1.366547e-05,7.088262e-06,3002398.328,6.250000e-05,5.59,19746.12
4305,3.468551e-03,3.301740e+01,1.238685e-05,8.588478e-06,2998059.207,3.456883e-03,3.303884e+01,1.115348e-05,8.292772e-06,3003042.352,6.250000e-05,5.84,19751.96
4306,3.460391e-03,3.300247e+01,1.132846e-05,9.371956e-06,2997931.051,3.432208e-03,3.283268e+01,8.506926e-06,1.277420e-05,2990587.852,6.250000e-05,5.40,19757.36
4307,3.463156e-03,3.301231e+01,1.173027e-05,8.924572e-06,2997892.846,3.460161e-03,3.283396e+01,1.022598e-05,1.490110e-05,2992483.891,6.250000e-05,6.07,19763.43
4308,3.506610e-03,3.303196e+01,1.277635e-05,1.513007e-05,2997949.115,3.414686e-03,3.294484e+01,8.304799e-06,7.430922e-06,2995939.836,6.250000e-05,5.26,19768.69
4309,3.477972e-03,3.302324e+01,1.152195e-05,1.208566e-05,2997982.398,3.540306e-03,3.307029e+01,2.086495e-05,4.925687e-06,2999965.930,6.250000e-05,5.82,19774.50
4310,3.453676e-03,3.301795e+01,1.077276e-05,8.830722e-06,2998014.631,3.573574e-03,3.290505e+01,1.974339e-05,1.712685e-05,2990301.859,6.250000e-05,5.69,19780.20
4311,3.462466e-03,3.301194e+01,1.153542e-05,9.183456e-06,2997836.594,3.485564e-03,3.280251e+01,1.112734e-05,1.880799e-05,2989626.688,6.250000e-05,5.12,19785.32
4312,3.469921e-03,3.300877e+01,1.058734e-05,1.263412e-05,2997972.908,3.491813e-03,3.319855e+01,1.012088e-05,1.414974e-05,3007378.609,6.250000e-05,5.49,19790.81
4313,3.469780e-03,3.300839e+01,1.121515e-05,1.135796e-05,2997979.389,3.486859e-03,3.276760e+01,8.986418e-06,2.404688e-05,2987824.898,6.250000e-05,5.94,19796.75
4314,3.500894e-03,3.303908e+01,1.445230e-05,1.049274e-05,2997957.723,3.565990e-03,3.309243e+01,2.121976e-05,8.909797e-06,2998286.078,6.250000e-05,5.55,19802.31
4315,3.466843e-03,3.301149e+01,1.106125e-05,1.101628e-05,2997962.166,3.562093e-03,3.283039e+01,1.774926e-05,2.031223e-05,2989244.086,6.250000e-05,5.28,19807.59
4316,3.465161e-03,3.303015e+01,1.127998e-05,9.869246e-06,2997893.166,3.432228e-03,3.313982e+01,7.982942e-06,7.683439e-06,3005229.961,6.250000e-05,6.31,19813.90
4317,3.451265e-03,3.300224e+01,1.072539e-05,8.757420e-06,2998036.617,3.473637e-03,3.285138e+01,1.307042e-05,1.155898e-05,2992822.984,6.250000e-05,5.95,19819.85
4318,3.446499e-03,3.300736e+01,1.022969e-05,8.693203e-06,2997979.301,3.456028e-03,3.285396e+01,1.149421e-05,1.113805e-05,2993702.531,6.250000e-05,5.82,19825.67
4319,3.458761e-03,3.301391e+01,1.133085e-05,8.812225e-06,2997898.291,3.440084e-03,3.304151e+01,9.474878e-06,8.236933e-06,2999753.180,6.250000e-05,5.67,19831.34
4320,3.471041e-03,3.301372e+01,1.090926e-05,1.211529e-05,2997948.480,3.572480e-03,3.313878e+01,1.654581e-05,1.862882e-05,3004331.250,6.250000e-05,5.39,19836.73
4321,3.470797e-03,3.302378e+01,1.262270e-05,8.438551e-06,2997985.408,3.462588e-03,3.284856e+01,8.506808e-06,1.853279e-05,2991782.383,6.250000e-05,5.40,19842.13
4322,3.462809e-03,3.300911e+01,1.079604e-05,1.078773e-05,2997832.215,3.488933e-03,3.294165e+01,1.279845e-05,1.335681e-05,2992689.172,6.250000e-05,6.13,19848.26
4323,3.446087e-03,3.300304e+01,1.007329e-05,9.010043e-06,2997935.262,3.425091e-03,3.293480e+01,1.014916e-05,6.023952e-06,2997024.562,6.250000e-05,5.35,19853.61
4324,3.469101e-03,3.301306e+01,1.126250e-05,1.103399e-05,2997922.508,3.537962e-03,3.326149e+01,7.464850e-06,2.743298e-05,3013130.242,6.250000e-05,5.66,19859.27
4325,3.458625e-03,3.300748e+01,1.070668e-05,1.016207e-05,2998113.506,3.444905e-03,3.289238e+01,8.550847e-06,1.403171e-05,2994595.555,6.250000e-05,5.60,19864.87
4326,3.448713e-03,3.301997e+01,1.046122e-05,8.420799e-06,2997889.002,3.510110e-03,3.309179e+01,1.015552e-05,1.987506e-05,3004262.914,6.250000e-05,5.53,19870.40
4327,3.455567e-03,3.300203e+01,1.081979e-05,9.433245e-06,2997885.156,3.436901e-03,3.291976e+01,1.043202e-05,8.121020e-06,2995458.828,6.250000e-05,5.31,19875.71
4328,3.488260e-03,3.302227e+01,1.236933e-05,1.246784e-05,2997970.355,3.483115e-03,3.277852e+01,1.145732e-05,1.813800e-05,2988910.750,6.250000e-05,5.82,19881.53
4329,3.433532e-03,3.298055e+01,9.089083e-06,8.917373e-06,2997953.672,3.417325e-03,3.287107e+01,8.265440e-06,9.512706e-06,2992428.492,6.250000e-05,5.56,19887.08
4330,3.466152e-03,3.300968e+01,1.184177e-05,9.353144e-06,2997894.666,3.432450e-03,3.298698e+01,1.041538e-05,5.919719e-06,2996306.484,6.250000e-05,5.78,19892.86
4331,3.469253e-03,3.300714e+01,1.218151e-05,9.344791e-06,2998010.016,3.460036e-03,3.273327e+01,6.652619e-06,2.403651e-05,2986622.117,6.250000e-05,5.66,19898.52
4332,3.459545e-03,3.299862e+01,9.934647e-06,1.206728e-05,2997903.709,3.425672e-03,3.289850e+01,7.782570e-06,1.159910e-05,2995354.828,6.250000e-05,5.88,19904.40
4333,3.471814e-03,3.298881e+01,1.060029e-05,1.338622e-05,2997890.674,3.401840e-03,3.309228e+01,6.196269e-06,6.129735e-06,3003739.109,6.250000e-05,6.12,19910.52
4334,3.468690e-03,3.302768e+01,1.120114e-05,1.078202e-05,2997941.637,3.482329e-03,3.305125e+01,1.379306e-05,7.854703e-06,3001293.742,6.250000e-05,5.37,19915.89
4335,3.456990e-03,3.301541e+01,1.132255e-05,8.444878e-06,2997969.326,3.523634e-03,3.302886e+01,1.844496e-05,7.259751e-06,2998919.352,6.250000e-05,5.52,19921.40
4336,3.448266e-03,3.300728e+01,1.055302e-05,8.401539e-06,2997933.420,3.459981e-03,3.317060e+01,7.998255e-06,1.258771e-05,3005513.867,6.250000e-05,5.03,19926.44
4337,3.487677e-03,3.301217e+01,1.267744e-05,1.193721e-05,2998055.771,3.543292e-03,3.284094e+01,1.457208e-05,2.269542e-05,2987266.914,6.250000e-05,5.73,19932.17
4338,3.456624e-03,3.300244e+01,1.040531e-05,1.046543e-05,2997927.188,3.414569e-03,3.290874e+01,8.583409e-06,7.572165e-06,2994114.055,6.250000e-05,6.24,19938.41
4339,3.467763e-03,3.301426e+01,1.144878e-05,1.036988e-05,2997900.639,3.530825e-03,3.317309e+01,1.549387e-05,1.171549e-05,3002826.328,6.250000e-05,5.63,19944.05
4340,3.442921e-03,3.299609e+01,1.054874e-05,7.564836e-06,2997934.273,3.577350e-03,3.315465e+01,2.099015e-05,1.039672e-05,3004194.070,6.250000e-05,5.79,19949.84
4341,3.463784e-03,3.300469e+01,1.192748e-05,8.808144e-06,2998023.271,3.449371e-03,3.307205e+01,1.128359e-05,5.866049e-06,3001609.922,6.250000e-05,5.50,19955.34
4342,3.456669e-03,3.300510e+01,1.121199e-05,8.807724e-06,2997842.738,3.421615e-03,3.314597e+01,7.656454e-06,6.090614e-06,3003653.602,6.250000e-05,5.53,19960.88
4343,3.464116e-03,3.301760e+01,1.206049e-05,8.350307e-06,2997969.832,3.455722e-03,3.292997e+01,9.777596e-06,1.298980e-05,2994626.711,6.250000e-05,5.94,19966.81
4344,3.462446e-03,3.300176e+01,1.018430e-05,1.208545e-05,2998019.459,3.407337e-03,3.297132e+01,7.861564e-06,6.317749e-06,2998721.133,6.250000e-05,5.87,19972.68
4345,3.441462e-03,3.299723e+01,1.055841e-05,7.231041e-06,2997970.018,3.427865e-03,3.297167e+01,7.749067e-06,1.064162e-05,2997290.258,6.250000e-05,5.38,19978.06
4346,3.449245e-03,3.300489e+01,1.045197e-05,8.847275e-06,2997960.553,3.437750e-03,3.298790e+01,9.240084e-06,9.311808e-06,2997254.250,6.250000e-05,5.30,19983.36
4347,3.471482e-03,3.301723e+01,1.080921e-05,1.233339e-05,2997784.520,3.535898e-03,3.321350e+01,9.607933e-06,2.369372e-05,3009645.906,6.250000e-05,5.76,19989.12
4348,3.476403e-03,3.302307e+01,1.096870e-05,1.288179e-05,2998109.008,3.423819e-03,3.287421e+01,8.095322e-06,1.108897e-05,2994209.578,6.250000e-05,5.71,19994.83
4349,3.440927e-03,3.299399e+01,1.009275e-05,8.120229e-06,2997859.223,3.515734e-03,3.327902e+01,9.266261e-06,1.903387e-05,3011179.742,6.250000e-05,5.90,20000.73
4350,3.436122e-03,3.299757e+01,1.004379e-05,7.185420e-06,2997995.656,3.477895e-03,3.301001e+01,1.334163e-05,8.695483e-06,2999873.680,6.250000e-05,5.26,20005.99
4351,3.453583e-03,3.299404e+01,1.106404e-05,8.707745e-06,2997954.584,3.441082e-03,3.299396e+01,1.123807e-05,5.861166e-06,2996918.969,6.250000e-05,5.64,20011.63
4352,3.453591e-03,3.299627e+01,1.103420e-05,8.724321e-06,2997843.887,3.498128e-03,3.312373e+01,1.509168e-05,6.967842e-06,3000383.680,6.250000e-05,6.19,20017.82
4353,3.437974e-03,3.299701e+01,9.736382e-06,8.181788e-06,2998126.961,3.496242e-03,3.268380e+01,7.562630e-06,3.044722e-05,2984928.875,6.250000e-05,5.19,20023.00
4354,3.468702e-03,3.299776e+01,1.081664e-05,1.215198e-05,2997858.941,3.491564e-03,3.303456e+01,1.652598e-05,4.569653e-06,2998869.047,6.250000e-05,5.82,20028.83
4355,3.443471e-03,3.300820e+01,9.687696e-06,9.154982e-06,2997893.258,3.465495e-03,3.315704e+01,8.267923e-06,1.342239e-05,3008150.750,6.250000e-05,5.11,20033.94
4356,3.476533e-03,3.300939e+01,1.251685e-05,1.008505e-05,2998046.699,3.390106e-03,3.296806e+01,6.730877e-06,5.198346e-06,2997744.297,6.250000e-05,6.15,20040.09
4357,3.462018e-03,3.301070e+01,1.157414e-05,9.041324e-06,2997911.439,3.452847e-03,3.298956e+01,1.217602e-05,6.426206e-06,2996824.750,6.250000e-05,5.50,20045.59
4358,3.455251e-03,3.300287e+01,9.988681e-06,1.101548e-05,2997933.533,3.470106e-03,3.306613e+01,1.001633e-05,1.266606e-05,3003652.094,6.250000e-05,6.25,20051.84
4359,3.463526e-03,3.299158e+01,1.097201e-05,1.092946e-05,2997984.893,3.476907e-03,3.288803e+01,1.066804e-05,1.628468e-05,2991057.258,6.250000e-05,5.46,20057.30
4360,3.446229e-03,3.301024e+01,9.754475e-06,9.532193e-06,2998083.500,3.434784e-03,3.282292e+01,8.719269e-06,1.306000e-05,2990680.180,6.250000e-05,5.77,20063.07
4361,3.450393e-03,3.300456e+01,1.070119e-05,8.585090e-06,2997752.949,3.407706e-03,3.306194e+01,8.144572e-06,4.013197e-06,3001626.719,6.250000e-05,6.00,20069.07
4362,3.452725e-03,3.300345e+01,1.071987e-05,9.036301e-06,2998042.406,3.420646e-03,3.301067e+01,9.271289e-06,5.373337e-06,3000493.320,6.250000e-05,5.86,20074.93
4363,3.438873e-03,3.299374e+01,9.796655e-06,8.306440e-06,2998031.744,3.483302e-03,3.314431e+01,1.419985e-05,5.374654e-06,3002125.008,6.250000e-05,5.75,20080.68
4364,3.451115e-03,3.300448e+01,1.051454e-05,9.104425e-06,2997827.525,3.638337e-03,3.326786e+01,2.347019e-05,1.536991e-05,3008334.258,6.250000e-05,6.03,20086.71
4365,3.430747e-03,3.298769e+01,9.230234e-06,7.935147e-06,2998019.209,3.458986e-03,3.287151e+01,1.168917e-05,1.098859e-05,2992728.930,6.250000e-05,5.64,20092.35
4366,3.450160e-03,3.300030e+01,1.026956e-05,9.486737e-06,2997857.969,3.422254e-03,3.307209e+01,8.065858e-06,6.877201e-06,3003065.875,6.250000e-05,6.35,20098.70
4367,3.442238e-03,3.298748e+01,1.018082e-05,8.336491e-06,2998042.809,3.389886e-03,3.304370e+01,6.701402e-06,3.700372e-06,3001004.438,6.250000e-05,5.87,20104.56
4368,3.458647e-03,3.300326e+01,1.134345e-05,8.977275e-06,2997850.076,3.625817e-03,3.322482e+01,2.570730e-05,9.252269e-06,3006380.883,6.250000e-05,5.89,20110.45
4369,3.470638e-03,3.300891e+01,1.195384e-05,1.004180e-05,2998006.295,3.393598e-03,3.292888e+01,7.114822e-06,5.912405e-06,2996557.172,6.250000e-05,5.51,20115.96
4370,3.439685e-03,3.298674e+01,9.958319e-06,8.285561e-06,2997911.408,3.459715e-03,3.307655e+01,1.057802e-05,9.255940e-06,3003172.273,6.250000e-05,5.73,20121.69
4371,3.443084e-03,3.298999e+01,1.033841e-05,8.140328e-06,2998159.021,3.512113e-03,3.268045e+01,7.635078e-06,3.354337e-05,2984845.852,6.250000e-05,5.58,20127.27
4372,3.438993e-03,3.298580e+01,1.064840e-05,6.785780e-06,2997826.502,3.429691e-03,3.299717e+01,1.087195e-05,4.251040e-06,2996584.438,6.250000e-05,5.28,20132.55
4373,3.457090e-03,3.300384e+01,1.080218e-05,9.736684e-06,2997879.631,3.420812e-03,3.282185e+01,7.956352e-06,1.181270e-05,2992554.289,6.250000e-05,5.54,20138.08
4374,3.444888e-03,3.299694e+01,1.055461e-05,7.929511e-06,2998166.055,3.719250e-03,3.278466e+01,2.666636e-05,3.482409e-05,2983870.695,6.250000e-05,5.58,20143.67
4375,3.473278e-03,3.301409e+01,1.145095e-05,1.147186e-05,2997849.334,3.529116e-03,3.321891e+01,1.633515e-05,8.774581e-06,3005911.734,6.250000e-05,5.21,20148.87
4376,3.455689e-03,3.300297e+01,1.168280e-05,7.712803e-06,2997831.652,3.479648e-03,3.314188e+01,1.364013e-05,5.811788e-06,3004794.977,6.250000e-05,5.60,20154.47
4377,3.466785e-03,3.300912e+01,1.132713e-05,1.052023e-05,2997960.721,3.407179e-03,3.303699e+01,7.679374e-06,5.337254e-06,3002735.156,6.250000e-05,5.63,20160.10
4378,3.477535e-03,3.301336e+01,1.243420e-05,1.037144e-05,2998130.566,3.468000e-03,3.281415e+01,1.169810e-05,1.392098e-05,2991641.070,6.250000e-05,5.54,20165.64
4379,3.450197e-03,3.298874e+01,1.029692e-05,9.670814e-06,2997741.051,3.696480e-03,3.340353e+01,2.703519e-05,1.715516e-05,3010195.695,6.250000e-05,5.48,20171.13
4380,3.484245e-03,3.300404e+01,1.218122e-05,1.240573e-05,2998108.266,3.445497e-03,3.291577e+01,8.983688e-06,1.281671e-05,2992660.617,6.250000e-05,5.84,20176.96
4381,3.454221e-03,3.299047e+01,1.149706e-05,8.040699e-06,2997855.578,3.488332e-03,3.281760e+01,9.281702e-06,2.275097e-05,2990579.672,6.250000e-05,5.35,20182.32
4382,3.467454e-03,3.302111e+01,1.118916e-05,1.069022e-05,2997971.803,3.432700e-03,3.284363e+01,9.868876e-06,9.929641e-06,2993646.492,6.250000e-05,5.42,20187.74
4383,3.462671e-03,3.301057e+01,1.179912e-05,8.724620e-06,2997892.592,3.421106e-03,3.315835e+01,7.563233e-06,5.927768e-06,3005125.117,6.250000e-05,5.02,20192.76
4384,3.452792e-03,3.300900e+01,1.122854e-05,7.921240e-06,2998049.047,3.460194e-03,3.280657e+01,1.060312e-05,1.470121e-05,2991794.648,6.250000e-05,5.68,20198.43
4385,3.477247e-03,3.299253e+01,1.234803e-05,1.090296e-05,2997848.912,3.524475e-03,3.303935e+01,1.827539e-05,7.557227e-06,2997502.461,6.250000e-05,5.65,20204.09
4386,3.455843e-03,3.298618e+01,1.069057e-05,1.006375e-05,2997898.574,3.627791e-03,3.323189e+01,2.677345e-05,7.373654e-06,2999986.820,6.250000e-05,5.75,20209.84
4387,3.477464e-03,3.300807e+01,1.329789e-05,8.735684e-06,2998024.969,3.407893e-03,3.306200e+01,8.581706e-06,3.175184e-06,2999732.438,6.250000e-05,5.77,20215.61
4388,3.443017e-03,3.299935e+01,9.683926e-06,9.248610e-06,2997940.152,3.449041e-03,3.280445e+01,9.870215e-06,1.397877e-05,2991272.633,6.250000e-05,5.35,20220.96
4389,3.470747e-03,3.300358e+01,1.145181e-05,1.117411e-05,2998004.641,3.522674e-03,3.284500e+01,1.523159e-05,1.717159e-05,2990134.297,6.250000e-05,5.64,20226.60
4390,3.446623e-03,3.300097e+01,1.008082e-05,9.143607e-06,2997994.494,3.452235e-03,3.310031e+01,1.065277e-05,7.135284e-06,3002511.875,6.250000e-05,5.53,20232.13
4391,3.468369e-03,3.300939e+01,1.136037e-05,1.076509e-05,2997895.672,3.485758e-03,3.285368e+01,1.237348e-05,1.533104e-05,2989694.391,6.250000e-05,5.56,20237.69
4392,3.479869e-03,3.300482e+01,1.245625e-05,1.096482e-05,2998003.879,3.771045e-03,3.305174e+01,3.539022e-05,2.239386e-05,2996422.320,6.250000e-05,5.69,20243.38
4393,3.469098e-03,3.299209e+01,1.101153e-05,1.195482e-05,2997819.590,3.469196e-03,3.323812e+01,8.662642e-06,1.175160e-05,3008017.883,6.250000e-05,5.35,20248.74
4394,3.440446e-03,3.299482e+01,9.896570e-06,8.399620e-06,2998019.467,3.404373e-03,3.296618e+01,7.717206e-06,6.116555e-06,2998941.703,6.250000e-05,5.29,20254.03
4395,3.448519e-03,3.299078e+01,1.018134e-05,9.525482e-06,2997966.637,3.412535e-03,3.293098e+01,7.726858e-06,8.433675e-06,2994392.977,6.250000e-05,6.03,20260.05
4396,3.463268e-03,3.300029e+01,1.063776e-05,1.137237e-05,2997883.631,3.426429e-03,3.311080e+01,8.678973e-06,5.711854e-06,3004475.570,6.250000e-05,5.58,20265.64
4397,3.475960e-03,3.300241e+01,1.090752e-05,1.332879e-05,2997983.205,3.419117e-03,3.306394e+01,9.019076e-06,4.506444e-06,3001274.180,6.250000e-05,6.04,20271.67
4398,3.437463e-03,3.298967e+01,1.045995e-05,6.779321e-06,2997829.625,3.714450e-03,3.326578e+01,2.474661e-05,2.808112e-05,3011656.164,6.250000e-05,5.55,20277.22
4399,3.468123e-03,3.300692e+01,1.122164e-05,1.104294e-05,2998078.768,3.405408e-03,3.305288e+01,7.468461e-06,5.087055e-06,3001652.578,6.250000e-05,5.52,20282.74
4400,3.454365e-03,3.299492e+01,1.088794e-05,9.198736e-06,2997998.031,3.435236e-03,3.284170e+01,8.438008e-06,1.333708e-05,2992552.742,6.250000e-05,5.88,20288.62
4401,3.438721e-03,3.299004e+01,1.018633e-05,7.570826e-06,2997896.469,3.493837e-03,3.305521e+01,1.486771e-05,7.927743e-06,3001526.555,6.250000e-05,5.27,20293.90
4402,3.448714e-03,3.298902e+01,1.086929e-05,8.223859e-06,2998015.359,3.461505e-03,3.305934e+01,1.088061e-05,9.353167e-06,3000517.391,6.250000e-05,5.87,20299.77
4403,3.451005e-03,3.299631e+01,1.070021e-05,8.874471e-06,2997893.064,3.420587e-03,3.301602e+01,8.919057e-06,5.958917e-06,3000442.602,6.250000e-05,5.98,20305.75
4404,3.457677e-03,3.299221e+01,1.010833e-05,1.147449e-05,2998003.186,3.441821e-03,3.302178e+01,1.132775e-05,5.273078e-06,2998733.180,6.250000e-05,5.71,20311.47
4405,3.445626e-03,3.299940e+01,1.096576e-05,7.205724e-06,2997947.059,3.413766e-03,3.291929e+01,8.397517e-06,7.572444e-06,2995945.469,6.250000e-05,5.67,20317.14
4406,3.474383e-03,3.301225e+01,1.232017e-05,9.991277e-06,2997981.809,3.441104e-03,3.316412e+01,8.349421e-06,8.239613e-06,3006510.219,6.250000e-05,5.98,20323.12
4407,3.457828e-03,3.299259e+01,1.171487e-05,8.284062e-06,2997817.289,3.413111e-03,3.301260e+01,9.485298e-06,3.399582e-06,2998460.031,6.250000e-05,6.04,20329.15
4408,3.462664e-03,3.299572e+01,1.115791e-05,1.030245e-05,2997973.664,3.409932e-03,3.293625e+01,7.404014e-06,8.453546e-06,2995633.383,6.250000e-05,5.65,20334.81
4409,3.476514e-03,3.298298e+01,1.186125e-05,1.192065e-05,2998052.383,3.470308e-03,3.301660e+01,1.412775e-05,5.474132e-06,2997918.734,6.250000e-05,6.23,20341.04
4410,3.452920e-03,3.299878e+01,1.023609e-05,1.013644e-05,2997905.504,3.399423e-03,3.295662e+01,7.192131e-06,6.368130e-06,2998851.406,6.250000e-05,5.61,20346.64
4411,3.468071e-03,3.298931e+01,1.183990e-05,1.014822e-05,2997849.270,3.455243e-03,3.279207e+01,7.099915e-06,2.100744e-05,2987637.594,6.250000e-05,5.80,20352.44
4412,3.466126e-03,3.300574e+01,1.129891e-05,1.051263e-05,2997962.043,3.390400e-03,3.294559e+01,7.083477e-06,5.001317e-06,2997736.047,6.250000e-05,5.49,20357.92
4413,3.468308e-03,3.299702e+01,1.190036e-05,9.920675e-06,2997876.590,3.475806e-03,3.318016e+01,1.043983e-05,1.067822e-05,3006126.961,6.250000e-05,6.03,20363.96
4414,3.451902e-03,3.300015e+01,1.010678e-05,1.016371e-05,2998043.771,3.505828e-03,3.323618e+01,8.869732e-06,1.870244e-05,3006434.875,6.250000e-05,5.57,20369.53
4415,3.468628e-03,3.302149e+01,1.128532e-05,1.072523e-05,2998043.799,3.519144e-03,3.277565e+01,1.065120e-05,2.701348e-05,2987128.281,6.250000e-05,5.91,20375.45
4416,3.463667e-03,3.300174e+01,1.063489e-05,1.142889e-05,2997890.150,3.525500e-03,3.300005e+01,1.884653e-05,7.405933e-06,2998515.719,6.250000e-05,5.59,20381.04
4417,3.464442e-03,3.300402e+01,1.158459e-05,9.638831e-06,2997968.467,3.406790e-03,3.294267e+01,8.138452e-06,6.227618e-06,2997072.359,6.250000e-05,5.65,20386.69
4418,3.439708e-03,3.298918e+01,1.023968e-05,7.678511e-06,2997950.076,3.473386e-03,3.312851e+01,1.300429e-05,6.098436e-06,3000431.906,6.250000e-05,6.25,20392.94
4419,3.447542e-03,3.298342e+01,1.068266e-05,8.474536e-06,2998070.164,3.610303e-03,3.304931e+01,2.604659e-05,8.981136e-06,2997281.961,6.250000e-05,5.27,20398.21
4420,3.480972e-03,3.300707e+01,1.224645e-05,1.156027e-05,2997792.811,3.416384e-03,3.287071e+01,7.405787e-06,1.105102e-05,2993073.008,6.250000e-05,5.73,20403.94
4421,3.470252e-03,3.301846e+01,1.212328e-05,9.434631e-06,2998055.408,3.521960e-03,3.308165e+01,1.543139e-05,1.189626e-05,3001582.523,6.250000e-05,5.64,20409.58
4422,3.464719e-03,3.300607e+01,1.216127e-05,8.499837e-06,2997949.041,3.552302e-03,3.304837e+01,1.902352e-05,1.144616e-05,2999373.914,6.250000e-05,5.26,20414.84
4423,3.466407e-03,3.299883e+01,1.177198e-05,9.760881e-06,2997972.455,3.689612e-03,3.303155e+01,3.209633e-05,1.309883e-05,2998768.742,6.250000e-05,5.42,20420.25
4424,3.476050e-03,3.300429e+01,1.221582e-05,1.069258e-05,2998010.613,3.524938e-03,3.266023e+01,8.651647e-06,3.447962e-05,2984257.266,6.250000e-05,5.77,20426.03
4425,3.449092e-03,3.299463e+01,1.088786e-05,8.150095e-06,2998007.076,3.517282e-03,3.268411e+01,1.005289e-05,2.966862e-05,2985555.242,6.250000e-05,5.64,20431.67
4426,3.444374e-03,3.297843e+01,9.907690e-06,9.490926e-06,2997867.279,3.428994e-03,3.286634e+01,8.759040e-06,1.095395e-05,2992265.781,6.250000e-05,5.43,20437.10
4427,3.461717e-03,3.299391e+01,1.177657e-05,8.912228e-06,2997951.113,3.557191e-03,3.318694e+01,2.057851e-05,6.542460e-06,3001584.672,6.250000e-05,5.55,20442.65
4428,3.475685e-03,3.300755e+01,1.263530e-05,9.715419e-06,2997847.900,3.453311e-03,3.315837e+01,8.360775e-06,1.077336e-05,3006710.148,6.250000e-05,5.74,20448.38
4429,3.452221e-03,3.299158e+01,1.088466e-05,8.843313e-06,2998004.512,3.434273e-03,3.306403e+01,1.054722e-05,4.479637e-06,2999915.461,6.250000e-05,5.82,20454.20
4430,3.432159e-03,3.298687e+01,9.576135e-06,7.541997e-06,2998020.119,3.398421e-03,3.291889e+01,7.254324e-06,6.797785e-06,2994846.047,6.250000e-05,5.52,20459.72
4431,3.439302e-03,3.298396e+01,9.830814e-06,8.519614e-06,2997883.445,3.497435e-03,3.299472e+01,1.199314e-05,1.560639e-05,3000535.125,6.250000e-05,6.01,20465.73
4432,3.454465e-03,3.300017e+01,1.063303e-05,9.623386e-06,2998133.904,3.442229e-03,3.290089e+01,9.465801e-06,1.149639e-05,2993855.758,6.250000e-05,5.77,20471.50
4433,3.450431e-03,3.299160e+01,1.060514e-05,9.043933e-06,2997932.408,3.398403e-03,3.302976e+01,6.803145e-06,5.479140e-06,3002209.195,6.250000e-05,5.43,20476.93
4434,3.429164e-03,3.298364e+01,9.116347e-06,7.927367e-06,2998088.586,3.576490e-03,3.279197e+01,1.908856e-05,2.128148e-05,2987542.586,6.250000e-05,4.98,20481.90
4435,3.463910e-03,3.298303e+01,1.110242e-05,1.091658e-05,2997706.736,3.555242e-03,3.322433e+01,1.582934e-05,1.490303e-05,3008111.672,6.250000e-05,5.61,20487.52
4436,3.476396e-03,3.300636e+01,1.158150e-05,1.198906e-05,2997824.805,3.617457e-03,3.330844e+01,1.260898e-05,3.210476e-05,3013486.344,6.250000e-05,5.32,20492.84
4437,3.474819e-03,3.300888e+01,1.165018e-05,1.148576e-05,2998185.752,3.470371e-03,3.318519e+01,9.055041e-06,1.226041e-05,3006673.055,6.250000e-05,5.39,20498.22
4438,3.447460e-03,3.300039e+01,9.937319e-06,9.609608e-06,2997808.264,3.581395e-03,3.326719e+01,1.343193e-05,2.407124e-05,3012180.344,6.250000e-05,5.64,20503.87
4439,3.437723e-03,3.298538e+01,9.532501e-06,8.772034e-06,2998038.953,3.415342e-03,3.311573e+01,7.060438e-06,6.632958e-06,3005344.188,6.250000e-05,5.62,20509.48
4440,3.447821e-03,3.299455e+01,1.052195e-05,8.629320e-06,2997952.797,3.521674e-03,3.322833e+01,1.239697e-05,1.497419e-05,3009730.703,6.250000e-05,5.85,20515.34
4441,3.471797e-03,3.299125e+01,1.132687e-05,1.188065e-05,2998014.613,3.606997e-03,3.285050e+01,2.349010e-05,1.740931e-05,2990822.672,6.250000e-05,5.64,20520.98
4442,3.442477e-03,3.297841e+01,1.018861e-05,8.549900e-06,2997909.414,3.411895e-03,3.300419e+01,8.497963e-06,5.299291e-06,2999958.773,6.250000e-05,5.85,20526.82
4443,3.474039e-03,3.300607e+01,1.247944e-05,9.727487e-06,2997987.590,3.488591e-03,3.293479e+01,1.498957e-05,9.043163e-06,2995453.070,6.250000e-05,5.76,20532.58
4444,3.453815e-03,3.297359e+01,1.101415e-05,9.262932e-06,2997907.508,3.457724e-03,3.316167e+01,9.182303e-06,9.946883e-06,3006925.984,6.250000e-05,5.65,20538.23
4445,3.451634e-03,3.298499e+01,1.090390e-05,8.819158e-06,2997908.609,3.428903e-03,3.311478e+01,7.398080e-06,8.689020e-06,3003566.484,6.250000e-05,5.61,20543.83
4446,3.451344e-03,3.299699e+01,1.073940e-05,8.850185e-06,2997995.930,3.462796e-03,3.289419e+01,1.290303e-05,8.869401e-06,2992982.000,6.250000e-05,5.26,20549.10
4447,3.458511e-03,3.299156e+01,1.039039e-05,1.109017e-05,2998086.730,3.621471e-03,3.256796e+01,9.986014e-06,5.296298e-05,2979587.680,6.250000e-05,5.26,20554.36
4448,3.456971e-03,3.299886e+01,1.075466e-05,9.907805e-06,2997849.859,3.445926e-03,3.278979e+01,9.400408e-06,1.458856e-05,2991670.977,6.250000e-05,5.15,20559.51
4449,3.443514e-03,3.298542e+01,1.087614e-05,7.241991e-06,2998032.320,3.508375e-03,3.275030e+01,9.272515e-06,2.812388e-05,2986327.359,6.250000e-05,5.80,20565.32
4450,3.476699e-03,3.299209e+01,1.173597e-05,1.202621e-05,2998034.186,3.622666e-03,3.261537e+01,1.129588e-05,4.963402e-05,2979644.820,6.250000e-05,5.96,20571.28
4451,3.457217e-03,3.299294e+01,1.114678e-05,9.291125e-06,2997804.996,3.422309e-03,3.291888e+01,8.930492e-06,8.223256e-06,2996111.695,6.250000e-05,5.27,20576.54
4452,3.464394e-03,3.300056e+01,1.127823e-05,1.031121e-05,2997930.029,3.448766e-03,3.290022e+01,1.116234e-05,9.424207e-06,2994793.023,6.250000e-05,5.11,20581.65
4453,3.452229e-03,3.298895e+01,1.095833e-05,8.750177e-06,2997971.848,3.442384e-03,3.315424e+01,7.305135e-06,1.078171e-05,3006339.539,6.250000e-05,5.82,20587.47
4454,3.470656e-03,3.298225e+01,1.172029e-05,1.104575e-05,2997987.949,3.433644e-03,3.304893e+01,9.377070e-06,6.996072e-06,3001520.969,6.250000e-05,5.59,20593.06
4455,3.461319e-03,3.299074e+01,1.186903e-05,8.710843e-06,2997811.691,3.508912e-03,3.331722e+01,1.014527e-05,1.514760e-05,3009467.305,6.250000e-05,6.15,20599.21
4456,3.465635e-03,3.300034e+01,1.094102e-05,1.123820e-05,2998073.699,3.409584e-03,3.290092e+01,7.760003e-06,8.378541e-06,2994800.398,6.250000e-05,5.43,20604.64
4457,3.456615e-03,3.299470e+01,1.117378e-05,9.081497e-06,2997849.947,3.540412e-03,3.297854e+01,2.094215e-05,6.627277e-06,2997470.258,6.250000e-05,5.32,20609.95
4458,3.450990e-03,3.300292e+01,1.075539e-05,8.628683e-06,2997871.625,3.525730e-03,3.305587e+01,1.850600e-05,7.016624e-06,2998757.078,6.250000e-05,6.19,20616.15
4459,3.450426e-03,3.299052e+01,1.053799e-05,9.198890e-06,2998086.234,3.427250e-03,3.285539e+01,8.497823e-06,1.134656e-05,2994015.508,6.250000e-05,5.81,20621.96
4460,3.442741e-03,3.297804e+01,9.308825e-06,1.036973e-05,2997969.682,3.412827e-03,3.282442e+01,6.675224e-06,1.272651e-05,2990783.719,6.250000e-05,6.09,20628.05
4461,3.486284e-03,3.300448e+01,1.186538e-05,1.343631e-05,2997928.760,3.470960e-03,3.287867e+01,1.225624e-05,1.210611e-05,2992995.016,6.250000e-05,6.10,20634.15
4462,3.470059e-03,3.300697e+01,1.162924e-05,1.061392e-05,2997913.434,3.407264e-03,3.302039e+01,8.218238e-06,4.608519e-06,3001894.344,6.250000e-05,5.58,20639.73
4463,3.463730e-03,3.299638e+01,1.174661e-05,9.325238e-06,2998071.369,3.540223e-03,3.288478e+01,1.922775e-05,1.189370e-05,2993558.602,6.250000e-05,4.98,20644.71
4464,3.460352e-03,3.299863e+01,1.129771e-05,9.502282e-06,2997929.572,3.520926e-03,3.292563e+01,1.711244e-05,1.144778e-05,2993692.250,6.250000e-05,6.05,20650.76
4465,3.470372e-03,3.299229e+01,1.087440e-05,1.247975e-05,2998069.773,3.563414e-03,3.267350e+01,1.290203e-05,3.340863e-05,2986255.727,6.250000e-05,5.82,20656.59
4466,3.448779e-03,3.297471e+01,1.030328e-05,9.654981e-06,2997854.699,3.457687e-03,3.278622e+01,1.054492e-05,1.472323e-05,2990062.617,6.250000e-05,5.34,20661.93
4467,3.463791e-03,3.300152e+01,1.140417e-05,9.919442e-06,2998007.648,3.417434e-03,3.281184e+01,6.794793e-06,1.366032e-05,2992538.273,6.250000e-05,5.97,20667.89
4468,3.445777e-03,3.298539e+01,1.060470e-05,8.238266e-06,2997977.785,3.417945e-03,3.285854e+01,7.810258e-06,1.079773e-05,2992368.977,6.250000e-05,5.61,20673.51
4469,3.461167e-03,3.299185e+01,1.104278e-05,1.031079e-05,2997848.973,3.599476e-03,3.321542e+01,2.274482e-05,1.009707e-05,3005075.883,6.250000e-05,6.07,20679.58
4470,3.473869e-03,3.299973e+01,1.227432e-05,1.023061e-05,2997934.527,3.459006e-03,3.304253e+01,1.054907e-05,9.852424e-06,3002868.109,6.250000e-05,5.81,20685.39
4471,3.467983e-03,3.299582e+01,1.183835e-05,1.000362e-05,2997953.615,3.440440e-03,3.281201e+01,8.601772e-06,1.464422e-05,2990008.039,6.250000e-05,5.32,20690.71
4472,3.451320e-03,3.298441e+01,1.007451e-05,1.042678e-05,2997921.539,3.488411e-03,3.288627e+01,1.534563e-05,9.265464e-06,2994316.734,6.250000e-05,6.04,20696.76
4473,3.474556e-03,3.300510e+01,1.247086e-05,9.867493e-06,2998011.604,3.436403e-03,3.290464e+01,9.643041e-06,9.901760e-06,2995182.648,6.250000e-05,5.62,20702.38
4474,3.473907e-03,3.299745e+01,1.245090e-05,9.930524e-06,2997911.809,3.408853e-03,3.290132e+01,7.532353e-06,8.679579e-06,2994811.055,6.250000e-05,5.75,20708.13
4475,3.460882e-03,3.300494e+01,1.106759e-05,9.942453e-06,2997935.363,3.488835e-03,3.322957e+01,9.955904e-06,1.326369e-05,3008233.883,6.250000e-05,5.65,20713.78
4476,3.445940e-03,3.298282e+01,1.069980e-05,8.132042e-06,2997987.947,3.413092e-03,3.293596e+01,9.039698e-06,5.819777e-06,2996857.719,6.250000e-05,5.63,20719.41
4477,3.477673e-03,3.299816e+01,1.284684e-05,9.877843e-06,2997863.834,3.440922e-03,3.319282e+01,7.709295e-06,8.909497e-06,3005701.133,6.250000e-05,5.47,20724.88
4478,3.450333e-03,3.298552e+01,9.717273e-06,1.092158e-05,2998107.781,3.466669e-03,3.286849e+01,1.354850e-05,8.866980e-06,2994249.688,6.250000e-05,5.62,20730.50
4479,3.455091e-03,3.296955e+01,1.142237e-05,8.782562e-06,2997969.391,3.410476e-03,3.294785e+01,8.120942e-06,6.896377e-06,2995075.352,6.250000e-05,5.78,20736.29
4480,3.443435e-03,3.299765e+01,1.092715e-05,6.879709e-06,2997857.645,3.472159e-03,3.306627e+01,1.349396e-05,6.118447e-06,3000514.891,6.250000e-05,5.83,20742.12
4481,3.461037e-03,3.298616e+01,1.096010e-05,1.056411e-05,2997912.818,3.461398e-03,3.301333e+01,1.392080e-05,4.171395e-06,2999968.734,6.250000e-05,5.66,20747.77
4482,3.440135e-03,3.297159e+01,1.002600e-05,8.543172e-06,2997979.762,3.530312e-03,3.322149e+01,1.365361e-05,1.432535e-05,3007891.961,6.250000e-05,6.09,20753.86
4483,3.471022e-03,3.301596e+01,1.214286e-05,9.599478e-06,2997953.555,3.412596e-03,3.289441e+01,8.119024e-06,8.392955e-06,2994583.672,6.250000e-05,5.54,20759.41
4484,3.459617e-03,3.298841e+01,1.173024e-05,8.694815e-06,2998019.248,3.442531e-03,3.280336e+01,7.841937e-06,1.675501e-05,2990776.367,6.250000e-05,5.72,20765.13
4485,3.465711e-03,3.300072e+01,1.217715e-05,8.773404e-06,2998008.383,3.431532e-03,3.276570e+01,6.794638e-06,1.740308e-05,2993142.008,6.250000e-05,5.21,20770.35
4486,3.471794e-03,3.298316e+01,1.018606e-05,1.432343e-05,2997853.688,3.398946e-03,3.286036e+01,6.715928e-06,9.150174e-06,2994986.641,6.250000e-05,6.08,20776.43
4487,3.489855e-03,3.299342e+01,1.211288e-05,1.387692e-05,2998066.564,3.501287e-03,3.303265e+01,1.576965e-05,8.065152e-06,2997326.789,6.250000e-05,5.80,20782.23
4488,3.464375e-03,3.300907e+01,1.139998e-05,9.893592e-06,2997932.600,3.651225e-03,3.303312e+01,2.671739e-05,1.614794e-05,2996959.586,6.250000e-05,6.00,20788.23
4489,3.453863e-03,3.299910e+01,1.087482e-05,9.041058e-06,2997916.361,3.397633e-03,3.301126e+01,6.929035e-06,5.443415e-06,2999705.398,6.250000e-05,5.67,20793.89
4490,3.448282e-03,3.298462e+01,1.039531e-05,9.173451e-06,2998074.148,3.388653e-03,3.284077e+01,6.140710e-06,8.633836e-06,2993274.258,6.250000e-05,6.20,20800.10
4491,3.447488e-03,3.300268e+01,1.012922e-05,9.185720e-06,2997956.385,3.420484e-03,3.284660e+01,8.760490e-06,9.643991e-06,2993775.500,6.250000e-05,5.47,20805.57
4492,3.458864e-03,3.298551e+01,1.077354e-05,1.051572e-05,2997800.635,3.504177e-03,3.315134e+01,1.643168e-05,4.945218e-06,3000523.305,6.250000e-05,5.60,20811.17
4493,3.453172e-03,3.300175e+01,1.111265e-05,8.374147e-06,2998058.148,3.473782e-03,3.307650e+01,1.075881e-05,1.170891e-05,2999869.695,6.250000e-05,6.03,20817.19
4494,3.450599e-03,3.299136e+01,1.093880e-05,8.415063e-06,2997929.797,3.429367e-03,3.288128e+01,9.567118e-06,9.113583e-06,2995174.594,6.250000e-05,5.97,20823.16
4495,3.473016e-03,3.300449e+01,1.222875e-05,1.005594e-05,2997933.430,3.405804e-03,3.290446e+01,7.911934e-06,7.247767e-06,2995988.602,6.250000e-05,5.94,20829.10
4496,3.454569e-03,3.299174e+01,1.090800e-05,9.263080e-06,2997944.922,3.399473e-03,3.303690e+01,6.705186e-06,5.746225e-06,3002824.570,6.250000e-05,5.51,20834.61
4497,3.440432e-03,3.298477e+01,1.042083e-05,7.549414e-06,2998098.799,3.425036e-03,3.287311e+01,9.158310e-06,9.228245e-06,2992903.734,6.250000e-05,5.72,20840.33
4498,3.473749e-03,3.300304e+01,1.273116e-05,9.226653e-06,2997816.350,3.445534e-03,3.293040e+01,1.154335e-05,7.412050e-06,2997940.047,6.250000e-05,5.31,20845.65
4499,3.485897e-03,3.299153e+01,1.237153e-05,1.260572e-05,2998105.100,3.559537e-03,3.278264e+01,1.613280e-05,2.398911e-05,2987224.227,6.250000e-05,5.00,20850.65
4500,3.473369e-03,3.298845e+01,1.180090e-05,1.130296e-05,2997889.230,3.431771e-03,3.282501e+01,8.151065e-06,1.355190e-05,2991167.492,6.250000e-05,5.63,20856.28
4501,3.456877e-03,3.298027e+01,1.074511e-05,1.027992e-05,2997938.744,3.443254e-03,3.285456e+01,1.083351e-05,9.892582e-06,2992565.875,6.250000e-05,5.88,20862.16
4502,3.435250e-03,3.297860e+01,9.494316e-06,8.489407e-06,2997967.129,3.561601e-03,3.298081e+01,2.156075e-05,9.582689e-06,2996141.539,6.250000e-05,5.63,20867.79
4503,3.448512e-03,3.298665e+01,1.068213e-05,8.605171e-06,2997885.242,3.568835e-03,3.306629e+01,2.264438e-05,7.152303e-06,2999790.539,6.250000e-05,5.84,20873.63
4504,3.466852e-03,3.298170e+01,1.118291e-05,1.137076e-05,2997939.279,3.432944e-03,3.284721e+01,9.291377e-06,1.106179e-05,2993896.938,6.250000e-05,5.81,20879.44
4505,3.438434e-03,3.299400e+01,9.990965e-06,7.824882e-06,2998001.361,3.545151e-03,3.286853e+01,1.912754e-05,1.340463e-05,2993051.250,6.250000e-05,5.92,20885.36
4506,3.469174e-03,3.298606e+01,1.084805e-05,1.241762e-05,2998045.055,3.581435e-03,3.269895e+01,1.165151e-05,3.900503e-05,2983034.258,6.250000e-05,6.27,20891.62
4507,3.454815e-03,3.299347e+01,1.066830e-05,9.756885e-06,2997839.010,3.491380e-03,3.292390e+01,1.553363e-05,8.730627e-06,2996541.305,6.250000e-05,5.64,20897.26
4508,3.453342e-03,3.299503e+01,1.118739e-05,8.392895e-06,2997865.025,3.488750e-03,3.316840e+01,1.040200e-05,1.357805e-05,3006961.445,6.250000e-05,5.23,20902.49
4509,3.464292e-03,3.298233e+01,1.207705e-05,9.057553e-06,2998059.172,3.551223e-03,3.321127e+01,1.700745e-05,1.200424e-05,3007242.586,6.250000e-05,5.96,20908.45
4510,3.450985e-03,3.299504e+01,9.824357e-06,1.064756e-05,2997986.424,3.592508e-03,3.282567e+01,2.046106e-05,2.106598e-05,2988669.070,6.250000e-05,5.88,20914.33
4511,3.498055e-03,3.300693e+01,1.405274e-05,1.136701e-05,2997862.162,3.554696e-03,3.278551e+01,1.558704e-05,2.405494e-05,2987065.578,6.250000e-05,5.94,20920.27
4512,3.461563e-03,3.298587e+01,1.138030e-05,9.834781e-06,2997956.869,3.448368e-03,3.312907e+01,8.899847e-06,9.292466e-06,3005177.766,6.250000e-05,5.75,20926.02
4513,3.444465e-03,3.297952e+01,1.022493e-05,8.852711e-06,2997881.953,3.439365e-03,3.285018e+01,1.024817e-05,1.037310e-05,2992861.570,6.250000e-05,5.83,20931.85
4514,3.478932e-03,3.300307e+01,1.232372e-05,1.107743e-05,2997975.945,3.425819e-03,3.305875e+01,8.142566e-06,7.703612e-06,3003528.047,6.250000e-05,6.06,20937.91
4515,3.451149e-03,3.297764e+01,1.074103e-05,9.194935e-06,2997992.416,3.412324e-03,3.292833e+01,9.341418e-06,5.215351e-06,2997835.617,6.250000e-05,5.89,20943.80
4516,3.436731e-03,3.298752e+01,9.972534e-06,7.650792e-06,2997979.943,3.419688e-03,3.293088e+01,9.342925e-06,6.634149e-06,2994893.234,6.250000e-05,5.85,20949.65
4517,3.458517e-03,3.299260e+01,1.094035e-05,9.970710e-06,2997944.084,3.421467e-03,3.307327e+01,8.769106e-06,5.289992e-06,3001080.516,6.250000e-05,5.53,20955.18
4518,3.453045e-03,3.298422e+01,1.025278e-05,1.041908e-05,2997901.520,3.439365e-03,3.316119e+01,9.032739e-06,6.583683e-06,3004612.211,6.250000e-05,5.31,20960.48
4519,3.442819e-03,3.298604e+01,1.045183e-05,7.939453e-06,2998042.461,3.447482e-03,3.297446e+01,7.508618e-06,1.499009e-05,3002382.742,6.250000e-05,5.48,20965.96
4520,3.478089e-03,3.298706e+01,1.197020e-05,1.193621e-05,2997768.678,3.465331e-03,3.317318e+01,8.378983e-06,1.284465e-05,3007730.031,6.250000e-05,5.53,20971.49
4521,3.461309e-03,3.298924e+01,1.083544e-05,1.080627e-05,2998083.535,3.424957e-03,3.295187e+01,9.644047e-06,6.665972e-06,2996451.492,6.250000e-05,5.93,20977.43
4522,3.454547e-03,3.297245e+01,1.036982e-05,1.072078e-05,2997896.859,3.732381e-03,3.261185e+01,2.189799e-05,5.044317e-05,2980460.828,6.250000e-05,5.64,20983.06
4523,3.462377e-03,3.300211e+01,1.076341e-05,1.090646e-05,2997965.818,3.428714e-03,3.303702e+01,8.760393e-06,7.481643e-06,3001377.211,6.250000e-05,5.16,20988.22
4524,3.453920e-03,3.298872e+01,1.084782e-05,9.314056e-06,2997973.453,3.437719e-03,3.273076e+01,7.442436e-06,1.804370e-05,2989346.164,6.250000e-05,5.49,20993.71
4525,3.486829e-03,3.297255e+01,1.198702e-05,1.394091e-05,2997737.656,3.584444e-03,3.327258e+01,1.214383e-05,2.714969e-05,3013799.398,6.250000e-05,5.93,20999.64
4526,3.471888e-03,3.300011e+01,1.228322e-05,9.809055e-06,2998114.521,3.497775e-03,3.307860e+01,1.440790e-05,9.167105e-06,3001925.789,6.250000e-05,5.50,21005.15
4527,3.458529e-03,3.299153e+01,1.166243e-05,8.550225e-06,2998034.113,3.468031e-03,3.277561e+01,9.540098e-06,1.901386e-05,2989162.633,6.250000e-05,5.78,21010.92
4528,3.444666e-03,3.298284e+01,9.681439e-06,9.913602e-06,2997897.031,3.431160e-03,3.298583e+01,1.041586e-05,5.683785e-06,2997143.992,6.250000e-05,5.62,21016.54
4529,3.449244e-03,3.299034e+01,1.067806e-05,8.685933e-06,2997883.568,3.430004e-03,3.304100e+01,8.077375e-06,9.026177e-06,3002880.469,6.250000e-05,6.20,21022.74
4530,3.453183e-03,3.297997e+01,1.009452e-05,1.084802e-05,2998025.080,3.464771e-03,3.309286e+01,1.301029e-05,5.076489e-06,3002867.422,6.250000e-05,6.24,21028.98
4531,3.463895e-03,3.300452e+01,1.137632e-05,9.935910e-06,2997976.869,3.427859e-03,3.295369e+01,9.605907e-06,7.286021e-06,2999081.883,6.250000e-05,5.30,21034.29
4532,3.457674e-03,3.299310e+01,1.189094e-05,7.891042e-06,2997922.189,3.627918e-03,3.312990e+01,2.725227e-05,8.481020e-06,3002388.477,6.250000e-05,5.95,21040.24
4533,3.473739e-03,3.299662e+01,1.222022e-05,1.037503e-05,2997976.270,3.515853e-03,3.319312e+01,8.854385e-06,2.159949e-05,3010230.953,6.250000e-05,5.94,21046.19
4534,3.463543e-03,3.299112e+01,1.104249e-05,1.080138e-05,2997896.723,3.821101e-03,3.296479e+01,4.200635e-05,2.091162e-05,2992403.992,6.250000e-05,6.03,21052.22
4535,3.441270e-03,3.298130e+01,1.037187e-05,7.884244e-06,2998091.678,3.582501e-03,3.279973e+01,1.595611e-05,2.859337e-05,2986309.844,6.250000e-05,6.16,21058.37
4536,3.466109e-03,3.298253e+01,1.178474e-05,1.000173e-05,2997903.137,3.443258e-03,3.303808e+01,1.103703e-05,5.815938e-06,2998624.195,6.250000e-05,6.10,21064.47
4537,3.455674e-03,3.300069e+01,1.079277e-05,9.535458e-06,2997935.982,3.429659e-03,3.308168e+01,8.368866e-06,7.560394e-06,3004417.406,6.250000e-05,5.77,21070.24
4538,3.442836e-03,3.296652e+01,9.681957e-06,9.872989e-06,2997868.033,3.420546e-03,3.304709e+01,8.683290e-06,5.800910e-06,2999548.383,6.250000e-05,5.55,21075.79
4539,3.455432e-03,3.299681e+01,1.102605e-05,9.098115e-06,2997976.221,3.452333e-03,3.314860e+01,8.709191e-06,1.007621e-05,3006141.367,6.250000e-05,5.92,21081.71
4540,3.456962e-03,3.297343e+01,1.058829e-05,1.074736e-05,2997938.484,3.407179e-03,3.289810e+01,8.386615e-06,6.700589e-06,2995814.688,6.250000e-05,5.54,21087.25
4541,3.470107e-03,3.298620e+01,1.179249e-05,1.071249e-05,2998045.312,3.556962e-03,3.292347e+01,2.194287e-05,9.037426e-06,2993978.125,6.250000e-05,5.74,21092.99
4542,3.450679e-03,3.298932e+01,1.099910e-05,8.351300e-06,2997932.449,3.464514e-03,3.273846e+01,1.071202e-05,1.670952e-05,2990238.586,6.250000e-05,5.83,21098.82
4543,3.456850e-03,3.298446e+01,1.153190e-05,8.617086e-06,2997945.600,3.455795e-03,3.271509e+01,6.518014e-06,2.382119e-05,2987191.586,6.250000e-05,5.40,21104.22
4544,3.449281e-03,3.298751e+01,1.063558e-05,8.834931e-06,2997989.078,3.424677e-03,3.282557e+01,7.232196e-06,1.395979e-05,2990498.078,6.250000e-05,5.61,21109.83
4545,3.446467e-03,3.297106e+01,1.031134e-05,9.249654e-06,2997826.508,3.404285e-03,3.303963e+01,6.254813e-06,7.554924e-06,3002935.602,6.250000e-05,5.35,21115.18
4546,3.468355e-03,3.299542e+01,1.229855e-05,9.165557e-06,2998033.969,3.480960e-03,3.272686e+01,9.675400e-06,2.230398e-05,2987803.930,6.250000e-05,5.90,21121.08
4547,3.453365e-03,3.296426e+01,1.018777e-05,1.101220e-05,2997863.785,3.431852e-03,3.284582e+01,7.993302e-06,1.346734e-05,2990788.422,6.250000e-05,5.20,21126.27
4548,3.442846e-03,3.297469e+01,1.022376e-05,8.627793e-06,2998000.984,3.414115e-03,3.296631e+01,7.198794e-06,9.099158e-06,2995896.297,6.250000e-05,5.76,21132.03
4549,3.458457e-03,3.298252e+01,1.097264e-05,1.009572e-05,2997827.930,3.515900e-03,3.293345e+01,1.866961e-05,7.171856e-06,2997236.562,6.250000e-05,5.55,21137.59
4550,3.460756e-03,3.298962e+01,1.065195e-05,1.105504e-05,2998000.332,3.437893e-03,3.283357e+01,1.013343e-05,1.064022e-05,2992574.312,6.250000e-05,5.81,21143.40
4551,3.440753e-03,3.297656e+01,9.408924e-06,9.801497e-06,2998028.230,3.415653e-03,3.296875e+01,9.686511e-06,4.382616e-06,2998839.070,6.250000e-05,5.81,21149.21
4552,3.459914e-03,3.297841e+01,1.159372e-05,9.227155e-06,2998017.154,3.475070e-03,3.283377e+01,1.141506e-05,1.550851e-05,2991389.484,6.250000e-05,5.94,21155.15
4553,3.453667e-03,3.297871e+01,1.085070e-05,9.457705e-06,2997901.654,3.490777e-03,3.317649e+01,8.336940e-06,1.795177e-05,3007142.406,6.250000e-05,6.01,21161.15
4554,3.485232e-03,3.300949e+01,1.214774e-05,1.256124e-05,2998020.592,3.562248e-03,3.302657e+01,2.074641e-05,1.042543e-05,2995831.852,6.250000e-05,5.41,21166.56
4555,3.463884e-03,3.298111e+01,1.141131e-05,1.033199e-05,2997878.861,3.415072e-03,3.301485e+01,7.724717e-06,7.268110e-06,3000693.609,6.250000e-05,5.75,21172.31
4556,3.446836e-03,3.297624e+01,1.073968e-05,8.363075e-06,2997948.318,3.404239e-03,3.294647e+01,7.658948e-06,6.600643e-06,2997649.383,6.250000e-05,5.45,21177.76
4557,3.438008e-03,3.297787e+01,1.034433e-05,7.355587e-06,2997924.324,3.404414e-03,3.303524e+01,6.656855e-06,6.864327e-06,3002792.992,6.250000e-05,6.58,21184.34
4558,3.464669e-03,3.298322e+01,1.031581e-05,1.263782e-05,2997825.988,3.510528e-03,3.320800e+01,1.101471e-05,1.591634e-05,3007940.797,6.250000e-05,5.62,21189.96
4559,3.449531e-03,3.298463e+01,1.089503e-05,8.423517e-06,2998109.986,3.425963e-03,3.281335e+01,8.362326e-06,1.220103e-05,2991853.688,6.250000e-05,5.73,21195.69
4560,3.451522e-03,3.297478e+01,1.134052e-05,8.127703e-06,2998025.561,3.580676e-03,3.258108e+01,7.981395e-06,4.855084e-05,2980334.914,6.250000e-05,6.13,21201.82
4561,3.438228e-03,3.296347e+01,9.644623e-06,9.086871e-06,2997745.434,3.633295e-03,3.333917e+01,1.019670e-05,3.948233e-05,3016933.469,6.250000e-05,6.13,21207.96
4562,3.454813e-03,3.298631e+01,1.013211e-05,1.097229e-05,2998057.232,3.478341e-03,3.300345e+01,1.172107e-05,1.215711e-05,2999962.289,6.250000e-05,5.86,21213.82
4563,3.449851e-03,3.297397e+01,1.113011e-05,8.230644e-06,2997942.699,3.384266e-03,3.287773e+01,6.453146e-06,6.392302e-06,2996669.641,6.250000e-05,5.22,21219.04
4564,3.435848e-03,3.296616e+01,9.373106e-06,9.100120e-06,2997937.516,3.530068e-03,3.307435e+01,1.545742e-05,1.361172e-05,3003227.398,6.250000e-05,6.02,21225.05
4565,3.456099e-03,3.298503e+01,1.017308e-05,1.117310e-05,2998026.871,3.431708e-03,3.296253e+01,8.268902e-06,1.055307e-05,3001914.852,6.250000e-05,6.22,21231.28
4566,3.444703e-03,3.296343e+01,1.045244e-05,8.767147e-06,2997980.783,3.491888e-03,3.278128e+01,1.022904e-05,2.229390e-05,2988333.578,6.250000e-05,5.47,21236.75
4567,3.485718e-03,3.298359e+01,1.172810e-05,1.401563e-05,2997883.311,3.486688e-03,3.277798e+01,1.040014e-05,2.097769e-05,2988256.172,6.250000e-05,5.90,21242.64
4568,3.440353e-03,3.297536e+01,9.583807e-06,9.395801e-06,2997992.234,3.423562e-03,3.299936e+01,8.844872e-06,7.035566e-06,3001503.328,6.250000e-05,5.96,21248.60
4569,3.455990e-03,3.299306e+01,1.078532e-05,9.766181e-06,2997956.506,3.477937e-03,3.286717e+01,1.291093e-05,1.242203e-05,2994175.555,6.250000e-05,6.02,21254.62
4570,3.447447e-03,3.298193e+01,1.070745e-05,8.435972e-06,2998007.312,3.448810e-03,3.294585e+01,9.329028e-06,1.218691e-05,2998295.914,6.250000e-05,5.46,21260.08
4571,3.453991e-03,3.297136e+01,1.070517e-05,9.960748e-06,2997916.371,3.435135e-03,3.295497e+01,1.057531e-05,6.777143e-06,2995843.258,6.250000e-05,6.09,21266.18
4572,3.452617e-03,3.298491e+01,1.065929e-05,9.506562e-06,2998096.062,3.555543e-03,3.262949e+01,1.246330e-05,3.359233e-05,2984480.461,6.250000e-05,5.36,21271.53
4573,3.472122e-03,3.297545e+01,1.005890e-05,1.479760e-05,2997870.389,3.403203e-03,3.285809e+01,7.998508e-06,7.481699e-06,2995506.453,6.250000e-05,5.42,21276.96
4574,3.444899e-03,3.298081e+01,1.013204e-05,9.099492e-06,2998002.227,3.458670e-03,3.288100e+01,1.214637e-05,9.821231e-06,2994111.180,6.250000e-05,5.66,21282.62
4575,3.450994e-03,3.297958e+01,1.081944e-05,8.968346e-06,2997935.223,3.432492e-03,3.296048e+01,8.228071e-06,1.083268e-05,2999188.203,6.250000e-05,5.77,21288.39
4576,3.450986e-03,3.297603e+01,1.003979e-05,1.059692e-05,2997952.561,3.417398e-03,3.286353e+01,7.872441e-06,1.046426e-05,2996541.812,6.250000e-05,5.66,21294.05
4577,3.470772e-03,3.298170e+01,1.104588e-05,1.242857e-05,2998005.197,3.547648e-03,3.262127e+01,9.524579e-06,3.805516e-05,2983765.438,6.250000e-05,5.68,21299.73
4578,3.434086e-03,3.297248e+01,9.549028e-06,8.269588e-06,2997923.482,3.434141e-03,3.278639e+01,8.008407e-06,1.508364e-05,2989764.977,6.250000e-05,5.94,21305.67
4579,3.438495e-03,3.297780e+01,1.019360e-05,7.755735e-06,2997959.965,3.541566e-03,3.267994e+01,1.178940e-05,3.113562e-05,2988212.836,6.250000e-05,5.77,21311.43
4580,3.443485e-03,3.296820e+01,9.836479e-06,9.660056e-06,2997855.207,3.491362e-03,3.319423e+01,8.153796e-06,1.808014e-05,3010739.055,6.250000e-05,5.56,21316.99
4581,3.452872e-03,3.297436e+01,1.145904e-05,8.169065e-06,2998041.955,3.455366e-03,3.282174e+01,1.048802e-05,1.366239e-05,2990668.703,6.250000e-05,5.98,21322.97
4582,3.464597e-03,3.298474e+01,1.253751e-05,8.149585e-06,2997863.916,3.394154e-03,3.298444e+01,6.554613e-06,6.032782e-06,3001412.141,6.250000e-05,5.59,21328.56
4583,3.474733e-03,3.300051e+01,1.208017e-05,1.077613e-05,2997973.451,3.398619e-03,3.307262e+01,7.402381e-06,3.466645e-06,3002138.945,6.250000e-05,5.69,21334.26
4584,3.453009e-03,3.297922e+01,1.124442e-05,8.528510e-06,2997919.666,3.513373e-03,3.324722e+01,1.199128e-05,1.374767e-05,3009633.141,6.250000e-05,5.60,21339.86
4585,3.460661e-03,3.297548e+01,1.103891e-05,1.054492e-05,2998042.211,3.460870e-03,3.273628e+01,8.587105e-06,2.027435e-05,2989024.898,6.250000e-05,5.56,21345.42
4586,3.444929e-03,3.298005e+01,1.119483e-05,6.995155e-06,2997996.918,3.477224e-03,3.309246e+01,1.293031e-05,7.734995e-06,3005177.422,6.250000e-05,6.23,21351.65
4587,3.444966e-03,3.296955e+01,1.085116e-05,7.900009e-06,2997880.604,3.442402e-03,3.285572e+01,1.019090e-05,1.098420e-05,2993207.234,6.250000e-05,5.30,21356.95
4588,3.457760e-03,3.298133e+01,1.132766e-05,9.270086e-06,2997968.525,3.455844e-03,3.286569e+01,1.235443e-05,9.146123e-06,2994320.039,6.250000e-05,5.73,21362.68
4589,3.440385e-03,3.296129e+01,9.492123e-06,9.866822e-06,2997844.881,3.691953e-03,3.284239e+01,2.589881e-05,2.974516e-05,2985845.156,6.250000e-05,5.48,21368.16
4590,3.457059e-03,3.297620e+01,1.161604e-05,8.655558e-06,2998084.375,3.414227e-03,3.281609e+01,7.871304e-06,1.078100e-05,2992478.273,6.250000e-05,6.30,21374.46
4591,3.476535e-03,3.298094e+01,1.170709e-05,1.227400e-05,2997794.836,3.410422e-03,3.304414e+01,8.081241e-06,5.039045e-06,2999965.852,6.250000e-05,5.51,21379.97
4592,3.439435e-03,3.297290e+01,1.000761e-05,8.413889e-06,2997992.531,3.428958e-03,3.303002e+01,1.021670e-05,4.757781e-06,3000215.227,6.250000e-05,5.78,21385.76
4593,3.462353e-03,3.296809e+01,1.047897e-05,1.215092e-05,2997903.506,3.453441e-03,3.305239e+01,1.145391e-05,6.732669e-06,3003661.789,6.250000e-05,5.78,21391.53
4594,3.451045e-03,3.297885e+01,1.047895e-05,9.674274e-06,2998017.777,3.504057e-03,3.284792e+01,1.718999e-05,9.473146e-06,2993973.789,6.250000e-05,5.80,21397.34
4595,3.459176e-03,3.297710e+01,1.065281e-05,1.098763e-05,2997914.756,3.474312e-03,3.307102e+01,1.432615e-05,4.789862e-06,3001959.914,6.250000e-05,6.03,21403.37
4596,3.442175e-03,3.296276e+01,1.023457e-05,8.710703e-06,2998013.311,3.402221e-03,3.294762e+01,8.771998e-06,3.947636e-06,2997644.609,6.250000e-05,5.54,21408.91
4597,3.459149e-03,3.297623e+01,1.053200e-05,1.124110e-05,2997903.998,3.422066e-03,3.301526e+01,9.698709e-06,4.710687e-06,3000712.102,6.250000e-05,5.44,21414.34
4598,3.442848e-03,3.295528e+01,1.026986e-05,8.924390e-06,2997909.699,3.427934e-03,3.311866e+01,9.530425e-06,4.152789e-06,3001694.398,6.250000e-05,5.53,21419.88
4599,3.437854e-03,3.296040e+01,9.331189e-06,9.700487e-06,2998060.312,3.441220e-03,3.305490e+01,1.134111e-05,4.463718e-06,3001470.656,6.250000e-05,5.95,21425.83
4600,3.475595e-03,3.300097e+01,1.125260e-05,1.259439e-05,2997988.396,3.480467e-03,3.304882e+01,1.556348e-05,3.990094e-06,2999296.289,6.250000e-05,6.40,21432.23
4601,3.452475e-03,3.297220e+01,1.124885e-05,8.553403e-06,2997976.213,3.424115e-03,3.285209e+01,9.488894e-06,8.803461e-06,2994068.773,6.250000e-05,5.48,21437.71
4602,3.445908e-03,3.296568e+01,1.012343e-05,9.621101e-06,2997956.047,3.435961e-03,3.298898e+01,8.995215e-06,9.422266e-06,2997563.898,6.250000e-05,6.16,21443.87
4603,3.441637e-03,3.296990e+01,1.024753e-05,8.434363e-06,2997936.156,3.475591e-03,3.304281e+01,1.486364e-05,4.534762e-06,3001024.195,6.250000e-05,5.74,21449.61
4604,3.457017e-03,3.298351e+01,1.098618e-05,9.760817e-06,2997971.902,3.409261e-03,3.299340e+01,8.983776e-06,4.016663e-06,3000256.250,6.250000e-05,6.15,21455.76
4605,3.444870e-03,3.296400e+01,1.018335e-05,9.327270e-06,2997950.609,3.717003e-03,3.267178e+01,2.362038e-05,4.272429e-05,2981570.539,6.250000e-05,6.35,21462.11
4606,3.443656e-03,3.297107e+01,1.045041e-05,8.409020e-06,2998070.385,3.416832e-03,3.280912e+01,7.634764e-06,1.191457e-05,2991284.875,6.250000e-05,6.00,21468.11
4607,3.436750e-03,3.297396e+01,9.907937e-06,8.055002e-06,2997883.006,3.434460e-03,3.289327e+01,1.044509e-05,8.136245e-06,2994728.414,6.250000e-05,5.47,21473.57
4608,3.467841e-03,3.298828e+01,1.221931e-05,9.364064e-06,2997956.361,3.397453e-03,3.288952e+01,7.488657e-06,6.722948e-06,2995531.523,6.250000e-05,5.65,21479.23
4609,3.446622e-03,3.295846e+01,1.033065e-05,9.493926e-06,2997928.580,3.439827e-03,3.310649e+01,1.072062e-05,4.394190e-06,3003060.375,6.250000e-05,5.32,21484.54
4610,3.470964e-03,3.298419e+01,1.091035e-05,1.268827e-05,2998041.844,3.463759e-03,3.285053e+01,1.190414e-05,1.193285e-05,2993689.055,6.250000e-05,5.35,21489.89
4611,3.434040e-03,3.297235e+01,1.025810e-05,6.844972e-06,2997866.033,3.427188e-03,3.288264e+01,9.288190e-06,9.208476e-06,2996810.500,6.250000e-05,5.28,21495.18
4612,3.452687e-03,3.298141e+01,1.103432e-05,8.840609e-06,2997959.969,3.401688e-03,3.298493e+01,7.647822e-06,5.343361e-06,3000859.562,6.250000e-05,5.98,21501.16
4613,3.444611e-03,3.297071e+01,1.014928e-05,9.209417e-06,2997995.705,3.471574e-03,3.307879e+01,1.244282e-05,7.853466e-06,3002923.523,6.250000e-05,5.90,21507.05
4614,3.442528e-03,3.296325e+01,1.011720e-05,9.006082e-06,2997887.973,3.505600e-03,3.295998e+01,1.624631e-05,9.427757e-06,3000079.703,6.250000e-05,5.46,21512.52
4615,3.431021e-03,3.296141e+01,9.407835e-06,8.160290e-06,2997935.064,3.558064e-03,3.331872e+01,1.348524e-05,1.826795e-05,3010832.016,6.250000e-05,5.59,21518.11
4616,3.444941e-03,3.297260e+01,9.548072e-06,1.044007e-05,2997975.051,3.426811e-03,3.294097e+01,6.952609e-06,1.263763e-05,2998845.883,6.250000e-05,5.54,21523.65
4617,3.474858e-03,3.295636e+01,1.145430e-05,1.293578e-05,2997970.559,3.406309e-03,3.297592e+01,8.250323e-06,5.242659e-06,2997380.547,6.250000e-05,6.16,21529.81
4618,3.450589e-03,3.297288e+01,1.064399e-05,9.372115e-06,2997889.594,3.493503e-03,3.308175e+01,1.469476e-05,7.675981e-06,3003560.219,6.250000e-05,5.48,21535.29
4619,3.445091e-03,3.296655e+01,9.656329e-06,1.037464e-05,2997955.201,3.548826e-03,3.285964e+01,1.698049e-05,1.861153e-05,2991516.703,6.250000e-05,6.29,21541.58
4620,3.439214e-03,3.297123e+01,1.020489e-05,8.008339e-06,2998015.301,3.408211e-03,3.294237e+01,7.849195e-06,7.096285e-06,2995833.391,6.250000e-05,5.87,21547.45
4621,3.443007e-03,3.299093e+01,9.288346e-06,1.020611e-05,2998235.898,3.582662e-03,3.296822e+01,1.867903e-05,1.981007e-05,2995948.820,6.250000e-05,5.32,21552.77
4622,3.469738e-03,3.297182e+01,1.256437e-05,9.382464e-06,2997733.863,3.520269e-03,3.318817e+01,1.592996e-05,8.430418e-06,3005601.320,6.250000e-05,5.53,21558.30
4623,3.455050e-03,3.298016e+01,1.089342e-05,9.619924e-06,2997967.924,3.598551e-03,3.311961e+01,2.544190e-05,6.434137e-06,3002927.281,6.250000e-05,6.15,21564.45
4624,3.463373e-03,3.298146e+01,1.104603e-05,1.095346e-05,2997928.525,3.411476e-03,3.291860e+01,8.061902e-06,7.799346e-06,2996263.305,6.250000e-05,5.48,21569.94
4625,3.468984e-03,3.297923e+01,1.016378e-05,1.388474e-05,2997879.242,3.441701e-03,3.286991e+01,9.241816e-06,1.245833e-05,2993535.789,6.250000e-05,6.02,21575.96
4626,3.445104e-03,3.297861e+01,9.846006e-06,9.756647e-06,2998082.895,3.503829e-03,3.314815e+01,1.388928e-05,1.002420e-05,3005096.766,6.250000e-05,5.54,21581.50
4627,3.430292e-03,3.295717e+01,9.802816e-06,7.309466e-06,2997972.301,3.455807e-03,3.276653e+01,9.658942e-06,1.651307e-05,2989886.961,6.250000e-05,5.90,21587.39
4628,3.462693e-03,3.297805e+01,1.093661e-05,1.110438e-05,2997972.248,3.410794e-03,3.286751e+01,7.679212e-06,9.450213e-06,2992698.406,6.250000e-05,5.77,21593.16
4629,3.453769e-03,3.296715e+01,1.067974e-05,1.005144e-05,2997888.438,3.476419e-03,3.311290e+01,1.331912e-05,6.387630e-06,3004855.406,6.250000e-05,6.00,21599.16
4630,3.453776e-03,3.298331e+01,1.104437e-05,9.000183e-06,2998105.604,3.429516e-03,3.278867e+01,7.818829e-06,1.449217e-05,2990119.422,6.250000e-05,6.11,21605.28
4631,3.443829e-03,3.296728e+01,1.061567e-05,8.188938e-06,2997802.156,3.424461e-03,3.282674e+01,8.475886e-06,1.140566e-05,2995678.297,6.250000e-05,6.02,21611.30
4632,3.433677e-03,3.295476e+01,9.668741e-06,8.302897e-06,2998047.480,3.429150e-03,3.276223e+01,6.854233e-06,1.687697e-05,2989861.031,6.250000e-05,5.87,21617.16
4633,3.449253e-03,3.296501e+01,1.067272e-05,9.205090e-06,2997925.916,3.418563e-03,3.292595e+01,8.700746e-06,7.792037e-06,2995264.594,6.250000e-05,5.57,21622.74
4634,3.469271e-03,3.299493e+01,1.216159e-05,9.632370e-06,2997889.283,3.468314e-03,3.290275e+01,1.437221e-05,6.863445e-06,2994570.633,6.250000e-05,5.88,21628.62
4635,3.455724e-03,3.297024e+01,1.129856e-05,9.142853e-06,2997837.270,3.415591e-03,3.287850e+01,8.943817e-06,7.660586e-06,2994288.062,6.250000e-05,5.50,21634.13
4636,3.446810e-03,3.297902e+01,1.110256e-05,7.576528e-06,2998036.750,3.405767e-03,3.296684e+01,8.930890e-06,3.954812e-06,2998385.188,6.250000e-05,5.75,21639.88
4637,3.430927e-03,3.295902e+01,9.502284e-06,8.000542e-06,2998084.732,3.453472e-03,3.301432e+01,1.289142e-05,4.625239e-06,3000785.844,6.250000e-05,5.72,21645.59
4638,3.454574e-03,3.296962e+01,1.013730e-05,1.124790e-05,2997951.438,3.527304e-03,3.271014e+01,1.388985e-05,2.347818e-05,2987546.656,6.250000e-05,5.62,21651.22
4639,3.444352e-03,3.297225e+01,1.021842e-05,8.988554e-06,2997864.814,3.463498e-03,3.308792e+01,1.105822e-05,8.824846e-06,3004473.055,6.250000e-05,5.76,21656.97
4640,3.463012e-03,3.297819e+01,1.133208e-05,1.037432e-05,2997995.648,3.416761e-03,3.294931e+01,9.148232e-06,6.069500e-06,3000319.344,6.250000e-05,5.95,21662.92
4641,3.448210e-03,3.295763e+01,1.069507e-05,9.099156e-06,2997885.086,3.401986e-03,3.293782e+01,7.577763e-06,6.485345e-06,2998657.102,6.250000e-05,5.67,21668.59
4642,3.443335e-03,3.296920e+01,1.033110e-05,8.620791e-06,2997998.662,3.398688e-03,3.299486e+01,6.953823e-06,5.932879e-06,2998431.531,6.250000e-05,5.43,21674.02
4643,3.435053e-03,3.296318e+01,9.917374e-06,7.912224e-06,2997986.684,3.464273e-03,3.277409e+01,8.456433e-06,2.045980e-05,2987916.438,6.250000e-05,5.59,21679.61
4644,3.477086e-03,3.298264e+01,1.154727e-05,1.266994e-05,2998048.293,3.456367e-03,3.272975e+01,6.825496e-06,2.302735e-05,2987276.578,6.250000e-05,6.03,21685.63
4645,3.440048e-03,3.295673e+01,9.950704e-06,8.973424e-06,2997876.225,3.420143e-03,3.289623e+01,8.548865e-06,9.006387e-06,2994475.539,6.250000e-05,6.08,21691.71
4646,3.457094e-03,3.297910e+01,1.142529e-05,8.986157e-06,2997986.236,3.507629e-03,3.280946e+01,1.462117e-05,1.609422e-05,2989503.625,6.250000e-05,5.47,21697.18
4647,3.468820e-03,3.297719e+01,1.109452e-05,1.203116e-05,2997829.088,3.495900e-03,3.306151e+01,1.451955e-05,8.910872e-06,3003117.883,6.250000e-05,5.24,21702.42
4648,3.464822e-03,3.297444e+01,1.166403e-05,1.014750e-05,2997988.371,3.484565e-03,3.289523e+01,1.020613e-05,1.859617e-05,2992718.680,6.250000e-05,5.35,21707.77
4649,3.438645e-03,3.296186e+01,1.008812e-05,8.315611e-06,2997865.779,3.454458e-03,3.307882e+01,8.896072e-06,1.152301e-05,3004857.906,6.250000e-05,6.02,21713.79
4650,3.437138e-03,3.296010e+01,1.032388e-05,7.577791e-06,2998027.078,3.573394e-03,3.321619e+01,1.692608e-05,1.650292e-05,3009966.555,6.250000e-05,5.82,21719.60
4651,3.461817e-03,3.297518e+01,1.080263e-05,1.125465e-05,2997957.365,3.417733e-03,3.304734e+01,7.697226e-06,7.205484e-06,3001110.055,6.250000e-05,5.76,21725.36
4652,3.442870e-03,3.296475e+01,1.016710e-05,8.944784e-06,2998082.688,3.424036e-03,3.304859e+01,9.502232e-06,4.830904e-06,3000563.109,6.250000e-05,5.66,21731.01
4653,3.445976e-03,3.297521e+01,1.050508e-05,8.680767e-06,2997922.236,3.442422e-03,3.304913e+01,1.104060e-05,5.420691e-06,3001930.391,6.250000e-05,5.56,21736.57
4654,3.451223e-03,3.296407e+01,1.096120e-05,9.040843e-06,2998063.330,3.428404e-03,3.276865e+01,7.744306e-06,1.481927e-05,2990246.953,6.250000e-05,5.94,21742.50
4655,3.443578e-03,3.295929e+01,9.963203e-06,9.603328e-06,2997827.316,3.419248e-03,3.304517e+01,9.625648e-06,3.694960e-06,3000659.953,6.250000e-05,5.53,21748.03
4656,3.448968e-03,3.296126e+01,9.723913e-06,1.112062e-05,2997927.293,3.418125e-03,3.283825e+01,7.534142e-06,1.179170e-05,2993860.859,6.250000e-05,5.42,21753.46
4657,3.452139e-03,3.296625e+01,1.052078e-05,1.006132e-05,2998020.199,3.401030e-03,3.287184e+01,7.025247e-06,8.718695e-06,2996602.273,6.250000e-05,5.80,21759.25
4658,3.476678e-03,3.297923e+01,1.276737e-05,1.021630e-05,2997934.861,3.403530e-03,3.297675e+01,7.302188e-06,6.566650e-06,2995708.805,6.250000e-05,5.83,21765.09
4659,3.443926e-03,3.296444e+01,1.013925e-05,9.217801e-06,2997835.732,3.584899e-03,3.330142e+01,1.526272e-05,2.042592e-05,3011709.352,6.250000e-05,5.91,21771.00
4660,3.464849e-03,3.297954e+01,1.041887e-05,1.254133e-05,2998094.385,3.521151e-03,3.264329e+01,8.351654e-06,3.466111e-05,2985351.594,6.250000e-05,5.96,21776.95
4661,3.445594e-03,3.296081e+01,1.009056e-05,9.721470e-06,2997821.943,3.414039e-03,3.306858e+01,7.303896e-06,6.828336e-06,3003723.438,6.250000e-05,6.24,21783.19
4662,3.467425e-03,3.297261e+01,1.113562e-05,1.176168e-05,2998004.061,3.441103e-03,3.310414e+01,8.537633e-06,9.062648e-06,3004077.484,6.250000e-05,6.23,21789.42
4663,3.431654e-03,3.295392e+01,9.862419e-06,7.527600e-06,2997957.621,3.487127e-03,3.309751e+01,1.352151e-05,8.432137e-06,3004858.461,6.250000e-05,5.38,21794.80
4664,3.448632e-03,3.295611e+01,1.013652e-05,1.033124e-05,2998107.719,3.832544e-03,3.255247e+01,2.160915e-05,7.224112e-05,2975465.766,6.250000e-05,5.88,21800.68
4665,3.438798e-03,3.297788e+01,1.009570e-05,8.010510e-06,2997886.270,3.404171e-03,3.301491e+01,8.510326e-06,3.515274e-06,2999968.164,6.250000e-05,5.53,21806.21
4666,3.456645e-03,3.297161e+01,1.099045e-05,9.915853e-06,2998013.408,3.621466e-03,3.279143e+01,1.922685e-05,3.001102e-05,2987599.938,6.250000e-05,5.61,21811.83
4667,3.468264e-03,3.297781e+01,1.159914e-05,1.089836e-05,2997795.229,3.392942e-03,3.294945e+01,7.407634e-06,4.784210e-06,2999146.211,6.250000e-05,5.47,21817.30
4668,3.431877e-03,3.295827e+01,9.848592e-06,7.512823e-06,2998006.105,3.406258e-03,3.309892e+01,7.229674e-06,4.813805e-06,3002629.031,6.250000e-05,5.12,21822.42
4669,3.445624e-03,3.297063e+01,1.109762e-05,7.516989e-06,2997926.908,3.543696e-03,3.317215e+01,1.150277e-05,2.229067e-05,3009881.172,6.250000e-05,5.84,21828.26
4670,3.462390e-03,3.297161e+01,1.105537e-05,1.093506e-05,2998011.404,3.546151e-03,3.326741e+01,1.131264e-05,2.125684e-05,3012027.633,6.250000e-05,5.61,21833.86
4671,3.471803e-03,3.298092e+01,1.241132e-05,9.919615e-06,2997930.434,3.460698e-03,3.299302e+01,1.354632e-05,5.186583e-06,2997552.070,6.250000e-05,5.70,21839.57
4672,3.440810e-03,3.295666e+01,1.011835e-05,8.792084e-06,2997913.402,3.455147e-03,3.280600e+01,8.344439e-06,1.822059e-05,2991220.453,6.250000e-05,4.94,21844.51
4673,3.445106e-03,3.296786e+01,9.468747e-06,1.072643e-05,2998044.756,3.625829e-03,3.267967e+01,1.392223e-05,4.372799e-05,2982393.375,6.250000e-05,5.49,21850.00
4674,3.448898e-03,3.297370e+01,1.044698e-05,9.411635e-06,2998046.555,3.488819e-03,3.278364e+01,1.224763e-05,1.759564e-05,2991594.898,6.250000e-05,5.28,21855.28
4675,3.447154e-03,3.295982e+01,1.090738e-05,8.419588e-06,2997889.207,3.420105e-03,3.290222e+01,8.068808e-06,9.838999e-06,2996501.164,6.250000e-05,5.89,21861.17
4676,3.463119e-03,3.297074e+01,1.182016e-05,9.568758e-06,2997852.512,3.535666e-03,3.312403e+01,1.706386e-05,1.052507e-05,3002972.422,6.250000e-05,5.42,21866.59
4677,3.456312e-03,3.295311e+01,1.074389e-05,1.071242e-05,2998002.520,3.425554e-03,3.286865e+01,8.801376e-06,1.013508e-05,2992415.352,6.250000e-05,5.81,21872.40
4678,3.456481e-03,3.297426e+01,1.040473e-05,1.100164e-05,2997880.697,3.477830e-03,3.306674e+01,1.449533e-05,5.240493e-06,3002237.461,6.250000e-05,5.33,21877.73
4679,3.442170e-03,3.295740e+01,1.040094e-05,8.484221e-06,2998062.359,3.426169e-03,3.287552e+01,6.911113e-06,1.390127e-05,2993010.188,6.250000e-05,5.36,21883.08
4680,3.451554e-03,3.296637e+01,1.083954e-05,9.304290e-06,2997972.650,3.523554e-03,3.315275e+01,1.352694e-05,1.460175e-05,3006792.008,6.250000e-05,5.69,21888.78
4681,3.442307e-03,3.296121e+01,9.913274e-06,9.410665e-06,2997899.215,3.413305e-03,3.302123e+01,8.478539e-06,5.279417e-06,3001086.656,6.250000e-05,5.36,21894.13
4682,3.444124e-03,3.297964e+01,1.030937e-05,8.613202e-06,2997931.266,3.443612e-03,3.298296e+01,1.210935e-05,4.844536e-06,2998502.656,6.250000e-05,5.77,21899.90
4683,3.461346e-03,3.295823e+01,1.098493e-05,1.113465e-05,2997997.988,3.396683e-03,3.303667e+01,6.981451e-06,4.640440e-06,3001626.883,6.250000e-05,5.61,21905.52
4684,3.439616e-03,3.296675e+01,1.080620e-05,6.975964e-06,2997977.928,3.396647e-03,3.291879e+01,7.494437e-06,5.964736e-06,2996478.414,6.250000e-05,5.79,21911.31
4685,3.444591e-03,3.297658e+01,1.099977e-05,7.387066e-06,2997940.949,3.542008e-03,3.292597e+01,1.722216e-05,1.543794e-05,2993715.852,6.250000e-05,5.52,21916.83
4686,3.451871e-03,3.296384e+01,1.077345e-05,9.550361e-06,2997951.627,3.399342e-03,3.305595e+01,6.844839e-06,5.059886e-06,3003602.055,6.250000e-05,5.39,21922.22
4687,3.439538e-03,3.296968e+01,1.063256e-05,7.248881e-06,2998003.609,3.427224e-03,3.294953e+01,9.734428e-06,6.985420e-06,2998137.812,6.250000e-05,5.79,21928.01
4688,3.462654e-03,3.296442e+01,1.136162e-05,1.051927e-05,2998107.342,3.588233e-03,3.258086e+01,6.799424e-06,5.243052e-05,2979073.906,6.250000e-05,5.18,21933.19
4689,3.467791e-03,3.297235e+01,1.082686e-05,1.245755e-05,2997699.086,3.571455e-03,3.328800e+01,1.022479e-05,2.808148e-05,3011038.922,6.250000e-05,5.72,21938.91
4690,3.444114e-03,3.295451e+01,9.616702e-06,1.049914e-05,2998156.211,3.485751e-03,3.272689e+01,8.254439e-06,2.610339e-05,2987224.898,6.250000e-05,5.84,21944.75
4691,3.442888e-03,3.294971e+01,9.984356e-06,9.614782e-06,2997868.496,3.429090e-03,3.287452e+01,7.394130e-06,1.353941e-05,2994520.688,6.250000e-05,5.45,21950.19
4692,3.454414e-03,3.294088e+01,9.912425e-06,1.224047e-05,2997851.924,3.490548e-03,3.310903e+01,1.190731e-05,1.211435e-05,3006454.031,6.250000e-05,5.46,21955.65
4693,3.455480e-03,3.296541e+01,1.085900e-05,1.006987e-05,2997913.432,3.504831e-03,3.298539e+01,1.581076e-05,9.636888e-06,2999523.156,6.250000e-05,5.52,21961.17
4694,3.440551e-03,3.296511e+01,9.932226e-06,8.943633e-06,2998132.781,3.512141e-03,3.282192e+01,1.684894e-05,1.229180e-05,2992588.078,6.250000e-05,5.89,21967.06
4695,3.448841e-03,3.296340e+01,1.111999e-05,8.260318e-06,2997887.037,3.445758e-03,3.309061e+01,9.766610e-06,7.806125e-06,3003600.008,6.250000e-05,5.86,21972.93
4696,3.446995e-03,3.295653e+01,1.007772e-05,1.011290e-05,2997991.018,3.417676e-03,3.278732e+01,8.121385e-06,1.154607e-05,2991496.539,6.250000e-05,4.86,21977.78
4697,3.457934e-03,3.296334e+01,1.099257e-05,1.033485e-05,2997945.949,3.431224e-03,3.284016e+01,7.329501e-06,1.478263e-05,2991072.852,6.250000e-05,5.58,21983.37
4698,3.457579e-03,3.299020e+01,1.164475e-05,8.422319e-06,2997895.203,3.455813e-03,3.315609e+01,8.375030e-06,1.129074e-05,3007737.297,6.250000e-05,5.82,21989.19
4699,3.444237e-03,3.294681e+01,1.014710e-05,9.617045e-06,2998039.545,3.455887e-03,3.270450e+01,6.300178e-06,2.448709e-05,2986321.602,6.250000e-05,5.81,21994.99
4700,3.443898e-03,3.295362e+01,1.027982e-05,9.147477e-06,2997898.852,3.428606e-03,3.298979e+01,1.032457e-05,5.276292e-06,2998923.562,6.250000e-05,5.55,22000.54
4701,3.430268e-03,3.296197e+01,9.957989e-06,6.898140e-06,2997994.219,3.406144e-03,3.275069e+01,6.475456e-06,1.326410e-05,2991859.945,6.250000e-05,5.03,22005.58
4702,3.459634e-03,3.295872e+01,1.045509e-05,1.184225e-05,2997883.916,3.416436e-03,3.278336e+01,8.021205e-06,1.157754e-05,2991935.633,6.250000e-05,5.48,22011.06
4703,3.447219e-03,3.297363e+01,1.071355e-05,8.544110e-06,2998014.230,3.489175e-03,3.292695e+01,1.493846e-05,9.419136e-06,2995020.125,6.250000e-05,5.06,22016.12
4704,3.449455e-03,3.295957e+01,1.132587e-05,8.047828e-06,2997903.902,3.423981e-03,3.286441e+01,9.840797e-06,7.826362e-06,2994454.383,6.250000e-05,5.59,22021.71
4705,3.470233e-03,3.296836e+01,1.226873e-05,1.014187e-05,2997991.584,3.427667e-03,3.283418e+01,8.251968e-06,1.234596e-05,2991483.508,6.250000e-05,5.92,22027.62
4706,3.455833e-03,3.297263e+01,1.096515e-05,9.783656e-06,2997898.066,3.512390e-03,3.286437e+01,1.610581e-05,1.297905e-05,2992913.938,6.250000e-05,5.71,22033.33
4707,3.465886e-03,3.297067e+01,1.227143e-05,9.220970e-06,2998011.516,3.443755e-03,3.301772e+01,1.142007e-05,5.556511e-06,2997125.883,6.250000e-05,5.60,22038.94
4708,3.456214e-03,3.298056e+01,1.081551e-05,1.000065e-05,2997827.760,3.513446e-03,3.283326e+01,1.738810e-05,1.124769e-05,2993949.961,6.250000e-05,4.91,22043.85
4709,3.462886e-03,3.297114e+01,1.061593e-05,1.192248e-05,2998019.002,3.501970e-03,3.317643e+01,1.489266e-05,7.080037e-06,3003875.938,6.250000e-05,5.48,22049.33
4710,3.468987e-03,3.297021e+01,1.230928e-05,9.774687e-06,2997855.316,3.517268e-03,3.326478e+01,9.005616e-06,2.014670e-05,3010799.320,6.250000e-05,5.55,22054.89
4711,3.441825e-03,3.295970e+01,9.438507e-06,1.029413e-05,2998095.244,3.397861e-03,3.290507e+01,7.795252e-06,5.880239e-06,2996380.188,6.250000e-05,5.63,22060.51
4712,3.432137e-03,3.295490e+01,9.233019e-06,8.863302e-06,2997963.650,3.404841e-03,3.283743e+01,7.137362e-06,9.944971e-06,2992234.938,6.250000e-05,5.73,22066.25
4713,3.457827e-03,3.296610e+01,1.033038e-05,1.158266e-05,2998011.330,3.384585e-03,3.290274e+01,6.649033e-06,5.564217e-06,2995949.391,6.250000e-05,5.90,22072.15
4714,3.472944e-03,3.298278e+01,1.247206e-05,9.989038e-06,2997810.062,3.391743e-03,3.302084e+01,6.969056e-06,3.993705e-06,3000603.195,6.250000e-05,5.12,22077.27
4715,3.443750e-03,3.297242e+01,1.017513e-05,8.951426e-06,2998097.389,3.486589e-03,3.264765e+01,8.442182e-06,2.748041e-05,2986037.898,6.250000e-05,5.83,22083.10
4716,3.461058e-03,3.296873e+01,1.176662e-05,9.303758e-06,2997885.535,3.406826e-03,3.284326e+01,8.096358e-06,8.307217e-06,2993927.758,6.250000e-05,5.60,22088.69
4717,3.458078e-03,3.296826e+01,1.119965e-05,9.851193e-06,2997992.633,3.463818e-03,3.276855e+01,9.253645e-06,1.888531e-05,2990455.961,6.250000e-05,5.24,22093.94
4718,3.450081e-03,3.297100e+01,1.064630e-05,9.303640e-06,2997834.082,3.490946e-03,3.318570e+01,7.210794e-06,2.005363e-05,3011129.055,6.250000e-05,5.34,22099.28
4719,3.441299e-03,3.295553e+01,9.593979e-06,9.961290e-06,2997996.979,3.490316e-03,3.324976e+01,7.601620e-06,1.786482e-05,3010828.477,6.250000e-05,5.53,22104.81
4720,3.465221e-03,3.297203e+01,1.075231e-05,1.209904e-05,2997970.303,3.442226e-03,3.288724e+01,1.133743e-05,8.025559e-06,2994871.117,6.250000e-05,5.71,22110.52
4721,3.444280e-03,3.296115e+01,1.044555e-05,8.741939e-06,2997994.803,3.434835e-03,3.280666e+01,9.152392e-06,1.252903e-05,2991940.328,6.250000e-05,5.34,22115.86
4722,3.440808e-03,3.297444e+01,9.957625e-06,8.757506e-06,2997986.934,3.510977e-03,3.272815e+01,1.048174e-05,2.666895e-05,2988988.133,6.250000e-05,6.10,22121.96
4723,3.447952e-03,3.296378e+01,1.001922e-05,1.027652e-05,2998023.553,3.434815e-03,3.281446e+01,9.214100e-06,1.224548e-05,2993565.891,6.250000e-05,5.81,22127.77
4724,3.453696e-03,3.296442e+01,1.092679e-05,9.597332e-06,2997933.264,3.411094e-03,3.295278e+01,7.378817e-06,8.405488e-06,3000461.531,6.250000e-05,5.77,22133.54
4725,3.481665e-03,3.295569e+01,1.163525e-05,1.394867e-05,2997877.652,3.435119e-03,3.311928e+01,9.190319e-06,6.257539e-06,3005246.039,6.250000e-05,5.69,22139.23
4726,3.468840e-03,3.297650e+01,1.182398e-05,1.059006e-05,2998098.348,3.567948e-03,3.264186e+01,1.001969e-05,4.071309e-05,2982185.055,6.250000e-05,5.81,22145.04
4727,3.444726e-03,3.296772e+01,9.496436e-06,1.059809e-05,2997871.730,3.430840e-03,3.296247e+01,9.869159e-06,7.180382e-06,3000235.445,6.250000e-05,5.63,22150.67
4728,3.430553e-03,3.295336e+01,9.238737e-06,8.566065e-06,2997945.988,3.409236e-03,3.294219e+01,8.134024e-06,6.735520e-06,2998025.148,6.250000e-05,5.43,22156.11
4729,3.454251e-03,3.296080e+01,1.051625e-05,1.060176e-05,2997935.070,3.431338e-03,3.306252e+01,8.076644e-06,8.863890e-06,3004337.172,6.250000e-05,6.25,22162.36
4730,3.433879e-03,3.296456e+01,9.792172e-06,7.900305e-06,2998025.502,3.428527e-03,3.298886e+01,9.325619e-06,7.277031e-06,3001318.859,6.250000e-05,5.66,22168.02
4731,3.459778e-03,3.296749e+01,1.229181e-05,8.022218e-06,2997868.502,3.391436e-03,3.293160e+01,6.617187e-06,6.420925e-06,3000528.227,6.250000e-05,6.22,22174.24
4732,3.428390e-03,3.296252e+01,9.160777e-06,8.106091e-06,2998033.037,3.411179e-03,3.291662e+01,9.455568e-06,4.992366e-06,2997815.227,6.250000e-05,5.62,22179.86
4733,3.459476e-03,3.297258e+01,1.194320e-05,8.557200e-06,2997943.643,3.450437e-03,3.273258e+01,8.031813e-06,1.937221e-05,2988473.805,6.250000e-05,5.61,22185.46
4734,3.447487e-03,3.296814e+01,1.074026e-05,8.654098e-06,2997890.443,3.443056e-03,3.314182e+01,8.646207e-06,8.482531e-06,3003721.984,6.250000e-05,5.64,22191.10
4735,3.448785e-03,3.297351e+01,9.923645e-06,1.043950e-05,2998037.053,3.447321e-03,3.275429e+01,7.199578e-06,1.997942e-05,2989938.219,6.250000e-05,5.69,22196.79
4736,3.458015e-03,3.296717e+01,1.060262e-05,1.105429e-05,2997913.789,3.436168e-03,3.289502e+01,1.140441e-05,6.524468e-06,2997539.914,6.250000e-05,5.02,22201.81
4737,3.483455e-03,3.297371e+01,1.250350e-05,1.220969e-05,2997867.896,3.410963e-03,3.296228e+01,8.483211e-06,5.980506e-06,2997275.266,6.250000e-05,5.52,22207.33
4738,3.447924e-03,3.297683e+01,9.838254e-06,1.037172e-05,2998033.645,3.407479e-03,3.296309e+01,8.563570e-06,5.106904e-06,3000358.859,6.250000e-05,5.67,22213.00
4739,3.441102e-03,3.294484e+01,9.471760e-06,1.038019e-05,2997958.648,3.388372e-03,3.290470e+01,6.290446e-06,6.999609e-06,2996043.703,6.250000e-05,5.59,22218.59
4740,3.442635e-03,3.296269e+01,1.072165e-05,7.829874e-06,2998032.719,3.479661e-03,3.306094e+01,1.457145e-05,5.570607e-06,3001755.852,6.250000e-05,5.52,22224.11
4741,3.478066e-03,3.299152e+01,1.162878e-05,1.252530e-05,2997942.082,3.448919e-03,3.292652e+01,1.179634e-05,7.660669e-06,2994829.062,6.250000e-05,5.48,22229.59
4742,3.443390e-03,3.296715e+01,1.012237e-05,9.090356e-06,2997900.121,3.443000e-03,3.297038e+01,1.146658e-05,6.259318e-06,3000013.094,6.250000e-05,5.68,22235.27
4743,3.447594e-03,3.294684e+01,1.065399e-05,9.274027e-06,2997911.986,3.538512e-03,3.312126e+01,1.837444e-05,8.528357e-06,3002257.562,6.250000e-05,5.50,22240.77
4744,3.444729e-03,3.295186e+01,9.965442e-06,9.977600e-06,2998082.250,3.420574e-03,3.286746e+01,9.435997e-06,7.893495e-06,2995737.289,6.250000e-05,5.94,22246.71
4745,3.469658e-03,3.296676e+01,1.205983e-05,1.047670e-05,2997918.133,3.433073e-03,3.289969e+01,1.155894e-05,5.502856e-06,2996218.617,6.250000e-05,5.83,22252.54
4746,3.463795e-03,3.295738e+01,1.074770e-05,1.211608e-05,2998038.271,3.418488e-03,3.280201e+01,6.932655e-06,1.379209e-05,2992127.906,6.250000e-05,5.84,22258.38
4747,3.441531e-03,3.296183e+01,1.037963e-05,8.310227e-06,2997892.893,3.439547e-03,3.275737e+01,6.595787e-06,1.957041e-05,2989663.523,6.250000e-05,5.54,22263.92
4748,3.440307e-03,3.295696e+01,1.009022e-05,8.741914e-06,2997896.918,3.507676e-03,3.316644e+01,1.405222e-05,1.010186e-05,3007253.141,6.250000e-05,5.77,22269.69
4749,3.454900e-03,3.297559e+01,1.163503e-05,8.198161e-06,2997960.945,3.487549e-03,3.299910e+01,1.557497e-05,6.377894e-06,2998570.180,6.250000e-05,5.79,22275.48
4750,3.446980e-03,3.296815e+01,1.016240e-05,9.708305e-06,2998009.617,3.426158e-03,3.296438e+01,9.472117e-06,6.999700e-06,2997792.875,6.250000e-05,5.72,22281.20
4751,3.446196e-03,3.294827e+01,1.033430e-05,9.605057e-06,2997987.383,3.606595e-03,3.259035e+01,1.337198e-05,4.276797e-05,2982036.742,6.250000e-05,5.71,22286.91
4752,3.448908e-03,3.295541e+01,9.966099e-06,1.074122e-05,2997906.023,3.426997e-03,3.299019e+01,1.056641e-05,4.462728e-06,2999333.570,6.250000e-05,5.85,22292.76
4753,3.444143e-03,3.295177e+01,1.042296e-05,8.947343e-06,2997936.107,3.434792e-03,3.303301e+01,9.788137e-06,6.721906e-06,2999900.961,6.250000e-05,6.14,22298.90
4754,3.459621e-03,3.296418e+01,1.079620e-05,1.104819e-05,2997938.340,3.390510e-03,3.289829e+01,5.923177e-06,8.289889e-06,2999079.742,6.250000e-05,5.25,22304.15
4755,3.467689e-03,3.297775e+01,1.230585e-05,9.371044e-06,2997974.633,3.389663e-03,3.297672e+01,6.983655e-06,4.430787e-06,2998512.656,6.250000e-05,5.59,22309.74
4756,3.460485e-03,3.297439e+01,1.067744e-05,1.125424e-05,2998015.869,3.395317e-03,3.284358e+01,7.223075e-06,7.745656e-06,2995049.789,6.250000e-05,5.58,22315.32
4757,3.447528e-03,3.295615e+01,1.079987e-05,8.783034e-06,2997967.191,3.559417e-03,3.262331e+01,9.344533e-06,4.072814e-05,2983152.992,6.250000e-05,6.02,22321.35
4758,3.448540e-03,3.296450e+01,9.861917e-06,1.069412e-05,2997918.309,3.479018e-03,3.319111e+01,8.166733e-06,1.564787e-05,3009747.883,6.250000e-05,5.39,22326.73
4759,3.458777e-03,3.296304e+01,1.078122e-05,1.093214e-05,2997934.146,3.480886e-03,3.303403e+01,1.455845e-05,6.379606e-06,2999903.250,6.250000e-05,5.64,22332.37
4760,3.453389e-03,3.296303e+01,1.083948e-05,9.738203e-06,2997957.480,3.393339e-03,3.297405e+01,7.148645e-06,4.889633e-06,2999079.414,6.250000e-05,5.85,22338.23
4761,3.445714e-03,3.296191e+01,1.100107e-05,7.902468e-06,2997976.572,3.435953e-03,3.303049e+01,1.045210e-05,5.676592e-06,3000250.703,6.250000e-05,5.72,22343.95
4762,3.441584e-03,3.297193e+01,1.009235e-05,8.693465e-06,2998040.633,3.469452e-03,3.268984e+01,9.467436e-06,2.115886e-05,2988161.367,6.250000e-05,5.76,22349.71
4763,3.444911e-03,3.296083e+01,1.049918e-05,8.767282e-06,2997949.035,3.426713e-03,3.273446e+01,6.596940e-06,1.745950e-05,2989027.719,6.250000e-05,5.76,22355.47
4764,3.447755e-03,3.295491e+01,1.092681e-05,8.599357e-06,2997847.398,3.478931e-03,3.294651e+01,1.282870e-05,1.119870e-05,2998456.523,6.250000e-05,5.68,22361.15
4765,3.457970e-03,3.295990e+01,1.127111e-05,9.853747e-06,2997905.242,3.509675e-03,3.313447e+01,1.477150e-05,9.702548e-06,3004951.039,6.250000e-05,6.27,22367.42
4766,3.449465e-03,3.297329e+01,1.036154e-05,9.704231e-06,2998000.686,3.395751e-03,3.285150e+01,6.807646e-06,8.504918e-06,2994546.148,6.250000e-05,5.54,22372.96
4767,3.437476e-03,3.295017e+01,9.583304e-06,9.325138e-06,2998009.672,3.421786e-03,3.288396e+01,9.319707e-06,8.038637e-06,2995773.148,6.250000e-05,6.14,22379.10
4768,3.444204e-03,3.295643e+01,1.040220e-05,8.907968e-06,2997950.740,3.452714e-03,3.307971e+01,1.203395e-05,4.880572e-06,3000942.266,6.250000e-05,5.78,22384.88
4769,3.437839e-03,3.295040e+01,9.426012e-06,9.707668e-06,2997974.143,3.522339e-03,3.269792e+01,8.684969e-06,3.313946e-05,2984541.484,6.250000e-05,6.10,22390.98
4770,3.464800e-03,3.297020e+01,1.150021e-05,1.055562e-05,2997946.967,3.399386e-03,3.299591e+01,8.487475e-06,2.983975e-06,3000039.555,6.250000e-05,5.19,22396.18
4771,3.437977e-03,3.296385e+01,9.804551e-06,8.709173e-06,2997957.676,3.413200e-03,3.291698e+01,7.655475e-06,8.989628e-06,2996467.328,6.250000e-05,5.79,22401.97
4772,3.435358e-03,3.295041e+01,1.047241e-05,7.118431e-06,2997910.562,3.519068e-03,3.315704e+01,1.364061e-05,1.339177e-05,3007331.172,6.250000e-05,5.22,22407.18
4773,3.451626e-03,3.296797e+01,1.047174e-05,1.002235e-05,2997950.941,3.422108e-03,3.296965e+01,9.213864e-06,6.600858e-06,2998857.055,6.250000e-05,5.13,22412.31
4774,3.459602e-03,3.296530e+01,1.117849e-05,1.025749e-05,2998065.609,3.401474e-03,3.292194e+01,6.648116e-06,8.559674e-06,3000144.078,6.250000e-05,5.38,22417.69
4775,3.447086e-03,3.295710e+01,1.047859e-05,9.318120e-06,2997978.305,3.450085e-03,3.303996e+01,1.056992e-05,8.077972e-06,3003990.227,6.250000e-05,5.32,22423.01
4776,3.444149e-03,3.294719e+01,9.598702e-06,1.068854e-05,2997941.133,3.617172e-03,3.316773e+01,2.737049e-05,5.338770e-06,3001205.750,6.250000e-05,5.36,22428.37
4777,3.466327e-03,3.297434e+01,1.108311e-05,1.161233e-05,2997876.691,3.546933e-03,3.321132e+01,9.889329e-06,2.538144e-05,3012546.547,6.250000e-05,5.65,22434.01
4778,3.441810e-03,3.295751e+01,1.031053e-05,8.590717e-06,2998024.463,3.421843e-03,3.308486e+01,7.570959e-06,7.529536e-06,3005164.703,6.250000e-05,5.50,22439.52
4779,3.489820e-03,3.297307e+01,1.270062e-05,1.310145e-05,2998078.596,3.472899e-03,3.261727e+01,6.103483e-06,3.002745e-05,2985258.367,6.250000e-05,5.73,22445.24
4780,3.473180e-03,3.294691e+01,1.157647e-05,1.254483e-05,2997765.836,3.440227e-03,3.313106e+01,9.172265e-06,7.079708e-06,3004556.484,6.250000e-05,5.11,22450.35
4781,3.452984e-03,3.296132e+01,1.015113e-05,1.106824e-05,2998029.266,3.440637e-03,3.312880e+01,9.601828e-06,6.347812e-06,3005154.359,6.250000e-05,5.50,22455.86
4782,3.452952e-03,3.297006e+01,1.131164e-05,8.565959e-06,2997969.197,3.540629e-03,3.314595e+01,1.450778e-05,1.619116e-05,3008013.609,6.250000e-05,5.97,22461.83
4783,3.476636e-03,3.296173e+01,1.134547e-05,1.340175e-05,2997965.721,3.451839e-03,3.275674e+01,9.719114e-06,1.579480e-05,2991662.352,6.250000e-05,5.60,22467.42
4784,3.431603e-03,3.296837e+01,9.416911e-06,8.119376e-06,2998010.109,3.498096e-03,3.278827e+01,1.264862e-05,1.855659e-05,2991505.945,6.250000e-05,5.57,22472.99
4785,3.458163e-03,3.296592e+01,1.153081e-05,9.252692e-06,2997894.781,3.421410e-03,3.284622e+01,9.665269e-06,8.026900e-06,2993631.625,6.250000e-05,5.29,22478.28
4786,3.453785e-03,3.297029e+01,1.054617e-05,1.025884e-05,2997969.297,3.432515e-03,3.284854e+01,9.579520e-06,1.037316e-05,2994674.141,6.250000e-05,5.85,22484.13
4787,3.470503e-03,3.297732e+01,1.207779e-05,1.039862e-05,2997962.695,3.452790e-03,3.277457e+01,9.189358e-06,1.668784e-05,2989018.250,6.250000e-05,6.15,22490.28
4788,3.423419e-03,3.295435e+01,9.065245e-06,7.466157e-06,2997907.180,3.535568e-03,3.317627e+01,1.035893e-05,2.287022e-05,3010564.273,6.250000e-05,5.55,22495.83
4789,3.429490e-03,3.295441e+01,9.536145e-06,7.737575e-06,2998017.857,3.469432e-03,3.299429e+01,1.456768e-05,4.865213e-06,3001062.625,6.250000e-05,5.95,22501.78
4790,3.447077e-03,3.295149e+01,1.085034e-05,8.685012e-06,2997846.018,3.444222e-03,3.293303e+01,1.186152e-05,6.460796e-06,2998141.469,6.250000e-05,5.41,22507.19
4791,3.447882e-03,3.295825e+01,1.044950e-05,9.512378e-06,2997966.398,3.568638e-03,3.323498e+01,1.824222e-05,1.254353e-05,3008204.297,6.250000e-05,6.31,22513.49
4792,3.432572e-03,3.295320e+01,9.130977e-06,9.188628e-06,2998020.381,3.419013e-03,3.293756e+01,1.027781e-05,4.495834e-06,2998389.664,6.250000e-05,5.31,22518.80
4793,3.458735e-03,3.296523e+01,1.183886e-05,8.764709e-06,2997986.520,3.421779e-03,3.295635e+01,7.583956e-06,1.006073e-05,2996473.375,6.250000e-05,5.74,22524.54
4794,3.442104e-03,3.294572e+01,9.827315e-06,9.851901e-06,2997970.146,3.455129e-03,3.275742e+01,8.580093e-06,1.871727e-05,2988647.891,6.250000e-05,6.07,22530.61
4795,3.459630e-03,3.296320e+01,1.163863e-05,9.384682e-06,2997854.738,3.435174e-03,3.313386e+01,7.936745e-06,8.484032e-06,3006502.914,6.250000e-05,6.12,22536.73
4796,3.442334e-03,3.295727e+01,1.044871e-05,8.424048e-06,2998061.574,3.461760e-03,3.289832e+01,1.310988e-05,8.165910e-06,2995642.078,6.250000e-05,5.44,22542.17
4797,3.445388e-03,3.295274e+01,1.004242e-05,9.937918e-06,2997931.232,3.451400e-03,3.272218e+01,6.512411e-06,2.281176e-05,2987550.328,6.250000e-05,5.64,22547.81
4798,3.465398e-03,3.296991e+01,1.252073e-05,8.639943e-06,2997895.020,3.456354e-03,3.308555e+01,1.232335e-05,4.913070e-06,3003021.711,6.250000e-05,5.48,22553.30
4799,3.450556e-03,3.297616e+01,1.084309e-05,8.901868e-06,2998075.131,3.423408e-03,3.278404e+01,7.265725e-06,1.446935e-05,2991194.055,6.250000e-05,5.66,22558.96
4800,3.441421e-03,3.295579e+01,1.004928e-05,9.069808e-06,2997859.867,3.507416e-03,3.319006e+01,1.028270e-05,1.711674e-05,3009441.188,6.250000e-05,5.74,22564.70
4801,3.460150e-03,3.295864e+01,1.126320e-05,1.033078e-05,2997897.875,3.410069e-03,3.302841e+01,9.051365e-06,3.342793e-06,3001006.109,6.250000e-05,5.27,22569.97
4802,3.440448e-03,3.295567e+01,1.014583e-05,8.684533e-06,2997899.293,3.515229e-03,3.319836e+01,1.308377e-05,1.291100e-05,3005434.609,6.250000e-05,5.56,22575.53
4803,3.463371e-03,3.295749e+01,1.177841e-05,9.967709e-06,2998194.199,3.471686e-03,3.294982e+01,1.347875e-05,8.383213e-06,2996839.781,6.250000e-05,5.38,22580.91
4804,3.455754e-03,3.297087e+01,1.059672e-05,1.053996e-05,2997915.342,3.472970e-03,3.279452e+01,1.313478e-05,1.243414e-05,2991446.289,6.250000e-05,5.88,22586.79
4805,3.455770e-03,3.294610e+01,1.036956e-05,1.149284e-05,2997827.955,3.401536e-03,3.305516e+01,7.146314e-06,4.911409e-06,3001584.555,6.250000e-05,5.41,22592.21
4806,3.462745e-03,3.296737e+01,1.210334e-05,8.994951e-06,2997969.342,3.432839e-03,3.288309e+01,9.284148e-06,1.033768e-05,2992855.664,6.250000e-05,5.97,22598.18
4807,3.467839e-03,3.298506e+01,1.064307e-05,1.258059e-05,2997998.252,3.417014e-03,3.283982e+01,8.890769e-06,8.824966e-06,2993948.297,6.250000e-05,5.98,22604.16
4808,3.486992e-03,3.296489e+01,1.365510e-05,1.079048e-05,2998005.936,3.436978e-03,3.278898e+01,6.973183e-06,1.766974e-05,2988896.219,6.250000e-05,5.73,22609.89
4809,3.436216e-03,3.295665e+01,9.248178e-06,9.613711e-06,2997880.678,3.660117e-03,3.270515e+01,1.882373e-05,4.027311e-05,2985062.406,6.250000e-05,5.21,22615.10
4810,3.461500e-03,3.296031e+01,1.117002e-05,1.075379e-05,2997809.902,3.422300e-03,3.305364e+01,8.647625e-06,6.092007e-06,3002224.844,6.250000e-05,5.93,22621.04
4811,3.432968e-03,3.296422e+01,9.930712e-06,7.447642e-06,2998020.686,3.411549e-03,3.293888e+01,9.428787e-06,4.674580e-06,2997718.141,6.250000e-05,5.80,22626.84
4812,3.441347e-03,3.295751e+01,9.967042e-06,9.185105e-06,2997959.074,3.442640e-03,3.306631e+01,7.125984e-06,1.294980e-05,3007169.250,6.250000e-05,5.39,22632.22
4813,3.449380e-03,3.296117e+01,9.837156e-06,1.097812e-05,2997919.930,3.473951e-03,3.317061e+01,1.138354e-05,8.610966e-06,3005928.703,6.250000e-05,5.68,22637.91
4814,3.431735e-03,3.295210e+01,9.139802e-06,9.025406e-06,2998085.713,3.448011e-03,3.284341e+01,8.355894e-06,1.602214e-05,2992862.312,6.250000e-05,5.79,22643.70
4815,3.445293e-03,3.296077e+01,1.056943e-05,8.704239e-06,2997894.812,3.450952e-03,3.284520e+01,1.037989e-05,1.252679e-05,2992966.352,6.250000e-05,6.06,22649.76
4816,3.437305e-03,3.294649e+01,9.753763e-06,9.023595e-06,2997898.885,3.386889e-03,3.291453e+01,7.255706e-06,4.575863e-06,2996671.562,6.250000e-05,5.89,22655.65
4817,3.446244e-03,3.295925e+01,1.008288e-05,9.898060e-06,2998049.398,3.476525e-03,3.271951e+01,7.959746e-06,2.499537e-05,2986871.008,6.250000e-05,5.66,22661.31
4818,3.453052e-03,3.296830e+01,1.096286e-05,9.318721e-06,2997874.252,3.387701e-03,3.300403e+01,6.136328e-06,5.186922e-06,3000288.078,6.250000e-05,5.84,22667.15
4819,3.438645e-03,3.295260e+01,1.034238e-05,7.992379e-06,2997959.752,3.401218e-03,3.292014e+01,7.705123e-06,6.430572e-06,2998055.250,6.250000e-05,6.18,22673.33
4820,3.460115e-03,3.297177e+01,1.177006e-05,9.047381e-06,2997995.148,3.423627e-03,3.302299e+01,1.015638e-05,3.952777e-06,3000198.531,6.250000e-05,5.53,22678.85
4821,3.466256e-03,3.296416e+01,1.078215e-05,1.240384e-05,2997861.451,3.459478e-03,3.304120e+01,1.219360e-05,6.684285e-06,3002168.891,6.250000e-05,5.71,22684.56
4822,3.444185e-03,3.296381e+01,1.028759e-05,8.985626e-06,2998040.066,3.494205e-03,3.311226e+01,1.138411e-05,1.382752e-05,3006429.602,6.250000e-05,6.17,22690.73
4823,3.448526e-03,3.296465e+01,1.044944e-05,9.513255e-06,2998014.703,3.429729e-03,3.289041e+01,6.993548e-06,1.415046e-05,2995935.781,6.250000e-05,5.65,22696.38
4824,3.476390e-03,3.297871e+01,1.186036e-05,1.198293e-05,2997998.355,3.461907e-03,3.280065e+01,1.206917e-05,1.223007e-05,2992910.703,6.250000e-05,5.70,22702.08
4825,3.442500e-03,3.294658e+01,9.659548e-06,1.024930e-05,2997769.094,3.448169e-03,3.301572e+01,1.218660e-05,4.946227e-06,3002176.281,6.250000e-05,5.81,22707.89
4826,3.435423e-03,3.294466e+01,9.899461e-06,8.392585e-06,2998041.768,3.403671e-03,3.290390e+01,7.124502e-06,8.407130e-06,2996972.344,6.250000e-05,5.66,22713.55
4827,3.446537e-03,3.295175e+01,9.800238e-06,1.067199e-05,2997974.322,3.449887e-03,3.282407e+01,1.112245e-05,1.125128e-05,2992427.688,6.250000e-05,5.52,22719.07
4828,3.455264e-03,3.294827e+01,1.055188e-05,1.098381e-05,2997898.369,3.538501e-03,3.299684e+01,2.083107e-05,6.101192e-06,2999344.508,6.250000e-05,5.58,22724.66
4829,3.457124e-03,3.296210e+01,1.126028e-05,9.662218e-06,2997996.838,3.570027e-03,3.303841e+01,2.423194e-05,4.773331e-06,2997728.062,6.250000e-05,5.44,22730.10
4830,3.453331e-03,3.295616e+01,9.938716e-06,1.166560e-05,2998016.369,3.433872e-03,3.281666e+01,8.683906e-06,1.307344e-05,2991327.594,6.250000e-05,5.82,22735.91
4831,3.433610e-03,3.295798e+01,9.548554e-06,8.465286e-06,2997782.498,3.448070e-03,3.315700e+01,7.681594e-06,1.111069e-05,3006975.312,6.250000e-05,5.86,22741.77
4832,3.440152e-03,3.294574e+01,9.507679e-06,1.010017e-05,2998045.781,3.398939e-03,3.287422e+01,8.092179e-06,6.119230e-06,2994414.508,6.250000e-05,5.24,22747.01
4833,3.476724e-03,3.296962e+01,1.215222e-05,1.164814e-05,2997850.537,3.499411e-03,3.318334e+01,1.196263e-05,1.229018e-05,3007888.297,6.250000e-05,5.45,22752.46
4834,3.435797e-03,3.295675e+01,9.676277e-06,8.671833e-06,2998076.246,3.429316e-03,3.294911e+01,1.038031e-05,6.120310e-06,2998287.664,6.250000e-05,6.18,22758.63
4835,3.434802e-03,3.293685e+01,1.010339e-05,8.016707e-06,2997851.488,3.441648e-03,3.312646e+01,7.759562e-06,1.028125e-05,3006790.172,6.250000e-05,5.93,22764.57
4836,3.427797e-03,3.294762e+01,8.995961e-06,8.615112e-06,2998019.150,3.555887e-03,3.327754e+01,1.587634e-05,1.387402e-05,3009636.484,6.250000e-05,5.66,22770.23
4837,3.445524e-03,3.295192e+01,9.917942e-06,1.023052e-05,2997997.818,3.395772e-03,3.297890e+01,7.501558e-06,4.573323e-06,2998464.695,6.250000e-05,5.30,22775.54
4838,3.459135e-03,3.297731e+01,1.126769e-05,9.745404e-06,2997934.873,3.384775e-03,3.284162e+01,6.033166e-06,8.056259e-06,2994728.680,6.250000e-05,5.71,22781.24
4839,3.423147e-03,3.294369e+01,8.813407e-06,8.128723e-06,2997937.471,3.419577e-03,3.303350e+01,8.455873e-06,6.333753e-06,3002080.375,6.250000e-05,5.47,22786.71
4840,3.440275e-03,3.294036e+01,8.942698e-06,1.136240e-05,2997949.658,3.483722e-03,3.317316e+01,1.255286e-05,8.175397e-06,3005947.805,6.250000e-05,5.74,22792.45
4841,3.442635e-03,3.295798e+01,9.467393e-06,1.043271e-05,2998021.883,3.409232e-03,3.305389e+01,6.884289e-06,7.000192e-06,3003814.031,6.250000e-05,6.26,22798.72
4842,3.475718e-03,3.298835e+01,1.330772e-05,8.761190e-06,2997961.695,3.451895e-03,3.298376e+01,1.160675e-05,7.490319e-06,3002202.141,6.250000e-05,5.01,22803.72
4843,3.433767e-03,3.293787e+01,9.471277e-06,9.053462e-06,2997812.328,3.577581e-03,3.336012e+01,1.208138e-05,2.415106e-05,3013357.375,6.250000e-05,5.58,22809.30
4844,3.436101e-03,3.295520e+01,9.678572e-06,8.759177e-06,2998141.715,3.440737e-03,3.284729e+01,1.056506e-05,1.007147e-05,2994596.312,6.250000e-05,6.02,22815.32
4845,3.429994e-03,3.295346e+01,9.549483e-06,7.830745e-06,2997990.006,3.440675e-03,3.281811e+01,8.874657e-06,1.402356e-05,2991714.469,6.250000e-05,5.85,22821.17
4846,3.422982e-03,3.295867e+01,9.469638e-06,6.483697e-06,2997987.531,3.466039e-03,3.278712e+01,1.194000e-05,1.358533e-05,2993023.297,6.250000e-05,5.88,22827.04
4847,3.430698e-03,3.295619e+01,9.906557e-06,7.202654e-06,2997892.367,3.405892e-03,3.288660e+01,7.904422e-06,7.637557e-06,2998420.320,6.250000e-05,5.72,22832.77
4848,3.443678e-03,3.294815e+01,1.038703e-05,8.998605e-06,2997908.543,3.372949e-03,3.299155e+01,5.360726e-06,4.037371e-06,2999783.805,6.250000e-05,5.95,22838.72
4849,3.434924e-03,3.296598e+01,8.847586e-06,9.970165e-06,2998054.980,3.457595e-03,3.274228e+01,8.047368e-06,2.057861e-05,2989148.328,6.250000e-05,5.26,22843.98
4850,3.427617e-03,3.296102e+01,9.352310e-06,7.598456e-06,2997984.342,3.480963e-03,3.270629e+01,8.281646e-06,2.550345e-05,2989555.969,6.250000e-05,6.28,22850.25
4851,3.483599e-03,3.296427e+01,1.154270e-05,1.434898e-05,2997845.695,3.446569e-03,3.294131e+01,1.239405e-05,5.699579e-06,2998145.188,6.250000e-05,5.65,22855.90
4852,3.469197e-03,3.296843e+01,1.185369e-05,1.076337e-05,2997896.557,3.458677e-03,3.313527e+01,8.835727e-06,1.135861e-05,3006874.125,6.250000e-05,6.00,22861.91
4853,3.452164e-03,3.295651e+01,1.088222e-05,9.538060e-06,2997998.379,3.528299e-03,3.300933e+01,1.817931e-05,9.114651e-06,2998918.156,6.250000e-05,5.42,22867.33
4854,3.447433e-03,3.297547e+01,1.072309e-05,8.531013e-06,2997950.525,3.415552e-03,3.281101e+01,7.047352e-06,1.279541e-05,2996288.125,6.250000e-05,5.72,22873.05
4855,3.443226e-03,3.293782e+01,9.265779e-06,1.135728e-05,2997973.533,3.444356e-03,3.288588e+01,1.184443e-05,7.464714e-06,2994595.352,6.250000e-05,5.79,22878.84
4856,3.445355e-03,3.296566e+01,1.017848e-05,9.400842e-06,2997973.020,3.462210e-03,3.286636e+01,1.215279e-05,1.080930e-05,2993792.438,6.250000e-05,5.64,22884.48
4857,3.439621e-03,3.295314e+01,9.213063e-06,1.043540e-05,2998130.666,3.483876e-03,3.283328e+01,1.237889e-05,1.535172e-05,2991423.898,6.250000e-05,5.86,22890.34
4858,3.436693e-03,3.296275e+01,9.656388e-06,8.770851e-06,2997973.951,3.415604e-03,3.279779e+01,6.643086e-06,1.387897e-05,2992052.312,6.250000e-05,6.23,22896.57
4859,3.440937e-03,3.295694e+01,1.034922e-05,8.350161e-06,2997861.818,3.607737e-03,3.277984e+01,2.069833e-05,2.455397e-05,2987769.672,6.250000e-05,5.62,22902.19
4860,3.455417e-03,3.297194e+01,1.132674e-05,8.991241e-06,2997958.078,3.429600e-03,3.284797e+01,9.373233e-06,1.021418e-05,2993397.117,6.250000e-05,5.37,22907.56
4861,3.431673e-03,3.294364e+01,9.988282e-06,7.485237e-06,2997837.234,3.525240e-03,3.320691e+01,1.422486e-05,1.246011e-05,3008074.359,6.250000e-05,5.91,22913.48
4862,3.425756e-03,3.295164e+01,9.623545e-06,6.871527e-06,2998102.236,3.584431e-03,3.257886e+01,7.410248e-06,5.048836e-05,2980594.844,6.250000e-05,6.10,22919.58
4863,3.452352e-03,3.296002e+01,1.021772e-05,1.083461e-05,2997796.445,3.547741e-03,3.306739e+01,1.630820e-05,1.558395e-05,3006158.031,6.250000e-05,5.53,22925.10
4864,3.468166e-03,3.297891e+01,1.201331e-05,1.002849e-05,2998113.477,3.591158e-03,3.313847e+01,1.585446e-05,2.375330e-05,3008155.289,6.250000e-05,5.91,22931.01
4865,3.466262e-03,3.296743e+01,1.055245e-05,1.279907e-05,2997799.627,3.439600e-03,3.292460e+01,9.524889e-06,1.037832e-05,2997573.859,6.250000e-05,5.58,22936.59
4866,3.443664e-03,3.294482e+01,9.842184e-06,1.015195e-05,2997967.619,3.427728e-03,3.301632e+01,9.909179e-06,5.400875e-06,2999111.359,6.250000e-05,5.44,22942.03
4867,3.446301e-03,3.295114e+01,1.000296e-05,1.023167e-05,2997983.844,3.383050e-03,3.295723e+01,6.288179e-06,4.888927e-06,2998248.695,6.250000e-05,5.85,22947.88
4868,3.427669e-03,3.295635e+01,9.173608e-06,8.059541e-06,2997975.689,3.522455e-03,3.318289e+01,8.808298e-06,2.321659e-05,3011245.781,6.250000e-05,5.80,22953.68
4869,3.451246e-03,3.295108e+01,9.909749e-06,1.140824e-05,2997940.602,3.411016e-03,3.299983e+01,8.679927e-06,4.846574e-06,2998247.164,6.250000e-05,5.44,22959.12
4870,3.457319e-03,3.297028e+01,9.321859e-06,1.341461e-05,2998039.143,3.417213e-03,3.281264e+01,7.122489e-06,1.294500e-05,2993626.469,6.250000e-05,5.56,22964.68
4871,3.466303e-03,3.295734e+01,1.185095e-05,1.041181e-05,2997978.371,3.625445e-03,3.322149e+01,1.629211e-05,2.807502e-05,3008484.656,6.250000e-05,5.59,22970.27
4872,3.429250e-03,3.295252e+01,9.372750e-06,8.054117e-06,2997928.539,3.417822e-03,3.284436e+01,9.203099e-06,8.271020e-06,2994896.414,6.250000e-05,5.41,22975.68
4873,3.425861e-03,3.294701e+01,9.580908e-06,7.070128e-06,2997982.932,3.393680e-03,3.296311e+01,6.775295e-06,5.923270e-06,2999676.734,6.250000e-05,6.05,22981.73
4874,3.424095e-03,3.295853e+01,9.715720e-06,6.216885e-06,2997963.412,3.483818e-03,3.284796e+01,1.480533e-05,1.019383e-05,2992763.703,6.250000e-05,5.77,22987.50
4875,3.438007e-03,3.295024e+01,9.694391e-06,9.207893e-06,2997968.426,3.414439e-03,3.291945e+01,8.478256e-06,7.542270e-06,2995370.828,6.250000e-05,6.20,22993.70
4876,3.467657e-03,3.297615e+01,1.157212e-05,1.086420e-05,2997943.932,3.399832e-03,3.289290e+01,7.647017e-06,6.814276e-06,2996368.531,6.250000e-05,5.27,22998.97
4877,3.428898e-03,3.294412e+01,8.579068e-06,9.739188e-06,2997856.311,3.424918e-03,3.296957e+01,7.904245e-06,9.783634e-06,2999907.414,6.250000e-05,5.53,23004.50
4878,3.453700e-03,3.295996e+01,1.138189e-05,8.776968e-06,2998035.666,3.462373e-03,3.305295e+01,1.350416e-05,4.407166e-06,3000861.016,6.250000e-05,5.78,23010.28
4879,3.443459e-03,3.295633e+01,1.020189e-05,9.161610e-06,2998005.959,3.409300e-03,3.281464e+01,7.926699e-06,9.713753e-06,2993717.508,6.250000e-05,5.58,23015.86
4880,3.457167e-03,3.297472e+01,1.079796e-05,1.034317e-05,2998001.842,3.671089e-03,3.244947e+01,1.024537e-05,6.473756e-05,2977952.914,6.250000e-05,5.76,23021.62
4881,3.443932e-03,3.293412e+01,9.454816e-06,1.119442e-05,2997899.006,3.489009e-03,3.270164e+01,9.644096e-06,2.448093e-05,2986499.797,6.250000e-05,5.85,23027.47
4882,3.459434e-03,3.294987e+01,1.083770e-05,1.121407e-05,2997928.354,3.412988e-03,3.288353e+01,8.878913e-06,7.169187e-06,2994989.523,6.250000e-05,5.59,23033.06
4883,3.430189e-03,3.295866e+01,8.929099e-06,9.006455e-06,2997844.941,3.408125e-03,3.282173e+01,6.440626e-06,1.230926e-05,2991827.422,6.250000e-05,5.19,23038.25
4884,3.435982e-03,3.295287e+01,9.196525e-06,9.745979e-06,2998072.613,3.399660e-03,3.291187e+01,7.037831e-06,7.618963e-06,2996596.562,6.250000e-05,5.78,23044.03
4885,3.445774e-03,3.296132e+01,1.063318e-05,8.661938e-06,2997860.615,3.477794e-03,3.312668e+01,1.217850e-05,8.668118e-06,3005228.250,6.250000e-05,4.88,23048.91
4886,3.450450e-03,3.295740e+01,1.008815e-05,1.076561e-05,2997904.045,3.447376e-03,3.308027e+01,9.354751e-06,9.160283e-06,3004621.789,6.250000e-05,5.63,23054.54
4887,3.437739e-03,3.295484e+01,1.063905e-05,7.172973e-06,2998061.514,3.419309e-03,3.282976e+01,7.974215e-06,1.131815e-05,2992864.289,6.250000e-05,5.24,23059.78
4888,3.446689e-03,3.295340e+01,9.409687e-06,1.145045e-05,2997971.967,3.443988e-03,3.271259e+01,6.871112e-06,2.080363e-05,2989045.000,6.250000e-05,5.74,23065.52
4889,3.459853e-03,3.296064e+01,1.037068e-05,1.201656e-05,2997867.371,3.405777e-03,3.304016e+01,6.962922e-06,6.426438e-06,3003857.344,6.250000e-05,5.90,23071.42
4890,3.439828e-03,3.294541e+01,9.374964e-06,1.030739e-05,2997939.344,3.414893e-03,3.297467e+01,9.400709e-06,4.683706e-06,3000158.133,6.250000e-05,5.93,23077.35
4891,3.435579e-03,3.294607e+01,9.606646e-06,8.981266e-06,2997948.734,3.406439e-03,3.291993e+01,9.482247e-06,3.924581e-06,2996852.445,6.250000e-05,6.00,23083.35
4892,3.445252e-03,3.295755e+01,9.857155e-06,1.018504e-05,2998289.279,3.856757e-03,3.242403e+01,1.991611e-05,8.303860e-05,2974910.336,6.250000e-05,5.89,23089.24
4893,3.473599e-03,3.295007e+01,1.163743e-05,1.244360e-05,2997685.715,3.465996e-03,3.291239e+01,1.362619e-05,7.699071e-06,2994640.539,6.250000e-05,5.69,23094.93
4894,3.448907e-03,3.297139e+01,1.047575e-05,9.402222e-06,2997925.609,3.404186e-03,3.288547e+01,7.462540e-06,8.202683e-06,2994878.891,6.250000e-05,5.61,23100.54
4895,3.457473e-03,3.295128e+01,9.795178e-06,1.287867e-05,2997768.803,3.422383e-03,3.299371e+01,8.193866e-06,8.214721e-06,3000813.742,6.250000e-05,5.34,23105.88
4896,3.436659e-03,3.295297e+01,9.754545e-06,8.763420e-06,2997990.641,3.406712e-03,3.296846e+01,8.280128e-06,5.413035e-06,2999867.250,6.250000e-05,5.73,23111.61
4897,3.457407e-03,3.295995e+01,1.119314e-05,9.896014e-06,2998001.977,3.442681e-03,3.299368e+01,1.133366e-05,5.995217e-06,3001311.977,6.250000e-05,5.55,23117.16
4898,3.441954e-03,3.294587e+01,9.795411e-06,9.882678e-06,2997994.316,3.499657e-03,3.301314e+01,1.513865e-05,9.391326e-06,2994898.688,6.250000e-05,5.54,23122.70
4899,3.451270e-03,3.295691e+01,1.023847e-05,1.063887e-05,2997781.936,3.586025e-03,3.311417e+01,2.246037e-05,1.000091e-05,3004624.289,6.250000e-05,6.14,23128.84
4900,3.448374e-03,3.296039e+01,1.038147e-05,9.704145e-06,2998139.520,3.408977e-03,3.301733e+01,7.660407e-06,6.128039e-06,2999460.664,6.250000e-05,5.22,23134.06
4901,3.459221e-03,3.296221e+01,1.144136e-05,9.717340e-06,2998016.426,3.443217e-03,3.276898e+01,8.571661e-06,1.612055e-05,2989986.914,6.250000e-05,5.52,23139.58
4902,3.425982e-03,3.294889e+01,9.077469e-06,8.063683e-06,2997925.605,3.456555e-03,3.321696e+01,8.603543e-06,9.764864e-06,3006878.609,6.250000e-05,5.51,23145.09
4903,3.435950e-03,3.296379e+01,8.980973e-06,9.952325e-06,2997987.826,3.417894e-03,3.284967e+01,9.107053e-06,8.371181e-06,2995796.516,6.250000e-05,5.61,23150.70
4904,3.432850e-03,3.295443e+01,1.028957e-05,6.902309e-06,2997912.240,3.487555e-03,3.291275e+01,1.387187e-05,1.151225e-05,2995394.742,6.250000e-05,4.91,23155.61
4905,3.440844e-03,3.294302e+01,9.679307e-06,9.949733e-06,2997935.520,3.384429e-03,3.299593e+01,7.128886e-06,2.709337e-06,3000085.656,6.250000e-05,5.40,23161.01
4906,3.422850e-03,3.294947e+01,8.676512e-06,8.227468e-06,2997992.854,3.452347e-03,3.295117e+01,1.066064e-05,1.012486e-05,3002634.711,6.250000e-05,5.45,23166.45
4907,3.445884e-03,3.296293e+01,1.023474e-05,9.448712e-06,2997993.248,3.426603e-03,3.301388e+01,1.045940e-05,4.124310e-06,2998166.656,6.250000e-05,6.14,23172.59
4908,3.435799e-03,3.293281e+01,9.838304e-06,8.826885e-06,2997814.043,3.453853e-03,3.309960e+01,9.918103e-06,8.942303e-06,3004126.875,6.250000e-05,5.49,23178.08
4909,3.457430e-03,3.296487e+01,1.127519e-05,9.638205e-06,2998109.793,3.416864e-03,3.286854e+01,8.252124e-06,9.497761e-06,2998331.508,6.250000e-05,4.81,23182.89
4910,3.427870e-03,3.294256e+01,8.934049e-06,8.854697e-06,2997930.836,3.426740e-03,3.296140e+01,9.983602e-06,6.152892e-06,3000716.586,6.250000e-05,5.68,23188.57
4911,3.433766e-03,3.294443e+01,9.964859e-06,7.935030e-06,2997932.133,3.462924e-03,3.286145e+01,1.196937e-05,1.141709e-05,2991805.609,6.250000e-05,5.62,23194.20
4912,3.449858e-03,3.295662e+01,1.027867e-05,1.028188e-05,2997967.152,3.450605e-03,3.299426e+01,9.430657e-06,1.137457e-05,2997644.539,6.250000e-05,5.45,23199.67
4913,3.434035e-03,3.296174e+01,1.019874e-05,7.174698e-06,2997959.066,3.417294e-03,3.303880e+01,6.569416e-06,9.544008e-06,3004543.516,6.250000e-05,5.04,23204.71
4914,3.424974e-03,3.293939e+01,8.624696e-06,8.957628e-06,2997876.121,3.382345e-03,3.295544e+01,6.116248e-06,5.127620e-06,3000525.594,6.250000e-05,5.92,23210.63
4915,3.472268e-03,3.296923e+01,1.183099e-05,1.140702e-05,2998019.725,3.396797e-03,3.297823e+01,6.191276e-06,7.412284e-06,3002512.672,6.250000e-05,6.11,23216.74
4916,3.452114e-03,3.296983e+01,1.103261e-05,8.960996e-06,2997963.670,3.449532e-03,3.297461e+01,8.904243e-06,1.260587e-05,3002069.289,6.250000e-05,5.67,23222.42
4917,3.434440e-03,3.294200e+01,9.558554e-06,8.930871e-06,2998048.639,3.504086e-03,3.276739e+01,1.294806e-05,1.957316e-05,2988912.852,6.250000e-05,5.55,23227.97
4918,3.434560e-03,3.295492e+01,1.038399e-05,7.045529e-06,2997897.121,3.400822e-03,3.297375e+01,7.482259e-06,5.724808e-06,3001874.633,6.250000e-05,5.65,23233.61
4919,3.440647e-03,3.294273e+01,1.055361e-05,8.167499e-06,2997946.545,3.397877e-03,3.303757e+01,7.362145e-06,4.099918e-06,3000509.820,6.250000e-05,5.03,23238.65
4920,3.496631e-03,3.297140e+01,1.359848e-05,1.270136e-05,2997962.840,3.422769e-03,3.296967e+01,7.629215e-06,9.902035e-06,2998556.195,6.250000e-05,5.81,23244.45
4921,3.451439e-03,3.294859e+01,1.020666e-05,1.090275e-05,2997941.748,3.456780e-03,3.308149e+01,9.322066e-06,1.108207e-05,3004552.219,6.250000e-05,5.35,23249.80
4922,3.422249e-03,3.294824e+01,8.539896e-06,8.405192e-06,2997972.279,3.399704e-03,3.276981e+01,5.729966e-06,1.308486e-05,2992806.047,6.250000e-05,5.25,23255.06
4923,3.449612e-03,3.295597e+01,1.064695e-05,9.509047e-06,2997967.383,3.425624e-03,3.311674e+01,8.289284e-06,6.211473e-06,3005504.227,6.250000e-05,5.10,23260.16
4924,3.447252e-03,3.295733e+01,1.019381e-05,9.916199e-06,2997963.133,3.556574e-03,3.327575e+01,8.281363e-06,2.923712e-05,3014551.680,6.250000e-05,4.95,23265.11
4925,3.449228e-03,3.295004e+01,1.044971e-05,9.945404e-06,2997976.518,3.390096e-03,3.300760e+01,7.355928e-06,3.155333e-06,3000765.555,6.250000e-05,5.71,23270.82
4926,3.451090e-03,3.296497e+01,1.121382e-05,8.491019e-06,2998052.545,3.420481e-03,3.294779e+01,1.043109e-05,4.278171e-06,2997393.258,6.250000e-05,5.41,23276.23
4927,3.447005e-03,3.295734e+01,9.805204e-06,1.064374e-05,2997901.000,3.420448e-03,3.289107e+01,9.611992e-06,7.044169e-06,2997183.961,6.250000e-05,6.14,23282.38
4928,3.458051e-03,3.296719e+01,1.035722e-05,1.155198e-05,2998030.252,3.531968e-03,3.273436e+01,1.069424e-05,3.031790e-05,2985401.461,6.250000e-05,5.48,23287.86
4929,3.469496e-03,3.296603e+01,1.227615e-05,1.002640e-05,2998035.041,3.636113e-03,3.263862e+01,1.526271e-05,4.392481e-05,2983756.984,6.250000e-05,5.47,23293.34
4930,3.438826e-03,3.294520e+01,9.864076e-06,9.132987e-06,2997781.398,3.399232e-03,3.295042e+01,7.307548e-06,6.223047e-06,2996254.680,6.250000e-05,5.57,23298.91
4931,3.429170e-03,3.294010e+01,9.507148e-06,8.017585e-06,2997918.398,3.416576e-03,3.314754e+01,6.556997e-06,7.250280e-06,3005734.281,6.250000e-05,5.24,23304.15
4932,3.427977e-03,3.294731e+01,8.818256e-06,9.012812e-06,2998035.182,3.398299e-03,3.289269e+01,7.510609e-06,6.784703e-06,2995213.867,6.250000e-05,5.55,23309.70
4933,3.491304e-03,3.296821e+01,1.267537e-05,1.354571e-05,2997921.279,3.465973e-03,3.309913e+01,1.121776e-05,8.776506e-06,3004756.805,6.250000e-05,5.90,23315.60
4934,3.431626e-03,3.294989e+01,9.732396e-06,7.862681e-06,2997961.773,3.544840e-03,3.303868e+01,2.218880e-05,3.816806e-06,3000311.070,6.250000e-05,5.18,23320.78
4935,3.450223e-03,3.295505e+01,1.069822e-05,9.547093e-06,2998057.756,3.507563e-03,3.278703e+01,1.368044e-05,1.841108e-05,2992062.234,6.250000e-05,4.94,23325.72
4936,3.452069e-03,3.296350e+01,1.063030e-05,9.883233e-06,2997824.193,3.487015e-03,3.283052e+01,1.476317e-05,1.126629e-05,2994489.594,6.250000e-05,5.76,23331.48
4937,3.430762e-03,3.295333e+01,9.295729e-06,8.494219e-06,2998044.957,3.395000e-03,3.293779e+01,7.632374e-06,4.979406e-06,2997911.898,6.250000e-05,6.08,23337.58
4938,3.431848e-03,3.295117e+01,9.695371e-06,7.955539e-06,2998002.037,3.415535e-03,3.271654e+01,6.138148e-06,1.649976e-05,2989537.703,6.250000e-05,5.41,23342.99
4939,3.426051e-03,3.294108e+01,9.461332e-06,7.465883e-06,2997940.643,3.431716e-03,3.308138e+01,9.065239e-06,6.585174e-06,3002976.094,6.250000e-05,5.09,23348.09
4940,3.433482e-03,3.294506e+01,9.795986e-06,8.203252e-06,2997947.277,3.410377e-03,3.293645e+01,8.318924e-06,6.708673e-06,2995446.539,6.250000e-05,5.53,23353.62
4941,3.432856e-03,3.294930e+01,9.502025e-06,8.581121e-06,2997906.877,3.403778e-03,3.307045e+01,6.618778e-06,6.109023e-06,3003387.750,6.250000e-05,5.65,23359.27
4942,3.441799e-03,3.294821e+01,1.016382e-05,9.067848e-06,2997944.906,3.422053e-03,3.295328e+01,1.000689e-05,5.331295e-06,2998849.859,6.250000e-05,5.03,23364.30
4943,3.430419e-03,3.293172e+01,9.195532e-06,9.058281e-06,2997935.195,3.454568e-03,3.322768e+01,5.477529e-06,1.540498e-05,3009885.750,6.250000e-05,4.75,23369.05
4944,3.443432e-03,3.296886e+01,9.786677e-06,9.735822e-06,2998135.875,3.420140e-03,3.290751e+01,1.040051e-05,5.076799e-06,2997165.852,6.250000e-05,4.94,23374.00
4945,3.440175e-03,3.293847e+01,9.755539e-06,9.754619e-06,2997903.869,3.423563e-03,3.294857e+01,1.088157e-05,3.977961e-06,2999529.039,6.250000e-05,5.61,23379.61
4946,3.441985e-03,3.294784e+01,1.057904e-05,8.282013e-06,2997940.672,3.415904e-03,3.282585e+01,9.031199e-06,8.601491e-06,2993528.961,6.250000e-05,5.47,23385.07
4947,3.437070e-03,3.294184e+01,9.960646e-06,8.655745e-06,2997927.740,3.471225e-03,3.313394e+01,7.553494e-06,1.645913e-05,3006932.234,6.250000e-05,5.61,23390.68
4948,3.453008e-03,3.295987e+01,1.038027e-05,1.064373e-05,2997990.725,3.407645e-03,3.298509e+01,8.110192e-06,5.606861e-06,2998569.617,6.250000e-05,5.26,23395.94
4949,3.425334e-03,3.294846e+01,9.139165e-06,7.819226e-06,2997944.637,3.399451e-03,3.303926e+01,6.811552e-06,5.482078e-06,3003159.234,6.250000e-05,5.61,23401.56
4950,3.427766e-03,3.294861e+01,9.526655e-06,7.527631e-06,2998060.090,3.424547e-03,3.279231e+01,7.401854e-06,1.425950e-05,2990946.227,6.250000e-05,6.03,23407.59
4951,3.441046e-03,3.294996e+01,1.039740e-05,8.415398e-06,2997915.387,3.459376e-03,3.266969e+01,5.994269e-06,2.649287e-05,2985571.219,6.250000e-05,5.29,23412.88
4952,3.453886e-03,3.293990e+01,9.796563e-06,1.238614e-05,2997806.201,3.500510e-03,3.316862e+01,9.983908e-06,1.676160e-05,3008395.039,6.250000e-05,4.95,23417.83
4953,3.434961e-03,3.293850e+01,9.413888e-06,9.394464e-06,2997998.902,3.533860e-03,3.320529e+01,1.378130e-05,1.510370e-05,3009383.430,6.250000e-05,5.03,23422.87
4954,3.452580e-03,3.295493e+01,1.020614e-05,1.100508e-05,2997939.977,3.403031e-03,3.304796e+01,7.671548e-06,4.303951e-06,3003401.914,6.250000e-05,5.73,23428.60
4955,3.441644e-03,3.295443e+01,1.009813e-05,9.043971e-06,2998004.740,3.474600e-03,3.299762e+01,1.442730e-05,6.113102e-06,2998009.984,6.250000e-05,5.87,23434.46
4956,3.435336e-03,3.294942e+01,9.818244e-06,8.442262e-06,2997967.338,3.386404e-03,3.302526e+01,6.251604e-06,4.272453e-06,3002564.188,6.250000e-05,5.35,23439.81
4957,3.440905e-03,3.295084e+01,1.049478e-05,8.174589e-06,2997921.777,3.476396e-03,3.308712e+01,1.182905e-05,9.878838e-06,3006598.312,6.250000e-05,5.48,23445.29
4958,3.439249e-03,3.294049e+01,1.026311e-05,8.513685e-06,2998008.451,3.431435e-03,3.297567e+01,1.076154e-05,5.250526e-06,2999792.023,6.250000e-05,5.66,23450.95
4959,3.431505e-03,3.293113e+01,9.254839e-06,9.168653e-06,2997904.689,3.387200e-03,3.297479e+01,6.563027e-06,4.818174e-06,2999172.422,6.250000e-05,5.51,23456.46
4960,3.449914e-03,3.295179e+01,9.595995e-06,1.175487e-05,2997977.309,3.433572e-03,3.288236e+01,1.097538e-05,7.116442e-06,2995815.172,6.250000e-05,5.47,23461.93
4961,3.452309e-03,3.294542e+01,1.021279e-05,1.112792e-05,2997843.820,3.515933e-03,3.317542e+01,1.049224e-05,1.869378e-05,3010090.109,6.250000e-05,5.24,23467.18
4962,3.458559e-03,3.295987e+01,1.157653e-05,9.361526e-06,2998005.908,3.398878e-03,3.293825e+01,7.822503e-06,5.365451e-06,2998342.977,6.250000e-05,5.11,23472.28
4963,3.455129e-03,3.294920e+01,1.012374e-05,1.179437e-05,2998019.396,3.533748e-03,3.317009e+01,1.604826e-05,1.125118e-05,3006165.836,6.250000e-05,4.90,23477.18
4964,3.429926e-03,3.295051e+01,9.531754e-06,7.911519e-06,2997987.119,3.386914e-03,3.299640e+01,6.116464e-06,5.221817e-06,3002082.047,6.250000e-05,5.57,23482.75
4965,3.420572e-03,3.294094e+01,8.990150e-06,7.315321e-06,2997954.498,3.456080e-03,3.277051e+01,8.329256e-06,1.914739e-05,2989311.234,6.250000e-05,5.62,23488.38
4966,3.449972e-03,3.293799e+01,1.099396e-05,9.246754e-06,2997995.598,3.400979e-03,3.303022e+01,8.217910e-06,3.155620e-06,2999339.477,6.250000e-05,5.40,23493.77
4967,3.441219e-03,3.294753e+01,1.038973e-05,8.513715e-06,2997897.141,3.468222e-03,3.291246e+01,1.367036e-05,8.054500e-06,2997998.328,6.250000e-05,5.58,23499.35
4968,3.447269e-03,3.294938e+01,1.002316e-05,1.041988e-05,2997995.914,3.457342e-03,3.291945e+01,1.223075e-05,8.617930e-06,2996282.148,6.250000e-05,5.18,23504.52
4969,3.439034e-03,3.294458e+01,1.026581e-05,8.383702e-06,2997832.574,3.488617e-03,3.310291e+01,1.081013e-05,1.404493e-05,3007656.016,6.250000e-05,5.62,23510.15
4970,3.426948e-03,3.293811e+01,9.739981e-06,7.147348e-06,2997982.975,3.400288e-03,3.304030e+01,6.122318e-06,7.007067e-06,3004289.492,6.250000e-05,5.00,23515.15
4971,3.436817e-03,3.295088e+01,1.016551e-05,8.014777e-06,2997968.191,3.471057e-03,3.300536e+01,1.330853e-05,7.487036e-06,3002559.172,6.250000e-05,5.49,23520.64
4972,3.438216e-03,3.294188e+01,9.334373e-06,1.013682e-05,2998088.176,3.477559e-03,3.264123e+01,7.086225e-06,2.851473e-05,2985664.539,6.250000e-05,4.47,23525.11
4973,3.424529e-03,3.293293e+01,9.411915e-06,7.423432e-06,2997819.984,3.396493e-03,3.301985e+01,7.371152e-06,4.159320e-06,3000190.102,6.250000e-05,5.57,23530.69
4974,3.452924e-03,3.294699e+01,1.094227e-05,9.760670e-06,2997962.205,3.440759e-03,3.312885e+01,7.441267e-06,1.069236e-05,3006688.391,6.250000e-05,5.05,23535.73
4975,3.458941e-03,3.295708e+01,1.131190e-05,1.002279e-05,2998045.428,3.398780e-03,3.290243e+01,6.082147e-06,9.543233e-06,2995560.398,6.250000e-05,5.44,23541.18
4976,3.443728e-03,3.294920e+01,9.893095e-06,9.975352e-06,2997963.016,3.413884e-03,3.298169e+01,8.838023e-06,5.466994e-06,2999392.883,6.250000e-05,5.37,23546.54
4977,3.437608e-03,3.295428e+01,1.016929e-05,8.097553e-06,2997987.143,3.426503e-03,3.291448e+01,8.439287e-06,1.013252e-05,2994373.672,6.250000e-05,5.14,23551.68
4978,3.449926e-03,3.294882e+01,1.075460e-05,9.499607e-06,2997907.535,3.463896e-03,3.315499e+01,7.605787e-06,1.446789e-05,3005428.164,6.250000e-05,5.30,23556.99
4979,3.448546e-03,3.295834e+01,1.032491e-05,9.892656e-06,2997934.729,3.417444e-03,3.299345e+01,7.853705e-06,7.912417e-06,3002962.102,6.250000e-05,5.06,23562.05
4980,3.430703e-03,3.293899e+01,1.006195e-05,7.236862e-06,2997973.449,3.409625e-03,3.303870e+01,8.033988e-06,5.083032e-06,3001748.828,6.250000e-05,5.11,23567.16
4981,3.452314e-03,3.294662e+01,1.128912e-05,8.952077e-06,2997847.408,3.497978e-03,3.314059e+01,1.410267e-05,8.578475e-06,3003184.047,6.250000e-05,5.15,23572.31
4982,3.464708e-03,3.295097e+01,1.068768e-05,1.254694e-05,2998131.441,3.398423e-03,3.301348e+01,7.394018e-06,4.626990e-06,3000053.492,6.250000e-05,5.00,23577.30
4983,3.437667e-03,3.294480e+01,9.926274e-06,8.784797e-06,2997885.689,3.510405e-03,3.272409e+01,1.050393e-05,2.659138e-05,2986629.039,6.250000e-05,5.46,23582.76
4984,3.442985e-03,3.295145e+01,1.079997e-05,7.968174e-06,2997965.885,3.403347e-03,3.285880e+01,8.020517e-06,7.452396e-06,2995388.539,6.250000e-05,5.11,23587.88
4985,3.453113e-03,3.295279e+01,1.144456e-05,8.677729e-06,2997966.232,3.416247e-03,3.278192e+01,6.191481e-06,1.522819e-05,2990352.516,6.250000e-05,5.25,23593.12
4986,3.439151e-03,3.293731e+01,9.537200e-06,1.000958e-05,2997900.070,3.470027e-03,3.306640e+01,1.378372e-05,5.109969e-06,3002498.719,6.250000e-05,4.77,23597.89
4987,3.451090e-03,3.295073e+01,1.150015e-05,8.203140e-06,2997947.082,3.431706e-03,3.289563e+01,1.131071e-05,5.807094e-06,2996607.609,6.250000e-05,5.34,23603.23
4988,3.441731e-03,3.295220e+01,1.007991e-05,9.142395e-06,2998028.652,3.485063e-03,3.309401e+01,1.037978e-05,1.437276e-05,3005230.875,6.250000e-05,4.85,23608.08
4989,3.445836e-03,3.293723e+01,9.948334e-06,1.052588e-05,2997953.881,3.465011e-03,3.294957e+01,1.266355e-05,8.683766e-06,2998534.117,6.250000e-05,5.45,23613.53
4990,3.457911e-03,3.295144e+01,1.105942e-05,1.043460e-05,2997939.990,3.402804e-03,3.291222e+01,7.877812e-06,6.560713e-06,2996978.945,6.250000e-05,5.65,23619.18
4991,3.436936e-03,3.293908e+01,1.009606e-05,8.413549e-06,2997984.980,3.395288e-03,3.290237e+01,7.359136e-06,6.291878e-06,2995143.414,6.250000e-05,5.57,23624.75
4992,3.437062e-03,3.294711e+01,1.011179e-05,8.246610e-06,2998062.113,3.593157e-03,3.276507e+01,2.049341e-05,2.234313e-05,2987657.164,6.250000e-05,6.10,23630.85
4993,3.457603e-03,3.294901e+01,1.112244e-05,1.029554e-05,2997855.598,3.411680e-03,3.282266e+01,8.293570e-06,9.295537e-06,2992549.203,6.250000e-05,5.98,23636.82
4994,3.432994e-03,3.295033e+01,1.038784e-05,6.816577e-06,2998019.908,3.465333e-03,3.273331e+01,8.679591e-06,2.104127e-05,2988099.266,6.250000e-05,5.45,23642.28
4995,3.456151e-03,3.295937e+01,1.162655e-05,8.789692e-06,2997926.750,3.523644e-03,3.307767e+01,1.698165e-05,9.212112e-06,2998675.477,6.250000e-05,4.81,23647.09
4996,3.452983e-03,3.295158e+01,1.028005e-05,1.100477e-05,2997965.539,3.445876e-03,3.284829e+01,1.144947e-05,9.310496e-06,2994158.945,6.250000e-05,5.09,23652.18
4997,3.424743e-03,3.293911e+01,9.552593e-06,7.061301e-06,2998024.080,3.433047e-03,3.293203e+01,1.047233e-05,7.024072e-06,2994757.320,6.250000e-05,5.03,23657.21
4998,3.443942e-03,3.294596e+01,9.827341e-06,1.021468e-05,2997930.986,3.561088e-03,3.292368e+01,1.990371e-05,1.393662e-05,2992021.656,6.250000e-05,5.19,23662.40
4999,3.439418e-03,3.294433e+01,9.810490e-06,9.376062e-06,2997909.689,3.436007e-03,3.303738e+01,9.542946e-06,7.367972e-06,3003212.055,6.250000e-05,5.51,23667.91
5000,3.436097e-03,3.294566e+01,9.856477e-06,8.593206e-06,2997982.566,3.416732e-03,3.285542e+01,7.237804e-06,1.176231e-05,2993593.859,6.250000e-05,5.52,23673.43
