epoch,train_loss,train_pde,train_bc,train_current,train_Ip,val_loss,val_pde,val_bc,val_current,val_Ip,lr,epoch_seconds,elapsed_seconds
1,6.285403e+02,6.025395e+06,5.114496e-01,4.177258e+00,3390568.702,2.880876e+02,2.716037e+06,5.174625e-01,2.261861e+00,3833428.051,1.000000e-05,12.87,12.87
2,2.022119e+02,1.922219e+06,5.701307e-01,8.577327e-01,2393265.204,1.224744e+02,1.144565e+06,6.099444e-01,3.836879e-01,2152358.854,1.500000e-05,8.49,21.36
3,1.303202e+02,1.218751e+06,5.639672e-01,5.610861e-01,2030415.802,7.777110e+01,6.972465e+05,5.357193e-01,5.378520e-01,2285971.955,2.000000e-05,8.56,29.93
4,1.063539e+02,9.831553e+05,5.022020e-01,6.032661e-01,1936247.323,7.590527e+01,7.013261e+05,4.376050e-01,2.793234e-01,3785991.699,2.500000e-05,8.53,38.45
5,8.328616e+01,7.678301e+05,3.444019e-01,6.118252e-01,1964135.209,8.804662e+01,8.385063e+05,2.627777e-01,3.136436e-01,1681295.905,3.000000e-05,8.81,47.26
6,8.727904e+01,8.131600e+05,3.324016e-01,5.278050e-01,2124029.386,1.569521e+02,1.420923e+06,3.004980e-01,2.370961e+00,-878055.291,3.500000e-05,8.37,55.63
7,8.369099e+01,7.702354e+05,3.360445e-01,6.614007e-01,2142462.864,3.481498e+01,2.918163e+05,2.663802e-01,5.939105e-01,853219.242,4.000000e-05,9.00,64.63
8,6.152460e+01,5.664586e+05,2.333162e-01,5.091161e-01,2180619.898,7.528783e+01,6.624665e+05,2.896787e-01,1.228879e+00,30897.115,4.500000e-05,8.61,73.24
9,9.110577e+01,8.600905e+05,2.772651e-01,4.648152e-01,2334820.252,4.780370e+01,4.498539e+05,1.731973e-01,2.172684e-01,2875082.186,5.000000e-05,9.02,82.27
10,1.175783e+02,1.120388e+06,1.821172e-01,7.436565e-01,1911139.171,6.862355e+01,6.385997e+05,2.438769e-01,4.649611e-01,1548674.044,5.500000e-05,8.53,90.80
11,1.451608e+02,1.398911e+06,1.708230e-01,7.122934e-01,1932828.150,6.088014e+01,5.741481e+05,8.675076e-02,5.195655e-01,1510119.086,6.000000e-05,8.91,99.71
12,9.323403e+01,8.912977e+05,1.361123e-01,5.486291e-01,2109064.009,4.549449e+01,4.328664e+05,1.266583e-01,1.882548e-01,2114235.582,6.500000e-05,8.54,108.26
13,5.011774e+01,4.761488e+05,8.632622e-02,3.279210e-01,2102658.679,5.979432e+01,5.786261e+05,1.216147e-01,1.431129e-01,3440275.352,7.000000e-05,9.07,117.34
14,4.038435e+01,3.723946e+05,1.096870e-01,4.096042e-01,1969006.733,1.831283e+01,1.684787e+05,4.271637e-02,2.075583e-01,2491700.789,7.500000e-05,8.81,126.15
15,2.027923e+01,1.826085e+05,6.170651e-02,2.802634e-01,2063344.053,4.502778e+01,4.285748e+05,3.847894e-02,3.571013e-01,1590011.507,8.000000e-05,8.72,134.90
16,1.167737e+01,1.027513e+05,4.315732e-02,1.941325e-01,2191044.318,2.277362e+01,1.608776e+05,3.906239e-02,1.259048e+00,-52976.519,8.500000e-05,8.63,143.53
17,8.611876e+00,7.159214e+04,4.948049e-02,1.915714e-01,2248572.220,1.453236e+01,1.256633e+05,1.845172e-02,3.563025e-01,1351159.182,9.000000e-05,8.67,152.20
18,6.130870e+00,4.953117e+04,5.203373e-02,1.314832e-01,2359339.417,2.095622e+00,1.555384e+04,2.993078e-02,4.818599e-02,2634280.574,9.500000e-05,8.33,160.53
19,3.037060e+00,2.271837e+04,3.656127e-02,7.992194e-02,2516708.936,4.210669e+00,1.968352e+04,5.552764e-02,3.374082e-01,1453032.688,1.000000e-04,8.69,169.22
20,3.068240e+00,2.184136e+04,4.176178e-02,9.329725e-02,2445758.805,1.732791e+00,1.281450e+04,2.127963e-02,4.770901e-02,2669780.336,1.050000e-04,8.54,177.80
21,2.187814e+00,1.421056e+04,3.310502e-02,8.714159e-02,2544254.128,3.261330e+00,2.512310e+04,2.372092e-02,1.023621e-01,2185042.102,1.100000e-04,9.10,186.90
22,1.759167e+00,1.101696e+04,3.197034e-02,6.755367e-02,2576891.563,9.252990e-01,4.560007e+03,2.615659e-02,4.154648e-02,2542029.969,1.150000e-04,8.89,195.79
23,1.169372e+00,5.776179e+03,3.055045e-02,5.724994e-02,2626106.596,8.550964e-01,3.707829e+03,2.179548e-02,5.327175e-02,2413624.750,1.200000e-04,8.58,204.37
24,1.028030e+00,4.694845e+03,2.993507e-02,5.183894e-02,2628671.557,5.108029e-01,2.079065e+03,1.945807e-02,2.166314e-02,2859840.797,1.250000e-04,8.71,213.08
25,8.938682e-01,3.923190e+03,2.775024e-02,4.480936e-02,2661571.375,4.596555e-01,1.364559e+03,2.000838e-02,2.462315e-02,2927952.586,1.300000e-04,8.18,221.26
26,7.995364e-01,3.447392e+03,2.375157e-02,4.345631e-02,2702644.124,5.891766e-01,2.574950e+03,2.232447e-02,2.168739e-02,3044900.344,1.350000e-04,8.45,229.72
27,6.646738e-01,2.752344e+03,2.096406e-02,3.595976e-02,2724496.398,7.374235e-01,2.040694e+03,1.122864e-02,8.421354e-02,2256343.426,1.400000e-04,7.51,237.23
28,6.509936e-01,2.303672e+03,2.197057e-02,4.018414e-02,2716340.562,5.116114e-01,1.602132e+03,1.146185e-02,4.735593e-02,2481629.984,1.450000e-04,8.50,245.73
29,5.619092e-01,1.985460e+03,1.828016e-02,3.611233e-02,2747533.790,3.681486e-01,1.347387e+03,1.318377e-02,2.031444e-02,2821581.742,1.500000e-04,8.81,254.55
30,4.711403e-01,1.780708e+03,1.612742e-02,2.635906e-02,2780804.477,3.566601e-01,1.064492e+03,1.598618e-02,1.806983e-02,3043453.430,1.550000e-04,8.57,263.12
31,4.108131e-01,1.575113e+03,1.291115e-02,2.483806e-02,2817188.267,3.991971e-01,1.439123e+03,1.511029e-02,2.083638e-02,3190701.953,1.600000e-04,9.17,272.29
32,3.587656e-01,1.198015e+03,1.293554e-02,2.192174e-02,2826158.193,2.395252e-01,6.985328e+02,6.592995e-03,2.074840e-02,2802105.109,1.650000e-04,8.46,280.74
33,3.071406e-01,1.146293e+03,1.052703e-02,1.744822e-02,2852630.264,1.717281e-01,5.698410e+02,6.581224e-03,9.786350e-03,2783253.672,1.700000e-04,8.59,289.34
34,2.344335e-01,9.290709e+02,8.770352e-03,1.076458e-02,2882152.594,2.658303e-01,7.437155e+02,1.179956e-02,1.469264e-02,2778935.219,1.750000e-04,9.32,298.66
35,2.351682e-01,8.643652e+02,9.160330e-03,1.142568e-02,2891067.422,4.238545e-01,1.016975e+03,1.512527e-02,3.418086e-02,2518371.086,1.800000e-04,8.75,307.41
36,2.562162e-01,8.360162e+02,1.064028e-02,1.324237e-02,2885825.956,1.517633e-01,6.299121e+02,3.676589e-03,1.040123e-02,2777972.008,1.850000e-04,8.89,316.31
37,2.310279e-01,9.110285e+02,8.267820e-03,1.144938e-02,2896022.240,1.748246e-01,6.138053e+02,7.976149e-03,6.736524e-03,2846752.531,1.900000e-04,8.93,325.24
38,2.018839e-01,6.183423e+02,7.800834e-03,1.240826e-02,2897395.219,1.959428e-01,6.575742e+02,8.768439e-03,8.500201e-03,3140342.250,1.950000e-04,8.93,334.17
39,1.879335e-01,6.947421e+02,7.189891e-03,9.312072e-03,2912284.705,1.117377e-01,5.537503e+02,2.747010e-03,5.778521e-03,2853814.570,2.000000e-04,8.58,342.74
40,2.314143e-01,7.105107e+02,8.377264e-03,1.531813e-02,2889956.611,1.315769e-01,4.258011e+02,5.166637e-03,7.466083e-03,2845209.547,2.050000e-04,8.61,351.36
41,2.202995e-01,6.589026e+02,8.127436e-03,1.462697e-02,2903378.014,3.406506e-01,1.050905e+03,1.197284e-02,2.316634e-02,2931336.844,2.100000e-04,8.51,359.87
42,1.676154e-01,5.970416e+02,7.029555e-03,7.523142e-03,2921165.541,9.072921e-02,3.435006e+02,4.025439e-03,3.224951e-03,2995008.555,2.150000e-04,8.47,368.36
43,1.490491e-01,5.181799e+02,5.886171e-03,7.673882e-03,2931741.596,7.239752e-02,2.760500e+02,3.225901e-03,2.506702e-03,2914219.508,2.200000e-04,8.47,376.82
44,1.730210e-01,5.632080e+02,6.642150e-03,1.005573e-02,2915914.930,2.297208e-01,4.570974e+02,1.192996e-02,1.294230e-02,3025921.883,2.250000e-04,8.67,385.50
45,1.479331e-01,4.533480e+02,5.921011e-03,8.677645e-03,2931660.292,1.165237e-01,2.772542e+02,2.864158e-03,1.203134e-02,2797145.969,2.300000e-04,8.54,394.03
46,1.333997e-01,3.531150e+02,6.567644e-03,6.482352e-03,2929426.098,2.701129e-01,7.076992e+02,1.775597e-02,4.356657e-03,2965182.023,2.350000e-04,8.52,402.55
47,1.420470e-01,4.502693e+02,6.543590e-03,6.316843e-03,2926501.252,1.274758e-01,3.342990e+02,4.303411e-03,1.020237e-02,3185024.250,2.400000e-04,8.87,411.42
48,1.116387e-01,3.532431e+02,4.885209e-03,5.492455e-03,2948119.500,1.562108e-01,8.715419e+02,2.512630e-03,8.786069e-03,2742076.805,2.450000e-04,9.00,420.42
49,1.432744e-01,5.152209e+02,5.948173e-03,6.454115e-03,2932209.906,8.471300e-01,5.876995e+02,1.285601e-02,1.319600e-01,2029769.117,2.500000e-04,9.83,430.25
50,1.685481e-01,4.017595e+02,6.987588e-03,1.169926e-02,2917889.412,1.258014e-01,3.572090e+02,7.826956e-03,2.362184e-03,2918865.562,2.550000e-04,9.29,439.56
51,1.327915e-01,3.976308e+02,5.881323e-03,6.843043e-03,2930907.633,8.848866e-02,3.385160e+02,4.223954e-03,2.479503e-03,3054900.977,2.600000e-04,9.11,448.67
52,1.373736e-01,3.904387e+02,6.187319e-03,7.291304e-03,2934766.540,7.725001e-02,2.347499e+02,4.487220e-03,1.780564e-03,3034795.273,2.650000e-04,8.84,457.51
53,1.477697e-01,3.772196e+02,7.228894e-03,7.551754e-03,2930426.396,1.975741e-01,3.624357e+02,1.459503e-02,3.076050e-03,2943379.984,2.700000e-04,8.97,466.48
54,1.344237e-01,3.614145e+02,6.217947e-03,7.220547e-03,2933227.133,5.951995e-02,2.129938e+02,2.792609e-03,2.058895e-03,3027473.609,2.750000e-04,8.60,475.09
55,1.330758e-01,3.528581e+02,6.330750e-03,6.896499e-03,2939361.500,1.252557e-01,3.648046e+02,6.759915e-03,4.235211e-03,2968184.125,2.800000e-04,9.65,484.74
56,1.279604e-01,3.505974e+02,6.283515e-03,6.013098e-03,2934312.371,1.000564e-01,5.504607e+02,2.595569e-03,3.810936e-03,2890698.078,2.850000e-04,9.04,493.79
57,1.256014e-01,3.323647e+02,5.672089e-03,7.128799e-03,2938360.135,9.025813e-02,3.283242e+02,5.190605e-03,1.103932e-03,3018198.031,2.900000e-04,8.97,502.77
58,1.298110e-01,3.711373e+02,6.471081e-03,5.597295e-03,2935994.000,1.710104e-01,3.784135e+02,8.778592e-03,9.076635e-03,2797001.766,2.950000e-04,8.83,511.60
59,1.508463e-01,4.012067e+02,7.397397e-03,7.350335e-03,2931466.178,2.133670e-01,6.556198e+02,1.067990e-02,8.201207e-03,2955792.180,3.000000e-04,8.80,520.40
60,1.380533e-01,3.905991e+02,6.348124e-03,7.102432e-03,2932621.998,1.600948e-01,4.474404e+02,5.090641e-03,1.288887e-02,3249065.281,3.050000e-04,9.27,529.68
61,2.004418e-01,4.426185e+02,8.896540e-03,1.344291e-02,2914445.432,4.449693e-01,7.036386e+02,2.451161e-02,2.589787e-02,2674159.539,3.100000e-04,8.77,538.45
62,1.514940e-01,3.485546e+02,7.022152e-03,9.283395e-03,2937965.928,6.438640e-02,2.330988e+02,2.808643e-03,2.598016e-03,3048941.562,3.150000e-04,9.39,547.84
63,1.255878e-01,3.256842e+02,6.225700e-03,6.152485e-03,2941276.418,1.182143e-01,3.048192e+02,3.628322e-03,1.028983e-02,3218988.109,3.200000e-04,8.66,556.50
64,1.463344e-01,3.585330e+02,6.723273e-03,8.649667e-03,2928296.410,2.482653e-01,3.658965e+02,1.913432e-02,4.066503e-03,3055841.344,3.250000e-04,9.21,565.71
65,1.285919e-01,3.642806e+02,6.178052e-03,6.076659e-03,2937409.020,1.812889e-01,2.057243e+02,1.417401e-02,3.795269e-03,2938840.266,3.300000e-04,8.88,574.59
66,1.573790e-01,3.680928e+02,7.738808e-03,8.636319e-03,2935751.738,2.038975e-01,2.611769e+02,6.897007e-03,2.176195e-02,2575425.844,3.350000e-04,8.54,583.14
67,1.097615e-01,3.025700e+02,5.367036e-03,5.166821e-03,2943402.691,2.898786e-01,3.039772e+02,2.370360e-02,4.488978e-03,2985324.922,3.400000e-04,8.82,591.95
68,1.182436e-01,2.917220e+02,5.612672e-03,6.588933e-03,2942751.613,1.163350e-01,2.320767e+02,6.428731e-03,5.767997e-03,3045856.852,3.450000e-04,8.88,600.83
69,1.011942e-01,2.363602e+02,5.350030e-03,4.811576e-03,2952522.602,1.464922e-01,2.768678e+02,1.013129e-02,3.498498e-03,3143846.680,3.500000e-04,9.16,609.99
70,1.156641e-01,2.852527e+02,6.192239e-03,5.043293e-03,2943062.787,9.150699e-02,2.515125e+02,4.998116e-03,3.274919e-03,2971272.773,3.550000e-04,9.43,619.42
71,1.309320e-01,2.872922e+02,6.104068e-03,8.232420e-03,2924880.145,1.567199e-01,3.374395e+02,5.319739e-03,1.395572e-02,3259932.641,3.600000e-04,9.05,628.49
72,1.273984e-01,2.606014e+02,6.404326e-03,7.459000e-03,2945673.291,5.380587e-02,1.843892e+02,2.431303e-03,2.210785e-03,2951072.758,3.650000e-04,8.48,636.97
73,1.282562e-01,2.851485e+02,6.859103e-03,6.230059e-03,2940466.662,6.852852e-02,3.460950e+02,2.584577e-03,1.614649e-03,2991084.109,3.700000e-04,8.63,645.61
74,1.257236e-01,3.664394e+02,6.299015e-03,5.217897e-03,2940407.561,9.093565e-02,1.768136e+02,5.005985e-03,4.638887e-03,2871990.141,3.750000e-04,8.85,654.45
75,1.412156e-01,3.365458e+02,6.980963e-03,7.550284e-03,2935631.850,7.495866e-02,3.290717e+02,2.934728e-03,2.540842e-03,2940387.141,3.800000e-04,8.56,663.01
76,1.376343e-01,3.152350e+02,7.301578e-03,6.619004e-03,2935829.352,7.473041e-02,2.159410e+02,3.690890e-03,3.245483e-03,2868216.438,3.850000e-04,8.76,671.77
77,1.137230e-01,2.415722e+02,6.203130e-03,5.506906e-03,2947078.242,1.853288e-01,2.313146e+02,7.698734e-03,1.704201e-02,2655312.461,3.900000e-04,9.18,680.95
78,1.389344e-01,2.975250e+02,6.667912e-03,8.500560e-03,2931802.389,7.522159e-02,2.390562e+02,4.003097e-03,2.257003e-03,2960202.797,3.950000e-04,8.69,689.64
79,1.743622e-01,3.253312e+02,8.970297e-03,1.042523e-02,2920607.418,1.196280e-01,3.072787e+02,7.125687e-03,3.528658e-03,2952408.164,4.000000e-04,9.20,698.84
80,1.146100e-01,2.431696e+02,6.175860e-03,5.706891e-03,2948578.223,8.140137e-02,2.506418e+02,4.996920e-03,1.273596e-03,2988772.617,4.050000e-04,9.12,707.96
81,1.048334e-01,2.302885e+02,6.173521e-03,4.013863e-03,2949356.566,1.907222e-01,2.459762e+02,1.244691e-02,8.331094e-03,2983710.664,4.100000e-04,8.71,716.68
82,1.211222e-01,2.457363e+02,6.842973e-03,5.623766e-03,2948733.404,7.039454e-02,2.173343e+02,3.795198e-03,2.141825e-03,2938716.117,4.150000e-04,8.26,724.94
83,1.013591e-01,2.126611e+02,5.634453e-03,4.749688e-03,2949367.334,7.953537e-02,2.447741e+02,2.297857e-03,6.415878e-03,2794843.734,4.200000e-04,8.48,733.42
84,1.044301e-01,2.615891e+02,5.688705e-03,4.276837e-03,2948183.053,1.387737e-01,3.029841e+02,6.698183e-03,8.298689e-03,3232874.977,4.250000e-04,8.89,742.31
85,1.410701e-01,2.832473e+02,7.110287e-03,8.328502e-03,2935092.623,5.046704e-01,3.629494e+02,2.742468e-02,3.882573e-02,2496479.312,4.300000e-04,8.78,751.10
86,1.500214e-01,3.277415e+02,8.150823e-03,7.147803e-03,2932623.721,8.200621e-02,3.600977e+02,3.554249e-03,2.090792e-03,2893816.875,4.350000e-04,8.54,759.64
87,1.014468e-01,2.409896e+02,5.642793e-03,4.183975e-03,2954993.611,8.079760e-02,2.929221e+02,3.659127e-03,2.982824e-03,3012301.219,4.400000e-04,8.72,768.37
88,1.541161e-01,3.035999e+02,7.084420e-03,1.058239e-02,2927345.364,6.392362e-02,2.020611e+02,1.637291e-03,5.468920e-03,2824119.555,4.450000e-04,8.94,777.31
89,1.190687e-01,2.303930e+02,6.547802e-03,6.110280e-03,2949580.246,7.386227e-02,2.315972e+02,4.114907e-03,1.910697e-03,3031392.297,4.500000e-04,8.65,785.96
90,1.580001e-01,2.733011e+02,8.288903e-03,9.556189e-03,2930972.646,5.217805e-02,1.738824e+02,2.608389e-03,1.741184e-03,2896415.180,4.550000e-04,8.66,794.63
91,1.516020e-01,2.875295e+02,8.091931e-03,8.385941e-03,2929625.562,9.904030e-02,2.761342e+02,2.934913e-03,8.415549e-03,2744608.461,4.600000e-04,8.65,803.28
92,1.333716e-01,2.984717e+02,7.106460e-03,6.491955e-03,2939439.102,6.371672e-02,2.256958e+02,3.378845e-03,1.471738e-03,2968289.281,4.650000e-04,8.83,812.11
93,1.274748e-01,2.715941e+02,6.579096e-03,6.904883e-03,2939565.582,9.291868e-02,3.004373e+02,5.024663e-03,2.525664e-03,3110067.469,4.700000e-04,8.74,820.87
94,1.404824e-01,2.740499e+02,7.980904e-03,6.653678e-03,2938209.748,1.122925e-01,2.285715e+02,7.362801e-03,3.161465e-03,2853017.453,4.750000e-04,8.32,829.19
95,1.484587e-01,2.730986e+02,7.829188e-03,8.571398e-03,2929318.289,6.709885e-02,1.775189e+02,4.029749e-03,1.809893e-03,2960672.680,4.800000e-04,8.58,837.77
96,1.022048e-01,2.097894e+02,5.698121e-03,4.848923e-03,2951246.812,5.120363e-02,1.448670e+02,2.627028e-03,2.089330e-03,2935654.891,4.850000e-04,8.64,846.40
97,1.137697e-01,2.105397e+02,5.899852e-03,6.743451e-03,2946753.361,9.254007e-02,2.275037e+02,6.373640e-03,1.210659e-03,2976932.570,4.900000e-04,8.59,855.00
98,1.309347e-01,2.832692e+02,7.545973e-03,5.429605e-03,2941751.416,5.309841e-02,1.844504e+02,2.029740e-03,2.871192e-03,2883536.258,4.950000e-04,8.64,863.63
99,1.984192e-01,2.995051e+02,1.011391e-02,1.346593e-02,2907341.267,8.939335e-02,2.562910e+02,3.495943e-03,5.760965e-03,3149517.164,5.000000e-04,8.62,872.26
100,1.209296e-01,2.955582e+02,6.219760e-03,5.835236e-03,2946996.404,1.082874e-01,2.417706e+02,6.757873e-03,3.306312e-03,3141543.359,5.000000e-04,8.72,880.98
101,1.782393e-01,2.763744e+02,9.418803e-03,1.128276e-02,2927133.593,1.204869e-01,4.751818e+02,6.494537e-03,1.604663e-03,3047398.055,5.000000e-04,8.65,889.63
102,9.804378e-02,2.357481e+02,5.361635e-03,4.170524e-03,2953830.488,6.014708e-02,2.097743e+02,3.471938e-03,8.900543e-04,3059369.188,5.000000e-04,8.95,898.58
103,1.085220e-01,2.135904e+02,6.354294e-03,4.724000e-03,2952592.939,5.604326e-02,1.489624e+02,3.543812e-03,1.141780e-03,2959482.688,5.000000e-04,8.48,907.06
104,1.090772e-01,2.071046e+02,6.416848e-03,4.839662e-03,2947657.328,1.875816e-01,1.795056e+02,9.288336e-03,1.534954e-02,2656592.969,5.000000e-04,8.37,915.43
105,1.077061e-01,2.168463e+02,6.312663e-03,4.578976e-03,2955103.432,5.610292e-02,1.560790e+02,2.589570e-03,2.919864e-03,2917699.430,5.000000e-04,8.29,923.73
106,1.483098e-01,2.435655e+02,7.540983e-03,9.708684e-03,2932534.171,6.718187e-02,2.250847e+02,3.184952e-03,2.564776e-03,2918266.312,5.000000e-04,7.61,931.34
107,8.832172e-02,1.907039e+02,5.193947e-03,3.462372e-03,2959895.086,9.995192e-02,1.793561e+02,5.134320e-03,6.134623e-03,2784806.836,5.000000e-04,8.58,939.92
108,1.043165e-01,1.902891e+02,5.887569e-03,5.282386e-03,2951070.113,5.890580e-02,1.670808e+02,3.489112e-03,1.461322e-03,3024800.742,5.000000e-04,8.53,948.45
109,1.248737e-01,2.107434e+02,7.098458e-03,6.562954e-03,2941082.160,2.084192e-01,1.394489e+02,1.578274e-02,7.329376e-03,2837513.562,5.000000e-04,8.48,956.93
110,1.170100e-01,2.120092e+02,7.012191e-03,5.137438e-03,2950377.943,8.225232e-02,1.579885e+02,3.638357e-03,6.013981e-03,2809513.086,5.000000e-04,8.51,965.45
111,9.249950e-02,1.711578e+02,5.644913e-03,3.786917e-03,2958316.182,9.948761e-02,1.385306e+02,6.418701e-03,4.289507e-03,2857530.672,5.000000e-04,8.29,973.74
112,1.216499e-01,1.859991e+02,6.847821e-03,6.914350e-03,2947802.689,9.549345e-02,1.947280e+02,6.554145e-03,2.095840e-03,2920495.625,5.000000e-04,8.64,982.38
113,7.064201e-02,1.706811e+02,3.901022e-03,2.912737e-03,2963612.287,8.172889e-02,1.328132e+02,5.007276e-03,3.674963e-03,2892485.242,5.000000e-04,8.42,990.80
114,1.186880e-01,1.792127e+02,7.184076e-03,5.785202e-03,2944937.455,3.883674e-01,1.770541e+02,1.818941e-02,3.775357e-02,2573607.539,5.000000e-04,8.48,999.28
115,1.095877e-01,2.026717e+02,6.629380e-03,4.605341e-03,2951967.941,7.377480e-02,1.934306e+02,4.510879e-03,1.864590e-03,2982077.539,5.000000e-04,8.53,1007.81
116,7.782813e-02,1.621252e+02,4.505611e-03,3.311899e-03,2961986.465,6.540852e-02,1.843610e+02,3.595690e-03,2.203104e-03,2905598.070,5.000000e-04,8.70,1016.51
117,9.657284e-02,1.672790e+02,6.013365e-03,3.942259e-03,2957465.072,6.276796e-02,1.436095e+02,4.052531e-03,1.576339e-03,2936701.617,5.000000e-04,8.79,1025.30
118,8.486150e-02,1.443380e+02,5.262900e-03,3.559738e-03,2964993.646,9.429350e-02,1.399873e+02,3.685273e-03,8.688406e-03,2757953.938,5.000000e-04,8.91,1034.21
119,1.122270e-01,1.809230e+02,6.119012e-03,6.588914e-03,2944361.021,5.074658e-02,1.951815e+02,2.150315e-03,1.945058e-03,3034984.086,5.000000e-04,8.63,1042.84
120,8.346870e-02,1.673172e+02,4.860323e-03,3.626751e-03,2964437.221,3.654396e-02,1.269370e+02,1.832971e-03,1.104112e-03,2958625.906,5.000000e-04,9.65,1052.49
121,8.510925e-02,1.571985e+02,5.354293e-03,3.169293e-03,2960013.205,1.209391e-01,1.720036e+02,9.548843e-03,1.650057e-03,3042772.586,5.000000e-04,8.58,1061.06
122,1.027474e-01,1.609187e+02,6.106971e-03,5.117164e-03,2953408.520,7.502260e-02,1.787038e+02,3.779623e-03,3.871198e-03,2849990.461,5.000000e-04,8.53,1069.60
123,1.199476e-01,1.874407e+02,8.141007e-03,3.958688e-03,2958595.582,9.004937e-02,1.912129e+02,5.337172e-03,3.511273e-03,3023749.430,5.000000e-04,8.55,1078.15
124,9.598165e-02,1.684426e+02,5.899908e-03,4.027661e-03,2957473.902,4.554860e-02,1.346507e+02,1.985104e-03,2.446500e-03,3081003.805,5.000000e-04,8.84,1086.99
125,7.640380e-02,1.452539e+02,4.469276e-03,3.437130e-03,2964998.736,1.121266e-01,1.449313e+02,7.129914e-03,5.266859e-03,2823275.148,5.000000e-04,8.58,1095.57
126,1.090842e-01,1.541145e+02,6.992375e-03,4.749803e-03,2954470.697,1.147737e-01,1.381583e+02,8.337682e-03,3.516219e-03,2873446.312,5.000000e-04,8.47,1104.04
127,1.107553e-01,1.646519e+02,6.375857e-03,6.106307e-03,2952892.217,5.883605e-02,1.982315e+02,2.717053e-03,2.368476e-03,3076313.727,5.000000e-04,8.80,1112.84
128,7.944988e-02,1.694318e+02,4.522201e-03,3.456939e-03,2966222.631,3.812023e-02,1.325099e+02,2.266966e-03,4.399166e-04,3025380.523,5.000000e-04,8.93,1121.77
129,7.619788e-02,1.492606e+02,4.513612e-03,3.227139e-03,2961185.242,5.076991e-02,1.812660e+02,2.119260e-03,2.290141e-03,3117059.398,5.000000e-04,8.63,1130.40
130,7.911583e-02,1.485443e+02,4.511004e-03,3.830274e-03,2965326.225,5.127715e-02,1.699165e+02,2.074122e-03,2.708857e-03,2940116.352,5.000000e-04,8.99,1139.40
131,7.593321e-02,1.455842e+02,4.540799e-03,3.193359e-03,2965564.268,4.959435e-02,1.335579e+02,2.929955e-03,1.387803e-03,2974603.055,5.000000e-04,8.62,1148.02
132,7.019579e-02,1.465535e+02,4.029419e-03,3.049251e-03,2964403.047,1.026936e-01,1.165612e+02,8.245909e-03,1.715670e-03,2964074.406,5.000000e-04,8.98,1157.01
133,6.984409e-02,1.407062e+02,4.035999e-03,3.082695e-03,2967990.408,3.755860e-02,1.123509e+02,1.698467e-03,1.867768e-03,2920924.586,5.000000e-04,8.72,1165.73
134,7.340680e-02,1.353501e+02,4.287783e-03,3.398792e-03,2964984.625,3.154655e-02,1.014581e+02,1.711029e-03,8.580907e-04,3026992.344,5.000000e-04,8.89,1174.62
135,8.130238e-02,1.385427e+02,4.621668e-03,4.246287e-03,2967021.500,4.946578e-02,1.286228e+02,2.665303e-03,1.990094e-03,2963488.633,5.000000e-04,8.42,1183.04
136,6.907356e-02,1.243166e+02,4.402893e-03,2.522594e-03,2970615.535,5.934755e-02,2.117457e+02,2.978646e-03,1.677305e-03,2971304.812,5.000000e-04,8.73,1191.77
137,8.731954e-02,1.486799e+02,5.782384e-03,2.925542e-03,2965075.809,3.623111e-02,1.509081e+02,1.353662e-03,1.520735e-03,2910485.367,5.000000e-04,8.95,1200.73
138,6.781209e-02,1.312417e+02,3.750437e-03,3.436709e-03,2964232.559,4.886430e-02,1.243746e+02,3.418467e-03,4.484352e-04,3013746.156,5.000000e-04,8.87,1209.59
139,6.841593e-02,1.444016e+02,3.895270e-03,3.004615e-03,2967587.773,3.485211e-02,1.032019e+02,1.342350e-03,2.221685e-03,2882586.219,5.000000e-04,9.34,1218.93
140,6.666717e-02,1.373477e+02,4.073133e-03,2.440215e-03,2968892.660,6.021965e-02,9.824639e+01,4.570541e-03,9.379217e-04,2956149.664,5.000000e-04,8.58,1227.51
141,5.937115e-02,1.182752e+02,3.644676e-03,2.219374e-03,2970875.744,5.931097e-02,1.208200e+02,4.333353e-03,7.790885e-04,3022643.539,5.000000e-04,9.44,1236.96
142,8.063573e-02,1.429647e+02,5.105453e-03,3.056947e-03,2966283.609,9.586079e-02,1.315752e+02,7.865983e-03,8.086868e-04,2994725.875,5.000000e-04,8.56,1245.51
143,7.089173e-02,1.363481e+02,4.053845e-03,3.343694e-03,2970749.227,5.608383e-02,1.289039e+02,3.391478e-03,1.855733e-03,2888071.227,5.000000e-04,9.36,1254.87
144,8.009054e-02,1.481450e+02,5.046330e-03,2.962548e-03,2963943.355,4.764983e-02,1.298576e+02,2.786343e-03,1.360129e-03,2921047.102,5.000000e-04,8.86,1263.73
145,8.561147e-02,1.449210e+02,4.354439e-03,5.514996e-03,2960049.688,4.652245e-02,1.107777e+02,2.327489e-03,2.433958e-03,2866822.344,5.000000e-04,9.43,1273.16
146,5.208862e-02,1.363173e+02,3.000987e-03,1.689404e-03,2974637.598,2.973066e-02,1.023355e+02,1.742380e-03,4.146607e-04,2975693.203,5.000000e-04,8.75,1281.91
147,6.520738e-02,1.346164e+02,4.163730e-03,2.021690e-03,2972042.297,6.200321e-02,1.341497e+02,4.152949e-03,1.411749e-03,3046820.758,5.000000e-04,8.89,1290.80
148,6.002656e-02,1.204618e+02,3.475515e-03,2.645045e-03,2971132.510,5.058765e-02,1.254093e+02,2.373762e-03,2.861821e-03,3128129.492,5.000000e-04,8.91,1299.71
149,5.721780e-02,1.190088e+02,3.393924e-03,2.275537e-03,2973527.891,9.183237e-02,1.416630e+02,5.639324e-03,4.254566e-03,3144370.383,5.000000e-04,8.66,1308.37
150,6.564413e-02,1.380812e+02,3.694500e-03,2.978200e-03,2968944.486,6.669311e-02,1.103562e+02,3.900454e-03,3.330590e-03,2861465.328,5.000000e-04,8.55,1316.93
151,7.394761e-02,1.171016e+02,4.892924e-03,2.661643e-03,2966072.670,8.781682e-02,1.635594e+02,1.995327e-03,1.030152e-02,3288328.266,5.000000e-04,8.99,1325.92
152,7.646912e-02,1.372479e+02,4.651024e-03,3.246818e-03,2970567.523,5.839132e-02,1.075449e+02,2.899294e-03,3.728779e-03,2877596.555,5.000000e-04,9.43,1335.35
153,4.907184e-02,1.150636e+02,2.850497e-03,1.812102e-03,2977454.729,8.776758e-02,9.752336e+01,4.941529e-03,5.719992e-03,2818325.539,5.000000e-04,9.73,1345.09
154,5.472668e-02,1.083288e+02,3.321650e-03,2.135460e-03,2974576.838,4.098496e-02,1.044193e+02,1.847943e-03,2.412721e-03,2945830.734,5.000000e-04,8.87,1353.96
155,5.305084e-02,1.094596e+02,3.046428e-03,2.328121e-03,2974179.598,4.561642e-02,9.158360e+01,2.631514e-03,2.028585e-03,2916629.914,5.000000e-04,8.67,1362.63
156,5.824105e-02,1.244782e+02,3.679009e-03,1.800629e-03,2971278.670,7.368212e-02,1.138193e+02,5.038929e-03,2.382182e-03,2945536.664,5.000000e-04,8.55,1371.19
157,5.554027e-02,1.198751e+02,3.167498e-03,2.375556e-03,2973003.070,2.913336e-02,1.082163e+02,1.656435e-03,3.494774e-04,2972334.430,5.000000e-04,8.57,1379.76
158,5.834342e-02,1.169259e+02,3.518828e-03,2.292511e-03,2971430.043,4.925538e-02,1.403466e+02,2.008189e-03,3.027767e-03,3136862.430,5.000000e-04,8.69,1388.45
159,6.389875e-02,1.303903e+02,3.797052e-03,2.577842e-03,2971067.297,3.750191e-02,1.155177e+02,1.707459e-03,1.775109e-03,3113462.484,5.000000e-04,8.68,1397.12
160,6.227308e-02,1.181000e+02,4.046818e-03,1.998980e-03,2974346.670,2.962132e-02,1.349099e+02,1.280808e-03,6.644498e-04,3013720.000,5.000000e-04,9.05,1406.18
161,4.839359e-02,1.132830e+02,2.946344e-03,1.520370e-03,2975728.182,1.075467e-01,1.365851e+02,8.390690e-03,1.996262e-03,2937376.305,5.000000e-04,8.95,1415.12
162,8.046090e-02,1.194111e+02,5.451885e-03,2.800188e-03,2969957.014,1.854341e-01,1.485529e+02,7.309087e-03,1.949760e-02,2623652.602,5.000000e-04,8.60,1423.72
163,5.573220e-02,1.182411e+02,3.246864e-03,2.287889e-03,2974422.191,1.202015e-01,1.299166e+02,9.514553e-03,2.412856e-03,3107521.016,5.000000e-04,8.46,1432.18
164,5.344745e-02,1.160141e+02,3.245926e-03,1.877355e-03,2975536.945,1.284982e-01,1.334843e+02,1.003568e-02,2.958589e-03,3149774.555,5.000000e-04,9.30,1441.48
165,5.152974e-02,1.144152e+02,3.210981e-03,1.595681e-03,2976174.068,9.553286e-02,1.142590e+02,7.333809e-03,2.153774e-03,3088086.734,5.000000e-04,9.08,1450.56
166,6.375164e-02,1.150738e+02,3.929886e-03,2.589080e-03,2974173.514,5.520441e-02,1.333466e+02,3.837966e-03,6.980179e-04,2935412.188,5.000000e-04,8.98,1459.54
167,4.970912e-02,1.101638e+02,3.079055e-03,1.580437e-03,2975686.400,6.303548e-02,1.680946e+02,3.686256e-03,1.872692e-03,3028109.742,5.000000e-04,9.12,1468.67
168,6.066155e-02,1.368681e+02,3.541294e-03,2.312360e-03,2973195.117,4.195601e-02,1.447563e+02,2.218617e-03,1.058842e-03,2947675.523,5.000000e-04,8.58,1477.25
169,5.462546e-02,1.240252e+02,3.298077e-03,1.848434e-03,2974829.867,8.113874e-02,1.064086e+02,4.943323e-03,4.212931e-03,2838815.305,5.000000e-04,8.35,1485.60
170,5.038595e-02,1.281873e+02,2.667612e-03,2.178222e-03,2972109.562,5.082654e-02,1.067008e+02,2.262274e-03,3.506743e-03,3155922.094,5.000000e-04,8.42,1494.02
171,4.919807e-02,1.076826e+02,2.898417e-03,1.889129e-03,2977458.707,4.312849e-02,1.005198e+02,3.096482e-03,4.223384e-04,3015014.297,5.000000e-04,8.71,1502.74
172,6.054041e-02,1.196635e+02,3.648089e-03,2.418634e-03,2971288.232,7.650279e-02,9.658853e+01,5.972418e-03,1.423951e-03,2953602.852,5.000000e-04,9.28,1512.01
173,4.945551e-02,1.088110e+02,2.811306e-03,2.092269e-03,2977270.242,4.774975e-02,1.257400e+02,2.515012e-03,2.005126e-03,2927562.898,5.000000e-04,8.33,1520.35
174,5.811816e-02,1.236484e+02,3.704635e-03,1.741394e-03,2975591.893,2.564534e-02,9.623306e+01,8.914573e-04,1.421493e-03,2919848.312,5.000000e-04,8.33,1528.68
175,6.280724e-02,1.080102e+02,4.156197e-03,2.088849e-03,2974205.680,3.169993e-02,1.075365e+02,1.070453e-03,2.048350e-03,2964090.773,5.000000e-04,8.35,1537.03
176,4.822633e-02,1.176456e+02,2.771726e-03,1.748902e-03,2975967.715,4.126337e-02,1.414558e+02,2.182447e-03,1.058663e-03,3003137.266,5.000000e-04,8.25,1545.28
177,4.407719e-02,1.098334e+02,2.525812e-03,1.567146e-03,2979710.406,3.725365e-02,9.883376e+01,2.268021e-03,9.380130e-04,2957354.266,5.000000e-04,9.04,1554.32
178,5.171123e-02,1.065395e+02,3.263166e-03,1.685124e-03,2975923.734,2.728865e-02,1.001030e+02,1.204503e-03,1.046666e-03,3048230.211,5.000000e-04,7.94,1562.26
179,5.476641e-02,1.216748e+02,3.204047e-03,2.111691e-03,2973685.232,4.571917e-02,1.260868e+02,2.192143e-03,2.237811e-03,2890688.820,5.000000e-04,7.93,1570.19
180,4.702432e-02,1.115763e+02,2.617212e-03,1.938913e-03,2975796.867,5.090117e-02,8.819600e+01,2.141676e-03,4.132963e-03,2839683.516,5.000000e-04,8.33,1578.53
181,5.784162e-02,1.124691e+02,3.540032e-03,2.238878e-03,2974518.811,4.869133e-02,1.374146e+02,2.992057e-03,1.005861e-03,3013970.266,5.000000e-04,8.43,1586.96
182,4.665563e-02,1.109327e+02,2.768047e-03,1.576378e-03,2977943.006,2.676678e-02,1.292575e+02,1.098453e-03,5.713006e-04,2993742.539,5.000000e-04,8.67,1595.63
183,5.168355e-02,1.127414e+02,3.101529e-03,1.878825e-03,2974406.000,3.868657e-02,1.222604e+02,2.275419e-03,7.412686e-04,3003388.203,5.000000e-04,8.62,1604.26
184,4.958438e-02,1.100370e+02,2.934879e-03,1.846378e-03,2976632.836,5.022741e-02,1.100734e+02,3.274743e-03,1.294529e-03,2999731.891,5.000000e-04,8.96,1613.25
185,4.479375e-02,1.030033e+02,2.627564e-03,1.643555e-03,2979086.021,2.911602e-02,1.099252e+02,1.591333e-03,4.420344e-04,2991196.031,5.000000e-04,8.26,1621.51
186,4.220164e-02,1.081414e+02,2.525750e-03,1.225998e-03,2979848.332,3.085463e-02,1.109431e+02,1.556635e-03,8.387944e-04,3051683.836,5.000000e-04,8.28,1629.80
187,4.447634e-02,1.026471e+02,2.591214e-03,1.659896e-03,2980262.820,3.054735e-02,1.044620e+02,1.786552e-03,4.471250e-04,3039907.531,5.000000e-04,8.62,1638.42
188,4.822712e-02,1.161646e+02,2.664583e-03,1.992967e-03,2975644.607,2.223691e-02,9.703549e+01,1.164158e-03,1.783553e-04,2988181.000,5.000000e-04,8.94,1647.36
189,5.025793e-02,1.059783e+02,3.099311e-03,1.733399e-03,2977751.307,3.835473e-02,9.851602e+01,2.598367e-03,5.038918e-04,2980747.461,5.000000e-04,8.64,1656.00
190,4.458622e-02,1.006045e+02,2.757370e-03,1.390413e-03,2978009.287,4.474560e-02,1.060501e+02,3.136931e-03,5.542552e-04,2992084.016,5.000000e-04,8.61,1664.62
191,4.076011e-02,1.097523e+02,2.279682e-03,1.397611e-03,2981424.016,2.646921e-02,1.065979e+02,1.289314e-03,5.832540e-04,2987490.844,5.000000e-04,8.46,1673.08
192,4.000813e-02,9.652767e+01,2.405385e-03,1.260303e-03,2981509.021,2.139303e-02,1.122535e+02,9.620890e-04,1.093569e-04,2992398.211,5.000000e-04,8.31,1681.39
193,4.952907e-02,1.018172e+02,3.250909e-03,1.367652e-03,2979082.912,2.634161e-02,9.267781e+01,1.449183e-03,5.163995e-04,2987405.172,5.000000e-04,8.60,1689.99
194,4.095594e-02,1.012350e+02,2.225699e-03,1.715089e-03,2979506.205,3.385363e-02,9.329589e+01,2.154400e-03,5.960085e-04,2977675.992,5.000000e-04,8.57,1698.56
195,4.957995e-02,1.027494e+02,3.027438e-03,1.806126e-03,2977272.826,3.712213e-02,1.029365e+02,2.433464e-03,4.987696e-04,3045224.617,5.000000e-04,8.40,1706.96
196,4.136111e-02,9.915727e+01,2.419590e-03,1.449896e-03,2979277.926,8.527943e-02,9.878300e+01,6.235616e-03,2.608995e-03,2884206.688,5.000000e-04,8.54,1715.50
197,4.170621e-02,1.022304e+02,2.468987e-03,1.358660e-03,2977822.811,3.390988e-02,1.037487e+02,1.376310e-03,1.954380e-03,3119389.188,5.000000e-04,8.70,1724.20
198,4.269851e-02,1.070750e+02,2.624249e-03,1.149703e-03,2981590.328,3.588420e-02,8.958706e+01,2.254793e-03,8.755139e-04,3020117.898,5.000000e-04,8.91,1733.12
199,8.061471e-02,1.113782e+02,5.349784e-03,3.195811e-03,2973792.357,4.695266e-02,9.539583e+01,2.406413e-03,2.669789e-03,2861662.570,5.000000e-04,8.58,1741.69
200,4.339020e-02,1.156811e+02,2.259837e-03,1.844744e-03,2976245.514,6.622525e-02,8.314775e+01,4.340315e-03,2.901464e-03,2924911.398,5.000000e-04,8.88,1750.57
201,4.294982e-02,1.038280e+02,2.522981e-03,1.467441e-03,2977642.967,2.986788e-02,1.184321e+02,1.437210e-03,7.305158e-04,3057089.625,5.000000e-04,8.66,1759.23
202,4.997409e-02,1.005591e+02,3.207353e-03,1.568930e-03,2979362.908,4.637890e-02,1.074245e+02,2.978726e-03,1.169838e-03,2925152.344,5.000000e-04,8.65,1767.89
203,3.927179e-02,1.037574e+02,2.292809e-03,1.193591e-03,2979524.092,4.687987e-02,1.029783e+02,2.965941e-03,1.384526e-03,3086276.570,5.000000e-04,9.56,1777.45
204,4.962707e-02,9.727261e+01,2.792978e-03,2.394006e-03,2975767.715,7.534021e-02,1.034629e+02,6.315914e-03,3.669585e-04,3004673.805,5.000000e-04,9.03,1786.48
205,4.685049e-02,1.094860e+02,2.731319e-03,1.717742e-03,2977403.295,2.505937e-02,9.592910e+01,1.334383e-03,4.245269e-04,3033993.836,5.000000e-04,8.44,1794.92
206,4.021862e-02,9.770083e+01,2.455574e-03,1.178559e-03,2981719.854,3.302938e-02,1.189112e+02,1.530294e-03,1.167064e-03,3067486.109,5.000000e-04,8.61,1803.53
207,4.355337e-02,9.560396e+01,2.594596e-03,1.609404e-03,2979319.051,5.991262e-02,1.008129e+02,4.598260e-03,7.697470e-04,3045684.867,5.000000e-04,8.59,1812.12
208,3.590900e-02,9.616901e+01,2.019055e-03,1.220309e-03,2982144.123,3.603618e-02,9.086187e+01,2.300344e-03,7.893112e-04,2963654.227,5.000000e-04,8.77,1820.89
209,4.206264e-02,9.575659e+01,2.500819e-03,1.495759e-03,2980377.633,2.487714e-02,1.053311e+02,1.025220e-03,8.183652e-04,2977255.422,5.000000e-04,9.13,1830.02
210,4.375329e-02,9.410915e+01,2.728002e-03,1.412470e-03,2979419.484,1.835854e-02,8.739787e+01,5.887217e-04,7.463064e-04,2961977.141,5.000000e-04,8.74,1838.76
211,5.549518e-02,1.006205e+02,3.387736e-03,2.311154e-03,2975608.455,4.070103e-02,1.076548e+02,2.369432e-03,1.248247e-03,3052906.383,5.000000e-04,8.80,1847.56
212,4.608206e-02,9.752137e+01,2.761864e-03,1.742256e-03,2981245.701,4.522875e-02,9.041870e+01,2.514046e-03,2.209284e-03,2940361.773,5.000000e-04,8.42,1856.00
213,5.720254e-02,1.033405e+02,3.155747e-03,3.062206e-03,2971048.686,3.722337e-02,9.197608e+01,2.398924e-03,8.073060e-04,2999922.117,5.000000e-04,8.62,1864.62
214,4.972302e-02,1.050050e+02,2.976039e-03,1.892427e-03,2978818.375,4.456122e-02,8.858323e+01,1.272148e-03,4.596284e-03,2821003.828,5.000000e-04,8.25,1872.87
215,4.623565e-02,1.071148e+02,2.683711e-03,1.737410e-03,2977907.471,2.898380e-02,1.198911e+02,1.251136e-03,8.966659e-04,3021909.039,5.000000e-04,8.58,1881.44
216,4.320244e-02,1.011782e+02,2.597561e-03,1.421801e-03,2982247.316,1.133974e-01,9.045028e+01,5.384974e-03,1.010052e-02,2822976.461,5.000000e-04,8.35,1889.79
217,4.701127e-02,1.051686e+02,2.773027e-03,1.752827e-03,2974435.566,3.996672e-02,9.622098e+01,1.632560e-03,2.803805e-03,2877924.617,5.000000e-04,8.84,1898.64
218,4.537386e-02,1.036964e+02,2.693289e-03,1.614265e-03,2978827.951,3.884622e-02,1.116783e+02,2.389459e-03,7.567601e-04,2986726.383,5.000000e-04,9.01,1907.64
219,5.460713e-02,1.095389e+02,3.132088e-03,2.466473e-03,2974234.088,3.634609e-02,1.051700e+02,2.145208e-03,8.754030e-04,2931033.938,5.000000e-04,8.59,1916.23
220,4.165876e-02,1.065291e+02,2.322875e-03,1.555420e-03,2977957.902,3.093720e-02,1.073457e+02,1.559205e-03,9.221169e-04,2932019.984,5.000000e-04,8.54,1924.78
221,4.420652e-02,1.047720e+02,2.646195e-03,1.453474e-03,2979441.656,2.337345e-02,9.393475e+01,8.681075e-04,1.059780e-03,2920040.227,5.000000e-04,8.57,1933.34
222,4.202337e-02,9.523568e+01,2.597946e-03,1.304070e-03,2982882.328,5.134367e-02,9.200554e+01,2.322090e-03,3.784445e-03,2848613.195,5.000000e-04,8.95,1942.29
223,4.890965e-02,1.121295e+02,2.752065e-03,2.035211e-03,2974804.814,3.103479e-02,9.271817e+01,1.607192e-03,1.138210e-03,2921705.477,5.000000e-04,8.05,1950.35
224,4.487146e-02,1.119086e+02,2.606860e-03,1.522400e-03,2980142.006,5.379888e-02,1.163090e+02,3.586623e-03,1.260351e-03,3006393.320,5.000000e-04,8.06,1958.41
225,4.216426e-02,9.689087e+01,2.368847e-03,1.757340e-03,2978412.143,3.462726e-02,1.137530e+02,2.072249e-03,5.058946e-04,3044275.844,5.000000e-04,8.52,1966.94
226,4.262192e-02,1.010562e+02,2.556771e-03,1.389720e-03,2981165.514,3.220814e-02,8.428684e+01,1.965084e-03,8.257215e-04,2947249.641,5.000000e-04,8.04,1974.98
227,4.034020e-02,9.597213e+01,2.397102e-03,1.354394e-03,2980456.820,2.675109e-02,9.207305e+01,1.469520e-03,5.697168e-04,2940852.383,5.000000e-04,8.12,1983.10
228,3.939290e-02,9.149165e+01,2.455194e-03,1.138361e-03,2981412.227,2.234257e-02,8.709959e+01,1.079098e-03,5.683251e-04,2966668.156,5.000000e-04,8.00,1991.11
229,4.719064e-02,9.812100e+01,2.787998e-03,1.899712e-03,2978898.670,2.914498e-02,8.487031e+01,1.769066e-03,5.934592e-04,3008066.617,5.000000e-04,7.97,1999.07
230,3.876174e-02,9.033034e+01,2.319387e-03,1.306967e-03,2983320.670,3.850097e-02,7.871852e+01,2.062569e-03,2.000687e-03,2931622.164,5.000000e-04,7.96,2007.04
231,3.821839e-02,9.514579e+01,2.245648e-03,1.249467e-03,2981581.193,9.822237e-02,7.479639e+01,5.384908e-03,7.378730e-03,2800520.906,5.000000e-04,7.95,2014.99
232,4.883079e-02,1.009888e+02,2.696456e-03,2.353471e-03,2978926.986,3.840363e-02,7.689838e+01,2.285632e-03,1.571494e-03,2914885.977,5.000000e-04,7.88,2022.86
233,4.508235e-02,9.846187e+01,2.856541e-03,1.334152e-03,2978078.186,2.307204e-02,8.690250e+01,1.143702e-03,5.889535e-04,3042485.031,5.000000e-04,7.89,2030.76
234,3.757714e-02,9.404817e+01,2.189170e-03,1.256125e-03,2983448.227,2.066353e-02,8.841386e+01,9.796465e-04,4.051349e-04,2972685.055,5.000000e-04,8.02,2038.78
235,4.103722e-02,9.079588e+01,2.449412e-03,1.492703e-03,2982504.109,2.899201e-02,8.151567e+01,1.425743e-03,1.316604e-03,2939536.219,5.000000e-04,8.07,2046.86
236,3.376075e-02,9.142073e+01,1.842435e-03,1.238865e-03,2982742.975,2.260293e-02,9.002396e+01,1.146020e-03,4.280670e-04,3034020.727,5.000000e-04,8.03,2054.89
237,4.096636e-02,1.020490e+02,2.410874e-03,1.330545e-03,2980699.744,2.556299e-02,1.062671e+02,1.286259e-03,4.147385e-04,3012211.484,5.000000e-04,7.99,2062.88
238,3.579847e-02,9.219753e+01,2.066982e-03,1.181779e-03,2981351.441,4.305875e-02,9.909508e+01,2.972163e-03,6.855226e-04,3020703.641,5.000000e-04,8.11,2070.99
239,3.694221e-02,9.266028e+01,2.145266e-03,1.244705e-03,2981783.785,2.332812e-02,1.047501e+02,9.849774e-04,6.006689e-04,3038579.648,5.000000e-04,8.49,2079.48
240,4.121931e-02,9.505885e+01,2.509513e-03,1.323660e-03,2983113.691,2.649887e-02,8.629879e+01,7.237694e-04,2.126259e-03,2885773.086,5.000000e-04,8.20,2087.68
241,4.010019e-02,9.166232e+01,2.140717e-03,1.905358e-03,2979002.977,6.697997e-02,9.056750e+01,5.519268e-03,5.461082e-04,2993005.352,5.000000e-04,8.10,2095.78
242,3.399772e-02,8.791718e+01,1.888429e-03,1.264342e-03,2985468.611,3.639951e-02,7.662714e+01,1.630570e-03,2.486220e-03,2866276.688,5.000000e-04,8.12,2103.90
243,4.216894e-02,9.728749e+01,2.433453e-03,1.621132e-03,2978700.758,2.315515e-02,9.529077e+01,1.175935e-03,3.733432e-04,3028937.031,5.000000e-04,8.19,2112.12
244,3.238736e-02,8.532495e+01,1.733179e-03,1.304616e-03,2983147.453,2.487786e-02,8.568383e+01,1.056008e-03,1.149880e-03,2933387.727,5.000000e-04,8.08,2120.19
245,3.989719e-02,9.568835e+01,2.276203e-03,1.513266e-03,2981176.693,3.607383e-02,9.533816e+01,2.414370e-03,4.792638e-04,2980527.602,5.000000e-04,8.01,2128.20
246,3.655565e-02,9.128787e+01,2.089497e-03,1.306379e-03,2982712.512,3.307298e-02,8.158357e+01,1.959697e-03,1.063530e-03,2998808.828,5.000000e-04,7.87,2136.08
247,4.007562e-02,9.210100e+01,2.365521e-03,1.442062e-03,2980412.719,4.055486e-02,1.093356e+02,2.519034e-03,8.861922e-04,2939670.875,5.000000e-04,8.01,2144.08
248,4.013396e-02,9.527742e+01,2.240936e-03,1.639372e-03,2980869.428,3.708562e-02,1.003431e+02,2.332303e-03,7.456562e-04,3020605.914,5.000000e-04,7.79,2151.88
249,3.472562e-02,8.935600e+01,1.922610e-03,1.312784e-03,2984731.252,2.980039e-02,7.561906e+01,1.911089e-03,6.255176e-04,2980341.367,5.000000e-04,7.95,2159.83
250,3.773331e-02,9.346499e+01,2.113196e-03,1.450971e-03,2981317.654,3.505338e-02,1.046404e+02,1.827528e-03,1.262812e-03,2940585.227,5.000000e-04,7.79,2167.62
251,3.717549e-02,9.337565e+01,2.102813e-03,1.361958e-03,2982467.754,2.480960e-02,7.778581e+01,1.263862e-03,8.784806e-04,3000241.891,5.000000e-04,8.01,2175.63
252,3.951667e-02,1.008943e+02,2.165396e-03,1.554655e-03,2980728.408,1.711060e-02,9.140776e+01,7.062590e-04,1.814471e-04,3007101.586,5.000000e-04,7.84,2183.47
253,3.943186e-02,9.615225e+01,2.414273e-03,1.134782e-03,2983448.238,2.825597e-02,8.020266e+01,1.701734e-03,6.436731e-04,2940878.727,5.000000e-04,8.01,2191.48
254,5.379194e-02,9.600289e+01,2.863398e-03,3.111535e-03,2972759.949,3.064839e-02,9.374136e+01,1.453228e-03,1.348396e-03,2939532.414,5.000000e-04,8.01,2199.49
255,3.978441e-02,1.017118e+02,2.289079e-03,1.344487e-03,2979614.346,2.172774e-02,9.752249e+01,9.834262e-04,4.282448e-04,3003678.953,5.000000e-04,7.20,2206.69
256,3.134595e-02,8.653065e+01,1.692792e-03,1.152993e-03,2986648.717,1.670250e-02,7.831890e+01,5.440926e-04,6.859364e-04,2935637.297,5.000000e-04,7.83,2214.52
257,3.952992e-02,8.792780e+01,2.444923e-03,1.257582e-03,2981478.674,2.110203e-02,9.227517e+01,1.007610e-03,3.596831e-04,3001034.422,5.000000e-04,8.07,2222.59
258,3.826834e-02,9.385822e+01,2.014010e-03,1.748484e-03,2982808.250,2.767693e-02,8.026848e+01,1.808297e-03,3.134233e-04,3006167.961,5.000000e-04,7.90,2230.49
259,4.295526e-02,8.853406e+01,2.791203e-03,1.237965e-03,2980289.170,4.655444e-02,1.180654e+02,2.361525e-03,2.226527e-03,3035953.086,5.000000e-04,8.00,2238.50
260,4.122922e-02,1.023358e+02,2.355034e-03,1.489062e-03,2982290.322,3.318978e-02,9.224432e+01,1.580022e-03,1.633025e-03,2939426.766,5.000000e-04,7.65,2246.15
261,4.016374e-02,1.034588e+02,2.372524e-03,1.218524e-03,2982714.467,2.654442e-02,1.002208e+02,1.395210e-03,5.140495e-04,2958819.836,5.000000e-04,7.85,2254.00
262,3.372608e-02,9.604276e+01,1.880713e-03,1.062934e-03,2983083.553,4.657370e-02,9.182911e+01,2.328931e-03,2.820297e-03,2942082.703,5.000000e-04,8.13,2262.14
263,3.933889e-02,8.944375e+01,2.274102e-03,1.530699e-03,2981047.887,2.288219e-02,7.951935e+01,1.125415e-03,7.352204e-04,2952627.914,5.000000e-04,7.80,2269.94
264,3.341311e-02,9.008465e+01,1.865028e-03,1.150874e-03,2983338.996,2.311646e-02,8.943019e+01,8.454835e-04,1.143721e-03,3067416.500,5.000000e-04,7.98,2277.92
265,3.731903e-02,8.915769e+01,2.146818e-03,1.387017e-03,2983239.270,3.741551e-02,7.484736e+01,2.635172e-03,7.158103e-04,2959616.125,5.000000e-04,7.97,2285.89
266,3.177651e-02,8.759789e+01,1.728757e-03,1.145830e-03,2984773.654,2.871710e-02,1.199879e+02,1.305114e-03,7.334333e-04,2949860.047,5.000000e-04,7.94,2293.84
267,4.835068e-02,1.027523e+02,2.590872e-03,2.433346e-03,2973945.914,4.284024e-02,1.068675e+02,1.626333e-03,3.178032e-03,3130905.695,5.000000e-04,8.21,2302.05
268,3.230735e-02,9.297725e+01,1.715585e-03,1.170756e-03,2983751.816,2.671351e-02,1.057805e+02,1.106718e-03,1.013656e-03,3001842.453,5.000000e-04,8.04,2310.09
269,4.446787e-02,9.395657e+01,2.505722e-03,2.002997e-03,2978937.137,2.742542e-02,8.805253e+01,1.384545e-03,9.549435e-04,3037070.906,5.000000e-04,7.98,2318.07
270,3.574786e-02,8.850219e+01,2.070276e-03,1.238976e-03,2984458.404,3.757759e-02,8.576493e+01,2.681343e-03,4.375336e-04,3033137.094,5.000000e-04,8.09,2326.16
271,4.126580e-02,9.051857e+01,2.428264e-03,1.586260e-03,2981333.107,2.707070e-02,8.507081e+01,1.582839e-03,5.470453e-04,2976632.492,5.000000e-04,7.71,2333.87
272,3.065090e-02,8.778297e+01,1.739663e-03,8.951941e-04,2984571.625,2.598818e-02,8.414216e+01,1.587520e-03,3.397536e-04,2982572.953,5.000000e-04,7.95,2341.82
273,3.563769e-02,8.718247e+01,2.044982e-03,1.293924e-03,2981719.531,5.967992e-02,9.095876e+01,3.695654e-03,2.725500e-03,3134292.000,5.000000e-04,7.29,2349.11
274,4.031448e-02,9.163095e+01,2.187250e-03,1.855777e-03,2982190.492,2.033822e-02,7.670573e+01,7.052443e-04,1.123041e-03,2944898.109,5.000000e-04,8.06,2357.17
275,3.226986e-02,9.111326e+01,1.736341e-03,1.159026e-03,2984635.023,3.044837e-02,8.888141e+01,2.079144e-03,1.537592e-04,2987458.094,5.000000e-04,8.09,2365.26
276,3.124413e-02,8.779239e+01,1.688782e-03,1.115415e-03,2984492.586,4.558438e-02,8.018250e+01,3.452321e-03,6.085840e-04,2959364.398,5.000000e-04,8.23,2373.49
277,3.702775e-02,8.814568e+01,2.173958e-03,1.294721e-03,2980666.117,4.756761e-02,9.129993e+01,3.497483e-03,6.925583e-04,2977321.320,5.000000e-04,7.72,2381.21
278,3.758105e-02,9.383509e+01,2.138241e-03,1.363026e-03,2983796.711,2.451806e-02,8.554154e+01,1.046974e-03,1.098832e-03,2980437.188,5.000000e-04,7.96,2389.17
279,3.842247e-02,9.283512e+01,2.186298e-03,1.455195e-03,2982229.721,4.847160e-02,9.946695e+01,3.248987e-03,1.207008e-03,2914464.672,5.000000e-04,7.73,2396.90
280,3.576026e-02,9.077403e+01,1.950391e-03,1.435789e-03,2982879.287,4.350868e-02,7.785535e+01,2.043178e-03,3.058272e-03,2862538.797,5.000000e-04,7.92,2404.82
281,4.196238e-02,9.182608e+01,2.387066e-03,1.781823e-03,2981494.701,4.462775e-02,8.746711e+01,3.159775e-03,8.566594e-04,2939935.047,5.000000e-04,9.10,2413.92
282,3.633596e-02,9.191504e+01,2.170109e-03,1.088673e-03,2984259.533,3.434934e-02,9.392697e+01,1.749734e-03,1.491862e-03,2944482.953,5.000000e-04,7.84,2421.76
283,3.486896e-02,9.016612e+01,1.821995e-03,1.526479e-03,2979006.863,3.396974e-02,9.556569e+01,2.185792e-03,5.110493e-04,3043283.883,5.000000e-04,8.01,2429.77
284,3.311701e-02,9.339474e+01,1.680441e-03,1.394626e-03,2985998.502,4.695444e-02,8.517020e+01,3.084369e-03,1.518747e-03,2925969.648,5.000000e-04,8.06,2437.83
285,3.548305e-02,8.893274e+01,1.980748e-03,1.356459e-03,2981346.932,3.387755e-02,9.799860e+01,1.927186e-03,9.611649e-04,3069235.578,5.000000e-04,8.11,2445.94
286,3.229876e-02,8.917714e+01,1.927715e-03,8.207796e-04,2985781.352,2.460349e-02,8.733023e+01,9.819578e-04,1.210178e-03,3068047.148,5.000000e-04,7.97,2453.91
287,4.295314e-02,9.760822e+01,2.468143e-03,1.702177e-03,2980830.059,2.165278e-02,8.341798e+01,1.048386e-03,5.654232e-04,2998461.242,5.000000e-04,8.28,2462.19
288,3.383611e-02,8.749660e+01,2.050237e-03,9.168161e-04,2985122.467,4.680060e-02,7.675697e+01,2.687997e-03,2.448986e-03,2874140.016,5.000000e-04,8.20,2470.40
289,3.124652e-02,8.482098e+01,1.794946e-03,9.629922e-04,2985746.580,6.707289e-02,6.730369e+01,2.812647e-03,6.443210e-03,2797023.656,5.000000e-04,8.01,2478.41
290,3.658613e-02,8.874530e+01,2.019764e-03,1.502792e-03,2981889.377,2.569076e-02,8.355842e+01,1.532910e-03,4.011637e-04,2989682.516,5.000000e-04,7.94,2486.34
291,3.087849e-02,8.822080e+01,1.618247e-03,1.174787e-03,2982975.102,3.423682e-02,8.868598e+01,2.241312e-03,5.910206e-04,3034824.734,5.000000e-04,8.09,2494.43
292,3.562734e-02,8.998444e+01,2.172852e-03,9.800742e-04,2986934.811,2.597425e-02,7.905754e+01,1.305359e-03,1.002981e-03,2926619.453,5.000000e-04,8.29,2502.72
293,3.342838e-02,8.526071e+01,1.866940e-03,1.246583e-03,2982689.514,6.863999e-02,8.397603e+01,5.164396e-03,1.719685e-03,2949590.508,5.000000e-04,7.73,2510.46
294,3.192333e-02,8.705871e+01,1.766527e-03,1.110440e-03,2983758.150,2.872437e-02,9.042370e+01,1.621553e-03,6.932928e-04,2944119.930,5.000000e-04,8.06,2518.51
295,3.308174e-02,8.868553e+01,1.885883e-03,1.070871e-03,2984498.025,3.050757e-02,1.010588e+02,1.457428e-03,1.165481e-03,2944434.688,5.000000e-04,7.85,2526.37
296,3.541427e-02,9.213020e+01,2.059307e-03,1.121635e-03,2983592.896,3.677095e-02,1.102605e+02,1.485527e-03,2.177925e-03,3116841.914,5.000000e-04,8.13,2534.50
297,3.909422e-02,1.127210e+02,2.030397e-03,1.503631e-03,2982857.361,2.475973e-02,8.576966e+01,1.327927e-03,5.806987e-04,2973798.664,5.000000e-04,8.09,2542.59
298,3.559741e-02,8.643563e+01,1.884644e-03,1.621480e-03,2982177.920,2.994567e-02,8.260419e+01,1.645249e-03,1.046554e-03,3008770.773,5.000000e-04,8.15,2550.74
299,2.975554e-02,8.521692e+01,1.539713e-03,1.167344e-03,2985345.986,3.391395e-02,7.524953e+01,1.428949e-03,2.419901e-03,2886924.547,5.000000e-04,8.18,2558.92
300,3.193683e-02,8.740218e+01,1.729492e-03,1.180338e-03,2983353.768,8.034891e-02,8.032169e+01,3.911558e-03,6.640232e-03,3000324.109,5.000000e-04,8.23,2567.15
301,3.232526e-02,8.404655e+01,1.799054e-03,1.186014e-03,2983373.301,2.784557e-02,8.075714e+01,1.432288e-03,1.089395e-03,2976488.641,5.000000e-04,8.16,2575.31
302,3.615408e-02,9.526960e+01,2.092673e-03,1.140079e-03,2983284.107,1.889353e-02,8.484138e+01,9.480671e-04,1.857442e-04,3004387.836,5.000000e-04,8.00,2583.31
303,2.929800e-02,9.200017e+01,1.529887e-03,9.598238e-04,2984217.883,3.158226e-02,8.147784e+01,1.088980e-03,2.508935e-03,3116426.336,5.000000e-04,8.14,2591.44
304,2.989214e-02,8.144984e+01,1.738463e-03,8.725050e-04,2986481.426,2.364240e-02,8.615471e+01,1.328023e-03,3.493388e-04,3008303.438,5.000000e-04,8.06,2599.51
305,3.289142e-02,9.006627e+01,1.890725e-03,9.955082e-04,2983834.193,2.226701e-02,8.160327e+01,9.929031e-04,8.355310e-04,2929585.250,5.000000e-04,8.54,2608.04
306,4.473981e-02,9.672001e+01,2.468960e-03,2.075642e-03,2980612.314,3.368693e-02,8.590974e+01,2.019060e-03,9.810706e-04,2968392.750,5.000000e-04,8.25,2616.29
307,3.193249e-02,9.248993e+01,1.756235e-03,1.024229e-03,2985294.465,2.836453e-02,8.802957e+01,1.308342e-03,1.295631e-03,3043015.219,5.000000e-04,8.31,2624.60
308,3.772513e-02,8.949336e+01,2.013116e-03,1.728926e-03,2981565.734,3.783329e-02,9.927935e+01,2.211664e-03,1.157743e-03,3056325.375,5.000000e-04,7.91,2632.51
309,4.016263e-02,9.195205e+01,2.415227e-03,1.363031e-03,2981331.594,2.953867e-02,1.074271e+02,1.549591e-03,6.600100e-04,3020792.461,5.000000e-04,7.99,2640.49
310,2.988864e-02,8.847466e+01,1.578035e-03,1.052164e-03,2984250.223,4.701468e-02,9.094708e+01,2.716222e-03,2.151549e-03,3088720.969,5.000000e-04,7.77,2648.26
311,3.079377e-02,8.179536e+01,1.632262e-03,1.258322e-03,2985747.605,1.972831e-02,7.849314e+01,8.633276e-04,6.491446e-04,2975259.867,5.000000e-04,8.04,2656.30
312,3.161864e-02,8.048929e+01,1.714204e-03,1.285534e-03,2985655.084,2.303644e-02,9.191599e+01,1.139692e-03,4.895843e-04,3027836.070,5.000000e-04,7.87,2664.17
313,3.253440e-02,9.060278e+01,1.729200e-03,1.236425e-03,2983011.908,4.602278e-02,1.791400e+02,2.525017e-03,5.717228e-04,3016404.805,5.000000e-04,7.91,2672.08
314,3.105164e-02,9.076536e+01,1.557341e-03,1.280339e-03,2985387.328,3.210433e-02,8.685404e+01,1.838946e-03,1.005893e-03,2986101.891,5.000000e-04,7.90,2679.98
315,3.224335e-02,8.741313e+01,1.654511e-03,1.391385e-03,2983787.174,4.606147e-02,8.404455e+01,3.189559e-03,1.152285e-03,2924421.430,5.000000e-04,8.15,2688.13
316,3.370772e-02,9.145013e+01,1.853396e-03,1.205748e-03,2981757.498,4.506656e-02,9.741250e+01,2.445140e-03,2.174782e-03,2894003.242,5.000000e-04,7.93,2696.06
317,3.225735e-02,8.598325e+01,1.771458e-03,1.188889e-03,2984910.814,5.070115e-02,1.031711e+02,2.875238e-03,2.326332e-03,3112637.703,5.000000e-04,7.89,2703.95
318,3.237153e-02,8.356924e+01,1.728493e-03,1.345934e-03,2983816.275,3.542950e-02,7.965190e+01,2.132121e-03,1.228620e-03,2947416.188,5.000000e-04,7.81,2711.77
319,3.099825e-02,8.153305e+01,1.701746e-03,1.165498e-03,2985450.025,2.351875e-02,9.122468e+01,1.169294e-03,5.406689e-04,2971267.281,5.000000e-04,7.96,2719.73
320,3.210642e-02,8.639095e+01,1.829190e-03,1.035085e-03,2985139.412,2.355908e-02,8.593763e+01,1.100257e-03,7.925493e-04,3070239.781,5.000000e-04,7.72,2727.45
321,3.228955e-02,8.665876e+01,1.725427e-03,1.273882e-03,2984933.355,2.315130e-02,7.611658e+01,8.991711e-04,1.309586e-03,2903829.977,5.000000e-04,7.92,2735.37
322,3.169423e-02,8.801672e+01,1.722825e-03,1.132860e-03,2984894.229,3.413934e-02,1.014822e+02,1.628946e-03,1.540333e-03,3065090.727,5.000000e-04,7.82,2743.20
323,3.348558e-02,8.591768e+01,1.896979e-03,1.184805e-03,2983299.773,2.320906e-02,9.283684e+01,7.281694e-04,1.328735e-03,3098429.656,5.000000e-04,7.73,2750.93
324,3.734531e-02,8.883116e+01,2.129437e-03,1.433564e-03,2982522.408,2.514273e-02,9.826676e+01,8.569846e-04,1.349243e-03,3074620.586,5.000000e-04,8.01,2758.94
325,3.542165e-02,8.775109e+01,1.951756e-03,1.425797e-03,2982343.336,2.427482e-02,9.622559e+01,1.006729e-03,9.169948e-04,3071936.492,5.000000e-04,8.00,2766.94
326,3.731793e-02,9.601914e+01,2.104759e-03,1.333685e-03,2982681.990,5.320237e-02,8.471850e+01,3.070305e-03,2.805494e-03,2897789.406,5.000000e-04,7.89,2774.83
327,3.546006e-02,9.019757e+01,2.004412e-03,1.279237e-03,2984475.156,5.458607e-02,7.693472e+01,3.308193e-03,2.762133e-03,2918894.383,5.000000e-04,7.80,2782.64
328,3.048815e-02,9.325655e+01,1.616570e-03,9.993591e-04,2983591.396,2.618978e-02,9.741791e+01,1.014382e-03,1.260834e-03,3051503.977,5.000000e-04,7.99,2790.63
329,3.547182e-02,8.702387e+01,2.036488e-03,1.280909e-03,2983479.604,4.736960e-02,9.117465e+01,2.490033e-03,2.670360e-03,3096378.328,5.000000e-04,8.42,2799.05
330,4.465768e-02,8.795620e+01,2.401212e-03,2.369989e-03,2979973.221,2.041925e-02,9.052369e+01,8.402727e-04,5.928312e-04,3057699.188,5.000000e-04,8.02,2807.07
331,3.080233e-02,8.731769e+01,1.653070e-03,1.107973e-03,2983904.498,3.989793e-02,9.332228e+01,2.598477e-03,9.161859e-04,3038349.180,5.000000e-04,7.96,2815.03
332,3.098425e-02,8.925891e+01,1.740685e-03,9.303005e-04,2984747.797,3.070116e-02,8.762672e+01,1.688179e-03,1.011339e-03,3040653.883,5.000000e-04,8.25,2823.29
333,3.353930e-02,8.733331e+01,1.946934e-03,1.067325e-03,2986680.318,4.361006e-02,9.869845e+01,2.297842e-03,2.152360e-03,3075698.430,5.000000e-04,8.32,2831.62
334,3.155914e-02,8.537072e+01,1.822762e-03,9.588906e-04,2985005.121,4.556389e-02,8.561763e+01,2.242960e-03,2.914507e-03,2863106.938,5.000000e-04,8.46,2840.09
335,3.784750e-02,8.985767e+01,2.052434e-03,1.667479e-03,2981427.654,2.835436e-02,1.001507e+02,1.512577e-03,6.427034e-04,3043093.242,5.000000e-04,8.23,2848.33
336,3.498279e-02,8.938953e+01,1.909883e-03,1.389001e-03,2985651.314,2.637277e-02,8.931099e+01,1.486364e-03,5.156067e-04,3006735.414,5.000000e-04,8.37,2856.70
337,3.199802e-02,9.229566e+01,1.713308e-03,1.127074e-03,2982634.383,4.072594e-02,1.065377e+02,2.111584e-03,1.791267e-03,3094710.766,5.000000e-04,8.58,2865.29
338,3.166484e-02,9.066873e+01,1.751034e-03,1.017526e-03,2986738.242,2.856727e-02,8.285458e+01,1.527244e-03,1.001874e-03,3015025.867,5.000000e-04,8.45,2873.75
339,4.588817e-02,9.406570e+01,2.139804e-03,3.016712e-03,2972803.861,2.102961e-02,7.995266e+01,1.091031e-03,4.248062e-04,2986186.438,5.000000e-04,8.77,2882.53
340,3.306357e-02,8.621466e+01,1.889914e-03,1.108593e-03,2985116.709,3.975977e-02,9.211318e+01,2.368799e-03,1.372092e-03,2958628.781,5.000000e-04,8.10,2890.64
341,3.584108e-02,8.917563e+01,2.015049e-03,1.354606e-03,2983805.113,2.348970e-02,7.895836e+01,1.217161e-03,6.844501e-04,2951256.148,5.000000e-04,8.51,2899.17
342,3.238594e-02,8.738231e+01,1.568507e-03,1.592528e-03,2985628.875,4.051530e-02,1.012096e+02,1.467863e-03,3.143143e-03,2848626.070,5.000000e-04,8.42,2907.59
343,3.133412e-02,8.906009e+01,1.730037e-03,1.025548e-03,2982212.311,2.266627e-02,8.843362e+01,1.210785e-03,3.430108e-04,2990791.328,5.000000e-04,8.22,2915.82
344,2.922867e-02,8.693959e+01,1.532538e-03,1.041867e-03,2985622.998,2.493590e-02,8.308633e+01,9.323843e-04,1.460685e-03,3091883.688,5.000000e-04,8.08,2923.91
345,2.825967e-02,8.231560e+01,1.451701e-03,1.102219e-03,2985626.215,2.634680e-02,9.128746e+01,1.482269e-03,4.790734e-04,3040882.305,5.000000e-04,7.98,2931.89
346,3.094201e-02,8.867562e+01,1.641077e-03,1.132736e-03,2983409.826,2.516058e-02,9.541338e+01,1.205292e-03,7.132655e-04,3025260.328,5.000000e-04,7.86,2939.75
347,3.259790e-02,8.665786e+01,1.863742e-03,1.058940e-03,2987087.129,3.386592e-02,8.815806e+01,1.922205e-03,1.165612e-03,2914875.398,5.000000e-04,8.15,2947.89
348,3.223277e-02,8.813349e+01,1.606656e-03,1.470573e-03,2981663.172,3.192877e-02,8.082004e+01,1.179661e-03,2.410031e-03,2904156.805,5.000000e-04,7.74,2955.64
349,3.477940e-02,9.174386e+01,1.938211e-03,1.244582e-03,2983063.008,2.670544e-02,1.240723e+02,8.419910e-04,1.175660e-03,3031414.477,5.000000e-04,7.97,2963.60
350,2.999040e-02,8.816345e+01,1.664112e-03,9.065870e-04,2986147.422,2.201266e-02,8.450949e+01,1.098052e-03,5.162390e-04,2995701.242,5.000000e-04,8.02,2971.62
351,2.967405e-02,8.582728e+01,1.592955e-03,1.032355e-03,2985541.146,2.894178e-02,7.907044e+01,1.984002e-03,2.389431e-04,3014920.156,5.000000e-04,7.97,2979.59
352,2.943298e-02,8.147989e+01,1.687128e-03,8.827419e-04,2985911.740,2.347981e-02,8.891725e+01,1.028804e-03,8.600101e-04,3052552.688,5.000000e-04,8.07,2987.66
353,3.143697e-02,8.582924e+01,1.734856e-03,1.101096e-03,2984836.633,2.216281e-02,7.232635e+01,1.003211e-03,9.796135e-04,2935845.469,5.000000e-04,8.03,2995.68
354,2.519640e-02,8.227807e+01,1.377503e-03,6.387113e-04,2988033.416,3.229423e-02,1.012970e+02,1.341016e-03,1.750875e-03,2893206.445,5.000000e-04,8.06,3003.74
355,3.091439e-02,8.696888e+01,1.634187e-03,1.175127e-03,2983808.479,2.643976e-02,8.117273e+01,1.404864e-03,8.547692e-04,2990998.367,5.000000e-04,8.12,3011.86
356,3.606632e-02,8.936221e+01,2.023406e-03,1.379207e-03,2984022.840,3.066633e-02,7.928593e+01,1.678590e-03,1.190368e-03,2915173.445,5.000000e-04,7.78,3019.65
357,2.982031e-02,8.397073e+01,1.588223e-03,1.108200e-03,2985944.240,1.899163e-02,7.878280e+01,8.236117e-04,5.754458e-04,2964279.445,5.000000e-04,7.98,3027.62
358,3.224668e-02,7.952158e+01,1.827524e-03,1.203856e-03,2984683.215,8.780053e-02,9.998664e+01,7.241285e-03,1.077804e-03,3051626.031,5.000000e-04,8.08,3035.70
359,3.425275e-02,8.800127e+01,1.999089e-03,1.092345e-03,2984824.510,8.668971e-02,9.227373e+01,7.248044e-03,9.963805e-04,2943571.086,5.000000e-04,8.23,3043.93
360,2.926510e-02,8.305440e+01,1.580410e-03,1.031113e-03,2987635.723,3.627312e-02,8.605686e+01,1.348528e-03,2.836430e-03,2877231.703,5.000000e-04,8.10,3052.03
361,4.211885e-02,8.782844e+01,2.312895e-03,2.041412e-03,2979271.713,1.767271e-02,8.505040e+01,7.717826e-04,2.899697e-04,2971280.719,5.000000e-04,8.26,3060.29
362,3.126644e-02,8.167812e+01,1.692904e-03,1.233918e-03,2984135.359,1.948694e-02,8.486714e+01,8.736479e-04,4.527503e-04,3005391.320,5.000000e-04,8.00,3068.29
363,3.212256e-02,8.680465e+01,1.838142e-03,1.012135e-03,2985320.432,2.257507e-02,9.103879e+01,1.186384e-03,3.214700e-04,2983873.445,5.000000e-04,8.26,3076.56
364,2.853204e-02,8.749405e+01,1.503149e-03,9.502280e-04,2986659.627,3.593003e-02,7.934705e+01,1.164005e-03,3.271055e-03,2876233.820,5.000000e-04,7.98,3084.53
365,3.192294e-02,8.450409e+01,1.724971e-03,1.244565e-03,2983754.268,2.263602e-02,6.902881e+01,1.327847e-03,4.909333e-04,2954137.258,5.000000e-04,7.98,3092.51
366,2.686756e-02,7.855212e+01,1.435448e-03,9.315750e-04,2986447.770,3.209304e-02,7.412240e+01,1.659804e-03,1.616551e-03,2950114.492,5.000000e-04,7.82,3100.33
367,2.821116e-02,8.232150e+01,1.446303e-03,1.103197e-03,2986485.297,3.033752e-02,8.143784e+01,1.489073e-03,1.460602e-03,3068096.383,5.000000e-04,8.06,3108.39
368,2.914687e-02,8.127957e+01,1.525108e-03,1.153567e-03,2985562.459,2.182683e-02,8.420159e+01,1.084862e-03,5.116100e-04,2945636.102,5.000000e-04,8.83,3117.22
369,2.690692e-02,8.083919e+01,1.407919e-03,9.487630e-04,2986463.141,2.966936e-02,7.997625e+01,1.163204e-03,2.007939e-03,2904803.875,5.000000e-04,9.48,3126.70
370,3.326565e-02,8.173111e+01,1.908160e-03,1.202187e-03,2984864.570,2.084659e-02,8.270423e+01,9.321888e-04,6.508566e-04,2954303.719,5.000000e-04,9.80,3136.50
371,2.780165e-02,8.142253e+01,1.393212e-03,1.145454e-03,2985319.418,2.451197e-02,6.778164e+01,1.062402e-03,1.421957e-03,2919914.562,5.000000e-04,9.79,3146.29
372,2.744113e-02,8.272790e+01,1.452962e-03,9.277432e-04,2986197.572,2.030263e-02,8.034370e+01,8.957292e-04,6.621934e-04,3055197.453,5.000000e-04,9.68,3155.97
373,3.444005e-02,8.518271e+01,1.824678e-03,1.535001e-03,2983695.088,2.268260e-02,8.019792e+01,1.197892e-03,5.367778e-04,3019641.625,5.000000e-04,9.53,3165.50
374,2.929741e-02,8.131663e+01,1.637911e-03,9.573277e-04,2986273.271,6.830487e-02,7.905100e+01,5.420509e-03,1.238936e-03,2928743.227,5.000000e-04,9.27,3174.77
375,2.680933e-02,7.973248e+01,1.409094e-03,9.490288e-04,2986157.820,2.664071e-02,8.142927e+01,1.366691e-03,9.661757e-04,3012770.594,5.000000e-04,9.81,3184.58
376,2.927707e-02,7.942832e+01,1.681599e-03,9.036508e-04,2989110.289,2.977920e-02,7.819460e+01,1.531099e-03,1.329752e-03,2938016.523,5.000000e-04,9.76,3194.34
377,3.101463e-02,8.203761e+01,1.752017e-03,1.058140e-03,2984950.307,3.048772e-02,8.535209e+01,1.909136e-03,5.722307e-04,3025487.422,5.000000e-04,9.86,3204.20
378,3.349806e-02,8.301209e+01,1.957716e-03,1.123939e-03,2985331.863,4.173466e-02,9.224665e+01,2.801848e-03,8.983036e-04,3051100.531,5.000000e-04,10.12,3214.32
379,2.817776e-02,8.569063e+01,1.475169e-03,9.714012e-04,2986084.979,2.596682e-02,7.404397e+01,1.309813e-03,1.092858e-03,2934443.695,5.000000e-04,9.84,3224.16
380,2.978584e-02,8.166624e+01,1.706217e-03,9.114094e-04,2984878.982,2.081510e-02,9.036455e+01,9.755614e-04,4.046054e-04,2975740.492,5.000000e-04,10.73,3234.88
381,2.878358e-02,8.611895e+01,1.461953e-03,1.110430e-03,2986913.916,2.938510e-02,7.429844e+01,1.666477e-03,1.058097e-03,2920888.188,5.000000e-04,9.83,3244.72
382,2.879701e-02,8.289201e+01,1.563956e-03,9.736509e-04,2986858.605,3.850921e-02,8.416392e+01,2.574540e-03,8.694846e-04,2932655.484,5.000000e-04,9.53,3254.25
383,2.821042e-02,8.881492e+01,1.449504e-03,9.667779e-04,2984386.602,8.302545e-02,1.103225e+02,6.414986e-03,1.568667e-03,3002069.617,5.000000e-04,9.88,3264.15
384,2.845700e-02,8.160904e+01,1.583508e-03,8.922026e-04,2986012.479,2.183189e-02,8.493204e+01,9.940346e-04,6.796684e-04,3000648.219,5.000000e-04,9.87,3274.01
385,3.587742e-02,8.506566e+01,1.960391e-03,1.553388e-03,2984238.244,1.962047e-02,9.032735e+01,8.169260e-04,4.836947e-04,2948677.617,5.000000e-04,9.93,3283.95
386,2.867054e-02,8.665110e+01,1.467681e-03,1.065726e-03,2986681.736,1.937030e-02,6.946246e+01,6.722024e-04,1.140407e-03,2919425.094,5.000000e-04,9.96,3293.91
387,3.108169e-02,8.516297e+01,1.665431e-03,1.182216e-03,2983747.121,2.545978e-02,7.419572e+01,1.289293e-03,1.029457e-03,3033118.297,5.000000e-04,10.20,3304.11
388,3.246322e-02,8.206279e+01,1.680894e-03,1.489600e-03,2984886.031,1.809596e-02,8.338384e+01,8.158165e-04,3.198821e-04,3028446.133,5.000000e-04,9.97,3314.08
389,3.155973e-02,8.381957e+01,1.710637e-03,1.214281e-03,2984585.883,1.795827e-02,7.544508e+01,8.914295e-04,2.998939e-04,2966982.188,5.000000e-04,10.28,3324.37
390,2.502207e-02,7.577271e+01,1.355257e-03,7.784454e-04,2988019.949,3.120675e-02,9.314122e+01,1.965504e-03,4.475173e-04,2994599.047,5.000000e-04,9.86,3334.23
391,3.012568e-02,8.157708e+01,1.706479e-03,9.806361e-04,2985727.088,9.549144e-02,1.260892e+02,4.476904e-03,7.622695e-03,3241063.477,5.000000e-04,9.72,3343.97
392,2.937942e-02,7.845908e+01,1.574668e-03,1.157366e-03,2986384.344,8.090893e-02,8.024606e+01,5.929333e-03,2.718198e-03,2891414.719,5.000000e-04,10.16,3354.12
393,3.024573e-02,8.317876e+01,1.693178e-03,9.992138e-04,2985822.393,3.372241e-02,7.710881e+01,2.290777e-03,6.207513e-04,2973203.938,5.000000e-04,10.01,3364.14
394,2.804739e-02,7.894989e+01,1.539382e-03,9.517155e-04,2986091.086,2.823296e-02,8.044968e+01,1.470435e-03,1.096729e-03,2931499.766,5.000000e-04,9.87,3374.01
395,2.778069e-02,8.185819e+01,1.424005e-03,1.070965e-03,2985642.895,2.522842e-02,8.957212e+01,1.248676e-03,7.568897e-04,3043405.398,5.000000e-04,9.77,3383.78
396,3.104056e-02,8.059325e+01,1.713833e-03,1.168581e-03,2987395.812,6.562105e-02,7.363880e+01,2.665457e-03,6.320520e-03,2780745.773,5.000000e-04,9.67,3393.44
397,2.919605e-02,8.230679e+01,1.572441e-03,1.048193e-03,2984338.068,2.605028e-02,8.698350e+01,1.154934e-03,1.160517e-03,3068632.328,5.000000e-04,10.07,3403.52
398,3.066228e-02,8.332795e+01,1.714834e-03,1.036229e-03,2987246.191,1.954410e-02,7.053606e+01,7.924171e-04,9.132651e-04,2933419.000,5.000000e-04,9.66,3413.18
399,2.735324e-02,8.136259e+01,1.476393e-03,8.906116e-04,2986646.361,1.814936e-02,7.406118e+01,7.728325e-04,6.029843e-04,3009463.758,5.000000e-04,9.74,3422.93
400,3.050706e-02,8.222815e+01,1.686080e-03,1.084689e-03,2985434.328,2.099661e-02,8.617791e+01,8.966453e-04,6.824731e-04,3053651.461,5.000000e-04,9.72,3432.65
401,3.457278e-02,8.412017e+01,1.579836e-03,2.072481e-03,2981653.561,1.946088e-02,8.267684e+01,7.996261e-04,6.393873e-04,2994477.477,5.000000e-04,9.61,3442.26
402,3.006960e-02,8.563766e+01,1.634129e-03,1.032909e-03,2986198.260,2.154110e-02,7.334313e+01,7.259189e-04,1.389519e-03,2954531.016,5.000000e-04,9.75,3452.01
403,3.360711e-02,8.658292e+01,1.943319e-03,1.103126e-03,2984070.854,2.430301e-02,8.553307e+01,1.293774e-03,5.623926e-04,2976570.953,5.000000e-04,9.79,3461.80
404,2.596955e-02,8.437515e+01,1.282882e-03,9.406441e-04,2986715.375,2.423028e-02,7.643736e+01,1.418007e-03,4.812963e-04,2959690.461,5.000000e-04,9.95,3471.75
405,3.362655e-02,8.256859e+01,1.872769e-03,1.328400e-03,2985368.246,1.898280e-02,8.130500e+01,7.450428e-04,6.803738e-04,2944285.930,5.000000e-04,9.54,3481.29
406,3.206680e-02,8.259287e+01,1.833359e-03,1.094784e-03,2986007.053,2.819581e-02,8.549312e+01,1.642020e-03,6.452595e-04,2940481.250,5.000000e-04,9.43,3490.72
407,2.900324e-02,8.265421e+01,1.563612e-03,1.020339e-03,2986786.623,3.419971e-02,7.657341e+01,1.527944e-03,2.252586e-03,2881346.375,5.000000e-04,9.80,3500.53
408,2.881849e-02,8.474657e+01,1.556908e-03,9.549505e-04,2985012.748,2.377603e-02,7.203549e+01,1.335677e-03,6.431428e-04,2976544.570,5.000000e-04,9.95,3510.47
409,3.093419e-02,8.028701e+01,1.781860e-03,1.017378e-03,2984637.807,2.158682e-02,8.877077e+01,1.158309e-03,2.253309e-04,2990719.711,5.000000e-04,9.90,3520.37
410,3.064564e-02,8.010624e+01,1.691698e-03,1.143608e-03,2987444.521,4.233349e-02,6.393072e+01,2.793930e-03,1.600223e-03,2919612.148,5.000000e-04,9.49,3529.87
411,3.119830e-02,8.550380e+01,1.716238e-03,1.097110e-03,2986049.322,2.195316e-02,7.553554e+01,1.039383e-03,8.011563e-04,2971071.391,5.000000e-04,9.78,3539.65
412,2.630032e-02,8.149228e+01,1.334787e-03,9.606428e-04,2986382.201,2.868594e-02,8.538188e+01,1.036977e-03,1.955598e-03,2876848.398,5.000000e-04,10.00,3549.65
413,2.565064e-02,7.777727e+01,1.329829e-03,9.149249e-04,2986048.336,2.024994e-02,8.060834e+01,9.853549e-04,4.671104e-04,3022194.039,5.000000e-04,9.91,3559.56
414,2.774153e-02,7.873047e+01,1.547476e-03,8.787462e-04,2988794.133,2.470090e-02,7.943095e+01,1.271475e-03,8.086103e-04,2954555.352,5.000000e-04,10.17,3569.73
415,2.759722e-02,8.253338e+01,1.382172e-03,1.104431e-03,2984400.828,4.023198e-02,1.223357e+02,2.363054e-03,8.735738e-04,3046508.219,5.000000e-04,10.38,3580.11
416,3.430106e-02,8.081275e+01,1.931592e-03,1.380773e-03,2985117.182,1.912545e-02,8.204179e+01,8.842838e-04,4.156866e-04,3042880.141,5.000000e-04,10.10,3590.22
417,2.596168e-02,8.097671e+01,1.381003e-03,8.107968e-04,2987957.971,2.624504e-02,8.022919e+01,1.470327e-03,7.037717e-04,2978664.859,5.000000e-04,9.92,3600.14
418,2.790107e-02,7.975096e+01,1.504686e-03,9.758216e-04,2986964.344,3.246158e-02,7.931222e+01,1.968047e-03,9.699780e-04,2937786.102,5.000000e-04,9.66,3609.79
419,2.930787e-02,8.182912e+01,1.557163e-03,1.110666e-03,2983859.545,3.988640e-02,7.864428e+01,2.715467e-03,9.734616e-04,3041185.734,5.000000e-04,9.50,3619.30
420,3.277152e-02,8.521457e+01,1.867564e-03,1.114886e-03,2983975.613,2.431979e-02,7.638891e+01,1.408075e-03,5.200303e-04,2999190.625,5.000000e-04,9.58,3628.88
421,2.735298e-02,8.055055e+01,1.443123e-03,9.733398e-04,2989334.854,2.572372e-02,7.757491e+01,9.123752e-04,1.768496e-03,2910293.875,5.000000e-04,9.60,3638.48
422,2.393059e-02,7.873295e+01,1.182930e-03,8.455984e-04,2987339.277,2.312239e-02,7.735238e+01,1.207585e-03,6.622599e-04,2960672.469,5.000000e-04,9.40,3647.88
423,2.549096e-02,7.756091e+01,1.311687e-03,9.236007e-04,2985382.137,2.217313e-02,7.481787e+01,1.332493e-03,2.732833e-04,3009947.031,5.000000e-04,9.92,3657.80
424,2.428255e-02,7.597885e+01,1.247597e-03,8.417400e-04,2988107.873,2.291044e-02,8.417610e+01,1.140631e-03,6.173034e-04,3009823.016,5.000000e-04,10.93,3668.73
425,2.607375e-02,7.606476e+01,1.384721e-03,9.240131e-04,2987593.428,1.743189e-02,7.731097e+01,7.427990e-04,4.545614e-04,2972963.969,5.000000e-04,9.89,3678.62
426,2.685379e-02,7.863791e+01,1.395399e-03,1.007203e-03,2986519.141,2.514296e-02,7.558573e+01,1.440556e-03,6.357644e-04,3043654.961,5.000000e-04,9.48,3688.10
427,2.705946e-02,8.116977e+01,1.386213e-03,1.016071e-03,2986143.641,4.148926e-02,8.273701e+01,3.019462e-03,6.041876e-04,3060741.766,5.000000e-04,9.42,3697.52
428,2.846896e-02,7.877820e+01,1.596178e-03,9.258712e-04,2987837.074,2.022878e-02,7.629294e+01,9.584068e-04,6.030829e-04,2956477.031,5.000000e-04,9.46,3706.99
429,2.837338e-02,7.853834e+01,1.518113e-03,1.067682e-03,2984381.004,1.976885e-02,8.617220e+01,8.960315e-04,4.382631e-04,3038437.602,5.000000e-04,9.86,3716.84
430,2.643967e-02,7.777299e+01,1.403531e-03,9.254116e-04,2987509.090,5.464927e-02,9.184234e+01,4.235395e-03,6.222158e-04,2991759.602,5.000000e-04,9.74,3726.58
431,2.884798e-02,7.932699e+01,1.513575e-03,1.155907e-03,2987170.547,2.389359e-02,8.996351e+01,1.034646e-03,9.101573e-04,3075393.031,5.000000e-04,9.54,3736.12
432,2.565281e-02,7.850104e+01,1.345597e-03,8.693470e-04,2986813.572,3.519091e-02,7.965318e+01,1.771373e-03,1.902373e-03,3073854.008,5.000000e-04,10.32,3746.44
433,2.608176e-02,7.877952e+01,1.349113e-03,9.425353e-04,2988111.379,2.106775e-02,7.634326e+01,1.029928e-03,6.268290e-04,2967021.844,5.000000e-04,9.98,3756.42
434,2.909836e-02,8.064728e+01,1.648102e-03,9.105238e-04,2986225.168,1.681250e-02,7.173172e+01,8.031610e-04,3.215437e-04,2974636.000,5.000000e-04,9.56,3765.98
435,2.749853e-02,7.916643e+01,1.535944e-03,8.444884e-04,2987145.264,3.001645e-02,7.500170e+01,2.000005e-03,5.032467e-04,2962683.383,5.000000e-04,9.39,3775.38
436,2.598513e-02,8.038131e+01,1.392067e-03,8.052659e-04,2985892.324,2.035263e-02,7.759578e+01,8.641663e-04,7.902775e-04,3029705.805,5.000000e-04,9.44,3784.84
437,2.923259e-02,7.799106e+01,1.610369e-03,1.065959e-03,2986609.760,3.458194e-02,9.404023e+01,1.965725e-03,1.104134e-03,3074587.531,5.000000e-04,9.78,3794.62
438,2.730389e-02,7.710854e+01,1.486967e-03,9.446747e-04,2988495.807,1.763996e-02,7.565720e+01,6.467386e-04,7.213698e-04,2938283.406,5.000000e-04,9.62,3804.23
439,2.347353e-02,7.792756e+01,1.148929e-03,8.382969e-04,2987859.707,1.911400e-02,7.430815e+01,9.346186e-04,4.674004e-04,2949321.703,5.000000e-04,9.86,3814.10
440,2.617424e-02,7.756264e+01,1.430352e-03,8.228926e-04,2987506.387,3.798503e-02,8.171565e+01,2.487400e-03,9.878924e-04,2935212.906,5.000000e-04,9.45,3823.55
441,2.451587e-02,7.511914e+01,1.242649e-03,9.154929e-04,2986672.166,5.561148e-02,8.701327e+01,4.363592e-03,6.548458e-04,2993187.414,5.000000e-04,9.52,3833.07
442,3.037922e-02,8.152657e+01,1.708347e-03,1.028618e-03,2985518.375,2.510839e-02,9.013520e+01,1.462724e-03,2.935257e-04,2988537.461,5.000000e-04,9.66,3842.74
443,2.274517e-02,7.868657e+01,1.137247e-03,7.008102e-04,2989930.309,2.166205e-02,6.456541e+01,7.679772e-04,1.505148e-03,2898393.516,5.000000e-04,9.88,3852.62
444,2.648093e-02,7.743881e+01,1.415682e-03,9.160444e-04,2985141.029,2.183712e-02,7.794929e+01,1.152335e-03,5.037691e-04,3030116.086,5.000000e-04,9.40,3862.05
445,2.960891e-02,7.841372e+01,1.620726e-03,1.112055e-03,2986464.488,2.973733e-02,7.278484e+01,1.760292e-03,9.711852e-04,2936081.227,5.000000e-04,9.68,3871.73
446,3.218860e-02,7.606590e+01,1.854258e-03,1.207887e-03,2984284.732,1.703017e-02,6.992744e+01,7.491267e-04,5.092311e-04,3015456.945,5.000000e-04,9.92,3881.65
447,3.404813e-02,7.968280e+01,1.937794e-03,1.340384e-03,2986408.352,1.574100e-02,6.930741e+01,6.849485e-04,3.921549e-04,2961357.773,5.000000e-04,9.69,3891.33
448,2.687676e-02,8.391877e+01,1.393505e-03,9.099653e-04,2985721.482,7.702206e-02,1.159220e+02,4.206014e-03,4.673942e-03,2814647.383,5.000000e-04,9.67,3901.00
449,2.488175e-02,7.964436e+01,1.232087e-03,9.192876e-04,2987221.787,2.259552e-02,7.942006e+01,1.294494e-03,3.417140e-04,2976754.234,5.000000e-04,9.58,3910.58
450,2.533680e-02,7.825206e+01,1.345055e-03,8.122098e-04,2987061.971,7.083071e-02,8.940788e+01,5.533016e-03,1.311952e-03,3091462.695,5.000000e-04,10.09,3920.67
451,2.667825e-02,7.499560e+01,1.461884e-03,9.119696e-04,2987815.482,2.542890e-02,8.214937e+01,1.253649e-03,9.354948e-04,3037412.023,5.000000e-04,9.69,3930.37
452,2.712401e-02,7.497260e+01,1.555799e-03,8.137517e-04,2987289.633,3.350455e-02,8.012822e+01,2.097186e-03,9.039740e-04,2921897.758,5.000000e-04,9.63,3940.00
453,2.875324e-02,7.838976e+01,1.664548e-03,8.537564e-04,2987441.020,1.879373e-02,6.614648e+01,6.268332e-04,1.182150e-03,2914361.688,5.000000e-04,9.67,3949.67
454,2.674748e-02,7.751723e+01,1.411962e-03,9.752261e-04,2984093.439,5.782448e-02,1.007514e+02,4.199643e-03,1.150581e-03,3029812.406,5.000000e-04,9.89,3959.56
455,3.014067e-02,8.027237e+01,1.591833e-03,1.239021e-03,2988844.465,2.361580e-02,8.951257e+01,1.120632e-03,6.916449e-04,3041447.961,5.000000e-04,9.70,3969.26
456,2.547210e-02,7.708316e+01,1.380831e-03,7.910951e-04,2986972.371,2.464960e-02,9.604238e+01,1.322918e-03,3.632366e-04,3009212.945,5.000000e-04,9.80,3979.06
457,2.643092e-02,8.020219e+01,1.319048e-03,1.044045e-03,2985343.434,2.358684e-02,7.462647e+01,1.233490e-03,7.578582e-04,2958211.648,5.000000e-04,9.75,3988.81
458,2.893310e-02,7.669504e+01,1.582578e-03,1.087563e-03,2987340.006,4.547568e-02,9.259028e+01,2.464664e-03,2.314001e-03,3122338.086,5.000000e-04,9.80,3998.61
459,2.532703e-02,7.715409e+01,1.249847e-03,1.022631e-03,2987310.043,3.570493e-02,8.738169e+01,2.057352e-03,1.278647e-03,3054615.055,5.000000e-04,10.04,4008.65
460,2.910949e-02,8.264837e+01,1.564688e-03,1.039555e-03,2987132.527,6.216168e-02,6.357073e+01,2.853643e-03,5.453635e-03,2806268.062,5.000000e-04,10.17,4018.81
461,2.816752e-02,7.786298e+01,1.517019e-03,1.042207e-03,2986678.320,5.357107e-02,8.624562e+01,4.131026e-03,7.272502e-04,2960238.383,5.000000e-04,9.85,4028.66
462,2.640440e-02,7.900267e+01,1.388624e-03,9.235785e-04,2986657.547,1.800785e-02,8.824575e+01,7.566794e-04,3.232958e-04,2999690.281,5.000000e-04,9.86,4038.52
463,3.274829e-02,8.573606e+01,1.748113e-03,1.338710e-03,2983820.586,3.262591e-02,9.557360e+01,1.765138e-03,1.083435e-03,3053656.953,5.000000e-04,9.81,4048.33
464,2.937106e-02,8.103544e+01,1.499379e-03,1.254745e-03,2986933.445,2.166912e-02,6.946382e+01,1.209963e-03,5.246229e-04,3033498.383,5.000000e-04,9.60,4057.93
465,2.392993e-02,7.497864e+01,1.307715e-03,6.709829e-04,2988522.090,1.548839e-02,6.863890e+01,5.214240e-04,6.820520e-04,2951163.867,5.000000e-04,9.64,4067.57
466,2.527765e-02,7.657055e+01,1.328446e-03,8.672271e-04,2986455.326,1.917799e-02,7.194131e+01,5.330247e-04,1.330722e-03,3088970.281,5.000000e-04,9.59,4077.16
467,3.024059e-02,7.995617e+01,1.722966e-03,1.003062e-03,2986243.180,2.299562e-02,7.122248e+01,1.447065e-03,2.805453e-04,2989787.266,5.000000e-04,9.72,4086.89
468,2.512611e-02,7.487709e+01,1.373049e-03,7.815818e-04,2987775.566,5.057460e-02,7.580561e+01,3.579113e-03,1.440581e-03,3089605.906,5.000000e-04,9.51,4096.40
469,2.647496e-02,7.899218e+01,1.339013e-03,1.037122e-03,2985551.645,2.182059e-02,7.789699e+01,9.454509e-04,9.152760e-04,3069629.367,5.000000e-04,9.54,4105.94
470,2.834453e-02,7.851998e+01,1.534557e-03,1.029393e-03,2986788.945,2.815612e-02,8.032245e+01,1.810792e-03,4.031907e-04,3032057.828,5.000000e-04,9.21,4115.16
471,2.508998e-02,7.369536e+01,1.219247e-03,1.105596e-03,2988308.396,4.306510e-02,1.130489e+02,1.781462e-03,2.789119e-03,2985888.297,5.000000e-04,9.70,4124.85
472,3.018790e-02,7.807513e+01,1.744861e-03,9.863546e-04,2985875.352,1.641674e-02,7.128624e+01,7.382752e-04,3.810734e-04,3009993.953,5.000000e-04,9.45,4134.30
473,2.587263e-02,7.535185e+01,1.390826e-03,8.858362e-04,2987209.346,1.665414e-02,7.321397e+01,7.730177e-04,3.205124e-04,3022730.664,5.000000e-04,10.12,4144.42
474,2.379269e-02,7.499688e+01,1.248298e-03,7.620043e-04,2991077.074,4.408870e-02,6.273613e+01,1.990052e-03,3.582913e-03,2836238.625,5.000000e-04,9.62,4154.04
475,2.753749e-02,7.567522e+01,1.425401e-03,1.143190e-03,2983235.688,1.962342e-02,7.386935e+01,6.041394e-04,1.239019e-03,2912509.727,5.000000e-04,9.77,4163.81
476,2.776798e-02,7.719072e+01,1.405437e-03,1.198907e-03,2984394.453,1.419047e-02,7.145161e+01,5.459170e-04,3.172273e-04,2967379.523,5.000000e-04,9.69,4173.50
477,2.453002e-02,7.509401e+01,1.319423e-03,7.652786e-04,2989492.318,2.348497e-02,6.280975e+01,1.080041e-03,1.280717e-03,2929297.242,5.000000e-04,10.27,4183.79
478,3.032119e-02,7.698011e+01,1.717362e-03,1.089911e-03,2985604.379,1.858673e-02,7.774018e+01,7.941959e-04,5.741497e-04,2992059.281,5.000000e-04,9.58,4193.37
479,2.822868e-02,8.035988e+01,1.508087e-03,1.022364e-03,2987536.725,2.246579e-02,7.016989e+01,8.487588e-04,1.392242e-03,2984214.852,5.000000e-04,9.89,4203.26
480,2.389175e-02,7.600028e+01,1.227148e-03,8.040485e-04,2987495.795,1.585220e-02,7.068135e+01,6.791473e-04,3.985188e-04,2995744.875,5.000000e-04,9.86,4213.12
481,2.856212e-02,7.733698e+01,1.621737e-03,9.222121e-04,2986899.350,1.096972e-01,6.368740e+01,6.634884e-03,7.395932e-03,2778478.711,5.000000e-04,9.74,4222.86
482,2.886191e-02,7.917920e+01,1.531780e-03,1.125238e-03,2985863.486,2.810990e-02,7.040933e+01,1.248686e-03,1.716421e-03,2914729.828,5.000000e-04,9.65,4232.51
483,2.555062e-02,8.002152e+01,1.292129e-03,9.254362e-04,2986160.436,2.058664e-02,6.805211e+01,7.930820e-04,1.170122e-03,2969428.344,5.000000e-04,10.12,4242.64
484,3.118115e-02,7.801224e+01,1.752281e-03,1.171423e-03,2985390.746,1.786646e-02,7.839091e+01,8.497690e-04,3.059364e-04,2977630.547,5.000000e-04,9.96,4252.62
485,2.474766e-02,7.768532e+01,1.217404e-03,9.610161e-04,2986000.729,2.484344e-02,7.041242e+01,1.416399e-03,7.276429e-04,2967427.297,5.000000e-04,9.67,4262.29
486,2.321119e-02,7.197319e+01,1.231480e-03,7.398132e-04,2989906.148,2.595790e-02,7.108597e+01,1.465890e-03,8.380822e-04,2967997.250,5.000000e-04,9.48,4271.77
487,2.631174e-02,7.372011e+01,1.441358e-03,9.052309e-04,2987375.398,3.028515e-02,7.119743e+01,1.832654e-03,9.677743e-04,3048595.383,5.000000e-04,10.08,4281.84
488,2.931062e-02,7.585318e+01,1.607911e-03,1.129237e-03,2984269.094,2.214584e-02,7.995132e+01,9.890397e-04,8.520613e-04,2956296.711,5.000000e-04,9.70,4291.54
489,2.500971e-02,7.640059e+01,1.291125e-03,8.916805e-04,2988458.900,1.413281e-02,6.489869e+01,5.021573e-04,5.242729e-04,2989817.344,5.000000e-04,9.92,4301.46
490,2.569439e-02,7.280442e+01,1.369754e-03,9.432822e-04,2986917.820,1.864780e-02,7.646239e+01,9.442345e-04,3.118433e-04,2988574.234,5.000000e-04,9.92,4311.38
491,2.487091e-02,7.621867e+01,1.248027e-03,9.537558e-04,2986837.115,2.496477e-02,7.981357e+01,1.407133e-03,5.824153e-04,3009568.211,5.000000e-04,9.87,4321.28
492,2.310584e-02,7.309575e+01,1.181702e-03,7.958486e-04,2988407.975,6.204777e-02,7.194192e+01,4.625585e-03,1.719544e-03,3027437.047,5.000000e-04,9.19,4330.48
493,2.682224e-02,7.654263e+01,1.421587e-03,9.904208e-04,2987612.748,1.817835e-02,7.464627e+01,7.473792e-04,6.479863e-04,2963675.430,5.000000e-04,9.68,4340.16
494,2.609363e-02,7.495495e+01,1.401990e-03,9.156465e-04,2987376.242,2.187169e-02,6.923712e+01,1.197489e-03,5.946171e-04,2958428.023,5.000000e-04,9.84,4350.00
495,2.296428e-02,7.869355e+01,1.169526e-03,6.799321e-04,2988946.832,1.954343e-02,7.246151e+01,5.532757e-04,1.352905e-03,2902374.320,5.000000e-04,9.80,4359.79
496,2.195815e-02,7.497855e+01,1.009535e-03,8.729893e-04,2986962.334,4.214485e-02,7.848947e+01,1.652286e-03,3.554609e-03,3134862.531,5.000000e-04,10.11,4369.91
497,2.681025e-02,7.469693e+01,1.405216e-03,1.057679e-03,2988551.105,1.600852e-02,6.798938e+01,4.882588e-04,8.653993e-04,2925587.039,5.000000e-04,10.04,4379.95
498,2.534230e-02,7.541111e+01,1.273017e-03,1.014203e-03,2985977.125,3.290392e-02,7.793094e+01,2.368075e-03,2.860147e-04,3000046.500,5.000000e-04,9.60,4389.54
499,3.233337e-02,7.832198e+01,1.900712e-03,1.098809e-03,2985468.664,2.166182e-02,8.285186e+01,1.153119e-03,3.690901e-04,3028697.375,5.000000e-04,9.70,4399.25
500,2.853496e-02,7.656162e+01,1.672037e-03,8.316858e-04,2987517.695,5.010383e-02,7.759469e+01,3.882387e-03,7.040966e-04,3034501.352,5.000000e-04,9.64,4408.89
501,2.834952e-02,7.734077e+01,1.482441e-03,1.158207e-03,2986976.764,2.872365e-02,6.948827e+01,1.731549e-03,8.918673e-04,2932403.805,5.000000e-04,9.87,4418.76
502,2.518169e-02,7.448504e+01,1.358309e-03,8.300194e-04,2987967.486,3.770579e-02,7.248813e+01,1.348567e-03,3.394261e-03,2853469.430,5.000000e-04,9.90,4428.66
503,2.465214e-02,7.612129e+01,1.256726e-03,8.945502e-04,2986641.314,1.561369e-02,6.819123e+01,5.906076e-04,5.776979e-04,3044346.258,5.000000e-04,10.24,4438.91
504,2.329729e-02,7.460166e+01,1.122599e-03,9.222273e-04,2988041.891,1.743116e-02,7.674547e+01,7.294384e-04,4.924465e-04,2960390.453,5.000000e-04,10.25,4449.16
505,2.686245e-02,7.521517e+01,1.400000e-03,1.068185e-03,2987211.451,2.351789e-02,7.174656e+01,1.293472e-03,6.817039e-04,2938703.641,5.000000e-04,10.28,4459.43
506,2.457312e-02,7.532212e+01,1.240567e-03,9.270473e-04,2988065.652,2.077022e-02,7.436562e+01,1.174386e-03,3.179594e-04,3018395.234,5.000000e-04,9.70,4469.14
507,2.465308e-02,7.629296e+01,1.258553e-03,8.876497e-04,2987855.979,1.506575e-02,7.034410e+01,6.812030e-04,2.438616e-04,3006753.844,5.000000e-04,9.74,4478.87
508,2.235937e-02,7.378872e+01,1.145678e-03,7.047429e-04,2989389.648,2.519982e-02,6.461327e+01,8.576354e-04,2.032428e-03,2885515.547,5.000000e-04,9.73,4488.60
509,3.008135e-02,7.672663e+01,1.745788e-03,9.901601e-04,2983907.693,3.560156e-02,9.828052e+01,2.348169e-03,4.583623e-04,3000539.680,5.000000e-04,9.75,4498.35
510,2.281260e-02,7.685311e+01,1.171911e-03,6.816361e-04,2989423.570,2.956641e-02,7.123860e+01,1.989823e-03,5.088625e-04,2959965.133,5.000000e-04,9.89,4508.23
511,2.492024e-02,7.591074e+01,1.318841e-03,8.281504e-04,2987595.283,1.966280e-02,7.519578e+01,5.802274e-04,1.268190e-03,3089498.641,5.000000e-04,9.93,4518.16
512,2.449635e-02,7.311254e+01,1.244308e-03,9.484021e-04,2986942.947,2.205380e-02,7.549506e+01,1.093275e-03,7.143102e-04,2947973.992,5.000000e-04,9.19,4527.35
513,2.326401e-02,7.431651e+01,1.193850e-03,7.787711e-04,2988293.484,2.432229e-02,6.923759e+01,1.234200e-03,1.011308e-03,3067145.844,5.000000e-04,9.50,4536.85
514,2.694226e-02,7.501438e+01,1.434570e-03,1.019024e-03,2987885.811,4.850840e-02,6.510762e+01,2.180138e-03,4.039252e-03,2821098.242,5.000000e-04,9.72,4546.58
515,3.097342e-02,8.275841e+01,1.688677e-03,1.162161e-03,2985024.537,2.295727e-02,6.865696e+01,1.239606e-03,7.391021e-04,2943748.023,5.000000e-04,10.12,4556.70
516,2.454404e-02,7.526104e+01,1.231842e-03,9.399034e-04,2986667.219,1.512552e-02,6.926028e+01,6.696060e-04,3.006858e-04,3004505.484,5.000000e-04,9.65,4566.36
517,2.430326e-02,7.376897e+01,1.271093e-03,8.430882e-04,2988298.783,2.579846e-02,7.737785e+01,1.509353e-03,5.934274e-04,3035832.062,5.000000e-04,10.19,4576.55
518,2.520203e-02,7.543485e+01,1.408638e-03,7.144314e-04,2988153.514,2.028185e-02,7.560322e+01,9.096851e-04,7.249361e-04,3038739.102,5.000000e-04,10.24,4586.79
519,2.491957e-02,7.625859e+01,1.223211e-03,1.012320e-03,2987809.898,2.825349e-02,8.477148e+01,1.678873e-03,5.975217e-04,2946158.211,5.000000e-04,10.15,4596.95
520,2.431388e-02,7.509592e+01,1.288254e-03,7.843495e-04,2989012.662,3.339260e-02,6.928587e+01,1.657743e-03,1.977318e-03,2878024.930,5.000000e-04,10.36,4607.31
521,2.996374e-02,8.273080e+01,1.539535e-03,1.259061e-03,2983533.244,2.345083e-02,7.987771e+01,9.953687e-04,1.101875e-03,3069299.781,5.000000e-04,10.63,4617.95
522,2.623818e-02,7.652424e+01,1.389067e-03,9.390167e-04,2988599.371,1.912622e-02,7.175436e+01,9.809719e-04,4.282129e-04,2991796.031,5.000000e-04,10.29,4628.24
523,2.541818e-02,7.581359e+01,1.391467e-03,7.844292e-04,2986257.838,2.461501e-02,7.986277e+01,1.440019e-03,4.457068e-04,3015028.656,5.000000e-04,10.01,4638.25
524,2.965011e-02,7.393345e+01,1.698257e-03,1.054839e-03,2987437.412,2.207459e-02,6.864337e+01,9.236543e-04,1.194742e-03,2978955.039,5.000000e-04,10.32,4648.58
525,2.386942e-02,7.520891e+01,1.206218e-03,8.572712e-04,2988148.064,2.652423e-02,6.963925e+01,1.649425e-03,6.132118e-04,2993558.617,5.000000e-04,10.35,4658.93
526,2.437851e-02,7.682728e+01,1.285089e-03,7.689800e-04,2988079.943,1.584926e-02,6.884198e+01,4.448611e-04,9.032910e-04,2998654.383,5.000000e-04,10.04,4668.97
527,3.042620e-02,8.366455e+01,1.665186e-03,1.081577e-03,2983283.377,2.427016e-02,8.265709e+01,1.409137e-03,3.826163e-04,2979921.211,5.000000e-04,9.62,4678.59
528,2.887613e-02,7.841467e+01,1.439399e-03,1.328136e-03,2985234.123,4.566510e-02,6.763332e+01,1.922074e-03,3.936205e-03,2845860.266,5.000000e-04,10.28,4688.87
529,2.491371e-02,7.507914e+01,1.167823e-03,1.145512e-03,2987683.029,3.368699e-02,8.200382e+01,1.265831e-03,2.565660e-03,3109770.750,5.000000e-04,10.81,4699.67
530,2.469416e-02,7.258041e+01,1.324083e-03,8.390583e-04,2987699.512,3.123975e-02,8.196722e+01,1.998423e-03,6.117597e-04,2977617.719,5.000000e-04,10.29,4709.96
531,2.284653e-02,7.220733e+01,1.185796e-03,7.535687e-04,2988998.941,2.863165e-02,7.312818e+01,1.861067e-03,5.416318e-04,3005988.539,5.000000e-04,10.14,4720.10
532,2.347146e-02,7.185084e+01,1.224457e-03,8.083628e-04,2987159.830,4.471313e-02,8.976770e+01,1.912134e-03,3.323004e-03,3157112.305,5.000000e-04,10.06,4730.16
533,2.537718e-02,7.785530e+01,1.402960e-03,7.124110e-04,2989427.420,1.422423e-02,7.343807e+01,5.554930e-04,2.650981e-04,2974187.086,5.000000e-04,9.68,4739.84
534,2.450009e-02,7.430173e+01,1.309167e-03,7.956491e-04,2989057.408,2.903148e-02,7.672490e+01,1.710130e-03,8.515400e-04,2928644.938,5.000000e-04,9.72,4749.57
535,2.244467e-02,7.296749e+01,1.131780e-03,7.660238e-04,2986794.074,4.583539e-02,8.607435e+01,2.923342e-03,1.598907e-03,3053177.766,5.000000e-04,10.08,4759.65
536,2.701690e-02,7.709980e+01,1.424510e-03,1.012364e-03,2987596.354,2.463845e-02,7.271117e+01,1.162388e-03,1.148691e-03,2928905.312,5.000000e-04,9.67,4769.32
537,2.318223e-02,7.569849e+01,1.144677e-03,8.331216e-04,2986700.475,1.857617e-02,7.347865e+01,1.021832e-03,2.019979e-04,3000501.031,5.000000e-04,9.75,4779.07
538,2.176428e-02,7.106991e+01,1.122290e-03,6.868782e-04,2988654.320,2.508119e-02,7.104852e+01,1.619440e-03,3.563868e-04,2982859.516,5.000000e-04,9.75,4788.82
539,2.217424e-02,6.905849e+01,1.156118e-03,7.414418e-04,2990031.125,2.146644e-02,7.350550e+01,6.524495e-04,1.518280e-03,2939547.695,5.000000e-04,10.10,4798.92
540,2.559907e-02,7.475405e+01,1.375770e-03,8.731949e-04,2987640.361,2.233358e-02,6.792325e+01,1.119738e-03,8.687743e-04,2971918.992,5.000000e-04,9.81,4808.73
541,2.284909e-02,6.976733e+01,1.210075e-03,7.543207e-04,2988893.156,2.005052e-02,7.253557e+01,1.102540e-03,3.543118e-04,3025263.031,5.000000e-04,9.95,4818.68
542,2.106620e-02,6.871377e+01,1.061786e-03,7.153918e-04,2988666.656,2.372667e-02,7.268365e+01,1.383841e-03,5.239789e-04,3050119.023,5.000000e-04,9.74,4828.42
543,2.196201e-02,7.139196e+01,1.099611e-03,7.653406e-04,2989485.416,1.687430e-02,6.549441e+01,5.554352e-04,9.541014e-04,2927374.211,5.000000e-04,9.79,4838.21
544,2.623309e-02,7.501279e+01,1.365474e-03,1.015416e-03,2987132.416,2.588569e-02,7.985654e+01,1.514912e-03,5.501822e-04,2971446.133,5.000000e-04,9.96,4848.16
545,2.424208e-02,7.496662e+01,1.284195e-03,7.806939e-04,2987488.043,1.648577e-02,7.812065e+01,5.463689e-04,6.420040e-04,3030587.203,5.000000e-04,9.68,4857.85
546,2.227164e-02,7.483496e+01,1.040559e-03,8.765123e-04,2988692.941,7.157476e-02,9.157872e+01,5.826865e-03,8.296474e-04,2973898.008,5.000000e-04,9.56,4867.41
547,2.778483e-02,7.515139e+01,1.542080e-03,9.697785e-04,2987145.242,2.765045e-02,7.176878e+01,1.135102e-03,1.824510e-03,2914669.195,5.000000e-04,9.56,4876.97
548,2.567345e-02,7.396000e+01,1.389189e-03,8.771108e-04,2988706.059,1.530659e-02,6.710876e+01,6.111325e-04,4.968784e-04,3005498.930,5.000000e-04,10.31,4887.28
549,2.196694e-02,6.995274e+01,1.112012e-03,7.703080e-04,2988080.518,1.778899e-02,7.272227e+01,7.821506e-04,5.390519e-04,3022628.531,5.000000e-04,10.38,4897.66
550,2.285255e-02,7.518976e+01,1.150395e-03,7.659242e-04,2990118.176,1.860905e-02,7.165819e+01,5.505716e-04,1.187504e-03,3014515.359,5.000000e-04,9.54,4907.20
551,2.418574e-02,7.318875e+01,1.245730e-03,8.819143e-04,2987151.951,2.092399e-02,7.014812e+01,1.062194e-03,6.574476e-04,2945112.633,5.000000e-04,9.49,4916.69
552,2.203371e-02,7.057206e+01,1.115797e-03,7.637053e-04,2989022.514,1.715678e-02,7.073191e+01,9.149124e-04,1.868927e-04,2998679.664,5.000000e-04,9.73,4926.43
553,2.296942e-02,7.170979e+01,1.228726e-03,7.022359e-04,2988252.701,3.848472e-02,7.240877e+01,2.227449e-03,1.793870e-03,2953810.414,5.000000e-04,10.33,4936.76
554,2.515485e-02,7.237951e+01,1.314409e-03,9.545624e-04,2989654.535,2.541558e-02,7.662445e+01,1.464383e-03,6.218604e-04,2959265.508,5.000000e-04,9.89,4946.65
555,2.240932e-02,7.239278e+01,1.136857e-03,7.602949e-04,2987925.467,1.493269e-02,7.253227e+01,6.536644e-04,2.285637e-04,2991296.188,5.000000e-04,9.78,4956.44
556,2.331984e-02,7.032339e+01,1.191444e-03,8.746128e-04,2987533.250,1.771550e-02,7.030501e+01,7.311892e-04,6.746221e-04,2997640.148,5.000000e-04,9.80,4966.24
557,2.504813e-02,7.413218e+01,1.380198e-03,7.665875e-04,2987502.930,2.313570e-02,7.728277e+01,1.083729e-03,9.140282e-04,2945775.562,5.000000e-04,10.52,4976.76
558,2.465187e-02,7.541381e+01,1.260915e-03,9.002672e-04,2989969.619,2.453991e-02,6.800601e+01,1.200450e-03,1.146962e-03,2909491.070,5.000000e-04,9.92,4986.68
559,2.461577e-02,7.324083e+01,1.345527e-03,7.672840e-04,2987041.129,1.665281e-02,7.156100e+01,7.323599e-04,4.346227e-04,2974292.953,5.000000e-04,10.10,4996.78
560,2.038346e-02,6.958968e+01,1.031299e-03,6.223013e-04,2989205.029,1.796427e-02,6.626756e+01,8.486546e-04,5.701926e-04,2948766.617,5.000000e-04,10.45,5007.24
561,2.493260e-02,7.347463e+01,1.332047e-03,8.529341e-04,2988207.121,2.417629e-02,7.518133e+01,1.129215e-03,1.073203e-03,3038633.289,5.000000e-04,10.34,5017.58
562,2.474456e-02,7.346731e+01,1.290372e-03,8.988208e-04,2988303.064,1.658803e-02,8.314951e+01,5.948013e-04,4.650134e-04,3005093.883,5.000000e-04,10.17,5027.76
563,2.383133e-02,7.487786e+01,1.256625e-03,7.554581e-04,2988543.760,2.378040e-02,7.207774e+01,1.063230e-03,1.188066e-03,2928406.586,5.000000e-04,10.11,5037.87
564,2.239209e-02,7.264155e+01,1.156926e-03,7.117362e-04,2988882.787,2.290601e-02,7.348629e+01,5.376834e-04,2.036110e-03,2876150.523,5.000000e-04,9.75,5047.62
565,2.262612e-02,7.336957e+01,1.099096e-03,8.596417e-04,2988920.123,4.371566e-02,7.156347e+01,2.884351e-03,1.543162e-03,2918269.875,5.000000e-04,9.81,5057.44
566,2.675888e-02,7.100536e+01,1.483875e-03,9.639195e-04,2985733.078,1.895522e-02,9.729817e+01,5.898517e-04,6.653768e-04,3058466.547,5.000000e-04,10.07,5067.51
567,2.502754e-02,7.775582e+01,1.352589e-03,7.452141e-04,2988575.211,1.706510e-02,7.112056e+01,7.261750e-04,5.382587e-04,2978278.695,5.000000e-04,9.98,5077.49
568,2.560469e-02,7.214214e+01,1.324871e-03,1.028354e-03,2987450.023,1.345263e-02,6.788736e+01,5.457120e-04,2.413545e-04,2996920.133,5.000000e-04,9.99,5087.47
569,2.341415e-02,7.133766e+01,1.237498e-03,7.810802e-04,2989142.584,1.425213e-02,6.846530e+01,6.465816e-04,1.879575e-04,2982429.609,5.000000e-04,10.44,5097.91
570,2.309675e-02,7.199061e+01,1.199804e-03,7.799299e-04,2987952.570,4.053831e-02,8.559721e+01,2.447888e-03,1.499942e-03,3058723.859,5.000000e-04,13.04,5110.95
571,2.590575e-02,7.388615e+01,1.372280e-03,9.588672e-04,2987796.262,2.083222e-02,7.218416e+01,1.074453e-03,5.738542e-04,2990212.453,5.000000e-04,11.46,5122.42
572,2.415636e-02,7.209521e+01,1.317354e-03,7.546609e-04,2988032.064,1.728616e-02,6.963248e+01,8.836634e-04,2.972549e-04,2980981.812,5.000000e-04,9.83,5132.24
573,2.448609e-02,7.649091e+01,1.310726e-03,7.459478e-04,2988872.012,1.586691e-02,7.212698e+01,6.771032e-04,3.766360e-04,2996535.039,5.000000e-04,9.54,5141.79
574,2.376938e-02,7.073791e+01,1.166023e-03,1.007072e-03,2988574.986,1.877314e-02,6.682480e+01,7.072315e-04,1.003670e-03,2941130.141,5.000000e-04,9.71,5151.49
575,2.274327e-02,6.998537e+01,1.152058e-03,8.448293e-04,2987558.600,1.820309e-02,7.094727e+01,8.315151e-04,5.586432e-04,2989026.195,5.000000e-04,9.57,5161.06
576,2.322605e-02,7.352756e+01,1.205661e-03,7.633382e-04,2987195.209,3.198936e-02,7.319789e+01,1.798277e-03,1.337360e-03,2957616.086,5.000000e-04,10.73,5171.80
577,2.250525e-02,7.034648e+01,1.122674e-03,8.487740e-04,2989397.715,2.917428e-02,8.077029e+01,1.490641e-03,1.238168e-03,3040171.227,5.000000e-04,9.93,5181.73
578,2.572401e-02,7.467583e+01,1.336284e-03,9.787160e-04,2988508.828,1.942590e-02,7.004581e+01,8.036647e-04,8.769334e-04,2939309.070,5.000000e-04,9.58,5191.31
579,2.310547e-02,7.371319e+01,1.233552e-03,6.797264e-04,2989097.254,1.779172e-02,6.821715e+01,5.414423e-04,1.111116e-03,2907730.711,5.000000e-04,9.97,5201.28
580,2.682975e-02,6.976590e+01,1.488136e-03,9.943595e-04,2985653.346,3.088254e-02,7.982695e+01,2.026119e-03,5.277324e-04,2980467.914,5.000000e-04,9.77,5211.06
581,2.443729e-02,7.350274e+01,1.228313e-03,9.607775e-04,2989392.674,1.941100e-02,6.893958e+01,1.115050e-03,2.733102e-04,3001592.938,5.000000e-04,10.07,5221.13
582,2.335159e-02,7.141988e+01,1.174470e-03,8.929804e-04,2988282.824,3.076351e-02,7.169863e+01,1.821962e-03,1.074805e-03,2949125.719,5.000000e-04,9.78,5230.91
583,2.300208e-02,7.031144e+01,1.170377e-03,8.534339e-04,2988923.949,2.313202e-02,6.763569e+01,1.134839e-03,1.004012e-03,2919018.727,5.000000e-04,10.01,5240.93
584,2.290018e-02,6.982298e+01,1.221992e-03,7.395930e-04,2988494.791,1.702674e-02,6.673872e+01,8.733348e-04,3.239046e-04,2991087.398,5.000000e-04,9.95,5250.88
585,2.257001e-02,7.015854e+01,1.169649e-03,7.715330e-04,2989126.688,2.707138e-02,7.157876e+01,1.865550e-03,2.516012e-04,3007763.281,5.000000e-04,9.36,5260.24
586,2.051471e-02,6.898322e+01,1.002503e-03,7.182719e-04,2989391.408,2.462386e-02,7.504953e+01,1.539816e-03,3.441490e-04,3038222.758,5.000000e-04,9.87,5270.11
587,2.149664e-02,6.967359e+01,1.092078e-03,7.216996e-04,2988886.279,2.191884e-02,7.022877e+01,1.367376e-03,2.444393e-04,3001951.070,5.000000e-04,9.85,5279.96
588,2.467054e-02,6.961156e+01,1.370446e-03,8.009839e-04,2988999.887,5.118453e-02,8.268885e+01,3.678441e-03,1.226246e-03,2970945.508,5.000000e-04,9.75,5289.71
589,2.306282e-02,7.130775e+01,1.189148e-03,8.081142e-04,2987361.350,2.189457e-02,8.106508e+01,1.149645e-03,4.583238e-04,3022096.641,5.000000e-04,9.77,5299.49
590,2.418449e-02,7.427578e+01,1.178347e-03,9.946884e-04,2988596.514,1.605224e-02,7.023426e+01,6.147640e-04,5.762357e-04,2944291.938,5.000000e-04,9.52,5309.01
591,2.215703e-02,6.942989e+01,1.099997e-03,8.428139e-04,2988628.939,1.592980e-02,7.650873e+01,4.940109e-04,6.677648e-04,3053900.609,5.000000e-04,9.62,5318.63
592,2.618647e-02,7.113918e+01,1.412843e-03,9.888253e-04,2987986.422,1.401244e-02,6.787725e+01,5.835099e-04,2.779227e-04,2992232.922,5.000000e-04,9.62,5328.25
593,2.175808e-02,7.055567e+01,1.136794e-03,6.669160e-04,2988537.428,1.874613e-02,7.475312e+01,7.996021e-04,6.549587e-04,3051811.352,5.000000e-04,9.62,5337.88
594,2.049237e-02,6.693297e+01,1.046234e-03,6.673458e-04,2990522.596,3.036678e-02,6.888804e+01,1.306098e-03,2.083398e-03,2906696.367,5.000000e-04,9.98,5347.86
595,2.603560e-02,7.305356e+01,1.434904e-03,8.762416e-04,2987577.889,1.800356e-02,7.492292e+01,5.039147e-04,1.094423e-03,3015518.242,5.000000e-04,10.78,5358.65
596,2.080067e-02,6.904060e+01,9.789199e-04,8.214827e-04,2987564.914,2.715033e-02,6.982968e+01,1.687692e-03,6.580894e-04,3049095.289,5.000000e-04,9.84,5368.50
597,2.276008e-02,7.010317e+01,1.179115e-03,7.917228e-04,2989830.604,1.990218e-02,6.231288e+01,1.230023e-03,2.741332e-04,2982033.328,5.000000e-04,10.02,5378.53
598,2.328952e-02,6.765848e+01,1.171983e-03,9.607680e-04,2986474.594,7.821962e-02,8.323365e+01,6.092579e-03,1.794093e-03,2908881.570,5.000000e-04,9.35,5387.91
599,2.405145e-02,7.397617e+01,1.221364e-03,8.880379e-04,2988843.320,3.882645e-02,1.038079e+02,2.319833e-03,1.049465e-03,3073884.906,5.000000e-04,10.12,5398.03
600,2.422107e-02,7.310382e+01,1.220081e-03,9.419768e-04,2989950.379,1.155896e-02,6.752209e+01,3.769123e-04,2.075248e-04,2978234.672,5.000000e-04,9.36,5407.40
601,2.177964e-02,6.933218e+01,1.139103e-03,6.910779e-04,2988480.354,1.739816e-02,7.275781e+01,7.728826e-04,4.787106e-04,2985383.352,5.000000e-04,9.46,5416.86
602,2.180408e-02,6.879996e+01,1.160377e-03,6.640617e-04,2990779.955,1.875875e-02,6.084186e+01,6.480926e-04,1.238727e-03,2910474.336,5.000000e-04,9.49,5426.36
603,2.362887e-02,6.779478e+01,1.254682e-03,8.605138e-04,2987969.203,1.777732e-02,7.239527e+01,9.336224e-04,2.403130e-04,3013275.172,5.000000e-04,10.13,5436.48
604,2.167202e-02,6.932002e+01,1.080160e-03,7.876836e-04,2989510.844,1.258267e-02,6.486453e+01,4.438339e-04,3.315746e-04,2977428.781,5.000000e-04,9.96,5446.45
605,2.210552e-02,7.049553e+01,1.128628e-03,7.539370e-04,2988887.438,1.442601e-02,6.841115e+01,4.979662e-04,5.210476e-04,3055000.359,5.000000e-04,9.69,5456.14
606,2.134213e-02,6.695487e+01,1.112352e-03,7.046250e-04,2990218.094,2.015140e-02,6.702722e+01,1.070169e-03,5.493968e-04,3008705.836,5.000000e-04,10.31,5466.45
607,2.524020e-02,6.861844e+01,1.401807e-03,8.720559e-04,2988091.934,2.143190e-02,6.885063e+01,1.335710e-03,2.379483e-04,3014126.656,5.000000e-04,9.47,5475.92
608,1.953239e-02,6.765108e+01,9.517661e-04,6.499236e-04,2989485.096,1.857965e-02,6.741020e+01,9.667451e-04,4.342363e-04,3027865.141,5.000000e-04,9.42,5485.35
609,2.160332e-02,7.347493e+01,1.000829e-03,8.495093e-04,2988874.943,2.078768e-02,7.719197e+01,1.045966e-03,5.217640e-04,2970878.484,5.000000e-04,9.50,5494.86
610,2.022448e-02,6.853384e+01,9.435963e-04,7.870263e-04,2990781.596,1.346503e-02,6.635620e+01,5.205582e-04,3.247660e-04,2981814.805,5.000000e-04,9.27,5504.13
611,2.096772e-02,6.710534e+01,1.094075e-03,6.632865e-04,2990442.146,2.470000e-02,6.879639e+01,1.532451e-03,4.991694e-04,2994529.320,5.000000e-04,9.37,5513.50
612,1.900915e-02,6.738018e+01,9.510870e-04,5.520532e-04,2990345.074,2.709342e-02,6.171239e+01,1.386501e-03,1.411436e-03,2901901.258,5.000000e-04,9.51,5523.01
613,2.333981e-02,6.948783e+01,1.259114e-03,7.599769e-04,2988343.115,1.492438e-02,6.406099e+01,7.048636e-04,2.939292e-04,3006832.492,5.000000e-04,9.79,5532.80
614,2.268294e-02,6.676114e+01,1.193476e-03,8.144128e-04,2988774.525,1.826467e-02,7.433501e+01,7.339458e-04,6.983425e-04,3027084.570,5.000000e-04,9.38,5542.19
615,2.078987e-02,6.847605e+01,1.063241e-03,6.619703e-04,2990095.340,1.806394e-02,6.221470e+01,8.466033e-04,6.752871e-04,3030434.945,5.000000e-04,9.37,5551.56
616,2.360981e-02,6.719264e+01,1.300267e-03,7.775741e-04,2989251.496,3.149290e-02,7.227906e+01,1.501378e-03,1.850243e-03,2884144.320,5.000000e-04,9.51,5561.07
617,2.221925e-02,7.395021e+01,1.124180e-03,7.164851e-04,2987946.488,1.913405e-02,6.543543e+01,9.296177e-04,6.588654e-04,2956287.164,5.000000e-04,9.24,5570.31
618,2.291338e-02,6.733843e+01,1.251415e-03,7.330773e-04,2989300.246,2.155428e-02,6.318163e+01,1.201891e-03,6.434415e-04,3017557.031,5.000000e-04,9.52,5579.83
619,2.061253e-02,6.473262e+01,1.066855e-03,6.941439e-04,2989935.367,1.940273e-02,6.855524e+01,1.016745e-03,4.759505e-04,3016763.234,5.000000e-04,9.97,5589.80
620,2.813582e-02,7.148684e+01,1.538082e-03,1.121262e-03,2987816.658,1.554744e-02,6.508430e+01,7.471050e-04,3.135919e-04,3016169.484,5.000000e-04,9.39,5599.19
621,2.373186e-02,6.978822e+01,1.274498e-03,8.016115e-04,2990379.203,4.250023e-02,6.694590e+01,2.126708e-03,2.907711e-03,2871356.266,5.000000e-04,9.52,5608.71
622,2.420075e-02,7.261780e+01,1.252152e-03,8.834889e-04,2986203.066,2.290821e-02,6.702457e+01,1.179319e-03,8.825122e-04,2924760.484,5.000000e-04,9.16,5617.87
623,1.998624e-02,6.597391e+01,9.877291e-04,7.023107e-04,2989613.643,1.999758e-02,6.461442e+01,1.162642e-03,3.819439e-04,2971901.398,5.000000e-04,9.62,5627.48
624,1.966572e-02,6.700628e+01,1.045710e-03,5.015993e-04,2990887.678,2.310268e-02,6.840700e+01,1.129648e-03,9.930989e-04,2916038.125,5.000000e-04,9.51,5636.99
625,2.413576e-02,7.021135e+01,1.176205e-03,1.070515e-03,2987567.008,2.424395e-02,6.970390e+01,1.059321e-03,1.336069e-03,2920752.578,5.000000e-04,9.54,5646.53
626,2.149691e-02,6.902068e+01,1.097143e-03,7.246819e-04,2989137.846,2.546982e-02,6.972742e+01,1.573164e-03,5.530878e-04,3005497.273,5.000000e-04,9.74,5656.28
627,2.242600e-02,6.894870e+01,1.111250e-03,8.837260e-04,2988140.021,1.575323e-02,6.372924e+01,6.664546e-04,5.431526e-04,2952783.602,5.000000e-04,9.63,5665.92
628,2.074083e-02,6.610551e+01,1.059349e-03,7.073591e-04,2991065.051,2.025995e-02,5.983507e+01,1.024097e-03,8.070942e-04,2946186.266,5.000000e-04,9.47,5675.40
629,2.221345e-02,6.773791e+01,1.181658e-03,7.246161e-04,2988355.443,1.775295e-02,7.347931e+01,7.824084e-04,5.161876e-04,3020261.266,5.000000e-04,9.66,5685.05
630,1.977211e-02,6.824460e+01,9.978845e-04,5.937607e-04,2990753.334,1.607916e-02,6.925299e+01,7.094243e-04,4.119235e-04,2955367.898,5.000000e-04,9.37,5694.42
631,2.159787e-02,6.745734e+01,1.135264e-03,6.998991e-04,2988636.691,2.179515e-02,7.670931e+01,1.253530e-03,3.177829e-04,2978232.984,5.000000e-04,9.40,5703.82
632,2.212118e-02,7.025315e+01,1.137416e-03,7.443421e-04,2990334.576,2.992227e-02,6.510063e+01,1.051198e-03,2.580047e-03,2863603.773,5.000000e-04,9.88,5713.71
633,2.430223e-02,7.121230e+01,1.227822e-03,9.805551e-04,2986215.551,1.658382e-02,6.188715e+01,7.339538e-04,6.111132e-04,2955608.016,5.000000e-04,10.18,5723.88
634,2.155706e-02,6.752937e+01,1.131567e-03,6.976907e-04,2987981.443,2.013271e-02,6.614396e+01,1.024186e-03,6.552905e-04,3025948.852,5.000000e-04,9.58,5733.46
635,2.029031e-02,6.835224e+01,1.011378e-03,6.682605e-04,2990941.645,8.156698e-02,7.063067e+01,6.164101e-03,2.572580e-03,2867006.844,5.000000e-04,9.97,5743.44
636,2.339395e-02,6.724006e+01,1.308728e-03,7.165324e-04,2987468.242,2.333963e-02,7.000897e+01,1.332567e-03,6.026143e-04,2960917.234,5.000000e-04,10.34,5753.78
637,2.091130e-02,6.907253e+01,1.017177e-03,7.664546e-04,2990455.664,2.276555e-02,6.719218e+01,1.440310e-03,3.286462e-04,3029626.625,5.000000e-04,10.03,5763.81
638,2.444547e-02,6.998977e+01,1.295668e-03,8.979629e-04,2989224.221,1.814212e-02,6.778060e+01,7.382738e-04,7.962637e-04,2947669.688,5.000000e-04,9.68,5773.48
639,2.183324e-02,6.749020e+01,1.086641e-03,8.435619e-04,2988465.221,1.597484e-02,6.565364e+01,4.037738e-04,1.074348e-03,2925849.430,5.000000e-04,10.08,5783.56
640,2.389166e-02,6.876089e+01,1.268442e-03,8.662305e-04,2989578.209,1.613278e-02,6.404935e+01,6.012894e-04,7.429894e-04,3017498.414,5.000000e-04,10.49,5794.05
641,2.108106e-02,6.797639e+01,1.074548e-03,7.075878e-04,2989175.246,1.753372e-02,6.987870e+01,5.802520e-04,9.486657e-04,3044817.430,5.000000e-04,9.72,5803.77
642,2.055586e-02,6.994473e+01,1.047655e-03,6.169678e-04,2989649.572,1.992237e-02,6.795659e+01,1.011522e-03,6.022993e-04,2974441.414,5.000000e-04,9.70,5813.47
643,1.998505e-02,6.856750e+01,9.153357e-04,7.949880e-04,2989381.184,1.537247e-02,6.896093e+01,7.068825e-04,2.815109e-04,3009301.148,5.000000e-04,9.52,5823.00
644,2.647043e-02,7.151387e+01,1.444785e-03,9.742379e-04,2987864.734,1.474394e-02,7.239197e+01,5.643088e-04,3.723314e-04,3014185.836,5.000000e-04,10.20,5833.20
645,2.255095e-02,6.815429e+01,1.231541e-03,6.840216e-04,2988619.236,1.754266e-02,6.445387e+01,7.490828e-04,7.212898e-04,3037972.672,5.000000e-04,9.74,5842.93
646,2.539907e-02,7.096147e+01,1.251571e-03,1.157444e-03,2988583.766,1.967976e-02,6.167359e+01,1.022294e-03,6.578923e-04,2932043.977,5.000000e-04,9.43,5852.36
647,2.211362e-02,7.334659e+01,1.056825e-03,8.421415e-04,2989294.113,4.229742e-02,6.234878e+01,1.718180e-03,3.776150e-03,2827160.492,5.000000e-04,10.78,5863.14
648,2.087867e-02,6.875283e+01,1.058150e-03,6.843764e-04,2988787.596,3.092618e-02,6.682500e+01,1.699413e-03,1.449909e-03,2931136.344,5.000000e-04,10.12,5873.26
649,2.245700e-02,6.624688e+01,1.166972e-03,8.325189e-04,2987267.369,6.331137e-02,7.745659e+01,4.931890e-03,1.249361e-03,3062000.367,5.000000e-04,10.08,5883.35
650,2.225319e-02,6.858084e+01,1.140395e-03,7.982319e-04,2989489.488,2.473802e-02,6.800551e+01,1.425996e-03,7.355025e-04,2986815.711,5.000000e-04,9.94,5893.30
651,2.171852e-02,6.797685e+01,1.113334e-03,7.574987e-04,2989551.760,1.575948e-02,6.269983e+01,6.450493e-04,6.078008e-04,2938856.188,5.000000e-04,9.70,5903.01
652,2.170197e-02,6.543781e+01,1.118792e-03,7.940538e-04,2989267.582,3.363761e-02,7.714987e+01,2.313514e-03,5.574962e-04,3047684.578,5.000000e-04,9.62,5912.64
653,2.290154e-02,7.259210e+01,1.136123e-03,8.562197e-04,2989471.365,1.243889e-02,7.075779e+01,4.600948e-04,1.524327e-04,2981678.305,5.000000e-04,9.77,5922.42
654,2.213174e-02,6.682264e+01,1.152306e-03,7.852846e-04,2989338.191,4.081799e-02,7.668453e+01,2.779553e-03,1.070803e-03,3058335.992,5.000000e-04,9.69,5932.12
655,2.397950e-02,7.202396e+01,1.233009e-03,8.894027e-04,2987345.600,1.660060e-02,6.989495e+01,7.836657e-04,3.548895e-04,3007084.938,5.000000e-04,9.99,5942.12
656,2.207069e-02,6.804608e+01,1.050890e-03,9.514364e-04,2988763.277,1.529926e-02,6.638715e+01,6.237674e-04,4.845753e-04,2961146.453,5.000000e-04,10.17,5952.29
657,2.377432e-02,6.846461e+01,1.245633e-03,8.943057e-04,2989771.873,1.812506e-02,6.333092e+01,7.663881e-04,8.256175e-04,2944649.562,5.000000e-04,9.84,5962.14
658,2.222808e-02,6.923451e+01,1.178106e-03,7.047133e-04,2989008.143,1.780486e-02,6.879018e+01,8.617586e-04,4.616519e-04,2963283.688,5.000000e-04,10.00,5972.14
659,2.341656e-02,6.831903e+01,1.216064e-03,8.848028e-04,2987952.121,3.072226e-02,8.082079e+01,1.798370e-03,9.312960e-04,2971360.031,5.000000e-04,9.54,5981.69
660,2.074371e-02,6.921442e+01,9.901725e-04,7.841076e-04,2989429.031,2.747676e-02,6.909810e+01,1.582921e-03,9.475477e-04,3031224.555,5.000000e-04,10.20,5991.90
661,2.274192e-02,6.766071e+01,1.207385e-03,7.803990e-04,2989813.320,2.372775e-02,7.190645e+01,1.475664e-03,3.560936e-04,3021291.227,5.000000e-04,9.65,6001.57
662,2.276541e-02,6.671183e+01,1.267625e-03,6.835971e-04,2988445.832,2.271932e-02,7.390857e+01,1.196974e-03,6.717453e-04,3040353.961,5.000000e-04,9.65,6011.22
663,2.211418e-02,6.834875e+01,1.117544e-03,8.207721e-04,2988791.451,1.959960e-02,6.796759e+01,1.054105e-03,4.523570e-04,3009823.383,5.000000e-04,9.41,6020.64
664,2.091292e-02,6.924612e+01,1.067684e-03,6.622941e-04,2989903.998,1.920050e-02,6.844250e+01,5.476544e-04,1.375941e-03,3097466.734,5.000000e-04,9.64,6030.28
665,2.127947e-02,6.909431e+01,1.086121e-03,7.017660e-04,2990003.645,1.558247e-02,7.189138e+01,7.172200e-04,2.442257e-04,3005410.133,5.000000e-04,9.62,6039.90
666,2.268448e-02,6.985707e+01,1.175209e-03,7.893360e-04,2989861.078,1.548217e-02,6.643138e+01,5.674252e-04,6.329566e-04,3007315.477,5.000000e-04,9.71,6049.61
667,2.016855e-02,6.701710e+01,9.808402e-04,7.316872e-04,2988861.656,1.933727e-02,6.567531e+01,1.175911e-03,2.021250e-04,3015203.289,5.000000e-04,9.45,6059.06
668,2.231316e-02,6.503199e+01,1.181553e-03,7.988869e-04,2988700.963,1.884269e-02,6.812883e+01,1.001481e-03,4.029984e-04,3002158.211,5.000000e-04,9.56,6068.62
669,2.065345e-02,6.608235e+01,1.021565e-03,7.659134e-04,2990048.027,1.273756e-02,6.459975e+01,4.408060e-04,3.739040e-04,2964713.078,5.000000e-04,9.88,6078.50
670,2.253661e-02,6.951732e+01,1.203858e-03,7.092598e-04,2989430.238,2.364533e-02,7.460474e+01,1.246201e-03,7.445692e-04,2995731.555,5.000000e-04,9.44,6087.94
671,2.042859e-02,6.809006e+01,9.878438e-04,7.482292e-04,2989971.670,1.821314e-02,6.518190e+01,9.677191e-04,4.035519e-04,3009068.719,5.000000e-04,9.49,6097.43
672,2.098771e-02,6.714388e+01,1.080416e-03,6.938317e-04,2990428.834,1.896654e-02,6.821774e+01,8.492653e-04,7.304231e-04,3043159.648,5.000000e-04,9.39,6106.82
673,2.212265e-02,6.751306e+01,1.092139e-03,8.899911e-04,2988338.105,2.474857e-02,7.618999e+01,1.157178e-03,1.111558e-03,3073154.227,5.000000e-04,9.90,6116.72
674,2.079171e-02,6.546290e+01,1.021304e-03,8.064760e-04,2990589.232,1.820560e-02,6.114179e+01,7.702903e-04,8.777029e-04,2930984.852,5.000000e-04,10.39,6127.12
675,2.325321e-02,6.506964e+01,1.241410e-03,8.664300e-04,2987480.576,2.774539e-02,7.529290e+01,1.737984e-03,5.672511e-04,2997036.562,5.000000e-04,9.41,6136.53
676,2.000515e-02,6.684062e+01,1.046153e-03,5.719129e-04,2990121.699,1.758449e-02,6.931296e+01,8.439513e-04,4.427364e-04,3028765.414,5.000000e-04,10.20,6146.73
677,2.016141e-02,6.714420e+01,9.329086e-04,8.235816e-04,2989256.938,2.131376e-02,7.360296e+01,9.852429e-04,8.202077e-04,3051914.203,5.000000e-04,10.35,6157.08
678,2.571796e-02,6.967234e+01,1.493593e-03,7.629596e-04,2989145.252,1.934949e-02,7.994816e+01,9.105302e-04,4.498749e-04,3023921.930,5.000000e-04,9.75,6166.83
679,2.306366e-02,6.961684e+01,1.308916e-03,6.025637e-04,2991132.242,4.049617e-02,6.496391e+01,2.355035e-03,2.089885e-03,2885376.523,5.000000e-04,10.03,6176.86
680,2.393834e-02,6.939824e+01,1.255465e-03,8.887742e-04,2986504.625,2.011836e-02,7.616211e+01,1.121706e-03,2.570169e-04,3006939.266,5.000000e-04,9.97,6186.83
681,2.574567e-02,7.335411e+01,1.425043e-03,8.319645e-04,2990165.086,3.099056e-02,6.239173e+01,1.849651e-03,1.250976e-03,2905141.008,5.000000e-04,10.00,6196.83
682,2.127477e-02,6.629121e+01,1.060012e-03,8.091070e-04,2988417.953,3.280700e-02,6.284263e+01,2.230638e-03,8.432726e-04,2968425.703,5.000000e-04,10.07,6206.90
683,2.052461e-02,6.627845e+01,1.026054e-03,7.272462e-04,2989492.762,3.410496e-02,7.720722e+01,1.480729e-03,2.315389e-03,3131059.398,5.000000e-04,10.14,6217.04
684,2.321136e-02,6.734551e+01,1.175237e-03,9.448885e-04,2989410.021,1.625359e-02,7.049138e+01,7.025382e-04,4.358136e-04,3041111.070,5.000000e-04,10.03,6227.07
685,2.415570e-02,6.878301e+01,1.338064e-03,7.793517e-04,2988134.092,1.560749e-02,6.895685e+01,5.906920e-04,5.609767e-04,3018175.828,5.000000e-04,9.78,6236.85
686,2.481191e-02,6.864494e+01,1.421456e-03,7.465714e-04,2988349.980,1.676497e-02,6.386066e+01,8.969475e-04,2.818852e-04,3008248.539,5.000000e-04,9.98,6246.83
687,2.025517e-02,6.818630e+01,9.639405e-04,7.594270e-04,2989969.189,2.590648e-02,6.810440e+01,1.799426e-03,2.203558e-04,3010956.266,5.000000e-04,9.58,6256.42
688,2.015730e-02,6.511525e+01,9.927920e-04,7.435703e-04,2988897.189,1.971975e-02,6.158882e+01,8.384576e-04,1.035257e-03,3060342.672,5.000000e-04,9.40,6265.82
689,2.000560e-02,6.424626e+01,9.615272e-04,7.931399e-04,2990275.658,1.729395e-02,6.981791e+01,8.909528e-04,2.805273e-04,3007881.781,5.000000e-04,9.56,6275.38
690,2.036402e-02,6.578464e+01,1.016747e-03,7.236174e-04,2989994.598,1.511779e-02,5.919271e+01,5.613561e-04,7.169924e-04,2947268.484,5.000000e-04,9.86,6285.24
691,1.957563e-02,6.535552e+01,9.733147e-04,6.613872e-04,2990484.885,1.718855e-02,6.172461e+01,8.928466e-04,4.175240e-04,2964219.703,5.000000e-04,9.84,6295.08
692,2.107818e-02,6.501755e+01,1.046131e-03,8.230223e-04,2989922.455,2.620302e-02,6.691659e+01,1.334377e-03,1.233519e-03,2918862.219,5.000000e-04,9.56,6304.64
693,2.046584e-02,6.736275e+01,1.041910e-03,6.620927e-04,2988216.629,1.976387e-02,7.267395e+01,9.235196e-04,6.522564e-04,2979024.977,5.000000e-04,9.75,6314.39
694,2.151797e-02,6.715800e+01,1.105156e-03,7.501233e-04,2988953.432,2.840886e-02,6.896604e+01,1.800288e-03,7.018755e-04,3045745.945,5.000000e-04,9.65,6324.04
695,2.382032e-02,6.834172e+01,1.228354e-03,9.405216e-04,2987899.727,2.547727e-02,7.562604e+01,1.516593e-03,5.497459e-04,3038555.570,5.000000e-04,9.55,6333.59
696,2.109046e-02,6.866618e+01,9.901527e-04,8.644624e-04,2990374.748,1.494972e-02,6.663117e+01,5.351562e-04,5.870079e-04,2999462.109,5.000000e-04,9.32,6342.91
697,2.148909e-02,6.833354e+01,1.124593e-03,6.819623e-04,2989864.408,2.144696e-02,6.447781e+01,1.073519e-03,8.527983e-04,2939167.523,5.000000e-04,9.87,6352.78
698,2.535547e-02,7.287483e+01,1.373566e-03,8.664650e-04,2985924.191,2.373660e-02,7.294277e+01,1.313898e-03,6.606700e-04,3055880.828,5.000000e-04,9.55,6362.33
699,2.239710e-02,6.777965e+01,1.159954e-03,8.039179e-04,2991299.703,1.802119e-02,6.854624e+01,9.785554e-04,2.762033e-04,2996420.633,5.000000e-04,9.32,6371.66
700,2.103785e-02,6.847886e+01,1.058400e-03,7.211939e-04,2988241.812,2.212926e-02,6.434981e+01,1.199705e-03,7.394463e-04,3027239.680,5.000000e-04,9.45,6381.11
701,2.738880e-02,6.731789e+01,1.520685e-03,1.090032e-03,2986429.906,2.158148e-02,7.355337e+01,9.874777e-04,8.702735e-04,2949634.688,5.000000e-04,9.71,6390.83
702,2.194636e-02,7.078735e+01,1.079161e-03,8.152023e-04,2988206.258,1.771910e-02,6.859988e+01,8.247108e-04,5.224014e-04,3036821.594,5.000000e-04,9.59,6400.42
703,2.116000e-02,6.834070e+01,1.041687e-03,7.818117e-04,2989173.391,1.526800e-02,7.109170e+01,5.970618e-04,4.376428e-04,3004787.938,5.000000e-04,9.67,6410.08
704,1.930762e-02,6.826505e+01,9.472836e-04,6.016552e-04,2990707.352,2.318121e-02,6.856555e+01,1.307285e-03,6.503621e-04,2946849.516,5.000000e-04,9.34,6419.43
705,2.249489e-02,7.346598e+01,1.109461e-03,8.107358e-04,2987855.252,2.073006e-02,6.859692e+01,1.003183e-03,7.677077e-04,3046412.867,5.000000e-04,9.56,6428.99
706,2.517947e-02,6.914103e+01,1.378722e-03,8.956283e-04,2989615.229,2.262479e-02,5.848783e+01,1.301749e-03,7.517024e-04,2960429.383,5.000000e-04,9.58,6438.57
707,2.116157e-02,6.610662e+01,1.084697e-03,7.407870e-04,2989366.486,3.548381e-02,7.053735e+01,2.237541e-03,1.210934e-03,2923555.961,5.000000e-04,9.24,6447.81
708,2.306166e-02,6.755771e+01,1.237327e-03,7.865243e-04,2988064.064,2.295567e-02,6.772800e+01,1.317882e-03,6.008097e-04,3047926.852,5.000000e-04,9.47,6457.28
709,2.022487e-02,6.480019e+01,1.052314e-03,6.443411e-04,2990853.350,3.076000e-02,6.103032e+01,1.716572e-03,1.498251e-03,2925876.023,5.000000e-04,9.46,6466.74
710,2.099293e-02,6.727653e+01,1.009239e-03,8.345774e-04,2988845.045,2.348681e-02,6.866051e+01,1.059075e-03,1.206001e-03,2990644.258,5.000000e-04,9.66,6476.39
711,2.163023e-02,6.883690e+01,1.086722e-03,7.758642e-04,2988961.826,2.287452e-02,7.335555e+01,1.290047e-03,5.276989e-04,2962749.836,5.000000e-04,9.96,6486.36
712,2.463007e-02,7.154226e+01,1.336637e-03,8.218945e-04,2988485.646,1.684895e-02,7.362283e+01,7.086002e-04,4.801337e-04,3032849.883,5.000000e-04,9.79,6496.15
713,2.111780e-02,6.790615e+01,1.126221e-03,6.129956e-04,2989976.107,1.439518e-02,6.612690e+01,6.162000e-04,3.240976e-04,2997768.883,5.000000e-04,10.01,6506.16
714,2.514586e-02,6.874988e+01,1.384154e-03,8.858662e-04,2988266.926,3.238115e-02,7.927415e+01,2.034469e-03,8.218102e-04,3029743.727,5.000000e-04,9.77,6515.93
715,2.266110e-02,6.878525e+01,1.134617e-03,8.872825e-04,2988858.967,1.420681e-02,6.411849e+01,5.232138e-04,5.125653e-04,2966084.852,5.000000e-04,9.29,6525.22
716,2.230418e-02,6.749505e+01,1.208347e-03,6.942417e-04,2989225.580,2.527374e-02,7.266080e+01,8.842557e-04,1.833020e-03,3106919.391,5.000000e-04,9.57,6534.80
717,2.206486e-02,6.846624e+01,1.092032e-03,8.595841e-04,2988766.312,5.717177e-02,6.949695e+01,4.441847e-03,1.160721e-03,2946162.422,5.000000e-04,9.76,6544.56
718,2.344049e-02,6.868704e+01,1.266205e-03,7.819469e-04,2989255.994,1.729501e-02,7.206995e+01,8.714817e-04,2.746388e-04,3003400.703,5.000000e-04,9.91,6554.46
719,2.326762e-02,7.274101e+01,1.193230e-03,8.122451e-04,2988676.580,2.099027e-02,7.287480e+01,4.916880e-04,1.757183e-03,3095904.430,5.000000e-04,9.79,6564.25
720,2.186798e-02,6.913873e+01,1.161064e-03,6.686938e-04,2989014.895,2.023545e-02,7.039972e+01,9.851899e-04,6.687164e-04,3040671.039,5.000000e-04,9.39,6573.64
721,2.146822e-02,6.698459e+01,1.139448e-03,6.750557e-04,2989823.709,1.791973e-02,7.643601e+01,5.770532e-04,9.011200e-04,2952076.961,5.000000e-04,9.75,6583.43
722,2.065937e-02,6.813727e+01,1.067348e-03,6.344333e-04,2989879.670,1.458986e-02,6.883919e+01,6.515061e-04,2.381760e-04,2998887.289,5.000000e-04,9.99,6593.42
723,1.837621e-02,6.494389e+01,8.369568e-04,7.024504e-04,2991015.783,1.835312e-02,6.210674e+01,9.186849e-04,5.911201e-04,2963112.203,5.000000e-04,9.46,6602.88
724,2.070789e-02,6.520868e+01,1.067250e-03,7.029037e-04,2987826.172,2.178248e-02,7.714338e+01,1.033567e-03,7.464929e-04,3045095.617,5.000000e-04,9.93,6612.81
725,2.289480e-02,6.671720e+01,1.260506e-03,7.236041e-04,2990226.959,1.959218e-02,6.871299e+01,1.077512e-03,3.891515e-04,2953061.078,5.000000e-04,9.64,6622.46
726,1.995760e-02,6.460279e+01,1.018961e-03,6.615426e-04,2990277.531,1.596741e-02,6.386262e+01,6.814102e-04,5.534102e-04,2951146.727,5.000000e-04,10.02,6632.48
727,2.436274e-02,6.797620e+01,1.369253e-03,7.745182e-04,2989710.752,2.036398e-02,6.696842e+01,8.948686e-04,9.436901e-04,2927882.945,5.000000e-04,9.57,6642.05
728,2.020991e-02,6.776907e+01,1.037051e-03,6.124972e-04,2987858.443,2.050961e-02,6.749023e+01,9.180915e-04,9.159348e-04,3057274.406,5.000000e-04,9.83,6651.87
729,2.244815e-02,6.701452e+01,1.107067e-03,9.352049e-04,2989312.010,2.073503e-02,6.982512e+01,1.098116e-03,5.542730e-04,3020910.508,5.000000e-04,9.98,6661.85
730,2.286110e-02,6.780445e+01,1.215583e-03,7.849642e-04,2989488.443,1.627577e-02,6.730936e+01,6.822448e-04,5.444765e-04,2996381.430,5.000000e-04,9.87,6671.72
731,2.048687e-02,7.013332e+01,9.830885e-04,7.285309e-04,2988732.580,2.959400e-02,7.269789e+01,2.123882e-03,2.170775e-04,2999745.203,5.000000e-04,9.89,6681.61
732,2.078564e-02,6.950527e+01,1.072994e-03,6.210356e-04,2990635.748,1.700497e-02,6.477215e+01,6.797978e-04,7.459549e-04,2967752.156,5.000000e-04,9.84,6691.45
733,2.171891e-02,6.597538e+01,1.122956e-03,7.783625e-04,2988958.002,1.348097e-02,6.693001e+01,5.565404e-04,2.445132e-04,2995640.891,5.000000e-04,9.95,6701.40
734,2.455058e-02,6.977162e+01,1.384070e-03,7.465426e-04,2988415.865,1.914258e-02,6.380415e+01,1.165519e-03,2.213947e-04,2969460.602,5.000000e-04,9.85,6711.25
735,2.449004e-02,6.920681e+01,1.277800e-03,9.582706e-04,2986910.188,4.887711e-02,8.619773e+01,3.714158e-03,6.231521e-04,2990449.891,5.000000e-04,9.49,6720.75
736,2.168325e-02,7.152285e+01,1.061481e-03,7.832313e-04,2990940.416,3.549591e-02,6.322279e+01,2.007265e-03,1.820198e-03,2951743.773,5.000000e-04,9.70,6730.45
737,1.975051e-02,6.638919e+01,9.620851e-04,6.981481e-04,2989774.969,2.141512e-02,6.292227e+01,8.363053e-04,1.351968e-03,2912548.797,5.000000e-04,10.01,6740.46
738,2.029067e-02,6.546845e+01,1.004762e-03,7.392413e-04,2989002.486,2.519735e-02,6.862056e+01,1.571098e-03,5.248622e-04,2988387.047,5.000000e-04,9.94,6750.41
739,2.657159e-02,6.770628e+01,1.492948e-03,9.742963e-04,2988511.797,2.907285e-02,5.879288e+01,1.524513e-03,1.589686e-03,2894997.938,5.000000e-04,9.70,6760.11
740,1.999393e-02,6.593469e+01,9.851606e-04,7.097705e-04,2989587.617,1.600055e-02,6.545244e+01,6.363549e-04,6.183509e-04,2965973.180,5.000000e-04,9.62,6769.72
741,2.176168e-02,6.753712e+01,1.082777e-03,8.360413e-04,2988708.613,1.561325e-02,6.110514e+01,7.096358e-04,4.812749e-04,2973898.484,5.000000e-04,9.54,6779.27
742,2.327482e-02,6.603412e+01,1.332965e-03,6.683507e-04,2989875.090,2.024383e-02,6.731030e+01,9.298639e-04,8.428326e-04,2962860.438,5.000000e-04,9.53,6788.80
743,2.238961e-02,6.791150e+01,1.212407e-03,6.948792e-04,2989518.170,3.664284e-02,5.960747e+01,1.259909e-03,3.616599e-03,2837550.375,5.000000e-04,9.54,6798.34
744,2.210593e-02,6.590154e+01,1.157101e-03,7.889532e-04,2989323.061,1.560485e-02,6.525386e+01,5.872554e-04,6.413819e-04,2993929.812,5.000000e-04,9.68,6808.02
745,2.095828e-02,6.507158e+01,1.053024e-03,7.841765e-04,2988765.254,2.164299e-02,6.138445e+01,9.391770e-04,1.222555e-03,2930496.609,5.000000e-04,9.83,6817.85
746,2.076183e-02,6.560764e+01,1.051217e-03,7.377782e-04,2989062.951,4.562123e-02,7.507640e+01,3.543297e-03,5.361241e-04,2966642.500,5.000000e-04,9.62,6827.48
747,2.227834e-02,6.526844e+01,1.172735e-03,8.048284e-04,2989390.363,2.098221e-02,6.219066e+01,1.302707e-03,3.472148e-04,2984348.742,5.000000e-04,9.52,6837.00
748,2.138258e-02,6.807011e+01,1.151190e-03,6.127331e-04,2989177.893,3.982793e-02,7.804169e+01,2.901705e-03,6.013416e-04,3053501.375,5.000000e-04,9.59,6846.59
749,2.193352e-02,6.855162e+01,1.183650e-03,6.483719e-04,2989509.787,1.853391e-02,6.971490e+01,7.262956e-04,8.598933e-04,3055308.297,5.000000e-04,9.53,6856.12
750,2.149408e-02,6.928539e+01,9.686125e-04,9.758838e-04,2988689.100,2.946432e-02,7.381106e+01,1.607827e-03,1.200989e-03,3070207.977,5.000000e-04,9.67,6865.78
751,2.267288e-02,6.731565e+01,1.183772e-03,8.207201e-04,2989884.908,3.001433e-02,6.252087e+01,1.433707e-03,1.885034e-03,2906337.797,5.000000e-04,9.56,6875.35
752,1.789709e-02,6.378248e+01,8.747773e-04,5.542144e-04,2989468.418,3.232439e-02,6.762318e+01,2.334133e-03,4.441484e-04,3022090.695,5.000000e-04,9.84,6885.18
753,2.293826e-02,6.562945e+01,1.294929e-03,6.852037e-04,2989278.695,4.414744e-02,6.322605e+01,3.532414e-03,5.001386e-04,2995871.562,5.000000e-04,10.02,6895.20
754,2.170189e-02,6.558921e+01,1.110850e-03,8.068935e-04,2990171.166,1.442392e-02,6.904321e+01,5.662029e-04,3.715147e-04,3017092.531,5.000000e-04,9.96,6905.18
755,2.243875e-02,6.808685e+01,1.105828e-03,9.143569e-04,2990087.018,2.373691e-02,6.041233e+01,7.627043e-04,2.013727e-03,2878899.750,5.000000e-04,10.24,6915.42
756,1.964612e-02,6.425203e+01,9.767835e-04,6.906166e-04,2990958.193,3.368702e-02,5.755510e+01,1.485950e-03,2.614402e-03,2873213.164,5.000000e-04,9.45,6924.87
757,2.045361e-02,6.331684e+01,1.027287e-03,7.698112e-04,2988390.326,2.367577e-02,6.898742e+01,1.452501e-03,4.504040e-04,3017655.016,5.000000e-04,10.11,6934.98
758,2.268725e-02,6.502553e+01,1.259075e-03,7.187898e-04,2989845.293,1.583091e-02,6.868206e+01,6.151688e-04,5.622026e-04,3007773.734,5.000000e-04,9.93,6944.91
759,2.136067e-02,6.799993e+01,1.103050e-03,7.060372e-04,2988103.797,1.846328e-02,6.679250e+01,9.983928e-04,3.600206e-04,3004693.227,5.000000e-04,9.64,6954.55
760,2.143558e-02,6.974923e+01,1.013624e-03,8.648833e-04,2990108.012,1.536669e-02,6.200945e+01,6.017904e-04,6.295682e-04,2979644.336,5.000000e-04,9.86,6964.41
761,2.271819e-02,6.743481e+01,1.136494e-03,9.219553e-04,2986704.555,2.868390e-02,7.553785e+01,1.739970e-03,7.460846e-04,3050356.594,5.000000e-04,9.83,6974.24
762,2.099571e-02,6.632932e+01,1.094057e-03,6.844417e-04,2990044.986,1.976936e-02,7.263002e+01,1.085028e-03,3.312150e-04,3006998.875,5.000000e-04,9.62,6983.86
763,2.152990e-02,6.869263e+01,1.100967e-03,7.301928e-04,2988435.896,1.847066e-02,7.395736e+01,8.980480e-04,4.188894e-04,3016960.055,5.000000e-04,9.48,6993.34
764,1.906423e-02,6.456959e+01,9.973160e-04,5.268215e-04,2991344.285,3.902368e-02,6.617789e+01,1.789146e-03,2.902886e-03,2904728.883,5.000000e-04,9.58,7002.92
765,2.251301e-02,6.795088e+01,1.117158e-03,9.092685e-04,2989242.580,2.137019e-02,7.713292e+01,8.142136e-04,1.102952e-03,3032191.727,5.000000e-04,9.59,7012.51
766,2.169299e-02,7.336996e+01,1.041412e-03,7.883760e-04,2989152.094,3.225067e-02,7.195230e+01,2.208780e-03,5.935291e-04,3014573.914,5.000000e-04,9.83,7022.34
767,2.101546e-02,7.092006e+01,1.002729e-03,7.792321e-04,2990489.748,1.964979e-02,7.573718e+01,9.984728e-04,4.182690e-04,2957830.656,5.000000e-04,9.86,7032.23
768,2.103985e-02,6.801696e+01,1.035169e-03,7.772928e-04,2988805.895,1.657485e-02,6.059134e+01,7.480788e-04,6.069851e-04,2957609.641,5.000000e-04,9.60,7041.84
769,2.314278e-02,6.958933e+01,1.216215e-03,8.043399e-04,2988495.322,1.966579e-02,7.110661e+01,7.371582e-04,1.036709e-03,3038132.320,5.000000e-04,10.15,7051.98
770,2.315401e-02,6.886290e+01,1.268955e-03,7.156332e-04,2990115.549,2.475413e-02,7.468322e+01,1.292479e-03,8.722033e-04,2979956.297,5.000000e-04,10.24,7062.23
771,2.822692e-02,7.770456e+01,1.561551e-03,9.681925e-04,2986729.547,1.826771e-02,8.305341e+01,5.931328e-04,8.062086e-04,3055637.195,5.000000e-04,9.85,7072.07
772,2.355242e-02,6.938155e+01,1.168835e-03,9.851840e-04,2990699.066,3.225497e-02,6.793298e+01,1.363332e-03,2.365670e-03,2881905.719,5.000000e-04,9.76,7081.85
773,2.031368e-02,6.924984e+01,9.954646e-04,6.868107e-04,2988297.205,2.524219e-02,6.728334e+01,1.699636e-03,3.034988e-04,3003827.516,5.000000e-04,9.71,7091.56
774,2.361822e-02,7.427100e+01,1.213764e-03,8.106966e-04,2988292.705,2.439469e-02,6.741006e+01,1.561516e-03,4.077047e-04,2970259.820,5.000000e-04,10.01,7101.57
775,2.409443e-02,7.272814e+01,1.239495e-03,8.853336e-04,2988448.525,2.637898e-02,7.230105e+01,1.610579e-03,6.086172e-04,2990377.164,5.000000e-04,9.40,7110.97
776,2.779013e-02,7.364529e+01,1.577031e-03,9.310587e-04,2987952.465,2.839799e-02,7.115389e+01,1.824396e-03,6.077299e-04,2978698.211,5.000000e-04,9.82,7120.79
777,3.116471e-02,7.842393e+01,1.727351e-03,1.209760e-03,2984244.855,2.713976e-02,8.634985e+01,1.393656e-03,9.136426e-04,3073975.938,5.000000e-04,9.98,7130.77
778,2.156518e-02,7.223815e+01,1.103774e-03,6.607232e-04,2990551.689,1.920365e-02,6.866015e+01,8.802262e-04,7.070754e-04,2979188.203,5.000000e-04,10.02,7140.79
779,2.347115e-02,7.480707e+01,1.279823e-03,6.384437e-04,2988527.582,2.629766e-02,7.504848e+01,1.340716e-03,1.077130e-03,3007995.742,5.000000e-04,9.78,7150.58
780,2.485327e-02,7.253622e+01,1.340623e-03,8.386825e-04,2988448.912,1.834814e-02,7.475449e+01,7.790288e-04,6.164803e-04,3032193.719,5.000000e-04,9.95,7160.52
781,2.329758e-02,7.115404e+01,1.215758e-03,8.049199e-04,2989043.664,2.683601e-02,6.602024e+01,8.856259e-04,2.275545e-03,2873769.953,5.000000e-04,9.52,7170.04
782,2.518610e-02,7.606940e+01,1.331778e-03,8.522752e-04,2987148.486,1.959170e-02,7.188784e+01,9.264608e-04,6.276618e-04,2946319.062,5.000000e-04,9.77,7179.82
783,2.505255e-02,7.765703e+01,1.259454e-03,9.384616e-04,2988769.686,2.162449e-02,6.520035e+01,8.943566e-04,1.232177e-03,2919024.648,5.000000e-04,9.97,7189.79
784,2.409183e-02,8.197888e+01,1.173640e-03,8.315092e-04,2987730.514,1.819520e-02,7.718698e+01,8.516481e-04,3.920052e-04,2985942.328,5.000000e-04,9.89,7199.67
785,2.593746e-02,7.549054e+01,1.388088e-03,9.015048e-04,2986916.404,2.206300e-02,7.242943e+01,1.138793e-03,6.864237e-04,3027639.727,5.000000e-04,9.77,7209.45
786,2.422737e-02,7.358781e+01,1.136386e-03,1.100946e-03,2986814.240,3.867141e-02,9.183823e+01,1.845346e-03,2.206826e-03,3123582.914,5.000000e-04,9.76,7219.20
787,2.323746e-02,7.406649e+01,1.172435e-03,8.212923e-04,2989201.271,1.393292e-02,7.493768e+01,4.929207e-04,3.019900e-04,3007807.188,5.000000e-04,10.38,7229.59
788,2.748283e-02,7.512488e+01,1.422468e-03,1.149131e-03,2987342.516,3.784101e-02,9.152732e+01,1.470449e-03,2.796758e-03,3109974.492,5.000000e-04,10.14,7239.73
789,2.408564e-02,7.551580e+01,1.202902e-03,9.010062e-04,2987395.836,1.898458e-02,6.985587e+01,1.021095e-03,3.576091e-04,2993834.344,5.000000e-04,9.83,7249.55
790,2.341391e-02,7.161512e+01,1.299221e-03,6.520365e-04,2990595.086,1.764178e-02,6.430087e+01,6.598701e-04,9.225991e-04,2944096.367,5.000000e-04,9.70,7259.26
791,2.701203e-02,7.234912e+01,1.475392e-03,1.004641e-03,2986986.061,1.876212e-02,7.245138e+01,9.645063e-04,3.743837e-04,3010347.469,5.000000e-04,9.44,7268.70
792,2.556851e-02,7.068224e+01,1.377557e-03,9.449427e-04,2986869.197,3.251989e-02,9.381738e+01,1.810752e-03,1.006128e-03,3057003.844,5.000000e-04,9.51,7278.21
793,2.485048e-02,7.363769e+01,1.259478e-03,9.783861e-04,2988713.648,1.584368e-02,7.012353e+01,6.944535e-04,3.773576e-04,3008617.672,5.000000e-04,9.93,7288.16
794,2.529132e-02,7.239537e+01,1.330465e-03,9.494276e-04,2987138.340,2.402340e-02,7.535012e+01,1.038065e-03,1.221548e-03,3075873.734,5.000000e-04,9.86,7298.02
795,2.197120e-02,7.206003e+01,1.140457e-03,6.721254e-04,2988624.865,2.084864e-02,7.179361e+01,1.019080e-03,6.956959e-04,3021285.828,5.000000e-04,9.58,7307.60
796,2.658112e-02,7.321069e+01,1.448072e-03,9.558661e-04,2987372.615,2.324445e-02,7.620631e+01,1.007124e-03,1.110517e-03,3050259.688,5.000000e-04,9.32,7316.92
797,2.524628e-02,7.485626e+01,1.368795e-03,8.145408e-04,2988405.094,2.765082e-02,6.800561e+01,1.842223e-03,4.856056e-04,3008470.312,5.000000e-04,9.31,7326.23
798,2.336744e-02,7.364073e+01,1.193356e-03,8.139615e-04,2988653.957,2.483022e-02,7.857069e+01,1.194604e-03,1.005422e-03,3060670.656,5.000000e-04,9.67,7335.90
799,2.247712e-02,7.033811e+01,1.142123e-03,8.044151e-04,2988794.299,3.131575e-02,8.300601e+01,1.995120e-03,6.127891e-04,3005781.508,5.000000e-04,9.91,7345.81
800,2.413290e-02,6.989242e+01,1.309252e-03,8.102287e-04,2989406.824,3.629330e-02,6.876246e+01,1.885118e-03,2.113174e-03,2889136.250,5.000000e-04,9.81,7355.62
801,2.205702e-02,7.014818e+01,1.138985e-03,7.304702e-04,2988235.990,1.467990e-02,6.437301e+01,6.160774e-04,4.163654e-04,3023603.273,5.000000e-04,10.01,7365.63
802,2.219925e-02,6.960424e+01,1.168977e-03,7.098110e-04,2990530.377,2.151140e-02,6.951132e+01,7.504398e-04,1.411175e-03,2917166.742,5.000000e-04,9.87,7375.50
803,2.604700e-02,7.239536e+01,1.379696e-03,1.002102e-03,2986267.887,2.337133e-02,7.685731e+01,1.235223e-03,6.666734e-04,2974023.758,5.000000e-04,10.15,7385.64
804,2.319515e-02,7.321366e+01,1.244195e-03,6.863679e-04,2988845.135,1.809490e-02,6.884620e+01,9.570928e-04,3.278699e-04,3001886.117,5.000000e-04,9.96,7395.60
805,2.326470e-02,7.173777e+01,1.261066e-03,6.960532e-04,2987896.977,1.974987e-02,7.484967e+01,9.748150e-04,5.033514e-04,3036483.477,5.000000e-04,9.85,7405.48
806,2.238974e-02,7.195590e+01,1.133828e-03,7.711736e-04,2989900.873,1.490357e-02,6.590269e+01,5.174212e-04,6.278190e-04,2950548.297,5.000000e-04,9.74,7415.21
807,2.228378e-02,6.767917e+01,1.165563e-03,7.720458e-04,2988276.654,1.542110e-02,7.135851e+01,5.776384e-04,5.017738e-04,2955327.023,5.000000e-04,9.58,7424.80
808,2.505396e-02,7.212751e+01,1.356516e-03,8.552096e-04,2986467.623,2.292245e-02,7.082524e+01,1.214643e-03,7.386993e-04,3015742.297,5.000000e-04,9.63,7434.43
809,2.719607e-02,7.399857e+01,1.515058e-03,9.291268e-04,2989318.861,2.053936e-02,7.526714e+01,1.061204e-03,4.801213e-04,2999188.953,5.000000e-04,9.85,7444.28
810,2.557001e-02,7.682682e+01,1.272664e-03,1.032139e-03,2985998.398,1.585702e-02,7.708374e+01,6.826376e-04,2.644532e-04,3001468.602,5.000000e-04,9.64,7453.92
811,2.166030e-02,7.631317e+01,1.133061e-03,5.396746e-04,2989340.984,2.840889e-02,8.191707e+01,1.625249e-03,7.929387e-04,3003982.742,5.000000e-04,9.53,7463.45
812,2.527491e-02,7.498791e+01,1.233205e-03,1.088813e-03,2987123.484,2.763162e-02,7.345382e+01,1.382554e-03,1.292140e-03,2902213.422,5.000000e-04,9.34,7472.79
813,2.592131e-02,8.207246e+01,1.391350e-03,7.601116e-04,2987364.236,1.582661e-02,6.684775e+01,6.983592e-04,4.316489e-04,2988440.633,5.000000e-04,9.80,7482.60
814,2.940808e-02,7.860188e+01,1.605899e-03,1.097781e-03,2983936.070,2.073741e-02,8.079658e+01,8.589454e-04,8.136607e-04,3014232.883,5.000000e-04,9.63,7492.23
815,2.643626e-02,7.935729e+01,1.358137e-03,9.838335e-04,2989683.760,1.987852e-02,6.972903e+01,6.128131e-04,1.355497e-03,2897520.133,5.000000e-04,9.36,7501.59
816,2.090108e-02,6.999021e+01,1.006489e-03,7.674334e-04,2988543.424,1.605940e-02,6.935236e+01,7.394050e-04,3.460224e-04,2978800.711,5.000000e-04,9.67,7511.25
817,2.198001e-02,7.054752e+01,1.121336e-03,7.423801e-04,2988322.799,1.770989e-02,6.911585e+01,7.908120e-04,5.780377e-04,3005897.609,5.000000e-04,9.91,7521.16
818,2.161190e-02,7.146708e+01,1.098181e-03,6.966766e-04,2989784.857,1.976594e-02,6.830478e+01,7.598937e-04,1.067305e-03,2925189.516,5.000000e-04,9.38,7530.54
819,2.090586e-02,7.055080e+01,1.051032e-03,6.680923e-04,2989155.650,1.627830e-02,6.519575e+01,6.875659e-04,5.766141e-04,2977333.688,5.000000e-04,9.47,7540.02
820,2.129926e-02,6.882593e+01,1.094668e-03,6.939976e-04,2990438.605,4.262596e-02,7.519782e+01,2.207852e-03,2.605531e-03,2858526.391,5.000000e-04,9.66,7549.68
821,2.253310e-02,7.260671e+01,1.147969e-03,7.585481e-04,2988329.139,1.748615e-02,7.095142e+01,8.287462e-04,4.207100e-04,3007127.758,5.000000e-04,9.69,7559.37
822,2.042327e-02,6.832197e+01,1.006453e-03,7.053090e-04,2988997.443,3.641171e-02,7.811573e+01,2.307731e-03,1.104565e-03,3054670.352,5.000000e-04,9.29,7568.66
823,2.231087e-02,6.866279e+01,1.137557e-03,8.138037e-04,2989140.979,3.596351e-02,6.901367e+01,2.146120e-03,1.520189e-03,2898109.430,5.000000e-04,10.47,7579.13
824,2.016169e-02,6.807273e+01,1.011740e-03,6.474032e-04,2990553.463,1.793354e-02,6.619991e+01,9.084979e-04,4.457139e-04,3005416.711,5.000000e-04,10.48,7589.61
825,2.200047e-02,6.684745e+01,1.134091e-03,7.949631e-04,2988444.498,1.548302e-02,6.941833e+01,6.770899e-04,3.540572e-04,2981486.945,5.000000e-04,9.74,7599.35
826,2.014712e-02,6.840716e+01,9.995473e-04,6.621871e-04,2988979.883,3.611758e-02,5.948344e+01,2.345431e-03,1.342985e-03,2955517.516,5.000000e-04,10.06,7609.42
827,1.964071e-02,6.604999e+01,9.718671e-04,6.634081e-04,2990642.150,2.289130e-02,6.467825e+01,1.477958e-03,3.287809e-04,3013079.938,5.000000e-04,9.65,7619.07
828,2.265404e-02,6.504535e+01,1.198366e-03,8.331678e-04,2989348.537,1.634127e-02,6.812363e+01,7.537721e-04,3.982382e-04,3018659.625,5.000000e-04,9.49,7628.56
829,2.246882e-02,6.766475e+01,1.135772e-03,8.689257e-04,2989058.516,1.450371e-02,6.585190e+01,5.915313e-04,4.006423e-04,2965142.695,5.000000e-04,9.62,7638.19
830,2.277157e-02,6.881518e+01,1.181343e-03,8.153258e-04,2987518.189,2.948850e-02,6.862066e+01,1.777412e-03,9.704626e-04,3012678.039,5.000000e-04,9.45,7647.64
831,2.181886e-02,6.932054e+01,1.117197e-03,7.429670e-04,2990806.486,2.116875e-02,6.882413e+01,6.818304e-04,1.493608e-03,2924087.844,5.000000e-04,9.36,7657.02
832,2.412890e-02,6.970507e+01,1.318776e-03,7.941268e-04,2987520.783,1.807333e-02,7.121783e+01,7.317473e-04,7.268137e-04,3024341.523,5.000000e-04,9.47,7666.49
833,2.358828e-02,6.979393e+01,1.276220e-03,7.693380e-04,2988302.779,2.999290e-02,7.172067e+01,1.722576e-03,1.119016e-03,2946259.453,5.000000e-04,9.53,7676.03
834,2.299885e-02,6.973124e+01,1.088165e-03,1.028817e-03,2989663.998,2.405488e-02,6.257200e+01,1.120364e-03,1.318808e-03,2916735.414,5.000000e-04,9.71,7685.76
835,2.036762e-02,6.885118e+01,9.869358e-04,7.226284e-04,2988527.637,1.644404e-02,7.842082e+01,5.184835e-04,6.834249e-04,2989769.961,5.000000e-04,10.65,7696.41
836,2.243534e-02,7.102286e+01,1.150841e-03,7.649287e-04,2989322.408,1.814806e-02,7.162467e+01,6.799400e-04,8.372378e-04,2937437.297,5.000000e-04,9.86,7706.27
837,2.155131e-02,6.811574e+01,1.120793e-03,7.063597e-04,2989310.855,1.593718e-02,6.695729e+01,7.103612e-04,4.275674e-04,3025330.203,5.000000e-04,10.83,7717.10
838,2.439619e-02,6.836150e+01,1.335312e-03,8.413850e-04,2987928.723,1.531068e-02,7.634865e+01,5.811255e-04,3.729118e-04,2981176.102,5.000000e-04,10.42,7727.52
839,2.164421e-02,6.930287e+01,1.051455e-03,8.398735e-04,2990340.014,3.022817e-02,7.526805e+01,1.515065e-03,1.510142e-03,2916501.125,5.000000e-04,10.91,7738.42
840,2.189649e-02,6.941384e+01,1.032823e-03,9.253751e-04,2986911.686,1.510161e-02,7.461170e+01,4.997021e-04,5.286839e-04,3034600.570,5.000000e-04,9.70,7748.12
841,2.216366e-02,7.117076e+01,1.095582e-03,8.181540e-04,2988524.707,1.633113e-02,7.723850e+01,6.982709e-04,3.249139e-04,3011874.438,5.000000e-04,10.31,7758.44
842,2.059842e-02,6.944961e+01,1.013650e-03,7.033913e-04,2990827.047,1.194932e-02,6.567552e+01,3.375072e-04,4.013395e-04,2961706.008,5.000000e-04,11.19,7769.62
843,1.939075e-02,6.548183e+01,1.005398e-03,5.577178e-04,2989557.359,1.623569e-02,7.121503e+01,6.899386e-04,4.429600e-04,2968808.445,5.000000e-04,10.64,7780.27
844,1.940263e-02,6.863886e+01,9.477055e-04,6.123379e-04,2990176.236,4.467147e-02,7.208195e+01,3.012067e-03,1.468522e-03,2916891.992,5.000000e-04,11.52,7791.78
845,2.068732e-02,6.564680e+01,9.928824e-04,8.387634e-04,2989187.893,2.094039e-02,7.401661e+01,6.290083e-04,1.449730e-03,3066414.789,5.000000e-04,10.88,7802.67
846,1.929852e-02,6.773569e+01,9.249646e-04,6.550612e-04,2990388.965,2.109595e-02,6.836194e+01,1.192184e-03,4.675825e-04,2990029.648,5.000000e-04,10.05,7812.72
847,2.059135e-02,6.591493e+01,1.062648e-03,6.746752e-04,2989599.643,1.833139e-02,6.665877e+01,1.054403e-03,2.242972e-04,3000890.023,5.000000e-04,10.38,7823.11
848,1.958776e-02,6.572383e+01,9.529451e-04,6.971845e-04,2991634.973,2.843708e-02,6.193272e+01,9.312196e-04,2.586322e-03,2879442.500,5.000000e-04,10.47,7833.58
849,2.142848e-02,6.825514e+01,1.131841e-03,6.569116e-04,2988005.297,2.483626e-02,6.732219e+01,1.535742e-03,5.493236e-04,2991737.789,5.000000e-04,9.98,7843.56
850,1.949932e-02,6.432029e+01,1.018760e-03,5.759375e-04,2991887.756,1.922903e-02,6.125766e+01,8.764411e-04,8.677706e-04,2950277.078,5.000000e-04,9.38,7852.94
851,2.082603e-02,6.502558e+01,1.079748e-03,7.051989e-04,2989079.512,3.746629e-02,7.465087e+01,2.365666e-03,1.268909e-03,3053840.711,5.000000e-04,10.55,7863.49
852,2.123063e-02,6.663175e+01,1.070435e-03,7.726222e-04,2989619.031,2.265141e-02,7.388247e+01,1.184584e-03,6.834640e-04,3035855.922,5.000000e-04,10.36,7873.85
853,2.097225e-02,6.833510e+01,1.030465e-03,7.668174e-04,2989594.057,1.441116e-02,6.086411e+01,5.532596e-04,5.584308e-04,2962697.375,5.000000e-04,9.88,7883.72
854,2.193856e-02,6.855327e+01,1.030430e-03,9.557873e-04,2989384.443,2.979212e-02,5.963090e+01,1.967956e-03,8.298942e-04,2968944.625,5.000000e-04,10.16,7893.89
855,2.414203e-02,6.738517e+01,1.285311e-03,9.100807e-04,2988538.188,1.665077e-02,6.225997e+01,6.913485e-04,7.022585e-04,2975470.180,5.000000e-04,10.48,7904.37
856,1.884071e-02,6.349823e+01,9.279684e-04,6.422397e-04,2990471.975,2.104324e-02,6.270890e+01,1.129665e-03,6.951398e-04,2989258.492,5.000000e-04,10.16,7914.54
857,2.010308e-02,6.675640e+01,9.660630e-04,7.533621e-04,2989168.270,2.055479e-02,7.648890e+01,1.055378e-03,4.704241e-04,2990089.453,5.000000e-04,10.71,7925.25
858,2.140952e-02,6.962298e+01,1.061688e-03,7.660692e-04,2990577.990,2.383679e-02,6.412577e+01,9.027583e-04,1.679326e-03,2895152.547,5.000000e-04,11.29,7936.54
859,2.167413e-02,6.615257e+01,1.131910e-03,7.479554e-04,2987258.037,3.184445e-02,7.401091e+01,1.804557e-03,1.279558e-03,3077142.367,5.000000e-04,10.25,7946.79
860,2.246869e-02,6.941728e+01,1.256667e-03,5.920598e-04,2989855.121,2.263032e-02,6.805270e+01,1.006532e-03,1.151948e-03,2913505.812,5.000000e-04,11.11,7957.90
861,1.801697e-02,6.511862e+01,8.600965e-04,5.808281e-04,2989890.883,1.449628e-02,6.830300e+01,4.714737e-04,5.902478e-04,3056983.000,5.000000e-04,10.56,7968.46
862,2.106883e-02,6.526531e+01,1.129717e-03,6.490249e-04,2990170.365,2.478192e-02,6.351879e+01,1.116251e-03,1.453506e-03,2911113.508,5.000000e-04,10.59,7979.05
863,2.257026e-02,6.854301e+01,1.147990e-03,8.472113e-04,2988361.557,1.694063e-02,6.934947e+01,5.762596e-04,8.486165e-04,3057122.258,5.000000e-04,10.28,7989.34
864,2.059428e-02,6.630531e+01,1.018411e-03,7.559283e-04,2990243.652,1.965553e-02,6.076238e+01,7.033954e-04,1.309067e-03,2899702.391,5.000000e-04,10.26,7999.60
865,1.971765e-02,6.573136e+01,9.867511e-04,6.554001e-04,2989738.783,1.915752e-02,6.345666e+01,1.000882e-03,5.606073e-04,3021665.680,5.000000e-04,11.09,8010.69
866,2.142730e-02,6.740279e+01,1.091689e-03,7.540265e-04,2988653.701,2.454192e-02,7.431953e+01,1.464287e-03,4.934196e-04,2991793.789,5.000000e-04,11.34,8022.03
867,2.188068e-02,7.039045e+01,1.140613e-03,6.871020e-04,2989898.893,4.451247e-02,6.593500e+01,3.206109e-03,1.171577e-03,2942809.391,5.000000e-04,10.25,8032.28
868,2.239824e-02,6.955634e+01,1.149707e-03,7.891082e-04,2988533.688,1.464808e-02,6.758373e+01,5.716664e-04,4.346076e-04,3001824.000,5.000000e-04,10.07,8042.35
869,1.999929e-02,6.699995e+01,1.026342e-03,6.071740e-04,2991086.268,1.586708e-02,6.889157e+01,7.399603e-04,3.156642e-04,2990988.055,5.000000e-04,10.79,8053.14
870,2.189213e-02,7.032825e+01,1.039985e-03,8.918908e-04,2988327.111,1.464379e-02,6.613505e+01,6.575323e-04,2.909916e-04,2994169.492,5.000000e-04,10.42,8063.56
871,2.314887e-02,7.225045e+01,1.121003e-03,9.427587e-04,2989401.904,1.486184e-02,6.565040e+01,5.211506e-04,6.170589e-04,2956297.766,5.000000e-04,10.22,8073.78
872,2.417594e-02,7.844566e+01,1.146611e-03,9.730535e-04,2987758.139,1.572333e-02,7.424160e+01,6.214941e-04,4.168454e-04,2964324.016,5.000000e-04,9.78,8083.56
873,2.048683e-02,6.919163e+01,1.041712e-03,6.301092e-04,2989072.861,3.889866e-02,8.244641e+01,2.151596e-03,1.827613e-03,3078086.742,5.000000e-04,9.97,8093.54
874,1.890224e-02,6.875375e+01,8.809452e-04,6.434836e-04,2990914.191,1.959392e-02,7.136624e+01,1.090435e-03,3.105894e-04,2988165.656,5.000000e-04,10.13,8103.67
875,2.498866e-02,6.955382e+01,1.319199e-03,9.682563e-04,2988971.117,2.730604e-02,6.893708e+01,1.220042e-03,1.642382e-03,2906859.391,5.000000e-04,11.01,8114.68
876,1.970948e-02,6.733853e+01,9.719206e-04,6.512837e-04,2988951.311,1.608767e-02,6.444744e+01,7.610230e-04,4.065385e-04,3027664.961,5.000000e-04,10.41,8125.10
877,2.078594e-02,6.625998e+01,1.052717e-03,7.265546e-04,2990541.146,2.091111e-02,7.103974e+01,1.024684e-03,7.120593e-04,2963634.203,5.000000e-04,10.18,8135.29
878,2.191248e-02,6.873533e+01,1.130298e-03,7.471927e-04,2987403.268,3.626178e-02,9.282732e+01,2.291657e-03,8.124938e-04,3038478.008,5.000000e-04,10.29,8145.58
879,2.199495e-02,6.888728e+01,1.123458e-03,7.743275e-04,2989666.309,1.494924e-02,6.691321e+01,6.631573e-04,3.252700e-04,2981322.680,5.000000e-04,10.13,8155.72
880,1.882295e-02,6.485130e+01,9.380630e-04,5.914388e-04,2990053.902,1.862433e-02,7.063848e+01,9.149803e-04,4.821355e-04,2994265.375,5.000000e-04,10.06,8165.78
881,2.139002e-02,7.554718e+01,9.759803e-04,8.151003e-04,2990679.680,1.443731e-02,6.887795e+01,5.586069e-04,3.926884e-04,2994383.445,5.000000e-04,10.12,8175.89
882,2.240453e-02,6.814592e+01,1.180397e-03,7.571944e-04,2987656.318,3.188342e-02,7.118822e+01,1.868524e-03,1.215872e-03,3069564.258,5.000000e-04,10.69,8186.59
883,1.992939e-02,6.616638e+01,1.009283e-03,6.439843e-04,2989673.734,2.615520e-02,6.435465e+01,1.249891e-03,1.444166e-03,3095573.711,5.000000e-04,10.37,8196.98
884,2.221805e-02,6.726849e+01,1.168333e-03,7.615746e-04,2989297.865,2.705407e-02,7.126941e+01,1.727405e-03,5.306157e-04,3040175.156,5.000000e-04,10.57,8207.55
885,2.064706e-02,6.861143e+01,1.038386e-03,6.804109e-04,2990193.852,2.894663e-02,6.910842e+01,1.883039e-03,6.410805e-04,3014213.570,5.000000e-04,11.60,8219.16
886,2.061807e-02,6.754405e+01,1.025520e-03,7.216934e-04,2991148.299,2.943087e-02,5.966678e+01,1.649719e-03,1.393400e-03,2904369.438,5.000000e-04,11.09,8230.25
887,2.224118e-02,6.960514e+01,1.159131e-03,7.378700e-04,2988360.340,1.831633e-02,6.513428e+01,8.342943e-04,6.919925e-04,3047903.398,5.000000e-04,10.55,8240.80
888,2.444655e-02,6.984075e+01,1.266514e-03,9.594657e-04,2987479.191,2.892894e-02,7.218725e+01,1.662410e-03,1.017225e-03,3080288.555,5.000000e-04,10.88,8251.68
889,2.578472e-02,7.280750e+01,1.391545e-03,9.177030e-04,2988524.564,2.864399e-02,6.613926e+01,1.096573e-03,2.212868e-03,2908535.781,5.000000e-04,10.32,8262.01
890,2.425475e-02,7.221397e+01,1.123793e-03,1.159084e-03,2988319.965,1.856467e-02,7.094892e+01,9.303725e-04,4.332107e-04,3008458.727,5.000000e-04,10.40,8272.41
891,2.158430e-02,6.983322e+01,9.881946e-04,9.438070e-04,2989648.488,2.011498e-02,6.141265e+01,7.588607e-04,1.277022e-03,2922150.352,5.000000e-04,10.30,8282.71
892,2.383011e-02,7.055349e+01,1.199660e-03,9.556338e-04,2987465.826,2.254813e-02,6.931270e+01,1.337113e-03,4.491464e-04,3002668.219,5.000000e-04,10.52,8293.23
893,2.272043e-02,7.398781e+01,1.174743e-03,7.148439e-04,2989842.994,1.719524e-02,6.146060e+01,5.657196e-04,1.078396e-03,2916241.914,5.000000e-04,10.98,8304.21
894,2.276344e-02,6.928329e+01,1.177230e-03,8.125636e-04,2987777.059,1.556980e-02,7.027735e+01,6.154821e-04,4.774492e-04,3026081.750,5.000000e-04,10.78,8314.99
895,2.401582e-02,6.877038e+01,1.288016e-03,8.517227e-04,2989030.258,1.330710e-02,6.613467e+01,5.111683e-04,3.163910e-04,2996255.625,5.000000e-04,11.10,8326.09
896,2.023552e-02,6.903779e+01,1.024269e-03,6.178088e-04,2989488.443,1.645192e-02,6.962466e+01,7.045888e-04,4.887141e-04,2983695.648,5.000000e-04,10.25,8336.34
897,2.452834e-02,7.122939e+01,1.191115e-03,1.098850e-03,2990535.096,2.478082e-02,6.557369e+01,1.232241e-03,1.180209e-03,2926976.141,5.000000e-04,10.66,8347.01
898,2.021914e-02,6.675818e+01,1.034986e-03,6.386922e-04,2989096.656,1.472846e-02,6.849457e+01,4.760935e-04,6.236139e-04,2942773.484,5.000000e-04,10.57,8357.57
899,2.302995e-02,6.825338e+01,1.154382e-03,9.321595e-04,2988193.646,2.578866e-02,7.105559e+01,1.061689e-03,1.613243e-03,2990956.875,5.000000e-04,9.83,8367.41
900,2.515218e-02,6.856794e+01,1.380793e-03,8.974916e-04,2988876.604,1.945253e-02,6.370243e+01,9.667489e-04,6.829589e-04,2970777.438,5.000000e-04,10.84,8378.25
901,2.057475e-02,6.626790e+01,1.002175e-03,7.852418e-04,2988372.875,1.732093e-02,7.209340e+01,5.888055e-04,8.447068e-04,3046069.906,5.000000e-04,10.90,8389.15
902,2.069379e-02,6.606715e+01,9.685220e-04,8.803711e-04,2991508.246,1.734283e-02,6.607749e+01,7.473578e-04,6.523007e-04,2954478.562,5.000000e-04,10.07,8399.23
903,2.004596e-02,6.425696e+01,1.073078e-03,5.778979e-04,2988536.963,2.090572e-02,6.965576e+01,8.949659e-04,9.980962e-04,3072576.141,5.000000e-04,10.05,8409.27
904,2.494712e-02,6.821020e+01,1.271544e-03,1.082131e-03,2987262.250,3.028580e-02,5.906763e+01,1.686649e-03,1.502508e-03,2929669.445,5.000000e-04,10.10,8419.38
905,2.133943e-02,6.604577e+01,1.141208e-03,6.645537e-04,2990647.428,2.048648e-02,6.533770e+01,1.009346e-03,7.718494e-04,2934950.680,5.000000e-04,10.04,8429.42
906,1.838952e-02,6.556656e+01,8.832182e-04,6.001374e-04,2989128.658,1.393452e-02,6.447197e+01,5.968706e-04,3.037236e-04,3017117.180,5.000000e-04,10.42,8439.84
907,2.103850e-02,6.573623e+01,1.059922e-03,7.731310e-04,2988271.705,2.181403e-02,6.703666e+01,9.980019e-04,1.026068e-03,3055353.984,5.000000e-04,10.31,8450.15
908,2.004543e-02,6.441340e+01,1.018375e-03,6.840682e-04,2992016.252,2.339177e-02,6.076302e+01,1.336904e-03,7.892855e-04,2935908.719,5.000000e-04,10.03,8460.18
909,2.226293e-02,6.720100e+01,1.180098e-03,7.483690e-04,2988892.396,2.160622e-02,7.459344e+01,1.242940e-03,3.434950e-04,3037468.641,5.000000e-04,10.28,8470.46
910,2.011737e-02,6.531912e+01,1.053810e-03,6.094724e-04,2990213.381,1.347829e-02,6.398178e+01,5.173192e-04,3.813838e-04,2993462.836,5.000000e-04,10.74,8481.20
911,2.054348e-02,6.404840e+01,1.085731e-03,6.562646e-04,2990404.121,2.659597e-02,5.888247e+01,1.587421e-03,9.667017e-04,2961324.344,5.000000e-04,10.13,8491.33
912,2.153112e-02,6.320578e+01,1.166412e-03,7.092839e-04,2988458.508,2.456039e-02,7.540209e+01,1.150915e-03,1.102206e-03,3060564.469,5.000000e-04,10.07,8501.40
913,2.138758e-02,6.657044e+01,1.091299e-03,7.635100e-04,2990675.844,1.835184e-02,6.371228e+01,9.449534e-04,5.062154e-04,2981276.648,5.000000e-04,10.61,8512.02
914,2.071226e-02,6.942135e+01,9.432891e-04,8.674467e-04,2989217.473,1.691197e-02,7.554618e+01,6.065837e-04,6.583039e-04,2943203.523,5.000000e-04,9.95,8521.96
915,2.197046e-02,6.912382e+01,1.149367e-03,7.128813e-04,2990265.615,1.700012e-02,7.663104e+01,7.477349e-04,3.719341e-04,3000117.109,5.000000e-04,9.92,8531.89
916,2.319398e-02,7.087530e+01,1.142840e-03,9.356107e-04,2988276.324,1.666196e-02,6.744233e+01,7.680656e-04,4.474140e-04,3006327.602,5.000000e-04,10.25,8542.14
917,2.192666e-02,6.786527e+01,1.123402e-03,7.812228e-04,2989364.154,1.920675e-02,6.808944e+01,8.731317e-04,7.332984e-04,2992539.617,5.000000e-04,10.45,8552.59
918,2.088951e-02,6.705110e+01,1.088422e-03,6.600367e-04,2990262.600,2.094182e-02,7.268672e+01,1.198817e-03,3.369959e-04,2988428.188,5.000000e-04,10.08,8562.67
919,2.428147e-02,7.145232e+01,1.298818e-03,8.296105e-04,2988275.873,1.457754e-02,7.349105e+01,4.866205e-04,4.724458e-04,2965473.992,5.000000e-04,10.43,8573.11
920,2.339458e-02,6.820198e+01,1.314027e-03,6.868221e-04,2988899.434,2.756616e-02,7.389946e+01,1.650749e-03,7.337459e-04,3040831.102,5.000000e-04,11.01,8584.13
921,2.167005e-02,6.802990e+01,1.189329e-03,5.947531e-04,2989188.260,2.227785e-02,6.902687e+01,1.210848e-03,6.533371e-04,3018368.211,5.000000e-04,10.32,8594.45
922,2.025553e-02,6.637215e+01,1.017513e-03,6.886371e-04,2990143.889,2.124532e-02,6.256332e+01,9.750388e-04,1.047720e-03,2994016.453,5.000000e-04,10.14,8604.59
923,2.411694e-02,7.124701e+01,1.228163e-03,9.421229e-04,2988032.994,1.874394e-02,6.587527e+01,6.157622e-04,1.199759e-03,2943813.320,5.000000e-04,11.02,8615.61
924,2.009808e-02,6.649536e+01,1.009010e-03,6.716879e-04,2989955.064,2.570682e-02,7.326923e+01,1.442469e-03,7.910409e-04,3062875.141,5.000000e-04,10.39,8626.00
925,2.158674e-02,6.867677e+01,1.104408e-03,7.349949e-04,2988003.516,2.579025e-02,7.061168e+01,1.488625e-03,7.685670e-04,3029002.180,5.000000e-04,11.10,8637.10
926,2.199658e-02,6.696722e+01,1.045602e-03,9.687673e-04,2990419.959,1.554705e-02,6.457914e+01,5.223563e-04,7.731153e-04,2948662.281,5.000000e-04,10.92,8648.02
927,2.057528e-02,6.807095e+01,1.076863e-03,5.999114e-04,2988960.283,1.699205e-02,7.253016e+01,6.510925e-04,6.456210e-04,3009423.961,5.000000e-04,10.13,8658.15
928,2.099124e-02,6.872070e+01,1.006807e-03,8.102199e-04,2989451.258,1.764485e-02,6.787733e+01,7.415261e-04,6.883723e-04,2952942.367,5.000000e-04,10.22,8668.37
929,2.078027e-02,6.713707e+01,1.020313e-03,7.726864e-04,2989568.020,1.784081e-02,6.781361e+01,7.530882e-04,7.057136e-04,3058619.805,5.000000e-04,10.25,8678.62
930,2.176745e-02,6.793907e+01,1.039389e-03,9.159306e-04,2987593.410,1.709631e-02,6.523788e+01,8.663043e-04,3.818948e-04,3008894.898,5.000000e-04,10.65,8689.27
931,2.174248e-02,6.518031e+01,1.153965e-03,7.369587e-04,2990823.385,1.928232e-02,6.220383e+01,1.048426e-03,5.155349e-04,2973434.180,5.000000e-04,11.30,8700.57
932,2.492097e-02,6.782426e+01,1.338955e-03,9.498003e-04,2986792.396,3.830472e-02,8.468299e+01,2.449421e-03,1.068442e-03,3051403.117,5.000000e-04,10.38,8710.96
933,1.966260e-02,6.612095e+01,9.705362e-04,6.690289e-04,2990472.203,1.857286e-02,6.077485e+01,6.389489e-04,1.221177e-03,2915619.570,5.000000e-04,10.41,8721.37
934,2.389610e-02,6.960206e+01,1.293059e-03,8.010597e-04,2988016.484,1.590686e-02,7.656065e+01,4.626345e-04,7.248903e-04,3035790.273,5.000000e-04,10.06,8731.44
935,2.263255e-02,7.022967e+01,1.229866e-03,6.621844e-04,2989294.410,2.143558e-02,7.268654e+01,1.089609e-03,6.541663e-04,2962843.719,5.000000e-04,9.95,8741.39
936,2.031861e-02,6.621099e+01,1.019100e-03,7.013032e-04,2989987.840,2.594210e-02,6.873288e+01,1.150379e-03,1.513004e-03,2907525.383,5.000000e-04,9.86,8751.25
937,2.284640e-02,7.013827e+01,1.142695e-03,8.811247e-04,2989428.600,2.763481e-02,7.151799e+01,1.813456e-03,4.696913e-04,2967981.664,5.000000e-04,10.57,8761.82
938,2.360666e-02,7.234473e+01,1.220616e-03,8.332060e-04,2987758.875,1.168920e-02,6.829893e+01,4.158508e-04,1.401590e-04,2993028.547,5.000000e-04,10.38,8772.20
939,2.115981e-02,7.300672e+01,1.016198e-03,7.394319e-04,2990063.771,1.620133e-02,6.551777e+01,7.012577e-04,5.273959e-04,3027985.320,5.000000e-04,10.23,8782.43
940,1.967008e-02,7.026644e+01,8.947581e-04,7.391716e-04,2989853.297,4.083579e-02,6.564962e+01,2.937163e-03,9.798416e-04,2934568.352,5.000000e-04,10.30,8792.73
941,1.963550e-02,6.862593e+01,9.398929e-04,6.747963e-04,2990420.189,3.356757e-02,6.654833e+01,1.664698e-03,2.053152e-03,2873857.133,5.000000e-04,10.23,8802.96
942,2.269934e-02,6.903098e+01,1.236482e-03,6.862837e-04,2987984.432,1.620330e-02,7.030650e+01,7.868970e-04,2.607356e-04,2998795.688,5.000000e-04,10.08,8813.04
943,2.080184e-02,6.837204e+01,1.052975e-03,6.869782e-04,2990200.080,2.138988e-02,6.291247e+01,1.307196e-03,4.053341e-04,2976137.602,5.000000e-04,10.04,8823.08
944,1.950194e-02,6.496348e+01,8.723755e-04,8.563665e-04,2989018.814,1.711223e-02,6.716096e+01,8.275109e-04,4.242054e-04,3021466.336,5.000000e-04,9.79,8832.87
945,2.098965e-02,6.574348e+01,1.011222e-03,8.606159e-04,2989485.055,2.695116e-02,6.860817e+01,1.394419e-03,1.229232e-03,3048688.711,5.000000e-04,9.81,8842.68
946,1.911514e-02,6.431523e+01,9.445952e-04,6.475328e-04,2990457.150,1.860495e-02,7.221340e+01,8.188780e-04,6.389670e-04,2970869.648,5.000000e-04,10.15,8852.83
947,1.861586e-02,6.460466e+01,9.007908e-04,6.294972e-04,2990738.270,1.772166e-02,6.703460e+01,6.431744e-04,9.172905e-04,3040184.148,5.000000e-04,10.04,8862.88
948,2.003341e-02,6.349206e+01,1.041420e-03,6.540002e-04,2989720.744,1.342713e-02,6.299856e+01,5.358679e-04,3.537197e-04,2983601.602,5.000000e-04,10.03,8872.91
949,2.520012e-02,7.615309e+01,1.256983e-03,1.002997e-03,2989085.455,2.157149e-02,6.715900e+01,1.050031e-03,8.710568e-04,2964131.156,5.000000e-04,10.40,8883.31
950,2.037978e-02,7.061533e+01,9.588978e-04,7.458538e-04,2989542.418,2.473642e-02,7.225076e+01,1.481137e-03,5.399946e-04,3029166.914,5.000000e-04,10.51,8893.82
951,1.922785e-02,6.440982e+01,9.718502e-04,6.136737e-04,2991017.730,1.388016e-02,6.496747e+01,6.253431e-04,2.259958e-04,2988368.703,5.000000e-04,10.22,8904.05
952,1.745412e-02,6.255109e+01,8.291719e-04,5.814576e-04,2991425.973,1.833130e-02,5.846437e+01,8.341083e-04,8.287569e-04,2927123.586,5.000000e-04,9.84,8913.89
953,2.073648e-02,6.305507e+01,1.065732e-03,7.547312e-04,2989706.566,1.703811e-02,6.196786e+01,8.341197e-04,5.000262e-04,2959490.188,5.000000e-04,10.39,8924.28
954,1.938349e-02,6.281973e+01,9.435676e-04,7.331674e-04,2989865.260,1.534444e-02,6.387753e+01,6.212510e-04,5.488352e-04,2954589.742,5.000000e-04,10.63,8934.92
955,2.051446e-02,6.565211e+01,1.051652e-03,6.865462e-04,2989063.217,2.780165e-02,7.338254e+01,1.634284e-03,8.241095e-04,3019159.727,5.000000e-04,10.73,8945.65
956,1.896587e-02,6.343933e+01,1.007960e-03,5.084693e-04,2991122.658,1.849557e-02,5.933604e+01,8.861337e-04,7.401257e-04,2961849.883,5.000000e-04,10.97,8956.61
957,1.829076e-02,6.220340e+01,8.832905e-04,6.475036e-04,2989669.797,1.569475e-02,6.769736e+01,7.078147e-04,3.693742e-04,3016395.266,5.000000e-04,10.53,8967.15
958,1.887418e-02,6.450042e+01,9.184684e-04,6.478913e-04,2990799.406,1.663846e-02,6.163287e+01,7.298319e-04,6.353702e-04,2940078.875,5.000000e-04,10.56,8977.71
959,2.021470e-02,6.424754e+01,1.055863e-03,6.462621e-04,2989255.039,1.266601e-02,6.118459e+01,5.148017e-04,2.799068e-04,2975270.930,5.000000e-04,10.69,8988.40
960,2.257257e-02,6.545181e+01,1.182106e-03,8.412654e-04,2990249.154,1.562961e-02,6.504486e+01,5.453658e-04,7.342925e-04,2956794.352,5.000000e-04,10.39,8998.79
961,2.104381e-02,6.673900e+01,1.036674e-03,8.006342e-04,2988517.783,1.506027e-02,6.663325e+01,4.740013e-04,7.313867e-04,2945261.688,5.000000e-04,10.39,9009.18
962,2.211435e-02,6.766972e+01,1.078925e-03,9.116245e-04,2989243.449,3.708490e-02,5.898995e+01,2.017432e-03,2.202316e-03,2892872.656,5.000000e-04,10.30,9019.48
963,2.078474e-02,6.595751e+01,9.604283e-04,9.169407e-04,2990311.391,2.666541e-02,7.012182e+01,1.069258e-03,1.792130e-03,2894317.047,5.000000e-04,10.49,9029.98
964,1.989760e-02,6.650961e+01,9.924768e-04,6.643735e-04,2988385.947,2.294751e-02,6.886576e+01,1.455690e-03,3.008073e-04,3003809.000,5.000000e-04,10.69,9040.67
965,2.077359e-02,6.558094e+01,1.069757e-03,7.035851e-04,2990629.189,2.094513e-02,6.868894e+01,1.103642e-03,6.079628e-04,2946848.625,5.000000e-04,10.08,9050.75
966,1.967467e-02,6.662294e+01,9.969323e-04,6.086109e-04,2990899.746,2.180136e-02,6.108626e+01,1.165799e-03,8.069489e-04,2958460.727,5.000000e-04,10.02,9060.77
967,2.477558e-02,6.811884e+01,1.346022e-03,9.006945e-04,2988104.025,2.382628e-02,6.300185e+01,1.366300e-03,7.726192e-04,2941514.570,5.000000e-04,10.85,9071.62
968,1.843286e-02,6.374364e+01,9.232969e-04,5.651047e-04,2989725.592,3.173301e-02,6.853361e+01,2.061930e-03,8.520687e-04,3060183.305,5.000000e-04,9.83,9081.44
969,2.058379e-02,6.555005e+01,1.024499e-03,7.567580e-04,2991170.621,2.485777e-02,6.214997e+01,1.425427e-03,8.777007e-04,2947865.875,5.000000e-04,10.76,9092.20
970,1.924111e-02,6.310815e+01,1.000551e-03,5.849578e-04,2989294.352,2.362647e-02,6.368424e+01,1.417317e-03,6.169737e-04,2985000.617,5.000000e-04,10.16,9102.36
971,2.078082e-02,6.493296e+01,1.097893e-03,6.617185e-04,2990457.652,2.190263e-02,6.234677e+01,1.258429e-03,6.167324e-04,2976175.750,5.000000e-04,10.74,9113.10
972,2.184748e-02,6.571273e+01,1.092632e-03,8.699766e-04,2989329.588,2.447231e-02,6.518130e+01,1.642794e-03,3.052476e-04,3025348.305,5.000000e-04,10.50,9123.61
973,2.109509e-02,6.606418e+01,1.087006e-03,7.237232e-04,2989488.748,1.712833e-02,7.374442e+01,6.789727e-04,5.928316e-04,3041706.398,5.000000e-04,10.55,9134.16
974,2.245707e-02,7.010293e+01,1.051545e-03,9.862657e-04,2988844.000,1.660628e-02,6.760871e+01,7.848501e-04,3.993806e-04,2978571.906,5.000000e-04,10.63,9144.79
975,2.188511e-02,6.765322e+01,1.133275e-03,7.574061e-04,2990644.066,3.367264e-02,6.455905e+01,2.125087e-03,1.193173e-03,2933290.844,5.000000e-04,10.20,9154.99
976,2.169456e-02,6.527112e+01,1.116886e-03,7.997175e-04,2989645.643,1.564103e-02,6.156540e+01,6.972353e-04,5.024280e-04,2962922.047,5.000000e-04,10.19,9165.18
977,2.278759e-02,6.616109e+01,1.166604e-03,9.010894e-04,2987005.385,1.504824e-02,6.910728e+01,5.233193e-04,5.808640e-04,2995036.031,5.000000e-04,10.65,9175.83
978,1.882332e-02,6.571418e+01,9.373084e-04,5.757632e-04,2992489.482,3.390359e-02,5.406133e+01,1.862562e-03,1.974367e-03,2889438.438,5.000000e-04,10.64,9186.47
979,1.989090e-02,6.539843e+01,9.860208e-04,6.981705e-04,2989430.059,2.584645e-02,7.028859e+01,1.286188e-03,1.191141e-03,2908874.742,5.000000e-04,10.21,9196.68
980,2.484176e-02,7.142502e+01,1.193703e-03,1.152446e-03,2987903.238,1.970656e-02,6.776034e+01,1.047403e-03,4.912989e-04,2987469.344,5.000000e-04,10.19,9206.87
981,2.264192e-02,7.020146e+01,1.167048e-03,7.902592e-04,2989099.764,1.940938e-02,6.419455e+01,7.379736e-04,1.122038e-03,2957773.266,5.000000e-04,10.69,9217.56
982,2.234026e-02,6.942112e+01,1.135605e-03,8.084203e-04,2990806.939,1.339379e-02,6.628400e+01,5.091083e-04,3.348611e-04,2983321.641,5.000000e-04,10.79,9228.38
983,2.024715e-02,6.608227e+01,1.075593e-03,5.765986e-04,2989613.809,1.789567e-02,6.339171e+01,7.962483e-04,7.188030e-04,2940255.695,5.000000e-04,10.32,9238.69
984,2.133474e-02,6.655236e+01,1.070187e-03,7.955275e-04,2988279.502,1.745926e-02,6.583196e+01,8.064151e-04,5.623822e-04,2994630.078,5.000000e-04,10.75,9249.44
985,1.854402e-02,6.654446e+01,8.788879e-04,6.201398e-04,2990911.637,1.358284e-02,6.300326e+01,4.711495e-04,5.142033e-04,3031160.180,5.000000e-04,10.23,9259.67
986,1.991583e-02,6.351457e+01,1.012458e-03,6.879579e-04,2989684.473,2.629681e-02,6.777306e+01,1.341404e-03,1.221093e-03,3080611.547,5.000000e-04,9.80,9269.49
987,2.077585e-02,6.563167e+01,1.062980e-03,7.165763e-04,2990969.695,2.432984e-02,5.799844e+01,8.229046e-04,2.060191e-03,2873564.883,5.000000e-04,10.23,9279.73
988,1.877519e-02,6.349482e+01,9.230116e-04,6.391193e-04,2989890.365,1.499468e-02,6.759089e+01,5.314320e-04,5.842534e-04,2978891.703,5.000000e-04,9.78,9289.51
989,2.028532e-02,6.487953e+01,1.031545e-03,6.963827e-04,2989866.721,1.820089e-02,7.008558e+01,8.967570e-04,4.449533e-04,2978983.680,5.000000e-04,9.78,9299.29
990,1.731894e-02,6.469437e+01,7.707053e-04,6.284894e-04,2991281.221,1.489243e-02,6.578280e+01,5.490825e-04,5.646657e-04,3034548.859,5.000000e-04,9.94,9309.23
991,1.827327e-02,6.388278e+01,8.760105e-04,6.249771e-04,2990929.584,1.244847e-02,6.170873e+01,4.469104e-04,3.616992e-04,2978696.914,5.000000e-04,10.37,9319.60
992,2.094484e-02,6.362227e+01,1.102674e-03,7.111744e-04,2989884.090,1.324331e-02,6.542244e+01,4.961125e-04,3.479880e-04,2989683.930,5.000000e-04,10.27,9329.88
993,2.249141e-02,6.520929e+01,1.158346e-03,8.774043e-04,2988793.217,1.933826e-02,6.580652e+01,1.024419e-03,5.026846e-04,2979128.820,5.000000e-04,10.23,9340.11
994,2.082319e-02,6.699967e+01,1.070447e-03,6.837512e-04,2989658.609,2.216821e-02,7.059189e+01,9.733460e-04,1.075112e-03,3038401.672,5.000000e-04,10.19,9350.30
995,2.310199e-02,6.944218e+01,1.037967e-03,1.155620e-03,2986764.521,2.471759e-02,1.049260e+02,8.038035e-04,1.237393e-03,3026880.094,5.000000e-04,10.01,9360.31
996,2.645722e-02,7.813404e+01,1.395986e-03,9.367917e-04,2989836.350,1.981235e-02,6.535492e+01,8.926812e-04,8.700098e-04,2940048.469,5.000000e-04,9.87,9370.18
997,2.040831e-02,6.825435e+01,9.857480e-04,7.450789e-04,2988898.072,1.589346e-02,6.320124e+01,6.209595e-04,6.727479e-04,2938194.648,5.000000e-04,10.12,9380.30
998,2.077652e-02,6.694011e+01,1.083157e-03,6.501868e-04,2988699.107,1.670272e-02,6.523464e+01,8.131423e-04,4.095670e-04,3021886.883,5.000000e-04,10.64,9390.93
999,1.907929e-02,6.499888e+01,9.897372e-04,5.364062e-04,2990883.855,1.859191e-02,6.407238e+01,8.998643e-04,6.372057e-04,3022831.727,5.000000e-04,10.26,9401.19
1000,2.027258e-02,6.689853e+01,9.939029e-04,7.287397e-04,2989961.773,1.588862e-02,6.483162e+01,6.972219e-04,4.866482e-04,3036282.266,5.000000e-04,10.91,9412.10
1001,2.340074e-02,6.809192e+01,1.126955e-03,1.064399e-03,2987492.977,2.459930e-02,8.203107e+01,1.079332e-03,1.120574e-03,2951809.656,5.000000e-04,10.29,9422.39
1002,1.927180e-02,6.895363e+01,9.453460e-04,5.845951e-04,2991399.225,2.056961e-02,6.092541e+01,1.102169e-03,6.910761e-04,2972015.969,5.000000e-04,10.23,9432.62
1003,2.059888e-02,6.594654e+01,1.044942e-03,7.109611e-04,2988547.918,1.716730e-02,6.468226e+01,8.279046e-04,4.840054e-04,2985824.539,5.000000e-04,10.18,9442.80
1004,1.890730e-02,6.701688e+01,9.135394e-04,6.140427e-04,2989092.152,1.740964e-02,6.898284e+01,7.149641e-04,6.723439e-04,3045309.875,5.000000e-04,10.28,9453.08
1005,2.246496e-02,6.811160e+01,1.218396e-03,6.939676e-04,2990349.131,1.915397e-02,6.906799e+01,1.069660e-03,3.101135e-04,3016426.711,5.000000e-04,10.39,9463.46
1006,1.956116e-02,6.541262e+01,9.611026e-04,6.817741e-04,2990030.236,1.668387e-02,6.346174e+01,7.711070e-04,5.253249e-04,3002113.344,5.000000e-04,10.69,9474.16
1007,2.237893e-02,6.816179e+01,1.145071e-03,8.224077e-04,2989825.439,2.158287e-02,6.971738e+01,1.182858e-03,5.565092e-04,3005930.070,5.000000e-04,10.06,9484.22
1008,2.120596e-02,6.833290e+01,1.074740e-03,7.250539e-04,2988671.922,1.982150e-02,6.961949e+01,1.133137e-03,3.056371e-04,2995820.500,5.000000e-04,10.21,9494.43
1009,2.011822e-02,6.778067e+01,1.008831e-03,6.503677e-04,2990399.049,1.458655e-02,6.467485e+01,5.931420e-04,4.375294e-04,2966638.023,5.000000e-04,10.63,9505.06
1010,1.907156e-02,6.496569e+01,8.995088e-04,7.159815e-04,2989978.604,2.553456e-02,7.068410e+01,1.417957e-03,8.573171e-04,2931421.930,5.000000e-04,10.64,9515.70
1011,2.137974e-02,6.613296e+01,1.138956e-03,6.753769e-04,2988248.701,1.621057e-02,6.833549e+01,5.392061e-04,7.969931e-04,3047462.406,5.000000e-04,10.59,9526.31
1012,2.372566e-02,6.388044e+01,1.244510e-03,9.785021e-04,2989345.533,3.668167e-02,7.314327e+01,1.471828e-03,2.929812e-03,3048096.180,5.000000e-04,10.18,9536.49
1013,2.120834e-02,6.603462e+01,1.135661e-03,6.496534e-04,2990198.865,2.029842e-02,7.532492e+01,8.047296e-04,9.437273e-04,3077403.352,5.000000e-04,11.11,9547.60
1014,2.440834e-02,6.856782e+01,1.343322e-03,8.236678e-04,2987107.936,2.015346e-02,7.416766e+01,8.365648e-04,8.742098e-04,3061830.117,5.000000e-04,10.91,9558.51
1015,2.221519e-02,6.930304e+01,1.098116e-03,8.607457e-04,2988311.025,1.933446e-02,7.122939e+01,8.515368e-04,7.392306e-04,3059010.922,5.000000e-04,10.63,9569.14
1016,2.411339e-02,7.114636e+01,1.260755e-03,8.782413e-04,2990714.301,2.049980e-02,6.719911e+01,8.419218e-04,1.072133e-03,2923786.641,5.000000e-04,10.05,9579.20
1017,2.929021e-02,8.027048e+01,1.562743e-03,1.127147e-03,2982457.887,2.019357e-02,8.672127e+01,9.088689e-04,4.865507e-04,3007950.945,5.000000e-04,10.67,9589.86
1018,2.788532e-02,8.025668e+01,1.552273e-03,8.673843e-04,2987486.689,2.215209e-02,7.738471e+01,1.022571e-03,8.375811e-04,3041357.641,5.000000e-04,10.43,9600.29
1019,3.190895e-02,7.946736e+01,1.878101e-03,1.036242e-03,2985482.301,2.168644e-02,8.267471e+01,1.055604e-03,5.725857e-04,3027790.539,5.000000e-04,10.44,9610.73
1020,3.063170e-02,8.138321e+01,1.717985e-03,1.062705e-03,2987505.479,2.811726e-02,8.846542e+01,1.540057e-03,7.740295e-04,2957672.523,5.000000e-04,10.10,9620.83
1021,3.027793e-02,8.180288e+01,1.626098e-03,1.167332e-03,2983782.363,2.837578e-02,8.511969e+01,1.652673e-03,6.674154e-04,3033209.266,5.000000e-04,10.56,9631.39
1022,2.957753e-02,7.794686e+01,1.652477e-03,1.051616e-03,2986962.018,1.833965e-02,7.981038e+01,7.661075e-04,5.395069e-04,2954541.195,5.000000e-04,10.21,9641.61
1023,3.123328e-02,8.403642e+01,1.720529e-03,1.124871e-03,2985122.852,3.465102e-02,8.546699e+01,2.275189e-03,6.704861e-04,2985570.602,5.000000e-04,10.32,9651.93
1024,2.809625e-02,8.122427e+01,1.458437e-03,1.077890e-03,2986501.111,1.570950e-02,7.705286e+01,6.211723e-04,3.584981e-04,2996153.164,5.000000e-04,10.50,9662.43
1025,2.848355e-02,7.851581e+01,1.501433e-03,1.123528e-03,2985920.395,3.053939e-02,8.086448e+01,1.786492e-03,9.176036e-04,3032121.664,5.000000e-04,10.24,9672.67
1026,2.633861e-02,7.536635e+01,1.346248e-03,1.067899e-03,2985891.172,2.091914e-02,8.204482e+01,9.551821e-04,6.325677e-04,3009843.750,5.000000e-04,10.32,9682.99
1027,2.532369e-02,7.303350e+01,1.410931e-03,7.822071e-04,2988933.477,2.672945e-02,6.400848e+01,6.334975e-04,2.798726e-03,2848610.953,5.000000e-04,10.28,9693.27
1028,2.199010e-02,7.057216e+01,1.086282e-03,8.140116e-04,2987325.602,1.629864e-02,7.468297e+01,6.346430e-04,4.967831e-04,3001383.609,5.000000e-04,10.67,9703.94
1029,2.242692e-02,7.086290e+01,1.064256e-03,9.396140e-04,2990725.781,2.915429e-02,6.696889e+01,1.301096e-03,1.889288e-03,2902892.250,5.000000e-04,10.59,9714.53
1030,2.340005e-02,7.190381e+01,1.139690e-03,9.625531e-04,2987353.447,1.764393e-02,7.388881e+01,7.564951e-04,5.380200e-04,3032389.781,5.000000e-04,10.28,9724.81
1031,2.161174e-02,7.141905e+01,1.102091e-03,6.897843e-04,2988637.451,1.567074e-02,6.985057e+01,6.587504e-04,4.196367e-04,3013298.867,5.000000e-04,10.23,9735.04
1032,2.364327e-02,7.176454e+01,1.169200e-03,9.549646e-04,2986894.713,2.709614e-02,7.756554e+01,1.643200e-03,5.815180e-04,3000587.938,5.000000e-04,10.36,9745.40
1033,2.063226e-02,7.177148e+01,9.802097e-04,7.306027e-04,2989215.305,2.700388e-02,7.658551e+01,1.103588e-03,1.661891e-03,3098415.086,5.000000e-04,10.98,9756.39
1034,2.149772e-02,6.776675e+01,1.053411e-03,8.373863e-04,2990144.066,2.776990e-02,7.479298e+01,1.193346e-03,1.671430e-03,3076060.016,5.000000e-04,10.69,9767.08
1035,2.029538e-02,6.555739e+01,1.047120e-03,6.536891e-04,2987854.904,1.891282e-02,7.430457e+01,6.230303e-04,1.050412e-03,3067107.086,5.000000e-04,10.74,9777.82
1036,2.303472e-02,6.940525e+01,1.135147e-03,9.485444e-04,2991089.965,1.980505e-02,8.050441e+01,8.801611e-04,5.906002e-04,2959122.992,5.000000e-04,10.67,9788.49
1037,2.094960e-02,6.887644e+01,9.851789e-04,8.420342e-04,2987952.213,1.896755e-02,6.844682e+01,9.057985e-04,6.129767e-04,3022631.070,5.000000e-04,10.27,9798.76
1038,2.109081e-02,6.760345e+01,1.073583e-03,7.189266e-04,2989239.822,2.561552e-02,6.715397e+01,1.515571e-03,7.488826e-04,3043434.500,5.000000e-04,10.17,9808.93
1039,2.355922e-02,6.779817e+01,1.234618e-03,8.866444e-04,2987344.939,3.595235e-02,7.345815e+01,2.484655e-03,7.519984e-04,3057797.422,5.000000e-04,10.16,9819.09
1040,2.186292e-02,6.750960e+01,1.135174e-03,7.520447e-04,2990874.881,2.212959e-02,6.252247e+01,1.059075e-03,1.057319e-03,3029405.320,5.000000e-04,10.03,9829.12
1041,2.497696e-02,6.640192e+01,1.369251e-03,9.288517e-04,2987346.965,2.625216e-02,7.626823e+01,1.329388e-03,1.066292e-03,2997439.125,5.000000e-04,9.90,9839.02
1042,2.508656e-02,7.096227e+01,1.388124e-03,8.218175e-04,2990064.896,2.667143e-02,6.343377e+01,9.001790e-04,2.265253e-03,2891562.227,5.000000e-04,10.12,9849.14
1043,2.113083e-02,6.792737e+01,1.073806e-03,7.200082e-04,2988442.486,1.736805e-02,6.627488e+01,7.518974e-04,6.443185e-04,2994826.797,5.000000e-04,10.41,9859.55
1044,2.145550e-02,7.032413e+01,1.019704e-03,8.452093e-04,2988524.225,1.857481e-02,7.520005e+01,7.890567e-04,6.328470e-04,3028577.000,5.000000e-04,10.48,9870.03
1045,2.416120e-02,7.229573e+01,1.261680e-03,8.629646e-04,2988179.141,2.748434e-02,7.485420e+01,1.857163e-03,2.854580e-04,3012662.406,5.000000e-04,10.40,9880.43
1046,2.218984e-02,7.212991e+01,1.119964e-03,7.554421e-04,2989755.891,1.828875e-02,6.418646e+01,8.802046e-04,6.136120e-04,2978732.781,5.000000e-04,11.09,9891.51
1047,2.203081e-02,6.871961e+01,1.084897e-03,8.619741e-04,2989340.049,2.055473e-02,6.769225e+01,9.572615e-04,8.425774e-04,2960381.875,5.000000e-04,10.13,9901.64
1048,2.096915e-02,7.122539e+01,1.048414e-03,6.724924e-04,2989284.473,2.743640e-02,6.988037e+01,1.884541e-03,3.205889e-04,2997726.555,5.000000e-04,10.08,9911.72
1049,2.183131e-02,6.817924e+01,1.121649e-03,7.593791e-04,2989388.555,2.255206e-02,6.657052e+01,1.267137e-03,6.447274e-04,2978133.156,5.000000e-04,10.63,9922.35
1050,2.073264e-02,6.743832e+01,1.072895e-03,6.519723e-04,2989236.002,1.311676e-02,6.761160e+01,4.507761e-04,3.695683e-04,2960484.953,5.000000e-04,10.46,9932.82
1051,1.973810e-02,6.778212e+01,1.003323e-03,5.853310e-04,2990054.410,1.774028e-02,6.626366e+01,7.619286e-04,6.989250e-04,2942702.555,5.000000e-04,11.02,9943.84
1052,2.200438e-02,6.483234e+01,1.192396e-03,7.194379e-04,2989836.795,2.422602e-02,5.902013e+01,1.611984e-03,4.408345e-04,3002201.062,5.000000e-04,10.37,9954.24
1053,2.134061e-02,6.632907e+01,1.102480e-03,7.365807e-04,2988724.584,1.993844e-02,7.011085e+01,1.202958e-03,1.795556e-04,3020118.344,5.000000e-04,11.01,9965.25
1054,2.179485e-02,6.865733e+01,1.184170e-03,6.174841e-04,2989895.471,1.749384e-02,7.030407e+01,8.208187e-04,4.510494e-04,3011513.453,5.000000e-04,10.59,9975.83
1055,2.038314e-02,6.799419e+01,1.053008e-03,6.107281e-04,2989395.662,2.129022e-02,6.341116e+01,9.049663e-04,1.179888e-03,2907602.258,5.000000e-04,10.62,9986.46
1056,2.113376e-02,6.596502e+01,1.078600e-03,7.502514e-04,2989764.084,3.065573e-02,6.068478e+01,1.764200e-03,1.389050e-03,2911417.680,5.000000e-04,10.50,9996.95
1057,1.869446e-02,6.517206e+01,9.188732e-04,5.977039e-04,2990187.787,1.331657e-02,6.242199e+01,4.876240e-04,4.396267e-04,3019857.141,5.000000e-04,10.13,10007.08
1058,1.885363e-02,6.457616e+01,9.210740e-04,6.370547e-04,2990477.400,1.695813e-02,6.074403e+01,9.041117e-04,3.685228e-04,2981719.125,5.000000e-04,10.43,10017.51
1059,2.064161e-02,6.573409e+01,1.053987e-03,7.056672e-04,2990338.029,1.506018e-02,6.266140e+01,7.110412e-04,3.367251e-04,2987697.891,5.000000e-04,10.70,10028.21
1060,1.942716e-02,6.519630e+01,9.277066e-04,7.260939e-04,2988795.734,2.417826e-02,7.257571e+01,6.149631e-04,2.154211e-03,3111410.781,5.000000e-04,10.19,10038.41
1061,2.008700e-02,6.484593e+01,1.035410e-03,6.496629e-04,2991508.547,1.416026e-02,6.038123e+01,5.342079e-04,5.560122e-04,2972594.086,5.000000e-04,10.40,10048.81
1062,2.072823e-02,6.550120e+01,1.011179e-03,8.132653e-04,2988772.334,1.358254e-02,6.726098e+01,4.754088e-04,4.204718e-04,2992285.531,5.000000e-04,10.50,10059.32
1063,2.150819e-02,6.983220e+01,1.055106e-03,7.947815e-04,2990753.256,2.328210e-02,7.072709e+01,1.344226e-03,5.534266e-04,2978588.234,5.000000e-04,10.19,10069.51
1064,2.059878e-02,6.854860e+01,1.029328e-03,6.901262e-04,2988882.361,2.310210e-02,6.725284e+01,1.179176e-03,9.170109e-04,2941043.305,5.000000e-04,10.56,10080.07
1065,2.190392e-02,6.749914e+01,1.171421e-03,6.879588e-04,2990477.803,1.659977e-02,6.443585e+01,7.295996e-04,5.720389e-04,2959485.133,5.000000e-04,10.84,10090.91
1066,2.090042e-02,6.742538e+01,1.051978e-03,7.276197e-04,2989734.908,1.934372e-02,7.878171e+01,7.425409e-04,8.080273e-04,2943905.281,5.000000e-04,10.49,10101.39
1067,2.116675e-02,6.972595e+01,1.078418e-03,6.819940e-04,2988904.000,2.082442e-02,6.347062e+01,1.004097e-03,8.872783e-04,2931150.891,5.000000e-04,10.51,10111.91
1068,2.363449e-02,6.839193e+01,1.230202e-03,8.986562e-04,2987128.525,2.472973e-02,6.822761e+01,1.457945e-03,6.655052e-04,2963683.562,5.000000e-04,10.12,10122.03
1069,2.082219e-02,6.858812e+01,1.056406e-03,6.798647e-04,2989393.059,2.171024e-02,6.821681e+01,1.090802e-03,7.961065e-04,3037269.898,5.000000e-04,10.05,10132.10
1070,2.083331e-02,6.548767e+01,1.037064e-03,7.827796e-04,2990292.258,2.740549e-02,6.609552e+01,1.809106e-03,5.409746e-04,2965007.258,5.000000e-04,10.47,10142.57
1071,1.851894e-02,6.423595e+01,9.139129e-04,5.912429e-04,2989580.887,1.853999e-02,6.515862e+01,7.538025e-04,8.972207e-04,3064886.367,5.000000e-04,10.27,10152.83
1072,2.113705e-02,6.849004e+01,1.071916e-03,7.137758e-04,2988669.502,2.911160e-02,7.620860e+01,1.945681e-03,4.067859e-04,2999945.688,5.000000e-04,10.50,10163.33
1073,1.938969e-02,6.558060e+01,9.642948e-04,6.377361e-04,2990529.135,1.515737e-02,6.353466e+01,6.354794e-04,4.898214e-04,2987246.906,5.000000e-04,10.41,10173.74
1074,2.209111e-02,6.582308e+01,1.205163e-03,6.914346e-04,2988328.967,2.462234e-02,7.088879e+01,1.270993e-03,9.647049e-04,3061934.562,5.000000e-04,10.74,10184.48
1075,2.186055e-02,6.558845e+01,1.160269e-03,7.398036e-04,2989042.385,1.542237e-02,6.745515e+01,7.628524e-04,2.096653e-04,2985564.773,5.000000e-04,10.57,10195.05
1076,1.969619e-02,6.825448e+01,9.479573e-04,6.782337e-04,2990383.031,2.310831e-02,6.718871e+01,1.438456e-03,4.009762e-04,2997353.109,5.000000e-04,10.73,10205.78
1077,2.366834e-02,6.782455e+01,1.248191e-03,8.807957e-04,2988489.324,2.007212e-02,6.754925e+01,9.494838e-04,7.644720e-04,2962251.680,5.000000e-04,10.28,10216.06
1078,1.951224e-02,6.377461e+01,9.407060e-04,7.455446e-04,2990844.342,2.246480e-02,6.483227e+01,1.131056e-03,9.342033e-04,2948432.172,5.000000e-04,10.25,10226.31
1079,1.957750e-02,6.448836e+01,1.009302e-03,6.071279e-04,2989855.801,3.206632e-02,6.951717e+01,2.224491e-03,5.739384e-04,2995303.555,5.000000e-04,10.40,10236.71
1080,1.834644e-02,6.463579e+01,9.089359e-04,5.587000e-04,2990842.824,1.609384e-02,6.076517e+01,5.741764e-04,8.551122e-04,2947148.883,5.000000e-04,10.58,10247.29
1081,2.113024e-02,6.537847e+01,1.132906e-03,6.526672e-04,2991095.713,2.237102e-02,6.567399e+01,1.033097e-03,1.094530e-03,2916845.625,5.000000e-04,10.40,10257.69
1082,1.931539e-02,6.630226e+01,9.291938e-04,6.786452e-04,2990478.836,2.416531e-02,6.307963e+01,1.239602e-03,1.092266e-03,3051601.656,5.000000e-04,10.73,10268.42
1083,2.150004e-02,6.447405e+01,1.092053e-03,8.264210e-04,2988352.809,1.923366e-02,6.561764e+01,9.054725e-04,7.234344e-04,2946590.141,5.000000e-04,11.01,10279.43
1084,1.830140e-02,6.461564e+01,8.940626e-04,5.798417e-04,2991486.508,2.279110e-02,6.137187e+01,5.817126e-04,2.167357e-03,2873094.047,5.000000e-04,10.47,10289.89
1085,2.060118e-02,6.473053e+01,1.035482e-03,7.546600e-04,2989449.270,1.210345e-02,6.581884e+01,4.307384e-04,2.428362e-04,3000414.758,5.000000e-04,10.49,10300.38
1086,2.125648e-02,6.677741e+01,1.123287e-03,6.691742e-04,2989100.074,1.948032e-02,6.373268e+01,9.437478e-04,7.339144e-04,3013036.711,5.000000e-04,11.00,10311.37
1087,1.865939e-02,6.679282e+01,8.843742e-04,6.272727e-04,2991642.023,1.979530e-02,6.405090e+01,9.769375e-04,7.241674e-04,2940622.883,5.000000e-04,10.19,10321.57
1088,2.178682e-02,6.887711e+01,1.137079e-03,7.056643e-04,2988355.656,1.569878e-02,6.655432e+01,6.394507e-04,5.297690e-04,2946222.234,5.000000e-04,10.60,10332.16
1089,1.848315e-02,6.504437e+01,8.807809e-04,6.341816e-04,2988904.387,1.590405e-02,6.587099e+01,6.177145e-04,6.279613e-04,3021448.164,5.000000e-04,10.33,10342.49
1090,2.115703e-02,6.507432e+01,1.078793e-03,7.723344e-04,2990923.760,3.002611e-02,6.081978e+01,8.764420e-04,3.035942e-03,2851893.641,5.000000e-04,10.10,10352.60
1091,1.939845e-02,6.626131e+01,8.797511e-04,7.949611e-04,2988995.906,1.622445e-02,6.475522e+01,6.275116e-04,6.947632e-04,2935726.297,5.000000e-04,11.18,10363.78
1092,2.050934e-02,6.482424e+01,1.084611e-03,6.361611e-04,2989473.994,2.223818e-02,6.271143e+01,1.319640e-03,5.541277e-04,2973997.727,5.000000e-04,10.38,10374.16
1093,1.977781e-02,6.371975e+01,9.879777e-04,7.052126e-04,2990577.900,1.144026e-02,6.620559e+01,3.165393e-04,3.308621e-04,3003298.555,5.000000e-04,10.00,10384.16
1094,1.849757e-02,6.269064e+01,8.941309e-04,6.574387e-04,2990586.975,1.506085e-02,6.449983e+01,6.098283e-04,5.025165e-04,3006870.695,5.000000e-04,10.74,10394.90
1095,1.975296e-02,6.563297e+01,9.697953e-04,6.983426e-04,2990136.102,2.966634e-02,6.126676e+01,1.774234e-03,1.159465e-03,2926969.789,5.000000e-04,10.55,10405.45
1096,2.036153e-02,6.558301e+01,1.042986e-03,6.746741e-04,2990808.707,2.240836e-02,6.235504e+01,9.898024e-04,1.254966e-03,2939322.867,5.000000e-04,10.36,10415.81
1097,2.300475e-02,6.428307e+01,1.194638e-03,9.260126e-04,2988150.771,2.635860e-02,6.988880e+01,1.424771e-03,1.024402e-03,2942212.750,5.000000e-04,10.19,10426.00
1098,2.124194e-02,6.738701e+01,1.128918e-03,6.428103e-04,2989270.951,1.747707e-02,6.553168e+01,8.271697e-04,5.304415e-04,2969376.102,5.000000e-04,10.48,10436.48
1099,1.997451e-02,6.569179e+01,1.020193e-03,6.406814e-04,2991360.793,2.011763e-02,6.499092e+01,1.095079e-03,5.335500e-04,2968469.797,5.000000e-04,10.32,10446.79
1100,1.958557e-02,6.319261e+01,9.523623e-04,7.485377e-04,2988869.461,2.367446e-02,6.548740e+01,1.382153e-03,6.608372e-04,2972130.539,2.500000e-04,11.12,10457.91
1101,1.269901e-02,6.025416e+01,4.840556e-04,3.666084e-04,2991948.518,1.074114e-02,5.985324e+01,2.990801e-04,3.530030e-04,3038333.961,2.500000e-04,9.81,10467.72
1102,1.150879e-02,5.602045e+01,4.661600e-04,2.490291e-04,2993410.203,9.524501e-03,5.625742e+01,3.220199e-04,1.357121e-04,3008376.383,2.500000e-04,9.98,10477.70
1103,1.163458e-02,5.590798e+01,4.657045e-04,2.773469e-04,2993460.918,1.145404e-02,5.418797e+01,4.506678e-04,3.057136e-04,2973136.945,2.500000e-04,9.68,10487.38
1104,1.113988e-02,5.596957e+01,4.272109e-04,2.541634e-04,2992983.688,9.070568e-03,5.447203e+01,2.615543e-04,2.015645e-04,2975877.289,2.500000e-04,9.45,10496.83
1105,1.163201e-02,5.519027e+01,4.832401e-04,2.561160e-04,2993976.461,1.050755e-02,5.552445e+01,4.012231e-04,1.885738e-04,2986243.016,2.500000e-04,9.55,10506.39
1106,1.163725e-02,5.426527e+01,4.626551e-04,3.168354e-04,2993132.920,1.019201e-02,5.477568e+01,3.772250e-04,1.884388e-04,2984489.414,2.500000e-04,9.96,10516.35
1107,1.075833e-02,5.408810e+01,4.062121e-04,2.574804e-04,2993618.436,1.015535e-02,5.554810e+01,3.658851e-04,1.883383e-04,2988134.008,2.500000e-04,9.62,10525.97
1108,1.090279e-02,5.398998e+01,4.254235e-04,2.499116e-04,2994118.248,1.196089e-02,5.427384e+01,4.247200e-04,4.572617e-04,2960009.766,2.500000e-04,9.78,10535.74
1109,1.061104e-02,5.345132e+01,3.950806e-04,2.630203e-04,2993613.938,1.082644e-02,5.336577e+01,4.727740e-04,1.524251e-04,3005278.969,2.500000e-04,10.18,10545.92
1110,1.062745e-02,5.264205e+01,4.069986e-04,2.586509e-04,2993712.463,1.518456e-02,5.448064e+01,8.368915e-04,2.735156e-04,2993155.867,2.500000e-04,9.64,10555.57
1111,1.125981e-02,5.391648e+01,4.558423e-04,2.619489e-04,2993839.912,1.174639e-02,5.330190e+01,5.595753e-04,1.640885e-04,3005904.680,2.500000e-04,9.56,10565.13
1112,1.221723e-02,5.395803e+01,5.263291e-04,3.116269e-04,2992868.531,1.127206e-02,5.076005e+01,4.164033e-04,4.064037e-04,2979843.438,2.500000e-04,9.57,10574.69
1113,1.138544e-02,5.272914e+01,4.560869e-04,3.103315e-04,2994280.924,1.071828e-02,5.433033e+01,3.950332e-04,2.669825e-04,2977838.164,2.500000e-04,9.80,10584.52
1114,1.090432e-02,5.323484e+01,4.116142e-04,2.929391e-04,2993339.018,1.331660e-02,5.468476e+01,4.231806e-04,7.232629e-04,3049967.977,2.500000e-04,9.92,10594.44
1115,1.059281e-02,5.280593e+01,3.613923e-04,3.396590e-04,2995235.375,1.260179e-02,5.040909e+01,4.508313e-04,6.105132e-04,2940892.148,2.500000e-04,9.44,10603.88
1116,1.063942e-02,5.253965e+01,4.108715e-04,2.553480e-04,2993091.074,9.395973e-03,5.109264e+01,3.061455e-04,2.450508e-04,2966464.758,2.500000e-04,9.80,10613.68
1117,1.097753e-02,5.254135e+01,4.236000e-04,2.974794e-04,2993240.773,8.484361e-03,5.347637e+01,2.554482e-04,1.164483e-04,2995759.383,2.500000e-04,9.71,10623.40
1118,1.033784e-02,5.238288e+01,3.881080e-04,2.436941e-04,2994448.584,8.976795e-03,5.341737e+01,2.711116e-04,1.847885e-04,3022492.672,2.500000e-04,9.54,10632.94
1119,1.167520e-02,5.328269e+01,4.905206e-04,2.883457e-04,2993220.662,8.791567e-03,5.286963e+01,2.517658e-04,1.973892e-04,2998773.492,2.500000e-04,10.02,10642.96
1120,1.051707e-02,5.334639e+01,4.094554e-04,2.175744e-04,2994481.303,8.419076e-03,5.190442e+01,2.561502e-04,1.334263e-04,2983631.898,2.500000e-04,9.68,10652.64
1121,1.055193e-02,5.321454e+01,3.894783e-04,2.671378e-04,2994012.953,1.111782e-02,5.259188e+01,4.426659e-04,2.863944e-04,2978022.961,2.500000e-04,9.88,10662.52
1122,1.105012e-02,5.274909e+01,4.512521e-04,2.525374e-04,2993934.043,1.174665e-02,5.449005e+01,5.369287e-04,1.856706e-04,3004403.766,2.500000e-04,10.08,10672.60
1123,1.036377e-02,5.251280e+01,3.831641e-04,2.561697e-04,2994046.582,9.149245e-03,5.391510e+01,2.771133e-04,1.973204e-04,2994949.773,2.500000e-04,9.79,10682.39
1124,1.062298e-02,5.237276e+01,4.146330e-04,2.478745e-04,2994816.533,8.161140e-03,5.247901e+01,2.227851e-04,1.370776e-04,2997721.039,2.500000e-04,9.56,10691.95
1125,1.023340e-02,5.226969e+01,3.861541e-04,2.289787e-04,2993976.123,1.015844e-02,5.177585e+01,3.891795e-04,2.178115e-04,2997698.086,2.500000e-04,9.52,10701.48
1126,1.017531e-02,5.178073e+01,3.577503e-04,2.839459e-04,2993413.535,1.145593e-02,5.508950e+01,4.911543e-04,2.070877e-04,3003791.398,2.500000e-04,9.62,10711.09
1127,1.089305e-02,5.198352e+01,4.122690e-04,3.144008e-04,2993592.020,1.004561e-02,5.257084e+01,3.989821e-04,1.597410e-04,2977480.984,2.500000e-04,9.75,10720.84
1128,1.118862e-02,5.172174e+01,4.650704e-04,2.731474e-04,2994310.104,1.237671e-02,5.678753e+01,4.610249e-04,4.175415e-04,3045178.641,2.500000e-04,10.13,10730.97
1129,9.771223e-03,5.177777e+01,3.556111e-04,2.074670e-04,2994299.988,1.541158e-02,5.254079e+01,9.137935e-04,2.039131e-04,3019670.430,2.500000e-04,10.16,10741.13
1130,1.077831e-02,5.211813e+01,4.416230e-04,2.300538e-04,2994449.766,1.494742e-02,5.446401e+01,7.410722e-04,4.180586e-04,3047808.914,2.500000e-04,10.29,10751.42
1131,1.085925e-02,5.112045e+01,4.494968e-04,2.504473e-04,2994556.723,8.711073e-03,5.447998e+01,2.101293e-04,2.323565e-04,2988252.070,2.500000e-04,9.46,10760.89
1132,1.100826e-02,5.245070e+01,4.406334e-04,2.713712e-04,2993644.193,9.590432e-03,5.110885e+01,3.435113e-04,2.088868e-04,2998963.672,2.500000e-04,10.07,10770.96
1133,9.759796e-03,5.110437e+01,3.573188e-04,2.152343e-04,2994604.012,1.213740e-02,4.964158e+01,5.285770e-04,3.774950e-04,2972451.117,2.500000e-04,9.54,10780.50
1134,1.079524e-02,5.139496e+01,4.188978e-04,2.933532e-04,2993641.729,1.566855e-02,5.257889e+01,8.505194e-04,3.810932e-04,3033724.367,2.500000e-04,9.52,10790.01
1135,1.039605e-02,5.099445e+01,3.937728e-04,2.717745e-04,2994772.346,8.919545e-03,5.160455e+01,2.646449e-04,2.225283e-04,3018422.938,2.500000e-04,9.57,10799.58
1136,1.011383e-02,5.147931e+01,3.531862e-04,2.868065e-04,2994596.549,1.103670e-02,5.122345e+01,3.902027e-04,4.024657e-04,2952333.031,2.500000e-04,9.96,10809.54
1137,1.018429e-02,4.977782e+01,3.777552e-04,2.857916e-04,2992618.883,1.614641e-02,5.439899e+01,9.116933e-04,3.179157e-04,3027014.812,2.500000e-04,9.74,10819.28
1138,1.079654e-02,5.071495e+01,4.530553e-04,2.388986e-04,2994903.545,1.167371e-02,5.131262e+01,5.359757e-04,2.365384e-04,2980462.562,2.500000e-04,9.82,10829.10
1139,1.066993e-02,5.062889e+01,4.496516e-04,2.221052e-04,2994311.654,9.298963e-03,5.048787e+01,3.486493e-04,1.527367e-04,2982652.172,2.500000e-04,9.98,10839.08
1140,1.015334e-02,5.088203e+01,3.562748e-04,3.004774e-04,2994154.174,1.184821e-02,4.972779e+01,5.147912e-04,3.455029e-04,2958081.102,2.500000e-04,9.55,10848.63
1141,9.982750e-03,4.988085e+01,3.820356e-04,2.348619e-04,2994531.672,1.232336e-02,4.864120e+01,4.639901e-04,5.638681e-04,2943284.953,2.500000e-04,9.62,10858.25
1142,1.088107e-02,5.093030e+01,4.523385e-04,2.529309e-04,2993531.613,9.402680e-03,5.059900e+01,3.542623e-04,1.600316e-04,2993283.070,2.500000e-04,9.80,10868.05
1143,9.829904e-03,4.894133e+01,3.665062e-04,2.541418e-04,2994875.986,1.078226e-02,5.308672e+01,4.223326e-04,2.500529e-04,3001152.031,2.500000e-04,9.59,10877.65
1144,1.022437e-02,5.040610e+01,3.715915e-04,2.935695e-04,2993756.271,1.148713e-02,5.137769e+01,4.659138e-04,3.380442e-04,3002684.297,2.500000e-04,9.75,10887.39
1145,1.137977e-02,5.090344e+01,4.919103e-04,2.740656e-04,2994175.523,1.094073e-02,5.108549e+01,4.079482e-04,3.505402e-04,3018140.977,2.500000e-04,9.72,10897.11
1146,1.082526e-02,5.097993e+01,4.527962e-04,2.398613e-04,2994608.174,9.280974e-03,5.093824e+01,3.524402e-04,1.325498e-04,2995523.125,2.500000e-04,9.83,10906.96
1147,1.064531e-02,5.091710e+01,4.092902e-04,2.921397e-04,2994474.689,1.105991e-02,5.117616e+01,5.041259e-04,1.802071e-04,2994420.414,2.500000e-04,10.30,10917.26
1148,9.822085e-03,5.056883e+01,3.500107e-04,2.530191e-04,2993993.492,1.093873e-02,5.197092e+01,4.643185e-04,2.196900e-04,2977396.461,2.500000e-04,9.87,10927.13
1149,1.030692e-02,5.064544e+01,4.051250e-04,2.382242e-04,2994317.260,9.414661e-03,5.046352e+01,3.909564e-04,9.174898e-05,2985831.297,2.500000e-04,9.78,10936.91
1150,1.020691e-02,5.057733e+01,3.842358e-04,2.613629e-04,2993716.115,9.122983e-03,5.101216e+01,3.211454e-04,1.620626e-04,3013712.688,2.500000e-04,9.80,10946.71
1151,1.082720e-02,5.006519e+01,4.564753e-04,2.511848e-04,2994292.447,9.586959e-03,5.139573e+01,2.983322e-04,2.928130e-04,3019720.227,2.500000e-04,9.93,10956.64
1152,9.871680e-03,5.064009e+01,3.610256e-04,2.394832e-04,2994353.740,9.559685e-03,5.047399e+01,2.504848e-04,4.014877e-04,2956462.609,2.500000e-04,9.85,10966.48
1153,1.206219e-02,5.086964e+01,5.371200e-04,3.208047e-04,2993545.188,9.300204e-03,4.941666e+01,3.133058e-04,2.450961e-04,2969654.109,2.500000e-04,10.17,10976.65
1154,1.034366e-02,5.012024e+01,3.998679e-04,2.665913e-04,2994322.109,1.118216e-02,5.333186e+01,4.006301e-04,3.685345e-04,3044315.961,2.500000e-04,9.79,10986.45
1155,1.058428e-02,5.054813e+01,4.128851e-04,2.801237e-04,2993817.725,1.185783e-02,5.432110e+01,5.137964e-04,2.575507e-04,3021466.336,2.500000e-04,10.16,10996.60
1156,1.022106e-02,5.014480e+01,3.992541e-04,2.428073e-04,2994992.576,8.919118e-03,5.016635e+01,2.642257e-04,2.520453e-04,3000119.867,2.500000e-04,9.98,11006.58
1157,9.854850e-03,5.005401e+01,3.712907e-04,2.273086e-04,2994695.945,1.074169e-02,4.905328e+01,4.324724e-04,3.023283e-04,2963293.195,2.500000e-04,9.61,11016.19
1158,1.162604e-02,5.025834e+01,4.764546e-04,3.671320e-04,2993581.520,9.100463e-03,4.907182e+01,2.894761e-04,2.597040e-04,2960324.016,2.500000e-04,9.74,11025.93
1159,1.053420e-02,5.028780e+01,4.142786e-04,2.725272e-04,2994545.514,1.294509e-02,4.865866e+01,5.294215e-04,5.570020e-04,2943678.891,2.500000e-04,9.72,11035.65
1160,1.014334e-02,5.046387e+01,3.828863e-04,2.536175e-04,2993382.473,8.292428e-03,4.999353e+01,2.581269e-04,1.423613e-04,3004667.250,2.500000e-04,9.85,11045.50
1161,1.100257e-02,5.066253e+01,4.489386e-04,2.893864e-04,2995093.074,1.636229e-02,4.978473e+01,8.575228e-04,5.617174e-04,2966837.180,2.500000e-04,9.59,11055.09
1162,1.000842e-02,4.972937e+01,3.888426e-04,2.294109e-04,2993950.082,8.920110e-03,5.127693e+01,2.946049e-04,1.692735e-04,3017255.633,2.500000e-04,10.01,11065.10
1163,1.024840e-02,4.972815e+01,4.015437e-04,2.520302e-04,2994163.109,1.352060e-02,5.173433e+01,7.662016e-04,1.370304e-04,3023409.148,2.500000e-04,9.80,11074.90
1164,1.027180e-02,5.015388e+01,4.225139e-04,2.062536e-04,2994298.730,8.421750e-03,5.290350e+01,1.793899e-04,2.675003e-04,3014095.805,2.500000e-04,9.71,11084.61
1165,9.649584e-03,4.988307e+01,3.590076e-04,2.142405e-04,2995232.225,1.010740e-02,4.807589e+01,3.902109e-04,2.795412e-04,2962827.180,2.500000e-04,9.87,11094.48
1166,1.055760e-02,4.918797e+01,4.403107e-04,2.471399e-04,2993781.189,1.352986e-02,5.326184e+01,6.091178e-04,4.225005e-04,3027493.297,2.500000e-04,9.82,11104.31
1167,1.058756e-02,5.003619e+01,4.160397e-04,2.847095e-04,2995351.887,1.067532e-02,5.107780e+01,4.626148e-04,1.882780e-04,2979404.555,2.500000e-04,9.87,11114.18
1168,9.132534e-03,4.917898e+01,3.156206e-04,2.116858e-04,2994475.398,8.584195e-03,4.911936e+01,3.010752e-04,1.323014e-04,2994508.703,2.500000e-04,9.26,11123.44
1169,1.086048e-02,5.035480e+01,4.514518e-04,2.620957e-04,2994541.727,1.004768e-02,5.117273e+01,2.994717e-04,3.871385e-04,3046800.523,2.500000e-04,9.47,11132.92
1170,1.113572e-02,4.935900e+01,4.670359e-04,3.058913e-04,2993414.256,8.156999e-03,5.276582e+01,1.933718e-04,1.893397e-04,2988404.281,2.500000e-04,9.43,11142.35
1171,1.011925e-02,4.965637e+01,4.147197e-04,2.012825e-04,2995311.793,1.327370e-02,4.713331e+01,6.609901e-04,3.900936e-04,2985844.008,2.500000e-04,9.80,11152.15
1172,9.766691e-03,4.914757e+01,3.731762e-04,2.240344e-04,2993942.295,7.571877e-03,4.893917e+01,1.924889e-04,1.506141e-04,3019168.609,2.500000e-04,10.23,11162.38
1173,1.063912e-02,4.946196e+01,4.322078e-04,2.741698e-04,2994556.707,1.028869e-02,5.184989e+01,3.651451e-04,2.904493e-04,3029684.398,2.500000e-04,10.10,11172.49
1174,1.057109e-02,4.968717e+01,4.150722e-04,2.903302e-04,2994766.336,1.182788e-02,4.765019e+01,5.329168e-04,3.467387e-04,2967804.539,2.500000e-04,9.56,11182.04
1175,1.056130e-02,4.908110e+01,4.228501e-04,2.849384e-04,2993687.711,1.077298e-02,5.259302e+01,4.755092e-04,1.517175e-04,2985886.547,2.500000e-04,9.68,11191.73
1176,9.516146e-03,4.951819e+01,3.540607e-04,2.047442e-04,2994165.242,9.362406e-03,4.985283e+01,3.062388e-04,2.629469e-04,3016896.609,2.500000e-04,9.83,11201.55
1177,1.019537e-02,4.955198e+01,4.003321e-04,2.473701e-04,2995401.369,7.516559e-03,4.764869e+01,1.764732e-04,1.973916e-04,2980974.922,2.500000e-04,9.85,11211.40
1178,1.064965e-02,4.989556e+01,4.462522e-04,2.395142e-04,2994164.664,7.848832e-03,4.868716e+01,2.135652e-04,1.688928e-04,2990157.195,2.500000e-04,10.09,11221.49
1179,1.004588e-02,4.909981e+01,3.855121e-04,2.561552e-04,2994372.168,1.443015e-02,4.951548e+01,6.441301e-04,6.074611e-04,2948680.164,2.500000e-04,9.56,11231.05
1180,9.434910e-03,4.907603e+01,3.366689e-04,2.321238e-04,2994719.170,1.036383e-02,4.842308e+01,3.835263e-04,3.372522e-04,2961668.250,2.500000e-04,9.57,11240.62
1181,1.057651e-02,4.902252e+01,4.371435e-04,2.605638e-04,2993671.057,9.961172e-03,5.030807e+01,2.355594e-04,5.149542e-04,3051956.852,2.500000e-04,9.84,11250.46
1182,1.033475e-02,4.922825e+01,4.030861e-04,2.762128e-04,2995518.105,1.068043e-02,4.956610e+01,5.001907e-04,1.443820e-04,2981931.555,2.500000e-04,9.80,11260.26
1183,9.858846e-03,4.855317e+01,3.677429e-04,2.652201e-04,2994330.176,9.231835e-03,5.001559e+01,3.067905e-04,2.324743e-04,2998982.430,2.500000e-04,9.84,11270.09
1184,1.097804e-02,4.906899e+01,4.463189e-04,3.215912e-04,2994279.652,1.396214e-02,4.967139e+01,6.934061e-04,4.121890e-04,2957104.984,2.500000e-04,9.51,11279.61
1185,9.782936e-03,4.947439e+01,3.633488e-04,2.404018e-04,2994128.236,9.765604e-03,4.955655e+01,3.558675e-04,2.502548e-04,2964639.852,2.500000e-04,9.96,11289.57
1186,9.829117e-03,4.937347e+01,3.452820e-04,2.877900e-04,2994806.371,1.260967e-02,4.722380e+01,3.923383e-04,7.927818e-04,2924057.828,2.500000e-04,9.91,11299.48
1187,1.013019e-02,4.830122e+01,4.027058e-04,2.546023e-04,2994503.703,1.214922e-02,5.176565e+01,4.746131e-04,4.453045e-04,3046458.062,2.500000e-04,9.74,11309.21
1188,1.001945e-02,4.879580e+01,3.821645e-04,2.636457e-04,2994480.434,1.002981e-02,4.921831e+01,4.557438e-04,1.101078e-04,3010375.734,2.500000e-04,9.53,11318.75
1189,1.058889e-02,4.915107e+01,4.593450e-04,2.160659e-04,2994364.465,8.535770e-03,4.868704e+01,2.835901e-04,1.662329e-04,3006535.875,2.500000e-04,9.72,11328.47
1190,1.042108e-02,4.913427e+01,4.028943e-04,2.957416e-04,2994977.656,9.510945e-03,4.775814e+01,3.214308e-04,3.041646e-04,2971547.055,2.500000e-04,9.92,11338.39
1191,1.067075e-02,4.974673e+01,4.486608e-04,2.418928e-04,2994237.279,1.013134e-02,4.976714e+01,3.633769e-04,3.041718e-04,2983743.094,2.500000e-04,9.52,11347.91
1192,1.000099e-02,4.887022e+01,3.960859e-04,2.306211e-04,2994089.580,8.187493e-03,4.827008e+01,2.685229e-04,1.350512e-04,3015606.445,2.500000e-04,9.62,11357.54
1193,9.782978e-03,4.859705e+01,3.651728e-04,2.543092e-04,2995102.072,9.359786e-03,4.948153e+01,2.853174e-04,3.116917e-04,2997736.766,2.500000e-04,9.68,11367.22
1194,1.002749e-02,4.954146e+01,3.952210e-04,2.242271e-04,2994488.895,8.017645e-03,4.814827e+01,2.360484e-04,1.684668e-04,2987409.586,2.500000e-04,10.13,11377.35
1195,1.098057e-02,4.878790e+01,4.463572e-04,3.276418e-04,2993790.385,8.801163e-03,5.064579e+01,2.849020e-04,1.775128e-04,3004750.633,2.500000e-04,9.93,11387.28
1196,9.908343e-03,4.916963e+01,3.717787e-04,2.547186e-04,2993852.598,1.356873e-02,5.314769e+01,7.165434e-04,2.177055e-04,3006934.766,2.500000e-04,9.89,11397.17
1197,1.043583e-02,4.941584e+01,4.049685e-04,2.889120e-04,2994869.773,8.870270e-03,4.938755e+01,3.081189e-04,1.700652e-04,3011275.266,2.500000e-04,9.73,11406.89
1198,1.034753e-02,4.940938e+01,4.193864e-04,2.425453e-04,2995521.977,1.380238e-02,5.327908e+01,6.757680e-04,3.433593e-04,3003998.906,2.500000e-04,9.85,11416.74
1199,9.833496e-03,4.890348e+01,3.921253e-04,2.043791e-04,2994694.105,8.582148e-03,4.760685e+01,2.887936e-04,1.867053e-04,2980330.797,2.500000e-04,10.27,11427.02
1200,9.826199e-03,4.851526e+01,3.601293e-04,2.746758e-04,2994733.395,8.669025e-03,4.765587e+01,3.028779e-04,1.749319e-04,2982632.297,2.500000e-04,10.33,11437.34
1201,9.774877e-03,4.837741e+01,3.995168e-04,1.883937e-04,2994710.201,1.225163e-02,5.148891e+01,6.247196e-04,1.711088e-04,3000447.852,2.500000e-04,10.13,11447.48
1202,9.917789e-03,5.006547e+01,3.881295e-04,2.059894e-04,2993726.871,1.758538e-02,5.191630e+01,9.017721e-04,6.752056e-04,3063038.195,2.500000e-04,9.85,11457.32
1203,1.066600e-02,4.916550e+01,4.404842e-04,2.689213e-04,2994897.785,1.339546e-02,4.965774e+01,7.091164e-04,2.677053e-04,2964434.055,2.500000e-04,10.21,11467.54
1204,9.905051e-03,4.933104e+01,3.887943e-04,2.168009e-04,2994397.029,8.512417e-03,4.859590e+01,1.946980e-04,3.411695e-04,2983282.359,2.500000e-04,10.38,11477.91
1205,1.030637e-02,4.816391e+01,4.343796e-04,2.292374e-04,2994605.371,1.335751e-02,4.920644e+01,7.191551e-04,2.490637e-04,2981585.766,2.500000e-04,9.75,11487.67
1206,1.073694e-02,4.878068e+01,4.352685e-04,3.012383e-04,2993801.523,8.802945e-03,4.805627e+01,2.319012e-04,3.356612e-04,2963535.641,2.500000e-04,9.56,11497.23
1207,1.046822e-02,4.907521e+01,4.084343e-04,2.952711e-04,2994356.414,9.589889e-03,5.002960e+01,2.893003e-04,3.387852e-04,2978642.961,2.500000e-04,9.60,11506.83
1208,9.823483e-03,4.890768e+01,3.712127e-04,2.441176e-04,2994313.416,9.351164e-03,5.032460e+01,3.082401e-04,2.472606e-04,3005195.992,2.500000e-04,9.76,11516.59
1209,9.727221e-03,4.858692e+01,3.678027e-04,2.381004e-04,2994667.348,1.225327e-02,4.648068e+01,5.872663e-04,3.465082e-04,2976442.281,2.500000e-04,10.69,11527.28
1210,9.779380e-03,4.867864e+01,3.842285e-04,2.138463e-04,2994519.537,1.252897e-02,4.933138e+01,6.307675e-04,2.576323e-04,3023466.766,2.500000e-04,9.94,11537.22
1211,1.026029e-02,4.860082e+01,3.897730e-04,3.004953e-04,2994756.629,1.120629e-02,5.231061e+01,4.746372e-04,2.457714e-04,3004002.852,2.500000e-04,10.11,11547.33
1212,1.007610e-02,4.882456e+01,3.988008e-04,2.411264e-04,2993388.748,1.632792e-02,5.145075e+01,6.180513e-04,1.000466e-03,3085877.930,2.500000e-04,9.53,11556.86
1213,1.038485e-02,4.924493e+01,4.028381e-04,2.863944e-04,2994923.668,9.614462e-03,4.899367e+01,2.606201e-04,4.217788e-04,2950980.086,2.500000e-04,9.80,11566.66
1214,9.260478e-03,4.889954e+01,3.504641e-04,1.731768e-04,2995358.020,7.473242e-03,4.719365e+01,2.008756e-04,1.490241e-04,3001023.156,2.500000e-04,9.70,11576.36
1215,1.049306e-02,4.810379e+01,4.476182e-04,2.413008e-04,2993992.986,1.049046e-02,4.803549e+01,4.373006e-04,2.627807e-04,2996830.938,2.500000e-04,9.54,11585.90
1216,1.039753e-02,4.806589e+01,4.291020e-04,2.599843e-04,2994636.422,1.037733e-02,4.888034e+01,4.600861e-04,1.776861e-04,3007971.617,2.500000e-04,10.00,11595.92
1217,9.746840e-03,4.871483e+01,3.956687e-04,1.837341e-04,2994355.957,1.216384e-02,5.079915e+01,5.432660e-04,3.302525e-04,2986233.500,2.500000e-04,9.80,11605.71
1218,1.084454e-02,4.920103e+01,4.530713e-04,2.787440e-04,2993808.145,1.027015e-02,5.062858e+01,4.278490e-04,1.857612e-04,3007258.109,2.500000e-04,10.08,11615.79
1219,1.051342e-02,4.929153e+01,4.436962e-04,2.294605e-04,2994777.211,9.077953e-03,4.909785e+01,3.388940e-04,1.558455e-04,2980082.234,2.500000e-04,10.08,11625.87
1220,1.019411e-02,4.908218e+01,4.097031e-04,2.377719e-04,2995269.004,1.332438e-02,4.876104e+01,6.801073e-04,3.294398e-04,2971691.773,2.500000e-04,9.47,11635.33
1221,1.072509e-02,4.942880e+01,4.541799e-04,2.480813e-04,2994260.717,1.191987e-02,4.972614e+01,5.334006e-04,3.226492e-04,3011228.781,2.500000e-04,9.60,11644.93
1222,1.130148e-02,5.001495e+01,4.896253e-04,2.807462e-04,2994221.117,8.631182e-03,4.796588e+01,3.021263e-04,1.626662e-04,2985392.492,2.500000e-04,10.24,11655.17
1223,1.063870e-02,4.943837e+01,4.540567e-04,2.308584e-04,2993944.326,7.659065e-03,4.970556e+01,1.992401e-04,1.392217e-04,3004714.656,2.500000e-04,9.46,11664.63
1224,9.884174e-03,4.882482e+01,3.809857e-04,2.383670e-04,2994604.770,9.481307e-03,5.017611e+01,3.305344e-04,2.316704e-04,3027435.320,2.500000e-04,9.90,11674.53
1225,9.969496e-03,4.801932e+01,3.905405e-04,2.524318e-04,2994725.311,8.050123e-03,4.866509e+01,2.153880e-04,2.059468e-04,3026011.414,2.500000e-04,9.74,11684.28
1226,9.787394e-03,4.767619e+01,3.978048e-04,2.083454e-04,2994367.674,8.379463e-03,4.823281e+01,2.957882e-04,1.196601e-04,3015899.445,2.500000e-04,9.97,11694.25
1227,1.031020e-02,4.838814e+01,4.193610e-04,2.555542e-04,2995489.814,1.303302e-02,4.661329e+01,5.221457e-04,6.300474e-04,2976108.898,2.500000e-04,9.61,11703.86
1228,9.952928e-03,4.907969e+01,3.703098e-04,2.683722e-04,2993430.492,9.701756e-03,4.819805e+01,3.790612e-04,2.182680e-04,2975660.492,2.500000e-04,9.65,11713.51
1229,1.039721e-02,4.866454e+01,4.208776e-04,2.643971e-04,2993725.059,1.134205e-02,5.121953e+01,5.010802e-04,2.418584e-04,3010192.562,2.500000e-04,10.32,11723.84
1230,9.821201e-03,4.834433e+01,3.806574e-04,2.360387e-04,2994644.986,1.168147e-02,4.855414e+01,5.791742e-04,2.068621e-04,3008739.438,2.500000e-04,10.00,11733.84
1231,9.859760e-03,4.889659e+01,3.875797e-04,2.188609e-04,2995024.953,8.165498e-03,4.928764e+01,2.255122e-04,1.963224e-04,2990640.008,2.500000e-04,9.56,11743.40
1232,9.824194e-03,4.807136e+01,3.880608e-04,2.272901e-04,2994010.537,7.934962e-03,5.006572e+01,2.503001e-04,8.507785e-05,3006309.242,2.500000e-04,9.63,11753.03
1233,9.731612e-03,4.748522e+01,3.724807e-04,2.516566e-04,2994930.266,1.253674e-02,5.025095e+01,6.229548e-04,2.564187e-04,3005567.703,2.500000e-04,10.17,11763.20
1234,1.072869e-02,4.802780e+01,4.678127e-04,2.495566e-04,2994724.242,9.002583e-03,4.713308e+01,3.022143e-04,2.534266e-04,2974308.508,2.500000e-04,9.92,11773.12
1235,1.018384e-02,4.849704e+01,3.909476e-04,2.849328e-04,2993977.574,1.315140e-02,5.040145e+01,6.528365e-04,3.165785e-04,3038152.508,2.500000e-04,9.57,11782.69
1236,1.079061e-02,4.806049e+01,4.579051e-04,2.811024e-04,2994080.021,1.501225e-02,5.514556e+01,7.515250e-04,3.964881e-04,3017216.078,2.500000e-04,9.43,11792.13
1237,1.017662e-02,4.879383e+01,3.844283e-04,2.905909e-04,2994984.082,9.795672e-03,4.820320e+01,4.113592e-04,1.723518e-04,3003018.594,2.500000e-04,9.97,11802.10
1238,1.089107e-02,4.852940e+01,4.594758e-04,2.886754e-04,2994700.811,1.250366e-02,5.352226e+01,5.367124e-04,3.568620e-04,3026544.938,2.500000e-04,9.88,11811.98
1239,9.858993e-03,4.876903e+01,3.917227e-04,2.129725e-04,2994680.441,9.738426e-03,4.960999e+01,3.147389e-04,3.260077e-04,3028622.461,2.500000e-04,9.52,11821.50
1240,1.043403e-02,4.896499e+01,4.237454e-04,2.600161e-04,2994366.807,9.302386e-03,4.901505e+01,3.686833e-04,1.428094e-04,2996468.359,2.500000e-04,9.71,11831.21
1241,1.116227e-02,4.869227e+01,4.725288e-04,3.135513e-04,2994010.256,1.376305e-02,5.160818e+01,7.667279e-04,1.869906e-04,2989680.742,2.500000e-04,9.90,11841.12
1242,1.107555e-02,4.891688e+01,4.816465e-04,2.734797e-04,2993622.150,2.166074e-02,5.251783e+01,1.281429e-03,7.189334e-04,3051906.234,2.500000e-04,9.44,11850.55
1243,1.143778e-02,4.806610e+01,5.043995e-04,3.174347e-04,2995986.861,1.016418e-02,4.840223e+01,3.880966e-04,2.885986e-04,2965212.094,2.500000e-04,9.64,11860.19
1244,9.721125e-03,4.844691e+01,3.930407e-04,1.892052e-04,2993782.723,1.018720e-02,5.164786e+01,3.346736e-04,3.351362e-04,3020997.320,2.500000e-04,9.72,11869.91
1245,1.092018e-02,4.889831e+01,4.698134e-04,2.664440e-04,2994189.387,8.815328e-03,4.857683e+01,2.710701e-04,2.493887e-04,3000270.945,2.500000e-04,9.86,11879.77
1246,9.755346e-03,4.920911e+01,3.747456e-04,2.173958e-04,2994877.148,8.984287e-03,5.015053e+01,2.349955e-04,3.238560e-04,3038218.047,2.500000e-04,9.65,11889.42
1247,9.807693e-03,4.785418e+01,3.729076e-04,2.586397e-04,2994773.682,1.017169e-02,4.961790e+01,4.354780e-04,1.710229e-04,2994741.117,2.500000e-04,9.82,11899.24
1248,1.013226e-02,4.877854e+01,3.959870e-04,2.589068e-04,2993959.789,9.576265e-03,4.957705e+01,3.847372e-04,1.542377e-04,3014950.094,2.500000e-04,9.71,11908.95
1249,9.858659e-03,4.867836e+01,3.870053e-04,2.241540e-04,2995522.510,1.161603e-02,4.623629e+01,3.900140e-04,6.184518e-04,2947722.586,2.500000e-04,9.87,11918.82
1250,1.036587e-02,4.824645e+01,4.363900e-04,2.354661e-04,2993414.221,1.062038e-02,4.702021e+01,4.411097e-04,3.014525e-04,2962690.375,2.500000e-04,10.06,11928.88
1251,1.129206e-02,4.832125e+01,4.955565e-04,3.008735e-04,2994215.650,1.258619e-02,5.273795e+01,6.198812e-04,2.227156e-04,3017596.203,2.500000e-04,9.81,11938.70
1252,1.044685e-02,4.974573e+01,4.157256e-04,2.630046e-04,2994379.281,1.208284e-02,5.197534e+01,4.280136e-04,5.210334e-04,3048850.914,2.500000e-04,10.06,11948.76
1253,1.026522e-02,4.930145e+01,4.057662e-04,2.554815e-04,2994188.514,8.775932e-03,5.017639e+01,2.247879e-04,3.020826e-04,3040510.672,2.500000e-04,10.02,11958.78
1254,1.031457e-02,4.829385e+01,4.016834e-04,2.936696e-04,2994722.721,1.277287e-02,5.093855e+01,6.565201e-04,2.227622e-04,3010419.438,2.500000e-04,10.43,11969.20
1255,1.054361e-02,4.909032e+01,4.366378e-04,2.536400e-04,2994465.531,1.080930e-02,5.023871e+01,4.480646e-04,2.609557e-04,2973126.562,2.500000e-04,10.06,11979.26
1256,1.090837e-02,4.872065e+01,4.737342e-04,2.597918e-04,2994573.404,7.918671e-03,4.887208e+01,2.142351e-04,1.778225e-04,2986798.016,2.500000e-04,9.91,11989.17
1257,1.066452e-02,4.844448e+01,4.530496e-04,2.579151e-04,2994216.160,8.019860e-03,5.002975e+01,2.424366e-04,1.185038e-04,3009193.797,2.500000e-04,10.28,11999.45
1258,9.805017e-03,4.868637e+01,3.818064e-04,2.236631e-04,2995293.002,1.353995e-02,4.855847e+01,6.321637e-04,4.724938e-04,2995945.641,2.500000e-04,9.80,12009.26
1259,1.041583e-02,4.907531e+01,4.061282e-04,2.894038e-04,2993498.871,9.147379e-03,5.203129e+01,1.985351e-04,3.917799e-04,3032523.555,2.500000e-04,9.95,12019.21
1260,1.043076e-02,4.866227e+01,3.848141e-04,3.432791e-04,2995066.717,9.659449e-03,4.800397e+01,4.195508e-04,1.327090e-04,2983844.125,2.500000e-04,9.70,12028.91
1261,1.002178e-02,4.852729e+01,3.931214e-04,2.475668e-04,2994862.213,1.393549e-02,5.106713e+01,6.879100e-04,3.899354e-04,3045630.109,2.500000e-04,9.56,12038.47
1262,9.943208e-03,4.807654e+01,3.921764e-04,2.427581e-04,2994937.396,9.188672e-03,4.799963e+01,3.447728e-04,1.881961e-04,2983296.727,2.500000e-04,9.53,12048.00
1263,1.105891e-02,4.860959e+01,4.999454e-04,2.396993e-04,2994046.686,9.322442e-03,5.178073e+01,2.411356e-04,3.466026e-04,3007558.227,2.500000e-04,10.18,12058.18
1264,1.015359e-02,4.793542e+01,4.030879e-04,2.658340e-04,2994566.709,1.525094e-02,4.997226e+01,9.273819e-04,1.959780e-04,3001217.836,2.500000e-04,9.98,12068.18
1265,1.060662e-02,4.897947e+01,4.314180e-04,2.788990e-04,2994822.410,9.958988e-03,4.948499e+01,3.885415e-04,2.250149e-04,2987387.711,2.500000e-04,9.39,12077.56
1266,9.619569e-03,4.807793e+01,3.787256e-04,2.049042e-04,2994605.305,8.913611e-03,4.790013e+01,3.363948e-04,1.519300e-04,3019975.055,2.500000e-04,9.90,12087.46
1267,1.039129e-02,4.816302e+01,4.360611e-04,2.428755e-04,2994214.645,1.032582e-02,5.336730e+01,3.653897e-04,2.670389e-04,3022585.078,2.500000e-04,9.93,12097.39
1268,9.682889e-03,4.853274e+01,3.618057e-04,2.423114e-04,2995026.734,8.704286e-03,4.991913e+01,2.706212e-04,2.012321e-04,3005226.898,2.500000e-04,9.59,12106.99
1269,1.008267e-02,4.800315e+01,3.927932e-04,2.708850e-04,2994448.584,8.288531e-03,4.821084e+01,2.856510e-04,1.221875e-04,3006147.336,2.500000e-04,9.52,12116.51
1270,1.052429e-02,4.827637e+01,4.409911e-04,2.573475e-04,2994869.990,9.691844e-03,4.941521e+01,3.440024e-04,2.620598e-04,3001677.961,2.500000e-04,9.88,12126.39
1271,9.748634e-03,4.782686e+01,3.855413e-04,2.221069e-04,2995133.543,9.850079e-03,4.702657e+01,2.801759e-04,4.691327e-04,2942358.547,2.500000e-04,10.02,12136.41
1272,9.816082e-03,4.840253e+01,3.843428e-04,2.264803e-04,2994361.439,7.156487e-03,4.772256e+01,1.681235e-04,1.405991e-04,2981467.453,2.500000e-04,9.87,12146.28
1273,1.058993e-02,4.794400e+01,4.453137e-04,2.684786e-04,2992820.027,1.081596e-02,5.114048e+01,3.167595e-04,5.068641e-04,3023743.859,2.500000e-04,10.54,12156.82
1274,1.087100e-02,4.937500e+01,4.348933e-04,3.169133e-04,2995088.186,1.107878e-02,5.218033e+01,3.939858e-04,3.841784e-04,3043867.406,2.500000e-04,9.94,12166.76
1275,9.876051e-03,4.847001e+01,4.019278e-04,2.019546e-04,2994096.713,8.699836e-03,4.885751e+01,2.240063e-04,3.148045e-04,3027295.641,2.500000e-04,10.04,12176.81
1276,1.103529e-02,4.891367e+01,4.782294e-04,2.723248e-04,2994956.994,1.074906e-02,4.880963e+01,4.786732e-04,2.162738e-04,3013709.328,2.500000e-04,9.79,12186.61
1277,9.117680e-03,4.738888e+01,3.477980e-04,1.801624e-04,2995663.744,1.076259e-02,4.756798e+01,4.574643e-04,2.862300e-04,3003490.344,2.500000e-04,9.81,12196.42
1278,1.017480e-02,4.736860e+01,4.221043e-04,2.433785e-04,2994226.283,9.319105e-03,4.894588e+01,2.987281e-04,2.874471e-04,3033672.227,2.500000e-04,9.99,12206.42
1279,1.020680e-02,4.785910e+01,4.111084e-04,2.619608e-04,2995198.826,9.660095e-03,5.059964e+01,3.740971e-04,1.718320e-04,2988098.586,2.500000e-04,9.89,12216.32
1280,1.032183e-02,4.810759e+01,4.228481e-04,2.565177e-04,2993956.922,9.082188e-03,5.063706e+01,3.335425e-04,1.366114e-04,3017246.836,2.500000e-04,9.75,12226.08
1281,9.561492e-03,4.822802e+01,3.649510e-04,2.178360e-04,2994315.146,9.245684e-03,5.211376e+01,2.294477e-04,3.479661e-04,3039902.953,2.500000e-04,10.38,12236.47
1282,1.051881e-02,4.870939e+01,4.224143e-04,2.847461e-04,2995342.951,1.022787e-02,4.920008e+01,3.873409e-04,2.868904e-04,3001887.258,2.500000e-04,9.86,12246.33
1283,1.121706e-02,4.754538e+01,4.726888e-04,3.471261e-04,2993169.986,8.221683e-03,4.916240e+01,2.726307e-04,1.158272e-04,3008746.016,2.500000e-04,9.95,12256.29
1284,9.703958e-03,4.820139e+01,3.709943e-04,2.347752e-04,2995161.283,8.423446e-03,4.690184e+01,2.402407e-04,2.661709e-04,2962235.273,2.500000e-04,9.81,12266.11
1285,9.817739e-03,4.792557e+01,3.805429e-04,2.439506e-04,2993988.311,8.019484e-03,4.810462e+01,2.346258e-04,1.725528e-04,3025517.625,2.500000e-04,9.69,12275.81
1286,9.800683e-03,4.784383e+01,3.916381e-04,2.199839e-04,2995262.664,8.679935e-03,4.724832e+01,2.842404e-04,2.225398e-04,2982123.062,2.500000e-04,9.46,12285.27
1287,9.388053e-03,4.724646e+01,3.596217e-04,2.134380e-04,2994054.328,1.138137e-02,4.918627e+01,4.709290e-04,3.506899e-04,3035399.727,2.500000e-04,9.84,12295.11
1288,1.029960e-02,4.781846e+01,4.155621e-04,2.724270e-04,2994825.875,1.166761e-02,4.978749e+01,5.185055e-04,3.007609e-04,3025747.055,2.500000e-04,9.62,12304.72
1289,1.033487e-02,4.809479e+01,4.344349e-04,2.362074e-04,2995054.625,8.814231e-03,4.853834e+01,3.165367e-04,1.590061e-04,3000531.406,2.500000e-04,9.98,12314.71
1290,1.024827e-02,4.801160e+01,4.231783e-04,2.430655e-04,2994776.207,1.034246e-02,4.759503e+01,4.288306e-04,2.589295e-04,2999309.273,2.500000e-04,9.66,12324.37
1291,1.066970e-02,4.878329e+01,4.367288e-04,2.848168e-04,2994436.965,9.065773e-03,4.888127e+01,3.148544e-04,2.058202e-04,2995615.672,2.500000e-04,9.46,12333.83
1292,9.561979e-03,4.794652e+01,3.683911e-04,2.166832e-04,2994404.314,9.000557e-03,4.799781e+01,3.434383e-04,1.532787e-04,2995233.734,2.500000e-04,9.84,12343.67
1293,1.108944e-02,4.855583e+01,4.593246e-04,3.281225e-04,2994330.463,9.117311e-03,4.894545e+01,3.235720e-04,1.974093e-04,3018462.320,2.500000e-04,10.05,12353.71
1294,1.003968e-02,4.771876e+01,3.952331e-04,2.630953e-04,2994775.479,1.176961e-02,5.001204e+01,3.560049e-04,6.416705e-04,3059413.820,2.500000e-04,10.26,12363.97
1295,1.208547e-02,4.852346e+01,5.597973e-04,3.270306e-04,2993781.490,1.153420e-02,4.956116e+01,5.144925e-04,2.866314e-04,2992514.992,2.500000e-04,10.31,12374.28
1296,1.024194e-02,4.883281e+01,4.039535e-04,2.638251e-04,2994674.904,1.018555e-02,5.118942e+01,3.551409e-04,3.030395e-04,3031452.789,2.500000e-04,9.84,12384.12
1297,9.596611e-03,4.827592e+01,3.571828e-04,2.394382e-04,2995130.557,1.278497e-02,4.579461e+01,4.757594e-04,6.895826e-04,2929787.945,2.500000e-04,9.78,12393.90
1298,1.015844e-02,4.791115e+01,4.009486e-04,2.715668e-04,2994044.379,8.014213e-03,5.038654e+01,1.662553e-04,2.626014e-04,3036911.555,2.500000e-04,10.00,12403.90
1299,9.319437e-03,4.837141e+01,3.363769e-04,2.237054e-04,2994564.221,1.136820e-02,4.904916e+01,3.252855e-04,6.420851e-04,3063720.359,2.500000e-04,9.66,12413.56
1300,9.776655e-03,4.780554e+01,3.825103e-04,2.341996e-04,2995652.227,9.455943e-03,4.631829e+01,3.284268e-04,3.079693e-04,2974596.359,2.500000e-04,9.56,12423.13
1301,9.634135e-03,4.762406e+01,3.782018e-04,2.179422e-04,2993861.787,1.263013e-02,5.211844e+01,5.890614e-04,3.055348e-04,2991640.062,2.500000e-04,9.58,12432.71
1302,1.034982e-02,4.779818e+01,4.316439e-04,2.507127e-04,2994863.736,9.491241e-03,4.689373e+01,3.645268e-04,2.313199e-04,2999517.750,2.500000e-04,9.83,12442.54
1303,1.050402e-02,4.755693e+01,4.208184e-04,3.080293e-04,2995134.102,8.311879e-03,5.018562e+01,2.535153e-04,1.516327e-04,3007283.562,2.500000e-04,10.29,12452.83
1304,1.007101e-02,4.785274e+01,4.085360e-04,2.400750e-04,2994774.697,8.945208e-03,4.716610e+01,3.001787e-04,2.453622e-04,2962429.461,2.500000e-04,11.59,12464.41
1305,9.905035e-03,4.835092e+01,4.001220e-04,2.137446e-04,2993931.131,1.037251e-02,5.111993e+01,4.242269e-04,2.036502e-04,3017108.297,2.500000e-04,10.61,12475.03
1306,1.017896e-02,4.794039e+01,4.028493e-04,2.712856e-04,2994516.357,1.324904e-02,5.009881e+01,6.613412e-04,3.251493e-04,3031901.641,2.500000e-04,10.39,12485.42
1307,1.151081e-02,4.922655e+01,5.182933e-04,2.810443e-04,2993529.561,1.352928e-02,5.198877e+01,6.785524e-04,3.089765e-04,3017962.586,2.500000e-04,9.76,12495.18
1308,1.030023e-02,4.801919e+01,4.257852e-04,2.480923e-04,2995504.732,9.765391e-03,4.701773e+01,4.128295e-04,1.870647e-04,2976267.344,2.500000e-04,9.47,12504.66
1309,1.034268e-02,4.761841e+01,4.355090e-04,2.451498e-04,2993281.881,1.830037e-02,5.137123e+01,8.307411e-04,9.711670e-04,3079787.578,2.500000e-04,9.91,12514.57
1310,1.001158e-02,4.757734e+01,4.074591e-04,2.358515e-04,2995502.879,1.513194e-02,5.084621e+01,8.037229e-04,4.020179e-04,3040901.266,2.500000e-04,10.25,12524.81
1311,9.992863e-03,4.746483e+01,4.061918e-04,2.368924e-04,2994806.656,8.979191e-03,4.569288e+01,2.732142e-04,3.355522e-04,2978683.133,2.500000e-04,9.62,12534.43
1312,1.071714e-02,4.780638e+01,4.687241e-04,2.498519e-04,2995019.152,8.356944e-03,4.788062e+01,2.580380e-04,1.977004e-04,2980830.422,2.500000e-04,9.81,12544.24
1313,9.666778e-03,4.727103e+01,3.739119e-04,2.401113e-04,2995296.264,9.251542e-03,4.532162e+01,3.094600e-04,3.249559e-04,2982652.102,2.500000e-04,9.91,12554.15
1314,9.774752e-03,4.715058e+01,3.868289e-04,2.382811e-04,2994159.303,1.001311e-02,5.018750e+01,3.466736e-04,3.055256e-04,3036416.984,2.500000e-04,9.84,12563.99
1315,1.073148e-02,4.744242e+01,4.642201e-04,2.690073e-04,2994412.078,1.285035e-02,4.775790e+01,6.960139e-04,2.228842e-04,2966275.852,2.500000e-04,9.66,12573.64
1316,1.118167e-02,4.833467e+01,4.870787e-04,2.954837e-04,2994096.189,1.210560e-02,4.869684e+01,5.293187e-04,3.885466e-04,3034036.562,2.500000e-04,9.57,12583.21
1317,1.073424e-02,4.747202e+01,4.675918e-04,2.622242e-04,2994109.475,8.661372e-03,5.041049e+01,2.502722e-04,2.235202e-04,2988088.219,2.500000e-04,9.56,12592.77
1318,9.619736e-03,4.748036e+01,3.726913e-04,2.289575e-04,2994814.359,8.001528e-03,4.657745e+01,2.761707e-04,1.164153e-04,2996062.508,2.500000e-04,9.61,12602.39
1319,9.290262e-03,4.732796e+01,3.432326e-04,2.250279e-04,2995174.982,2.241303e-02,4.458894e+01,8.888008e-04,1.813226e-03,2882998.930,2.500000e-04,9.24,12611.63
1320,1.048793e-02,4.788939e+01,4.092050e-04,3.213887e-04,2993451.619,8.021920e-03,4.835475e+01,2.291827e-04,1.789235e-04,2988459.930,2.500000e-04,9.42,12621.05
1321,1.031945e-02,4.783771e+01,4.088977e-04,2.893405e-04,2994584.207,1.001371e-02,5.112226e+01,3.398365e-04,3.006243e-04,2980086.367,2.500000e-04,9.65,12630.70
1322,1.015422e-02,4.769037e+01,4.169274e-04,2.431816e-04,2994877.236,8.663644e-03,4.686163e+01,2.973699e-04,2.007564e-04,2969985.516,2.500000e-04,9.65,12640.35
1323,9.799009e-03,4.751327e+01,3.762821e-04,2.569721e-04,2994460.834,1.116838e-02,4.975665e+01,3.591950e-04,5.201534e-04,3057469.945,2.500000e-04,9.79,12650.13
1324,1.046522e-02,4.805570e+01,4.070519e-04,3.178270e-04,2994361.439,8.783707e-03,4.883893e+01,3.081217e-04,1.637196e-04,2975989.906,2.500000e-04,9.73,12659.87
1325,9.491152e-03,4.745498e+01,3.835667e-04,1.819974e-04,2994589.227,7.906416e-03,4.763701e+01,2.553678e-04,1.178073e-04,3008141.656,2.500000e-04,9.77,12669.63
1326,1.073100e-02,4.811471e+01,4.448677e-04,2.941697e-04,2993710.826,1.111970e-02,5.117497e+01,5.271237e-04,1.461937e-04,3008987.734,2.500000e-04,9.82,12679.45
1327,9.698071e-03,4.791284e+01,3.786726e-04,2.240122e-04,2994686.891,1.770408e-02,5.201778e+01,1.103068e-03,2.943245e-04,3033143.945,2.500000e-04,9.65,12689.10
1328,1.023573e-02,4.835464e+01,4.101746e-04,2.597030e-04,2995110.049,1.183837e-02,4.636263e+01,6.303842e-04,1.796522e-04,2973888.953,2.500000e-04,9.53,12698.62
1329,9.457738e-03,4.751453e+01,3.718137e-04,1.976295e-04,2994658.160,8.681348e-03,4.846492e+01,3.134380e-04,1.400953e-04,3017922.531,2.500000e-04,9.74,12708.36
1330,1.155672e-02,4.823928e+01,5.062482e-04,3.340617e-04,2994428.564,7.228077e-03,4.912589e+01,1.803050e-04,1.024876e-04,3010552.453,2.500000e-04,9.82,12718.19
1331,9.756582e-03,4.774459e+01,3.728901e-04,2.506444e-04,2995169.162,1.298289e-02,4.656792e+01,5.174447e-04,6.303303e-04,2939465.797,2.500000e-04,10.21,12728.40
1332,1.009350e-02,4.719303e+01,3.995080e-04,2.758225e-04,2994781.113,7.499498e-03,4.757415e+01,1.831928e-04,1.820310e-04,2984468.227,2.500000e-04,9.80,12738.20
1333,9.482511e-03,4.682164e+01,3.632834e-04,2.335024e-04,2994610.018,1.012663e-02,4.853988e+01,4.291238e-04,1.962802e-04,3000158.594,2.500000e-04,10.42,12748.62
1334,1.011511e-02,4.724474e+01,4.194236e-04,2.392803e-04,2994393.447,8.572065e-03,4.740866e+01,2.501956e-04,2.658487e-04,3035072.109,2.500000e-04,9.90,12758.52
1335,9.512479e-03,4.637988e+01,3.654556e-04,2.439871e-04,2994576.186,8.277383e-03,4.880663e+01,1.897893e-04,2.997654e-04,3031087.430,2.500000e-04,9.61,12768.13
1336,9.458586e-03,4.682531e+01,3.716039e-04,2.120032e-04,2995664.982,1.039357e-02,4.831374e+01,4.588004e-04,1.948387e-04,3000804.062,2.500000e-04,9.50,12777.63
1337,1.054807e-02,4.716643e+01,4.665135e-04,2.332577e-04,2993576.498,9.737488e-03,4.648870e+01,2.755123e-04,4.666990e-04,3046053.328,2.500000e-04,10.03,12787.67
1338,9.429802e-03,4.721240e+01,3.703635e-04,2.009852e-04,2995612.977,1.015686e-02,4.715249e+01,4.197583e-04,2.488052e-04,2991848.617,2.500000e-04,10.03,12797.70
1339,1.001824e-02,4.713414e+01,3.984526e-04,2.640593e-04,2994242.240,7.552720e-03,4.680364e+01,1.599157e-04,2.546397e-04,2983443.141,2.500000e-04,9.61,12807.31
1340,9.408907e-03,4.686352e+01,3.572224e-04,2.300661e-04,2995330.346,9.097359e-03,4.718991e+01,2.485533e-04,3.785671e-04,2955827.500,2.500000e-04,9.74,12817.05
1341,1.030233e-02,4.738519e+01,4.148678e-04,2.830257e-04,2993762.820,8.833601e-03,4.790032e+01,3.236679e-04,1.613781e-04,2995567.102,2.500000e-04,9.83,12826.88
1342,1.051037e-02,4.750992e+01,4.416967e-04,2.684818e-04,2994941.740,9.191500e-03,4.567510e+01,3.065432e-04,3.117116e-04,2970612.133,2.500000e-04,9.49,12836.39
1343,9.478396e-03,4.713312e+01,3.706564e-04,2.117040e-04,2994988.285,1.176865e-02,4.473868e+01,4.609364e-04,5.370833e-04,2943755.438,2.500000e-04,9.36,12845.75
1344,9.940576e-03,4.710721e+01,3.946801e-04,2.566109e-04,2994262.418,9.781740e-03,4.967633e+01,3.123773e-04,3.380667e-04,3047424.820,2.500000e-04,9.57,12855.33
1345,9.597302e-03,4.760344e+01,3.616635e-04,2.440646e-04,2994607.426,1.206279e-02,4.901072e+01,6.563629e-04,1.196176e-04,2997226.117,2.500000e-04,9.52,12864.85
1346,9.973709e-03,4.736603e+01,4.108527e-04,2.257159e-04,2995277.627,1.928508e-02,4.411568e+01,8.460403e-04,1.282621e-03,2903606.766,2.500000e-04,9.66,12874.51
1347,9.748426e-03,4.717997e+01,3.604219e-04,2.852419e-04,2994480.979,8.768620e-03,4.566195e+01,2.674485e-04,3.055880e-04,2956542.328,2.500000e-04,9.49,12884.00
1348,9.715591e-03,4.698257e+01,3.727090e-04,2.580488e-04,2994799.150,7.449875e-03,4.734904e+01,1.889739e-04,1.650462e-04,2974734.133,2.500000e-04,9.99,12893.99
1349,9.595093e-03,4.696439e+01,3.707293e-04,2.382724e-04,2994247.492,8.847563e-03,4.857829e+01,3.141875e-04,1.695719e-04,3010334.586,2.500000e-04,10.09,12904.08
1350,1.037835e-02,4.747008e+01,4.311997e-04,2.638699e-04,2995508.527,1.082395e-02,4.713031e+01,4.431865e-04,3.358100e-04,2958690.961,2.500000e-04,9.87,12913.95
1351,1.037835e-02,4.744683e+01,4.424034e-04,2.419270e-04,2994526.529,7.351424e-03,4.779746e+01,1.830164e-04,1.483030e-04,3002262.344,2.500000e-04,9.58,12923.53
1352,9.070000e-03,4.627654e+01,3.404485e-04,2.075720e-04,2995738.762,1.287171e-02,4.340218e+01,4.749113e-04,7.564765e-04,2930414.547,2.500000e-04,9.54,12933.07
1353,9.935332e-03,4.718107e+01,4.074206e-04,2.286038e-04,2994418.502,8.661376e-03,4.644315e+01,2.792235e-04,2.449654e-04,2982386.578,2.500000e-04,9.45,12942.52
1354,1.004183e-02,4.657604e+01,4.022789e-04,2.722864e-04,2994162.082,1.152255e-02,4.587001e+01,5.679439e-04,2.512222e-04,3005899.547,2.500000e-04,9.65,12952.17
1355,9.706553e-03,4.761394e+01,3.710615e-04,2.469088e-04,2995156.855,1.147197e-02,4.636390e+01,5.865420e-04,1.940319e-04,2988852.984,2.500000e-04,9.39,12961.57
1356,9.108328e-03,4.668737e+01,3.283921e-04,2.311342e-04,2994951.834,9.729462e-03,4.634781e+01,4.378395e-04,1.432572e-04,2984704.062,2.500000e-04,9.58,12971.15
1357,1.037489e-02,4.694830e+01,4.262641e-04,2.834843e-04,2993384.234,1.426162e-02,4.817718e+01,8.655714e-04,1.576383e-04,3019229.484,2.500000e-04,9.72,12980.87
1358,9.955107e-03,4.752077e+01,3.875935e-04,2.654190e-04,2995461.119,1.041742e-02,4.821149e+01,4.602177e-04,1.988186e-04,3007210.273,2.500000e-04,10.08,12990.95
1359,9.791981e-03,4.764378e+01,3.869359e-04,2.316489e-04,2994642.795,1.249164e-02,4.706569e+01,6.314479e-04,2.941182e-04,2998542.797,2.500000e-04,11.07,13002.02
1360,9.761976e-03,4.733994e+01,3.918290e-04,2.219383e-04,2995306.555,9.222207e-03,4.705076e+01,3.631819e-04,1.770624e-04,2968885.219,2.500000e-04,10.01,13012.03
1361,1.033579e-02,4.802591e+01,4.054542e-04,2.957309e-04,2993860.949,9.658928e-03,4.949680e+01,3.579978e-04,2.258540e-04,3027747.227,2.500000e-04,9.64,13021.68
1362,1.087785e-02,4.740831e+01,4.770619e-04,2.732797e-04,2995603.693,8.033244e-03,4.821545e+01,2.299995e-04,1.823408e-04,2990073.758,2.500000e-04,9.75,13031.43
1363,9.880979e-03,4.744527e+01,3.931209e-04,2.410485e-04,2993686.514,1.088278e-02,4.827402e+01,4.269688e-04,3.571376e-04,3029361.977,2.500000e-04,9.88,13041.31
1364,9.966744e-03,4.708570e+01,4.175570e-04,2.165209e-04,2995425.992,7.579384e-03,4.826549e+01,2.226310e-04,1.053050e-04,2986385.359,2.500000e-04,11.13,13052.44
1365,9.641855e-03,4.767475e+01,3.690298e-04,2.368162e-04,2994444.348,6.873739e-03,4.595495e+01,1.928841e-04,6.988055e-05,2994769.195,2.500000e-04,10.75,13063.19
1366,1.020190e-02,4.670717e+01,3.992078e-04,3.078205e-04,2994496.086,8.331711e-03,4.754621e+01,2.313682e-04,2.526818e-04,3030890.734,2.500000e-04,10.57,13073.77
1367,9.621745e-03,4.686882e+01,3.803500e-04,2.262724e-04,2994624.791,1.293922e-02,4.963057e+01,6.281556e-04,3.389218e-04,3018404.797,2.500000e-04,10.72,13084.49
1368,9.550700e-03,4.685904e+01,3.509589e-04,2.710414e-04,2994671.494,7.697106e-03,4.707706e+01,1.939064e-04,2.100674e-04,3028221.305,2.500000e-04,10.04,13094.55
1369,1.051800e-02,4.685776e+01,4.425819e-04,2.812820e-04,2994822.445,9.378788e-03,4.567942e+01,3.413151e-04,2.795391e-04,2983547.344,2.500000e-04,9.72,13104.27
1370,9.906958e-03,4.729400e+01,3.862810e-04,2.629497e-04,2994755.342,1.113589e-02,4.881625e+01,4.865331e-04,2.777867e-04,2986591.109,2.500000e-04,9.81,13114.09
1371,9.880238e-03,4.752420e+01,3.849148e-04,2.557341e-04,2994297.850,9.893549e-03,4.796988e+01,4.477228e-04,1.238667e-04,3001918.570,2.500000e-04,9.79,13123.88
1372,9.532577e-03,4.702424e+01,3.597362e-04,2.465583e-04,2994064.658,9.399827e-03,4.676874e+01,2.915746e-04,3.614414e-04,3028114.289,2.500000e-04,9.86,13133.74
1373,1.084616e-02,4.700971e+01,4.715894e-04,2.858582e-04,2994758.904,8.464711e-03,4.792395e+01,2.685298e-04,1.974035e-04,2972752.312,2.500000e-04,9.49,13143.23
1374,9.632305e-03,4.695994e+01,3.646527e-04,2.579568e-04,2994701.262,8.578003e-03,4.489880e+01,2.560050e-04,3.056146e-04,2964004.719,2.500000e-04,9.34,13152.57
1375,1.008032e-02,4.678924e+01,4.189494e-04,2.423800e-04,2994440.865,1.171710e-02,4.917724e+01,5.321332e-04,2.956087e-04,2977192.336,2.500000e-04,9.71,13162.29
1376,9.673729e-03,4.744197e+01,3.737384e-04,2.384296e-04,2994324.809,8.072310e-03,4.877238e+01,2.329289e-04,1.731566e-04,3017417.766,2.500000e-04,9.65,13171.94
1377,9.674240e-03,4.708849e+01,3.676241e-04,2.578301e-04,2995732.445,1.105515e-02,4.612579e+01,4.597611e-04,3.689923e-04,2967005.266,2.500000e-04,9.57,13181.51
1378,1.076577e-02,4.770459e+01,4.558886e-04,2.872846e-04,2993388.117,9.836567e-03,4.841275e+01,3.329512e-04,3.331557e-04,3038945.820,2.500000e-04,9.46,13190.98
1379,9.654008e-03,4.689145e+01,3.760368e-04,2.408990e-04,2995818.107,9.096169e-03,4.520189e+01,3.314730e-04,2.522501e-04,3003827.312,2.500000e-04,9.30,13200.28
1380,9.052963e-03,4.569408e+01,3.402110e-04,2.162890e-04,2995097.219,8.703397e-03,4.523598e+01,2.050971e-04,4.257657e-04,2956172.492,2.500000e-04,9.89,13210.17
1381,8.740475e-03,4.582057e+01,3.226156e-04,1.864524e-04,2994894.957,7.580914e-03,4.583084e+01,2.373114e-04,1.249432e-04,2993788.992,2.500000e-04,9.85,13220.02
1382,9.105575e-03,4.571820e+01,3.554749e-04,1.958010e-04,2994938.873,1.062299e-02,4.539841e+01,4.301285e-04,3.563725e-04,2979260.242,2.500000e-04,9.54,13229.56
1383,1.051153e-02,4.717962e+01,4.454735e-04,2.677659e-04,2994072.297,8.100972e-03,4.798598e+01,1.958547e-04,2.687653e-04,2978051.445,2.500000e-04,9.58,13239.14
1384,9.637369e-03,4.660838e+01,3.823592e-04,2.305877e-04,2994252.768,7.827898e-03,4.688166e+01,2.105163e-04,2.069137e-04,3011615.008,2.500000e-04,10.54,13249.68
1385,9.674130e-03,4.671988e+01,3.835013e-04,2.334260e-04,2994968.355,1.128473e-02,4.609140e+01,5.406777e-04,2.537632e-04,2988733.578,2.500000e-04,9.89,13259.57
1386,9.644741e-03,4.614008e+01,3.700514e-04,2.660440e-04,2995127.314,8.537317e-03,4.665151e+01,2.998518e-04,1.747296e-04,2981005.211,2.500000e-04,9.53,13269.10
1387,9.195938e-03,4.557949e+01,3.649044e-04,1.977890e-04,2994663.906,1.081801e-02,4.803511e+01,5.022896e-04,1.983198e-04,3012445.312,2.500000e-04,9.72,13278.81
1388,9.590826e-03,4.619145e+01,3.829859e-04,2.283643e-04,2995269.713,7.840751e-03,4.753220e+01,2.037623e-04,2.099818e-04,3005542.039,2.500000e-04,9.96,13288.78
1389,1.070274e-02,4.636015e+01,4.524041e-04,3.085370e-04,2993854.121,1.083164e-02,5.151702e+01,4.008097e-04,3.343675e-04,3010210.812,2.500000e-04,10.63,13299.41
1390,1.071238e-02,4.714103e+01,4.430438e-04,3.135675e-04,2994825.490,8.941408e-03,4.814866e+01,2.633853e-04,2.985378e-04,3024074.047,2.500000e-04,9.45,13308.86
1391,9.725769e-03,4.688000e+01,3.697502e-04,2.680533e-04,2994746.256,1.165187e-02,4.710304e+01,5.029427e-04,3.824276e-04,3006169.906,2.500000e-04,9.45,13318.32
1392,9.982722e-03,4.705008e+01,4.215966e-04,2.123495e-04,2995220.549,7.260247e-03,4.812306e+01,1.667136e-04,1.561611e-04,3003976.758,2.500000e-04,10.15,13328.47
1393,8.884869e-03,4.629556e+01,3.092143e-04,2.326341e-04,2994608.639,8.468911e-03,4.539278e+01,3.235888e-04,1.387488e-04,2994797.070,2.500000e-04,9.89,13338.36
1394,9.295513e-03,4.600821e+01,3.491068e-04,2.407248e-04,2995404.990,8.748932e-03,4.589415e+01,2.392052e-04,3.534930e-04,2951898.766,2.500000e-04,10.08,13348.44
1395,9.439634e-03,4.657638e+01,3.650152e-04,2.263690e-04,2995623.490,9.496610e-03,4.733219e+01,3.907937e-04,1.710906e-04,2978684.523,2.500000e-04,9.36,13357.81
1396,1.106558e-02,4.666212e+01,4.739826e-04,3.319074e-04,2993863.328,8.671521e-03,4.801810e+01,2.783450e-04,2.172522e-04,2977773.758,2.500000e-04,9.18,13366.99
1397,9.230528e-03,4.715134e+01,3.319186e-04,2.392416e-04,2994249.713,9.947103e-03,5.066549e+01,2.329121e-04,5.102866e-04,3020579.375,2.500000e-04,9.47,13376.46
1398,9.832455e-03,4.759203e+01,3.866510e-04,2.413484e-04,2995881.234,1.152514e-02,4.586131e+01,5.694541e-04,2.488931e-04,2979582.641,2.500000e-04,9.39,13385.84
1399,9.211490e-03,4.627361e+01,3.745112e-04,1.678036e-04,2994717.096,9.758442e-03,4.522208e+01,2.418389e-04,5.635688e-04,2940505.266,2.500000e-04,9.60,13395.45
1400,9.360957e-03,4.642537e+01,3.698779e-04,2.039282e-04,2994975.594,1.260880e-02,4.729740e+01,6.971402e-04,1.815312e-04,2985627.992,2.500000e-04,9.61,13405.06
1401,9.146086e-03,4.624986e+01,3.527249e-04,1.987703e-04,2994723.264,8.478666e-03,4.673425e+01,2.975317e-04,1.659848e-04,3026554.641,2.500000e-04,9.52,13414.58
1402,9.814894e-03,4.658773e+01,4.140673e-04,2.030895e-04,2994764.160,9.480406e-03,4.811515e+01,3.370334e-04,2.597114e-04,3024837.148,2.500000e-04,9.73,13424.31
1403,9.722433e-03,4.573044e+01,3.920713e-04,2.457353e-04,2995176.842,1.551362e-02,5.072364e+01,7.889655e-04,5.103193e-04,3009017.125,2.500000e-04,9.71,13434.02
1404,9.310069e-03,4.714916e+01,3.366667e-04,2.456970e-04,2994377.926,7.539160e-03,4.733499e+01,2.036656e-04,1.538012e-04,3000682.789,2.500000e-04,9.94,13443.96
1405,9.829340e-03,4.738802e+01,3.589000e-04,3.003075e-04,2994297.512,9.032293e-03,4.837390e+01,3.259318e-04,1.871171e-04,3015568.875,2.500000e-04,9.77,13453.74
1406,9.587677e-03,4.657663e+01,3.759576e-04,2.340877e-04,2994660.848,7.212084e-03,4.736139e+01,1.736115e-04,1.479660e-04,3003362.188,2.500000e-04,10.07,13463.81
1407,1.072130e-02,4.657584e+01,4.682843e-04,2.761738e-04,2994330.006,9.486806e-03,4.940599e+01,3.874260e-04,1.343894e-04,2999663.047,2.500000e-04,9.63,13473.44
1408,9.135429e-03,4.691153e+01,3.283886e-04,2.320781e-04,2995725.695,9.111559e-03,4.632484e+01,3.334247e-04,2.289656e-04,2976623.633,2.500000e-04,9.72,13483.16
1409,1.117334e-02,4.718348e+01,4.751240e-04,3.407499e-04,2993215.217,1.359275e-02,5.008436e+01,7.458368e-04,2.251900e-04,3005554.422,2.500000e-04,10.07,13493.23
1410,1.006216e-02,4.763325e+01,4.186498e-04,2.224683e-04,2994687.895,1.196749e-02,4.887559e+01,5.531186e-04,3.097498e-04,3040364.805,2.500000e-04,9.86,13503.10
1411,8.982959e-03,4.651936e+01,3.199108e-04,2.263831e-04,2995079.883,9.005430e-03,4.777891e+01,3.117844e-04,2.219389e-04,3031063.070,2.500000e-04,10.16,13513.25
1412,9.401600e-03,4.621952e+01,3.468917e-04,2.621463e-04,2995746.240,9.440154e-03,4.573856e+01,2.695687e-04,4.341222e-04,2946805.492,2.500000e-04,11.63,13524.88
1413,8.910747e-03,4.586865e+01,3.183053e-04,2.281659e-04,2994371.895,9.309695e-03,4.824683e+01,2.882930e-04,3.204165e-04,2968470.938,2.500000e-04,10.52,13535.41
1414,9.654230e-03,4.684765e+01,3.826672e-04,2.285586e-04,2995201.930,9.062340e-03,4.617842e+01,2.792350e-04,3.304295e-04,2971424.070,2.500000e-04,10.45,13545.88
1415,1.021673e-02,4.632085e+01,4.165801e-04,2.837685e-04,2994161.109,1.032774e-02,4.627222e+01,4.324100e-04,2.752845e-04,2999304.898,2.500000e-04,9.71,13555.59
1416,1.031477e-02,4.639889e+01,4.358649e-04,2.632466e-04,2994992.467,8.932540e-03,4.633453e+01,3.469438e-04,1.659296e-04,2983671.961,2.500000e-04,10.04,13565.63
1417,8.884846e-03,4.603030e+01,3.156152e-04,2.251328e-04,2994792.383,1.145910e-02,4.574970e+01,6.447151e-04,8.739627e-05,2993681.320,2.500000e-04,10.13,13575.76
1418,9.415709e-03,4.584503e+01,3.483908e-04,2.694595e-04,2995013.535,1.181064e-02,4.919299e+01,4.791791e-04,4.199097e-04,2967325.922,2.500000e-04,9.91,13585.67
1419,9.154105e-03,4.615300e+01,3.516580e-04,2.044451e-04,2994849.227,8.533261e-03,4.702563e+01,3.130468e-04,1.400460e-04,3019709.359,2.500000e-04,10.23,13595.90
1420,1.029851e-02,4.631996e+01,4.185950e-04,2.961136e-04,2994337.084,9.806110e-03,4.827692e+01,3.639489e-04,2.677859e-04,3019738.984,2.500000e-04,10.10,13606.01
1421,1.026851e-02,4.670691e+01,4.324172e-04,2.547297e-04,2995588.590,1.187363e-02,4.648531e+01,5.556619e-04,3.336962e-04,2963513.141,2.500000e-04,9.78,13615.79
1422,1.125714e-02,4.844559e+01,5.043091e-04,2.738990e-04,2993171.137,9.929090e-03,4.989275e+01,3.743038e-04,2.393556e-04,3004497.930,2.500000e-04,9.82,13625.61
1423,9.936640e-03,4.737534e+01,3.895164e-04,2.607885e-04,2995036.387,9.348471e-03,4.603727e+01,3.579979e-04,2.329530e-04,2979553.805,2.500000e-04,9.81,13635.42
1424,1.159360e-02,4.746398e+01,5.546861e-04,2.600690e-04,2994358.740,9.950965e-03,4.620806e+01,3.900045e-04,2.860229e-04,2987385.711,2.500000e-04,10.15,13645.57
1425,1.013921e-02,4.740368e+01,4.006340e-04,2.785006e-04,2994186.412,8.785474e-03,4.650201e+01,3.016400e-04,2.237747e-04,2970104.312,2.500000e-04,9.60,13655.17
1426,1.001566e-02,4.701920e+01,3.785487e-04,3.056515e-04,2995740.996,2.210147e-02,4.580177e+01,1.019573e-03,1.465114e-03,2895497.469,2.500000e-04,9.92,13665.09
1427,1.043476e-02,4.797740e+01,4.134351e-04,3.005334e-04,2993618.574,8.489106e-03,4.500274e+01,3.196171e-04,1.585322e-04,2976999.031,2.500000e-04,9.82,13674.91
1428,9.656552e-03,4.684361e+01,3.794358e-04,2.355664e-04,2994817.088,8.232941e-03,4.643655e+01,2.419884e-04,2.338805e-04,2968065.148,2.500000e-04,9.75,13684.66
1429,9.399813e-03,4.665233e+01,3.519684e-04,2.429791e-04,2994917.205,7.780142e-03,4.648511e+01,2.476580e-04,1.310102e-04,3007198.719,2.500000e-04,10.19,13694.85
1430,9.666135e-03,4.658127e+01,3.822077e-04,2.371862e-04,2993977.699,7.368291e-03,4.680441e+01,1.992007e-04,1.391684e-04,3007484.078,2.500000e-04,10.03,13704.89
1431,1.003870e-02,4.682307e+01,4.073914e-04,2.564967e-04,2994840.639,8.603759e-03,4.787845e+01,2.429270e-04,2.773288e-04,3035740.281,2.500000e-04,9.90,13714.79
1432,9.980254e-03,4.703056e+01,4.166755e-04,2.220885e-04,2994425.023,8.596372e-03,4.778132e+01,3.023635e-04,1.589210e-04,3013570.484,2.500000e-04,10.35,13725.14
1433,8.916141e-03,4.637320e+01,3.290464e-04,1.976716e-04,2995412.195,7.808828e-03,4.566928e+01,2.362217e-04,1.759365e-04,2979026.352,2.500000e-04,10.05,13735.18
1434,1.008498e-02,4.679979e+01,4.100279e-04,2.609448e-04,2994817.916,1.040759e-02,4.766826e+01,4.002375e-04,3.276778e-04,2967278.633,2.500000e-04,9.91,13745.10
1435,9.850872e-03,4.679328e+01,3.785464e-04,2.772160e-04,2994771.805,9.075048e-03,4.640114e+01,2.853293e-04,3.163283e-04,2969042.133,2.500000e-04,9.89,13754.99
1436,1.012392e-02,4.677449e+01,4.212107e-04,2.468736e-04,2994833.777,6.759827e-03,4.576770e+01,1.788432e-04,7.892499e-05,3000745.789,2.500000e-04,9.85,13764.84
1437,9.626610e-03,4.642127e+01,3.901586e-04,2.165795e-04,2994042.938,1.230831e-02,4.968375e+01,4.851796e-04,4.976272e-04,3055673.695,2.500000e-04,9.88,13774.73
1438,9.061665e-03,4.671180e+01,3.077703e-04,2.625564e-04,2995615.875,7.698204e-03,4.588471e+01,2.562454e-04,1.094559e-04,2999297.531,2.500000e-04,9.98,13784.71
1439,9.310498e-03,4.650408e+01,3.499493e-04,2.321195e-04,2994716.658,8.016551e-03,4.657405e+01,2.531444e-04,1.655404e-04,2991141.672,2.500000e-04,10.12,13794.83
1440,9.573829e-03,4.570562e+01,3.867063e-04,2.272407e-04,2994820.125,8.747624e-03,4.609882e+01,2.591922e-04,3.091639e-04,3004065.648,2.500000e-04,10.20,13805.03
1441,9.289168e-03,4.618265e+01,3.591133e-04,2.159541e-04,2994956.908,1.366696e-02,4.489699e+01,7.607454e-04,3.139615e-04,2969315.445,2.500000e-04,10.27,13815.30
1442,9.461225e-03,4.684860e+01,3.677250e-04,2.198229e-04,2995368.570,1.068992e-02,4.754366e+01,4.496007e-04,2.879102e-04,2980857.109,2.500000e-04,10.81,13826.12
1443,9.359052e-03,4.672968e+01,3.486678e-04,2.398812e-04,2995076.668,7.851855e-03,4.585147e+01,2.388305e-04,1.756807e-04,2981789.234,2.500000e-04,10.02,13836.14
1444,1.006923e-02,4.653474e+01,4.179325e-04,2.472863e-04,2995752.672,1.692029e-02,4.418091e+01,6.985145e-04,1.103411e-03,2913187.508,2.500000e-04,10.09,13846.24
1445,9.280166e-03,4.643707e+01,3.607290e-04,2.058338e-04,2993937.902,9.300893e-03,4.855284e+01,2.967765e-04,2.955689e-04,3021216.930,2.500000e-04,9.83,13856.07
1446,9.349315e-03,4.616827e+01,3.674785e-04,2.115407e-04,2994499.484,9.366580e-03,4.880989e+01,2.579301e-04,3.812581e-04,3046023.227,2.500000e-04,9.70,13865.78
1447,8.905609e-03,4.584825e+01,3.171129e-04,2.299310e-04,2995552.334,1.107518e-02,4.565724e+01,4.805218e-04,3.408469e-04,2969955.812,2.500000e-04,10.00,13875.78
1448,9.415500e-03,4.608068e+01,3.536296e-04,2.542273e-04,2995182.523,8.004567e-03,4.580429e+01,2.950162e-04,9.479517e-05,3004799.875,2.500000e-04,9.71,13885.48
1449,9.404401e-03,4.567835e+01,3.631464e-04,2.410204e-04,2995326.641,9.174405e-03,4.608862e+01,2.881703e-04,3.367681e-04,2969164.828,2.500000e-04,9.76,13895.24
1450,9.523686e-03,4.612443e+01,3.705595e-04,2.411297e-04,2995292.326,1.209154e-02,4.405819e+01,3.790385e-04,7.790675e-04,2931846.617,2.500000e-04,9.70,13904.94
1451,9.517657e-03,4.646152e+01,3.637251e-04,2.468508e-04,2994136.023,8.913269e-03,4.488720e+01,2.520744e-04,3.807611e-04,2955731.008,2.500000e-04,9.67,13914.61
1452,9.885510e-03,4.660072e+01,4.140162e-04,2.170552e-04,2994292.270,9.118288e-03,4.800932e+01,3.314400e-04,2.005912e-04,3003272.805,2.500000e-04,9.68,13924.30
1453,1.025977e-02,4.702244e+01,3.961718e-04,3.191619e-04,2994164.785,1.288002e-02,4.879599e+01,7.442817e-04,1.115201e-04,3000369.805,2.500000e-04,9.76,13934.06
1454,9.564452e-03,4.660027e+01,3.873418e-04,2.062013e-04,2994798.238,8.142062e-03,4.668124e+01,2.854354e-04,1.239169e-04,3020479.781,2.500000e-04,9.78,13943.83
1455,1.037389e-02,4.635758e+01,4.548591e-04,2.379078e-04,2995346.889,9.091243e-03,4.605154e+01,3.744315e-04,1.483547e-04,2996411.688,2.500000e-04,9.66,13953.49
1456,9.922511e-03,4.595923e+01,4.137919e-04,2.377339e-04,2994535.326,9.246901e-03,4.692317e+01,3.112208e-04,2.884753e-04,3025235.211,2.500000e-04,9.52,13963.01
1457,9.571546e-03,4.605660e+01,3.925085e-04,2.081603e-04,2995608.396,1.028407e-02,4.686772e+01,4.072862e-04,3.048866e-04,3025526.156,2.500000e-04,9.49,13972.50
1458,9.404784e-03,4.650415e+01,3.694721e-04,2.119297e-04,2994882.658,1.009628e-02,4.567338e+01,4.069530e-04,2.918816e-04,2987626.750,2.500000e-04,9.79,13982.29
1459,9.943384e-03,4.696920e+01,4.149851e-04,2.193227e-04,2994945.021,8.509808e-03,4.817141e+01,2.672684e-04,2.039967e-04,3005468.828,2.500000e-04,9.96,13992.25
1460,1.006343e-02,4.696054e+01,3.979268e-04,2.776216e-04,2993929.354,1.029324e-02,5.115953e+01,3.926440e-04,2.501699e-04,2983292.555,2.500000e-04,9.75,14002.00
1461,9.327030e-03,4.673452e+01,3.554547e-04,2.198064e-04,2994670.916,9.927581e-03,4.683155e+01,4.363609e-04,1.761633e-04,3001777.477,2.500000e-04,10.23,14012.23
1462,1.002595e-02,4.651186e+01,3.935013e-04,2.879499e-04,2995369.162,1.046061e-02,4.676962e+01,4.117567e-04,3.332155e-04,3010985.852,2.500000e-04,9.81,14022.05
1463,1.040997e-02,4.618975e+01,4.376380e-04,2.829231e-04,2994206.131,8.457230e-03,4.883864e+01,2.452579e-04,2.241575e-04,3032129.383,2.500000e-04,9.93,14031.97
1464,1.016887e-02,4.731677e+01,4.341723e-04,2.190946e-04,2994550.111,1.419681e-02,4.867854e+01,8.642789e-04,1.372328e-04,2994692.102,2.500000e-04,10.58,14042.55
1465,1.010966e-02,4.733588e+01,4.114919e-04,2.522298e-04,2995153.904,9.514951e-03,4.618097e+01,3.640221e-04,2.513265e-04,2972074.648,2.500000e-04,10.41,14052.96
1466,1.027664e-02,4.614233e+01,4.231800e-04,2.861205e-04,2994256.385,1.064095e-02,4.697842e+01,4.957931e-04,1.970345e-04,2992014.234,2.500000e-04,10.21,14063.17
1467,9.656657e-03,4.719730e+01,3.729601e-04,2.414652e-04,2994701.469,1.047088e-02,4.885273e+01,4.402821e-04,2.365577e-04,3027399.805,2.500000e-04,9.98,14073.16
1468,9.442194e-03,4.620579e+01,3.655561e-04,2.332108e-04,2994912.688,8.347841e-03,4.625079e+01,3.220527e-04,1.004472e-04,2985637.930,2.500000e-04,9.98,14083.14
1469,9.536722e-03,4.637561e+01,3.702590e-04,2.393142e-04,2994395.578,1.894664e-02,5.100592e+01,9.675774e-04,8.340556e-04,3062092.617,2.500000e-04,9.72,14092.86
1470,1.013964e-02,4.640425e+01,3.971773e-04,3.054877e-04,2994841.383,9.043482e-03,4.808033e+01,3.249882e-04,1.971136e-04,3026699.156,2.500000e-04,9.87,14102.73
1471,9.876258e-03,4.575209e+01,4.148655e-04,2.304787e-04,2995554.367,1.233517e-02,4.622567e+01,5.968731e-04,3.487752e-04,2956296.914,2.500000e-04,9.84,14112.57
1472,9.769779e-03,4.588431e+01,3.949098e-04,2.464500e-04,2994271.420,9.282057e-03,4.525535e+01,3.419069e-04,2.674906e-04,3003359.094,2.500000e-04,9.68,14122.25
1473,9.624010e-03,4.583758e+01,3.762693e-04,2.555119e-04,2995016.535,1.073830e-02,4.771629e+01,5.086675e-04,1.759983e-04,3004591.266,2.500000e-04,9.41,14131.66
1474,1.029862e-02,4.619461e+01,4.482177e-04,2.393960e-04,2995876.648,1.043783e-02,4.629603e+01,3.578410e-04,4.459627e-04,2952540.688,2.500000e-04,9.44,14141.10
1475,9.043134e-03,4.654475e+01,3.416209e-04,1.944902e-04,2994347.807,1.209077e-02,4.700139e+01,5.768229e-04,3.244798e-04,3031257.875,2.500000e-04,9.52,14150.62
1476,9.671144e-03,4.574559e+01,4.065186e-04,2.062799e-04,2995554.447,8.164353e-03,4.644104e+01,2.567677e-04,1.905143e-04,2978020.070,2.500000e-04,9.58,14160.21
1477,9.760826e-03,4.545660e+01,3.939236e-04,2.551860e-04,2994365.936,1.593877e-02,4.883618e+01,9.745719e-04,2.618873e-04,3003566.766,2.500000e-04,9.85,14170.06
1478,9.952592e-03,4.593415e+01,3.989833e-04,2.738689e-04,2995483.344,1.000368e-02,4.602983e+01,4.371390e-04,2.058625e-04,2978207.586,2.500000e-04,9.51,14179.57
1479,1.010676e-02,4.657091e+01,4.137002e-04,2.625341e-04,2994185.869,1.524232e-02,4.786316e+01,9.469010e-04,1.973995e-04,3003236.617,2.500000e-04,9.43,14189.00
1480,9.517290e-03,4.693158e+01,3.576836e-04,2.494593e-04,2995461.512,8.413496e-03,4.458208e+01,2.925544e-04,2.059489e-04,2986838.117,2.500000e-04,9.69,14198.69
1481,9.793200e-03,4.597015e+01,3.861725e-04,2.668920e-04,2994507.766,1.224289e-02,4.907925e+01,5.636704e-04,3.396513e-04,2977076.391,2.500000e-04,9.73,14208.43
1482,9.880074e-03,4.658625e+01,3.862128e-04,2.718642e-04,2994567.785,9.090580e-03,4.708963e+01,3.530300e-04,1.702635e-04,2979375.281,2.500000e-04,9.61,14218.03
1483,9.393082e-03,4.611709e+01,3.738795e-04,2.085156e-04,2994339.852,9.453748e-03,4.676177e+01,3.877681e-04,1.799782e-04,3011666.617,2.500000e-04,9.36,14227.39
1484,1.029116e-02,4.649223e+01,4.457405e-04,2.369059e-04,2994508.646,8.329355e-03,4.748969e+01,3.014097e-04,1.132579e-04,3014991.039,2.500000e-04,9.75,14237.14
1485,9.497174e-03,4.617119e+01,3.653922e-04,2.452264e-04,2995172.385,8.788490e-03,4.670311e+01,3.681368e-04,8.736215e-05,3003230.656,2.500000e-04,9.84,14246.98
1486,8.992208e-03,4.508590e+01,3.386192e-04,2.194853e-04,2994930.207,1.328901e-02,4.533248e+01,6.029383e-04,5.452751e-04,2959390.992,2.500000e-04,9.71,14256.69
1487,1.006569e-02,4.683385e+01,4.240022e-04,2.284571e-04,2994959.299,7.762814e-03,4.436846e+01,2.440291e-04,1.771356e-04,3014556.641,2.500000e-04,9.76,14266.45
1488,9.935688e-03,4.585079e+01,4.176805e-04,2.347607e-04,2995014.930,8.984711e-03,4.529786e+01,3.337708e-04,2.234433e-04,2966034.500,2.500000e-04,10.04,14276.49
1489,1.066247e-02,4.640594e+01,4.738874e-04,2.565999e-04,2994378.020,1.146946e-02,4.687745e+01,4.781670e-04,4.000086e-04,3023574.672,2.500000e-04,10.10,14286.59
1490,9.549119e-03,4.678740e+01,3.633704e-04,2.473350e-04,2994656.447,7.209593e-03,4.671910e+01,1.613274e-04,1.848819e-04,3015105.422,2.500000e-04,10.35,14296.93
1491,9.525358e-03,4.651856e+01,3.829495e-04,2.088014e-04,2994851.520,7.440395e-03,4.579259e+01,2.062636e-04,1.597002e-04,2990833.336,2.500000e-04,10.49,14307.42
1492,9.981577e-03,4.629838e+01,4.169673e-04,2.364131e-04,2994706.867,8.528346e-03,4.724677e+01,2.991121e-04,1.625097e-04,3015741.742,2.500000e-04,9.67,14317.09
1493,9.638580e-03,4.621845e+01,3.905317e-04,2.222837e-04,2995395.682,1.097494e-02,4.451787e+01,4.864795e-04,3.316711e-04,2959105.797,2.500000e-04,9.94,14327.03
1494,9.290877e-03,4.639037e+01,3.537260e-04,2.229160e-04,2995038.611,9.445466e-03,4.644241e+01,3.294944e-04,3.012564e-04,2981784.695,2.500000e-04,9.83,14336.87
1495,1.017851e-02,4.654579e+01,4.103440e-04,2.840986e-04,2994094.639,7.347262e-03,4.577286e+01,1.998909e-04,1.542132e-04,2985607.359,2.500000e-04,11.46,14348.32
1496,9.840711e-03,4.624590e+01,3.988771e-04,2.454699e-04,2995082.562,8.158877e-03,4.857209e+01,2.119092e-04,2.365151e-04,3010610.336,2.500000e-04,9.78,14358.11
1497,9.605445e-03,4.628930e+01,3.432151e-04,3.088728e-04,2994524.582,9.614705e-03,4.545100e+01,4.452267e-04,1.234676e-04,2995688.984,2.500000e-04,9.58,14367.69
1498,1.092758e-02,4.631596e+01,4.842321e-04,2.907333e-04,2994268.818,8.965426e-03,4.730501e+01,3.243613e-04,1.982624e-04,2978247.648,2.500000e-04,9.67,14377.36
1499,1.010277e-02,4.669153e+01,4.351034e-04,2.165177e-04,2994749.324,1.270532e-02,4.819259e+01,6.224410e-04,3.323313e-04,3004645.344,2.500000e-04,9.99,14387.35
1500,9.467691e-03,4.635241e+01,3.836243e-04,1.992412e-04,2994781.123,1.119344e-02,4.928295e+01,4.921043e-04,2.688211e-04,3017984.727,2.500000e-04,11.52,14398.88
1501,1.020371e-02,4.653995e+01,3.953943e-04,3.191533e-04,2994731.648,9.051167e-03,4.560708e+01,3.847417e-04,1.286084e-04,2997668.258,2.500000e-04,11.00,14409.88
1502,9.389568e-03,4.628624e+01,3.690722e-04,2.140443e-04,2995513.609,1.050657e-02,4.605255e+01,5.018380e-04,1.765879e-04,2977576.164,2.500000e-04,10.13,14420.02
1503,1.041982e-02,4.602901e+01,4.647956e-04,2.337916e-04,2994294.826,1.051603e-02,4.604592e+01,4.046197e-04,3.730491e-04,2957550.531,2.500000e-04,11.10,14431.12
1504,9.391740e-03,4.615275e+01,3.551167e-04,2.450596e-04,2994391.258,1.057894e-02,4.565426e+01,5.019907e-04,1.987209e-04,2987581.906,2.500000e-04,10.39,14441.51
1505,9.691504e-03,4.651656e+01,3.749536e-04,2.580625e-04,2994936.133,9.370058e-03,4.869599e+01,3.603164e-04,1.794591e-04,3015150.836,2.500000e-04,10.64,14452.15
1506,8.955104e-03,4.554294e+01,3.206255e-04,2.389109e-04,2995477.553,7.510839e-03,4.578049e+01,2.193969e-04,1.477644e-04,2992036.148,2.500000e-04,10.48,14462.63
1507,8.883303e-03,4.565647e+01,3.307839e-04,2.019635e-04,2995040.727,9.379821e-03,4.603670e+01,3.967634e-04,1.617033e-04,2993120.609,2.500000e-04,10.56,14473.19
1508,9.818925e-03,4.567742e+01,3.986016e-04,2.530334e-04,2995001.756,8.984656e-03,4.587627e+01,4.094429e-04,6.052005e-05,3011326.578,2.500000e-04,10.12,14483.31
1509,9.534522e-03,4.586803e+01,3.776904e-04,2.341631e-04,2995415.561,1.279514e-02,4.479804e+01,6.237692e-04,4.155298e-04,2955492.477,2.500000e-04,10.38,14493.69
1510,9.043843e-03,4.549745e+01,3.428197e-04,2.131802e-04,2994775.266,1.075450e-02,4.591255e+01,5.228726e-04,1.869028e-04,2988684.977,2.500000e-04,10.43,14504.13
1511,1.018874e-02,4.586918e+01,4.077580e-04,3.048492e-04,2994621.449,1.237963e-02,4.534038e+01,6.493307e-04,2.704560e-04,2961948.648,2.500000e-04,10.99,14515.12
1512,9.327575e-03,4.598464e+01,3.565191e-04,2.327840e-04,2994797.580,1.096470e-02,4.836997e+01,4.406538e-04,3.442335e-04,3015054.281,2.500000e-04,9.99,14525.11
1513,9.182868e-03,4.557661e+01,3.486954e-04,2.276505e-04,2994251.479,9.746957e-03,4.562710e+01,3.848335e-04,2.671824e-04,2995414.070,2.500000e-04,9.67,14534.78
1514,8.604953e-03,4.489969e+01,3.116143e-04,1.997680e-04,2996326.689,8.070556e-03,4.437844e+01,2.836921e-04,1.591582e-04,2993242.688,2.500000e-04,10.23,14545.01
1515,1.016058e-02,4.592854e+01,4.067933e-04,2.999582e-04,2994887.480,1.050558e-02,4.708219e+01,3.540673e-04,4.513377e-04,2958930.578,2.500000e-04,10.19,14555.22
1516,9.378741e-03,4.512697e+01,3.460925e-04,2.810238e-04,2993895.082,9.135101e-03,4.575878e+01,4.114038e-04,8.903696e-05,2990694.797,2.500000e-04,10.05,14565.27
1517,9.319330e-03,4.546489e+01,3.556753e-04,2.432176e-04,2996117.350,9.181476e-03,4.831682e+01,3.163348e-04,2.372892e-04,3032294.172,2.500000e-04,10.58,14575.86
1518,1.011597e-02,4.634644e+01,4.038861e-04,2.884933e-04,2994910.430,7.886386e-03,4.671771e+01,2.332916e-04,1.763397e-04,2993155.711,2.500000e-04,10.23,14586.09
1519,9.474998e-03,4.538781e+01,3.625254e-04,2.621927e-04,2994880.236,1.375722e-02,4.280106e+01,5.815477e-04,7.323270e-04,2933651.172,2.500000e-04,11.33,14597.42
1520,9.149357e-03,4.558561e+01,3.501645e-04,2.178302e-04,2994875.119,8.743401e-03,4.667354e+01,2.838161e-04,2.475773e-04,3011007.172,2.500000e-04,10.86,14608.28
1521,1.037933e-02,4.635458e+01,4.378838e-04,2.730062e-04,2994098.193,1.374595e-02,4.895644e+01,7.431682e-04,2.837246e-04,3015859.367,2.500000e-04,11.17,14619.45
1522,9.186745e-03,4.587545e+01,3.504418e-04,2.189564e-04,2995170.801,1.187054e-02,4.469927e+01,5.520129e-04,3.760967e-04,2990607.719,2.500000e-04,10.98,14630.46
1523,9.351440e-03,4.547910e+01,3.529994e-04,2.547071e-04,2994751.572,1.164227e-02,4.902765e+01,5.770225e-04,1.938558e-04,2999468.867,2.500000e-04,11.20,14641.66
1524,9.637757e-03,4.583659e+01,3.787465e-04,2.533266e-04,2995212.512,7.551215e-03,4.647492e+01,2.261627e-04,1.284192e-04,3001563.898,2.500000e-04,11.57,14653.23
1525,8.899369e-03,4.559628e+01,3.151381e-04,2.376719e-04,2995362.156,9.255356e-03,4.543317e+01,2.238222e-04,4.947634e-04,2967494.914,2.500000e-04,10.86,14664.09
1526,1.011734e-02,4.505384e+01,4.267319e-04,2.689276e-04,2994792.125,9.732773e-03,4.600561e+01,3.635031e-04,2.994362e-04,2993693.430,2.500000e-04,10.20,14674.29
1527,9.280796e-03,4.476324e+01,3.355217e-04,2.898511e-04,2994078.889,1.760676e-02,4.548146e+01,1.145525e-03,3.206733e-04,3002356.781,2.500000e-04,10.99,14685.28
1528,9.841156e-03,4.613687e+01,3.930726e-04,2.593487e-04,2995789.639,1.018386e-02,4.661656e+01,4.538542e-04,1.967314e-04,2989283.742,2.500000e-04,10.44,14695.72
1529,9.271668e-03,4.585468e+01,3.569805e-04,2.232791e-04,2994930.129,1.108052e-02,4.752443e+01,4.688246e-04,3.279654e-04,3000214.805,2.500000e-04,10.69,14706.41
1530,8.718858e-03,4.576157e+01,3.177745e-04,1.929913e-04,2994617.029,9.340554e-03,4.631884e+01,3.734036e-04,1.949268e-04,2991768.281,2.500000e-04,10.70,14717.11
1531,9.468197e-03,4.585479e+01,3.602888e-04,2.559659e-04,2995603.469,9.526597e-03,4.637258e+01,3.236130e-04,3.306419e-04,3020968.133,2.500000e-04,10.80,14727.91
1532,1.033332e-02,4.546775e+01,4.406232e-04,2.760616e-04,2993968.871,7.493156e-03,4.677824e+01,1.874457e-04,1.881750e-04,3010778.328,2.500000e-04,10.48,14738.39
1533,8.765552e-03,4.513588e+01,3.135007e-04,2.233914e-04,2995442.373,7.236829e-03,4.569125e+01,1.878813e-04,1.577780e-04,3006167.133,2.500000e-04,11.33,14749.72
1534,8.882503e-03,4.529590e+01,3.204348e-04,2.297129e-04,2994982.918,9.938543e-03,4.604829e+01,4.074803e-04,2.517822e-04,3002972.453,2.500000e-04,10.53,14760.26
1535,9.867357e-03,4.573292e+01,4.006841e-04,2.574447e-04,2995401.211,9.443814e-03,4.630962e+01,3.433762e-04,2.758181e-04,2970655.383,2.500000e-04,10.54,14770.79
1536,1.027221e-02,4.644098e+01,4.308270e-04,2.639680e-04,2994951.711,1.244908e-02,4.497816e+01,5.558294e-04,4.785942e-04,2975578.320,2.500000e-04,10.44,14781.23
1537,9.592008e-03,4.576467e+01,3.564919e-04,2.901243e-04,2994832.475,8.773379e-03,4.509190e+01,2.733583e-04,3.061212e-04,2959580.539,2.500000e-04,10.88,14792.11
1538,8.715218e-03,4.533606e+01,3.230536e-04,1.902152e-04,2994858.117,6.699973e-03,4.408617e+01,1.700160e-04,1.182392e-04,2987865.594,2.500000e-04,10.71,14802.82
1539,9.306197e-03,4.505335e+01,3.535411e-04,2.530901e-04,2994801.551,6.745204e-03,4.556887e+01,1.500732e-04,1.375169e-04,3009382.945,2.500000e-04,10.66,14813.49
1540,9.882377e-03,4.528148e+01,4.204093e-04,2.300271e-04,2994924.518,9.464784e-03,4.445021e+01,3.395106e-04,3.249315e-04,2965135.859,2.500000e-04,10.93,14824.42
1541,9.934615e-03,4.588170e+01,4.098635e-04,2.495620e-04,2994583.059,9.390985e-03,4.691439e+01,3.450158e-04,2.498777e-04,3034360.305,2.500000e-04,11.27,14835.69
1542,1.001674e-02,4.540378e+01,4.048092e-04,2.856545e-04,2995235.809,8.767866e-03,4.319232e+01,2.400319e-04,4.096630e-04,2961670.055,2.500000e-04,11.37,14847.06
1543,9.351688e-03,4.553624e+01,3.600762e-04,2.394604e-04,2994024.865,8.765723e-03,4.550216e+01,3.631637e-04,1.167739e-04,2990383.453,2.500000e-04,12.46,14859.52
1544,9.038822e-03,4.571926e+01,3.147944e-04,2.637902e-04,2995333.941,1.371080e-02,4.835045e+01,6.591965e-04,4.567577e-04,3031997.648,2.500000e-04,9.67,14869.19
1545,9.347782e-03,4.590380e+01,3.782726e-04,1.949353e-04,2995520.520,9.042442e-03,4.638397e+01,2.954402e-04,2.899286e-04,2975249.891,2.500000e-04,9.25,14878.44
1546,9.434493e-03,4.558925e+01,3.605536e-04,2.540064e-04,2995586.822,2.972103e-02,4.253279e+01,1.877782e-03,1.337986e-03,2918097.828,2.500000e-04,9.69,14888.13
1547,9.903653e-03,4.597507e+01,4.059571e-04,2.493150e-04,2994496.850,8.421063e-03,4.740792e+01,2.918098e-04,1.524346e-04,2996474.594,2.500000e-04,9.52,14897.65
1548,8.560323e-03,4.483864e+01,2.990167e-04,2.172583e-04,2995026.725,9.870121e-03,4.391206e+01,4.152022e-04,2.653786e-04,2974551.086,2.500000e-04,9.96,14907.61
1549,9.523829e-03,4.547811e+01,3.884277e-04,2.183480e-04,2994992.242,8.745891e-03,4.479369e+01,3.109141e-04,2.314761e-04,3003833.797,2.500000e-04,10.14,14917.75
1550,9.661500e-03,4.536208e+01,3.682873e-04,2.884837e-04,2995972.451,1.271658e-02,4.819193e+01,4.991730e-04,5.811316e-04,2964255.508,2.500000e-04,10.07,14927.82
1551,9.973913e-03,4.581105e+01,3.842332e-04,3.100953e-04,2994092.451,8.741566e-03,4.774162e+01,2.514872e-04,2.905064e-04,2980874.688,2.500000e-04,9.92,14937.74
1552,1.005639e-02,4.624918e+01,4.302280e-04,2.258392e-04,2993589.379,1.253782e-02,5.147967e+01,3.463861e-04,7.851988e-04,3064319.867,2.500000e-04,9.35,14947.08
1553,9.961426e-03,4.588321e+01,4.143286e-04,2.459640e-04,2995189.912,7.913442e-03,4.631795e+01,2.807042e-04,9.492122e-05,3004105.273,2.500000e-04,9.43,14956.52
1554,1.049423e-02,4.643905e+01,4.345941e-04,3.008769e-04,2994909.338,8.796126e-03,4.547719e+01,3.205849e-04,2.085117e-04,2977247.953,2.500000e-04,9.95,14966.47
1555,8.851838e-03,4.566933e+01,3.172085e-04,2.225639e-04,2994942.277,7.350103e-03,4.429527e+01,2.016270e-04,1.808611e-04,2978804.773,2.500000e-04,9.24,14975.71
1556,9.209954e-03,4.500693e+01,3.448417e-04,2.521688e-04,2994828.553,1.172487e-02,4.529769e+01,6.239334e-04,1.911532e-04,2980654.422,2.500000e-04,9.68,14985.39
1557,9.797176e-03,4.529569e+01,3.878290e-04,2.778633e-04,2995016.645,8.902514e-03,4.500164e+01,2.612039e-04,3.580622e-04,2962994.570,2.500000e-04,9.74,14995.13
1558,8.860044e-03,4.516824e+01,3.285777e-04,2.114885e-04,2994530.748,1.054141e-02,4.676489e+01,4.837321e-04,2.055194e-04,3019286.609,2.500000e-04,9.70,15004.82
1559,9.626420e-03,4.532319e+01,3.954559e-04,2.279084e-04,2995374.951,9.747696e-03,4.526539e+01,4.551828e-04,1.338658e-04,2985237.477,2.500000e-04,9.97,15014.79
1560,9.247343e-03,4.516926e+01,3.531427e-04,2.397981e-04,2994383.807,1.026107e-02,4.843565e+01,3.698612e-04,3.437782e-04,3048656.789,2.500000e-04,9.42,15024.22
1561,9.709066e-03,4.600676e+01,3.945414e-04,2.325951e-04,2994904.650,1.007269e-02,4.574634e+01,4.520051e-04,1.956020e-04,2984083.789,2.500000e-04,9.20,15033.43
1562,9.232842e-03,4.554897e+01,3.502372e-04,2.351147e-04,2995231.908,9.233055e-03,4.661653e+01,3.160495e-04,2.821813e-04,2976836.891,2.500000e-04,9.36,15042.79
1563,1.109495e-02,4.595914e+01,4.900907e-04,3.196260e-04,2994109.820,9.277962e-03,4.711915e+01,3.704391e-04,1.723312e-04,2994529.430,2.500000e-04,9.64,15052.43
1564,9.738235e-03,4.576919e+01,3.931995e-04,2.458642e-04,2994578.410,1.573640e-02,4.726667e+01,1.022486e-03,1.569757e-04,3000683.359,2.500000e-04,9.69,15062.12
1565,8.991173e-03,4.516852e+01,3.296516e-04,2.355610e-04,2995404.135,1.495296e-02,4.841289e+01,9.271303e-04,1.680728e-04,3007227.547,2.500000e-04,9.93,15072.05
1566,9.651018e-03,4.530804e+01,4.000242e-04,2.239945e-04,2994655.166,8.028996e-03,4.680963e+01,2.185313e-04,2.325441e-04,2971164.344,2.500000e-04,9.86,15081.91
1567,8.427005e-03,4.532385e+01,2.940486e-04,1.908267e-04,2995536.893,9.133946e-03,4.582883e+01,3.486918e-04,2.128291e-04,2996739.930,2.500000e-04,10.31,15092.22
1568,9.261369e-03,4.512375e+01,3.396768e-04,2.704452e-04,2995448.768,8.691858e-03,4.417211e+01,3.569261e-04,1.410771e-04,2986996.680,2.500000e-04,10.41,15102.62
1569,9.946833e-03,4.531458e+01,3.944646e-04,2.941458e-04,2993868.535,8.298508e-03,4.550995e+01,3.063688e-04,1.367651e-04,2998175.570,2.500000e-04,9.48,15112.11
1570,9.485007e-03,4.510540e+01,3.503026e-04,2.942882e-04,2995259.166,9.578465e-03,4.491549e+01,3.549282e-04,3.075268e-04,2999900.914,2.500000e-04,9.65,15121.76
1571,8.866661e-03,4.498992e+01,3.417442e-04,1.900453e-04,2995111.775,1.071243e-02,4.615611e+01,4.476149e-04,3.241335e-04,2991171.570,2.500000e-04,10.83,15132.59
1572,9.579261e-03,4.509456e+01,3.639045e-04,2.861519e-04,2994832.748,1.196612e-02,4.574967e+01,5.201069e-04,4.380163e-04,2974958.234,2.500000e-04,10.39,15142.97
1573,8.917190e-03,4.452299e+01,3.397715e-04,2.134353e-04,2995050.125,9.946232e-03,4.706107e+01,3.735434e-04,3.009381e-04,3024503.164,2.500000e-04,10.63,15153.61
1574,1.040599e-02,4.522576e+01,4.581081e-04,2.604675e-04,2994722.703,9.617498e-03,4.390266e+01,3.056546e-04,4.341372e-04,2960423.039,2.500000e-04,9.85,15163.47
1575,1.024722e-02,4.586432e+01,4.180475e-04,2.960623e-04,2994553.834,1.298737e-02,4.612399e+01,7.238272e-04,2.273395e-04,3014446.898,2.500000e-04,9.95,15173.41
1576,9.807827e-03,4.514832e+01,3.794071e-04,2.997850e-04,2994535.154,8.229153e-03,4.512522e+01,3.104583e-04,1.224096e-04,2995805.375,2.500000e-04,10.18,15183.59
1577,9.521774e-03,4.470145e+01,3.888005e-04,2.327250e-04,2994610.252,1.170131e-02,4.860053e+01,5.028083e-04,3.626354e-04,3040878.062,2.500000e-04,10.28,15193.87
1578,9.971790e-03,4.512896e+01,4.002246e-04,2.913295e-04,2995217.361,9.257864e-03,4.611269e+01,3.407423e-04,2.478345e-04,3010608.562,2.500000e-04,10.27,15204.14
1579,9.485755e-03,4.544479e+01,3.728248e-04,2.426055e-04,2995412.586,9.108471e-03,4.385238e+01,2.803616e-04,3.839235e-04,2975719.453,2.500000e-04,10.52,15214.65
1580,9.693781e-03,4.546653e+01,3.763956e-04,2.766345e-04,2995246.359,6.601873e-03,4.515999e+01,1.275084e-04,1.621580e-04,2983579.625,2.500000e-04,9.83,15224.48
1581,9.183550e-03,4.546426e+01,3.502058e-04,2.270132e-04,2995263.068,8.908730e-03,4.521778e+01,2.750643e-04,3.272621e-04,2972550.805,2.500000e-04,9.33,15233.82
1582,1.014683e-02,4.623573e+01,4.033051e-04,2.980408e-04,2994697.645,1.278008e-02,4.871025e+01,6.062403e-04,3.693308e-04,3030892.359,2.500000e-04,9.85,15243.66
1583,8.768825e-03,4.506719e+01,3.134046e-04,2.256119e-04,2994133.564,7.407362e-03,4.402026e+01,1.864928e-04,2.280816e-04,2975361.664,2.500000e-04,9.80,15253.47
1584,9.407516e-03,4.464965e+01,3.651455e-04,2.582194e-04,2995052.396,1.564976e-02,4.668084e+01,8.509327e-04,4.944703e-04,2992382.617,2.500000e-04,9.94,15263.41
1585,9.700545e-03,4.490590e+01,4.048969e-04,2.321974e-04,2995327.795,1.085654e-02,4.629595e+01,5.054360e-04,2.345168e-04,3008081.258,2.500000e-04,9.81,15273.22
1586,9.686055e-03,4.536573e+01,3.812992e-04,2.672980e-04,2994504.857,8.001016e-03,4.610098e+01,2.506155e-04,1.769527e-04,3003921.352,2.500000e-04,9.73,15282.95
1587,8.963970e-03,4.458651e+01,3.321434e-04,2.367772e-04,2995348.246,1.394402e-02,4.564847e+01,8.741007e-04,1.276334e-04,3008714.992,2.500000e-04,10.03,15292.99
1588,9.809969e-03,4.514829e+01,4.006050e-04,2.578178e-04,2995443.537,1.004482e-02,4.708593e+01,2.842712e-04,4.987024e-04,2958913.750,2.500000e-04,9.79,15302.78
1589,9.280594e-03,4.549414e+01,3.325679e-04,2.811001e-04,2994046.049,1.078181e-02,4.844026e+01,4.214331e-04,3.446912e-04,3044577.688,2.500000e-04,9.93,15312.71
1590,9.534969e-03,4.505088e+01,3.765498e-04,2.528766e-04,2994599.115,8.592957e-03,4.496898e+01,2.971586e-04,2.248946e-04,3016362.844,2.500000e-04,9.87,15322.58
1591,8.909473e-03,4.489093e+01,3.262567e-04,2.315628e-04,2996155.596,6.860992e-03,4.481106e+01,1.960935e-04,8.379001e-05,2998426.109,2.500000e-04,10.06,15332.65
1592,9.580673e-03,4.506449e+01,3.750849e-04,2.646750e-04,2994017.584,1.283724e-02,4.767863e+01,6.468975e-04,3.200812e-04,2993136.141,2.500000e-04,9.89,15342.54
1593,9.590949e-03,4.482705e+01,3.877529e-04,2.461431e-04,2996000.357,1.167248e-02,4.359187e+01,5.165799e-04,4.294992e-04,2973256.914,2.500000e-04,10.31,15352.85
1594,1.043110e-02,4.552561e+01,4.445177e-04,2.866734e-04,2994042.385,1.109033e-02,4.744302e+01,4.412099e-04,3.867865e-04,3049875.633,2.500000e-04,10.02,15362.87
1595,1.001441e-02,4.540745e+01,4.072981e-04,2.801369e-04,2995644.457,1.259491e-02,4.791809e+01,6.824375e-04,1.957451e-04,3017204.094,2.500000e-04,10.33,15373.21
1596,1.012373e-02,4.581493e+01,4.282255e-04,2.519968e-04,2994621.119,8.370354e-03,4.614147e+01,2.059229e-04,3.393955e-04,2995111.094,2.500000e-04,9.73,15382.94
1597,1.012063e-02,4.605295e+01,4.091145e-04,2.848384e-04,2993997.129,6.918293e-03,4.636431e+01,1.677405e-04,1.208913e-04,2996363.430,2.500000e-04,10.09,15393.03
1598,9.900741e-03,4.576333e+01,3.858017e-04,2.932781e-04,2995197.135,1.316286e-02,4.880981e+01,5.126717e-04,6.310319e-04,2967335.500,2.500000e-04,9.90,15402.93
1599,1.008385e-02,4.597469e+01,4.211224e-04,2.550308e-04,2994709.027,1.162748e-02,4.720813e+01,4.864330e-04,4.084666e-04,3019804.453,2.500000e-04,9.66,15412.59
1600,1.015194e-02,4.561532e+01,4.036944e-04,3.106935e-04,2994321.387,1.146344e-02,4.646746e+01,5.881984e-04,1.869416e-04,3010532.992,2.500000e-04,10.04,15422.63
1601,9.920960e-03,4.536799e+01,4.237374e-04,2.293573e-04,2993846.420,8.020999e-03,4.715117e+01,1.873172e-04,2.865420e-04,3003746.164,2.500000e-04,10.12,15432.75
1602,9.489908e-03,4.552140e+01,3.596962e-04,2.681614e-04,2995657.004,6.997992e-03,4.556541e+01,1.725576e-04,1.431751e-04,2998421.398,2.500000e-04,10.01,15442.76
1603,9.400038e-03,4.573412e+01,3.575177e-04,2.502898e-04,2995248.525,9.962867e-03,4.601059e+01,3.622916e-04,3.477784e-04,2998326.062,2.500000e-04,9.98,15452.74
1604,8.676954e-03,4.489325e+01,3.149687e-04,2.075885e-04,2994919.656,1.296119e-02,4.920642e+01,5.680961e-04,4.719167e-04,3041130.359,2.500000e-04,9.68,15462.42
1605,9.061080e-03,4.495075e+01,3.331659e-04,2.468693e-04,2995577.881,6.572159e-03,4.485442e+01,1.779919e-04,6.135965e-05,2995420.859,2.500000e-04,9.54,15471.96
1606,8.869571e-03,4.437869e+01,3.375570e-04,2.112264e-04,2994763.486,8.859121e-03,4.467625e+01,2.456835e-04,3.869323e-04,3029306.430,2.500000e-04,9.27,15481.23
1607,9.069568e-03,4.468852e+01,3.337654e-04,2.526123e-04,2995523.553,8.318041e-03,4.483250e+01,2.685438e-04,2.298707e-04,3019400.094,2.500000e-04,9.39,15490.62
1608,8.902647e-03,4.446987e+01,3.318715e-04,2.273890e-04,2995404.186,7.453799e-03,4.569412e+01,2.041219e-04,1.686337e-04,3014828.617,2.500000e-04,9.89,15500.52
1609,1.012981e-02,4.538857e+01,4.266887e-04,2.648125e-04,2994851.979,8.037064e-03,4.477688e+01,2.358353e-04,2.402046e-04,2995314.617,2.500000e-04,9.70,15510.22
1610,1.003182e-02,4.508898e+01,4.115222e-04,2.815407e-04,2994557.246,7.757216e-03,4.534441e+01,2.579201e-04,1.287148e-04,2994482.133,2.500000e-04,9.42,15519.64
1611,8.578502e-03,4.484939e+01,2.998574e-04,2.189978e-04,2995286.076,7.671983e-03,4.656005e+01,2.010505e-04,2.010944e-04,3004319.039,2.500000e-04,9.84,15529.48
1612,9.628540e-03,4.464542e+01,3.802876e-04,2.722243e-04,2995502.549,7.408797e-03,4.572339e+01,2.079166e-04,1.514583e-04,2995509.586,2.500000e-04,9.44,15538.92
1613,9.146339e-03,4.443679e+01,3.322321e-04,2.760678e-04,2994721.174,1.068130e-02,4.473280e+01,4.746433e-04,2.923176e-04,2967605.641,2.500000e-04,9.62,15548.55
1614,1.033583e-02,4.554603e+01,4.306000e-04,2.950455e-04,2994946.617,8.717537e-03,4.656669e+01,2.827487e-04,2.466761e-04,2994154.820,2.500000e-04,9.36,15557.91
1615,9.796488e-03,4.529164e+01,3.806621e-04,2.921407e-04,2994946.883,8.753148e-03,4.655208e+01,2.765176e-04,2.665529e-04,2983961.883,2.500000e-04,9.52,15567.43
1616,9.291534e-03,4.524738e+01,3.459360e-04,2.614872e-04,2994164.641,1.172133e-02,4.660605e+01,4.593870e-04,4.933719e-04,2973927.234,2.500000e-04,10.69,15578.12
1617,9.813101e-03,4.546189e+01,3.883671e-04,2.766481e-04,2995132.746,7.562301e-03,4.598465e+01,2.283413e-04,1.360846e-04,2987646.664,2.500000e-04,9.80,15587.92
1618,9.238083e-03,4.522242e+01,3.488864e-04,2.453955e-04,2996030.096,1.130389e-02,4.531847e+01,4.681804e-04,4.180478e-04,2951463.688,2.500000e-04,9.97,15597.89
1619,9.942175e-03,4.535305e+01,4.022471e-04,2.768798e-04,2993996.104,6.867537e-03,4.472059e+01,1.435669e-04,1.919619e-04,2979516.078,2.500000e-04,9.64,15607.53
1620,9.296642e-03,4.535796e+01,3.371947e-04,2.777798e-04,2994718.982,7.828023e-03,4.485013e+01,2.749030e-04,1.187959e-04,2998492.406,2.500000e-04,10.23,15617.76
1621,9.015177e-03,4.490976e+01,3.478417e-04,2.091568e-04,2995397.840,1.104954e-02,4.424898e+01,5.200975e-04,2.847336e-04,2984367.008,2.500000e-04,9.82,15627.58
1622,9.744675e-03,4.497340e+01,3.863616e-04,2.767439e-04,2994632.049,1.102287e-02,4.675988e+01,5.084098e-04,2.525568e-04,3012009.000,2.500000e-04,9.34,15636.92
1623,1.051125e-02,4.545552e+01,4.665892e-04,2.599619e-04,2995003.465,9.555787e-03,4.628892e+01,4.151066e-04,1.551657e-04,2991270.328,2.500000e-04,9.66,15646.59
1624,9.334984e-03,4.537063e+01,3.558941e-04,2.477961e-04,2994912.027,1.177809e-02,4.813354e+01,5.214495e-04,3.500484e-04,2970014.969,2.500000e-04,9.93,15656.52
1625,9.569966e-03,4.536203e+01,3.517570e-04,3.032386e-04,2994694.762,8.725447e-03,4.713340e+01,2.848220e-04,2.327777e-04,2981816.766,2.500000e-04,10.26,15666.81
1626,9.052060e-03,4.495291e+01,3.314079e-04,2.485379e-04,2994879.848,1.180765e-02,4.800864e+01,4.678956e-04,4.655660e-04,3000810.211,2.500000e-04,10.10,15676.90
1627,9.229896e-03,4.494211e+01,3.343395e-04,2.784580e-04,2995568.010,8.131023e-03,4.648901e+01,2.701928e-04,1.560388e-04,2993999.266,2.500000e-04,9.85,15686.75
1628,1.002937e-02,4.581825e+01,4.093181e-04,2.708721e-04,2994354.398,8.425455e-03,4.577984e+01,2.978705e-04,1.737530e-04,2990488.609,2.500000e-04,10.09,15696.85
1629,9.722563e-03,4.523681e+01,3.946186e-04,2.505392e-04,2994812.484,1.051392e-02,4.732871e+01,3.811028e-04,3.940035e-04,3038432.852,2.500000e-04,9.72,15706.57
1630,9.235202e-03,4.529721e+01,3.479696e-04,2.451569e-04,2994951.406,9.655365e-03,4.419085e+01,3.958129e-04,2.556302e-04,2961461.930,2.500000e-04,9.92,15716.49
1631,8.878834e-03,4.431877e+01,3.119840e-04,2.654235e-04,2994671.428,1.114594e-02,4.672762e+01,5.089060e-04,2.768240e-04,3037596.055,2.500000e-04,9.64,15726.13
1632,9.340720e-03,4.464457e+01,3.610084e-04,2.532358e-04,2995570.719,8.244557e-03,4.606677e+01,3.009271e-04,1.257219e-04,3008175.695,2.500000e-04,9.97,15736.10
1633,9.458176e-03,4.481120e+01,3.736583e-04,2.480946e-04,2994543.059,8.467816e-03,4.570407e+01,3.126826e-04,1.541166e-04,3020877.406,2.500000e-04,10.06,15746.16
1634,9.224758e-03,4.489122e+01,3.503923e-04,2.463425e-04,2994940.471,7.848470e-03,4.601003e+01,2.081310e-04,2.332316e-04,2971035.875,2.500000e-04,9.61,15755.78
1635,9.193336e-03,4.478527e+01,3.533840e-04,2.361938e-04,2995041.141,7.211888e-03,4.597165e+01,1.597068e-04,2.035310e-04,3018896.117,2.500000e-04,9.47,15765.25
1636,8.598531e-03,4.447459e+01,3.053153e-04,2.195838e-04,2995111.498,8.634815e-03,4.823284e+01,2.225661e-04,3.171740e-04,3035848.164,2.500000e-04,9.76,15775.01
1637,9.442742e-03,4.439292e+01,3.743187e-04,2.520525e-04,2995879.914,1.308764e-02,4.800731e+01,5.876700e-04,4.820422e-04,2962822.688,2.500000e-04,9.75,15784.76
1638,9.338385e-03,4.445424e+01,3.828177e-04,2.129568e-04,2994515.207,7.453951e-03,4.541361e+01,1.959779e-04,1.905624e-04,3017403.992,2.500000e-04,9.87,15794.63
1639,9.034164e-03,4.470393e+01,3.238690e-04,2.650163e-04,2994922.342,6.558419e-03,4.408652e+01,1.563319e-04,1.172896e-04,2984524.430,2.500000e-04,9.96,15804.59
1640,9.257708e-03,4.485241e+01,3.707432e-04,2.130071e-04,2995926.051,1.218198e-02,4.596594e+01,6.297168e-04,2.576439e-04,3006033.906,2.500000e-04,9.95,15814.54
1641,9.744312e-03,4.453143e+01,4.062095e-04,2.458148e-04,2994560.471,8.721772e-03,4.600440e+01,2.792855e-04,2.656954e-04,3035308.258,2.500000e-04,9.36,15823.90
1642,9.180882e-03,4.432987e+01,3.591773e-04,2.312244e-04,2995846.404,1.355917e-02,4.517178e+01,6.863953e-04,4.356087e-04,2949241.195,2.500000e-04,9.55,15833.45
1643,9.099665e-03,4.512809e+01,3.548375e-04,2.076962e-04,2995147.010,8.242854e-03,4.460853e+01,2.942301e-04,1.679399e-04,2981686.047,2.500000e-04,9.61,15843.07
1644,9.070166e-03,4.458721e+01,3.392727e-04,2.437437e-04,2994683.201,1.222995e-02,4.624454e+01,6.440598e-04,2.329805e-04,3026583.273,2.500000e-04,10.09,15853.16
1645,9.587867e-03,4.496636e+01,3.826873e-04,2.528717e-04,2995276.924,9.301242e-03,4.567441e+01,3.793306e-04,1.880989e-04,2993237.047,2.500000e-04,9.65,15862.81
1646,9.555147e-03,4.495551e+01,3.952091e-04,2.215010e-04,2995264.840,1.017152e-02,4.831199e+01,3.524693e-04,3.631265e-04,3037924.391,2.500000e-04,9.54,15872.35
1647,8.985205e-03,4.464611e+01,3.273824e-04,2.493540e-04,2994897.070,7.019511e-03,4.313853e+01,1.936323e-04,1.538672e-04,2989689.172,2.500000e-04,9.43,15881.78
1648,8.546421e-03,4.366061e+01,3.175789e-04,2.009143e-04,2995619.977,9.930589e-03,4.381215e+01,4.205608e-04,2.687533e-04,2993064.375,2.500000e-04,9.51,15891.29
1649,9.206918e-03,4.442191e+01,3.638640e-04,2.252176e-04,2994751.094,1.402334e-02,4.369100e+01,6.811652e-04,5.685175e-04,2947398.852,2.500000e-04,9.65,15900.94
1650,1.016571e-02,4.531245e+01,4.253509e-04,2.761922e-04,2994678.676,7.636990e-03,4.683787e+01,2.091641e-04,1.723123e-04,3022596.344,2.500000e-04,9.45,15910.41
1651,9.424991e-03,4.457215e+01,3.673615e-04,2.588322e-04,2995103.664,8.034859e-03,4.668006e+01,2.195584e-04,2.342538e-04,3027500.594,2.500000e-04,9.94,15920.35
1652,9.164113e-03,4.518292e+01,3.439159e-04,2.413324e-04,2995230.385,1.319163e-02,4.833620e+01,7.203278e-04,2.309455e-04,3021890.711,2.500000e-04,9.95,15930.30
1653,9.151579e-03,4.488190e+01,3.592627e-04,2.141524e-04,2995696.572,1.456841e-02,4.112663e+01,7.419398e-04,6.072700e-04,2943522.898,2.500000e-04,9.60,15939.91
1654,9.505766e-03,4.443655e+01,3.878303e-04,2.367617e-04,2994112.279,8.213728e-03,4.559664e+01,2.658552e-04,1.991026e-04,3022324.070,2.500000e-04,9.89,15949.79
1655,9.194483e-03,4.466817e+01,3.621124e-04,2.213084e-04,2995465.404,8.491701e-03,4.339893e+01,2.959596e-04,2.384423e-04,2967691.242,2.500000e-04,9.59,15959.39
1656,1.028410e-02,4.530116e+01,4.560304e-04,2.387366e-04,2994625.623,9.566322e-03,4.259011e+01,4.098891e-04,2.416840e-04,2962133.523,2.500000e-04,9.71,15969.10
1657,9.185881e-03,4.471706e+01,3.669086e-04,2.090179e-04,2995402.041,9.043768e-03,4.322103e+01,3.697075e-04,2.049181e-04,2978381.977,2.500000e-04,9.61,15978.71
1658,1.032970e-02,4.521206e+01,4.321849e-04,2.973297e-04,2993870.332,8.275545e-03,4.655791e+01,2.806293e-04,1.626921e-04,2998158.711,2.500000e-04,9.68,15988.38
1659,8.714072e-03,4.464863e+01,3.082525e-04,2.333368e-04,2995615.664,8.340787e-03,4.519320e+01,2.949309e-04,1.744318e-04,3005085.430,2.500000e-04,9.74,15998.12
1660,9.495602e-03,4.457652e+01,3.969727e-04,2.136447e-04,2994754.451,9.978385e-03,4.715495e+01,3.193724e-04,4.138333e-04,3033096.273,2.500000e-04,10.13,16008.25
1661,1.024162e-02,4.553748e+01,4.160784e-04,3.054184e-04,2994423.822,9.362215e-03,4.498116e+01,4.073504e-04,1.581191e-04,2976841.117,2.500000e-04,9.59,16017.85
1662,9.161960e-03,4.483867e+01,3.510321e-04,2.335543e-04,2995387.752,9.963872e-03,4.700007e+01,3.793879e-04,2.939971e-04,3038217.305,2.500000e-04,9.76,16027.61
1663,1.015221e-02,4.514987e+01,4.167938e-04,2.938576e-04,2995592.121,8.515250e-03,4.668952e+01,2.904938e-04,1.882721e-04,2990721.078,2.500000e-04,9.66,16037.27
1664,9.204116e-03,4.516222e+01,3.583404e-04,2.208981e-04,2994000.117,9.973484e-03,4.770054e+01,4.007404e-04,2.392052e-04,3026605.273,2.500000e-04,9.73,16047.00
1665,9.538999e-03,4.515715e+01,3.679967e-04,2.686635e-04,2995615.713,1.022217e-02,4.747188e+01,4.791733e-04,1.366499e-04,3024214.906,2.500000e-04,9.69,16056.70
1666,8.874553e-03,4.495368e+01,3.420693e-04,1.916983e-04,2996074.119,1.036282e-02,4.274257e+01,3.207413e-04,5.762304e-04,2945138.227,2.500000e-04,9.67,16066.38
1667,9.151067e-03,4.444784e+01,3.426406e-04,2.559754e-04,2994025.744,7.067635e-03,4.558798e+01,1.403480e-04,2.210714e-04,3021959.547,2.500000e-04,9.73,16076.11
1668,9.558925e-03,4.489522e+01,3.910200e-04,2.318406e-04,2994963.572,1.098121e-02,4.545584e+01,5.857508e-04,1.156243e-04,2990287.734,2.500000e-04,9.89,16086.00
1669,9.030268e-03,4.449194e+01,3.333244e-04,2.495660e-04,2994345.764,1.352032e-02,4.810522e+01,7.563609e-04,2.292370e-04,3011408.633,2.500000e-04,9.82,16095.82
1670,9.577098e-03,4.482408e+01,4.027893e-04,2.133594e-04,2994908.236,9.275748e-03,4.574895e+01,3.842771e-04,1.716166e-04,3017392.359,2.500000e-04,10.28,16106.10
1671,9.751494e-03,4.429537e+01,3.860320e-04,2.923275e-04,2995229.465,8.510179e-03,4.587151e+01,3.145983e-04,1.554092e-04,3020850.477,2.500000e-04,9.93,16116.03
1672,8.971499e-03,4.440092e+01,3.312077e-04,2.438661e-04,2995258.574,9.946941e-03,4.506589e+01,3.652037e-04,3.576630e-04,2997251.320,2.500000e-04,9.86,16125.88
1673,8.674807e-03,4.413117e+01,3.007614e-04,2.508153e-04,2995481.090,7.045884e-03,4.496651e+01,1.939035e-04,1.220396e-04,2991263.055,2.500000e-04,9.78,16135.67
1674,9.162343e-03,4.465754e+01,3.513557e-04,2.366065e-04,2994942.836,1.415601e-02,4.814382e+01,6.112827e-04,6.457597e-04,3063568.766,2.500000e-04,9.98,16145.64
1675,9.009647e-03,4.440162e+01,3.479448e-04,2.180074e-04,2995768.930,1.230931e-02,4.361780e+01,6.186905e-04,3.521245e-04,2965313.492,2.500000e-04,10.12,16155.76
1676,9.204128e-03,4.457953e+01,3.500824e-04,2.490702e-04,2995081.074,7.383048e-03,4.536648e+01,2.156260e-04,1.380280e-04,3008684.977,2.500000e-04,10.46,16166.22
1677,9.226934e-03,4.396956e+01,3.507261e-04,2.645435e-04,2995490.008,1.303903e-02,4.227777e+01,5.091579e-04,7.439347e-04,2931073.211,2.500000e-04,10.31,16176.53
1678,8.968480e-03,4.417928e+01,3.446719e-04,2.207666e-04,2995936.355,8.084532e-03,4.206056e+01,1.574901e-04,4.607150e-04,2943250.680,2.500000e-04,9.67,16186.20
1679,8.508230e-03,4.394254e+01,3.064683e-04,2.098587e-04,2994702.400,6.420289e-03,4.255210e+01,1.635342e-04,1.059474e-04,2991335.867,2.500000e-04,10.21,16196.41
1680,8.656254e-03,4.326950e+01,3.302185e-04,2.054237e-04,2995906.273,9.269166e-03,4.484501e+01,3.957843e-04,1.653644e-04,2987406.984,2.500000e-04,11.25,16207.66
1681,9.742719e-03,4.426186e+01,4.112893e-04,2.407281e-04,2994571.855,6.827548e-03,4.445585e+01,1.699447e-04,1.365031e-04,2989787.102,2.500000e-04,10.95,16218.62
1682,1.076374e-02,4.524797e+01,4.581773e-04,3.314339e-04,2994073.385,8.251626e-03,4.526471e+01,2.178606e-04,3.093098e-04,2992961.211,2.500000e-04,10.92,16229.54
1683,8.878892e-03,4.401336e+01,3.311971e-04,2.331170e-04,2995702.342,6.659294e-03,4.341204e+01,1.516545e-04,1.603091e-04,2989287.453,2.500000e-04,10.34,16239.88
1684,9.048612e-03,4.381529e+01,3.290298e-04,2.753571e-04,2994388.486,1.036931e-02,4.602331e+01,4.881024e-04,1.771914e-04,2998719.688,2.500000e-04,10.28,16250.16
1685,8.506901e-03,4.407250e+01,3.057810e-04,2.083682e-04,2995907.863,1.008054e-02,4.508293e+01,3.232326e-04,4.679850e-04,3046157.023,2.500000e-04,10.61,16260.77
1686,9.568826e-03,4.459121e+01,3.844786e-04,2.529838e-04,2994913.150,8.096560e-03,4.657445e+01,2.083063e-04,2.712103e-04,3030237.141,2.500000e-04,10.22,16270.99
1687,9.293086e-03,4.410160e+01,3.730060e-04,2.305730e-04,2995157.189,8.131836e-03,4.439874e+01,2.848655e-04,1.686614e-04,3008867.852,2.500000e-04,9.79,16280.78
1688,9.293968e-03,4.440326e+01,3.629050e-04,2.449185e-04,2995262.912,8.900394e-03,4.442150e+01,3.322952e-04,2.270583e-04,3003230.000,2.500000e-04,9.76,16290.55
1689,9.276200e-03,4.460908e+01,3.564800e-04,2.500985e-04,2994958.896,7.435441e-03,4.384172e+01,2.409138e-04,1.284263e-04,2991728.914,2.500000e-04,9.88,16300.43
1690,9.573167e-03,4.424872e+01,3.875097e-04,2.546395e-04,2994733.691,8.660810e-03,4.552231e+01,2.371749e-04,3.473662e-04,3048030.484,2.500000e-04,10.01,16310.44
1691,8.793830e-03,4.344628e+01,3.548543e-04,1.801318e-04,2995337.600,9.192344e-03,4.673045e+01,2.434652e-04,4.169295e-04,3035249.109,2.500000e-04,10.35,16320.80
1692,9.046483e-03,4.428296e+01,3.402857e-04,2.430661e-04,2995538.025,1.324258e-02,4.644114e+01,6.380040e-04,4.436850e-04,3002666.828,2.500000e-04,10.02,16330.81
1693,9.563330e-03,4.494565e+01,3.882994e-04,2.371544e-04,2994649.957,8.842766e-03,4.471420e+01,3.155550e-04,2.431592e-04,2974914.828,2.500000e-04,10.10,16340.91
1694,9.089188e-03,4.469267e+01,3.425895e-04,2.388053e-04,2995411.699,8.161153e-03,4.412719e+01,2.892717e-04,1.711433e-04,2996739.438,2.500000e-04,10.21,16351.12
1695,9.642721e-03,4.398706e+01,4.022133e-04,2.443764e-04,2995115.430,1.224590e-02,4.548318e+01,6.573813e-04,2.247534e-04,2993838.266,2.500000e-04,9.89,16361.01
1696,8.712757e-03,4.420938e+01,3.138069e-04,2.307500e-04,2994396.236,7.958538e-03,4.493732e+01,2.586043e-04,1.757527e-04,3017490.750,2.500000e-04,10.05,16371.06
1697,8.666332e-03,4.397250e+01,3.065272e-04,2.407622e-04,2995604.689,1.087636e-02,4.611958e+01,5.487377e-04,1.554052e-04,3021837.406,2.500000e-04,9.95,16381.01
1698,9.863152e-03,4.496393e+01,4.106325e-04,2.520866e-04,2994794.598,1.276113e-02,4.715839e+01,5.246421e-04,5.597744e-04,3039317.070,2.500000e-04,9.85,16390.86
1699,8.425699e-03,4.450592e+01,3.001233e-04,1.947748e-04,2995373.100,8.556814e-03,4.469069e+01,2.966763e-04,2.241963e-04,3025674.039,2.500000e-04,9.63,16400.49
1700,9.563176e-03,4.407096e+01,3.860814e-04,2.590533e-04,2994709.047,7.977279e-03,4.462989e+01,2.337629e-04,2.353322e-04,2973728.969,2.500000e-04,9.61,16410.10
1701,9.563357e-03,4.402167e+01,3.842300e-04,2.637781e-04,2994808.867,7.831349e-03,4.366265e+01,2.752012e-04,1.426144e-04,3009439.352,2.500000e-04,9.80,16419.91
1702,9.679634e-03,4.416159e+01,4.004733e-04,2.517482e-04,2995536.857,7.232446e-03,4.255029e+01,1.598930e-04,2.756976e-04,2988501.109,2.500000e-04,9.75,16429.65
1703,9.140290e-03,4.433045e+01,3.404463e-04,2.605564e-04,2994850.133,6.719549e-03,4.451640e+01,1.716998e-04,1.101821e-04,3000420.578,2.500000e-04,9.54,16439.19
1704,8.486573e-03,4.409066e+01,2.953496e-04,2.248023e-04,2995475.977,8.377851e-03,4.351310e+01,3.005908e-04,2.041269e-04,2990494.609,2.500000e-04,10.00,16449.19
1705,9.354609e-03,4.420665e+01,3.506143e-04,2.855601e-04,2994416.830,8.190851e-03,4.584019e+01,2.016486e-04,3.180693e-04,3039362.508,2.500000e-04,10.21,16459.40
1706,9.351936e-03,4.467723e+01,3.735552e-04,2.297322e-04,2995836.285,7.573369e-03,4.540308e+01,2.317492e-04,1.431137e-04,3007055.047,2.500000e-04,10.82,16470.22
1707,9.714545e-03,4.455769e+01,3.976518e-04,2.564516e-04,2994708.607,1.178500e-02,4.352681e+01,4.789749e-04,5.285140e-04,2942367.281,2.500000e-04,10.77,16480.99
1708,9.455250e-03,4.460709e+01,3.516501e-04,2.956080e-04,2994201.279,1.231373e-02,4.697418e+01,6.163096e-04,2.906430e-04,3009751.094,2.500000e-04,9.56,16490.56
1709,9.934096e-03,4.494591e+01,3.895402e-04,3.088208e-04,2993980.045,8.165539e-03,4.394631e+01,2.672102e-04,2.197611e-04,2980659.445,2.500000e-04,9.37,16499.93
1710,9.463130e-03,4.525647e+01,3.546062e-04,2.782843e-04,2995951.471,7.497932e-03,4.592717e+01,2.170944e-04,1.468544e-04,2992878.492,2.500000e-04,9.98,16509.91
1711,1.034440e-02,4.548105e+01,4.115386e-04,3.361814e-04,2993758.564,7.765549e-03,4.601861e+01,2.043962e-04,2.239453e-04,3020755.875,2.500000e-04,9.70,16519.61
1712,9.487715e-03,4.508925e+01,3.781046e-04,2.395486e-04,2995085.684,8.145088e-03,4.640471e+01,2.442934e-04,2.123366e-04,3000436.258,2.500000e-04,9.32,16528.92
1713,8.859226e-03,4.445368e+01,3.219611e-04,2.388495e-04,2995774.811,7.674450e-03,4.502952e+01,2.355439e-04,1.632119e-04,3000212.477,2.500000e-04,9.26,16538.18
1714,1.038382e-02,4.494104e+01,4.455764e-04,2.867896e-04,2994858.605,9.108029e-03,4.543552e+01,2.823030e-04,3.482894e-04,3032064.352,2.500000e-04,9.37,16547.56
1715,1.039247e-02,4.587327e+01,4.100080e-04,3.410128e-04,2994050.506,7.175233e-03,4.621549e+01,1.894567e-04,1.318233e-04,2981533.266,2.500000e-04,9.68,16557.24
1716,8.859265e-03,4.525790e+01,3.165985e-04,2.334981e-04,2994427.336,7.898935e-03,4.558765e+01,2.674097e-04,1.332145e-04,3011729.961,2.500000e-04,10.24,16567.48
1717,9.229319e-03,4.429889e+01,3.632831e-04,2.333198e-04,2995395.572,9.432113e-03,4.637372e+01,3.993238e-04,1.603004e-04,3000551.125,2.500000e-04,9.89,16577.37
1718,9.363463e-03,4.461061e+01,3.588083e-04,2.628638e-04,2994950.680,1.022452e-02,4.539734e+01,4.053558e-04,3.262451e-04,2994690.438,2.500000e-04,9.74,16587.12
1719,9.743787e-03,4.529948e+01,3.769185e-04,2.889309e-04,2995062.393,9.034164e-03,4.449821e+01,3.468162e-04,2.232362e-04,3013854.023,2.500000e-04,10.56,16597.68
1720,9.773079e-03,4.499018e+01,4.143588e-04,2.260947e-04,2994992.105,9.147179e-03,4.594290e+01,2.917782e-04,3.270214e-04,2973766.734,2.500000e-04,10.13,16607.81
1721,9.742094e-03,4.535096e+01,3.721320e-04,2.971357e-04,2994659.164,1.049886e-02,4.711363e+01,4.572005e-04,2.430988e-04,3030687.086,2.500000e-04,9.39,16617.21
1722,8.624550e-03,4.434163e+01,3.107886e-04,2.165002e-04,2994962.395,1.013744e-02,4.551701e+01,3.857432e-04,3.456617e-04,3031544.641,2.500000e-04,9.58,16626.78
1723,9.736295e-03,4.446265e+01,3.936548e-04,2.706966e-04,2995277.168,9.733168e-03,4.367799e+01,3.260045e-04,4.210649e-04,2948978.688,2.500000e-04,10.44,16637.24
1724,9.130597e-03,4.444040e+01,3.432947e-04,2.507221e-04,2994871.213,7.688840e-03,4.544897e+01,2.370044e-04,1.547798e-04,3001367.758,2.500000e-04,9.68,16646.92
1725,9.335629e-03,4.428746e+01,3.695477e-04,2.422813e-04,2995514.627,8.107755e-03,4.450816e+01,2.168338e-04,2.977203e-04,2962081.195,2.500000e-04,10.24,16657.15
1726,9.948417e-03,4.500351e+01,4.127339e-04,2.641455e-04,2995628.568,3.178832e-02,4.210747e+01,1.543317e-03,2.428882e-03,2865258.305,2.500000e-04,10.36,16667.52
1727,9.958461e-03,4.545702e+01,3.742777e-04,3.339963e-04,2993090.963,8.564211e-03,4.455106e+01,3.615780e-04,9.866497e-05,3010697.406,2.500000e-04,9.48,16677.00
1728,9.492178e-03,4.477611e+01,3.846585e-04,2.335965e-04,2995010.766,9.262733e-03,4.482581e+01,3.577678e-04,2.404949e-04,2977893.945,2.500000e-04,10.51,16687.51
1729,9.157847e-03,4.448086e+01,3.672989e-04,2.073544e-04,2995391.244,1.024796e-02,4.680284e+01,4.894035e-04,1.347286e-04,3010528.125,2.500000e-04,10.69,16698.20
1730,9.603682e-03,4.497439e+01,3.740562e-04,2.731360e-04,2995130.439,1.234442e-02,4.438236e+01,5.929557e-04,3.953248e-04,2954750.906,2.500000e-04,10.13,16708.33
1731,9.215875e-03,4.465718e+01,3.700972e-04,2.098371e-04,2994478.980,1.191158e-02,4.568089e+01,5.644592e-04,3.397802e-04,2973583.344,2.500000e-04,9.85,16718.19
1732,9.073433e-03,4.481887e+01,3.229251e-04,2.724590e-04,2995463.523,1.060833e-02,4.552878e+01,4.890817e-04,2.329261e-04,3020790.094,2.500000e-04,10.29,16728.48
1733,1.037163e-02,4.538724e+01,4.495002e-04,2.675804e-04,2994407.363,8.787531e-03,4.360783e+01,2.453016e-04,3.947464e-04,2957840.234,2.500000e-04,10.15,16738.63
1734,9.900990e-03,4.460297e+01,4.043223e-04,2.794940e-04,2994763.219,1.473156e-02,4.755799e+01,8.890831e-04,2.169856e-04,3006124.328,2.500000e-04,10.15,16748.78
1735,9.302594e-03,4.474231e+01,3.629091e-04,2.398543e-04,2995271.309,9.088447e-03,4.417490e+01,3.152085e-04,3.037745e-04,2984516.609,2.500000e-04,10.11,16758.90
1736,8.998834e-03,4.422766e+01,3.429771e-04,2.292594e-04,2994762.225,1.474212e-02,4.273180e+01,7.133378e-04,6.671129e-04,2942054.547,2.500000e-04,10.52,16769.43
1737,9.195401e-03,4.467931e+01,3.616653e-04,2.221633e-04,2994907.740,9.185598e-03,4.631144e+01,4.126774e-04,8.553598e-05,2993457.508,2.500000e-04,10.34,16779.77
1738,9.594973e-03,4.477360e+01,3.710999e-04,2.813229e-04,2995333.689,8.539696e-03,4.472200e+01,3.101817e-04,1.931359e-04,2989979.758,2.500000e-04,10.64,16790.42
1739,9.212303e-03,4.415350e+01,3.479927e-04,2.634052e-04,2994580.553,9.209314e-03,4.583057e+01,3.700901e-04,1.850712e-04,3006780.680,2.500000e-04,11.46,16801.88
1740,8.593238e-03,4.409791e+01,3.258209e-04,1.850478e-04,2994730.750,1.187290e-02,4.777059e+01,5.531317e-04,3.129054e-04,3031729.383,2.500000e-04,9.94,16811.82
1741,9.475817e-03,4.540017e+01,3.756375e-04,2.358850e-04,2995755.699,7.420974e-03,4.531457e+01,1.767287e-04,2.244460e-04,3030266.141,2.500000e-04,11.12,16822.95
1742,9.163689e-03,4.411539e+01,3.578766e-04,2.346769e-04,2995285.125,1.406853e-02,4.337821e+01,7.855238e-04,3.750935e-04,2996794.000,2.500000e-04,10.24,16833.19
1743,9.655427e-03,4.431414e+01,3.827062e-04,2.793901e-04,2994479.191,7.912032e-03,4.574136e+01,2.576114e-04,1.523564e-04,3023534.914,2.500000e-04,9.98,16843.17
1744,9.376395e-03,4.469623e+01,3.558241e-04,2.697060e-04,2995127.420,7.086632e-03,4.426617e+01,1.790910e-04,1.738210e-04,3023782.242,2.500000e-04,9.99,16853.16
1745,9.462484e-03,4.370673e+01,3.757182e-04,2.669257e-04,2994941.617,1.798724e-02,4.807649e+01,1.104378e-03,4.271617e-04,3042077.133,2.500000e-04,10.25,16863.41
1746,9.830612e-03,4.442958e+01,3.904340e-04,2.966629e-04,2994840.895,1.712342e-02,4.977847e+01,9.241706e-04,5.807728e-04,3036327.570,2.500000e-04,10.44,16873.85
1747,9.786437e-03,4.504497e+01,3.986477e-04,2.590926e-04,2994772.244,9.567831e-03,4.536626e+01,2.188084e-04,5.686241e-04,3049094.250,2.500000e-04,10.86,16884.71
1748,9.412200e-03,4.399350e+01,3.672455e-04,2.680791e-04,2995896.182,8.475517e-03,4.489055e+01,2.914978e-04,2.142968e-04,2993214.195,2.500000e-04,10.33,16895.04
1749,9.104693e-03,4.448509e+01,3.377305e-04,2.557761e-04,2994988.414,6.173375e-03,4.306142e+01,1.065590e-04,1.603286e-04,2984946.664,2.500000e-04,10.97,16906.02
1750,9.752049e-03,4.464569e+01,3.815398e-04,2.944164e-04,2994877.340,9.452519e-03,4.441363e+01,4.250469e-04,1.521375e-04,2982786.195,2.500000e-04,10.80,16916.82
1751,1.017868e-02,4.464600e+01,4.313687e-04,2.800788e-04,2994938.867,9.536553e-03,4.697335e+01,4.274040e-04,1.130357e-04,3004647.242,2.500000e-04,11.19,16928.00
1752,9.080741e-03,4.472994e+01,3.297018e-04,2.621460e-04,2994812.408,7.967536e-03,4.389491e+01,2.712380e-04,1.731331e-04,2974617.703,2.500000e-04,11.17,16939.17
1753,9.287006e-03,4.480684e+01,3.616809e-04,2.379026e-04,2994639.170,1.007647e-02,4.632637e+01,4.448056e-04,1.991546e-04,2996388.789,2.500000e-04,10.32,16949.49
1754,9.116509e-03,4.477193e+01,3.665895e-04,1.946842e-04,2995283.619,8.661327e-03,4.621493e+01,1.752882e-04,4.573903e-04,3057569.148,2.500000e-04,11.52,16961.01
1755,8.809732e-03,4.372822e+01,3.350819e-04,2.172182e-04,2995637.318,9.290323e-03,4.501231e+01,3.333842e-04,2.910500e-04,3035523.508,2.500000e-04,10.90,16971.91
1756,8.321861e-03,4.392004e+01,2.929838e-04,2.000039e-04,2995387.227,8.200815e-03,4.346299e+01,2.554163e-04,2.600706e-04,3012712.211,2.500000e-04,10.89,16982.80
1757,9.000982e-03,4.372929e+01,3.390576e-04,2.474955e-04,2995857.553,1.393901e-02,4.535985e+01,7.635047e-04,3.535949e-04,2971939.727,2.500000e-04,10.43,16993.23
1758,9.064625e-03,4.393990e+01,3.430910e-04,2.479450e-04,2994109.789,1.078842e-02,4.585179e+01,4.965413e-04,2.475660e-04,3030286.484,2.500000e-04,10.29,17003.54
1759,8.653957e-03,4.440497e+01,3.165516e-04,2.095888e-04,2995716.822,1.185017e-02,4.285373e+01,5.150582e-04,4.828425e-04,2954317.203,2.500000e-04,10.77,17014.32
1760,9.371554e-03,4.411425e+01,3.777615e-04,2.365029e-04,2994670.871,1.043631e-02,4.426224e+01,5.461256e-04,1.097663e-04,2993338.328,2.500000e-04,10.16,17024.48
1761,9.661962e-03,4.463086e+01,3.736103e-04,2.925546e-04,2995160.275,8.639210e-03,4.283925e+01,3.091003e-04,2.528563e-04,2983639.445,2.500000e-04,10.51,17035.00
1762,9.092384e-03,4.442917e+01,3.487195e-04,2.324543e-04,2995171.158,8.579339e-03,4.390485e+01,2.968720e-04,2.440267e-04,2973282.992,2.500000e-04,10.49,17045.49
1763,9.053780e-03,4.497296e+01,3.205051e-04,2.702867e-04,2995082.244,8.528340e-03,4.430706e+01,3.763372e-04,6.685237e-05,2998855.250,2.500000e-04,10.43,17055.93
1764,9.349692e-03,4.443255e+01,3.653313e-04,2.506250e-04,2994861.924,8.718375e-03,4.623434e+01,2.436142e-04,3.317599e-04,2994477.758,2.500000e-04,11.08,17067.02
1765,9.669352e-03,4.490133e+01,3.772754e-04,2.812930e-04,2995212.457,1.410580e-02,4.528664e+01,8.225451e-04,2.703377e-04,2979170.328,2.500000e-04,11.00,17078.02
1766,9.237321e-03,4.519632e+01,3.453824e-04,2.527730e-04,2994339.455,1.013656e-02,4.605994e+01,3.825641e-04,3.409855e-04,3046805.773,2.500000e-04,11.24,17089.27
1767,8.830679e-03,4.454705e+01,3.265304e-04,2.221341e-04,2995292.930,1.143006e-02,4.770001e+01,2.994798e-04,7.330520e-04,3057579.133,2.500000e-04,10.48,17099.76
1768,9.618342e-03,4.473677e+01,3.920727e-04,2.447878e-04,2995963.471,1.139699e-02,4.188086e+01,3.639232e-04,7.139336e-04,2934183.438,2.500000e-04,10.37,17110.14
1769,9.345624e-03,4.429600e+01,3.504917e-04,2.822214e-04,2994921.234,1.355825e-02,4.383337e+01,5.474762e-04,7.400310e-04,2929997.203,2.500000e-04,10.24,17120.37
1770,9.621594e-03,4.466710e+01,3.873571e-04,2.562625e-04,2994580.459,1.107346e-02,4.345345e+01,6.040256e-04,1.375720e-04,2976509.328,2.500000e-04,11.35,17131.72
1771,9.050673e-03,4.431501e+01,3.454703e-04,2.328937e-04,2994602.408,6.887569e-03,4.448527e+01,1.845512e-04,1.187059e-04,3000697.719,2.500000e-04,11.03,17142.75
1772,8.879768e-03,4.389494e+01,3.392487e-04,2.195575e-04,2995708.279,1.175847e-02,4.458824e+01,5.624795e-04,3.349704e-04,2966240.180,2.500000e-04,10.81,17153.56
1773,8.945980e-03,4.345004e+01,3.437964e-04,2.326025e-04,2995594.859,1.306994e-02,4.260026e+01,6.704274e-04,4.211284e-04,2960176.531,2.500000e-04,10.51,17164.08
1774,9.112797e-03,4.411878e+01,3.365155e-04,2.671527e-04,2994300.711,9.875705e-03,4.402360e+01,4.755739e-04,1.435212e-04,2987973.273,2.500000e-04,10.54,17174.62
1775,8.897970e-03,4.415120e+01,3.338070e-04,2.289561e-04,2995176.512,8.296931e-03,4.385718e+01,2.708005e-04,2.406417e-04,2973677.703,2.500000e-04,10.95,17185.56
1776,9.856600e-03,4.488640e+01,3.951389e-04,2.833142e-04,2994926.104,9.922146e-03,4.313121e+01,4.277067e-04,2.663915e-04,2974116.969,2.500000e-04,11.26,17196.82
1777,8.934383e-03,4.354670e+01,3.283825e-04,2.591778e-04,2994879.426,1.214464e-02,4.409637e+01,5.870809e-04,3.728385e-04,2980100.023,2.500000e-04,10.20,17207.02
1778,1.003768e-02,4.475966e+01,3.958405e-04,3.206615e-04,2994438.865,1.031692e-02,4.542765e+01,4.347475e-04,2.853357e-04,3036649.023,2.500000e-04,11.03,17218.05
1779,9.751692e-03,4.542488e+01,4.002072e-04,2.414263e-04,2995327.029,9.620616e-03,4.483518e+01,3.765241e-04,2.743713e-04,3007356.273,2.500000e-04,10.03,17228.08
1780,9.491589e-03,4.402267e+01,3.787802e-04,2.603041e-04,2995508.582,1.024065e-02,4.229552e+01,2.742359e-04,6.537473e-04,2938200.977,2.500000e-04,10.28,17238.36
1781,9.565947e-03,4.449807e+01,3.728509e-04,2.775264e-04,2994296.930,7.660039e-03,4.265421e+01,2.213754e-04,2.361728e-04,2970904.000,2.500000e-04,10.66,17249.02
1782,9.118234e-03,4.438905e+01,3.466152e-04,2.426354e-04,2994970.201,1.232084e-02,4.852848e+01,5.262152e-04,4.411685e-04,3028128.461,2.500000e-04,10.45,17259.48
1783,8.809407e-03,4.385035e+01,3.161090e-04,2.526564e-04,2995206.088,9.076541e-03,4.448870e+01,2.898973e-04,3.457397e-04,2976688.617,2.500000e-04,10.64,17270.12
1784,9.149602e-03,4.454043e+01,3.445691e-04,2.499735e-04,2994745.422,7.248282e-03,4.562670e+01,1.489428e-04,2.392370e-04,3031538.125,2.500000e-04,10.37,17280.49
1785,8.654309e-03,4.425260e+01,3.063978e-04,2.330144e-04,2995386.982,8.864882e-03,4.655838e+01,2.901727e-04,2.614632e-04,3004463.625,2.500000e-04,9.94,17290.43
1786,8.877355e-03,4.402006e+01,3.472165e-04,2.006369e-04,2995898.570,1.096553e-02,4.468197e+01,4.028248e-04,4.938175e-04,2978180.281,2.500000e-04,9.88,17300.31
1787,9.816415e-03,4.374522e+01,4.015931e-04,2.851925e-04,2993928.531,1.077707e-02,4.389383e+01,5.483254e-04,1.808870e-04,2987323.180,2.500000e-04,10.15,17310.46
1788,1.014432e-02,4.454321e+01,4.311264e-04,2.757481e-04,2995030.482,8.563927e-03,4.534776e+01,3.124100e-04,1.810102e-04,3014525.055,2.500000e-04,10.12,17320.58
1789,9.394888e-03,4.448836e+01,3.613104e-04,2.665896e-04,2995232.986,7.322208e-03,4.446779e+01,2.317304e-04,1.116250e-04,2984562.469,2.500000e-04,10.56,17331.14
1790,8.571085e-03,4.419609e+01,3.122025e-04,2.058903e-04,2994893.619,1.065443e-02,4.373538e+01,4.947421e-04,2.666938e-04,2965865.898,2.500000e-04,10.46,17341.60
1791,9.314034e-03,4.419549e+01,3.623528e-04,2.541914e-04,2994093.281,1.792454e-02,4.909207e+01,8.921374e-04,8.187919e-04,3066886.047,2.500000e-04,10.26,17351.86
1792,9.266146e-03,4.486231e+01,3.520369e-04,2.519091e-04,2995812.260,1.345171e-02,4.271178e+01,5.926753e-04,6.507559e-04,2944492.828,2.500000e-04,10.41,17362.27
1793,9.255213e-03,4.399952e+01,3.699440e-04,2.311644e-04,2994781.129,9.489226e-03,4.504538e+01,3.606645e-04,2.756088e-04,3035728.992,2.500000e-04,10.76,17373.03
1794,8.984786e-03,4.368043e+01,3.558529e-04,2.116427e-04,2996132.451,1.070643e-02,4.261179e+01,2.799252e-04,7.292003e-04,2925661.773,2.500000e-04,10.42,17383.45
1795,8.728734e-03,4.351882e+01,3.197976e-04,2.357754e-04,2993986.703,1.306481e-02,4.853653e+01,5.978147e-04,4.466028e-04,3024278.867,2.500000e-04,10.19,17393.64
1796,9.783538e-03,4.419264e+01,3.964656e-04,2.799236e-04,2995618.604,1.069900e-02,4.483519e+01,5.196558e-04,2.037843e-04,2971024.977,2.500000e-04,10.74,17404.38
1797,8.921176e-03,4.431340e+01,3.466542e-04,2.046587e-04,2995426.121,7.081675e-03,4.533215e+01,1.735031e-04,1.626858e-04,3016653.766,2.500000e-04,10.90,17415.29
1798,9.049039e-03,4.432861e+01,3.276997e-04,2.678363e-04,2994939.459,1.028725e-02,4.692616e+01,4.336724e-04,2.515830e-04,2997367.523,2.500000e-04,10.53,17425.81
1799,1.040681e-02,4.535967e+01,4.326901e-04,3.087882e-04,2994360.111,8.983218e-03,4.691968e+01,2.680661e-04,3.221177e-04,3032859.906,2.500000e-04,10.46,17436.27
1800,9.741813e-03,4.519257e+01,4.043485e-04,2.358140e-04,2995339.449,9.023503e-03,4.454154e+01,3.630064e-04,1.878572e-04,2983815.711,2.500000e-04,10.04,17446.31
1801,8.773311e-03,4.418639e+01,3.152040e-04,2.405265e-04,2995157.135,8.276934e-03,4.478002e+01,2.437700e-04,2.722466e-04,2963537.078,2.500000e-04,10.12,17456.43
1802,9.365283e-03,4.435764e+01,3.397200e-04,3.064637e-04,2994694.062,8.022248e-03,4.533487e+01,2.414497e-04,2.148530e-04,3029028.062,2.500000e-04,10.07,17466.51
1803,9.706213e-03,4.425080e+01,3.968148e-04,2.625969e-04,2994427.500,1.327111e-02,4.702539e+01,7.575869e-04,1.985412e-04,3014608.273,2.500000e-04,10.57,17477.08
1804,8.860379e-03,4.487728e+01,3.105340e-04,2.534623e-04,2995169.705,9.052862e-03,4.393696e+01,3.139976e-04,3.038380e-04,2989259.477,2.500000e-04,10.40,17487.49
1805,8.790652e-03,4.412715e+01,3.291227e-04,2.173421e-04,2995573.170,1.292266e-02,4.714597e+01,6.488244e-04,3.439640e-04,3002325.805,2.500000e-04,10.39,17497.88
1806,9.029175e-03,4.383578e+01,3.443499e-04,2.404197e-04,2994893.387,8.270675e-03,4.354205e+01,3.511710e-04,8.095207e-05,2984389.750,2.500000e-04,10.49,17508.36
1807,8.644766e-03,4.338795e+01,3.064994e-04,2.481953e-04,2995512.740,1.184056e-02,4.544537e+01,5.486508e-04,3.619026e-04,2964009.758,2.500000e-04,10.47,17518.84
1808,1.071969e-02,4.467005e+01,4.752026e-04,3.001312e-04,2994522.295,7.351127e-03,4.583469e+01,1.522216e-04,2.490885e-04,3009809.258,2.500000e-04,11.91,17530.74
1809,8.714729e-03,4.469435e+01,3.127788e-04,2.235012e-04,2996056.562,8.263412e-03,4.360854e+01,2.171308e-04,3.462501e-04,2957081.055,2.500000e-04,10.17,17540.92
1810,9.080145e-03,4.400042e+01,3.519391e-04,2.321424e-04,2994925.088,9.834144e-03,4.478851e+01,4.600748e-04,1.509091e-04,3007076.414,2.500000e-04,10.30,17551.22
1811,1.100388e-02,4.530918e+01,4.890653e-04,3.164621e-04,2993759.102,1.061351e-02,4.423113e+01,4.835232e-04,2.710325e-04,2995689.125,2.500000e-04,10.07,17561.28
1812,9.877078e-03,4.489994e+01,3.825618e-04,3.122932e-04,2993821.248,9.033129e-03,4.497987e+01,3.268537e-04,2.533210e-04,2991424.367,2.500000e-04,10.30,17571.58
1813,9.262387e-03,4.444971e+01,3.442421e-04,2.749990e-04,2994764.771,1.295617e-02,4.718596e+01,7.097041e-04,2.281066e-04,3008370.242,2.500000e-04,10.30,17581.88
1814,8.823794e-03,4.451919e+01,3.256861e-04,2.230028e-04,2994868.904,1.002056e-02,4.577416e+01,3.040050e-04,4.806197e-04,3054938.344,2.500000e-04,10.32,17592.20
1815,8.668061e-03,4.408370e+01,3.046426e-04,2.426531e-04,2996303.104,1.097740e-02,4.784217e+01,4.628199e-04,3.129976e-04,3017531.453,2.500000e-04,9.88,17602.09
1816,9.252935e-03,4.451690e+01,3.637284e-04,2.327922e-04,2994196.443,1.248503e-02,4.591900e+01,2.774607e-04,1.023704e-03,3084521.945,2.500000e-04,10.33,17612.42
1817,9.359067e-03,4.436345e+01,3.789316e-04,2.266812e-04,2995586.832,8.660843e-03,4.386929e+01,3.237325e-04,2.073177e-04,2997424.328,2.500000e-04,10.39,17622.81
1818,1.045696e-02,4.477099e+01,4.221760e-04,3.516193e-04,2994576.164,8.650457e-03,4.480756e+01,3.052762e-04,2.233879e-04,2994739.344,2.500000e-04,10.48,17633.29
1819,8.746167e-03,4.439414e+01,3.264652e-04,2.084201e-04,2995109.201,7.498611e-03,4.504495e+01,2.250083e-04,1.488067e-04,3012995.156,2.500000e-04,10.44,17643.73
1820,8.591414e-03,4.435840e+01,3.047438e-04,2.216274e-04,2995544.758,9.813145e-03,4.363277e+01,3.103003e-04,4.693729e-04,2949787.289,2.500000e-04,9.81,17653.54
1821,9.775606e-03,4.440787e+01,3.941171e-04,2.787296e-04,2994949.723,8.833530e-03,4.236117e+01,2.018673e-04,5.157481e-04,2946712.273,2.500000e-04,9.93,17663.47
1822,9.651982e-03,4.438464e+01,3.773461e-04,2.880113e-04,2994395.377,6.885940e-03,4.418761e+01,1.639161e-04,1.656036e-04,2983389.672,2.500000e-04,10.34,17673.81
1823,9.250212e-03,4.465393e+01,3.499251e-04,2.571137e-04,2994802.656,8.969684e-03,4.659129e+01,3.201658e-04,2.217795e-04,2989705.891,2.500000e-04,9.97,17683.78
1824,8.933678e-03,4.482508e+01,3.263748e-04,2.374846e-04,2995268.320,9.691631e-03,4.575537e+01,3.586810e-04,3.058567e-04,3013673.680,2.500000e-04,10.33,17694.11
1825,9.266869e-03,4.403941e+01,3.610113e-04,2.505630e-04,2995053.059,1.115212e-02,4.712957e+01,3.917889e-04,5.042556e-04,3041096.922,2.500000e-04,9.98,17704.09
1826,1.032999e-02,4.502192e+01,4.099216e-04,3.457162e-04,2995208.168,1.102534e-02,4.630805e+01,5.689384e-04,1.410312e-04,2991752.102,2.500000e-04,10.48,17714.57
1827,8.998353e-03,4.438625e+01,3.294618e-04,2.530222e-04,2994984.580,7.247572e-03,4.512477e+01,2.328345e-04,8.134997e-05,2988633.883,2.500000e-04,10.32,17724.89
1828,9.599159e-03,4.456925e+01,3.959843e-04,2.364784e-04,2994634.213,8.326129e-03,4.898729e+01,1.707853e-04,3.439096e-04,3047206.789,2.500000e-04,11.14,17736.03
1829,9.075452e-03,4.469437e+01,3.263197e-04,2.685639e-04,2995385.207,7.600074e-03,4.488144e+01,2.538482e-04,1.146896e-04,2987407.039,2.500000e-04,10.93,17746.98
1830,1.076892e-02,4.468061e+01,4.558895e-04,3.483927e-04,2994656.215,7.217865e-03,4.482155e+01,1.912562e-04,1.646297e-04,2998467.758,2.500000e-04,10.59,17757.57
1831,9.543095e-03,4.404645e+01,3.695917e-04,2.885067e-04,2994127.990,1.374569e-02,4.676754e+01,8.637831e-04,8.622111e-05,3000933.180,2.500000e-04,10.59,17768.16
1832,8.746719e-03,4.368681e+01,3.213403e-04,2.329271e-04,2996607.688,1.286205e-02,4.907015e+01,5.356531e-04,5.197009e-04,3003144.930,2.500000e-04,10.75,17778.91
1833,8.907398e-03,4.407387e+01,3.278484e-04,2.443055e-04,2994906.768,8.710481e-03,4.362041e+01,3.577053e-04,1.542776e-04,2995193.898,2.500000e-04,10.45,17789.36
1834,9.469030e-03,4.489361e+01,3.693940e-04,2.571457e-04,2994738.598,8.386919e-03,4.523323e+01,2.324195e-04,3.078803e-04,3035671.133,2.500000e-04,10.21,17799.57
1835,9.366407e-03,4.424833e+01,3.470514e-04,2.942120e-04,2994341.701,1.013912e-02,4.675026e+01,4.406198e-04,2.115798e-04,3018197.023,2.500000e-04,9.55,17809.12
1836,8.698016e-03,4.404433e+01,3.254506e-04,2.078154e-04,2996225.039,7.601563e-03,4.382600e+01,2.279662e-04,1.878603e-04,2996753.688,2.500000e-04,10.28,17819.41
1837,8.861225e-03,4.384874e+01,3.356063e-04,2.240575e-04,2995354.102,8.038799e-03,4.449482e+01,2.687923e-04,1.802790e-04,3009658.758,2.500000e-04,10.86,17830.27
1838,9.372213e-03,4.416308e+01,3.767165e-04,2.377480e-04,2994789.748,8.763867e-03,4.378200e+01,2.388787e-04,3.993760e-04,2958550.039,2.500000e-04,10.64,17840.91
1839,8.369138e-03,4.373288e+01,2.956006e-04,2.079687e-04,2995635.982,7.947676e-03,4.235991e+01,1.956133e-04,3.511103e-04,2972428.445,2.500000e-04,10.84,17851.75
1840,8.707815e-03,4.307045e+01,3.206539e-04,2.388462e-04,2995227.023,9.281796e-03,4.569905e+01,4.013708e-04,1.396365e-04,3001599.984,2.500000e-04,10.49,17862.24
1841,8.963665e-03,4.351035e+01,3.454927e-04,2.315405e-04,2995021.482,1.387347e-02,4.732680e+01,7.959475e-04,2.362631e-04,3001810.719,2.500000e-04,10.77,17873.01
1842,9.389176e-03,4.420529e+01,3.539989e-04,2.857318e-04,2994195.730,1.039496e-02,4.276152e+01,4.822282e-04,2.593046e-04,2988362.859,2.500000e-04,10.58,17883.59
1843,9.256841e-03,4.407534e+01,3.449398e-04,2.799818e-04,2994556.668,1.254554e-02,4.726364e+01,5.546771e-04,4.544803e-04,3048907.984,2.500000e-04,10.41,17894.00
1844,8.937393e-03,4.418324e+01,3.337413e-04,2.363311e-04,2996381.719,8.568246e-03,4.350421e+01,3.511534e-04,1.412582e-04,3004755.406,2.500000e-04,10.65,17904.65
1845,8.677455e-03,4.350218e+01,3.080186e-04,2.494102e-04,2994821.006,1.233120e-02,4.334851e+01,4.500461e-04,6.991780e-04,2995519.547,2.500000e-04,10.08,17914.73
1846,9.346780e-03,4.374602e+01,3.601335e-04,2.741687e-04,2995246.613,7.755822e-03,4.442361e+01,2.014960e-04,2.597002e-04,3031651.562,2.500000e-04,10.01,17924.74
1847,9.305109e-03,4.397328e+01,3.587569e-04,2.640425e-04,2995484.588,1.017972e-02,4.345690e+01,4.282241e-04,3.103587e-04,2968483.148,2.500000e-04,10.41,17935.15
1848,8.807954e-03,4.452098e+01,3.178582e-04,2.354549e-04,2994883.949,9.981549e-03,4.325844e+01,3.640006e-04,4.031400e-04,2980814.836,2.500000e-04,10.23,17945.38
1849,9.645471e-03,4.404193e+01,3.672001e-04,3.138554e-04,2995119.115,1.054922e-02,4.827340e+01,4.547491e-04,2.348786e-04,3008781.375,2.500000e-04,10.65,17956.03
1850,9.696844e-03,4.410977e+01,3.870485e-04,2.830764e-04,2994526.943,1.183881e-02,4.539260e+01,6.600242e-04,1.398622e-04,2995764.062,2.500000e-04,10.04,17966.07
1851,9.721897e-03,4.440529e+01,3.946220e-04,2.670296e-04,2994299.988,1.065212e-02,4.553036e+01,4.301332e-04,3.595497e-04,3020831.086,2.500000e-04,10.82,17976.88
1852,9.205362e-03,4.451400e+01,3.615445e-04,2.277034e-04,2995448.719,1.257155e-02,4.355019e+01,6.667386e-04,3.098289e-04,2974086.828,2.500000e-04,10.33,17987.21
1853,9.211048e-03,4.436600e+01,3.586006e-04,2.376886e-04,2994869.561,7.415629e-03,4.438226e+01,2.195034e-04,1.564739e-04,2982165.500,2.500000e-04,11.03,17998.24
1854,8.725516e-03,4.400811e+01,3.080687e-04,2.488037e-04,2995398.500,6.611458e-03,4.325222e+01,1.652909e-04,1.266656e-04,3013535.359,2.500000e-04,10.64,18008.88
1855,9.266623e-03,4.347634e+01,3.491073e-04,2.855832e-04,2995371.807,1.126863e-02,4.143855e+01,5.429308e-04,3.390937e-04,2966407.953,2.500000e-04,10.47,18019.35
1856,8.399072e-03,4.384625e+01,2.983470e-04,2.061952e-04,2995098.135,7.861905e-03,4.303554e+01,2.752489e-04,1.611725e-04,2985036.375,2.500000e-04,10.23,18029.58
1857,8.909171e-03,4.370732e+01,3.129275e-04,2.818330e-04,2994773.762,1.009171e-02,4.341261e+01,3.493736e-04,4.513429e-04,3029413.820,2.500000e-04,10.70,18040.28
1858,9.689474e-03,4.363332e+01,3.966214e-04,2.719856e-04,2994972.998,7.788811e-03,4.284506e+01,1.999182e-04,3.010246e-04,3029408.648,2.500000e-04,10.27,18050.56
1859,1.004531e-02,4.471093e+01,4.167116e-04,2.814203e-04,2994645.461,8.294993e-03,4.432028e+01,3.090202e-04,1.545526e-04,3021196.984,2.500000e-04,10.11,18060.67
1860,9.509723e-03,4.379675e+01,4.016769e-04,2.226560e-04,2994967.453,7.676248e-03,4.473435e+01,2.653121e-04,1.099385e-04,3010965.570,2.500000e-04,10.73,18071.40
1861,8.444128e-03,4.337164e+01,3.054563e-04,2.104803e-04,2995466.043,8.766425e-03,4.651830e+01,2.662053e-04,2.905085e-04,2980093.031,2.500000e-04,10.14,18081.54
1862,8.643045e-03,4.355498e+01,3.215725e-04,2.143644e-04,2995565.303,8.448853e-03,4.395325e+01,2.933847e-04,2.239363e-04,2982578.461,2.500000e-04,11.13,18092.67
1863,9.153563e-03,4.367363e+01,3.684116e-04,2.204168e-04,2995275.900,1.285251e-02,4.296342e+01,6.641875e-04,3.828594e-04,2953424.125,2.500000e-04,10.44,18103.11
1864,8.614684e-03,4.404144e+01,2.903544e-04,2.613993e-04,2994791.064,7.066687e-03,4.314860e+01,1.827010e-04,1.849634e-04,2990313.641,2.500000e-04,10.55,18113.67
1865,9.142945e-03,4.341910e+01,3.489799e-04,2.622473e-04,2994902.264,9.743711e-03,4.298210e+01,4.148071e-04,2.594861e-04,2977238.289,2.500000e-04,10.56,18124.22
1866,8.750112e-03,4.394729e+01,3.201938e-04,2.306890e-04,2995374.482,7.948089e-03,4.427523e+01,1.971182e-04,3.098769e-04,3029534.797,2.500000e-04,10.44,18134.67
1867,9.028538e-03,4.360624e+01,3.368002e-04,2.599825e-04,2995753.543,6.120998e-03,4.335541e+01,1.395287e-04,7.803398e-05,2992250.812,2.500000e-04,11.13,18145.81
1868,9.277058e-03,4.426047e+01,3.445429e-04,2.811163e-04,2994476.076,9.980253e-03,4.283086e+01,4.549085e-04,2.296164e-04,2987086.734,2.500000e-04,11.04,18156.85
1869,9.179663e-03,4.380025e+01,3.426269e-04,2.746741e-04,2995684.186,8.089318e-03,4.259354e+01,1.907355e-04,3.845218e-04,2953280.844,2.500000e-04,10.71,18167.57
1870,8.566818e-03,4.367707e+01,2.868733e-04,2.660758e-04,2994320.854,1.364646e-02,4.725684e+01,7.094219e-04,3.653116e-04,3029986.516,2.500000e-04,11.18,18178.75
1871,8.988828e-03,4.410398e+01,3.303236e-04,2.550388e-04,2995664.012,1.053603e-02,4.334586e+01,5.234743e-04,1.933406e-04,2980289.023,2.500000e-04,10.58,18189.33
1872,8.924467e-03,4.378072e+01,3.339052e-04,2.414687e-04,2995594.363,9.855632e-03,4.640769e+01,4.350668e-04,1.728391e-04,2995817.211,2.500000e-04,9.94,18199.27
1873,9.926247e-03,4.406488e+01,3.948382e-04,3.142755e-04,2994615.672,9.186496e-03,4.569087e+01,3.130940e-04,2.972940e-04,3018339.430,2.500000e-04,12.23,18211.50
1874,8.264673e-03,4.338055e+01,2.710230e-04,2.432777e-04,2995162.889,7.212303e-03,4.364689e+01,2.064075e-04,1.567078e-04,2986778.344,2.500000e-04,11.10,18222.60
1875,8.936422e-03,4.364922e+01,3.243932e-04,2.655136e-04,2995057.021,1.373177e-02,4.364719e+01,5.868410e-04,6.997277e-04,2939384.438,2.500000e-04,12.08,18234.69
1876,9.537437e-03,4.433787e+01,3.825912e-04,2.555475e-04,2995599.359,6.597820e-03,4.201391e+01,1.446071e-04,1.900715e-04,2977577.531,2.500000e-04,11.79,18246.48
1877,8.763093e-03,4.347119e+01,3.100193e-04,2.631560e-04,2995549.066,9.966153e-03,4.426518e+01,4.086309e-04,2.906652e-04,2972744.078,2.500000e-04,10.77,18257.26
1878,8.763411e-03,4.327093e+01,3.357636e-04,2.157364e-04,2995055.373,7.711492e-03,4.351988e+01,3.024530e-04,6.699489e-05,2994150.969,2.500000e-04,11.80,18269.06
1879,9.240726e-03,4.340236e+01,3.655084e-04,2.490812e-04,2994700.141,7.596971e-03,4.337329e+01,2.068592e-04,2.382099e-04,3000180.367,2.500000e-04,11.02,18280.08
1880,8.537885e-03,4.340296e+01,3.077241e-04,2.240697e-04,2995673.969,1.020449e-02,4.170391e+01,3.729707e-04,4.608777e-04,2956902.602,2.500000e-04,10.55,18290.63
1881,9.258980e-03,4.362550e+01,3.749674e-04,2.293512e-04,2994692.271,1.250055e-02,4.135906e+01,5.707734e-04,5.313811e-04,2953572.922,2.500000e-04,11.08,18301.71
1882,8.942571e-03,4.369270e+01,3.453564e-04,2.239473e-04,2994695.209,8.421476e-03,4.460655e+01,3.449194e-04,1.023254e-04,3011153.773,2.500000e-04,11.34,18313.06
1883,8.911847e-03,4.369685e+01,3.402887e-04,2.278549e-04,2994853.229,7.679811e-03,4.408347e+01,2.237292e-04,2.068346e-04,2989268.266,2.500000e-04,11.45,18324.51
1884,9.961644e-03,4.440213e+01,4.133713e-04,2.775436e-04,2995609.514,1.181302e-02,4.201879e+01,4.519863e-04,6.182555e-04,2940331.555,2.500000e-04,11.35,18335.87
1885,9.247279e-03,4.443094e+01,3.448588e-04,2.711195e-04,2994767.453,1.310387e-02,4.310798e+01,5.116791e-04,7.352567e-04,2952026.430,2.500000e-04,12.46,18348.34
1886,9.355622e-03,4.377906e+01,3.905580e-04,2.144271e-04,2995027.066,2.092745e-02,4.385540e+01,1.513395e-03,2.815932e-04,2977235.031,2.500000e-04,11.37,18359.70
1887,1.005334e-02,4.439945e+01,4.096662e-04,3.033469e-04,2994390.086,7.994051e-03,4.610882e+01,1.849814e-04,3.066711e-04,3029939.305,2.500000e-04,11.49,18371.20
1888,9.410473e-03,4.431401e+01,3.701176e-04,2.555792e-04,2995646.125,7.629341e-03,4.262903e+01,1.904925e-04,2.923026e-04,2968284.984,2.500000e-04,12.05,18383.25
1889,9.436988e-03,4.440850e+01,3.613256e-04,2.765766e-04,2995252.955,7.393828e-03,4.369418e+01,2.245454e-04,1.557912e-04,2983286.961,2.500000e-04,12.18,18395.43
1890,8.912075e-03,4.421924e+01,3.196654e-04,2.586994e-04,2994980.322,9.219966e-03,4.250917e+01,3.155451e-04,3.627197e-04,2960210.023,2.500000e-04,12.33,18407.77
1891,9.053452e-03,4.380811e+01,3.482107e-04,2.381071e-04,2994693.994,8.672555e-03,4.509833e+01,3.054593e-04,2.216257e-04,3009929.102,2.500000e-04,13.57,18421.34
1892,9.178685e-03,4.350224e+01,3.439207e-04,2.778509e-04,2995487.854,8.791021e-03,4.326826e+01,3.791120e-04,1.346148e-04,2997126.016,2.500000e-04,12.10,18433.45
1893,8.847053e-03,4.357433e+01,3.342047e-04,2.295146e-04,2995630.453,8.390015e-03,4.378414e+01,2.498770e-04,3.025663e-04,2966214.148,2.500000e-04,13.33,18446.91
1894,9.656059e-03,4.414609e+01,3.820372e-04,2.842157e-04,2993346.465,1.133029e-02,4.439613e+01,5.985843e-04,1.809673e-04,2981814.094,2.500000e-04,12.39,18459.31
1895,9.027711e-03,4.359237e+01,3.574547e-04,2.187854e-04,2995453.414,9.924550e-03,4.270624e+01,4.341837e-04,2.624178e-04,2972807.883,2.500000e-04,12.17,18471.49
1896,9.809472e-03,4.452129e+01,4.033030e-04,2.648627e-04,2995070.963,9.972548e-03,4.402396e+01,4.061971e-04,3.016362e-04,2968152.344,2.500000e-04,11.39,18482.88
1897,9.087138e-03,4.399717e+01,3.495375e-04,2.384092e-04,2994540.613,8.244492e-03,4.544220e+01,2.663158e-04,2.074229e-04,3015729.633,2.500000e-04,12.20,18495.09
1898,8.841873e-03,4.325436e+01,3.533175e-04,1.966523e-04,2995586.225,8.259744e-03,4.291232e+01,3.007398e-04,1.922228e-04,3009835.750,2.500000e-04,13.00,18508.09
1899,9.077608e-03,4.370918e+01,3.369030e-04,2.675321e-04,2994083.543,1.022641e-02,4.652734e+01,4.710824e-04,1.725698e-04,3027197.164,2.500000e-04,11.86,18519.96
1900,9.665283e-03,4.376926e+01,4.010962e-04,2.554790e-04,2996243.852,8.822042e-03,4.230282e+01,1.764703e-04,5.654115e-04,2946262.305,2.500000e-04,12.42,18532.39
1901,1.027312e-02,4.435310e+01,4.446129e-04,2.783369e-04,2993802.002,1.239937e-02,4.626243e+01,6.715718e-04,2.114808e-04,3023561.711,2.500000e-04,12.64,18545.03
1902,9.711098e-03,4.457502e+01,3.742066e-04,3.023062e-04,2995201.812,9.193993e-03,4.585324e+01,3.639511e-04,1.938316e-04,2992758.297,2.500000e-04,12.26,18557.30
1903,9.691362e-03,4.437765e+01,3.846806e-04,2.813581e-04,2994749.031,1.151431e-02,4.388825e+01,5.785233e-04,2.680506e-04,2975669.469,2.500000e-04,12.41,18569.72
1904,9.281809e-03,4.429504e+01,3.836723e-04,2.031164e-04,2995355.984,8.339726e-03,4.372789e+01,3.239742e-04,1.454392e-04,2999263.172,2.500000e-04,12.79,18582.52
1905,9.604816e-03,4.439657e+01,3.735922e-04,2.858473e-04,2994256.416,9.471828e-03,4.419119e+01,4.343933e-04,1.417552e-04,2984007.312,2.500000e-04,11.76,18594.29
1906,9.306541e-03,4.418912e+01,3.786327e-04,2.202603e-04,2994941.977,9.843248e-03,4.314813e+01,3.440887e-04,4.175097e-04,2948218.055,2.500000e-04,11.44,18605.73
1907,8.957671e-03,4.406911e+01,3.336885e-04,2.427751e-04,2995431.428,8.167533e-03,4.456050e+01,2.011506e-04,3.399955e-04,2954066.648,2.500000e-04,12.46,18618.19
1908,9.568667e-03,4.487329e+01,3.768267e-04,2.626142e-04,2994862.689,7.489705e-03,4.566586e+01,1.972076e-04,1.902087e-04,3006126.164,2.500000e-04,12.24,18630.44
1909,8.857905e-03,4.400722e+01,3.188577e-04,2.537211e-04,2995394.283,6.736042e-03,4.389811e+01,1.854084e-04,9.842947e-05,2990874.859,2.500000e-04,13.95,18644.39
1910,9.273038e-03,4.402856e+01,3.636869e-04,2.466627e-04,2994736.629,1.441924e-02,4.676105e+01,8.473085e-04,2.540105e-04,3035297.227,2.500000e-04,13.26,18657.66
1911,8.930195e-03,4.414737e+01,3.240640e-04,2.549637e-04,2994966.383,9.261706e-03,4.390284e+01,3.889342e-04,1.964159e-04,2989094.641,2.500000e-04,12.32,18669.98
1912,1.046654e-02,4.509633e+01,4.754062e-04,2.405694e-04,2993890.047,9.443615e-03,4.421551e+01,3.225153e-04,3.593824e-04,2978818.977,2.500000e-04,12.88,18682.86
1913,8.918702e-03,4.363273e+01,3.453938e-04,2.202982e-04,2995333.814,7.012060e-03,4.638990e+01,1.446761e-04,1.852617e-04,3026313.219,2.500000e-04,12.21,18695.08
1914,9.345663e-03,4.372380e+01,3.546856e-04,2.852856e-04,2995135.227,9.821065e-03,4.339875e+01,4.565355e-04,1.831669e-04,2984439.180,2.500000e-04,12.77,18707.86
1915,8.726357e-03,4.398467e+01,3.140732e-04,2.374317e-04,2995210.965,8.879039e-03,4.388591e+01,3.847882e-04,1.285132e-04,2995235.945,2.500000e-04,12.35,18720.22
1916,8.875540e-03,4.377374e+01,3.399493e-04,2.197346e-04,2995882.887,6.317937e-03,4.372393e+01,1.387524e-04,1.116041e-04,2999728.273,2.500000e-04,11.94,18732.16
1917,8.782944e-03,4.338533e+01,3.313335e-04,2.262153e-04,2994971.898,7.889141e-03,4.271967e+01,2.667427e-04,1.899495e-04,3002790.617,2.500000e-04,12.49,18744.67
1918,9.647270e-03,4.395790e+01,3.855708e-04,2.791544e-04,2994741.807,7.904953e-03,4.533591e+01,2.505546e-04,1.731630e-04,3000070.344,2.500000e-04,12.59,18757.26
1919,9.123129e-03,4.364178e+01,3.729838e-04,2.058226e-04,2995283.182,7.902498e-03,4.358852e+01,2.856754e-04,1.373784e-04,2996450.281,2.500000e-04,12.12,18769.38
1920,9.132869e-03,4.374756e+01,3.535165e-04,2.445897e-04,2995171.695,1.136520e-02,4.563434e+01,5.219850e-04,3.163826e-04,3036001.258,2.500000e-04,12.64,18782.03
1921,9.586589e-03,4.411506e+01,3.853644e-04,2.642878e-04,2995178.902,1.211648e-02,4.513612e+01,6.272553e-04,2.660623e-04,2979818.711,2.500000e-04,11.82,18793.85
1922,9.181883e-03,4.409334e+01,3.564654e-04,2.415789e-04,2995450.611,9.470740e-03,4.414096e+01,4.206359e-04,1.700571e-04,2988400.383,2.500000e-04,11.94,18805.79
1923,8.888746e-03,4.395452e+01,3.307700e-04,2.371188e-04,2994647.111,7.408007e-03,4.454702e+01,2.122890e-04,1.660832e-04,2992075.562,2.500000e-04,10.99,18816.78
1924,9.962147e-03,4.368633e+01,4.029108e-04,3.128813e-04,2994666.080,1.486494e-02,4.658806e+01,8.879263e-04,2.653753e-04,3014859.492,2.500000e-04,10.17,18826.96
1925,9.222007e-03,4.411107e+01,3.425921e-04,2.769959e-04,2995616.758,7.750196e-03,4.532865e+01,1.891426e-04,2.651812e-04,2990856.305,2.500000e-04,10.72,18837.68
1926,8.834603e-03,4.389801e+01,3.480585e-04,1.928434e-04,2995150.094,8.742158e-03,4.406257e+01,2.408454e-04,3.854894e-04,3037202.406,2.500000e-04,10.91,18848.58
1927,9.607971e-03,4.394391e+01,3.690424e-04,3.046312e-04,2994809.283,9.298944e-03,4.292201e+01,3.067381e-04,3.878727e-04,2954737.164,2.500000e-04,10.03,18858.61
1928,9.419966e-03,4.375585e+01,3.584974e-04,2.918813e-04,2995719.352,1.083745e-02,4.415829e+01,5.005798e-04,2.831641e-04,2985779.969,2.500000e-04,10.10,18868.71
1929,9.868631e-03,4.443907e+01,4.054138e-04,2.741171e-04,2994271.963,6.632001e-03,4.322950e+01,1.696639e-04,1.224825e-04,2988021.367,2.500000e-04,10.07,18878.78
1930,9.139941e-03,4.382659e+01,3.771630e-04,1.971304e-04,2995496.076,1.533265e-02,4.148928e+01,6.414544e-04,9.538355e-04,2921936.461,2.500000e-04,9.91,18888.70
1931,9.507078e-03,4.439468e+01,3.804424e-04,2.526371e-04,2994492.656,8.816175e-03,4.598659e+01,3.006894e-04,2.421245e-04,3035106.836,2.500000e-04,9.94,18898.65
1932,8.721296e-03,4.424711e+01,3.085846e-04,2.421478e-04,2995302.381,6.918931e-03,4.311259e+01,2.084536e-04,1.046273e-04,2992056.055,2.500000e-04,10.81,18909.45
1933,9.096436e-03,4.323997e+01,3.471994e-04,2.600891e-04,2994691.742,9.432796e-03,4.308241e+01,4.108601e-04,2.031909e-04,3002798.297,2.500000e-04,11.31,18920.77
1934,9.116337e-03,4.327909e+01,3.619768e-04,2.337321e-04,2995272.959,8.978414e-03,4.791221e+01,2.478977e-04,3.416434e-04,3018105.680,2.500000e-04,9.67,18930.44
1935,9.396607e-03,4.425232e+01,3.729752e-04,2.483245e-04,2994976.570,8.181348e-03,4.310225e+01,2.742209e-04,2.257826e-04,2993838.117,2.500000e-04,11.01,18941.45
1936,8.969701e-03,4.360710e+01,3.454522e-04,2.308938e-04,2994740.021,8.547968e-03,4.482128e+01,2.136710e-04,3.858262e-04,3029404.320,2.500000e-04,10.84,18952.28
1937,1.038793e-02,4.390155e+01,4.452776e-04,3.089993e-04,2994576.373,9.685821e-03,4.359508e+01,4.267459e-04,2.117706e-04,2980374.109,2.500000e-04,10.26,18962.55
1938,9.699046e-03,4.424324e+01,3.863230e-04,2.822983e-04,2993817.619,1.304734e-02,4.838759e+01,6.474176e-04,3.468801e-04,3019252.383,2.500000e-04,11.55,18974.10
1939,9.623171e-03,4.393336e+01,3.899287e-04,2.661095e-04,2995599.438,9.318507e-03,4.691101e+01,3.389467e-04,2.475878e-04,3027704.617,2.500000e-04,10.09,18984.19
1940,9.459436e-03,4.416097e+01,3.702203e-04,2.682272e-04,2994230.711,8.701692e-03,4.439236e+01,2.796724e-04,2.931463e-04,3022374.148,2.500000e-04,11.02,18995.23
1941,9.006789e-03,4.361773e+01,3.420023e-04,2.449986e-04,2995953.143,1.164247e-02,4.269978e+01,5.874631e-04,2.995731e-04,2962087.961,2.500000e-04,11.55,19006.79
1942,9.147703e-03,4.441498e+01,3.391322e-04,2.629766e-04,2994248.506,1.050298e-02,4.855476e+01,3.969654e-04,3.355705e-04,3030185.617,2.500000e-04,11.03,19017.82
1943,9.144250e-03,4.489737e+01,3.414396e-04,2.480237e-04,2996159.734,7.486090e-03,4.330539e+01,1.967092e-04,2.376918e-04,3029046.672,2.500000e-04,11.34,19029.16
1944,9.246082e-03,4.405189e+01,3.514117e-04,2.653552e-04,2994640.363,9.661249e-03,4.444973e+01,4.248238e-04,1.936076e-04,3027322.148,2.500000e-04,10.85,19040.01
1945,9.113546e-03,4.385508e+01,3.481498e-04,2.493081e-04,2996157.479,8.369178e-03,4.307432e+01,3.531077e-04,1.061340e-04,2993255.977,2.500000e-04,10.67,19050.68
1946,9.872513e-03,4.432779e+01,4.029790e-04,2.819888e-04,2994911.986,7.665240e-03,4.368126e+01,2.064933e-04,2.464361e-04,2966637.594,2.500000e-04,11.37,19062.06
1947,8.434778e-03,4.337041e+01,2.991668e-04,2.212137e-04,2995237.113,7.669218e-03,4.330280e+01,2.730649e-04,1.216576e-04,2984051.273,2.500000e-04,10.65,19072.72
1948,8.415296e-03,4.330904e+01,3.010695e-04,2.147393e-04,2995897.066,7.401899e-03,4.370348e+01,2.409380e-04,1.244342e-04,2998222.250,2.500000e-04,10.44,19083.18
1949,8.867165e-03,4.326982e+01,3.416364e-04,2.247639e-04,2994437.592,9.858865e-03,4.558601e+01,3.593315e-04,3.413899e-04,3040949.852,2.500000e-04,11.55,19094.74
1950,9.300670e-03,4.374581e+01,3.730613e-04,2.390952e-04,2995137.348,7.879177e-03,4.227262e+01,2.770368e-04,1.763094e-04,2973705.609,2.500000e-04,10.98,19105.73
1951,9.683691e-03,4.352794e+01,3.748313e-04,3.165168e-04,2994975.859,1.390638e-02,4.618939e+01,6.755274e-04,5.064334e-04,3017531.930,2.500000e-04,11.85,19117.58
1952,9.607781e-03,4.350813e+01,4.052206e-04,2.409525e-04,2995868.764,1.256000e-02,4.389321e+01,4.313633e-04,7.714094e-04,2937530.305,2.500000e-04,10.69,19128.28
1953,8.836961e-03,4.422234e+01,3.273167e-04,2.283119e-04,2994827.059,7.407731e-03,4.409859e+01,2.497079e-04,1.001586e-04,3003985.602,2.500000e-04,11.04,19139.33
1954,1.001769e-02,4.360182e+01,4.131382e-04,3.052243e-04,2994459.250,9.341453e-03,4.419708e+01,3.772591e-04,2.298309e-04,2978892.836,2.500000e-04,10.69,19150.03
1955,9.058895e-03,4.400202e+01,3.465614e-04,2.386157e-04,2995129.736,6.895879e-03,4.332308e+01,1.758974e-04,1.609194e-04,3010945.773,2.500000e-04,10.51,19160.54
1956,9.740308e-03,4.386097e+01,3.921046e-04,2.866330e-04,2995097.631,8.507383e-03,4.514654e+01,2.968182e-04,2.049093e-04,3015831.922,2.500000e-04,10.35,19170.90
1957,8.917756e-03,4.397168e+01,3.330868e-04,2.379439e-04,2994909.568,7.228608e-03,4.523467e+01,1.784650e-04,1.840982e-04,3028200.047,2.500000e-04,9.96,19180.87
1958,8.656865e-03,4.351886e+01,3.149759e-04,2.310440e-04,2995631.031,8.593713e-03,4.584157e+01,2.512948e-04,2.993214e-04,2976638.648,2.500000e-04,10.79,19191.66
1959,9.085890e-03,4.357304e+01,3.484404e-04,2.488363e-04,2995322.949,9.463140e-03,4.549867e+01,3.225531e-04,3.375485e-04,3027855.930,2.500000e-04,10.67,19202.34
1960,8.943702e-03,4.304977e+01,3.487575e-04,2.302301e-04,2995166.742,1.520868e-02,4.183772e+01,6.103335e-04,9.843141e-04,2930333.594,2.500000e-04,10.87,19213.21
1961,9.061598e-03,4.322415e+01,3.527325e-04,2.423716e-04,2995512.883,8.173990e-03,4.307608e+01,2.761178e-04,2.210409e-04,2975251.516,2.500000e-04,11.19,19224.40
1962,8.863879e-03,4.286670e+01,3.395176e-04,2.364066e-04,2994694.838,7.512950e-03,4.311208e+01,2.781454e-04,8.405759e-05,3005066.672,2.500000e-04,10.57,19234.98
1963,8.502410e-03,4.303323e+01,3.261813e-04,1.874550e-04,2995540.143,7.983103e-03,4.395834e+01,2.678534e-04,1.817472e-04,3013334.836,2.500000e-04,11.00,19245.98
1964,8.192634e-03,4.312066e+01,2.845722e-04,2.069693e-04,2996123.834,9.075442e-03,4.149577e+01,4.160345e-04,1.531040e-04,2983774.562,2.500000e-04,10.38,19256.37
1965,9.542590e-03,4.302887e+01,3.981951e-04,2.515506e-04,2994763.307,8.604199e-03,4.569929e+01,3.099620e-04,1.869300e-04,3020039.070,2.500000e-04,10.57,19266.94
1966,1.045018e-02,4.386890e+01,4.401475e-04,3.323625e-04,2993997.320,1.157119e-02,4.603369e+01,5.478323e-04,2.978990e-04,3032632.242,2.500000e-04,10.93,19277.87
1967,8.921103e-03,4.375337e+01,3.289135e-04,2.513261e-04,2995688.557,7.248766e-03,4.434942e+01,2.055903e-04,1.515842e-04,3000390.844,2.500000e-04,10.09,19287.97
1968,8.360674e-03,4.329156e+01,2.838493e-04,2.386050e-04,2995441.367,6.738707e-03,4.485298e+01,1.623099e-04,1.260621e-04,3016911.141,2.500000e-04,10.08,19298.05
1969,9.142784e-03,4.343582e+01,3.513824e-04,2.570755e-04,2994983.395,1.103825e-02,4.446960e+01,4.610303e-04,3.961969e-04,3021336.945,2.500000e-04,11.00,19309.05
1970,8.662291e-03,4.325501e+01,3.059741e-04,2.554099e-04,2994918.195,9.116057e-03,4.401563e+01,3.837436e-04,1.754116e-04,3005230.859,2.500000e-04,9.73,19318.78
1971,8.854634e-03,4.337507e+01,3.271463e-04,2.491329e-04,2996209.229,9.174284e-03,4.418577e+01,3.990189e-04,1.531037e-04,3008817.125,2.500000e-04,8.60,19327.38
1972,8.120357e-03,4.312953e+01,2.750474e-04,2.113861e-04,2995461.234,8.572952e-03,4.341814e+01,3.690285e-04,1.081707e-04,3008555.273,2.500000e-04,9.27,19336.66
1973,8.378143e-03,4.271203e+01,2.960807e-04,2.292267e-04,2995701.535,7.823994e-03,4.428387e+01,2.361645e-04,2.067924e-04,3030339.422,2.500000e-04,8.74,19345.40
1974,9.218296e-03,4.347927e+01,3.459852e-04,2.821035e-04,2995016.633,1.003908e-02,4.373154e+01,4.253835e-04,2.824182e-04,2993248.344,2.500000e-04,8.73,19354.13
1975,8.996854e-03,4.325509e+01,3.506488e-04,2.329715e-04,2994634.197,1.348857e-02,4.416943e+01,6.984448e-04,4.174354e-04,3021206.266,2.500000e-04,9.13,19363.26
1976,8.307576e-03,4.299859e+01,3.013918e-04,1.987597e-04,2996031.086,9.029680e-03,4.344618e+01,2.972839e-04,3.424447e-04,2983636.977,2.500000e-04,9.16,19372.42
1977,8.883835e-03,4.276916e+01,3.279518e-04,2.654803e-04,2994956.688,8.164538e-03,4.559187e+01,2.647729e-04,1.915245e-04,3019163.984,2.500000e-04,9.36,19381.78
1978,8.927473e-03,4.343743e+01,3.413012e-04,2.341438e-04,2995667.535,1.252146e-02,4.526801e+01,6.729147e-04,2.531019e-04,2967839.648,2.500000e-04,8.74,19390.52
1979,9.066179e-03,4.375674e+01,3.667304e-04,2.046402e-04,2995644.363,7.497899e-03,4.179910e+01,2.232033e-04,2.171914e-04,2973110.562,2.500000e-04,9.15,19399.68
1980,8.783213e-03,4.320504e+01,3.337343e-04,2.250731e-04,2994613.686,8.435066e-03,4.430794e+01,2.644608e-04,2.719326e-04,3033838.555,2.500000e-04,9.57,19409.25
1981,8.802628e-03,4.320844e+01,3.427030e-04,2.109507e-04,2995386.912,1.245253e-02,4.674983e+01,5.201744e-04,5.151613e-04,3048390.758,2.500000e-04,8.95,19418.21
1982,9.843032e-03,4.439927e+01,3.970789e-04,2.864634e-04,2995034.400,7.806853e-03,4.230656e+01,2.280515e-04,2.591364e-04,2963313.133,2.500000e-04,8.27,19426.48
1983,9.491890e-03,4.341467e+01,3.808282e-04,2.684283e-04,2995334.904,8.949571e-03,4.324882e+01,3.597046e-04,2.055284e-04,2970785.867,2.500000e-04,8.88,19435.36
1984,9.064256e-03,4.372986e+01,3.460373e-04,2.461795e-04,2995258.088,6.821579e-03,4.445297e+01,1.817847e-04,1.116872e-04,2988394.633,2.500000e-04,8.17,19443.53
1985,8.940216e-03,4.377654e+01,3.316655e-04,2.491812e-04,2995042.566,7.200608e-03,4.390315e+01,2.242058e-04,1.136472e-04,3017123.438,2.500000e-04,9.04,19452.57
1986,8.799818e-03,4.371061e+01,3.109256e-04,2.639002e-04,2994805.463,9.222260e-03,4.403151e+01,3.321021e-04,2.996176e-04,2977335.500,2.500000e-04,8.57,19461.14
1987,9.692559e-03,4.371792e+01,3.791482e-04,3.058572e-04,2995477.152,8.462347e-03,4.387711e+01,3.321556e-04,1.506159e-04,2992048.023,2.500000e-04,8.35,19469.52
1988,9.103154e-03,4.329193e+01,3.490355e-04,2.567211e-04,2995204.762,7.641305e-03,4.336022e+01,2.528860e-04,1.552847e-04,3007570.664,2.500000e-04,9.27,19478.80
1989,9.077601e-03,4.339887e+01,3.460961e-04,2.553506e-04,2994578.633,9.488141e-03,4.549232e+01,3.200021e-04,3.477777e-04,3040623.008,2.500000e-04,8.76,19487.56
1990,9.036022e-03,4.381503e+01,3.368996e-04,2.571047e-04,2994957.699,8.524301e-03,4.543384e+01,2.958690e-04,2.044453e-04,3029235.414,2.500000e-04,8.49,19496.06
1991,8.410570e-03,4.288230e+01,3.058519e-04,2.127641e-04,2996316.277,6.387249e-03,4.365018e+01,1.684159e-04,6.761443e-05,3003543.242,2.500000e-04,8.17,19504.26
1992,9.158063e-03,4.340021e+01,3.481340e-04,2.673404e-04,2995720.838,9.139690e-03,4.223949e+01,4.331341e-04,1.168800e-04,2992244.625,2.500000e-04,8.41,19512.68
1993,8.795438e-03,4.299395e+01,3.306241e-04,2.379604e-04,2994586.955,8.814537e-03,4.305976e+01,2.875495e-04,3.266131e-04,2953828.852,2.500000e-04,8.32,19521.01
1994,9.014453e-03,4.325006e+01,3.482537e-04,2.413818e-04,2995001.387,8.146767e-03,4.492172e+01,2.733010e-04,1.843171e-04,3014229.328,2.500000e-04,8.58,19529.59
1995,9.383136e-03,4.342135e+01,3.764941e-04,2.552118e-04,2995342.141,7.511773e-03,4.518354e+01,2.460055e-04,1.066728e-04,3005277.891,2.500000e-04,8.70,19538.30
1996,8.886395e-03,4.336169e+01,3.424100e-04,2.252252e-04,2995787.891,8.060092e-03,4.314325e+01,1.845676e-04,3.800183e-04,2976720.977,2.500000e-04,8.64,19546.94
1997,8.781936e-03,4.323448e+01,3.137233e-04,2.642510e-04,2994994.092,1.096619e-02,4.202471e+01,3.635669e-04,6.256091e-04,2939475.320,2.500000e-04,9.21,19556.15
1998,8.715055e-03,4.329383e+01,3.162147e-04,2.447050e-04,2994431.252,6.973123e-03,4.473684e+01,1.753364e-04,1.492150e-04,3016115.148,2.500000e-04,8.39,19564.54
1999,8.683790e-03,4.330331e+01,3.101340e-04,2.504239e-04,2995430.537,1.282977e-02,4.644439e+01,5.885969e-04,4.598715e-04,3036816.297,2.500000e-04,8.65,19573.21
2000,9.338490e-03,4.358296e+01,3.755933e-04,2.448523e-04,2995259.689,8.047741e-03,4.246721e+01,3.060166e-04,1.481709e-04,2990004.500,2.500000e-04,9.04,19582.25
2001,8.630432e-03,4.311879e+01,3.158824e-04,2.319461e-04,2995488.686,8.271117e-03,4.449637e+01,2.718475e-04,2.206010e-04,3020589.711,2.500000e-04,13.32,13.32
2002,1.040776e-02,4.407170e+01,4.293087e-04,3.415002e-04,2995114.893,8.607129e-03,4.500809e+01,2.788259e-04,2.636120e-04,3023817.711,2.500000e-04,11.42,24.75
2003,9.218423e-03,4.338180e+01,3.865722e-04,2.029043e-04,2995161.523,6.709303e-03,4.295381e+01,1.876743e-04,1.074358e-04,2996239.234,2.500000e-04,11.09,35.84
2004,8.780705e-03,4.303090e+01,3.368789e-04,2.217652e-04,2996172.762,1.100736e-02,4.426662e+01,5.245265e-04,2.670861e-04,3006316.570,2.500000e-04,11.10,46.94
2005,9.602199e-03,4.410908e+01,3.677856e-04,3.026869e-04,2994869.887,1.197230e-02,4.637917e+01,5.667631e-04,3.333496e-04,3037527.859,2.500000e-04,11.55,58.49
2006,9.379883e-03,4.419703e+01,3.728491e-04,2.463376e-04,2994900.893,8.039043e-03,4.447942e+01,2.302102e-04,2.577999e-04,3027546.305,2.500000e-04,11.56,70.05
2007,9.912548e-03,4.355194e+01,4.135635e-04,2.843438e-04,2994622.281,1.217483e-02,4.612273e+01,6.382032e-04,2.361046e-04,3032204.344,2.500000e-04,13.52,13.52
2008,1.106053e-02,4.511312e+01,5.040561e-04,3.017306e-04,2993718.758,1.002770e-02,4.581575e+01,4.409521e-04,2.073200e-04,2985705.859,2.500000e-04,11.50,25.04
2009,1.055886e-02,4.525413e+01,4.542469e-04,2.981953e-04,2994839.857,8.083980e-03,4.367384e+01,2.853334e-04,1.726523e-04,2977921.859,2.500000e-04,11.41,36.45
2010,9.721789e-03,4.418975e+01,4.046549e-04,2.512530e-04,2994185.033,1.188844e-02,4.609849e+01,5.993304e-04,2.570576e-04,3013388.453,2.500000e-04,11.61,48.07
2011,1.051281e-02,4.446213e+01,4.543609e-04,3.045969e-04,2994767.209,1.069067e-02,4.530085e+01,5.291708e-04,1.737751e-04,3016907.680,2.500000e-04,12.00,60.06
2012,1.023697e-02,4.466616e+01,4.269720e-04,3.001267e-04,2994780.426,1.235260e-02,4.242554e+01,4.775261e-04,6.669579e-04,2956519.344,2.500000e-04,11.29,71.35
2013,9.473873e-03,4.447092e+01,3.952508e-04,2.148546e-04,2995157.352,8.311811e-03,4.515690e+01,3.016513e-04,1.559217e-04,3004551.445,2.500000e-04,11.51,82.86
2014,9.921486e-03,4.450894e+01,4.206977e-04,2.527230e-04,2994672.652,8.717667e-03,4.552816e+01,2.563494e-04,3.202714e-04,3028762.578,2.500000e-04,12.80,12.80
2015,1.063380e-02,4.411239e+01,4.616288e-04,3.212553e-04,2995197.361,1.013519e-02,4.628675e+01,3.920105e-04,3.172819e-04,3024153.883,2.500000e-04,10.88,23.70
2016,9.857729e-03,4.422478e+01,4.214531e-04,2.441441e-04,2994704.818,8.584748e-03,4.335080e+01,2.341079e-04,3.817179e-04,2958094.203,2.500000e-04,10.44,34.14
2017,9.758775e-03,4.462261e+01,4.094079e-04,2.404869e-04,2995640.805,1.413631e-02,4.220072e+01,6.879185e-04,6.074113e-04,2937226.680,2.500000e-04,10.38,44.52
2018,9.785792e-03,4.498587e+01,3.870390e-04,2.833631e-04,2994915.898,9.479872e-03,4.483118e+01,3.617621e-04,2.758265e-04,3021137.070,2.500000e-04,10.66,55.17
2019,9.485752e-03,4.448259e+01,3.569779e-04,2.935428e-04,2994291.158,1.006291e-02,4.534547e+01,4.226324e-04,2.604071e-04,3002356.578,2.500000e-04,10.47,65.64
2020,9.257152e-03,4.387548e+01,3.495073e-04,2.749062e-04,2995116.949,1.110983e-02,4.494303e+01,6.070157e-04,1.090750e-04,3012574.320,2.500000e-04,10.44,76.08
2021,9.409952e-03,4.369951e+01,3.705876e-04,2.668249e-04,2995722.477,9.474974e-03,4.337624e+01,4.159550e-04,1.955600e-04,2981829.734,2.500000e-04,10.66,86.74
2022,1.005553e-02,4.414113e+01,4.090855e-04,3.101127e-04,2994582.340,6.985946e-03,4.224791e+01,1.601308e-04,2.319695e-04,2967221.977,2.500000e-04,10.10,96.84
2023,9.178612e-03,4.376739e+01,3.544875e-04,2.513998e-04,2994604.684,9.434921e-03,4.653196e+01,3.468958e-04,2.625534e-04,3024972.508,2.500000e-04,10.34,107.18
2024,1.043830e-02,4.440957e+01,4.362089e-04,3.270512e-04,2994638.939,1.117037e-02,4.534210e+01,5.603364e-04,2.065597e-04,2984489.656,2.500000e-04,10.39,117.57
2025,9.543987e-03,4.389222e+01,3.727488e-04,2.854553e-04,2994245.758,7.973320e-03,4.516574e+01,2.754955e-04,1.403582e-04,3000712.445,2.500000e-04,10.21,127.77
2026,8.634129e-03,4.372520e+01,3.149588e-04,2.224043e-04,2995031.582,8.907376e-03,4.524234e+01,2.245776e-04,4.274732e-04,3044178.297,2.500000e-04,10.30,138.07
2027,9.146680e-03,4.384899e+01,3.526175e-04,2.471214e-04,2995008.822,1.165031e-02,4.757176e+01,2.957540e-04,7.871198e-04,3071783.547,2.500000e-04,10.18,148.25
2028,1.099549e-02,4.478772e+01,5.011179e-04,3.011071e-04,2995033.543,7.318710e-03,4.349952e+01,2.381231e-04,1.175055e-04,3006352.875,2.500000e-04,10.35,158.60
2029,8.712318e-03,4.345296e+01,3.319190e-04,2.095664e-04,2995162.146,7.087973e-03,4.412828e+01,1.738995e-04,1.872300e-04,3010170.508,2.500000e-04,10.81,169.41
2030,8.895739e-03,4.365316e+01,3.400522e-04,2.259802e-04,2995790.279,1.393306e-02,4.176719e+01,6.378740e-04,6.755209e-04,2938244.047,2.500000e-04,10.47,179.87
2031,9.561976e-03,4.418568e+01,3.768330e-04,2.750155e-04,2994772.258,8.998826e-03,4.365603e+01,2.961743e-04,3.342961e-04,2974895.938,2.500000e-04,10.24,190.11
2032,9.646552e-03,4.383549e+01,3.795212e-04,2.935582e-04,2995071.289,7.938566e-03,4.290977e+01,2.991890e-04,1.311398e-04,2989491.617,2.500000e-04,10.20,200.31
2033,9.300709e-03,4.370019e+01,3.446980e-04,2.967421e-04,2994645.834,7.983127e-03,4.506902e+01,1.622417e-04,3.707616e-04,3021941.016,2.500000e-04,10.20,210.53
2034,9.532321e-03,4.374393e+01,3.757977e-04,2.799901e-04,2995299.525,1.355933e-02,4.211476e+01,5.433202e-04,7.829309e-04,2940646.680,2.500000e-04,10.32,220.86
2035,8.582013e-03,4.359135e+01,3.157943e-04,2.129870e-04,2994386.926,8.065653e-03,4.185382e+01,2.806972e-04,2.146598e-04,2982481.977,2.500000e-04,10.19,231.05
2036,9.213148e-03,4.366779e+01,3.486716e-04,2.719305e-04,2994684.266,1.354775e-02,4.711321e+01,6.141778e-04,5.389311e-04,3057407.117,2.500000e-04,10.40,241.45
2037,9.217004e-03,4.390665e+01,3.656240e-04,2.340200e-04,2995897.883,1.168046e-02,4.215599e+01,3.158215e-04,8.613286e-04,2918543.070,2.500000e-04,10.03,251.48
2038,9.112697e-03,4.374405e+01,3.503030e-04,2.470524e-04,2994991.635,1.037498e-02,4.250203e+01,4.947493e-04,2.354559e-04,2966535.250,2.500000e-04,10.37,261.85
2039,9.094395e-03,4.391817e+01,3.512053e-04,2.381050e-04,2994520.434,7.760680e-03,4.504569e+01,2.232569e-04,2.047086e-04,2991745.695,2.500000e-04,10.42,272.27
2040,1.000949e-02,4.368176e+01,3.928402e-04,3.425817e-04,2995174.730,1.207931e-02,4.540838e+01,5.196404e-04,4.684135e-04,2954460.727,2.500000e-04,10.58,282.86
2041,9.340427e-03,4.387191e+01,3.685755e-04,2.534962e-04,2994328.867,9.543713e-03,4.419643e+01,3.970388e-04,2.307362e-04,3001025.094,2.500000e-04,10.39,293.25
2042,8.793220e-03,4.340052e+01,3.332969e-04,2.240398e-04,2995414.779,7.575362e-03,4.377622e+01,2.521660e-04,1.352161e-04,3005847.633,2.500000e-04,10.38,303.63
2043,8.906591e-03,4.320833e+01,3.476479e-04,2.218559e-04,2995603.836,6.600089e-03,4.390748e+01,1.535410e-04,1.347863e-04,2999538.133,2.500000e-04,10.41,314.04
2044,1.030435e-02,4.364142e+01,4.132526e-04,3.615368e-04,2994629.873,8.431820e-03,4.618838e+01,2.905359e-04,1.815248e-04,3003266.656,2.500000e-04,10.67,324.71
2045,8.500290e-03,4.380475e+01,3.087853e-04,2.063926e-04,2995165.834,1.815754e-02,4.059310e+01,1.130082e-03,5.594816e-04,2960564.211,2.500000e-04,10.40,335.11
2046,8.689272e-03,4.346495e+01,3.180489e-04,2.324578e-04,2995331.869,8.642766e-03,4.372001e+01,3.521413e-04,1.498706e-04,3006322.281,2.500000e-04,10.72,345.83
2047,9.983544e-03,4.411895e+01,4.006826e-04,3.129645e-04,2994039.955,7.709690e-03,4.459219e+01,1.676928e-04,3.147087e-04,3043268.750,2.500000e-04,10.63,356.47
2048,9.027407e-03,4.354305e+01,3.676091e-04,1.994022e-04,2995264.672,1.010342e-02,4.458088e+01,4.389286e-04,2.512100e-04,3034171.703,2.500000e-04,10.66,367.13
2049,9.021640e-03,4.427129e+01,3.353307e-04,2.482409e-04,2995254.035,7.656068e-03,4.460000e+01,2.545443e-04,1.301250e-04,2997761.758,2.500000e-04,10.90,378.02
2050,9.685148e-03,4.386855e+01,3.844534e-04,2.907520e-04,2995245.715,1.039915e-02,4.612665e+01,4.570038e-04,2.432896e-04,3031909.008,2.500000e-04,10.19,388.21
2051,9.166760e-03,4.396583e+01,3.490150e-04,2.560055e-04,2995474.652,8.040707e-03,4.507393e+01,2.925499e-04,1.215631e-04,2992290.477,2.500000e-04,10.18,398.39
2052,9.736600e-03,4.450358e+01,3.821436e-04,2.929611e-04,2994030.621,8.001811e-03,4.572778e+01,2.247345e-04,2.363376e-04,3028850.875,2.500000e-04,10.53,408.91
2053,1.036672e-02,4.497857e+01,4.417093e-04,2.903537e-04,2995179.039,8.433269e-03,4.672039e+01,2.434334e-04,2.653793e-04,3022480.883,2.500000e-04,10.69,419.61
2054,9.446617e-03,4.465261e+01,3.471577e-04,3.019559e-04,2994755.676,8.152295e-03,4.509350e+01,2.531159e-04,2.223575e-04,3022202.578,2.500000e-04,10.68,430.28
2055,9.087936e-03,4.371233e+01,3.572326e-04,2.288754e-04,2994556.377,8.540497e-03,4.717355e+01,2.777646e-04,2.090992e-04,3007500.234,2.500000e-04,10.33,440.62
2056,8.843558e-03,4.400611e+01,3.391516e-04,2.102860e-04,2995568.986,7.477054e-03,4.310922e+01,2.475474e-04,1.381315e-04,2984754.875,2.500000e-04,10.59,451.21
2057,8.991537e-03,4.323003e+01,3.593744e-04,2.149579e-04,2994897.994,1.023279e-02,4.418797e+01,3.017400e-04,5.593193e-04,3023428.367,2.500000e-04,10.28,461.49
2058,9.206299e-03,4.338526e+01,3.578355e-04,2.578835e-04,2995109.684,7.631141e-03,4.345020e+01,2.588785e-04,1.394674e-04,3008382.242,2.500000e-04,10.44,471.94
2059,9.173717e-03,4.329631e+01,3.704130e-04,2.279912e-04,2995111.434,1.561007e-02,4.141041e+01,7.484147e-04,7.969766e-04,2928550.961,2.500000e-04,10.47,482.41
2060,9.697046e-03,4.335743e+01,4.143084e-04,2.436439e-04,2994739.744,6.625185e-03,4.396145e+01,1.541517e-04,1.375046e-04,3006109.609,2.500000e-04,10.70,493.11
2061,1.056605e-02,4.415691e+01,4.479599e-04,3.341526e-04,2994506.467,1.721818e-02,4.130009e+01,9.107794e-04,7.960759e-04,2933568.117,2.500000e-04,10.26,503.36
2062,1.046684e-02,4.467820e+01,4.786764e-04,2.424508e-04,2994193.146,8.542946e-03,4.461113e+01,3.211603e-04,1.740461e-04,3020661.516,2.500000e-04,10.33,513.70
2063,9.562322e-03,4.403020e+01,3.780626e-04,2.757351e-04,2995314.348,7.099937e-03,4.277002e+01,2.136863e-04,1.372144e-04,2998878.695,2.500000e-04,10.57,524.27
2064,9.152954e-03,4.370785e+01,3.438020e-04,2.688298e-04,2994237.908,1.045044e-02,4.575258e+01,4.062442e-04,3.625471e-04,3015795.680,2.500000e-04,10.72,534.99
2065,9.281296e-03,4.373584e+01,3.721122e-04,2.373180e-04,2996302.299,9.004245e-03,4.237335e+01,2.937925e-04,3.657970e-04,2954609.102,2.500000e-04,10.68,545.66
2066,9.829590e-03,4.392823e+01,4.026421e-04,2.820693e-04,2993699.498,1.483869e-02,4.163869e+01,8.300849e-04,4.747950e-04,2958683.047,2.500000e-04,10.61,556.28
2067,9.564959e-03,4.348000e+01,3.919634e-04,2.594649e-04,2996003.908,1.218875e-02,4.219794e+01,5.497300e-04,4.943308e-04,2942562.938,2.500000e-04,10.67,566.94
2068,9.841854e-03,4.421779e+01,4.098429e-04,2.643292e-04,2995380.717,1.021648e-02,4.233329e+01,3.088175e-04,5.789958e-04,2932905.352,2.500000e-04,10.78,577.73
2069,9.344287e-03,4.384540e+01,3.745801e-04,2.427893e-04,2994230.023,1.265715e-02,4.242525e+01,5.615037e-04,5.599177e-04,2966050.609,2.500000e-04,10.49,588.21
2070,9.504557e-03,4.318629e+01,3.796195e-04,2.779467e-04,2994484.086,1.277033e-02,4.667703e+01,6.607591e-04,2.990074e-04,3039892.672,2.500000e-04,10.59,598.80
2071,9.043857e-03,4.392196e+01,3.457326e-04,2.388670e-04,2995044.670,8.570084e-03,4.450793e+01,2.768713e-04,2.701156e-04,3005456.008,2.500000e-04,10.48,609.29
2072,9.472970e-03,4.396654e+01,3.704999e-04,2.742634e-04,2994359.746,9.074694e-03,4.693996e+01,2.875432e-04,3.010532e-04,3014607.648,2.500000e-04,10.57,619.86
2073,9.226673e-03,4.395139e+01,3.652800e-04,2.357470e-04,2995499.477,9.906027e-03,4.613233e+01,3.642344e-04,3.300901e-04,3026162.445,2.500000e-04,10.68,630.54
2074,9.209754e-03,4.351578e+01,3.493247e-04,2.729857e-04,2995266.947,7.878446e-03,4.336889e+01,3.080565e-04,9.219842e-05,3006977.641,2.500000e-04,10.77,641.31
2075,9.058708e-03,4.342719e+01,3.438597e-04,2.554787e-04,2995529.836,7.969887e-03,4.460593e+01,2.603479e-04,1.811630e-04,3022087.812,2.500000e-04,10.78,652.09
2076,9.630569e-03,4.348078e+01,4.113171e-04,2.338640e-04,2994365.840,9.621120e-03,4.481846e+01,3.213032e-04,3.852485e-04,3036647.156,2.500000e-04,10.47,662.56
2077,9.503225e-03,4.359094e+01,3.842906e-04,2.602452e-04,2995371.336,1.088512e-02,4.448170e+01,3.334465e-04,6.204978e-04,2982905.539,2.500000e-04,10.67,673.23
2078,9.165627e-03,4.321224e+01,3.692427e-04,2.303950e-04,2994724.055,9.168902e-03,4.469662e+01,3.193876e-04,3.010730e-04,2983576.328,2.500000e-04,10.47,683.70
2079,9.373206e-03,4.355097e+01,3.700408e-04,2.635403e-04,2995701.311,7.835624e-03,4.398366e+01,1.858862e-04,3.156792e-04,2959978.359,2.500000e-04,10.40,694.10
2080,9.737830e-03,4.367882e+01,3.851898e-04,3.036100e-04,2995570.436,8.283902e-03,4.306337e+01,2.701566e-04,2.551996e-04,2968947.695,2.500000e-04,10.39,704.49
2081,8.835919e-03,4.347796e+01,3.387161e-04,2.201925e-04,2994657.088,6.982773e-03,4.249087e+01,2.242933e-04,9.815084e-05,3001060.609,2.500000e-04,10.35,714.84
2082,9.406026e-03,4.331339e+01,3.739830e-04,2.669714e-04,2994130.811,8.724762e-03,4.332117e+01,2.130068e-04,4.525154e-04,3012453.203,2.500000e-04,10.60,725.44
2083,9.530254e-03,4.377228e+01,3.697871e-04,2.910311e-04,2996128.695,8.038622e-03,4.393849e+01,2.745127e-04,1.799291e-04,2985072.961,2.500000e-04,10.22,735.65
2084,8.971249e-03,4.371412e+01,3.371925e-04,2.455823e-04,2994314.184,1.094767e-02,4.408731e+01,5.728123e-04,1.621640e-04,2999552.727,2.500000e-04,10.47,746.12
2085,9.863585e-03,4.440970e+01,3.882503e-04,3.080225e-04,2994710.113,7.073122e-03,4.358549e+01,1.593689e-04,2.241768e-04,3003615.578,2.500000e-04,10.68,756.80
2086,9.101873e-03,4.373246e+01,3.547067e-04,2.363122e-04,2994939.932,9.120700e-03,4.724050e+01,2.435637e-04,3.922026e-04,3024443.352,2.500000e-04,10.31,767.12
2087,9.445216e-03,4.361082e+01,3.667604e-04,2.833060e-04,2995140.395,1.004213e-02,4.402162e+01,4.355395e-04,2.569152e-04,2980560.336,2.500000e-04,10.25,777.37
2088,9.465462e-03,4.344273e+01,3.937306e-04,2.367767e-04,2994311.875,8.799835e-03,4.531615e+01,3.652589e-04,1.231261e-04,3019888.875,2.500000e-04,10.23,787.60
2089,9.448164e-03,4.386508e+01,3.804961e-04,2.513392e-04,2995023.406,8.819316e-03,4.454046e+01,3.318538e-04,2.093465e-04,2982655.664,2.500000e-04,10.33,797.93
2090,9.103846e-03,4.406683e+01,3.379046e-04,2.636233e-04,2995179.607,1.002140e-02,4.225096e+01,3.914445e-04,3.763725e-04,2952962.367,2.500000e-04,10.39,808.31
2091,9.520022e-03,4.390326e+01,3.752096e-04,2.755200e-04,2994772.232,9.832200e-03,4.433616e+01,3.977866e-04,2.841437e-04,2968539.148,2.500000e-04,10.35,818.67
2092,9.833308e-03,4.375751e+01,4.053939e-04,2.807237e-04,2995015.730,1.022303e-02,4.365489e+01,3.598960e-04,4.517165e-04,2954697.789,2.500000e-04,10.49,829.16
2093,9.350678e-03,4.437863e+01,3.662802e-04,2.500027e-04,2995877.627,9.384782e-03,4.467724e+01,2.217491e-04,5.399135e-04,2950453.797,2.500000e-04,10.32,839.48
2094,9.898455e-03,4.381022e+01,4.109559e-04,2.815749e-04,2993207.506,9.281094e-03,4.424877e+01,3.437048e-04,2.838337e-04,2984963.844,2.500000e-04,10.39,849.87
2095,9.313380e-03,4.395086e+01,3.738449e-04,2.359690e-04,2996146.961,9.483161e-03,4.272444e+01,3.383037e-04,3.655361e-04,2966651.789,2.500000e-04,10.35,860.22
2096,9.600024e-03,4.345934e+01,3.661220e-04,3.185740e-04,2994101.369,8.817900e-03,4.536647e+01,2.596142e-04,3.370224e-04,3044722.656,2.500000e-04,10.27,870.49
2097,9.163167e-03,4.419561e+01,3.419764e-04,2.647684e-04,2994939.014,9.515345e-03,4.511628e+01,4.434986e-04,1.137463e-04,3002189.531,2.500000e-04,10.30,880.78
2098,9.212644e-03,4.374630e+01,3.661145e-04,2.353739e-04,2994770.633,1.145180e-02,4.567918e+01,2.372494e-04,9.022785e-04,3068801.156,2.500000e-04,10.38,891.16
2099,8.846993e-03,4.372747e+01,3.397470e-04,2.153552e-04,2995803.338,1.054325e-02,4.658649e+01,4.945025e-04,1.879147e-04,3008157.695,2.500000e-04,10.37,901.53
2100,9.640045e-03,4.396697e+01,3.906713e-04,2.673270e-04,2994839.012,8.843692e-03,4.333771e+01,2.822234e-04,3.375376e-04,2981196.766,2.500000e-04,10.91,912.44
2101,8.862524e-03,4.356122e+01,3.372991e-04,2.266821e-04,2995784.689,8.566876e-03,4.446082e+01,2.626666e-04,2.988257e-04,2982053.555,2.500000e-04,10.33,922.77
2102,9.494854e-03,4.366482e+01,3.707592e-04,2.841562e-04,2994507.016,9.254161e-03,4.428868e+01,3.982724e-04,1.685138e-04,3000129.961,2.500000e-04,10.24,933.01
2103,8.929929e-03,4.358610e+01,3.284289e-04,2.574061e-04,2994321.752,1.315461e-02,4.340604e+01,6.686248e-04,4.255506e-04,3001540.977,2.500000e-04,10.50,943.51
2104,9.154511e-03,4.354663e+01,3.452992e-04,2.693713e-04,2995374.393,1.060122e-02,4.575326e+01,3.224331e-04,5.603117e-04,3061456.312,2.500000e-04,10.56,954.07
2105,8.876072e-03,4.331576e+01,3.451134e-04,2.186724e-04,2995616.033,7.204355e-03,4.393355e+01,2.048180e-04,1.525642e-04,2992398.586,2.500000e-04,10.75,964.82
2106,9.535654e-03,4.326464e+01,3.922983e-04,2.572413e-04,2994535.082,9.590116e-03,4.390674e+01,4.419724e-04,1.559436e-04,3004932.711,2.500000e-04,10.64,975.46
2107,8.506462e-03,4.279987e+01,2.946647e-04,2.559655e-04,2995589.301,1.754027e-02,4.386308e+01,1.270424e-03,8.994343e-05,3000807.984,2.500000e-04,10.68,986.13
2108,9.361532e-03,4.339435e+01,3.818150e-04,2.407895e-04,2995539.229,1.058492e-02,4.245236e+01,3.068990e-04,6.541390e-04,2942013.664,2.500000e-04,10.62,996.75
2109,9.124689e-03,4.350887e+01,3.516254e-04,2.515095e-04,2995531.092,1.026187e-02,4.328047e+01,4.955599e-04,1.956447e-04,2979673.008,2.500000e-04,10.71,1007.46
2110,8.854724e-03,4.312301e+01,3.334057e-04,2.416733e-04,2994660.947,1.048522e-02,4.516802e+01,4.806118e-04,2.324608e-04,3014106.273,2.500000e-04,10.71,1018.17
2111,9.245056e-03,4.305986e+01,3.669181e-04,2.539777e-04,2994501.273,1.221277e-02,4.689270e+01,4.665999e-04,5.715011e-04,3055159.672,2.500000e-04,10.67,1028.84
2112,9.811420e-03,4.364337e+01,4.209439e-04,2.475288e-04,2994520.445,9.963808e-03,4.492493e+01,3.277379e-04,4.387871e-04,3033534.266,2.500000e-04,10.10,1038.94
2113,9.411273e-03,4.397851e+01,3.791076e-04,2.444692e-04,2995547.721,8.219313e-03,4.385924e+01,2.991064e-04,1.684652e-04,2995252.602,2.500000e-04,10.44,1049.38
2114,9.434431e-03,4.355436e+01,3.679424e-04,2.799142e-04,2995433.900,7.340636e-03,4.356287e+01,1.837495e-04,2.293707e-04,2967564.883,2.500000e-04,10.47,1059.85
2115,9.029547e-03,4.322833e+01,3.465999e-04,2.481430e-04,2994616.824,1.120828e-02,4.628792e+01,4.193790e-04,4.771391e-04,3035440.625,2.500000e-04,11.03,1070.88
2116,9.383729e-03,4.363893e+01,3.821703e-04,2.396267e-04,2996115.461,7.434211e-03,4.172109e+01,1.778799e-04,2.966605e-04,2959293.492,2.500000e-04,10.27,1081.15
2117,1.028189e-02,4.439614e+01,4.365656e-04,2.953241e-04,2994934.555,9.396081e-03,4.255563e+01,1.507868e-04,7.265299e-04,2930919.250,2.500000e-04,10.52,1091.67
2118,8.629912e-03,4.319380e+01,3.173494e-04,2.274076e-04,2994674.195,1.343959e-02,4.446648e+01,6.504033e-04,4.977815e-04,3045159.797,2.500000e-04,10.73,1102.40
2119,9.206250e-03,4.319945e+01,3.614208e-04,2.544194e-04,2995431.695,8.256244e-03,4.372946e+01,3.367689e-04,1.031217e-04,2990471.148,2.500000e-04,10.37,1112.77
2120,9.065799e-03,4.345506e+01,3.509938e-04,2.420711e-04,2994523.076,7.146961e-03,4.312465e+01,2.082884e-04,1.503223e-04,2996614.164,2.500000e-04,10.57,1123.34
2121,8.971336e-03,4.367715e+01,3.311876e-04,2.583490e-04,2995830.178,9.784762e-03,4.437531e+01,4.371950e-04,1.950562e-04,2977145.086,2.500000e-04,10.43,1133.76
2122,8.985335e-03,4.343050e+01,3.339491e-04,2.605587e-04,2995827.139,1.001699e-02,4.120391e+01,3.489235e-04,4.814728e-04,2951796.992,2.500000e-04,10.45,1144.21
2123,9.274166e-03,4.373155e+01,3.464958e-04,2.872107e-04,2993783.045,1.027111e-02,4.473011e+01,4.952165e-04,1.691860e-04,2988100.828,2.500000e-04,10.51,1154.72
2124,8.532522e-03,4.336059e+01,3.074251e-04,2.244423e-04,2996277.867,7.473192e-03,4.405147e+01,2.053556e-04,2.028980e-04,2999561.062,2.500000e-04,10.53,1165.25
2125,9.804499e-03,4.326712e+01,3.881840e-04,3.191893e-04,2993562.041,1.038592e-02,4.575497e+01,3.705604e-04,4.209638e-04,3054328.742,2.500000e-04,10.48,1175.73
2126,9.047632e-03,4.365553e+01,3.564855e-04,2.234448e-04,2995478.510,6.753773e-03,4.214744e+01,1.992897e-04,1.092264e-04,3001064.539,2.500000e-04,10.40,1186.13
2127,8.239443e-03,4.276203e+01,2.958022e-04,2.010435e-04,2995501.861,8.396368e-03,4.357710e+01,2.861308e-04,2.354702e-04,3004093.930,2.500000e-04,10.32,1196.45
2128,9.610502e-03,4.366041e+01,4.097464e-04,2.293995e-04,2994668.316,1.214423e-02,4.628788e+01,6.156202e-04,2.718471e-04,3023801.984,2.500000e-04,10.23,1206.68
2129,9.095996e-03,4.341278e+01,3.514281e-04,2.480872e-04,2995068.754,7.677810e-03,4.428310e+01,2.490312e-04,1.518377e-04,3022061.273,2.500000e-04,10.67,1217.35
2130,8.737176e-03,4.324681e+01,3.302235e-04,2.220519e-04,2995802.387,8.056301e-03,4.485302e+01,1.610742e-04,3.920515e-04,3037149.984,2.500000e-04,10.36,1227.71
2131,9.899904e-03,4.370513e+01,4.053139e-04,2.952502e-04,2995062.365,7.687288e-03,4.749716e+01,2.106172e-04,1.662798e-04,3003107.797,2.500000e-04,10.27,1237.98
2132,9.162867e-03,4.434475e+01,3.429017e-04,2.598749e-04,2995499.252,9.060345e-03,4.282371e+01,3.332838e-04,2.890272e-04,2965401.875,2.500000e-04,10.38,1248.36
2133,9.296128e-03,4.361095e+01,3.652551e-04,2.564963e-04,2995052.457,1.183413e-02,4.332573e+01,6.528475e-04,1.946163e-04,2990801.414,2.500000e-04,10.71,1259.07
2134,8.422321e-03,4.309165e+01,3.085308e-04,2.055696e-04,2995102.439,6.713495e-03,4.303542e+01,1.478177e-04,1.863552e-04,3022610.844,2.500000e-04,10.29,1269.36
2135,9.448906e-03,4.343974e+01,3.601195e-04,3.007475e-04,2994797.174,1.223878e-02,4.371294e+01,5.611061e-04,4.512851e-04,2949057.688,2.500000e-04,10.67,1280.03
2136,9.278331e-03,4.335897e+01,3.568819e-04,2.747231e-04,2994804.713,6.834790e-03,4.420796e+01,1.771842e-04,1.284305e-04,3002395.062,2.500000e-04,10.24,1290.27
2137,9.321575e-03,4.316256e+01,3.872504e-04,2.265631e-04,2995408.547,8.839146e-03,4.294839e+01,3.494221e-04,2.100171e-04,2985791.203,2.500000e-04,10.32,1300.59
2138,9.188671e-03,4.396343e+01,3.590624e-04,2.403408e-04,2995105.408,7.389336e-03,4.255887e+01,2.253962e-04,1.758973e-04,3003013.789,2.500000e-04,10.42,1311.01
2139,8.593016e-03,4.346504e+01,3.108952e-04,2.275120e-04,2995311.176,7.448085e-03,4.276439e+01,2.329668e-04,1.683956e-04,2973006.898,2.500000e-04,10.40,1321.42
2140,9.710098e-03,4.341143e+01,4.090594e-04,2.556722e-04,2994642.328,9.741656e-03,4.418738e+01,4.667136e-04,1.311565e-04,3004394.414,2.500000e-04,10.54,1331.96
2141,8.368405e-03,4.275913e+01,3.058972e-04,2.067040e-04,2995636.445,7.483099e-03,4.436265e+01,1.928783e-04,2.236102e-04,3023799.672,2.500000e-04,10.57,1342.54
2142,9.363284e-03,4.335618e+01,3.590583e-04,2.874165e-04,2994653.289,7.754153e-03,4.250926e+01,3.014406e-04,9.776400e-05,2986362.156,2.500000e-04,10.53,1353.07
2143,9.117502e-03,4.363998e+01,3.771232e-04,1.964543e-04,2995582.887,1.600810e-02,4.120650e+01,8.197650e-04,7.379598e-04,2946537.984,2.500000e-04,10.57,1363.64
2144,1.015059e-02,4.336091e+01,4.045245e-04,3.538504e-04,2994967.621,1.227876e-02,4.659450e+01,6.313483e-04,2.611659e-04,3016370.469,2.500000e-04,10.90,1374.54
2145,9.368020e-03,4.380518e+01,3.730328e-04,2.514348e-04,2994563.609,6.914373e-03,4.358691e+01,2.021878e-04,1.067608e-04,3001942.969,2.500000e-04,10.72,1385.26
2146,9.394244e-03,4.361723e+01,3.550773e-04,2.963497e-04,2994062.586,8.804685e-03,4.588553e+01,3.718509e-04,9.952466e-05,3006877.297,2.500000e-04,10.79,1396.04
2147,9.683667e-03,4.407116e+01,4.081103e-04,2.390897e-04,2996376.738,1.440956e-02,4.563386e+01,7.796429e-04,4.099491e-04,2972686.812,2.500000e-04,10.49,1406.53
2148,9.107184e-03,4.335360e+01,3.694791e-04,2.154065e-04,2994116.527,1.203805e-02,4.681957e+01,4.632944e-04,5.446297e-04,3053771.953,2.500000e-04,10.44,1416.98
2149,9.869773e-03,4.332259e+01,4.036812e-04,3.001403e-04,2995162.467,8.321202e-03,4.418441e+01,2.693177e-04,2.419170e-04,2982160.547,2.500000e-04,10.57,1427.55
2150,9.566682e-03,4.317982e+01,3.899741e-04,2.697917e-04,2995076.688,9.398994e-03,4.466644e+01,4.041937e-04,1.780825e-04,3016490.227,2.500000e-04,10.37,1437.92
2151,8.761674e-03,4.317113e+01,3.240923e-04,2.407276e-04,2995370.705,6.811789e-03,4.417095e+01,1.841049e-04,1.107288e-04,3014780.828,2.500000e-04,10.91,1448.84
2152,8.118651e-03,4.314326e+01,2.741073e-04,2.126505e-04,2995769.369,7.062776e-03,4.286527e+01,1.913978e-04,1.724543e-04,2977551.414,2.500000e-04,10.19,1459.02
2153,8.951778e-03,4.347967e+01,3.359741e-04,2.488141e-04,2994881.129,9.689178e-03,4.305904e+01,3.402993e-04,3.960563e-04,2989894.820,2.500000e-04,10.40,1469.42
2154,8.454220e-03,4.286730e+01,3.225042e-04,1.884898e-04,2995978.633,1.039726e-02,4.030550e+01,4.498192e-04,3.737031e-04,2967135.500,2.500000e-04,10.16,1479.59
2155,8.501898e-03,4.279677e+01,2.994135e-04,2.456171e-04,2994025.723,7.138042e-03,4.455295e+01,2.015497e-04,1.334501e-04,3016770.469,2.500000e-04,10.24,1489.82
2156,8.433582e-03,4.284030e+01,2.998685e-04,2.301734e-04,2996686.406,8.486235e-03,4.208434e+01,3.075017e-04,2.405568e-04,2966049.234,2.500000e-04,10.44,1500.27
2157,8.853641e-03,4.290244e+01,3.343979e-04,2.438837e-04,2994340.471,7.909388e-03,4.340744e+01,2.336302e-04,2.464684e-04,3005130.781,2.500000e-04,10.51,1510.78
2158,9.592341e-03,4.315086e+01,3.757462e-04,3.039585e-04,2995934.801,1.303920e-02,4.321291e+01,8.063557e-04,1.308707e-04,2994183.289,2.500000e-04,10.41,1521.19
2159,9.102367e-03,4.371427e+01,3.669038e-04,2.123804e-04,2994508.783,7.378253e-03,4.416768e+01,2.367547e-04,1.187876e-04,3003376.508,2.500000e-04,10.32,1531.51
2160,8.605423e-03,4.332714e+01,3.082644e-04,2.380129e-04,2995495.410,7.983806e-03,4.316846e+01,3.111871e-04,1.110176e-04,2994532.617,2.500000e-04,10.37,1541.88
2161,9.500226e-03,4.305950e+01,3.671179e-04,3.046194e-04,2994632.422,7.211556e-03,4.376436e+01,2.488726e-04,6.927872e-05,3003575.172,2.500000e-04,10.31,1552.19
2162,8.659599e-03,4.307894e+01,3.242598e-04,2.218213e-04,2995785.000,7.553656e-03,4.228238e+01,2.066312e-04,2.518213e-04,2965684.391,2.500000e-04,10.29,1562.48
2163,9.724932e-03,4.333782e+01,4.207473e-04,2.367354e-04,2995139.436,1.010059e-02,4.152861e+01,3.683539e-04,4.528390e-04,2951248.156,2.500000e-04,10.33,1572.81
2164,9.043486e-03,4.344848e+01,3.364909e-04,2.667458e-04,2994274.182,1.273583e-02,4.941033e+01,6.005421e-04,3.578760e-04,3005846.008,2.500000e-04,10.54,1583.34
2165,8.951352e-03,4.374601e+01,3.294462e-04,2.564577e-04,2995872.416,9.106684e-03,4.556120e+01,2.150105e-04,4.800919e-04,3054162.109,2.500000e-04,10.78,1594.13
2166,9.040113e-03,4.297876e+01,3.405634e-04,2.673206e-04,2994953.160,8.859017e-03,4.455614e+01,3.204094e-04,2.398616e-04,3031219.242,2.500000e-04,10.47,1604.60
2167,8.688361e-03,4.313525e+01,3.230937e-04,2.287799e-04,2995210.385,7.849676e-03,4.308547e+01,2.646065e-04,1.790128e-04,3015046.648,2.500000e-04,10.21,1614.81
2168,8.635983e-03,4.253404e+01,3.204099e-04,2.356961e-04,2995484.811,8.685003e-03,4.430257e+01,2.772482e-04,2.964530e-04,3001288.375,2.500000e-04,10.37,1625.17
2169,8.965614e-03,4.293919e+01,3.522537e-04,2.298316e-04,2995767.689,8.225995e-03,4.327244e+01,3.362611e-04,1.072280e-04,3003226.555,2.500000e-04,10.12,1635.29
2170,8.558452e-03,4.281554e+01,3.103011e-04,2.347775e-04,2995045.385,7.532806e-03,4.231568e+01,1.838387e-04,2.925701e-04,2955991.570,2.500000e-04,10.11,1645.40
2171,8.977618e-03,4.303911e+01,3.600651e-04,2.146112e-04,2994482.764,1.264667e-02,4.668491e+01,5.009556e-04,5.937241e-04,3059815.445,2.500000e-04,10.22,1655.62
2172,9.141173e-03,4.349405e+01,3.708568e-04,2.166401e-04,2995491.678,8.399075e-03,4.439417e+01,3.127172e-04,1.664974e-04,3005336.242,2.500000e-04,10.59,1666.21
2173,9.024521e-03,4.361616e+01,3.358469e-04,2.608872e-04,2995488.812,6.318609e-03,4.228914e+01,1.783662e-04,6.120655e-05,2992932.445,2.500000e-04,10.40,1676.62
2174,8.632286e-03,4.281441e+01,3.259965e-04,2.181759e-04,2995224.059,7.683790e-03,4.160897e+01,2.210821e-04,2.624144e-04,2964469.398,2.500000e-04,10.37,1686.98
2175,8.243782e-03,4.277368e+01,2.888679e-04,2.155469e-04,2995537.652,8.055544e-03,4.342140e+01,3.203973e-04,1.018861e-04,2998781.945,2.500000e-04,10.47,1697.45
2176,8.761531e-03,4.266856e+01,3.244663e-04,2.500023e-04,2995538.307,9.044722e-03,4.301210e+01,3.746050e-04,1.994924e-04,2991625.867,2.500000e-04,10.71,1708.16
2177,8.735432e-03,4.285644e+01,3.155377e-04,2.588821e-04,2995549.133,1.434173e-02,3.988599e+01,5.358587e-04,9.989086e-04,2914545.188,2.500000e-04,10.58,1718.74
2178,8.429048e-03,4.264398e+01,3.089229e-04,2.150843e-04,2995133.857,8.408026e-03,4.277649e+01,2.127464e-04,4.005826e-04,2953206.305,2.500000e-04,10.70,1729.44
2179,9.678886e-03,4.302781e+01,3.953935e-04,2.844340e-04,2995129.576,9.511583e-03,4.279324e+01,3.846339e-04,2.771840e-04,2988620.703,2.500000e-04,10.56,1740.00
2180,8.787191e-03,4.308723e+01,3.392365e-04,2.172206e-04,2995403.543,8.399782e-03,4.437745e+01,3.370370e-04,1.183334e-04,3001134.266,2.500000e-04,10.39,1750.39
2181,8.843261e-03,4.311817e+01,3.229087e-04,2.604713e-04,2994501.527,9.311174e-03,4.393584e+01,3.428279e-04,2.978622e-04,3001147.461,2.500000e-04,10.55,1760.94
2182,9.303614e-03,4.316727e+01,3.548935e-04,2.875905e-04,2995881.506,1.170179e-02,4.027462e+01,3.950352e-04,7.447958e-04,2929808.328,2.500000e-04,10.75,1771.69
2183,9.138320e-03,4.299002e+01,3.738057e-04,2.202521e-04,2995010.211,1.410173e-02,4.174174e+01,6.548153e-04,6.758800e-04,2947226.844,2.500000e-04,10.97,1782.66
2184,9.124813e-03,4.314129e+01,3.600308e-04,2.420752e-04,2993891.754,9.467717e-03,4.554841e+01,2.640790e-04,4.544171e-04,3054161.594,2.500000e-04,10.66,1793.32
2185,8.102920e-03,4.310220e+01,2.747421e-04,2.090557e-04,2996066.035,9.020858e-03,4.357530e+01,4.009496e-04,1.307666e-04,3005169.086,2.500000e-04,10.74,1804.06
2186,8.853963e-03,4.265708e+01,3.375800e-04,2.424911e-04,2995221.527,9.018150e-03,4.412450e+01,3.747936e-04,1.715530e-04,3024330.023,2.500000e-04,10.26,1814.32
2187,9.913793e-03,4.344266e+01,4.316808e-04,2.505437e-04,2995010.180,7.662210e-03,4.359077e+01,3.032601e-04,5.410646e-05,3012142.508,2.500000e-04,10.75,1825.07
2188,8.804715e-03,4.282845e+01,3.450551e-04,2.142638e-04,2995303.248,1.230489e-02,4.622402e+01,4.483169e-04,6.398642e-04,3063835.680,2.500000e-04,10.42,1835.49
2189,9.337252e-03,4.306868e+01,3.792588e-04,2.475592e-04,2995711.453,1.112918e-02,4.196135e+01,3.751027e-04,6.364045e-04,2936222.227,2.500000e-04,10.24,1845.73
2190,9.065918e-03,4.341202e+01,3.534549e-04,2.380335e-04,2994105.771,1.039962e-02,4.533905e+01,3.937777e-04,3.855876e-04,3047972.414,2.500000e-04,10.14,1855.88
2191,9.841020e-03,4.435275e+01,3.941806e-04,2.927879e-04,2994997.613,1.120793e-02,4.482136e+01,4.773000e-04,3.905582e-04,3049873.602,2.500000e-04,10.34,1866.22
2192,9.235824e-03,4.364583e+01,3.574804e-04,2.592875e-04,2995229.441,1.197148e-02,4.773750e+01,5.787088e-04,2.821285e-04,3030663.273,2.500000e-04,10.16,1876.38
2193,9.919281e-03,4.407504e+01,4.153188e-04,2.717180e-04,2994966.965,6.946252e-03,4.290198e+01,1.766068e-04,1.779972e-04,2974961.219,2.500000e-04,10.55,1886.93
2194,9.558290e-03,4.373713e+01,3.964554e-04,2.440045e-04,2995043.912,9.763780e-03,4.496595e+01,3.981050e-04,2.572270e-04,3030730.859,2.500000e-04,10.35,1897.28
2195,9.075132e-03,4.349512e+01,3.456149e-04,2.538944e-04,2995170.111,1.027902e-02,4.510243e+01,3.986565e-04,3.564432e-04,3010716.586,2.500000e-04,10.46,1907.74
2196,8.623862e-03,4.308815e+01,3.179921e-04,2.270253e-04,2994826.229,7.292561e-03,4.230322e+01,2.313000e-04,1.498479e-04,2975600.742,2.500000e-04,10.30,1918.04
2197,8.757393e-03,4.285994e+01,3.304376e-04,2.334046e-04,2994818.525,9.426793e-03,4.575992e+01,3.017275e-04,3.667054e-04,3035894.703,2.500000e-04,10.32,1928.36
2198,9.482620e-03,4.321934e+01,3.739394e-04,2.842584e-04,2996502.580,1.144961e-02,4.374022e+01,6.288245e-04,1.574683e-04,2999834.055,2.500000e-04,10.19,1938.55
2199,8.844382e-03,4.317825e+01,3.337722e-04,2.377671e-04,2994175.541,8.555179e-03,4.393551e+01,3.208621e-04,1.906015e-04,3031026.500,2.500000e-04,10.27,1948.82
2200,9.221632e-03,4.321365e+01,3.597431e-04,2.605674e-04,2994610.168,8.339917e-03,4.446835e+01,3.300115e-04,1.185932e-04,3019089.391,2.500000e-04,10.35,1959.17
2201,9.238144e-03,4.309611e+01,3.693619e-04,2.469827e-04,2995378.379,7.339642e-03,4.358467e+01,2.427916e-04,1.106517e-04,2996277.586,2.500000e-04,10.25,1969.41
2202,8.801883e-03,4.297098e+01,3.409177e-04,2.191217e-04,2994994.521,8.997509e-03,4.308461e+01,3.557395e-04,2.263306e-04,3021645.406,2.500000e-04,10.20,1979.61
2203,8.725343e-03,4.275437e+01,3.275719e-04,2.348375e-04,2995734.066,7.793572e-03,4.263462e+01,2.693221e-04,1.673779e-04,3007039.008,2.500000e-04,10.36,1989.97
2204,9.178945e-03,4.293547e+01,3.461272e-04,2.848252e-04,2995150.121,6.680539e-03,4.266855e+01,2.059318e-04,7.087313e-05,2996913.695,2.500000e-04,10.21,2000.18
2205,8.834496e-03,4.243246e+01,3.461651e-04,2.259197e-04,2994886.777,7.074327e-03,4.190120e+01,1.847725e-04,2.072966e-04,3008935.484,2.500000e-04,10.34,2010.51
2206,8.721705e-03,4.235596e+01,3.232720e-04,2.506779e-04,2995749.582,9.412896e-03,4.160451e+01,4.290081e-04,1.924728e-04,2970540.133,2.500000e-04,10.44,2020.96
2207,8.420865e-03,4.278940e+01,2.866942e-04,2.549968e-04,2995065.516,7.468339e-03,4.208784e+01,2.632683e-04,1.253746e-04,3018067.141,2.500000e-04,10.30,2031.25
2208,8.793966e-03,4.213600e+01,3.360480e-04,2.439772e-04,2995106.869,1.108063e-02,4.613154e+01,4.468236e-04,3.998487e-04,3048102.305,2.500000e-04,10.39,2041.64
2209,9.275413e-03,4.342135e+01,3.687563e-04,2.491432e-04,2995157.818,1.053592e-02,4.166211e+01,4.764573e-04,3.210274e-04,2980060.094,2.500000e-04,10.29,2051.93
2210,9.032763e-03,4.305085e+01,3.586026e-04,2.283306e-04,2995480.848,6.796252e-03,4.241464e+01,2.130117e-04,8.493434e-05,3003873.984,2.500000e-04,10.46,2062.39
2211,9.187711e-03,4.326769e+01,3.566114e-04,2.589657e-04,2994560.113,8.126990e-03,4.457501e+01,3.156145e-04,1.026689e-04,3007117.953,2.500000e-04,10.81,2073.20
2212,9.080990e-03,4.327951e+01,3.584144e-04,2.337789e-04,2995373.449,9.551907e-03,4.345326e+01,4.179874e-04,2.053416e-04,2974080.539,2.500000e-04,10.59,2083.79
2213,9.019605e-03,4.351471e+01,3.365573e-04,2.605121e-04,2994675.568,7.170496e-03,4.260538e+01,2.298458e-04,1.223000e-04,2994157.508,2.500000e-04,10.64,2094.42
2214,8.744508e-03,4.275959e+01,3.185765e-04,2.565570e-04,2995207.092,1.064978e-02,4.726944e+01,2.886911e-04,6.071852e-04,3059755.219,2.500000e-04,10.86,2105.29
2215,8.802415e-03,4.365430e+01,3.235954e-04,2.402062e-04,2996118.387,8.605691e-03,4.398038e+01,2.431187e-04,3.552931e-04,3021103.828,2.500000e-04,10.65,2115.93
2216,8.832333e-03,4.287595e+01,3.325336e-04,2.438805e-04,2995806.869,1.000853e-02,4.151753e+01,2.928828e-04,5.855906e-04,2947037.203,2.500000e-04,10.60,2126.53
2217,8.760248e-03,4.281328e+01,3.239097e-04,2.479648e-04,2995062.350,1.158835e-02,4.413606e+01,6.281358e-04,1.786766e-04,3016005.938,2.500000e-04,10.55,2137.08
2218,8.901444e-03,4.307285e+01,3.347617e-04,2.493084e-04,2994912.141,7.716180e-03,4.248499e+01,2.600341e-04,1.734679e-04,2990578.320,2.500000e-04,10.76,2147.84
2219,8.379185e-03,4.277556e+01,3.200760e-04,1.801737e-04,2995913.105,1.288243e-02,4.307644e+01,6.159622e-04,4.830324e-04,2960731.375,2.500000e-04,10.59,2158.43
2220,9.582621e-03,4.282448e+01,3.816430e-04,2.967487e-04,2994373.986,1.066302e-02,4.427158e+01,5.126644e-04,2.218436e-04,2997317.969,2.500000e-04,10.66,2169.09
2221,9.269937e-03,4.290267e+01,3.620559e-04,2.718222e-04,2993913.104,2.055596e-02,4.608648e+01,1.319427e-03,5.506075e-04,3047475.977,2.500000e-04,10.89,2179.98
2222,1.073501e-02,4.384644e+01,4.693765e-04,3.313195e-04,2996634.949,9.405381e-03,4.478656e+01,4.253498e-04,1.346453e-04,2993805.914,2.500000e-04,10.58,2190.56
2223,9.118553e-03,4.366619e+01,3.481732e-04,2.540405e-04,2993933.523,7.345745e-03,4.300945e+01,1.782811e-04,2.523978e-04,2983273.766,2.500000e-04,10.58,2201.14
2224,9.230474e-03,4.357790e+01,3.536384e-04,2.672600e-04,2994533.504,7.064424e-03,4.388719e+01,2.195858e-04,9.596931e-05,3006155.227,2.500000e-04,10.48,2211.62
2225,8.796873e-03,4.312677e+01,3.522105e-04,1.924182e-04,2995151.812,7.099241e-03,4.458014e+01,1.593964e-04,2.094526e-04,3031039.500,2.500000e-04,10.53,2222.15
2226,9.806818e-03,4.309187e+01,4.027047e-04,2.941168e-04,2994890.449,8.233482e-03,4.471226e+01,3.064016e-04,1.396479e-04,3006636.391,2.500000e-04,10.41,2232.57
2227,8.850434e-03,4.300566e+01,3.386873e-04,2.325991e-04,2995928.834,7.981432e-03,4.306795e+01,2.887045e-04,1.575184e-04,2998757.141,2.500000e-04,10.43,2242.99
2228,8.855935e-03,4.293765e+01,3.450946e-04,2.222447e-04,2994980.807,7.987305e-03,4.316636e+01,2.204522e-04,2.932295e-04,2979566.109,2.500000e-04,10.21,2253.20
2229,8.151855e-03,4.276300e+01,2.817102e-04,2.116906e-04,2995559.211,8.618922e-03,4.415089e+01,3.449283e-04,1.509099e-04,3010063.430,2.500000e-04,10.45,2263.65
2230,8.750753e-03,4.250949e+01,3.191662e-04,2.616284e-04,2995715.033,7.987373e-03,4.040095e+01,2.866386e-04,2.161784e-04,2965368.344,2.500000e-04,10.24,2273.90
2231,8.903775e-03,4.239535e+01,3.398054e-04,2.532373e-04,2995249.957,8.182384e-03,4.337092e+01,3.209350e-04,1.271884e-04,3015240.250,2.500000e-04,10.31,2284.21
2232,9.588267e-03,4.331911e+01,3.717402e-04,3.077907e-04,2994617.391,7.184180e-03,4.299769e+01,2.366775e-04,1.035273e-04,2985968.977,2.500000e-04,10.40,2294.61
2233,8.986851e-03,4.297032e+01,3.617039e-04,2.145560e-04,2995031.666,1.151458e-02,4.576654e+01,4.786665e-04,4.302522e-04,2988252.789,2.500000e-04,10.42,2305.03
2234,9.653269e-03,4.333821e+01,4.165796e-04,2.307304e-04,2995350.994,7.583790e-03,4.242422e+01,2.674491e-04,1.333755e-04,2987221.617,2.500000e-04,10.10,2315.13
2235,8.804951e-03,4.288486e+01,3.374286e-04,2.284358e-04,2995554.732,7.944845e-03,4.138044e+01,2.793608e-04,2.026386e-04,2991172.367,2.500000e-04,10.33,2325.46
2236,1.006793e-02,4.304376e+01,4.587922e-04,2.351256e-04,2995131.428,7.244315e-03,4.286526e+01,2.067176e-04,1.781227e-04,2975741.688,2.500000e-04,10.34,2335.81
2237,8.844170e-03,4.312794e+01,3.457525e-04,2.147703e-04,2995171.826,8.649062e-03,4.280781e+01,3.013128e-04,2.710307e-04,3007843.875,2.500000e-04,10.31,2346.12
2238,9.504312e-03,4.338695e+01,3.828282e-04,2.674671e-04,2994083.193,7.810498e-03,4.335902e+01,2.538420e-04,1.872352e-04,2980606.289,2.500000e-04,10.38,2356.53
2239,8.772688e-03,4.347360e+01,3.327210e-04,2.196235e-04,2995425.434,6.529507e-03,4.279366e+01,1.923128e-04,6.540265e-05,2999626.852,2.500000e-04,10.40,2366.93
2240,9.843409e-03,4.334117e+01,4.275502e-04,2.467578e-04,2994568.576,9.286226e-03,4.689896e+01,3.599654e-04,1.993353e-04,3018011.492,2.500000e-04,10.50,2377.44
2241,9.008039e-03,4.317746e+01,3.584918e-04,2.210750e-04,2995299.572,1.291947e-02,4.193850e+01,6.902961e-04,3.645322e-04,3021362.633,2.500000e-04,10.66,2388.10
2242,1.033698e-02,4.328313e+01,4.525883e-04,2.965567e-04,2994342.344,9.678873e-03,4.419164e+01,3.727881e-04,3.063655e-04,3000989.062,2.500000e-04,10.46,2398.56
2243,9.054041e-03,4.296849e+01,3.346120e-04,2.822145e-04,2994186.814,1.235329e-02,4.627947e+01,5.292440e-04,4.865798e-04,3057374.539,2.500000e-04,10.33,2408.90
2244,9.154225e-03,4.323905e+01,3.561908e-04,2.536825e-04,2995851.857,8.246089e-03,4.360780e+01,3.261718e-04,1.247183e-04,3021285.055,2.500000e-04,10.36,2419.25
2245,8.490635e-03,4.292816e+01,3.040200e-04,2.315239e-04,2996152.400,8.639713e-03,4.220686e+01,2.430936e-04,3.976183e-04,2952551.258,2.500000e-04,10.40,2429.66
2246,9.410921e-03,4.337117e+01,3.699042e-04,2.749526e-04,2994266.975,7.508225e-03,4.382500e+01,2.726053e-04,7.993423e-05,2991497.773,2.500000e-04,10.39,2440.05
2247,8.983883e-03,4.304272e+01,3.567719e-04,2.223785e-04,2995375.482,8.134047e-03,4.332717e+01,2.743714e-04,2.115231e-04,2979164.984,2.500000e-04,10.49,2450.54
2248,8.494971e-03,4.264102e+01,3.176335e-04,2.109068e-04,2995568.234,1.048985e-02,4.265208e+01,5.365337e-04,1.718614e-04,2980928.641,2.500000e-04,10.75,2461.29
2249,8.637020e-03,4.301299e+01,3.164686e-04,2.342069e-04,2995256.148,8.031168e-03,4.352050e+01,2.141587e-04,3.075062e-04,3036584.508,2.500000e-04,10.45,2471.74
2250,9.479687e-03,4.333600e+01,3.960446e-04,2.371284e-04,2994821.455,9.158930e-03,4.418834e+01,3.445858e-04,2.588478e-04,3014317.180,2.500000e-04,10.59,2482.34
2251,9.226621e-03,4.343114e+01,3.702222e-04,2.362569e-04,2995060.861,1.113280e-02,4.626056e+01,5.306434e-04,2.400619e-04,3022086.273,2.500000e-04,10.82,2493.16
2252,8.661516e-03,4.295333e+01,3.146736e-04,2.438894e-04,2995852.982,1.029599e-02,4.243879e+01,4.542290e-04,3.019633e-04,2958894.992,2.500000e-04,10.61,2503.77
2253,9.371138e-03,4.254123e+01,3.873780e-04,2.486470e-04,2995768.084,9.177008e-03,4.382574e+01,3.688976e-04,2.210918e-04,3035518.523,2.500000e-04,10.67,2514.44
2254,9.292787e-03,4.319423e+01,3.804522e-04,2.337683e-04,2994141.176,7.180649e-03,4.154747e+01,2.221418e-04,1.608967e-04,2980225.359,2.500000e-04,10.63,2525.07
2255,8.497454e-03,4.256814e+01,3.246108e-04,1.989066e-04,2995193.941,7.756079e-03,4.371944e+01,2.726557e-04,1.315155e-04,3004702.062,2.500000e-04,11.13,2536.20
2256,8.653735e-03,4.236365e+01,3.230915e-04,2.372909e-04,2995191.367,1.044613e-02,4.596799e+01,2.494900e-04,6.708855e-04,3065034.320,2.500000e-04,10.73,2546.94
2257,8.841784e-03,4.292979e+01,3.432812e-04,2.231986e-04,2996201.000,1.042098e-02,4.401158e+01,4.752940e-04,2.533759e-04,2978695.555,2.500000e-04,10.51,2557.45
2258,9.985313e-03,4.370115e+01,3.969902e-04,3.290593e-04,2993927.105,1.317940e-02,4.629437e+01,7.455688e-04,2.188548e-04,2996934.977,2.500000e-04,10.39,2567.84
2259,8.967252e-03,4.354734e+01,3.215324e-04,2.794389e-04,2994838.979,1.042732e-02,4.296837e+01,5.060047e-04,2.140882e-04,2996943.133,2.500000e-04,10.33,2578.18
2260,9.618843e-03,4.329723e+01,3.858074e-04,2.862092e-04,2994891.143,1.970951e-02,4.719809e+01,1.290051e-03,4.178382e-04,3036315.609,2.500000e-04,10.61,2588.79
2261,1.032048e-02,4.399155e+01,4.333701e-04,3.175242e-04,2994978.850,1.521165e-02,4.358372e+01,6.498118e-04,8.710319e-04,2933538.211,2.500000e-04,10.72,2599.51
2262,8.842614e-03,4.350549e+01,3.435687e-04,2.112756e-04,2995928.078,6.420979e-03,4.219072e+01,1.781587e-04,8.406409e-05,2993740.203,2.500000e-04,10.28,2609.79
2263,8.787161e-03,4.272615e+01,3.309197e-04,2.410698e-04,2995809.291,1.255109e-02,4.139906e+01,5.119089e-04,6.584185e-04,2964609.805,2.500000e-04,10.24,2620.04
2264,9.731409e-03,4.323670e+01,3.795609e-04,3.224261e-04,2994952.416,8.047033e-03,4.298684e+01,3.248553e-04,9.995930e-05,3000160.781,2.500000e-04,10.49,2630.53
2265,8.671138e-03,4.291155e+01,3.247699e-04,2.264569e-04,2994814.520,1.046433e-02,4.445361e+01,3.562738e-04,4.912471e-04,3050216.312,2.500000e-04,10.23,2640.76
2266,8.985772e-03,4.290288e+01,3.639640e-04,2.111689e-04,2995506.275,7.949628e-03,4.130591e+01,2.735412e-04,2.167251e-04,2971772.812,2.500000e-04,10.25,2651.01
2267,8.737370e-03,4.299107e+01,3.233943e-04,2.408639e-04,2995891.303,7.974302e-03,4.188888e+01,2.602457e-04,2.365915e-04,2967788.438,2.500000e-04,10.52,2661.53
2268,9.111306e-03,4.285559e+01,3.841910e-04,1.967673e-04,2994405.486,9.022736e-03,4.255628e+01,3.713946e-04,2.106323e-04,2984211.953,2.500000e-04,10.71,2672.24
2269,8.808333e-03,4.288345e+01,3.575895e-04,1.888185e-04,2995762.619,8.564650e-03,4.230530e+01,3.245979e-04,2.176282e-04,2979533.133,2.500000e-04,10.45,2682.70
2270,8.807613e-03,4.304551e+01,3.380437e-04,2.245251e-04,2995347.264,9.353521e-03,4.225035e+01,3.913559e-04,2.429856e-04,2967430.109,2.500000e-04,10.43,2693.12
2271,9.041254e-03,4.294924e+01,3.525141e-04,2.442380e-04,2995033.930,8.508936e-03,4.502377e+01,2.777233e-04,2.458652e-04,3018769.367,2.500000e-04,10.54,2703.66
2272,9.123363e-03,4.340288e+01,3.592180e-04,2.381790e-04,2994796.809,1.725416e-02,4.774487e+01,1.069232e-03,3.574699e-04,3036597.242,2.500000e-04,10.35,2714.01
2273,9.165874e-03,4.362353e+01,3.525909e-04,2.555225e-04,2995503.033,7.023610e-03,4.290598e+01,1.935492e-04,1.595040e-04,2978401.820,2.500000e-04,10.40,2724.41
2274,8.853213e-03,4.328882e+01,3.449885e-04,2.148892e-04,2994795.631,1.331899e-02,4.383970e+01,6.974580e-04,3.920881e-04,3024485.734,2.500000e-04,10.34,2734.75
2275,9.210746e-03,4.312120e+01,3.602791e-04,2.591670e-04,2995186.092,6.678775e-03,4.314632e+01,2.002113e-04,7.240595e-05,3012343.664,2.500000e-04,10.48,2745.23
2276,8.757877e-03,4.274572e+01,3.326990e-04,2.312630e-04,2995996.498,8.658778e-03,4.340798e+01,3.424836e-04,1.786289e-04,2992798.477,2.500000e-04,10.37,2755.60
2277,9.237197e-03,4.372337e+01,3.639089e-04,2.451542e-04,2994523.293,9.359408e-03,4.296967e+01,4.257672e-04,1.609537e-04,3020294.695,2.500000e-04,10.43,2766.02
2278,1.009502e-02,4.373635e+01,4.262758e-04,2.917253e-04,2995890.650,1.203789e-02,4.207695e+01,4.838160e-04,5.984075e-04,2944318.492,2.500000e-04,10.45,2776.48
2279,9.276876e-03,4.314215e+01,3.724789e-04,2.475743e-04,2994241.160,9.731293e-03,4.405932e+01,4.820621e-04,1.009479e-04,2990193.297,2.500000e-04,10.87,2787.35
2280,8.957325e-03,4.325578e+01,3.301077e-04,2.661340e-04,2993812.955,1.508585e-02,4.485791e+01,8.749106e-04,3.701916e-04,3043808.023,2.500000e-04,10.71,2798.06
2281,9.386536e-03,4.297374e+01,3.794442e-04,2.589439e-04,2996548.023,8.446890e-03,4.398281e+01,2.199030e-04,3.699159e-04,2975363.734,2.500000e-04,10.96,2809.02
2282,8.748853e-03,4.277201e+01,3.106634e-04,2.730037e-04,2994944.016,8.884076e-03,4.397692e+01,3.717000e-04,1.538768e-04,2987758.672,2.500000e-04,10.78,2819.80
2283,8.680201e-03,4.310165e+01,3.134406e-04,2.471258e-04,2995493.145,1.038741e-02,4.140477e+01,4.862379e-04,2.769098e-04,2968992.758,2.500000e-04,10.31,2830.11
2284,1.003624e-02,4.357173e+01,4.318732e-04,2.720669e-04,2994958.504,7.418691e-03,4.265450e+01,2.501964e-04,1.302554e-04,2979751.125,2.500000e-04,10.32,2840.43
2285,9.716151e-03,4.354125e+01,4.229022e-04,2.266008e-04,2994741.211,8.755537e-03,4.270403e+01,3.094292e-04,2.781684e-04,2986289.781,2.500000e-04,10.35,2850.78
2286,1.022679e-02,4.424883e+01,4.170774e-04,3.262269e-04,2995172.365,7.725047e-03,4.426932e+01,2.290503e-04,2.015224e-04,2981127.031,2.500000e-04,10.42,2861.20
2287,9.644754e-03,4.394633e+01,3.985066e-04,2.530112e-04,2995063.949,8.361571e-03,4.219905e+01,2.562424e-04,3.158484e-04,2959123.453,2.500000e-04,10.64,2871.85
2288,9.211950e-03,4.358404e+01,3.595160e-04,2.516772e-04,2994908.832,6.828656e-03,4.247059e+01,1.873082e-04,1.417031e-04,2987664.617,2.500000e-04,10.59,2882.44
2289,9.094161e-03,4.316829e+01,3.497681e-04,2.559303e-04,2995579.043,7.908257e-03,4.332320e+01,2.629666e-04,1.892543e-04,2975646.312,2.500000e-04,10.45,2892.89
2290,9.381463e-03,4.337034e+01,3.656084e-04,2.776689e-04,2994448.047,6.748653e-03,4.389543e+01,1.878933e-04,9.603538e-05,2982672.852,2.500000e-04,10.33,2903.22
2291,8.700465e-03,4.304127e+01,3.137934e-04,2.516808e-04,2995969.045,6.576762e-03,4.275646e+01,1.878102e-04,8.460260e-05,2997363.008,2.500000e-04,10.44,2913.66
2292,9.176997e-03,4.239280e+01,3.582942e-04,2.709550e-04,2993334.781,1.743353e-02,4.751337e+01,1.157987e-03,2.204660e-04,3026709.719,2.500000e-04,10.29,2923.95
2293,9.678557e-03,4.372826e+01,4.040707e-04,2.530048e-04,2996297.814,7.693776e-03,4.500791e+01,1.971014e-04,2.443944e-04,3018766.953,2.500000e-04,10.34,2934.29
2294,9.390495e-03,4.383766e+01,3.786787e-04,2.439884e-04,2994726.477,8.201291e-03,4.471873e+01,2.806557e-04,1.845721e-04,3029424.031,2.500000e-04,10.35,2944.64
2295,9.084923e-03,4.303722e+01,3.494927e-04,2.572548e-04,2995365.197,8.798584e-03,4.141163e+01,2.742135e-04,3.830571e-04,2976229.023,2.500000e-04,10.82,2955.45
2296,9.414899e-03,4.377311e+01,3.755805e-04,2.563565e-04,2994330.258,1.164094e-02,4.565628e+01,5.778747e-04,2.593132e-04,3030949.695,2.500000e-04,10.59,2966.04
2297,8.961228e-03,4.355575e+01,3.286800e-04,2.637705e-04,2995588.539,8.409132e-03,4.106516e+01,2.651270e-04,3.302691e-04,2960154.797,2.500000e-04,10.13,2976.17
2298,9.279497e-03,4.326013e+01,3.644644e-04,2.617680e-04,2995032.732,9.073135e-03,4.213378e+01,3.701509e-04,2.316497e-04,2965553.406,2.500000e-04,10.15,2986.32
2299,9.675158e-03,4.345452e+01,4.166414e-04,2.326583e-04,2995129.967,6.475501e-03,4.349332e+01,1.574727e-04,1.102884e-04,2990996.750,2.500000e-04,10.49,2996.81
2300,8.894179e-03,4.302416e+01,3.412801e-04,2.357926e-04,2995412.197,8.398648e-03,4.306056e+01,2.583594e-04,3.017997e-04,2957259.250,2.500000e-04,10.01,3006.82
2301,8.663112e-03,4.264313e+01,3.426063e-04,1.945471e-04,2995590.318,7.449232e-03,4.331842e+01,2.030494e-04,2.173793e-04,3031315.000,2.500000e-04,10.28,3017.10
2302,8.922792e-03,4.305458e+01,3.398225e-04,2.438219e-04,2994721.982,6.531820e-03,4.233248e+01,1.874824e-04,8.474974e-05,2991392.406,2.500000e-04,10.27,3027.37
2303,8.529695e-03,4.281267e+01,3.154352e-04,2.188153e-04,2995411.533,8.242651e-03,4.424666e+01,2.956192e-04,1.723589e-04,3031964.039,2.500000e-04,10.67,3038.04
2304,9.430861e-03,4.368576e+01,3.845385e-04,2.433801e-04,2994915.037,8.125543e-03,4.497569e+01,2.711631e-04,1.832688e-04,2994178.680,2.500000e-04,10.33,3048.37
2305,8.384466e-03,4.350112e+01,3.161609e-04,1.745491e-04,2995012.797,8.522174e-03,4.504729e+01,2.624343e-04,2.786204e-04,3028501.617,2.500000e-04,10.36,3058.73
2306,8.833731e-03,4.288470e+01,3.397470e-04,2.295583e-04,2995487.561,9.510740e-03,4.343569e+01,4.333927e-04,1.666488e-04,2978468.008,2.500000e-04,10.36,3069.09
2307,8.433159e-03,4.251559e+01,3.290989e-04,1.781222e-04,2995744.139,8.208321e-03,4.158624e+01,2.935186e-04,2.229023e-04,2987247.781,2.500000e-04,10.31,3079.41
2308,8.504918e-03,4.249978e+01,3.134219e-04,2.241442e-04,2995292.498,7.754197e-03,4.268614e+01,2.241780e-04,2.487607e-04,2969929.242,2.500000e-04,10.26,3089.67
2309,8.514764e-03,4.254526e+01,3.145189e-04,2.230098e-04,2995875.529,9.091708e-03,4.117646e+01,3.729483e-04,2.489158e-04,2963511.859,2.500000e-04,10.69,3100.36
2310,9.051070e-03,4.292463e+01,3.527471e-04,2.462272e-04,2995565.445,1.136781e-02,4.329142e+01,5.243712e-04,3.589906e-04,2969234.117,2.500000e-04,10.23,3110.59
2311,9.739096e-03,4.353789e+01,4.127441e-04,2.515733e-04,2994151.170,1.210936e-02,4.394737e+01,6.910033e-04,1.609184e-04,3025276.734,2.500000e-04,10.29,3120.88
2312,9.117894e-03,4.315120e+01,3.581175e-04,2.443198e-04,2994697.895,1.184757e-02,4.571048e+01,5.566433e-04,3.420177e-04,3039470.172,2.500000e-04,10.54,3131.43
2313,9.364156e-03,4.329613e+01,3.686056e-04,2.696976e-04,2995691.426,7.598964e-03,4.090905e+01,2.204170e-04,2.607778e-04,2968049.016,2.500000e-04,10.40,3141.83
2314,8.621363e-03,4.268959e+01,3.305801e-04,2.093207e-04,2995413.438,1.162738e-02,4.483641e+01,6.133158e-04,2.021169e-04,3020909.492,2.500000e-04,10.69,3152.52
2315,9.267107e-03,4.291721e+01,3.536967e-04,2.876837e-04,2995084.258,7.640787e-03,4.292114e+01,2.162784e-04,2.371779e-04,3015966.648,2.500000e-04,10.13,3162.66
2316,9.622373e-03,4.329621e+01,4.013373e-04,2.558758e-04,2995214.107,7.896290e-03,4.465370e+01,2.591260e-04,1.679320e-04,3009544.875,2.500000e-04,10.41,3173.06
2317,8.658497e-03,4.314333e+01,3.413661e-04,1.861007e-04,2995232.631,7.374621e-03,4.304140e+01,2.344250e-04,1.452463e-04,2981057.289,2.500000e-04,10.63,3183.70
2318,8.766806e-03,4.303251e+01,3.254895e-04,2.417320e-04,2995190.561,8.195353e-03,4.214740e+01,1.763749e-04,4.433729e-04,2941018.398,2.500000e-04,10.29,3193.99
2319,8.107346e-03,4.205082e+01,2.822388e-04,2.159753e-04,2995285.387,1.165446e-02,4.437299e+01,5.058304e-04,4.317723e-04,3047146.594,2.500000e-04,10.52,3204.51
2320,8.764550e-03,4.278132e+01,3.317053e-04,2.338731e-04,2996037.619,1.134405e-02,4.309051e+01,4.618759e-04,4.832475e-04,2945771.719,2.500000e-04,10.34,3214.85
2321,8.727555e-03,4.293340e+01,3.340715e-04,2.186999e-04,2995089.795,7.701569e-03,4.272242e+01,2.554227e-04,1.750202e-04,3004411.164,2.500000e-04,10.50,3225.35
2322,9.245539e-03,4.316643e+01,3.604581e-04,2.648629e-04,2994683.166,8.237091e-03,4.477439e+01,2.634668e-04,2.249969e-04,3035381.758,2.500000e-04,10.71,3236.07
2323,8.711956e-03,4.345264e+01,3.258186e-04,2.217013e-04,2995942.033,1.015880e-02,3.981114e+01,4.309564e-04,3.736243e-04,2971999.812,2.500000e-04,10.64,3246.70
2324,9.650474e-03,4.341798e+01,4.065000e-04,2.487352e-04,2994762.984,7.564238e-03,4.363507e+01,2.564804e-04,1.271856e-04,2997497.273,2.500000e-04,10.59,3257.29
2325,8.504149e-03,4.305807e+01,3.314432e-04,1.767820e-04,2995373.174,7.037502e-03,4.395530e+01,1.983716e-04,1.316513e-04,3005394.586,2.500000e-04,10.50,3267.79
2326,8.824983e-03,4.317420e+01,3.413748e-04,2.187631e-04,2995661.084,6.498033e-03,4.366026e+01,1.694531e-04,8.749527e-05,2994567.023,2.500000e-04,10.72,3278.51
2327,9.127890e-03,4.325745e+01,3.501460e-04,2.601370e-04,2995115.805,7.297177e-03,4.364257e+01,2.307952e-04,1.249936e-04,2991871.883,2.500000e-04,10.84,3289.35
2328,9.393607e-03,4.338673e+01,3.789629e-04,2.530610e-04,2994712.670,9.666455e-03,4.424985e+01,4.428823e-04,1.625292e-04,3001529.328,2.500000e-04,10.47,3299.83
2329,8.812538e-03,4.306259e+01,3.306443e-04,2.399671e-04,2995375.260,8.491588e-03,4.474985e+01,2.359499e-04,3.314210e-04,3025728.328,2.500000e-04,10.78,3310.60
2330,9.213465e-03,4.293849e+01,3.491370e-04,2.856493e-04,2994755.367,8.378141e-03,4.250261e+01,3.503377e-04,1.249008e-04,2997269.438,2.500000e-04,10.53,3321.14
2331,9.582522e-03,4.327616e+01,3.945502e-04,2.618809e-04,2994985.879,7.300022e-03,4.350523e+01,2.002857e-04,1.893285e-04,2984791.367,2.500000e-04,10.33,3331.47
2332,8.371857e-03,4.282792e+01,3.123455e-04,1.931219e-04,2995944.607,8.708378e-03,4.430419e+01,3.206816e-04,2.142284e-04,3019538.312,2.500000e-04,10.41,3341.88
2333,8.529552e-03,4.251401e+01,3.151531e-04,2.253241e-04,2994802.717,9.796388e-03,4.303329e+01,4.232924e-04,2.520270e-04,3024803.344,2.500000e-04,10.31,3352.19
2334,9.506286e-03,4.339828e+01,4.038418e-04,2.256081e-04,2996032.070,1.021369e-02,4.504429e+01,5.296800e-04,8.249171e-05,3012210.148,2.500000e-04,10.52,3362.71
2335,9.059218e-03,4.359785e+01,3.489170e-04,2.420527e-04,2995354.068,7.130967e-03,4.269675e+01,2.192554e-04,1.337476e-04,2984070.953,2.500000e-04,10.57,3373.28
2336,9.742368e-03,4.314500e+01,3.843722e-04,3.168293e-04,2993767.158,8.524246e-03,4.419888e+01,3.232101e-04,1.744513e-04,3019738.852,2.500000e-04,10.47,3383.75
2337,9.633915e-03,4.336598e+01,3.922409e-04,2.749816e-04,2995246.953,1.082331e-02,4.354272e+01,5.765049e-04,1.407982e-04,2988817.117,2.500000e-04,10.28,3394.03
2338,8.536711e-03,4.315757e+01,3.205065e-04,2.031778e-04,2995717.697,7.621709e-03,4.188402e+01,2.014710e-04,2.837195e-04,2958090.984,2.500000e-04,10.48,3404.50
2339,9.643650e-03,4.312000e+01,4.171986e-04,2.319328e-04,2995166.230,8.153986e-03,4.185428e+01,2.632874e-04,2.671368e-04,2960626.328,2.500000e-04,10.35,3414.85
2340,9.787826e-03,4.338519e+01,4.067897e-04,2.762820e-04,2994146.277,6.765572e-03,4.317574e+01,1.997559e-04,9.008793e-05,3017920.680,2.500000e-04,10.57,3425.42
2341,9.383545e-03,4.311886e+01,3.847106e-04,2.449107e-04,2995874.379,7.122303e-03,4.283519e+01,2.271116e-04,1.135336e-04,2984860.008,2.500000e-04,10.26,3435.68
2342,9.325692e-03,4.363364e+01,3.684149e-04,2.556358e-04,2994292.760,9.467988e-03,4.522666e+01,3.535170e-04,2.820305e-04,2981742.492,2.500000e-04,10.24,3445.91
2343,9.262564e-03,4.365931e+01,3.629155e-04,2.534955e-04,2994831.490,1.291490e-02,4.602571e+01,6.440846e-04,3.742973e-04,3042942.688,2.500000e-04,10.24,3456.16
2344,9.762352e-03,4.345018e+01,4.096186e-04,2.642296e-04,2995064.596,7.445783e-03,4.390456e+01,2.306534e-04,1.497586e-04,2992494.062,2.500000e-04,10.43,3466.59
2345,8.212444e-03,4.288629e+01,2.969462e-04,1.908705e-04,2996001.045,9.696344e-03,4.316427e+01,4.620436e-04,1.518963e-04,3003034.469,2.500000e-04,10.23,3476.82
2346,8.406902e-03,4.264401e+01,3.121409e-04,2.042182e-04,2995825.469,9.071300e-03,4.270506e+01,3.543892e-04,2.513804e-04,2987254.492,2.500000e-04,10.44,3487.26
2347,9.566760e-03,4.327262e+01,3.949553e-04,2.579891e-04,2994838.348,8.077401e-03,4.170605e+01,2.642116e-04,2.529361e-04,2969831.430,2.500000e-04,10.32,3497.58
2348,1.036396e-02,4.339075e+01,4.751882e-04,2.546014e-04,2994352.129,1.407355e-02,4.364669e+01,8.631867e-04,2.154039e-04,2985547.266,2.500000e-04,10.71,3508.29
2349,9.615450e-03,4.370024e+01,3.934481e-04,2.621890e-04,2994491.264,7.916852e-03,4.300191e+01,2.301978e-04,2.629365e-04,2980132.406,2.500000e-04,10.48,3518.77
2350,8.777588e-03,4.321633e+01,3.227020e-04,2.457871e-04,2994765.135,9.387872e-03,4.513430e+01,3.196220e-04,3.356445e-04,3044617.883,2.500000e-04,10.54,3529.31
2351,9.890685e-03,4.387144e+01,4.120514e-04,2.766054e-04,2995141.121,7.705467e-03,4.452521e+01,2.344771e-04,1.816352e-04,3025587.844,2.500000e-04,10.10,3539.41
2352,9.246033e-03,4.396788e+01,3.700514e-04,2.297460e-04,2995196.186,8.835280e-03,4.362413e+01,3.157092e-04,2.631548e-04,3014101.664,2.500000e-04,10.24,3549.64
2353,9.246462e-03,4.317307e+01,3.577634e-04,2.703043e-04,2994270.447,1.277357e-02,4.613642e+01,6.491829e-04,3.336192e-04,3036478.531,2.500000e-04,10.23,3559.88
2354,9.709852e-03,4.354475e+01,4.086610e-04,2.537536e-04,2996309.666,6.653355e-03,4.381604e+01,1.691796e-04,1.159910e-04,2989756.398,2.500000e-04,10.59,3570.46
2355,1.002926e-02,4.372785e+01,4.111221e-04,3.090517e-04,2993703.184,9.432579e-03,4.485994e+01,4.190043e-04,1.513086e-04,3021176.555,2.500000e-04,10.39,3580.86
2356,9.066638e-03,4.387295e+01,3.365071e-04,2.628543e-04,2995880.584,7.629653e-03,4.476872e+01,2.376855e-04,1.551852e-04,2974662.984,2.500000e-04,10.39,3591.24
2357,8.633578e-03,4.321771e+01,3.139734e-04,2.344146e-04,2995453.295,8.816824e-03,4.161559e+01,3.528180e-04,2.254170e-04,2980984.477,2.500000e-04,10.47,3601.72
2358,9.577296e-03,4.379893e+01,3.875712e-04,2.643382e-04,2995267.221,1.414187e-02,4.281742e+01,7.132312e-04,5.455630e-04,2944987.125,2.500000e-04,10.62,3612.34
2359,8.606432e-03,4.363523e+01,3.026049e-04,2.433721e-04,2994562.105,6.466785e-03,4.556427e+01,1.543806e-04,7.331033e-05,3006107.977,2.500000e-04,10.89,3623.23
2360,8.658934e-03,4.312014e+01,3.066470e-04,2.560899e-04,2995168.908,8.166738e-03,4.536125e+01,2.194606e-04,2.872014e-04,3042774.047,2.500000e-04,10.56,3633.79
2361,8.511633e-03,4.251085e+01,3.234481e-04,2.052133e-04,2996112.592,7.595865e-03,4.310599e+01,2.862647e-04,8.452382e-05,3002035.625,2.500000e-04,10.97,3644.75
2362,8.936649e-03,4.266146e+01,3.491589e-04,2.357828e-04,2995074.871,7.600653e-03,4.263919e+01,2.066507e-04,2.540454e-04,2963093.117,2.500000e-04,10.87,3655.62
2363,9.297829e-03,4.289950e+01,3.666163e-04,2.683432e-04,2995155.824,8.692953e-03,4.550829e+01,3.111433e-04,2.061384e-04,3025607.992,2.500000e-04,10.70,3666.32
2364,8.512034e-03,4.300818e+01,3.055455e-04,2.311523e-04,2995368.920,1.023182e-02,4.234930e+01,4.661147e-04,2.671497e-04,3032541.758,2.500000e-04,10.43,3676.75
2365,8.710039e-03,4.284396e+01,3.057102e-04,2.737084e-04,2996219.217,1.330734e-02,4.067325e+01,5.007226e-04,8.465586e-04,2930591.641,2.500000e-04,10.41,3687.16
2366,8.648575e-03,4.288669e+01,3.193143e-04,2.333527e-04,2994416.166,7.936447e-03,4.374248e+01,2.471826e-04,2.180747e-04,3025717.609,2.500000e-04,10.55,3697.71
2367,8.402305e-03,4.313616e+01,3.094197e-04,1.988984e-04,2996206.324,1.430630e-02,4.514199e+01,6.487840e-04,6.608523e-04,2953349.109,2.500000e-04,10.32,3708.04
2368,9.810873e-03,4.375514e+01,3.967202e-04,2.936316e-04,2993962.592,6.796764e-03,4.271415e+01,1.575698e-04,1.899303e-04,2984566.070,2.500000e-04,10.36,3718.40
2369,9.085659e-03,4.309825e+01,3.841530e-04,1.868607e-04,2995529.043,8.719119e-03,4.403791e+01,3.271871e-04,2.086914e-04,3024939.359,2.500000e-04,10.26,3728.66
2370,8.781271e-03,4.301013e+01,3.385857e-04,2.188801e-04,2995675.861,7.370717e-03,4.145750e+01,2.222568e-04,2.004800e-04,2995740.852,2.500000e-04,10.13,3738.78
2371,9.330411e-03,4.291379e+01,3.767318e-04,2.543430e-04,2994015.295,9.125000e-03,4.656363e+01,3.009509e-04,2.918257e-04,3032002.188,2.500000e-04,10.32,3749.11
2372,8.679799e-03,4.302598e+01,3.118124e-04,2.518153e-04,2995951.053,9.040228e-03,4.224818e+01,3.362527e-04,2.905767e-04,2975173.477,2.500000e-04,10.63,3759.74
2373,9.877906e-03,4.304888e+01,4.142773e-04,2.860492e-04,2995343.105,9.625828e-03,4.283305e+01,4.443933e-04,1.797180e-04,3011221.250,2.500000e-04,10.23,3769.97
2374,1.012729e-02,4.327095e+01,4.432232e-04,2.735925e-04,2994152.463,7.395964e-03,4.407814e+01,2.047635e-04,1.881030e-04,2972504.383,2.500000e-04,10.50,3780.47
2375,8.561612e-03,4.345608e+01,3.106850e-04,2.218309e-04,2995048.242,1.034348e-02,4.534887e+01,3.398090e-04,4.821001e-04,3032168.023,2.500000e-04,10.40,3790.87
2376,9.732702e-03,4.316050e+01,4.143277e-04,2.546749e-04,2995292.338,9.337977e-03,4.388126e+01,3.707160e-04,2.485383e-04,3021697.172,2.500000e-04,10.05,3800.92
2377,9.298579e-03,4.337332e+01,3.699812e-04,2.522873e-04,2994674.215,8.929532e-03,4.452410e+01,3.413234e-04,2.127776e-04,3018296.016,2.500000e-04,10.24,3811.16
2378,8.930630e-03,4.382593e+01,3.306262e-04,2.483551e-04,2996009.297,1.279981e-02,4.014878e+01,3.563473e-04,1.044292e-03,2913728.906,2.500000e-04,10.42,3821.58
2379,9.452696e-03,4.352954e+01,3.701952e-04,2.795581e-04,2995591.543,9.992338e-03,4.275417e+01,3.141798e-04,5.150247e-04,2950098.867,2.500000e-04,10.38,3831.96
2380,9.727993e-03,4.312795e+01,4.001774e-04,2.826848e-04,2993756.141,9.393206e-03,4.404441e+01,3.103320e-04,3.770891e-04,3035673.164,2.500000e-04,10.16,3842.12
2381,8.077592e-03,4.290788e+01,2.794784e-04,1.984041e-04,2995567.320,8.097306e-03,4.372220e+01,2.928449e-04,1.593273e-04,3015199.898,2.500000e-04,10.30,3852.42
2382,8.959100e-03,4.270066e+01,3.498655e-04,2.380758e-04,2996330.145,8.804838e-03,4.392279e+01,3.097744e-04,2.629630e-04,2972548.500,2.500000e-04,10.42,3862.84
2383,9.068693e-03,4.276118e+01,3.599259e-04,2.386634e-04,2994610.619,9.182337e-03,4.446421e+01,3.552088e-04,2.367656e-04,3029742.477,2.500000e-04,10.72,3873.56
2384,9.245021e-03,4.304140e+01,3.462653e-04,2.956456e-04,2995404.285,7.364406e-03,4.291866e+01,2.362361e-04,1.420359e-04,3003552.734,2.500000e-04,10.44,3884.00
2385,8.551235e-03,4.262536e+01,3.293470e-04,1.990459e-04,2995691.217,7.243917e-03,4.178891e+01,2.222051e-04,1.685951e-04,2985151.477,2.500000e-04,10.17,3894.18
2386,8.867073e-03,4.318763e+01,3.452241e-04,2.192140e-04,2995271.123,9.635999e-03,4.351590e+01,4.612091e-04,1.344636e-04,3003709.547,2.500000e-04,10.42,3904.60
2387,8.239864e-03,4.204699e+01,2.879799e-04,2.310734e-04,2995521.791,8.007954e-03,4.317262e+01,2.554489e-04,2.272405e-04,3007541.680,2.500000e-04,10.52,3915.11
2388,9.269808e-03,4.296105e+01,3.748868e-04,2.449671e-04,2995673.227,9.531844e-03,4.156227e+01,4.110464e-04,2.530306e-04,2967404.742,2.500000e-04,10.37,3925.48
2389,8.351292e-03,4.220359e+01,3.059414e-04,2.143040e-04,2995264.039,9.783410e-03,4.227718e+01,3.976274e-04,3.158836e-04,2975210.031,2.500000e-04,10.46,3935.94
2390,9.456696e-03,4.273210e+01,3.762990e-04,2.840994e-04,2994957.178,7.008968e-03,4.400561e+01,1.901472e-04,1.413870e-04,2988325.719,2.500000e-04,10.54,3946.49
2391,9.453685e-03,4.332362e+01,3.755837e-04,2.730972e-04,2994410.553,7.495617e-03,4.263255e+01,2.795638e-04,8.734495e-05,2997066.102,2.500000e-04,10.81,3957.30
2392,8.685328e-03,4.314765e+01,3.291559e-04,2.158010e-04,2994863.283,7.108833e-03,4.230864e+01,1.978975e-04,1.797988e-04,2986065.758,2.500000e-04,10.71,3968.01
2393,8.827813e-03,4.277819e+01,3.373745e-04,2.352497e-04,2995946.662,8.287051e-03,4.241112e+01,3.542029e-04,1.007820e-04,2997713.164,2.500000e-04,10.52,3978.53
2394,8.712020e-03,4.234008e+01,3.352698e-04,2.250628e-04,2995053.109,1.175145e-02,4.494418e+01,5.538925e-04,3.436209e-04,3037255.242,2.500000e-04,10.80,3989.33
2395,8.649573e-03,4.254566e+01,3.307122e-04,2.175770e-04,2995105.775,8.957755e-03,4.369091e+01,3.224309e-04,2.728709e-04,3032562.656,2.500000e-04,10.46,3999.79
2396,1.019429e-02,4.389819e+01,4.494669e-04,2.619594e-04,2994387.299,7.194319e-03,4.376115e+01,1.915477e-04,1.805455e-04,2982677.570,2.500000e-04,10.81,4010.59
2397,9.689552e-03,4.407629e+01,3.948239e-04,2.667370e-04,2994866.617,7.629525e-03,4.313000e+01,2.565351e-04,1.502348e-04,2990179.375,2.500000e-04,10.42,4021.01
2398,8.893622e-03,4.327746e+01,3.449753e-04,2.232246e-04,2996014.121,8.259472e-03,4.214471e+01,3.043813e-04,2.002375e-04,2974276.781,2.500000e-04,10.72,4031.73
2399,9.003411e-03,4.368153e+01,3.573971e-04,2.122575e-04,2995319.475,1.252125e-02,4.220859e+01,6.435499e-04,3.729775e-04,2960559.773,2.500000e-04,10.07,4041.81
2400,8.729152e-03,4.287322e+01,3.177887e-04,2.527887e-04,2994159.994,9.158833e-03,4.248227e+01,3.963696e-04,1.893819e-04,2988953.617,2.500000e-04,10.41,4052.22
2401,8.764459e-03,4.340359e+01,3.145509e-04,2.557181e-04,2995875.240,1.553765e-02,4.498165e+01,7.500601e-04,7.077777e-04,2975682.836,2.500000e-04,10.59,4062.81
2402,8.923130e-03,4.314289e+01,3.508647e-04,2.200387e-04,2995186.299,8.655337e-03,4.469148e+01,2.633827e-04,3.104723e-04,3034424.406,2.500000e-04,10.35,4073.16
2403,8.996119e-03,4.237804e+01,3.505258e-04,2.506112e-04,2995703.223,1.173937e-02,4.361025e+01,4.548733e-04,5.659217e-04,2944952.852,2.500000e-04,10.54,4083.70
2404,9.086315e-03,4.344969e+01,3.499742e-04,2.483207e-04,2992729.822,1.253025e-02,4.740344e+01,4.711643e-04,6.156528e-04,3056765.078,2.500000e-04,10.64,4094.34
2405,9.274262e-03,4.358908e+01,3.617535e-04,2.595637e-04,2996062.502,6.754466e-03,4.365934e+01,1.893715e-04,9.896328e-05,3002187.484,2.500000e-04,10.71,4105.05
2406,8.821820e-03,4.282612e+01,3.289598e-04,2.499220e-04,2995788.240,7.807172e-03,4.178796e+01,2.600284e-04,2.056184e-04,3012878.219,2.500000e-04,10.61,4115.66
2407,9.280638e-03,4.337575e+01,3.800708e-04,2.284712e-04,2994880.412,7.352759e-03,4.307007e+01,2.521599e-04,1.048307e-04,3001533.008,2.500000e-04,10.32,4125.98
2408,8.325459e-03,4.309488e+01,2.810245e-04,2.411452e-04,2995691.219,6.814372e-03,4.368330e+01,1.978765e-04,9.345539e-05,3012355.680,2.500000e-04,11.10,4137.07
2409,9.634465e-03,4.367818e+01,3.833825e-04,2.865645e-04,2994283.227,1.212659e-02,4.276550e+01,6.086923e-04,3.526228e-04,2980551.391,2.500000e-04,10.83,4147.90
2410,8.528049e-03,4.303830e+01,3.019354e-04,2.409730e-04,2995325.314,9.014423e-03,4.362765e+01,4.085694e-04,1.131929e-04,2997075.016,2.500000e-04,10.58,4158.49
2411,9.168250e-03,4.404467e+01,3.672636e-04,2.182293e-04,2995528.920,7.383315e-03,4.271017e+01,2.246655e-04,1.731286e-04,2994922.438,2.500000e-04,10.41,4168.90
2412,8.879655e-03,4.327882e+01,3.531211e-04,2.041124e-04,2995691.754,6.798273e-03,4.133890e+01,2.090320e-04,1.148128e-04,2980901.312,2.500000e-04,10.55,4179.45
2413,9.173227e-03,4.272864e+01,3.560499e-04,2.679727e-04,2995584.834,6.584906e-03,4.363756e+01,1.576519e-04,1.289261e-04,3005392.891,2.500000e-04,10.22,4189.67
2414,9.044586e-03,4.342663e+01,3.501214e-04,2.401419e-04,2994410.852,6.746961e-03,4.290186e+01,1.709997e-04,1.493558e-04,3018011.867,2.500000e-04,10.49,4200.16
2415,9.055531e-03,4.333406e+01,3.396037e-04,2.652176e-04,2995329.404,7.839530e-03,4.458029e+01,2.243030e-04,2.276943e-04,3029690.984,2.500000e-04,10.48,4210.64
2416,8.641305e-03,4.305880e+01,3.190153e-04,2.290545e-04,2996261.871,8.163553e-03,4.441657e+01,3.107667e-04,1.228456e-04,3002417.711,2.500000e-04,10.35,4220.99
2417,8.440624e-03,4.298089e+01,3.187076e-04,1.910917e-04,2995346.564,7.267846e-03,4.241962e+01,2.368060e-04,1.315648e-04,3017105.586,2.500000e-04,10.15,4231.14
2418,8.561104e-03,4.283382e+01,3.269797e-04,2.015850e-04,2995000.900,6.750765e-03,4.171393e+01,2.013102e-04,1.132538e-04,3013313.500,2.500000e-04,10.37,4241.51
2419,9.160567e-03,4.284993e+01,3.544659e-04,2.661830e-04,2994524.789,9.005778e-03,4.500222e+01,3.628472e-04,1.754170e-04,3017524.328,2.500000e-04,10.29,4251.80
2420,8.634767e-03,4.265850e+01,3.167259e-04,2.403317e-04,2996812.000,9.336309e-03,4.282818e+01,3.808790e-04,2.489405e-04,2979926.773,2.500000e-04,10.27,4262.08
2421,8.892332e-03,4.272164e+01,3.510476e-04,2.219385e-04,2994028.115,1.082947e-02,4.513082e+01,5.377638e-04,1.877503e-04,3023665.570,2.500000e-04,10.24,4272.31
2422,9.077504e-03,4.342415e+01,3.439369e-04,2.591441e-04,2994895.215,1.043283e-02,4.501547e+01,3.946816e-04,3.968943e-04,3030035.562,2.500000e-04,10.22,4282.53
2423,9.897406e-03,4.416950e+01,4.134970e-04,2.690972e-04,2995434.422,7.465064e-03,4.342849e+01,2.650805e-04,9.428206e-05,2995568.031,2.500000e-04,10.43,4292.96
2424,9.787952e-03,4.395421e+01,3.795697e-04,3.193667e-04,2995893.258,1.091081e-02,4.427317e+01,5.028052e-04,2.910885e-04,2966608.547,2.500000e-04,10.50,4303.46
2425,9.823533e-03,4.431573e+01,4.244602e-04,2.294715e-04,2993881.418,9.425907e-03,4.653623e+01,4.022660e-04,1.499247e-04,3006259.492,2.500000e-04,10.38,4313.84
2426,9.249659e-03,4.335904e+01,3.652211e-04,2.523087e-04,2995803.295,7.291284e-03,4.434145e+01,1.710622e-04,2.293035e-04,3032168.445,2.500000e-04,10.50,4324.33
2427,8.756213e-03,4.361084e+01,3.295665e-04,2.198928e-04,2995247.986,7.861796e-03,4.301664e+01,3.079145e-04,9.619738e-05,2998779.219,2.500000e-04,10.04,4334.37
2428,9.421051e-03,4.355657e+01,3.786546e-04,2.557696e-04,2994842.820,7.976976e-03,4.405094e+01,2.296841e-04,2.550084e-04,2985868.383,2.500000e-04,10.14,4344.51
2429,8.369719e-03,4.301186e+01,2.904666e-04,2.327735e-04,2995494.551,9.358734e-03,4.513284e+01,3.325949e-04,3.039005e-04,3042128.773,2.500000e-04,10.57,4355.08
2430,9.207581e-03,4.389981e+01,3.613966e-04,2.407268e-04,2996079.000,9.041713e-03,4.245739e+01,3.393013e-04,2.805921e-04,2972642.664,2.500000e-04,10.52,4365.61
2431,9.178103e-03,4.290187e+01,3.581916e-04,2.612000e-04,2993659.078,8.285156e-03,4.363906e+01,3.147947e-04,1.546605e-04,3028528.461,2.500000e-04,10.32,4375.93
2432,8.208432e-03,4.320087e+01,2.875548e-04,2.025594e-04,2996171.965,9.755593e-03,4.327432e+01,4.112805e-04,2.630712e-04,3005322.742,2.500000e-04,10.48,4386.41
2433,8.642924e-03,4.257251e+01,3.314551e-04,2.142246e-04,2995064.680,1.277004e-02,4.558766e+01,6.325465e-04,3.771614e-04,3028587.078,2.500000e-04,10.48,4396.89
2434,9.866526e-03,4.305238e+01,4.050586e-04,3.021403e-04,2994089.764,1.274203e-02,4.535075e+01,6.846891e-04,2.720133e-04,3017158.312,2.500000e-04,10.52,4407.41
2435,9.389835e-03,4.355238e+01,3.545999e-04,2.977196e-04,2995331.449,1.365886e-02,4.589640e+01,6.552736e-04,5.032970e-04,2984730.062,2.500000e-04,10.43,4417.84
2436,8.739625e-03,4.364463e+01,3.304429e-04,2.141467e-04,2995419.359,7.102576e-03,4.493298e+01,1.831446e-04,1.555663e-04,3026672.703,2.500000e-04,10.49,4428.33
2437,9.035167e-03,4.327744e+01,3.323438e-04,2.767972e-04,2995397.219,7.739349e-03,4.546084e+01,2.333810e-04,1.718911e-04,3011940.812,2.500000e-04,10.40,4438.73
2438,9.027104e-03,4.323495e+01,3.472511e-04,2.462196e-04,2995180.324,9.679015e-03,4.134400e+01,4.469380e-04,2.150470e-04,2982965.891,2.500000e-04,10.45,4449.18
2439,8.205795e-03,4.304302e+01,2.838711e-04,2.125563e-04,2995620.412,9.130313e-03,4.456620e+01,3.411292e-04,2.524801e-04,3036739.742,2.500000e-04,10.43,4459.60
2440,9.602599e-03,4.389896e+01,3.856150e-04,2.713104e-04,2994643.701,7.936290e-03,4.337728e+01,3.115966e-04,9.651931e-05,2990820.109,2.500000e-04,10.51,4470.12
2441,9.566559e-03,4.319375e+01,3.754193e-04,2.985984e-04,2994914.180,9.368992e-03,4.426236e+01,3.469824e-04,2.945865e-04,3041129.594,2.500000e-04,10.40,4480.52
2442,8.724672e-03,4.324761e+01,3.330726e-04,2.138370e-04,2996282.133,1.115515e-02,4.262310e+01,5.384516e-04,3.016648e-04,2976764.203,2.500000e-04,10.39,4490.91
2443,8.973286e-03,4.305469e+01,3.598573e-04,2.138487e-04,2994658.348,9.867384e-03,4.437393e+01,4.821952e-04,1.216080e-04,3015915.523,2.500000e-04,10.23,4501.15
2444,8.582911e-03,4.363109e+01,3.234081e-04,1.971442e-04,2995612.480,8.264317e-03,4.392840e+01,3.035740e-04,1.671474e-04,3021370.102,2.500000e-04,10.59,4511.74
2445,8.541584e-03,4.322370e+01,3.168908e-04,2.100613e-04,2995509.506,7.719898e-03,4.384092e+01,2.613767e-04,1.444078e-04,3015824.359,2.500000e-04,10.38,4522.12
2446,8.834762e-03,4.322673e+01,3.390293e-04,2.243593e-04,2994549.338,7.288172e-03,4.403742e+01,2.140450e-04,1.487960e-04,3010672.672,2.500000e-04,10.61,4532.73
2447,8.838904e-03,4.287146e+01,3.412730e-04,2.278057e-04,2995749.854,8.460626e-03,4.201749e+01,2.874920e-04,2.767915e-04,2978877.875,2.500000e-04,10.66,4543.39
2448,8.796411e-03,4.299421e+01,3.215522e-04,2.562935e-04,2995469.658,8.316613e-03,4.366703e+01,2.973758e-04,1.952304e-04,2984200.000,2.500000e-04,10.68,4554.07
2449,8.584496e-03,4.244268e+01,3.223011e-04,2.234435e-04,2994575.432,1.198215e-02,4.482593e+01,4.115776e-04,6.767569e-04,3066031.156,2.500000e-04,10.68,4564.75
2450,9.005062e-03,4.289317e+01,3.683114e-04,2.065263e-04,2995547.490,1.443772e-02,4.770568e+01,6.603879e-04,6.126541e-04,3055750.945,2.500000e-04,10.64,4575.40
2451,8.829487e-03,4.300434e+01,3.423825e-04,2.210456e-04,2995139.537,8.878856e-03,4.378514e+01,4.035647e-04,9.293909e-05,3010791.867,2.500000e-04,10.81,4586.21
2452,8.367945e-03,4.261098e+01,3.047449e-04,2.118797e-04,2995658.023,8.452905e-03,4.375319e+01,2.617760e-04,2.919653e-04,3003008.461,2.500000e-04,10.45,4596.66
2453,8.859583e-03,4.345747e+01,3.396676e-04,2.234320e-04,2994425.258,9.838152e-03,4.280593e+01,4.955886e-04,1.203347e-04,2989773.594,2.500000e-04,10.40,4607.06
2454,9.427302e-03,4.351208e+01,3.721737e-04,2.708713e-04,2995501.174,7.531498e-03,4.193723e+01,2.266181e-04,2.143188e-04,2975754.375,2.500000e-04,10.82,4617.88
2455,8.534081e-03,4.269544e+01,3.089718e-04,2.349638e-04,2995505.904,9.056054e-03,4.166494e+01,2.488431e-04,4.802258e-04,2944870.320,2.500000e-04,10.45,4628.33
2456,8.338593e-03,4.255269e+01,2.952652e-04,2.261344e-04,2995220.893,7.159093e-03,4.385351e+01,2.221062e-04,1.105360e-04,3008318.430,2.500000e-04,10.48,4638.81
2457,8.010479e-03,4.271150e+01,2.791928e-04,1.894802e-04,2995400.891,7.277712e-03,4.255491e+01,2.427623e-04,1.189196e-04,2984359.094,2.500000e-04,10.34,4649.15
2458,8.875860e-03,4.355478e+01,3.352927e-04,2.334910e-04,2995529.211,9.881534e-03,4.397700e+01,4.051297e-04,2.865073e-04,2993649.461,2.500000e-04,10.44,4659.58
2459,9.103384e-03,4.352289e+01,3.604968e-04,2.292254e-04,2995093.668,1.004059e-02,4.579830e+01,2.828748e-04,5.264029e-04,3060929.406,2.500000e-04,10.30,4669.89
2460,9.333824e-03,4.363082e+01,3.611896e-04,2.717692e-04,2995655.834,9.560143e-03,4.333719e+01,4.483336e-04,1.486176e-04,2998715.219,2.500000e-04,10.07,4679.95
2461,1.035775e-02,4.320483e+01,4.641145e-04,2.792247e-04,2993572.418,1.142763e-02,4.505792e+01,3.243840e-04,7.355989e-04,3076712.008,2.500000e-04,10.50,4690.46
2462,9.294481e-03,4.341947e+01,3.746328e-04,2.412412e-04,2995689.947,6.374563e-03,4.372467e+01,1.159355e-04,1.685483e-04,3019832.445,2.500000e-04,10.52,4700.98
2463,8.245050e-03,4.311092e+01,2.979519e-04,1.908878e-04,2996168.797,8.616267e-03,4.360580e+01,3.214534e-04,2.082307e-04,2978732.875,2.500000e-04,10.57,4711.55
2464,8.809819e-03,4.301386e+01,3.290892e-04,2.435084e-04,2995305.584,8.635671e-03,4.332075e+01,3.191195e-04,2.224801e-04,3013393.188,2.500000e-04,10.04,4721.59
2465,9.127860e-03,4.355803e+01,3.538735e-04,2.466645e-04,2994582.578,1.111921e-02,4.612046e+01,5.458358e-04,2.097604e-04,3028842.469,2.500000e-04,10.20,4731.79
2466,8.764299e-03,4.348848e+01,3.228614e-04,2.373674e-04,2995655.049,7.751925e-03,4.268203e+01,2.538489e-04,1.890466e-04,2973755.672,2.500000e-04,10.23,4742.03
2467,8.300225e-03,4.256347e+01,2.949192e-04,2.189371e-04,2995148.326,1.111040e-02,4.457367e+01,4.775875e-04,3.754315e-04,3026833.156,2.500000e-04,10.25,4752.28
2468,8.784753e-03,4.309767e+01,3.326842e-04,2.296287e-04,2995616.812,1.001171e-02,4.114975e+01,3.855363e-04,4.082749e-04,2946794.625,2.500000e-04,10.41,4762.69
2469,8.729586e-03,4.268264e+01,3.373127e-04,2.176390e-04,2995335.229,1.176229e-02,4.239372e+01,5.423330e-04,4.199178e-04,2962462.711,2.500000e-04,10.50,4773.21
2470,9.247155e-03,4.286509e+01,3.676743e-04,2.567807e-04,2995447.922,7.010123e-03,4.274050e+01,2.095547e-04,1.281053e-04,2998840.312,2.500000e-04,10.52,4783.73
2471,7.897283e-03,4.259705e+01,2.624459e-04,2.026240e-04,2995421.486,7.143733e-03,4.230583e+01,2.196288e-04,1.433724e-04,2988934.031,2.500000e-04,10.78,4794.51
2472,8.776900e-03,4.276206e+01,3.173543e-04,2.654302e-04,2995751.557,1.035938e-02,4.335809e+01,5.157606e-04,1.731932e-04,2992656.094,2.500000e-04,10.51,4805.02
2473,9.156637e-03,4.349705e+01,3.436103e-04,2.741659e-04,2994234.592,7.930449e-03,4.397216e+01,2.769105e-04,1.528258e-04,3016887.445,2.500000e-04,10.52,4815.54
2474,9.042332e-03,4.281337e+01,3.696188e-04,2.129614e-04,2995457.666,8.455326e-03,4.411729e+01,2.929367e-04,2.228461e-04,3017735.961,2.500000e-04,10.58,4826.12
2475,8.303840e-03,4.266673e+01,2.919000e-04,2.236335e-04,2995289.594,8.538512e-03,4.435606e+01,2.911462e-04,2.382887e-04,3015794.680,2.500000e-04,10.39,4836.51
2476,9.044381e-03,4.280198e+01,3.454629e-04,2.619109e-04,2995222.932,7.794698e-03,4.283402e+01,3.120973e-04,7.806448e-05,3005264.781,2.500000e-04,10.33,4846.84
2477,8.621811e-03,4.259927e+01,3.344746e-04,2.034277e-04,2994855.158,1.097845e-02,4.448449e+01,3.209738e-04,6.640532e-04,3060682.000,2.500000e-04,10.32,4857.16
2478,9.162041e-03,4.313605e+01,3.584277e-04,2.528320e-04,2996056.926,7.766095e-03,4.379330e+01,2.440053e-04,1.893426e-04,3015455.641,2.500000e-04,10.63,4867.78
2479,9.030413e-03,4.357917e+01,3.489850e-04,2.365293e-04,2994918.637,9.997906e-03,4.346371e+01,4.523686e-04,2.255697e-04,2975419.648,2.500000e-04,10.56,4878.35
2480,8.810604e-03,4.357376e+01,3.256626e-04,2.393206e-04,2995213.504,6.930372e-03,4.250602e+01,1.893301e-04,1.572938e-04,2981532.500,2.500000e-04,10.82,4889.17
2481,8.181315e-03,4.233479e+01,2.834263e-04,2.227147e-04,2995997.506,8.255155e-03,4.213636e+01,3.113634e-04,1.855771e-04,2972358.789,2.500000e-04,10.55,4899.72
2482,9.326265e-03,4.314259e+01,3.633978e-04,2.756057e-04,2994281.049,7.944340e-03,4.275447e+01,3.107350e-04,1.123086e-04,2994114.273,2.500000e-04,10.67,4910.40
2483,8.878428e-03,4.307678e+01,3.493972e-04,2.153558e-04,2995176.514,8.580240e-03,4.256033e+01,3.531388e-04,1.585636e-04,3002595.555,2.500000e-04,10.64,4921.04
2484,1.017552e-02,4.307143e+01,4.700215e-04,2.336332e-04,2994442.531,7.658362e-03,4.394098e+01,2.345305e-04,1.837918e-04,3033741.203,2.500000e-04,10.60,4931.64
2485,8.514801e-03,4.331361e+01,3.013498e-04,2.339883e-04,2996250.828,9.616513e-03,4.145364e+01,3.181270e-04,4.579758e-04,2948570.648,2.500000e-04,10.41,4942.05
2486,8.931295e-03,4.237557e+01,3.463103e-04,2.461270e-04,2994597.641,6.816249e-03,4.349437e+01,1.877726e-04,1.178174e-04,3009299.727,2.500000e-04,10.40,4952.46
2487,8.528140e-03,4.305959e+01,3.133220e-04,2.177924e-04,2995879.904,7.694519e-03,4.240832e+01,2.461521e-04,1.984331e-04,2976625.883,2.500000e-04,10.18,4962.64
2488,8.055556e-03,4.232836e+01,2.763252e-04,2.118937e-04,2995344.734,7.493980e-03,4.077634e+01,2.529525e-04,1.773643e-04,2983250.367,2.500000e-04,10.27,4972.91
2489,8.939695e-03,4.233619e+01,3.580391e-04,2.251371e-04,2994578.607,9.248792e-03,4.400825e+01,3.079703e-04,3.536528e-04,3043839.062,2.500000e-04,10.49,4983.40
2490,9.141012e-03,4.273746e+01,3.763754e-04,2.207025e-04,2996282.588,1.496337e-02,4.101309e+01,7.235929e-04,7.252259e-04,2938588.875,2.500000e-04,10.37,4993.76
2491,9.487421e-03,4.354973e+01,3.781862e-04,2.701174e-04,2994940.566,9.869772e-03,4.253182e+01,2.904581e-04,5.424018e-04,2948514.094,2.500000e-04,10.38,5004.14
2492,8.640635e-03,4.292497e+01,3.282732e-04,2.130812e-04,2994870.619,1.060872e-02,4.587795e+01,4.764996e-04,2.511852e-04,3024932.914,2.500000e-04,10.35,5014.49
2493,8.842385e-03,4.304690e+01,3.407753e-04,2.259886e-04,2995258.645,1.399792e-02,4.162728e+01,7.751987e-04,4.166406e-04,2991855.016,2.500000e-04,10.32,5024.81
2494,9.378408e-03,4.313397e+01,3.876316e-04,2.377390e-04,2995591.328,6.587796e-03,4.281321e+01,1.761104e-04,1.090743e-04,2992579.406,2.500000e-04,10.63,5035.45
2495,9.510516e-03,4.345681e+01,4.076651e-04,2.176368e-04,2995276.760,9.401361e-03,4.379362e+01,3.758725e-04,2.526549e-04,2990201.172,2.500000e-04,10.29,5045.74
2496,1.010836e-02,4.380926e+01,4.352646e-04,2.749567e-04,2994170.797,7.547367e-03,4.314127e+01,2.484084e-04,1.498310e-04,2991473.797,2.500000e-04,10.11,5055.85
2497,8.837385e-03,4.348924e+01,3.212297e-04,2.552328e-04,2994974.031,8.626152e-03,4.438936e+01,2.516842e-04,3.340749e-04,3012049.422,2.500000e-04,10.37,5066.21
2498,9.609836e-03,4.404996e+01,3.720010e-04,2.969661e-04,2996009.391,8.301168e-03,4.455297e+01,3.093616e-04,1.504510e-04,3004755.094,2.500000e-04,10.89,5077.11
2499,8.754853e-03,4.329273e+01,3.252210e-04,2.346740e-04,2994533.574,7.809012e-03,4.325425e+01,3.203080e-04,5.610141e-05,2997302.008,2.500000e-04,10.77,5087.88
2500,9.700218e-03,4.339665e+01,4.125636e-04,2.469833e-04,2994758.326,9.585752e-03,4.517158e+01,3.774358e-04,2.588472e-04,2996791.797,2.500000e-04,10.54,5098.42
2501,9.579071e-03,4.375220e+01,3.985516e-04,2.436669e-04,2995447.555,1.036802e-02,4.379404e+01,4.966962e-04,2.043315e-04,2983816.180,2.500000e-04,10.58,5109.00
2502,9.094807e-03,4.317675e+01,3.565418e-04,2.423428e-04,2995242.289,8.976551e-03,4.278565e+01,4.148358e-04,1.099257e-04,3014717.523,2.500000e-04,10.89,5119.89
2503,8.236180e-03,4.270954e+01,2.971708e-04,1.987037e-04,2995057.605,1.030460e-02,4.351335e+01,4.613511e-04,2.679507e-04,3039948.438,2.500000e-04,10.91,5130.80
2504,9.951464e-03,4.377510e+01,4.003236e-04,3.141436e-04,2994547.697,8.817137e-03,4.377437e+01,3.123522e-04,2.632358e-04,2960952.758,2.500000e-04,10.36,5141.16
2505,1.012164e-02,4.407553e+01,3.885900e-04,3.656385e-04,2994705.184,7.341175e-03,4.351200e+01,2.193747e-04,1.592458e-04,3006805.352,2.500000e-04,10.22,5151.38
2506,8.789589e-03,4.315134e+01,3.105327e-04,2.738257e-04,2994929.295,9.644952e-03,4.589848e+01,2.864134e-04,4.381939e-04,3048176.141,2.500000e-04,10.36,5161.74
2507,9.162170e-03,4.337028e+01,3.714051e-04,2.222182e-04,2995610.275,1.584307e-02,4.528028e+01,7.992712e-04,6.644667e-04,3062372.664,2.500000e-04,10.27,5172.01
2508,8.840859e-03,4.325359e+01,3.383488e-04,2.264025e-04,2995107.943,7.601874e-03,4.192597e+01,2.307614e-04,2.203326e-04,2985368.188,2.500000e-04,9.90,5181.91
2509,8.401642e-03,4.231654e+01,2.928874e-04,2.482229e-04,2994199.922,1.586375e-02,4.661392e+01,5.155619e-04,1.209348e-03,3097944.711,2.500000e-04,10.16,5192.07
2510,8.783934e-03,4.296312e+01,3.387099e-04,2.201047e-04,2996311.682,8.807882e-03,4.453759e+01,3.142843e-04,2.422561e-04,3038796.133,2.500000e-04,10.20,5202.27
2511,8.765087e-03,4.278895e+01,3.280434e-04,2.411516e-04,2995773.439,8.037753e-03,4.196807e+01,3.017007e-04,1.647878e-04,2984693.047,2.500000e-04,10.33,5212.60
2512,9.113508e-03,4.313746e+01,3.594578e-04,2.410369e-04,2995115.980,8.454972e-03,4.236815e+01,3.618536e-04,1.199241e-04,2983719.523,2.500000e-04,10.33,5222.93
2513,9.158572e-03,4.257004e+01,3.685933e-04,2.431270e-04,2994840.361,1.053624e-02,4.123838e+01,5.127764e-04,2.569278e-04,2981232.523,2.500000e-04,11.20,5234.13
2514,9.053829e-03,4.281879e+01,3.517724e-04,2.508450e-04,2994911.336,9.804105e-03,4.296180e+01,4.777325e-04,1.461200e-04,3021310.750,2.500000e-04,10.66,5244.79
2515,8.858201e-03,4.242204e+01,3.415225e-04,2.401545e-04,2995643.428,7.181432e-03,4.271710e+01,2.493266e-04,8.329114e-05,2997444.453,2.500000e-04,10.70,5255.50
2516,9.429206e-03,4.285668e+01,3.754541e-04,2.777993e-04,2994882.719,7.895308e-03,4.414738e+01,2.240117e-04,2.480906e-04,2978721.875,2.500000e-04,10.75,5266.24
2517,8.976668e-03,4.277781e+01,3.516635e-04,2.364506e-04,2995644.508,7.005639e-03,4.302918e+01,2.058688e-04,1.288067e-04,3010258.273,2.500000e-04,10.02,5276.27
2518,9.507924e-03,4.346018e+01,3.714082e-04,2.895648e-04,2994986.592,8.443804e-03,4.218569e+01,2.627729e-04,3.195011e-04,2960444.477,2.500000e-04,10.25,5286.52
2519,9.142602e-03,4.298185e+01,3.661697e-04,2.365439e-04,2995501.609,1.053875e-02,4.517666e+01,5.069070e-04,1.904032e-04,2997002.008,2.500000e-04,10.20,5296.72
2520,8.606906e-03,4.288298e+01,3.260171e-04,2.116875e-04,2994862.842,1.140659e-02,4.162766e+01,4.497933e-04,5.491783e-04,2960511.234,2.500000e-04,9.89,5306.61
2521,8.452241e-03,4.273507e+01,3.122707e-04,2.112052e-04,2996368.275,8.103813e-03,4.150748e+01,3.115155e-04,1.675821e-04,2987635.500,2.500000e-04,9.74,5316.35
2522,8.911802e-03,4.240643e+01,3.411631e-04,2.519057e-04,2994780.709,8.637933e-03,4.203190e+01,3.991770e-04,8.859449e-05,2994184.844,2.500000e-04,10.05,5326.40
2523,8.551821e-03,4.220441e+01,3.313997e-04,2.034767e-04,2995356.600,8.236894e-03,4.191049e+01,2.197648e-04,3.696393e-04,2959314.922,2.500000e-04,10.20,5336.61
2524,8.857998e-03,4.260216e+01,3.416251e-04,2.363064e-04,2995433.488,1.014319e-02,4.207047e+01,4.670565e-04,2.531161e-04,3000141.586,2.500000e-04,10.21,5346.82
2525,9.026274e-03,4.293953e+01,3.516796e-04,2.431050e-04,2994872.828,9.391065e-03,4.244962e+01,4.620737e-04,1.050731e-04,3004017.250,2.500000e-04,10.44,5357.26
2526,8.570498e-03,4.276027e+01,3.261268e-04,2.066408e-04,2996173.229,7.358271e-03,4.127562e+01,2.172092e-04,2.117234e-04,2974864.812,2.500000e-04,11.03,5368.29
2527,8.593003e-03,4.249485e+01,3.246764e-04,2.193508e-04,2995137.520,9.639346e-03,4.382427e+01,2.747251e-04,5.019337e-04,2999575.695,2.500000e-04,10.56,5378.84
2528,9.521133e-03,4.292977e+01,3.790420e-04,2.875471e-04,2993977.223,1.069110e-02,4.565707e+01,3.104538e-04,6.041715e-04,3053228.242,2.500000e-04,10.54,5389.39
2529,9.205115e-03,4.329743e+01,3.693215e-04,2.364315e-04,2995696.188,9.759767e-03,4.284770e+01,4.162544e-04,2.624907e-04,2978096.578,2.500000e-04,10.85,5400.23
2530,9.039953e-03,4.271737e+01,3.503696e-04,2.529040e-04,2995732.891,1.094651e-02,4.431170e+01,5.544399e-04,1.941875e-04,2999218.000,2.500000e-04,10.79,5411.03
2531,8.643646e-03,4.238047e+01,3.414370e-04,1.982458e-04,2994853.318,8.975206e-03,4.225910e+01,3.435856e-04,2.626880e-04,3021243.242,2.500000e-04,10.88,5421.90
2532,9.009232e-03,4.300919e+01,3.406420e-04,2.603787e-04,2995033.199,7.035774e-03,4.449321e+01,1.878802e-04,1.415302e-04,3020074.859,2.500000e-04,10.11,5432.02
2533,8.701714e-03,4.311041e+01,3.221369e-04,2.338608e-04,2995148.893,7.830466e-03,4.436915e+01,2.142936e-04,2.501231e-04,3034246.977,2.500000e-04,10.32,5442.34
2534,9.248078e-03,4.314776e+01,3.629385e-04,2.607835e-04,2995670.305,6.997505e-03,4.274561e+01,1.782930e-04,1.880027e-04,3004242.430,2.500000e-04,10.30,5452.64
2535,8.561383e-03,4.305018e+01,3.084925e-04,2.342880e-04,2995551.809,1.167378e-02,4.466111e+01,5.122853e-04,4.169640e-04,3051366.797,2.500000e-04,10.36,5463.00
2536,8.779453e-03,4.301049e+01,3.127008e-04,2.702791e-04,2995449.666,7.129689e-03,4.369566e+01,1.594847e-04,2.330551e-04,2976572.023,2.500000e-04,10.14,5473.15
2537,8.828641e-03,4.297814e+01,3.308305e-04,2.445043e-04,2994373.652,8.954146e-03,4.487581e+01,3.700075e-04,1.532981e-04,3001828.312,2.500000e-04,10.39,5483.53
2538,8.701474e-03,4.343526e+01,3.168499e-04,2.378896e-04,2996388.316,9.583931e-03,4.233511e+01,2.555818e-04,5.589206e-04,2937547.312,2.500000e-04,10.69,5494.22
2539,9.201356e-03,4.279275e+01,3.689162e-04,2.465838e-04,2993610.561,1.116792e-02,4.568347e+01,5.885562e-04,1.428022e-04,2990046.789,2.500000e-04,10.86,5505.08
2540,8.981974e-03,4.325042e+01,3.301152e-04,2.711562e-04,2995572.240,1.057632e-02,4.430184e+01,4.635635e-04,3.021007e-04,3038835.742,2.500000e-04,10.90,5515.98
2541,8.534807e-03,4.331175e+01,3.212227e-04,1.982810e-04,2995133.785,1.099272e-02,4.326386e+01,4.956252e-04,3.420170e-04,3032374.477,2.500000e-04,11.14,5527.12
2542,8.929124e-03,4.296093e+01,3.492941e-04,2.280182e-04,2995189.270,8.044196e-03,4.371119e+01,3.168833e-04,1.008487e-04,3008994.102,2.500000e-04,10.97,5538.09
2543,8.816374e-03,4.306975e+01,3.628774e-04,1.761251e-04,2995146.646,8.204438e-03,4.389192e+01,2.411874e-04,2.806744e-04,3044963.500,2.500000e-04,11.18,5549.27
2544,9.306045e-03,4.382505e+01,3.723354e-04,2.400373e-04,2994472.361,9.089832e-03,4.495546e+01,3.618136e-04,1.952301e-04,3031675.430,2.500000e-04,10.78,5560.05
2545,9.290569e-03,4.388042e+01,3.576268e-04,2.652516e-04,2996387.273,9.455891e-03,4.168867e+01,2.761676e-04,5.050698e-04,2945526.438,2.500000e-04,10.54,5570.59
2546,1.077514e-02,4.406514e+01,4.654639e-04,3.427972e-04,2992955.363,1.116798e-02,4.571392e+01,5.368391e-04,2.456395e-04,3009464.836,2.500000e-04,10.60,5581.19
2547,1.043061e-02,4.536730e+01,4.351988e-04,3.083782e-04,2995262.283,1.054385e-02,4.681368e+01,4.757888e-04,2.209180e-04,3020334.477,2.500000e-04,10.98,5592.17
2548,9.272279e-03,4.468256e+01,3.588461e-04,2.431124e-04,2994449.191,8.930613e-03,4.312035e+01,3.540627e-04,2.155903e-04,2980325.258,2.500000e-04,10.48,5602.66
2549,1.011754e-02,4.457019e+01,4.288350e-04,2.744349e-04,2994615.803,9.761215e-03,4.567459e+01,4.609743e-04,1.168026e-04,2997303.008,2.500000e-04,10.52,5613.18
2550,9.052873e-03,4.368162e+01,3.398611e-04,2.572201e-04,2995533.623,8.695634e-03,4.470587e+01,3.015986e-04,2.418123e-04,2985273.625,2.500000e-04,10.93,5624.11
2551,9.257730e-03,4.391592e+01,3.585110e-04,2.562057e-04,2994344.324,8.448663e-03,4.502182e+01,3.218378e-04,1.456207e-04,3018410.234,2.500000e-04,10.70,5634.81
2552,9.252343e-03,4.404775e+01,3.471786e-04,2.751565e-04,2995407.305,1.273497e-02,4.305970e+01,6.915181e-04,3.027640e-04,2990988.336,2.500000e-04,10.26,5645.07
2553,9.750558e-03,4.364173e+01,3.895250e-04,2.982269e-04,2995653.045,1.002535e-02,4.538239e+01,4.026447e-04,2.921330e-04,3006395.336,2.500000e-04,10.54,5655.61
2554,9.657482e-03,4.336831e+01,3.868240e-04,2.904822e-04,2994323.010,8.080895e-03,4.456183e+01,2.913964e-04,1.421497e-04,2986045.969,2.500000e-04,10.66,5666.27
2555,8.326744e-03,4.309850e+01,3.105895e-04,1.821999e-04,2995462.736,7.002836e-03,4.253856e+01,1.994259e-04,1.509442e-04,2983790.773,2.500000e-04,10.33,5676.60
2556,8.816419e-03,4.356311e+01,3.171689e-04,2.576838e-04,2995769.555,9.684678e-03,4.197121e+01,4.272435e-04,2.430243e-04,2974673.242,2.500000e-04,10.51,5687.11
2557,8.948805e-03,4.341800e+01,3.417869e-04,2.378272e-04,2994206.725,8.328017e-03,4.508434e+01,1.929280e-04,3.780604e-04,3001163.359,2.500000e-04,10.42,5697.53
2558,9.014017e-03,4.332680e+01,3.460032e-04,2.442610e-04,2995252.072,6.792683e-03,4.351318e+01,1.626266e-04,1.630198e-04,3027927.156,2.500000e-04,10.49,5708.02
2559,8.999185e-03,4.330063e+01,3.554693e-04,2.228859e-04,2995821.342,8.065205e-03,4.368400e+01,2.835962e-04,1.721686e-04,3000192.164,2.500000e-04,10.94,5718.96
2560,8.560596e-03,4.332733e+01,3.078416e-04,2.298893e-04,2994335.852,7.418901e-03,4.237199e+01,2.012706e-04,2.337992e-04,2977203.633,2.500000e-04,10.44,5729.40
2561,9.383394e-03,4.332485e+01,3.698615e-04,2.704588e-04,2995163.918,7.494264e-03,4.416664e+01,2.170010e-04,1.815180e-04,3004004.648,2.500000e-04,10.43,5739.83
2562,8.327922e-03,4.265226e+01,2.838318e-04,2.448756e-04,2995584.482,6.293759e-03,4.294316e+01,1.446011e-04,1.106863e-04,3018087.703,2.500000e-04,10.54,5750.37
2563,8.563650e-03,4.311153e+01,3.153340e-04,2.198314e-04,2994464.809,1.075923e-02,4.679397e+01,2.009373e-04,8.140915e-04,3079506.484,2.500000e-04,10.30,5760.67
2564,8.931057e-03,4.301530e+01,3.617081e-04,2.024892e-04,2995899.453,9.221529e-03,4.372821e+01,2.914633e-04,3.868149e-04,3051650.930,2.500000e-04,10.40,5771.07
2565,8.189843e-03,4.257287e+01,2.777667e-04,2.309777e-04,2995791.109,6.609636e-03,4.309934e+01,1.714741e-04,1.169923e-04,3016103.641,2.500000e-04,10.62,5781.69
2566,8.869505e-03,4.338221e+01,3.443668e-04,2.175232e-04,2995103.848,8.557410e-03,4.435745e+01,3.020871e-04,2.201587e-04,3001461.242,2.500000e-04,10.28,5791.98
2567,8.754341e-03,4.295290e+01,3.419646e-04,2.078810e-04,2995990.271,7.543420e-03,4.217668e+01,1.974013e-04,2.703478e-04,2968992.461,2.500000e-04,10.46,5802.43
2568,8.330883e-03,4.296334e+01,2.896035e-04,2.277030e-04,2995686.053,7.764818e-03,4.226841e+01,2.363550e-04,2.348856e-04,2982890.227,2.500000e-04,10.42,5812.85
2569,8.273675e-03,4.257012e+01,3.076111e-04,1.881105e-04,2995450.246,8.318472e-03,4.261371e+01,2.919045e-04,2.276112e-04,3019833.969,2.500000e-04,10.60,5823.45
2570,9.529352e-03,4.231742e+01,3.699461e-04,3.196299e-04,2994221.404,1.053189e-02,4.518628e+01,4.069990e-04,3.886551e-04,3044180.305,2.500000e-04,10.54,5833.99
2571,9.437923e-03,4.339383e+01,3.638058e-04,2.920964e-04,2995833.361,6.781587e-03,4.223587e+01,1.518387e-04,2.079225e-04,2968478.016,2.500000e-04,10.42,5844.41
2572,7.622111e-03,4.226099e+01,2.570513e-04,1.650999e-04,2995853.645,8.068213e-03,4.348668e+01,2.818656e-04,1.801779e-04,3000279.477,2.500000e-04,10.26,5854.67
2573,8.979268e-03,4.219781e+01,3.552023e-04,2.414928e-04,2994834.467,6.828189e-03,4.332846e+01,1.767727e-04,1.455232e-04,3007250.266,2.500000e-04,10.34,5865.01
2574,8.651160e-03,4.258832e+01,3.415553e-04,1.953552e-04,2995430.254,6.566586e-03,4.206512e+01,1.788255e-04,1.143637e-04,2994994.984,2.500000e-04,10.93,5875.94
2575,8.923082e-03,4.272584e+01,3.281802e-04,2.737394e-04,2995600.277,8.395235e-03,4.413228e+01,3.002937e-04,1.958140e-04,2997590.367,2.500000e-04,10.81,5886.75
2576,9.431921e-03,4.333063e+01,3.633829e-04,2.930059e-04,2993858.477,6.865965e-03,4.242676e+01,2.106748e-04,1.033083e-04,2994756.812,2.500000e-04,10.60,5897.35
2577,8.298916e-03,4.278251e+01,2.984797e-04,2.071736e-04,2995968.895,7.132152e-03,4.236439e+01,1.891186e-04,2.009055e-04,2997648.391,2.500000e-04,10.92,5908.27
2578,9.185423e-03,4.286198e+01,3.582341e-04,2.633768e-04,2995585.920,9.316193e-03,4.362769e+01,4.002644e-04,1.901560e-04,2982094.594,2.500000e-04,11.01,5919.28
2579,8.868661e-03,4.294534e+01,3.312858e-04,2.522539e-04,2994337.740,1.090593e-02,4.201675e+01,5.809019e-04,1.790479e-04,2976567.172,2.500000e-04,11.18,5930.46
2580,1.029776e-02,4.353186e+01,4.295683e-04,3.297788e-04,2994656.197,9.533334e-03,4.421605e+01,3.826001e-04,2.571457e-04,3005282.289,2.500000e-04,11.09,5941.55
2581,9.512948e-03,4.376973e+01,3.823968e-04,2.624014e-04,2994321.166,7.398693e-03,4.446316e+01,2.128739e-04,1.647273e-04,3004267.719,2.500000e-04,10.92,5952.47
2582,8.625018e-03,4.338077e+01,3.161824e-04,2.250233e-04,2996135.508,7.624568e-03,4.302559e+01,2.564544e-04,1.514930e-04,3016858.375,2.500000e-04,11.03,5963.49
2583,8.751601e-03,4.323494e+01,3.360163e-04,2.135887e-04,2995715.109,9.383989e-03,4.152682e+01,3.700231e-04,3.062151e-04,2970173.188,2.500000e-04,10.94,5974.44
2584,9.779089e-03,4.335760e+01,4.091669e-04,2.703319e-04,2995130.281,7.483102e-03,4.399677e+01,2.353727e-04,1.459398e-04,2982555.977,2.500000e-04,10.85,5985.28
2585,8.152329e-03,4.243257e+01,2.934618e-04,1.948909e-04,2995921.301,8.700197e-03,4.369139e+01,2.432659e-04,3.796797e-04,2975578.242,2.500000e-04,10.62,5995.90
2586,9.402461e-03,4.325604e+01,3.657596e-04,2.838523e-04,2994309.047,7.671329e-03,4.216772e+01,2.382558e-04,2.144000e-04,3007504.617,2.500000e-04,10.51,6006.42
2587,9.620522e-03,4.398252e+01,4.067506e-04,2.309529e-04,2994013.545,1.060267e-02,4.572312e+01,5.467991e-04,1.124736e-04,3006146.180,2.500000e-04,10.57,6016.99
2588,9.289012e-03,4.348900e+01,3.943158e-04,1.993908e-04,2995208.766,8.913091e-03,4.609193e+01,2.059522e-04,4.488753e-04,3052942.602,2.500000e-04,11.35,6028.34
2589,8.583872e-03,4.320544e+01,3.231285e-04,2.064086e-04,2995725.943,7.776277e-03,4.346225e+01,2.712881e-04,1.434342e-04,3002969.477,2.500000e-04,10.83,6039.17
2590,8.909774e-03,4.298219e+01,3.464597e-04,2.293916e-04,2994955.092,1.555392e-02,4.648701e+01,8.396062e-04,5.018321e-04,3047808.969,2.500000e-04,10.65,6049.82
2591,1.014873e-02,4.368591e+01,4.431974e-04,2.696332e-04,2994102.373,1.151282e-02,4.678435e+01,3.437351e-04,6.794077e-04,3060662.539,2.500000e-04,10.44,6060.26
2592,9.004549e-03,4.374539e+01,3.494132e-04,2.271758e-04,2996439.617,7.888774e-03,4.092790e+01,3.172976e-04,1.246014e-04,2981183.227,2.500000e-04,10.77,6071.03
2593,9.932401e-03,4.320796e+01,4.302998e-04,2.617213e-04,2994344.768,7.942928e-03,4.332538e+01,2.477048e-04,2.266683e-04,3017478.555,2.500000e-04,11.02,6082.05
2594,1.022197e-02,4.373939e+01,4.206662e-04,3.282734e-04,2993944.357,7.388354e-03,4.383395e+01,2.237142e-04,1.535634e-04,2997630.812,2.500000e-04,10.59,6092.64
2595,8.797188e-03,4.377897e+01,3.337094e-04,2.164394e-04,2995822.232,8.342379e-03,4.534980e+01,2.831414e-04,1.951971e-04,3018636.102,2.500000e-04,10.44,6103.08
2596,9.854486e-03,4.391410e+01,4.177104e-04,2.571946e-04,2994174.377,9.611185e-03,4.572545e+01,3.649511e-04,2.778259e-04,2978962.578,2.500000e-04,10.81,6113.88
2597,9.225076e-03,4.392172e+01,3.691059e-04,2.283690e-04,2995093.666,8.702462e-03,4.472171e+01,2.926035e-04,2.608512e-04,3023970.633,2.500000e-04,10.68,6124.56
2598,9.653772e-03,4.395516e+01,4.081642e-04,2.353229e-04,2994780.637,7.542740e-03,4.376195e+01,2.310543e-04,1.712003e-04,2988951.703,2.500000e-04,10.68,6135.24
2599,9.767075e-03,4.435590e+01,4.016729e-04,2.629513e-04,2995005.920,1.000482e-02,4.444713e+01,4.354210e-04,2.411801e-04,2973732.062,2.500000e-04,10.77,6146.01
2600,9.286145e-03,4.357323e+01,3.828220e-04,2.201205e-04,2994409.807,9.114734e-03,4.560594e+01,3.533449e-04,2.041383e-04,2998384.062,2.500000e-04,10.76,6156.77
2601,9.502437e-03,4.356570e+01,3.947200e-04,2.397335e-04,2995902.275,9.027747e-03,4.233417e+01,3.289531e-04,3.009598e-04,2982084.891,1.250000e-04,10.50,6167.27
2602,6.488217e-03,4.196133e+01,1.695474e-04,1.193220e-04,2995424.693,6.191832e-03,4.307877e+01,1.112380e-04,1.543148e-04,3026968.492,1.250000e-04,10.54,6177.81
2603,6.024819e-03,4.142201e+01,1.319180e-04,1.126876e-04,2997199.289,5.914859e-03,4.117434e+01,1.182110e-04,1.230631e-04,2978332.930,1.250000e-04,10.63,6188.44
2604,6.134026e-03,4.079304e+01,1.465511e-04,1.178421e-04,2995761.508,5.444063e-03,4.073923e+01,1.152828e-04,4.346244e-05,2993481.727,1.250000e-04,10.39,6198.83
2605,5.942057e-03,4.066468e+01,1.374664e-04,1.001851e-04,2996376.205,5.716382e-03,4.095665e+01,1.287710e-04,6.660138e-05,3011501.922,1.250000e-04,10.45,6209.27
2606,5.767571e-03,4.046472e+01,1.223187e-04,9.958235e-05,2996535.648,6.447633e-03,4.165538e+01,1.579817e-04,1.404556e-04,3019441.953,1.250000e-04,10.40,6219.68
2607,5.774596e-03,4.049444e+01,1.253171e-04,9.439628e-05,2996992.072,6.322559e-03,4.125912e+01,1.646147e-04,1.101001e-04,3022947.203,1.250000e-04,10.46,6230.14
2608,6.076566e-03,4.016626e+01,1.516219e-04,1.087441e-04,2996439.352,5.551848e-03,4.081667e+01,9.031617e-05,1.134040e-04,3006209.734,1.250000e-04,10.77,6240.91
2609,5.706214e-03,4.000590e+01,1.198316e-04,1.014616e-04,2996305.334,6.376898e-03,3.900054e+01,1.969885e-04,1.013918e-04,2979720.953,1.250000e-04,10.36,6251.27
2610,5.918765e-03,3.997406e+01,1.418269e-04,1.006181e-04,2996574.438,6.071675e-03,4.046253e+01,1.103558e-04,1.843729e-04,3031833.734,1.250000e-04,10.51,6261.78
2611,5.691263e-03,3.976867e+01,1.242988e-04,9.428168e-05,2997179.316,5.259461e-03,4.007147e+01,8.905013e-05,7.236259e-05,2988758.328,1.250000e-04,10.41,6272.19
2612,5.906851e-03,3.988960e+01,1.401344e-04,1.033094e-04,2996880.918,5.878310e-03,3.933326e+01,1.217146e-04,1.455675e-04,2975554.109,1.250000e-04,10.48,6282.67
2613,5.854385e-03,3.988254e+01,1.337239e-04,1.057784e-04,2995982.107,5.332749e-03,4.025764e+01,8.655303e-05,8.829091e-05,2993617.859,1.250000e-04,10.51,6293.18
2614,5.794113e-03,3.998726e+01,1.223972e-04,1.142830e-04,2996167.475,5.826411e-03,4.073692e+01,1.012739e-04,1.479962e-04,3029495.234,1.250000e-04,10.93,6304.11
2615,5.605661e-03,3.967091e+01,1.123852e-04,1.029436e-04,2997069.617,5.582076e-03,3.933430e+01,1.043393e-04,1.210507e-04,2985960.484,1.250000e-04,10.66,6314.77
2616,5.887758e-03,3.960466e+01,1.380756e-04,1.093074e-04,2996483.344,5.086263e-03,4.010690e+01,7.709981e-05,6.091510e-05,3003004.188,1.250000e-04,10.73,6325.50
2617,5.582306e-03,3.963690e+01,1.179018e-04,8.791954e-05,2996482.107,5.695217e-03,4.008523e+01,1.401578e-04,5.702304e-05,3009627.211,1.250000e-04,10.61,6336.11
2618,5.552499e-03,3.950787e+01,1.145659e-04,9.121070e-05,2997009.545,5.200894e-03,3.978388e+01,8.754162e-05,6.941790e-05,3014563.500,1.250000e-04,10.74,6346.84
2619,5.612750e-03,3.933055e+01,1.192852e-04,9.736858e-05,2997094.758,6.322760e-03,3.815929e+01,1.295439e-04,2.422784e-04,2959665.164,1.250000e-04,11.16,6358.01
2620,5.587255e-03,3.937006e+01,1.171821e-04,9.568577e-05,2996433.406,5.166368e-03,3.938941e+01,1.005219e-04,4.444166e-05,2991288.156,1.250000e-04,10.90,6368.91
2621,5.592038e-03,3.938575e+01,1.200620e-04,9.056858e-05,2996896.639,5.197948e-03,3.927854e+01,9.615276e-05,6.171324e-05,2991383.484,1.250000e-04,11.39,6380.30
2622,5.958089e-03,3.948461e+01,1.378344e-04,1.262568e-04,2996456.055,5.344553e-03,4.016555e+01,1.028970e-04,5.980561e-05,3004602.578,1.250000e-04,10.93,6391.23
2623,5.476969e-03,3.930292e+01,1.103113e-04,8.871287e-05,2996462.371,5.518784e-03,4.004365e+01,7.739498e-05,1.480938e-04,3020804.992,1.250000e-04,11.05,6402.28
2624,5.549535e-03,3.911177e+01,1.156204e-04,9.643083e-05,2997234.109,5.178568e-03,3.927439e+01,1.007410e-04,4.874377e-05,2997406.023,1.250000e-04,11.14,6413.42
2625,5.466988e-03,3.901760e+01,1.091868e-04,9.467192e-05,2996492.182,6.783827e-03,4.002729e+01,1.710875e-04,2.140445e-04,3019330.359,1.250000e-04,11.44,6424.85
2626,5.575883e-03,3.923544e+01,1.168549e-04,9.675804e-05,2997007.061,5.694343e-03,3.966571e+01,1.015919e-04,1.423704e-04,3023934.898,1.250000e-04,10.27,6435.13
2627,5.847707e-03,3.896784e+01,1.376777e-04,1.148292e-04,2995856.672,6.962102e-03,3.945187e+01,2.347053e-04,1.339724e-04,3001436.344,1.250000e-04,11.02,6446.15
2628,5.770385e-03,3.906439e+01,1.321148e-04,1.085596e-04,2997299.877,5.703799e-03,3.951030e+01,1.307021e-04,8.914976e-05,2999252.305,1.250000e-04,10.64,6456.79
2629,5.461237e-03,3.893785e+01,1.129161e-04,8.765830e-05,2996118.461,5.582851e-03,3.956661e+01,1.297665e-04,6.570510e-05,3001500.609,1.250000e-04,10.67,6467.46
2630,5.695017e-03,3.902051e+01,1.282614e-04,1.020705e-04,2996616.146,6.815302e-03,3.956282e+01,1.605403e-04,2.507234e-04,3026520.641,1.250000e-04,10.73,6478.19
2631,5.729383e-03,3.909096e+01,1.254560e-04,1.131455e-04,2997153.281,6.093359e-03,3.841394e+01,1.448253e-04,1.607425e-04,2971456.547,1.250000e-04,10.64,6488.83
2632,5.673527e-03,3.902119e+01,1.317572e-04,9.076729e-05,2996669.756,4.993833e-03,3.891333e+01,9.427338e-05,3.195329e-05,3003015.656,1.250000e-04,10.87,6499.70
2633,5.882279e-03,3.907464e+01,1.377389e-04,1.194852e-04,2996751.094,6.336218e-03,3.831745e+01,1.154709e-04,2.699528e-04,2954472.844,1.250000e-04,10.24,6509.94
2634,5.756120e-03,3.902744e+01,1.294698e-04,1.117356e-04,2996233.492,4.791232e-03,3.915585e+01,6.953653e-05,3.605638e-05,2992718.445,1.250000e-04,10.62,6520.57
2635,5.677888e-03,3.912407e+01,1.216691e-04,1.097581e-04,2997072.475,5.155678e-03,3.925111e+01,9.391302e-05,5.828737e-05,3012685.227,1.250000e-04,10.55,6531.12
2636,5.668625e-03,3.903880e+01,1.246132e-04,1.037227e-04,2996928.723,6.277525e-03,3.883271e+01,1.763308e-04,1.261892e-04,2974606.898,1.250000e-04,10.57,6541.69
2637,5.854120e-03,3.903755e+01,1.370188e-04,1.160354e-04,2996042.121,5.369642e-03,3.945295e+01,1.177835e-04,4.930260e-05,2998009.055,1.250000e-04,10.36,6552.05
2638,5.667980e-03,3.882730e+01,1.250942e-04,1.068618e-04,2996651.918,7.370921e-03,3.963567e+01,2.443421e-04,1.927865e-04,3027017.461,1.250000e-04,10.60,6562.65
2639,5.899457e-03,3.905506e+01,1.360312e-04,1.267277e-04,2996133.928,5.456825e-03,4.003010e+01,8.334269e-05,1.240777e-04,3026762.781,1.250000e-04,10.93,6573.58
2640,5.632417e-03,3.904919e+01,1.280212e-04,8.945725e-05,2997601.275,5.469375e-03,3.798323e+01,8.172312e-05,1.707643e-04,2966323.570,1.250000e-04,10.40,6583.98
2641,6.126434e-03,3.881082e+01,1.584902e-04,1.320901e-04,2996266.189,5.253338e-03,3.942973e+01,8.510870e-05,9.185569e-05,3018787.562,1.250000e-04,10.53,6594.51
2642,5.533756e-03,3.877371e+01,1.144832e-04,1.023105e-04,2996363.217,7.243005e-03,4.075505e+01,2.088512e-04,2.157976e-04,3031623.289,1.250000e-04,10.70,6605.21
2643,5.743655e-03,3.895224e+01,1.331516e-04,1.033830e-04,2996599.783,5.171154e-03,3.946560e+01,1.013906e-04,4.213751e-05,3003779.898,1.250000e-04,10.70,6615.91
2644,5.594482e-03,3.866918e+01,1.249966e-04,9.551966e-05,2996412.477,5.672772e-03,3.937871e+01,1.337999e-04,7.938051e-05,3019650.680,1.250000e-04,10.41,6626.32
2645,5.866529e-03,3.880969e+01,1.473903e-04,1.023314e-04,2997332.037,6.569015e-03,3.825663e+01,1.541060e-04,2.404586e-04,2959421.578,1.250000e-04,10.50,6636.82
2646,5.509506e-03,3.877699e+01,1.165479e-04,9.326581e-05,2996384.406,6.709543e-03,3.976445e+01,1.686845e-04,2.092507e-04,3034337.453,1.250000e-04,10.64,6647.47
2647,6.013107e-03,3.870960e+01,1.456347e-04,1.371600e-04,2996719.350,5.038079e-03,3.895740e+01,8.453481e-05,5.939835e-05,3001115.570,1.250000e-04,11.00,6658.47
2648,5.618348e-03,3.873690e+01,1.196727e-04,1.095861e-04,2996690.855,5.723447e-03,3.914891e+01,1.334550e-04,9.480127e-05,3012813.102,1.250000e-04,10.62,6669.09
2649,5.634556e-03,3.877616e+01,1.174618e-04,1.164644e-04,2996441.836,5.224167e-03,3.877820e+01,1.020226e-04,6.522414e-05,2991224.109,1.250000e-04,10.76,6679.85
2650,5.904221e-03,3.909227e+01,1.439160e-04,1.111668e-04,2996220.576,5.984358e-03,3.868025e+01,1.628361e-04,9.759438e-05,2997494.461,1.250000e-04,10.84,6690.69
2651,5.558254e-03,3.867648e+01,1.205695e-04,9.698215e-05,2996916.834,6.649684e-03,3.961039e+01,9.554591e-05,3.466372e-04,3046013.648,1.250000e-04,10.87,6701.56
2652,5.897378e-03,3.881046e+01,1.463060e-04,1.106544e-04,2997060.908,5.749038e-03,3.878665e+01,9.945018e-05,1.751743e-04,2976542.469,1.250000e-04,10.78,6712.34
2653,5.792220e-03,3.878845e+01,1.352539e-04,1.121672e-04,2996001.309,5.211553e-03,3.961041e+01,9.334927e-05,6.340389e-05,2996965.414,1.250000e-04,11.32,6723.66
2654,5.551882e-03,3.888177e+01,1.207500e-04,9.124093e-05,2996973.076,5.319762e-03,3.861552e+01,1.235186e-04,4.460500e-05,2999842.664,1.250000e-04,10.59,6734.25
2655,5.535181e-03,3.870611e+01,1.183546e-04,9.620480e-05,2996995.760,5.317102e-03,3.899533e+01,1.132910e-04,5.693195e-05,3001322.219,1.250000e-04,10.84,6745.10
2656,5.650237e-03,3.878896e+01,1.246610e-04,1.049463e-04,2996586.090,4.719069e-03,3.849529e+01,6.920099e-05,3.550603e-05,2991947.578,1.250000e-04,10.87,6755.97
2657,5.524033e-03,3.861873e+01,1.229656e-04,8.650066e-05,2996497.533,5.376049e-03,3.937026e+01,8.984453e-05,1.081155e-04,3015823.391,1.250000e-04,10.88,6766.85
2658,5.729327e-03,3.860221e+01,1.272750e-04,1.192712e-04,2997079.732,5.966749e-03,3.809806e+01,1.401217e-04,1.511452e-04,2974748.219,1.250000e-04,10.66,6777.51
2659,5.920379e-03,3.862533e+01,1.431118e-04,1.253456e-04,2996439.551,7.515971e-03,3.947696e+01,2.963154e-04,1.210241e-04,2991961.633,1.250000e-04,10.98,6788.49
2660,5.871089e-03,3.860293e+01,1.454487e-04,1.112619e-04,2996481.355,6.940246e-03,3.877634e+01,2.711214e-04,7.027984e-05,2985121.672,1.250000e-04,11.45,6799.94
2661,5.690773e-03,3.870217e+01,1.277834e-04,1.085443e-04,2997241.268,6.739549e-03,3.936512e+01,1.837867e-04,1.930340e-04,3025504.180,1.250000e-04,10.79,6810.73
2662,5.657829e-03,3.873794e+01,1.255472e-04,1.057125e-04,2996399.486,5.285792e-03,3.904416e+01,1.146696e-04,4.693604e-05,3011351.125,1.250000e-04,10.50,6821.23
2663,5.831979e-03,3.888594e+01,1.366732e-04,1.153307e-04,2996656.598,5.476968e-03,3.936822e+01,9.131744e-05,1.253944e-04,3024059.742,1.250000e-04,10.60,6831.84
2664,5.963528e-03,3.880315e+01,1.476447e-04,1.213533e-04,2996434.645,6.455956e-03,3.925552e+01,1.723331e-04,1.614147e-04,3020420.406,1.250000e-04,10.96,6842.80
2665,5.783024e-03,3.862312e+01,1.446691e-04,9.480437e-05,2997221.410,6.173711e-03,3.804446e+01,1.021354e-04,2.695822e-04,2953821.430,1.250000e-04,10.79,6853.60
2666,5.603985e-03,3.889809e+01,1.214668e-04,9.990168e-05,2996709.006,5.839488e-03,3.842102e+01,1.540468e-04,9.138359e-05,2981465.648,1.250000e-04,10.89,6864.49
2667,5.509391e-03,3.855245e+01,1.213513e-04,8.812668e-05,2996847.186,5.697584e-03,3.967660e+01,1.294137e-04,8.715739e-05,3005924.250,1.250000e-04,10.72,6875.21
2668,5.667651e-03,3.865073e+01,1.276722e-04,1.051712e-04,2996621.479,5.763404e-03,3.814479e+01,1.268303e-04,1.361244e-04,2971286.242,1.250000e-04,10.36,6885.57
2669,5.786332e-03,3.864736e+01,1.318482e-04,1.206228e-04,2996035.832,5.849134e-03,3.965911e+01,1.186738e-04,1.392971e-04,3024838.062,1.250000e-04,10.53,6896.10
2670,5.663493e-03,3.892036e+01,1.232184e-04,1.078546e-04,2997169.750,6.002690e-03,3.833107e+01,1.503982e-04,1.331204e-04,2977298.531,1.250000e-04,10.89,6906.99
2671,5.590439e-03,3.887564e+01,1.200535e-04,1.004679e-04,2996392.158,6.003305e-03,3.925915e+01,1.645326e-04,8.641267e-05,3018788.852,1.250000e-04,10.83,6917.82
2672,5.831206e-03,3.867011e+01,1.369486e-04,1.189418e-04,2996952.713,6.777443e-03,3.990954e+01,1.648762e-04,2.275455e-04,3032952.680,1.250000e-04,11.24,6929.06
2673,5.914651e-03,3.875179e+01,1.440782e-04,1.197379e-04,2996495.309,5.073242e-03,3.919345e+01,8.967075e-05,5.143786e-05,2998794.570,1.250000e-04,10.93,6939.99
2674,5.638087e-03,3.856194e+01,1.290625e-04,9.825366e-05,2997206.916,5.250457e-03,3.876916e+01,1.079729e-04,5.876237e-05,3008805.906,1.250000e-04,10.76,6950.75
2675,5.540517e-03,3.854813e+01,1.173227e-04,1.024953e-04,2996606.293,5.951937e-03,3.902531e+01,1.655845e-04,7.871223e-05,3012681.914,1.250000e-04,10.83,6961.58
2676,5.799353e-03,3.873228e+01,1.386253e-04,1.079745e-04,2996811.391,5.021365e-03,3.907363e+01,9.353184e-05,3.573674e-05,3000902.164,1.250000e-04,10.67,6972.25
2677,5.627535e-03,3.861480e+01,1.286640e-04,9.588297e-05,2996683.545,6.440255e-03,3.901236e+01,1.722559e-04,1.632920e-04,3001340.328,1.250000e-04,10.87,6983.12
2678,5.883388e-03,3.867795e+01,1.422379e-04,1.186430e-04,2996620.219,5.575556e-03,3.848549e+01,1.215305e-04,1.023405e-04,2986556.102,1.250000e-04,10.95,6994.07
2679,5.445862e-03,3.855217e+01,1.112052e-04,9.571851e-05,2996999.279,5.304034e-03,3.868080e+01,8.959644e-05,1.079980e-04,2996628.016,1.250000e-04,10.86,7004.93
2680,5.718849e-03,3.865316e+01,1.337860e-04,1.031347e-04,2996657.490,4.894489e-03,3.837424e+01,8.182330e-05,4.776633e-05,2985362.008,1.250000e-04,10.78,7015.71
2681,6.033854e-03,3.891354e+01,1.517979e-04,1.249040e-04,2996645.678,5.287462e-03,3.867716e+01,9.291207e-05,9.812507e-05,2984384.727,1.250000e-04,10.87,7026.59
2682,5.411126e-03,3.859336e+01,1.102027e-04,8.995280e-05,2996544.545,5.246257e-03,3.879651e+01,1.009676e-04,7.138595e-05,3010489.320,1.250000e-04,10.44,7037.02
2683,5.636679e-03,3.849458e+01,1.237893e-04,1.098656e-04,2996506.254,6.259152e-03,3.945642e+01,1.531519e-04,1.563982e-04,3026371.117,1.250000e-04,10.63,7047.65
2684,5.623287e-03,3.846354e+01,1.301022e-04,9.518226e-05,2996746.748,5.639401e-03,3.877517e+01,1.471794e-04,5.801811e-05,3006746.828,1.250000e-04,10.75,7058.40
2685,5.795576e-03,3.854532e+01,1.333470e-04,1.215147e-04,2996378.445,5.533141e-03,3.958583e+01,9.269494e-05,1.295219e-04,3015458.656,1.250000e-04,10.52,7068.93
2686,5.670329e-03,3.859792e+01,1.251386e-04,1.118301e-04,2996698.457,1.078638e-02,3.855664e+01,5.811454e-04,2.238519e-04,2979609.789,1.250000e-04,10.74,7079.67
2687,5.642478e-03,3.869072e+01,1.226896e-04,1.093020e-04,2996876.844,5.185506e-03,3.910354e+01,9.332130e-05,6.838789e-05,3004639.891,1.250000e-04,10.66,7090.34
2688,5.660692e-03,3.849306e+01,1.325596e-04,9.715800e-05,2997362.154,5.484400e-03,3.862988e+01,1.011309e-04,1.220208e-04,3019669.523,1.250000e-04,10.53,7100.87
2689,5.373920e-03,3.835846e+01,1.144140e-04,7.878689e-05,2996766.314,6.679003e-03,3.922764e+01,2.103397e-04,1.305684e-04,3006685.812,1.250000e-04,10.29,7111.16
2690,6.001748e-03,3.856797e+01,1.537980e-04,1.213943e-04,2996212.854,5.652073e-03,3.801031e+01,1.540536e-04,6.210126e-05,3002105.539,1.250000e-04,10.77,7121.93
2691,5.738883e-03,3.833889e+01,1.351957e-04,1.106073e-04,2997394.834,4.944321e-03,3.908256e+01,7.714744e-05,5.291806e-05,2999843.859,1.250000e-04,10.54,7132.47
2692,5.257290e-03,3.822891e+01,1.004411e-04,8.599763e-05,2996945.758,5.378532e-03,3.918931e+01,1.056336e-04,8.065298e-05,3000035.734,1.250000e-04,10.45,7142.92
2693,6.146828e-03,3.841349e+01,1.550433e-04,1.510090e-04,2996488.371,5.675252e-03,3.906788e+01,1.206147e-04,1.124636e-04,3007532.094,1.250000e-04,10.48,7153.40
2694,5.531360e-03,3.836790e+01,1.161761e-04,1.065617e-04,2996397.379,5.918831e-03,3.917900e+01,1.486977e-04,1.027909e-04,2989523.094,1.250000e-04,10.26,7163.66
2695,5.567945e-03,3.847211e+01,1.227057e-04,9.873557e-05,2997065.057,6.686810e-03,3.820200e+01,2.317379e-04,1.098462e-04,2980898.477,1.250000e-04,10.23,7173.89
2696,5.657328e-03,3.848523e+01,1.290527e-04,1.036556e-04,2996204.350,4.914349e-03,3.859374e+01,7.172398e-05,6.754696e-05,3016413.867,1.250000e-04,10.38,7184.27
2697,5.507374e-03,3.837754e+01,1.150198e-04,1.038843e-04,2996869.832,5.368096e-03,3.818492e+01,9.921581e-05,1.114891e-04,2993420.023,1.250000e-04,10.58,7194.85
2698,5.761962e-03,3.837087e+01,1.324766e-04,1.200219e-04,2996665.117,5.181496e-03,3.913673e+01,8.674851e-05,8.006751e-05,3019760.852,1.250000e-04,10.56,7205.41
2699,5.754302e-03,3.848153e+01,1.371109e-04,1.070079e-04,2996351.740,7.206358e-03,4.010559e+01,1.974655e-04,2.442288e-04,3035833.938,1.250000e-04,10.40,7215.81
2700,5.944476e-03,3.863209e+01,1.453266e-04,1.256003e-04,2996809.199,4.859969e-03,3.845282e+01,7.376766e-05,5.540220e-05,3008185.297,1.250000e-04,10.26,7226.07
2701,5.479676e-03,3.846894e+01,1.177779e-04,9.100043e-05,2996998.445,6.293141e-03,3.719111e+01,1.494625e-04,2.158811e-04,2959255.406,1.250000e-04,10.30,7236.37
2702,5.564403e-03,3.838059e+01,1.140237e-04,1.172214e-04,2996676.479,5.800307e-03,3.921653e+01,1.193650e-04,1.370008e-04,3021709.320,1.250000e-04,10.22,7246.59
2703,5.845620e-03,3.871182e+01,1.353495e-04,1.241888e-04,2997037.545,4.954689e-03,3.816010e+01,7.945284e-05,6.883021e-05,2991817.047,1.250000e-04,10.01,7256.60
2704,5.468236e-03,3.831359e+01,1.186595e-04,9.005637e-05,2996389.480,6.154331e-03,3.959274e+01,1.134140e-04,2.121833e-04,3036336.180,1.250000e-04,10.58,7267.19
2705,5.393318e-03,3.820271e+01,1.075655e-04,9.947849e-05,2996755.994,5.042585e-03,3.865559e+01,9.789992e-05,3.960537e-05,3003213.461,1.250000e-04,10.45,7277.64
2706,5.764340e-03,3.856663e+01,1.335603e-04,1.144148e-04,2996949.045,5.497304e-03,3.851436e+01,1.376473e-04,5.387922e-05,3008718.250,1.250000e-04,10.62,7288.26
2707,5.622731e-03,3.844553e+01,1.316411e-04,9.235347e-05,2996787.717,5.132339e-03,3.853333e+01,9.505855e-05,6.568404e-05,2990659.102,1.250000e-04,10.26,7298.52
2708,5.883395e-03,3.843749e+01,1.469323e-04,1.140646e-04,2996404.238,6.058726e-03,3.870892e+01,1.561428e-04,1.252812e-04,3005626.805,1.250000e-04,10.31,7308.83
2709,5.535134e-03,3.831489e+01,1.219165e-04,9.689590e-05,2996883.139,5.173687e-03,3.911606e+01,9.211018e-05,6.819587e-05,3016075.188,1.250000e-04,10.52,7319.34
2710,5.677300e-03,3.828300e+01,1.266999e-04,1.164001e-04,2996671.061,5.385438e-03,3.846776e+01,1.317925e-04,4.414747e-05,3000393.836,1.250000e-04,10.34,7329.69
2711,5.654511e-03,3.824188e+01,1.382520e-04,8.956054e-05,2996703.730,6.282431e-03,3.978552e+01,1.617906e-04,1.371946e-04,3027855.953,1.250000e-04,10.29,7339.98
2712,5.817855e-03,3.842733e+01,1.458685e-04,1.032874e-04,2996795.205,5.495109e-03,3.946042e+01,1.218134e-04,6.618666e-05,3010052.094,1.250000e-04,10.54,7350.52
2713,5.663683e-03,3.838793e+01,1.264349e-04,1.121083e-04,2996215.951,5.852147e-03,3.971983e+01,1.091893e-04,1.576543e-04,3024087.367,1.250000e-04,10.37,7360.89
2714,5.467809e-03,3.826151e+01,1.103440e-04,1.076434e-04,2997468.051,5.200255e-03,3.899152e+01,9.474572e-05,7.072929e-05,2990677.797,1.250000e-04,10.48,7371.37
2715,5.372224e-03,3.828072e+01,1.135851e-04,8.166027e-05,2997143.436,5.405897e-03,3.871476e+01,1.213223e-04,6.423969e-05,3003920.492,1.250000e-04,10.36,7381.73
2716,5.634374e-03,3.844113e+01,1.220981e-04,1.138559e-04,2996520.564,5.935761e-03,3.791746e+01,1.095103e-04,2.097824e-04,2972715.195,1.250000e-04,10.41,7392.14
2717,5.577537e-03,3.839034e+01,1.208229e-04,1.060548e-04,2996726.402,5.888683e-03,3.819943e+01,1.653106e-04,8.312689e-05,2982761.250,1.250000e-04,10.51,7402.65
2718,5.556936e-03,3.840579e+01,1.140187e-04,1.152340e-04,2996358.723,4.913023e-03,3.872884e+01,8.494440e-05,3.813898e-05,3002064.844,1.250000e-04,10.73,7413.38
2719,5.473371e-03,3.838539e+01,1.075930e-04,1.117803e-04,2997067.877,7.617235e-03,3.712574e+01,1.666775e-04,4.475774e-04,2942172.203,1.250000e-04,10.70,7424.08
2720,5.641245e-03,3.837274e+01,1.286062e-04,1.035817e-04,2996635.859,5.024760e-03,3.770101e+01,9.360054e-05,6.373062e-05,2995879.922,1.250000e-04,10.85,7434.92
2721,5.764508e-03,3.832592e+01,1.342879e-04,1.178076e-04,2996778.023,4.825316e-03,3.802317e+01,6.458873e-05,7.542243e-05,2984197.250,1.250000e-04,10.51,7445.44
2722,5.545861e-03,3.833684e+01,1.187712e-04,1.048931e-04,2996612.844,5.759767e-03,3.747883e+01,1.241197e-04,1.541374e-04,2970021.844,1.250000e-04,10.65,7456.09
2723,5.434409e-03,3.808745e+01,1.213801e-04,8.237269e-05,2996970.592,4.995974e-03,3.871534e+01,9.415232e-05,3.658334e-05,3007380.539,1.250000e-04,10.55,7466.63
2724,5.445786e-03,3.811466e+01,1.177447e-04,9.137467e-05,2996680.730,5.222425e-03,3.848756e+01,1.076041e-04,5.952578e-05,2990076.820,1.250000e-04,10.31,7476.95
2725,5.809885e-03,3.829245e+01,1.390589e-04,1.180103e-04,2997082.051,5.341645e-03,3.770016e+01,9.732446e-05,1.196768e-04,2974931.977,1.250000e-04,10.35,7487.30
2726,5.601909e-03,3.812758e+01,1.232997e-04,1.112308e-04,2996662.664,5.949957e-03,3.877861e+01,1.695622e-04,7.529487e-05,2994368.602,1.250000e-04,10.31,7497.61
2727,5.619549e-03,3.830480e+01,1.256845e-04,1.064447e-04,2996964.191,5.595653e-03,3.828733e+01,1.233938e-04,1.065965e-04,2979852.422,1.250000e-04,10.30,7507.91
2728,5.701392e-03,3.826035e+01,1.309710e-04,1.131296e-04,2996780.641,5.715426e-03,3.900854e+01,1.437783e-04,7.535787e-05,3006941.430,1.250000e-04,10.35,7518.26
2729,5.751738e-03,3.819773e+01,1.359592e-04,1.144746e-04,2996967.539,5.742370e-03,3.797976e+01,1.162759e-04,1.563270e-04,2969808.734,1.250000e-04,10.41,7528.67
2730,5.352977e-03,3.817626e+01,1.099725e-04,8.712504e-05,2996832.305,6.139002e-03,3.754884e+01,1.070911e-04,2.626411e-04,2959305.484,1.250000e-04,10.68,7539.36
2731,5.696157e-03,3.814179e+01,1.250333e-04,1.263291e-04,2996478.879,5.450885e-03,3.786582e+01,1.184352e-04,9.599025e-05,2977991.641,1.250000e-04,10.18,7549.54
2732,5.790431e-03,3.823043e+01,1.417293e-04,1.100190e-04,2996738.316,5.364643e-03,3.789387e+01,7.262603e-05,1.697992e-04,2975402.109,1.250000e-04,10.41,7559.95
2733,5.616629e-03,3.816671e+01,1.216549e-04,1.166819e-04,2996333.340,6.334926e-03,3.944789e+01,1.439019e-04,1.902235e-04,3033698.125,1.250000e-04,10.18,7570.13
2734,5.587099e-03,3.824946e+01,1.236319e-04,1.051669e-04,2997135.377,5.672254e-03,3.883114e+01,1.352819e-04,8.726418e-05,3014404.094,1.250000e-04,10.27,7580.40
2735,5.718391e-03,3.821790e+01,1.306538e-04,1.180125e-04,2996304.541,5.072119e-03,3.851525e+01,9.844364e-05,4.723156e-05,3002508.328,1.250000e-04,10.26,7590.67
2736,5.562164e-03,3.821152e+01,1.220542e-04,1.040942e-04,2997143.680,5.068705e-03,3.786586e+01,1.013373e-04,5.374932e-05,2995539.766,1.250000e-04,10.39,7601.05
2737,5.541721e-03,3.817933e+01,1.249312e-04,9.489519e-05,2996662.178,6.451162e-03,3.780196e+01,1.869014e-04,1.603906e-04,2976648.477,1.250000e-04,10.45,7611.51
2738,5.846834e-03,3.829880e+01,1.414831e-04,1.204247e-04,2996759.295,5.034779e-03,3.768615e+01,1.107742e-04,3.168440e-05,3000970.109,1.250000e-04,10.45,7621.96
2739,5.384258e-03,3.821626e+01,1.108409e-04,9.084464e-05,2997098.414,4.769595e-03,3.860018e+01,7.012998e-05,4.165558e-05,3007254.938,1.250000e-04,10.53,7632.50
2740,5.668427e-03,3.815747e+01,1.265157e-04,1.175046e-04,2997426.584,6.974193e-03,3.818648e+01,1.869239e-04,2.572611e-04,2962610.109,1.250000e-04,10.17,7642.67
2741,5.388476e-03,3.828050e+01,1.129551e-04,8.617522e-05,2996378.766,5.313478e-03,3.867731e+01,9.832387e-05,9.250176e-05,3014309.617,1.250000e-04,10.21,7652.88
2742,5.667743e-03,3.801493e+01,1.284001e-04,1.164496e-04,2996791.123,5.709547e-03,3.976290e+01,8.842743e-05,1.697966e-04,3027684.820,1.250000e-04,10.42,7663.30
2743,5.382179e-03,3.811792e+01,1.106967e-04,9.268381e-05,2996970.707,5.879072e-03,3.879538e+01,1.297112e-04,1.404845e-04,3024342.625,1.250000e-04,10.20,7673.50
2744,5.703217e-03,3.810166e+01,1.328926e-04,1.128251e-04,2997069.354,6.928724e-03,3.740739e+01,1.917699e-04,2.540570e-04,2958471.125,1.250000e-04,10.44,7683.94
2745,5.693599e-03,3.810594e+01,1.311442e-04,1.143126e-04,2996740.701,5.110589e-03,3.833946e+01,9.425374e-05,6.682114e-05,3006083.477,1.250000e-04,10.12,7694.06
2746,5.476732e-03,3.811028e+01,1.112529e-04,1.106349e-04,2997210.047,5.994970e-03,3.731284e+01,9.811044e-05,2.565164e-04,2958243.383,1.250000e-04,10.28,7704.34
2747,5.579098e-03,3.825143e+01,1.176807e-04,1.154296e-04,2996420.801,5.575214e-03,3.902233e+01,8.279502e-05,1.690061e-04,3032562.648,1.250000e-04,10.47,7714.82
2748,5.448282e-03,3.820848e+01,1.130180e-04,9.945067e-05,2997365.777,5.748655e-03,3.911852e+01,1.231346e-04,1.210912e-04,2995363.523,1.250000e-04,10.23,7725.04
2749,5.779951e-03,3.827712e+01,1.334064e-04,1.236352e-04,2995607.299,4.938125e-03,3.826215e+01,9.174230e-05,3.889742e-05,3007249.602,1.250000e-04,10.70,7735.75
2750,5.527708e-03,3.819020e+01,1.185416e-04,1.046544e-04,2996577.105,5.239391e-03,3.891152e+01,9.122463e-05,8.719863e-05,3015677.320,1.250000e-04,10.88,7746.62
2751,5.491961e-03,3.819176e+01,1.170575e-04,1.004421e-04,2997227.861,6.697794e-03,3.829510e+01,2.136586e-04,1.463397e-04,2971430.078,1.250000e-04,10.80,7757.42
2752,5.458200e-03,3.820875e+01,1.141050e-04,9.925500e-05,2997039.238,5.815749e-03,3.845304e+01,1.573158e-04,7.945743e-05,3010410.688,1.250000e-04,10.55,7767.97
2753,5.670697e-03,3.816034e+01,1.218001e-04,1.273325e-04,2996891.006,4.880099e-03,3.858166e+01,8.189189e-05,4.060295e-05,3009658.766,1.250000e-04,10.73,7778.70
2754,5.690371e-03,3.818135e+01,1.307291e-04,1.129890e-04,2996513.830,5.461124e-03,3.800929e+01,1.423877e-04,4.726355e-05,2985976.055,1.250000e-04,10.65,7789.35
2755,5.777410e-03,3.831431e+01,1.420021e-04,1.051917e-04,2996711.891,5.402820e-03,3.875242e+01,1.059673e-04,9.358111e-05,3017248.648,1.250000e-04,10.59,7799.94
2756,5.454523e-03,3.802099e+01,1.169165e-04,9.665177e-05,2997105.348,6.530952e-03,3.717487e+01,1.653992e-04,2.318945e-04,2973614.766,1.250000e-04,10.26,7810.20
2757,5.804806e-03,3.815927e+01,1.349550e-04,1.278657e-04,2996602.520,5.192975e-03,3.870773e+01,9.722725e-05,6.998604e-05,3019678.133,1.250000e-04,10.43,7820.63
2758,5.583061e-03,3.799362e+01,1.289899e-04,9.875997e-05,2997182.701,4.914039e-03,3.837445e+01,7.784503e-05,5.962871e-05,2991043.305,1.250000e-04,10.43,7831.05
2759,5.546476e-03,3.813288e+01,1.215830e-04,1.034716e-04,2996354.344,6.683202e-03,3.893985e+01,1.581240e-04,2.415955e-04,3025122.641,1.250000e-04,10.45,7841.50
2760,5.537359e-03,3.806029e+01,1.272980e-04,9.166993e-05,2996924.619,4.871732e-03,3.805212e+01,9.194620e-05,2.941176e-05,3000208.992,1.250000e-04,10.45,7851.95
2761,5.712336e-03,3.809609e+01,1.386429e-04,1.032597e-04,2996654.500,4.911798e-03,3.796618e+01,8.321081e-05,5.661442e-05,2988879.945,1.250000e-04,10.45,7862.40
2762,5.599881e-03,3.804898e+01,1.260640e-04,1.068688e-04,2997080.709,5.140110e-03,3.746264e+01,8.771569e-05,1.033380e-04,2989122.453,1.250000e-04,10.60,7873.00
2763,5.414019e-03,3.802878e+01,1.165312e-04,8.916587e-05,2996840.465,5.718784e-03,3.728622e+01,1.420979e-04,1.138365e-04,2974923.867,1.250000e-04,10.34,7883.35
2764,5.552167e-03,3.801210e+01,1.229352e-04,1.043211e-04,2996389.449,8.950726e-03,4.030176e+01,2.653637e-04,4.533826e-04,3054047.016,1.250000e-04,10.25,7893.60
2765,5.427729e-03,3.807516e+01,1.173323e-04,8.937802e-05,2997618.115,5.663375e-03,3.784224e+01,1.130277e-04,1.497747e-04,2980713.852,1.250000e-04,10.30,7903.90
2766,5.581963e-03,3.791198e+01,1.204130e-04,1.173271e-04,2996096.949,6.179582e-03,3.907398e+01,1.744371e-04,1.055627e-04,3010611.180,1.250000e-04,10.37,7914.27
2767,5.736389e-03,3.805514e+01,1.329635e-04,1.202480e-04,2996780.580,5.409679e-03,3.884389e+01,1.338267e-04,3.740456e-05,3008880.648,1.250000e-04,10.24,7924.51
2768,5.521935e-03,3.814286e+01,1.188019e-04,1.039262e-04,2996712.762,4.804314e-03,3.792165e+01,7.667570e-05,4.907840e-05,2991507.484,1.250000e-04,10.71,7935.22
2769,5.629610e-03,3.800632e+01,1.270938e-04,1.116080e-04,2996685.357,6.059290e-03,3.822546e+01,1.551086e-04,1.371317e-04,2975918.781,1.250000e-04,10.29,7945.52
2770,5.625734e-03,3.806547e+01,1.224727e-04,1.188921e-04,2996725.410,5.440135e-03,3.839735e+01,1.207966e-04,7.848679e-05,2985231.484,1.250000e-04,10.35,7955.87
2771,5.503701e-03,3.792165e+01,1.229240e-04,9.645926e-05,2996834.473,6.322797e-03,3.906685e+01,1.933780e-04,9.646632e-05,3017885.484,1.250000e-04,10.66,7966.53
2772,5.839539e-03,3.819774e+01,1.340545e-04,1.358440e-04,2996536.709,6.042613e-03,3.853326e+01,1.575471e-04,1.227633e-04,3019385.914,1.250000e-04,10.47,7977.00
2773,5.474436e-03,3.821129e+01,1.146997e-04,1.012622e-04,2997042.664,6.454313e-03,3.933947e+01,1.613503e-04,1.813727e-04,3014381.094,1.250000e-04,10.44,7987.45
2774,5.525707e-03,3.802448e+01,1.158111e-04,1.130297e-04,2996574.145,5.177543e-03,3.922464e+01,8.555994e-05,7.989599e-05,3012110.320,1.250000e-04,10.32,7997.77
2775,5.626612e-03,3.800982e+01,1.374006e-04,9.032467e-05,2997037.082,6.781465e-03,3.736169e+01,1.793459e-04,2.503674e-04,2960250.078,1.250000e-04,10.38,8008.14
2776,5.503278e-03,3.798601e+01,1.291056e-04,8.272419e-05,2996887.297,6.285396e-03,3.836637e+01,2.048842e-04,7.998338e-05,3011735.930,1.250000e-04,10.38,8018.53
2777,5.623997e-03,3.802420e+01,1.247376e-04,1.148404e-04,2997021.355,4.906283e-03,3.790419e+01,8.315527e-05,5.686232e-05,2995996.312,1.250000e-04,10.36,8028.89
2778,5.705504e-03,3.797266e+01,1.359208e-04,1.098061e-04,2996821.605,5.452696e-03,3.797397e+01,1.115801e-04,1.078997e-04,3018984.734,1.250000e-04,10.26,8039.15
2779,5.220464e-03,3.793637e+01,1.029841e-04,7.939709e-05,2997038.502,5.606626e-03,3.740273e+01,1.307934e-04,1.116839e-04,2986444.852,1.250000e-04,10.19,8049.34
2780,5.567513e-03,3.787779e+01,1.232280e-04,1.094910e-04,2996983.283,5.374206e-03,3.729182e+01,1.063503e-04,1.163043e-04,2973997.539,1.250000e-04,10.34,8059.68
2781,5.436869e-03,3.794455e+01,1.122196e-04,1.040437e-04,2996846.674,4.907182e-03,3.729163e+01,6.493780e-05,1.057283e-04,2975082.344,1.250000e-04,10.17,8069.86
2782,5.532314e-03,3.794931e+01,1.225940e-04,1.022885e-04,2996467.020,6.148069e-03,3.879740e+01,1.741874e-04,1.052913e-04,3011061.734,1.250000e-04,10.24,8080.10
2783,5.375588e-03,3.800138e+01,1.116833e-04,9.172344e-05,2997035.449,4.677727e-03,3.765631e+01,7.026796e-05,4.188316e-05,2999995.906,1.250000e-04,10.27,8090.37
2784,5.539099e-03,3.795511e+01,1.186867e-04,1.113444e-04,2996743.154,4.567874e-03,3.797417e+01,5.687565e-05,4.034018e-05,3001696.836,1.250000e-04,10.61,8100.97
2785,5.386185e-03,3.782129e+01,1.116599e-04,9.749147e-05,2996728.385,5.402014e-03,3.782706e+01,1.345748e-04,5.471213e-05,3007209.023,1.250000e-04,10.48,8111.45
2786,5.570793e-03,3.794869e+01,1.291469e-04,9.689100e-05,2997332.988,5.123312e-03,3.757907e+01,8.873755e-05,9.560580e-05,2979919.906,1.250000e-04,10.66,8122.11
2787,5.496102e-03,3.784770e+01,1.151919e-04,1.118827e-04,2996217.898,6.657928e-03,3.977923e+01,1.337730e-04,2.684551e-04,3033864.766,1.250000e-04,10.55,8132.67
2788,5.359923e-03,3.784353e+01,1.148216e-04,8.547077e-05,2997055.049,6.066324e-03,3.874211e+01,1.416543e-04,1.551140e-04,3032906.648,1.250000e-04,10.58,8143.25
2789,5.680136e-03,3.791295e+01,1.217340e-04,1.343002e-04,2996680.891,6.405829e-03,3.906949e+01,1.706949e-04,1.583862e-04,3004512.234,1.250000e-04,10.68,8153.92
2790,5.733096e-03,3.818303e+01,1.365537e-04,1.098513e-04,2996940.930,5.142238e-03,3.848042e+01,9.376643e-05,7.130651e-05,3006201.133,1.250000e-04,10.62,8164.54
2791,5.486827e-03,3.807260e+01,1.165221e-04,1.028693e-04,2996545.113,6.848046e-03,3.870750e+01,1.778198e-04,2.398196e-04,3029509.570,1.250000e-04,10.86,8175.40
2792,5.446081e-03,3.785640e+01,1.161572e-04,9.977393e-05,2997539.100,5.031980e-03,3.780577e+01,1.020183e-04,4.624407e-05,2990578.789,1.250000e-04,10.66,8186.06
2793,5.361641e-03,3.792934e+01,1.078370e-04,9.806731e-05,2996155.486,5.224449e-03,3.837874e+01,9.854469e-05,8.022545e-05,3020644.141,1.250000e-04,10.38,8196.45
2794,5.276281e-03,3.771625e+01,1.043345e-04,9.226216e-05,2997105.771,5.287667e-03,3.872949e+01,9.401157e-05,9.492048e-05,3021592.055,1.250000e-04,10.67,8207.12
2795,5.503211e-03,3.795713e+01,1.229805e-04,9.553868e-05,2997373.705,6.478986e-03,3.799647e+01,2.322198e-04,7.142829e-05,3007679.875,1.250000e-04,10.66,8217.77
2796,5.535038e-03,3.786808e+01,1.187981e-04,1.120497e-04,2996476.383,5.738086e-03,3.871190e+01,8.106986e-05,2.112394e-04,3037718.031,1.250000e-04,10.53,8228.30
2797,5.480646e-03,3.779883e+01,1.148911e-04,1.103704e-04,2996721.934,5.910326e-03,3.944176e+01,1.268062e-04,1.396175e-04,3012627.008,1.250000e-04,10.84,8239.14
2798,5.625445e-03,3.791730e+01,1.258704e-04,1.150021e-04,2996918.197,5.713591e-03,3.815551e+01,1.604357e-04,5.873653e-05,3006207.383,1.250000e-04,10.47,8249.62
2799,5.269331e-03,3.779168e+01,1.060396e-04,8.595340e-05,2996755.463,5.334509e-03,3.771625e+01,9.421093e-05,1.241549e-04,2993888.484,1.250000e-04,10.37,8259.99
2800,5.341859e-03,3.781194e+01,1.106987e-04,9.073573e-05,2997202.406,5.131303e-03,3.713129e+01,1.004453e-04,8.274434e-05,2982493.703,1.250000e-04,10.24,8270.23
2801,5.618239e-03,3.776974e+01,1.275680e-04,1.131171e-04,2996494.467,5.195634e-03,3.839568e+01,8.833159e-05,9.455004e-05,3020943.414,1.250000e-04,10.46,8280.69
2802,5.594054e-03,3.776522e+01,1.261142e-04,1.112780e-04,2996916.916,5.982950e-03,3.770247e+01,1.471676e-04,1.482055e-04,2983213.148,1.250000e-04,10.09,8290.79
2803,5.653445e-03,3.821805e+01,1.326515e-04,1.010251e-04,2996822.135,5.190904e-03,3.779391e+01,1.078761e-04,6.655061e-05,2987669.773,1.250000e-04,10.13,8300.92
2804,5.432529e-03,3.805213e+01,1.108459e-04,1.037715e-04,2997428.127,5.421151e-03,3.736837e+01,1.007175e-04,1.354277e-04,2972140.492,1.250000e-04,10.03,8310.95
2805,5.595104e-03,3.800580e+01,1.201402e-04,1.186244e-04,2996109.412,4.974970e-03,3.782232e+01,7.832992e-05,8.188778e-05,2987287.461,1.250000e-04,10.22,8321.17
2806,5.330464e-03,3.783809e+01,1.135462e-04,8.223852e-05,2997188.332,5.832595e-03,3.703684e+01,1.432579e-04,1.392664e-04,2983740.375,1.250000e-04,10.51,8331.68
2807,5.456295e-03,3.771899e+01,1.107562e-04,1.153670e-04,2996736.822,4.942400e-03,3.796081e+01,8.792546e-05,5.341275e-05,2991619.422,1.250000e-04,10.22,8341.90
2808,5.481691e-03,3.796728e+01,1.164727e-04,1.040473e-04,2996991.148,4.762495e-03,3.809069e+01,7.261847e-05,4.544841e-05,3011525.242,1.250000e-04,10.15,8352.06
2809,5.455730e-03,3.784957e+01,1.118311e-04,1.104925e-04,2996851.170,4.802888e-03,3.750474e+01,8.215811e-05,4.616647e-05,2987287.625,1.250000e-04,10.30,8362.36
2810,5.457924e-03,3.772918e+01,1.193683e-04,9.826467e-05,2997233.922,5.280471e-03,3.786929e+01,1.032982e-04,9.211192e-05,2978079.852,1.250000e-04,10.28,8372.65
2811,5.567082e-03,3.784364e+01,1.197641e-04,1.170154e-04,2996181.135,5.695821e-03,3.801840e+01,1.449649e-04,8.886651e-05,2996727.203,1.250000e-04,10.22,8382.87
2812,5.995895e-03,3.802535e+01,1.548976e-04,1.288766e-04,2996723.963,5.129054e-03,3.776983e+01,9.884867e-05,7.271670e-05,2982587.344,1.250000e-04,10.27,8393.14
2813,5.352736e-03,3.789519e+01,1.100772e-04,9.248912e-05,2996916.264,4.994233e-03,3.843769e+01,8.163415e-05,6.682458e-05,3016423.141,1.250000e-04,10.09,8403.24
2814,5.468777e-03,3.802847e+01,1.177950e-04,9.759606e-05,2997670.980,5.886065e-03,3.669859e+01,7.492434e-05,2.933926e-04,2952507.969,1.250000e-04,10.22,8413.45
2815,5.629270e-03,3.798507e+01,1.245164e-04,1.171199e-04,2995743.840,5.026838e-03,3.837602e+01,9.633383e-05,4.517941e-05,2996326.438,1.250000e-04,10.28,8423.74
2816,5.554960e-03,3.799832e+01,1.278181e-04,9.538948e-05,2997239.113,5.668185e-03,3.729792e+01,9.442641e-05,1.988259e-04,2967750.539,1.250000e-04,10.34,8434.08
2817,5.492027e-03,3.785103e+01,1.231965e-04,9.499185e-05,2996491.119,5.293466e-03,3.824939e+01,1.222784e-04,4.914855e-05,3010720.812,1.250000e-04,10.12,8444.20
2818,5.436114e-03,3.780243e+01,1.167080e-04,9.775820e-05,2997145.713,4.944596e-03,3.835355e+01,9.176665e-05,3.831490e-05,3008949.336,1.250000e-04,10.48,8454.68
2819,5.584712e-03,3.786214e+01,1.247265e-04,1.102467e-04,2996603.814,5.428435e-03,3.807303e+01,1.116038e-04,1.010189e-04,3003582.570,1.250000e-04,10.68,8465.36
2820,5.340142e-03,3.789412e+01,1.070829e-04,9.598037e-05,2997340.334,5.353196e-03,3.802213e+01,1.052385e-04,9.971972e-05,2999763.047,1.250000e-04,10.26,8475.62
2821,5.424706e-03,3.790815e+01,1.093406e-04,1.080971e-04,2996929.973,5.084666e-03,3.828057e+01,1.008291e-04,4.966362e-05,2997573.898,1.250000e-04,10.75,8486.37
2822,5.431773e-03,3.785932e+01,1.214035e-04,8.636120e-05,2996520.391,5.469927e-03,3.814252e+01,1.197403e-04,9.165433e-05,2989888.953,1.250000e-04,10.20,8496.57
2823,5.839989e-03,3.800773e+01,1.463944e-04,1.150543e-04,2996920.240,4.954002e-03,3.811949e+01,7.807822e-05,7.225423e-05,3005617.875,1.250000e-04,10.41,8506.98
2824,5.351332e-03,3.790008e+01,1.106946e-04,9.087578e-05,2996912.262,5.721353e-03,3.767831e+01,1.498187e-04,9.106682e-05,2978575.289,1.250000e-04,10.41,8517.39
2825,5.393454e-03,3.782173e+01,1.130899e-04,9.607639e-05,2996841.289,5.783737e-03,3.817311e+01,1.563124e-04,8.066042e-05,3008010.570,1.250000e-04,10.44,8527.83
2826,5.593302e-03,3.784446e+01,1.290653e-04,1.036406e-04,2996925.307,6.262672e-03,3.876174e+01,1.720209e-04,1.332578e-04,3023643.102,1.250000e-04,10.23,8538.06
2827,5.472436e-03,3.796866e+01,1.176016e-04,9.991106e-05,2996898.629,5.241738e-03,3.875641e+01,6.384879e-05,1.455219e-04,3029014.211,1.250000e-04,10.28,8548.34
2828,5.765116e-03,3.813153e+01,1.372201e-04,1.159525e-04,2997077.322,4.971927e-03,3.789276e+01,9.282387e-05,5.088242e-05,2998312.445,1.250000e-04,10.58,8558.92
2829,5.471786e-03,3.807770e+01,1.174280e-04,9.794709e-05,2997015.455,6.124711e-03,3.749408e+01,1.963280e-04,8.240453e-05,2986655.539,1.250000e-04,10.30,8569.22
2830,5.873791e-03,3.799382e+01,1.429748e-04,1.289321e-04,2995724.518,6.310775e-03,3.898688e+01,1.749435e-04,1.325305e-04,3025314.680,1.250000e-04,10.47,8579.69
2831,5.691410e-03,3.810442e+01,1.323968e-04,1.113999e-04,2997302.154,5.522703e-03,3.864644e+01,9.504473e-05,1.415224e-04,3014905.891,1.250000e-04,10.32,8590.01
2832,5.687752e-03,3.798624e+01,1.305673e-04,1.166910e-04,2996830.557,5.871097e-03,3.917943e+01,1.315554e-04,1.275199e-04,2992389.508,1.250000e-04,10.71,8600.72
2833,5.465425e-03,3.815269e+01,1.105617e-04,1.089079e-04,2996527.969,6.039558e-03,3.840805e+01,1.716627e-04,9.642529e-05,3018578.023,1.250000e-04,10.80,8611.52
2834,5.642972e-03,3.792219e+01,1.211469e-04,1.278569e-04,2997161.301,5.921352e-03,3.852624e+01,1.609372e-04,9.187131e-05,2999559.234,1.250000e-04,10.92,8622.45
2835,5.737788e-03,3.811022e+01,1.369135e-04,1.115261e-04,2996272.941,5.988475e-03,3.806985e+01,1.659123e-04,1.044734e-04,3016952.727,1.250000e-04,10.64,8633.09
2836,5.643644e-03,3.808194e+01,1.277274e-04,1.116352e-04,2996744.773,5.798978e-03,3.879942e+01,1.511362e-04,8.153475e-05,3016562.797,1.250000e-04,10.47,8643.56
2837,5.526653e-03,3.781343e+01,1.244341e-04,1.001939e-04,2996897.361,6.210796e-03,3.767402e+01,1.742163e-04,1.402463e-04,2978873.562,1.250000e-04,10.42,8653.98
2838,5.326704e-03,3.800464e+01,1.056517e-04,9.394445e-05,2996636.773,5.895993e-03,3.906301e+01,1.041581e-04,1.896224e-04,3037064.883,1.250000e-04,10.46,8664.45
2839,5.534095e-03,3.805076e+01,1.184482e-04,1.089073e-04,2997149.715,4.896388e-03,3.831825e+01,8.077261e-05,5.136725e-05,3010927.125,1.250000e-04,10.61,8675.06
2840,5.362996e-03,3.783770e+01,1.156736e-04,8.449789e-05,2997705.475,7.855450e-03,3.680868e+01,2.230137e-04,3.888890e-04,2948257.141,1.250000e-04,10.49,8685.54
2841,5.713772e-03,3.802481e+01,1.317806e-04,1.186971e-04,2996006.699,5.886958e-03,3.953273e+01,1.047249e-04,1.772871e-04,3013329.164,1.250000e-04,10.17,8695.71
2842,5.643724e-03,3.812977e+01,1.335450e-04,9.905929e-05,2996755.521,5.103182e-03,3.847614e+01,8.741582e-05,7.628211e-05,3015442.906,1.250000e-04,10.48,8706.19
2843,5.628652e-03,3.787488e+01,1.311371e-04,1.059587e-04,2996883.152,5.614370e-03,3.871934e+01,1.255051e-04,9.747688e-05,3018888.578,1.250000e-04,10.78,8716.98
2844,5.306480e-03,3.805474e+01,1.110102e-04,7.818073e-05,2997575.484,6.225368e-03,3.743214e+01,1.930388e-04,1.103532e-04,2976705.664,1.250000e-04,10.51,8727.49
2845,5.695075e-03,3.802864e+01,1.353987e-04,1.076448e-04,2996373.496,4.902401e-03,3.819845e+01,8.868806e-05,3.913514e-05,3008982.516,1.250000e-04,10.64,8738.12
2846,5.686520e-03,3.801913e+01,1.247705e-04,1.273804e-04,2996871.586,6.867220e-03,3.911454e+01,1.132975e-04,3.645581e-04,3052024.812,1.250000e-04,10.33,8748.46
2847,5.269222e-03,3.789402e+01,1.071307e-04,8.170248e-05,2997890.945,5.206518e-03,3.759286e+01,1.143926e-04,6.066136e-05,2991723.336,1.250000e-04,10.50,8758.95
2848,5.556692e-03,3.789349e+01,1.279230e-04,9.762265e-05,2996612.551,5.153184e-03,3.779165e+01,1.192521e-04,3.629954e-05,2996311.633,1.250000e-04,10.42,8769.37
2849,5.707653e-03,3.789889e+01,1.256146e-04,1.323237e-04,2996562.596,5.354921e-03,3.861274e+01,9.425748e-05,1.102145e-04,3015990.930,1.250000e-04,10.24,8779.62
2850,5.502838e-03,3.776548e+01,1.206089e-04,1.040403e-04,2996833.436,5.420454e-03,3.820961e+01,1.380036e-04,4.389142e-05,2995871.445,1.250000e-04,10.24,8789.86
2851,5.768350e-03,3.798480e+01,1.400498e-04,1.138744e-04,2996699.959,5.522844e-03,3.856719e+01,1.463561e-04,4.051275e-05,3004865.625,1.250000e-04,10.45,8800.31
2852,5.593744e-03,3.794387e+01,1.275250e-04,1.048213e-04,2997164.297,5.350790e-03,3.882195e+01,1.073702e-04,7.897869e-05,3014050.969,1.250000e-04,10.20,8810.51
2853,5.852838e-03,3.811184e+01,1.435052e-04,1.213206e-04,2996650.633,5.510780e-03,3.850393e+01,1.408729e-04,5.033160e-05,2995800.805,1.250000e-04,10.43,8820.94
2854,5.793296e-03,3.821537e+01,1.384446e-04,1.174626e-04,2996660.373,5.189150e-03,3.859620e+01,7.899718e-05,1.079117e-04,3018996.844,1.250000e-04,10.28,8831.22
2855,5.531400e-03,3.797849e+01,1.195470e-04,1.076164e-04,2996809.191,5.947595e-03,3.876971e+01,1.749678e-04,6.418923e-05,3005764.422,1.250000e-04,10.24,8841.46
2856,5.314766e-03,3.787942e+01,1.074925e-04,9.037969e-05,2997540.979,5.495106e-03,3.723160e+01,1.166567e-04,1.210757e-04,2974587.406,1.250000e-04,10.28,8851.74
2857,5.553033e-03,3.788508e+01,1.265656e-04,9.977398e-05,2996240.088,5.015586e-03,3.811776e+01,9.561312e-05,4.953587e-05,3005912.867,1.250000e-04,10.38,8862.12
2858,5.289216e-03,3.781683e+01,1.088409e-04,8.382503e-05,2997065.391,5.988516e-03,3.877772e+01,1.297143e-04,1.627201e-04,3014493.844,1.250000e-04,10.38,8872.50
2859,5.411744e-03,3.785742e+01,1.191352e-04,8.693015e-05,2996539.145,5.948407e-03,3.857526e+01,7.953378e-05,2.591088e-04,3043407.680,1.250000e-04,10.43,8882.93
2860,5.317068e-03,3.763442e+01,1.084278e-04,9.386980e-05,2997169.236,6.659678e-03,3.863481e+01,2.262547e-04,1.067301e-04,3016173.289,1.250000e-04,10.24,8893.17
2861,5.426519e-03,3.758186e+01,1.224623e-04,8.874206e-05,2997256.938,4.906336e-03,3.791159e+01,9.280340e-05,3.742863e-05,3005125.266,1.250000e-04,10.44,8903.61
2862,5.320784e-03,3.766005e+01,1.040233e-04,1.029092e-04,2996952.400,4.737652e-03,3.755651e+01,7.988218e-05,3.663597e-05,2994812.547,1.250000e-04,10.23,8913.84
2863,5.525089e-03,3.756822e+01,1.262259e-04,1.012015e-04,2996773.162,6.465363e-03,3.920555e+01,1.647383e-04,1.794852e-04,3019377.766,1.250000e-04,10.34,8924.18
2864,5.476062e-03,3.763412e+01,1.229174e-04,9.669520e-05,2996207.203,6.343512e-03,3.773355e+01,2.262589e-04,6.151372e-05,3002275.250,1.250000e-04,10.48,8934.66
2865,5.522240e-03,3.771936e+01,1.193564e-04,1.113478e-04,2997179.037,5.261637e-03,3.872591e+01,8.892021e-05,9.996873e-05,2998706.320,1.250000e-04,10.44,8945.10
2866,5.535325e-03,3.787818e+01,1.202943e-04,1.089129e-04,2997500.197,4.939416e-03,3.715901e+01,7.766037e-05,8.938237e-05,2983516.039,1.250000e-04,10.46,8955.56
2867,5.763557e-03,3.776706e+01,1.383602e-04,1.206497e-04,2996522.541,6.007574e-03,3.803135e+01,1.306773e-04,1.795333e-04,2974747.703,1.250000e-04,10.72,8966.28
2868,5.706029e-03,3.777569e+01,1.360895e-04,1.135130e-04,2996459.945,6.183884e-03,3.691065e+01,1.752360e-04,1.480917e-04,2977044.023,1.250000e-04,10.34,8976.63
2869,5.278141e-03,3.743216e+01,1.051532e-04,9.667862e-05,2996293.838,6.269611e-03,3.877036e+01,1.290084e-04,2.204981e-04,3038654.344,1.250000e-04,10.73,8987.36
2870,5.629675e-03,3.775020e+01,1.279654e-04,1.150003e-04,2997220.812,6.432589e-03,3.740550e+01,2.099445e-04,1.185187e-04,2974738.977,1.250000e-04,10.63,8997.98
2871,5.347594e-03,3.765181e+01,1.190945e-04,7.829353e-05,2997222.221,5.054893e-03,3.757911e+01,1.067301e-04,4.593601e-05,2995279.891,1.250000e-04,10.75,9008.73
2872,5.530882e-03,3.769145e+01,1.142532e-04,1.238411e-04,2996452.666,5.552753e-03,3.726336e+01,1.545041e-04,5.627526e-05,2989677.938,1.250000e-04,10.64,9019.37
2873,5.408905e-03,3.763178e+01,1.171378e-04,9.486980e-05,2996884.568,6.717946e-03,3.681199e+01,1.978302e-04,2.116892e-04,2965489.141,1.250000e-04,10.66,9030.03
2874,5.642993e-03,3.781442e+01,1.270500e-04,1.182102e-04,2996524.010,6.181530e-03,3.778417e+01,1.823189e-04,1.159847e-04,2997844.984,1.250000e-04,10.58,9040.61
2875,5.350970e-03,3.770811e+01,1.100974e-04,9.583701e-05,2997588.686,5.023405e-03,3.744294e+01,7.177252e-05,1.122772e-04,3004487.516,1.250000e-04,10.67,9051.29
2876,5.834530e-03,3.765986e+01,1.461306e-04,1.214477e-04,2996527.262,5.500914e-03,3.866270e+01,9.898835e-05,1.289522e-04,3018885.141,1.250000e-04,10.56,9061.84
2877,5.682159e-03,3.783479e+01,1.323499e-04,1.150363e-04,2996690.523,5.245899e-03,3.844294e+01,1.070316e-04,6.625774e-05,3011626.375,1.250000e-04,10.56,9072.40
2878,5.119248e-03,3.764308e+01,9.675545e-05,7.747718e-05,2997306.002,5.905958e-03,3.651155e+01,1.203458e-04,2.102690e-04,2988758.703,1.250000e-04,10.45,9082.85
2879,5.770818e-03,3.766689e+01,1.396472e-04,1.215314e-04,2996269.533,5.721277e-03,3.869503e+01,1.474250e-04,7.550484e-05,3015106.219,1.250000e-04,10.79,9093.64
2880,5.242856e-03,3.773996e+01,1.109044e-04,7.196327e-05,2996630.957,5.946384e-03,3.899550e+01,1.145296e-04,1.803076e-04,3036573.914,1.250000e-04,10.52,9104.16
2881,5.721883e-03,3.775870e+01,1.303206e-04,1.285614e-04,2997129.400,5.701986e-03,3.739511e+01,1.337308e-04,1.250336e-04,2983761.930,1.250000e-04,10.60,9114.76
2882,5.383321e-03,3.768907e+01,1.124461e-04,9.799073e-05,2996987.047,5.873227e-03,3.805126e+01,1.690417e-04,7.553686e-05,2989572.617,1.250000e-04,10.34,9125.10
2883,5.216611e-03,3.761984e+01,1.029834e-04,8.495863e-05,2997189.545,4.624749e-03,3.793971e+01,6.486879e-05,3.641801e-05,3003610.859,1.250000e-04,10.29,9135.39
2884,5.730362e-03,3.776142e+01,1.355548e-04,1.197343e-04,2996672.037,4.643446e-03,3.772509e+01,6.704028e-05,4.010688e-05,3003217.500,1.250000e-04,10.17,9145.56
2885,5.249560e-03,3.755979e+01,1.115790e-04,7.555805e-05,2997017.809,4.944811e-03,3.824480e+01,7.985628e-05,6.435375e-05,3000347.922,1.250000e-04,10.45,9156.01
2886,5.443632e-03,3.767295e+01,1.186625e-04,9.794246e-05,2996994.709,5.259733e-03,3.778122e+01,7.789140e-05,1.405394e-04,2986335.289,1.250000e-04,10.47,9166.47
2887,5.415885e-03,3.764551e+01,1.186202e-04,9.302645e-05,2996488.475,5.766199e-03,3.770373e+01,1.777357e-04,4.369379e-05,3001375.117,1.250000e-04,10.35,9176.83
2888,5.511017e-03,3.765748e+01,1.200861e-04,1.088816e-04,2997317.691,6.283892e-03,3.794402e+01,1.845359e-04,1.288263e-04,2983146.055,1.250000e-04,10.45,9187.27
2889,5.596971e-03,3.774513e+01,1.304175e-04,1.036566e-04,2996726.699,5.567579e-03,3.749578e+01,1.092413e-04,1.451175e-04,2980642.859,1.250000e-04,9.99,9197.27
2890,5.947609e-03,3.795312e+01,1.426078e-04,1.452437e-04,2996556.193,5.111050e-03,3.773047e+01,9.554767e-05,7.650536e-05,2993617.008,1.250000e-04,10.21,9207.48
2891,5.396808e-03,3.768516e+01,1.194257e-04,8.680683e-05,2996858.828,6.412670e-03,3.912316e+01,1.334300e-04,2.332107e-04,3034053.977,1.250000e-04,10.19,9217.67
2892,5.725101e-03,3.784541e+01,1.364662e-04,1.151796e-04,2997039.105,5.725682e-03,3.849216e+01,1.298813e-04,1.155306e-04,3010592.883,1.250000e-04,10.12,9227.79
2893,5.489812e-03,3.794383e+01,1.225917e-04,9.390251e-05,2997029.854,5.642923e-03,3.823289e+01,1.472852e-04,6.935647e-05,3011371.195,1.250000e-04,10.39,9238.18
2894,5.449205e-03,3.787328e+01,1.128950e-04,1.065855e-04,2996701.500,4.956859e-03,3.817750e+01,8.238880e-05,6.304414e-05,3013329.531,1.250000e-04,10.12,9248.30
2895,5.580019e-03,3.793679e+01,1.205558e-04,1.161566e-04,2996724.076,7.284291e-03,3.941582e+01,2.028520e-04,2.628378e-04,3034386.953,1.250000e-04,10.29,9258.59
2896,5.592217e-03,3.777565e+01,1.311430e-04,1.006444e-04,2996758.820,6.758843e-03,3.915940e+01,1.283943e-04,3.117921e-04,3046948.148,1.250000e-04,10.25,9268.83
2897,5.629706e-03,3.775481e+01,1.262549e-04,1.183352e-04,2997041.459,5.506277e-03,3.796569e+01,1.207032e-04,1.005352e-04,2983625.008,1.250000e-04,10.30,9279.14
2898,5.530107e-03,3.804930e+01,1.212460e-04,1.025435e-04,2996764.629,5.077821e-03,3.728435e+01,9.282963e-05,8.421799e-05,2982811.992,1.250000e-04,10.83,9289.97
2899,5.566867e-03,3.794737e+01,1.248817e-04,1.046627e-04,2996900.471,5.519398e-03,3.733915e+01,9.010585e-05,1.768850e-04,2966190.094,1.250000e-04,10.36,9300.33
2900,5.649666e-03,3.773595e+01,1.272272e-04,1.207599e-04,2996153.016,5.152031e-03,3.832824e+01,9.196248e-05,7.991649e-05,2984847.359,1.250000e-04,10.13,9310.46
2901,5.352204e-03,3.783677e+01,1.109678e-04,9.176974e-05,2997270.967,5.818088e-03,3.923530e+01,1.370366e-04,1.048385e-04,3019840.391,1.250000e-04,10.17,9320.64
2902,5.643927e-03,3.792187e+01,1.296243e-04,1.110995e-04,2996915.018,5.321646e-03,3.787795e+01,1.297624e-04,4.724545e-05,2996957.852,1.250000e-04,10.27,9330.91
2903,5.616807e-03,3.784217e+01,1.228047e-04,1.209086e-04,2996999.482,4.887744e-03,3.834599e+01,8.150984e-05,4.760941e-05,3007728.047,1.250000e-04,10.18,9341.09
2904,5.223631e-03,3.777449e+01,1.028803e-04,8.347574e-05,2996565.598,6.303376e-03,3.880417e+01,1.778152e-04,1.289616e-04,3022060.227,1.250000e-04,10.27,9351.36
2905,5.501085e-03,3.779362e+01,1.256300e-04,9.308459e-05,2996783.619,6.230880e-03,3.880202e+01,1.674097e-04,1.353161e-04,3026154.367,1.250000e-04,10.33,9361.69
2906,5.545157e-03,3.795395e+01,1.291543e-04,9.164383e-05,2997372.912,6.870028e-03,3.730764e+01,2.152481e-04,1.973566e-04,2964761.359,1.250000e-04,10.41,9372.10
2907,5.480096e-03,3.784123e+01,1.186642e-04,1.018663e-04,2996721.049,5.040756e-03,3.757566e+01,1.115745e-04,3.348903e-05,2993879.773,1.250000e-04,10.47,9382.57
2908,5.604612e-03,3.769114e+01,1.290923e-04,1.089150e-04,2996727.033,5.060950e-03,3.772360e+01,8.728344e-05,8.315127e-05,2999072.602,1.250000e-04,10.45,9393.02
2909,5.448404e-03,3.771420e+01,1.245640e-04,8.626876e-05,2996896.752,5.305114e-03,3.845606e+01,1.223246e-04,4.725238e-05,3004548.062,1.250000e-04,10.33,9403.35
2910,5.577002e-03,3.790163e+01,1.259977e-04,1.053723e-04,2996332.148,5.803013e-03,3.928325e+01,8.943417e-05,1.960693e-04,3026714.320,1.250000e-04,10.27,9413.62
2911,5.182188e-03,3.768775e+01,9.890984e-05,8.486308e-05,2997485.775,4.858888e-03,3.695076e+01,7.176706e-05,8.922815e-05,2984859.758,1.250000e-04,10.49,9424.11
2912,5.591304e-03,3.773917e+01,1.308702e-04,1.017371e-04,2997190.428,5.903811e-03,3.768973e+01,1.458960e-04,1.351757e-04,2979562.391,1.250000e-04,10.51,9434.62
2913,5.482664e-03,3.778319e+01,1.178603e-04,1.051486e-04,2996524.695,5.402346e-03,3.768078e+01,9.672496e-05,1.334036e-04,3009996.672,1.250000e-04,10.26,9444.88
2914,5.326055e-03,3.763320e+01,1.100557e-04,9.243558e-05,2997029.475,5.626950e-03,3.676910e+01,1.204652e-04,1.490777e-04,2970894.414,1.250000e-04,10.43,9455.31
2915,5.446623e-03,3.761557e+01,1.196378e-04,9.773787e-05,2996735.508,5.080515e-03,3.795689e+01,1.005894e-04,5.578653e-05,3013606.727,1.250000e-04,10.77,9466.08
2916,5.397456e-03,3.767872e+01,1.125910e-04,1.007349e-04,2997099.197,5.310065e-03,3.689967e+01,1.132987e-04,9.742211e-05,2982570.227,1.250000e-04,10.34,9476.42
2917,5.747013e-03,3.779398e+01,1.292809e-04,1.349613e-04,2996056.320,5.144406e-03,3.799696e+01,7.505147e-05,1.188391e-04,3020800.773,1.250000e-04,10.62,9487.04
2918,5.305862e-03,3.771183e+01,1.060836e-04,9.476856e-05,2997585.467,5.557305e-03,3.836159e+01,1.361509e-04,7.192757e-05,3003290.523,1.250000e-04,11.04,9498.08
2919,5.401879e-03,3.767999e+01,1.127444e-04,1.012873e-04,2996785.812,5.388261e-03,3.808375e+01,9.369404e-05,1.285891e-04,3013507.969,1.250000e-04,10.59,9508.67
2920,5.894380e-03,3.765496e+01,1.548961e-04,1.159846e-04,2996579.469,6.529578e-03,3.883873e+01,1.668987e-04,1.953437e-04,3034476.438,1.250000e-04,10.66,9519.32
2921,5.406465e-03,3.774820e+01,1.116984e-04,1.029322e-04,2997235.682,5.258684e-03,3.820397e+01,1.024561e-04,8.274517e-05,3001698.883,1.250000e-04,10.46,9529.79
2922,5.452389e-03,3.777936e+01,1.156093e-04,1.036718e-04,2997193.850,5.156677e-03,3.779476e+01,1.064787e-04,6.248283e-05,2986627.508,1.250000e-04,10.74,9540.53
2923,5.422836e-03,3.776238e+01,1.142692e-04,1.007812e-04,2996903.414,5.981917e-03,3.729123e+01,1.501713e-04,1.502163e-04,2983204.227,1.250000e-04,10.92,9551.45
2924,5.588043e-03,3.756997e+01,1.192619e-04,1.276855e-04,2996384.703,5.708522e-03,3.841014e+01,1.365971e-04,1.003074e-04,3016093.336,1.250000e-04,10.35,9561.80
2925,5.353490e-03,3.775313e+01,1.067744e-04,1.020867e-04,2996831.096,4.802534e-03,3.783315e+01,8.015401e-05,4.353578e-05,3003222.984,1.250000e-04,10.47,9572.27
2926,5.681649e-03,3.786131e+01,1.331923e-04,1.127190e-04,2996775.297,5.262173e-03,3.839560e+01,1.184394e-04,4.764388e-05,3001684.656,1.250000e-04,10.49,9582.76
2927,5.632695e-03,3.780465e+01,1.260144e-04,1.184172e-04,2996313.127,6.178039e-03,3.768786e+01,2.092205e-04,6.340983e-05,2994769.484,1.250000e-04,10.59,9593.36
2928,5.703716e-03,3.776082e+01,1.413066e-04,1.029136e-04,2997405.588,7.209226e-03,3.735126e+01,2.726577e-04,1.495046e-04,2971370.500,1.250000e-04,10.38,9603.73
2929,5.931925e-03,3.793051e+01,1.492725e-04,1.292299e-04,2996710.811,5.533582e-03,3.767381e+01,1.120942e-04,1.290518e-04,3004111.328,1.250000e-04,10.34,9614.07
2930,5.927480e-03,3.784791e+01,1.487073e-04,1.311234e-04,2996514.031,5.407608e-03,3.829597e+01,1.261785e-04,6.324527e-05,3006070.539,1.250000e-04,10.47,9624.54
2931,5.451470e-03,3.768435e+01,1.242941e-04,8.801877e-05,2997275.701,6.190440e-03,3.691681e+01,1.623084e-04,1.751351e-04,2966155.383,1.250000e-04,10.21,9634.76
2932,5.640213e-03,3.779305e+01,1.245550e-04,1.230715e-04,2996122.918,4.851818e-03,3.723534e+01,7.250901e-05,8.063873e-05,3000752.008,1.250000e-04,10.48,9645.24
2933,5.492936e-03,3.770434e+01,1.177964e-04,1.089074e-04,2996834.928,5.045363e-03,3.717430e+01,9.897598e-05,6.763468e-05,2986249.734,1.250000e-04,10.15,9655.38
2934,5.715193e-03,3.763195e+01,1.326693e-04,1.250611e-04,2997309.725,5.054663e-03,3.735345e+01,8.804898e-05,8.776565e-05,2982198.305,1.250000e-04,10.45,9665.83
2935,5.458353e-03,3.763959e+01,1.208701e-04,9.713856e-05,2997136.465,4.816868e-03,3.770516e+01,7.441598e-05,6.043852e-05,2989515.539,1.250000e-04,10.21,9676.04
2936,5.594050e-03,3.767622e+01,1.210201e-04,1.232453e-04,2996323.846,4.760085e-03,3.804097e+01,7.989319e-05,3.141141e-05,3000980.336,1.250000e-04,10.17,9686.21
2937,5.247557e-03,3.766801e+01,1.040724e-04,8.800646e-05,2996515.568,8.257438e-03,3.923898e+01,3.186042e-04,2.294997e-04,3028996.680,1.250000e-04,10.19,9696.40
2938,5.521889e-03,3.769129e+01,1.232140e-04,1.041240e-04,2997301.965,8.031359e-03,3.875867e+01,2.848949e-04,2.613087e-04,3012616.055,1.250000e-04,10.33,9706.74
2939,5.762332e-03,3.785219e+01,1.315756e-04,1.322715e-04,2996675.777,5.965614e-03,3.686192e+01,1.377118e-04,1.804609e-04,2978077.219,1.250000e-04,10.31,9717.05
2940,5.618970e-03,3.770482e+01,1.312179e-04,1.072619e-04,2996384.240,6.507001e-03,3.922708e+01,1.601397e-04,1.965793e-04,3021606.180,1.250000e-04,10.32,9727.37
2941,5.456262e-03,3.777504e+01,1.121775e-04,1.113965e-04,2996719.363,4.796676e-03,3.785559e+01,6.385582e-05,7.451187e-05,2985802.844,1.250000e-04,10.37,9737.74
2942,5.749604e-03,3.777950e+01,1.292189e-04,1.358932e-04,2997130.191,4.628729e-03,3.726667e+01,6.151783e-05,5.737677e-05,2990676.719,1.250000e-04,10.60,9748.34
2943,5.533945e-03,3.772403e+01,1.221566e-04,1.079952e-04,2996998.129,4.759336e-03,3.732133e+01,8.064146e-05,4.415767e-05,2991552.602,1.250000e-04,10.25,9758.59
2944,5.368211e-03,3.752478e+01,1.117119e-04,9.972285e-05,2996950.529,5.746660e-03,3.851835e+01,1.404513e-04,9.806258e-05,3012031.477,1.250000e-04,10.56,9769.15
2945,5.599893e-03,3.769421e+01,1.372215e-04,9.165151e-05,2996796.121,5.363409e-03,3.753820e+01,1.216279e-04,7.866201e-05,2982626.992,1.250000e-04,10.10,9779.26
2946,5.436883e-03,3.766435e+01,1.137040e-04,1.066816e-04,2997051.906,5.532244e-03,3.677801e+01,1.281130e-04,1.146627e-04,2975951.281,1.250000e-04,10.46,9789.72
2947,5.402914e-03,3.755763e+01,1.177663e-04,9.389755e-05,2996392.982,5.434616e-03,3.838334e+01,1.134072e-04,9.244197e-05,3014138.211,1.250000e-04,10.38,9800.10
2948,5.484347e-03,3.755777e+01,1.150323e-04,1.156496e-04,2996694.646,5.103864e-03,3.743131e+01,9.854746e-05,7.505187e-05,3001023.906,1.250000e-04,10.16,9810.26
2949,5.382942e-03,3.773678e+01,1.106942e-04,1.004644e-04,2996908.811,5.940702e-03,3.798853e+01,1.709519e-04,8.646612e-05,3001476.609,1.250000e-04,10.40,9820.66
2950,5.486476e-03,3.772209e+01,1.214908e-04,9.987179e-05,2996765.080,5.916294e-03,3.912754e+01,9.781367e-05,2.050808e-04,3038836.383,1.250000e-04,10.18,9830.84
2951,5.437396e-03,3.776030e+01,1.081012e-04,1.160708e-04,2997526.508,5.552355e-03,3.742298e+01,9.792189e-05,1.661677e-04,2968057.711,1.250000e-04,10.33,9841.17
2952,5.360895e-03,3.778369e+01,1.078565e-04,1.007923e-04,2996687.088,4.749183e-03,3.827633e+01,6.348914e-05,5.733175e-05,2997153.289,1.250000e-04,10.30,9851.47
2953,5.248343e-03,3.757291e+01,1.107831e-04,7.664416e-05,2996961.285,5.682308e-03,3.827754e+01,1.432796e-04,8.435176e-05,3016428.750,1.250000e-04,10.30,9861.78
2954,5.822752e-03,3.778595e+01,1.354383e-04,1.379550e-04,2996630.211,4.841275e-03,3.807876e+01,8.375707e-05,3.916576e-05,2999866.969,1.250000e-04,10.34,9872.12
2955,5.376282e-03,3.772734e+01,1.154460e-04,8.981761e-05,2997130.207,5.012628e-03,3.792701e+01,1.057180e-04,3.254943e-05,3006560.367,1.250000e-04,10.41,9882.53
2956,5.538055e-03,3.763362e+01,1.223561e-04,1.102262e-04,2997065.420,5.575503e-03,3.825839e+01,1.404100e-04,6.911277e-05,3017005.203,1.250000e-04,10.46,9892.99
2957,5.345807e-03,3.749748e+01,1.133992e-04,9.241331e-05,2996843.252,5.520492e-03,3.797971e+01,1.326012e-04,7.930182e-05,3003232.727,1.250000e-04,10.84,9903.83
2958,5.519120e-03,3.764586e+01,1.183478e-04,1.142111e-04,2997027.908,5.893081e-03,3.872742e+01,1.462469e-04,1.115739e-04,2999567.273,1.250000e-04,10.68,9914.51
2959,5.355308e-03,3.771189e+01,1.119839e-04,9.285612e-05,2996419.238,6.036801e-03,3.882658e+01,1.194164e-04,1.919957e-04,3028608.344,1.250000e-04,10.33,9924.84
2960,5.551961e-03,3.758628e+01,1.224503e-04,1.137659e-04,2996977.949,5.092270e-03,3.824421e+01,9.585004e-05,6.186965e-05,2996899.258,1.250000e-04,10.64,9935.48
2961,5.477759e-03,3.779564e+01,1.150288e-04,1.095814e-04,2996996.352,5.083146e-03,3.838122e+01,7.095903e-05,1.070867e-04,3019630.094,1.250000e-04,10.69,9946.17
2962,5.712907e-03,3.786495e+01,1.292000e-04,1.268824e-04,2996889.529,6.345709e-03,3.878209e+01,2.179575e-04,5.758500e-05,2996570.789,1.250000e-04,10.68,9956.85
2963,5.307032e-03,3.767060e+01,1.094991e-04,8.899632e-05,2996685.365,5.349561e-03,3.834376e+01,1.114188e-04,8.019951e-05,3003545.000,1.250000e-04,10.31,9967.16
2964,5.555506e-03,3.760820e+01,1.252898e-04,1.083576e-04,2996656.154,6.105695e-03,3.717554e+01,1.813585e-04,1.149112e-04,3001919.742,1.250000e-04,10.40,9977.56
2965,5.678649e-03,3.780592e+01,1.304298e-04,1.187520e-04,2997278.633,5.858683e-03,3.864904e+01,1.296213e-04,1.395133e-04,3011290.242,1.250000e-04,10.86,9988.43
2966,5.366169e-03,3.782126e+01,1.132773e-04,9.025405e-05,2996853.605,4.876670e-03,3.797174e+01,6.415200e-05,8.759525e-05,3002843.727,1.250000e-04,10.54,9998.97
2967,5.401555e-03,3.766427e+01,1.070812e-04,1.128632e-04,2996531.783,4.770152e-03,3.783234e+01,8.019006e-05,3.700352e-05,3003999.945,1.250000e-04,10.41,10009.38
2968,5.472745e-03,3.776845e+01,1.141348e-04,1.109103e-04,2997813.338,7.519704e-03,3.625456e+01,1.873122e-04,4.042252e-04,2948082.562,1.250000e-04,10.47,10019.85
2969,5.598936e-03,3.770065e+01,1.305051e-04,1.047640e-04,2996775.535,6.071763e-03,3.806359e+01,1.734602e-04,1.061604e-04,2992546.797,1.250000e-04,10.26,10030.11
2970,5.332186e-03,3.758679e+01,1.067644e-04,1.011726e-04,2996491.326,6.753068e-03,3.705327e+01,2.213977e-04,1.667530e-04,2973906.578,1.250000e-04,10.53,10040.64
2971,5.345962e-03,3.773061e+01,1.197116e-04,7.515697e-05,2997193.621,4.748743e-03,3.776855e+01,7.998457e-05,3.440852e-05,2988605.039,1.250000e-04,10.34,10050.98
2972,5.628361e-03,3.782621e+01,1.332235e-04,1.027009e-04,2997073.992,5.842043e-03,3.736463e+01,1.228590e-04,1.753980e-04,2969442.930,1.250000e-04,10.42,10061.40
2973,5.360049e-03,3.758954e+01,1.129194e-04,9.438025e-05,2996678.006,4.900990e-03,3.702855e+01,8.414873e-05,7.132939e-05,2989471.938,1.250000e-04,10.43,10071.84
2974,5.484026e-03,3.770675e+01,1.244870e-04,9.369618e-05,2996203.293,5.168505e-03,3.784618e+01,1.043367e-04,6.810399e-05,2999173.641,1.250000e-04,10.46,10082.30
2975,5.469263e-03,3.762852e+01,1.183029e-04,1.046764e-04,2997463.805,7.479960e-03,3.680808e+01,2.053581e-04,3.491141e-04,2967119.578,1.250000e-04,10.28,10092.58
2976,5.639366e-03,3.787384e+01,1.265503e-04,1.172959e-04,2996485.629,4.796004e-03,3.789645e+01,8.122669e-05,3.881841e-05,3001152.938,1.250000e-04,10.26,10102.85
2977,5.751887e-03,3.770601e+01,1.368242e-04,1.226088e-04,2996787.330,5.268729e-03,3.817605e+01,1.295701e-04,3.108460e-05,3005397.875,1.250000e-04,10.44,10113.28
2978,5.500169e-03,3.766771e+01,1.276699e-04,9.133984e-05,2996895.346,4.900015e-03,3.784860e+01,7.664173e-05,6.974771e-05,3011546.711,1.250000e-04,10.44,10123.72
2979,5.603263e-03,3.769157e+01,1.270661e-04,1.126890e-04,2996699.557,4.946699e-03,3.782514e+01,7.005018e-05,9.273666e-05,2984072.297,1.250000e-04,10.25,10133.97
2980,5.494187e-03,3.763659e+01,1.199004e-04,1.063048e-04,2997048.896,5.922025e-03,3.689825e+01,1.550367e-04,1.363664e-04,2971402.406,1.250000e-04,10.30,10144.27
2981,5.432123e-03,3.761001e+01,1.145372e-04,1.051501e-04,2996392.400,4.630610e-03,3.774538e+01,6.030915e-05,5.059613e-05,2993465.148,1.250000e-04,10.40,10154.67
2982,5.402213e-03,3.775942e+01,1.118608e-04,1.015328e-04,2997151.498,6.817203e-03,3.746794e+01,1.601885e-04,2.937047e-04,2988491.891,1.250000e-04,10.32,10164.99
2983,5.442119e-03,3.765310e+01,1.181556e-04,9.905049e-05,2996955.871,6.187424e-03,3.809222e+01,1.761407e-04,1.233590e-04,3026096.031,1.250000e-04,10.32,10175.32
2984,5.666358e-03,3.768441e+01,1.344799e-04,1.106237e-04,2996869.621,4.966234e-03,3.783309e+01,9.879555e-05,3.899393e-05,2994963.219,1.250000e-04,10.48,10185.80
2985,5.311024e-03,3.770169e+01,1.055419e-04,9.708710e-05,2996689.064,4.952568e-03,3.809613e+01,6.751402e-05,9.356298e-05,3020851.492,1.250000e-04,10.44,10196.24
2986,5.351577e-03,3.770449e+01,1.132912e-04,8.964324e-05,2997324.059,5.069110e-03,3.757555e+01,9.076418e-05,8.078267e-05,3001315.547,1.250000e-04,10.60,10206.84
2987,5.706632e-03,3.765864e+01,1.356127e-04,1.169283e-04,2996698.156,7.519218e-03,3.691038e+01,2.056741e-04,3.542878e-04,2954154.727,1.250000e-04,10.34,10217.18
2988,5.442566e-03,3.769482e+01,1.154874e-04,1.036422e-04,2996983.680,5.070792e-03,3.796584e+01,1.027265e-04,4.938854e-05,2994252.500,1.250000e-04,10.59,10227.77
2989,5.319570e-03,3.770387e+01,1.117290e-04,8.637882e-05,2996790.807,6.009687e-03,3.849461e+01,1.548713e-04,1.223025e-04,3029961.891,1.250000e-04,10.64,10238.41
2990,5.668700e-03,3.775078e+01,1.290009e-04,1.207225e-04,2996688.586,4.686106e-03,3.769545e+01,6.865327e-05,4.600561e-05,2991219.438,1.250000e-04,10.70,10249.11
2991,5.202995e-03,3.759523e+01,1.033802e-04,8.193404e-05,2997125.273,5.169701e-03,3.721341e+01,1.102930e-04,6.908611e-05,2991659.398,1.250000e-04,10.60,10259.72
2992,5.447702e-03,3.753224e+01,1.148837e-04,1.091282e-04,2997080.145,5.379451e-03,3.725674e+01,1.160026e-04,9.875021e-05,2982015.234,1.250000e-04,10.67,10270.39
2993,6.215828e-03,3.787961e+01,1.655089e-04,1.545556e-04,2996385.775,6.651129e-03,3.917612e+01,1.938399e-04,1.590235e-04,3015410.438,1.250000e-04,10.82,10281.20
2994,5.632210e-03,3.791993e+01,1.356494e-04,9.674461e-05,2996848.592,6.496174e-03,3.873135e+01,1.984842e-04,1.276395e-04,3024405.227,1.250000e-04,10.85,10292.05
2995,5.498297e-03,3.768967e+01,1.190134e-04,1.078391e-04,2996710.877,5.488919e-03,3.851304e+01,1.270207e-04,7.348143e-05,3012705.594,1.250000e-04,10.51,10302.56
2996,5.676457e-03,3.778477e+01,1.347630e-04,1.100700e-04,2996931.721,5.801312e-03,3.723589e+01,1.369544e-04,1.416359e-04,2974111.039,1.250000e-04,10.57,10313.14
2997,5.474629e-03,3.767331e+01,1.210384e-04,9.938291e-05,2996967.527,5.212000e-03,3.771066e+01,9.624623e-05,9.569450e-05,2997855.156,1.250000e-04,10.52,10323.65
2998,5.598484e-03,3.764889e+01,1.313254e-04,1.040681e-04,2996894.402,5.511542e-03,3.715906e+01,6.554535e-05,2.280365e-04,2970326.094,1.250000e-04,10.40,10334.06
2999,5.654037e-03,3.764197e+01,1.262605e-04,1.254470e-04,2996700.137,5.295734e-03,3.790426e+01,1.174789e-04,6.610391e-05,3007333.398,1.250000e-04,10.73,10344.79
3000,5.618736e-03,3.780179e+01,1.266952e-04,1.143210e-04,2996449.969,5.414016e-03,3.777560e+01,1.338628e-04,5.956559e-05,3001220.297,1.250000e-04,10.43,10355.22
3001,5.605690e-03,3.773009e+01,1.333929e-04,9.975054e-05,2997169.312,5.895107e-03,3.729928e+01,1.652940e-04,1.024477e-04,2979639.727,1.250000e-04,10.31,10365.52
3002,5.451895e-03,3.776182e+01,1.172166e-04,1.007093e-04,2996963.389,5.764933e-03,3.733047e+01,1.348488e-04,1.366796e-04,2977563.820,1.250000e-04,10.13,10375.65
3003,5.420911e-03,3.775040e+01,1.096596e-04,1.098549e-04,2996689.473,5.436149e-03,3.734501e+01,1.367109e-04,6.690788e-05,2984969.500,1.250000e-04,10.46,10386.11
3004,5.372363e-03,3.765705e+01,1.174804e-04,8.637066e-05,2996866.631,7.142168e-03,3.839162e+01,2.794459e-04,1.017094e-04,3009947.961,1.250000e-04,10.36,10396.48
3005,5.530483e-03,3.775413e+01,1.261183e-04,9.877737e-05,2997333.359,5.142762e-03,3.738461e+01,1.158927e-04,4.907487e-05,2995640.766,1.250000e-04,10.27,10406.74
3006,5.524806e-03,3.761657e+01,1.216795e-04,1.092708e-04,2996583.764,6.142980e-03,3.857887e+01,1.924726e-04,7.207339e-05,3018805.094,1.250000e-04,10.29,10417.03
3007,5.612685e-03,3.777799e+01,1.260577e-04,1.148621e-04,2996838.295,7.433987e-03,3.717364e+01,2.648370e-04,2.136505e-04,2966765.664,1.250000e-04,10.26,10427.29
3008,5.371403e-03,3.769229e+01,1.099163e-04,1.006024e-04,2996433.246,5.037036e-03,3.808475e+01,8.076990e-05,8.417242e-05,3021273.719,1.250000e-04,10.24,10437.52
3009,5.584620e-03,3.771316e+01,1.274977e-04,1.076653e-04,2997188.723,5.456997e-03,3.845702e+01,1.155467e-04,9.116545e-05,3005358.688,1.250000e-04,10.27,10447.80
3010,5.694891e-03,3.801580e+01,1.268865e-04,1.248892e-04,2996456.742,6.120353e-03,3.811972e+01,1.958251e-04,7.002610e-05,2993389.031,1.250000e-04,10.36,10458.16
3011,5.697997e-03,3.780594e+01,1.320649e-04,1.193508e-04,2996584.113,5.703581e-03,3.851008e+01,1.515940e-04,6.732686e-05,3017437.242,1.250000e-04,10.37,10468.53
3012,5.620168e-03,3.786012e+01,1.311363e-04,1.045585e-04,2997614.514,5.271162e-03,3.796228e+01,1.276989e-04,3.958889e-05,2993062.852,1.250000e-04,10.39,10478.92
3013,5.699553e-03,3.779285e+01,1.398912e-04,1.042712e-04,2996175.982,5.898283e-03,3.844560e+01,1.704486e-04,6.984736e-05,3006738.820,1.250000e-04,10.78,10489.70
3014,5.464821e-03,3.777682e+01,1.216952e-04,9.403744e-05,2996936.578,4.835102e-03,3.772637e+01,8.886770e-05,3.475774e-05,3003260.375,1.250000e-04,10.38,10500.09
3015,5.393823e-03,3.774455e+01,1.167231e-04,9.042745e-05,2996682.070,6.308909e-03,3.866505e+01,1.580156e-04,1.724496e-04,3028176.641,1.250000e-04,10.20,10510.29
3016,5.506098e-03,3.770424e+01,1.267175e-04,9.369986e-05,2997127.262,4.553698e-03,3.756112e+01,6.606248e-05,2.739221e-05,2998192.469,1.250000e-04,10.60,10520.90
3017,5.409957e-03,3.766468e+01,1.164645e-04,9.576895e-05,2997008.588,4.891449e-03,3.825698e+01,7.722230e-05,5.870560e-05,3012136.516,1.250000e-04,9.93,10530.82
3018,5.121223e-03,3.748438e+01,1.000595e-04,7.443797e-05,2996569.840,5.186622e-03,3.803610e+01,9.596375e-05,8.467499e-05,3020340.477,1.250000e-04,10.21,10541.03
3019,5.621398e-03,3.762013e+01,1.211275e-04,1.296221e-04,2997084.768,5.134943e-03,3.754752e+01,8.895234e-05,9.813341e-05,2987228.047,1.250000e-04,10.29,10551.32
3020,5.675095e-03,3.751427e+01,1.388432e-04,1.070472e-04,2996698.568,5.917903e-03,3.858662e+01,1.117501e-04,1.883480e-04,3031780.820,1.250000e-04,10.40,10561.72
3021,5.435248e-03,3.773498e+01,1.213513e-04,8.964736e-05,2996997.480,6.689778e-03,3.856034e+01,1.546522e-04,2.574444e-04,3031135.594,1.250000e-04,10.29,10572.01
3022,5.271522e-03,3.764518e+01,1.101659e-04,8.106896e-05,2997020.820,5.786889e-03,3.721839e+01,1.033794e-04,2.062514e-04,2967267.273,1.250000e-04,10.52,10582.53
3023,5.798833e-03,3.772389e+01,1.435417e-04,1.182054e-04,2996851.121,4.955581e-03,3.803617e+01,8.573533e-05,5.892226e-05,2986702.117,1.250000e-04,10.55,10593.08
3024,5.564148e-03,3.766373e+01,1.281199e-04,1.033152e-04,2996473.537,5.035130e-03,3.869592e+01,7.516143e-05,8.278478e-05,3022277.242,1.250000e-04,10.29,10603.37
3025,5.471473e-03,3.791993e+01,1.144465e-04,1.070030e-04,2997118.379,5.475245e-03,3.722701e+01,1.334253e-04,8.365823e-05,2982937.711,1.250000e-04,10.49,10613.85
3026,5.673553e-03,3.770043e+01,1.293700e-04,1.219619e-04,2997054.352,5.347958e-03,3.804123e+01,1.069170e-04,9.493313e-05,2990083.258,1.250000e-04,10.38,10624.23
3027,5.495667e-03,3.775816e+01,1.271698e-04,8.963081e-05,2996802.355,5.675738e-03,3.686326e+01,1.112649e-04,1.753527e-04,2977498.852,1.250000e-04,10.73,10634.96
3028,5.309108e-03,3.743611e+01,1.087796e-04,9.554040e-05,2997155.316,4.853259e-03,3.752378e+01,8.532981e-05,4.951667e-05,2988846.031,1.250000e-04,10.29,10645.25
3029,5.605885e-03,3.765746e+01,1.286027e-04,1.108224e-04,2997019.938,6.668025e-03,3.761103e+01,2.277161e-04,1.259522e-04,3008693.141,1.250000e-04,10.61,10655.86
3030,5.927328e-03,3.777180e+01,1.530908e-04,1.238481e-04,2996507.021,5.015041e-03,3.771394e+01,8.242482e-05,8.387974e-05,2985221.477,1.250000e-04,10.56,10666.42
3031,5.576215e-03,3.770098e+01,1.314360e-04,9.835148e-05,2996696.746,4.798411e-03,3.828828e+01,6.099803e-05,7.192066e-05,3014527.531,1.250000e-04,10.58,10677.00
3032,5.358733e-03,3.756697e+01,1.094774e-04,1.014525e-04,2997491.416,5.053319e-03,3.806549e+01,8.255381e-05,8.424629e-05,2994414.727,1.250000e-04,10.48,10687.48
3033,5.738211e-03,3.776196e+01,1.326946e-04,1.270138e-04,2996930.840,7.812933e-03,3.668274e+01,2.735298e-04,2.818724e-04,2955266.562,1.250000e-04,10.80,10698.28
3034,5.632187e-03,3.772863e+01,1.283626e-04,1.151396e-04,2996158.959,5.489983e-03,3.867339e+01,9.748748e-05,1.295539e-04,3025116.711,1.250000e-04,10.77,10709.05
3035,5.505113e-03,3.770399e+01,1.306807e-04,8.558145e-05,2997084.572,6.200875e-03,3.869361e+01,1.800486e-04,1.062055e-04,3021347.352,1.250000e-04,10.70,10719.76
3036,5.645639e-03,3.770522e+01,1.305473e-04,1.139287e-04,2996875.557,4.647260e-03,3.775244e+01,6.309607e-05,4.821109e-05,2998250.469,1.250000e-04,10.81,10730.57
3037,5.487220e-03,3.772590e+01,1.266484e-04,8.962901e-05,2996961.109,5.042503e-03,3.849053e+01,6.770876e-05,1.032724e-04,3022803.625,1.250000e-04,10.56,10741.13
3038,5.339061e-03,3.764296e+01,1.065329e-04,1.018873e-04,2997128.268,5.821572e-03,3.816122e+01,1.699697e-04,6.115051e-05,3012932.812,1.250000e-04,10.55,10751.68
3039,5.707195e-03,3.780107e+01,1.373189e-04,1.107797e-04,2996743.039,5.887345e-03,3.899669e+01,1.138959e-04,1.697435e-04,3026505.938,1.250000e-04,10.58,10762.26
3040,5.333336e-03,3.776100e+01,1.149029e-04,8.164144e-05,2996932.654,5.691342e-03,3.773699e+01,1.419509e-04,9.962670e-05,3013245.578,1.250000e-04,10.55,10772.81
3041,5.687115e-03,3.770455e+01,1.306049e-04,1.221222e-04,2997131.293,4.909607e-03,3.790342e+01,7.999903e-05,6.385493e-05,3010138.234,1.250000e-04,10.53,10783.34
3042,5.349717e-03,3.762030e+01,1.155200e-04,8.649754e-05,2996899.482,5.195036e-03,3.768489e+01,1.204468e-04,4.441604e-05,2991666.734,1.250000e-04,10.49,10793.84
3043,5.405534e-03,3.765882e+01,1.131871e-04,1.015562e-04,2997107.619,5.326505e-03,3.815625e+01,1.233600e-04,5.545599e-05,3005897.203,1.250000e-04,10.13,10803.97
3044,5.564524e-03,3.788760e+01,1.265317e-04,1.020894e-04,2996019.299,5.200491e-03,3.816150e+01,1.018515e-04,7.316517e-05,3016881.875,1.250000e-04,10.35,10814.32
3045,5.960302e-03,3.793070e+01,1.449774e-04,1.434915e-04,2996831.963,5.727332e-03,3.878615e+01,1.096369e-04,1.504698e-04,2994000.766,1.250000e-04,10.23,10824.55
3046,5.453842e-03,3.787598e+01,1.172158e-04,9.881705e-05,2996703.129,5.767841e-03,3.823905e+01,1.249226e-04,1.389420e-04,2990780.422,1.250000e-04,10.28,10834.83
3047,5.400116e-03,3.778872e+01,1.137669e-04,9.671529e-05,2997046.902,6.100435e-03,3.914756e+01,1.110971e-04,2.149417e-04,3029509.695,1.250000e-04,10.34,10845.17
3048,5.443514e-03,3.784449e+01,1.199756e-04,9.186183e-05,2997299.912,6.548904e-03,3.732909e+01,1.654673e-04,2.322645e-04,2958823.805,1.250000e-04,10.38,10855.56
3049,5.447749e-03,3.765111e+01,1.175813e-04,1.013650e-04,2996600.115,6.071959e-03,3.831903e+01,1.755863e-04,9.683864e-05,3010273.492,1.250000e-04,10.21,10865.76
3050,5.611620e-03,3.787862e+01,1.361372e-04,9.247736e-05,2996798.525,5.884656e-03,3.884890e+01,1.456923e-04,1.085688e-04,3022403.227,1.250000e-04,10.23,10876.00
3051,5.552482e-03,3.779287e+01,1.296754e-04,9.528805e-05,2997118.816,6.259889e-03,3.720242e+01,1.843710e-04,1.391874e-04,2973471.773,1.250000e-04,10.26,10886.26
3052,5.462341e-03,3.772157e+01,1.177875e-04,1.024617e-04,2996641.004,7.700162e-03,3.980472e+01,1.853832e-04,3.731715e-04,3045654.164,1.250000e-04,10.26,10896.52
3053,5.993057e-03,3.796340e+01,1.447981e-04,1.497471e-04,2997135.389,5.532435e-03,3.738692e+01,1.340215e-04,9.070561e-05,2990740.609,1.250000e-04,10.50,10907.02
3054,5.615769e-03,3.771247e+01,1.275441e-04,1.138161e-04,2996542.863,6.479329e-03,3.885588e+01,1.416867e-04,2.353749e-04,3042155.492,1.250000e-04,10.39,10917.41
3055,5.621992e-03,3.763520e+01,1.245852e-04,1.225242e-04,2996906.482,4.999394e-03,3.816762e+01,9.080122e-05,5.492414e-05,3012720.758,1.250000e-04,10.14,10927.55
3056,5.475961e-03,3.779960e+01,1.178675e-04,1.034652e-04,2997639.678,5.813431e-03,3.805962e+01,1.181195e-04,1.652548e-04,2972534.273,1.250000e-04,10.33,10937.88
3057,5.440438e-03,3.774344e+01,1.161899e-04,1.008393e-04,2996564.439,5.588718e-03,3.800378e+01,1.520384e-04,5.359140e-05,2996236.625,1.250000e-04,10.29,10948.17
3058,5.887828e-03,3.783452e+01,1.494274e-04,1.220205e-04,2997089.674,5.530176e-03,3.791276e+01,9.878747e-05,1.502049e-04,2971472.383,1.250000e-04,10.30,10958.47
3059,5.254801e-03,3.787030e+01,1.028840e-04,8.778629e-05,2996710.121,4.696047e-03,3.766773e+01,6.073725e-05,6.438023e-05,2996776.875,1.250000e-04,10.46,10968.93
3060,5.474301e-03,3.785351e+01,1.173827e-04,1.030245e-04,2997123.859,5.184176e-03,3.789027e+01,9.999026e-05,7.904914e-05,3009283.125,1.250000e-04,10.37,10979.30
3061,5.240944e-03,3.766778e+01,1.030752e-04,8.868274e-05,2997137.385,4.785130e-03,3.812595e+01,6.948348e-05,5.553995e-05,3012292.539,1.250000e-04,10.52,10989.82
3062,5.445842e-03,3.752996e+01,1.152634e-04,1.080424e-04,2996575.922,5.391577e-03,3.866772e+01,8.045209e-05,1.440569e-04,3017071.055,1.250000e-04,10.44,11000.26
3063,5.636771e-03,3.769832e+01,1.239988e-04,1.253902e-04,2996844.928,5.384534e-03,3.809082e+01,1.000248e-04,1.150408e-04,3023308.148,1.250000e-04,10.69,11010.95
3064,5.915213e-03,3.771953e+01,1.540199e-04,1.206124e-04,2997073.410,5.248367e-03,3.790109e+01,1.292369e-04,3.317789e-05,2995682.891,1.250000e-04,10.59,11021.55
3065,5.385168e-03,3.762025e+01,1.187097e-04,8.720918e-05,2996645.904,5.490063e-03,3.714783e+01,1.195664e-04,1.159232e-04,2981757.586,1.250000e-04,10.44,11031.98
3066,5.792825e-03,3.778516e+01,1.420023e-04,1.188573e-04,2996880.098,5.299744e-03,3.782004e+01,9.599867e-05,1.115507e-04,3020849.969,1.250000e-04,10.39,11042.37
3067,5.673210e-03,3.759646e+01,1.319665e-04,1.187798e-04,2996590.826,5.382380e-03,3.821060e+01,1.278009e-04,5.666221e-05,3008764.719,1.250000e-04,10.38,11052.75
3068,5.512605e-03,3.777961e+01,1.285057e-04,8.991722e-05,2997317.217,5.419719e-03,3.777249e+01,1.063133e-04,1.158674e-04,3001997.141,1.250000e-04,10.70,11063.45
3069,5.275313e-03,3.744103e+01,1.048329e-04,9.657621e-05,2996746.773,6.013192e-03,3.700795e+01,1.569826e-04,1.485141e-04,2969987.594,1.250000e-04,10.87,11074.33
3070,5.631912e-03,3.766192e+01,1.300079e-04,1.131281e-04,2996443.152,5.089177e-03,3.761667e+01,9.528083e-05,7.494042e-05,3010413.688,1.250000e-04,10.40,11084.73
3071,5.770091e-03,3.772594e+01,1.342449e-04,1.310098e-04,2996960.217,5.107491e-03,3.825657e+01,1.014306e-04,5.350559e-05,3008749.461,1.250000e-04,11.17,11095.90
3072,6.011440e-03,3.787062e+01,1.475847e-04,1.497062e-04,2996674.680,6.299669e-03,3.917930e+01,1.882783e-04,9.979118e-05,3007571.398,1.250000e-04,10.87,11106.77
3073,5.549096e-03,3.774303e+01,1.247636e-04,1.054315e-04,2997017.434,5.409926e-03,3.679917e+01,9.340487e-05,1.591920e-04,2979057.906,1.250000e-04,11.09,11117.87
3074,5.368441e-03,3.758137e+01,1.141581e-04,9.374468e-05,2996546.676,6.948611e-03,3.934510e+01,2.054000e-04,1.920203e-04,3033197.359,1.250000e-04,10.70,11128.57
3075,5.543420e-03,3.776378e+01,1.244022e-04,1.046042e-04,2997060.846,5.030385e-03,3.790849e+01,8.733334e-05,7.324069e-05,2992458.406,1.250000e-04,10.54,11139.11
3076,5.317909e-03,3.774243e+01,1.114002e-04,8.593271e-05,2996826.260,5.126436e-03,3.840447e+01,6.614832e-05,1.249012e-04,3028726.227,1.250000e-04,10.53,11149.65
3077,5.415797e-03,3.763165e+01,1.154747e-04,9.957709e-05,2997186.434,4.627248e-03,3.766256e+01,6.043754e-05,5.132336e-05,2989906.875,1.250000e-04,10.54,11160.18
3078,5.476212e-03,3.756617e+01,1.148869e-04,1.141454e-04,2997024.264,4.674995e-03,3.816456e+01,6.309957e-05,4.550866e-05,3009152.508,1.250000e-04,10.41,11170.59
3079,5.359377e-03,3.764354e+01,1.024678e-04,1.140691e-04,2996982.488,5.580610e-03,3.678555e+01,1.223311e-04,1.357487e-04,2971972.047,1.250000e-04,10.29,11180.88
3080,5.412306e-03,3.772607e+01,1.071110e-04,1.137178e-04,2996523.346,7.918852e-03,3.922492e+01,2.494756e-04,3.003207e-04,3045744.891,1.250000e-04,10.30,11191.19
3081,5.620620e-03,3.795411e+01,1.231873e-04,1.186672e-04,2997089.883,7.181235e-03,3.626084e+01,1.785104e-04,3.540094e-04,2953283.266,1.250000e-04,10.37,11201.56
3082,5.601397e-03,3.770286e+01,1.267423e-04,1.127376e-04,2996977.178,4.536356e-03,3.714965e+01,5.886770e-05,4.654271e-05,2986796.797,1.250000e-04,10.23,11211.79
3083,5.412471e-03,3.752518e+01,1.196488e-04,9.269293e-05,2996535.713,5.550081e-03,3.819053e+01,1.401012e-04,6.600324e-05,3003531.523,1.250000e-04,10.27,11222.05
3084,5.367712e-03,3.753332e+01,1.138883e-04,9.509939e-05,2997139.215,7.129867e-03,3.799542e+01,3.153385e-04,3.538813e-05,3004097.898,1.250000e-04,10.44,11232.49
3085,5.400752e-03,3.746473e+01,1.179982e-04,9.485942e-05,2996994.193,5.343733e-03,3.755477e+01,1.335419e-04,5.056734e-05,2998142.625,1.250000e-04,10.57,11243.07
3086,5.580346e-03,3.748117e+01,1.268580e-04,1.127298e-04,2997004.145,4.842366e-03,3.792463e+01,8.172984e-05,4.652098e-05,3001718.312,1.250000e-04,10.55,11253.62
3087,5.432381e-03,3.755708e+01,1.167203e-04,1.018940e-04,2996969.359,5.024896e-03,3.815344e+01,9.478293e-05,5.234451e-05,3010774.219,1.250000e-04,10.29,11263.91
3088,5.614170e-03,3.761857e+01,1.353578e-04,9.974701e-05,2997000.209,5.417238e-03,3.706183e+01,1.170568e-04,1.080974e-04,2984575.508,1.250000e-04,10.41,11274.32
3089,5.329378e-03,3.744712e+01,1.090973e-04,9.873874e-05,2996805.811,5.111778e-03,3.751075e+01,9.085412e-05,9.043239e-05,2989080.969,1.250000e-04,10.46,11284.79
3090,5.551192e-03,3.754717e+01,1.280842e-04,1.031266e-04,2996480.621,6.087580e-03,3.891132e+01,1.139724e-04,2.113449e-04,3034546.344,1.250000e-04,10.00,11294.79
3091,5.546797e-03,3.763571e+01,1.188967e-04,1.188519e-04,2997009.154,5.330276e-03,3.806712e+01,1.045649e-04,9.558309e-05,3007463.203,1.250000e-04,10.10,11304.89
3092,5.551326e-03,3.766780e+01,1.291121e-04,9.868498e-05,2997642.020,5.415855e-03,3.820791e+01,1.367243e-04,4.556415e-05,2999386.352,1.250000e-04,10.48,11315.37
3093,5.622004e-03,3.773682e+01,1.256986e-04,1.182672e-04,2996281.939,5.074114e-03,3.834088e+01,9.184404e-05,6.431722e-05,2993865.734,1.250000e-04,10.13,11325.50
3094,5.618735e-03,3.758883e+01,1.301576e-04,1.116554e-04,2996643.740,5.731035e-03,3.895153e+01,1.248045e-04,1.175674e-04,3012893.070,1.250000e-04,10.58,11336.08
3095,5.358214e-03,3.764449e+01,1.131792e-04,9.239462e-05,2997159.166,4.746911e-03,3.723826e+01,6.905226e-05,6.651253e-05,2981256.711,1.250000e-04,10.19,11346.27
3096,5.423977e-03,3.754975e+01,1.178532e-04,9.809403e-05,2997145.412,4.746400e-03,3.761185e+01,7.447387e-05,4.809530e-05,2988248.438,1.250000e-04,10.24,11356.51
3097,5.386848e-03,3.748321e+01,1.144571e-04,9.879131e-05,2996867.955,6.396726e-03,3.704262e+01,1.611671e-04,2.161587e-04,2960614.242,1.250000e-04,10.54,11367.05
3098,5.653696e-03,3.759992e+01,1.278957e-04,1.229495e-04,2996711.482,6.039104e-03,3.833072e+01,1.343580e-04,1.724905e-04,3032416.328,1.250000e-04,10.44,11377.49
3099,5.554245e-03,3.745917e+01,1.203537e-04,1.209582e-04,2997451.662,5.958562e-03,3.773581e+01,1.734033e-04,9.018970e-05,2979286.094,1.250000e-04,10.57,11388.07
3100,5.407141e-03,3.739323e+01,1.205030e-04,9.255746e-05,2996537.148,5.158321e-03,3.778920e+01,9.833017e-05,7.921983e-05,3016662.422,1.250000e-04,10.68,11398.74
3101,5.597289e-03,3.754622e+01,1.351462e-04,9.824100e-05,2996865.771,6.293500e-03,3.754718e+01,2.014145e-04,1.049274e-04,2997054.086,1.250000e-04,10.33,11409.07
3102,5.477164e-03,3.748240e+01,1.158463e-04,1.140920e-04,2996964.062,5.368309e-03,3.746041e+01,1.291215e-04,6.621064e-05,2987369.414,1.250000e-04,10.37,11419.44
3103,5.302999e-03,3.751565e+01,1.078046e-04,9.467758e-05,2996645.150,5.294331e-03,3.756897e+01,1.183542e-04,7.077845e-05,2987830.531,1.250000e-04,10.34,11429.78
3104,5.528801e-03,3.758417e+01,1.194010e-04,1.152746e-04,2997005.465,5.130742e-03,3.797748e+01,1.077941e-04,5.101049e-05,2993241.266,1.250000e-04,10.47,11440.26
3105,5.631768e-03,3.766858e+01,1.225597e-04,1.278627e-04,2996622.883,4.618828e-03,3.814881e+01,5.907901e-05,4.263142e-05,2993084.656,1.250000e-04,10.30,11450.56
3106,5.385231e-03,3.760819e+01,1.120739e-04,1.007345e-04,2996885.559,5.176050e-03,3.743847e+01,1.085693e-04,6.930192e-05,3004499.523,1.250000e-04,10.38,11460.94
3107,5.188569e-03,3.746224e+01,1.014352e-04,8.559869e-05,2996998.457,4.714101e-03,3.725862e+01,8.073458e-05,3.617870e-05,2997058.016,1.250000e-04,10.42,11471.36
3108,5.510752e-03,3.741906e+01,1.159486e-04,1.218719e-04,2997069.557,5.442842e-03,3.756260e+01,1.285935e-04,8.012934e-05,2992830.828,1.250000e-04,10.44,11481.80
3109,5.705960e-03,3.762851e+01,1.297962e-04,1.290294e-04,2996765.463,6.003560e-03,3.820054e+01,1.697809e-04,9.713923e-05,3021616.828,1.250000e-04,10.74,11492.54
3110,5.222976e-03,3.746850e+01,1.051383e-04,8.494863e-05,2997556.164,7.108327e-03,3.700707e+01,2.470717e-04,1.873807e-04,2965589.117,1.250000e-04,10.90,11503.45
3111,5.452003e-03,3.755500e+01,1.208393e-04,9.762192e-05,2996264.424,5.043646e-03,3.814980e+01,8.152357e-05,8.268615e-05,3019825.320,1.250000e-04,10.60,11514.05
3112,5.313982e-03,3.750108e+01,1.116328e-04,8.950926e-05,2997419.775,5.175737e-03,3.744445e+01,8.365151e-05,1.189553e-04,3010994.727,1.250000e-04,10.55,11524.59
3113,5.812896e-03,3.748551e+01,1.367856e-04,1.392977e-04,2996456.418,5.497270e-03,3.780940e+01,1.273850e-04,8.849623e-05,3002036.367,1.250000e-04,10.42,11535.02
3114,5.377797e-03,3.751750e+01,1.189832e-04,8.724283e-05,2997175.943,1.013823e-02,3.534625e+01,2.589997e-04,8.027213e-04,2924072.523,1.250000e-04,10.46,11545.48
3115,5.442077e-03,3.762020e+01,1.149351e-04,1.061414e-04,2996454.047,4.882169e-03,3.826210e+01,6.739096e-05,7.640985e-05,3007108.438,1.250000e-04,10.76,11556.24
3116,5.699255e-03,3.755083e+01,1.364816e-04,1.158712e-04,2997057.811,4.789995e-03,3.709518e+01,7.337963e-05,6.933625e-05,3001361.609,1.250000e-04,10.38,11566.62
3117,5.442038e-03,3.761954e+01,1.174758e-04,1.010652e-04,2997108.668,5.491199e-03,3.787996e+01,1.188625e-04,1.029156e-04,2995573.578,1.250000e-04,10.35,11576.97
3118,5.669336e-03,3.758394e+01,1.324069e-04,1.173747e-04,2996716.496,4.780025e-03,3.709050e+01,6.974714e-05,7.470070e-05,2982599.000,1.250000e-04,10.28,11587.25
3119,5.287217e-03,3.751489e+01,1.098884e-04,8.736898e-05,2996757.512,5.918574e-03,3.842299e+01,1.240723e-04,1.671102e-04,3031594.688,1.250000e-04,10.48,11597.73
3120,5.318718e-03,3.752000e+01,1.129604e-04,8.742287e-05,2996917.441,6.323496e-03,3.920743e+01,1.144579e-04,2.516349e-04,3038762.320,1.250000e-04,10.29,11608.02
3121,5.348557e-03,3.758515e+01,1.131712e-04,9.166622e-05,2997000.115,5.967889e-03,3.700249e+01,1.196318e-04,2.142645e-04,2969328.859,1.250000e-04,10.36,11618.38
3122,5.795029e-03,3.781710e+01,1.308904e-04,1.408830e-04,2997040.439,5.015634e-03,3.746835e+01,9.442851e-05,6.490266e-05,2993852.633,1.250000e-04,10.31,11628.69
3123,5.460692e-03,3.758638e+01,1.240220e-04,9.236692e-05,2996633.264,5.047075e-03,3.779399e+01,1.095019e-04,3.453154e-05,3003383.227,1.250000e-04,10.18,11638.87
3124,5.821706e-03,3.753709e+01,1.380311e-04,1.375371e-04,2996685.098,6.415680e-03,3.925357e+01,1.072369e-04,2.835907e-04,3040837.273,1.250000e-04,10.29,11649.16
3125,5.691487e-03,3.753451e+01,1.274828e-04,1.326416e-04,2997119.605,5.058268e-03,3.764147e+01,8.224724e-05,9.432983e-05,2996109.086,1.250000e-04,10.18,11659.34
3126,5.378172e-03,3.753809e+01,1.148539e-04,9.516475e-05,2997213.588,6.149590e-03,3.835444e+01,1.781068e-04,1.066157e-04,3014982.898,1.250000e-04,10.21,11669.55
3127,5.540245e-03,3.759111e+01,1.275260e-04,1.011749e-04,2996684.613,5.031977e-03,3.799895e+01,9.872235e-05,4.897160e-05,3004430.742,1.250000e-04,10.40,11679.95
3128,5.322652e-03,3.743298e+01,1.075627e-04,1.007455e-04,2997439.523,5.840423e-03,3.752720e+01,1.229207e-04,1.716991e-04,2968196.023,1.250000e-04,10.37,11690.32
3129,5.447946e-03,3.763001e+01,1.160103e-04,1.049684e-04,2996603.562,5.279125e-03,3.730115e+01,1.121891e-04,8.542393e-05,2992327.836,1.250000e-04,10.35,11700.67
3130,5.588021e-03,3.754819e+01,1.246330e-04,1.173745e-04,2996634.695,5.314476e-03,3.770978e+01,1.315991e-04,4.550141e-05,3003132.477,1.250000e-04,10.16,11710.83
3131,5.667115e-03,3.765726e+01,1.295714e-04,1.211349e-04,2996718.885,5.930993e-03,3.822928e+01,1.737030e-04,7.420702e-05,3006922.938,1.250000e-04,10.10,11720.93
3132,5.428609e-03,3.763054e+01,1.168096e-04,9.949175e-05,2996959.887,4.499429e-03,3.775017e+01,5.175861e-05,4.136517e-05,3005770.094,1.250000e-04,10.27,11731.20
3133,5.592613e-03,3.742709e+01,1.253444e-04,1.192921e-04,2996734.041,5.315475e-03,3.771540e+01,1.195869e-04,6.961327e-05,2999341.047,1.250000e-04,10.20,11741.39
3134,5.450337e-03,3.765222e+01,1.182129e-04,1.005971e-04,2996933.654,5.369076e-03,3.714904e+01,9.899775e-05,1.328390e-04,2978219.914,1.250000e-04,10.32,11751.72
3135,5.471967e-03,3.748585e+01,1.169622e-04,1.107519e-04,2996732.662,7.649352e-03,3.638877e+01,2.137706e-04,3.745538e-04,2957427.539,1.250000e-04,10.34,11762.06
3136,5.587545e-03,3.757208e+01,1.169620e-04,1.321435e-04,2996761.273,5.850718e-03,3.786354e+01,1.737948e-04,6.528323e-05,2987546.789,1.250000e-04,10.36,11772.41
3137,5.562966e-03,3.765157e+01,1.268040e-04,1.059537e-04,2996984.766,4.902515e-03,3.772815e+01,9.526282e-05,3.541440e-05,3004126.391,1.250000e-04,10.40,11782.81
3138,5.373669e-03,3.762995e+01,1.133508e-04,9.543342e-05,2996848.758,4.747632e-03,3.777505e+01,7.060697e-05,5.281148e-05,3012099.547,1.250000e-04,10.35,11793.17
3139,5.342495e-03,3.750625e+01,1.144226e-04,8.952882e-05,2996672.014,6.510918e-03,3.855776e+01,1.904321e-04,1.501642e-04,3028637.062,1.250000e-04,10.32,11803.48
3140,5.447001e-03,3.763767e+01,1.148974e-04,1.068521e-04,2997233.947,5.979251e-03,3.708164e+01,1.749401e-04,1.043373e-04,2985895.031,1.250000e-04,10.32,11813.80
3141,5.205729e-03,3.742871e+01,1.016054e-04,8.936075e-05,2997113.059,4.835347e-03,3.792953e+01,8.013526e-05,4.820834e-05,3006236.172,1.250000e-04,10.51,11824.32
3142,5.230314e-03,3.739814e+01,1.026262e-04,9.284763e-05,2997008.594,5.020312e-03,3.764574e+01,8.722382e-05,7.670005e-05,3017197.641,1.250000e-04,10.38,11834.69
3143,5.310338e-03,3.747452e+01,1.096857e-04,9.320566e-05,2997119.197,5.412204e-03,3.799958e+01,1.066389e-04,1.091715e-04,3005364.531,1.250000e-04,10.35,11845.05
3144,5.236940e-03,3.742951e+01,1.035447e-04,9.170845e-05,2997259.580,5.127889e-03,3.764373e+01,1.209128e-04,3.087755e-05,3003927.414,1.250000e-04,10.37,11855.41
3145,5.747119e-03,3.759535e+01,1.298387e-04,1.378395e-04,2996969.447,4.928376e-03,3.749802e+01,9.005920e-05,5.559638e-05,2983917.648,1.250000e-04,10.50,11865.91
3146,5.357988e-03,3.748740e+01,1.125493e-04,9.675103e-05,2996157.326,4.686954e-03,3.760413e+01,7.247671e-05,4.035471e-05,3008591.680,1.250000e-04,10.29,11876.20
3147,5.388738e-03,3.740766e+01,1.096854e-04,1.102236e-04,2996844.654,7.035656e-03,3.828000e+01,2.390091e-04,1.635130e-04,3028137.500,1.250000e-04,10.36,11886.56
3148,5.511554e-03,3.751265e+01,1.211272e-04,1.098035e-04,2996640.562,5.586747e-03,3.882891e+01,8.619048e-05,1.683903e-04,3030558.367,1.250000e-04,10.38,11896.94
3149,5.538625e-03,3.755326e+01,1.232090e-04,1.102418e-04,2996701.195,5.201034e-03,3.774551e+01,1.150187e-04,5.525915e-05,3000882.359,1.250000e-04,10.36,11907.29
3150,5.573280e-03,3.761792e+01,1.272082e-04,1.078812e-04,2997175.113,4.983410e-03,3.742400e+01,9.440658e-05,5.938878e-05,2988182.742,1.250000e-04,10.34,11917.63
3151,5.394781e-03,3.745603e+01,1.112558e-04,1.073242e-04,2997034.104,9.728435e-03,3.963676e+01,3.779771e-04,3.969974e-04,3053881.469,1.250000e-04,10.63,11928.26
3152,5.513567e-03,3.763941e+01,1.172592e-04,1.154068e-04,2996690.559,5.196555e-03,3.785740e+01,8.792136e-05,1.063202e-04,2988652.664,1.250000e-04,10.50,11938.76
3153,5.277126e-03,3.758501e+01,9.927718e-05,1.051706e-04,2997762.154,6.103224e-03,3.698870e+01,1.616018e-04,1.576672e-04,2974162.586,1.250000e-04,10.68,11949.45
3154,5.452510e-03,3.761793e+01,1.106076e-04,1.169284e-04,2995918.797,5.370733e-03,3.879122e+01,9.939728e-05,9.952759e-05,3020888.359,1.250000e-04,10.55,11960.00
3155,5.511345e-03,3.761237e+01,1.225727e-04,1.048763e-04,2997672.859,6.009018e-03,3.839656e+01,1.765766e-04,8.071926e-05,3002131.867,1.250000e-04,10.70,11970.70
3156,5.453726e-03,3.758154e+01,1.152239e-04,1.086664e-04,2996657.916,5.522500e-03,3.798785e+01,1.529443e-04,3.885428e-05,3006553.852,1.250000e-04,10.73,11981.43
3157,5.268981e-03,3.752975e+01,1.049602e-04,9.328098e-05,2996793.863,5.187201e-03,3.826169e+01,9.080394e-05,9.059846e-05,3015916.414,1.250000e-04,10.49,11991.92
3158,5.746745e-03,3.761400e+01,1.292239e-04,1.386214e-04,2996482.336,5.566848e-03,3.734107e+01,1.261775e-04,1.141932e-04,2995718.328,1.250000e-04,10.61,12002.53
3159,5.471595e-03,3.762511e+01,1.216616e-04,9.849365e-05,2996885.529,4.885508e-03,3.721697e+01,8.467506e-05,6.341209e-05,2986615.969,1.250000e-04,10.55,12013.09
3160,5.394414e-03,3.756189e+01,1.122399e-04,1.031651e-04,2997055.082,5.402344e-03,3.854121e+01,1.101044e-04,8.943571e-05,3015407.945,1.250000e-04,10.83,12023.91
3161,5.454164e-03,3.751672e+01,1.229856e-04,9.452744e-05,2997077.604,5.381633e-03,3.792503e+01,1.391588e-04,3.950838e-05,3007235.516,1.250000e-04,10.51,12034.43
3162,5.324107e-03,3.738519e+01,1.151550e-04,8.680775e-05,2996675.309,5.754888e-03,3.896393e+01,1.063337e-04,1.590317e-04,3026290.211,1.250000e-04,10.57,12044.99
3163,5.434084e-03,3.737550e+01,1.177517e-04,1.038034e-04,2997294.588,4.792854e-03,3.767176e+01,7.603028e-05,5.307502e-05,3006959.094,1.250000e-04,10.63,12055.63
3164,5.517085e-03,3.748834e+01,1.196961e-04,1.142582e-04,2997175.586,4.947009e-03,3.741496e+01,7.817740e-05,8.474791e-05,2981797.195,1.250000e-04,10.65,12066.28
3165,5.401319e-03,3.748715e+01,1.168982e-04,9.672430e-05,2996922.098,5.038897e-03,3.776050e+01,8.452587e-05,8.351762e-05,2990724.430,1.250000e-04,11.17,12077.45
3166,5.502296e-03,3.749324e+01,1.293617e-04,9.187109e-05,2996604.143,5.383796e-03,3.762754e+01,1.010915e-04,1.220255e-04,3027824.500,1.250000e-04,10.63,12088.08
3167,5.561252e-03,3.743530e+01,1.246295e-04,1.142854e-04,2996836.846,6.358975e-03,3.728185e+01,1.325312e-04,2.610956e-04,2962147.508,1.250000e-04,10.64,12098.72
3168,5.271223e-03,3.749351e+01,1.015276e-04,1.013193e-04,2997390.850,5.198292e-03,3.818985e+01,1.047189e-04,6.642368e-05,3006104.281,1.250000e-04,10.61,12109.34
3169,5.513986e-03,3.748269e+01,1.234337e-04,1.062761e-04,2996570.029,5.523951e-03,3.679766e+01,1.251851e-04,1.184669e-04,2987658.250,1.250000e-04,10.59,12119.93
3170,5.439002e-03,3.742035e+01,1.157052e-04,1.079829e-04,2996731.854,5.723778e-03,3.845543e+01,8.024147e-05,2.151640e-04,3039054.930,1.250000e-04,10.30,12130.23
3171,5.624400e-03,3.754841e+01,1.311455e-04,1.116208e-04,2997480.193,5.301726e-03,3.675064e+01,1.204158e-04,8.450083e-05,2978511.703,1.250000e-04,10.72,12140.95
3172,5.775957e-03,3.764734e+01,1.421237e-04,1.179972e-04,2996892.557,5.374636e-03,3.740842e+01,1.388393e-04,4.908036e-05,2990124.891,1.250000e-04,10.55,12151.49
3173,5.409684e-03,3.753188e+01,1.168051e-04,9.768920e-05,2996389.377,4.949978e-03,3.768070e+01,9.051123e-05,5.535906e-05,3008357.812,1.250000e-04,10.84,12162.33
3174,5.634771e-03,3.758935e+01,1.306776e-04,1.138121e-04,2996869.365,5.191557e-03,3.707356e+01,1.252376e-04,4.636518e-05,2990216.109,1.250000e-04,10.11,12172.44
3175,5.524265e-03,3.750118e+01,1.241750e-04,1.064794e-04,2997210.992,5.309492e-03,3.723721e+01,1.092427e-04,9.866880e-05,2982431.773,1.250000e-04,10.24,12182.68
3176,5.239411e-03,3.748835e+01,1.056593e-04,8.679663e-05,2996587.523,6.113023e-03,3.859366e+01,1.430855e-04,1.645605e-04,2995751.352,1.250000e-04,10.17,12192.86
3177,5.292399e-03,3.743904e+01,1.126709e-04,8.435734e-05,2997191.945,5.623906e-03,3.848067e+01,1.111726e-04,1.328227e-04,3030646.664,1.250000e-04,10.38,12203.24
3178,5.603794e-03,3.756591e+01,1.189819e-04,1.314767e-04,2996730.115,5.610339e-03,3.821904e+01,1.254776e-04,1.067318e-04,3017751.719,1.250000e-04,10.46,12213.70
3179,5.828382e-03,3.759935e+01,1.414452e-04,1.307990e-04,2996563.871,5.420721e-03,3.752081e+01,1.375160e-04,5.869614e-05,2994373.852,1.250000e-04,9.98,12223.68
3180,5.578317e-03,3.764936e+01,1.328800e-04,9.691636e-05,2996942.410,5.138910e-03,3.835089e+01,9.613901e-05,6.848617e-05,3015723.953,1.250000e-04,10.26,12233.93
3181,5.390556e-03,3.752778e+01,1.199687e-04,8.761833e-05,2996929.633,6.930529e-03,3.828906e+01,2.429211e-04,1.344825e-04,3021294.008,1.250000e-04,10.55,12244.49
3182,5.349936e-03,3.765533e+01,1.109120e-04,9.505662e-05,2997131.523,5.074562e-03,3.806018e+01,8.805487e-05,7.759906e-05,3020859.242,1.250000e-04,10.53,12255.01
3183,5.798002e-03,3.766599e+01,1.436222e-04,1.190363e-04,2996517.418,5.533944e-03,3.841827e+01,1.477084e-04,4.300650e-05,3008190.141,1.250000e-04,10.29,12265.31
3184,5.414580e-03,3.766680e+01,1.154102e-04,9.875958e-05,2997210.070,5.047811e-03,3.695897e+01,8.215911e-05,1.060647e-04,2975428.859,1.250000e-04,10.12,12275.42
3185,5.568109e-03,3.769427e+01,1.274473e-04,1.048419e-04,2996783.926,5.026930e-03,3.790760e+01,8.420374e-05,7.882660e-05,3009396.898,1.250000e-04,10.43,12285.86
3186,5.375040e-03,3.742458e+01,1.060740e-04,1.143685e-04,2996914.639,5.948811e-03,3.723613e+01,1.551626e-04,1.347146e-04,2974211.102,1.250000e-04,10.47,12296.32
3187,5.663199e-03,3.767053e+01,1.363010e-04,1.066272e-04,2996572.297,5.091408e-03,3.826266e+01,8.839167e-05,7.624491e-05,3015554.391,1.250000e-04,10.66,12306.98
3188,5.537068e-03,3.764221e+01,1.225923e-04,1.093850e-04,2996836.646,6.856702e-03,3.884351e+01,2.113654e-04,1.717394e-04,3024849.805,1.250000e-04,10.43,12317.41
3189,5.517374e-03,3.764433e+01,1.263248e-04,9.793868e-05,2997202.641,5.589305e-03,3.759672e+01,1.224069e-04,1.211128e-04,2984269.992,1.250000e-04,10.51,12327.93
3190,5.561705e-03,3.769842e+01,1.279658e-04,1.024410e-04,2997352.754,5.925436e-03,3.733181e+01,1.804827e-04,7.748576e-05,2992627.688,1.250000e-04,10.35,12338.27
3191,5.422538e-03,3.757127e+01,1.199750e-04,9.313230e-05,2996707.088,5.430186e-03,3.829154e+01,1.219095e-04,7.638744e-05,3006684.453,1.250000e-04,10.59,12348.86
3192,5.500319e-03,3.751571e+01,1.225772e-04,1.045953e-04,2996289.219,5.625376e-03,3.875626e+01,6.415954e-05,2.216311e-04,3041716.438,1.250000e-04,10.30,12359.16
3193,5.470857e-03,3.772203e+01,1.110769e-04,1.175772e-04,2997405.660,5.623871e-03,3.806587e+01,1.511242e-04,6.120839e-05,2993062.742,1.250000e-04,10.35,12369.51
3194,5.646230e-03,3.765731e+01,1.242010e-04,1.276979e-04,2997018.312,5.385363e-03,3.799844e+01,9.943012e-05,1.182437e-04,2983549.367,1.250000e-04,10.45,12379.96
3195,5.357210e-03,3.757406e+01,1.158207e-04,8.831937e-05,2996330.645,5.453677e-03,3.812950e+01,1.035086e-04,1.211283e-04,3023756.086,1.250000e-04,10.35,12390.31
3196,5.436732e-03,3.749135e+01,1.203282e-04,9.686314e-05,2997032.990,5.137378e-03,3.797202e+01,9.458455e-05,7.886606e-05,3021441.773,1.250000e-04,10.61,12400.92
3197,5.740697e-03,3.771247e+01,1.281532e-04,1.375835e-04,2996858.402,5.553474e-03,3.851993e+01,8.954974e-05,1.611968e-04,3031746.312,1.250000e-04,10.33,12411.25
3198,5.392776e-03,3.754221e+01,1.138412e-04,1.000286e-04,2997064.141,5.680190e-03,3.856482e+01,1.279984e-04,1.087449e-04,3012461.859,1.250000e-04,10.66,12421.91
3199,5.526982e-03,3.748415e+01,1.178734e-04,1.199667e-04,2996482.953,6.158899e-03,3.840828e+01,1.355497e-04,1.925146e-04,3032474.422,1.250000e-04,10.56,12432.47
3200,5.338589e-03,3.755292e+01,1.079588e-04,1.007419e-04,2997760.021,5.262165e-03,3.726656e+01,1.267903e-04,5.352121e-05,3000747.250,1.250000e-04,10.75,12443.22
3201,5.401332e-03,3.745567e+01,1.113865e-04,1.083800e-04,2996956.123,5.973855e-03,3.694632e+01,1.312415e-04,1.933617e-04,2968507.641,1.250000e-04,10.70,12453.92
3202,5.577447e-03,3.767643e+01,1.289483e-04,1.040642e-04,2996965.184,4.924933e-03,3.726581e+01,7.592836e-05,8.781378e-05,2998509.727,1.250000e-04,10.47,12464.39
3203,5.506353e-03,3.747692e+01,1.144921e-04,1.227481e-04,2996669.025,5.343944e-03,3.793956e+01,1.334693e-04,4.305905e-05,2998774.273,1.250000e-04,10.74,12475.14
3204,5.602607e-03,3.772058e+01,1.259708e-04,1.141682e-04,2997142.297,5.162271e-03,3.770105e+01,8.423595e-05,1.099613e-04,3024003.641,1.250000e-04,10.52,12485.65
3205,5.732601e-03,3.756852e+01,1.384409e-04,1.182680e-04,2997168.752,5.930033e-03,3.653796e+01,1.479980e-04,1.592515e-04,2971732.891,1.250000e-04,10.75,12496.40
3206,5.682668e-03,3.756288e+01,1.281424e-04,1.289912e-04,2996644.812,5.416017e-03,3.718541e+01,1.027605e-04,1.339741e-04,2981250.328,1.250000e-04,10.27,12506.67
3207,5.227379e-03,3.762782e+01,1.014753e-04,8.996884e-05,2997187.709,4.998055e-03,3.741668e+01,9.189913e-05,6.747906e-05,2983791.484,1.250000e-04,10.16,12516.83
3208,5.568024e-03,3.743188e+01,1.282792e-04,1.084088e-04,2996538.893,5.689295e-03,3.774287e+01,1.683452e-04,4.631116e-05,2994765.328,1.250000e-04,10.43,12527.25
3209,5.311802e-03,3.755869e+01,1.121410e-04,8.690466e-05,2996689.135,6.880559e-03,3.895727e+01,2.412452e-04,1.144760e-04,3022416.766,1.250000e-04,10.50,12537.76
3210,5.339837e-03,3.749512e+01,1.046775e-04,1.087098e-04,2997279.900,5.261078e-03,3.696073e+01,9.428322e-05,1.244347e-04,2976947.523,1.250000e-04,10.41,12548.16
3211,5.331024e-03,3.749423e+01,1.131152e-04,9.008978e-05,2996989.762,5.459788e-03,3.810909e+01,1.312419e-04,6.729196e-05,2998771.672,1.250000e-04,10.20,12558.36
3212,5.518255e-03,3.769951e+01,1.167435e-04,1.161738e-04,2996656.412,6.074757e-03,3.795391e+01,1.895581e-04,7.675696e-05,3005946.281,1.250000e-04,10.15,12568.51
3213,5.710370e-03,3.770949e+01,1.336075e-04,1.206693e-04,2997490.695,4.848238e-03,3.745759e+01,8.442650e-05,5.164283e-05,2991481.859,1.250000e-04,10.26,12578.77
3214,5.187206e-03,3.742048e+01,9.964439e-05,8.974288e-05,2996687.902,5.625804e-03,3.724415e+01,1.594812e-04,6.131539e-05,2987379.766,1.250000e-04,10.24,12589.01
3215,5.481964e-03,3.764980e+01,1.229384e-04,9.752018e-05,2996779.826,5.848381e-03,3.811589e+01,1.392119e-04,1.289345e-04,3029032.031,1.250000e-04,10.31,12599.32
3216,5.654517e-03,3.748369e+01,1.315988e-04,1.180320e-04,2997272.037,6.286234e-03,3.744026e+01,2.315106e-04,4.542035e-05,3001452.656,1.250000e-04,10.25,12609.57
3217,5.505497e-03,3.755816e+01,1.238986e-04,1.021390e-04,2996404.521,4.916994e-03,3.735749e+01,8.661384e-05,6.302131e-05,2983482.648,1.250000e-04,10.32,12619.88
3218,5.555553e-03,3.757800e+01,1.283073e-04,1.029360e-04,2997138.064,5.735532e-03,3.709834e+01,1.568726e-04,9.139446e-05,2982404.547,1.250000e-04,10.48,12630.37
3219,5.673746e-03,3.765334e+01,1.346719e-04,1.123386e-04,2996562.182,6.017609e-03,3.767329e+01,1.911718e-04,6.771248e-05,2999446.094,1.250000e-04,10.33,12640.70
3220,5.489110e-03,3.773237e+01,1.156317e-04,1.119114e-04,2996827.285,6.484252e-03,3.954479e+01,1.675498e-04,1.708550e-04,3031091.742,1.250000e-04,10.59,12651.29
3221,5.615533e-03,3.777040e+01,1.306053e-04,1.064878e-04,2997574.277,5.234762e-03,3.767573e+01,9.586405e-05,1.017098e-04,3000009.148,1.250000e-04,10.36,12661.65
3222,5.521334e-03,3.763317e+01,1.197746e-04,1.120543e-04,2996949.770,6.764896e-03,3.667997e+01,1.520046e-04,3.153706e-04,2950579.211,1.250000e-04,10.35,12672.00
3223,5.514301e-03,3.752099e+01,1.230393e-04,1.063619e-04,2995916.838,5.743726e-03,3.932043e+01,8.452702e-05,1.932826e-04,3034131.281,1.250000e-04,10.28,12682.28
3224,5.292105e-03,3.758999e+01,1.048180e-04,9.698529e-05,2997190.135,5.196759e-03,3.813271e+01,1.106915e-04,5.531452e-05,3008376.820,1.250000e-04,10.22,12692.50
3225,5.531438e-03,3.765294e+01,1.190071e-04,1.152147e-04,2996949.527,5.542669e-03,3.786048e+01,1.519750e-04,4.737395e-05,3003043.562,1.250000e-04,10.16,12702.66
3226,5.450584e-03,3.748885e+01,1.209422e-04,9.845541e-05,2996797.945,4.886687e-03,3.750605e+01,9.596389e-05,3.528869e-05,3000556.383,1.250000e-04,10.40,12713.06
3227,5.353966e-03,3.756311e+01,1.121787e-04,9.517364e-05,2997000.035,5.210918e-03,3.844918e+01,9.757121e-05,7.805774e-05,3018610.211,1.250000e-04,10.61,12723.67
3228,5.553962e-03,3.767211e+01,1.240441e-04,1.092620e-04,2996905.545,4.752176e-03,3.815245e+01,6.558781e-05,5.621063e-05,3014251.570,1.250000e-04,10.46,12734.13
3229,5.240677e-03,3.761086e+01,9.947016e-05,9.697783e-05,2997255.900,4.808786e-03,3.785008e+01,8.914156e-05,2.647243e-05,2996625.633,1.250000e-04,10.51,12744.64
3230,5.419061e-03,3.754542e+01,1.180929e-04,9.671796e-05,2996569.693,7.362044e-03,3.920602e+01,2.045803e-04,2.791277e-04,3036635.617,1.250000e-04,10.62,12755.26
3231,5.702465e-03,3.768885e+01,1.377763e-04,1.111634e-04,2996664.119,6.095560e-03,3.852437e+01,1.550383e-04,1.385480e-04,3018443.656,1.250000e-04,10.45,12765.72
3232,5.386799e-03,3.767090e+01,1.198921e-04,8.415764e-05,2997220.730,5.642068e-03,3.824742e+01,1.209781e-04,1.215091e-04,3011655.078,1.250000e-04,10.49,12776.21
3233,5.463769e-03,3.759460e+01,1.216515e-04,9.755863e-05,2997089.941,5.105084e-03,3.839514e+01,8.940607e-05,7.430178e-05,3013255.461,1.250000e-04,10.75,12786.96
3234,5.316290e-03,3.749324e+01,1.088009e-04,9.579136e-05,2996895.014,5.163141e-03,3.768408e+01,1.143606e-04,5.022537e-05,2992122.039,1.250000e-04,10.67,12797.63
3235,5.337800e-03,3.755423e+01,1.055719e-04,1.053317e-04,2997005.908,5.207338e-03,3.788624e+01,1.120848e-04,5.957331e-05,3001861.211,1.250000e-04,10.96,12808.59
3236,5.467557e-03,3.760066e+01,1.217512e-04,9.799579e-05,2996604.195,5.557592e-03,3.678793e+01,1.193283e-04,1.371032e-04,2979055.234,1.250000e-04,10.62,12819.21
3237,5.285545e-03,3.745465e+01,1.018481e-04,1.043196e-04,2996599.383,5.164895e-03,3.817598e+01,6.796705e-05,1.335253e-04,3025395.812,1.250000e-04,10.53,12829.74
3238,5.464766e-03,3.751916e+01,1.194160e-04,1.037378e-04,2997071.537,5.230957e-03,3.787713e+01,1.096440e-04,6.936076e-05,3010619.352,1.250000e-04,10.45,12840.19
3239,5.470142e-03,3.742030e+01,1.258920e-04,9.383827e-05,2997132.193,6.013498e-03,3.841208e+01,1.158747e-04,2.027085e-04,3037169.391,1.250000e-04,10.63,12850.82
3240,5.454867e-03,3.734619e+01,1.142596e-04,1.155305e-04,2996796.777,5.337694e-03,3.823946e+01,9.093909e-05,1.208715e-04,3026132.312,1.250000e-04,10.57,12861.39
3241,5.257540e-03,3.741226e+01,1.084007e-04,8.646154e-05,2996744.064,7.681998e-03,3.895995e+01,2.229904e-04,3.112198e-04,3049098.438,1.250000e-04,10.32,12871.72
3242,5.588097e-03,3.750921e+01,1.275174e-04,1.124003e-04,2997312.088,5.229801e-03,3.736123e+01,1.158310e-04,6.707371e-05,2996071.688,1.250000e-04,10.18,12881.90
3243,5.252364e-03,3.744580e+01,1.123749e-04,7.680695e-05,2997039.404,4.788755e-03,3.738382e+01,8.332477e-05,4.342505e-05,2992545.484,1.250000e-04,10.37,12892.26
3244,5.378219e-03,3.747346e+01,1.141796e-04,9.781549e-05,2997513.002,4.485481e-03,3.680545e+01,5.419340e-05,5.260044e-05,2984951.375,1.250000e-04,10.36,12902.63
3245,5.258127e-03,3.732912e+01,1.070466e-04,9.094971e-05,2996529.645,5.191655e-03,3.850098e+01,6.893007e-05,1.304512e-04,3025725.688,1.250000e-04,10.33,12912.96
3246,5.609577e-03,3.753222e+01,1.298828e-04,1.115053e-04,2996740.918,4.949492e-03,3.790436e+01,9.701336e-05,3.778445e-05,2994719.258,1.250000e-04,10.29,12923.25
3247,5.697225e-03,3.760866e+01,1.318870e-04,1.234977e-04,2996498.209,5.344103e-03,3.793504e+01,1.225606e-04,6.499865e-05,2996251.867,1.250000e-04,10.16,12933.40
3248,5.404442e-03,3.762652e+01,1.152656e-04,9.782665e-05,2997217.053,5.976591e-03,3.799822e+01,1.036811e-04,2.279915e-04,3014852.492,1.250000e-04,10.45,12943.85
3249,5.294461e-03,3.742298e+01,1.067230e-04,9.698678e-05,2996805.697,5.241983e-03,3.807574e+01,1.067572e-04,7.336738e-05,2998859.281,1.250000e-04,10.37,12954.23
3250,5.448769e-03,3.756285e+01,1.130761e-04,1.123445e-04,2996856.934,5.322382e-03,3.723002e+01,1.255971e-04,6.868191e-05,2986041.508,1.250000e-04,10.42,12964.65
3251,5.741036e-03,3.754340e+01,1.368659e-04,1.236073e-04,2996698.238,5.982117e-03,3.741786e+01,1.759945e-04,9.607723e-05,2981879.781,1.250000e-04,10.47,12975.12
3252,5.390906e-03,3.742569e+01,1.122491e-04,1.051692e-04,2997277.961,5.164310e-03,3.748533e+01,7.940231e-05,1.243509e-04,2993833.156,1.250000e-04,10.75,12985.87
3253,5.641473e-03,3.737676e+01,1.251057e-04,1.305481e-04,2996354.906,5.831863e-03,3.869827e+01,1.057898e-04,1.808276e-04,3036638.609,1.250000e-04,10.61,12996.48
3254,5.264261e-03,3.738678e+01,9.867961e-05,1.077574e-04,2997231.338,4.721621e-03,3.740959e+01,8.117198e-05,3.378840e-05,2995621.125,1.250000e-04,10.49,13006.97
3255,5.294524e-03,3.739924e+01,1.173686e-04,7.618262e-05,2996843.381,6.420244e-03,3.880806e+01,1.056110e-04,2.966656e-04,3044093.961,1.250000e-04,10.45,13017.42
3256,5.295773e-03,3.733648e+01,1.059804e-04,1.004641e-04,2997291.869,4.758857e-03,3.729689e+01,7.234294e-05,6.114790e-05,3005444.219,1.250000e-04,10.44,13027.86
3257,5.374062e-03,3.755077e+01,1.135111e-04,9.677495e-05,2996739.254,5.216720e-03,3.861870e+01,8.419589e-05,1.025783e-04,3026256.383,1.250000e-04,10.42,13038.29
3258,5.363623e-03,3.741731e+01,1.105392e-04,1.033001e-04,2997228.127,5.140805e-03,3.775163e+01,1.001481e-04,7.283226e-05,2990809.242,1.250000e-04,10.67,13048.95
3259,5.007025e-03,3.741534e+01,8.746456e-05,7.816910e-05,2996786.365,5.891551e-03,3.843419e+01,1.372774e-04,1.350716e-04,3028848.781,1.250000e-04,10.60,13059.56
3260,5.579867e-03,3.746009e+01,1.196366e-04,1.274983e-04,2997320.445,5.651721e-03,3.705491e+01,9.271753e-05,2.038109e-04,2962524.383,1.250000e-04,10.69,13070.24
3261,5.555936e-03,3.760899e+01,1.145413e-04,1.299247e-04,2996393.768,4.882153e-03,3.772309e+01,7.693685e-05,6.809507e-05,3016948.281,1.250000e-04,10.71,13080.96
3262,5.463039e-03,3.731105e+01,1.165252e-04,1.133366e-04,2997148.744,4.612305e-03,3.735812e+01,6.254125e-05,5.021612e-05,3002038.656,1.250000e-04,10.63,13091.59
3263,5.367442e-03,3.725943e+01,1.149823e-04,9.833529e-05,2996959.859,5.585352e-03,3.755164e+01,1.447879e-04,7.646173e-05,2987103.984,1.250000e-04,10.55,13102.14
3264,5.179474e-03,3.722512e+01,1.033620e-04,8.466840e-05,2996865.373,5.722272e-03,3.761015e+01,1.565276e-04,7.919624e-05,2989883.508,1.250000e-04,10.47,13112.61
3265,5.735434e-03,3.749327e+01,1.290960e-04,1.390293e-04,2996709.723,6.826275e-03,3.625769e+01,2.267121e-04,1.866771e-04,2971259.594,1.250000e-04,11.08,13123.70
3266,5.384154e-03,3.745644e+01,1.054476e-04,1.168067e-04,2997194.039,4.550435e-03,3.748716e+01,5.628583e-05,4.777216e-05,2998401.750,1.250000e-04,10.32,13134.01
3267,5.373197e-03,3.733079e+01,1.146688e-04,9.868597e-05,2996996.316,5.673353e-03,3.704222e+01,1.186032e-04,1.566199e-04,2973701.742,1.250000e-04,10.60,13144.61
3268,5.243605e-03,3.743494e+01,1.045978e-04,9.082654e-05,2996821.459,5.210103e-03,3.684799e+01,1.055575e-04,9.394559e-05,2981293.414,1.250000e-04,10.66,13155.27
3269,5.335486e-03,3.734055e+01,1.029504e-04,1.143856e-04,2997360.689,5.082531e-03,3.743035e+01,8.051509e-05,1.068689e-04,3010027.039,1.250000e-04,10.28,13165.55
3270,5.559520e-03,3.736218e+01,1.287267e-04,1.072071e-04,2996649.291,4.931458e-03,3.792427e+01,8.469467e-05,5.841672e-05,3014109.602,1.250000e-04,10.53,13176.08
3271,5.228817e-03,3.740718e+01,1.051006e-04,8.741875e-05,2997063.236,4.640861e-03,3.789117e+01,6.308333e-05,4.418215e-05,3014936.188,1.250000e-04,10.35,13186.42
3272,5.266668e-03,3.723547e+01,9.982793e-05,1.089682e-04,2996366.354,5.168121e-03,3.780369e+01,9.836582e-05,8.081882e-05,3003685.047,1.250000e-04,10.05,13196.47
3273,5.477338e-03,3.749759e+01,1.199019e-04,1.057119e-04,2997742.430,5.757808e-03,3.747564e+01,1.225646e-04,1.569195e-04,2976338.953,1.250000e-04,10.37,13206.84
3274,5.351568e-03,3.742973e+01,1.143896e-04,9.293977e-05,2996507.041,4.955320e-03,3.790501e+01,8.737015e-05,5.822347e-05,3008003.883,1.250000e-04,10.54,13217.38
3275,5.194029e-03,3.731359e+01,1.065085e-04,7.951703e-05,2997084.357,4.938711e-03,3.790691e+01,7.944494e-05,7.071430e-05,3012919.125,1.250000e-04,10.27,13227.64
3276,5.286498e-03,3.730882e+01,1.116192e-04,8.788493e-05,2997177.305,6.004684e-03,3.844354e+01,1.072862e-04,2.174936e-04,3007585.750,1.250000e-04,10.37,13238.01
3277,5.266122e-03,3.726782e+01,1.055225e-04,9.682295e-05,2996602.436,4.915873e-03,3.730227e+01,8.920594e-05,5.871737e-05,2988216.219,1.250000e-04,10.41,13248.42
3278,5.711922e-03,3.758647e+01,1.315130e-04,1.276290e-04,2996947.207,5.135924e-03,3.804733e+01,9.523465e-05,7.576901e-05,3007191.805,1.250000e-04,10.40,13258.82
3279,5.133718e-03,3.738290e+01,9.759421e-05,8.389711e-05,2997279.775,4.786535e-03,3.758107e+01,7.708104e-05,5.152349e-05,2994511.266,1.250000e-04,10.54,13269.35
3280,5.275595e-03,3.741675e+01,1.084737e-04,8.983675e-05,2996656.566,4.974108e-03,3.812994e+01,7.518957e-05,8.184376e-05,3012759.734,1.250000e-04,10.39,13279.74
3281,5.662621e-03,3.748100e+01,1.361277e-04,1.106486e-04,2997254.316,5.443210e-03,3.746369e+01,9.069030e-05,1.579875e-04,2970885.000,1.250000e-04,10.26,13290.00
3282,5.654559e-03,3.768168e+01,1.213051e-04,1.346681e-04,2996541.795,5.644570e-03,3.811643e+01,1.499543e-04,6.667692e-05,3002604.805,1.250000e-04,10.22,13300.22
3283,5.511311e-03,3.749685e+01,1.143812e-04,1.235628e-04,2996617.822,6.791021e-03,3.932532e+01,1.720495e-04,2.275990e-04,3040572.633,1.250000e-04,10.48,13310.70
3284,5.465497e-03,3.745969e+01,1.211447e-04,1.016161e-04,2996753.908,5.011274e-03,3.729411e+01,1.005361e-04,5.530041e-05,2993997.492,1.250000e-04,10.61,13321.31
3285,5.561301e-03,3.763966e+01,1.161260e-04,1.272150e-04,2997356.287,5.192733e-03,3.721143e+01,1.175894e-04,5.913934e-05,2991570.297,1.250000e-04,10.41,13331.72
3286,5.399193e-03,3.743712e+01,1.188432e-04,9.340989e-05,2996334.264,5.681857e-03,3.815541e+01,1.374105e-04,9.844227e-05,3012025.258,1.250000e-04,10.29,13342.02
3287,5.437715e-03,3.764712e+01,1.244829e-04,8.563482e-05,2997215.625,5.880073e-03,3.839123e+01,1.626393e-04,8.291143e-05,3016789.773,1.250000e-04,10.45,13352.46
3288,5.559631e-03,3.764770e+01,1.236205e-04,1.117311e-04,2997702.117,7.919675e-03,3.657379e+01,2.151288e-04,4.222017e-04,2948339.055,1.250000e-04,10.43,13362.89
3289,5.474973e-03,3.751843e+01,1.211826e-04,1.022610e-04,2996315.576,4.856574e-03,3.738729e+01,9.765657e-05,2.825591e-05,3000121.031,1.250000e-04,10.63,13373.52
3290,5.486996e-03,3.749463e+01,1.219952e-04,1.035163e-04,2997156.984,5.041832e-03,3.742125e+01,8.947238e-05,8.099669e-05,2997735.805,1.250000e-04,10.39,13383.91
3291,5.127300e-03,3.743235e+01,9.736275e-05,8.208739e-05,2996697.984,5.588109e-03,3.805324e+01,1.380090e-04,8.053889e-05,3017251.578,1.250000e-04,10.39,13394.30
3292,5.282656e-03,3.740178e+01,1.052259e-04,9.804378e-05,2996893.121,5.593240e-03,3.731861e+01,1.621719e-04,4.793214e-05,2992929.141,1.250000e-04,10.69,13404.99
3293,5.321150e-03,3.741890e+01,1.153347e-04,8.518259e-05,2997001.117,5.639579e-03,3.727658e+01,1.379593e-04,1.064656e-04,2982348.945,1.250000e-04,10.61,13415.60
3294,5.350435e-03,3.741164e+01,1.100580e-04,1.017382e-04,2996732.322,6.136243e-03,3.818548e+01,1.645316e-04,1.344760e-04,3023195.773,1.250000e-04,10.69,13426.29
3295,5.410732e-03,3.757324e+01,1.124028e-04,1.058759e-04,2997316.428,4.630803e-03,3.789733e+01,6.832382e-05,3.156642e-05,3005913.109,1.250000e-04,10.58,13436.87
3296,5.332312e-03,3.756403e+01,1.104649e-04,9.425213e-05,2996961.826,4.849035e-03,3.731185e+01,8.876429e-05,4.604154e-05,2986905.414,1.250000e-04,10.52,13447.39
3297,5.274973e-03,3.728664e+01,1.072625e-04,9.473672e-05,2996687.059,4.769484e-03,3.783274e+01,8.357099e-05,3.010008e-05,3003774.961,1.250000e-04,10.62,13458.01
3298,5.095336e-03,3.724330e+01,9.538337e-05,8.343444e-05,2996607.289,5.578069e-03,3.804614e+01,1.126530e-04,1.293851e-04,3024094.328,1.250000e-04,10.72,13468.74
3299,5.355633e-03,3.730423e+01,1.152716e-04,9.449884e-05,2997617.934,5.049296e-03,3.683515e+01,8.224996e-05,1.086562e-04,2978291.680,1.250000e-04,10.57,13479.31
3300,5.589175e-03,3.753880e+01,1.180481e-04,1.309630e-04,2996731.334,4.978187e-03,3.761705e+01,8.114914e-05,8.099807e-05,2980506.500,1.250000e-04,10.72,13490.03
3301,5.609007e-03,3.766463e+01,1.306451e-04,1.072187e-04,2996617.875,8.766893e-03,3.929314e+01,2.723138e-04,4.228882e-04,3054120.992,1.250000e-04,10.63,13500.66
3302,5.593092e-03,3.735811e+01,1.276577e-04,1.161407e-04,2997377.170,5.227429e-03,3.720953e+01,1.255054e-04,5.028431e-05,2996028.969,1.250000e-04,10.62,13511.27
3303,5.705059e-03,3.737628e+01,1.444025e-04,1.046813e-04,2996906.395,6.114051e-03,3.720569e+01,1.984391e-04,8.181834e-05,2986786.906,1.250000e-04,10.67,13521.94
3304,5.624036e-03,3.771906e+01,1.301777e-04,1.100706e-04,2996677.252,4.783208e-03,3.778497e+01,8.695899e-05,2.702417e-05,3004032.797,1.250000e-04,10.62,13532.57
3305,5.597230e-03,3.762710e+01,1.284506e-04,1.100027e-04,2997056.242,5.976396e-03,3.822467e+01,1.590470e-04,1.126920e-04,3010774.289,1.250000e-04,10.87,13543.43
3306,5.499901e-03,3.764360e+01,1.273188e-04,9.247052e-05,2997316.355,6.681283e-03,3.728931e+01,2.042693e-04,1.819319e-04,2968504.945,1.250000e-04,10.67,13554.10
3307,5.388293e-03,3.750724e+01,1.148219e-04,9.786990e-05,2996807.551,4.881737e-03,3.728019e+01,8.383170e-05,6.308012e-05,2985934.867,1.250000e-04,10.65,13564.75
3308,5.316267e-03,3.744878e+01,1.073157e-04,9.964630e-05,2996834.145,5.178356e-03,3.822569e+01,8.571346e-05,9.973054e-05,2999398.328,1.250000e-04,10.54,13575.29
3309,5.250852e-03,3.756548e+01,1.037526e-04,9.135566e-05,2997551.607,5.154299e-03,3.691014e+01,1.098861e-04,7.288492e-05,2992474.359,1.250000e-04,10.55,13585.85
3310,5.426549e-03,3.730579e+01,1.129440e-04,1.133058e-04,2997304.186,7.600111e-03,3.563944e+01,1.639667e-04,4.793000e-04,2943965.758,1.250000e-04,10.47,13596.32
3311,5.355309e-03,3.728154e+01,1.105196e-04,1.043919e-04,2996443.070,5.464137e-03,3.746902e+01,1.438155e-04,5.581593e-05,2990126.797,1.250000e-04,10.45,13606.77
3312,5.559315e-03,3.735144e+01,1.301811e-04,1.044720e-04,2996795.742,4.953447e-03,3.712992e+01,9.137579e-05,6.533950e-05,2992367.453,1.250000e-04,10.46,13617.23
3313,5.491319e-03,3.764665e+01,1.157104e-04,1.139101e-04,2997275.896,6.171521e-03,3.743402e+01,1.975487e-04,9.052625e-05,2980227.938,1.250000e-04,10.52,13627.75
3314,5.344026e-03,3.737532e+01,1.129208e-04,9.545718e-05,2996979.871,5.101569e-03,3.749627e+01,1.093142e-04,5.176018e-05,2990451.312,1.250000e-04,10.31,13638.05
3315,5.304472e-03,3.749319e+01,1.065942e-04,9.784222e-05,2997054.555,5.469981e-03,3.825103e+01,1.035428e-04,1.218901e-04,3019393.266,1.250000e-04,10.39,13648.44
3316,5.388746e-03,3.741350e+01,1.162149e-04,9.704954e-05,2996927.775,6.828315e-03,3.739897e+01,2.318848e-04,1.539140e-04,3011756.414,1.250000e-04,10.41,13658.85
3317,5.669500e-03,3.743835e+01,1.267609e-04,1.316113e-04,2996162.531,5.141975e-03,3.780880e+01,9.990427e-05,7.241047e-05,3001846.164,1.250000e-04,10.22,13669.07
3318,5.332140e-03,3.748902e+01,1.103253e-04,9.599704e-05,2997261.006,5.923756e-03,3.795700e+01,1.654726e-04,9.466614e-05,2996807.172,1.250000e-04,10.39,13679.46
3319,5.532837e-03,3.771125e+01,1.225053e-04,1.073316e-04,2996753.146,5.063501e-03,3.784346e+01,1.043467e-04,4.713764e-05,3008788.312,1.250000e-04,10.15,13689.62
3320,5.732147e-03,3.759376e+01,1.327447e-04,1.290648e-04,2996867.229,5.144507e-03,3.786657e+01,1.146450e-04,4.227979e-05,2994526.297,1.250000e-04,10.32,13699.93
3321,5.374816e-03,3.744016e+01,1.196830e-04,8.679420e-05,2997077.514,5.623146e-03,3.760230e+01,9.310580e-05,1.863715e-04,3031649.641,1.250000e-04,10.19,13710.12
3322,5.319599e-03,3.731625e+01,1.099454e-04,9.770405e-05,2996821.305,6.896100e-03,3.893497e+01,1.837271e-04,2.330662e-04,3033938.023,1.250000e-04,10.32,13720.44
3323,5.449686e-03,3.762359e+01,1.151746e-04,1.071162e-04,2996724.385,6.008844e-03,3.875896e+01,1.150508e-04,1.964880e-04,3037018.672,1.250000e-04,10.13,13730.57
3324,5.230779e-03,3.739484e+01,1.043053e-04,8.964838e-05,2997530.496,5.920219e-03,3.841086e+01,1.615851e-04,9.265637e-05,3006148.914,1.250000e-04,10.18,13740.75
3325,5.398698e-03,3.731795e+01,1.100933e-04,1.131939e-04,2996666.162,4.851035e-03,3.728961e+01,9.078273e-05,4.284926e-05,2987616.227,1.250000e-04,10.12,13750.87
3326,5.208812e-03,3.718544e+01,1.066726e-04,8.470846e-05,2996595.617,5.009749e-03,3.792795e+01,8.654207e-05,7.030680e-05,3019841.422,1.250000e-04,10.20,13761.07
3327,5.471717e-03,3.730493e+01,1.219475e-04,1.043497e-04,2996958.045,5.603697e-03,3.754152e+01,1.571374e-04,5.563416e-05,3003011.227,1.250000e-04,10.12,13771.19
3328,5.356783e-03,3.732832e+01,1.142044e-04,9.638136e-05,2997215.361,4.753735e-03,3.696845e+01,8.775763e-05,3.586288e-05,2999521.164,1.250000e-04,10.36,13781.55
3329,5.270368e-03,3.730116e+01,1.070748e-04,9.390100e-05,2997088.850,4.542369e-03,3.724586e+01,5.317128e-05,5.721419e-05,3002798.070,1.250000e-04,10.15,13791.71
3330,5.358572e-03,3.722034e+01,1.180723e-04,9.116297e-05,2996515.691,5.415557e-03,3.816933e+01,1.219581e-04,7.580861e-05,3015074.977,1.250000e-04,10.34,13802.05
3331,5.210890e-03,3.728773e+01,1.042130e-04,8.799739e-05,2997129.668,4.977270e-03,3.702580e+01,8.778910e-05,7.935997e-05,2999186.953,1.250000e-04,10.38,13812.43
3332,5.172404e-03,3.714739e+01,1.017953e-04,8.794236e-05,2996743.875,4.926661e-03,3.719976e+01,8.461431e-05,7.210848e-05,3006904.203,1.250000e-04,10.43,13822.86
3333,5.339105e-03,3.731128e+01,1.056760e-04,1.102434e-04,2996962.830,6.236801e-03,3.779453e+01,2.007240e-04,9.002154e-05,3013523.055,1.250000e-04,10.41,13833.27
3334,5.485924e-03,3.724641e+01,1.212675e-04,1.097217e-04,2997268.332,7.239892e-03,3.652284e+01,1.924014e-04,3.327188e-04,2955582.859,1.250000e-04,10.48,13843.75
3335,5.040495e-03,3.713740e+01,9.626232e-05,7.282648e-05,2997023.617,5.611573e-03,3.750414e+01,1.415897e-04,8.905244e-05,2999688.602,1.250000e-04,10.48,13854.24
3336,5.294517e-03,3.714050e+01,1.033463e-04,1.094009e-04,2996507.520,7.582580e-03,3.888007e+01,1.341528e-04,4.706091e-04,3057571.766,1.250000e-04,10.20,13864.44
3337,5.383804e-03,3.729331e+01,1.168333e-04,9.722810e-05,2997478.371,5.054889e-03,3.751783e+01,8.935581e-05,8.190953e-05,2987417.086,1.250000e-04,10.41,13874.85
3338,5.190373e-03,3.732986e+01,9.974551e-05,9.198625e-05,2996555.500,4.665701e-03,3.719230e+01,6.863240e-05,5.202956e-05,3007795.922,1.250000e-04,10.47,13885.32
3339,5.110764e-03,3.722510e+01,9.539463e-05,8.686152e-05,2997017.311,5.497905e-03,3.664022e+01,1.211290e-04,1.245185e-04,2978565.438,1.250000e-04,9.90,13895.22
3340,6.115775e-03,3.753749e+01,1.476680e-04,1.770692e-04,2996186.354,7.551984e-03,3.789514e+01,2.916595e-04,1.691750e-04,2977292.906,1.250000e-04,10.11,13905.33
3341,5.375794e-03,3.746709e+01,1.238900e-04,7.803705e-05,2997200.039,4.549315e-03,3.697464e+01,6.139824e-05,4.757392e-05,2988922.406,1.250000e-04,10.41,13915.74
3342,5.521042e-03,3.744083e+01,1.149440e-04,1.255038e-04,2997387.836,5.760921e-03,3.684116e+01,1.441011e-04,1.271589e-04,2977146.789,1.250000e-04,10.24,13925.99
3343,5.277329e-03,3.728229e+01,1.144231e-04,8.097373e-05,2996224.963,5.045958e-03,3.733220e+01,7.521524e-05,1.121171e-04,2993597.375,1.250000e-04,10.35,13936.33
3344,4.981198e-03,3.721751e+01,8.620026e-05,7.948894e-05,2997345.160,4.933854e-03,3.718494e+01,9.027700e-05,6.251792e-05,2986584.203,1.250000e-04,10.21,13946.54
3345,5.545669e-03,3.740956e+01,1.186090e-04,1.237247e-04,2997300.980,6.276474e-03,3.655248e+01,1.911841e-04,1.418770e-04,2972724.156,1.250000e-04,10.25,13956.79
3346,5.309906e-03,3.728996e+01,1.079600e-04,1.002620e-04,2996929.186,4.998131e-03,3.762439e+01,1.072324e-04,3.267363e-05,2998143.742,1.250000e-04,10.48,13967.27
3347,5.379348e-03,3.727664e+01,1.141522e-04,1.020325e-04,2996451.199,5.705018e-03,3.851243e+01,1.037137e-04,1.633276e-04,3033702.820,1.250000e-04,10.33,13977.60
3348,5.581278e-03,3.742257e+01,1.297928e-04,1.082185e-04,2997307.133,5.466096e-03,3.734065e+01,8.752474e-05,1.713568e-04,2993544.344,1.250000e-04,10.59,13988.19
3349,5.275759e-03,3.717468e+01,1.061952e-04,9.926796e-05,2996725.826,5.935790e-03,3.736382e+01,1.797803e-04,8.032108e-05,3002272.859,1.250000e-04,10.33,13998.52
3350,5.465798e-03,3.721693e+01,1.226677e-04,1.034856e-04,2997028.965,5.927021e-03,3.670689e+01,1.544456e-04,1.423753e-04,2973462.852,1.250000e-04,10.41,14008.93
3351,5.345838e-03,3.718630e+01,1.097211e-04,1.059995e-04,2996964.719,4.946741e-03,3.792587e+01,8.759839e-05,5.563409e-05,3009391.969,1.250000e-04,9.88,14018.81
3352,5.653073e-03,3.745493e+01,1.270428e-04,1.274303e-04,2996622.076,6.199668e-03,3.628556e+01,1.664040e-04,1.814144e-04,2968294.656,1.250000e-04,10.20,14029.01
3353,5.554404e-03,3.736932e+01,1.265733e-04,1.103477e-04,2997353.621,6.828710e-03,3.728819e+01,2.338283e-04,1.523217e-04,2978249.062,1.250000e-04,10.04,14039.06
3354,5.380907e-03,3.724379e+01,1.106263e-04,1.100530e-04,2996164.941,6.849125e-03,3.594461e+01,1.915906e-04,2.677517e-04,2966764.820,1.250000e-04,10.31,14049.36
3355,5.833553e-03,3.736895e+01,1.398180e-04,1.396956e-04,2997349.760,4.784045e-03,3.747391e+01,8.645636e-05,3.441790e-05,2991338.391,1.250000e-04,10.62,14059.98
3356,5.084188e-03,3.734845e+01,9.735129e-05,7.516606e-05,2996628.848,5.331598e-03,3.734187e+01,1.355994e-04,4.828341e-05,3001983.094,1.250000e-04,10.34,14070.32
3357,5.479997e-03,3.743226e+01,1.185892e-04,1.101757e-04,2997098.248,4.911293e-03,3.726188e+01,9.604097e-05,4.493903e-05,2996004.625,1.250000e-04,10.37,14080.69
3358,5.704631e-03,3.721253e+01,1.357924e-04,1.250908e-04,2996740.295,5.657858e-03,3.783975e+01,1.477318e-04,7.931305e-05,2991608.914,1.250000e-04,10.60,14091.29
3359,5.454369e-03,3.744803e+01,1.170454e-04,1.078224e-04,2996978.896,5.164933e-03,3.718194e+01,9.951655e-05,9.031476e-05,2985324.969,1.250000e-04,10.35,14101.65
3360,5.047181e-03,3.728207e+01,9.208417e-05,7.962639e-05,2997112.338,7.893886e-03,3.688158e+01,2.168622e-04,4.074212e-04,2958171.953,1.250000e-04,10.53,14112.17
3361,5.501456e-03,3.735239e+01,1.184904e-04,1.162627e-04,2996042.537,4.553725e-03,3.762759e+01,5.572205e-05,4.674915e-05,2996700.727,1.250000e-04,10.36,14122.54
3362,5.373227e-03,3.747664e+01,1.176011e-04,8.991029e-05,2996937.311,6.914396e-03,3.731881e+01,2.810030e-04,7.449693e-05,2986606.305,1.250000e-04,10.25,14132.78
3363,5.548226e-03,3.735220e+01,1.261578e-04,1.102856e-04,2997495.885,6.688479e-03,3.615028e+01,1.501060e-04,3.144783e-04,2958804.203,1.250000e-04,10.16,14142.94
3364,5.411909e-03,3.732230e+01,1.189861e-04,9.796367e-05,2996691.377,5.437589e-03,3.703690e+01,1.518456e-04,4.308872e-05,2993299.844,1.250000e-04,10.28,14153.22
3365,5.390394e-03,3.726751e+01,1.110712e-04,1.105863e-04,2996632.979,5.182681e-03,3.773799e+01,7.842153e-05,1.249333e-04,3024669.469,1.250000e-04,10.08,14163.30
3366,5.568786e-03,3.730727e+01,1.226143e-04,1.223833e-04,2997348.498,5.446284e-03,3.742334e+01,1.406318e-04,5.952643e-05,3007212.883,1.250000e-04,9.73,14173.03
3367,5.537722e-03,3.743726e+01,1.252408e-04,1.083176e-04,2997043.670,5.187271e-03,3.677060e+01,9.017067e-05,1.217008e-04,2974809.555,1.250000e-04,10.37,14183.40
3368,5.283091e-03,3.722906e+01,1.088354e-04,9.436632e-05,2996803.307,5.102986e-03,3.751711e+01,1.212147e-04,2.782572e-05,2997970.359,1.250000e-04,10.28,14193.68
3369,5.132257e-03,3.717191e+01,1.023502e-04,7.831271e-05,2996930.004,5.373647e-03,3.828368e+01,9.452752e-05,1.200008e-04,3002984.430,1.250000e-04,10.40,14204.08
3370,5.501620e-03,3.728841e+01,1.230524e-04,1.084510e-04,2996860.311,5.165869e-03,3.801211e+01,7.837651e-05,1.161785e-04,3017529.688,1.250000e-04,10.32,14214.40
3371,5.369221e-03,3.745333e+01,1.091128e-04,1.065521e-04,2997085.287,4.947608e-03,3.690541e+01,9.544483e-05,6.052365e-05,2997296.406,1.250000e-04,10.42,14224.82
3372,5.351059e-03,3.725311e+01,1.099325e-04,1.052846e-04,2996906.891,5.002085e-03,3.777230e+01,9.306320e-05,5.884452e-05,2992088.422,1.250000e-04,10.49,14235.31
3373,5.222920e-03,3.725990e+01,1.045749e-04,9.023612e-05,2996938.646,4.911654e-03,3.721349e+01,8.958240e-05,5.889623e-05,3008016.570,1.250000e-04,10.27,14245.58
3374,5.441636e-03,3.711953e+01,1.215915e-04,1.027537e-04,2996330.416,5.772856e-03,3.666871e+01,1.271200e-04,1.669570e-04,2971093.641,1.250000e-04,10.36,14255.95
3375,5.440234e-03,3.726157e+01,1.224515e-04,9.791251e-05,2997278.717,4.685609e-03,3.731906e+01,6.279961e-05,6.514156e-05,2998979.312,1.250000e-04,10.54,14266.48
3376,5.411751e-03,3.733887e+01,1.161849e-04,1.032030e-04,2996806.121,4.972802e-03,3.724290e+01,8.803554e-05,7.363126e-05,2988081.258,1.250000e-04,10.34,14276.82
3377,5.197123e-03,3.726240e+01,1.039211e-04,8.633454e-05,2997087.320,5.398282e-03,3.789440e+01,1.069078e-04,1.079527e-04,3019824.297,1.250000e-04,10.28,14287.10
3378,5.824958e-03,3.737320e+01,1.449930e-04,1.275417e-04,2997691.652,5.610786e-03,3.732089e+01,1.188663e-04,1.380069e-04,2981718.859,1.250000e-04,10.21,14297.31
3379,5.694713e-03,3.741385e+01,1.321338e-04,1.263981e-04,2996187.191,5.389238e-03,3.763090e+01,9.824211e-05,1.287453e-04,2990191.508,1.250000e-04,10.27,14307.58
3380,5.340950e-03,3.710419e+01,1.139436e-04,9.821903e-05,2996855.812,6.287209e-03,3.827682e+01,1.346021e-04,2.227011e-04,3037500.016,1.250000e-04,10.64,14318.22
3381,5.505592e-03,3.743528e+01,1.145741e-04,1.232646e-04,2997523.115,6.247716e-03,3.681555e+01,1.903724e-04,1.324874e-04,2977287.969,1.250000e-04,10.70,14328.92
3382,5.397089e-03,3.737021e+01,1.200877e-04,9.183831e-05,2996467.088,4.909208e-03,3.714400e+01,9.044544e-05,5.807071e-05,2996896.680,1.250000e-04,10.58,14339.50
3383,5.420203e-03,3.738358e+01,1.153431e-04,1.056827e-04,2996824.553,5.381848e-03,3.809670e+01,1.171483e-04,8.013911e-05,3012964.375,1.250000e-04,10.34,14349.84
3384,5.604509e-03,3.737783e+01,1.274987e-04,1.183477e-04,2997166.939,5.096526e-03,3.690514e+01,1.006915e-04,7.981938e-05,2981917.039,1.250000e-04,10.39,14360.23
3385,5.426202e-03,3.727915e+01,1.171272e-04,1.054030e-04,2996419.703,5.200403e-03,3.781306e+01,8.644511e-05,1.109294e-04,3008716.156,1.250000e-04,10.58,14370.81
3386,5.362321e-03,3.718020e+01,1.120175e-04,1.048252e-04,2997137.686,4.772842e-03,3.786027e+01,6.271792e-05,7.192719e-05,3008658.555,1.250000e-04,10.60,14381.41
3387,5.394333e-03,3.738514e+01,1.164266e-04,9.831063e-05,2996903.383,5.524842e-03,3.650443e+01,8.866176e-05,1.975564e-04,2968917.133,1.250000e-04,10.49,14391.89
3388,5.523454e-03,3.736193e+01,1.278688e-04,1.017145e-04,2996602.275,5.038847e-03,3.822642e+01,9.696190e-05,4.931725e-05,3002755.586,1.250000e-04,10.40,14402.29
3389,5.254765e-03,3.730617e+01,1.065542e-04,9.172130e-05,2996939.439,5.582132e-03,3.815559e+01,7.808579e-05,1.971430e-04,3028660.891,1.250000e-04,10.24,14412.53
3390,5.268225e-03,3.723554e+01,1.101905e-04,8.855316e-05,2997230.033,5.196632e-03,3.725920e+01,1.115788e-04,7.098459e-05,2997570.898,1.250000e-04,10.18,14422.72
3391,5.463775e-03,3.701414e+01,1.202388e-04,1.119948e-04,2997115.076,4.721622e-03,3.741191e+01,7.570929e-05,4.466760e-05,3008566.117,1.250000e-04,10.35,14433.07
3392,5.249822e-03,3.712867e+01,1.070404e-04,9.331023e-05,2997149.361,4.846293e-03,3.684535e+01,9.224194e-05,4.786784e-05,2991999.188,1.250000e-04,10.66,14443.73
3393,5.436412e-03,3.722900e+01,1.139884e-04,1.147256e-04,2996567.531,5.671694e-03,3.651622e+01,1.453001e-04,1.134141e-04,2972915.844,1.250000e-04,10.48,14454.21
3394,5.429311e-03,3.738175e+01,1.198305e-04,9.856620e-05,2996766.785,6.161169e-03,3.866356e+01,1.151794e-04,2.286038e-04,3035109.500,1.250000e-04,9.93,14464.14
3395,5.390389e-03,3.725448e+01,1.155015e-04,1.019853e-04,2997139.834,5.957918e-03,3.821640e+01,1.836739e-04,5.990777e-05,3010683.961,1.250000e-04,10.14,14474.28
3396,5.151032e-03,3.729379e+01,9.694568e-05,9.043919e-05,2997029.658,5.089523e-03,3.731185e+01,1.077950e-04,5.607769e-05,2992060.117,1.250000e-04,10.48,14484.76
3397,5.547055e-03,3.726361e+01,1.300336e-04,1.040718e-04,2997181.545,5.183515e-03,3.659605e+01,9.930806e-05,1.061659e-04,2980806.734,1.250000e-04,10.45,14495.21
3398,5.439392e-03,3.729928e+01,1.153301e-04,1.112325e-04,2997072.053,5.175758e-03,3.689217e+01,1.107188e-04,7.587047e-05,2991362.211,1.250000e-04,10.17,14505.38
3399,5.199178e-03,3.717931e+01,1.080582e-04,8.013292e-05,2996538.113,7.120015e-03,3.803899e+01,2.086140e-04,2.459952e-04,3029891.438,1.250000e-04,9.93,14515.30
3400,5.367619e-03,3.740598e+01,1.097533e-04,1.058976e-04,2997501.316,5.260049e-03,3.774877e+01,9.317836e-05,1.106779e-04,2992956.195,1.250000e-04,10.14,14525.45
3401,5.320956e-03,3.733749e+01,1.097273e-04,9.798675e-05,2996279.475,4.696194e-03,3.751137e+01,6.947337e-05,5.006460e-05,3014549.219,1.250000e-04,10.75,14536.19
3402,5.547564e-03,3.735048e+01,1.306707e-04,1.011619e-04,2997311.740,5.507902e-03,3.758585e+01,1.235096e-04,1.028444e-04,2991215.750,1.250000e-04,10.84,14547.04
3403,5.305466e-03,3.715600e+01,1.075948e-04,1.027837e-04,2997017.320,4.908951e-03,3.691913e+01,8.534957e-05,7.270851e-05,2983358.516,1.250000e-04,10.76,14557.80
3404,5.577841e-03,3.728037e+01,1.225588e-04,1.248432e-04,2996330.215,4.718124e-03,3.775169e+01,7.138765e-05,4.581578e-05,3008743.914,1.250000e-04,10.60,14568.40
3405,5.289695e-03,3.731206e+01,1.054449e-04,1.008081e-04,2997225.256,4.747796e-03,3.691320e+01,8.251288e-05,4.626929e-05,2992020.898,1.250000e-04,10.60,14579.00
3406,5.444201e-03,3.728674e+01,1.129323e-04,1.172409e-04,2996447.289,5.331872e-03,3.819280e+01,7.481959e-05,1.528794e-04,3029076.250,1.250000e-04,10.61,14589.61
3407,5.165589e-03,3.730064e+01,9.505782e-05,9.698955e-05,2997272.707,4.608447e-03,3.760333e+01,6.814150e-05,3.333979e-05,3001502.297,1.250000e-04,10.25,14599.87
3408,5.436876e-03,3.738681e+01,1.212434e-04,9.715222e-05,2996905.463,5.083108e-03,3.755779e+01,7.601031e-05,1.134453e-04,3022354.977,1.250000e-04,9.88,14609.75
3409,5.326969e-03,3.720075e+01,1.127309e-04,9.591703e-05,2997458.199,5.775662e-03,3.651993e+01,1.291262e-04,1.664814e-04,2969669.727,1.250000e-04,9.97,14619.72
3410,5.350790e-03,3.726984e+01,1.153400e-04,9.408113e-05,2996640.619,7.795539e-03,3.949632e+01,2.239008e-04,3.213798e-04,3035021.414,1.250000e-04,10.04,14629.76
3411,5.673095e-03,3.738784e+01,1.269059e-04,1.330503e-04,2996129.875,5.866767e-03,3.875349e+01,1.211337e-04,1.560164e-04,3028529.852,1.250000e-04,10.19,14639.96
3412,5.600383e-03,3.740043e+01,1.299267e-04,1.122145e-04,2997301.484,5.155731e-03,3.750359e+01,1.187526e-04,4.356926e-05,3006763.414,1.250000e-04,10.25,14650.21
3413,5.128449e-03,3.729756e+01,9.700817e-05,8.572210e-05,2997249.621,4.611503e-03,3.763332e+01,6.415339e-05,4.132749e-05,3006389.383,1.250000e-04,10.69,14660.90
3414,5.417684e-03,3.719249e+01,1.183325e-04,1.030221e-04,2996809.967,8.413900e-03,3.926154e+01,2.353868e-04,4.267756e-04,3056479.875,1.250000e-04,10.58,14671.48
3415,5.494801e-03,3.738953e+01,1.250119e-04,1.011458e-04,2997194.996,4.790082e-03,3.730165e+01,8.641024e-05,3.916285e-05,3008644.359,1.250000e-04,10.67,14682.15
3416,5.191300e-03,3.721904e+01,9.761635e-05,9.864651e-05,2996929.693,5.384749e-03,3.709684e+01,1.253224e-04,8.436811e-05,2993183.750,1.250000e-04,10.57,14692.72
3417,5.147483e-03,3.717378e+01,1.012632e-04,8.349460e-05,2996780.490,4.754147e-03,3.702590e+01,7.802842e-05,5.425471e-05,2988442.555,1.250000e-04,10.71,14703.43
3418,5.369324e-03,3.729058e+01,1.131087e-04,1.018358e-04,2997146.719,5.007685e-03,3.792767e+01,8.950505e-05,6.397347e-05,3014189.492,1.250000e-04,10.68,14714.12
3419,5.798399e-03,3.753600e+01,1.468183e-04,1.153229e-04,2995938.740,6.325503e-03,3.919181e+01,1.410573e-04,1.991498e-04,3033951.477,1.250000e-04,10.92,14725.04
3420,5.394512e-03,3.732156e+01,1.147226e-04,1.030262e-04,2997290.498,5.193856e-03,3.783776e+01,1.185722e-04,4.487160e-05,3003229.211,1.250000e-04,10.54,14735.58
3421,5.168204e-03,3.721894e+01,1.012279e-04,8.680633e-05,2997006.834,4.706739e-03,3.729406e+01,8.707927e-05,2.130791e-05,3002781.766,1.250000e-04,10.80,14746.38
3422,5.175987e-03,3.718078e+01,1.021610e-04,8.726001e-05,2997282.803,4.856879e-03,3.726662e+01,6.592763e-05,9.418797e-05,2981412.125,1.250000e-04,10.83,14757.22
3423,5.136133e-03,3.711528e+01,1.064564e-04,7.200822e-05,2996658.842,5.710733e-03,3.628099e+01,1.505825e-04,1.153620e-04,2979228.531,1.250000e-04,10.35,14767.57
3424,5.381000e-03,3.718525e+01,1.105326e-04,1.114298e-04,2996959.328,5.096306e-03,3.682440e+01,9.448971e-05,9.379378e-05,2979412.531,1.250000e-04,10.84,14778.41
3425,5.356099e-03,3.723195e+01,1.118540e-04,1.028729e-04,2997126.971,5.253099e-03,3.799924e+01,9.601555e-05,9.860394e-05,3022266.000,1.250000e-04,11.29,14789.70
3426,5.328321e-03,3.711664e+01,1.072664e-04,1.087987e-04,2996462.354,6.411304e-03,3.754297e+01,1.633666e-04,2.046682e-04,2989092.320,1.250000e-04,10.92,14800.62
3427,5.421414e-03,3.712719e+01,1.199332e-04,1.018725e-04,2996875.236,4.573912e-03,3.716929e+01,6.579321e-05,3.981016e-05,2992374.117,1.250000e-04,11.00,14811.63
3428,5.467835e-03,3.733225e+01,1.231801e-04,1.005619e-04,2996999.145,4.867951e-03,3.736912e+01,7.035634e-05,8.549514e-05,3008710.641,1.250000e-04,11.07,14822.70
3429,5.223925e-03,3.709421e+01,1.046974e-04,9.350602e-05,2997112.305,4.877265e-03,3.747893e+01,7.612052e-05,7.363328e-05,2984545.539,1.250000e-04,10.95,14833.64
3430,5.309467e-03,3.724819e+01,1.089551e-04,9.901940e-05,2996757.164,5.237915e-03,3.737847e+01,1.212889e-04,5.743588e-05,3008792.789,1.250000e-04,10.84,14844.48
3431,5.596233e-03,3.731265e+01,1.255492e-04,1.218954e-04,2996736.104,5.507844e-03,3.730954e+01,1.435119e-04,6.835430e-05,2988223.477,1.250000e-04,10.56,14855.04
3432,5.349808e-03,3.723581e+01,1.102746e-04,1.046962e-04,2997149.242,5.360697e-03,3.743871e+01,1.396100e-04,4.414522e-05,2993254.844,1.250000e-04,10.50,14865.54
3433,5.224596e-03,3.729258e+01,1.060768e-04,8.691400e-05,2996727.904,5.271554e-03,3.810772e+01,8.569917e-05,1.207580e-04,3025812.922,1.250000e-04,10.35,14875.89
3434,5.209288e-03,3.732647e+01,9.826316e-05,9.880201e-05,2997160.637,5.490742e-03,3.748063e+01,1.071351e-04,1.342657e-04,2991274.336,1.250000e-04,10.68,14886.57
3435,5.475504e-03,3.731984e+01,1.258885e-04,9.692724e-05,2996660.945,6.389599e-03,3.838720e+01,1.390005e-04,2.321748e-04,3039474.828,1.250000e-04,10.73,14897.30
3436,5.283857e-03,3.720316e+01,1.063548e-04,9.999840e-05,2997315.945,4.640238e-03,3.740457e+01,6.606259e-05,4.783105e-05,3008439.992,1.250000e-04,10.49,14907.80
3437,5.221597e-03,3.720102e+01,1.029532e-04,9.439251e-05,2996863.738,5.351696e-03,3.730762e+01,1.360806e-04,5.202562e-05,2998961.062,1.250000e-04,10.63,14918.43
3438,5.440454e-03,3.722799e+01,1.181812e-04,1.071685e-04,2997207.391,4.922663e-03,3.641427e+01,8.446531e-05,8.731657e-05,2982117.781,1.250000e-04,10.78,14929.21
3439,5.306690e-03,3.724701e+01,1.127410e-04,9.091582e-05,2997602.961,5.121901e-03,3.699087e+01,1.096108e-04,6.534123e-05,2983085.336,1.250000e-04,10.06,14939.27
3440,5.580897e-03,3.732804e+01,1.296424e-04,1.103339e-04,2996425.930,4.550135e-03,3.735910e+01,7.054210e-05,2.176088e-05,3004217.805,1.250000e-04,10.58,14949.85
3441,5.666408e-03,3.738873e+01,1.282436e-04,1.290197e-04,2996589.309,5.117948e-03,3.735805e+01,1.058548e-04,6.471894e-05,3009651.672,1.250000e-04,10.47,14960.32
3442,5.402916e-03,3.736160e+01,1.196941e-04,9.396298e-05,2997192.555,4.834570e-03,3.716308e+01,7.624382e-05,7.116484e-05,2989986.703,1.250000e-04,10.24,14970.56
3443,5.361331e-03,3.728479e+01,1.115350e-04,1.035003e-04,2996700.197,4.864401e-03,3.754543e+01,7.786309e-05,6.624541e-05,3010855.367,1.250000e-04,10.54,14981.10
3444,5.167297e-03,3.728164e+01,1.030690e-04,8.168855e-05,2997120.248,4.796189e-03,3.712146e+01,8.185771e-05,5.309317e-05,2989640.555,1.250000e-04,10.56,14991.66
3445,5.240633e-03,3.711577e+01,1.069517e-04,9.190777e-05,2996936.182,5.590272e-03,3.791779e+01,1.529519e-04,5.379483e-05,3006541.258,1.250000e-04,10.67,15002.33
3446,5.494149e-03,3.735328e+01,1.198967e-04,1.119708e-04,2997226.863,4.761321e-03,3.716742e+01,9.037105e-05,2.817374e-05,2994286.227,1.250000e-04,10.77,15013.10
3447,5.576777e-03,3.737723e+01,1.230788e-04,1.216532e-04,2996693.684,5.443206e-03,3.759195e+01,1.196857e-04,9.743084e-05,2984227.766,1.250000e-04,10.57,15023.67
3448,5.441928e-03,3.719889e+01,1.165862e-04,1.112354e-04,2996590.250,5.322537e-03,3.757950e+01,1.229900e-04,6.693730e-05,3007226.859,1.250000e-04,11.05,15034.73
3449,5.251797e-03,3.720035e+01,1.078677e-04,9.061697e-05,2997047.277,7.512820e-03,3.841849e+01,1.531576e-04,4.278790e-04,3056263.016,1.250000e-04,10.76,15045.48
3450,5.649335e-03,3.728966e+01,1.356207e-04,1.128326e-04,2996870.324,5.562615e-03,3.855019e+01,1.040668e-04,1.333856e-04,3027819.758,1.250000e-04,10.99,15056.48
3451,5.515595e-03,3.729462e+01,1.217073e-04,1.138119e-04,2996863.885,4.647184e-03,3.761617e+01,7.267171e-05,3.177006e-05,3010029.898,1.250000e-04,10.83,15067.30
3452,5.150515e-03,3.725079e+01,1.053127e-04,7.446170e-05,2997404.668,4.990378e-03,3.751499e+01,8.704781e-05,7.368011e-05,3010330.156,1.250000e-04,11.15,15078.46
3453,5.304514e-03,3.721141e+01,1.065822e-04,1.035100e-04,2996969.043,4.994694e-03,3.683030e+01,8.579627e-05,9.074034e-05,2992803.547,1.250000e-04,11.05,15089.51
3454,5.818410e-03,3.736961e+01,1.414140e-04,1.334619e-04,2996532.037,5.519073e-03,3.693122e+01,1.548124e-04,5.556550e-05,2984036.922,1.250000e-04,10.94,15100.45
3455,5.505209e-03,3.723679e+01,1.259901e-04,1.043259e-04,2996732.604,5.306112e-03,3.807807e+01,1.140093e-04,7.164222e-05,3021822.953,1.250000e-04,11.13,15111.58
3456,5.430587e-03,3.726293e+01,1.155865e-04,1.096859e-04,2996738.418,4.614573e-03,3.739551e+01,6.856437e-05,3.787578e-05,3000611.508,1.250000e-04,10.82,15122.40
3457,5.304025e-03,3.729042e+01,1.059974e-04,1.030018e-04,2997669.131,5.768951e-03,3.721842e+01,1.351047e-04,1.392124e-04,2977224.523,1.250000e-04,10.81,15133.20
3458,5.105855e-03,3.724077e+01,9.608018e-05,8.419516e-05,2996700.377,5.870699e-03,3.609063e+01,1.303786e-04,1.915700e-04,2964057.531,1.250000e-04,10.53,15143.73
3459,5.275857e-03,3.711614e+01,1.136187e-04,8.561115e-05,2997222.768,4.925626e-03,3.663957e+01,9.732082e-05,5.769205e-05,2987874.859,1.250000e-04,10.37,15154.10
3460,5.382120e-03,3.706749e+01,1.124315e-04,1.102112e-04,2997062.475,5.385374e-03,3.836969e+01,1.026080e-04,1.044650e-04,2997687.203,1.250000e-04,10.68,15164.79
3461,5.470202e-03,3.732743e+01,1.201200e-04,1.072520e-04,2996915.135,5.110844e-03,3.742994e+01,6.491074e-05,1.437485e-04,2980477.469,1.250000e-04,10.76,15175.55
3462,5.447362e-03,3.730142e+01,1.178933e-04,1.076573e-04,2996828.178,5.929158e-03,3.822716e+01,1.414270e-04,1.384344e-04,3025309.992,1.250000e-04,10.33,15185.87
3463,5.429738e-03,3.720332e+01,1.215231e-04,9.883498e-05,2997035.787,4.742438e-03,3.727784e+01,7.642393e-05,5.008310e-05,3010008.164,1.250000e-04,10.34,15196.21
3464,5.246097e-03,3.715303e+01,1.061022e-04,9.395427e-05,2997241.967,6.075428e-03,3.802723e+01,1.730269e-04,1.084872e-04,3025500.242,1.250000e-04,10.45,15206.66
3465,5.472287e-03,3.733312e+01,1.219508e-04,1.038936e-04,2997067.545,4.799601e-03,3.707301e+01,7.287251e-05,7.271493e-05,2983081.492,1.250000e-04,10.42,15217.08
3466,5.556121e-03,3.722728e+01,1.276788e-04,1.113207e-04,2997064.475,5.119958e-03,3.753273e+01,1.026787e-04,6.797958e-05,2989111.836,1.250000e-04,10.24,15227.32
3467,5.333792e-03,3.738960e+01,1.077504e-04,1.034657e-04,2996696.326,4.788181e-03,3.807026e+01,6.646691e-05,6.329728e-05,3017553.961,1.250000e-04,10.25,15237.57
3468,5.938981e-03,3.729647e+01,1.450754e-04,1.517158e-04,2996824.398,5.616797e-03,3.743436e+01,1.493588e-04,7.595463e-05,2990768.336,1.250000e-04,10.85,15248.41
3469,5.689080e-03,3.748290e+01,1.316844e-04,1.247893e-04,2996585.764,5.262168e-03,3.812047e+01,1.065682e-04,7.688779e-05,3012604.539,1.250000e-04,10.37,15258.79
3470,5.546593e-03,3.746678e+01,1.292751e-04,1.014329e-04,2997104.328,4.698322e-03,3.753477e+01,6.819516e-05,5.257868e-05,3004952.383,1.250000e-04,10.29,15269.08
3471,5.058240e-03,3.727869e+01,9.177347e-05,8.252722e-05,2997148.947,4.456450e-03,3.717053e+01,5.841792e-05,3.104358e-05,3006251.336,1.250000e-04,10.54,15279.62
3472,5.473682e-03,3.735280e+01,1.265433e-04,9.459387e-05,2996471.377,5.414834e-03,3.777838e+01,1.126792e-04,1.020407e-04,3018606.305,1.250000e-04,10.37,15289.99
3473,5.548515e-03,3.730374e+01,1.252969e-04,1.130345e-04,2997179.455,5.765577e-03,3.805057e+01,1.493014e-04,9.350120e-05,3014435.703,1.250000e-04,10.37,15300.36
3474,5.572524e-03,3.742149e+01,1.227347e-04,1.206055e-04,2996339.174,5.099527e-03,3.825668e+01,9.463019e-05,6.551150e-05,3011120.078,1.250000e-04,10.56,15310.92
3475,5.241450e-03,3.734143e+01,1.064809e-04,8.849951e-05,2997282.348,5.638848e-03,3.852672e+01,1.134146e-04,1.304059e-04,3026678.273,1.250000e-04,10.89,15321.81
3476,5.356031e-03,3.718928e+01,1.101885e-04,1.070436e-04,2996850.666,5.140936e-03,3.732476e+01,1.051685e-04,7.135478e-05,3004915.766,1.250000e-04,10.44,15332.25
3477,5.400921e-03,3.721607e+01,1.163761e-04,1.031107e-04,2996531.303,7.308184e-03,3.890857e+01,1.901613e-04,3.031429e-04,3046684.383,1.250000e-04,10.81,15343.07
3478,5.246940e-03,3.718337e+01,1.092166e-04,8.728739e-05,2997496.844,5.621327e-03,3.706260e+01,1.241670e-04,1.346795e-04,2975297.555,1.250000e-04,10.60,15353.66
3479,5.481355e-03,3.738429e+01,1.223625e-04,1.038602e-04,2996884.004,4.450156e-03,3.716217e+01,5.747605e-05,3.183561e-05,3001488.703,1.250000e-04,10.75,15364.42
3480,5.586310e-03,3.727713e+01,1.280096e-04,1.157003e-04,2996917.199,6.809950e-03,3.878827e+01,2.254619e-04,1.353007e-04,3025014.930,1.250000e-04,10.87,15375.29
3481,5.332124e-03,3.724782e+01,1.098466e-04,1.017753e-04,2996883.408,5.191280e-03,3.726986e+01,1.197262e-04,5.340647e-05,3006954.352,1.250000e-04,10.66,15385.95
3482,5.444753e-03,3.713415e+01,1.195129e-04,1.072418e-04,2996788.039,5.337829e-03,3.856827e+01,9.488029e-05,1.064398e-04,3015846.102,1.250000e-04,11.05,15397.00
3483,5.287149e-03,3.726337e+01,1.123758e-04,8.741075e-05,2996789.721,7.094764e-03,3.881320e+01,1.718614e-04,2.989659e-04,3044624.719,1.250000e-04,10.98,15407.98
3484,5.470799e-03,3.730891e+01,1.141164e-04,1.197490e-04,2997723.752,5.281562e-03,3.650966e+01,1.042644e-04,1.175906e-04,2978102.508,1.250000e-04,11.00,15418.98
3485,5.659322e-03,3.720110e+01,1.337583e-04,1.203259e-04,2996318.078,6.101727e-03,3.813397e+01,1.518221e-04,1.540219e-04,3028275.031,1.250000e-04,10.90,15429.88
3486,5.615421e-03,3.731187e+01,1.248696e-04,1.271077e-04,2997429.402,6.022082e-03,3.699105e+01,1.751998e-04,1.141959e-04,2978011.812,1.250000e-04,10.63,15440.51
3487,5.397074e-03,3.735873e+01,1.181184e-04,9.600331e-05,2997007.047,4.508509e-03,3.725771e+01,5.991558e-05,3.671661e-05,3000549.516,1.250000e-04,10.87,15451.38
3488,5.304547e-03,3.751926e+01,1.140626e-04,8.239900e-05,2997284.701,5.377245e-03,3.658254e+01,1.150054e-04,1.137876e-04,2977295.203,1.250000e-04,10.69,15462.07
3489,5.289092e-03,3.710968e+01,1.097056e-04,9.621335e-05,2997093.598,4.907107e-03,3.754466e+01,9.904417e-05,3.243986e-05,2995641.766,1.250000e-04,10.64,15472.70
3490,5.302417e-03,3.723835e+01,1.081801e-04,9.935628e-05,2997023.910,5.213846e-03,3.749452e+01,9.742661e-05,9.802555e-05,3015371.648,1.250000e-04,10.94,15483.65
3491,5.492664e-03,3.728215e+01,1.197364e-04,1.134170e-04,2996569.047,5.611429e-03,3.839625e+01,1.204245e-04,1.135119e-04,3023362.508,1.250000e-04,10.70,15494.35
3492,5.302281e-03,3.733720e+01,1.081362e-04,9.744006e-05,2997173.584,5.550114e-03,3.801515e+01,1.297700e-04,9.017970e-05,3011489.844,1.250000e-04,10.76,15505.10
3493,5.698827e-03,3.733364e+01,1.219142e-04,1.492642e-04,2996522.852,5.179641e-03,3.840502e+01,7.993708e-05,1.079537e-04,3022008.344,1.250000e-04,10.16,15515.26
3494,5.272995e-03,3.738778e+01,1.080719e-04,9.069955e-05,2997356.484,6.240416e-03,3.768436e+01,1.998827e-04,9.463048e-05,2991870.922,1.250000e-04,10.66,15525.93
3495,5.405954e-03,3.719473e+01,1.087572e-04,1.197818e-04,2996759.197,4.678385e-03,3.744540e+01,7.869266e-05,2.938386e-05,3000035.883,1.250000e-04,10.49,15536.42
3496,5.414441e-03,3.726423e+01,1.232873e-04,9.102905e-05,2996903.080,5.728597e-03,3.731181e+01,1.727022e-04,5.407894e-05,2999039.633,1.250000e-04,10.27,15546.69
3497,5.457532e-03,3.737216e+01,1.233772e-04,9.730890e-05,2996763.980,5.415860e-03,3.797744e+01,1.228459e-04,7.793151e-05,3017322.117,1.250000e-04,10.40,15557.10
3498,6.080036e-03,3.745481e+01,1.579314e-04,1.510482e-04,2997051.953,5.513469e-03,3.725887e+01,1.427231e-04,7.207008e-05,2986405.578,1.250000e-04,10.32,15567.42
3499,5.394767e-03,3.747590e+01,1.158269e-04,9.778153e-05,2996562.580,5.279722e-03,3.785666e+01,1.152782e-04,6.825486e-05,2997416.672,1.250000e-04,10.39,15577.81
3500,5.170943e-03,3.720561e+01,9.783936e-05,9.439781e-05,2996941.709,5.094790e-03,3.712096e+01,8.363274e-05,1.092734e-04,2991222.102,1.250000e-04,10.68,15588.49
3501,5.278984e-03,3.706554e+01,1.134071e-04,8.767173e-05,2997116.234,6.181174e-03,3.714265e+01,1.421903e-04,2.090013e-04,2972595.578,1.250000e-04,10.66,15599.15
3502,5.719940e-03,3.756013e+01,1.254748e-04,1.418359e-04,2996646.967,6.596668e-03,3.880170e+01,1.312336e-04,2.808325e-04,3033222.336,1.250000e-04,10.19,15609.35
3503,5.288741e-03,3.718788e+01,1.148364e-04,8.431781e-05,2997632.518,6.217417e-03,3.654183e+01,1.169995e-04,2.786478e-04,2955393.508,1.250000e-04,10.56,15619.91
3504,5.239710e-03,3.720511e+01,1.088722e-04,8.609529e-05,2996656.836,5.041407e-03,3.677574e+01,7.984807e-05,1.130706e-04,2985034.398,1.250000e-04,10.56,15630.47
3505,5.397610e-03,3.722064e+01,1.145470e-04,1.060153e-04,2996906.619,5.444910e-03,3.668093e+01,1.406866e-04,7.399030e-05,2983522.781,1.250000e-04,10.77,15641.23
3506,5.388049e-03,3.713193e+01,1.158943e-04,1.031826e-04,2996949.180,4.755819e-03,3.707374e+01,8.583247e-05,3.802418e-05,2994760.039,1.250000e-04,10.30,15651.54
3507,5.181698e-03,3.715702e+01,9.804548e-05,9.710810e-05,2996664.615,5.234915e-03,3.750710e+01,1.206697e-04,5.550162e-05,3003110.586,1.250000e-04,10.36,15661.90
3508,5.192986e-03,3.728437e+01,1.024412e-04,8.802718e-05,2997376.518,5.095062e-03,3.762411e+01,1.094004e-04,4.772940e-05,3010994.766,1.250000e-04,10.40,15672.30
3509,5.326217e-03,3.725709e+01,1.152850e-04,8.953166e-05,2996206.646,7.259263e-03,3.650015e+01,2.651221e-04,1.916054e-04,2980999.016,1.250000e-04,10.57,15682.88
3510,5.595242e-03,3.746692e+01,1.256455e-04,1.184191e-04,2997234.768,4.812445e-03,3.800874e+01,7.676977e-05,4.877470e-05,2998067.234,1.250000e-04,10.73,15693.61
3511,5.283333e-03,3.726751e+01,1.083957e-04,9.452491e-05,2997061.889,4.707738e-03,3.740613e+01,6.125367e-05,7.091760e-05,3000345.438,1.250000e-04,10.90,15704.51
3512,5.617696e-03,3.733571e+01,1.237214e-04,1.293822e-04,2996393.594,6.786524e-03,3.885819e+01,1.849211e-04,2.102988e-04,3037617.883,1.250000e-04,10.71,15715.21
3513,5.299886e-03,3.765641e+01,1.096799e-04,8.748917e-05,2997577.887,5.272447e-03,3.698989e+01,1.155727e-04,8.354623e-05,2984628.117,1.250000e-04,10.56,15725.77
3514,5.130728e-03,3.706947e+01,9.909222e-05,8.657179e-05,2996969.316,5.511525e-03,3.792500e+01,8.757525e-05,1.686545e-04,3017618.094,1.250000e-04,10.73,15736.51
3515,5.582550e-03,3.728392e+01,1.258238e-04,1.191840e-04,2996600.223,5.842134e-03,3.738145e+01,1.682029e-04,8.439198e-05,2991479.523,1.250000e-04,11.12,15747.63
3516,5.312299e-03,3.717772e+01,1.120933e-04,9.471889e-05,2996742.424,5.830188e-03,3.856804e+01,1.276945e-04,1.392878e-04,3027002.617,1.250000e-04,11.02,15758.65
3517,5.390822e-03,3.726641e+01,1.161467e-04,1.005429e-04,2997046.910,4.940012e-03,3.772106e+01,8.687130e-05,5.983855e-05,3015650.250,1.250000e-04,10.99,15769.64
3518,5.584443e-03,3.731974e+01,1.163773e-04,1.377393e-04,2996787.166,5.200732e-03,3.813879e+01,9.804698e-05,8.127653e-05,2989162.078,1.250000e-04,10.88,15780.52
3519,5.010389e-03,3.714784e+01,8.789412e-05,8.333268e-05,2997384.412,5.680303e-03,3.691912e+01,1.503367e-04,9.700463e-05,3000203.086,1.250000e-04,10.83,15791.35
3520,5.921806e-03,3.729737e+01,1.640678e-04,1.102782e-04,2996484.666,5.751433e-03,3.762415e+01,1.539243e-04,8.995509e-05,2987055.898,1.250000e-04,10.52,15801.87
3521,5.285734e-03,3.735936e+01,1.141609e-04,8.163785e-05,2996943.266,5.540997e-03,3.821866e+01,9.457465e-05,1.546771e-04,3030809.852,1.250000e-04,10.68,15812.55
3522,5.225072e-03,3.721672e+01,1.049357e-04,9.080869e-05,2997383.125,6.571151e-03,3.804260e+01,2.181207e-04,1.171369e-04,3004598.703,1.250000e-04,11.04,15823.59
3523,5.291162e-03,3.718655e+01,1.085298e-04,9.744184e-05,2996752.275,5.827141e-03,3.876665e+01,1.386424e-04,1.128106e-04,3021443.227,1.250000e-04,10.75,15834.34
3524,5.465274e-03,3.740449e+01,1.156667e-04,1.136315e-04,2996856.852,5.533710e-03,3.844945e+01,1.110592e-04,1.156347e-04,3026987.336,1.250000e-04,10.64,15844.98
3525,5.408705e-03,3.733935e+01,1.131633e-04,1.086273e-04,2996946.270,5.269541e-03,3.764615e+01,1.139509e-04,7.308352e-05,3018382.469,1.250000e-04,10.36,15855.34
3526,5.278874e-03,3.716036e+01,1.076141e-04,9.733955e-05,2997517.990,5.916479e-03,3.645677e+01,1.021737e-04,2.498129e-04,2957556.430,1.250000e-04,10.85,15866.19
3527,5.143436e-03,3.718602e+01,9.770163e-05,8.956362e-05,2997211.580,4.913841e-03,3.667451e+01,8.888617e-05,7.150567e-05,2985832.289,1.250000e-04,11.16,15877.35
3528,5.533621e-03,3.746393e+01,1.201670e-04,1.171115e-04,2996198.459,4.466901e-03,3.723979e+01,5.651920e-05,3.554615e-05,2998307.992,1.250000e-04,10.71,15888.06
3529,5.754990e-03,3.735298e+01,1.357138e-04,1.325108e-04,2996486.266,7.608613e-03,3.859822e+01,2.900785e-04,1.696012e-04,3006528.516,1.250000e-04,10.61,15898.67
3530,5.311161e-03,3.729702e+01,1.065999e-04,1.030920e-04,2997681.248,5.262970e-03,3.698485e+01,9.934344e-05,1.142101e-04,2988526.273,1.250000e-04,10.84,15909.51
3531,5.525683e-03,3.721176e+01,1.260314e-04,1.088386e-04,2996853.203,4.716968e-03,3.708909e+01,8.656396e-05,2.848388e-05,2996231.242,1.250000e-04,10.87,15920.38
3532,5.456214e-03,3.722705e+01,1.232215e-04,1.002588e-04,2996732.008,5.268201e-03,3.772978e+01,1.272261e-04,4.459232e-05,2995622.352,1.250000e-04,10.64,15931.02
3533,5.206235e-03,3.712408e+01,1.075155e-04,8.373444e-05,2997335.373,5.885619e-03,3.741153e+01,1.654501e-04,9.799318e-05,2981853.078,1.250000e-04,11.00,15942.01
3534,5.545643e-03,3.738591e+01,1.238377e-04,1.137350e-04,2996707.658,5.081518e-03,3.750290e+01,1.020833e-04,6.207895e-05,2987437.031,1.250000e-04,10.73,15952.74
3535,5.520210e-03,3.742357e+01,1.319810e-04,9.160852e-05,2996838.270,5.154887e-03,3.701329e+01,1.014791e-04,8.775341e-05,2990733.141,1.250000e-04,10.65,15963.39
3536,5.303910e-03,3.734487e+01,1.045289e-04,1.048268e-04,2997048.881,5.481706e-03,3.804197e+01,1.285225e-04,7.845698e-05,3013871.781,1.250000e-04,10.48,15973.87
3537,5.430679e-03,3.735854e+01,1.110153e-04,1.169344e-04,2996985.986,5.167669e-03,3.659352e+01,8.353902e-05,1.345854e-04,2973965.430,1.250000e-04,10.31,15984.18
3538,5.151438e-03,3.727504e+01,1.010376e-04,8.271159e-05,2997195.340,4.595647e-03,3.730317e+01,7.227239e-05,2.852110e-05,2997905.805,1.250000e-04,10.63,15994.81
3539,5.444191e-03,3.729381e+01,1.171512e-04,1.086597e-04,2996884.277,4.958648e-03,3.712957e+01,1.057654e-04,3.760737e-05,2990543.930,1.250000e-04,10.55,16005.36
3540,5.136083e-03,3.721914e+01,9.449603e-05,9.384181e-05,2996906.996,4.970506e-03,3.764475e+01,7.157324e-05,9.805987e-05,3018381.664,1.250000e-04,10.57,16015.93
3541,5.374031e-03,3.723750e+01,1.159892e-04,9.807781e-05,2996906.488,4.846129e-03,3.757604e+01,8.592283e-05,4.585939e-05,3010160.688,1.250000e-04,10.87,16026.80
3542,5.224767e-03,3.708202e+01,1.115643e-04,8.018438e-05,2997418.707,4.437197e-03,3.730619e+01,5.272787e-05,3.585998e-05,3004591.930,1.250000e-04,10.85,16037.65
3543,5.356017e-03,3.719785e+01,1.168047e-04,9.363694e-05,2996622.242,4.942240e-03,3.781825e+01,8.111545e-05,6.985225e-05,3002954.055,1.250000e-04,10.88,16048.53
3544,5.272368e-03,3.718145e+01,1.025349e-04,1.057749e-04,2997116.609,5.130522e-03,3.752938e+01,9.951451e-05,7.648770e-05,2997892.570,1.250000e-04,11.50,16060.03
3545,5.272589e-03,3.724084e+01,1.104128e-04,8.887537e-05,2997432.803,5.710082e-03,3.730749e+01,1.233823e-04,1.491018e-04,3001544.070,1.250000e-04,11.24,16071.28
3546,5.162849e-03,3.706468e+01,9.928709e-05,9.270199e-05,2997059.984,4.580229e-03,3.727352e+01,6.970673e-05,3.116194e-05,3001124.844,1.250000e-04,10.68,16081.96
3547,5.199952e-03,3.716090e+01,1.001417e-04,9.648896e-05,2996717.139,5.340973e-03,3.785340e+01,9.811814e-05,1.148902e-04,3026289.695,1.250000e-04,11.26,16093.22
3548,5.681916e-03,3.713229e+01,1.378944e-04,1.179485e-04,2996852.047,4.891016e-03,3.749207e+01,9.534712e-05,3.766766e-05,3000885.203,1.250000e-04,10.65,16103.86
3549,5.375131e-03,3.721682e+01,1.112216e-04,1.082467e-04,2996558.594,5.025097e-03,3.771793e+01,9.780608e-05,5.504860e-05,3010681.984,1.250000e-04,10.92,16114.78
3550,5.191793e-03,3.716305e+01,1.019941e-04,9.110933e-05,2997253.760,4.585738e-03,3.752219e+01,6.483521e-05,3.703333e-05,3000513.383,1.250000e-04,10.69,16125.47
3551,5.218466e-03,3.717135e+01,1.003216e-04,9.962283e-05,2996399.980,7.507538e-03,3.758644e+01,2.807609e-04,1.882569e-04,3020184.555,1.250000e-04,11.15,16136.63
3552,5.402824e-03,3.729719e+01,1.166960e-04,1.012289e-04,2996959.293,5.755619e-03,3.766252e+01,1.112259e-04,1.754217e-04,3035767.250,1.250000e-04,10.86,16147.49
3553,5.313935e-03,3.729371e+01,1.048331e-04,1.072468e-04,2997165.564,5.889722e-03,3.768831e+01,1.520573e-04,1.200636e-04,3021955.648,1.250000e-04,10.82,16158.31
3554,5.657102e-03,3.726497e+01,1.324904e-04,1.211403e-04,2997148.910,5.069605e-03,3.703369e+01,9.304257e-05,8.716209e-05,2985509.812,1.250000e-04,10.99,16169.30
3555,5.643218e-03,3.733712e+01,1.239818e-04,1.339376e-04,2996225.830,4.954102e-03,3.711405e+01,7.256767e-05,1.034041e-04,3007037.758,1.250000e-04,10.63,16179.93
3556,5.211647e-03,3.721029e+01,9.675032e-05,1.046228e-04,2997488.855,4.981966e-03,3.760862e+01,7.075732e-05,1.027062e-04,2990688.867,1.250000e-04,10.63,16190.57
3557,5.015749e-03,3.716357e+01,8.886337e-05,8.215167e-05,2997154.068,5.310107e-03,3.726406e+01,9.777307e-05,1.211942e-04,3007179.016,1.250000e-04,10.56,16201.13
3558,5.150060e-03,3.711939e+01,9.700862e-05,9.360683e-05,2996855.943,5.254917e-03,3.633299e+01,9.296877e-05,1.383860e-04,2979072.883,1.250000e-04,10.38,16211.51
3559,5.425686e-03,3.702186e+01,1.126910e-04,1.193179e-04,2996087.125,9.312930e-03,3.949469e+01,2.447890e-04,5.831143e-04,3064909.312,1.250000e-04,10.41,16221.92
3560,5.368490e-03,3.722617e+01,1.122775e-04,1.046197e-04,2997547.646,4.676204e-03,3.714898e+01,6.571916e-05,6.082299e-05,3009656.289,1.250000e-04,10.66,16232.58
3561,5.351967e-03,3.717442e+01,1.076341e-04,1.116366e-04,2997087.951,4.782541e-03,3.743893e+01,7.409051e-05,5.954877e-05,3005992.398,1.250000e-04,10.66,16243.24
3562,5.260721e-03,3.709063e+01,1.122694e-04,8.579300e-05,2996610.658,5.847636e-03,3.812292e+01,9.332916e-05,2.204106e-04,3037909.578,1.250000e-04,10.51,16253.75
3563,5.452208e-03,3.703017e+01,1.209400e-04,1.079582e-04,2997270.912,5.772620e-03,3.799273e+01,1.399249e-04,1.148198e-04,3014354.922,1.250000e-04,10.65,16264.39
3564,5.613396e-03,3.710164e+01,1.298442e-04,1.209581e-04,2996763.436,4.675619e-03,3.759321e+01,6.501002e-05,5.323948e-05,3007054.539,1.250000e-04,10.48,16274.87
3565,5.305496e-03,3.718247e+01,1.085768e-04,1.002961e-04,2996824.869,5.308933e-03,3.746105e+01,1.162452e-04,8.007512e-05,2997652.508,1.250000e-04,10.73,16285.60
3566,5.225487e-03,3.712943e+01,1.135166e-04,7.547544e-05,2997421.205,5.439968e-03,3.770858e+01,1.268899e-04,8.004228e-05,2997779.820,1.250000e-04,10.36,16295.96
3567,5.566771e-03,3.727617e+01,1.183873e-04,1.310563e-04,2996385.414,5.154768e-03,3.768406e+01,1.193346e-04,3.860329e-05,3001117.172,1.250000e-04,10.44,16306.40
3568,5.440025e-03,3.734370e+01,1.225787e-04,9.597342e-05,2997524.234,5.179849e-03,3.674949e+01,9.610872e-05,1.087627e-04,2989248.828,1.250000e-04,10.81,16317.21
3569,5.111337e-03,3.721574e+01,9.263700e-05,9.267861e-05,2996730.729,4.864923e-03,3.774906e+01,6.699641e-05,8.401056e-05,3018210.586,1.250000e-04,10.49,16327.70
3570,5.319102e-03,3.715518e+01,1.141951e-04,9.232669e-05,2997138.305,5.298291e-03,3.714278e+01,9.091245e-05,1.349776e-04,2975216.602,1.250000e-04,10.61,16338.31
3571,5.161271e-03,3.718561e+01,8.782935e-05,1.128833e-04,2996854.391,4.947199e-03,3.789148e+01,8.723027e-05,5.714976e-05,3013836.820,1.250000e-04,10.36,16348.67
3572,5.242402e-03,3.719513e+01,9.679471e-05,1.109884e-04,2997342.773,4.446101e-03,3.679312e+01,5.331708e-05,4.672372e-05,2996334.961,1.250000e-04,10.41,16359.08
3573,5.180730e-03,3.704039e+01,1.049199e-04,8.549835e-05,2997005.506,4.838812e-03,3.721622e+01,8.163929e-05,6.015954e-05,3011817.727,1.250000e-04,10.35,16369.43
3574,5.304961e-03,3.690812e+01,1.130561e-04,9.671757e-05,2996621.139,4.708833e-03,3.711147e+01,8.401729e-05,3.150275e-05,3003226.039,1.250000e-04,10.37,16379.80
3575,5.384825e-03,3.707645e+01,1.150538e-04,1.053283e-04,2996472.182,4.762590e-03,3.739944e+01,8.578310e-05,3.296312e-05,3004401.391,1.250000e-04,10.36,16390.16
3576,5.479325e-03,3.715946e+01,1.226549e-04,1.073659e-04,2997408.264,5.518433e-03,3.662156e+01,1.315511e-04,1.081532e-04,2978537.305,1.250000e-04,10.48,16400.64
3577,5.195657e-03,3.711208e+01,1.051500e-04,8.658994e-05,2996842.760,4.777831e-03,3.728711e+01,6.710173e-05,7.562061e-05,2989452.742,1.250000e-04,10.40,16411.04
3578,5.620852e-03,3.709673e+01,1.299756e-04,1.222846e-04,2996572.549,8.089437e-03,3.878443e+01,2.392609e-04,3.636770e-04,3049491.180,1.250000e-04,10.42,16421.46
3579,5.442941e-03,3.720832e+01,1.129154e-04,1.185911e-04,2997282.688,5.546694e-03,3.739246e+01,1.353426e-04,9.080448e-05,3009043.992,1.250000e-04,10.90,16432.36
3580,5.430750e-03,3.721888e+01,1.222571e-04,9.725827e-05,2996772.385,4.823845e-03,3.780188e+01,6.063440e-05,8.746261e-05,3018038.492,1.250000e-04,10.25,16442.61
3581,5.373360e-03,3.715227e+01,1.153448e-04,1.009371e-04,2996971.324,5.428268e-03,3.630512e+01,1.137378e-04,1.320755e-04,2976422.992,1.250000e-04,10.45,16453.05
3582,5.586946e-03,3.722171e+01,1.260968e-04,1.207614e-04,2996531.768,6.800220e-03,3.890635e+01,1.944040e-04,1.931091e-04,3011351.133,1.250000e-04,10.38,16463.44
3583,5.568532e-03,3.737684e+01,1.263257e-04,1.135183e-04,2997213.725,5.975158e-03,3.833135e+01,1.496955e-04,1.290134e-04,3026613.531,1.250000e-04,10.08,16473.52
3584,5.131980e-03,3.717706e+01,1.023903e-04,7.807421e-05,2997275.334,4.791373e-03,3.751402e+01,7.991118e-05,4.817188e-05,3010052.328,1.250000e-04,10.54,16484.06
3585,5.419690e-03,3.709743e+01,1.124299e-04,1.171295e-04,2996990.633,4.965984e-03,3.745916e+01,8.144839e-05,8.111696e-05,3014578.945,1.250000e-04,10.65,16494.71
3586,5.321957e-03,3.719619e+01,1.068908e-04,1.066860e-04,2996917.637,4.794152e-03,3.741335e+01,8.121047e-05,4.814246e-05,3002724.297,1.250000e-04,10.19,16504.90
3587,6.061433e-03,3.749402e+01,1.605428e-04,1.413207e-04,2996713.643,5.285237e-03,3.776751e+01,1.138032e-04,7.409094e-05,3006603.820,1.250000e-04,10.04,16514.94
3588,5.223264e-03,3.739761e+01,9.834862e-05,1.000034e-04,2997317.809,4.736563e-03,3.744639e+01,8.712455e-05,2.413576e-05,2995360.789,1.250000e-04,10.27,16525.21
3589,5.426266e-03,3.721317e+01,1.183064e-04,1.043772e-04,2996923.740,6.224328e-03,3.633169e+01,1.882823e-04,1.416674e-04,2981268.797,1.250000e-04,10.30,16535.51
3590,5.254135e-03,3.719653e+01,1.116747e-04,8.354717e-05,2996738.332,5.777530e-03,3.718636e+01,1.326442e-04,1.464904e-04,2978418.781,1.250000e-04,10.21,16545.73
3591,5.285633e-03,3.722619e+01,1.081919e-04,9.621918e-05,2997194.279,5.093007e-03,3.771210e+01,1.078706e-04,4.861814e-05,3001805.391,1.250000e-04,10.38,16556.11
3592,5.736777e-03,3.751078e+01,1.428458e-04,1.114482e-04,2996618.633,4.878703e-03,3.773547e+01,7.777246e-05,6.548634e-05,3019735.664,1.250000e-04,10.32,16566.43
3593,5.625198e-03,3.736080e+01,1.300575e-04,1.177087e-04,2997006.379,5.262540e-03,3.721754e+01,1.180227e-04,7.211182e-05,2987110.719,1.250000e-04,10.41,16576.83
3594,5.507992e-03,3.745392e+01,1.204961e-04,1.115279e-04,2996886.303,4.727814e-03,3.705592e+01,7.347785e-05,5.748867e-05,2998762.203,1.250000e-04,10.04,16586.88
3595,5.368565e-03,3.726335e+01,1.119474e-04,1.045511e-04,2997280.160,6.132960e-03,3.823267e+01,1.718119e-04,1.183148e-04,3020109.008,1.250000e-04,10.28,16597.16
3596,5.168217e-03,3.716392e+01,1.049083e-04,8.054842e-05,2997743.885,5.364697e-03,3.666213e+01,9.610866e-05,1.474797e-04,2971624.398,1.250000e-04,10.42,16607.57
3597,5.288755e-03,3.715627e+01,1.026569e-04,1.093118e-04,2996162.150,5.768204e-03,3.676079e+01,1.442686e-04,1.298879e-04,2978708.234,1.250000e-04,10.28,16617.85
3598,5.117638e-03,3.703042e+01,9.565388e-05,9.161148e-05,2996728.371,4.768878e-03,3.756039e+01,5.772464e-05,8.711844e-05,3014332.523,1.250000e-04,10.57,16628.42
3599,5.040448e-03,3.706445e+01,9.647622e-05,7.384812e-05,2997673.855,5.216590e-03,3.688553e+01,1.068255e-04,9.195648e-05,2985978.539,1.250000e-04,10.42,16638.84
3600,5.410881e-03,3.712158e+01,1.181361e-04,1.034725e-04,2996350.848,4.754691e-03,3.788341e+01,5.602284e-05,8.122431e-05,3017886.219,1.250000e-04,10.33,16649.16
3601,5.153793e-03,3.719184e+01,9.459772e-05,9.772644e-05,2996780.445,4.981881e-03,3.747724e+01,9.667079e-05,5.348980e-05,3003947.758,1.250000e-04,10.41,16659.58
3602,5.487632e-03,3.723365e+01,1.205579e-04,1.117378e-04,2997567.404,5.310291e-03,3.676794e+01,1.372293e-04,5.224098e-05,2987742.789,1.250000e-04,10.54,16670.12
3603,5.730362e-03,3.713863e+01,1.479324e-04,1.074350e-04,2996819.893,6.723005e-03,3.638498e+01,2.069451e-04,2.030113e-04,2965197.734,1.250000e-04,10.54,16680.65
3604,5.232401e-03,3.721481e+01,1.055691e-04,9.104594e-05,2996816.812,7.031826e-03,3.679455e+01,2.312946e-04,2.078850e-04,2992745.555,1.250000e-04,10.64,16691.29
3605,5.394807e-03,3.714569e+01,1.191216e-04,9.780434e-05,2996919.160,7.191656e-03,3.807765e+01,1.940201e-04,2.887380e-04,3003012.156,1.250000e-04,10.75,16702.05
3606,5.455750e-03,3.720466e+01,1.114744e-04,1.241081e-04,2997016.936,4.957113e-03,3.701959e+01,1.077018e-04,3.562720e-05,3000027.484,1.250000e-04,10.88,16712.92
3607,5.355456e-03,3.719590e+01,1.108801e-04,1.054130e-04,2996936.691,4.680543e-03,3.677811e+01,6.725023e-05,6.604583e-05,2987763.766,1.250000e-04,10.59,16723.52
3608,5.217156e-03,3.722592e+01,1.045350e-04,8.984274e-05,2996767.578,5.091940e-03,3.702296e+01,1.076942e-04,6.254051e-05,2987007.555,1.250000e-04,10.42,16733.93
3609,5.549409e-03,3.720399e+01,1.228255e-04,1.201510e-04,2996595.404,5.010438e-03,3.764852e+01,8.166240e-05,8.579235e-05,3021213.930,1.250000e-04,10.66,16744.60
3610,5.326068e-03,3.720294e+01,1.148231e-04,9.150862e-05,2997645.094,5.257675e-03,3.701963e+01,9.607736e-05,1.189879e-04,2978499.547,1.250000e-04,10.75,16755.35
3611,5.590792e-03,3.727934e+01,1.234002e-04,1.257711e-04,2996738.799,6.721519e-03,3.794748e+01,2.049973e-04,1.753596e-04,2995192.602,1.250000e-04,10.53,16765.88
3612,5.491518e-03,3.738933e+01,1.278792e-04,9.475866e-05,2997082.148,5.943584e-03,3.691558e+01,1.513112e-04,1.477827e-04,2983741.945,1.250000e-04,10.57,16776.45
3613,5.425834e-03,3.724876e+01,1.110716e-04,1.180484e-04,2997024.451,5.415430e-03,3.764031e+01,1.354922e-04,5.929536e-05,2993891.773,1.250000e-04,10.53,16786.98
3614,5.160459e-03,3.716039e+01,1.015171e-04,8.584986e-05,2996950.180,4.504528e-03,3.717424e+01,6.520021e-05,2.702036e-05,3000588.148,1.250000e-04,10.87,16797.84
3615,5.271845e-03,3.703668e+01,1.007192e-04,1.121970e-04,2996817.195,5.340349e-03,3.751164e+01,1.026403e-04,1.125564e-04,3009181.594,1.250000e-04,10.49,16808.33
3616,5.613422e-03,3.735782e+01,1.303231e-04,1.148817e-04,2997058.350,5.281213e-03,3.795919e+01,9.542781e-05,1.062032e-04,3013972.359,1.250000e-04,10.51,16818.84
3617,5.611839e-03,3.742901e+01,1.300306e-04,1.137265e-04,2996948.730,5.333105e-03,3.759495e+01,1.113624e-04,9.199725e-05,2982810.594,1.250000e-04,10.41,16829.25
3618,5.426299e-03,3.728893e+01,1.126239e-04,1.142334e-04,2996806.438,5.048747e-03,3.818391e+01,8.636271e-05,7.334581e-05,3010268.734,1.250000e-04,10.45,16839.70
3619,5.227964e-03,3.724870e+01,1.049664e-04,9.068606e-05,2997230.816,5.424471e-03,3.648311e+01,1.169772e-04,1.212776e-04,2975325.164,1.250000e-04,10.42,16850.12
3620,5.155147e-03,3.713018e+01,9.809016e-05,9.224552e-05,2997131.820,6.689696e-03,3.604200e+01,1.576778e-04,3.017438e-04,2962063.391,1.250000e-04,10.32,16860.43
3621,5.412202e-03,3.717801e+01,1.186959e-04,1.014886e-04,2996543.777,5.669147e-03,3.677652e+01,1.206244e-04,1.570504e-04,3001741.797,1.250000e-04,10.55,16870.99
3622,5.595452e-03,3.729241e+01,1.257834e-04,1.216755e-04,2996940.756,4.913530e-03,3.680601e+01,8.167598e-05,8.323399e-05,2980269.773,1.250000e-04,10.54,16881.53
3623,5.150361e-03,3.720075e+01,1.032686e-04,7.951980e-05,2997000.975,4.607501e-03,3.744722e+01,5.603350e-05,6.048872e-05,3009844.695,1.250000e-04,10.23,16891.76
3624,5.504769e-03,3.722210e+01,1.225765e-04,1.113589e-04,2997394.035,5.971319e-03,3.659635e+01,1.606184e-04,1.411002e-04,2977522.984,1.250000e-04,10.24,16902.00
3625,5.488213e-03,3.728576e+01,1.246710e-04,1.025853e-04,2996332.062,5.348790e-03,3.664033e+01,9.827155e-05,1.404083e-04,2974303.438,1.250000e-04,10.52,16912.53
3626,5.442055e-03,3.735409e+01,1.239752e-04,9.337888e-05,2996597.598,5.287243e-03,3.816020e+01,8.044964e-05,1.333453e-04,3025578.938,1.250000e-04,10.42,16922.95
3627,5.322335e-03,3.728023e+01,1.086303e-04,1.016020e-04,2997295.195,7.289469e-03,3.594048e+01,1.548211e-04,4.294420e-04,2948994.688,1.250000e-04,10.35,16933.30
3628,5.823818e-03,3.731953e+01,1.445660e-04,1.292411e-04,2996870.205,4.980702e-03,3.778271e+01,8.765890e-05,6.516847e-05,3013398.672,1.250000e-04,10.04,16943.34
3629,5.334920e-03,3.743000e+01,1.063459e-04,1.056921e-04,2997161.500,6.368686e-03,3.777267e+01,2.127505e-04,9.278270e-05,2987029.539,1.250000e-04,10.21,16953.56
3630,5.432263e-03,3.745880e+01,1.104622e-04,1.163522e-04,2996433.891,5.151740e-03,3.770211e+01,1.129077e-04,5.049051e-05,3009741.508,1.250000e-04,10.61,16964.16
3631,5.301385e-03,3.731137e+01,1.083160e-04,9.741764e-05,2997517.738,4.787921e-03,3.735352e+01,5.333639e-05,1.038410e-04,2975837.281,1.250000e-04,10.57,16974.73
3632,5.330582e-03,3.731972e+01,1.145185e-04,9.068497e-05,2997256.848,4.917675e-03,3.722787e+01,7.343323e-05,9.211115e-05,2986065.938,1.250000e-04,10.36,16985.09
3633,5.312889e-03,3.718581e+01,1.088248e-04,1.012120e-04,2997217.023,6.061383e-03,3.597798e+01,1.174689e-04,2.577792e-04,2958896.273,1.250000e-04,10.33,16995.42
3634,5.257031e-03,3.722271e+01,1.115249e-04,8.390230e-05,2996913.578,4.522815e-03,3.687600e+01,5.747478e-05,5.209353e-05,2988071.727,1.250000e-04,10.20,17005.61
3635,5.324428e-03,3.706923e+01,1.114439e-04,1.006133e-04,2996694.096,4.734424e-03,3.734189e+01,7.146201e-05,5.712306e-05,2999678.398,1.250000e-04,10.25,17015.86
3636,5.170019e-03,3.708778e+01,1.092351e-04,7.377809e-05,2997048.320,4.807324e-03,3.751450e+01,7.602549e-05,5.912376e-05,3001119.633,1.250000e-04,10.24,17026.11
3637,5.204329e-03,3.715404e+01,1.008676e-04,9.604990e-05,2997098.406,5.102435e-03,3.771025e+01,9.499946e-05,7.628319e-05,2993099.969,1.250000e-04,10.02,17036.13
3638,5.510155e-03,3.717867e+01,1.207183e-04,1.170210e-04,2996933.033,4.949102e-03,3.685686e+01,7.993377e-05,9.281568e-05,2978007.766,1.250000e-04,10.59,17046.72
3639,5.205870e-03,3.717610e+01,9.910615e-05,9.943978e-05,2996246.080,6.172198e-03,3.875828e+01,8.433298e-05,2.906080e-04,3026544.047,1.250000e-04,10.37,17057.09
3640,5.754475e-03,3.742602e+01,1.446056e-04,1.131636e-04,2997013.086,5.167893e-03,3.762857e+01,7.138959e-05,1.382279e-04,3027101.094,1.250000e-04,10.40,17067.50
3641,5.504110e-03,3.715107e+01,1.193369e-04,1.191267e-04,2997417.760,4.715509e-03,3.744087e+01,6.652064e-05,6.124308e-05,2994270.383,1.250000e-04,10.27,17077.77
3642,5.228070e-03,3.736641e+01,1.034579e-04,9.137008e-05,2996503.600,4.852444e-03,3.789503e+01,7.912572e-05,5.433685e-05,3016584.117,1.250000e-04,10.20,17087.97
3643,5.434688e-03,3.734077e+01,1.167030e-04,1.067162e-04,2997076.904,5.642246e-03,3.720395e+01,1.536607e-04,7.704874e-05,2985808.070,1.250000e-04,10.34,17098.31
3644,5.361404e-03,3.718614e+01,1.201759e-04,8.820641e-05,2997127.814,5.200590e-03,3.778172e+01,1.132845e-04,5.791482e-05,3008463.164,1.250000e-04,10.58,17108.89
3645,5.294083e-03,3.720536e+01,1.070121e-04,1.006853e-04,2997308.945,5.063010e-03,3.644132e+01,6.568236e-05,1.524108e-04,2970636.148,1.250000e-04,10.46,17119.35
3646,5.625422e-03,3.712386e+01,1.332863e-04,1.160345e-04,2996613.809,5.031883e-03,3.711839e+01,1.150982e-04,3.381244e-05,2992904.164,1.250000e-04,10.82,17130.17
3647,5.112290e-03,3.700166e+01,1.001892e-04,8.204644e-05,2997024.066,6.307467e-03,3.646957e+01,1.872928e-04,1.575164e-04,2981246.719,1.250000e-04,10.51,17140.68
3648,5.398832e-03,3.708950e+01,1.135153e-04,1.109459e-04,2996643.512,4.780451e-03,3.785593e+01,6.996057e-05,5.905054e-05,3009535.672,1.250000e-04,10.78,17151.46
3649,5.387990e-03,3.708257e+01,1.178610e-04,1.002244e-04,2997087.820,5.305257e-03,3.741716e+01,9.596286e-05,1.207824e-04,3001559.312,1.250000e-04,10.60,17162.06
3650,5.188613e-03,3.696073e+01,9.642865e-05,1.056507e-04,2997170.822,5.007218e-03,3.719171e+01,9.907869e-05,5.945206e-05,3001555.102,1.250000e-04,10.72,17172.77
3651,5.282865e-03,3.713731e+01,1.096715e-04,9.448378e-05,2996767.564,5.265283e-03,3.798426e+01,8.058115e-05,1.322090e-04,3008587.227,1.250000e-04,10.39,17183.17
3652,5.565628e-03,3.725483e+01,1.220414e-04,1.239463e-04,2997194.135,5.038710e-03,3.658402e+01,1.037423e-04,6.857715e-05,2983802.141,1.250000e-04,10.65,17193.82
3653,5.441925e-03,3.711128e+01,1.245861e-04,9.698743e-05,2996708.510,4.932011e-03,3.856243e+01,6.802566e-05,7.910228e-05,3016870.773,1.250000e-04,10.78,17204.60
3654,5.422064e-03,3.712821e+01,1.174717e-04,1.069054e-04,2996864.682,5.014712e-03,3.764813e+01,7.060561e-05,1.087684e-04,3021085.836,1.250000e-04,10.68,17215.28
3655,5.435431e-03,3.713954e+01,1.214851e-04,1.013252e-04,2997416.824,6.367300e-03,3.629830e+01,1.439083e-04,2.596774e-04,2960017.273,1.250000e-04,10.79,17226.07
3656,5.484859e-03,3.746637e+01,1.164996e-04,1.146451e-04,2996779.029,6.144236e-03,3.734653e+01,1.372005e-04,2.075157e-04,2963675.930,1.250000e-04,10.50,17236.57
3657,5.174908e-03,3.715621e+01,1.041822e-04,8.349315e-05,2997107.551,5.337081e-03,3.767451e+01,1.286313e-04,5.666343e-05,2990821.570,1.250000e-04,10.23,17246.79
3658,5.376458e-03,3.717205e+01,1.121714e-04,1.075078e-04,2996352.613,5.263901e-03,3.788666e+01,1.022516e-04,9.054378e-05,3018715.648,1.250000e-04,10.33,17257.13
3659,5.521519e-03,3.720833e+01,1.211203e-04,1.178966e-04,2996767.568,5.117418e-03,3.778083e+01,1.010230e-04,6.582108e-05,3011385.984,1.250000e-04,10.12,17267.25
3660,5.279064e-03,3.721789e+01,1.035244e-04,1.044061e-04,2997353.201,8.546674e-03,3.608744e+01,2.744176e-04,4.387507e-04,2947036.117,1.250000e-04,10.44,17277.69
3661,5.438497e-03,3.733146e+01,1.119995e-04,1.170711e-04,2996526.373,4.478266e-03,3.726739e+01,5.494654e-05,4.041229e-05,3008105.594,1.250000e-04,10.28,17287.97
3662,5.196471e-03,3.708699e+01,1.018623e-04,9.382959e-05,2997323.031,5.648182e-03,3.684126e+01,1.082668e-04,1.762776e-04,2972867.047,1.250000e-04,10.52,17298.49
3663,5.575100e-03,3.715034e+01,1.294101e-04,1.131930e-04,2996827.080,5.487427e-03,3.698900e+01,1.308578e-04,9.598998e-05,2991979.938,1.250000e-04,10.39,17308.88
3664,5.712859e-03,3.733675e+01,1.261322e-04,1.435723e-04,2996887.805,4.442762e-03,3.734462e+01,5.522346e-05,3.121294e-05,2996055.180,1.250000e-04,10.20,17319.07
3665,5.107939e-03,3.715559e+01,9.947205e-05,7.953198e-05,2997045.697,6.789032e-03,3.761240e+01,2.421683e-04,1.212217e-04,3017806.734,1.250000e-04,10.30,17329.37
3666,5.336675e-03,3.714411e+01,1.107167e-04,1.030194e-04,2997152.705,4.617477e-03,3.676935e+01,6.388000e-05,6.034842e-05,2987514.109,1.250000e-04,10.24,17339.61
3667,5.149998e-03,3.707532e+01,1.010183e-04,8.645679e-05,2996996.465,5.440766e-03,3.707885e+01,1.042312e-04,1.381138e-04,2988880.266,1.250000e-04,10.50,17350.11
3668,5.441702e-03,3.719736e+01,1.163603e-04,1.116728e-04,2996413.449,5.033998e-03,3.739980e+01,8.488732e-05,8.902889e-05,3017305.844,1.250000e-04,10.20,17360.31
3669,5.482414e-03,3.731143e+01,1.175275e-04,1.151991e-04,2996989.143,6.101525e-03,3.860481e+01,1.286927e-04,1.908234e-04,3028383.930,1.250000e-04,10.22,17370.53
3670,5.292111e-03,3.731135e+01,1.086009e-04,9.499334e-05,2997413.604,6.124856e-03,3.652734e+01,1.474301e-04,1.995643e-04,2965621.102,1.250000e-04,10.13,17380.66
3671,5.411826e-03,3.716093e+01,1.198548e-04,9.943705e-05,2996368.551,5.461755e-03,3.703850e+01,1.230143e-04,1.055523e-04,2986719.391,1.250000e-04,10.70,17391.36
3672,5.178797e-03,3.719823e+01,1.017353e-04,8.832416e-05,2997357.188,5.239401e-03,3.706430e+01,1.185810e-04,6.943207e-05,2980226.898,1.250000e-04,10.31,17401.67
3673,5.490420e-03,3.711182e+01,1.161484e-04,1.235508e-04,2997064.770,4.746494e-03,3.719946e+01,8.106977e-05,4.317019e-05,2995055.516,1.250000e-04,10.35,17412.03
3674,5.084717e-03,3.719833e+01,9.204117e-05,8.889444e-05,2997089.051,4.870338e-03,3.749140e+01,1.001036e-04,2.403237e-05,3001698.930,1.250000e-04,10.19,17422.22
3675,5.157699e-03,3.716909e+01,9.882428e-05,9.050941e-05,2997022.969,5.846220e-03,3.746954e+01,1.310664e-04,1.577202e-04,2999234.109,1.250000e-04,10.37,17432.58
3676,5.175609e-03,3.719766e+01,1.065731e-04,7.802245e-05,2997537.180,5.120463e-03,3.633221e+01,8.248776e-05,1.324730e-04,2980819.180,1.250000e-04,10.48,17443.07
3677,5.572618e-03,3.719558e+01,1.303911e-04,1.098298e-04,2996444.453,6.229271e-03,3.772387e+01,1.431038e-04,2.051691e-04,3027918.875,1.250000e-04,10.22,17453.28
3678,5.419020e-03,3.724466e+01,1.203455e-04,9.821968e-05,2996634.580,6.182499e-03,3.766053e+01,1.934469e-04,9.639554e-05,3015708.273,1.250000e-04,10.40,17463.69
3679,5.401612e-03,3.720580e+01,1.146237e-04,1.069590e-04,2997383.875,4.531575e-03,3.708879e+01,6.201987e-05,4.049951e-05,2999750.070,1.250000e-04,10.55,17474.24
3680,5.119003e-03,3.707831e+01,9.950694e-05,8.322053e-05,2996818.662,4.865117e-03,3.797599e+01,6.829226e-05,7.691914e-05,3018411.867,1.250000e-04,10.51,17484.74
3681,5.258966e-03,3.714242e+01,1.058774e-04,9.719001e-05,2997339.373,4.934039e-03,3.686944e+01,8.906014e-05,7.129883e-05,2987418.422,1.250000e-04,10.48,17495.23
3682,5.348504e-03,3.704400e+01,1.096008e-04,1.096192e-04,2996518.221,6.010036e-03,3.756163e+01,2.011967e-04,4.838113e-05,2997795.250,1.250000e-04,10.67,17505.90
3683,5.559267e-03,3.745166e+01,1.249680e-04,1.128842e-04,2997383.070,5.897070e-03,3.624656e+01,1.122611e-04,2.299606e-04,2967736.008,1.250000e-04,10.30,17516.20
3684,5.522577e-03,3.721118e+01,1.234190e-04,1.134536e-04,2996304.904,5.150660e-03,3.766266e+01,1.246655e-04,2.754775e-05,3003122.336,1.250000e-04,10.51,17526.71
3685,4.989335e-03,3.716124e+01,8.758234e-05,7.947754e-05,2997110.096,5.949306e-03,3.718366e+01,1.594258e-04,1.273365e-04,2989548.836,1.250000e-04,10.46,17537.16
3686,5.263997e-03,3.711645e+01,1.061765e-04,9.811758e-05,2997002.014,5.372470e-03,3.773569e+01,1.010941e-04,1.175921e-04,3022164.305,1.250000e-04,10.36,17547.52
3687,5.545586e-03,3.709352e+01,1.259933e-04,1.152601e-04,2996667.881,5.509959e-03,3.788009e+01,1.412336e-04,6.192281e-05,3018808.891,1.250000e-04,10.35,17557.87
3688,5.418529e-03,3.721038e+01,1.160343e-04,1.074297e-04,2997173.670,5.136441e-03,3.776495e+01,1.001250e-04,7.173915e-05,3020552.531,1.250000e-04,10.44,17568.31
3689,5.227389e-03,3.708644e+01,1.072032e-04,8.934270e-05,2996975.043,4.952715e-03,3.701809e+01,9.559743e-05,5.898639e-05,2996245.867,1.250000e-04,10.34,17578.65
3690,5.513245e-03,3.718819e+01,1.183977e-04,1.220897e-04,2996699.680,5.727354e-03,3.840823e+01,1.538736e-04,6.955912e-05,3003320.469,1.250000e-04,10.54,17589.19
3691,5.228557e-03,3.718894e+01,9.821703e-05,1.054986e-04,2997431.453,4.988838e-03,3.739130e+01,1.045338e-04,4.087421e-05,3004805.930,1.250000e-04,10.46,17599.65
3692,5.323491e-03,3.711490e+01,1.083634e-04,1.056736e-04,2996902.641,4.975636e-03,3.732784e+01,8.584872e-05,7.687303e-05,3017682.641,1.250000e-04,10.79,17610.44
3693,5.446111e-03,3.704680e+01,1.194116e-04,1.094629e-04,2996447.039,5.341031e-03,3.759073e+01,1.290488e-04,5.829400e-05,2995792.477,1.250000e-04,10.60,17621.03
3694,5.154691e-03,3.708465e+01,1.054828e-04,7.827953e-05,2997005.699,6.947722e-03,3.833101e+01,1.947878e-04,2.333485e-04,3030760.852,1.250000e-04,10.53,17631.56
3695,5.751101e-03,3.731349e+01,1.430104e-04,1.179295e-04,2996515.168,5.423881e-03,3.775408e+01,7.529207e-05,1.791104e-04,3004960.164,1.250000e-04,10.65,17642.21
3696,5.511823e-03,3.718891e+01,1.201959e-04,1.181947e-04,2996686.109,6.027238e-03,3.785348e+01,1.722185e-04,1.039411e-04,3023794.820,1.250000e-04,10.71,17652.92
3697,5.555569e-03,3.724382e+01,1.302291e-04,1.057792e-04,2997693.137,5.034592e-03,3.696313e+01,9.070301e-05,8.624998e-05,2994624.320,1.250000e-04,10.60,17663.52
3698,5.281265e-03,3.708591e+01,1.071900e-04,1.001547e-04,2997030.879,6.620825e-03,3.660372e+01,1.726017e-04,2.468870e-04,2963185.844,1.250000e-04,10.32,17673.83
3699,5.498469e-03,3.722366e+01,1.240707e-04,1.070794e-04,2996732.396,5.364891e-03,3.770355e+01,1.106338e-04,9.763959e-05,3015353.445,1.250000e-04,10.31,17684.14
3700,5.659238e-03,3.736935e+01,1.366497e-04,1.111614e-04,2996965.521,5.190218e-03,3.763821e+01,8.483195e-05,1.156156e-04,2978927.492,1.250000e-04,10.26,17694.40
3701,5.231993e-03,3.739702e+01,1.042828e-04,8.989256e-05,2996960.938,4.734508e-03,3.716131e+01,7.662962e-05,5.041623e-05,2996102.570,1.250000e-04,10.44,17704.84
3702,5.221643e-03,3.716871e+01,1.023935e-04,9.616735e-05,2996678.932,4.892044e-03,3.660684e+01,7.907663e-05,8.811874e-05,2981622.789,1.250000e-04,10.29,17715.13
3703,5.192866e-03,3.715340e+01,1.047541e-04,8.599700e-05,2997028.025,5.789944e-03,3.763432e+01,1.608028e-04,8.369683e-05,3002953.023,1.250000e-04,10.67,17725.80
3704,5.432231e-03,3.719910e+01,1.197209e-04,1.030224e-04,2997372.455,4.784200e-03,3.686207e+01,6.560885e-05,8.838091e-05,2975976.250,1.250000e-04,10.34,17736.13
3705,5.319791e-03,3.722819e+01,1.119736e-04,9.544718e-05,2996638.895,5.928701e-03,3.675155e+01,1.784911e-04,9.372680e-05,2985833.766,1.250000e-04,10.28,17746.41
3706,5.229901e-03,3.706441e+01,1.098926e-04,8.490678e-05,2996960.590,5.163910e-03,3.693387e+01,1.212761e-04,5.155243e-05,2998762.539,1.250000e-04,10.64,17757.05
3707,5.334775e-03,3.712991e+01,1.115448e-04,1.012673e-04,2997028.734,4.939117e-03,3.711054e+01,1.031965e-04,3.921972e-05,3004115.109,1.250000e-04,10.51,17767.57
3708,5.356520e-03,3.695738e+01,1.166767e-04,9.880308e-05,2996658.244,5.415627e-03,3.658655e+01,1.120107e-04,1.273730e-04,2976933.914,1.250000e-04,10.22,17777.78
3709,5.292548e-03,3.713585e+01,1.116758e-04,9.244096e-05,2997441.215,4.796870e-03,3.696513e+01,9.351019e-05,3.305117e-05,2989159.219,1.250000e-04,10.55,17788.33
3710,5.143040e-03,3.711059e+01,1.009311e-04,8.453420e-05,2996801.713,6.567291e-03,3.619464e+01,1.786505e-04,2.322643e-04,2962096.695,1.250000e-04,10.28,17798.61
3711,5.625220e-03,3.717237e+01,1.269018e-04,1.277930e-04,2996674.004,4.957681e-03,3.759798e+01,6.143074e-05,1.167152e-04,3020900.688,1.250000e-04,10.30,17808.91
3712,5.287171e-03,3.724637e+01,1.097138e-04,9.307927e-05,2997103.000,4.726534e-03,3.765582e+01,7.214062e-05,4.790911e-05,3009627.969,1.250000e-04,10.31,17819.22
3713,5.291663e-03,3.703332e+01,1.110769e-04,9.551225e-05,2996555.010,9.622196e-03,3.965368e+01,2.287689e-04,6.738276e-04,3072316.289,1.250000e-04,10.55,17829.77
3714,5.437516e-03,3.716829e+01,1.105100e-04,1.231174e-04,2997463.990,4.785964e-03,3.679783e+01,6.733138e-05,8.657341e-05,2982410.539,1.250000e-04,10.45,17840.22
3715,5.423952e-03,3.704305e+01,1.153582e-04,1.132131e-04,2996892.201,6.204172e-03,3.607824e+01,1.742168e-04,1.708361e-04,2968112.320,1.250000e-04,10.57,17850.80
3716,5.163268e-03,3.695205e+01,1.004753e-04,9.266195e-05,2997356.152,4.649086e-03,3.731808e+01,6.671386e-05,5.002784e-05,2992351.102,1.250000e-04,10.59,17861.38
3717,5.195557e-03,3.711146e+01,9.947113e-05,9.793984e-05,2996734.961,6.509987e-03,3.815608e+01,1.909383e-04,1.569994e-04,3018464.578,1.250000e-04,10.57,17871.95
3718,5.224411e-03,3.698988e+01,1.043532e-04,9.637836e-05,2996665.094,5.287427e-03,3.798437e+01,1.057629e-04,8.627236e-05,3022302.062,1.250000e-04,10.59,17882.54
3719,5.696282e-03,3.707695e+01,1.345923e-04,1.285329e-04,2996835.494,4.714646e-03,3.769109e+01,7.198481e-05,4.513777e-05,3008749.430,1.250000e-04,10.15,17892.69
3720,5.321695e-03,3.708933e+01,1.048930e-04,1.127665e-04,2997056.008,5.501994e-03,3.823318e+01,1.062832e-04,1.231689e-04,3024699.805,1.250000e-04,10.37,17903.06
3721,5.521418e-03,3.733491e+01,1.249450e-04,1.076952e-04,2997400.785,6.499596e-03,3.707513e+01,1.498499e-04,2.587167e-04,2961917.367,1.250000e-04,10.51,17913.57
3722,5.255603e-03,3.722441e+01,1.104425e-04,8.574749e-05,2996769.354,5.771647e-03,3.735345e+01,1.162074e-04,1.748457e-04,3018663.297,1.250000e-04,10.53,17924.09
3723,5.301074e-03,3.703710e+01,1.072785e-04,1.049158e-04,2996617.137,5.306598e-03,3.793002e+01,9.115806e-05,1.204031e-04,3025393.281,1.250000e-04,10.75,17934.84
3724,5.351108e-03,3.724359e+01,1.058285e-04,1.136929e-04,2997104.375,4.956925e-03,3.746663e+01,8.226408e-05,7.752424e-05,3008253.383,1.250000e-04,10.72,17945.56
3725,5.475796e-03,3.713576e+01,1.207609e-04,1.109222e-04,2997056.764,5.625255e-03,3.774473e+01,1.277950e-04,1.145664e-04,2982509.742,1.250000e-04,10.64,17956.20
3726,5.354224e-03,3.717984e+01,1.118703e-04,1.035075e-04,2996956.934,5.160839e-03,3.725726e+01,1.227945e-04,4.143359e-05,2989874.906,1.250000e-04,10.70,17966.90
3727,5.442765e-03,3.724891e+01,1.112383e-04,1.210981e-04,2996857.881,5.741384e-03,3.616439e+01,1.354828e-04,1.540234e-04,2972124.055,1.250000e-04,10.79,17977.69
3728,5.663584e-03,3.721033e+01,1.323853e-04,1.237394e-04,2996253.143,4.463614e-03,3.719359e+01,5.275255e-05,4.334595e-05,2993712.859,1.250000e-04,10.68,17988.37
3729,5.100723e-03,3.715515e+01,9.509217e-05,8.685738e-05,2997254.969,4.479016e-03,3.691316e+01,5.681994e-05,4.390028e-05,2993932.719,1.250000e-04,10.74,17999.12
3730,4.932800e-03,3.707589e+01,8.776226e-05,6.951765e-05,2996849.193,6.459435e-03,3.835820e+01,1.706571e-04,1.834088e-04,3032926.258,1.250000e-04,10.68,18009.80
3731,5.202243e-03,3.704233e+01,1.102901e-04,7.902187e-05,2997364.658,5.437151e-03,3.705006e+01,1.179039e-04,1.106209e-04,2980730.430,1.250000e-04,10.37,18020.17
3732,5.308499e-03,3.715915e+01,1.081708e-04,1.021751e-04,2996958.893,4.763926e-03,3.694870e+01,7.672925e-05,6.035255e-05,2983890.953,1.250000e-04,10.57,18030.74
3733,5.400507e-03,3.695100e+01,1.172653e-04,1.065508e-04,2996460.633,4.769809e-03,3.698821e+01,8.340802e-05,4.738172e-05,2992151.125,1.250000e-04,10.41,18041.15
3734,5.276814e-03,3.705640e+01,1.037731e-04,1.066886e-04,2997742.840,5.386339e-03,3.742860e+01,1.283208e-04,7.205427e-05,3002580.328,1.250000e-04,10.38,18051.52
3735,5.136868e-03,3.702212e+01,9.699840e-05,9.293444e-05,2996733.123,5.291470e-03,3.740836e+01,1.289214e-04,5.228414e-05,3003118.852,1.250000e-04,10.61,18062.13
3736,5.401208e-03,3.727478e+01,1.163753e-04,1.019955e-04,2997171.213,6.647890e-03,3.607218e+01,1.444441e-04,3.192461e-04,2961269.414,1.250000e-04,10.41,18072.54
3737,5.349442e-03,3.701740e+01,1.118361e-04,1.058682e-04,2996928.113,5.398740e-03,3.708773e+01,1.379527e-04,6.208801e-05,3004042.281,1.250000e-04,10.54,18083.08
3738,5.788888e-03,3.733244e+01,1.349700e-04,1.411889e-04,2996857.305,6.401577e-03,3.717283e+01,1.856435e-04,1.655718e-04,2974902.609,1.250000e-04,10.64,18093.72
3739,5.625050e-03,3.746622e+01,1.375799e-04,1.005258e-04,2997808.066,1.389029e-02,3.548898e+01,4.332785e-04,1.201721e-03,2908293.086,1.250000e-04,10.48,18104.20
3740,5.615185e-03,3.742794e+01,1.204864e-04,1.335054e-04,2996000.121,4.882102e-03,3.741794e+01,9.780310e-05,3.245542e-05,2994089.930,1.250000e-04,10.32,18114.52
3741,5.297766e-03,3.727747e+01,1.143018e-04,8.540024e-05,2996681.885,4.914427e-03,3.743500e+01,9.412314e-05,4.593922e-05,3004355.672,1.250000e-04,10.50,18125.02
3742,5.463024e-03,3.722586e+01,1.197510e-04,1.085857e-04,2997039.436,4.995597e-03,3.684508e+01,7.222643e-05,1.177648e-04,2991248.008,1.250000e-04,10.18,18135.19
3743,5.168125e-03,3.713126e+01,1.050141e-04,8.097143e-05,2996881.516,4.391609e-03,3.694860e+01,5.183832e-05,3.567329e-05,3001880.062,1.250000e-04,10.22,18145.41
3744,5.510777e-03,3.723860e+01,1.242409e-04,1.089017e-04,2996693.340,4.587681e-03,3.662595e+01,6.256228e-05,5.989267e-05,2985780.031,1.250000e-04,10.33,18155.73
3745,5.491885e-03,3.728589e+01,1.219363e-04,1.087866e-04,2997160.551,7.816092e-03,3.688444e+01,3.314368e-04,1.626560e-04,2975861.680,1.250000e-04,10.35,18166.08
3746,5.481785e-03,3.728253e+01,1.264223e-04,9.786181e-05,2996638.059,5.789409e-03,3.818078e+01,1.322025e-04,1.298612e-04,3022227.219,1.250000e-04,10.48,18176.56
3747,5.475873e-03,3.727706e+01,1.150367e-04,1.195600e-04,2996780.834,5.733979e-03,3.855452e+01,1.322472e-04,1.112110e-04,3013192.688,1.250000e-04,10.71,18187.27
3748,5.344821e-03,3.732877e+01,1.124199e-04,9.754893e-05,2997390.539,4.673615e-03,3.722932e+01,6.994547e-05,5.024552e-05,2987140.680,1.250000e-04,10.57,18197.84
3749,5.363834e-03,3.733430e+01,1.111730e-04,1.037348e-04,2996354.832,5.306485e-03,3.711473e+01,1.132112e-04,9.258020e-05,2988780.789,1.250000e-04,10.70,18208.54
3750,5.587291e-03,3.716301e+01,1.252625e-04,1.236730e-04,2997251.523,5.108945e-03,3.739226e+01,9.179017e-05,9.036355e-05,2979447.922,1.250000e-04,10.23,18218.78
3751,5.329593e-03,3.737118e+01,1.037426e-04,1.110096e-04,2996435.576,4.775862e-03,3.759539e+01,8.687185e-05,2.952083e-05,3003549.500,1.250000e-04,10.51,18229.29
3752,5.130695e-03,3.724992e+01,1.028980e-04,7.534446e-05,2997446.152,4.797943e-03,3.751792e+01,9.291947e-05,2.339132e-05,3000325.711,1.250000e-04,10.33,18239.62
3753,5.136015e-03,3.709206e+01,9.320380e-05,9.895434e-05,2997100.004,5.077068e-03,3.639351e+01,9.283101e-05,1.018815e-04,2983851.891,1.250000e-04,10.49,18250.12
3754,5.324154e-03,3.709808e+01,1.127868e-04,9.729569e-05,2996853.080,5.189086e-03,3.720006e+01,1.046869e-04,8.444213e-05,2987163.391,1.250000e-04,10.57,18260.69
3755,5.292974e-03,3.708422e+01,1.097791e-04,9.735218e-05,2997294.627,5.913167e-03,3.713606e+01,1.542340e-04,1.314442e-04,3007979.797,1.250000e-04,10.44,18271.13
3756,5.251921e-03,3.706511e+01,1.106785e-04,8.772500e-05,2996834.969,5.340916e-03,3.765838e+01,1.233326e-04,6.835037e-05,3013551.992,1.250000e-04,10.48,18281.61
3757,5.318849e-03,3.717105e+01,1.072383e-04,1.058721e-04,2996817.984,5.174983e-03,3.762929e+01,1.069855e-04,6.843978e-05,3003563.344,1.250000e-04,10.43,18292.04
3758,5.379095e-03,3.705095e+01,1.192912e-04,9.621766e-05,2997516.033,1.404112e-02,3.478020e+01,4.477543e-04,1.217111e-03,2902824.031,1.250000e-04,10.47,18302.51
3759,5.383865e-03,3.721770e+01,1.073987e-04,1.176215e-04,2996212.598,5.671593e-03,3.808694e+01,1.293112e-04,1.139574e-04,3022695.242,1.250000e-04,10.54,18313.06
3760,5.214616e-03,3.723346e+01,1.018422e-04,9.456974e-05,2997015.902,4.657746e-03,3.680067e+01,8.063400e-05,3.426793e-05,2997743.781,1.250000e-04,10.62,18323.68
3761,5.273021e-03,3.693262e+01,1.067781e-04,1.023956e-04,2997126.424,5.304433e-03,3.783806e+01,1.308218e-04,4.248189e-05,3008084.914,1.250000e-04,10.83,18334.51
3762,5.526244e-03,3.713066e+01,1.284574e-04,1.057206e-04,2996820.053,7.996890e-03,3.743318e+01,3.097305e-04,2.312536e-04,3008610.859,1.250000e-04,10.79,18345.30
3763,5.700483e-03,3.744535e+01,1.392769e-04,1.126357e-04,2997250.008,4.920970e-03,3.776836e+01,8.276040e-05,6.330605e-05,3011738.875,1.250000e-04,10.63,18355.93
3764,5.223928e-03,3.709804e+01,1.094490e-04,8.392692e-05,2996771.068,5.472237e-03,3.651062e+01,1.195713e-04,1.250923e-04,2980814.695,1.250000e-04,10.66,18366.58
3765,5.315083e-03,3.711458e+01,1.125277e-04,9.566964e-05,2997034.818,5.169608e-03,3.768525e+01,9.384485e-05,9.252686e-05,3020726.031,1.250000e-04,10.67,18377.25
3766,5.157153e-03,3.714257e+01,9.833197e-05,9.191532e-05,2997124.934,4.760390e-03,3.729363e+01,8.418855e-05,3.782837e-05,3006490.000,1.250000e-04,10.29,18387.55
3767,5.404966e-03,3.725877e+01,1.159802e-04,1.038575e-04,2997038.775,6.378471e-03,3.746929e+01,1.663198e-04,1.936686e-04,3015364.531,1.250000e-04,10.41,18397.95
3768,5.444325e-03,3.716277e+01,1.139358e-04,1.177380e-04,2996499.781,5.332017e-03,3.794396e+01,9.838940e-05,1.107453e-04,3018748.977,1.250000e-04,10.62,18408.57
3769,5.222110e-03,3.703151e+01,1.028746e-04,9.804256e-05,2997631.094,4.808766e-03,3.709031e+01,7.115976e-05,7.762742e-05,2990469.281,1.250000e-04,10.62,18419.19
3770,5.348125e-03,3.714365e+01,1.172736e-04,9.220481e-05,2996685.109,5.924613e-03,3.737067e+01,1.908227e-04,5.586396e-05,2991644.672,1.250000e-04,10.68,18429.87
3771,5.131915e-03,3.705350e+01,1.019615e-04,8.139002e-05,2997003.305,5.552847e-03,3.781028e+01,1.147089e-04,1.249460e-04,2989440.820,1.250000e-04,10.68,18440.55
3772,5.557052e-03,3.726155e+01,1.246285e-04,1.169226e-04,2997019.949,4.931853e-03,3.678462e+01,1.024951e-04,4.568819e-05,2992403.625,1.250000e-04,10.25,18450.81
3773,6.000047e-03,3.735609e+01,1.543002e-04,1.442872e-04,2996120.846,5.928586e-03,3.679633e+01,1.722047e-04,1.053813e-04,2978276.125,1.250000e-04,10.55,18461.35
3774,5.218737e-03,3.708009e+01,1.083327e-04,8.548033e-05,2997258.213,4.799910e-03,3.770701e+01,6.617756e-05,7.348678e-05,3013193.852,1.250000e-04,10.40,18471.75
3775,5.128694e-03,3.716055e+01,9.906834e-05,8.439100e-05,2996986.932,4.722458e-03,3.764556e+01,6.662302e-05,5.833438e-05,3011000.352,1.250000e-04,10.61,18482.36
3776,5.533234e-03,3.725691e+01,1.294055e-04,1.026977e-04,2997225.463,6.059448e-03,3.652722e+01,1.735494e-04,1.342463e-04,2976368.867,1.250000e-04,10.57,18492.92
3777,5.394272e-03,3.726242e+01,1.163750e-04,1.008559e-04,2996438.074,5.018087e-03,3.759595e+01,1.030185e-04,4.566127e-05,3001182.891,1.250000e-04,10.20,18503.13
3778,5.308830e-03,3.710747e+01,1.057948e-04,1.080270e-04,2997442.938,5.444029e-03,3.689313e+01,1.427829e-04,6.537744e-05,2987522.969,1.250000e-04,10.60,18513.73
3779,5.657430e-03,3.736918e+01,1.404112e-04,1.032801e-04,2996849.209,5.951866e-03,3.795477e+01,1.762456e-04,7.878664e-05,3002339.102,1.250000e-04,9.92,18523.65
3780,5.496909e-03,3.711654e+01,1.187063e-04,1.196384e-04,2997230.357,6.604017e-03,3.661690e+01,2.312948e-04,1.258758e-04,2978767.953,1.250000e-04,10.32,18533.97
3781,5.578183e-03,3.716500e+01,1.321184e-04,1.080997e-04,2996615.369,5.773878e-03,3.848733e+01,1.433212e-04,9.838674e-05,3023290.305,1.250000e-04,10.27,18544.24
3782,5.305442e-03,3.725004e+01,1.122752e-04,9.153720e-05,2997646.248,5.986665e-03,3.690293e+01,1.638760e-04,1.315225e-04,2971735.477,1.250000e-04,10.32,18554.56
3783,5.492164e-03,3.725449e+01,1.338351e-04,8.567280e-05,2996453.379,5.342070e-03,3.722928e+01,1.358825e-04,5.206344e-05,3003631.031,1.250000e-04,10.42,18564.98
3784,5.159289e-03,3.715162e+01,9.866688e-05,9.149170e-05,2996888.275,5.487813e-03,3.814907e+01,9.327912e-05,1.480230e-04,3020563.852,1.250000e-04,10.23,18575.22
3785,5.684553e-03,3.717352e+01,1.421957e-04,1.090488e-04,2996685.314,5.409310e-03,3.645389e+01,1.069989e-04,1.387865e-04,2980834.875,1.250000e-04,10.28,18585.50
3786,5.676221e-03,3.723795e+01,1.337248e-04,1.230355e-04,2996666.137,7.062746e-03,3.752048e+01,2.618712e-04,1.383973e-04,3012973.672,1.250000e-04,10.29,18595.78
3787,5.212058e-03,3.710633e+01,1.056451e-04,8.899490e-05,2997313.754,5.091586e-03,3.677165e+01,1.184165e-04,4.605115e-05,2990028.438,1.250000e-04,10.30,18606.08
3788,5.175979e-03,3.712129e+01,1.054873e-04,8.179546e-05,2997074.715,4.909326e-03,3.709911e+01,1.052743e-04,2.933439e-05,2997079.859,1.250000e-04,10.16,18616.24
3789,5.148566e-03,3.704744e+01,1.028420e-04,8.308033e-05,2997214.482,5.322512e-03,3.728609e+01,1.274244e-04,6.393183e-05,3014493.789,1.250000e-04,10.25,18626.50
3790,5.165576e-03,3.703570e+01,9.822152e-05,9.595817e-05,2997094.898,5.388059e-03,3.754046e+01,1.346529e-04,5.749690e-05,3000230.328,1.250000e-04,10.30,18636.79
3791,5.193862e-03,3.709041e+01,1.031686e-04,9.062712e-05,2997124.061,4.586942e-03,3.726334e+01,7.152374e-05,2.907406e-05,3005847.711,1.250000e-04,10.52,18647.31
3792,5.046064e-03,3.692618e+01,9.187206e-05,8.694502e-05,2997003.158,6.063234e-03,3.738734e+01,1.577287e-04,1.494425e-04,3003441.609,1.250000e-04,10.17,18657.48
3793,5.310636e-03,3.701703e+01,1.110959e-04,9.959482e-05,2997457.020,5.216590e-03,3.606275e+01,1.029240e-04,1.162150e-04,2980041.438,1.250000e-04,10.61,18668.09
3794,5.389764e-03,3.713319e+01,1.170358e-04,1.012174e-04,2996753.072,5.032860e-03,3.756511e+01,1.002856e-04,5.469855e-05,3010354.492,1.250000e-04,10.52,18678.60
3795,5.280482e-03,3.700082e+01,1.081100e-04,9.986004e-05,2996673.879,4.695904e-03,3.734959e+01,7.539467e-05,4.139984e-05,3009039.258,1.250000e-04,10.48,18689.08
3796,5.504802e-03,3.706745e+01,1.197984e-04,1.200146e-04,2996978.498,5.562652e-03,3.830622e+01,1.155719e-04,1.152623e-04,3023749.953,1.250000e-04,10.48,18699.56
3797,5.126447e-03,3.711422e+01,9.793474e-05,8.713551e-05,2997101.686,4.464241e-03,3.669910e+01,6.391285e-05,3.104050e-05,2995567.211,1.250000e-04,10.24,18709.80
3798,5.534312e-03,3.710367e+01,1.269932e-04,1.108027e-04,2996840.512,1.093115e-02,3.883793e+01,4.679989e-04,4.734743e-04,3057340.375,1.250000e-04,10.38,18720.18
3799,5.393473e-03,3.724760e+01,1.141088e-04,1.055250e-04,2997503.572,5.811839e-03,3.645153e+01,1.091670e-04,2.150032e-04,2964858.484,1.250000e-04,10.60,18730.78
3800,5.188778e-03,3.716240e+01,1.032362e-04,8.803499e-05,2996815.979,6.818219e-03,3.656220e+01,2.099072e-04,2.125854e-04,2964694.484,1.250000e-04,10.76,18741.54
3801,5.639027e-03,3.738642e+01,1.337161e-04,1.126450e-04,2996510.793,5.077142e-03,3.763681e+01,1.047296e-04,5.323317e-05,3010789.219,1.250000e-04,10.78,18752.32
3802,5.210791e-03,3.704514e+01,1.065772e-04,8.810080e-05,2996804.912,5.829261e-03,3.743453e+01,1.467914e-04,1.235788e-04,3005801.547,1.250000e-04,10.45,18762.77
3803,5.417634e-03,3.706450e+01,1.172486e-04,1.077396e-04,2997724.363,5.667503e-03,3.662868e+01,8.812468e-05,2.246779e-04,2965622.703,1.250000e-04,10.46,18773.23
3804,5.002775e-03,3.700202e+01,8.993063e-05,8.065339e-05,2997078.512,5.390871e-03,3.638197e+01,1.087791e-04,1.329768e-04,2969412.367,1.250000e-04,10.47,18783.70
3805,5.425168e-03,3.712209e+01,1.219093e-04,9.877302e-05,2996664.070,7.771630e-03,3.585524e+01,1.706181e-04,4.959850e-04,2941445.055,1.250000e-04,10.64,18794.34
3806,5.219863e-03,3.714493e+01,1.059357e-04,8.920258e-05,2996840.432,5.501015e-03,3.685797e+01,1.428257e-04,7.739215e-05,2985069.406,1.250000e-04,10.69,18805.03
3807,5.719020e-03,3.722982e+01,1.391026e-04,1.210025e-04,2997527.955,4.562715e-03,3.729502e+01,6.667939e-05,3.328379e-05,3000009.453,1.250000e-04,10.69,18815.71
3808,5.134051e-03,3.693434e+01,9.922393e-05,8.967569e-05,2996065.342,6.811849e-03,3.858740e+01,1.401675e-04,3.102866e-04,3048186.672,1.250000e-04,10.93,18826.65
3809,5.203833e-03,3.700424e+01,1.043817e-04,9.191841e-05,2997454.527,4.770508e-03,3.642870e+01,7.088792e-05,8.375182e-05,2995494.656,1.250000e-04,10.48,18837.13
3810,5.624305e-03,3.707275e+01,1.293304e-04,1.247453e-04,2997228.756,4.994793e-03,3.745242e+01,1.000980e-04,4.971423e-05,2998433.969,1.250000e-04,10.75,18847.88
3811,5.184668e-03,3.701147e+01,1.031811e-04,9.034194e-05,2997077.375,5.610438e-03,3.740360e+01,1.415483e-04,9.091915e-05,3010471.406,1.250000e-04,10.50,18858.38
3812,5.586804e-03,3.717619e+01,1.226263e-04,1.285845e-04,2997236.473,6.090492e-03,3.666251e+01,1.954629e-04,9.392238e-05,2989090.000,1.250000e-04,10.63,18869.02
3813,5.443328e-03,3.714789e+01,1.294527e-04,8.680232e-05,2996848.041,4.745627e-03,3.772298e+01,7.403026e-05,4.660523e-05,3009723.070,1.250000e-04,10.75,18879.77
3814,4.983199e-03,3.698063e+01,8.875159e-05,7.952404e-05,2997224.643,4.661179e-03,3.731274e+01,6.402094e-05,5.793914e-05,3009691.391,1.250000e-04,10.98,18890.75
3815,5.485989e-03,3.708273e+01,1.255635e-04,1.044163e-04,2996409.074,5.016737e-03,3.765753e+01,8.236687e-05,8.546302e-05,3022643.742,1.250000e-04,10.50,18901.25
3816,5.320918e-03,3.700907e+01,1.138193e-04,9.636355e-05,2997774.361,4.933940e-03,3.694603e+01,6.665058e-05,1.145662e-04,2983433.523,1.250000e-04,10.66,18911.92
3817,5.424008e-03,3.727822e+01,1.179249e-04,1.033873e-04,2996447.289,5.445580e-03,3.681201e+01,1.157890e-04,1.212978e-04,2984203.789,1.250000e-04,10.35,18922.26
3818,5.385379e-03,3.714062e+01,1.190740e-04,9.611544e-05,2997404.594,5.333725e-03,3.624588e+01,6.295781e-05,2.159118e-04,2964747.203,1.250000e-04,10.57,18932.83
3819,5.233957e-03,3.708916e+01,1.026002e-04,9.980797e-05,2996659.486,5.256551e-03,3.737797e+01,1.235649e-04,5.662091e-05,3009069.445,1.250000e-04,10.34,18943.17
3820,5.044232e-03,3.691642e+01,9.141627e-05,8.768559e-05,2997323.979,5.412483e-03,3.633873e+01,6.556614e-05,2.245898e-04,2963433.805,1.250000e-04,10.80,18953.97
3821,5.214801e-03,3.695658e+01,1.057245e-04,9.237969e-05,2996887.492,5.259344e-03,3.664147e+01,7.940142e-05,1.602366e-04,2986690.414,1.250000e-04,10.21,18964.19
3822,5.335687e-03,3.714185e+01,1.057425e-04,1.128155e-04,2997290.488,6.160226e-03,3.796287e+01,1.685328e-04,1.357222e-04,2997368.461,1.250000e-04,10.34,18974.52
3823,5.528694e-03,3.723636e+01,1.224679e-04,1.160757e-04,2996464.344,5.729111e-03,3.799169e+01,1.149393e-04,1.561099e-04,3031010.594,1.250000e-04,10.50,18985.03
3824,5.404119e-03,3.710663e+01,1.205287e-04,9.763398e-05,2997678.447,5.266241e-03,3.675638e+01,1.212040e-04,7.571240e-05,2984226.391,1.250000e-04,10.33,18995.36
3825,5.234184e-03,3.692575e+01,1.096059e-04,8.911000e-05,2996677.646,6.588460e-03,3.874825e+01,1.654714e-04,2.117843e-04,3028783.430,1.250000e-04,10.29,19005.65
3826,5.512444e-03,3.722904e+01,1.214828e-04,1.149422e-04,2997518.934,9.209709e-03,3.527651e+01,2.261929e-04,6.840257e-04,2928592.586,1.250000e-04,10.51,19016.15
3827,5.573659e-03,3.734311e+01,1.245392e-04,1.187912e-04,2996399.598,4.753422e-03,3.675752e+01,7.253547e-05,7.046310e-05,2982399.945,1.250000e-04,10.61,19026.76
3828,5.337923e-03,3.717843e+01,1.145394e-04,9.493715e-05,2996871.094,4.894465e-03,3.667711e+01,8.676023e-05,7.183030e-05,2986361.688,1.250000e-04,10.13,19036.90
3829,5.449792e-03,3.706055e+01,1.185417e-04,1.116641e-04,2996720.797,6.914496e-03,3.832076e+01,1.907721e-04,2.349398e-04,3036075.438,1.250000e-04,10.42,19047.32
3830,5.304883e-03,3.704565e+01,1.062528e-04,1.075581e-04,2997000.180,5.319289e-03,3.787225e+01,1.034203e-04,9.957204e-05,3025038.000,1.250000e-04,10.42,19057.74
3831,5.369704e-03,3.704739e+01,1.224908e-04,8.801128e-05,2997364.469,6.265823e-03,3.774998e+01,2.069864e-04,8.419228e-05,3011649.648,1.250000e-04,10.31,19068.05
3832,5.378059e-03,3.700471e+01,1.201203e-04,9.527718e-05,2996894.820,5.570203e-03,3.687216e+01,1.206062e-04,1.353850e-04,2973846.141,1.250000e-04,10.32,19078.37
3833,5.309104e-03,3.704788e+01,1.105732e-04,9.971696e-05,2997274.322,4.706603e-03,3.707553e+01,8.407774e-05,3.165455e-05,2999850.609,1.250000e-04,10.40,19088.76
3834,5.351413e-03,3.693343e+01,1.211204e-04,8.937316e-05,2996918.326,4.797136e-03,3.723690e+01,6.734031e-05,8.000866e-05,3015413.992,1.250000e-04,10.39,19099.16
3835,5.105200e-03,3.688227e+01,1.062495e-04,7.089541e-05,2996861.475,6.253599e-03,3.765313e+01,1.429088e-04,2.118394e-04,3026893.578,1.250000e-04,10.72,19109.88
3836,5.204266e-03,3.703653e+01,1.038880e-04,9.234663e-05,2997219.072,5.710422e-03,3.736018e+01,1.626795e-04,6.952168e-05,2991864.531,1.250000e-04,10.56,19120.44
3837,5.186582e-03,3.713848e+01,9.482831e-05,1.048902e-04,2997103.943,6.342485e-03,3.735532e+01,2.116064e-04,9.817777e-05,2998659.414,1.250000e-04,10.49,19130.93
3838,5.100177e-03,3.688026e+01,1.017128e-04,7.900454e-05,2997004.502,5.363687e-03,3.752517e+01,1.356479e-04,5.093836e-05,3005886.836,1.250000e-04,10.49,19141.41
3839,5.743755e-03,3.695692e+01,1.368232e-04,1.359663e-04,2997062.713,4.883222e-03,3.781024e+01,8.825936e-05,4.392097e-05,3003454.992,1.250000e-04,10.59,19152.01
3840,5.236328e-03,3.714916e+01,1.060634e-04,9.215551e-05,2996924.115,4.697585e-03,3.677800e+01,7.930914e-05,4.533879e-05,2989716.711,1.250000e-04,10.64,19162.64
3841,5.376604e-03,3.700433e+01,1.140363e-04,1.071617e-04,2997449.273,6.698072e-03,3.739518e+01,1.316957e-04,3.283193e-04,2959331.102,1.250000e-04,10.60,19173.25
3842,5.652144e-03,3.730508e+01,1.276111e-04,1.291052e-04,2996269.826,5.424674e-03,3.684649e+01,1.360909e-04,7.582322e-05,2996655.883,1.250000e-04,10.91,19184.16
3843,5.314596e-03,3.708410e+01,1.077608e-04,1.057158e-04,2997244.828,6.330025e-03,3.812090e+01,2.033608e-04,9.686527e-05,3017067.305,1.250000e-04,10.36,19194.51
3844,5.515149e-03,3.713966e+01,1.189513e-04,1.223341e-04,2995915.754,5.136970e-03,3.704774e+01,1.086883e-04,6.906280e-05,2983457.930,1.250000e-04,10.89,19205.41
3845,5.611165e-03,3.727796e+01,1.279342e-04,1.208057e-04,2996925.908,6.329493e-03,3.868777e+01,1.268383e-04,2.384664e-04,3014495.719,1.250000e-04,10.42,19215.82
3846,5.771452e-03,3.746989e+01,1.467395e-04,1.114134e-04,2996903.619,5.485361e-03,3.659139e+01,1.446964e-04,7.585159e-05,2984504.164,1.250000e-04,10.48,19226.30
3847,5.237412e-03,3.725904e+01,1.068757e-04,8.855012e-05,2997077.729,4.787266e-03,3.741210e+01,8.047656e-05,4.825815e-05,3008680.898,1.250000e-04,10.50,19236.80
3848,5.278130e-03,3.698595e+01,1.088427e-04,9.822161e-05,2997277.441,5.660291e-03,3.645057e+01,1.220318e-04,1.589832e-04,2968097.141,1.250000e-04,10.53,19247.33
3849,5.388617e-03,3.712994e+01,1.176060e-04,9.991263e-05,2996903.168,6.218557e-03,3.600916e+01,1.766555e-04,1.702173e-04,2973030.719,1.250000e-04,10.67,19258.00
3850,5.013086e-03,3.700081e+01,9.197729e-05,7.864654e-05,2997187.260,5.197362e-03,3.659270e+01,1.100142e-04,8.759019e-05,2995103.500,1.250000e-04,10.31,19268.31
3851,5.232547e-03,3.693379e+01,1.133929e-04,8.104772e-05,2996712.135,5.012242e-03,3.697480e+01,9.148620e-05,7.997992e-05,2987326.227,1.250000e-04,10.31,19278.62
3852,5.409444e-03,3.702031e+01,1.130026e-04,1.154774e-04,2996771.559,5.779871e-03,3.801866e+01,1.471824e-04,1.012362e-04,3018792.516,1.250000e-04,10.08,19288.70
3853,5.376344e-03,3.715161e+01,1.126676e-04,1.069014e-04,2997331.887,5.374825e-03,3.811066e+01,9.850215e-05,1.157476e-04,3005292.773,1.250000e-04,10.47,19299.17
3854,5.346750e-03,3.713111e+01,1.121559e-04,1.024160e-04,2996712.834,6.132626e-03,3.614186e+01,1.663811e-04,1.709256e-04,2969318.555,1.250000e-04,10.06,19309.23
3855,5.312550e-03,3.713657e+01,1.016573e-04,1.164640e-04,2997246.639,4.843278e-03,3.737567e+01,8.075664e-05,5.962897e-05,3007852.523,1.250000e-04,10.18,19319.41
3856,5.370093e-03,3.703532e+01,1.145990e-04,1.041144e-04,2996721.176,5.126532e-03,3.715297e+01,1.233366e-04,3.557374e-05,2995032.297,1.250000e-04,10.24,19329.65
3857,5.257118e-03,3.712106e+01,1.058990e-04,9.720452e-05,2997172.133,4.873890e-03,3.688406e+01,9.779345e-05,4.150984e-05,2997728.664,1.250000e-04,10.29,19339.94
3858,5.543648e-03,3.736141e+01,1.278047e-04,1.058922e-04,2997000.932,5.122650e-03,3.784391e+01,7.683740e-05,1.139770e-04,2996544.453,1.250000e-04,10.63,19350.57
3859,5.345896e-03,3.710503e+01,1.092842e-04,1.085102e-04,2996735.068,4.931821e-03,3.739081e+01,9.556973e-05,4.740868e-05,3001210.680,1.250000e-04,10.39,19360.96
3860,5.292699e-03,3.709531e+01,1.072775e-04,1.020787e-04,2997407.967,5.836770e-03,3.633087e+01,1.279070e-04,1.849226e-04,2964829.758,1.250000e-04,10.16,19371.12
3861,5.677042e-03,3.708456e+01,1.306547e-04,1.324076e-04,2996286.904,5.813683e-03,3.784973e+01,1.651307e-04,7.548084e-05,3015453.500,1.250000e-04,10.32,19381.44
3862,5.457322e-03,3.719030e+01,1.216084e-04,1.044417e-04,2996707.094,6.065100e-03,3.801943e+01,1.071595e-04,2.383124e-04,3039980.617,1.250000e-04,10.28,19391.72
3863,5.396880e-03,3.707677e+01,1.188126e-04,1.002153e-04,2996996.342,5.615088e-03,3.790551e+01,1.440194e-04,7.686870e-05,3002074.531,1.250000e-04,10.48,19402.20
3864,5.414468e-03,3.710107e+01,1.153821e-04,1.101079e-04,2996996.545,5.279716e-03,3.779108e+01,1.229951e-04,5.413154e-05,3001375.297,1.250000e-04,10.38,19412.58
3865,5.195574e-03,3.710937e+01,1.071055e-04,8.271645e-05,2997119.912,5.252421e-03,3.687041e+01,1.200319e-04,7.301228e-05,2992645.461,1.250000e-04,10.29,19422.86
3866,5.512149e-03,3.730916e+01,1.267891e-04,1.026685e-04,2996860.695,4.962058e-03,3.713852e+01,1.028509e-04,4.393931e-05,2990274.945,1.250000e-04,10.33,19433.20
3867,5.495872e-03,3.711310e+01,1.195723e-04,1.177678e-04,2996984.068,4.479603e-03,3.635431e+01,4.843652e-05,7.196125e-05,2979692.242,1.250000e-04,10.39,19443.59
3868,5.374114e-03,3.691363e+01,1.157890e-04,1.049722e-04,2997049.162,6.344566e-03,3.596417e+01,1.686719e-04,2.122862e-04,2968171.297,1.250000e-04,10.48,19454.07
3869,5.673480e-03,3.731020e+01,1.321539e-04,1.241842e-04,2997062.457,5.151644e-03,3.684796e+01,1.036892e-04,8.599123e-05,2987035.172,1.250000e-04,10.38,19464.45
3870,5.260823e-03,3.713046e+01,1.078455e-04,9.386437e-05,2996723.021,4.874026e-03,3.744508e+01,8.490495e-05,5.609380e-05,3004504.883,1.250000e-04,10.21,19474.66
3871,5.396463e-03,3.712616e+01,1.140824e-04,1.086048e-04,2997480.551,5.142243e-03,3.728410e+01,8.593618e-05,1.108944e-04,2977945.312,1.250000e-04,10.49,19485.15
3872,5.526295e-03,3.723568e+01,1.303688e-04,9.980792e-05,2996625.611,4.865850e-03,3.699104e+01,8.462572e-05,6.409766e-05,3012656.664,1.250000e-04,10.43,19495.58
3873,5.186745e-03,3.699890e+01,1.042986e-04,8.877397e-05,2997296.506,4.777243e-03,3.630477e+01,8.416612e-05,6.102099e-05,2982349.000,1.250000e-04,10.22,19505.80
3874,5.062798e-03,3.676635e+01,9.882953e-05,7.957358e-05,2996563.434,4.937202e-03,3.736716e+01,8.986896e-05,6.035932e-05,3017078.188,1.250000e-04,10.30,19516.11
3875,5.479803e-03,3.722661e+01,1.227240e-04,1.059805e-04,2997441.656,6.384062e-03,3.665063e+01,1.854933e-04,1.728133e-04,2976704.969,1.250000e-04,9.97,19526.07
3876,5.339204e-03,3.715442e+01,1.097424e-04,1.052677e-04,2996989.012,5.224248e-03,3.607747e+01,1.084673e-04,1.063656e-04,2981409.242,1.250000e-04,10.25,19536.33
3877,5.338231e-03,3.691763e+01,1.157397e-04,9.781407e-05,2997016.484,4.996323e-03,3.648182e+01,8.642240e-05,9.678356e-05,2974051.242,1.250000e-04,10.14,19546.46
3878,5.387777e-03,3.709969e+01,1.181698e-04,9.922209e-05,2997105.811,6.827552e-03,3.660919e+01,2.085452e-04,2.162364e-04,2965166.781,1.250000e-04,10.23,19556.70
3879,5.409612e-03,3.711243e+01,1.193607e-04,1.009524e-04,2996586.078,5.304989e-03,3.712011e+01,1.182240e-04,8.214752e-05,2994494.648,1.250000e-04,10.37,19567.07
3880,5.250549e-03,3.698223e+01,1.065397e-04,9.738578e-05,2997424.227,4.857283e-03,3.707532e+01,8.279692e-05,6.435637e-05,2984161.070,1.250000e-04,10.34,19577.41
3881,5.236402e-03,3.698833e+01,1.083373e-04,9.083909e-05,2996893.373,4.752306e-03,3.617563e+01,7.681819e-05,7.331238e-05,2985933.688,1.250000e-04,10.48,19587.89
3882,5.850123e-03,3.709727e+01,1.504497e-04,1.271799e-04,2996729.057,6.322964e-03,3.663239e+01,1.834885e-04,1.649680e-04,3010454.805,1.250000e-04,10.78,19598.67
3883,5.384204e-03,3.711908e+01,1.179560e-04,9.854724e-05,2997077.971,7.410523e-03,3.615140e+01,2.872796e-04,1.845173e-04,2965949.930,1.250000e-04,10.69,19609.36
3884,5.531275e-03,3.720159e+01,1.255005e-04,1.112220e-04,2996916.273,4.593120e-03,3.764886e+01,5.915264e-05,4.734160e-05,3000795.023,1.250000e-04,10.73,19620.09
3885,5.367401e-03,3.706921e+01,1.188273e-04,9.444149e-05,2997006.004,5.255939e-03,3.670197e+01,9.975195e-05,1.176444e-04,2976952.164,1.250000e-04,10.45,19630.54
3886,5.225777e-03,3.716474e+01,1.061082e-04,8.964410e-05,2996951.967,5.142080e-03,3.664531e+01,1.145418e-04,6.642622e-05,2983307.328,1.250000e-04,10.45,19640.99
3887,5.383556e-03,3.717713e+01,1.138856e-04,1.053974e-04,2996603.475,5.582373e-03,3.712831e+01,1.445451e-04,8.481810e-05,2989476.664,1.250000e-04,10.24,19651.22
3888,5.662175e-03,3.740915e+01,1.359748e-04,1.123024e-04,2996565.598,5.791262e-03,3.665998e+01,1.313222e-04,1.624084e-04,2973794.664,1.250000e-04,10.35,19661.57
3889,5.230363e-03,3.725766e+01,1.077473e-04,8.542477e-05,2997085.285,4.484791e-03,3.728782e+01,4.882355e-05,5.355487e-05,3003653.664,1.250000e-04,10.22,19671.79
3890,5.241196e-03,3.715193e+01,1.107697e-04,8.366123e-05,2997033.637,5.353130e-03,3.769666e+01,1.030957e-04,1.105015e-04,3020662.508,1.250000e-04,10.41,19682.20
3891,5.266292e-03,3.699912e+01,1.071971e-04,9.888205e-05,2996662.572,5.813950e-03,3.740470e+01,1.541343e-04,1.064275e-04,3015888.469,1.250000e-04,10.29,19692.50
3892,5.471064e-03,3.716553e+01,1.172139e-04,1.164744e-04,2996966.564,4.625440e-03,3.669264e+01,6.933305e-05,5.256913e-05,2994621.039,1.250000e-04,10.30,19702.79
3893,5.193086e-03,3.692418e+01,1.048113e-04,9.051112e-05,2997750.312,5.367884e-03,3.650537e+01,7.890244e-05,1.856646e-04,2971154.625,1.250000e-04,10.25,19713.04
3894,5.413412e-03,3.727425e+01,1.123778e-04,1.124419e-04,2996467.863,6.198045e-03,3.571840e+01,1.203722e-04,2.844966e-04,2960300.523,1.250000e-04,10.18,19723.22
3895,5.674218e-03,3.718090e+01,1.348219e-04,1.215817e-04,2996813.871,4.597081e-03,3.711605e+01,6.537489e-05,4.634543e-05,2994950.180,1.250000e-04,10.02,19733.24
3896,5.032017e-03,3.688817e+01,9.299328e-05,8.265365e-05,2996953.416,5.623689e-03,3.795956e+01,1.298100e-04,1.059266e-04,2995274.047,1.250000e-04,10.39,19743.62
3897,5.493960e-03,3.722085e+01,1.228559e-04,1.086632e-04,2997544.123,7.281252e-03,3.630739e+01,2.006087e-04,3.288854e-04,2959859.102,1.250000e-04,10.05,19753.68
3898,5.387371e-03,3.710390e+01,1.126286e-04,1.101390e-04,2996434.855,6.428824e-03,3.819986e+01,1.765951e-04,1.685773e-04,3025932.133,1.250000e-04,10.35,19764.03
3899,5.290655e-03,3.712669e+01,1.065358e-04,1.025257e-04,2996915.859,5.149920e-03,3.777939e+01,1.117167e-04,5.096303e-05,3010778.023,1.250000e-04,10.85,19774.89
3900,5.000012e-03,3.704040e+01,8.931626e-05,8.056190e-05,2997156.947,4.971835e-03,3.732795e+01,1.060709e-04,3.566605e-05,2999875.516,1.250000e-04,10.16,19785.05
3901,5.192760e-03,3.695507e+01,9.936257e-05,1.007254e-04,2996731.346,6.284644e-03,3.730912e+01,2.122594e-04,8.622763e-05,3014116.844,1.250000e-04,10.67,19795.72
3902,5.375688e-03,3.695697e+01,1.109221e-04,1.141538e-04,2997456.795,4.756028e-03,3.770507e+01,7.154961e-05,5.400512e-05,3009245.008,1.250000e-04,10.43,19806.15
3903,5.452425e-03,3.717656e+01,1.196189e-04,1.077158e-04,2996742.641,4.977191e-03,3.751741e+01,7.876506e-05,8.755995e-05,3012178.305,1.250000e-04,10.51,19816.66
3904,5.533465e-03,3.705113e+01,1.283268e-04,1.090169e-04,2996816.033,5.188382e-03,3.777096e+01,1.065458e-04,6.916537e-05,3018358.406,1.250000e-04,10.43,19827.09
3905,5.153748e-03,3.704951e+01,1.060765e-04,7.760638e-05,2997525.152,4.648357e-03,3.728761e+01,7.420855e-05,3.550198e-05,2996435.312,1.250000e-04,10.24,19837.32
3906,5.224415e-03,3.704259e+01,1.047404e-04,9.455035e-05,2997003.258,6.002717e-03,3.684108e+01,2.020228e-04,5.967627e-05,2993265.219,1.250000e-04,10.54,19847.87
3907,5.357287e-03,3.717303e+01,1.171875e-04,9.362178e-05,2996898.391,4.581434e-03,3.729967e+01,5.845053e-05,5.339236e-05,2993311.773,1.250000e-04,10.41,19858.28
3908,5.178726e-03,3.698090e+01,1.072639e-04,8.159932e-05,2996674.381,6.585512e-03,3.801839e+01,1.791722e-04,1.983901e-04,3033931.797,1.250000e-04,10.70,19868.99
3909,5.603407e-03,3.693368e+01,1.229192e-04,1.361695e-04,2996729.414,4.773024e-03,3.764818e+01,7.199473e-05,5.765179e-05,3013722.172,1.250000e-04,10.67,19879.66
3910,5.387582e-03,3.706810e+01,1.145439e-04,1.070666e-04,2996817.688,6.295142e-03,3.816226e+01,1.764533e-04,1.428765e-04,3017408.656,1.250000e-04,10.76,19890.42
3911,5.403897e-03,3.715858e+01,1.242331e-04,8.914166e-05,2997449.883,5.323275e-03,3.693345e+01,1.251303e-04,7.572553e-05,2985070.023,1.250000e-04,10.61,19901.03
3912,5.369938e-03,3.716350e+01,1.118375e-04,1.070427e-04,2996668.357,5.164393e-03,3.734426e+01,9.627760e-05,9.343840e-05,3005398.773,1.250000e-04,10.45,19911.48
3913,5.085163e-03,3.697340e+01,1.015270e-04,7.451081e-05,2997041.672,5.252107e-03,3.672962e+01,1.078419e-04,1.001452e-04,2979723.242,1.250000e-04,10.55,19922.03
3914,5.662477e-03,3.707082e+01,1.329963e-04,1.250863e-04,2996507.375,5.053042e-03,3.685789e+01,1.036533e-04,6.614399e-05,2981474.336,1.250000e-04,10.74,19932.77
3915,5.144882e-03,3.699915e+01,1.013289e-04,8.633576e-05,2997234.357,5.706166e-03,3.684181e+01,1.547966e-04,9.480390e-05,2987412.781,1.250000e-04,10.63,19943.40
3916,5.532628e-03,3.702743e+01,1.243712e-04,1.172346e-04,2997066.857,5.804597e-03,3.763570e+01,1.477760e-04,1.126533e-04,2989291.508,1.250000e-04,10.62,19954.03
3917,5.327667e-03,3.734854e+01,1.021202e-04,1.143220e-04,2996744.350,5.108355e-03,3.745036e+01,1.028332e-04,6.699748e-05,2987878.539,1.250000e-04,10.76,19964.79
3918,5.459155e-03,3.717136e+01,1.153110e-04,1.177820e-04,2997076.545,4.656270e-03,3.751032e+01,7.115869e-05,3.873009e-05,2994681.828,1.250000e-04,10.40,19975.19
3919,5.596369e-03,3.725477e+01,1.287465e-04,1.166854e-04,2996780.045,5.703307e-03,3.747876e+01,1.770750e-04,3.693638e-05,3001932.383,1.250000e-04,10.45,19985.64
3920,5.517139e-03,3.718405e+01,1.280733e-04,1.036002e-04,2996613.082,5.059575e-03,3.771026e+01,9.248206e-05,7.274576e-05,3009599.227,1.250000e-04,10.39,19996.03
3921,5.316613e-03,3.699222e+01,1.170114e-04,8.945541e-05,2997775.652,4.857944e-03,3.686795e+01,9.293585e-05,4.835823e-05,3002215.789,1.250000e-04,10.47,20006.50
3922,5.487834e-03,3.722797e+01,1.144670e-04,1.240735e-04,2996594.387,5.899605e-03,3.703015e+01,1.757938e-04,8.773048e-05,2985335.039,1.250000e-04,10.68,20017.18
3923,5.213315e-03,3.710608e+01,1.030948e-04,9.435173e-05,2996444.740,7.050457e-03,3.851841e+01,2.506082e-04,1.385069e-04,3030105.578,1.250000e-04,10.35,20027.53
3924,5.451883e-03,3.712351e+01,1.157558e-04,1.163948e-04,2997182.180,5.521204e-03,3.804820e+01,1.293793e-04,8.451822e-05,3018614.203,1.250000e-04,10.40,20037.94
3925,5.463645e-03,3.735509e+01,1.158402e-04,1.139467e-04,2997020.025,5.250431e-03,3.671774e+01,1.137803e-04,8.817089e-05,2977130.891,1.250000e-04,10.32,20048.26
3926,5.450087e-03,3.719230e+01,1.233677e-04,9.943611e-05,2996595.209,5.116086e-03,3.670158e+01,1.139676e-04,6.125027e-05,2991178.516,1.250000e-04,10.75,20059.01
3927,5.181251e-03,3.704791e+01,1.059257e-04,8.344059e-05,2997424.166,5.813580e-03,3.789207e+01,1.383575e-04,1.281597e-04,3024481.492,1.250000e-04,10.45,20069.46
3928,5.295168e-03,3.702287e+01,1.155874e-04,8.740128e-05,2996983.834,4.557239e-03,3.696213e+01,7.212875e-05,2.794785e-05,2996863.570,1.250000e-04,10.56,20080.02
3929,5.284329e-03,3.710691e+01,1.123413e-04,9.004512e-05,2997438.639,5.407596e-03,3.753996e+01,1.206466e-04,8.942692e-05,2999815.148,1.250000e-04,10.18,20090.20
3930,5.231050e-03,3.710448e+01,1.042315e-04,9.565755e-05,2996623.664,5.082138e-03,3.709004e+01,1.027353e-04,6.915635e-05,2999361.148,1.250000e-04,10.03,20100.23
3931,5.417200e-03,3.711938e+01,1.166155e-04,1.078216e-04,2996753.244,6.029759e-03,3.664838e+01,1.794446e-04,1.140949e-04,2982831.773,1.250000e-04,10.46,20110.69
3932,5.255681e-03,3.707744e+01,1.100376e-04,8.951232e-05,2997161.232,5.889206e-03,3.612916e+01,1.657189e-04,1.238202e-04,2984562.867,1.250000e-04,10.48,20121.17
3933,5.566039e-03,3.694606e+01,1.315856e-04,1.111156e-04,2996952.455,5.251018e-03,3.752026e+01,1.224357e-04,5.492698e-05,3014598.211,1.250000e-04,10.32,20131.49
3934,5.338102e-03,3.700551e+01,1.136447e-04,1.002208e-04,2996996.373,4.885411e-03,3.712740e+01,8.972234e-05,5.508967e-05,3009616.102,1.250000e-04,10.26,20141.75
3935,5.615610e-03,3.700644e+01,1.309311e-04,1.211311e-04,2996909.283,5.045146e-03,3.708962e+01,9.711377e-05,7.300921e-05,2985077.523,1.250000e-04,10.30,20152.05
3936,5.274809e-03,3.709116e+01,1.077658e-04,9.760700e-05,2996736.592,4.980663e-03,3.746764e+01,8.314513e-05,8.048950e-05,2984835.188,1.250000e-04,10.24,20162.29
3937,5.220216e-03,3.709416e+01,9.870248e-05,1.047550e-04,2997462.113,4.954667e-03,3.743210e+01,8.841078e-05,6.546995e-05,2986562.070,1.250000e-04,10.17,20172.46
3938,5.418580e-03,3.714662e+01,1.160466e-04,1.086906e-04,2996426.695,4.831306e-03,3.707691e+01,9.248742e-05,3.974818e-05,2998439.883,1.250000e-04,10.21,20182.67
3939,5.053534e-03,3.705821e+01,9.260410e-05,8.433445e-05,2997319.281,4.880329e-03,3.664968e+01,8.736408e-05,6.834404e-05,2983545.344,1.250000e-04,10.34,20193.01
3940,5.398894e-03,3.701791e+01,1.168061e-04,1.058084e-04,2996537.557,5.181538e-03,3.726857e+01,1.012629e-04,8.841051e-05,2984265.945,1.250000e-04,10.25,20203.25
3941,5.147565e-03,3.700541e+01,1.001998e-04,8.900535e-05,2996936.098,5.470057e-03,3.687754e+01,1.496465e-04,5.716745e-05,3000901.438,1.250000e-04,10.54,20213.79
3942,5.278881e-03,3.696952e+01,1.210460e-04,7.429382e-05,2997390.117,4.951416e-03,3.691345e+01,9.799405e-05,5.602612e-05,3002611.102,1.250000e-04,10.60,20224.39
3943,5.191368e-03,3.695988e+01,1.018122e-04,9.545177e-05,2996685.227,4.682770e-03,3.725111e+01,6.305666e-05,6.541852e-05,3015559.828,1.250000e-04,10.31,20234.70
3944,5.114621e-03,3.690825e+01,9.872678e-05,8.730576e-05,2997379.297,5.082388e-03,3.657022e+01,1.033652e-04,7.834293e-05,2986475.352,1.250000e-04,10.31,20245.00
3945,5.259230e-03,3.710382e+01,1.129474e-04,8.387465e-05,2997096.385,4.838418e-03,3.716482e+01,9.900009e-05,2.638705e-05,3004847.094,1.250000e-04,10.33,20255.34
3946,5.029631e-03,3.697538e+01,9.581387e-05,7.479086e-05,2997121.854,5.942704e-03,3.707798e+01,1.750874e-04,9.680631e-05,2990378.945,1.250000e-04,10.25,20265.58
3947,5.101959e-03,3.686746e+01,1.015852e-04,7.987210e-05,2996689.445,4.836294e-03,3.667614e+01,9.971927e-05,3.429740e-05,2997009.172,1.250000e-04,10.34,20275.92
3948,5.382550e-03,3.695307e+01,1.070988e-04,1.232509e-04,2997012.371,6.730959e-03,3.679533e+01,2.328038e-04,1.446778e-04,2970263.148,1.250000e-04,10.37,20286.29
3949,5.038178e-03,3.698101e+01,9.634548e-05,7.532463e-05,2997220.572,4.753812e-03,3.664952e+01,8.017947e-05,5.741312e-05,2994246.836,1.250000e-04,10.32,20296.61
3950,5.289889e-03,3.708852e+01,1.057605e-04,1.046863e-04,2997145.918,5.996091e-03,3.810108e+01,1.274553e-04,1.822860e-04,3025717.562,1.250000e-04,10.53,20307.14
3951,5.306941e-03,3.688553e+01,1.182501e-04,8.717734e-05,2996769.969,5.127546e-03,3.721401e+01,9.671534e-05,8.779842e-05,2991038.562,1.250000e-04,10.45,20317.58
3952,5.314543e-03,3.683685e+01,1.133430e-04,9.948562e-05,2997389.818,4.984396e-03,3.650029e+01,8.919550e-05,8.848242e-05,2981224.641,1.250000e-04,10.40,20327.98
3953,5.507165e-03,3.710527e+01,1.214112e-04,1.165052e-04,2997060.918,4.937506e-03,3.729282e+01,8.164887e-05,7.834710e-05,2993166.828,1.250000e-04,10.48,20338.46
3954,5.500876e-03,3.702861e+01,1.138770e-04,1.318490e-04,2996402.400,5.105251e-03,3.743556e+01,1.090064e-04,5.432634e-05,3003377.031,1.250000e-04,10.69,20349.15
3955,5.500086e-03,3.718429e+01,1.248387e-04,1.066540e-04,2996874.475,5.722004e-03,3.747445e+01,1.576143e-04,7.968306e-05,3011004.133,1.250000e-04,10.52,20359.68
3956,5.216127e-03,3.707265e+01,1.074605e-04,8.685148e-05,2997003.326,5.918691e-03,3.699955e+01,1.740237e-04,9.569965e-05,2993125.805,1.250000e-04,10.35,20370.03
3957,5.442146e-03,3.708014e+01,1.173822e-04,1.120621e-04,2997130.049,4.947506e-03,3.687133e+01,9.014400e-05,7.178649e-05,2984237.883,1.250000e-04,10.70,20380.73
3958,5.105277e-03,3.702039e+01,9.605732e-05,8.853291e-05,2997000.643,5.073683e-03,3.697813e+01,1.101676e-04,5.483893e-05,3007637.156,1.250000e-04,10.75,20391.48
3959,5.213214e-03,3.699036e+01,1.045922e-04,9.365106e-05,2996879.414,4.600454e-03,3.681274e+01,7.027451e-05,4.328703e-05,3000388.484,1.250000e-04,10.67,20402.16
3960,5.569946e-03,3.697622e+01,1.241259e-04,1.262131e-04,2996905.145,5.073360e-03,3.727351e+01,1.035028e-04,6.219628e-05,2999276.227,1.250000e-04,10.54,20412.69
3961,4.974841e-03,3.704743e+01,8.991824e-05,7.418325e-05,2997259.473,4.967684e-03,3.655380e+01,6.650138e-05,1.294581e-04,2976408.781,1.250000e-04,10.63,20423.32
3962,5.557269e-03,3.710674e+01,1.370912e-04,9.513668e-05,2996661.389,5.504066e-03,3.686274e+01,1.526251e-04,5.830801e-05,2994475.883,1.250000e-04,10.29,20433.61
3963,5.382044e-03,3.722178e+01,1.108008e-04,1.103715e-04,2997423.828,5.260304e-03,3.639344e+01,1.239152e-04,7.636153e-05,2986056.906,1.250000e-04,10.36,20443.97
3964,5.376170e-03,3.704436e+01,1.138922e-04,1.065626e-04,2997024.492,5.763655e-03,3.717169e+01,1.302270e-04,1.488433e-04,2972534.484,1.250000e-04,10.48,20454.45
3965,4.985929e-03,3.705787e+01,8.903553e-05,7.795735e-05,2996813.148,4.982654e-03,3.760016e+01,7.769571e-05,8.913612e-05,3011822.961,1.250000e-04,10.33,20464.78
3966,5.332498e-03,3.696968e+01,1.130445e-04,1.010171e-04,2996955.648,5.101774e-03,3.694072e+01,1.156364e-04,5.026758e-05,2987909.984,1.250000e-04,10.23,20475.01
3967,5.417874e-03,3.711953e+01,1.212821e-04,9.862018e-05,2997221.318,6.951945e-03,3.819826e+01,2.797329e-04,6.695803e-05,3009125.914,1.250000e-04,10.23,20485.25
3968,5.390509e-03,3.712291e+01,1.145533e-04,1.065368e-04,2995976.178,5.665984e-03,3.750059e+01,1.412092e-04,1.007665e-04,3013187.516,1.250000e-04,10.03,20495.28
3969,5.153113e-03,3.694256e+01,1.002400e-04,9.129162e-05,2997388.963,5.686064e-03,3.652096e+01,1.380484e-04,1.306970e-04,2971412.414,1.250000e-04,10.21,20505.49
3970,5.112211e-03,3.700969e+01,1.042497e-04,7.374891e-05,2997183.520,6.737601e-03,3.628611e+01,2.117936e-04,1.982108e-04,2990311.906,1.250000e-04,10.15,20515.64
3971,5.195497e-03,3.697608e+01,1.060206e-04,8.753651e-05,2997289.201,4.893394e-03,3.724412e+01,8.503128e-05,6.373383e-05,3000352.547,1.250000e-04,10.15,20525.79
3972,5.111480e-03,3.695128e+01,9.861860e-05,8.603309e-05,2996693.836,5.555240e-03,3.752547e+01,1.337429e-04,9.305289e-05,3022357.609,1.250000e-04,10.43,20536.22
3973,5.536542e-03,3.704331e+01,1.316115e-04,1.032192e-04,2996777.957,4.871512e-03,3.721748e+01,9.023158e-05,4.948962e-05,3003639.750,1.250000e-04,10.21,20546.43
3974,5.410371e-03,3.709240e+01,1.171939e-04,1.058385e-04,2997346.615,6.021364e-03,3.650529e+01,1.725581e-04,1.290508e-04,2972946.312,1.250000e-04,10.29,20556.72
3975,5.737394e-03,3.707107e+01,1.362658e-04,1.335258e-04,2995880.586,4.682738e-03,3.711446e+01,7.710146e-05,4.005551e-05,3005582.586,1.250000e-04,10.55,20567.28
3976,5.355520e-03,3.697457e+01,1.096565e-04,1.122996e-04,2997158.906,4.651490e-03,3.716004e+01,8.090001e-05,2.529725e-05,3001229.555,1.250000e-04,10.16,20577.43
3977,5.252351e-03,3.698859e+01,1.064282e-04,9.784193e-05,2997053.135,5.281372e-03,3.794871e+01,1.033755e-04,9.054912e-05,3022958.164,1.250000e-04,10.19,20587.62
3978,5.155549e-03,3.700366e+01,1.007084e-04,8.961979e-05,2997204.156,5.573018e-03,3.783626e+01,1.259395e-04,1.059995e-04,3007699.781,1.250000e-04,10.36,20597.98
3979,5.779038e-03,3.725739e+01,1.489502e-04,1.127595e-04,2996733.654,6.566484e-03,3.646877e+01,2.378142e-04,1.082930e-04,2977734.953,1.250000e-04,10.50,20608.48
3980,5.319025e-03,3.733315e+01,1.076200e-04,1.019019e-04,2996718.992,5.072121e-03,3.737442e+01,7.797773e-05,1.109804e-04,3019373.039,1.250000e-04,10.43,20618.90
3981,5.244236e-03,3.705215e+01,1.123451e-04,8.311410e-05,2997786.580,4.843975e-03,3.734258e+01,7.466912e-05,7.260520e-05,3000479.922,1.250000e-04,10.14,20629.05
3982,5.459894e-03,3.707283e+01,1.168291e-04,1.168640e-04,2996740.230,6.252994e-03,3.722712e+01,2.082307e-04,8.959488e-05,2992677.312,1.250000e-04,10.13,20639.18
3983,5.207444e-03,3.697506e+01,1.076223e-04,8.674319e-05,2996633.434,4.946610e-03,3.709686e+01,9.972033e-05,4.794401e-05,2997028.812,1.250000e-04,10.23,20649.41
3984,5.239687e-03,3.701979e+01,1.094284e-04,8.868470e-05,2997130.645,6.338200e-03,3.660583e+01,1.699546e-04,1.956144e-04,2985332.773,1.250000e-04,10.25,20659.66
3985,5.318247e-03,3.710475e+01,1.158713e-04,8.981168e-05,2997378.836,6.424844e-03,3.627353e+01,1.645058e-04,2.304868e-04,2963794.148,1.250000e-04,10.42,20670.07
3986,5.430173e-03,3.714973e+01,1.181598e-04,1.067203e-04,2996423.557,4.713183e-03,3.736388e+01,7.545413e-05,4.445068e-05,3005859.703,1.250000e-04,10.42,20680.49
3987,5.431849e-03,3.714873e+01,1.184854e-04,1.064246e-04,2996840.953,6.416303e-03,3.670711e+01,1.486180e-04,2.518824e-04,2979231.578,1.250000e-04,10.28,20690.77
3988,5.257494e-03,3.729780e+01,1.055216e-04,9.449946e-05,2997038.473,4.855759e-03,3.713635e+01,8.852999e-05,5.136489e-05,2988870.289,1.250000e-04,10.42,20701.19
3989,5.138971e-03,3.704395e+01,1.027712e-04,8.137287e-05,2997137.471,7.976944e-03,3.872773e+01,2.296686e-04,3.614972e-04,3047914.141,1.250000e-04,10.36,20711.55
3990,5.267633e-03,3.708734e+01,1.052481e-04,1.012835e-04,2996551.148,5.417470e-03,3.746105e+01,1.396716e-04,5.492994e-05,3006059.203,1.250000e-04,10.17,20721.72
3991,5.855879e-03,3.722512e+01,1.429669e-04,1.407397e-04,2996103.934,7.273540e-03,3.813254e+01,2.595943e-04,1.728688e-04,2974165.961,1.250000e-04,10.64,20732.36
3992,5.471784e-03,3.733028e+01,1.249990e-04,9.775322e-05,2997650.416,4.422361e-03,3.693895e+01,5.527846e-05,3.513636e-05,3003068.602,1.250000e-04,10.32,20742.69
3993,5.237900e-03,3.708982e+01,1.037000e-04,9.838370e-05,2996753.232,5.329890e-03,3.705822e+01,1.176632e-04,8.948720e-05,2988906.977,1.250000e-04,10.74,20753.43
3994,5.310344e-03,3.698503e+01,1.109850e-04,1.003983e-04,2996814.018,5.141456e-03,3.724625e+01,1.112583e-04,6.084982e-05,3009321.711,1.250000e-04,10.19,20763.62
3995,5.293400e-03,3.702885e+01,1.064322e-04,1.052385e-04,2996927.305,5.511537e-03,3.646523e+01,1.181123e-04,1.367781e-04,2970469.922,1.250000e-04,10.39,20774.01
3996,5.392751e-03,3.715471e+01,1.141529e-04,1.071502e-04,2996853.256,5.075288e-03,3.724400e+01,1.021208e-04,6.593605e-05,3013517.586,1.250000e-04,10.57,20784.58
3997,5.467654e-03,3.696879e+01,1.126761e-04,1.288028e-04,2996627.990,4.639253e-03,3.735746e+01,6.146153e-05,5.777838e-05,2986761.469,1.250000e-04,10.46,20795.05
3998,5.418014e-03,3.709914e+01,1.158846e-04,1.098507e-04,2996909.658,4.582265e-03,3.738851e+01,6.313291e-05,4.241697e-05,2999526.531,1.250000e-04,10.72,20805.76
3999,5.024408e-03,3.698009e+01,9.616034e-05,7.295915e-05,2997790.557,5.494721e-03,3.646424e+01,9.894068e-05,1.717781e-04,2973613.156,1.250000e-04,10.54,20816.30
4000,5.144411e-03,3.689286e+01,1.033655e-04,8.429406e-05,2996864.854,4.996142e-03,3.634872e+01,8.954970e-05,9.315467e-05,2977989.375,1.250000e-04,10.74,20827.04
4001,5.319081e-03,3.694261e+01,1.110107e-04,1.029425e-04,2996628.895,5.900191e-03,3.562991e+01,1.117594e-04,2.439213e-04,2958086.602,1.250000e-04,10.58,20837.62
4002,5.303349e-03,3.704029e+01,1.045484e-04,1.107671e-04,2997393.770,4.933431e-03,3.675513e+01,6.802372e-05,1.155361e-04,2972339.391,1.250000e-04,10.46,20848.08
4003,5.606029e-03,3.703141e+01,1.229199e-04,1.347378e-04,2996282.930,6.748531e-03,3.758675e+01,2.213465e-04,1.552782e-04,2984666.656,1.250000e-04,10.53,20858.61
4004,5.351105e-03,3.719608e+01,1.098816e-04,1.065362e-04,2996950.676,5.233572e-03,3.685016e+01,1.125583e-04,8.459449e-05,2983779.727,1.250000e-04,10.70,20869.31
4005,5.010856e-03,3.697992e+01,9.116447e-05,8.024375e-05,2997407.477,6.867099e-03,3.616576e+01,2.278382e-04,1.944282e-04,2965471.891,1.250000e-04,10.66,20879.97
4006,5.473616e-03,3.710790e+01,1.265498e-04,9.946546e-05,2996972.061,7.325264e-03,3.778389e+01,1.996710e-04,3.100329e-04,2983120.430,1.250000e-04,10.67,20890.64
4007,5.393730e-03,3.719119e+01,1.209581e-04,9.300603e-05,2996784.645,4.892817e-03,3.654427e+01,6.849701e-05,1.106839e-04,2978324.125,1.250000e-04,10.49,20901.13
4008,5.325238e-03,3.703862e+01,1.142165e-04,9.584204e-05,2996633.078,5.296636e-03,3.702357e+01,1.109738e-04,9.690823e-05,2990736.875,1.250000e-04,10.47,20911.60
4009,5.261491e-03,3.700325e+01,1.126552e-04,8.692286e-05,2997151.166,4.662481e-03,3.658604e+01,5.001110e-05,1.007532e-04,2977787.664,1.250000e-04,10.74,20922.33
4010,5.288823e-03,3.704574e+01,1.038610e-04,1.091278e-04,2996181.791,5.680386e-03,3.768894e+01,9.519690e-05,1.919046e-04,3031554.812,1.250000e-04,10.26,20932.59
4011,5.516101e-03,3.705100e+01,1.236981e-04,1.148040e-04,2997281.576,5.305302e-03,3.765402e+01,1.225789e-04,6.282234e-05,2991988.961,1.250000e-04,10.49,20943.08
4012,5.311542e-03,3.709348e+01,1.074311e-04,1.055766e-04,2997190.598,5.977362e-03,3.739495e+01,1.469841e-04,1.536053e-04,2983117.766,1.250000e-04,10.23,20953.31
4013,5.483451e-03,3.699190e+01,1.257938e-04,1.052646e-04,2996938.596,5.298877e-03,3.689905e+01,1.192227e-04,8.334913e-05,2994382.602,1.250000e-04,10.17,20963.48
4014,5.295098e-03,3.695757e+01,1.144830e-04,9.090216e-05,2996669.527,6.748215e-03,3.836994e+01,1.896832e-04,2.028778e-04,3034654.031,1.250000e-04,10.27,20973.75
4015,5.340357e-03,3.693235e+01,1.086343e-04,1.121559e-04,2997102.254,5.062438e-03,3.771025e+01,9.521100e-05,6.786064e-05,3004741.438,1.250000e-04,10.67,20984.43
4016,5.392600e-03,3.697005e+01,1.167192e-04,1.056806e-04,2996805.807,5.317336e-03,3.766040e+01,9.391361e-05,1.224320e-04,3020338.703,1.250000e-04,10.31,20994.73
4017,5.289791e-03,3.701375e+01,1.081813e-04,1.013205e-04,2996918.000,6.332166e-03,3.698765e+01,2.145526e-04,9.757499e-05,2996113.977,1.250000e-04,10.31,21005.04
4018,5.104253e-03,3.700919e+01,9.897225e-05,8.272226e-05,2996976.439,5.321615e-03,3.747248e+01,1.173772e-04,8.011914e-05,3015792.242,1.250000e-04,10.49,21015.53
4019,5.299177e-03,3.699467e+01,1.058512e-04,1.082397e-04,2996926.887,6.660016e-03,3.874143e+01,1.752441e-04,2.066861e-04,3033280.430,1.250000e-04,10.56,21026.09
4020,5.212755e-03,3.693619e+01,1.090526e-04,8.572205e-05,2997734.043,5.237298e-03,3.653883e+01,1.054976e-04,1.056878e-04,2980686.008,1.250000e-04,10.26,21036.35
4021,5.198682e-03,3.691983e+01,9.613634e-05,1.090671e-04,2996218.156,7.287576e-03,3.659747e+01,2.636689e-04,1.982280e-04,2968923.773,1.250000e-04,10.33,21046.68
4022,5.279325e-03,3.705630e+01,1.099203e-04,9.489842e-05,2997077.781,5.653453e-03,3.778228e+01,1.114314e-04,1.521820e-04,3027255.047,1.250000e-04,10.03,21056.71
4023,5.304423e-03,3.704383e+01,1.081354e-04,1.037373e-04,2997146.170,4.963960e-03,3.758678e+01,8.917956e-05,6.269733e-05,3013202.133,1.250000e-04,10.11,21066.81
4024,5.302588e-03,3.705342e+01,1.089663e-04,1.015169e-04,2997007.961,6.098916e-03,3.620344e+01,1.764035e-04,1.429074e-04,2977084.867,1.250000e-04,10.24,21077.05
4025,5.273820e-03,3.696975e+01,1.123028e-04,9.076351e-05,2996914.207,4.887120e-03,3.751451e+01,6.947084e-05,8.819213e-05,3012692.062,1.250000e-04,10.22,21087.27
4026,5.133104e-03,3.697726e+01,9.874560e-05,8.958447e-05,2997335.414,5.102207e-03,3.640332e+01,1.171340e-04,5.810703e-05,2996931.078,1.250000e-04,10.49,21097.75
4027,5.147734e-03,3.680187e+01,1.044907e-04,8.452804e-05,2996995.242,5.013225e-03,3.681034e+01,6.873521e-05,1.289677e-04,2973546.836,1.250000e-04,10.60,21108.36
4028,5.139427e-03,3.688219e+01,1.072598e-04,7.572195e-05,2997089.168,5.783290e-03,3.813381e+01,1.678760e-04,5.822992e-05,2994368.031,1.250000e-04,10.20,21118.56
4029,5.313061e-03,3.696559e+01,1.124099e-04,9.848078e-05,2997074.289,7.891765e-03,3.709194e+01,3.394603e-04,1.575936e-04,3016242.812,1.250000e-04,10.32,21128.88
4030,5.637745e-03,3.707998e+01,1.329206e-04,1.201084e-04,2996402.953,4.544610e-03,3.734369e+01,6.378176e-05,3.448476e-05,3011999.906,1.250000e-04,10.35,21139.23
4031,5.715826e-03,3.706680e+01,1.384939e-04,1.248415e-04,2997033.041,4.662892e-03,3.765167e+01,6.165795e-05,5.622914e-05,3002339.547,1.250000e-04,10.36,21149.60
4032,4.969437e-03,3.697183e+01,8.796452e-05,7.852173e-05,2996862.385,5.184800e-03,3.663650e+01,9.119386e-05,1.218425e-04,2980270.367,1.250000e-04,10.24,21159.84
4033,5.340464e-03,3.700666e+01,1.095871e-04,1.087856e-04,2997224.961,5.538592e-03,3.760398e+01,1.289665e-04,9.770566e-05,3015329.859,1.250000e-04,10.61,21170.44
4034,5.448817e-03,3.712400e+01,1.206600e-04,1.059636e-04,2997125.088,5.264057e-03,3.811007e+01,8.367124e-05,1.232677e-04,3027283.852,1.250000e-04,10.66,21181.10
4035,5.230191e-03,3.688522e+01,1.082325e-04,9.186881e-05,2996832.799,4.495811e-03,3.657211e+01,6.133599e-05,4.504808e-05,2999058.758,1.250000e-04,10.35,21191.46
4036,5.362505e-03,3.704734e+01,1.149891e-04,1.015760e-04,2997523.355,4.997315e-03,3.691167e+01,9.844990e-05,6.432983e-05,2988643.812,1.250000e-04,10.41,21201.87
4037,5.325140e-03,3.690538e+01,1.062275e-04,1.144654e-04,2996016.484,5.648123e-03,3.770284e+01,1.137985e-04,1.479708e-04,3028100.695,1.250000e-04,10.71,21212.58
4038,5.233068e-03,3.689342e+01,1.075805e-04,9.358419e-05,2997456.848,5.214986e-03,3.703839e+01,1.141431e-04,7.394331e-05,2999779.383,1.250000e-04,10.97,21223.56
4039,5.241990e-03,3.693705e+01,1.088341e-04,9.198855e-05,2997108.924,6.169464e-03,3.647760e+01,1.571501e-04,1.900406e-04,2963092.828,1.250000e-04,10.62,21234.18
4040,5.535663e-03,3.718119e+01,1.289986e-04,1.055117e-04,2996817.484,4.847027e-03,3.694770e+01,8.266330e-05,6.512478e-05,2982767.750,1.250000e-04,10.71,21244.89
4041,5.119846e-03,3.693296e+01,1.040804e-04,7.714913e-05,2997070.467,4.548507e-03,3.722262e+01,5.940070e-05,4.644778e-05,3008643.016,1.250000e-04,10.79,21255.68
4042,5.396001e-03,3.696341e+01,1.122230e-04,1.154858e-04,2997139.842,5.017552e-03,3.698526e+01,9.911595e-05,6.557332e-05,2984449.078,1.250000e-04,10.69,21266.37
4043,5.476840e-03,3.704514e+01,1.168187e-04,1.208278e-04,2996539.109,4.573090e-03,3.695550e+01,6.812296e-05,3.926206e-05,2994783.883,1.250000e-04,10.64,21277.01
4044,5.284866e-03,3.705883e+01,1.085017e-04,9.879307e-05,2997431.064,5.432690e-03,3.636457e+01,1.117551e-04,1.357362e-04,2970374.062,1.250000e-04,10.65,21287.66
4045,5.665558e-03,3.716019e+01,1.310938e-04,1.277201e-04,2996294.256,4.906320e-03,3.739595e+01,8.511027e-05,6.312444e-05,3002964.219,1.250000e-04,10.48,21298.14
4046,5.216906e-03,3.712616e+01,1.004574e-04,9.994326e-05,2996837.113,5.570838e-03,3.698685e+01,1.450692e-04,8.429205e-05,2986320.977,1.250000e-04,10.26,21308.41
4047,5.547121e-03,3.711601e+01,1.281787e-04,1.107466e-04,2997690.191,4.768168e-03,3.725544e+01,6.822774e-05,7.206940e-05,3013995.922,1.250000e-04,10.70,21319.11
4048,5.336471e-03,3.706851e+01,1.111784e-04,1.035672e-04,2996754.834,4.922714e-03,3.753432e+01,8.820345e-05,5.744957e-05,2999478.742,1.250000e-04,10.35,21329.46
4049,5.531492e-03,3.717473e+01,1.273694e-04,1.080649e-04,2996936.682,7.012754e-03,3.855934e+01,1.702982e-04,2.907678e-04,3042895.531,1.250000e-04,10.50,21339.96
4050,5.211096e-03,3.692922e+01,1.067754e-04,9.008395e-05,2996927.857,4.584464e-03,3.747532e+01,6.753907e-05,3.230829e-05,3002142.039,1.250000e-04,10.53,21350.49
4051,5.324680e-03,3.707923e+01,1.057326e-04,1.118863e-04,2997330.016,7.166449e-03,3.902196e+01,2.018156e-04,2.492196e-04,3024615.219,1.250000e-04,10.60,21361.09
4052,5.528652e-03,3.705142e+01,1.271612e-04,1.103796e-04,2996485.789,5.122711e-03,3.787364e+01,7.377567e-05,1.195180e-04,3026104.531,1.250000e-04,10.28,21371.37
4053,5.417662e-03,3.699616e+01,1.193838e-04,1.048416e-04,2997161.459,5.032020e-03,3.759388e+01,8.719492e-05,8.013664e-05,3003273.602,1.250000e-04,10.55,21381.92
4054,5.016699e-03,3.700919e+01,9.275034e-05,7.765525e-05,2997293.629,4.697353e-03,3.672601e+01,4.953972e-05,1.058710e-04,2977368.250,1.250000e-04,10.39,21392.31
4055,5.395904e-03,3.713001e+01,1.169228e-04,1.027350e-04,2996606.486,4.584666e-03,3.685611e+01,7.376811e-05,3.227464e-05,2998902.047,1.250000e-04,10.26,21402.57
4056,5.233533e-03,3.701066e+01,1.079487e-04,9.059594e-05,2996993.057,4.836751e-03,3.706356e+01,6.766646e-05,9.074602e-05,3021661.352,1.250000e-04,10.41,21412.98
4057,5.703129e-03,3.713417e+01,1.335362e-04,1.308699e-04,2996941.547,5.373999e-03,3.697771e+01,1.264644e-04,8.231704e-05,2985285.648,1.250000e-04,10.40,21423.38
4058,5.337237e-03,3.701799e+01,1.152505e-04,9.658645e-05,2996878.109,5.368420e-03,3.664343e+01,9.924028e-05,1.423347e-04,2970325.328,1.250000e-04,10.34,21433.72
4059,5.315871e-03,3.703606e+01,1.166101e-04,8.923272e-05,2996509.258,5.148630e-03,3.733177e+01,1.151198e-04,5.285097e-05,3008461.555,1.250000e-04,10.29,21444.01
4060,5.158690e-03,3.691309e+01,1.025032e-04,8.846984e-05,2997543.131,5.233292e-03,3.727770e+01,1.232766e-04,5.455118e-05,2993787.922,1.250000e-04,10.09,21454.10
4061,5.218711e-03,3.692888e+01,1.119396e-04,8.128557e-05,2996680.857,5.574422e-03,3.745158e+01,1.130009e-04,1.398511e-04,3026854.891,1.250000e-04,10.36,21464.47
4062,5.350485e-03,3.694064e+01,1.136298e-04,1.040248e-04,2997423.287,4.703051e-03,3.627184e+01,7.005216e-05,7.506908e-05,2983351.055,1.250000e-04,10.20,21474.67
4063,5.204328e-03,3.701759e+01,1.023234e-04,9.586706e-05,2997073.859,5.314349e-03,3.752419e+01,1.375695e-04,3.724698e-05,3000102.078,1.250000e-04,10.28,21484.95
4064,5.129784e-03,3.688385e+01,9.433479e-05,9.961036e-05,2996852.914,5.341705e-03,3.641510e+01,1.303925e-04,7.925381e-05,2986347.953,1.250000e-04,10.12,21495.08
4065,5.537780e-03,3.710793e+01,1.270066e-04,1.113841e-04,2996944.812,4.792173e-03,3.744351e+01,7.961846e-05,5.032742e-05,3005372.172,1.250000e-04,10.36,21505.44
4066,5.141618e-03,3.699510e+01,1.074806e-04,7.346050e-05,2997286.369,6.146914e-03,3.607655e+01,1.631267e-04,1.815984e-04,2972230.641,1.250000e-04,10.33,21515.77
4067,5.140493e-03,3.694541e+01,1.054151e-04,7.836030e-05,2996537.105,4.945002e-03,3.707622e+01,9.271453e-05,6.204696e-05,3004467.031,1.250000e-04,10.20,21525.97
4068,5.490021e-03,3.700051e+01,1.188697e-04,1.202545e-04,2996890.883,5.281559e-03,3.730013e+01,1.007680e-04,1.087731e-04,3016684.961,1.250000e-04,10.42,21536.39
4069,5.450822e-03,3.710774e+01,1.255490e-04,9.691152e-05,2997516.049,5.459217e-03,3.713791e+01,1.348598e-04,7.936545e-05,2985096.680,1.250000e-04,10.15,21546.54
4070,5.347398e-03,3.696362e+01,1.130412e-04,1.041249e-04,2996578.740,4.697008e-03,3.756787e+01,6.648585e-05,5.507253e-05,3009967.523,1.250000e-04,10.39,21556.93
4071,5.103380e-03,3.703497e+01,9.542544e-05,8.912577e-05,2997291.598,4.810053e-03,3.694960e+01,5.846486e-05,1.060889e-04,3003517.008,1.250000e-04,10.44,21567.37
4072,5.201592e-03,3.682948e+01,1.026673e-04,9.839407e-05,2996687.549,5.407928e-03,3.708202e+01,1.348489e-04,7.024728e-05,2990891.508,1.250000e-04,10.39,21577.76
4073,5.536721e-03,3.702072e+01,1.251290e-04,1.166717e-04,2997189.596,5.399467e-03,3.766283e+01,1.271331e-04,7.237055e-05,3011939.977,1.250000e-04,10.40,21588.17
4074,5.104114e-03,3.693734e+01,9.769761e-05,8.668073e-05,2997218.168,4.854217e-03,3.745716e+01,7.600332e-05,6.969363e-05,3003315.398,1.250000e-04,10.27,21598.44
4075,4.977670e-03,3.684180e+01,8.499597e-05,8.870610e-05,2997215.451,4.539936e-03,3.690215e+01,6.662443e-05,3.669538e-05,3000171.672,1.250000e-04,10.77,21609.22
4076,5.233786e-03,3.688158e+01,1.133186e-04,8.248845e-05,2997235.750,5.679586e-03,3.579790e+01,1.334439e-04,1.530715e-04,2984075.766,1.250000e-04,10.44,21619.66
4077,5.537972e-03,3.681476e+01,1.233951e-04,1.245092e-04,2996688.031,5.132389e-03,3.687700e+01,9.606098e-05,9.681574e-05,2980261.180,1.250000e-04,10.62,21630.28
4078,5.101996e-03,3.699524e+01,1.008506e-04,7.879327e-05,2997008.830,5.225708e-03,3.686025e+01,1.136434e-04,8.064999e-05,2981534.445,1.250000e-04,10.73,21641.01
4079,5.632942e-03,3.716454e+01,1.266402e-04,1.300172e-04,2997168.682,5.131592e-03,3.807831e+01,9.614125e-05,7.246975e-05,3004268.547,1.250000e-04,10.48,21651.49
4080,5.010025e-03,3.682280e+01,9.474658e-05,7.605579e-05,2996671.836,4.945963e-03,3.733622e+01,9.328637e-05,5.589551e-05,3007466.547,1.250000e-04,10.62,21662.11
4081,5.208436e-03,3.694114e+01,1.021872e-04,9.849020e-05,2997387.311,5.438026e-03,3.741813e+01,1.453946e-04,4.845356e-05,3005022.711,1.250000e-04,10.70,21672.81
4082,5.198907e-03,3.688689e+01,1.025212e-04,9.700098e-05,2997098.791,5.310487e-03,3.743901e+01,1.299314e-04,5.345428e-05,3001810.555,1.250000e-04,10.63,21683.44
4083,5.084506e-03,3.683856e+01,1.007161e-04,7.869778e-05,2997556.842,5.096523e-03,3.649054e+01,1.048610e-04,7.977175e-05,2978873.359,1.250000e-04,10.26,21693.70
4084,5.206703e-03,3.680096e+01,9.958986e-05,1.061416e-04,2996552.400,4.718356e-03,3.754045e+01,6.551785e-05,6.182642e-05,3000064.766,1.250000e-04,10.22,21703.92
4085,5.234088e-03,3.706839e+01,1.019383e-04,1.015732e-04,2996756.924,5.289865e-03,3.802547e+01,8.163273e-05,1.341981e-04,3027967.734,1.250000e-04,10.80,21714.72
4086,5.036427e-03,3.689956e+01,9.227352e-05,8.474716e-05,2997852.824,5.297185e-03,3.622828e+01,9.322724e-05,1.484170e-04,2969055.938,1.250000e-04,10.55,21725.28
4087,5.400491e-03,3.698693e+01,1.236171e-04,9.312527e-05,2997117.746,5.352571e-03,3.617302e+01,1.293451e-04,8.836369e-05,2977592.211,1.250000e-04,10.76,21736.03
4088,5.537514e-03,3.697731e+01,1.309007e-04,1.061552e-04,2995743.322,7.490272e-03,3.852431e+01,2.069386e-04,3.136910e-04,3045884.773,1.250000e-04,10.27,21746.30
4089,5.410620e-03,3.696707e+01,1.136428e-04,1.154969e-04,2997615.719,6.614971e-03,3.830928e+01,2.326999e-04,9.140883e-05,3017263.070,1.250000e-04,10.24,21756.54
4090,5.324152e-03,3.705011e+01,1.129117e-04,9.800497e-05,2997153.430,4.476388e-03,3.710229e+01,5.178430e-05,4.966315e-05,3009793.172,1.250000e-04,10.31,21766.85
4091,5.234227e-03,3.679324e+01,1.088200e-04,9.334075e-05,2996712.689,5.027066e-03,3.768937e+01,8.301060e-05,8.560457e-05,3009299.586,1.250000e-04,10.08,21776.93
4092,5.213662e-03,3.695878e+01,1.009100e-04,1.017367e-04,2997108.588,5.668610e-03,3.685151e+01,1.437080e-04,1.092756e-04,2988972.688,1.250000e-04,10.34,21787.27
4093,5.322975e-03,3.691722e+01,1.144847e-04,9.728131e-05,2996781.738,4.907608e-03,3.750264e+01,8.196803e-05,6.753275e-05,3014973.102,1.250000e-04,10.31,21797.57
4094,5.373169e-03,3.703402e+01,1.136242e-04,1.067051e-04,2997058.434,4.908183e-03,3.677058e+01,7.146908e-05,1.032869e-04,2986634.297,1.250000e-04,10.32,21807.90
4095,5.246301e-03,3.701815e+01,1.098216e-04,8.925408e-05,2997080.180,5.161581e-03,3.631915e+01,1.047152e-04,9.650292e-05,2980447.820,1.250000e-04,10.19,21818.09
4096,5.289605e-03,3.694488e+01,1.086876e-04,1.016481e-04,2996483.508,5.117173e-03,3.732106e+01,1.059516e-04,6.511024e-05,3012012.492,1.250000e-04,10.42,21828.51
4097,5.192696e-03,3.691073e+01,1.029154e-04,9.449379e-05,2997313.770,7.246716e-03,3.866048e+01,1.934094e-04,2.893149e-04,3042884.758,1.250000e-04,10.38,21838.89
4098,5.324173e-03,3.705738e+01,1.098003e-04,1.040866e-04,2997693.953,5.216505e-03,3.678979e+01,1.096610e-04,8.818312e-05,2992377.516,1.250000e-04,10.38,21849.28
4099,5.860419e-03,3.728790e+01,1.532067e-04,1.199124e-04,2996317.449,4.593228e-03,3.775050e+01,4.982384e-05,6.398794e-05,3016492.289,1.250000e-04,10.38,21859.66
4100,5.215401e-03,3.702503e+01,1.051969e-04,9.218575e-05,2997437.303,7.232544e-03,3.723661e+01,2.426922e-04,2.163924e-04,2971546.547,1.250000e-04,10.08,21869.76
4101,5.600960e-03,3.728076e+01,1.263586e-04,1.218597e-04,2996971.439,5.072501e-03,3.732326e+01,9.451689e-05,7.900139e-05,2985834.609,6.250000e-05,10.26,21880.02
4102,4.428835e-03,3.666617e+01,5.466100e-05,4.312162e-05,2997069.518,4.308917e-03,3.669363e+01,5.422190e-05,1.946690e-05,3004353.656,6.250000e-05,10.26,21890.28
4103,4.297535e-03,3.652743e+01,4.454686e-05,3.986466e-05,2997546.268,4.639500e-03,3.632416e+01,7.334877e-05,5.471927e-05,2996198.070,6.250000e-05,10.31,21900.59
4104,4.282137e-03,3.638110e+01,4.596644e-05,3.687251e-05,2997275.766,4.225107e-03,3.668070e+01,4.378626e-05,2.383491e-05,3004777.492,6.250000e-05,10.30,21910.89
4105,4.283710e-03,3.634951e+01,4.765264e-05,3.444648e-05,2997569.867,4.424840e-03,3.639140e+01,6.778782e-05,2.156431e-05,2992642.945,6.250000e-05,10.40,21921.29
4106,4.285852e-03,3.632822e+01,4.549287e-05,3.962024e-05,2997207.945,4.248044e-03,3.648506e+01,4.973324e-05,2.044121e-05,2999645.266,6.250000e-05,10.26,21931.54
4107,4.258428e-03,3.626364e+01,4.491731e-05,3.657826e-05,2997757.189,4.448297e-03,3.664886e+01,5.960890e-05,3.746444e-05,3007979.828,6.250000e-05,10.35,21941.89
4108,4.301342e-03,3.624886e+01,4.801246e-05,3.926630e-05,2997610.920,4.090251e-03,3.610266e+01,3.219516e-05,3.160660e-05,2988203.969,6.250000e-05,10.34,21952.23
4109,4.232308e-03,3.616267e+01,4.309435e-05,3.701951e-05,2996906.572,4.193727e-03,3.648346e+01,3.712303e-05,3.483029e-05,3009780.656,6.250000e-05,10.49,21962.72
4110,4.322138e-03,3.623716e+01,4.771533e-05,4.425377e-05,2997732.963,4.186096e-03,3.658301e+01,3.654184e-05,3.247537e-05,3011955.477,6.250000e-05,10.23,21972.95
4111,4.225313e-03,3.612604e+01,4.542884e-05,3.168424e-05,2997455.811,4.133007e-03,3.622142e+01,4.157165e-05,1.902978e-05,3001335.375,6.250000e-05,10.37,21983.32
4112,4.232029e-03,3.612441e+01,4.350280e-05,3.691194e-05,2997264.354,4.554636e-03,3.632528e+01,7.625129e-05,3.191911e-05,3008141.672,6.250000e-05,10.49,21993.81
4113,4.333961e-03,3.605835e+01,5.201492e-05,4.159529e-05,2997698.398,4.176185e-03,3.607042e+01,4.317171e-05,2.748526e-05,2997866.594,6.250000e-05,10.34,22004.15
4114,4.259752e-03,3.607884e+01,4.586493e-05,3.864370e-05,2997374.289,4.205661e-03,3.636277e+01,3.866850e-05,3.653975e-05,2992884.125,6.250000e-05,10.18,22014.33
4115,4.237508e-03,3.608013e+01,4.590489e-05,3.408926e-05,2997518.922,5.215696e-03,3.498668e+01,8.241237e-05,1.785810e-04,2970016.469,6.250000e-05,10.33,22024.66
4116,4.322609e-03,3.607754e+01,5.025258e-05,4.246599e-05,2997406.771,4.768952e-03,3.581578e+01,8.827273e-05,6.092927e-05,2989241.969,6.250000e-05,10.19,22034.85
4117,4.252364e-03,3.604752e+01,4.617875e-05,3.716501e-05,2997382.477,4.132147e-03,3.556090e+01,3.880215e-05,3.760717e-05,2985912.680,6.250000e-05,10.49,22045.34
4118,4.262018e-03,3.592930e+01,4.745032e-05,3.891685e-05,2997144.137,4.261534e-03,3.637595e+01,4.441071e-05,3.596643e-05,3010395.648,6.250000e-05,10.47,22055.82
4119,4.227214e-03,3.598659e+01,4.675316e-05,3.220473e-05,2997605.518,4.176160e-03,3.600974e+01,4.571580e-05,2.360569e-05,3002036.297,6.250000e-05,10.57,22066.38
4120,4.217625e-03,3.600009e+01,4.308315e-05,3.735685e-05,2997762.885,4.235969e-03,3.585789e+01,3.993521e-05,5.016568e-05,2997439.344,6.250000e-05,10.47,22076.86
4121,4.175971e-03,3.592156e+01,4.200318e-05,3.275673e-05,2996996.658,4.378197e-03,3.594566e+01,5.077334e-05,5.517948e-05,3003672.961,6.250000e-05,10.33,22087.18
4122,4.264719e-03,3.596171e+01,4.591526e-05,4.187909e-05,2997672.766,4.189930e-03,3.590302e+01,4.810287e-05,2.371985e-05,2994792.367,6.250000e-05,10.50,22097.68
4123,4.147070e-03,3.589677e+01,3.842959e-05,3.461950e-05,2997185.559,4.124971e-03,3.588450e+01,4.468295e-05,1.793836e-05,2996537.562,6.250000e-05,10.47,22108.15
4124,4.249775e-03,3.589504e+01,4.542746e-05,4.119946e-05,2997625.232,4.354826e-03,3.549489e+01,5.551921e-05,5.002911e-05,2985531.273,6.250000e-05,10.34,22118.49
4125,4.239119e-03,3.592504e+01,4.421368e-05,4.089562e-05,2997187.346,4.275056e-03,3.562941e+01,4.963204e-05,4.315888e-05,2987732.414,6.250000e-05,10.60,22129.09
4126,4.195310e-03,3.590524e+01,4.406203e-05,3.283322e-05,2997399.801,4.178319e-03,3.599121e+01,3.815913e-05,3.952143e-05,3011189.141,6.250000e-05,10.65,22139.74
4127,4.230495e-03,3.585103e+01,4.546917e-05,3.814021e-05,2997346.328,4.317333e-03,3.591977e+01,6.104271e-05,2.298578e-05,2997847.148,6.250000e-05,10.71,22150.45
4128,4.343398e-03,3.588171e+01,5.239263e-05,4.626008e-05,2997683.990,4.403586e-03,3.640526e+01,3.985926e-05,7.289341e-05,3020969.000,6.250000e-05,10.81,22161.26
4129,4.240461e-03,3.592449e+01,4.580318e-05,3.799618e-05,2997376.668,4.248096e-03,3.599548e+01,3.922624e-05,5.125702e-05,3004473.117,6.250000e-05,10.55,22171.81
4130,4.233103e-03,3.583299e+01,4.453328e-05,4.089428e-05,2997548.357,4.192915e-03,3.590070e+01,3.984485e-05,4.087920e-05,2994568.250,6.250000e-05,10.80,22182.60
4131,4.317156e-03,3.591549e+01,4.708340e-05,5.095478e-05,2997749.865,4.181687e-03,3.570367e+01,4.166204e-05,3.893989e-05,2996951.914,6.250000e-05,10.56,22193.16
4132,4.171352e-03,3.585612e+01,4.153947e-05,3.406907e-05,2997611.510,4.601420e-03,3.509406e+01,5.593435e-05,1.065340e-04,2974042.930,6.250000e-05,10.53,22203.69
4133,4.188043e-03,3.583908e+01,4.286670e-05,3.509361e-05,2997456.334,4.063019e-03,3.556227e+01,3.561370e-05,3.013097e-05,2992706.562,6.250000e-05,10.48,22214.17
4134,4.245200e-03,3.577356e+01,4.565821e-05,4.225229e-05,2997044.910,4.743085e-03,3.626123e+01,8.694286e-05,4.950688e-05,3010944.570,6.250000e-05,10.40,22224.57
4135,4.219009e-03,3.578344e+01,4.814574e-05,3.184163e-05,2997958.877,4.695477e-03,3.564177e+01,8.036995e-05,6.552010e-05,2987237.883,6.250000e-05,10.35,22234.92
4136,4.277352e-03,3.577763e+01,4.857933e-05,4.275898e-05,2997403.764,4.206078e-03,3.558302e+01,4.999548e-05,2.956436e-05,2994413.055,6.250000e-05,10.39,22245.31
4137,4.230550e-03,3.577006e+01,4.438725e-05,4.193448e-05,2997248.912,4.089899e-03,3.596658e+01,3.874730e-05,2.115361e-05,3002624.086,6.250000e-05,10.32,22255.63
4138,4.195802e-03,3.574942e+01,4.285924e-05,3.845362e-05,2997135.891,4.505550e-03,3.607824e+01,7.133641e-05,3.687241e-05,3007749.969,6.250000e-05,10.29,22265.92
4139,4.221081e-03,3.576160e+01,4.462159e-05,3.974088e-05,2997700.090,4.422964e-03,3.643625e+01,5.055550e-05,5.475698e-05,3016325.156,6.250000e-05,10.30,22276.22
4140,4.196688e-03,3.569957e+01,4.169499e-05,4.195628e-05,2997459.316,4.237376e-03,3.565570e+01,4.778639e-05,3.878849e-05,2994833.945,6.250000e-05,10.36,22286.58
4141,4.184388e-03,3.574017e+01,4.358315e-05,3.490781e-05,2997643.746,4.157568e-03,3.567815e+01,4.661964e-05,2.471129e-05,3001581.023,6.250000e-05,10.62,22297.21
4142,4.188381e-03,3.564054e+01,4.203315e-05,4.079907e-05,2997334.945,4.270699e-03,3.579820e+01,6.234407e-05,1.348764e-05,3002103.992,6.250000e-05,10.53,22307.74
4143,4.341160e-03,3.566997e+01,5.078091e-05,5.327077e-05,2997804.512,4.841671e-03,3.528665e+01,8.811647e-05,8.636830e-05,2982130.609,6.250000e-05,10.24,22317.98
4144,4.210464e-03,3.570076e+01,4.512279e-05,3.783205e-05,2997191.238,4.228401e-03,3.582533e+01,4.405925e-05,4.105513e-05,3007237.445,6.250000e-05,10.28,22328.26
4145,4.219498e-03,3.570181e+01,4.473834e-05,4.038682e-05,2997545.883,4.078296e-03,3.576663e+01,3.955112e-05,2.122431e-05,2999751.008,6.250000e-05,10.24,22338.50
4146,4.229030e-03,3.566684e+01,4.568671e-05,4.109592e-05,2997106.193,4.437787e-03,3.595411e+01,7.422639e-05,2.002241e-05,3003438.094,6.250000e-05,10.11,22348.61
4147,4.197966e-03,3.569988e+01,4.462127e-05,3.635316e-05,2997838.910,4.297618e-03,3.526466e+01,5.199456e-05,5.024115e-05,2991160.406,6.250000e-05,10.33,22358.94
4148,4.307680e-03,3.558680e+01,5.297182e-05,4.385644e-05,2997259.080,4.320055e-03,3.600075e+01,3.735875e-05,6.927858e-05,3010247.883,6.250000e-05,10.13,22369.06
4149,4.204362e-03,3.565791e+01,4.482248e-05,3.806930e-05,2997405.070,4.298931e-03,3.536245e+01,4.671267e-05,5.911182e-05,2982786.633,6.250000e-05,10.26,22379.32
4150,4.286117e-03,3.569402e+01,4.866804e-05,4.600692e-05,2997517.053,4.788159e-03,3.534349e+01,5.274582e-05,1.452703e-04,2971312.617,6.250000e-05,10.21,22389.53
4151,4.300040e-03,3.562931e+01,5.135784e-05,4.470622e-05,2997259.000,4.278882e-03,3.588161e+01,5.568351e-05,2.677714e-05,3009425.750,6.250000e-05,10.22,22399.75
4152,4.217630e-03,3.566027e+01,4.477762e-05,4.076540e-05,2997573.486,4.049419e-03,3.573012e+01,3.702517e-05,2.123117e-05,3001834.438,6.250000e-05,10.41,22410.16
4153,4.177777e-03,3.561993e+01,4.215851e-05,3.883984e-05,2997564.154,4.295898e-03,3.580568e+01,5.493202e-05,3.320201e-05,3000005.562,6.250000e-05,10.14,22420.31
4154,4.193157e-03,3.569422e+01,4.242205e-05,3.990297e-05,2997382.459,4.041663e-03,3.549740e+01,3.278942e-05,3.280593e-05,2991716.289,6.250000e-05,10.06,22430.37
4155,4.181014e-03,3.564720e+01,4.382977e-05,3.559925e-05,2997556.326,4.276185e-03,3.581115e+01,5.292560e-05,3.316284e-05,3005227.445,6.250000e-05,10.04,22440.40
4156,4.303276e-03,3.555285e+01,5.006311e-05,4.947214e-05,2997197.961,4.369964e-03,3.625882e+01,4.117723e-05,6.646190e-05,3016909.828,6.250000e-05,10.16,22450.56
4157,4.261113e-03,3.561771e+01,4.556476e-05,4.873891e-05,2997392.211,4.147202e-03,3.585684e+01,3.985925e-05,3.258526e-05,3006454.898,6.250000e-05,10.18,22460.74
4158,4.239824e-03,3.563800e+01,4.362996e-05,4.794499e-05,2997645.699,4.167944e-03,3.566020e+01,4.396615e-05,3.245258e-05,3004688.914,6.250000e-05,10.48,22471.22
4159,4.150486e-03,3.560279e+01,4.085157e-05,3.633830e-05,2997396.729,4.244668e-03,3.583094e+01,5.290741e-05,2.650002e-05,2999016.406,6.250000e-05,10.30,22481.52
4160,4.242922e-03,3.560234e+01,4.610317e-05,4.433120e-05,2997601.486,4.802841e-03,3.563916e+01,9.414891e-05,5.948711e-05,2991846.070,6.250000e-05,10.42,22491.94
4161,4.258617e-03,3.563031e+01,4.713983e-05,4.483755e-05,2997495.719,4.156752e-03,3.581970e+01,4.121358e-05,3.252942e-05,3000763.188,6.250000e-05,10.45,22502.39
4162,4.197977e-03,3.560850e+01,4.170361e-05,4.401814e-05,2997036.816,4.297718e-03,3.595754e+01,3.775420e-05,6.488438e-05,3019219.070,6.250000e-05,10.56,22512.95
4163,4.154011e-03,3.557617e+01,4.030585e-05,3.866710e-05,2997817.434,4.155981e-03,3.580558e+01,3.819952e-05,3.868555e-05,3012620.672,6.250000e-05,10.35,22523.30
4164,4.198275e-03,3.555014e+01,4.557445e-05,3.750326e-05,2997603.818,4.301262e-03,3.584122e+01,4.502215e-05,5.338376e-05,3013036.094,6.250000e-05,10.75,22534.05
4165,4.186148e-03,3.556332e+01,4.515719e-05,3.564883e-05,2997137.846,5.133057e-03,3.649174e+01,9.205161e-05,1.126733e-04,3025965.672,6.250000e-05,10.49,22544.55
4166,4.215477e-03,3.556766e+01,4.583782e-05,4.006652e-05,2997801.533,4.429980e-03,3.524075e+01,5.946635e-05,6.224836e-05,2994716.617,6.250000e-05,10.98,22555.52
4167,4.184320e-03,3.549531e+01,4.269436e-05,4.156901e-05,2997224.760,4.842788e-03,3.654027e+01,4.499367e-05,1.477650e-04,3032117.492,6.250000e-05,10.44,22565.97
4168,4.246846e-03,3.559219e+01,4.779939e-05,4.192668e-05,2997517.574,4.542395e-03,3.617316e+01,5.037459e-05,8.426650e-05,3023617.172,6.250000e-05,10.55,22576.51
4169,4.193418e-03,3.558339e+01,4.409200e-05,3.883183e-05,2997882.232,4.070916e-03,3.550387e+01,4.349496e-05,1.711592e-05,2998867.289,6.250000e-05,10.53,22587.04
4170,4.173025e-03,3.552807e+01,4.314035e-05,3.776283e-05,2997784.471,5.812763e-03,3.424476e+01,7.312268e-05,3.314121e-04,2951144.930,6.250000e-05,10.78,22597.82
4171,4.268058e-03,3.556185e+01,4.720352e-05,4.796761e-05,2997018.654,3.942861e-03,3.580060e+01,2.842120e-05,1.571783e-05,3006201.734,6.250000e-05,10.32,22608.14
4172,4.192068e-03,3.552923e+01,4.261287e-05,4.260322e-05,2997621.549,4.306208e-03,3.547381e+01,6.413227e-05,2.350091e-05,2996000.602,6.250000e-05,10.53,22618.67
4173,4.148503e-03,3.553364e+01,4.167500e-05,3.567789e-05,2997399.252,4.312267e-03,3.556670e+01,5.194250e-05,4.723441e-05,3011465.773,6.250000e-05,10.53,22629.20
4174,4.328359e-03,3.551574e+01,5.236095e-05,5.063516e-05,2997286.395,4.170068e-03,3.576263e+01,4.951381e-05,1.973342e-05,3000901.211,6.250000e-05,10.37,22639.57
4175,4.269413e-03,3.554689e+01,4.825502e-05,4.643478e-05,2997925.650,4.594624e-03,3.519328e+01,7.743838e-05,6.018242e-05,2980413.898,6.250000e-05,10.69,22650.27
4176,4.174782e-03,3.553143e+01,4.378457e-05,3.675864e-05,2997400.426,4.206276e-03,3.530936e+01,5.204031e-05,3.098745e-05,2998046.438,6.250000e-05,10.56,22660.82
4177,4.146490e-03,3.549337e+01,4.376493e-05,3.190090e-05,2997365.002,4.068109e-03,3.570096e+01,3.674451e-05,2.611365e-05,3008688.320,6.250000e-05,10.32,22671.14
4178,4.154594e-03,3.548149e+01,4.327273e-05,3.474353e-05,2997469.717,4.285885e-03,3.583346e+01,4.191313e-05,5.668151e-05,3016015.258,6.250000e-05,10.48,22681.62
4179,4.209162e-03,3.553224e+01,4.319286e-05,4.480178e-05,2997475.084,4.048492e-03,3.573068e+01,3.402647e-05,2.703187e-05,3006206.750,6.250000e-05,10.54,22692.16
4180,4.181518e-03,3.547366e+01,4.312981e-05,4.057084e-05,2997517.668,4.223045e-03,3.587864e+01,4.624731e-05,3.454158e-05,3010859.945,6.250000e-05,10.41,22702.56
4181,4.127943e-03,3.543642e+01,4.193145e-05,3.299733e-05,2997631.816,3.953463e-03,3.549281e+01,3.135359e-05,1.812932e-05,2994563.867,6.250000e-05,10.22,22712.79
4182,4.178376e-03,3.546234e+01,4.218169e-05,4.206516e-05,2997418.031,4.173902e-03,3.559849e+01,4.278437e-05,3.724187e-05,2992118.945,6.250000e-05,10.27,22723.05
4183,4.167218e-03,3.541003e+01,4.279772e-05,3.964751e-05,2997584.127,4.289120e-03,3.592153e+01,5.553113e-05,2.833112e-05,3008121.508,6.250000e-05,10.13,22733.19
4184,4.140613e-03,3.549012e+01,4.164761e-05,3.502502e-05,2997560.193,4.312477e-03,3.543672e+01,6.606339e-05,2.163411e-05,2998195.883,6.250000e-05,10.28,22743.46
4185,4.244560e-03,3.540575e+01,4.912763e-05,4.254182e-05,2997284.777,3.881217e-03,3.547124e+01,2.794463e-05,1.092933e-05,2999342.055,6.250000e-05,10.29,22753.75
4186,4.136433e-03,3.542652e+01,4.290331e-05,3.294964e-05,2997451.742,4.156686e-03,3.530708e+01,4.948077e-05,2.623421e-05,2994721.258,6.250000e-05,10.10,22763.85
4187,4.234948e-03,3.540293e+01,4.545483e-05,4.802137e-05,2997301.545,4.286796e-03,3.545196e+01,6.088873e-05,2.654263e-05,2998355.008,6.250000e-05,10.33,22774.18
4188,4.194916e-03,3.538942e+01,4.248002e-05,4.623474e-05,2997507.758,4.220026e-03,3.524444e+01,4.321919e-05,5.267811e-05,2986481.133,6.250000e-05,10.22,22784.40
4189,4.134985e-03,3.543491e+01,4.272471e-05,3.284951e-05,2997631.816,4.005061e-03,3.520002e+01,3.701655e-05,2.297862e-05,2994948.023,6.250000e-05,10.50,22794.90
4190,4.228963e-03,3.535279e+01,4.656036e-05,4.561611e-05,2997520.648,4.459644e-03,3.504037e+01,7.679516e-05,3.753126e-05,2990097.977,6.250000e-05,10.24,22805.14
4191,4.248395e-03,3.538421e+01,5.208630e-05,3.782222e-05,2997542.098,4.600905e-03,3.492091e+01,6.202916e-05,9.770439e-05,2990124.023,6.250000e-05,10.37,22815.50
4192,4.186326e-03,3.537513e+01,4.195485e-05,4.585297e-05,2997151.854,4.161221e-03,3.544966e+01,4.885773e-05,2.553543e-05,3000370.234,6.250000e-05,10.18,22825.68
4193,4.145045e-03,3.537406e+01,4.206243e-05,3.740295e-05,2997831.879,4.343772e-03,3.486471e+01,5.411553e-05,6.322907e-05,2981437.438,6.250000e-05,10.17,22835.85
4194,4.212369e-03,3.540453e+01,4.777374e-05,3.883572e-05,2997470.461,4.216856e-03,3.501024e+01,4.726654e-05,4.863334e-05,2984098.508,6.250000e-05,10.32,22846.17
4195,4.259005e-03,3.541672e+01,4.651296e-05,5.044063e-05,2997378.150,4.139408e-03,3.548578e+01,4.437032e-05,2.942543e-05,3002609.867,6.250000e-05,10.43,22856.60
4196,4.185025e-03,3.537571e+01,4.464718e-05,4.019659e-05,2997554.268,4.088617e-03,3.532069e+01,4.314612e-05,2.501739e-05,2998787.234,6.250000e-05,10.41,22867.01
4197,4.221465e-03,3.538098e+01,4.304394e-05,5.058556e-05,2997589.650,4.473730e-03,3.466416e+01,4.676137e-05,1.079402e-04,2972151.641,6.250000e-05,10.01,22877.02
4198,4.193012e-03,3.539898e+01,4.422401e-05,4.217480e-05,2997359.135,4.018724e-03,3.561429e+01,3.510756e-05,2.124393e-05,3003262.070,6.250000e-05,9.88,22886.90
4199,4.172699e-03,3.544067e+01,4.424016e-05,3.724614e-05,2997747.629,4.226818e-03,3.552309e+01,5.111999e-05,3.266165e-05,2995034.625,6.250000e-05,10.41,22897.32
4200,4.225114e-03,3.536157e+01,4.544012e-05,4.691125e-05,2997088.463,4.449838e-03,3.555840e+01,7.594431e-05,2.691096e-05,3005644.688,6.250000e-05,10.11,22907.43
4201,4.200415e-03,3.535527e+01,4.363115e-05,4.571536e-05,2997751.346,4.303433e-03,3.570245e+01,5.823399e-05,3.016971e-05,3007721.891,6.250000e-05,10.51,22917.94
4202,4.249064e-03,3.534952e+01,4.526201e-05,5.229850e-05,2997442.732,4.272223e-03,3.521931e+01,5.711545e-05,3.582754e-05,2997603.188,6.250000e-05,10.36,22928.31
4203,4.173676e-03,3.535896e+01,4.208489e-05,4.338614e-05,2997456.443,4.238791e-03,3.538747e+01,5.612923e-05,2.775027e-05,2995461.930,6.250000e-05,10.33,22938.64
4204,4.171656e-03,3.539085e+01,4.475766e-05,3.699894e-05,2997644.834,4.497472e-03,3.524449e+01,6.873634e-05,5.713194e-05,3000882.477,6.250000e-05,10.39,22949.03
4205,4.158297e-03,3.536820e+01,3.992285e-05,4.444983e-05,2997437.473,5.065979e-03,3.616134e+01,4.851428e-05,1.929406e-04,3035098.109,6.250000e-05,10.59,22959.62
4206,4.237167e-03,3.539836e+01,4.664573e-05,4.617479e-05,2997399.223,4.114248e-03,3.538638e+01,4.087562e-05,3.337073e-05,3004392.250,6.250000e-05,10.39,22970.01
4207,4.294054e-03,3.537113e+01,4.982400e-05,5.174025e-05,2997324.096,4.803491e-03,3.544347e+01,9.565518e-05,6.051847e-05,2999341.266,6.250000e-05,10.21,22980.22
4208,4.239965e-03,3.540661e+01,4.838917e-05,4.308248e-05,2997570.920,4.036260e-03,3.521755e+01,3.559264e-05,3.171579e-05,2989317.750,6.250000e-05,10.01,22990.22
4209,4.244978e-03,3.540891e+01,4.720998e-05,4.639740e-05,2997676.918,4.259087e-03,3.546946e+01,6.042075e-05,2.158675e-05,3000268.586,6.250000e-05,10.42,23000.65
4210,4.159301e-03,3.538561e+01,4.470375e-05,3.474063e-05,2996951.592,4.316814e-03,3.553197e+01,4.780062e-05,5.712231e-05,3013627.875,6.250000e-05,10.39,23011.04
4211,4.128038e-03,3.537791e+01,3.873202e-05,4.058530e-05,2997739.070,3.967672e-03,3.545406e+01,3.540612e-05,1.364091e-05,3001440.203,6.250000e-05,10.54,23021.58
4212,4.086230e-03,3.534037e+01,3.664881e-05,3.714102e-05,2997456.990,4.864862e-03,3.609591e+01,6.720609e-05,1.166420e-04,3028765.289,6.250000e-05,10.41,23031.99
4213,4.227327e-03,3.530230e+01,4.787668e-05,4.366609e-05,2997856.859,4.295562e-03,3.518860e+01,4.777143e-05,5.979757e-05,2982973.688,6.250000e-05,10.40,23042.39
4214,4.156332e-03,3.537807e+01,4.187547e-05,3.995405e-05,2997320.240,4.024502e-03,3.521453e+01,3.664290e-05,2.732404e-05,3000299.133,6.250000e-05,10.36,23052.75
4215,4.089931e-03,3.533336e+01,3.834704e-05,3.462500e-05,2997522.803,4.035433e-03,3.546836e+01,4.143718e-05,1.484513e-05,3002020.047,6.250000e-05,10.53,23063.27
4216,4.243784e-03,3.533661e+01,4.915457e-05,4.371548e-05,2997725.686,4.006666e-03,3.517499e+01,3.636703e-05,2.509936e-05,2991695.508,6.250000e-05,10.48,23073.76
4217,4.117402e-03,3.527528e+01,3.939996e-05,3.917485e-05,2997241.607,4.426189e-03,3.596527e+01,5.410810e-05,5.771622e-05,3013380.750,6.250000e-05,10.53,23084.28
4218,4.179367e-03,3.533821e+01,4.490433e-05,3.930056e-05,2997413.621,4.249870e-03,3.522068e+01,6.108828e-05,2.338384e-05,2991264.141,6.250000e-05,10.20,23094.48
4219,4.291039e-03,3.539127e+01,4.729800e-05,5.578644e-05,2997660.340,4.046285e-03,3.541936e+01,3.683643e-05,2.719708e-05,2997857.664,6.250000e-05,10.48,23104.96
4220,4.133577e-03,3.533700e+01,4.203540e-05,3.590464e-05,2997655.453,4.393833e-03,3.513902e+01,6.124717e-05,5.349189e-05,2982485.648,6.250000e-05,10.45,23115.41
4221,4.308057e-03,3.528657e+01,5.191523e-05,5.204959e-05,2997079.016,4.082437e-03,3.545693e+01,3.704215e-05,3.326455e-05,3004041.078,6.250000e-05,10.36,23125.77
4222,4.103967e-03,3.526689e+01,3.896181e-05,3.753182e-05,2997611.736,4.151110e-03,3.505774e+01,3.897631e-05,5.111459e-05,2986469.297,6.250000e-05,10.30,23136.07
4223,4.190267e-03,3.528380e+01,4.457820e-05,4.322109e-05,2997126.465,4.391305e-03,3.544085e+01,7.374967e-05,2.194466e-05,3001400.188,6.250000e-05,10.51,23146.57
4224,4.189541e-03,3.529992e+01,4.370818e-05,4.449347e-05,2997746.680,4.272392e-03,3.584700e+01,4.108657e-05,5.536514e-05,3019314.305,6.250000e-05,10.40,23156.97
4225,4.104049e-03,3.529326e+01,3.914348e-05,3.665763e-05,2997556.980,4.081646e-03,3.561714e+01,3.629981e-05,3.138683e-05,3007207.352,6.250000e-05,10.64,23167.61
4226,4.083614e-03,3.530402e+01,3.788766e-05,3.486701e-05,2997485.873,4.569308e-03,3.558224e+01,7.703956e-05,4.813776e-05,3013473.867,6.250000e-05,10.49,23178.10
4227,4.247716e-03,3.532127e+01,4.633808e-05,5.044178e-05,2997768.084,4.336164e-03,3.488231e+01,6.205595e-05,4.547458e-05,2985089.078,6.250000e-05,10.56,23188.67
4228,4.186788e-03,3.528335e+01,4.392341e-05,4.384375e-05,2997399.211,4.183948e-03,3.548981e+01,3.624337e-05,5.450666e-05,3005176.977,6.250000e-05,10.48,23199.15
4229,4.211381e-03,3.530912e+01,4.352387e-05,4.904619e-05,2997598.744,4.295866e-03,3.487642e+01,5.002618e-05,6.159250e-05,2983382.461,6.250000e-05,10.46,23209.61
4230,4.249407e-03,3.527322e+01,4.927426e-05,4.586838e-05,2997296.887,4.368527e-03,3.598896e+01,4.941975e-05,5.508668e-05,3011722.758,6.250000e-05,10.22,23219.83
4231,4.296005e-03,3.534152e+01,5.129627e-05,4.977808e-05,2997723.859,4.451776e-03,3.550582e+01,7.070565e-05,3.882758e-05,3009463.922,6.250000e-05,10.35,23230.18
4232,4.186099e-03,3.532140e+01,4.411827e-05,4.255523e-05,2997535.613,4.107585e-03,3.533469e+01,4.257304e-05,2.967715e-05,2993571.617,6.250000e-05,10.08,23240.26
4233,4.169718e-03,3.531078e+01,4.398003e-05,3.976806e-05,2997422.979,3.998894e-03,3.533862e+01,3.536018e-05,2.228620e-05,2995539.609,6.250000e-05,9.90,23250.16
4234,4.098543e-03,3.529290e+01,3.886856e-05,3.611349e-05,2997895.828,4.282062e-03,3.499435e+01,4.451655e-05,6.749244e-05,2982618.969,6.250000e-05,10.00,23260.16
4235,4.173595e-03,3.525797e+01,4.489306e-05,3.977351e-05,2997325.867,4.191945e-03,3.515998e+01,4.927270e-05,3.664399e-05,2988807.766,6.250000e-05,10.23,23270.39
4236,4.262634e-03,3.528728e+01,4.751783e-05,5.174554e-05,2997687.662,4.402859e-03,3.469984e+01,4.583217e-05,9.491071e-05,2978931.539,6.250000e-05,10.21,23280.60
4237,4.135253e-03,3.526770e+01,4.211162e-05,3.747334e-05,2997121.688,4.151695e-03,3.528156e+01,4.530607e-05,3.409569e-05,3006594.312,6.250000e-05,10.13,23290.73
4238,4.137210e-03,3.524482e+01,4.096988e-05,4.060600e-05,2997459.883,4.454410e-03,3.555563e+01,5.288840e-05,7.399252e-05,3015282.625,6.250000e-05,10.29,23301.03
4239,4.143239e-03,3.522473e+01,4.177974e-05,4.059377e-05,2997743.766,4.183929e-03,3.555728e+01,5.155313e-05,2.253400e-05,3003682.695,6.250000e-05,10.41,23311.43
4240,4.278604e-03,3.525275e+01,5.194270e-05,4.678042e-05,2997553.105,4.324950e-03,3.530821e+01,5.350817e-05,5.180947e-05,2992892.594,6.250000e-05,10.02,23321.45
4241,4.232112e-03,3.520775e+01,4.925611e-05,4.375520e-05,2997476.771,4.128829e-03,3.521471e+01,4.632122e-05,2.882920e-05,2989936.297,6.250000e-05,10.34,23331.79
4242,4.132712e-03,3.529475e+01,4.226355e-05,3.612028e-05,2997410.756,3.960629e-03,3.524044e+01,3.355207e-05,2.021286e-05,2999314.719,6.250000e-05,9.94,23341.73
4243,4.221620e-03,3.523167e+01,4.565176e-05,4.838712e-05,2997354.260,4.399602e-03,3.518850e+01,6.194861e-05,5.225329e-05,2998298.211,6.250000e-05,10.19,23351.92
4244,4.177392e-03,3.527634e+01,4.313275e-05,4.368621e-05,2997895.473,4.193912e-03,3.484673e+01,4.474308e-05,5.236157e-05,2986668.078,6.250000e-05,9.98,23361.90
4245,4.112361e-03,3.520632e+01,3.834563e-05,4.165453e-05,2997108.047,4.431144e-03,3.570604e+01,6.044521e-05,5.121771e-05,2998758.586,6.250000e-05,10.15,23372.05
4246,4.104833e-03,3.526305e+01,4.175962e-05,3.218620e-05,2997760.756,4.097650e-03,3.542880e+01,3.820543e-05,3.454312e-05,3010474.703,6.250000e-05,10.59,23382.64
4247,4.170140e-03,3.516637e+01,4.530249e-05,4.009565e-05,2997586.533,4.369721e-03,3.498823e+01,6.223954e-05,4.970051e-05,2992221.969,6.250000e-05,10.56,23393.20
4248,4.295458e-03,3.526689e+01,5.122262e-05,5.130866e-05,2997370.992,3.956560e-03,3.520910e+01,3.264261e-05,2.184467e-05,3000846.711,6.250000e-05,10.35,23403.55
4249,4.236100e-03,3.530836e+01,4.766111e-05,4.573069e-05,2997599.656,4.131985e-03,3.499585e+01,4.467950e-05,3.712091e-05,2994584.789,6.250000e-05,9.97,23413.52
4250,4.134449e-03,3.523499e+01,4.125646e-05,3.967697e-05,2997459.475,4.285678e-03,3.498027e+01,5.516607e-05,4.719801e-05,2997288.172,6.250000e-05,9.79,23423.31
4251,4.115376e-03,3.522607e+01,4.032917e-05,3.789565e-05,2997489.230,4.003061e-03,3.519053e+01,3.556700e-05,2.566756e-05,2996456.398,6.250000e-05,10.23,23433.54
4252,4.143427e-03,3.523175e+01,4.298461e-05,3.808126e-05,2997196.445,4.522083e-03,3.574908e+01,6.621937e-05,5.699627e-05,3018808.125,6.250000e-05,10.24,23443.78
4253,4.186348e-03,3.524706e+01,4.588040e-05,4.056755e-05,2997937.395,4.059299e-03,3.518203e+01,4.304498e-05,2.212940e-05,2999373.992,6.250000e-05,10.19,23453.97
4254,4.230226e-03,3.522801e+01,4.549459e-05,5.049585e-05,2997225.061,4.108428e-03,3.539987e+01,3.731658e-05,3.905508e-05,3006951.438,6.250000e-05,10.10,23464.07
4255,4.184953e-03,3.528198e+01,4.240051e-05,4.654997e-05,2997572.447,4.019206e-03,3.527417e+01,3.834037e-05,2.167698e-05,2997416.555,6.250000e-05,10.16,23474.23
4256,4.144982e-03,3.526029e+01,4.134615e-05,4.109824e-05,2997722.777,4.140781e-03,3.545723e+01,4.071103e-05,3.758960e-05,3011284.516,6.250000e-05,10.02,23484.25
4257,4.205917e-03,3.521694e+01,4.532275e-05,4.619902e-05,2997178.459,4.657013e-03,3.586296e+01,6.467663e-05,8.479001e-05,3024909.164,6.250000e-05,10.23,23494.48
4258,4.163102e-03,3.521888e+01,4.403038e-05,4.018211e-05,2997873.959,3.949981e-03,3.516047e+01,3.313108e-05,2.052464e-05,2999069.297,6.250000e-05,10.83,23505.30
4259,4.112036e-03,3.517826e+01,4.345546e-05,3.193099e-05,2997454.488,4.245653e-03,3.534684e+01,4.215928e-05,5.787529e-05,3002332.258,6.250000e-05,10.31,23515.62
4260,4.226049e-03,3.520779e+01,4.613161e-05,4.879077e-05,2997545.400,4.284233e-03,3.478652e+01,5.474338e-05,5.162961e-05,2989216.852,6.250000e-05,10.32,23525.94
4261,4.148674e-03,3.521669e+01,4.236707e-05,4.066682e-05,2997636.551,4.073272e-03,3.530604e+01,3.598925e-05,3.655495e-05,3007133.453,6.250000e-05,10.44,23536.37
4262,4.259840e-03,3.520699e+01,4.841980e-05,5.098859e-05,2997230.189,4.231714e-03,3.551062e+01,4.766322e-05,4.080394e-05,3013924.891,6.250000e-05,9.97,23546.34
4263,4.156864e-03,3.524042e+01,4.275955e-05,4.104531e-05,2997694.600,4.595811e-03,3.467623e+01,7.050548e-05,8.462658e-05,2977240.930,6.250000e-05,10.55,23556.89
4264,4.213912e-03,3.521878e+01,4.259950e-05,5.320796e-05,2997205.432,4.100832e-03,3.519512e+01,4.681458e-05,2.263489e-05,3001426.383,6.250000e-05,10.42,23567.31
4265,4.107519e-03,3.522833e+01,4.012554e-05,3.668596e-05,2997759.346,4.126997e-03,3.505576e+01,4.927460e-05,2.573499e-05,2996908.906,6.250000e-05,10.17,23577.48
4266,4.128541e-03,3.521944e+01,4.179715e-05,3.772523e-05,2997605.750,4.030074e-03,3.514545e+01,3.601719e-05,3.107136e-05,2992379.867,6.250000e-05,10.41,23587.89
4267,4.077956e-03,3.517178e+01,3.849857e-05,3.515846e-05,2997470.154,4.014874e-03,3.498627e+01,3.650524e-05,3.023891e-05,2991490.133,6.250000e-05,10.41,23598.30
4268,4.116633e-03,3.516525e+01,4.026337e-05,3.949483e-05,2997286.326,4.167047e-03,3.539108e+01,4.974071e-05,2.610643e-05,3007570.438,6.250000e-05,10.07,23608.37
4269,4.104034e-03,3.520942e+01,3.828902e-05,4.004046e-05,2998011.406,4.673993e-03,3.476799e+01,7.113789e-05,9.716289e-05,2989069.406,6.250000e-05,10.20,23618.57
4270,4.166043e-03,3.517068e+01,4.374739e-05,4.230010e-05,2997463.891,4.326257e-03,3.490895e+01,5.554790e-05,5.597663e-05,2996531.633,6.250000e-05,10.11,23628.68
4271,4.106662e-03,3.518808e+01,3.932590e-05,3.891899e-05,2997306.414,4.315608e-03,3.563556e+01,4.618026e-05,5.804999e-05,3017705.430,6.250000e-05,10.49,23639.17
4272,4.110344e-03,3.519304e+01,3.957927e-05,3.904950e-05,2997468.852,4.026611e-03,3.519420e+01,4.190524e-05,1.762777e-05,2999751.000,6.250000e-05,10.57,23649.74
4273,4.146587e-03,3.518074e+01,4.330932e-05,3.908399e-05,2997527.688,4.474591e-03,3.467938e+01,5.880443e-05,8.372186e-05,2976661.180,6.250000e-05,10.09,23659.83
4274,4.156912e-03,3.520163e+01,4.268925e-05,4.197115e-05,2997537.590,4.315120e-03,3.474674e+01,5.486407e-05,5.836114e-05,2983363.133,6.250000e-05,10.23,23670.06
4275,4.180665e-03,3.521046e+01,4.421901e-05,4.348582e-05,2997333.184,3.952971e-03,3.500322e+01,3.277665e-05,2.497651e-05,2994796.438,6.250000e-05,10.20,23680.26
4276,4.127602e-03,3.518492e+01,4.234847e-05,3.712512e-05,2997406.795,4.603909e-03,3.540235e+01,6.654977e-05,7.963516e-05,3017734.352,6.250000e-05,9.91,23690.17
4277,4.188080e-03,3.522777e+01,4.392207e-05,4.521659e-05,2997627.518,4.141552e-03,3.516652e+01,5.028011e-05,2.441978e-05,2999191.914,6.250000e-05,10.14,23700.31
4278,4.069143e-03,3.517170e+01,4.133103e-05,2.773264e-05,2997586.988,4.427830e-03,3.541068e+01,5.244759e-05,7.245727e-05,3003620.047,6.250000e-05,9.76,23710.07
4279,4.235690e-03,3.523110e+01,4.470811e-05,5.309964e-05,2997847.549,4.133438e-03,3.503151e+01,4.645559e-05,3.314641e-05,2987780.055,6.250000e-05,10.22,23720.30
4280,4.133050e-03,3.513981e+01,4.266706e-05,3.847966e-05,2997283.227,4.271264e-03,3.500127e+01,6.288277e-05,2.846174e-05,2994486.023,6.250000e-05,10.01,23730.31
4281,4.089597e-03,3.512047e+01,4.077353e-05,3.396295e-05,2997928.822,4.775375e-03,3.432956e+01,6.918655e-05,1.301108e-04,2969891.852,6.250000e-05,10.17,23740.48
4282,4.221070e-03,3.518100e+01,4.768188e-05,4.523023e-05,2997175.686,4.055711e-03,3.532361e+01,3.969182e-05,2.528624e-05,3004396.219,6.250000e-05,10.70,23751.18
4283,4.226715e-03,3.518441e+01,4.524541e-05,5.116402e-05,2997487.160,4.363146e-03,3.492894e+01,4.955751e-05,7.493536e-05,2979809.328,6.250000e-05,10.81,23761.99
4284,4.164215e-03,3.511952e+01,4.475767e-05,4.093718e-05,2997684.498,4.284649e-03,3.517516e+01,4.605820e-05,6.131031e-05,3000101.164,6.250000e-05,10.78,23772.77
4285,4.221536e-03,3.511896e+01,4.806212e-05,4.580368e-05,2997622.609,4.032235e-03,3.515510e+01,4.039774e-05,2.254940e-05,2999728.070,6.250000e-05,10.74,23783.52
4286,4.140965e-03,3.513546e+01,4.461712e-05,3.624956e-05,2997599.646,4.536477e-03,3.584237e+01,5.740458e-05,7.563883e-05,3022939.695,6.250000e-05,10.82,23794.34
4287,4.215748e-03,3.517259e+01,4.775822e-05,4.418137e-05,2997348.402,3.975243e-03,3.535823e+01,3.475353e-05,1.837688e-05,3002510.812,6.250000e-05,11.36,23805.70
4288,4.050714e-03,3.513035e+01,3.808218e-05,3.137136e-05,2997885.092,4.166010e-03,3.509525e+01,5.601933e-05,1.925839e-05,2996311.828,6.250000e-05,11.19,23816.89
4289,4.212234e-03,3.518597e+01,4.562399e-05,4.747951e-05,2997452.584,4.335474e-03,3.525338e+01,5.337281e-05,5.528150e-05,3001607.344,6.250000e-05,11.06,23827.95
4290,4.235601e-03,3.521121e+01,4.434071e-05,5.421467e-05,2997499.811,4.692652e-03,3.458281e+01,8.307237e-05,8.072949e-05,2981511.633,6.250000e-05,10.98,23838.94
4291,4.220720e-03,3.520376e+01,4.711722e-05,4.583435e-05,2996997.719,4.112226e-03,3.530100e+01,3.910088e-05,3.822345e-05,3008304.328,6.250000e-05,10.78,23849.71
4292,4.205001e-03,3.515495e+01,4.972927e-05,3.844252e-05,2997619.643,4.395232e-03,3.515530e+01,7.557516e-05,2.479015e-05,2996695.609,6.250000e-05,10.77,23860.48
4293,4.079141e-03,3.515118e+01,3.920375e-05,3.439715e-05,2997634.141,4.439119e-03,3.560995e+01,6.206289e-05,5.149892e-05,3015367.695,6.250000e-05,11.29,23871.77
4294,4.126060e-03,3.513813e+01,4.294240e-05,3.656475e-05,2997419.775,4.081795e-03,3.510326e+01,4.048947e-05,3.331496e-05,3003911.234,6.250000e-05,10.97,23882.74
4295,4.140950e-03,3.511960e+01,3.948540e-05,4.682706e-05,2997897.465,4.659613e-03,3.471339e+01,7.615692e-05,8.534093e-05,2977526.523,6.250000e-05,11.03,23893.77
4296,4.210821e-03,3.515326e+01,5.022807e-05,3.864274e-05,2997419.602,5.293121e-03,3.620612e+01,8.313097e-05,1.682399e-04,3035153.242,6.250000e-05,10.53,23904.30
4297,4.184276e-03,3.514351e+01,4.586522e-05,4.225440e-05,2997131.336,5.390711e-03,3.587682e+01,1.093192e-04,1.419674e-04,3029232.945,6.250000e-05,10.70,23915.00
4298,4.197223e-03,3.514050e+01,4.564247e-05,4.534980e-05,2998295.232,4.201165e-03,3.490774e+01,4.749755e-05,4.708303e-05,2987117.562,6.250000e-05,11.01,23926.02
4299,4.128367e-03,3.512371e+01,4.225366e-05,3.869205e-05,2997032.951,4.074860e-03,3.532688e+01,4.003448e-05,2.836552e-05,3001104.680,6.250000e-05,11.38,23937.40
4300,4.146744e-03,3.516060e+01,4.020752e-05,4.572163e-05,2997375.869,4.042426e-03,3.514725e+01,4.030310e-05,2.493406e-05,3001000.930,6.250000e-05,10.39,23947.79
4301,4.135370e-03,3.515320e+01,4.005220e-05,4.390561e-05,2997789.445,4.130729e-03,3.534438e+01,4.183721e-05,3.558379e-05,3002052.359,6.250000e-05,10.85,23958.64
4302,4.212670e-03,3.512897e+01,4.589739e-05,4.815991e-05,2997331.514,5.062166e-03,3.602317e+01,7.745871e-05,1.370524e-04,3031671.320,6.250000e-05,10.82,23969.46
4303,4.082246e-03,3.520300e+01,4.086289e-05,3.066353e-05,2997714.959,4.289040e-03,3.481753e+01,5.304441e-05,5.536866e-05,2990378.523,6.250000e-05,10.73,23980.19
4304,4.134447e-03,3.514627e+01,4.443209e-05,3.509986e-05,2997399.727,4.346116e-03,3.516286e+01,4.965727e-05,6.665152e-05,3005243.461,6.250000e-05,10.66,23990.85
4305,4.174903e-03,3.514757e+01,4.492754e-05,4.217427e-05,2997827.449,4.024401e-03,3.487334e+01,4.281675e-05,2.178000e-05,2994595.141,6.250000e-05,10.43,24001.28
4306,4.150191e-03,3.505745e+01,4.408518e-05,4.071892e-05,2997368.957,4.194226e-03,3.486741e+01,5.316922e-05,3.515869e-05,2993369.648,6.250000e-05,10.48,24011.76
4307,4.223131e-03,3.512144e+01,4.520389e-05,5.178978e-05,2997557.611,4.445100e-03,3.532390e+01,7.517308e-05,3.219575e-05,3002906.016,6.250000e-05,10.08,24021.85
4308,4.144102e-03,3.516847e+01,4.014224e-05,4.516670e-05,2997577.139,4.276245e-03,3.459944e+01,4.777761e-05,6.770514e-05,2986379.344,6.250000e-05,10.23,24032.08
4309,4.115112e-03,3.518099e+01,4.034885e-05,3.870501e-05,2997654.434,4.150202e-03,3.485686e+01,4.884783e-05,3.520745e-05,2990620.266,6.250000e-05,10.47,24042.54
4310,4.237128e-03,3.508290e+01,4.520018e-05,5.536726e-05,2997219.170,4.197931e-03,3.554065e+01,4.029383e-05,4.818561e-05,3015575.031,6.250000e-05,10.65,24053.19
4311,4.126716e-03,3.517536e+01,4.121960e-05,3.939676e-05,2997541.584,4.241234e-03,3.524220e+01,5.724837e-05,2.890601e-05,3003661.523,6.250000e-05,10.59,24063.78
4312,4.153189e-03,3.514083e+01,4.088314e-05,4.605492e-05,2997611.432,4.982637e-03,3.484246e+01,9.423120e-05,1.112159e-04,2974833.852,6.250000e-05,10.60,24074.38
4313,4.154397e-03,3.512495e+01,4.344817e-05,4.148421e-05,2997648.410,4.052194e-03,3.489522e+01,4.096118e-05,3.061213e-05,2992457.766,6.250000e-05,10.60,24084.98
4314,4.165612e-03,3.512888e+01,4.648429e-05,3.757620e-05,2997557.205,4.729871e-03,3.585553e+01,6.886579e-05,9.113200e-05,3024822.250,6.250000e-05,10.38,24095.35
4315,4.202103e-03,3.512976e+01,4.512134e-05,4.758285e-05,2997566.287,4.058029e-03,3.522050e+01,3.896093e-05,2.927398e-05,2995983.008,6.250000e-05,10.37,24105.73
4316,4.136665e-03,3.512788e+01,4.126958e-05,4.223623e-05,2997600.076,4.199721e-03,3.476512e+01,4.120118e-05,6.223937e-05,2984422.023,6.250000e-05,10.39,24116.12
4317,4.158532e-03,3.507887e+01,4.514451e-05,3.984010e-05,2997587.863,4.828883e-03,3.546509e+01,1.033606e-04,4.975374e-05,3015856.609,6.250000e-05,10.33,24126.45
4318,4.188617e-03,3.511060e+01,4.526873e-05,4.497378e-05,2997705.689,4.847854e-03,3.436061e+01,8.768978e-05,1.069789e-04,2972582.641,6.250000e-05,10.44,24136.89
4319,4.164515e-03,3.509571e+01,4.293703e-05,4.511480e-05,2997325.461,4.475004e-03,3.571697e+01,4.868987e-05,8.328173e-05,3022926.516,6.250000e-05,10.24,24147.13
4320,4.204097e-03,3.506832e+01,4.377968e-05,5.189368e-05,2997744.789,4.292689e-03,3.517772e+01,4.589540e-05,6.319252e-05,2991760.883,6.250000e-05,10.23,24157.36
4321,4.105923e-03,3.508603e+01,3.965806e-05,4.014787e-05,2997461.498,4.613156e-03,3.498597e+01,9.709592e-05,2.871981e-05,2999462.688,6.250000e-05,10.46,24167.83
4322,4.236186e-03,3.513853e+01,4.716022e-05,5.014626e-05,2997795.900,4.869273e-03,3.478511e+01,8.494937e-05,1.082538e-04,2998615.836,6.250000e-05,10.62,24178.44
4323,4.125737e-03,3.518117e+01,4.153180e-05,3.846051e-05,2997738.902,4.395321e-03,3.454230e+01,4.855006e-05,9.111808e-05,2976306.094,6.250000e-05,10.36,24188.80
4324,4.172057e-03,3.512995e+01,4.265793e-05,4.649661e-05,2997287.412,4.392209e-03,3.481715e+01,6.821107e-05,4.567662e-05,2986008.398,6.250000e-05,10.07,24198.88
4325,4.276834e-03,3.513273e+01,4.975682e-05,5.319845e-05,2997588.367,4.254158e-03,3.486222e+01,5.301206e-05,4.756303e-05,2989486.875,6.250000e-05,10.48,24209.36
4326,4.124698e-03,3.509083e+01,4.248655e-05,3.814985e-05,2997076.430,4.433789e-03,3.570516e+01,5.441959e-05,6.381543e-05,3018964.898,6.250000e-05,10.36,24219.72
4327,4.152058e-03,3.508259e+01,4.239696e-05,4.396591e-05,2997829.055,4.062353e-03,3.501002e+01,4.160227e-05,2.906563e-05,2997861.234,6.250000e-05,10.46,24230.18
4328,4.168257e-03,3.510067e+01,4.504017e-05,4.155772e-05,2997429.568,4.496346e-03,3.528707e+01,5.876201e-05,7.600378e-05,3005196.281,6.250000e-05,10.73,24240.91
4329,4.127967e-03,3.510903e+01,4.190659e-05,3.959952e-05,2997618.672,4.087623e-03,3.521044e+01,4.557417e-05,2.216735e-05,2996065.250,6.250000e-05,10.27,24251.19
4330,4.143740e-03,3.515024e+01,4.257947e-05,4.058422e-05,2997817.441,4.366912e-03,3.474815e+01,5.713678e-05,6.414582e-05,2982699.055,6.250000e-05,10.83,24262.02
4331,4.131182e-03,3.510417e+01,4.184953e-05,4.045397e-05,2997332.021,4.380486e-03,3.514817e+01,6.172960e-05,4.967459e-05,2992751.344,6.250000e-05,10.60,24272.62
4332,4.143514e-03,3.508251e+01,4.365762e-05,3.973736e-05,2997475.439,4.143840e-03,3.493778e+01,5.131379e-05,2.738493e-05,2990494.656,6.250000e-05,10.69,24283.31
4333,4.124735e-03,3.511205e+01,4.196130e-05,3.878344e-05,2997953.209,4.459908e-03,3.537830e+01,7.517695e-05,3.406175e-05,3005603.750,6.250000e-05,10.53,24293.84
4334,4.129060e-03,3.505448e+01,4.233644e-05,4.004958e-05,2997367.914,4.263144e-03,3.475774e+01,4.687508e-05,6.372381e-05,2981741.992,6.250000e-05,10.70,24304.54
4335,4.151333e-03,3.509278e+01,4.396414e-05,4.048266e-05,2997334.037,4.088077e-03,3.536277e+01,3.351590e-05,4.332819e-05,3013591.367,6.250000e-05,10.87,24315.41
4336,4.157612e-03,3.510055e+01,4.446195e-05,4.058746e-05,2997551.525,4.416642e-03,3.567324e+01,5.113427e-05,6.759497e-05,3016867.469,6.250000e-05,11.03,24326.45
4337,4.192211e-03,3.512282e+01,4.658318e-05,4.281944e-05,2997462.162,4.101189e-03,3.480452e+01,4.664118e-05,3.086496e-05,2994068.891,6.250000e-05,11.12,24337.57
4338,4.197158e-03,3.509140e+01,4.467165e-05,4.826037e-05,2997699.199,4.129233e-03,3.491441e+01,4.928929e-05,2.897975e-05,2993808.312,6.250000e-05,10.65,24348.22
4339,4.254164e-03,3.509545e+01,4.768015e-05,5.356340e-05,2997553.326,4.392848e-03,3.528765e+01,6.859858e-05,3.561942e-05,2997952.805,6.250000e-05,10.91,24359.13
4340,4.225676e-03,3.517552e+01,4.488467e-05,5.185546e-05,2997839.162,4.544046e-03,3.451623e+01,5.468916e-05,1.091062e-04,2978885.234,6.250000e-05,10.68,24369.81
4341,4.142654e-03,3.509996e+01,4.154940e-05,4.343282e-05,2996999.607,4.995251e-03,3.610932e+01,7.756924e-05,1.217253e-04,3027034.289,6.250000e-05,10.92,24380.73
4342,4.137472e-03,3.513279e+01,4.138360e-05,4.207134e-05,2997797.717,4.142474e-03,3.511318e+01,4.903627e-05,2.815863e-05,3002640.977,6.250000e-05,10.56,24391.29
4343,4.265646e-03,3.507149e+01,4.618545e-05,5.932853e-05,2997563.523,4.499315e-03,3.559636e+01,7.342809e-05,4.107967e-05,3005681.219,6.250000e-05,10.82,24402.11
4344,4.140886e-03,3.511642e+01,4.289253e-05,4.006383e-05,2997350.766,4.069679e-03,3.535305e+01,3.587588e-05,3.512307e-05,3012648.711,6.250000e-05,10.58,24412.69
4345,4.117734e-03,3.506849e+01,4.073691e-05,4.070306e-05,2997648.951,4.205251e-03,3.546501e+01,3.007111e-05,7.160773e-05,3016668.836,6.250000e-05,10.55,24423.23
4346,4.205774e-03,3.513990e+01,4.499599e-05,4.836473e-05,2997703.113,4.261638e-03,3.477360e+01,5.040532e-05,5.604488e-05,2985888.953,6.250000e-05,10.29,24433.52
4347,4.061154e-03,3.506986e+01,3.872588e-05,3.338186e-05,2997447.297,4.011246e-03,3.493995e+01,3.418974e-05,3.507082e-05,2990551.445,6.250000e-05,10.19,24443.71
4348,4.106758e-03,3.505358e+01,3.919189e-05,4.189617e-05,2997404.404,4.166520e-03,3.491074e+01,4.257299e-05,4.994320e-05,2986389.156,6.250000e-05,10.49,24454.20
4349,4.100234e-03,3.511005e+01,3.885223e-05,4.014126e-05,2997760.730,4.083967e-03,3.496679e+01,4.126951e-05,3.491860e-05,3000657.133,6.250000e-05,10.66,24464.86
4350,4.153661e-03,3.502874e+01,4.429800e-05,4.156151e-05,2997762.471,5.111037e-03,3.442335e+01,9.074915e-05,1.522420e-04,2968644.984,6.250000e-05,10.24,24475.10
4351,4.230191e-03,3.502723e+01,4.606184e-05,5.336981e-05,2997197.680,4.419838e-03,3.520764e+01,6.972123e-05,4.037234e-05,2992499.266,6.250000e-05,10.80,24485.89
4352,4.112935e-03,3.510206e+01,4.109913e-05,3.834742e-05,2997686.412,3.951793e-03,3.496532e+01,3.237983e-05,2.629267e-05,2999012.266,6.250000e-05,10.76,24496.65
4353,4.233226e-03,3.508988e+01,4.770786e-05,4.943188e-05,2997276.811,5.863328e-03,3.605496e+01,1.581162e-04,1.353340e-04,3030566.398,6.250000e-05,10.43,24507.08
4354,4.236859e-03,3.511042e+01,4.887731e-05,4.740885e-05,2997626.400,4.346637e-03,3.550141e+01,5.831666e-05,4.266595e-05,3013299.641,6.250000e-05,10.41,24517.50
4355,4.135711e-03,3.510454e+01,4.314114e-05,3.876913e-05,2997837.805,4.345517e-03,3.468371e+01,6.177687e-05,5.187555e-05,2989131.258,6.250000e-05,10.33,24527.83
4356,4.143535e-03,3.507455e+01,4.141252e-05,4.439099e-05,2997240.496,4.184106e-03,3.559044e+01,3.514761e-05,5.471710e-05,3014071.836,6.250000e-05,10.38,24538.20
4357,4.228738e-03,3.508296e+01,4.675779e-05,5.057296e-05,2997676.438,4.252464e-03,3.498113e+01,5.474845e-05,4.137339e-05,2996173.750,6.250000e-05,10.19,24548.39
4358,4.077338e-03,3.503929e+01,3.879859e-05,3.708474e-05,2997270.094,4.262011e-03,3.521715e+01,4.458411e-05,5.889097e-05,3013173.023,6.250000e-05,10.22,24558.61
4359,4.188339e-03,3.504446e+01,4.644015e-05,4.389824e-05,2997397.680,4.783100e-03,3.441341e+01,7.797987e-05,1.123921e-04,2977588.844,6.250000e-05,10.64,24569.25
4360,4.143219e-03,3.506364e+01,3.958178e-05,4.820745e-05,2997614.779,4.192211e-03,3.531306e+01,4.900854e-05,3.416385e-05,3009793.398,6.250000e-05,10.40,24579.65
4361,4.137530e-03,3.505625e+01,4.084993e-05,4.468130e-05,2997685.990,4.201926e-03,3.535128e+01,4.675286e-05,3.985386e-05,3000739.102,6.250000e-05,10.40,24590.05
4362,4.219344e-03,3.510591e+01,4.572315e-05,5.030432e-05,2997506.055,4.257424e-03,3.554429e+01,4.467844e-05,5.124212e-05,3013900.328,6.250000e-05,10.29,24600.34
4363,4.041316e-03,3.502794e+01,3.753857e-05,3.262736e-05,2997575.072,4.536125e-03,3.554617e+01,5.613469e-05,8.403236e-05,3022456.047,6.250000e-05,10.61,24610.95
4364,4.083626e-03,3.506833e+01,3.893828e-05,3.748203e-05,2997536.074,4.835846e-03,3.558802e+01,7.200401e-05,1.114009e-04,3020036.047,6.250000e-05,11.11,24622.06
4365,4.246378e-03,3.503164e+01,4.520038e-05,5.824207e-05,2998199.924,4.211381e-03,3.481594e+01,5.358149e-05,3.879448e-05,2987182.188,6.250000e-05,10.80,24632.86
4366,4.243129e-03,3.509715e+01,4.558312e-05,5.551656e-05,2997243.451,4.150241e-03,3.518998e+01,4.151628e-05,4.321614e-05,3007309.648,6.250000e-05,11.02,24643.87
4367,4.055999e-03,3.505995e+01,3.744353e-05,3.511374e-05,2997548.787,4.001913e-03,3.510597e+01,3.814462e-05,2.197403e-05,2993760.336,6.250000e-05,10.75,24654.63
4368,4.202412e-03,3.509716e+01,4.309120e-05,5.235684e-05,2997459.699,4.425408e-03,3.545093e+01,5.624314e-05,6.357685e-05,3018136.211,6.250000e-05,11.44,24666.07
4369,4.096885e-03,3.503922e+01,3.985744e-05,3.887771e-05,2997697.783,4.193943e-03,3.486849e+01,4.662944e-05,4.815979e-05,2987968.844,6.250000e-05,10.47,24676.54
4370,4.051807e-03,3.502070e+01,3.776015e-05,3.442714e-05,2997677.199,4.246228e-03,3.475653e+01,5.912951e-05,3.585604e-05,2986346.805,6.250000e-05,10.25,24686.79
4371,4.215812e-03,3.502917e+01,4.714406e-05,4.829092e-05,2997797.172,4.753504e-03,3.479020e+01,7.209552e-05,1.107057e-04,2985388.664,6.250000e-05,10.68,24697.47
4372,4.127698e-03,3.503866e+01,3.991411e-05,4.493824e-05,2997364.082,5.092710e-03,3.435968e+01,8.637685e-05,1.585947e-04,2969277.086,6.250000e-05,10.87,24708.34
4373,4.200417e-03,3.507722e+01,4.657298e-05,4.539308e-05,2997328.504,4.413776e-03,3.469812e+01,6.077675e-05,6.723931e-05,2992630.023,6.250000e-05,10.65,24718.99
4374,4.035908e-03,3.500405e+01,3.712130e-05,3.285786e-05,2997469.627,4.309522e-03,3.559352e+01,4.005872e-05,6.991665e-05,3019524.781,6.250000e-05,10.58,24729.58
4375,4.114476e-03,3.504051e+01,3.957878e-05,4.292750e-05,2997623.389,4.056606e-03,3.501515e+01,4.331608e-05,2.438607e-05,3006305.219,6.250000e-05,10.45,24740.03
4376,4.192313e-03,3.505264e+01,4.664736e-05,4.411503e-05,2997497.215,3.977118e-03,3.512639e+01,3.629687e-05,2.030212e-05,3000494.828,6.250000e-05,10.63,24750.66
4377,4.190809e-03,3.504219e+01,4.695915e-05,4.339978e-05,2997454.732,4.312146e-03,3.537791e+01,6.213645e-05,3.059811e-05,3006861.133,6.250000e-05,11.03,24761.69
4378,4.082960e-03,3.498763e+01,3.930761e-05,3.822422e-05,2998044.574,4.043026e-03,3.504567e+01,4.395595e-05,1.977983e-05,2998699.797,6.250000e-05,10.68,24772.36
4379,4.087183e-03,3.501932e+01,3.817237e-05,4.070551e-05,2997335.971,4.332137e-03,3.466908e+01,5.965380e-05,5.373813e-05,2982500.883,6.250000e-05,10.81,24783.17
4380,4.131277e-03,3.505273e+01,4.245458e-05,4.029164e-05,2997532.812,4.025855e-03,3.506561e+01,4.046744e-05,2.292401e-05,3005391.203,6.250000e-05,10.88,24794.06
4381,4.078071e-03,3.501656e+01,3.819434e-05,3.889442e-05,2997441.631,4.227940e-03,3.543241e+01,4.806122e-05,4.081733e-05,3008680.188,6.250000e-05,11.18,24805.23
4382,4.074357e-03,3.501168e+01,4.145417e-05,3.172960e-05,2997642.424,4.180608e-03,3.538656e+01,4.607001e-05,3.625041e-05,3012710.555,6.250000e-05,11.09,24816.32
4383,4.145309e-03,3.503377e+01,4.120897e-05,4.596836e-05,2997253.830,4.129025e-03,3.548537e+01,3.077456e-05,5.454859e-05,3016009.227,6.250000e-05,10.47,24826.79
4384,4.086459e-03,3.499181e+01,3.998071e-05,3.749422e-05,2997691.789,4.221714e-03,3.495430e+01,5.362701e-05,3.800282e-05,2987335.023,6.250000e-05,10.22,24837.01
4385,4.093545e-03,3.499828e+01,4.222802e-05,3.428726e-05,2997765.744,4.591450e-03,3.434516e+01,6.025740e-05,1.108719e-04,2970578.562,6.250000e-05,10.56,24847.57
4386,4.240119e-03,3.504024e+01,4.827589e-05,5.066731e-05,2997268.959,4.089670e-03,3.524095e+01,3.973408e-05,3.364678e-05,3005982.461,6.250000e-05,10.55,24858.12
4387,4.173403e-03,3.505766e+01,4.502297e-05,4.348149e-05,2997441.738,4.238539e-03,3.521440e+01,5.003460e-05,4.335054e-05,3007415.125,6.250000e-05,10.55,24868.67
4388,4.189499e-03,3.501988e+01,4.607003e-05,4.536211e-05,2997700.627,4.508852e-03,3.520360e+01,8.650879e-05,2.468077e-05,3001667.406,6.250000e-05,10.59,24879.26
4389,4.145321e-03,3.507742e+01,4.283929e-05,4.183716e-05,2997871.939,4.190586e-03,3.485093e+01,4.470742e-05,5.168371e-05,2995317.906,6.250000e-05,11.00,24890.26
4390,4.147340e-03,3.501644e+01,4.687886e-05,3.538154e-05,2997522.760,4.005764e-03,3.478514e+01,3.705488e-05,3.134020e-05,2987426.023,6.250000e-05,10.61,24900.86
4391,4.197560e-03,3.499492e+01,4.649304e-05,4.662742e-05,2997326.180,4.314480e-03,3.471698e+01,4.698956e-05,7.457733e-05,2983720.227,6.250000e-05,10.73,24911.59
4392,4.125915e-03,3.498720e+01,4.381526e-05,3.780848e-05,2997406.406,4.281746e-03,3.463775e+01,5.513246e-05,5.332931e-05,2983197.602,6.250000e-05,11.07,24922.66
4393,4.091192e-03,3.495823e+01,3.974096e-05,3.959194e-05,2997281.164,4.480889e-03,3.550308e+01,4.734814e-05,9.141993e-05,3024323.508,6.250000e-05,10.94,24933.60
4394,4.182652e-03,3.500199e+01,4.271696e-05,5.105680e-05,2998078.594,4.736237e-03,3.546388e+01,8.667226e-05,6.462539e-05,3005245.367,6.250000e-05,10.91,24944.51
4395,4.241889e-03,3.496063e+01,4.867773e-05,5.180980e-05,2997255.467,4.350397e-03,3.465572e+01,5.244552e-05,7.207387e-05,2983325.102,6.250000e-05,10.55,24955.06
4396,4.140572e-03,3.497147e+01,4.330545e-05,4.207407e-05,2997334.441,4.105354e-03,3.541510e+01,4.003694e-05,3.269504e-05,3010937.094,6.250000e-05,10.59,24965.65
4397,4.145656e-03,3.503523e+01,4.471594e-05,3.899483e-05,2997666.811,4.034149e-03,3.512367e+01,3.946350e-05,2.542944e-05,3000601.844,6.250000e-05,10.72,24976.37
4398,4.145424e-03,3.498588e+01,4.492879e-05,3.950956e-05,2997602.393,4.084968e-03,3.541865e+01,3.482294e-05,3.897479e-05,3012753.906,6.250000e-05,10.74,24987.11
4399,4.123617e-03,3.505225e+01,4.155677e-05,4.056493e-05,2997712.441,4.317048e-03,3.443478e+01,5.219891e-05,7.031626e-05,2984575.453,6.250000e-05,10.63,24997.74
4400,4.183629e-03,3.500432e+01,4.491062e-05,4.681808e-05,2997492.426,4.019075e-03,3.495369e+01,3.662903e-05,3.148314e-05,2995807.719,6.250000e-05,10.56,25008.31
4401,4.106758e-03,3.503769e+01,4.114813e-05,3.830157e-05,2997291.176,4.257310e-03,3.516960e+01,5.702635e-05,3.401729e-05,3007364.852,6.250000e-05,10.76,25019.07
4402,4.168050e-03,3.501630e+01,4.177295e-05,4.973803e-05,2997808.615,4.323744e-03,3.515582e+01,5.923354e-05,4.316527e-05,3004624.102,6.250000e-05,10.36,25029.42
4403,4.116969e-03,3.498841e+01,4.316553e-05,3.729471e-05,2997516.625,4.415582e-03,3.471443e+01,5.742143e-05,7.398503e-05,2984269.203,6.250000e-05,10.55,25039.98
4404,4.232233e-03,3.498970e+01,4.767769e-05,5.129718e-05,2997726.797,4.220514e-03,3.472414e+01,4.720639e-05,5.520734e-05,2987378.578,6.250000e-05,10.47,25050.44
4405,4.166654e-03,3.506937e+01,4.307365e-05,4.579615e-05,2997452.299,4.177543e-03,3.534825e+01,4.991930e-05,2.870502e-05,3009733.203,6.250000e-05,10.54,25060.99
4406,4.157289e-03,3.502802e+01,4.391870e-05,4.306004e-05,2997502.145,4.207100e-03,3.525996e+01,4.210168e-05,5.201738e-05,3005961.719,6.250000e-05,10.63,25071.63
4407,4.229612e-03,3.501959e+01,4.300447e-05,5.952152e-05,2997361.447,4.294657e-03,3.470144e+01,6.094206e-05,4.301846e-05,2990072.250,6.250000e-05,10.84,25082.47
4408,4.199314e-03,3.503724e+01,4.764180e-05,4.383430e-05,2997517.816,4.431560e-03,3.530522e+01,6.590247e-05,4.840261e-05,3011203.555,6.250000e-05,10.94,25093.41
4409,4.287101e-03,3.496314e+01,5.135483e-05,5.544785e-05,2997424.701,4.095637e-03,3.525249e+01,4.518871e-05,2.370025e-05,3006101.945,6.250000e-05,11.10,25104.50
4410,4.127660e-03,3.494402e+01,4.112303e-05,4.440539e-05,2997628.480,4.124073e-03,3.501858e+01,5.106357e-05,2.231576e-05,2998293.609,6.250000e-05,10.79,25115.29
4411,4.094690e-03,3.499067e+01,4.050226e-05,3.812011e-05,2997595.279,4.652728e-03,3.553557e+01,8.502685e-05,4.978049e-05,3006317.680,6.250000e-05,10.81,25126.11
4412,4.041804e-03,3.494972e+01,3.838912e-05,3.258801e-05,2997609.264,4.003829e-03,3.523040e+01,3.620787e-05,2.374202e-05,3005745.406,6.250000e-05,11.15,25137.26
4413,4.021210e-03,3.492980e+01,3.692779e-05,3.179048e-05,2997623.842,4.114025e-03,3.519660e+01,4.528297e-05,2.830700e-05,3008548.609,6.250000e-05,10.60,25147.86
4414,4.147061e-03,3.491881e+01,4.513680e-05,4.076238e-05,2997909.158,4.626313e-03,3.501543e+01,9.720959e-05,3.053492e-05,2993676.664,6.250000e-05,10.68,25158.54
4415,4.086070e-03,3.497254e+01,4.076211e-05,3.623882e-05,2996950.541,4.425282e-03,3.550103e+01,4.190054e-05,9.123475e-05,3022980.023,6.250000e-05,10.48,25169.03
4416,4.184495e-03,3.495799e+01,4.412463e-05,4.948999e-05,2997755.754,4.344723e-03,3.502854e+01,6.161645e-05,4.514090e-05,2992262.727,6.250000e-05,10.24,25179.27
4417,4.213066e-03,3.498491e+01,4.724919e-05,4.841652e-05,2997813.467,4.165134e-03,3.489575e+01,4.328011e-05,4.855171e-05,2999121.469,6.250000e-05,10.73,25189.99
4418,4.157250e-03,3.494561e+01,4.525599e-05,4.202601e-05,2997522.289,3.966529e-03,3.494423e+01,3.594108e-05,2.253918e-05,3004192.656,6.250000e-05,10.46,25200.45
4419,4.177740e-03,3.498724e+01,4.700525e-05,4.179265e-05,2997307.883,4.180908e-03,3.509566e+01,4.657488e-05,4.111874e-05,3008614.180,6.250000e-05,10.92,25211.37
4420,4.226195e-03,3.499138e+01,4.815607e-05,4.909939e-05,2997858.793,4.323549e-03,3.520378e+01,6.103065e-05,3.857294e-05,3005672.867,6.250000e-05,10.82,25222.20
4421,4.105586e-03,3.494944e+01,4.312744e-05,3.587345e-05,2997613.320,4.164531e-03,3.524221e+01,4.456186e-05,3.893838e-05,3010424.086,6.250000e-05,11.02,25233.22
4422,4.145384e-03,3.495606e+01,4.223507e-05,4.548540e-05,2997602.707,4.333624e-03,3.481225e+01,6.557434e-05,3.933125e-05,2996581.156,6.250000e-05,10.88,25244.10
4423,4.167529e-03,3.495157e+01,4.438494e-05,4.570463e-05,2997513.658,4.728329e-03,3.518207e+01,1.046391e-04,3.274624e-05,3008260.195,6.250000e-05,10.82,25254.91
4424,4.176417e-03,3.500829e+01,4.317134e-05,4.877496e-05,2997640.295,4.107995e-03,3.478364e+01,4.076437e-05,4.439757e-05,2994185.062,6.250000e-05,10.30,25265.22
4425,4.263787e-03,3.502794e+01,4.752777e-05,5.714299e-05,2997739.184,4.144029e-03,3.491179e+01,4.622291e-05,3.812422e-05,2995778.047,6.250000e-05,10.22,25275.44
4426,4.102065e-03,3.497613e+01,4.186055e-05,3.716915e-05,2997442.545,4.357112e-03,3.554369e+01,5.018431e-05,6.018000e-05,3017932.070,6.250000e-05,10.12,25285.56
4427,4.161176e-03,3.499343e+01,4.135394e-05,4.965888e-05,2997761.424,4.363040e-03,3.497369e+01,7.156938e-05,2.999561e-05,2991858.852,6.250000e-05,10.14,25295.70
4428,4.078431e-03,3.498757e+01,4.248674e-05,3.096133e-05,2997968.264,4.162095e-03,3.463636e+01,4.074890e-05,5.819392e-05,2981589.109,6.250000e-05,10.11,25305.81
4429,4.162506e-03,3.497486e+01,4.639953e-05,4.020511e-05,2997265.973,4.451171e-03,3.490456e+01,6.423297e-05,6.367703e-05,3004652.648,6.250000e-05,10.28,25316.09
4430,4.178825e-03,3.495853e+01,4.488244e-05,4.682941e-05,2997169.000,4.276178e-03,3.556764e+01,4.076625e-05,6.235027e-05,3019249.547,6.250000e-05,10.40,25326.49
4431,4.134434e-03,3.497072e+01,4.378508e-05,3.990236e-05,2998057.523,4.173175e-03,3.463606e+01,4.810535e-05,4.570311e-05,2988320.031,6.250000e-05,10.39,25336.88
4432,4.086824e-03,3.496498e+01,4.128229e-05,3.550068e-05,2997373.963,4.256656e-03,3.480074e+01,4.473828e-05,6.583985e-05,2981092.852,6.250000e-05,10.28,25347.15
4433,4.078570e-03,3.491927e+01,4.008297e-05,3.716283e-05,2997643.791,4.427707e-03,3.448653e+01,4.816723e-05,9.947615e-05,2975170.609,6.250000e-05,10.42,25357.57
4434,4.053506e-03,3.495301e+01,3.758560e-05,3.646977e-05,2997688.773,4.414650e-03,3.476961e+01,5.409641e-05,7.934494e-05,2981377.758,6.250000e-05,9.97,25367.54
4435,4.129252e-03,3.496610e+01,4.279366e-05,4.094113e-05,2997414.227,3.985500e-03,3.498381e+01,3.877833e-05,1.986714e-05,2998066.656,6.250000e-05,10.34,25377.88
4436,4.235008e-03,3.495358e+01,4.941482e-05,4.910047e-05,2997571.514,4.235797e-03,3.446343e+01,4.090512e-05,7.608060e-05,2977742.297,6.250000e-05,10.17,25388.05
4437,4.088486e-03,3.492798e+01,4.011324e-05,3.891107e-05,2997375.330,4.207696e-03,3.460378e+01,5.299014e-05,4.348336e-05,2996904.156,6.250000e-05,10.44,25398.50
4438,4.116798e-03,3.496691e+01,4.352192e-05,3.697760e-05,2997830.170,3.958650e-03,3.498779e+01,3.028752e-05,3.139915e-05,3003102.508,6.250000e-05,10.27,25408.77
4439,4.121135e-03,3.500773e+01,4.000158e-05,4.406938e-05,2997386.549,3.986245e-03,3.509870e+01,3.578559e-05,2.370378e-05,2998643.594,6.250000e-05,10.17,25418.93
4440,4.073920e-03,3.496517e+01,3.602465e-05,4.343137e-05,2997999.070,4.309517e-03,3.479418e+01,5.572036e-05,5.457912e-05,3003559.930,6.250000e-05,10.24,25429.17
4441,4.118912e-03,3.490563e+01,4.221178e-05,4.124625e-05,2997364.172,4.597686e-03,3.525199e+01,9.174650e-05,3.100445e-05,3008525.117,6.250000e-05,10.37,25439.54
4442,4.138888e-03,3.493600e+01,4.263943e-05,4.377870e-05,2997584.561,4.072979e-03,3.458836e+01,3.810464e-05,4.661923e-05,2985465.008,6.250000e-05,10.17,25449.71
4443,4.147420e-03,3.499235e+01,4.285730e-05,4.392231e-05,2997299.402,4.237742e-03,3.526641e+01,5.342239e-05,3.537534e-05,3012257.469,6.250000e-05,10.31,25460.02
4444,4.186425e-03,3.491559e+01,4.451831e-05,4.993657e-05,2997563.674,4.585175e-03,3.499251e+01,8.580525e-05,4.557432e-05,2998981.758,6.250000e-05,10.28,25470.30
4445,4.163057e-03,3.493967e+01,4.510913e-05,4.359974e-05,2997843.402,4.557186e-03,3.465622e+01,6.487178e-05,8.856923e-05,2982506.820,6.250000e-05,10.10,25480.39
4446,4.104273e-03,3.496367e+01,4.163644e-05,3.830836e-05,2997330.246,4.069402e-03,3.514989e+01,4.004221e-05,3.079814e-05,3008516.891,6.250000e-05,10.38,25490.78
4447,4.128461e-03,3.495189e+01,4.026628e-05,4.612181e-05,2997420.705,4.669770e-03,3.546154e+01,8.205908e-05,6.060495e-05,3017226.617,6.250000e-05,10.15,25500.92
4448,4.301380e-03,3.501526e+01,4.968076e-05,6.060932e-05,2997853.574,4.109175e-03,3.476644e+01,4.040689e-05,4.569242e-05,2986383.531,6.250000e-05,10.13,25511.05
4449,4.111074e-03,3.489368e+01,4.267348e-05,3.899425e-05,2997374.646,4.223912e-03,3.480375e+01,5.575415e-05,3.719904e-05,2987953.414,6.250000e-05,10.46,25521.51
4450,4.109886e-03,3.492516e+01,4.097426e-05,4.152542e-05,2997727.588,3.998562e-03,3.507573e+01,3.908092e-05,2.003600e-05,3001173.016,6.250000e-05,10.54,25532.06
4451,4.130523e-03,3.493778e+01,4.113839e-05,4.507232e-05,2997369.150,4.237077e-03,3.519719e+01,4.381129e-05,5.584902e-05,3013754.227,6.250000e-05,10.21,25542.27
4452,4.135657e-03,3.488266e+01,4.428445e-05,4.090926e-05,2997581.865,4.186090e-03,3.514358e+01,5.302869e-05,2.828904e-05,3004872.984,6.250000e-05,10.26,25552.52
4453,4.194943e-03,3.492635e+01,4.715674e-05,4.614810e-05,2997688.516,4.102557e-03,3.474873e+01,4.277437e-05,3.998815e-05,2995416.242,6.250000e-05,10.41,25562.93
4454,4.114234e-03,3.492495e+01,4.082504e-05,4.269785e-05,2997339.742,4.650644e-03,3.464969e+01,9.229968e-05,5.253568e-05,2985557.242,6.250000e-05,10.59,25573.52
4455,4.169664e-03,3.495601e+01,4.465631e-05,4.550012e-05,2997678.008,3.957556e-03,3.507733e+01,3.330967e-05,2.334528e-05,3004380.422,6.250000e-05,10.70,25584.22
4456,4.291466e-03,3.496922e+01,4.911239e-05,6.068404e-05,2997150.861,4.574317e-03,3.567825e+01,4.907845e-05,1.031417e-04,3026397.695,6.250000e-05,10.50,25594.72
4457,4.128305e-03,3.495691e+01,4.059482e-05,4.533312e-05,2997741.211,4.090111e-03,3.474902e+01,4.296880e-05,3.710414e-05,2997840.016,6.250000e-05,10.49,25605.21
4458,4.085597e-03,3.494029e+01,4.062029e-05,3.707307e-05,2997885.377,4.286694e-03,3.496181e+01,5.367221e-05,5.075820e-05,2989348.398,6.250000e-05,10.60,25615.81
4459,4.172677e-03,3.495274e+01,4.481290e-05,4.585485e-05,2997171.650,4.312203e-03,3.564323e+01,3.634767e-05,7.688075e-05,3019891.359,6.250000e-05,10.54,25626.35
4460,4.072773e-03,3.495740e+01,4.076297e-05,3.388066e-05,2997789.057,4.387520e-03,3.501995e+01,5.000208e-05,7.710096e-05,3012906.547,6.250000e-05,10.83,25637.18
4461,4.186636e-03,3.494741e+01,4.164881e-05,5.508152e-05,2997409.221,4.341617e-03,3.520514e+01,5.045935e-05,6.330191e-05,3012523.641,6.250000e-05,10.35,25647.53
4462,4.225237e-03,3.492932e+01,4.575682e-05,5.494741e-05,2997426.674,4.327237e-03,3.459542e+01,6.181338e-05,4.991237e-05,2983835.906,6.250000e-05,10.53,25658.06
4463,4.162666e-03,3.496013e+01,4.266786e-05,4.799492e-05,2997439.176,4.042885e-03,3.519880e+01,4.030776e-05,2.398552e-05,3004750.422,6.250000e-05,10.49,25668.55
4464,4.119381e-03,3.494338e+01,4.074956e-05,4.350954e-05,2997556.191,4.146387e-03,3.510123e+01,4.751295e-05,3.222690e-05,3008494.438,6.250000e-05,10.90,25679.45
4465,4.096098e-03,3.495272e+01,4.017255e-05,3.982009e-05,2997643.248,4.113186e-03,3.515228e+01,4.501108e-05,2.956948e-05,3001453.664,6.250000e-05,10.54,25690.00
4466,4.189976e-03,3.494284e+01,4.521741e-05,4.870353e-05,2997415.625,4.139871e-03,3.518875e+01,4.786526e-05,2.846879e-05,3005520.695,6.250000e-05,10.48,25700.48
4467,4.118817e-03,3.492556e+01,4.185607e-05,4.154002e-05,2997764.973,4.050599e-03,3.497065e+01,4.269136e-05,2.532419e-05,2998315.703,6.250000e-05,10.76,25711.24
4468,4.141853e-03,3.488932e+01,4.392082e-05,4.274264e-05,2997643.930,4.675486e-03,3.551788e+01,8.187403e-05,6.099147e-05,3014294.297,6.250000e-05,10.42,25721.66
4469,4.125388e-03,3.497116e+01,4.301038e-05,3.963353e-05,2997831.588,4.251989e-03,3.491259e+01,6.170599e-05,2.873403e-05,3005269.180,6.250000e-05,10.18,25731.83
4470,4.115348e-03,3.492238e+01,4.064672e-05,4.332862e-05,2997281.707,4.604895e-03,3.520159e+01,8.110347e-05,5.474031e-05,3012539.047,6.250000e-05,10.08,25741.91
4471,4.134152e-03,3.491157e+01,4.357140e-05,4.145634e-05,2997689.729,4.226667e-03,3.492552e+01,5.731241e-05,3.219835e-05,2999443.469,6.250000e-05,10.26,25752.16
4472,4.160748e-03,3.492671e+01,4.541869e-05,4.277811e-05,2997541.469,4.353137e-03,3.547684e+01,3.952802e-05,8.203449e-05,3019497.469,6.250000e-05,10.29,25762.46
4473,4.105856e-03,3.494099e+01,4.092672e-05,4.049790e-05,2997718.879,4.442397e-03,3.480664e+01,6.437294e-05,6.360066e-05,2984671.211,6.250000e-05,10.25,25772.71
4474,4.202401e-03,3.492774e+01,4.501640e-05,5.189270e-05,2997552.086,4.213116e-03,3.472526e+01,4.971318e-05,4.869164e-05,2986767.227,6.250000e-05,10.29,25783.00
4475,4.174203e-03,3.495830e+01,4.508005e-05,4.551449e-05,2997432.020,4.214591e-03,3.500278e+01,4.986470e-05,4.313312e-05,2996063.492,6.250000e-05,10.27,25793.28
4476,4.170493e-03,3.494359e+01,4.329632e-05,4.863424e-05,2997701.945,4.187428e-03,3.470009e+01,4.304568e-05,5.739249e-05,2992577.758,6.250000e-05,10.19,25803.46
4477,4.238291e-03,3.498395e+01,4.547142e-05,5.703651e-05,2997669.920,4.124462e-03,3.484381e+01,3.296163e-05,6.209311e-05,2987610.602,6.250000e-05,9.91,25813.37
4478,4.081501e-03,3.499906e+01,3.939801e-05,3.752299e-05,2997406.730,4.359874e-03,3.539357e+01,5.261235e-05,5.887870e-05,3018463.055,6.250000e-05,10.39,25823.76
4479,4.131720e-03,3.497298e+01,3.978379e-05,4.731694e-05,2997476.889,4.163750e-03,3.514683e+01,5.062986e-05,2.855376e-05,3008892.125,6.250000e-05,10.36,25834.12
4480,4.159856e-03,3.492900e+01,4.524186e-05,4.290750e-05,2997592.127,4.189415e-03,3.500518e+01,5.421407e-05,2.935139e-05,2998290.523,6.250000e-05,10.48,25844.60
4481,4.110311e-03,3.493839e+01,4.096401e-05,4.136647e-05,2997564.553,4.547292e-03,3.571604e+01,5.063709e-05,9.386338e-05,3023116.195,6.250000e-05,10.40,25855.00
4482,4.149562e-03,3.494367e+01,4.436454e-05,4.231001e-05,2997427.723,4.561822e-03,3.526272e+01,7.074052e-05,6.562906e-05,3011474.539,6.250000e-05,10.37,25865.38
4483,4.192130e-03,3.489997e+01,4.431739e-05,5.179195e-05,2997740.123,4.509228e-03,3.561230e+01,6.333703e-05,6.292549e-05,3015477.797,6.250000e-05,10.42,25875.80
4484,4.157234e-03,3.495278e+01,4.605286e-05,4.028545e-05,2997621.389,4.006830e-03,3.500671e+01,3.799072e-05,2.525043e-05,2999870.102,6.250000e-05,10.39,25886.19
4485,4.145767e-03,3.490093e+01,4.348590e-05,4.416309e-05,2997540.295,4.214032e-03,3.519736e+01,5.210558e-05,3.464801e-05,2994443.836,6.250000e-05,10.57,25896.76
4486,4.173210e-03,3.494501e+01,4.637903e-05,4.298388e-05,2997701.590,4.025710e-03,3.478697e+01,3.944267e-05,3.051726e-05,2997220.352,6.250000e-05,10.52,25907.28
4487,4.173989e-03,3.494810e+01,4.643975e-05,4.295632e-05,2997582.891,4.143123e-03,3.479312e+01,4.046367e-05,5.183491e-05,2989080.141,6.250000e-05,10.21,25917.49
4488,4.073748e-03,3.493089e+01,3.681707e-05,4.249762e-05,2997410.887,4.123689e-03,3.516244e+01,4.555741e-05,3.037421e-05,3009178.102,6.250000e-05,10.39,25927.88
4489,4.136108e-03,3.491359e+01,4.238393e-05,4.418204e-05,2997989.598,4.174304e-03,3.471849e+01,4.600899e-05,4.847300e-05,2998872.391,6.250000e-05,10.59,25938.47
4490,4.081873e-03,3.489587e+01,4.004535e-05,3.836635e-05,2997607.039,4.480417e-03,3.428241e+01,5.242581e-05,1.055835e-04,2971858.250,6.250000e-05,10.49,25948.96
4491,4.087082e-03,3.490033e+01,3.976768e-05,3.987447e-05,2997325.631,4.161755e-03,3.461016e+01,4.345404e-05,5.323972e-05,2982543.750,6.250000e-05,10.49,25959.45
4492,4.034693e-03,3.493099e+01,3.811992e-05,3.207889e-05,2997900.818,4.038010e-03,3.511011e+01,3.987808e-05,2.564363e-05,3006373.367,6.250000e-05,10.74,25970.19
4493,4.172559e-03,3.488693e+01,4.341923e-05,4.993488e-05,2996822.801,4.864435e-03,3.549892e+01,7.005834e-05,1.227919e-04,3021793.203,6.250000e-05,10.68,25980.87
4494,4.420661e-03,3.502824e+01,5.698879e-05,6.958982e-05,2998333.119,4.199805e-03,3.460538e+01,3.708072e-05,7.369194e-05,2980371.930,6.250000e-05,10.74,25991.60
4495,4.144245e-03,3.494499e+01,4.144245e-05,4.706420e-05,2997190.568,4.336768e-03,3.552551e+01,4.196057e-05,7.292222e-05,3013693.812,6.250000e-05,10.64,26002.24
4496,4.110822e-03,3.499238e+01,3.959234e-05,4.313209e-05,2997616.461,4.175916e-03,3.490831e+01,4.215936e-05,5.269817e-05,3005269.938,6.250000e-05,10.52,26012.76
4497,4.184932e-03,3.492493e+01,4.919096e-05,4.010590e-05,2997903.227,4.434843e-03,3.430379e+01,5.219718e-05,9.649841e-05,2974504.422,6.250000e-05,10.52,26023.28
4498,4.130356e-03,3.489447e+01,4.192247e-05,4.433679e-05,2997218.252,4.405358e-03,3.544152e+01,5.775578e-05,5.672977e-05,3013070.000,6.250000e-05,10.49,26033.77
4499,4.132708e-03,3.493106e+01,4.322887e-05,4.146273e-05,2997419.930,4.078152e-03,3.460434e+01,4.206615e-05,3.941132e-05,2988873.609,6.250000e-05,10.73,26044.50
4500,4.094704e-03,3.488891e+01,4.013901e-05,4.088463e-05,2997962.092,4.399448e-03,3.444017e+01,4.511058e-05,1.008649e-04,2974179.219,6.250000e-05,10.81,26055.32
4501,4.194916e-03,3.492449e+01,4.557271e-05,4.934796e-05,2997549.344,4.274138e-03,3.431482e+01,3.894624e-05,9.063887e-05,2976996.062,6.250000e-05,10.35,26065.68
4502,4.201130e-03,3.493891e+01,4.630579e-05,4.883619e-05,2997124.330,4.151832e-03,3.469762e+01,5.362250e-05,2.916896e-05,2994038.273,6.250000e-05,10.17,26075.85
4503,4.170413e-03,3.491339e+01,4.488975e-05,4.603536e-05,2997495.982,3.931760e-03,3.494404e+01,3.438553e-05,1.870023e-05,2998951.383,6.250000e-05,10.60,26086.45
4504,4.083055e-03,3.491194e+01,4.071749e-05,3.693729e-05,2997536.705,4.122372e-03,3.494917e+01,4.839664e-05,2.869771e-05,2996975.398,6.250000e-05,10.42,26096.88
4505,4.062397e-03,3.489903e+01,4.101020e-05,3.247846e-05,2997929.961,4.024888e-03,3.465398e+01,3.648429e-05,3.892954e-05,2989299.320,6.250000e-05,10.42,26107.29
4506,4.185726e-03,3.493561e+01,4.306407e-05,5.230496e-05,2997187.404,4.068075e-03,3.492163e+01,4.529970e-05,2.458310e-05,2997336.312,6.250000e-05,10.61,26117.90
4507,4.156420e-03,3.488768e+01,4.269255e-05,4.814537e-05,2997497.213,4.049353e-03,3.501897e+01,3.712594e-05,3.523939e-05,3004402.617,6.250000e-05,10.65,26128.56
4508,4.057683e-03,3.490871e+01,4.018272e-05,3.299701e-05,2997767.094,4.505155e-03,3.557168e+01,4.509145e-05,9.941454e-05,3025716.758,6.250000e-05,10.55,26139.11
4509,4.263888e-03,3.492212e+01,4.844831e-05,5.743858e-05,2997510.180,4.374144e-03,3.544180e+01,5.074810e-05,6.449666e-05,3013495.211,6.250000e-05,10.41,26149.52
4510,4.192764e-03,3.490175e+01,4.457584e-05,5.136613e-05,2997593.807,4.791267e-03,3.561124e+01,6.306598e-05,1.198966e-04,3025110.797,6.250000e-05,10.86,26160.38
4511,4.307131e-03,3.494946e+01,5.330226e-05,5.583245e-05,2997504.354,4.411881e-03,3.533656e+01,4.846817e-05,7.870874e-05,3019790.477,6.250000e-05,10.73,26171.12
4512,4.111154e-03,3.498150e+01,4.205385e-05,3.849324e-05,2997484.758,4.145742e-03,3.535055e+01,3.460499e-05,5.292749e-05,3016595.656,6.250000e-05,10.84,26181.96
4513,4.146417e-03,3.495170e+01,4.461492e-05,4.101958e-05,2997943.195,4.376130e-03,3.536251e+01,4.654057e-05,7.489457e-05,3021052.969,6.250000e-05,10.54,26192.50
4514,4.316275e-03,3.490695e+01,4.881812e-05,6.747974e-05,2997219.494,4.230132e-03,3.545523e+01,4.586540e-05,4.519118e-05,3013940.977,6.250000e-05,10.72,26203.22
4515,4.055535e-03,3.495011e+01,3.663961e-05,3.882561e-05,2997715.562,4.358393e-03,3.517508e+01,5.764049e-05,5.289597e-05,3008933.367,6.250000e-05,10.98,26214.20
4516,4.110882e-03,3.490291e+01,4.143256e-05,4.125312e-05,2997503.383,4.133554e-03,3.503992e+01,5.094291e-05,2.402669e-05,3002043.367,6.250000e-05,10.25,26224.45
4517,4.247918e-03,3.492316e+01,4.479759e-05,6.152530e-05,2997499.570,5.253355e-03,3.622042e+01,8.203883e-05,1.621851e-04,3029213.141,6.250000e-05,10.55,26235.00
4518,4.193775e-03,3.500847e+01,4.447819e-05,4.962922e-05,2997622.379,4.420120e-03,3.472769e+01,7.417127e-05,4.112777e-05,2989495.844,6.250000e-05,10.35,26245.35
4519,4.088650e-03,3.492744e+01,4.301253e-05,3.315612e-05,2997520.135,4.107751e-03,3.508799e+01,4.538181e-05,2.902680e-05,3001737.555,6.250000e-05,10.55,26255.90
4520,4.198790e-03,3.496312e+01,4.593838e-05,4.861902e-05,2997684.953,4.264735e-03,3.523463e+01,4.009901e-05,6.805644e-05,3015355.359,6.250000e-05,10.11,26266.01
4521,4.099671e-03,3.492144e+01,4.221652e-05,3.707245e-05,2997878.102,5.445707e-03,3.398690e+01,6.674779e-05,2.759077e-04,2955069.125,6.250000e-05,10.44,26276.45
4522,4.222368e-03,3.493595e+01,4.925852e-05,4.723754e-05,2996785.346,4.231408e-03,3.519207e+01,4.517274e-05,5.209467e-05,3014815.266,6.250000e-05,10.31,26286.76
4523,4.146505e-03,3.492921e+01,4.207227e-05,4.657221e-05,2997684.287,4.249874e-03,3.449109e+01,4.560033e-05,6.895229e-05,2983569.977,6.250000e-05,10.38,26297.14
4524,4.069514e-03,3.490067e+01,4.017611e-05,3.553721e-05,2997738.186,4.271660e-03,3.533315e+01,4.220668e-05,6.325566e-05,3013305.422,6.250000e-05,10.02,26307.16
4525,4.114036e-03,3.490585e+01,4.142268e-05,4.184478e-05,2997363.688,4.327968e-03,3.488894e+01,6.962153e-05,2.857163e-05,3002365.711,6.250000e-05,10.24,26317.40
4526,4.057627e-03,3.488244e+01,3.767030e-05,3.853610e-05,2997755.316,4.036844e-03,3.503603e+01,4.300293e-05,2.064236e-05,2998628.508,6.250000e-05,10.36,26327.76
4527,4.200702e-03,3.492905e+01,4.632621e-05,4.890702e-05,2997592.363,4.196097e-03,3.544496e+01,4.609684e-05,3.812644e-05,3008795.477,6.250000e-05,10.35,26338.11
4528,4.092570e-03,3.491809e+01,3.987618e-05,4.039980e-05,2997699.602,4.026065e-03,3.467652e+01,3.401277e-05,4.365699e-05,2985177.086,6.250000e-05,10.22,26348.34
4529,4.101271e-03,3.493111e+01,4.194270e-05,3.774657e-05,2997540.002,4.172652e-03,3.498488e+01,3.635082e-05,6.213126e-05,3006279.711,6.250000e-05,10.04,26358.38
4530,4.112783e-03,3.488225e+01,4.091404e-05,4.308355e-05,2997680.938,4.188522e-03,3.474641e+01,5.414392e-05,3.448842e-05,2991411.938,6.250000e-05,10.17,26368.55
4531,4.133486e-03,3.488925e+01,4.189799e-05,4.511609e-05,2997727.930,4.402787e-03,3.521533e+01,6.109567e-05,5.405935e-05,3002611.828,6.250000e-05,10.45,26379.00
4532,4.158007e-03,3.488604e+01,4.345879e-05,4.696304e-05,2997055.770,4.603373e-03,3.503961e+01,8.321856e-05,5.344530e-05,2991532.898,6.250000e-05,10.30,26389.30
4533,4.166370e-03,3.492806e+01,4.623265e-05,4.224754e-05,2998122.869,4.024763e-03,3.483666e+01,4.512424e-05,1.797112e-05,2994894.203,6.250000e-05,10.34,26399.65
4534,4.068215e-03,3.488702e+01,3.824470e-05,3.941323e-05,2997355.348,4.150054e-03,3.527689e+01,4.118852e-05,4.209609e-05,3013514.297,6.250000e-05,10.21,26409.86
4535,4.147107e-03,3.494659e+01,4.310165e-05,4.428621e-05,2997753.520,4.969440e-03,3.423006e+01,6.069195e-05,1.879030e-04,2976707.117,6.250000e-05,10.44,26420.30
4536,4.246638e-03,3.488597e+01,4.426646e-05,6.307529e-05,2997626.439,4.440772e-03,3.536922e+01,5.951812e-05,6.173370e-05,3014311.320,6.250000e-05,10.29,26430.59
4537,4.172151e-03,3.489974e+01,4.434955e-05,4.773633e-05,2997525.459,4.095478e-03,3.515628e+01,3.803404e-05,3.990204e-05,3004883.688,6.250000e-05,10.38,26440.97
4538,4.087096e-03,3.487539e+01,4.067288e-05,3.856553e-05,2997390.330,4.325146e-03,3.532018e+01,6.117056e-05,3.628465e-05,3010859.242,6.250000e-05,10.66,26451.63
4539,4.049021e-03,3.493415e+01,3.904197e-05,3.303732e-05,2998098.664,4.073670e-03,3.448472e+01,3.173284e-05,6.157381e-05,2987193.258,6.250000e-05,10.50,26462.13
4540,4.118266e-03,3.487028e+01,4.222002e-05,4.180765e-05,2997526.605,4.054280e-03,3.480368e+01,3.939254e-05,3.599730e-05,2988964.094,6.250000e-05,10.38,26472.51
4541,4.085342e-03,3.486146e+01,4.052537e-05,3.878847e-05,2997453.160,4.231731e-03,3.539357e+01,3.839816e-05,6.167861e-05,3012707.992,6.250000e-05,10.44,26482.95
4542,4.121258e-03,3.489861e+01,4.598853e-05,3.430232e-05,2997833.762,4.172672e-03,3.436065e+01,3.443096e-05,7.845948e-05,2978770.719,6.250000e-05,10.47,26493.42
4543,4.069095e-03,3.482411e+01,3.840135e-05,4.053417e-05,2997404.084,4.450244e-03,3.512714e+01,6.842419e-05,5.065752e-05,3012782.031,6.250000e-05,10.75,26504.17
4544,4.184449e-03,3.492276e+01,4.191492e-05,5.460479e-05,2997680.348,4.229728e-03,3.456629e+01,3.806944e-05,7.848091e-05,2979968.945,6.250000e-05,10.93,26515.10
4545,4.115774e-03,3.484502e+01,4.235129e-05,4.155176e-05,2997379.025,4.049163e-03,3.481793e+01,4.376877e-05,2.593663e-05,2993941.273,6.250000e-05,11.33,26526.43
4546,4.093117e-03,3.491642e+01,4.039679e-05,3.950155e-05,2997304.770,4.149347e-03,3.444159e+01,4.243911e-05,5.615943e-05,2982637.750,6.250000e-05,10.45,26536.88
4547,4.079678e-03,3.483897e+01,4.067905e-05,3.779815e-05,2997723.666,3.968293e-03,3.489543e+01,3.849071e-05,1.876856e-05,3004648.117,6.250000e-05,10.64,26547.52
4548,4.063386e-03,3.486882e+01,3.608107e-05,4.313857e-05,2997779.566,4.028189e-03,3.455557e+01,3.398122e-05,4.656393e-05,2989004.195,6.250000e-05,10.49,26558.02
4549,4.117331e-03,3.487219e+01,4.070574e-05,4.461101e-05,2997618.771,4.116039e-03,3.471169e+01,5.039422e-05,2.818562e-05,2994809.547,6.250000e-05,10.44,26568.46
4550,4.193664e-03,3.490102e+01,4.720253e-05,4.630726e-05,2997392.824,4.086885e-03,3.469924e+01,3.832389e-05,4.674438e-05,2998291.648,6.250000e-05,10.54,26579.00
4551,4.208100e-03,3.485804e+01,4.551469e-05,5.342984e-05,2997600.818,5.139444e-03,3.575876e+01,8.549736e-05,1.417188e-04,3028855.141,6.250000e-05,10.28,26589.28
4552,4.097052e-03,3.482087e+01,4.202098e-05,3.895090e-05,2997577.699,4.261809e-03,3.515971e+01,5.209690e-05,4.497373e-05,3006378.641,6.250000e-05,10.42,26599.70
4553,4.053636e-03,3.483006e+01,3.885423e-05,3.641767e-05,2997691.867,4.337831e-03,3.516003e+01,5.521755e-05,5.393043e-05,3015494.602,6.250000e-05,10.71,26610.41
4554,4.151518e-03,3.489978e+01,4.445241e-05,4.340322e-05,2997721.920,4.050118e-03,3.483918e+01,4.092837e-05,3.138326e-05,2999125.531,6.250000e-05,10.36,26620.77
4555,4.138090e-03,3.487696e+01,4.165065e-05,4.677758e-05,2997704.896,4.767947e-03,3.439293e+01,5.411349e-05,1.575040e-04,2974229.086,6.250000e-05,10.39,26631.16
4556,4.126258e-03,3.488158e+01,4.107571e-05,4.546848e-05,2997408.768,4.314322e-03,3.472275e+01,6.518519e-05,3.803907e-05,2990218.164,6.250000e-05,10.63,26641.79
4557,4.111373e-03,3.489428e+01,4.036959e-05,4.364983e-05,2997604.203,4.166128e-03,3.507596e+01,4.072149e-05,5.026350e-05,3001691.227,6.250000e-05,10.76,26652.55
4558,4.201466e-03,3.485038e+01,4.325542e-05,5.677470e-05,2997621.529,4.318915e-03,3.527958e+01,5.811115e-05,4.196926e-05,3005818.844,6.250000e-05,10.46,26663.01
4559,4.117810e-03,3.484412e+01,4.048734e-05,4.570487e-05,2997258.416,4.105377e-03,3.492666e+01,4.794553e-05,2.665118e-05,2995096.617,6.250000e-05,10.44,26673.46
4560,4.034887e-03,3.485154e+01,3.584266e-05,3.826127e-05,2997567.666,4.209604e-03,3.464330e+01,5.193105e-05,4.519257e-05,2986683.984,6.250000e-05,10.48,26683.94
4561,4.071101e-03,3.485564e+01,3.965279e-05,3.780178e-05,2997514.482,4.622194e-03,3.510635e+01,8.606501e-05,5.018169e-05,3009665.438,6.250000e-05,10.52,26694.46
4562,4.117207e-03,3.484430e+01,4.140854e-05,4.373833e-05,2997685.072,4.222283e-03,3.468720e+01,5.390380e-05,4.290518e-05,2994117.867,6.250000e-05,10.32,26704.78
4563,4.052707e-03,3.481729e+01,3.919792e-05,3.579983e-05,2997539.906,3.989445e-03,3.475163e+01,3.923056e-05,2.439516e-05,3000173.477,6.250000e-05,10.44,26715.22
4564,4.029219e-03,3.479877e+01,3.753280e-05,3.480282e-05,2997632.568,4.715873e-03,3.499946e+01,7.814510e-05,8.689522e-05,3019645.914,6.250000e-05,10.46,26725.67
4565,4.107446e-03,3.477084e+01,4.284260e-05,4.038722e-05,2997271.418,4.677552e-03,3.551511e+01,5.467814e-05,1.158520e-04,3026006.102,6.250000e-05,10.52,26736.20
4566,4.243033e-03,3.486451e+01,4.516816e-05,6.097991e-05,2997565.236,4.488374e-03,3.508561e+01,6.773835e-05,6.048599e-05,3011244.148,6.250000e-05,10.79,26746.99
4567,4.137046e-03,3.488096e+01,4.076298e-05,4.826402e-05,2997462.643,4.461028e-03,3.493920e+01,8.102970e-05,3.136231e-05,3008478.055,6.250000e-05,11.16,26758.15
4568,4.193279e-03,3.486415e+01,4.662233e-05,4.812803e-05,2997710.465,4.201885e-03,3.489251e+01,3.989598e-05,6.273492e-05,3008096.547,6.250000e-05,10.63,26768.77
4569,4.134569e-03,3.486342e+01,4.160739e-05,4.643062e-05,2997857.373,3.986124e-03,3.508402e+01,2.735836e-05,4.082775e-05,3009795.773,6.250000e-05,10.57,26779.34
4570,4.103117e-03,3.483580e+01,4.090965e-05,4.208823e-05,2997550.854,4.519606e-03,3.428628e+01,5.422746e-05,1.097408e-04,2973066.672,6.250000e-05,10.65,26789.99
4571,4.139797e-03,3.480150e+01,4.310675e-05,4.571582e-05,2997357.494,4.206803e-03,3.450245e+01,5.031929e-05,5.067301e-05,2988101.312,6.250000e-05,10.49,26800.48
4572,4.129382e-03,3.482118e+01,4.100214e-05,4.744859e-05,2997450.779,5.161739e-03,3.553874e+01,1.005904e-04,1.203920e-04,3028523.289,6.250000e-05,10.36,26810.84
4573,4.222648e-03,3.484721e+01,4.532329e-05,5.693886e-05,2997605.992,4.367286e-03,3.535037e+01,4.092143e-05,8.460689e-05,3022032.125,6.250000e-05,10.06,26820.90
4574,4.102900e-03,3.485878e+01,4.028760e-05,4.282912e-05,2997721.531,4.095642e-03,3.456167e+01,3.793828e-05,5.201856e-05,2983709.336,6.250000e-05,10.14,26831.04
4575,4.154743e-03,3.482570e+01,3.820923e-05,5.801606e-05,2997598.672,3.933643e-03,3.486547e+01,3.548870e-05,1.844189e-05,2997818.609,6.250000e-05,10.39,26841.44
4576,4.110749e-03,3.486279e+01,4.055367e-05,4.378680e-05,2997810.621,4.702427e-03,3.412697e+01,6.014621e-05,1.376536e-04,2967980.570,6.250000e-05,10.08,26851.52
4577,4.075425e-03,3.485882e+01,3.913427e-05,3.964006e-05,2997321.834,4.419364e-03,3.472841e+01,7.497974e-05,3.934522e-05,2987133.039,6.250000e-05,10.25,26861.77
4578,4.121342e-03,3.490467e+01,4.076216e-05,4.465071e-05,2997619.314,4.080843e-03,3.471363e+01,5.212390e-05,1.764823e-05,2993461.070,6.250000e-05,10.15,26871.92
4579,4.251150e-03,3.487175e+01,5.177001e-05,4.925506e-05,2997541.979,4.137468e-03,3.483219e+01,5.183289e-05,2.718411e-05,2995657.734,6.250000e-05,10.27,26882.19
4580,4.201236e-03,3.489967e+01,4.663643e-05,4.898079e-05,2997454.527,4.221408e-03,3.472043e+01,3.869642e-05,7.248034e-05,2984634.891,6.250000e-05,10.14,26892.33
4581,4.173460e-03,3.492755e+01,4.386797e-05,4.840520e-05,2997516.062,4.483779e-03,3.499096e+01,7.256221e-05,5.181220e-05,3003242.156,6.250000e-05,10.03,26902.36
4582,4.097552e-03,3.484596e+01,3.831793e-05,4.595530e-05,2997753.076,4.053270e-03,3.517137e+01,3.741906e-05,3.238846e-05,3007762.922,6.250000e-05,10.17,26912.54
4583,4.158953e-03,3.484525e+01,4.436290e-05,4.615993e-05,2997514.076,4.006878e-03,3.501974e+01,3.965821e-05,2.166437e-05,2996506.414,6.250000e-05,10.04,26922.58
4584,4.165051e-03,3.489577e+01,4.295991e-05,4.917501e-05,2997406.100,4.215532e-03,3.489336e+01,5.429315e-05,3.665295e-05,2997456.164,6.250000e-05,10.28,26932.86
4585,4.222880e-03,3.487882e+01,4.831648e-05,5.036664e-05,2997823.062,4.420349e-03,3.478487e+01,5.875281e-05,7.086675e-05,2992100.109,6.250000e-05,10.19,26943.05
4586,4.057276e-03,3.486655e+01,3.842847e-05,3.726745e-05,2997580.104,4.259085e-03,3.489201e+01,4.459519e-05,6.478649e-05,3003013.812,6.250000e-05,10.30,26953.34
4587,4.089039e-03,3.481570e+01,4.158718e-05,3.831940e-05,2997786.104,3.946804e-03,3.495576e+01,3.803960e-05,1.416637e-05,2999663.203,6.250000e-05,10.70,26964.04
4588,4.187153e-03,3.484108e+01,4.620420e-05,4.820046e-05,2996910.713,4.761221e-03,3.520114e+01,6.362570e-05,1.209700e-04,3021163.398,6.250000e-05,10.19,26974.23
4589,4.179116e-03,3.488971e+01,4.445656e-05,4.911589e-05,2997897.570,4.217437e-03,3.491553e+01,4.229469e-05,6.058738e-05,2998009.625,6.250000e-05,10.36,26984.59
4590,4.140146e-03,3.488813e+01,4.397386e-05,4.231890e-05,2997465.758,4.191981e-03,3.492986e+01,4.734302e-05,4.511300e-05,3000715.547,6.250000e-05,10.38,26994.97
4591,4.096097e-03,3.483582e+01,4.117281e-05,4.015739e-05,2997158.340,4.439736e-03,3.512383e+01,5.774780e-05,6.997503e-05,3017439.344,6.250000e-05,10.19,27005.16
4592,4.155526e-03,3.483820e+01,4.641275e-05,4.151566e-05,2997629.738,4.301879e-03,3.528041e+01,4.127917e-05,7.220920e-05,3018422.633,6.250000e-05,10.29,27015.45
4593,4.127383e-03,3.487717e+01,4.017241e-05,4.758828e-05,2997843.484,4.178183e-03,3.502267e+01,4.303990e-05,4.910343e-05,3011262.500,6.250000e-05,10.24,27025.69
4594,4.164186e-03,3.488749e+01,4.074555e-05,5.359622e-05,2997757.361,4.144043e-03,3.460350e+01,4.550373e-05,4.573118e-05,2984792.898,6.250000e-05,10.02,27035.71
4595,4.109994e-03,3.488139e+01,4.353220e-05,3.730663e-05,2997395.824,4.239974e-03,3.470339e+01,5.607097e-05,4.178498e-05,2993690.578,6.250000e-05,10.60,27046.30
4596,4.158936e-03,3.485870e+01,4.372047e-05,4.717230e-05,2997426.816,4.284728e-03,3.477880e+01,5.572639e-05,4.991696e-05,2992431.023,6.250000e-05,10.50,27056.81
4597,4.031329e-03,3.484660e+01,3.899419e-05,3.134542e-05,2997724.219,4.185723e-03,3.466308e+01,5.591852e-05,3.204593e-05,2992252.742,6.250000e-05,10.43,27067.24
4598,4.187818e-03,3.480606e+01,4.274461e-05,5.595315e-05,2997330.848,4.047645e-03,3.510964e+01,3.312020e-05,4.109592e-05,3005314.414,6.250000e-05,10.70,27077.94
4599,4.125551e-03,3.489210e+01,4.113566e-05,4.499692e-05,2997791.326,3.989536e-03,3.478053e+01,3.663663e-05,2.902338e-05,2994586.367,6.250000e-05,10.67,27088.61
4600,4.197063e-03,3.483902e+01,4.708714e-05,4.845797e-05,2997409.111,3.999849e-03,3.502500e+01,4.104333e-05,1.738326e-05,3002565.594,6.250000e-05,10.77,27099.38
4601,4.124806e-03,3.488419e+01,4.159824e-05,4.408108e-05,2997786.586,4.039846e-03,3.481446e+01,3.507895e-05,4.152204e-05,2991511.977,6.250000e-05,10.84,27110.23
4602,4.086146e-03,3.485771e+01,3.940728e-05,4.126047e-05,2997500.273,4.194988e-03,3.469830e+01,5.456725e-05,3.589701e-05,2994669.109,6.250000e-05,10.51,27120.74
4603,4.126379e-03,3.485302e+01,4.544258e-05,3.733017e-05,2997571.258,3.964535e-03,3.482009e+01,3.609513e-05,2.431502e-05,2994356.008,6.250000e-05,10.41,27131.15
4604,4.178680e-03,3.491527e+01,4.526487e-05,4.690073e-05,2997429.047,4.467783e-03,3.537514e+01,6.183233e-05,6.238901e-05,3017882.859,6.250000e-05,10.38,27141.53
4605,4.082037e-03,3.488436e+01,4.139940e-05,3.592135e-05,2997608.002,4.018197e-03,3.505087e+01,3.748631e-05,2.764949e-05,2998848.984,6.250000e-05,10.36,27151.90
4606,4.168995e-03,3.488277e+01,4.406215e-05,4.801949e-05,2997947.303,4.317352e-03,3.470409e+01,6.851182e-05,3.236491e-05,2989539.891,6.250000e-05,10.38,27162.28
4607,4.091915e-03,3.484894e+01,4.136261e-05,3.867905e-05,2997192.398,4.375951e-03,3.543891e+01,4.603869e-05,7.433478e-05,3020357.344,6.250000e-05,10.36,27172.64
4608,4.108744e-03,3.487111e+01,4.163071e-05,4.106532e-05,2998152.150,5.092187e-03,3.399591e+01,6.548053e-05,2.075581e-04,2959977.969,6.250000e-05,10.26,27182.90
4609,4.208145e-03,3.485065e+01,4.538140e-05,5.385316e-05,2997492.584,4.153522e-03,3.478783e+01,5.310536e-05,2.873707e-05,2998575.812,6.250000e-05,10.14,27193.04
4610,4.112740e-03,3.481575e+01,4.208353e-05,4.206591e-05,2997520.596,4.152358e-03,3.508215e+01,4.680835e-05,3.521187e-05,3009309.000,6.250000e-05,10.38,27203.41
4611,4.214500e-03,3.487170e+01,4.791231e-05,4.964142e-05,2997406.570,4.271440e-03,3.491278e+01,5.725962e-05,4.151309e-05,3005401.289,6.250000e-05,10.52,27213.93
4612,4.085294e-03,3.480581e+01,4.221623e-05,3.651033e-05,2997633.613,4.340365e-03,3.504674e+01,6.351818e-05,4.010185e-05,3009490.148,6.250000e-05,10.51,27224.44
4613,4.151604e-03,3.485040e+01,4.563937e-05,4.203400e-05,2997933.092,4.452254e-03,3.556807e+01,3.629751e-05,1.064945e-04,3027275.156,6.250000e-05,10.03,27234.47
4614,4.056780e-03,3.479013e+01,3.720890e-05,4.113576e-05,2997241.488,4.539474e-03,3.536252e+01,5.422825e-05,9.218793e-05,3022178.250,6.250000e-05,10.17,27244.64
4615,4.180924e-03,3.485344e+01,4.291465e-05,5.328676e-05,2998076.623,4.167503e-03,3.517563e+01,4.433111e-05,4.132580e-05,3005652.773,6.250000e-05,10.12,27254.76
4616,4.165113e-03,3.479886e+01,4.311340e-05,5.081850e-05,2997168.879,4.040502e-03,3.484368e+01,3.737440e-05,3.647805e-05,2998373.055,6.250000e-05,10.01,27264.78
4617,4.120265e-03,3.486049e+01,4.247284e-05,4.189747e-05,2997287.422,4.541536e-03,3.537771e+01,7.454304e-05,5.166693e-05,3005728.617,6.250000e-05,10.16,27274.94
4618,4.230065e-03,3.487505e+01,5.089449e-05,4.672309e-05,2997810.699,4.303001e-03,3.473148e+01,6.395049e-05,3.806964e-05,2994623.977,6.250000e-05,10.35,27285.31
4619,4.167716e-03,3.484227e+01,4.466700e-05,4.736397e-05,2997402.428,4.111362e-03,3.508012e+01,4.861634e-05,2.343724e-05,3005887.914,6.250000e-05,10.09,27295.40
4620,4.039440e-03,3.480946e+01,4.026889e-05,3.116105e-05,2997632.064,4.162709e-03,3.503416e+01,4.412761e-05,4.360328e-05,3008358.328,6.250000e-05,10.22,27305.62
4621,4.072985e-03,3.479001e+01,3.898392e-05,4.082891e-05,2997620.461,4.102513e-03,3.490567e+01,3.825876e-05,4.587166e-05,3002768.406,6.250000e-05,10.44,27316.06
4622,4.162522e-03,3.484509e+01,4.298010e-05,4.964232e-05,2997918.941,4.875569e-03,3.451622e+01,7.986207e-05,1.250654e-04,2971653.984,6.250000e-05,10.68,27326.74
4623,4.119592e-03,3.482860e+01,4.219429e-05,4.295792e-05,2997387.307,4.167604e-03,3.469304e+01,4.669705e-05,4.626595e-05,2991346.289,6.250000e-05,10.36,27337.10
4624,4.031712e-03,3.481832e+01,3.817544e-05,3.362525e-05,2997325.619,4.030745e-03,3.479969e+01,3.981447e-05,3.052629e-05,2997403.633,6.250000e-05,10.25,27347.34
4625,4.078435e-03,3.479966e+01,3.965509e-05,4.038361e-05,2997322.982,3.973639e-03,3.489510e+01,3.651489e-05,2.379606e-05,3001157.117,6.250000e-05,10.45,27357.79
4626,4.077408e-03,3.478328e+01,3.744190e-05,4.493223e-05,2997810.557,4.054193e-03,3.458557e+01,4.456925e-05,2.998861e-05,2989219.758,6.250000e-05,10.26,27368.06
4627,4.123336e-03,3.483954e+01,4.056952e-05,4.673727e-05,2997953.918,4.190261e-03,3.443386e+01,3.907824e-05,7.121842e-05,2981573.555,6.250000e-05,10.36,27378.41
4628,4.090619e-03,3.479952e+01,3.820562e-05,4.572221e-05,2997113.928,4.314663e-03,3.529741e+01,4.925183e-05,5.848077e-05,3015855.453,6.250000e-05,10.29,27388.71
4629,4.107849e-03,3.479767e+01,4.256085e-05,4.049472e-05,2997415.264,4.418160e-03,3.451092e+01,6.001471e-05,7.338435e-05,2980205.242,6.250000e-05,10.15,27398.86
4630,4.201353e-03,3.483576e+01,4.505570e-05,5.344408e-05,2997917.367,4.060618e-03,3.471397e+01,4.289972e-05,3.204475e-05,2997811.641,6.250000e-05,10.35,27409.21
4631,4.050758e-03,3.482450e+01,3.672473e-05,4.021216e-05,2997603.178,4.221093e-03,3.492024e+01,4.218351e-05,6.144679e-05,3009926.570,6.250000e-05,10.30,27419.51
4632,4.168881e-03,3.478853e+01,4.252708e-05,5.295158e-05,2997492.477,4.211090e-03,3.452443e+01,5.157613e-05,4.857717e-05,2986260.258,6.250000e-05,10.11,27429.62
4633,4.028385e-03,3.481897e+01,3.640141e-05,3.649486e-05,2997571.549,4.124374e-03,3.511434e+01,4.416403e-05,3.425994e-05,3009719.344,6.250000e-05,10.18,27439.80
4634,4.049790e-03,3.482415e+01,3.956909e-05,3.433694e-05,2997428.711,4.328951e-03,3.499763e+01,5.841633e-05,4.900499e-05,3010549.031,6.250000e-05,10.34,27450.14
4635,4.186098e-03,3.479379e+01,4.397557e-05,5.339264e-05,2997644.641,4.205723e-03,3.485516e+01,4.789040e-05,4.826061e-05,2995246.617,6.250000e-05,10.15,27460.29
4636,4.146056e-03,3.482286e+01,4.079799e-05,5.115798e-05,2997925.539,4.339268e-03,3.444644e+01,4.920585e-05,8.051297e-05,2979799.812,6.250000e-05,10.36,27470.65
4637,4.106781e-03,3.483351e+01,4.385219e-05,3.698156e-05,2997488.588,3.929315e-03,3.488708e+01,3.260727e-05,2.290684e-05,3000170.875,6.250000e-05,10.41,27481.06
4638,4.148801e-03,3.481190e+01,4.136871e-05,5.078491e-05,2997697.377,4.108132e-03,3.495963e+01,3.005604e-05,6.232184e-05,2997805.062,6.250000e-05,10.48,27491.54
4639,4.149382e-03,3.484822e+01,4.361824e-05,4.567555e-05,2997021.256,4.329625e-03,3.522338e+01,4.692056e-05,6.761630e-05,3011733.031,6.250000e-05,10.43,27501.98
4640,4.340283e-03,3.482915e+01,5.345680e-05,6.456008e-05,2997621.340,4.199675e-03,3.470505e+01,5.458456e-05,3.666492e-05,2993687.336,6.250000e-05,10.71,27512.68
4641,4.074037e-03,3.481438e+01,4.017366e-05,3.817235e-05,2997219.311,4.484747e-03,3.532495e+01,5.038892e-05,8.967259e-05,3011941.648,6.250000e-05,10.80,27523.48
4642,4.283018e-03,3.490603e+01,4.832584e-05,6.183139e-05,2997631.047,3.995040e-03,3.473967e+01,3.412331e-05,3.596802e-05,2989493.664,6.250000e-05,10.72,27534.21
4643,4.071867e-03,3.482323e+01,4.060202e-05,3.670475e-05,2997613.811,3.875146e-03,3.491113e+01,3.039637e-05,1.601375e-05,2998376.023,6.250000e-05,10.47,27544.68
4644,4.159514e-03,3.477341e+01,4.539705e-05,4.564064e-05,2997644.986,4.474695e-03,3.435879e+01,5.653720e-05,9.468890e-05,2980270.359,6.250000e-05,10.68,27555.36
4645,4.180923e-03,3.483593e+01,4.484439e-05,4.977724e-05,2997587.266,4.445640e-03,3.406078e+01,4.505408e-05,1.178042e-04,2975271.508,6.250000e-05,10.75,27566.10
4646,4.189637e-03,3.482971e+01,4.404099e-05,5.325124e-05,2997257.754,4.845681e-03,3.561290e+01,7.283181e-05,1.112146e-04,3026397.602,6.250000e-05,10.65,27576.76
4647,4.102266e-03,3.484121e+01,4.016418e-05,4.330066e-05,2997795.936,4.030728e-03,3.457031e+01,4.077004e-05,3.319924e-05,2990603.383,6.250000e-05,10.78,27587.54
4648,4.069758e-03,3.478542e+01,3.950419e-05,3.923478e-05,2997499.061,4.208139e-03,3.484983e+01,5.525175e-05,3.412770e-05,3003457.883,6.250000e-05,10.60,27598.14
4649,4.089962e-03,3.486428e+01,3.877548e-05,4.315579e-05,2997644.605,4.119706e-03,3.456729e+01,4.649027e-05,3.961487e-05,2994051.117,6.250000e-05,10.70,27608.84
4650,4.247717e-03,3.477072e+01,5.261371e-05,4.890142e-05,2997399.145,4.613840e-03,3.467157e+01,7.368446e-05,8.196773e-05,2980530.078,6.250000e-05,10.62,27619.46
4651,4.024540e-03,3.479678e+01,3.733282e-05,3.430672e-05,2997525.107,4.249218e-03,3.445184e+01,5.217448e-05,5.645781e-05,2991033.914,6.250000e-05,10.80,27630.25
4652,4.288898e-03,3.482205e+01,5.321585e-05,5.490694e-05,2997780.557,4.195535e-03,3.537043e+01,4.078179e-05,5.013482e-05,3012435.531,6.250000e-05,10.51,27640.76
4653,4.118873e-03,3.482388e+01,4.015355e-05,4.698988e-05,2997188.375,4.065506e-03,3.501200e+01,3.967765e-05,3.350586e-05,3005483.469,6.250000e-05,10.55,27651.31
4654,4.310578e-03,3.490070e+01,4.980374e-05,6.449410e-05,2997565.740,4.143015e-03,3.488054e+01,3.972359e-05,5.154507e-05,3008846.078,6.250000e-05,10.53,27661.84
4655,4.157411e-03,3.485478e+01,4.301151e-05,4.836360e-05,2997855.594,3.933757e-03,3.492929e+01,3.325484e-05,2.165591e-05,2995253.648,6.250000e-05,10.18,27672.02
4656,4.042778e-03,3.482808e+01,3.648495e-05,3.902409e-05,2997479.496,3.937143e-03,3.481091e+01,3.257387e-05,2.606276e-05,3001495.828,6.250000e-05,10.36,27682.38
4657,4.043102e-03,3.479041e+01,3.879979e-05,3.521266e-05,2997826.701,4.066126e-03,3.442445e+01,3.956233e-05,4.561173e-05,2986063.008,6.250000e-05,10.41,27692.80
4658,4.153326e-03,3.481064e+01,4.697531e-05,4.050179e-05,2997578.557,4.027631e-03,3.476418e+01,4.449625e-05,2.124995e-05,2994212.867,6.250000e-05,10.42,27703.22
4659,4.051162e-03,3.476242e+01,3.658897e-05,4.180605e-05,2997593.451,3.997943e-03,3.506968e+01,3.668476e-05,2.482553e-05,3007407.398,6.250000e-05,10.23,27713.45
4660,4.112467e-03,3.481954e+01,4.310066e-05,3.990126e-05,2997555.428,4.280399e-03,3.436509e+01,5.223984e-05,6.429840e-05,2984959.805,6.250000e-05,10.39,27723.84
4661,4.045724e-03,3.474973e+01,3.698836e-05,4.017341e-05,2997431.580,4.290854e-03,3.490274e+01,5.477246e-05,5.057111e-05,2998308.727,6.250000e-05,10.48,27734.32
4662,4.108755e-03,3.479913e+01,3.987239e-05,4.602350e-05,2997600.078,4.542205e-03,3.521832e+01,4.235985e-05,1.193549e-04,3024260.734,6.250000e-05,10.28,27744.61
4663,4.214890e-03,3.477053e+01,4.336424e-05,6.083897e-05,2997384.271,4.034008e-03,3.483923e+01,4.155250e-05,2.691208e-05,2992648.359,6.250000e-05,10.33,27754.93
4664,4.182766e-03,3.486593e+01,4.622601e-05,4.678244e-05,2997596.008,4.065168e-03,3.501934e+01,4.149607e-05,2.965458e-05,3006781.086,6.250000e-05,10.28,27765.21
4665,4.121624e-03,3.477041e+01,4.105168e-05,4.681325e-05,2997812.900,4.408340e-03,3.500126e+01,7.264307e-05,3.635654e-05,3007129.336,6.250000e-05,10.14,27775.35
4666,4.071941e-03,3.474638e+01,4.001387e-05,3.943292e-05,2997065.650,4.523934e-03,3.539117e+01,6.012718e-05,7.670913e-05,3017647.906,6.250000e-05,10.23,27785.59
4667,4.075644e-03,3.483047e+01,4.002575e-05,3.846806e-05,2998032.311,4.142940e-03,3.450197e+01,4.351923e-05,5.151020e-05,2987740.047,6.250000e-05,10.41,27796.00
4668,4.103033e-03,3.480488e+01,4.042224e-05,4.366459e-05,2997438.010,4.290874e-03,3.534379e+01,4.780244e-05,5.569414e-05,3017956.352,6.250000e-05,10.45,27806.45
4669,4.158633e-03,3.486022e+01,4.057428e-05,5.337352e-05,2997684.467,5.427398e-03,3.483545e+01,1.223953e-04,1.439802e-04,2986569.695,6.250000e-05,10.48,27816.93
4670,4.092628e-03,3.476784e+01,4.106112e-05,4.104664e-05,2997454.025,4.042502e-03,3.450160e+01,3.162043e-05,5.522743e-05,2989814.102,6.250000e-05,10.59,27827.52
4671,4.166917e-03,3.480530e+01,4.643862e-05,4.440020e-05,2997525.338,4.002617e-03,3.458519e+01,3.756887e-05,3.368195e-05,2991409.242,6.250000e-05,10.82,27838.35
4672,4.098619e-03,3.476773e+01,3.784863e-05,4.867193e-05,2997506.693,4.230748e-03,3.500751e+01,5.112796e-05,4.374351e-05,3006427.430,6.250000e-05,11.41,27849.76
4673,4.136635e-03,3.480388e+01,4.158413e-05,4.808120e-05,2997679.895,4.251554e-03,3.490144e+01,5.086244e-05,5.055711e-05,2996940.258,6.250000e-05,10.81,27860.57
4674,3.998814e-03,3.473159e+01,3.577604e-05,3.357893e-05,2997351.111,4.114337e-03,3.517461e+01,4.489863e-05,2.957800e-05,3006957.859,6.250000e-05,10.76,27871.33
4675,4.265200e-03,3.478944e+01,4.951986e-05,5.821142e-05,2997661.115,4.354930e-03,3.452635e+01,3.637939e-05,1.077003e-04,2977748.414,6.250000e-05,10.50,27881.83
4676,4.064489e-03,3.481857e+01,3.939696e-05,3.773236e-05,2997323.992,4.161957e-03,3.489127e+01,5.215537e-05,3.025523e-05,2996235.898,6.250000e-05,10.52,27892.35
4677,4.090822e-03,3.479020e+01,4.282754e-05,3.670546e-05,2997438.832,4.639834e-03,3.542889e+01,5.361934e-05,1.121503e-04,3027436.914,6.250000e-05,10.60,27902.95
4678,4.213707e-03,3.480942e+01,4.369970e-05,5.915362e-05,2997524.021,4.715749e-03,3.519873e+01,8.178378e-05,7.560784e-05,3015511.445,6.250000e-05,10.40,27913.36
4679,4.162712e-03,3.480355e+01,4.592279e-05,4.462581e-05,2997839.539,4.057454e-03,3.483440e+01,4.506842e-05,2.466600e-05,2999712.812,6.250000e-05,10.30,27923.65
4680,4.086531e-03,3.477856e+01,4.089717e-05,3.994079e-05,2997496.689,4.362615e-03,3.479520e+01,6.014036e-05,5.633820e-05,3001707.922,6.250000e-05,10.33,27933.98
4681,4.120562e-03,3.475711e+01,4.121394e-05,4.654237e-05,2997547.879,4.000862e-03,3.471064e+01,3.765157e-05,3.065656e-05,2996420.836,6.250000e-05,10.33,27944.31
4682,4.052106e-03,3.478799e+01,3.613432e-05,4.239267e-05,2997495.613,4.343420e-03,3.523207e+01,6.565995e-05,3.272262e-05,3004984.367,6.250000e-05,10.06,27954.37
4683,4.114592e-03,3.477585e+01,4.241807e-05,4.256529e-05,2997836.926,4.216757e-03,3.499131e+01,3.870462e-05,6.611604e-05,3007514.383,6.250000e-05,10.54,27964.91
4684,4.123212e-03,3.481488e+01,4.051573e-05,4.731330e-05,2997362.391,4.323485e-03,3.522099e+01,4.177161e-05,7.673383e-05,3016629.375,6.250000e-05,10.44,27975.36
4685,4.173688e-03,3.476507e+01,4.590589e-05,4.762448e-05,2997543.195,4.860826e-03,3.549778e+01,5.587700e-05,1.504555e-04,3031292.023,6.250000e-05,10.37,27985.74
4686,4.084244e-03,3.478533e+01,4.041775e-05,4.030680e-05,2997730.232,4.000266e-03,3.485654e+01,3.446448e-05,3.399360e-05,3000595.641,6.250000e-05,10.42,27996.16
4687,4.138769e-03,3.474933e+01,4.269675e-05,4.737369e-05,2997459.635,4.680359e-03,3.535823e+01,7.998356e-05,6.894023e-05,3019006.992,6.250000e-05,10.46,28006.62
4688,4.146498e-03,3.479337e+01,4.124165e-05,5.094905e-05,2997879.416,4.430728e-03,3.473216e+01,6.895250e-05,5.359753e-05,2984246.117,6.250000e-05,10.52,28017.14
4689,4.189678e-03,3.483907e+01,4.716338e-05,4.682740e-05,2997824.162,4.245090e-03,3.471979e+01,5.443201e-05,4.575820e-05,3000888.047,6.250000e-05,10.46,28027.60
4690,4.126642e-03,3.480481e+01,4.347991e-05,4.227236e-05,2996870.176,4.069362e-03,3.523276e+01,3.317031e-05,4.287648e-05,3008980.164,6.250000e-05,10.30,28037.90
4691,4.092251e-03,3.483538e+01,3.981750e-05,4.210757e-05,2997797.682,4.320378e-03,3.514014e+01,4.251652e-05,7.623985e-05,3021326.312,6.250000e-05,10.46,28048.36
4692,4.184517e-03,3.477958e+01,4.493615e-05,5.143951e-05,2997865.830,4.619934e-03,3.474210e+01,8.883507e-05,5.147462e-05,2996352.930,6.250000e-05,10.40,28058.76
4693,4.175780e-03,3.481239e+01,4.398206e-05,5.094424e-05,2997445.652,4.102298e-03,3.506018e+01,4.558286e-05,2.809036e-05,3002733.758,6.250000e-05,10.31,28069.07
4694,4.171574e-03,3.482270e+01,4.270202e-05,5.245681e-05,2997314.182,4.266410e-03,3.515003e+01,5.826405e-05,3.375338e-05,3006969.539,6.250000e-05,10.22,28079.29
4695,4.098691e-03,3.479463e+01,3.990719e-05,4.403140e-05,2997484.092,4.004616e-03,3.483783e+01,3.329254e-05,3.758155e-05,3004828.156,6.250000e-05,10.12,28089.41
4696,4.187745e-03,3.481625e+01,4.335158e-05,5.452090e-05,2997715.770,4.884334e-03,3.418097e+01,7.572408e-05,1.417993e-04,2972058.359,6.250000e-05,10.17,28099.59
4697,4.114632e-03,3.484450e+01,4.090342e-05,4.422958e-05,2997632.703,4.153028e-03,3.518915e+01,4.138874e-05,4.404516e-05,3013271.688,6.250000e-05,10.48,28110.07
4698,4.237681e-03,3.479766e+01,5.089537e-05,4.979230e-05,2997503.000,4.304165e-03,3.497002e+01,5.593730e-05,4.955795e-05,2997326.406,6.250000e-05,10.34,28120.41
4699,4.053509e-03,3.481817e+01,3.996449e-05,3.440954e-05,2997606.664,4.151112e-03,3.479370e+01,4.655064e-05,4.124717e-05,3002969.289,6.250000e-05,10.52,28130.93
4700,4.086172e-03,3.474177e+01,3.863306e-05,4.513297e-05,2997808.719,4.529838e-03,3.420391e+01,5.800803e-05,1.058734e-04,2972209.289,6.250000e-05,10.31,28141.24
4701,4.113500e-03,3.480639e+01,4.131291e-05,4.394645e-05,2997430.273,4.056373e-03,3.487844e+01,3.967430e-05,3.435735e-05,3006310.312,6.250000e-05,10.38,28151.63
4702,4.055264e-03,3.476021e+01,4.039368e-05,3.506115e-05,2997493.596,4.179917e-03,3.500311e+01,4.432324e-05,4.727468e-05,3007803.805,6.250000e-05,10.27,28161.90
4703,4.116862e-03,3.480778e+01,4.186272e-05,4.349128e-05,2997697.881,4.040784e-03,3.475794e+01,3.611769e-05,4.076266e-05,3004584.227,6.250000e-05,10.43,28172.33
4704,4.108145e-03,3.476405e+01,4.388733e-05,3.857340e-05,2997375.809,4.035248e-03,3.492294e+01,4.334643e-05,2.189784e-05,3001702.758,6.250000e-05,10.66,28182.99
4705,4.070530e-03,3.477639e+01,3.918546e-05,4.020739e-05,2997772.018,4.490495e-03,3.426733e+01,5.263443e-05,1.074836e-04,2972712.609,6.250000e-05,11.01,28194.02
4706,4.017213e-03,3.476060e+01,3.524096e-05,3.774869e-05,2997454.275,4.210192e-03,3.468673e+01,5.663386e-05,3.503602e-05,2992091.102,6.250000e-05,10.51,28204.54
4707,4.023246e-03,3.478834e+01,3.693228e-05,3.501791e-05,2997820.842,4.490225e-03,3.445462e+01,7.836375e-05,5.222519e-05,2996652.383,6.250000e-05,10.55,28215.09
4708,4.113260e-03,3.474691e+01,4.574451e-05,3.622491e-05,2997565.225,4.110720e-03,3.513964e+01,3.919050e-05,4.097018e-05,3008263.906,6.250000e-05,10.64,28225.72
4709,4.088733e-03,3.471128e+01,4.247824e-05,3.856468e-05,2997902.889,5.179770e-03,3.394284e+01,9.924780e-05,1.586018e-04,2966505.859,6.250000e-05,10.89,28236.61
4710,4.091602e-03,3.473001e+01,4.118756e-05,4.134503e-05,2997130.389,4.759175e-03,3.439715e+01,1.051037e-04,5.368484e-05,2985186.859,6.250000e-05,10.73,28247.34
4711,4.139431e-03,3.475667e+01,4.414978e-05,4.445326e-05,2997665.771,4.350255e-03,3.489321e+01,6.780863e-05,3.656953e-05,3006780.109,6.250000e-05,10.82,28258.16
4712,4.082229e-03,3.478967e+01,3.935610e-05,4.194037e-05,2997783.748,4.499390e-03,3.504310e+01,6.647455e-05,6.606705e-05,2994844.023,6.250000e-05,10.84,28269.00
4713,4.225597e-03,3.475087e+01,4.727617e-05,5.554955e-05,2997317.760,4.707437e-03,3.441563e+01,5.113225e-05,1.509104e-04,2971688.844,6.250000e-05,10.57,28279.57
4714,4.092448e-03,3.481394e+01,3.911688e-05,4.397721e-05,2997723.367,4.210303e-03,3.504420e+01,5.526818e-05,3.064020e-05,3005504.453,6.250000e-05,10.59,28290.16
4715,4.067245e-03,3.475116e+01,4.005684e-05,3.831216e-05,2997101.756,4.656640e-03,3.536141e+01,6.260502e-05,9.888990e-05,3026056.742,6.250000e-05,10.69,28300.85
4716,4.064794e-03,3.478148e+01,4.073727e-05,3.585470e-05,2997687.062,4.012091e-03,3.507068e+01,3.711923e-05,2.676610e-05,3002533.461,6.250000e-05,10.42,28311.27
4717,4.117653e-03,3.475251e+01,4.141608e-05,4.564816e-05,2997678.439,3.953445e-03,3.506529e+01,2.930903e-05,3.076509e-05,3007811.836,6.250000e-05,10.87,28322.13
4718,4.132120e-03,3.479985e+01,4.204995e-05,4.632725e-05,2997480.438,4.424165e-03,3.484936e+01,6.987181e-05,4.810227e-05,2995320.828,6.250000e-05,10.83,28332.96
4719,4.049184e-03,3.476495e+01,3.768105e-05,3.917577e-05,2997458.252,4.345052e-03,3.542386e+01,4.581077e-05,6.891164e-05,3017685.812,6.250000e-05,10.72,28343.67
4720,4.044335e-03,3.474650e+01,3.694770e-05,4.004154e-05,2997912.039,4.072158e-03,3.481851e+01,4.825104e-05,2.155925e-05,2998778.977,6.250000e-05,10.87,28354.55
4721,4.006272e-03,3.470763e+01,3.807202e-05,3.095782e-05,2997928.125,4.269101e-03,3.433347e+01,5.179054e-05,6.356981e-05,2980378.594,6.250000e-05,10.47,28365.02
4722,4.252854e-03,3.474828e+01,4.908003e-05,5.744529e-05,2997173.445,4.414737e-03,3.541089e+01,5.042001e-05,7.388959e-05,3022426.320,6.250000e-05,10.45,28375.47
4723,4.118879e-03,3.474355e+01,4.053169e-05,4.784130e-05,2997742.760,4.757750e-03,3.550216e+01,6.438466e-05,1.127375e-04,3024469.547,6.250000e-05,10.48,28385.95
4724,4.118822e-03,3.475535e+01,4.290789e-05,4.284164e-05,2998031.615,4.248579e-03,3.435688e+01,4.303658e-05,7.650499e-05,2978848.555,6.250000e-05,10.61,28396.56
4725,4.148382e-03,3.479919e+01,4.311982e-05,4.745299e-05,2997102.557,4.242102e-03,3.489513e+01,5.297681e-05,4.456421e-05,3000196.906,6.250000e-05,10.62,28407.17
4726,4.079303e-03,3.477862e+01,3.924412e-05,4.179997e-05,2997652.051,4.064339e-03,3.447324e+01,4.158212e-05,4.023876e-05,2986761.219,6.250000e-05,10.79,28417.97
4727,4.327581e-03,3.485134e+01,5.186396e-05,6.476162e-05,2997390.420,4.115929e-03,3.504790e+01,4.193903e-05,3.834972e-05,3002424.914,6.250000e-05,10.66,28428.62
4728,4.154226e-03,3.479420e+01,4.465967e-05,4.564205e-05,2997744.266,4.104088e-03,3.472029e+01,4.732042e-05,3.177100e-05,3000234.883,6.250000e-05,10.84,28439.47
4729,4.115001e-03,3.475241e+01,4.327029e-05,4.141148e-05,2997433.691,4.313493e-03,3.447889e+01,5.041674e-05,7.228736e-05,2986829.594,6.250000e-05,10.63,28450.09
4730,4.090431e-03,3.475641e+01,4.177780e-05,3.940232e-05,2997600.037,4.236729e-03,3.491572e+01,6.203586e-05,2.495986e-05,2997212.117,6.250000e-05,10.43,28460.52
4731,4.034253e-03,3.474144e+01,3.578094e-05,4.045984e-05,2997593.566,4.227691e-03,3.485701e+01,5.724852e-05,3.390106e-05,2999608.898,6.250000e-05,10.64,28471.16
4732,4.129445e-03,3.473627e+01,4.232158e-05,4.652051e-05,2997426.139,4.028393e-03,3.470506e+01,3.526556e-05,4.104620e-05,2995006.812,6.250000e-05,10.67,28481.83
4733,4.122601e-03,3.476913e+01,3.927017e-05,5.059745e-05,2997646.910,4.258832e-03,3.493956e+01,6.152641e-05,2.992241e-05,3000825.875,6.250000e-05,10.22,28492.04
4734,4.100585e-03,3.477613e+01,4.032193e-05,4.395047e-05,2997840.557,5.070801e-03,3.398048e+01,6.240783e-05,2.097351e-04,2963717.898,6.250000e-05,10.69,28502.73
4735,4.079239e-03,3.480669e+01,4.107582e-05,3.756240e-05,2997468.123,3.957442e-03,3.472252e+01,3.401059e-05,2.901686e-05,2996303.812,6.250000e-05,10.55,28513.28
4736,4.045714e-03,3.472614e+01,3.632395e-05,4.197221e-05,2997798.262,4.308926e-03,3.441488e+01,4.474413e-05,8.399926e-05,2980947.672,6.250000e-05,10.58,28523.86
4737,4.057184e-03,3.472601e+01,3.870519e-05,3.950628e-05,2997756.836,4.095843e-03,3.463885e+01,4.461380e-05,3.716409e-05,2994088.469,6.250000e-05,10.63,28534.49
4738,4.091712e-03,3.469390e+01,4.267409e-05,3.911636e-05,2997288.113,4.051369e-03,3.498285e+01,4.061654e-05,2.938362e-05,3005335.289,6.250000e-05,10.57,28545.06
4739,4.049044e-03,3.474921e+01,3.874693e-05,3.733083e-05,2997590.285,4.047765e-03,3.447931e+01,3.510199e-05,4.976274e-05,2987101.008,6.250000e-05,10.39,28555.46
4740,4.185586e-03,3.471394e+01,4.781261e-05,4.721323e-05,2997356.184,4.677258e-03,3.453896e+01,9.074554e-05,6.318135e-05,2983590.727,6.250000e-05,10.61,28566.07
4741,4.124517e-03,3.476867e+01,4.231028e-05,4.490945e-05,2997813.404,4.091100e-03,3.473483e+01,3.570241e-05,5.211874e-05,2996786.086,6.250000e-05,10.53,28576.60
4742,4.075396e-03,3.473865e+01,3.910146e-05,4.210339e-05,2997420.381,4.045020e-03,3.502680e+01,3.678012e-05,3.490780e-05,2999842.781,6.250000e-05,10.31,28586.91
4743,4.193493e-03,3.477974e+01,4.580593e-05,5.149213e-05,2997690.803,4.101440e-03,3.473420e+01,3.980974e-05,4.598464e-05,2992306.250,6.250000e-05,10.11,28597.02
4744,4.105347e-03,3.472509e+01,4.057706e-05,4.541358e-05,2997475.135,4.245157e-03,3.520368e+01,3.884958e-05,6.725881e-05,3012152.727,6.250000e-05,10.28,28607.30
4745,4.120677e-03,3.473713e+01,4.477184e-05,3.984913e-05,2997773.877,3.963406e-03,3.465899e+01,3.494136e-05,2.961868e-05,2997462.391,6.250000e-05,10.14,28617.45
4746,4.166711e-03,3.476037e+01,4.375365e-05,5.062756e-05,2997262.371,3.988204e-03,3.493548e+01,3.018944e-05,3.855228e-05,3007042.727,6.250000e-05,10.34,28627.78
4747,4.086806e-03,3.469973e+01,4.100310e-05,4.136053e-05,2997713.473,4.036294e-03,3.514970e+01,4.111872e-05,2.202720e-05,3003582.211,6.250000e-05,10.30,28638.08
4748,4.058964e-03,3.472018e+01,4.120558e-05,3.497817e-05,2997467.463,4.131461e-03,3.498180e+01,4.917301e-05,2.831019e-05,3009772.172,6.250000e-05,10.28,28648.36
4749,4.102868e-03,3.471717e+01,3.979917e-05,4.663186e-05,2997817.941,4.076117e-03,3.496336e+01,4.144091e-05,3.307451e-05,3009187.773,6.250000e-05,10.28,28658.64
4750,4.115003e-03,3.471821e+01,4.150519e-05,4.562606e-05,2997494.359,4.941790e-03,3.556145e+01,8.874444e-05,9.964010e-05,3021611.008,6.250000e-05,10.27,28668.91
4751,4.099633e-03,3.474947e+01,4.338523e-05,3.816683e-05,2997562.123,3.953876e-03,3.455369e+01,3.631663e-05,2.706823e-05,2998008.562,6.250000e-05,10.14,28679.05
4752,4.062651e-03,3.473157e+01,3.944386e-05,3.901116e-05,2997371.016,4.051057e-03,3.519394e+01,3.593598e-05,3.446053e-05,3009905.492,6.250000e-05,10.12,28689.17
4753,4.063832e-03,3.475989e+01,4.010544e-05,3.735776e-05,2997823.076,4.854923e-03,3.412648e+01,9.290535e-05,1.026444e-04,2979848.336,6.250000e-05,10.19,28699.37
4754,4.085488e-03,3.469235e+01,4.295684e-05,3.733692e-05,2997688.217,4.298290e-03,3.458911e+01,6.569990e-05,3.647582e-05,2993156.578,6.250000e-05,10.47,28709.84
4755,4.142942e-03,3.475981e+01,4.370791e-05,4.597639e-05,2997901.932,4.525621e-03,3.457024e+01,7.340248e-05,6.691446e-05,2992442.305,6.250000e-05,10.39,28720.24
4756,4.131969e-03,3.468852e+01,4.185543e-05,4.891252e-05,2997358.744,4.077514e-03,3.460950e+01,4.735500e-05,2.860290e-05,2993958.383,6.250000e-05,10.35,28730.59
4757,4.144483e-03,3.471255e+01,4.443906e-05,4.576754e-05,2997578.352,4.476603e-03,3.458656e+01,8.526174e-05,3.306595e-05,2990312.586,6.250000e-05,10.21,28740.80
4758,4.082812e-03,3.471347e+01,3.982292e-05,4.264720e-05,2997359.014,4.372327e-03,3.468460e+01,7.259021e-05,3.559296e-05,2995027.938,6.250000e-05,10.26,28751.06
4759,4.051354e-03,3.472777e+01,4.060109e-05,3.451327e-05,2997471.252,4.053410e-03,3.508090e+01,3.961802e-05,2.982799e-05,3008281.188,6.250000e-05,10.59,28761.65
4760,4.078598e-03,3.474162e+01,3.955733e-05,4.177266e-05,2997508.229,4.610501e-03,3.524764e+01,5.147367e-05,1.142000e-04,3024563.117,6.250000e-05,10.44,28772.08
4761,4.124683e-03,3.470837e+01,4.301228e-05,4.474467e-05,2997879.352,4.221871e-03,3.446086e+01,5.702512e-05,4.110683e-05,2989842.242,6.250000e-05,10.36,28782.44
4762,4.155757e-03,3.470944e+01,4.350013e-05,4.996243e-05,2997583.078,4.615738e-03,3.536421e+01,6.866435e-05,7.853474e-05,3021522.719,6.250000e-05,10.31,28792.76
4763,4.123396e-03,3.472054e+01,4.198287e-05,4.630272e-05,2997864.354,4.198472e-03,3.486303e+01,5.252755e-05,3.737857e-05,2997757.570,6.250000e-05,10.59,28803.35
4764,4.145999e-03,3.474089e+01,4.376802e-05,4.684595e-05,2997182.906,4.056868e-03,3.479821e+01,4.512236e-05,2.516472e-05,2999911.312,6.250000e-05,10.70,28814.04
4765,4.135901e-03,3.476359e+01,4.289214e-05,4.612400e-05,2997510.074,4.127235e-03,3.514282e+01,3.621471e-05,5.016122e-05,3014566.406,6.250000e-05,10.98,28825.02
4766,4.110719e-03,3.474618e+01,4.024921e-05,4.672192e-05,2997971.057,4.256616e-03,3.443910e+01,4.984662e-05,6.284794e-05,2986699.117,6.250000e-05,10.09,28835.12
4767,4.150763e-03,3.471517e+01,4.324606e-05,4.935712e-05,2997100.605,4.129281e-03,3.482598e+01,4.520493e-05,3.892672e-05,3008531.992,6.250000e-05,10.44,28845.55
4768,3.975187e-03,3.466069e+01,3.455104e-05,3.272149e-05,2997781.576,4.075387e-03,3.525544e+01,2.943102e-05,5.110663e-05,3016362.828,6.250000e-05,10.10,28855.65
4769,4.073248e-03,3.474503e+01,4.040645e-05,3.893608e-05,2997749.318,4.217499e-03,3.508122e+01,5.313764e-05,3.560004e-05,3005588.328,6.250000e-05,10.60,28866.25
4770,4.046301e-03,3.467637e+01,3.755637e-05,4.062007e-05,2997780.508,4.221128e-03,3.432198e+01,4.926048e-05,5.926509e-05,2985857.320,6.250000e-05,10.42,28876.67
4771,4.170125e-03,3.471084e+01,4.471388e-05,5.038063e-05,2997190.799,4.180413e-03,3.514309e+01,5.380066e-05,2.561943e-05,3008342.383,6.250000e-05,10.44,28887.10
4772,4.091995e-03,3.475503e+01,4.036130e-05,4.257583e-05,2997779.211,5.360327e-03,3.389959e+01,8.094951e-05,2.321746e-04,2960272.773,6.250000e-05,10.57,28897.67
4773,4.181858e-03,3.472531e+01,4.635182e-05,4.916185e-05,2997390.939,4.276550e-03,3.450730e+01,4.233805e-05,8.048808e-05,2983187.297,6.250000e-05,10.33,28908.00
4774,4.233244e-03,3.479398e+01,4.691029e-05,5.694874e-05,2997625.186,3.966364e-03,3.471028e+01,3.046927e-05,3.812867e-05,2998527.133,6.250000e-05,10.38,28918.38
4775,4.114095e-03,3.479279e+01,4.242041e-05,4.212231e-05,2997436.643,4.107189e-03,3.487415e+01,3.724934e-05,4.945603e-05,3009941.969,6.250000e-05,10.29,28928.67
4776,4.084210e-03,3.472405e+01,4.044125e-05,4.147851e-05,2997577.387,4.324968e-03,3.446947e+01,4.917851e-05,7.724727e-05,2980256.188,6.250000e-05,10.32,28938.99
4777,4.120300e-03,3.473193e+01,4.115222e-05,4.711696e-05,2997308.445,5.009171e-03,3.583289e+01,5.651906e-05,1.721383e-04,3033965.547,6.250000e-05,10.23,28949.22
4778,4.197077e-03,3.473679e+01,4.708750e-05,5.050457e-05,2997780.852,3.999168e-03,3.469845e+01,3.527837e-05,3.530798e-05,2997450.648,6.250000e-05,10.16,28959.38
4779,4.024892e-03,3.469476e+01,3.698235e-05,3.711851e-05,2997665.414,3.997089e-03,3.453829e+01,3.712272e-05,3.440658e-05,2992308.719,6.250000e-05,10.22,28969.60
4780,4.127739e-03,3.467153e+01,4.328129e-05,4.555467e-05,2997344.398,4.009736e-03,3.468087e+01,3.816606e-05,3.199782e-05,2999356.281,6.250000e-05,10.28,28979.88
4781,4.113985e-03,3.473380e+01,3.940045e-05,4.931996e-05,2997454.061,4.835479e-03,3.544715e+01,4.271910e-05,1.727146e-04,3035301.750,6.250000e-05,9.95,28989.83
4782,4.075045e-03,3.469789e+01,3.947698e-05,4.209720e-05,2997994.871,3.968344e-03,3.477122e+01,3.538214e-05,2.748014e-05,2994387.164,6.250000e-05,10.26,29000.08
4783,4.120650e-03,3.472052e+01,4.047045e-05,4.877875e-05,2997639.936,4.077957e-03,3.464819e+01,4.460484e-05,3.341807e-05,2995626.695,6.250000e-05,10.29,29010.38
4784,4.065534e-03,3.471411e+01,3.796864e-05,4.288729e-05,2997403.635,4.626010e-03,3.468393e+01,8.344681e-05,6.462990e-05,2996743.023,6.250000e-05,10.20,29020.58
4785,4.150704e-03,3.471231e+01,4.515967e-05,4.557539e-05,2997537.434,4.608093e-03,3.525012e+01,6.167851e-05,9.325927e-05,3023688.844,6.250000e-05,10.24,29030.82
4786,4.146649e-03,3.472374e+01,4.416579e-05,4.652352e-05,2997656.230,4.223364e-03,3.512923e+01,4.581027e-05,5.046753e-05,3004590.688,6.250000e-05,10.02,29040.84
4787,4.077589e-03,3.473508e+01,4.004400e-05,4.072833e-05,2997558.561,4.215500e-03,3.453117e+01,4.902178e-05,5.443313e-05,2992563.125,6.250000e-05,10.07,29050.91
4788,4.118019e-03,3.476147e+01,4.143311e-05,4.550801e-05,2997741.434,4.942691e-03,3.393560e+01,6.862951e-05,1.725671e-04,2968250.203,6.250000e-05,9.92,29060.83
4789,4.126846e-03,3.472696e+01,3.896546e-05,5.289904e-05,2997642.789,4.038589e-03,3.501053e+01,3.875312e-05,3.000094e-05,3000273.789,6.250000e-05,10.14,29070.98
4790,4.176612e-03,3.476371e+01,4.485112e-05,5.034589e-05,2997465.533,4.194352e-03,3.502207e+01,5.130402e-05,3.582091e-05,3007065.594,6.250000e-05,10.09,29081.06
4791,4.038711e-03,3.470890e+01,3.744398e-05,3.867621e-05,2997959.570,4.196901e-03,3.454911e+01,4.763134e-05,5.313534e-05,2991243.234,6.250000e-05,10.06,29091.12
4792,4.078007e-03,3.471149e+01,4.031113e-05,4.074942e-05,2997375.420,4.581454e-03,3.518481e+01,6.685322e-05,7.888825e-05,3018820.555,6.250000e-05,10.18,29101.30
4793,4.072484e-03,3.470019e+01,4.117263e-05,3.814776e-05,2997771.561,3.967393e-03,3.462666e+01,3.596288e-05,2.901959e-05,2996680.617,6.250000e-05,10.48,29111.78
4794,4.076755e-03,3.468079e+01,4.230609e-05,3.712300e-05,2997594.656,4.057193e-03,3.475940e+01,4.150900e-05,3.323260e-05,2999456.117,6.250000e-05,10.28,29122.06
4795,4.069149e-03,3.470551e+01,3.842564e-05,4.286835e-05,2997488.180,4.078519e-03,3.494599e+01,3.708706e-05,4.260987e-05,3010642.125,6.250000e-05,10.29,29132.35
4796,4.167704e-03,3.473519e+01,4.133298e-05,5.617107e-05,2997350.584,4.723686e-03,3.439358e+01,6.894687e-05,1.189719e-04,2986748.766,6.250000e-05,10.44,29142.80
4797,4.154070e-03,3.473666e+01,4.583521e-05,4.441051e-05,2997931.666,4.215170e-03,3.453531e+01,5.861480e-05,3.509819e-05,2987786.047,6.250000e-05,10.24,29153.03
4798,4.079187e-03,3.465088e+01,4.163626e-05,3.954730e-05,2997222.184,4.838885e-03,3.440203e+01,1.093757e-04,6.098489e-05,2989479.539,6.250000e-05,10.16,29163.19
4799,4.020664e-03,3.468202e+01,4.052491e-05,2.944271e-05,2998072.223,4.166901e-03,3.452318e+01,5.166771e-05,3.958137e-05,2997030.297,6.250000e-05,10.20,29173.39
4800,4.210692e-03,3.468900e+01,4.356856e-05,6.122126e-05,2997455.924,3.956302e-03,3.469855e+01,3.174846e-05,3.379239e-05,2991087.055,6.250000e-05,10.24,29183.63
4801,4.056711e-03,3.471025e+01,3.900875e-05,3.911963e-05,2997571.680,4.089480e-03,3.468833e+01,2.942003e-05,6.528929e-05,3006198.453,6.250000e-05,10.17,29193.81
4802,4.127027e-03,3.468598e+01,4.185557e-05,4.797472e-05,2997669.412,4.319965e-03,3.527229e+01,3.788053e-05,8.278621e-05,3023578.102,6.250000e-05,10.35,29204.16
4803,4.053475e-03,3.471165e+01,3.605259e-05,4.435685e-05,2997515.766,4.348874e-03,3.523763e+01,5.556171e-05,5.389866e-05,3017215.086,6.250000e-05,10.25,29214.41
4804,4.129481e-03,3.470151e+01,3.898115e-05,5.390368e-05,2997560.002,4.022703e-03,3.485130e+01,3.834645e-05,3.082185e-05,3004791.250,6.250000e-05,10.31,29224.72
4805,4.081967e-03,3.479113e+01,4.071589e-05,3.913914e-05,2997321.936,4.468922e-03,3.554477e+01,3.791378e-05,1.070615e-04,3025266.297,6.250000e-05,10.25,29234.97
4806,4.130742e-03,3.482872e+01,3.946627e-05,5.064151e-05,2997897.223,3.998726e-03,3.485292e+01,3.906966e-05,2.454765e-05,2997306.156,6.250000e-05,10.67,29245.64
4807,4.189645e-03,3.476965e+01,4.450578e-05,5.352454e-05,2997319.273,3.967003e-03,3.495080e+01,3.319974e-05,2.798511e-05,3004571.484,6.250000e-05,10.27,29255.90
4808,4.100478e-03,3.473561e+01,4.068013e-05,4.402323e-05,2997893.395,4.516216e-03,3.417669e+01,4.749709e-05,1.247152e-04,2971243.047,6.250000e-05,10.19,29266.09
4809,4.093467e-03,3.470846e+01,4.048823e-05,4.354792e-05,2997288.096,3.968411e-03,3.469630e+01,3.478664e-05,3.018309e-05,2999057.039,6.250000e-05,10.48,29276.57
4810,4.218271e-03,3.476315e+01,4.665875e-05,5.507389e-05,2997808.613,3.906750e-03,3.461062e+01,3.310348e-05,2.293068e-05,2996061.445,6.250000e-05,10.37,29286.94
4811,4.106610e-03,3.473445e+01,3.998964e-05,4.665382e-05,2997637.033,4.487948e-03,3.528764e+01,5.637174e-05,7.909333e-05,3020114.352,6.250000e-05,10.29,29297.24
4812,4.213306e-03,3.470861e+01,4.861409e-05,5.126081e-05,2997576.852,4.332304e-03,3.441625e+01,5.530248e-05,6.753083e-05,2980796.609,6.250000e-05,10.34,29307.57
4813,4.214960e-03,3.475150e+01,4.634728e-05,5.526737e-05,2996900.547,5.041301e-03,3.550105e+01,6.186614e-05,1.745070e-04,3030991.688,6.250000e-05,10.51,29318.08
4814,4.118544e-03,3.479271e+01,4.050609e-05,4.684253e-05,2997949.496,4.025795e-03,3.453939e+01,3.543119e-05,4.350886e-05,2990709.938,6.250000e-05,10.68,29328.76
4815,4.105716e-03,3.473550e+01,4.333459e-05,3.976401e-05,2997570.836,4.430560e-03,3.416965e+01,4.970745e-05,1.033042e-04,2976868.328,6.250000e-05,10.37,29339.13
4816,4.159306e-03,3.473972e+01,4.317744e-05,5.071202e-05,2997560.793,4.069481e-03,3.490171e+01,3.369193e-05,4.847804e-05,3008654.766,6.250000e-05,10.35,29349.48
4817,4.158168e-03,3.476088e+01,4.341050e-05,4.959497e-05,2997505.338,4.089792e-03,3.482001e+01,3.762998e-05,4.629834e-05,2997913.219,6.250000e-05,10.30,29359.79
4818,4.018740e-03,3.476678e+01,3.572641e-05,3.695963e-05,2997372.057,5.568399e-03,3.550808e+01,9.013565e-05,2.232470e-04,3036038.469,6.250000e-05,10.38,29370.17
4819,4.086636e-03,3.469970e+01,4.215934e-05,3.901453e-05,2997648.443,4.100725e-03,3.515472e+01,3.549000e-05,4.607069e-05,3016119.742,6.250000e-05,10.39,29380.56
4820,4.057510e-03,3.473073e+01,3.738374e-05,4.211978e-05,2997699.152,4.260634e-03,3.452189e+01,4.843775e-05,6.481353e-05,2994083.141,6.250000e-05,10.35,29390.91
4821,4.157849e-03,3.467842e+01,4.208910e-05,5.382334e-05,2997713.926,4.088508e-03,3.461513e+01,3.608612e-05,5.322689e-05,2995803.430,6.250000e-05,10.42,29401.33
4822,4.233315e-03,3.468963e+01,4.910440e-05,5.466158e-05,2997036.207,4.465285e-03,3.557411e+01,4.650719e-05,8.856051e-05,3021705.539,6.250000e-05,10.65,29411.99
4823,4.075938e-03,3.473775e+01,3.960139e-05,4.122969e-05,2997794.785,4.449676e-03,3.521593e+01,4.509660e-05,9.542355e-05,3018077.555,6.250000e-05,10.35,29422.34
4824,4.149992e-03,3.475576e+01,4.145175e-05,5.197958e-05,2997762.529,4.109486e-03,3.449620e+01,3.235151e-05,6.727025e-05,2984949.172,6.250000e-05,10.46,29432.80
4825,4.077271e-03,3.472724e+01,3.851534e-05,4.387867e-05,2997628.236,4.279657e-03,3.504653e+01,6.085627e-05,3.328829e-05,3005913.039,6.250000e-05,10.59,29443.39
4826,4.198545e-03,3.477750e+01,4.735591e-05,4.944722e-05,2997735.164,3.981692e-03,3.440211e+01,2.818893e-05,5.191844e-05,2987985.531,6.250000e-05,10.61,29454.00
4827,4.043898e-03,3.468006e+01,3.496067e-05,4.525701e-05,2997329.207,4.147867e-03,3.497343e+01,4.666645e-05,3.677192e-05,3007548.406,6.250000e-05,10.71,29464.71
4828,4.163735e-03,3.474856e+01,4.366313e-05,5.044964e-05,2997778.156,3.933020e-03,3.489321e+01,3.191827e-05,2.490323e-05,3004580.852,6.250000e-05,10.40,29475.11
4829,4.047314e-03,3.469649e+01,3.720873e-05,4.111569e-05,2997496.771,4.031405e-03,3.496085e+01,3.675477e-05,3.355439e-05,3004136.469,6.250000e-05,10.62,29485.73
4830,4.134987e-03,3.472569e+01,4.308907e-05,4.630543e-05,2997165.281,4.270097e-03,3.531903e+01,4.061824e-05,6.640235e-05,3016637.000,6.250000e-05,10.75,29496.48
4831,4.227514e-03,3.474184e+01,4.977595e-05,5.111420e-05,2997847.039,4.062681e-03,3.448983e+01,3.611367e-05,5.051243e-05,2984348.094,6.250000e-05,10.84,29507.33
4832,4.110301e-03,3.466873e+01,4.203633e-05,4.461302e-05,2997534.453,4.297288e-03,3.485241e+01,5.214593e-05,5.811748e-05,3008142.492,6.250000e-05,10.41,29517.74
4833,4.132326e-03,3.473889e+01,4.416108e-05,4.336529e-05,2997619.721,4.274883e-03,3.513470e+01,5.260443e-05,4.707365e-05,3013909.297,6.250000e-05,10.39,29528.12
4834,4.080626e-03,3.466055e+01,3.840613e-05,4.610198e-05,2997815.428,4.514970e-03,3.454550e+01,7.943254e-05,5.321879e-05,2985434.062,6.250000e-05,10.39,29538.52
4835,4.176108e-03,3.472340e+01,4.292982e-05,5.489403e-05,2997433.029,4.335354e-03,3.468019e+01,4.834135e-05,7.678439e-05,2980766.438,6.250000e-05,10.19,29548.70
4836,4.073843e-03,3.470447e+01,3.964749e-05,4.138416e-05,2997459.434,3.991697e-03,3.470634e+01,4.049195e-05,2.322873e-05,2992481.422,6.250000e-05,10.23,29558.93
4837,4.095897e-03,3.468143e+01,4.430601e-05,3.693896e-05,2997284.631,4.056621e-03,3.448895e+01,4.411088e-05,3.332361e-05,2991368.312,6.250000e-05,10.44,29569.37
4838,4.162853e-03,3.474319e+01,4.630599e-05,4.509487e-05,2997799.076,4.289319e-03,3.433873e+01,3.921898e-05,9.265125e-05,2977289.914,6.250000e-05,10.32,29579.69
4839,4.115618e-03,3.475504e+01,4.003516e-05,4.795249e-05,2997219.955,4.457473e-03,3.501605e+01,7.311189e-05,4.494977e-05,2999320.578,6.250000e-05,10.55,29590.24
4840,4.032221e-03,3.471443e+01,3.799398e-05,3.616769e-05,2997737.127,4.176356e-03,3.464993e+01,5.564981e-05,3.097293e-05,2995633.445,6.250000e-05,10.19,29600.43
4841,4.116333e-03,3.466448e+01,4.208237e-05,4.581217e-05,2997271.242,4.455733e-03,3.527262e+01,4.695445e-05,9.178538e-05,3023135.625,6.250000e-05,10.09,29610.52
4842,4.141882e-03,3.475890e+01,4.470170e-05,4.379521e-05,2997779.211,4.715004e-03,3.406630e+01,7.572384e-05,1.102273e-04,2976228.852,6.250000e-05,10.13,29620.65
4843,4.064674e-03,3.472004e+01,4.027253e-05,3.798892e-05,2997627.676,4.346401e-03,3.423954e+01,5.566222e-05,7.316489e-05,2990227.328,6.250000e-05,9.97,29630.62
4844,4.206598e-03,3.468936e+01,4.537953e-05,5.677334e-05,2997362.092,3.927898e-03,3.476306e+01,3.545516e-05,1.940826e-05,3001635.586,6.250000e-05,10.26,29640.88
4845,4.057944e-03,3.474864e+01,3.802494e-05,4.056615e-05,2997906.643,4.216713e-03,3.512020e+01,4.439680e-05,5.214487e-05,3012358.672,6.250000e-05,10.27,29651.15
4846,4.088284e-03,3.468713e+01,4.195339e-05,4.000748e-05,2997268.660,4.224291e-03,3.519051e+01,3.759701e-05,6.585401e-05,3016220.430,6.250000e-05,10.05,29661.19
4847,4.145141e-03,3.472008e+01,4.513024e-05,4.436625e-05,2997953.344,4.095405e-03,3.482602e+01,5.145769e-05,1.964513e-05,3002000.797,6.250000e-05,10.22,29671.41
4848,4.117044e-03,3.467285e+01,4.097136e-05,4.800907e-05,2997090.797,4.303453e-03,3.532167e+01,4.681650e-05,6.062407e-05,3011504.977,6.250000e-05,10.32,29681.74
4849,4.115373e-03,3.470753e+01,4.043149e-05,4.806098e-05,2997886.232,4.821313e-03,3.386403e+01,6.913476e-05,1.487125e-04,2968401.945,6.250000e-05,10.18,29691.91
4850,4.168211e-03,3.469960e+01,4.351365e-05,5.262288e-05,2997227.771,4.795184e-03,3.574690e+01,5.135857e-05,1.413817e-04,3029895.938,6.250000e-05,10.46,29702.38
4851,4.153235e-03,3.475589e+01,4.138746e-05,5.275429e-05,2997656.090,3.969637e-03,3.464441e+01,2.904252e-05,4.295410e-05,2994395.289,6.250000e-05,10.40,29712.78
4852,4.027353e-03,3.471490e+01,3.789296e-05,3.538670e-05,2997481.496,4.031526e-03,3.497145e+01,3.770764e-05,3.146092e-05,3002912.156,6.250000e-05,10.49,29723.27
4853,4.037052e-03,3.468495e+01,3.707299e-05,3.956542e-05,2997841.275,4.301515e-03,3.471002e+01,6.609751e-05,3.390754e-05,3002738.297,6.250000e-05,10.12,29733.39
4854,4.129111e-03,3.471933e+01,4.018785e-05,5.106001e-05,2997361.582,4.095174e-03,3.475672e+01,4.220312e-05,3.949420e-05,2994278.047,6.250000e-05,10.27,29743.66
4855,4.114574e-03,3.467037e+01,4.314268e-05,4.322203e-05,2997532.270,4.339257e-03,3.425570e+01,6.511236e-05,5.251272e-05,2986657.812,6.250000e-05,10.13,29753.80
4856,4.145837e-03,3.466711e+01,4.725579e-05,4.131378e-05,2997768.777,4.151640e-03,3.510914e+01,3.113990e-05,6.586553e-05,3013907.703,6.250000e-05,10.23,29764.02
4857,4.222516e-03,3.472772e+01,4.556060e-05,5.882749e-05,2997800.717,4.385651e-03,3.495186e+01,5.090493e-05,7.628309e-05,2989385.195,6.250000e-05,10.38,29774.40
4858,4.145516e-03,3.473625e+01,4.282116e-05,4.873576e-05,2997038.760,4.021289e-03,3.471291e+01,3.753198e-05,3.493564e-05,3002429.469,6.250000e-05,9.95,29784.35
4859,4.200916e-03,3.472998e+01,4.720308e-05,5.117729e-05,2997533.207,4.256749e-03,3.500338e+01,5.364731e-05,4.398760e-05,3010018.938,6.250000e-05,10.10,29794.45
4860,4.133068e-03,3.469215e+01,4.250141e-05,4.776784e-05,2997697.742,4.137554e-03,3.467967e+01,4.601754e-05,4.188250e-05,2994313.023,6.250000e-05,10.32,29804.77
4861,4.156969e-03,3.473177e+01,4.587631e-05,4.500576e-05,2997421.004,4.251744e-03,3.458274e+01,5.583074e-05,4.703239e-05,2988308.359,6.250000e-05,10.13,29814.90
4862,4.150761e-03,3.467007e+01,4.651469e-05,4.372150e-05,2997150.076,4.749834e-03,3.506902e+01,8.084741e-05,8.689161e-05,3010246.367,6.250000e-05,10.10,29824.99
4863,4.150028e-03,3.474007e+01,4.123330e-05,5.273776e-05,2998083.607,4.268053e-03,3.480070e+01,3.968124e-05,7.823409e-05,3004621.156,6.250000e-05,10.45,29835.45
4864,4.090814e-03,3.469013e+01,4.083035e-05,4.269948e-05,2997754.906,4.509944e-03,3.442205e+01,4.988907e-05,1.137697e-04,2976758.430,6.250000e-05,10.40,29845.84
4865,4.103346e-03,3.471309e+01,4.364680e-05,3.911379e-05,2996743.633,5.950475e-03,3.610058e+01,6.890544e-05,3.302724e-04,3049860.586,6.250000e-05,10.68,29856.52
4866,4.088194e-03,3.473284e+01,3.784134e-05,4.729920e-05,2998269.137,4.047011e-03,3.464698e+01,3.494318e-05,4.657610e-05,2994740.398,6.250000e-05,10.33,29866.86
4867,4.215210e-03,3.468393e+01,4.726125e-05,5.484090e-05,2997394.613,4.160459e-03,3.492406e+01,3.458878e-05,6.443301e-05,3015043.664,6.250000e-05,10.65,29877.51
4868,4.103569e-03,3.466771e+01,4.087607e-05,4.560750e-05,2997707.701,4.228535e-03,3.456319e+01,5.342119e-05,4.760089e-05,2987084.180,6.250000e-05,10.69,29888.19
4869,4.051907e-03,3.472150e+01,4.088585e-05,3.417977e-05,2997468.141,4.118594e-03,3.426741e+01,3.803933e-05,6.229194e-05,2984042.875,6.250000e-05,10.94,29899.13
4870,4.170555e-03,3.474452e+01,4.497692e-05,4.926687e-05,2997531.168,4.344552e-03,3.488410e+01,5.762394e-05,5.598048e-05,3000608.859,6.250000e-05,10.46,29909.59
4871,4.059879e-03,3.470708e+01,3.964365e-05,3.854703e-05,2997331.963,4.393893e-03,3.499537e+01,4.763367e-05,8.360392e-05,3019157.492,6.250000e-05,10.57,29920.16
4872,4.093418e-03,3.471213e+01,4.183065e-05,4.077960e-05,2997697.023,4.063452e-03,3.484664e+01,4.599204e-05,2.377361e-05,3003837.000,6.250000e-05,10.43,29930.60
4873,4.079364e-03,3.464224e+01,4.141739e-05,4.019323e-05,2997785.377,4.161438e-03,3.508739e+01,3.971836e-05,5.110309e-05,3008890.570,6.250000e-05,10.54,29941.13
4874,4.091246e-03,3.471103e+01,4.112463e-05,4.177936e-05,2997560.404,4.127638e-03,3.444039e+01,5.119503e-05,3.432972e-05,2996150.719,6.250000e-05,10.14,29951.28
4875,4.149600e-03,3.467908e+01,3.900850e-05,5.832154e-05,2997379.234,4.140386e-03,3.450424e+01,3.758876e-05,6.281503e-05,2997292.305,6.250000e-05,10.34,29961.62
4876,4.057252e-03,3.469083e+01,3.923060e-05,3.917261e-05,2997858.062,4.235959e-03,3.525793e+01,4.300706e-05,5.601922e-05,3016499.758,6.250000e-05,10.34,29971.97
4877,4.046366e-03,3.472316e+01,3.964299e-05,3.552405e-05,2997401.504,4.090827e-03,3.477948e+01,4.942523e-05,2.372537e-05,3001316.562,6.250000e-05,10.21,29982.18
4878,4.063403e-03,3.467142e+01,3.938824e-05,4.047570e-05,2997518.547,4.332267e-03,3.499865e+01,6.218316e-05,4.211414e-05,3008316.898,6.250000e-05,10.05,29992.23
4879,4.140344e-03,3.473111e+01,4.535590e-05,4.273480e-05,2997591.307,5.219820e-03,3.567657e+01,9.653999e-05,1.373525e-04,3029677.141,6.250000e-05,10.33,30002.56
4880,4.179645e-03,3.470654e+01,4.444589e-05,5.290647e-05,2997781.479,4.133286e-03,3.474577e+01,4.602362e-05,3.969465e-05,3009054.781,6.250000e-05,10.27,30012.83
4881,4.029910e-03,3.463380e+01,3.822371e-05,3.685856e-05,2997586.932,4.419104e-03,3.512102e+01,7.073490e-05,3.993073e-05,3011313.570,6.250000e-05,10.24,30023.07
4882,4.030507e-03,3.465756e+01,3.707979e-05,3.879061e-05,2997679.918,4.086219e-03,3.472306e+01,3.957867e-05,4.362525e-05,3000234.477,6.250000e-05,10.12,30033.20
4883,4.130774e-03,3.466355e+01,4.403752e-05,4.480878e-05,2997537.914,3.963135e-03,3.462892e+01,3.931687e-05,2.141488e-05,2993939.258,6.250000e-05,10.03,30043.23
4884,4.064838e-03,3.470477e+01,3.918150e-05,4.050916e-05,2997725.346,3.944685e-03,3.464606e+01,2.789440e-05,4.022688e-05,3003037.055,6.250000e-05,10.07,30053.30
4885,4.018717e-03,3.465696e+01,3.598139e-05,3.864149e-05,2997588.688,4.008010e-03,3.447387e+01,3.629876e-05,3.952713e-05,2991432.008,6.250000e-05,10.36,30063.66
4886,4.124162e-03,3.468861e+01,4.321520e-05,4.462990e-05,2997553.193,4.108077e-03,3.461189e+01,4.655205e-05,3.627365e-05,2990980.500,6.250000e-05,10.22,30073.88
4887,4.043922e-03,3.467531e+01,4.041305e-05,3.445216e-05,2997832.611,4.154380e-03,3.447651e+01,4.971027e-05,4.192536e-05,2986762.453,6.250000e-05,10.13,30084.01
4888,4.014367e-03,3.464870e+01,3.829114e-05,3.331706e-05,2997398.820,4.035773e-03,3.489753e+01,4.208692e-05,2.503018e-05,3004197.906,6.250000e-05,10.48,30094.49
4889,4.061146e-03,3.463563e+01,3.959207e-05,4.033237e-05,2997604.139,4.182732e-03,3.453157e+01,5.814536e-05,2.962438e-05,2989691.367,6.250000e-05,10.55,30105.05
4890,4.149632e-03,3.474995e+01,4.172767e-05,5.147209e-05,2997609.779,4.719384e-03,3.402047e+01,5.216995e-05,1.591276e-04,2971084.625,6.250000e-05,10.39,30115.44
4891,4.096770e-03,3.460566e+01,4.134363e-05,4.455355e-05,2997096.898,4.290113e-03,3.476268e+01,7.264931e-05,1.747027e-05,3000022.281,6.250000e-05,10.12,30125.56
4892,4.073071e-03,3.464337e+01,4.048190e-05,4.078308e-05,2997665.324,4.126554e-03,3.484604e+01,4.429559e-05,3.979888e-05,3002248.672,6.250000e-05,10.48,30136.03
4893,4.075009e-03,3.470292e+01,4.054578e-05,3.985184e-05,2997659.125,4.029402e-03,3.458736e+01,3.837537e-05,3.738256e-05,2993298.523,6.250000e-05,10.32,30146.35
4894,4.098629e-03,3.466713e+01,3.911863e-05,4.814596e-05,2997553.625,4.086281e-03,3.479587e+01,4.508305e-05,3.117280e-05,2997529.711,6.250000e-05,10.18,30156.53
4895,3.988259e-03,3.466136e+01,3.504348e-05,3.433765e-05,2997529.377,3.957481e-03,3.463764e+01,2.997851e-05,3.878634e-05,2999407.875,6.250000e-05,10.59,30167.12
4896,4.062811e-03,3.466004e+01,3.963870e-05,4.008404e-05,2997830.314,4.170415e-03,3.419941e+01,3.956961e-05,7.095549e-05,2980097.125,6.250000e-05,10.50,30177.62
4897,4.099814e-03,3.469821e+01,4.399837e-05,3.800204e-05,2997495.936,4.054857e-03,3.429596e+01,3.915614e-05,4.673993e-05,2985574.102,6.250000e-05,10.08,30187.70
4898,4.108016e-03,3.467796e+01,4.466248e-05,3.871908e-05,2997357.996,4.039566e-03,3.488195e+01,3.927875e-05,3.171678e-05,3007846.719,6.250000e-05,10.57,30198.27
4899,4.139563e-03,3.472550e+01,4.130334e-05,5.079595e-05,2997780.773,3.987474e-03,3.480270e+01,3.914271e-05,2.315548e-05,3002455.094,6.250000e-05,10.42,30208.69
4900,4.147986e-03,3.468168e+01,4.435238e-05,4.725882e-05,2997259.186,4.606069e-03,3.478269e+01,6.579664e-05,9.396664e-05,3015202.867,6.250000e-05,10.43,30219.12
4901,4.157498e-03,3.462400e+01,4.480650e-05,4.940653e-05,2997698.238,4.250797e-03,3.499938e+01,4.840188e-05,5.336792e-05,3010853.219,6.250000e-05,10.66,30229.78
4902,4.069731e-03,3.466558e+01,4.309132e-05,3.445200e-05,2997658.314,3.932617e-03,3.448918e+01,3.217888e-05,3.238197e-05,2995604.898,6.250000e-05,10.72,30240.50
4903,4.141475e-03,3.465597e+01,4.540795e-05,4.435963e-05,2997477.723,3.937453e-03,3.478219e+01,3.278370e-05,2.627939e-05,3005649.336,6.250000e-05,10.55,30251.06
4904,4.137139e-03,3.463742e+01,4.385252e-05,4.697431e-05,2997869.582,4.433153e-03,3.415961e+01,5.884095e-05,8.575661e-05,2978445.680,6.250000e-05,10.61,30261.67
4905,4.029049e-03,3.464888e+01,3.631378e-05,4.020447e-05,2997759.898,4.135711e-03,3.484708e+01,4.593864e-05,3.832318e-05,2993958.172,6.250000e-05,10.40,30272.07
4906,4.057149e-03,3.460079e+01,4.059137e-05,3.823124e-05,2997181.172,4.012483e-03,3.484255e+01,3.681281e-05,3.202003e-05,3001925.344,6.250000e-05,10.61,30282.68
4907,4.105572e-03,3.463306e+01,4.177353e-05,4.490618e-05,2997404.273,3.961961e-03,3.469020e+01,3.562739e-05,2.733355e-05,3001190.328,6.250000e-05,10.72,30293.39
4908,4.070717e-03,3.465100e+01,3.757245e-05,4.597847e-05,2997678.412,4.072316e-03,3.503374e+01,4.543280e-05,2.292282e-05,3008003.320,6.250000e-05,10.67,30304.07
4909,4.041307e-03,3.466945e+01,3.798550e-05,3.890145e-05,2997627.586,4.350750e-03,3.499690e+01,5.003296e-05,7.014598e-05,3007483.797,6.250000e-05,10.43,30314.50
4910,4.038640e-03,3.468735e+01,3.805448e-05,3.787212e-05,2997410.092,3.944576e-03,3.477593e+01,3.538226e-05,2.263207e-05,2999688.805,6.250000e-05,10.61,30325.11
4911,4.152704e-03,3.471241e+01,4.456483e-05,4.716280e-05,2997986.588,4.425399e-03,3.406384e+01,5.441595e-05,9.497095e-05,2975894.141,6.250000e-05,10.30,30335.41
4912,4.141726e-03,3.465214e+01,4.276367e-05,4.977498e-05,2997375.639,4.528178e-03,3.498787e+01,8.555053e-05,3.477713e-05,3009497.328,6.250000e-05,10.24,30345.66
4913,4.108144e-03,3.465249e+01,4.158570e-05,4.540756e-05,2997718.137,4.331388e-03,3.423591e+01,6.343430e-05,5.469077e-05,2984594.250,6.250000e-05,10.25,30355.91
4914,4.066308e-03,3.461377e+01,4.009330e-05,4.079969e-05,2997170.092,4.359565e-03,3.522524e+01,6.290764e-05,4.159281e-05,3011132.797,6.250000e-05,10.29,30366.21
4915,4.154411e-03,3.474339e+01,4.240221e-05,5.121012e-05,2997835.998,4.798743e-03,3.426325e+01,8.230690e-05,1.098699e-04,2976266.328,6.250000e-05,10.21,30376.42
4916,4.087550e-03,3.467914e+01,4.246400e-05,3.899927e-05,2997403.879,4.294994e-03,3.505398e+01,5.608082e-05,4.575745e-05,3014324.570,6.250000e-05,10.54,30386.96
4917,4.062987e-03,3.468439e+01,3.967938e-05,3.955073e-05,2997737.082,3.916814e-03,3.475196e+01,3.263193e-05,2.305984e-05,3001242.562,6.250000e-05,10.43,30397.39
4918,4.089870e-03,3.469166e+01,4.163428e-05,4.087231e-05,2997467.428,4.301727e-03,3.493414e+01,6.526085e-05,3.114091e-05,3006518.812,6.250000e-05,10.36,30407.75
4919,4.021418e-03,3.470621e+01,3.760082e-05,3.495779e-05,2997730.949,4.589417e-03,3.460931e+01,6.890115e-05,8.789504e-05,3004214.203,6.250000e-05,10.42,30418.18
4920,4.052365e-03,3.466565e+01,3.942121e-05,3.831766e-05,2997505.764,4.108974e-03,3.490462e+01,3.828822e-05,4.712609e-05,3008978.930,6.250000e-05,10.39,30428.56
4921,4.131628e-03,3.467142e+01,4.278262e-05,4.733199e-05,2997816.605,4.069962e-03,3.476369e+01,4.500475e-05,2.870911e-05,2999020.086,6.250000e-05,10.56,30439.13
4922,4.071807e-03,3.464448e+01,4.259981e-05,3.627205e-05,2997589.125,4.044225e-03,3.483660e+01,4.026071e-05,3.159165e-05,3006751.102,6.250000e-05,10.29,30449.42
4923,4.071159e-03,3.467567e+01,3.920414e-05,4.231020e-05,2997710.709,4.492484e-03,3.507371e+01,8.090658e-05,3.520951e-05,3009652.250,6.250000e-05,10.15,30459.57
4924,3.997491e-03,3.465872e+01,3.800117e-05,3.032148e-05,2997611.824,3.953252e-03,3.490867e+01,3.390705e-05,2.466285e-05,3007102.156,6.250000e-05,10.41,30469.97
4925,4.044785e-03,3.460875e+01,3.725788e-05,4.226641e-05,2997469.650,5.777204e-03,3.569662e+01,7.387825e-05,2.937521e-04,3043253.406,6.250000e-05,10.36,30480.34
4926,4.122973e-03,3.467599e+01,4.060387e-05,4.986719e-05,2997690.926,3.940878e-03,3.458754e+01,2.903001e-05,3.836479e-05,3003459.641,6.250000e-05,10.60,30490.94
4927,4.059409e-03,3.459654e+01,3.928612e-05,4.137871e-05,2997689.369,4.190798e-03,3.469269e+01,4.642548e-05,5.145479e-05,2992716.109,6.250000e-05,10.30,30501.24
4928,4.090419e-03,3.460094e+01,3.899794e-05,4.806914e-05,2997530.268,4.279355e-03,3.490087e+01,4.932232e-05,5.920896e-05,2996281.227,6.250000e-05,10.45,30511.69
4929,4.010692e-03,3.462592e+01,3.804450e-05,3.353102e-05,2997492.830,3.990236e-03,3.481314e+01,3.091536e-05,3.995372e-05,3006441.320,6.250000e-05,10.53,30522.22
4930,4.054528e-03,3.460029e+01,3.845044e-05,4.199897e-05,2997876.080,4.452590e-03,3.425230e+01,5.062419e-05,1.042237e-04,2977700.289,6.250000e-05,10.77,30532.99
4931,4.174186e-03,3.464340e+01,4.574011e-05,5.048889e-05,2997374.518,4.490175e-03,3.482800e+01,7.419035e-05,5.309428e-05,3006439.453,6.250000e-05,10.89,30543.88
4932,4.303542e-03,3.466634e+01,4.950368e-05,6.837438e-05,2997120.203,4.485307e-03,3.500342e+01,6.447199e-05,6.804899e-05,3013849.195,6.250000e-05,10.40,30554.29
4933,4.020293e-03,3.463086e+01,3.722298e-05,3.699553e-05,2997774.268,4.383109e-03,3.506785e+01,4.443453e-05,8.639561e-05,3021118.539,6.250000e-05,10.49,30564.77
4934,4.098916e-03,3.466595e+01,4.137903e-05,4.370603e-05,2997922.641,4.590796e-03,3.512866e+01,6.510279e-05,8.538046e-05,3012992.023,6.250000e-05,10.78,30575.55
4935,4.249632e-03,3.470533e+01,4.732016e-05,6.117949e-05,2997157.641,4.256922e-03,3.521390e+01,3.427590e-05,7.855458e-05,3018935.961,6.250000e-05,10.60,30586.16
4936,4.077033e-03,3.466927e+01,4.145401e-05,3.911326e-05,2997692.900,4.091942e-03,3.512303e+01,3.366747e-05,4.859270e-05,3013256.250,6.250000e-05,10.68,30596.84
4937,4.046642e-03,3.463662e+01,4.016653e-05,3.626290e-05,2998009.455,4.277444e-03,3.460647e+01,5.915669e-05,4.504605e-05,2990575.523,6.250000e-05,10.54,30607.38
4938,4.142440e-03,3.467627e+01,4.584319e-05,4.327634e-05,2997213.232,4.101093e-03,3.489002e+01,3.434848e-05,5.372121e-05,3011347.992,6.250000e-05,7.73,30615.10
4939,4.063162e-03,3.466222e+01,3.595544e-05,4.747708e-05,2997421.812,4.205948e-03,3.526349e+01,3.264030e-05,7.063925e-05,3019908.984,6.250000e-05,7.62,30622.73
4940,3.978194e-03,3.466375e+01,3.356118e-05,3.524143e-05,2997588.350,4.217909e-03,3.422698e+01,5.038068e-05,5.828072e-05,2982449.102,6.250000e-05,7.80,30630.53
4941,4.056443e-03,3.464488e+01,4.037064e-05,3.764971e-05,2997978.895,4.134879e-03,3.403840e+01,3.830932e-05,6.958916e-05,2981086.578,6.250000e-05,7.22,30637.75
4942,4.097584e-03,3.459049e+01,4.279752e-05,4.211192e-05,2997482.777,4.020184e-03,3.442323e+01,3.631592e-05,4.294050e-05,2988598.258,6.250000e-05,7.23,30644.97
4943,4.180049e-03,3.465545e+01,4.497674e-05,5.294738e-05,2997335.639,5.316841e-03,3.568081e+01,8.654463e-05,1.766628e-04,3036131.344,6.250000e-05,7.60,30652.58
4944,4.182790e-03,3.466307e+01,4.641648e-05,5.046365e-05,2998032.494,3.997790e-03,3.487544e+01,4.075245e-05,2.054432e-05,3005797.852,6.250000e-05,7.33,30659.91
4945,4.044450e-03,3.464966e+01,3.764116e-05,4.061440e-05,2997386.043,4.246929e-03,3.437604e+01,5.569449e-05,5.047598e-05,2989181.844,6.250000e-05,7.04,30666.95
4946,3.998368e-03,3.465798e+01,3.464383e-05,3.722652e-05,2997686.594,4.053322e-03,3.501209e+01,2.852910e-05,5.336439e-05,3010201.641,6.250000e-05,7.31,30674.26
4947,4.043297e-03,3.466821e+01,3.533989e-05,4.461552e-05,2997568.393,4.182908e-03,3.445508e+01,5.147889e-05,4.452224e-05,2988231.438,6.250000e-05,7.83,30682.10
4948,4.131858e-03,3.468960e+01,4.276630e-05,4.704702e-05,2997473.438,4.103406e-03,3.503586e+01,4.252921e-05,3.490566e-05,3004887.523,6.250000e-05,7.52,30689.62
4949,4.092068e-03,3.462560e+01,3.922192e-05,4.745784e-05,2997692.320,4.017888e-03,3.452059e+01,3.417369e-05,4.481853e-05,2988725.648,6.250000e-05,7.08,30696.70
4950,3.972600e-03,3.463657e+01,3.499987e-05,3.178903e-05,2997651.801,4.073233e-03,3.463712e+01,3.593181e-05,5.004059e-05,3003371.336,6.250000e-05,7.44,30704.14
4951,4.162755e-03,3.466753e+01,4.429972e-05,5.060103e-05,2997879.039,4.416266e-03,3.417451e+01,4.764721e-05,1.044686e-04,2979494.812,6.250000e-05,7.23,30711.37
4952,4.155110e-03,3.469853e+01,4.154214e-05,5.396715e-05,2997264.074,3.981872e-03,3.453679e+01,4.102539e-05,2.358767e-05,2995083.242,6.250000e-05,7.60,30718.97
4953,4.027495e-03,3.463788e+01,4.112662e-05,3.048804e-05,2997531.564,4.680071e-03,3.547637e+01,4.401453e-05,1.384578e-04,3030665.984,6.250000e-05,7.40,30726.37
4954,4.081777e-03,3.464762e+01,3.901013e-05,4.538281e-05,2997535.359,4.050298e-03,3.503927e+01,3.337962e-05,4.251482e-05,3005890.938,6.250000e-05,7.36,30733.73
4955,4.148655e-03,3.469812e+01,4.584476e-05,4.407916e-05,2997885.922,4.300275e-03,3.478348e+01,4.854611e-05,6.729323e-05,2987569.164,6.250000e-05,7.52,30741.25
4956,4.144730e-03,3.467343e+01,4.462316e-05,4.623115e-05,2997804.170,5.430628e-03,3.361790e+01,7.783718e-05,2.580933e-04,2956991.805,6.250000e-05,7.60,30748.85
4957,4.292050e-03,3.467865e+01,4.979891e-05,6.523922e-05,2996999.383,4.005646e-03,3.460843e+01,4.203891e-05,2.488279e-05,2995026.555,6.250000e-05,7.43,30756.29
4958,4.063729e-03,3.469383e+01,4.145790e-05,3.595356e-05,2997545.889,4.413529e-03,3.512059e+01,6.347180e-05,5.335040e-05,3009761.266,6.250000e-05,7.06,30763.35
4959,4.176946e-03,3.466648e+01,4.425365e-05,5.355232e-05,2997578.869,4.698168e-03,3.526326e+01,6.221330e-05,1.099417e-04,3019398.328,6.250000e-05,7.23,30770.58
4960,4.159021e-03,3.468106e+01,4.364434e-05,5.089446e-05,2997810.182,4.029950e-03,3.474349e+01,4.407889e-05,2.296230e-05,2999936.766,6.250000e-05,7.57,30778.15
4961,4.045338e-03,3.464488e+01,4.037335e-05,3.542328e-05,2997363.045,4.163774e-03,3.495605e+01,5.008774e-05,3.345839e-05,3006137.695,6.250000e-05,7.22,30785.37
4962,4.166444e-03,3.471226e+01,4.010483e-05,5.883404e-05,2997811.098,4.023389e-03,3.509127e+01,3.520073e-05,3.245088e-05,3010167.312,6.250000e-05,7.71,30793.08
4963,4.011721e-03,3.462127e+01,3.597767e-05,3.796341e-05,2997635.439,4.301521e-03,3.440896e+01,6.428110e-05,4.356287e-05,2986964.742,6.250000e-05,7.44,30800.52
4964,4.080504e-03,3.465644e+01,3.856018e-05,4.585172e-05,2997486.400,4.264205e-03,3.459700e+01,6.500808e-05,3.088471e-05,2997644.773,6.250000e-05,7.49,30808.01
4965,4.009853e-03,3.461498e+01,3.733428e-05,3.500247e-05,2997599.680,5.784638e-03,3.349824e+01,8.935869e-05,3.082454e-04,2954708.008,6.250000e-05,7.37,30815.37
4966,4.151014e-03,3.463856e+01,4.525463e-05,4.692237e-05,2997371.664,4.173850e-03,3.489006e+01,4.140134e-05,5.416605e-05,3010272.367,6.250000e-05,7.19,30822.57
4967,4.233579e-03,3.466671e+01,4.951427e-05,5.435309e-05,2997992.500,4.147374e-03,3.467351e+01,5.257234e-05,3.085996e-05,3004414.383,6.250000e-05,7.46,30830.03
4968,4.128362e-03,3.464551e+01,4.475058e-05,4.326099e-05,2997075.377,4.511877e-03,3.518007e+01,5.925205e-05,8.026999e-05,3020770.305,6.250000e-05,7.14,30837.17
4969,4.150169e-03,3.471060e+01,4.092722e-05,5.396748e-05,2997843.502,4.257542e-03,3.463831e+01,5.578982e-05,4.716258e-05,2997573.523,6.250000e-05,7.48,30844.64
4970,4.017889e-03,3.462482e+01,3.685020e-05,3.738088e-05,2997678.133,3.991625e-03,3.485814e+01,3.580365e-05,2.955479e-05,3005536.906,6.250000e-05,7.42,30852.06
4971,4.050990e-03,3.462924e+01,3.990288e-05,3.780731e-05,2997606.361,4.265980e-03,3.492897e+01,3.947804e-05,7.566049e-05,3015743.688,6.250000e-05,7.44,30859.50
4972,4.024691e-03,3.461653e+01,3.606952e-05,4.046859e-05,2997680.104,4.057525e-03,3.478160e+01,3.430689e-05,4.725917e-05,3006866.430,6.250000e-05,7.19,30866.69
4973,4.067050e-03,3.465502e+01,4.272653e-05,3.485661e-05,2997586.633,4.332006e-03,3.521471e+01,4.282119e-05,7.646453e-05,3018096.531,6.250000e-05,7.26,30873.95
4974,4.120117e-03,3.461021e+01,4.133231e-05,4.915470e-05,2997328.312,4.447397e-03,3.506369e+01,4.910335e-05,8.999901e-05,3020149.133,6.250000e-05,7.21,30881.15
4975,4.037503e-03,3.464373e+01,3.690847e-05,4.080917e-05,2997786.818,4.311233e-03,3.484690e+01,5.254049e-05,6.022764e-05,3000989.172,6.250000e-05,7.71,30888.86
4976,4.175571e-03,3.466837e+01,4.470772e-05,5.233126e-05,2997527.967,3.905293e-03,3.456256e+01,2.987975e-05,3.004800e-05,3002152.906,6.250000e-05,7.56,30896.42
4977,4.056102e-03,3.462342e+01,3.726174e-05,4.422865e-05,2997726.082,4.217047e-03,3.435701e+01,4.108582e-05,7.409759e-05,2989539.992,6.250000e-05,7.42,30903.84
4978,4.140738e-03,3.467846e+01,4.190210e-05,5.077418e-05,2997538.568,4.211383e-03,3.440524e+01,5.071030e-05,5.275122e-05,2983934.242,6.250000e-05,7.35,30911.19
4979,4.084730e-03,3.464517e+01,4.179657e-05,4.044949e-05,2997682.207,4.935435e-03,3.387039e+01,8.042503e-05,1.488291e-04,2968835.641,6.250000e-05,7.00,30918.19
4980,4.183916e-03,3.465865e+01,4.657193e-05,5.046632e-05,2997354.385,4.062357e-03,3.489519e+01,4.072152e-05,3.312467e-05,2996585.156,6.250000e-05,7.07,30925.26
4981,4.098538e-03,3.467822e+01,3.790048e-05,5.034230e-05,2997276.639,4.098343e-03,3.504550e+01,3.362780e-05,5.150303e-05,3011908.328,6.250000e-05,7.09,30932.35
4982,3.962282e-03,3.462452e+01,3.558195e-05,2.880196e-05,2997762.654,4.265733e-03,3.479774e+01,6.298156e-05,3.122868e-05,2996905.000,6.250000e-05,7.14,30939.49
4983,4.127018e-03,3.462868e+01,4.261614e-05,4.759778e-05,2997586.467,4.204081e-03,3.514631e+01,4.437516e-05,4.913973e-05,3016601.227,6.250000e-05,7.20,30946.69
4984,4.153993e-03,3.460298e+01,4.435079e-05,5.003746e-05,2997675.762,4.522682e-03,3.458034e+01,7.915278e-05,5.462407e-05,2988426.289,6.250000e-05,7.60,30954.29
4985,4.029096e-03,3.464112e+01,3.782998e-05,3.733687e-05,2997510.105,4.333103e-03,3.519144e+01,4.730263e-05,6.818663e-05,3020355.195,6.250000e-05,7.35,30961.65
4986,4.208467e-03,3.459421e+01,4.659205e-05,5.662496e-05,2997497.617,4.131841e-03,3.483003e+01,4.229515e-05,4.517748e-05,3012411.289,6.250000e-05,7.48,30969.12
4987,4.110159e-03,3.463749e+01,4.368163e-05,4.191873e-05,2997725.178,4.009873e-03,3.481781e+01,4.049519e-05,2.462785e-05,3000780.461,6.250000e-05,7.55,30976.67
4988,4.047662e-03,3.459983e+01,3.775458e-05,4.202685e-05,2998134.045,4.049673e-03,3.458756e+01,4.074149e-05,3.670050e-05,2991052.133,6.250000e-05,7.84,30984.51
4989,4.135078e-03,3.465773e+01,4.386971e-05,4.612160e-05,2997297.684,3.933335e-03,3.448237e+01,3.630507e-05,2.440956e-05,2994799.438,6.250000e-05,7.22,30991.73
4990,4.011482e-03,3.461250e+01,3.608694e-05,3.787254e-05,2997651.443,4.120000e-03,3.427447e+01,3.563048e-05,6.724971e-05,2982324.164,6.250000e-05,7.30,30999.03
4991,4.041663e-03,3.464964e+01,4.082813e-05,3.368356e-05,2997589.617,4.062744e-03,3.428928e+01,3.560411e-05,5.555500e-05,2982973.055,6.250000e-05,7.23,31006.26
4992,4.125682e-03,3.463736e+01,4.309930e-05,4.619067e-05,2997457.082,4.080398e-03,3.465389e+01,3.553824e-05,5.192544e-05,2992366.734,6.250000e-05,7.18,31013.44
4993,4.065161e-03,3.463701e+01,3.876334e-05,4.276528e-05,2997755.520,4.611242e-03,3.418358e+01,6.891945e-05,1.007380e-04,2995182.219,6.250000e-05,7.53,31020.97
4994,4.099970e-03,3.461533e+01,4.133823e-05,4.501088e-05,2997676.199,4.984582e-03,3.448169e+01,1.333289e-04,4.062481e-05,2992677.781,6.250000e-05,7.46,31028.43
4995,4.120714e-03,3.461144e+01,4.635814e-05,3.919777e-05,2997486.197,4.445648e-03,3.499269e+01,6.864630e-05,5.198307e-05,3007121.938,6.250000e-05,7.24,31035.67
4996,4.005314e-03,3.461646e+01,3.700171e-05,3.473034e-05,2998049.168,3.954637e-03,3.444541e+01,3.233229e-05,3.735457e-05,2989744.969,6.250000e-05,7.05,31042.72
4997,4.140087e-03,3.462707e+01,4.176128e-05,5.195348e-05,2997011.400,4.425950e-03,3.530061e+01,5.017494e-05,7.882792e-05,3019630.531,6.250000e-05,7.55,31050.27
4998,4.033059e-03,3.461431e+01,3.809813e-05,3.812921e-05,2997847.088,4.099986e-03,3.491606e+01,4.558859e-05,3.049897e-05,3005700.367,6.250000e-05,7.34,31057.61
4999,4.105057e-03,3.462321e+01,4.452322e-05,3.950079e-05,2997700.580,4.192736e-03,3.478008e+01,4.892297e-05,4.509960e-05,3006143.414,6.250000e-05,7.05,31064.66
5000,4.178796e-03,3.464790e+01,4.666390e-05,4.947344e-05,2997573.195,4.403461e-03,3.400421e+01,4.774456e-05,1.051191e-04,2972707.594,6.250000e-05,7.87,31072.53
