epoch,train_loss,train_pde,train_bc,train_current,train_Ip,val_loss,val_pde,val_bc,val_current,val_Ip,lr,epoch_seconds,elapsed_seconds
1,4.968151e+00,3.259350e-04,6.200778e-04,9.923900e-01,11449.245,4.935610e+00,8.849742e-04,3.077184e-04,9.865065e-01,20324.314,1.000000e-05,8.93,8.93
2,4.878413e+00,3.538837e-03,8.588200e-04,9.739649e-01,39400.206,4.819227e+00,7.579131e-03,1.535407e-03,9.607744e-01,59559.844,1.500000e-05,7.46,16.39
3,4.729219e+00,1.881795e-02,3.308778e-03,9.392259e-01,93056.768,4.637933e+00,3.449354e-02,5.097750e-03,9.173903e-01,127204.976,2.000000e-05,7.45,23.85
4,4.500843e+00,7.130719e-02,8.324687e-03,8.835178e-01,181907.740,4.352431e+00,1.280356e-01,1.296793e-02,8.445477e-01,245431.800,2.500000e-05,7.53,31.37
5,4.118660e+00,2.582976e-01,1.852197e-02,7.866828e-01,345539.222,3.831851e+00,4.672107e-01,2.467484e-02,7.170112e-01,469196.337,3.000000e-05,8.60,39.97
6,3.378405e+00,1.033786e+00,3.315485e-02,6.093506e-01,686580.445,2.786200e+00,2.070956e+00,4.120139e-02,4.747957e-01,982590.805,3.500000e-05,8.17,48.14
7,2.223134e+00,4.353719e+00,5.101508e-02,3.425095e-01,1399223.578,1.795586e+00,6.728369e+00,5.383494e-02,2.513128e-01,1728453.160,4.000000e-05,7.38,55.52
8,1.692007e+00,7.505911e+00,4.896912e-02,2.403131e-01,1841124.925,1.548624e+00,9.089231e+00,5.080913e-02,2.079248e-01,2022106.430,4.500000e-05,7.38,62.90
9,1.496226e+00,9.300124e+00,4.175807e-02,2.155431e-01,2076532.732,1.377081e+00,9.093833e+00,3.288703e-02,2.094603e-01,2050916.137,5.000000e-05,7.84,70.75
10,1.359245e+00,9.667020e+00,3.070984e-02,2.102359e-01,2134622.396,1.255894e+00,1.041441e+01,2.860788e-02,1.937548e-01,2199265.875,5.500000e-05,7.41,78.16
11,1.251688e+00,1.042731e+01,2.594238e-02,1.982442e-01,2217474.236,1.153493e+00,1.081856e+01,2.430235e-02,1.818776e-01,2239688.770,6.000000e-05,8.62,86.78
12,1.168131e+00,1.119212e+01,2.358382e-02,1.862347e-01,2289618.806,1.079997e+00,1.218700e+01,2.519585e-02,1.653639e-01,2369978.832,6.500000e-05,7.75,94.53
13,1.104960e+00,1.222813e+01,2.396350e-02,1.728204e-01,2384621.322,1.017746e+00,1.183556e+01,2.274164e-02,1.578292e-01,2326297.488,7.000000e-05,7.97,102.50
14,1.026372e+00,1.233277e+01,2.128937e-02,1.624489e-01,2383013.409,9.448664e-01,1.258780e+01,2.026299e-02,1.481955e-01,2387897.957,7.500000e-05,8.66,111.16
15,9.777994e-01,1.278288e+01,2.006586e-02,1.551725e-01,2407813.608,8.929999e-01,1.356668e+01,2.006264e-02,1.382034e-01,2465507.723,8.000000e-05,8.32,119.48
16,9.121493e-01,1.313505e+01,1.975833e-02,1.426505e-01,2424775.054,8.963674e-01,1.661684e+01,2.586390e-02,1.272133e-01,2705931.496,8.500000e-05,8.08,127.56
17,8.714590e-01,1.532650e+01,2.275043e-02,1.284844e-01,2592621.622,8.661177e-01,1.169768e+01,1.773936e-02,1.375109e-01,2250549.941,9.000000e-05,7.28,134.84
18,8.452692e-01,1.426274e+01,2.009559e-02,1.285774e-01,2482044.820,8.073664e-01,1.555644e+01,2.357400e-02,1.140142e-01,2586135.699,9.500000e-05,7.85,142.69
19,8.034456e-01,1.509923e+01,2.009209e-02,1.202029e-01,2541013.562,7.486027e-01,1.621039e+01,2.160304e-02,1.061903e-01,2613285.324,1.000000e-04,7.99,150.68
20,7.497670e-01,1.614240e+01,1.949139e-02,1.106478e-01,2597989.010,7.028476e-01,1.555326e+01,1.851291e-02,1.032326e-01,2544603.910,1.050000e-04,8.58,159.26
21,7.168049e-01,1.644873e+01,2.040459e-02,1.022228e-01,2597847.876,6.763726e-01,1.686903e+01,2.028518e-02,9.436677e-02,2633645.633,1.100000e-04,8.11,167.36
22,6.586952e-01,1.707407e+01,1.866783e-02,9.406190e-02,2614116.297,6.251672e-01,2.023483e+01,2.175092e-02,8.112690e-02,2825289.176,1.150000e-04,7.85,175.21
23,6.045157e-01,1.880145e+01,2.037171e-02,7.978370e-02,2677357.672,5.662876e-01,1.987829e+01,2.154179e-02,6.977637e-02,2732963.730,1.200000e-04,7.30,182.51
24,5.191035e-01,2.021886e+01,1.874738e-02,6.592157e-02,2689772.438,4.931742e-01,1.858031e+01,1.715528e-02,6.395268e-02,2536728.695,1.250000e-04,8.03,190.54
25,4.287847e-01,2.324561e+01,1.827872e-02,4.873458e-02,2727932.932,3.624134e-01,2.566886e+01,1.812312e-02,3.572307e-02,2719518.031,1.300000e-04,9.23,199.77
26,3.294030e-01,2.947646e+01,1.676234e-02,3.176639e-02,2792448.994,3.159187e-01,3.568986e+01,1.771718e-02,2.703560e-02,3056117.008,1.350000e-04,8.27,208.05
27,2.852098e-01,3.452245e+01,1.686087e-02,2.262976e-02,2826254.613,2.610017e-01,3.624706e+01,1.640579e-02,1.866383e-02,2844411.117,1.400000e-04,7.89,215.94
28,2.585874e-01,3.773343e+01,1.613446e-02,1.869389e-02,2850205.188,2.374171e-01,4.039595e+01,1.495871e-02,1.675809e-02,3003364.805,1.450000e-04,7.88,223.82
29,2.218326e-01,3.965113e+01,1.390780e-02,1.575788e-02,2879443.338,2.192189e-01,4.118789e+01,1.415101e-02,1.471801e-02,2980571.312,1.500000e-04,7.64,231.46
30,2.077924e-01,4.020626e+01,1.269427e-02,1.536581e-02,2883877.023,1.899830e-01,3.754768e+01,9.531919e-03,1.818182e-02,2722314.414,1.550000e-04,7.75,239.21
31,1.930741e-01,4.083358e+01,1.164350e-02,1.451114e-02,2885498.047,1.731929e-01,4.147996e+01,1.079754e-02,1.221389e-02,2942830.422,1.600000e-04,8.23,247.44
32,1.658146e-01,4.188707e+01,9.872273e-03,1.258062e-02,2907005.980,1.914779e-01,4.505723e+01,1.376711e-02,9.860200e-03,2941893.836,1.650000e-04,8.05,255.49
33,1.628892e-01,4.347107e+01,1.024348e-02,1.122147e-02,2913215.842,1.382038e-01,3.996937e+01,7.512040e-03,1.181729e-02,2825977.719,1.700000e-04,7.55,263.04
34,1.522393e-01,4.351300e+01,9.701664e-03,1.017427e-02,2927423.498,1.418477e-01,3.719684e+01,6.157156e-03,1.531128e-02,2736941.570,1.750000e-04,7.47,270.51
35,1.413216e-01,4.338679e+01,8.487289e-03,1.042200e-02,2922050.641,1.296696e-01,4.245632e+01,7.198681e-03,1.068742e-02,2803937.391,1.800000e-04,7.81,278.32
36,1.273812e-01,4.527672e+01,7.994507e-03,8.581695e-03,2931478.576,1.774469e-01,4.551844e+01,1.334972e-02,7.879583e-03,2996485.008,1.850000e-04,8.41,286.73
37,1.241556e-01,4.537702e+01,7.567165e-03,8.789246e-03,2932744.445,1.318331e-01,4.626368e+01,9.220837e-03,6.999665e-03,2872807.234,1.900000e-04,7.93,294.67
38,1.169497e-01,4.904719e+01,7.819865e-03,6.769268e-03,2948930.893,1.028378e-01,4.533865e+01,6.482103e-03,6.696574e-03,2909169.227,1.950000e-04,7.32,301.99
39,1.070934e-01,4.763169e+01,7.131682e-03,6.202684e-03,2938096.400,1.137866e-01,4.897079e+01,7.706290e-03,6.365323e-03,2876895.672,2.000000e-04,7.52,309.51
40,9.915246e-02,5.084915e+01,6.833605e-03,5.146299e-03,2953753.818,7.911872e-02,4.950080e+01,5.064621e-03,4.704487e-03,2942549.094,2.050000e-04,7.49,317.01
41,9.821498e-02,5.104360e+01,7.026607e-03,4.568910e-03,2953706.420,8.889309e-02,4.953978e+01,6.118997e-03,4.549828e-03,2926109.469,2.100000e-04,8.01,325.02
42,9.348323e-02,5.226322e+01,6.434294e-03,4.782794e-03,2955985.307,7.865837e-02,5.250525e+01,5.517229e-03,3.647110e-03,2946935.242,2.150000e-04,7.43,332.45
43,9.352418e-02,5.327974e+01,6.662670e-03,4.313903e-03,2957098.807,7.905048e-02,5.061419e+01,4.712802e-03,5.372209e-03,2834835.422,2.200000e-04,7.44,339.90
44,8.146473e-02,5.511912e+01,5.717626e-03,3.755311e-03,2958565.836,7.774978e-02,5.641315e+01,5.410946e-03,3.599802e-03,3055391.617,2.250000e-04,7.54,347.44
45,8.052592e-02,5.554390e+01,5.765502e-03,3.463301e-03,2959629.490,6.485317e-02,5.710210e+01,4.032940e-03,3.762713e-03,3066021.461,2.300000e-04,7.78,355.22
46,7.790323e-02,5.685153e+01,5.773845e-03,2.895926e-03,2968305.367,5.784305e-02,5.668996e+01,3.775607e-03,2.883597e-03,2913204.266,2.350000e-04,7.80,363.03
47,7.251809e-02,5.645871e+01,5.093363e-03,3.187718e-03,2964595.775,5.384052e-02,5.609569e+01,3.632004e-03,2.382182e-03,2924771.266,2.400000e-04,7.76,370.79
48,6.679215e-02,5.704366e+01,4.767115e-03,2.683328e-03,2968078.926,5.349092e-02,5.669637e+01,3.777275e-03,2.009707e-03,2978818.562,2.450000e-04,7.11,377.90
49,6.522488e-02,5.791947e+01,4.710012e-03,2.466562e-03,2969899.172,5.070672e-02,5.808200e+01,3.455493e-03,2.068717e-03,3014673.500,2.500000e-04,7.97,385.87
50,6.527966e-02,5.863841e+01,4.688697e-03,2.505771e-03,2969662.650,6.390919e-02,5.606476e+01,3.706385e-03,4.247773e-03,2849964.344,2.550000e-04,7.79,393.66
51,6.215038e-02,5.802772e+01,4.286556e-03,2.696408e-03,2968960.418,4.514878e-02,5.768983e+01,3.002212e-03,1.871536e-03,2942874.523,2.600000e-04,7.67,401.34
52,6.827702e-02,5.815034e+01,4.740811e-03,3.010775e-03,2969324.328,4.435282e-02,5.588156e+01,2.907026e-03,1.938880e-03,2996987.711,2.650000e-04,7.37,408.71
53,5.694490e-02,5.832434e+01,3.867263e-03,2.487968e-03,2974251.463,4.788658e-02,5.580102e+01,2.645860e-03,3.169574e-03,2883533.320,2.700000e-04,8.14,416.85
54,5.755014e-02,5.706639e+01,3.901369e-03,2.565961e-03,2968443.012,5.765207e-02,6.294614e+01,3.773383e-03,2.724727e-03,3089800.789,2.750000e-04,7.84,424.69
55,5.639092e-02,5.945875e+01,3.790695e-03,2.507620e-03,2975897.957,4.172016e-02,5.502681e+01,2.440592e-03,2.362310e-03,2935861.961,2.800000e-04,8.25,432.94
56,6.006933e-02,5.738880e+01,3.818164e-03,3.229762e-03,2968848.992,4.254244e-02,5.812624e+01,2.309792e-03,2.726379e-03,3036631.953,2.850000e-04,7.69,440.63
57,4.996539e-02,5.951190e+01,3.206671e-03,2.389497e-03,2978154.174,3.624145e-02,6.020287e+01,2.307617e-03,1.429000e-03,3012539.844,2.900000e-04,7.64,448.27
58,5.323517e-02,5.977074e+01,3.373013e-03,2.705592e-03,2971902.205,4.823617e-02,5.671045e+01,2.211746e-03,4.089532e-03,2836929.070,2.950000e-04,8.94,457.21
59,4.832762e-02,5.975543e+01,2.976915e-03,2.516584e-03,2974262.744,3.827785e-02,6.117334e+01,2.242325e-03,1.947453e-03,2971598.117,3.000000e-04,7.61,464.81
60,4.861702e-02,5.781133e+01,3.174156e-03,2.218865e-03,2975903.596,4.090193e-02,6.045069e+01,2.450379e-03,2.070614e-03,2977207.516,3.050000e-04,8.29,473.10
61,5.150323e-02,6.168256e+01,3.318703e-03,2.429590e-03,2976157.100,4.848089e-02,5.930711e+01,3.383911e-03,1.742214e-03,3042952.539,3.100000e-04,8.40,481.50
62,4.694145e-02,5.915346e+01,2.875541e-03,2.454140e-03,2976561.834,4.767113e-02,6.132364e+01,3.407941e-03,1.491870e-03,3027974.062,3.150000e-04,7.76,489.27
63,4.732848e-02,6.079030e+01,3.003842e-03,2.242206e-03,2975870.967,5.623173e-02,6.496865e+01,3.878235e-03,2.190502e-03,3098229.375,3.200000e-04,7.74,497.00
64,4.761161e-02,6.013747e+01,2.909666e-03,2.500241e-03,2980465.461,3.527746e-02,6.106954e+01,1.817961e-03,2.198181e-03,3068846.117,3.250000e-04,7.93,504.93
65,4.397208e-02,6.011737e+01,2.733250e-03,2.125569e-03,2974507.037,4.806868e-02,6.130686e+01,3.570888e-03,1.245823e-03,3007607.320,3.300000e-04,7.37,512.30
66,4.440861e-02,5.962170e+01,2.794691e-03,2.099905e-03,2978053.248,5.254658e-02,5.720900e+01,2.059631e-03,5.245874e-03,2809263.703,3.350000e-04,7.56,519.87
67,4.312578e-02,6.103921e+01,2.663802e-03,2.076768e-03,2979674.605,4.751726e-02,6.205210e+01,3.181382e-03,1.899645e-03,3062168.930,3.400000e-04,7.49,527.36
68,3.850852e-02,6.026504e+01,2.307595e-03,1.881214e-03,2980890.121,7.211994e-02,5.824379e+01,5.370211e-03,2.518690e-03,2920362.930,3.450000e-04,7.76,535.12
69,3.983134e-02,6.012451e+01,2.411104e-03,1.941569e-03,2982443.068,2.709003e-02,6.043814e+01,1.218222e-03,1.772799e-03,3038188.164,3.500000e-04,8.78,543.90
70,3.976207e-02,5.998353e+01,2.427052e-03,1.898639e-03,2978147.809,4.527284e-02,5.959793e+01,3.065030e-03,1.732549e-03,3061828.125,3.550000e-04,9.56,553.47
71,3.830857e-02,5.966889e+01,2.189247e-03,2.089842e-03,2982641.928,2.813056e-02,5.690070e+01,1.520444e-03,1.447210e-03,2927432.266,3.600000e-04,7.84,561.31
72,3.902244e-02,5.853898e+01,2.292609e-03,2.048491e-03,2979138.697,2.914798e-02,6.107979e+01,1.762232e-03,1.083537e-03,3051866.891,3.650000e-04,8.12,569.43
73,3.674372e-02,5.930288e+01,2.199980e-03,1.762726e-03,2980843.178,2.689200e-02,5.618358e+01,1.530496e-03,1.193737e-03,3027972.922,3.700000e-04,7.32,576.75
74,3.804292e-02,5.746106e+01,2.251954e-03,1.955456e-03,2980106.674,3.184336e-02,5.824796e+01,2.010024e-03,1.183666e-03,3028563.414,3.750000e-04,7.44,584.18
75,3.751235e-02,5.717962e+01,2.188158e-03,1.982563e-03,2982165.732,8.971883e-02,6.284325e+01,6.498032e-03,3.690838e-03,3150560.891,3.800000e-04,7.78,591.96
76,3.596482e-02,5.753232e+01,2.144122e-03,1.754073e-03,2982824.607,2.609446e-02,5.886955e+01,1.525181e-03,9.911401e-04,3044837.242,3.850000e-04,8.89,600.85
77,3.198396e-02,5.851929e+01,1.891081e-03,1.444243e-03,2981471.555,4.832661e-02,5.890352e+01,3.814056e-03,8.591408e-04,3045845.656,3.900000e-04,7.46,608.31
78,3.807521e-02,5.677766e+01,2.195955e-03,2.087580e-03,2980137.070,2.487942e-02,5.508461e+01,1.270334e-03,1.333523e-03,2931283.820,3.950000e-04,7.92,616.23
79,2.997179e-02,5.640584e+01,1.750699e-03,1.364843e-03,2985317.076,2.238818e-02,5.532019e+01,1.347890e-03,6.754530e-04,2980885.797,4.000000e-04,7.62,623.85
80,3.266512e-02,5.607769e+01,2.080046e-03,1.251379e-03,2984163.365,2.872358e-02,5.476533e+01,1.688778e-03,1.271853e-03,2918520.555,4.050000e-04,9.09,632.94
81,3.195002e-02,5.491666e+01,1.948368e-03,1.394934e-03,2984809.266,2.047251e-02,5.635635e+01,1.201239e-03,5.648982e-04,2984690.820,4.100000e-04,7.85,640.80
82,3.225668e-02,5.456997e+01,1.950718e-03,1.458500e-03,2982340.102,3.423704e-02,5.542495e+01,2.123286e-03,1.492337e-03,3083487.438,4.150000e-04,7.97,648.76
83,2.985588e-02,5.427824e+01,1.756584e-03,1.372442e-03,2985826.844,3.471265e-02,5.097798e+01,1.987847e-03,1.947276e-03,2901209.547,4.200000e-04,7.65,656.41
84,3.268014e-02,5.244463e+01,1.938692e-03,1.609752e-03,2982361.408,2.583222e-02,5.376168e+01,1.689500e-03,7.122091e-04,3030237.195,4.250000e-04,7.54,663.95
85,3.031956e-02,5.281130e+01,1.833945e-03,1.339796e-03,2984501.744,3.396243e-02,5.426256e+01,1.957921e-03,1.791394e-03,3094764.477,4.300000e-04,8.05,672.00
86,2.926995e-02,5.250744e+01,1.787232e-03,1.229379e-03,2986096.084,2.207847e-02,5.254357e+01,1.207055e-03,9.507108e-04,3032566.312,4.350000e-04,8.78,680.78
87,3.074142e-02,5.118121e+01,1.820196e-03,1.484269e-03,2984254.010,2.292094e-02,5.072595e+01,1.487039e-03,5.955897e-04,2989538.148,4.400000e-04,8.33,689.12
88,2.507684e-02,5.085567e+01,1.494544e-03,1.009166e-03,2988199.289,4.354872e-02,5.099636e+01,2.576119e-03,2.537579e-03,3122224.422,4.450000e-04,7.53,696.65
89,2.805861e-02,4.961850e+01,1.781280e-03,1.056793e-03,2987143.953,1.612487e-02,4.841941e+01,8.438629e-04,5.688598e-04,3010142.648,4.500000e-04,7.27,703.92
90,2.544046e-02,4.909613e+01,1.510529e-03,1.085111e-03,2985837.318,3.008140e-02,4.948857e+01,2.218854e-03,5.888011e-04,3028686.344,4.550000e-04,7.12,711.05
91,3.044667e-02,4.837821e+01,1.902565e-03,1.316640e-03,2985815.557,3.119394e-02,4.802028e+01,2.137386e-03,1.003612e-03,3049009.391,4.600000e-04,8.00,719.04
92,3.381793e-02,4.715781e+01,2.038667e-03,1.743096e-03,2984625.037,2.095393e-02,4.827530e+01,1.400893e-03,4.234934e-04,2995646.977,4.650000e-04,8.04,727.09
93,2.614151e-02,4.757931e+01,1.495682e-03,1.285353e-03,2988951.775,2.797620e-02,4.671676e+01,1.321738e-03,2.017428e-03,3077407.547,4.700000e-04,8.21,735.30
94,2.801279e-02,4.544337e+01,1.592606e-03,1.508478e-03,2984324.672,2.299586e-02,4.701144e+01,1.237830e-03,1.183284e-03,3075826.008,4.750000e-04,7.44,742.74
95,3.157894e-02,4.610579e+01,1.991911e-03,1.409850e-03,2987654.881,3.049995e-02,4.416004e+01,2.168091e-03,8.806078e-04,2980148.938,4.800000e-04,7.68,750.43
96,2.502906e-02,4.505441e+01,1.488273e-03,1.128177e-03,2986151.871,1.722844e-02,4.472057e+01,8.616551e-04,8.279660e-04,2977197.680,4.850000e-04,7.86,758.29
97,3.012647e-02,4.550806e+01,1.910380e-03,1.294373e-03,2986146.129,4.000008e-02,4.367972e+01,2.896739e-03,1.332943e-03,2988999.258,4.900000e-04,8.41,766.70
98,2.474358e-02,4.510630e+01,1.470003e-03,1.106583e-03,2987161.273,1.665836e-02,4.557292e+01,9.254643e-04,5.692847e-04,2959982.109,4.950000e-04,8.24,774.94
99,2.640317e-02,4.472595e+01,1.491081e-03,1.403953e-03,2986958.965,1.546842e-02,4.418244e+01,9.132085e-04,3.836172e-04,3000372.945,5.000000e-04,7.46,782.40
100,2.681697e-02,4.424958e+01,1.633857e-03,1.210689e-03,2988080.988,4.083027e-02,3.931746e+01,1.967215e-03,3.445275e-03,2837214.352,5.000000e-04,7.29,789.70
101,2.623713e-02,4.367159e+01,1.511796e-03,1.350402e-03,2986390.182,3.691266e-02,4.324651e+01,3.028649e-03,4.603055e-04,2994115.031,5.000000e-04,8.45,798.14
102,3.019167e-02,4.318780e+01,1.901340e-03,1.371898e-03,2986915.840,4.526322e-02,3.930448e+01,2.833317e-03,2.599921e-03,2868665.023,5.000000e-04,8.25,806.40
103,2.210213e-02,4.299701e+01,1.220056e-03,1.120374e-03,2986645.125,1.889441e-02,4.338578e+01,1.065888e-03,7.793905e-04,2948198.875,5.000000e-04,7.84,814.24
104,2.666351e-02,4.360289e+01,1.516495e-03,1.427654e-03,2988639.641,2.535153e-02,4.022574e+01,1.376610e-03,1.512572e-03,2905729.812,5.000000e-04,7.44,821.68
105,2.517103e-02,4.320930e+01,1.398319e-03,1.373383e-03,2987702.930,3.022840e-02,4.308367e+01,2.071925e-03,1.040157e-03,3040872.820,5.000000e-04,7.46,829.15
106,2.441408e-02,4.321460e+01,1.423191e-03,1.172143e-03,2987991.328,2.780883e-02,4.405010e+01,2.036488e-03,6.077873e-04,3010320.656,5.000000e-04,8.07,837.21
107,2.705792e-02,4.262870e+01,1.482663e-03,1.593684e-03,2985392.486,1.662657e-02,4.335745e+01,1.036681e-03,3.848028e-04,3015646.109,5.000000e-04,8.60,845.82
108,2.492376e-02,4.271626e+01,1.464483e-03,1.201462e-03,2986588.881,1.723339e-02,4.441745e+01,1.038219e-03,4.818910e-04,3027718.797,5.000000e-04,8.10,853.92
109,2.444471e-02,4.262705e+01,1.440674e-03,1.155052e-03,2989243.680,1.874916e-02,4.418183e+01,6.774454e-04,1.511304e-03,3091837.172,5.000000e-04,7.57,861.48
110,2.683695e-02,4.183103e+01,1.511181e-03,1.508406e-03,2988796.389,2.272637e-02,3.755552e+01,8.688426e-04,2.056477e-03,2899057.383,5.000000e-04,7.25,868.73
111,2.487563e-02,4.136317e+01,1.378400e-03,1.391063e-03,2987132.199,1.577460e-02,4.038479e+01,8.612794e-04,6.246657e-04,2949955.516,5.000000e-04,7.38,876.11
112,2.478350e-02,4.159702e+01,1.523722e-03,1.077317e-03,2987784.164,1.751743e-02,4.126393e+01,1.030466e-03,6.172750e-04,3006398.234,5.000000e-04,8.18,884.30
113,1.934912e-02,4.162210e+01,1.098956e-03,8.394705e-04,2989601.467,2.254921e-02,4.259991e+01,1.151429e-03,1.354985e-03,2934810.750,5.000000e-04,7.98,892.28
114,2.377707e-02,4.144495e+01,1.399638e-03,1.127239e-03,2989523.443,3.838320e-02,4.060056e+01,2.908749e-03,1.047131e-03,3005626.008,5.000000e-04,7.97,900.26
115,2.161675e-02,4.162029e+01,1.309500e-03,8.719439e-04,2990768.873,1.976006e-02,4.039903e+01,1.309122e-03,5.257870e-04,2999360.195,5.000000e-04,7.49,907.75
116,1.967048e-02,4.101870e+01,1.087519e-03,9.386831e-04,2988933.271,1.924231e-02,4.205784e+01,1.172034e-03,6.632376e-04,3050669.266,5.000000e-04,7.96,915.71
117,2.499569e-02,4.090338e+01,1.498195e-03,1.184681e-03,2989826.920,2.285353e-02,4.101433e+01,1.620309e-03,5.098019e-04,2983309.789,5.000000e-04,7.63,923.34
118,2.412366e-02,4.123475e+01,1.328319e-03,1.343400e-03,2988021.973,1.692617e-02,4.046488e+01,1.091094e-03,3.937482e-04,2967499.273,5.000000e-04,8.07,931.40
119,2.386076e-02,4.110492e+01,1.309447e-03,1.331159e-03,2987935.248,1.315089e-02,3.937344e+01,4.715046e-04,8.996999e-04,2927367.820,5.000000e-04,8.23,939.64
120,2.096954e-02,4.128926e+01,1.206454e-03,9.552143e-04,2990116.391,1.179238e-02,4.053165e+01,5.239322e-04,4.999776e-04,2953229.305,5.000000e-04,7.40,947.04
121,2.008851e-02,4.115241e+01,1.104874e-03,9.849052e-04,2990096.256,1.276811e-02,4.003309e+01,6.174490e-04,5.180621e-04,2956028.734,5.000000e-04,7.51,954.55
122,2.262195e-02,4.140660e+01,1.334980e-03,1.026298e-03,2988404.844,1.272577e-02,4.167652e+01,4.563202e-04,7.989837e-04,3057960.969,5.000000e-04,7.69,962.24
123,1.974095e-02,4.075825e+01,1.029848e-03,1.073328e-03,2990067.873,1.282648e-02,4.035636e+01,6.236269e-04,5.109142e-04,3018035.953,5.000000e-04,7.47,969.71
124,2.040997e-02,4.076708e+01,1.100933e-03,1.064787e-03,2990224.965,2.604284e-02,4.183157e+01,1.707966e-03,9.560048e-04,3067143.047,5.000000e-04,8.18,977.89
125,2.079925e-02,4.066616e+01,1.123310e-03,1.099907e-03,2989080.355,1.902268e-02,3.974761e+01,1.160248e-03,6.890891e-04,2940579.516,5.000000e-04,6.68,984.57
126,2.179020e-02,4.095296e+01,1.289662e-03,9.596571e-04,2990508.605,5.462249e-02,3.661678e+01,3.244954e-03,3.702254e-03,2824457.430,5.000000e-04,8.02,992.59
127,1.978511e-02,4.063730e+01,1.162358e-03,8.195601e-04,2988393.545,1.294235e-02,4.062579e+01,6.310985e-04,5.137574e-04,2961113.750,5.000000e-04,7.89,1000.48
128,2.036341e-02,4.089222e+01,1.078794e-03,1.097249e-03,2990128.902,1.462224e-02,4.136542e+01,8.839649e-04,3.292104e-04,3004355.094,5.000000e-04,7.82,1008.30
129,2.399079e-02,4.088159e+01,1.356077e-03,1.268373e-03,2989332.791,2.636408e-02,4.289467e+01,1.822550e-03,7.698218e-04,3043279.156,5.000000e-04,8.60,1016.90
130,2.099480e-02,4.050012e+01,1.212945e-03,9.630662e-04,2989243.926,1.076572e-02,3.850645e+01,4.128067e-04,5.574025e-04,2951373.828,5.000000e-04,8.16,1025.07
131,1.783136e-02,4.046185e+01,9.315094e-04,8.940156e-04,2990076.234,1.742922e-02,4.110776e+01,1.210828e-03,2.420333e-04,2984893.641,5.000000e-04,7.29,1032.35
132,2.078144e-02,4.037873e+01,1.245544e-03,8.576252e-04,2989357.740,1.755695e-02,4.253667e+01,7.323248e-04,1.196007e-03,3088482.141,5.000000e-04,7.95,1040.30
133,1.910948e-02,4.019722e+01,1.139595e-03,7.387621e-04,2990729.908,1.350445e-02,3.953511e+01,6.792544e-04,5.516790e-04,2953540.742,5.000000e-04,7.93,1048.23
134,1.849844e-02,3.991498e+01,1.017903e-03,8.655813e-04,2991319.668,2.266726e-02,4.036605e+01,1.426338e-03,8.734558e-04,3021960.172,5.000000e-04,8.58,1056.81
135,2.016605e-02,3.972841e+01,1.156424e-03,9.257940e-04,2988790.543,1.390608e-02,4.158798e+01,8.339285e-04,2.816000e-04,3012672.602,5.000000e-04,8.13,1064.95
136,1.834806e-02,4.000810e+01,9.818701e-04,9.057096e-04,2990588.895,1.551220e-02,4.034536e+01,9.727961e-04,3.499402e-04,2981233.203,5.000000e-04,7.65,1072.59
137,1.971940e-02,4.016966e+01,1.081984e-03,9.765187e-04,2991013.426,1.805351e-02,4.020963e+01,1.255477e-03,2.955540e-04,3013441.359,5.000000e-04,7.58,1080.17
138,2.085614e-02,3.970322e+01,1.150322e-03,1.076519e-03,2989077.648,1.128442e-02,3.962036e+01,5.811892e-04,3.020985e-04,3003932.273,5.000000e-04,8.50,1088.67
139,1.832201e-02,3.991647e+01,1.012842e-03,8.403896e-04,2990624.494,3.298996e-02,3.623249e+01,2.096160e-03,1.681023e-03,2900149.711,5.000000e-04,8.35,1097.02
140,1.841408e-02,3.971321e+01,9.860489e-04,9.164537e-04,2991046.133,1.499388e-02,4.006967e+01,7.607228e-04,6.759364e-04,3043167.711,5.000000e-04,7.36,1104.39
141,1.927872e-02,3.966096e+01,1.066290e-03,9.299446e-04,2989222.705,1.209467e-02,3.953905e+01,6.687635e-04,2.906267e-04,2967858.172,5.000000e-04,7.24,1111.63
142,1.701415e-02,4.010053e+01,9.652333e-04,6.703531e-04,2990736.729,1.786101e-02,3.843429e+01,1.053072e-03,6.973731e-04,2961864.641,5.000000e-04,7.93,1119.55
143,1.807115e-02,3.987136e+01,9.800425e-04,8.567187e-04,2991754.580,1.997670e-02,3.962099e+01,1.287172e-03,6.285754e-04,2948143.867,5.000000e-04,8.47,1128.02
144,1.499788e-02,4.022183e+01,7.943206e-04,6.064989e-04,2992977.920,2.732635e-02,3.768365e+01,1.488839e-03,1.733918e-03,2880137.977,5.000000e-04,8.23,1136.25
145,1.841304e-02,3.984226e+01,9.581565e-04,9.694497e-04,2989138.146,1.622538e-02,4.078024e+01,9.725314e-04,4.844077e-04,3034686.883,5.000000e-04,8.03,1144.29
146,1.858899e-02,3.991725e+01,1.040040e-03,8.393743e-04,2993113.738,2.676751e-02,3.574857e+01,1.060097e-03,2.518338e-03,2867336.625,5.000000e-04,7.20,1151.49
147,1.662866e-02,3.989572e+01,8.601082e-04,8.076011e-04,2990910.301,1.034502e-02,3.890246e+01,5.010906e-04,2.887739e-04,2971792.477,5.000000e-04,8.14,1159.63
148,1.835634e-02,3.946401e+01,9.421227e-04,9.977433e-04,2992523.932,3.125051e-02,3.655329e+01,1.862862e-03,1.793313e-03,2885884.281,5.000000e-04,8.16,1167.79
149,1.877349e-02,3.911226e+01,1.073025e-03,8.264043e-04,2988526.162,1.248063e-02,3.889809e+01,6.482675e-04,4.216300e-04,3003216.602,5.000000e-04,8.55,1176.34
150,1.680570e-02,3.923388e+01,8.494180e-04,8.776270e-04,2991498.369,9.027195e-03,4.022745e+01,4.054484e-04,1.899933e-04,2994208.875,5.000000e-04,7.88,1184.22
151,1.634210e-02,4.001775e+01,8.452643e-04,7.775371e-04,2990941.377,3.575751e-02,4.258790e+01,2.690409e-03,9.189257e-04,3071144.172,5.000000e-04,7.32,1191.55
152,1.704304e-02,3.980117e+01,8.857405e-04,8.411027e-04,2992306.537,1.606421e-02,4.107106e+01,9.675531e-04,4.563155e-04,3035083.922,5.000000e-04,7.99,1199.55
153,1.598485e-02,3.998568e+01,8.286102e-04,7.400361e-04,2992099.293,1.172748e-02,3.914546e+01,5.128886e-04,5.368099e-04,2948953.234,5.000000e-04,8.07,1207.63
154,1.728805e-02,3.963280e+01,8.985663e-04,8.678208e-04,2991166.586,1.065152e-02,3.957074e+01,5.419746e-04,2.549407e-04,3000429.969,5.000000e-04,8.19,1215.82
155,2.102675e-02,3.978900e+01,1.258037e-03,8.934965e-04,2990268.904,2.215285e-02,3.965465e+01,1.047161e-03,1.543154e-03,3072426.500,5.000000e-04,8.17,1223.99
156,1.802556e-02,3.972750e+01,1.019742e-03,7.710781e-04,2990452.098,1.860247e-02,3.707509e+01,6.655020e-04,1.647988e-03,2908978.258,5.000000e-04,7.82,1231.82
157,2.055592e-02,3.931894e+01,1.062075e-03,1.200656e-03,2988140.549,1.520396e-02,4.139781e+01,9.001806e-04,4.124746e-04,3018240.508,5.000000e-04,7.60,1239.42
158,1.448929e-02,3.999394e+01,7.194569e-04,6.590653e-04,2993764.410,1.612953e-02,4.048559e+01,9.812225e-04,4.537489e-04,3036243.922,5.000000e-04,7.87,1247.29
159,1.587873e-02,3.975109e+01,8.514369e-04,6.778508e-04,2992327.568,1.700987e-02,3.939937e+01,1.014963e-03,5.840612e-04,2945670.461,5.000000e-04,8.37,1255.66
160,1.656701e-02,3.980987e+01,8.186792e-04,8.798470e-04,2991602.104,1.506227e-02,3.772442e+01,7.924399e-04,6.730856e-04,2949156.547,5.000000e-04,8.20,1263.87
161,1.724361e-02,3.919776e+01,9.009831e-04,8.627997e-04,2990464.000,1.828933e-02,4.062652e+01,1.138625e-03,5.680846e-04,3045689.391,5.000000e-04,8.12,1271.99
162,1.569078e-02,3.992613e+01,7.973528e-04,7.449272e-04,2993225.324,1.362438e-02,3.847071e+01,3.768679e-04,1.201727e-03,2908191.742,5.000000e-04,7.98,1279.98
163,1.442004e-02,3.998324e+01,7.482793e-04,5.877855e-04,2992014.639,1.165485e-02,3.807212e+01,5.097737e-04,5.499805e-04,2940970.516,5.000000e-04,7.46,1287.44
164,1.507247e-02,3.990084e+01,7.291777e-04,7.581211e-04,2991900.289,9.269655e-03,4.015342e+01,3.526347e-04,3.455931e-04,3035958.016,5.000000e-04,8.19,1295.63
165,1.615058e-02,3.930085e+01,7.995835e-04,8.449329e-04,2991452.689,1.050109e-02,3.925159e+01,4.358247e-04,4.435357e-04,2953532.164,5.000000e-04,8.18,1303.81
166,1.605745e-02,3.948398e+01,7.973292e-04,8.271527e-04,2991637.605,1.095354e-02,4.068699e+01,3.665284e-04,6.439109e-04,3060063.555,5.000000e-04,8.36,1312.17
167,1.654325e-02,3.957928e+01,8.374199e-04,8.422236e-04,2991989.295,1.973099e-02,4.152471e+01,1.184768e-03,7.461675e-04,3073129.484,5.000000e-04,8.19,1320.37
168,1.544271e-02,3.955389e+01,7.849116e-04,7.276401e-04,2992456.234,9.142729e-03,3.872722e+01,3.901254e-04,2.737506e-04,2995361.164,5.000000e-04,7.58,1327.95
169,1.454506e-02,3.960719e+01,7.386867e-04,6.394948e-04,2993376.457,1.067442e-02,4.003730e+01,5.262065e-04,2.817252e-04,2983149.062,5.000000e-04,8.19,1336.14
170,1.373707e-02,3.964190e+01,7.073590e-04,5.398576e-04,2992486.004,1.619595e-02,3.832910e+01,9.236593e-04,6.252892e-04,2978853.016,5.000000e-04,7.84,1343.98
171,1.354714e-02,3.938511e+01,6.640189e-04,5.936881e-04,2993546.881,8.732064e-03,3.876990e+01,3.942669e-04,1.824809e-04,2984141.352,5.000000e-04,7.85,1351.82
172,1.532233e-02,3.958758e+01,7.755934e-04,7.215286e-04,2993177.781,1.057988e-02,3.839230e+01,5.143837e-04,3.193624e-04,2981431.867,5.000000e-04,7.38,1359.21
173,1.489755e-02,3.946617e+01,7.870795e-04,6.160275e-04,2991950.824,1.832609e-02,3.794072e+01,7.969385e-04,1.312528e-03,2907455.227,5.000000e-04,7.27,1366.47
174,1.417385e-02,3.960082e+01,6.738288e-04,6.950958e-04,2992245.279,1.664615e-02,3.746288e+01,4.804427e-04,1.619088e-03,2891974.219,5.000000e-04,8.67,1375.15
175,1.665830e-02,3.955223e+01,9.335297e-04,6.735563e-04,2993128.355,1.543526e-02,3.759142e+01,8.680158e-04,5.991914e-04,2939667.422,5.000000e-04,8.45,1383.60
176,1.363660e-02,3.923095e+01,6.579055e-04,6.268908e-04,2991400.783,9.291530e-03,3.946578e+01,3.999173e-04,2.691557e-04,2967473.781,5.000000e-04,7.77,1391.37
177,1.580958e-02,3.945343e+01,6.843955e-04,1.004055e-03,2991319.271,2.108883e-02,4.108288e+01,1.085424e-03,1.225260e-03,3086326.625,5.000000e-04,7.86,1399.23
178,1.416462e-02,3.924915e+01,7.046011e-04,6.387395e-04,2992606.203,1.585374e-02,4.023597e+01,5.729169e-04,1.220196e-03,3082136.828,5.000000e-04,7.70,1406.94
179,1.545665e-02,3.915051e+01,7.980819e-04,7.121555e-04,2992516.510,1.140384e-02,3.963920e+01,5.000867e-04,4.878103e-04,3047545.328,5.000000e-04,7.80,1414.74
180,1.549361e-02,3.900838e+01,7.675858e-04,7.833823e-04,2991854.514,9.081302e-03,3.847958e+01,3.877219e-04,2.712249e-04,2998671.695,5.000000e-04,7.69,1422.43
181,1.373275e-02,3.882101e+01,7.030871e-04,5.639547e-04,2993908.455,4.028309e-02,3.579456e+01,2.249054e-03,2.842619e-03,2863246.109,5.000000e-04,8.42,1430.87
182,1.493243e-02,3.931343e+01,7.665035e-04,6.672113e-04,2990850.924,9.905599e-03,3.904801e+01,5.080928e-04,1.839738e-04,2995749.820,5.000000e-04,8.37,1439.24
183,1.469129e-02,3.923257e+01,7.260024e-04,7.016011e-04,2992256.070,3.128306e-02,4.232391e+01,2.133840e-03,1.142453e-03,3068910.867,5.000000e-04,7.49,1446.73
184,1.282363e-02,3.914004e+01,6.321255e-04,5.176753e-04,2994117.369,1.259001e-02,4.122664e+01,4.888208e-04,7.158284e-04,3067282.086,5.000000e-04,7.71,1454.45
185,1.549365e-02,3.918325e+01,8.445467e-04,6.259713e-04,2992759.604,9.052663e-03,3.872006e+01,4.505626e-04,1.350062e-04,2985807.336,5.000000e-04,7.63,1462.08
186,1.347519e-02,3.899759e+01,6.147176e-04,6.856502e-04,2993632.191,9.774735e-03,3.791280e+01,4.247101e-04,3.472707e-04,2958904.062,5.000000e-04,7.89,1469.97
187,1.499533e-02,3.867325e+01,7.564132e-04,7.127750e-04,2991020.520,1.289088e-02,3.851437e+01,6.781294e-04,4.516298e-04,2988951.062,5.000000e-04,9.01,1478.98
188,1.518779e-02,3.881933e+01,7.789629e-04,7.032449e-04,2992407.324,1.247339e-02,3.993045e+01,7.476453e-04,2.007778e-04,2989722.188,5.000000e-04,7.84,1486.82
189,1.412357e-02,3.913629e+01,6.705298e-04,7.009291e-04,2993191.857,1.173820e-02,3.818975e+01,3.242746e-04,9.352948e-04,2960839.750,5.000000e-04,7.97,1494.80
190,1.341705e-02,3.893628e+01,6.616191e-04,5.814456e-04,2993105.439,1.407201e-02,3.960249e+01,7.873284e-04,4.476955e-04,3041455.422,5.000000e-04,8.73,1503.53
191,1.364826e-02,3.876533e+01,6.486398e-04,6.570654e-04,2992591.184,1.230784e-02,4.015375e+01,4.305753e-04,7.973434e-04,3072014.547,5.000000e-04,8.45,1511.98
192,1.360421e-02,3.865733e+01,6.307960e-04,6.861037e-04,2994159.160,1.132598e-02,3.801370e+01,5.080573e-04,4.888071e-04,2963629.906,5.000000e-04,8.11,1520.11
193,1.231439e-02,3.850322e+01,5.579606e-04,5.768929e-04,2992535.865,1.116398e-02,3.743056e+01,4.239104e-04,6.363639e-04,2939413.023,5.000000e-04,7.65,1527.76
194,1.642755e-02,3.883406e+01,7.936205e-04,9.215872e-04,2991090.553,1.730854e-02,4.011821e+01,8.474449e-04,9.644545e-04,3060977.719,5.000000e-04,8.34,1536.10
195,1.344553e-02,3.864287e+01,7.017229e-04,5.128029e-04,2994713.746,1.127834e-02,3.721179e+01,4.076514e-04,6.961297e-04,2948348.750,5.000000e-04,8.48,1544.58
196,1.244204e-02,3.884241e+01,5.464003e-04,6.187595e-04,2993448.713,1.190962e-02,3.916177e+01,6.058503e-04,3.869877e-04,3001287.383,5.000000e-04,8.51,1553.10
197,1.124960e-02,3.871582e+01,4.913309e-04,4.929421e-04,2993372.176,1.675718e-02,3.871155e+01,1.138224e-03,3.007579e-04,2997725.156,5.000000e-04,8.08,1561.18
198,1.296094e-02,3.902295e+01,5.835394e-04,6.446507e-04,2993619.768,1.081498e-02,3.958754e+01,5.493006e-04,2.726445e-04,3021414.375,5.000000e-04,7.56,1568.74
199,1.176282e-02,3.885896e+01,5.418690e-04,4.916470e-04,2994340.076,1.252167e-02,3.747287e+01,7.021642e-04,3.505487e-04,2964288.133,5.000000e-04,7.36,1576.10
200,1.284075e-02,3.876548e+01,6.015457e-04,5.897499e-04,2992880.713,1.658549e-02,4.000203e+01,1.163926e-03,1.892057e-04,3012769.570,5.000000e-04,8.85,1584.96
201,1.186957e-02,3.892544e+01,5.663556e-04,4.626933e-04,2993947.955,8.453556e-03,3.904143e+01,3.619381e-04,1.860065e-04,3000058.758,5.000000e-04,7.95,1592.91
202,1.206787e-02,3.878045e+01,5.654237e-04,5.071176e-04,2994353.174,1.463586e-02,3.753495e+01,7.002248e-04,7.760243e-04,2974172.453,5.000000e-04,7.86,1600.77
203,1.317254e-02,3.876450e+01,5.660680e-04,7.270826e-04,2992442.814,1.998984e-02,3.778859e+01,1.448592e-03,3.450112e-04,2970340.648,5.000000e-04,7.75,1608.53
204,1.323281e-02,3.863279e+01,6.174594e-04,6.389872e-04,2992739.771,1.912762e-02,3.797496e+01,1.405652e-03,2.547204e-04,2979527.156,5.000000e-04,7.61,1616.14
205,1.200831e-02,3.864828e+01,5.539699e-04,5.207559e-04,2992997.711,9.313193e-03,3.818121e+01,4.479737e-04,2.030668e-04,2979310.570,5.000000e-04,8.58,1624.71
206,1.315668e-02,3.869149e+01,6.647561e-04,5.279933e-04,2993823.881,9.734269e-03,3.899810e+01,3.979100e-04,3.710716e-04,2968841.664,5.000000e-04,7.86,1632.57
207,1.513942e-02,3.863637e+01,7.755083e-04,7.041399e-04,2991627.893,2.448578e-02,4.210321e+01,5.030466e-04,3.048998e-03,3154239.039,5.000000e-04,7.77,1640.34
208,1.222944e-02,3.863355e+01,5.175564e-04,6.381046e-04,2993784.414,1.178599e-02,4.001103e+01,5.466600e-04,4.636580e-04,3041380.547,5.000000e-04,7.28,1647.63
209,1.434882e-02,3.856365e+01,6.689830e-04,7.605243e-04,2992898.715,1.070090e-02,3.849363e+01,5.727547e-04,2.247986e-04,3007258.953,5.000000e-04,7.69,1655.32
210,1.115751e-02,3.881514e+01,5.054662e-04,4.442662e-04,2994459.156,9.096950e-03,3.777931e+01,4.058185e-04,2.521668e-04,3003340.500,5.000000e-04,8.04,1663.35
211,1.264313e-02,3.847939e+01,6.286923e-04,5.016530e-04,2993669.287,8.954566e-03,3.853470e+01,4.323278e-04,1.555636e-04,3013163.492,5.000000e-04,7.82,1671.18
212,1.521291e-02,3.819214e+01,8.543409e-04,5.700580e-04,2991709.963,7.771110e-03,3.844935e+01,3.288053e-04,1.276243e-04,3010484.773,5.000000e-04,7.11,1678.29
213,1.158262e-02,3.818895e+01,5.044394e-04,5.438665e-04,2993916.730,5.439262e-02,4.184112e+01,3.105060e-03,3.831583e-03,3172405.164,5.000000e-04,7.68,1685.97
214,1.332869e-02,3.840231e+01,6.007312e-04,6.962286e-04,2993707.010,1.635718e-02,3.627196e+01,9.785487e-04,5.888995e-04,2939104.812,5.000000e-04,8.33,1694.29
215,1.167413e-02,3.845489e+01,5.040346e-04,5.576594e-04,2994857.277,8.190045e-03,3.724582e+01,3.007584e-04,2.915759e-04,2963824.875,5.000000e-04,8.47,1702.77
216,1.284043e-02,3.838460e+01,5.963617e-04,6.076706e-04,2992604.469,1.363168e-02,3.610591e+01,4.703802e-04,1.063457e-03,2913696.945,5.000000e-04,7.91,1710.67
217,1.275225e-02,3.833116e+01,5.753027e-04,6.332222e-04,2992584.891,2.653684e-02,4.253290e+01,9.211532e-04,2.614404e-03,3134132.391,5.000000e-04,8.16,1718.84
218,1.203133e-02,3.859883e+01,5.388601e-04,5.565687e-04,2993514.766,8.439109e-03,3.908723e+01,3.490292e-04,2.080189e-04,3021775.242,5.000000e-04,7.40,1726.24
219,1.167003e-02,3.836049e+01,5.475712e-04,4.716529e-04,2993665.711,7.890906e-03,3.989952e+01,2.605242e-04,2.591423e-04,3022328.695,5.000000e-04,8.18,1734.43
220,1.191520e-02,3.866952e+01,4.924275e-04,6.247951e-04,2994070.750,8.024041e-03,3.894316e+01,3.394826e-04,1.469799e-04,3009359.953,5.000000e-04,7.71,1742.14
221,1.227109e-02,3.828814e+01,6.126955e-04,4.630646e-04,2993652.162,1.077147e-02,3.838729e+01,5.035446e-04,3.794585e-04,2966321.539,5.000000e-04,7.91,1750.06
222,1.238210e-02,3.861027e+01,5.601543e-04,5.839060e-04,2995047.844,3.291198e-02,3.511232e+01,1.748890e-03,2.382370e-03,2868948.852,5.000000e-04,7.72,1757.78
223,1.323264e-02,3.832835e+01,6.358995e-04,6.081618e-04,2991851.668,1.018432e-02,3.933636e+01,5.617040e-04,1.267284e-04,3001485.844,5.000000e-04,7.39,1765.18
224,1.194811e-02,3.851108e+01,5.830802e-04,4.532398e-04,2993457.980,8.846663e-03,3.951583e+01,2.563555e-04,4.663050e-04,3045829.625,5.000000e-04,8.08,1773.26
225,1.148547e-02,3.840911e+01,4.958167e-04,5.372792e-04,2995179.393,9.394980e-03,3.987098e+01,2.470827e-04,5.874110e-04,3049048.375,5.000000e-04,7.34,1780.60
226,1.430009e-02,3.822203e+01,7.654522e-04,5.646723e-04,2992375.887,1.609646e-02,3.555253e+01,6.296394e-04,1.248962e-03,2901272.195,5.000000e-04,7.78,1788.39
227,1.176801e-02,3.812297e+01,4.886535e-04,6.138360e-04,2993153.119,8.527782e-03,3.753761e+01,3.078995e-04,3.390054e-04,2958214.781,5.000000e-04,7.24,1795.63
228,1.230477e-02,3.818380e+01,5.596127e-04,5.780523e-04,2993033.730,1.554165e-02,3.956492e+01,6.247945e-04,1.067442e-03,3076431.414,5.000000e-04,7.89,1803.53
229,1.222249e-02,3.795328e+01,5.589920e-04,5.674488e-04,2993822.170,1.010719e-02,3.905697e+01,5.613690e-04,1.175613e-04,3010815.398,5.000000e-04,8.00,1811.53
230,1.208203e-02,3.815900e+01,5.488371e-04,5.555514e-04,2994625.443,1.036111e-02,3.684188e+01,3.562173e-04,6.229500e-04,2960193.242,5.000000e-04,8.38,1819.92
231,1.167022e-02,3.813976e+01,5.307131e-04,5.098218e-04,2994038.266,7.725826e-03,3.794604e+01,2.914108e-04,2.034229e-04,3013771.867,5.000000e-04,7.77,1827.69
232,1.028876e-02,3.810462e+01,4.187287e-04,4.582018e-04,2993598.396,8.185595e-03,3.835150e+01,3.087269e-04,2.526354e-04,3008959.305,5.000000e-04,7.59,1835.28
233,1.084641e-02,3.816863e+01,4.850629e-04,4.357836e-04,2994168.680,7.007393e-03,3.820635e+01,2.085736e-04,2.202046e-04,3002612.195,5.000000e-04,7.94,1843.22
234,1.198143e-02,3.806923e+01,5.562015e-04,5.224993e-04,2994426.836,1.116288e-02,3.750397e+01,5.985953e-04,2.853059e-04,2999232.414,5.000000e-04,8.04,1851.27
235,1.200178e-02,3.804228e+01,5.303232e-04,5.788641e-04,2993825.385,2.577665e-02,3.635107e+01,1.701124e-03,1.026062e-03,2925107.531,5.000000e-04,8.31,1859.58
236,1.147581e-02,3.835299e+01,5.160922e-04,4.959175e-04,2994192.281,9.558821e-03,3.812578e+01,4.652993e-04,2.186500e-04,2968234.203,5.000000e-04,7.40,1866.99
237,1.067247e-02,3.824736e+01,4.859496e-04,3.976482e-04,2994010.010,1.115187e-02,3.780553e+01,6.519455e-04,1.703718e-04,2972149.023,5.000000e-04,7.39,1874.38
238,1.118472e-02,3.819036e+01,5.142156e-04,4.447052e-04,2994174.918,1.909257e-02,3.733033e+01,1.202450e-03,6.670067e-04,2978065.617,5.000000e-04,7.75,1882.14
239,1.078403e-02,3.813937e+01,4.975704e-04,3.988782e-04,2994589.770,8.414431e-03,3.887652e+01,3.368651e-04,2.316257e-04,3030293.828,5.000000e-04,8.23,1890.37
240,1.084158e-02,3.801906e+01,4.953548e-04,4.172244e-04,2994645.920,1.063718e-02,3.794786e+01,6.188874e-04,1.307044e-04,2988661.125,5.000000e-04,8.06,1898.43
241,1.235784e-02,3.823566e+01,5.926662e-04,5.215229e-04,2993137.951,7.920537e-03,3.833716e+01,3.101464e-04,1.970713e-04,3012011.328,5.000000e-04,8.32,1906.76
242,1.087457e-02,3.805338e+01,4.840957e-04,4.456551e-04,2994554.295,6.850626e-03,3.873509e+01,2.121294e-04,1.711645e-04,2990757.148,5.000000e-04,7.52,1914.28
243,1.074835e-02,3.823471e+01,4.588007e-04,4.673742e-04,2994530.939,6.707929e-03,3.836450e+01,2.071761e-04,1.599435e-04,2998558.633,5.000000e-04,8.11,1922.39
244,1.136965e-02,3.817724e+01,5.218669e-04,4.666508e-04,2994091.637,8.475065e-03,3.868990e+01,3.172735e-04,2.866679e-04,3035797.398,5.000000e-04,8.10,1930.50
245,1.175793e-02,3.798435e+01,5.582664e-04,4.753666e-04,2993972.516,1.220208e-02,3.849627e+01,5.098129e-04,6.508644e-04,3048027.109,5.000000e-04,7.60,1938.10
246,1.222593e-02,3.799108e+01,5.782928e-04,5.287781e-04,2993148.928,8.670682e-03,3.783906e+01,4.336518e-04,1.100514e-04,2983054.086,5.000000e-04,7.34,1945.44
247,1.242442e-02,3.793550e+01,5.955849e-04,5.350040e-04,2993367.910,8.960231e-03,3.851642e+01,3.933464e-04,2.350252e-04,3018013.570,5.000000e-04,8.36,1953.80
248,1.204952e-02,3.802491e+01,5.572469e-04,5.349121e-04,2994760.754,6.356937e-03,3.736803e+01,1.576823e-04,2.086623e-04,2971885.805,5.000000e-04,8.10,1961.90
249,1.134869e-02,3.794245e+01,4.978441e-04,5.152007e-04,2993831.389,8.308448e-03,3.725355e+01,3.412791e-04,2.340607e-04,2978889.570,5.000000e-04,8.00,1969.90
250,1.147842e-02,3.791028e+01,5.440795e-04,4.493204e-04,2994531.838,9.404610e-03,3.780943e+01,4.896204e-04,1.454926e-04,2986531.484,5.000000e-04,7.33,1977.23
251,1.145158e-02,3.782356e+01,5.113558e-04,5.111339e-04,2994149.943,7.792191e-03,3.803378e+01,2.772853e-04,2.431922e-04,2972020.695,5.000000e-04,9.35,1986.58
252,1.168208e-02,3.798646e+01,5.551205e-04,4.664457e-04,2994157.881,9.644573e-03,3.666360e+01,4.050125e-04,3.856176e-04,2957298.867,5.000000e-04,10.29,1996.87
253,1.029851e-02,3.784822e+01,4.371781e-04,4.283811e-04,2993840.016,9.177137e-03,3.765810e+01,3.442978e-04,3.936698e-04,3014658.500,5.000000e-04,9.22,2006.10
254,1.176981e-02,3.771120e+01,5.216902e-04,5.563570e-04,2992901.207,9.290570e-03,3.826684e+01,3.983656e-04,2.960462e-04,2988734.250,5.000000e-04,8.57,2014.67
255,1.119890e-02,3.793831e+01,4.906202e-04,4.997726e-04,2994027.598,7.571935e-03,3.702399e+01,2.320911e-04,3.097251e-04,2961104.961,5.000000e-04,7.24,2021.91
256,1.141821e-02,3.784770e+01,5.447803e-04,4.371284e-04,2994094.334,1.227451e-02,3.701514e+01,6.502483e-04,4.141020e-04,2948238.797,5.000000e-04,7.40,2029.31
257,1.110434e-02,3.792822e+01,4.949648e-04,4.723738e-04,2994027.584,1.344273e-02,3.781514e+01,8.319473e-04,2.683494e-04,2970683.414,5.000000e-04,8.02,2037.33
258,1.067480e-02,3.802736e+01,4.817379e-04,4.109380e-04,2994427.072,9.037456e-03,3.631995e+01,2.423716e-04,5.963489e-04,2940200.398,5.000000e-04,8.40,2045.73
259,1.051397e-02,3.799303e+01,4.279203e-04,4.870920e-04,2994480.824,1.093170e-02,3.619190e+01,3.477083e-04,7.670859e-04,2926349.484,5.000000e-04,8.34,2054.08
260,1.229382e-02,3.797842e+01,5.777420e-04,5.437108e-04,2992902.986,6.581973e-03,3.860753e+01,1.928648e-04,1.585145e-04,3001543.648,5.000000e-04,9.22,2063.31
261,1.133824e-02,3.784202e+01,5.186243e-04,4.735594e-04,2994139.578,9.026984e-03,3.789742e+01,4.431945e-04,1.610594e-04,3004721.734,5.000000e-04,8.04,2071.35
262,1.081302e-02,3.798341e+01,4.746057e-04,4.537236e-04,2993750.996,9.518919e-03,3.830244e+01,3.832662e-04,3.712027e-04,3034227.695,5.000000e-04,7.74,2079.09
263,1.048450e-02,3.798111e+01,4.358303e-04,4.656172e-04,2994697.877,1.186839e-02,3.916563e+01,4.887578e-04,6.128507e-04,3057386.133,5.000000e-04,8.09,2087.18
264,9.857104e-03,3.804730e+01,4.038320e-04,4.028108e-04,2995387.586,9.754624e-03,3.928380e+01,3.882145e-04,3.888197e-04,3046231.875,5.000000e-04,8.59,2095.78
265,1.105015e-02,3.790955e+01,4.956231e-04,4.605918e-04,2994061.709,2.688268e-02,4.044266e+01,1.471159e-03,1.625366e-03,3104703.047,5.000000e-04,8.03,2103.81
266,1.112078e-02,3.800114e+01,4.835247e-04,4.970841e-04,2994673.744,2.109798e-02,3.828174e+01,1.640381e-03,1.732000e-04,3001269.891,5.000000e-04,7.76,2111.57
267,1.171260e-02,3.797819e+01,5.869856e-04,4.089855e-04,2993856.066,6.830959e-03,3.814147e+01,2.226346e-04,1.580931e-04,3012263.891,5.000000e-04,7.28,2118.86
268,9.468452e-03,3.807872e+01,3.763379e-04,3.794402e-04,2995094.666,9.179156e-03,3.685170e+01,3.109402e-04,4.769167e-04,2948612.406,5.000000e-04,7.92,2126.78
269,1.089570e-02,3.785764e+01,4.805264e-04,4.609341e-04,2994225.072,7.904766e-03,3.799010e+01,2.818105e-04,2.575301e-04,3021694.961,5.000000e-04,7.47,2134.25
270,1.002858e-02,3.778639e+01,4.440313e-04,3.619251e-04,2994028.246,1.759485e-02,4.070502e+01,2.661111e-04,2.172648e-03,3132550.734,5.000000e-04,7.89,2142.14
271,1.028179e-02,3.799271e+01,4.392363e-04,4.180304e-04,2995700.264,1.731919e-02,3.801236e+01,1.271313e-03,1.609652e-04,2997150.320,5.000000e-04,7.82,2149.96
272,1.069870e-02,3.767766e+01,4.659747e-04,4.542370e-04,2993684.070,8.155815e-03,3.872321e+01,3.234836e-04,2.097318e-04,3029919.852,5.000000e-04,7.37,2157.33
273,9.076085e-03,3.789749e+01,3.680436e-04,3.211803e-04,2995592.432,9.621630e-03,3.839300e+01,5.229948e-04,1.104763e-04,3015036.531,5.000000e-04,6.79,2164.12
274,9.677905e-03,3.790152e+01,3.895416e-04,3.984674e-04,2994776.799,9.638299e-03,3.871727e+01,3.811646e-04,3.909852e-04,2997850.984,5.000000e-04,7.66,2171.78
275,1.049062e-02,3.785803e+01,4.427595e-04,4.554446e-04,2994084.885,5.975371e-03,3.785089e+01,1.676328e-04,1.027908e-04,2987443.609,5.000000e-04,7.31,2179.09
276,1.138723e-02,3.792493e+01,5.105607e-04,4.978253e-04,2994714.143,1.175669e-02,3.687316e+01,5.512512e-04,5.113728e-04,2971568.867,5.000000e-04,7.46,2186.55
277,9.619785e-03,3.792328e+01,3.959584e-04,3.735746e-04,2994900.762,8.949938e-03,3.718319e+01,4.453492e-04,1.556254e-04,2977463.914,5.000000e-04,7.46,2194.02
278,1.089347e-02,3.792760e+01,4.576598e-04,5.048219e-04,2993917.938,8.550263e-03,3.811774e+01,3.822020e-04,1.832938e-04,3009602.562,5.000000e-04,7.52,2201.54
279,1.149615e-02,3.780508e+01,5.255296e-04,4.920686e-04,2992783.041,2.067001e-02,4.046456e+01,1.110674e-03,1.103363e-03,3089555.445,5.000000e-04,7.63,2209.17
280,1.161742e-02,3.785089e+01,5.557572e-04,4.549520e-04,2995902.812,1.069660e-02,3.672705e+01,5.113205e-04,3.821370e-04,2959137.859,5.000000e-04,7.80,2216.98
281,1.107382e-02,3.814081e+01,4.932713e-04,4.654056e-04,2994294.092,1.121920e-02,3.672766e+01,5.836704e-04,3.419456e-04,2986599.086,5.000000e-04,7.93,2224.91
282,1.200343e-02,3.797903e+01,5.880671e-04,4.649704e-04,2993354.932,1.559769e-02,3.847090e+01,1.029812e-03,2.904974e-04,3031421.727,5.000000e-04,8.62,2233.53
283,1.027906e-02,3.775383e+01,4.490166e-04,4.027026e-04,2993809.361,8.880229e-03,3.845476e+01,3.636438e-04,2.796632e-04,2978536.906,5.000000e-04,8.23,2241.77
284,9.755739e-03,3.806935e+01,4.035447e-04,3.826714e-04,2996023.760,1.277907e-02,3.664451e+01,6.023599e-04,6.182048e-04,2951155.430,5.000000e-04,8.69,2250.46
285,9.743668e-03,3.809146e+01,3.877537e-04,4.113972e-04,2994661.043,1.200945e-02,3.650808e+01,6.053471e-04,4.610339e-04,2944024.609,5.000000e-04,8.06,2258.54
286,1.199299e-02,3.798497e+01,5.697016e-04,4.994945e-04,2993805.820,8.832174e-03,3.736961e+01,3.067138e-04,4.056150e-04,2974154.703,5.000000e-04,7.49,2266.04
287,1.119334e-02,3.782682e+01,5.011485e-04,4.798350e-04,2994219.945,1.273772e-02,4.015873e+01,2.988876e-04,1.146594e-03,3091464.867,5.000000e-04,7.59,2273.63
288,9.595898e-03,3.797097e+01,3.976788e-04,3.644025e-04,2994257.301,8.927815e-03,3.809734e+01,4.561498e-04,1.113166e-04,3015391.016,5.000000e-04,7.64,2281.27
289,1.018037e-02,3.785016e+01,4.310162e-04,4.170390e-04,2994129.193,1.032183e-02,3.684400e+01,5.129884e-04,3.015092e-04,2981376.852,5.000000e-04,8.04,2289.32
290,9.091884e-03,3.805113e+01,3.562642e-04,3.448258e-04,2995136.100,1.343377e-02,3.815074e+01,5.998278e-04,7.240826e-04,3051505.539,5.000000e-04,8.19,2297.51
291,9.736957e-03,3.776313e+01,4.153605e-04,3.614077e-04,2995968.799,2.085625e-02,3.624619e+01,1.288622e-03,8.690829e-04,2922518.602,5.000000e-04,7.60,2305.11
292,1.029954e-02,3.784466e+01,4.327758e-04,4.374633e-04,2993802.203,7.608375e-03,3.832542e+01,2.503840e-04,2.543988e-04,3026018.414,5.000000e-04,7.81,2312.92
293,1.020538e-02,3.806596e+01,3.969484e-04,4.858606e-04,2994991.098,1.043838e-02,3.727265e+01,3.530755e-04,6.360713e-04,2997453.625,5.000000e-04,8.02,2320.95
294,1.154979e-02,3.784273e+01,5.274447e-04,4.982131e-04,2992187.857,9.083458e-03,3.672413e+01,3.864267e-04,3.093558e-04,2989798.734,5.000000e-04,8.55,2329.50
295,1.041182e-02,3.787489e+01,4.505942e-04,4.236775e-04,2994886.203,1.016239e-02,3.945611e+01,4.559151e-04,3.315252e-04,3035506.633,5.000000e-04,7.66,2337.16
296,1.011112e-02,3.792210e+01,4.352478e-04,3.932855e-04,2995693.018,6.794315e-03,3.844291e+01,2.282364e-04,1.335322e-04,2986901.422,5.000000e-04,7.82,2344.98
297,1.039676e-02,3.798581e+01,5.287129e-04,2.622104e-04,2994516.270,2.142010e-02,3.592552e+01,9.150802e-04,1.735348e-03,2886711.805,5.000000e-04,7.19,2352.17
298,1.047856e-02,3.780339e+01,4.614940e-04,4.166558e-04,2994028.277,9.895285e-03,3.849234e+01,5.356223e-04,1.379656e-04,3023857.141,5.000000e-04,7.74,2359.91
299,9.533832e-03,3.799663e+01,3.919885e-04,3.628567e-04,2995304.104,6.085480e-03,3.704411e+01,1.578159e-04,1.605820e-04,2982369.586,5.000000e-04,7.40,2367.32
300,9.960841e-03,3.793752e+01,3.950522e-04,4.433134e-04,2994953.766,7.785990e-03,3.683392e+01,2.900299e-04,2.404598e-04,2966649.055,5.000000e-04,7.61,2374.92
301,9.542962e-03,3.774908e+01,3.803851e-04,3.928406e-04,2994092.041,9.643652e-03,3.768337e+01,5.296933e-04,1.156763e-04,3006530.109,5.000000e-04,7.86,2382.78
302,9.734273e-03,3.777978e+01,4.003689e-04,3.905213e-04,2995414.930,1.054388e-02,3.602025e+01,4.756794e-04,4.370117e-04,2966124.156,5.000000e-04,8.04,2390.82
303,1.035296e-02,3.770088e+01,4.315187e-04,4.535379e-04,2993500.551,2.555472e-02,4.113935e+01,1.304534e-03,1.679091e-03,3117310.336,5.000000e-04,7.70,2398.52
304,1.141048e-02,3.768914e+01,5.140569e-04,5.001984e-04,2993847.391,1.188939e-02,3.931893e+01,4.999716e-04,5.915562e-04,3057701.844,5.000000e-04,7.42,2405.94
305,9.857575e-03,3.779086e+01,4.060836e-04,4.035306e-04,2995824.240,1.086939e-02,3.961835e+01,4.227111e-04,5.360888e-04,3063012.750,5.000000e-04,7.54,2413.48
306,9.971906e-03,3.754234e+01,4.394075e-04,3.647194e-04,2994870.908,1.158540e-02,3.786063e+01,6.867397e-04,1.863884e-04,3011517.805,5.000000e-04,7.63,2421.10
307,9.595182e-03,3.757733e+01,3.976626e-04,3.721646e-04,2995021.799,7.672860e-03,3.816578e+01,2.459589e-04,2.793385e-04,3023514.797,5.000000e-04,8.13,2429.24
308,8.373367e-03,3.765475e+01,3.259937e-04,2.695911e-04,2995308.451,6.878892e-03,3.725100e+01,2.301497e-04,1.704591e-04,2976513.336,5.000000e-04,7.50,2436.74
309,1.089018e-02,3.774187e+01,4.473605e-04,5.284773e-04,2995196.566,6.984695e-03,3.835586e+01,2.726633e-04,8.449503e-05,3006974.836,5.000000e-04,7.50,2444.24
310,9.020935e-03,3.776937e+01,3.555462e-04,3.377071e-04,2995042.863,9.016426e-03,3.684209e+01,3.710931e-04,3.242571e-04,2960076.906,5.000000e-04,7.35,2451.59
311,9.711628e-03,3.779605e+01,4.147738e-04,3.568569e-04,2994865.059,6.555010e-03,3.703225e+01,1.725171e-04,2.253229e-04,2962990.383,5.000000e-04,7.71,2459.31
312,1.177544e-02,3.779194e+01,4.891305e-04,6.209885e-04,2993334.650,7.112602e-03,3.804737e+01,2.750084e-04,1.115562e-04,3000175.062,5.000000e-04,7.87,2467.18
313,9.587007e-03,3.776053e+01,3.707409e-04,4.207091e-04,2995005.902,1.086287e-02,3.611271e+01,2.643527e-04,9.216153e-04,2920925.453,5.000000e-04,7.88,2475.05
314,1.085471e-02,3.763785e+01,4.218407e-04,5.745031e-04,2994224.094,9.605609e-03,3.653861e+01,3.489672e-04,4.924152e-04,2938718.219,5.000000e-04,7.58,2482.63
315,1.027831e-02,3.772643e+01,4.467067e-04,4.077202e-04,2993802.361,1.408361e-02,3.899109e+01,7.913776e-04,4.541444e-04,3054610.461,5.000000e-04,7.65,2490.28
316,9.936349e-03,3.771826e+01,4.130060e-04,4.068926e-04,2994660.775,1.246286e-02,3.921468e+01,4.492144e-04,8.098503e-04,3070255.164,5.000000e-04,7.86,2498.14
317,9.010385e-03,3.765610e+01,3.638264e-04,3.213023e-04,2995063.201,6.536684e-03,3.785655e+01,2.101313e-04,1.299431e-04,2985832.227,5.000000e-04,7.37,2505.51
318,8.947457e-03,3.784096e+01,3.631001e-04,3.064720e-04,2995201.424,1.097583e-02,3.731760e+01,6.729032e-04,1.030071e-04,2992431.352,5.000000e-04,7.64,2513.15
319,9.863778e-03,3.778655e+01,4.082179e-04,4.005890e-04,2995627.930,6.610926e-03,3.672325e+01,1.907046e-04,2.063112e-04,2973505.047,5.000000e-04,7.57,2520.71
320,8.211682e-03,3.760434e+01,2.995882e-04,2.910733e-04,2994760.334,6.541877e-03,3.715450e+01,2.128208e-04,1.396440e-04,2996000.000,5.000000e-04,7.57,2528.28
321,9.167598e-03,3.763376e+01,3.638948e-04,3.530547e-04,2995213.654,1.104623e-02,3.668608e+01,5.585265e-04,3.584714e-04,2954091.594,5.000000e-04,7.80,2536.08
322,8.746889e-03,3.748334e+01,3.531386e-04,2.934339e-04,2995506.434,2.008511e-02,3.566218e+01,1.104969e-03,1.093840e-03,2916604.680,5.000000e-04,8.13,2544.22
323,1.063686e-02,3.755808e+01,4.600854e-04,4.560398e-04,2994852.383,7.756895e-03,3.592277e+01,2.175332e-04,3.978572e-04,2954644.734,5.000000e-04,8.02,2552.24
324,9.710900e-03,3.761494e+01,4.179692e-04,3.539429e-04,2994547.951,7.784887e-03,3.865283e+01,2.451215e-04,2.936778e-04,2995458.172,5.000000e-04,8.01,2560.25
325,8.791275e-03,3.777495e+01,3.435624e-04,3.156313e-04,2994792.691,6.782006e-03,3.810957e+01,2.259454e-04,1.423191e-04,3004836.469,5.000000e-04,7.89,2568.14
326,8.842431e-03,3.784427e+01,3.405895e-04,3.304218e-04,2995473.715,9.018472e-03,3.748952e+01,4.428037e-04,1.682965e-04,3003326.602,5.000000e-04,7.50,2575.64
327,1.031403e-02,3.771302e+01,4.078616e-04,4.928222e-04,2994006.707,6.460693e-03,3.690292e+01,1.843675e-04,1.853452e-04,2970373.742,5.000000e-04,7.51,2583.15
328,9.999481e-03,3.765010e+01,4.474331e-04,3.520280e-04,2995556.158,5.979479e-03,3.712860e+01,1.393975e-04,1.745289e-04,2988937.852,5.000000e-04,7.80,2590.95
329,9.174999e-03,3.762168e+01,3.744476e-04,3.336711e-04,2994716.342,6.469912e-03,3.806933e+01,1.914427e-04,1.497103e-04,2989050.539,5.000000e-04,8.34,2599.29
330,9.517100e-03,3.749984e+01,3.974257e-04,3.585719e-04,2994170.738,7.628712e-03,3.767254e+01,2.671986e-04,2.378944e-04,3016077.461,5.000000e-04,7.80,2607.10
331,9.248973e-03,3.753860e+01,3.670264e-04,3.649697e-04,2995961.188,2.232762e-02,3.530547e+01,1.248485e-03,1.262444e-03,2909956.117,5.000000e-04,7.22,2614.32
332,9.952034e-03,3.758573e+01,4.066338e-04,4.254248e-04,2994887.473,1.090272e-02,3.905001e+01,4.733375e-04,4.528679e-04,3056307.234,5.000000e-04,7.23,2621.56
333,9.713131e-03,3.763333e+01,3.920049e-04,4.059498e-04,2995569.463,7.395566e-03,3.748537e+01,2.461327e-04,2.371405e-04,3018270.141,5.000000e-04,7.92,2629.48
334,8.390284e-03,3.755988e+01,2.993640e-04,3.281313e-04,2994966.410,5.859940e-03,3.771878e+01,1.352829e-04,1.470466e-04,2985424.094,5.000000e-04,8.13,2637.61
335,1.003347e-02,3.744890e+01,4.107281e-04,4.362597e-04,2994324.752,8.258826e-03,3.694876e+01,3.524917e-04,2.078064e-04,2976062.516,5.000000e-04,7.69,2645.30
336,9.430169e-03,3.730137e+01,3.924147e-04,3.551769e-04,2994971.320,1.444611e-02,3.754552e+01,9.212048e-04,2.959019e-04,2973811.820,5.000000e-04,7.04,2652.34
337,8.985300e-03,3.752399e+01,3.574741e-04,3.316319e-04,2995124.484,1.267248e-02,3.658568e+01,7.400366e-04,3.227101e-04,2972509.000,5.000000e-04,7.66,2660.00
338,9.327784e-03,3.758410e+01,3.871943e-04,3.394863e-04,2994471.566,9.067932e-03,3.713268e+01,3.830276e-04,3.048778e-04,3005759.648,5.000000e-04,8.21,2668.21
339,8.602378e-03,3.747171e+01,3.461911e-04,2.786594e-04,2995666.699,5.829495e-03,3.783326e+01,1.654307e-04,7.837247e-05,3002991.633,5.000000e-04,8.39,2676.60
340,1.023902e-02,3.746717e+01,4.443427e-04,4.097756e-04,2994944.373,8.766512e-03,3.648418e+01,3.592548e-04,3.051092e-04,2956531.156,5.000000e-04,8.43,2685.03
341,1.052479e-02,3.735591e+01,4.126238e-04,5.325920e-04,2993837.373,7.226298e-03,3.725506e+01,2.809470e-04,1.382645e-04,2979697.172,5.000000e-04,7.79,2692.82
342,1.009036e-02,3.755932e+01,4.365482e-04,3.937898e-04,2994744.240,8.896719e-03,3.745169e+01,4.205229e-04,1.892641e-04,2997117.281,5.000000e-04,7.25,2700.07
343,9.794731e-03,3.767751e+01,4.018943e-04,4.016073e-04,2994717.844,6.185152e-03,3.765808e+01,1.988872e-04,8.609451e-05,2992897.398,5.000000e-04,8.44,2708.50
344,9.074585e-03,3.760321e+01,3.617301e-04,3.393926e-04,2995158.246,6.051536e-03,3.824684e+01,1.691257e-04,1.071189e-04,3016773.070,5.000000e-04,7.67,2716.18
345,9.810945e-03,3.758896e+01,4.066940e-04,3.970217e-04,2994609.117,6.199375e-03,3.763843e+01,1.606214e-04,1.658637e-04,2978737.016,5.000000e-04,7.65,2723.83
346,9.404032e-03,3.770913e+01,3.816188e-04,3.633861e-04,2995294.701,6.571048e-03,3.809204e+01,2.468733e-04,5.862208e-05,3002671.383,5.000000e-04,7.05,2730.89
347,8.667631e-03,3.773077e+01,3.554827e-04,2.679452e-04,2995588.605,7.977246e-03,3.787982e+01,3.225647e-04,1.927233e-04,2980217.984,5.000000e-04,7.77,2738.66
348,1.022543e-02,3.777980e+01,4.361755e-04,4.171395e-04,2994809.365,9.637965e-03,3.603145e+01,3.541627e-04,4.986385e-04,2943975.516,5.000000e-04,7.92,2746.57
349,9.139160e-03,3.761750e+01,3.644442e-04,3.465936e-04,2994421.926,6.826146e-03,3.813021e+01,1.887588e-04,2.251074e-04,3031395.188,5.000000e-04,8.49,2755.06
350,9.437652e-03,3.749174e+01,4.096952e-04,3.183053e-04,2995235.594,1.099253e-02,3.780038e+01,6.556720e-04,1.311535e-04,2999075.734,5.000000e-04,7.83,2762.89
351,9.456400e-03,3.760336e+01,3.756461e-04,3.879206e-04,2995610.527,8.443563e-03,3.905336e+01,2.636983e-04,3.802489e-04,3052602.594,5.000000e-04,7.61,2770.50
352,8.155308e-03,3.754433e+01,3.008423e-04,2.784904e-04,2995025.293,9.852799e-03,3.890076e+01,3.937433e-04,4.050581e-04,3053120.094,5.000000e-04,7.68,2778.19
353,7.932667e-03,3.746133e+01,2.847612e-04,2.677844e-04,2996167.988,1.575562e-02,3.558145e+01,8.188847e-04,8.017252e-04,2929098.531,5.000000e-04,7.57,2785.76
354,9.364371e-03,3.741879e+01,3.622680e-04,3.999624e-04,2994313.717,1.054582e-02,3.567542e+01,4.348869e-04,5.258823e-04,2943158.531,5.000000e-04,7.61,2793.38
355,9.782475e-03,3.755629e+01,3.870146e-04,4.313401e-04,2994739.205,1.240769e-02,3.745376e+01,8.050777e-04,1.223083e-04,2975371.195,5.000000e-04,7.04,2800.42
356,9.602894e-03,3.760844e+01,4.167158e-04,3.349784e-04,2994779.891,6.333536e-03,3.693314e+01,1.948731e-04,1.382983e-04,2975538.047,5.000000e-04,7.35,2807.77
357,8.335316e-03,3.748365e+01,3.156850e-04,2.860202e-04,2994790.023,6.409229e-03,3.825025e+01,1.892917e-04,1.382573e-04,3021462.359,5.000000e-04,8.07,2815.84
358,9.281177e-03,3.760930e+01,3.952689e-04,3.135117e-04,2994786.842,6.876467e-03,3.682594e+01,2.398494e-04,1.590757e-04,2969036.859,5.000000e-04,8.05,2823.91
359,9.172081e-03,3.740555e+01,3.735803e-04,3.391445e-04,2995071.645,7.145184e-03,3.864618e+01,2.444798e-04,1.671535e-04,3028859.320,5.000000e-04,8.15,2832.06
360,8.534723e-03,3.747098e+01,3.324363e-04,2.926524e-04,2996012.908,7.165091e-03,3.726928e+01,2.791365e-04,1.293594e-04,2980854.398,5.000000e-04,7.64,2839.71
361,8.395238e-03,3.753365e+01,2.910179e-04,3.463388e-04,2994984.713,7.399365e-03,3.672188e+01,2.765935e-04,1.922485e-04,2969667.219,5.000000e-04,7.97,2847.69
362,8.700264e-03,3.760323e+01,3.362179e-04,3.155523e-04,2995447.736,6.853153e-03,3.665033e+01,1.989876e-04,2.396489e-04,2964197.977,5.000000e-04,7.58,2855.27
363,8.366073e-03,3.746296e+01,3.146306e-04,2.946941e-04,2995816.559,6.771336e-03,3.850774e+01,2.323677e-04,1.193769e-04,3006871.078,5.000000e-04,8.08,2863.36
364,9.209154e-03,3.743686e+01,3.663593e-04,3.603750e-04,2994097.666,8.333128e-03,3.883802e+01,2.330691e-04,4.237271e-04,3053905.258,5.000000e-04,7.92,2871.28
365,9.122270e-03,3.737577e+01,3.831190e-04,3.107005e-04,2995773.264,5.964605e-03,3.722242e+01,1.833375e-04,8.179757e-05,2987949.195,5.000000e-04,7.99,2879.28
366,9.782300e-03,3.733683e+01,4.067151e-04,3.962932e-04,2994041.564,8.721718e-03,3.934604e+01,1.577171e-04,6.419887e-04,3071248.328,5.000000e-04,7.93,2887.23
367,9.495889e-03,3.747008e+01,3.956498e-04,3.584767e-04,2995986.023,1.490898e-02,3.487010e+01,4.677330e-04,1.348927e-03,2900559.297,5.000000e-04,7.89,2895.13
368,9.497434e-03,3.735045e+01,3.982114e-04,3.560552e-04,2993532.029,7.335131e-03,3.848523e+01,2.434472e-04,2.104272e-04,3037026.539,5.000000e-04,7.89,2903.02
369,8.673426e-03,3.727064e+01,3.599365e-04,2.693993e-04,2995548.270,6.455686e-03,3.802827e+01,2.242059e-04,8.216010e-05,3012809.586,5.000000e-04,7.24,2910.27
370,9.286454e-03,3.753845e+01,3.869652e-04,3.325913e-04,2995284.949,8.381593e-03,3.805603e+01,3.883576e-04,1.384829e-04,3015537.586,5.000000e-04,7.81,2918.08
371,8.332722e-03,3.749657e+01,3.076109e-04,3.013911e-04,2994994.295,7.073132e-03,3.832546e+01,2.605631e-04,1.269910e-04,3009246.227,5.000000e-04,7.25,2925.33
372,8.612961e-03,3.735854e+01,3.222370e-04,3.309473e-04,2995477.689,9.002245e-03,3.886990e+01,2.781336e-04,4.667838e-04,3055678.430,5.000000e-04,7.82,2933.15
373,8.220107e-03,3.751412e+01,3.103528e-04,2.730332e-04,2995976.375,1.046817e-02,3.847389e+01,3.715220e-04,5.811116e-04,3062946.344,5.000000e-04,7.79,2940.94
374,8.168260e-03,3.739929e+01,2.890594e-04,3.075474e-04,2995494.740,6.547208e-03,3.657068e+01,1.548912e-04,2.682455e-04,2957352.844,5.000000e-04,7.35,2948.29
375,9.720123e-03,3.742888e+01,3.898746e-04,4.156978e-04,2994673.184,6.276263e-03,3.751055e+01,1.735195e-04,1.580026e-04,3017113.258,5.000000e-04,7.63,2955.92
376,9.179468e-03,3.741983e+01,3.976140e-04,2.922690e-04,2995120.045,7.366613e-03,3.738341e+01,3.096946e-04,1.062653e-04,2996708.820,5.000000e-04,8.22,2964.14
377,8.736564e-03,3.731738e+01,3.399106e-04,3.211439e-04,2994961.744,1.139675e-02,3.680951e+01,3.352724e-04,8.726158e-04,2929179.133,5.000000e-04,7.61,2971.75
378,9.648798e-03,3.747939e+01,3.734954e-04,4.331812e-04,2995334.020,6.841325e-03,3.696230e+01,2.216386e-04,1.857418e-04,2971627.742,5.000000e-04,7.30,2979.05
379,8.880546e-03,3.746827e+01,3.384479e-04,3.498479e-04,2994911.170,1.375936e-02,3.623759e+01,8.331372e-04,3.608466e-04,2959686.891,5.000000e-04,7.10,2986.18
380,9.455755e-03,3.754974e+01,3.712298e-04,3.976967e-04,2995307.027,1.301151e-02,3.875908e+01,6.170820e-04,5.929571e-04,3050147.602,5.000000e-04,7.56,2993.74
381,8.678672e-03,3.738253e+01,3.250926e-04,3.378986e-04,2995183.082,6.586791e-03,3.728758e+01,2.079571e-04,1.556923e-04,2971396.273,5.000000e-04,8.05,3001.79
382,8.481787e-03,3.740748e+01,3.310417e-04,2.861246e-04,2994746.859,7.045462e-03,3.734001e+01,1.998397e-04,2.626128e-04,2968063.664,5.000000e-04,8.01,3009.81
383,7.951059e-03,3.747223e+01,2.962750e-04,2.482172e-04,2996209.473,8.363888e-03,3.702609e+01,3.627178e-04,2.068203e-04,2979815.969,5.000000e-04,7.43,3017.23
384,8.141439e-03,3.746069e+01,3.005256e-04,2.780229e-04,2995554.781,7.720014e-03,3.673461e+01,3.481750e-04,1.129605e-04,2985272.742,5.000000e-04,7.54,3024.77
385,9.549502e-03,3.736466e+01,3.665621e-04,4.294830e-04,2994368.750,7.631302e-03,3.759253e+01,2.614633e-04,2.514833e-04,3025270.289,5.000000e-04,8.14,3032.91
386,9.675114e-03,3.736414e+01,3.896545e-04,4.084310e-04,2995352.742,9.308610e-03,3.555822e+01,3.164805e-04,5.175967e-04,2941680.180,5.000000e-04,8.39,3041.30
387,8.290268e-03,3.745271e+01,3.003311e-04,3.083372e-04,2995258.686,8.546510e-03,3.740719e+01,4.213567e-04,1.184449e-04,2980440.930,5.000000e-04,8.36,3049.66
388,7.534559e-03,3.740016e+01,2.712850e-04,2.163387e-04,2995860.434,1.029469e-02,3.661348e+01,5.597953e-04,2.070781e-04,2982944.977,5.000000e-04,7.47,3057.13
389,9.446051e-03,3.722643e+01,3.664364e-04,4.118087e-04,2995177.807,1.250008e-02,3.564600e+01,5.240387e-04,7.390191e-04,2947429.430,5.000000e-04,7.52,3064.65
390,8.547056e-03,3.711693e+01,3.321919e-04,3.026889e-04,2994649.381,8.831656e-03,3.851674e+01,2.683152e-04,4.593662e-04,3055085.727,5.000000e-04,8.31,3072.96
391,8.128907e-03,3.733222e+01,3.081930e-04,2.627509e-04,2996539.766,8.833786e-03,3.658735e+01,3.573399e-04,3.203303e-04,2964458.359,5.000000e-04,7.84,3080.83
392,1.096459e-02,3.717456e+01,4.832676e-04,4.828925e-04,2994018.066,1.133498e-02,3.750296e+01,6.200402e-04,2.768573e-04,2977706.375,5.000000e-04,8.65,3089.49
393,1.015484e-02,3.734527e+01,4.035777e-04,4.769074e-04,2994124.771,9.589198e-03,3.574465e+01,4.146536e-04,3.736393e-04,2957724.680,5.000000e-04,7.51,3097.00
394,8.681808e-03,3.729206e+01,3.245785e-04,3.413633e-04,2995014.471,7.569617e-03,3.853649e+01,2.080428e-04,3.271079e-04,3036917.852,5.000000e-04,7.63,3104.64
395,8.346249e-03,3.727738e+01,3.361844e-04,2.513334e-04,2995461.678,6.667872e-03,3.782798e+01,2.198213e-04,1.373721e-04,3018348.484,5.000000e-04,7.75,3112.39
396,8.585877e-03,3.722470e+01,3.304488e-04,3.117837e-04,2995046.596,5.752319e-03,3.729829e+01,1.663490e-04,7.180018e-05,3009016.938,5.000000e-04,7.98,3120.37
397,8.130648e-03,3.708787e+01,3.196639e-04,2.450445e-04,2995540.744,9.072049e-03,3.772542e+01,4.710961e-04,1.177093e-04,3007823.391,5.000000e-04,7.32,3127.70
398,8.324906e-03,3.717665e+01,2.994126e-04,3.226230e-04,2996192.576,8.696753e-03,3.662603e+01,3.233083e-04,3.602135e-04,2950427.875,5.000000e-04,8.29,3135.99
399,9.700805e-03,3.726566e+01,3.917627e-04,4.113223e-04,2993907.652,6.954032e-03,3.800107e+01,2.136968e-04,2.033914e-04,3027267.867,5.000000e-04,7.81,3143.80
400,7.612950e-03,3.722816e+01,2.591523e-04,2.597222e-04,2997090.264,7.450194e-03,3.619705e+01,1.279990e-04,5.100997e-04,2940748.078,5.000000e-04,7.63,3151.43
401,8.704440e-03,3.712626e+01,3.347720e-04,3.288190e-04,2995023.094,9.534732e-03,3.659216e+01,4.810223e-04,2.130587e-04,2990238.281,5.000000e-04,7.72,3159.16
402,8.358183e-03,3.724662e+01,3.178613e-04,2.909814e-04,2995888.033,6.487817e-03,3.718187e+01,1.623185e-04,2.292891e-04,2969749.984,5.000000e-04,8.26,3167.42
403,8.149420e-03,3.716398e+01,3.133174e-04,2.599696e-04,2994556.805,1.039657e-02,3.862670e+01,4.033323e-04,5.001150e-04,3060844.836,5.000000e-04,7.40,3174.82
404,9.108839e-03,3.713314e+01,3.998475e-04,2.794101e-04,2995289.705,8.461500e-03,3.860461e+01,1.777967e-04,5.646144e-04,3061428.172,5.000000e-04,7.58,3182.40
405,8.300510e-03,3.718313e+01,3.062464e-04,3.039467e-04,2996414.963,1.006768e-02,3.598774e+01,3.330500e-04,6.276818e-04,2933216.273,5.000000e-04,7.29,3189.70
406,8.942031e-03,3.711610e+01,3.439936e-04,3.580970e-04,2994381.816,1.189024e-02,3.846753e+01,3.232519e-04,9.621946e-04,3083561.016,5.000000e-04,7.85,3197.54
407,8.099593e-03,3.712201e+01,3.257385e-04,2.260015e-04,2995670.588,8.345957e-03,3.806949e+01,2.332889e-04,4.412237e-04,3049418.875,5.000000e-04,7.71,3205.27
408,8.436044e-03,3.702781e+01,3.172214e-04,3.122098e-04,2995713.469,5.558369e-03,3.753905e+01,1.122010e-04,1.364908e-04,3024401.883,5.000000e-04,7.50,3212.76
409,7.620055e-03,3.699183e+01,2.839267e-04,2.163211e-04,2996342.771,6.149695e-03,3.730750e+01,1.893610e-04,1.050670e-04,2986625.656,5.000000e-04,7.67,3220.44
410,7.879083e-03,3.699187e+01,2.988384e-04,2.383026e-04,2995561.309,7.785018e-03,3.611742e+01,2.791028e-04,2.764495e-04,2954368.883,5.000000e-04,7.35,3227.79
411,7.913047e-03,3.713927e+01,2.690533e-04,3.017174e-04,2995294.654,7.116201e-03,3.686853e+01,2.694357e-04,1.469982e-04,3005169.867,5.000000e-04,8.12,3235.91
412,8.368895e-03,3.700177e+01,2.857839e-04,3.621757e-04,2994565.242,7.270208e-03,3.795838e+01,2.408341e-04,2.132057e-04,3033977.969,5.000000e-04,8.18,3244.10
413,8.527540e-03,3.710902e+01,3.187268e-04,3.258741e-04,2996472.430,9.156054e-03,3.860356e+01,3.599689e-04,3.392018e-04,3050302.742,5.000000e-04,7.92,3252.03
414,8.412613e-03,3.712272e+01,2.888112e-04,3.624457e-04,2995562.805,8.606879e-03,3.718727e+01,4.631045e-04,5.142140e-05,2999131.000,5.000000e-04,7.34,3259.37
415,9.332608e-03,3.704206e+01,3.862735e-04,3.531335e-04,2994493.561,7.001089e-03,3.689298e+01,2.094205e-04,2.435173e-04,2984521.203,5.000000e-04,7.51,3266.88
416,7.612601e-03,3.696886e+01,2.461732e-04,2.907965e-04,2996279.270,6.724854e-03,3.686967e+01,1.810571e-04,2.454634e-04,2987073.148,5.000000e-04,8.68,3275.55
417,9.518812e-03,3.698218e+01,3.674812e-04,4.291563e-04,2995110.727,8.631636e-03,3.786757e+01,2.846306e-04,3.997148e-04,3047079.219,5.000000e-04,8.47,3284.03
418,8.123639e-03,3.712595e+01,2.848416e-04,3.125255e-04,2995310.783,6.318046e-03,3.662793e+01,2.165387e-04,9.797317e-05,2980450.594,5.000000e-04,7.85,3291.88
419,8.047902e-03,3.702826e+01,2.843699e-04,3.002755e-04,2995118.355,6.100261e-03,3.719990e+01,2.157666e-04,4.452106e-05,3004930.828,5.000000e-04,7.50,3299.39
420,8.368076e-03,3.706058e+01,2.957686e-04,3.408666e-04,2995601.236,6.319835e-03,3.669234e+01,1.279276e-04,2.742649e-04,3004738.031,5.000000e-04,7.66,3307.04
421,8.741468e-03,3.713254e+01,3.460771e-04,3.134886e-04,2995556.426,9.225125e-03,3.665146e+01,4.704821e-04,1.710315e-04,2998708.383,5.000000e-04,7.54,3314.59
422,8.676505e-03,3.715887e+01,3.140332e-04,3.640571e-04,2994855.771,1.093398e-02,3.759773e+01,6.589267e-04,1.169872e-04,3015574.141,5.000000e-04,7.75,3322.33
423,8.509350e-03,3.724543e+01,3.091357e-04,3.386901e-04,2995555.250,8.563499e-03,3.830142e+01,3.560244e-04,2.346225e-04,3017820.062,5.000000e-04,7.98,3330.31
424,8.023576e-03,3.715159e+01,2.796416e-04,3.024001e-04,2995255.568,6.609757e-03,3.843619e+01,1.647948e-04,2.236381e-04,3034309.273,5.000000e-04,7.74,3338.05
425,8.861351e-03,3.732016e+01,3.441769e-04,3.375132e-04,2995325.600,5.749531e-03,3.719699e+01,1.649200e-04,7.612630e-05,2995336.734,5.000000e-04,7.52,3345.57
426,7.919373e-03,3.722611e+01,2.719978e-04,2.953569e-04,2996356.922,8.097022e-03,3.703220e+01,3.069984e-04,2.647635e-04,2961403.641,5.000000e-04,8.04,3353.61
427,7.785875e-03,3.730329e+01,2.974563e-04,2.161967e-04,2995126.258,5.386253e-03,3.823277e+01,1.037063e-04,1.051826e-04,3020145.469,5.000000e-04,7.84,3361.45
428,8.240881e-03,3.705951e+01,2.935361e-04,3.199139e-04,2995607.162,7.482791e-03,3.849745e+01,2.140350e-04,2.985394e-04,3041710.969,5.000000e-04,7.86,3369.31
429,8.354386e-03,3.712115e+01,3.053065e-04,3.178414e-04,2995383.881,7.166265e-03,3.732549e+01,2.863460e-04,1.140513e-04,3011810.766,5.000000e-04,7.91,3377.22
430,8.379822e-03,3.699345e+01,3.198878e-04,2.963198e-04,2995396.932,8.337606e-03,3.741816e+01,4.377851e-04,4.358786e-05,3004016.891,5.000000e-04,7.47,3384.69
431,7.978681e-03,3.701477e+01,2.950205e-04,2.653997e-04,2995554.604,5.748744e-03,3.800006e+01,1.368538e-04,1.160400e-04,3013919.523,5.000000e-04,7.75,3392.44
432,7.992646e-03,3.716916e+01,2.861993e-04,2.827473e-04,2995324.148,9.120745e-03,3.862466e+01,3.515984e-04,3.484591e-04,3043025.508,5.000000e-04,7.94,3400.38
433,8.497239e-03,3.721216e+01,3.110770e-04,3.330506e-04,2995527.701,1.553361e-02,3.749644e+01,1.103242e-03,1.503091e-04,3011962.430,5.000000e-04,7.52,3407.90
434,8.422269e-03,3.723541e+01,3.190650e-04,3.016156e-04,2995425.725,6.665297e-03,3.613998e+01,1.414345e-04,3.273908e-04,2953673.508,5.000000e-04,7.13,3415.03
435,7.675288e-03,3.709062e+01,2.829791e-04,2.272870e-04,2995416.033,4.912034e-03,3.765560e+01,9.360804e-05,4.207862e-05,3002483.391,5.000000e-04,7.36,3422.39
436,7.529289e-03,3.713998e+01,2.585769e-04,2.459044e-04,2995781.426,7.272427e-03,3.762370e+01,3.086186e-04,8.477425e-05,3007344.977,5.000000e-04,8.05,3430.44
437,8.316916e-03,3.714177e+01,2.890611e-04,3.424257e-04,2996177.936,9.087887e-03,3.585338e+01,3.612689e-04,3.779721e-04,2946796.367,5.000000e-04,8.25,3438.69
438,8.144251e-03,3.714470e+01,2.762363e-04,3.334835e-04,2994522.398,1.348459e-02,3.744842e+01,9.301303e-04,8.768921e-05,3013466.430,5.000000e-04,7.51,3446.20
439,7.598396e-03,3.710315e+01,2.834567e-04,2.107029e-04,2996369.172,5.345148e-03,3.666254e+01,1.163720e-04,1.030348e-04,2981980.883,5.000000e-04,7.33,3453.52
440,8.217410e-03,3.707372e+01,3.060968e-04,2.898140e-04,2995255.041,5.769709e-03,3.741618e+01,1.597832e-04,8.605192e-05,3014308.719,5.000000e-04,7.74,3461.26
441,8.459148e-03,3.707968e+01,3.141862e-04,3.218636e-04,2995832.939,7.341545e-03,3.603261e+01,2.477575e-04,2.521420e-04,2962045.859,5.000000e-04,7.93,3469.19
442,7.400285e-03,3.717735e+01,2.391972e-04,2.581158e-04,2995104.500,5.472289e-03,3.765132e+01,1.454481e-04,5.053522e-05,3005243.805,5.000000e-04,7.95,3477.14
443,7.845370e-03,3.720720e+01,2.601964e-04,3.045372e-04,2995842.373,7.989200e-03,3.585425e+01,2.570544e-04,3.666463e-04,2955261.211,5.000000e-04,8.21,3485.35
444,7.832420e-03,3.716070e+01,2.630995e-04,2.970712e-04,2996037.861,9.388134e-03,3.569423e+01,2.253563e-04,7.130295e-04,2929883.203,5.000000e-04,7.37,3492.72
445,7.670436e-03,3.709807e+01,2.605097e-04,2.711063e-04,2995557.533,5.517861e-03,3.666182e+01,1.327097e-04,1.049164e-04,2986663.023,5.000000e-04,7.50,3500.22
446,7.405008e-03,3.701702e+01,2.629802e-04,2.147008e-04,2996000.021,1.242817e-02,3.542513e+01,5.627232e-04,6.516842e-04,2925762.352,5.000000e-04,8.03,3508.25
447,8.136893e-03,3.706241e+01,3.223458e-04,2.414390e-04,2994738.107,9.390772e-03,3.745581e+01,5.024996e-04,1.240390e-04,3022035.750,5.000000e-04,8.23,3516.48
448,7.728703e-03,3.705304e+01,2.871973e-04,2.302851e-04,2996794.531,9.962492e-03,3.503591e+01,3.092064e-04,6.733673e-04,2928978.180,5.000000e-04,7.95,3524.43
449,7.879662e-03,3.705719e+01,2.888457e-04,2.570971e-04,2995720.373,6.249313e-03,3.638553e+01,2.073452e-04,1.074616e-04,2979767.914,5.000000e-04,7.55,3531.98
450,7.783592e-03,3.707364e+01,2.578182e-04,2.996094e-04,2995293.268,5.467656e-03,3.790289e+01,1.315123e-04,7.244860e-05,3004704.555,5.000000e-04,7.57,3539.55
451,7.696978e-03,3.706091e+01,2.782982e-04,2.415811e-04,2995551.713,6.100141e-03,3.685394e+01,2.178483e-04,4.725280e-05,2988877.086,5.000000e-04,7.81,3547.36
452,8.196396e-03,3.696313e+01,2.939433e-04,3.121298e-04,2995923.732,6.936305e-03,3.595469e+01,1.227103e-04,4.227467e-04,2945026.859,5.000000e-04,7.98,3555.34
453,7.521657e-03,3.710828e+01,2.258490e-04,3.104677e-04,2995865.299,5.393723e-03,3.625832e+01,1.065295e-04,1.405193e-04,2972831.141,5.000000e-04,7.59,3562.93
454,7.271601e-03,3.703371e+01,2.276182e-04,2.584098e-04,2995570.926,5.989141e-03,3.696483e+01,1.738095e-04,1.109126e-04,2980609.047,5.000000e-04,7.49,3570.42
455,9.055524e-03,3.701277e+01,3.648565e-04,3.411366e-04,2995319.818,5.520787e-03,3.686864e+01,1.317034e-04,1.033777e-04,2976599.047,5.000000e-04,7.66,3578.08
456,7.144943e-03,3.714288e+01,2.371093e-04,2.119125e-04,2995559.525,5.876455e-03,3.646824e+01,1.585090e-04,1.289082e-04,2977791.422,5.000000e-04,8.34,3586.42
457,7.385822e-03,3.705121e+01,2.633198e-04,2.095003e-04,2996193.990,5.494219e-03,3.643629e+01,1.500959e-04,6.992643e-05,2988974.281,5.000000e-04,7.87,3594.29
458,7.816401e-03,3.696794e+01,2.765583e-04,2.708048e-04,2995774.199,5.565729e-03,3.655631e+01,1.480621e-04,8.589538e-05,2981644.555,5.000000e-04,7.41,3601.70
459,7.989955e-03,3.698879e+01,2.888639e-04,2.804876e-04,2995860.748,6.138090e-03,3.627638e+01,1.151466e-04,2.717972e-04,2954940.883,5.000000e-04,7.81,3609.51
460,7.770155e-03,3.689254e+01,2.634101e-04,2.893600e-04,2994908.158,6.043181e-03,3.715779e+01,1.456700e-04,1.741404e-04,3007734.211,5.000000e-04,7.73,3617.23
461,7.956812e-03,3.689793e+01,3.098895e-04,2.336247e-04,2995002.840,1.677609e-02,3.910718e+01,7.329909e-04,1.107093e-03,3093010.844,5.000000e-04,8.23,3625.47
462,7.053075e-03,3.699336e+01,2.211611e-04,2.284257e-04,2996836.449,7.724030e-03,3.751862e+01,3.481169e-04,9.819986e-05,3001190.422,5.000000e-04,8.00,3633.47
463,7.268353e-03,3.688873e+01,2.372160e-04,2.414641e-04,2996377.193,1.672105e-02,3.384558e+01,6.078563e-04,1.451587e-03,2898952.141,5.000000e-04,7.54,3641.01
464,7.842206e-03,3.694163e+01,2.561634e-04,3.172818e-04,2994839.059,5.516470e-03,3.790928e+01,1.172832e-04,1.105421e-04,3020442.617,5.000000e-04,7.85,3648.87
465,7.748084e-03,3.694318e+01,2.870486e-04,2.366561e-04,2996407.492,7.747389e-03,3.626494e+01,2.740943e-04,2.759905e-04,2964002.398,5.000000e-04,8.00,3656.90
466,8.056326e-03,3.699418e+01,2.838161e-04,3.037493e-04,2995446.781,1.678172e-02,3.975949e+01,6.263950e-04,1.308365e-03,3098829.898,5.000000e-04,7.99,3664.88
467,8.012797e-03,3.702019e+01,2.606232e-04,3.409091e-04,2995769.570,4.809743e-03,3.740687e+01,8.249738e-05,4.881645e-05,3011381.602,5.000000e-04,7.58,3672.46
468,7.614586e-03,3.707332e+01,2.674806e-04,2.464896e-04,2995711.674,7.036209e-03,3.778518e+01,2.893203e-04,7.289761e-05,3013343.414,5.000000e-04,7.76,3680.22
469,8.255795e-03,3.693824e+01,3.096905e-04,2.930134e-04,2995972.480,7.651309e-03,3.654274e+01,2.813401e-04,2.367270e-04,3007036.508,5.000000e-04,7.48,3687.70
470,7.061174e-03,3.693072e+01,2.203140e-04,2.329924e-04,2995779.611,5.363654e-03,3.675826e+01,1.229437e-04,9.167831e-05,3001269.883,5.000000e-04,7.76,3695.47
471,7.841307e-03,3.688036e+01,2.864902e-04,2.576738e-04,2995230.559,8.077810e-03,3.780573e+01,2.590033e-04,3.414408e-04,3045732.359,5.000000e-04,8.38,3703.84
472,8.236986e-03,3.687868e+01,3.011285e-04,3.075665e-04,2995958.564,7.634942e-03,3.838119e+01,2.704359e-04,2.184929e-04,3031246.773,5.000000e-04,8.06,3711.91
473,7.834654e-03,3.686069e+01,2.705557e-04,2.886057e-04,2996514.035,6.161420e-03,3.641240e+01,1.508821e-04,2.022719e-04,2971504.109,5.000000e-04,8.18,3720.11
474,8.079940e-03,3.691190e+01,2.618015e-04,3.541469e-04,2994492.631,8.359892e-03,3.757135e+01,3.333961e-04,2.537592e-04,3035344.977,5.000000e-04,6.93,3727.05
475,7.440052e-03,3.693928e+01,2.537812e-04,2.416624e-04,2996044.844,7.616122e-03,3.846396e+01,1.877912e-04,3.783629e-04,3046174.641,5.000000e-04,7.43,3734.47
476,8.185955e-03,3.694468e+01,2.935595e-04,3.111782e-04,2994998.689,8.159937e-03,3.798792e+01,2.655948e-04,3.410394e-04,3041201.102,5.000000e-04,7.69,3742.16
477,7.246941e-03,3.691037e+01,2.502362e-04,2.107083e-04,2995988.902,1.032421e-02,3.805282e+01,5.619239e-04,1.799377e-04,3020073.242,5.000000e-04,7.75,3749.91
478,7.667551e-03,3.698080e+01,2.748494e-04,2.441955e-04,2996835.080,6.039566e-03,3.642768e+01,1.569853e-04,1.653889e-04,2987678.039,5.000000e-04,7.27,3757.18
479,7.080004e-03,3.694771e+01,2.263731e-04,2.243003e-04,2994999.750,9.923820e-03,3.826226e+01,3.460922e-04,5.273344e-04,3061813.547,5.000000e-04,7.21,3764.39
480,7.750454e-03,3.696244e+01,2.774873e-04,2.558673e-04,2996303.893,9.799637e-03,3.891413e+01,3.837718e-04,4.141015e-04,3018444.672,5.000000e-04,7.78,3772.18
481,8.391160e-03,3.690414e+01,3.253380e-04,2.894731e-04,2995392.848,6.277371e-03,3.707049e+01,8.839912e-05,3.372662e-04,3028060.180,5.000000e-04,8.42,3780.60
482,7.555088e-03,3.679383e+01,2.533083e-04,2.685245e-04,2996125.484,5.494828e-03,3.622866e+01,1.345199e-04,1.053527e-04,2974255.656,5.000000e-04,7.92,3788.52
483,9.038775e-03,3.675754e+01,3.448409e-04,3.829223e-04,2993689.510,1.093277e-02,3.915602e+01,4.123486e-04,5.787373e-04,3062607.266,5.000000e-04,7.78,3796.29
484,7.901977e-03,3.686722e+01,2.959408e-04,2.511694e-04,2997227.688,1.615137e-02,3.531639e+01,7.325188e-04,1.058908e-03,2913070.156,5.000000e-04,7.86,3804.15
485,7.952058e-03,3.697131e+01,2.811291e-04,2.887272e-04,2995241.611,7.333081e-03,3.740517e+01,2.137354e-04,2.910419e-04,3038602.344,5.000000e-04,7.82,3811.97
486,8.707623e-03,3.684962e+01,3.352994e-04,3.339333e-04,2994865.678,8.548397e-03,3.811185e+01,3.321559e-04,2.831305e-04,3044001.320,5.000000e-04,8.14,3820.11
487,8.398502e-03,3.695900e+01,2.870686e-04,3.663832e-04,2996148.684,5.643493e-03,3.723856e+01,1.453719e-04,9.318379e-05,2997851.352,5.000000e-04,7.96,3828.07
488,7.633705e-03,3.692304e+01,2.692172e-04,2.498457e-04,2995205.783,7.370203e-03,3.602541e+01,2.311226e-04,2.912871e-04,2954002.766,5.000000e-04,7.79,3835.86
489,7.829750e-03,3.696942e+01,2.577009e-04,3.111598e-04,2995475.068,6.880252e-03,3.790103e+01,1.302807e-04,3.574684e-04,3048873.812,5.000000e-04,7.75,3843.61
490,7.066353e-03,3.691738e+01,2.375835e-04,1.997560e-04,2996600.168,6.290767e-03,3.596347e+01,1.034029e-04,3.320783e-04,2952297.859,5.000000e-04,7.73,3851.35
491,6.817353e-03,3.695198e+01,1.985283e-04,2.273744e-04,2996021.402,1.047874e-02,3.829232e+01,3.778995e-04,5.741029e-04,3053676.141,5.000000e-04,8.80,3860.15
492,7.455152e-03,3.689484e+01,2.355542e-04,2.820252e-04,2995366.969,5.718153e-03,3.792155e+01,9.795175e-05,1.892962e-04,3031665.547,5.000000e-04,8.06,3868.21
493,7.383062e-03,3.692629e+01,2.266912e-04,2.847043e-04,2996183.896,5.901271e-03,3.729011e+01,1.509889e-04,1.324742e-04,2984767.055,5.000000e-04,7.65,3875.86
494,7.574041e-03,3.695933e+01,2.772490e-04,2.211236e-04,2995988.404,5.200760e-03,3.734157e+01,1.078829e-04,7.755485e-05,2995283.297,5.000000e-04,7.62,3883.49
495,8.045674e-03,3.685534e+01,2.811305e-04,3.097671e-04,2995288.746,5.491007e-03,3.776251e+01,1.164827e-04,1.099857e-04,3017476.180,5.000000e-04,7.88,3891.37
496,7.802275e-03,3.683918e+01,2.424140e-04,3.388432e-04,2995741.289,5.159918e-03,3.635783e+01,1.043645e-04,9.609796e-05,2984342.531,5.000000e-04,7.95,3899.32
497,7.540580e-03,3.691476e+01,2.598308e-04,2.501593e-04,2995995.064,5.298452e-03,3.692145e+01,1.037591e-04,1.137433e-04,2989314.453,5.000000e-04,8.50,3907.83
498,8.890920e-03,3.695001e+01,3.571797e-04,3.248243e-04,2995346.676,7.235085e-03,3.776741e+01,3.024282e-04,8.681244e-05,3006566.508,5.000000e-04,8.17,3916.00
499,7.605007e-03,3.711797e+01,2.479893e-04,2.826632e-04,2995807.131,7.877519e-03,3.543117e+01,2.545672e-04,3.577462e-04,2950261.922,5.000000e-04,7.19,3923.19
500,7.265686e-03,3.696692e+01,2.556850e-04,2.024288e-04,2995597.023,5.278140e-03,3.649904e+01,1.196333e-04,8.638080e-05,2981323.156,5.000000e-04,7.20,3930.39
501,8.706945e-03,3.688259e+01,3.258368e-04,3.520635e-04,2995535.715,1.619632e-02,3.967337e+01,4.328605e-04,1.580076e-03,3101763.766,5.000000e-04,7.71,3938.10
502,7.451402e-03,3.697848e+01,2.275370e-04,2.956368e-04,2995691.885,6.659497e-03,3.664908e+01,1.420206e-04,3.148767e-04,2960487.234,5.000000e-04,8.44,3946.53
503,7.663625e-03,3.707040e+01,2.625469e-04,2.662232e-04,2995174.621,6.774247e-03,3.696011e+01,2.584285e-04,9.879016e-05,2997791.930,5.000000e-04,8.88,3955.41
504,6.954314e-03,3.700829e+01,2.091807e-04,2.323355e-04,2996848.113,7.277883e-03,3.566406e+01,9.867418e-05,5.449471e-04,2934743.789,5.000000e-04,7.97,3963.38
505,7.247635e-03,3.691565e+01,2.409890e-04,2.292361e-04,2996037.131,9.683785e-03,3.552889e+01,1.957083e-04,8.347627e-04,2926543.281,5.000000e-04,7.54,3970.93
506,7.063884e-03,3.693230e+01,2.248882e-04,2.243544e-04,2995531.424,6.670747e-03,3.593998e+01,2.068114e-04,2.017271e-04,2962359.531,5.000000e-04,8.20,3979.15
507,7.095794e-03,3.686295e+01,2.260272e-04,2.298454e-04,2996021.127,6.091012e-03,3.669287e+01,1.881073e-04,1.081306e-04,3001923.039,5.000000e-04,8.25,3987.40
508,8.054277e-03,3.687327e+01,2.874573e-04,2.984754e-04,2994739.254,8.597117e-03,3.889522e+01,1.149638e-04,7.115914e-04,3077001.453,5.000000e-04,8.33,3995.72
509,8.155972e-03,3.693785e+01,3.074979e-04,2.774415e-04,2997333.688,5.565320e-03,3.615952e+01,1.221924e-04,1.454888e-04,2982348.195,5.000000e-04,8.10,4003.82
510,7.502568e-03,3.686351e+01,2.453989e-04,2.724456e-04,2995349.303,1.491015e-02,3.600663e+01,9.845599e-04,2.927776e-04,2963039.180,5.000000e-04,7.89,4011.71
511,8.058817e-03,3.686183e+01,2.966980e-04,2.811309e-04,2996324.686,5.257069e-03,3.719426e+01,9.147046e-05,1.245878e-04,2982682.539,5.000000e-04,7.46,4019.18
512,7.425192e-03,3.690744e+01,2.417097e-04,2.634702e-04,2994821.430,1.168824e-02,3.935105e+01,3.358886e-04,8.788501e-04,3080551.102,5.000000e-04,8.37,4027.54
513,7.153044e-03,3.696829e+01,2.143626e-04,2.625180e-04,2996637.592,5.044801e-03,3.755504e+01,8.977104e-05,7.831731e-05,3009531.648,5.000000e-04,8.20,4035.75
514,8.061854e-03,3.694798e+01,2.710719e-04,3.312673e-04,2995961.703,5.530511e-03,3.678008e+01,1.138487e-04,1.428031e-04,2990867.578,5.000000e-04,7.94,4043.68
515,7.945477e-03,3.694004e+01,2.510867e-04,3.481214e-04,2995374.857,6.210904e-03,3.725311e+01,2.194683e-04,5.818201e-05,2997169.711,5.000000e-04,7.67,4051.35
516,7.300175e-03,3.692815e+01,2.490725e-04,2.233270e-04,2995653.613,9.712607e-03,3.629028e+01,4.676663e-04,2.813831e-04,2962078.102,5.000000e-04,7.31,4058.67
517,7.425861e-03,3.694216e+01,2.629264e-04,2.204763e-04,2995830.111,5.671780e-03,3.639350e+01,1.535900e-04,9.930597e-05,2981342.609,5.000000e-04,7.51,4066.18
518,7.534434e-03,3.685057e+01,2.344290e-04,3.010176e-04,2996003.238,7.224338e-03,3.664609e+01,2.293081e-04,2.533295e-04,3017366.594,5.000000e-04,8.19,4074.37
519,7.579545e-03,3.678507e+01,2.476615e-04,2.848844e-04,2995610.463,6.685127e-03,3.801213e+01,1.711543e-04,2.344743e-04,3041643.172,5.000000e-04,7.79,4082.16
520,7.570007e-03,3.675973e+01,2.512121e-04,2.763828e-04,2996005.695,5.542455e-03,3.668173e+01,1.418260e-04,9.120436e-05,2996791.148,5.000000e-04,7.88,4090.04
521,7.447589e-03,3.682870e+01,2.408006e-04,2.713426e-04,2996224.693,7.306931e-03,3.690031e+01,2.153671e-04,2.926458e-04,2968182.391,5.000000e-04,7.18,4097.22
522,7.405567e-03,3.687780e+01,2.589332e-04,2.256911e-04,2995793.697,6.573695e-03,3.670464e+01,2.108194e-04,1.590073e-04,2983784.719,5.000000e-04,7.71,4104.93
523,7.141924e-03,3.686698e+01,2.191646e-04,2.527161e-04,2995777.836,5.135454e-03,3.729436e+01,1.009543e-04,7.929515e-05,3018773.414,5.000000e-04,7.72,4112.66
524,7.680126e-03,3.689976e+01,2.707100e-04,2.566100e-04,2995768.904,6.703268e-03,3.743295e+01,2.562331e-04,7.952856e-05,3001842.492,5.000000e-04,7.94,4120.59
525,7.398161e-03,3.694771e+01,2.258678e-04,2.889423e-04,2996142.498,6.218374e-03,3.729938e+01,2.179233e-04,6.184044e-05,2997183.555,5.000000e-04,7.40,4128.00
526,7.767435e-03,3.706012e+01,2.905211e-04,2.312422e-04,2995997.961,1.313598e-02,3.641635e+01,8.106286e-04,2.776123e-04,2958557.188,5.000000e-04,7.41,4135.41
527,7.227172e-03,3.699159e+01,2.600787e-04,1.854452e-04,2995260.623,5.590224e-03,3.705778e+01,1.536580e-04,6.957328e-05,3001185.641,5.000000e-04,7.57,4142.98
528,7.640974e-03,3.698810e+01,2.586872e-04,2.710585e-04,2996034.439,7.695418e-03,3.734009e+01,2.557240e-04,2.808339e-04,3031710.680,5.000000e-04,7.84,4150.82
529,6.899644e-03,3.674384e+01,2.233378e-04,1.983763e-04,2996051.664,6.905221e-03,3.662636e+01,2.896509e-04,6.921512e-05,2996682.484,5.000000e-04,7.92,4158.74
530,7.925634e-03,3.681156e+01,3.040903e-04,2.407149e-04,2995986.545,6.436729e-03,3.758444e+01,2.251950e-04,8.526706e-05,3013321.594,5.000000e-04,7.43,4166.17
531,7.727631e-03,3.675614e+01,2.756754e-04,2.590527e-04,2995574.090,5.424377e-03,3.706225e+01,1.496297e-04,4.437109e-05,3013700.906,5.000000e-04,7.54,4173.71
532,8.076962e-03,3.670412e+01,2.805035e-04,3.203029e-04,2995488.301,7.979981e-03,3.536255e+01,2.870610e-04,3.146232e-04,2964240.734,5.000000e-04,7.99,4181.70
533,7.838295e-03,3.674776e+01,2.647899e-04,3.031240e-04,2996080.561,7.167125e-03,3.632906e+01,2.937472e-04,1.193494e-04,2981274.273,5.000000e-04,7.77,4189.47
534,8.220173e-03,3.680743e+01,3.129224e-04,2.820413e-04,2995541.809,6.875487e-03,3.810857e+01,1.804655e-04,2.519948e-04,3040948.906,5.000000e-04,7.31,4196.78
535,7.592144e-03,3.696844e+01,2.153386e-04,3.483828e-04,2995443.418,5.492192e-03,3.765995e+01,1.335293e-04,7.818092e-05,3013506.195,5.000000e-04,7.51,4204.29
536,7.459445e-03,3.700018e+01,2.433431e-04,2.651993e-04,2996498.586,1.029962e-02,3.523172e+01,3.006579e-04,7.539733e-04,2921955.891,5.000000e-04,7.98,4212.27
537,7.028436e-03,3.686200e+01,2.123567e-04,2.437340e-04,2994697.492,7.274134e-03,3.631140e+01,2.268626e-04,2.748737e-04,2957673.273,5.000000e-04,7.84,4220.11
538,7.378117e-03,3.696430e+01,2.511567e-04,2.340242e-04,2996972.752,6.884973e-03,3.666402e+01,1.953319e-04,2.530503e-04,2963213.812,5.000000e-04,7.73,4227.85
539,7.296403e-03,3.689050e+01,2.481525e-04,2.251656e-04,2995530.742,9.013758e-03,3.835034e+01,3.188238e-04,3.980974e-04,3055457.703,5.000000e-04,7.82,4235.67
540,7.190603e-03,3.690774e+01,2.373732e-04,2.252194e-04,2996053.777,6.005098e-03,3.677614e+01,2.069500e-04,5.159686e-05,2988235.938,5.000000e-04,7.37,4243.04
541,7.865425e-03,3.689064e+01,2.570624e-04,3.211474e-04,2995830.670,6.636563e-03,3.799130e+01,1.368713e-04,2.937441e-04,3045165.594,5.000000e-04,7.72,4250.76
542,7.275730e-03,3.688062e+01,2.518129e-04,2.139080e-04,2996148.553,6.124624e-03,3.701499e+01,1.889204e-04,1.067844e-04,3012280.578,5.000000e-04,7.75,4258.51
543,6.757298e-03,3.676225e+01,1.916073e-04,2.330001e-04,2995933.266,7.372673e-03,3.771954e+01,2.915673e-04,1.370093e-04,3028498.320,5.000000e-04,7.73,4266.24
544,7.091470e-03,3.677845e+01,2.311476e-04,2.204298e-04,2996354.297,4.952022e-03,3.656013e+01,6.852518e-05,1.221515e-04,2972395.664,5.000000e-04,7.33,4273.57
545,7.576760e-03,3.692233e+01,2.530743e-04,2.707568e-04,2996536.879,9.026659e-03,3.568955e+01,3.515703e-04,3.884002e-04,2946690.891,5.000000e-04,7.38,4280.96
546,7.111553e-03,3.684436e+01,2.132468e-04,2.589297e-04,2994861.939,6.597322e-03,3.665474e+01,2.511451e-04,8.407935e-05,2982305.219,5.000000e-04,8.17,4289.12
547,7.176758e-03,3.696647e+01,2.414330e-04,2.131561e-04,2996248.570,7.553380e-03,3.637847e+01,3.024848e-04,1.781372e-04,2971488.844,5.000000e-04,8.02,4297.15
548,7.751677e-03,3.704777e+01,2.716707e-04,2.660386e-04,2995865.184,6.973944e-03,3.652462e+01,2.383792e-04,1.875379e-04,2970396.172,5.000000e-04,7.69,4304.83
549,7.351834e-03,3.703263e+01,2.530322e-04,2.236499e-04,2996051.156,5.394469e-03,3.690865e+01,1.317038e-04,7.731320e-05,2982083.164,5.000000e-04,7.38,4312.21
550,7.220422e-03,3.685076e+01,2.318086e-04,2.434522e-04,2995412.707,6.132265e-03,3.825916e+01,1.120619e-04,2.371460e-04,3043440.508,5.000000e-04,7.76,4319.97
551,6.795493e-03,3.684215e+01,2.182424e-04,1.857708e-04,2996499.453,7.063874e-03,3.742486e+01,2.876092e-04,8.905940e-05,3021682.359,5.000000e-04,7.50,4327.47
552,8.596855e-03,3.680152e+01,3.539643e-04,2.754120e-04,2995818.592,1.110987e-02,3.476166e+01,1.306224e-04,1.265496e-03,2897451.547,5.000000e-04,7.69,4335.16
553,7.669772e-03,3.676381e+01,2.580153e-04,2.826474e-04,2995586.947,5.075475e-03,3.693849e+01,1.093971e-04,5.753085e-05,2993649.031,5.000000e-04,7.58,4342.74
554,8.510830e-03,3.686045e+01,3.008497e-04,3.632578e-04,2995543.203,6.348006e-03,3.606227e+01,1.808671e-04,1.866216e-04,2965145.539,5.000000e-04,7.48,4350.22
555,6.812494e-03,3.689570e+01,2.045392e-04,2.155062e-04,2995472.141,5.739794e-03,3.801143e+01,1.038512e-04,1.800280e-04,3029031.094,5.000000e-04,7.54,4357.76
556,7.991400e-03,3.687522e+01,2.858507e-04,2.890743e-04,2996201.803,9.535152e-03,3.542839e+01,3.811452e-04,4.361724e-04,2944641.180,5.000000e-04,8.02,4365.78
557,7.321662e-03,3.696503e+01,2.298273e-04,2.653774e-04,2995020.465,9.183228e-03,3.823046e+01,2.932205e-04,4.855954e-04,3059324.289,5.000000e-04,8.13,4373.91
558,6.932831e-03,3.687265e+01,2.120696e-04,2.249739e-04,2996505.057,6.200047e-03,3.777053e+01,1.263777e-04,2.318434e-04,3041366.695,5.000000e-04,7.52,4381.43
559,7.281087e-03,3.687273e+01,2.403647e-04,2.380334e-04,2996551.869,7.956947e-03,3.520456e+01,1.735547e-04,5.401889e-04,2933315.820,5.000000e-04,7.34,4388.77
560,7.622003e-03,3.685010e+01,2.571582e-04,2.730823e-04,2995865.305,8.332015e-03,3.536610e+01,2.329604e-04,4.931601e-04,2938700.477,5.000000e-04,7.98,4396.75
561,6.542394e-03,3.686679e+01,1.925314e-04,1.860801e-04,2995345.729,5.850864e-03,3.744605e+01,1.713084e-04,7.863504e-05,3011769.594,5.000000e-04,7.39,4404.14
562,6.969786e-03,3.687289e+01,2.185594e-04,2.193806e-04,2996684.594,9.342220e-03,3.487981e+01,1.887931e-04,7.932616e-04,2922335.031,5.000000e-04,7.89,4412.03
563,6.878237e-03,3.684151e+01,2.108585e-04,2.171004e-04,2996148.490,6.399125e-03,3.708484e+01,1.911209e-04,1.558862e-04,2984355.508,5.000000e-04,7.37,4419.40
564,7.495216e-03,3.685671e+01,2.487465e-04,2.644161e-04,2995422.633,6.870328e-03,3.854129e+01,8.716677e-05,4.289064e-04,3058858.266,5.000000e-04,7.35,4426.76
565,7.267715e-03,3.686909e+01,2.421058e-04,2.319495e-04,2997280.506,1.166451e-02,3.480272e+01,3.519825e-04,9.328829e-04,2913783.742,5.000000e-04,7.96,4434.74
566,7.222158e-03,3.675943e+01,2.369259e-04,2.353912e-04,2996011.299,8.509541e-03,3.512088e+01,2.560653e-04,4.873599e-04,2936931.672,5.000000e-04,7.92,4442.66
567,7.513384e-03,3.675264e+01,2.385472e-04,2.905295e-04,2994769.797,7.976040e-03,3.720711e+01,3.524933e-04,1.460791e-04,3025875.523,5.000000e-04,8.17,4450.83
568,7.760950e-03,3.676161e+01,2.574556e-04,3.020466e-04,2996005.396,6.042562e-03,3.703261e+01,1.535569e-04,1.607463e-04,3013238.703,5.000000e-04,7.46,4458.29
569,7.628632e-03,3.682248e+01,2.507099e-04,2.878571e-04,2995730.527,8.191218e-03,3.615856e+01,3.359050e-04,2.432622e-04,2979620.633,5.000000e-04,7.29,4465.58
570,7.278672e-03,3.689960e+01,2.580160e-04,2.017104e-04,2996342.314,5.200407e-03,3.674119e+01,9.650791e-05,1.122418e-04,3012218.062,5.000000e-04,7.30,4472.88
571,6.688908e-03,3.689912e+01,1.967939e-04,2.062116e-04,2996456.766,6.402768e-03,3.693797e+01,2.372190e-04,6.735606e-05,3005908.625,5.000000e-04,7.64,4480.52
572,7.670088e-03,3.680681e+01,2.679434e-04,2.619948e-04,2995784.449,7.833531e-03,3.621794e+01,3.475761e-04,1.471953e-04,2972288.992,5.000000e-04,7.88,4488.40
573,7.220970e-03,3.675993e+01,2.453803e-04,2.182348e-04,2995825.424,5.508681e-03,3.734893e+01,1.234479e-04,1.078617e-04,3006726.172,5.000000e-04,8.21,4496.62
574,7.343442e-03,3.678587e+01,2.234178e-04,2.861352e-04,2996748.752,1.164433e-02,3.457121e+01,3.605541e-04,9.163337e-04,2917361.078,5.000000e-04,8.00,4504.62
575,7.610207e-03,3.677149e+01,2.540160e-04,2.785797e-04,2994933.486,8.171628e-03,3.640031e+01,3.245076e-04,2.573043e-04,2975174.984,5.000000e-04,7.70,4512.32
576,6.974965e-03,3.692992e+01,2.047943e-04,2.468061e-04,2996548.777,6.688657e-03,3.560009e+01,1.564522e-04,3.128254e-04,2953008.961,5.000000e-04,8.03,4520.35
577,7.106297e-03,3.676544e+01,2.554211e-04,1.751084e-04,2995700.123,6.995556e-03,3.665523e+01,3.002080e-04,6.559056e-05,2999887.391,5.000000e-04,7.50,4527.85
578,7.006426e-03,3.673477e+01,2.254970e-04,2.155958e-04,2996513.178,5.974612e-03,3.600916e+01,1.655865e-04,1.435662e-04,2981257.000,5.000000e-04,7.97,4535.82
579,7.684274e-03,3.679606e+01,2.385248e-04,3.238841e-04,2995965.172,5.584363e-03,3.670692e+01,1.542550e-04,7.422422e-05,2996246.516,5.000000e-04,7.46,4543.28
580,7.499283e-03,3.676041e+01,2.215215e-04,3.216053e-04,2995017.695,4.981472e-03,3.716078e+01,1.089167e-04,3.524548e-05,3011522.883,5.000000e-04,6.85,4550.13
581,7.191025e-03,3.685563e+01,2.254132e-04,2.502659e-04,2996404.756,5.652889e-03,3.744011e+01,1.121940e-04,1.573875e-04,3019418.039,5.000000e-04,7.59,4557.72
582,6.922050e-03,3.677585e+01,2.223024e-04,2.042881e-04,2995847.367,8.182760e-03,3.764030e+01,2.559214e-04,3.719033e-04,3004371.781,5.000000e-04,7.32,4565.04
583,7.444312e-03,3.673894e+01,2.478117e-04,2.584602e-04,2996001.814,4.918569e-03,3.630669e+01,7.429414e-05,1.089917e-04,2975502.141,5.000000e-04,7.05,4572.09
584,7.170635e-03,3.662287e+01,2.353747e-04,2.309202e-04,2996322.924,5.167769e-03,3.650867e+01,9.212813e-05,1.191242e-04,3007928.727,5.000000e-04,7.40,4579.49
585,6.199767e-03,3.663512e+01,1.640721e-04,1.791067e-04,2996049.746,8.419225e-03,3.805454e+01,2.545371e-04,4.136798e-04,3051407.352,5.000000e-04,7.72,4587.21
586,7.013894e-03,3.670476e+01,2.096525e-04,2.493785e-04,2996120.902,9.573944e-03,3.853311e+01,3.199812e-04,5.041643e-04,3057916.664,5.000000e-04,7.26,4594.47
587,6.313432e-03,3.676107e+01,1.737747e-04,1.799155e-04,2996870.264,6.598150e-03,3.514105e+01,1.060736e-04,4.046619e-04,2943026.617,5.000000e-04,7.60,4602.08
588,7.449843e-03,3.662809e+01,2.681503e-04,2.211062e-04,2995776.400,5.951553e-03,3.642725e+01,1.829961e-04,9.577339e-05,2984285.875,5.000000e-04,8.43,4610.51
589,8.224873e-03,3.679506e+01,2.760545e-04,3.569645e-04,2995682.209,6.490601e-03,3.792378e+01,1.743958e-04,1.908529e-04,3037651.289,5.000000e-04,8.03,4618.54
590,6.642493e-03,3.660807e+01,2.125118e-04,1.713135e-04,2996361.783,7.958214e-03,3.624601e+01,3.520331e-04,1.626566e-04,2970411.250,5.000000e-04,7.23,4625.79
591,6.264838e-03,3.669697e+01,1.823530e-04,1.543222e-04,2996223.000,6.851374e-03,3.705726e+01,2.768861e-04,7.535745e-05,3012478.922,5.000000e-04,8.10,4633.89
592,6.605223e-03,3.670622e+01,2.010924e-04,1.847354e-04,2996571.453,5.761407e-03,3.562642e+01,1.379831e-04,1.637869e-04,2968344.633,5.000000e-04,7.93,4641.81
593,7.578803e-03,3.656475e+01,2.343759e-04,3.157136e-04,2996002.625,7.338951e-03,3.732009e+01,3.222936e-04,7.680105e-05,3010485.422,5.000000e-04,7.50,4649.31
594,7.100096e-03,3.663783e+01,2.328593e-04,2.215441e-04,2996097.988,1.062251e-02,3.561254e+01,4.056055e-04,6.010411e-04,2931132.688,5.000000e-04,7.27,4656.58
595,6.959635e-03,3.666530e+01,2.399432e-04,1.787347e-04,2995467.297,5.763229e-03,3.613490e+01,1.216419e-04,1.866642e-04,2964033.664,5.000000e-04,8.00,4664.58
596,7.782096e-03,3.660153e+01,3.095235e-04,2.053416e-04,2995686.131,7.122616e-03,3.699530e+01,2.933393e-04,9.793851e-05,3020440.914,5.000000e-04,9.13,4673.72
597,7.054907e-03,3.651392e+01,2.078604e-04,2.649822e-04,2996534.971,4.757511e-03,3.606183e+01,6.371158e-05,1.028425e-04,2975442.812,5.000000e-04,9.46,4683.18
598,6.925813e-03,3.643755e+01,2.150481e-04,2.263154e-04,2996146.068,5.197999e-03,3.574864e+01,1.194681e-04,8.569072e-05,2985165.305,5.000000e-04,7.85,4691.06
599,6.816139e-03,3.629516e+01,2.109046e-04,2.155154e-04,2995334.848,7.810770e-03,3.723254e+01,2.014370e-04,4.146291e-04,3050839.789,5.000000e-04,8.25,4699.33
600,8.407183e-03,3.634072e+01,3.224878e-04,3.096466e-04,2995692.984,6.453725e-03,3.636419e+01,2.425726e-04,7.831582e-05,3003740.094,5.000000e-04,8.52,4707.86
601,7.203505e-03,3.644035e+01,2.296766e-04,2.525407e-04,2995646.398,6.307763e-03,3.689564e+01,2.425358e-04,3.856837e-05,3002803.938,5.000000e-04,8.17,4716.03
602,6.960000e-03,3.663382e+01,2.102187e-04,2.388864e-04,2996945.600,5.161002e-03,3.612552e+01,1.251151e-04,5.945970e-05,2993227.773,5.000000e-04,7.91,4723.93
603,7.339789e-03,3.656270e+01,2.517851e-04,2.331336e-04,2995185.574,9.251548e-03,3.851005e+01,3.436586e-04,3.927915e-04,3055894.906,5.000000e-04,8.02,4731.95
604,6.908503e-03,3.653509e+01,2.270160e-04,1.969669e-04,2996293.637,5.193463e-03,3.715457e+01,1.214526e-04,5.269612e-05,3010929.930,5.000000e-04,7.78,4739.73
605,7.316512e-03,3.663974e+01,2.320718e-04,2.663640e-04,2995346.990,5.458313e-03,3.740873e+01,1.156173e-04,1.122534e-04,3021044.773,5.000000e-04,7.94,4747.67
606,8.021409e-03,3.674925e+01,2.420343e-04,3.852282e-04,2996333.979,7.161684e-03,3.655804e+01,2.437141e-04,2.137477e-04,2987460.898,5.000000e-04,7.85,4755.52
607,7.523580e-03,3.691626e+01,2.473745e-04,2.716419e-04,2995873.281,7.335320e-03,3.591734e+01,2.500140e-04,2.486892e-04,2965547.703,5.000000e-04,7.73,4763.25
608,7.269934e-03,3.682132e+01,2.566430e-04,2.042744e-04,2995820.648,8.172182e-03,3.648746e+01,3.517790e-04,2.011290e-04,2987780.570,5.000000e-04,8.28,4771.53
609,7.151385e-03,3.684197e+01,2.358592e-04,2.217193e-04,2996546.844,6.836724e-03,3.765832e+01,2.563457e-04,1.014872e-04,3017268.438,5.000000e-04,7.74,4779.27
610,6.410854e-03,3.676070e+01,1.909053e-04,1.651461e-04,2996033.279,6.751174e-03,3.699614e+01,2.308122e-04,1.486876e-04,3008955.891,5.000000e-04,7.80,4787.07
611,7.446062e-03,3.669864e+01,2.284318e-04,2.983761e-04,2995825.873,6.206986e-03,3.684593e+01,1.953062e-04,1.138662e-04,2987896.258,5.000000e-04,7.22,4794.29
612,7.470671e-03,3.667185e+01,2.336532e-04,2.933909e-04,2996213.527,6.996294e-03,3.685849e+01,2.498272e-04,1.624346e-04,2987939.875,5.000000e-04,7.15,4801.44
613,7.422428e-03,3.683269e+01,2.595057e-04,2.288205e-04,2995825.379,1.109599e-02,3.801949e+01,4.810298e-04,4.967493e-04,3061630.656,5.000000e-04,8.28,4809.72
614,7.537518e-03,3.672643e+01,2.514323e-04,2.701104e-04,2995242.768,9.519174e-03,3.778299e+01,3.547809e-04,4.386132e-04,3047076.750,5.000000e-04,8.26,4817.98
615,6.800533e-03,3.673938e+01,2.162952e-04,1.927286e-04,2996734.047,4.839924e-03,3.720926e+01,8.934333e-05,4.511306e-05,3013003.703,5.000000e-04,7.53,4825.51
616,5.969006e-03,3.665100e+01,1.503523e-04,1.600766e-04,2996734.080,6.472668e-03,3.560887e+01,1.097884e-04,3.627795e-04,2945943.242,5.000000e-04,8.01,4833.52
617,7.021970e-03,3.678739e+01,2.065550e-04,2.555362e-04,2996069.721,6.123209e-03,3.613156e+01,1.546115e-04,1.927876e-04,2964519.562,5.000000e-04,8.14,4841.66
618,7.590788e-03,3.663343e+01,2.454935e-04,2.945021e-04,2995239.297,1.007986e-02,3.861277e+01,2.595894e-04,7.245388e-04,3075456.273,5.000000e-04,8.35,4850.01
619,7.455269e-03,3.668725e+01,2.549171e-04,2.474746e-04,2996553.881,1.021627e-02,3.551942e+01,3.945088e-04,5.438478e-04,2934917.062,5.000000e-04,8.27,4858.29
620,6.333438e-03,3.663139e+01,1.890159e-04,1.560281e-04,2996157.117,6.040188e-03,3.654346e+01,1.740835e-04,1.290016e-04,3001486.594,5.000000e-04,7.45,4865.74
621,6.820649e-03,3.665907e+01,2.004994e-04,2.299497e-04,2996141.221,7.106426e-03,3.757970e+01,2.422712e-04,1.851490e-04,3030654.781,5.000000e-04,7.22,4872.96
622,7.241271e-03,3.663057e+01,2.453211e-04,2.250007e-04,2996101.814,5.844377e-03,3.654316e+01,1.667056e-04,1.046010e-04,3006003.289,5.000000e-04,7.55,4880.51
623,7.249050e-03,3.654028e+01,2.272979e-04,2.644085e-04,2995898.355,1.194819e-02,3.836113e+01,4.789715e-04,6.644731e-04,3075379.578,5.000000e-04,6.87,4887.38
624,6.629732e-03,3.653107e+01,2.058599e-04,1.836051e-04,2996656.246,6.446273e-03,3.640198e+01,2.283431e-04,1.045288e-04,2987853.086,5.000000e-04,8.22,4895.60
625,7.177140e-03,3.658872e+01,2.255101e-04,2.526335e-04,2996010.889,7.273959e-03,3.533105e+01,1.746259e-04,3.989191e-04,2943319.734,5.000000e-04,8.62,4904.22
626,6.718446e-03,3.670485e+01,1.995513e-04,2.104896e-04,2996265.076,5.855370e-03,3.579573e+01,1.253277e-04,2.045040e-04,2960840.094,5.000000e-04,7.95,4912.17
627,7.022426e-03,3.662331e+01,2.297229e-04,2.125732e-04,2995828.619,7.070218e-03,3.752189e+01,2.762262e-04,1.111534e-04,3020961.570,5.000000e-04,7.55,4919.72
628,6.766719e-03,3.661547e+01,1.895786e-04,2.418772e-04,2995375.537,1.004447e-02,3.770178e+01,5.571457e-04,1.405665e-04,3024254.344,5.000000e-04,7.59,4927.32
629,6.956424e-03,3.659627e+01,2.270050e-04,2.053494e-04,2997031.279,6.767199e-03,3.677721e+01,2.354235e-04,1.470486e-04,3014237.953,5.000000e-04,8.01,4935.32
630,7.024397e-03,3.656176e+01,2.132810e-04,2.470822e-04,2996002.004,5.928524e-03,3.555073e+01,1.473474e-04,1.799953e-04,2964897.102,5.000000e-04,7.62,4942.94
631,7.090580e-03,3.648735e+01,2.310771e-04,2.262149e-04,2996124.596,6.934187e-03,3.679590e+01,2.496421e-04,1.516353e-04,3019709.117,5.000000e-04,7.96,4950.90
632,6.870477e-03,3.648076e+01,1.982836e-04,2.479130e-04,2996315.523,6.491968e-03,3.592295e+01,1.443571e-04,2.912203e-04,2955998.234,5.000000e-04,7.29,4958.19
633,7.651034e-03,3.641374e+01,2.288173e-04,3.442973e-04,2996188.432,1.180052e-02,3.533885e+01,6.378891e-04,3.775496e-04,2960052.516,5.000000e-04,7.91,4966.11
634,6.688976e-03,3.651242e+01,1.893764e-04,2.287941e-04,2995157.609,1.144783e-02,3.872470e+01,4.222180e-04,6.706358e-04,3076114.359,5.000000e-04,7.62,4973.73
635,7.016976e-03,3.663959e+01,2.209031e-04,2.287973e-04,2996700.727,6.341852e-03,3.549294e+01,8.440389e-05,3.897038e-04,2946840.820,5.000000e-04,7.26,4980.99
636,6.383782e-03,3.660993e+01,1.760496e-04,1.924585e-04,2996465.709,5.513603e-03,3.624024e+01,1.154606e-04,1.469946e-04,2983655.867,5.000000e-04,7.46,4988.45
637,6.853632e-03,3.666873e+01,1.948747e-04,2.476022e-04,2995925.213,7.184081e-03,3.738018e+01,1.955438e-04,2.981249e-04,3044574.188,5.000000e-04,7.61,4996.06
638,6.680179e-03,3.652443e+01,1.941750e-04,2.171973e-04,2996009.174,5.491616e-03,3.700542e+01,1.221362e-04,1.139425e-04,3016831.516,5.000000e-04,7.41,5003.47
639,6.939842e-03,3.649928e+01,2.074722e-04,2.430381e-04,2996246.117,4.533002e-03,3.651479e+01,6.964931e-05,3.700612e-05,2994007.469,5.000000e-04,8.24,5011.71
640,7.909753e-03,3.647059e+01,2.727945e-04,3.069499e-04,2995101.410,6.652932e-03,3.800184e+01,1.875407e-04,1.954682e-04,3035227.836,5.000000e-04,7.66,5019.37
641,7.089051e-03,3.662856e+01,2.294705e-04,2.262980e-04,2996729.461,6.708214e-03,3.660878e+01,1.457868e-04,3.178935e-04,2973457.117,5.000000e-04,7.34,5026.71
642,7.353963e-03,3.653338e+01,2.141776e-04,3.117697e-04,2995627.432,6.937564e-03,3.730062e+01,2.017652e-04,2.379701e-04,3033782.875,5.000000e-04,7.35,5034.06
643,7.380792e-03,3.663652e+01,2.193243e-04,3.047795e-04,2996158.619,5.262553e-03,3.685660e+01,1.359791e-04,4.342039e-05,3004850.906,5.000000e-04,7.43,5041.50
644,6.996377e-03,3.657490e+01,2.532253e-04,1.613267e-04,2996564.984,5.993474e-03,3.570785e+01,1.207525e-04,2.430327e-04,2958422.711,5.000000e-04,8.07,5049.57
645,7.106131e-03,3.671323e+01,2.344656e-04,2.180304e-04,2996563.871,8.234578e-03,3.798148e+01,1.654780e-04,5.563303e-04,3064792.789,5.000000e-04,7.73,5057.30
646,6.819478e-03,3.642087e+01,2.143512e-04,2.067758e-04,2995198.455,8.847042e-03,3.805516e+01,2.944671e-04,4.193711e-04,3058713.008,5.000000e-04,7.58,5064.88
647,6.848899e-03,3.654853e+01,2.119694e-04,2.148703e-04,2996910.336,4.666710e-03,3.592524e+01,6.405644e-05,8.672433e-05,2980708.719,5.000000e-04,7.60,5072.48
648,6.695465e-03,3.650705e+01,2.065467e-04,1.958586e-04,2995990.139,1.110033e-02,3.746309e+01,5.535430e-04,3.637181e-04,3044380.492,5.000000e-04,7.98,5080.46
649,7.234320e-03,3.647974e+01,2.342775e-04,2.487141e-04,2996419.076,5.813405e-03,3.675565e+01,1.398425e-04,1.478830e-04,3025739.828,5.000000e-04,7.66,5088.12
650,6.460189e-03,3.651315e+01,1.900738e-04,1.816271e-04,2996716.910,4.790415e-03,3.676723e+01,9.346095e-05,3.581660e-05,2994698.680,5.000000e-04,7.61,5095.74
651,6.633928e-03,3.650757e+01,2.026484e-04,1.913375e-04,2996079.467,6.523434e-03,3.677937e+01,2.533347e-04,6.242993e-05,3011217.430,5.000000e-04,8.59,5104.34
652,6.980576e-03,3.648193e+01,2.221296e-04,2.222174e-04,2996129.820,4.451445e-03,3.649306e+01,6.317254e-05,3.408277e-05,2998150.875,5.000000e-04,7.93,5112.26
653,7.422189e-03,3.657596e+01,2.733049e-04,2.063089e-04,2996003.049,6.366463e-03,3.657704e+01,2.023300e-04,1.370918e-04,3009571.406,5.000000e-04,8.26,5120.52
654,6.941458e-03,3.641567e+01,2.154767e-04,2.290249e-04,2996257.734,1.039919e-02,3.798310e+01,2.668840e-04,7.864081e-04,3066664.227,5.000000e-04,7.43,5127.94
655,6.382784e-03,3.649687e+01,1.710905e-04,2.044385e-04,2995797.799,6.671165e-03,3.665313e+01,2.322292e-04,1.367121e-04,2979750.078,5.000000e-04,8.52,5136.46
656,6.705981e-03,3.660600e+01,2.017272e-04,2.056219e-04,2997426.141,9.945351e-03,3.512648e+01,5.106808e-04,2.651790e-04,2957648.594,5.000000e-04,8.31,5144.77
657,7.778002e-03,3.650486e+01,2.788206e-04,2.678621e-04,2994993.762,8.301693e-03,3.613863e+01,3.964417e-04,1.446828e-04,2974653.953,5.000000e-04,7.70,5152.47
658,7.762465e-03,3.658501e+01,2.513622e-04,3.180684e-04,2995468.117,5.200388e-03,3.694834e+01,1.021358e-04,9.683936e-05,3020708.977,5.000000e-04,7.59,5160.06
659,7.255712e-03,3.646811e+01,2.433031e-04,2.351740e-04,2996072.295,5.618643e-03,3.638842e+01,1.568031e-04,8.235390e-05,2983092.742,5.000000e-04,8.11,5168.18
660,6.669637e-03,3.645830e+01,1.893239e-04,2.261136e-04,2996477.951,5.057829e-03,3.701246e+01,1.002436e-04,7.082939e-05,3008674.188,5.000000e-04,7.72,5175.90
661,7.108457e-03,3.644557e+01,2.265954e-04,2.395890e-04,2995650.490,5.763904e-03,3.629732e+01,1.652704e-04,9.629369e-05,2978665.484,5.000000e-04,8.29,5184.19
662,7.018005e-03,3.651794e+01,2.202711e-04,2.326999e-04,2996961.334,7.218531e-03,3.732806e+01,2.724656e-04,1.522138e-04,3029609.078,5.000000e-04,7.49,5191.68
663,7.031913e-03,3.639240e+01,2.251268e-04,2.282810e-04,2994900.877,5.606838e-03,3.738601e+01,9.541619e-05,1.828151e-04,3035759.398,5.000000e-04,8.28,5199.96
664,6.520026e-03,3.651883e+01,1.937722e-04,1.860843e-04,2997087.219,5.280096e-03,3.663577e+01,1.144691e-04,9.436590e-05,2987502.234,5.000000e-04,8.69,5208.67
665,6.708499e-03,3.661766e+01,2.039203e-04,2.015059e-04,2996461.861,6.792192e-03,3.635495e+01,1.930218e-04,2.452958e-04,2968347.266,5.000000e-04,7.79,5216.47
666,6.794314e-03,3.644673e+01,2.093441e-04,2.112399e-04,2995704.350,9.780872e-03,3.712661e+01,5.369183e-04,1.398056e-04,3005208.078,5.000000e-04,7.45,5223.92
667,7.341111e-03,3.650189e+01,2.448838e-04,2.484166e-04,2996165.775,6.454271e-03,3.575208e+01,1.339764e-04,3.078598e-04,2960730.477,5.000000e-04,8.11,5232.04
668,7.160749e-03,3.653259e+01,2.127377e-04,2.760227e-04,2995900.801,5.592944e-03,3.671158e+01,1.769055e-04,3.054608e-05,2991932.461,5.000000e-04,8.09,5240.13
669,7.046474e-03,3.658807e+01,2.354531e-04,2.066273e-04,2995409.965,1.033782e-02,3.898808e+01,2.271130e-04,8.335762e-04,3076345.234,5.000000e-04,7.34,5247.47
670,7.052747e-03,3.649978e+01,2.283162e-04,2.239216e-04,2996441.844,4.541035e-03,3.709106e+01,5.764503e-05,5.109583e-05,3007510.766,5.000000e-04,7.64,5255.11
671,6.833161e-03,3.648492e+01,2.124408e-04,2.120523e-04,2996243.035,4.918434e-03,3.655929e+01,1.055333e-04,4.143433e-05,3003580.180,5.000000e-04,7.66,5262.78
672,6.464269e-03,3.639280e+01,2.015083e-04,1.619812e-04,2996914.775,5.748500e-03,3.690476e+01,1.842650e-04,4.307497e-05,3008687.672,5.000000e-04,7.99,5270.77
673,7.482387e-03,3.643276e+01,2.320448e-04,3.037327e-04,2994989.223,1.032496e-02,3.786521e+01,5.047961e-04,2.980965e-04,3042522.602,5.000000e-04,7.29,5278.05
674,6.377359e-03,3.660125e+01,1.761522e-04,1.911424e-04,2997138.670,5.150236e-03,3.691934e+01,9.645938e-05,9.874164e-05,3010193.555,5.000000e-04,7.48,5285.53
675,6.608559e-03,3.647799e+01,1.806694e-04,2.308131e-04,2996012.250,6.635988e-03,3.643192e+01,2.581176e-04,8.232390e-05,2994081.594,5.000000e-04,7.91,5293.45
676,6.659002e-03,3.645064e+01,1.944896e-04,2.138085e-04,2996272.135,5.107456e-03,3.626624e+01,1.209454e-04,5.427561e-05,2993260.805,5.000000e-04,7.81,5301.26
677,6.400142e-03,3.646644e+01,1.820400e-04,1.866197e-04,2996441.375,5.523196e-03,3.669742e+01,1.522093e-04,6.627221e-05,2992024.180,5.000000e-04,7.67,5308.93
678,6.576454e-03,3.655256e+01,1.705899e-04,2.430598e-04,2996516.363,7.175256e-03,3.518605e+01,2.301035e-04,2.711233e-04,2973566.336,5.000000e-04,7.45,5316.38
679,6.393266e-03,3.642888e+01,1.633355e-04,2.234044e-04,2996253.148,5.026978e-03,3.598097e+01,9.704383e-05,9.168863e-05,2975779.789,5.000000e-04,7.48,5323.87
680,6.146333e-03,3.644763e+01,1.753652e-04,1.495837e-04,2996584.139,5.368877e-03,3.523822e+01,7.912919e-05,2.107526e-04,2962788.156,5.000000e-04,8.54,5332.41
681,6.628573e-03,3.639741e+01,1.980568e-04,2.016528e-04,2996479.717,5.550094e-03,3.686049e+01,9.969168e-05,1.734257e-04,3028977.508,5.000000e-04,8.15,5340.57
682,7.161138e-03,3.634216e+01,2.383897e-04,2.286051e-04,2995808.365,6.272633e-03,3.733180e+01,1.734779e-04,1.609350e-04,3003783.398,5.000000e-04,7.71,5348.29
683,6.921718e-03,3.648707e+01,2.251806e-04,2.042409e-04,2995965.006,7.991681e-03,3.749828e+01,2.285258e-04,3.913191e-04,3044891.938,5.000000e-04,7.26,5355.54
684,7.323948e-03,3.655287e+01,2.578488e-04,2.180345e-04,2996619.109,6.413585e-03,3.599574e+01,1.977806e-04,1.672411e-04,2967688.727,5.000000e-04,8.41,5363.96
685,7.475476e-03,3.646400e+01,2.245327e-04,3.167499e-04,2995382.336,5.969275e-03,3.718496e+01,1.371824e-04,1.757910e-04,3022922.531,5.000000e-04,7.95,5371.91
686,6.546375e-03,3.652663e+01,2.055231e-04,1.676961e-04,2997220.396,1.085987e-02,3.530849e+01,4.918533e-04,4.820970e-04,2944191.078,5.000000e-04,7.27,5379.17
687,7.315744e-03,3.640088e+01,2.277317e-04,2.796679e-04,2995374.822,7.413897e-03,3.639306e+01,2.765098e-04,2.018987e-04,2979564.805,5.000000e-04,7.27,5386.45
688,6.710628e-03,3.638952e+01,2.069093e-04,2.005167e-04,2996490.039,5.194688e-03,3.642744e+01,1.206364e-04,6.911597e-05,2989985.078,5.000000e-04,7.23,5393.68
689,6.380207e-03,3.642044e+01,1.864503e-04,1.747319e-04,2996409.383,6.629038e-03,3.711161e+01,2.377070e-04,1.081614e-04,3024414.852,5.000000e-04,7.13,5400.81
690,6.557241e-03,3.641292e+01,1.793909e-04,2.244080e-04,2995880.537,8.720155e-03,3.697734e+01,4.407793e-04,1.229257e-04,3023017.914,5.000000e-04,7.41,5408.22
691,6.519326e-03,3.635370e+01,2.018957e-04,1.729997e-04,2997165.102,6.583670e-03,3.527461e+01,1.123931e-04,3.864556e-04,2943298.406,5.000000e-04,7.75,5415.97
692,6.416218e-03,3.644983e+01,1.804066e-04,1.934339e-04,2996258.098,5.267898e-03,3.607948e+01,8.847140e-05,1.550472e-04,3007473.805,5.000000e-04,7.53,5423.52
693,6.647884e-03,3.641462e+01,2.139103e-04,1.734638e-04,2996218.668,8.536232e-03,3.711070e+01,4.087692e-04,1.474939e-04,3008386.000,5.000000e-04,7.77,5431.29
694,7.014617e-03,3.644537e+01,1.991508e-04,2.757144e-04,2996148.898,6.482843e-03,3.515656e+01,1.264841e-04,3.404691e-04,2947236.977,5.000000e-04,7.42,5438.71
695,6.666340e-03,3.631746e+01,2.048108e-04,1.972972e-04,2995917.242,6.128718e-03,3.672921e+01,2.047684e-04,8.162276e-05,3002009.836,5.000000e-04,7.43,5446.14
696,7.338893e-03,3.642799e+01,2.562141e-04,2.267907e-04,2996171.883,4.917658e-03,3.684424e+01,1.017463e-04,4.315433e-05,3000339.258,5.000000e-04,6.93,5453.08
697,6.872499e-03,3.642321e+01,2.182834e-04,2.094689e-04,2995809.424,6.745568e-03,3.760017e+01,1.753042e-04,2.465019e-04,3039046.688,5.000000e-04,8.10,5461.18
698,7.002430e-03,3.630382e+01,2.143339e-04,2.457417e-04,2996308.508,5.945196e-03,3.598443e+01,1.696508e-04,1.300491e-04,2977385.164,5.000000e-04,8.29,5469.47
699,6.643741e-03,3.634472e+01,2.127356e-04,1.763826e-04,2995988.014,5.721083e-03,3.669483e+01,1.445773e-04,1.211653e-04,3022352.453,5.000000e-04,8.02,5477.48
700,6.451996e-03,3.632451e+01,1.854043e-04,1.931005e-04,2996621.967,4.467508e-03,3.646887e+01,5.581438e-05,5.249543e-05,2993397.875,5.000000e-04,7.52,5485.00
701,6.445458e-03,3.626867e+01,1.793638e-04,2.049905e-04,2996024.379,4.532620e-03,3.623070e+01,7.001954e-05,4.187077e-05,2997296.523,5.000000e-04,7.51,5492.52
702,6.106530e-03,3.630264e+01,1.595157e-04,1.762219e-04,2996700.859,7.637329e-03,3.646532e+01,1.867376e-04,4.246843e-04,2962914.711,5.000000e-04,7.84,5500.36
703,7.074613e-03,3.638571e+01,2.404847e-04,2.062390e-04,2996089.508,5.798209e-03,3.651769e+01,1.891761e-04,5.093587e-05,2992655.250,5.000000e-04,8.31,5508.67
704,6.493586e-03,3.632844e+01,1.830285e-04,2.060912e-04,2995918.342,9.334532e-03,3.855415e+01,2.494657e-04,5.968920e-04,3065836.227,5.000000e-04,7.33,5516.00
705,6.544029e-03,3.629077e+01,1.788641e-04,2.252621e-04,2996467.553,5.404062e-03,3.660547e+01,1.567404e-04,3.522239e-05,2997708.500,5.000000e-04,7.47,5523.47
706,6.647472e-03,3.633404e+01,1.853427e-04,2.321283e-04,2996423.707,5.825818e-03,3.616256e+01,1.741870e-04,9.353851e-05,2994315.555,5.000000e-04,7.78,5531.26
707,7.459598e-03,3.636103e+01,2.286491e-04,3.074008e-04,2995338.973,8.209037e-03,3.648078e+01,3.453107e-04,2.215704e-04,3020550.648,5.000000e-04,7.49,5538.75
708,7.033045e-03,3.632447e+01,2.428354e-04,1.944489e-04,2996711.984,6.664180e-03,3.717351e+01,1.306946e-04,3.279769e-04,3043695.539,5.000000e-04,7.24,5545.99
709,6.882234e-03,3.631138e+01,2.147684e-04,2.206825e-04,2996040.889,5.190221e-03,3.665261e+01,9.820519e-05,1.085816e-04,3023285.164,5.000000e-04,7.63,5553.62
710,7.199450e-03,3.625465e+01,2.574311e-04,1.999349e-04,2995888.148,6.851378e-03,3.647030e+01,1.753495e-04,2.901707e-04,3033178.328,5.000000e-04,7.60,5561.22
711,6.559826e-03,3.625791e+01,1.881530e-04,2.105011e-04,2996569.438,6.577325e-03,3.680507e+01,2.545858e-04,7.019193e-05,3005091.891,5.000000e-04,7.31,5568.53
712,7.005226e-03,3.637939e+01,1.928265e-04,2.878043e-04,2995576.051,9.606074e-03,3.759647e+01,2.675637e-04,6.341581e-04,3066808.070,5.000000e-04,7.15,5575.68
713,7.138915e-03,3.636668e+01,2.204513e-04,2.595469e-04,2997137.844,5.976151e-03,3.536216e+01,1.551512e-04,1.776847e-04,2973599.500,5.000000e-04,7.99,5583.67
714,6.575583e-03,3.636734e+01,1.792427e-04,2.292844e-04,2996181.072,8.824112e-03,3.550855e+01,3.404673e-04,3.737167e-04,2956969.461,5.000000e-04,7.72,5591.39
715,7.084411e-03,3.638388e+01,2.259163e-04,2.373719e-04,2996619.895,5.708592e-03,3.529496e+01,1.189122e-04,1.979948e-04,2964102.250,5.000000e-04,7.01,5598.39
716,6.874531e-03,3.637150e+01,1.898613e-04,2.677537e-04,2995762.578,6.089559e-03,3.661350e+01,1.964278e-04,9.278614e-05,2998141.977,5.000000e-04,7.37,5605.77
717,6.877467e-03,3.657774e+01,2.125500e-04,2.188385e-04,2996785.391,8.787875e-03,3.587445e+01,1.756112e-04,6.888636e-04,2963930.734,5.000000e-04,8.20,5613.97
718,6.594468e-03,3.654201e+01,1.711345e-04,2.457843e-04,2995694.268,7.587423e-03,3.718665e+01,2.747841e-04,2.241835e-04,3032340.617,5.000000e-04,7.74,5621.71
719,6.779163e-03,3.651425e+01,1.971780e-04,2.311917e-04,2996087.344,6.907085e-03,3.623010e+01,2.528591e-04,1.510968e-04,2968878.516,5.000000e-04,7.41,5629.12
720,5.881047e-03,3.651973e+01,1.561709e-04,1.334730e-04,2996578.520,5.890473e-03,3.688836e+01,1.698893e-04,1.005489e-04,3020531.398,5.000000e-04,7.23,5636.35
721,6.209266e-03,3.642957e+01,1.692207e-04,1.748205e-04,2996836.756,5.409062e-03,3.709024e+01,1.072610e-04,1.254856e-04,3027013.000,5.000000e-04,8.19,5644.54
722,7.144754e-03,3.638283e+01,2.001928e-04,3.009086e-04,2995292.789,6.474313e-03,3.536762e+01,1.823700e-04,2.227703e-04,2976822.344,5.000000e-04,8.22,5652.76
723,6.765886e-03,3.638081e+01,2.045024e-04,2.165560e-04,2996617.807,5.599421e-03,3.703970e+01,1.480885e-04,8.291317e-05,3014255.898,5.000000e-04,7.44,5660.23
724,7.370119e-03,3.641394e+01,2.044748e-04,3.367954e-04,2996226.359,4.485917e-03,3.676906e+01,5.282853e-05,5.614511e-05,3010267.336,5.000000e-04,7.65,5667.88
725,6.017458e-03,3.650500e+01,1.491097e-04,1.751722e-04,2996560.174,5.500474e-03,3.713873e+01,1.303465e-04,9.662721e-05,3024827.766,5.000000e-04,7.68,5675.56
726,7.149450e-03,3.645511e+01,2.572753e-04,1.862371e-04,2996612.584,5.095035e-03,3.540406e+01,7.412242e-05,1.626809e-04,2972311.164,5.000000e-04,7.20,5682.77
727,6.338637e-03,3.637173e+01,1.501335e-04,2.400259e-04,2995588.514,7.315388e-03,3.745955e+01,1.109560e-04,4.919745e-04,3055998.570,5.000000e-04,7.58,5690.34
728,6.872034e-03,3.644615e+01,1.936419e-04,2.582000e-04,2996577.012,9.199528e-03,3.554489e+01,3.961960e-04,3.366159e-04,2967368.414,5.000000e-04,7.53,5697.88
729,6.276356e-03,3.638016e+01,1.655507e-04,1.965666e-04,2996063.496,8.526171e-03,3.785612e+01,2.295423e-04,4.890271e-04,3062867.703,5.000000e-04,7.34,5705.22
730,6.178731e-03,3.634050e+01,1.663836e-04,1.761689e-04,2996686.246,5.841086e-03,3.744379e+01,9.486021e-05,2.296210e-04,3036297.648,5.000000e-04,6.65,5711.87
731,6.196620e-03,3.638019e+01,1.727315e-04,1.662572e-04,2996437.637,1.016289e-02,3.795502e+01,4.647370e-04,3.440029e-04,3041490.398,5.000000e-04,7.23,5719.10
732,6.979446e-03,3.632082e+01,2.252528e-04,2.189671e-04,2996380.713,6.883606e-03,3.630511e+01,2.975923e-04,5.543453e-05,2998375.578,5.000000e-04,7.25,5726.35
733,7.258652e-03,3.630870e+01,2.424810e-04,2.405944e-04,2995865.721,1.061005e-02,3.828738e+01,4.143217e-04,5.276184e-04,3062406.039,5.000000e-04,7.23,5733.58
734,6.551003e-03,3.638933e+01,1.899525e-04,2.025092e-04,2996581.580,6.295654e-03,3.551107e+01,1.589546e-04,2.310002e-04,2957308.578,5.000000e-04,7.09,5740.67
735,6.411822e-03,3.628702e+01,1.858350e-04,1.849541e-04,2996023.979,7.322997e-03,3.702239e+01,2.973750e-04,1.294016e-04,3024871.758,5.000000e-04,7.79,5748.46
736,6.894341e-03,3.634555e+01,2.220200e-04,2.079172e-04,2996342.961,5.398912e-03,3.647762e+01,1.126654e-04,1.248993e-04,3015899.477,5.000000e-04,7.62,5756.08
737,6.779319e-03,3.633257e+01,2.078805e-04,2.134516e-04,2995440.619,1.103568e-02,3.896636e+01,3.022466e-04,8.233166e-04,3081756.625,5.000000e-04,7.40,5763.47
738,6.792505e-03,3.642630e+01,2.253429e-04,1.792891e-04,2997103.926,6.346454e-03,3.533655e+01,1.309032e-04,3.007534e-04,2958377.734,5.000000e-04,7.25,5770.72
739,6.061109e-03,3.634809e+01,1.674845e-04,1.502911e-04,2996467.068,4.918667e-03,3.599042e+01,6.131269e-05,1.412997e-04,2996805.789,5.000000e-04,7.22,5777.94
740,6.755189e-03,3.630971e+01,2.151169e-04,1.946100e-04,2995744.420,6.905892e-03,3.624393e+01,2.538444e-04,1.486110e-04,3017011.648,5.000000e-04,7.44,5785.38
741,6.302085e-03,3.630789e+01,1.707568e-04,1.927454e-04,2997105.488,7.887312e-03,3.548988e+01,2.730980e-04,3.214690e-04,2951063.742,5.000000e-04,7.55,5792.93
742,7.436242e-03,3.627167e+01,2.569888e-04,2.478374e-04,2995986.057,5.322673e-03,3.556518e+01,1.261766e-04,1.008779e-04,2981061.008,5.000000e-04,8.01,5800.94
743,7.006341e-03,3.634229e+01,2.281401e-04,2.181423e-04,2995952.854,6.574198e-03,3.626664e+01,1.820608e-04,2.253851e-04,2975229.844,5.000000e-04,8.30,5809.24
744,5.826780e-03,3.632551e+01,1.502230e-04,1.383999e-04,2996957.537,6.954674e-03,3.464284e+01,1.373833e-04,4.233115e-04,2951525.625,5.000000e-04,7.62,5816.86
745,6.179839e-03,3.626590e+01,1.647404e-04,1.811691e-04,2996300.977,5.414607e-03,3.529667e+01,6.886232e-05,2.392635e-04,2958727.148,5.000000e-04,6.74,5823.60
746,6.383800e-03,3.639361e+01,1.793376e-04,1.902126e-04,2996629.463,5.373216e-03,3.615545e+01,1.084419e-04,1.346506e-04,2987627.250,5.000000e-04,7.70,5831.31
747,6.133251e-03,3.637470e+01,1.463392e-04,2.064777e-04,2996226.441,4.649260e-03,3.604496e+01,7.606372e-05,5.682530e-05,2998406.141,5.000000e-04,8.27,5839.57
748,6.850169e-03,3.633701e+01,1.872075e-04,2.688786e-04,2996038.234,5.251531e-03,3.645406e+01,8.992000e-05,1.413850e-04,2981792.188,5.000000e-04,7.75,5847.32
749,6.879705e-03,3.646899e+01,2.003967e-04,2.457678e-04,2996838.455,4.542896e-03,3.691112e+01,4.895925e-05,7.243836e-05,3016794.867,5.000000e-04,7.46,5854.79
750,5.891118e-03,3.635179e+01,1.561595e-04,1.388687e-04,2996624.611,5.045361e-03,3.599245e+01,1.150591e-04,5.910489e-05,2982687.422,5.000000e-04,7.73,5862.53
751,6.983290e-03,3.630369e+01,2.141335e-04,2.423170e-04,2995992.102,4.439494e-03,3.617209e+01,7.075198e-05,2.295319e-05,3001757.664,5.000000e-04,8.00,5870.53
752,6.248250e-03,3.616823e+01,1.776666e-04,1.709521e-04,2996298.943,5.868260e-03,3.643019e+01,1.634516e-04,1.181451e-04,2998909.438,5.000000e-04,7.43,5877.96
753,6.471116e-03,3.622195e+01,1.879377e-04,1.939088e-04,2996800.518,6.901583e-03,3.731718e+01,2.498238e-04,1.343253e-04,3027444.016,5.000000e-04,7.65,5885.61
754,6.606597e-03,3.625119e+01,2.056020e-04,1.850917e-04,2996490.016,6.931249e-03,3.622291e+01,3.119995e-04,3.779262e-05,2999563.242,5.000000e-04,7.87,5893.48
755,6.949603e-03,3.610330e+01,2.326026e-04,2.026495e-04,2995594.398,6.349080e-03,3.673006e+01,1.593765e-04,2.164618e-04,3034197.492,5.000000e-04,7.62,5901.10
756,6.810012e-03,3.630282e+01,2.030270e-04,2.298920e-04,2996459.793,6.936334e-03,3.746508e+01,1.733378e-04,2.912895e-04,3048400.344,5.000000e-04,7.39,5908.50
757,6.866951e-03,3.627328e+01,2.028998e-04,2.421249e-04,2996547.510,5.301899e-03,3.651907e+01,1.192173e-04,9.156393e-05,2991108.242,5.000000e-04,7.17,5915.68
758,7.094169e-03,3.618568e+01,2.494130e-04,1.962941e-04,2996232.875,7.598719e-03,3.650113e+01,1.392986e-04,5.111240e-04,3036029.234,5.000000e-04,7.58,5923.27
759,6.583120e-03,3.615828e+01,1.899269e-04,2.136048e-04,2995932.260,7.752664e-03,3.681955e+01,2.655143e-04,2.831134e-04,3042045.453,5.000000e-04,7.53,5930.79
760,7.380976e-03,3.618166e+01,2.342065e-04,2.841489e-04,2996297.275,6.949811e-03,3.498279e+01,1.729437e-04,3.444189e-04,2948944.438,5.000000e-04,7.26,5938.06
761,6.096409e-03,3.624897e+01,1.664076e-04,1.614872e-04,2996452.516,8.776077e-03,3.478501e+01,2.861076e-04,4.873002e-04,2941023.031,5.000000e-04,7.67,5945.73
762,6.942696e-03,3.630818e+01,2.059844e-04,2.504067e-04,2996003.197,5.747989e-03,3.621863e+01,1.845622e-04,5.610088e-05,2986405.812,5.000000e-04,7.79,5953.52
763,6.134255e-03,3.630502e+01,1.700370e-04,1.606765e-04,2996327.637,5.453729e-03,3.610488e+01,1.624240e-04,4.380014e-05,2993660.281,5.000000e-04,7.51,5961.03
764,6.248601e-03,3.626620e+01,1.774190e-04,1.695583e-04,2996783.232,8.069990e-03,3.708048e+01,2.277664e-04,4.168555e-04,3047019.312,5.000000e-04,7.83,5968.86
765,6.688501e-03,3.623870e+01,2.140135e-04,1.848991e-04,2995896.951,6.165649e-03,3.727551e+01,1.655059e-04,1.566077e-04,3019797.852,5.000000e-04,8.08,5976.94
766,6.726114e-03,3.618634e+01,2.172215e-04,1.870530e-04,2996487.883,7.057166e-03,3.594727e+01,3.317441e-04,2.899964e-05,2993768.305,5.000000e-04,7.96,5984.90
767,6.486179e-03,3.610957e+01,1.851238e-04,2.047967e-04,2997008.893,6.087831e-03,3.483346e+01,1.086814e-04,3.035341e-04,2953609.758,5.000000e-04,7.41,5992.31
768,6.251398e-03,3.615088e+01,1.506068e-04,2.260484e-04,2995631.736,6.426976e-03,3.721592e+01,2.291953e-04,8.268619e-05,3018972.070,5.000000e-04,7.31,5999.61
769,7.732172e-03,3.642814e+01,2.695973e-04,2.786771e-04,2996847.811,5.560324e-03,3.644761e+01,1.445969e-04,9.391900e-05,2999069.328,5.000000e-04,7.25,6006.87
770,6.232539e-03,3.632386e+01,1.636751e-04,1.926804e-04,2995989.602,6.573682e-03,3.631522e+01,1.927081e-04,2.030158e-04,2986372.773,5.000000e-04,7.63,6014.49
771,6.482665e-03,3.631501e+01,2.007520e-04,1.687287e-04,2996347.400,5.605611e-03,3.665629e+01,1.002857e-04,1.874252e-04,3011027.055,5.000000e-04,7.67,6022.16
772,6.314670e-03,3.632053e+01,1.784553e-04,1.796127e-04,2996346.027,5.785859e-03,3.713584e+01,7.726139e-05,2.599323e-04,3039797.688,5.000000e-04,8.38,6030.54
773,6.303693e-03,3.624531e+01,1.835649e-04,1.687026e-04,2996708.156,4.965222e-03,3.550438e+01,7.077666e-05,1.414035e-04,2967180.969,5.000000e-04,8.41,6038.95
774,6.925390e-03,3.621857e+01,2.153636e-04,2.299794e-04,2996325.592,5.604811e-03,3.482934e+01,6.584663e-05,2.926823e-04,2952880.945,5.000000e-04,7.77,6046.73
775,6.008535e-03,3.609404e+01,1.495231e-04,1.807800e-04,2996283.822,4.657063e-03,3.648238e+01,8.940056e-05,2.296380e-05,3006777.297,5.000000e-04,7.54,6054.27
776,6.186923e-03,3.608962e+01,1.635429e-04,1.885064e-04,2996181.785,6.947884e-03,3.706775e+01,2.171324e-04,2.139570e-04,3039931.398,5.000000e-04,7.60,6061.88
777,6.441343e-03,3.616605e+01,1.872146e-04,1.905184e-04,2997081.252,6.357312e-03,3.570422e+01,2.271247e-04,1.031284e-04,2987195.039,5.000000e-04,7.47,6069.35
778,7.210529e-03,3.622331e+01,2.154064e-04,2.868265e-04,2995183.264,7.364672e-03,3.738755e+01,1.808948e-04,3.633939e-04,3036816.688,5.000000e-04,7.46,6076.80
779,6.001594e-03,3.616691e+01,1.746524e-04,1.276757e-04,2997418.158,5.782965e-03,3.594132e+01,1.673869e-04,1.029928e-04,2985621.141,5.000000e-04,7.15,6083.96
780,6.359823e-03,3.611295e+01,1.717788e-04,2.061479e-04,2996183.430,4.518423e-03,3.594200e+01,6.024866e-05,6.434723e-05,2989187.742,5.000000e-04,7.49,6091.45
781,5.830527e-03,3.603838e+01,1.511371e-04,1.430635e-04,2996587.766,5.216451e-03,3.537827e+01,9.372763e-05,1.482695e-04,2971190.453,5.000000e-04,8.05,6099.50
782,6.755820e-03,3.603518e+01,2.055061e-04,2.194482e-04,2995957.465,9.023943e-03,3.665352e+01,4.290883e-04,2.135414e-04,3024025.797,5.000000e-04,8.05,6107.55
783,6.669245e-03,3.610789e+01,1.836258e-04,2.444395e-04,2997153.031,5.531937e-03,3.522900e+01,9.166006e-05,2.184873e-04,2980145.516,5.000000e-04,7.32,6114.87
784,6.074957e-03,3.603483e+01,1.561382e-04,1.820184e-04,2995749.391,6.059944e-03,3.708461e+01,1.215695e-04,2.271576e-04,3023809.164,5.000000e-04,7.91,6122.78
785,6.876786e-03,3.609414e+01,2.339771e-04,1.855201e-04,2996527.061,6.127105e-03,3.623496e+01,2.259957e-04,4.873054e-05,2997181.047,5.000000e-04,8.66,6131.44
786,6.219824e-03,3.610853e+01,1.810058e-04,1.597826e-04,2996912.375,4.779686e-03,3.559388e+01,8.469805e-05,7.466347e-05,2987449.984,5.000000e-04,7.93,6139.37
787,6.938968e-03,3.614661e+01,1.950351e-04,2.747914e-04,2995120.572,5.421047e-03,3.580634e+01,1.381142e-04,9.185422e-05,2979423.406,5.000000e-04,7.39,6146.76
788,6.039620e-03,3.615770e+01,1.557557e-04,1.732585e-04,2997142.084,6.481068e-03,3.565021e+01,2.317392e-04,1.197311e-04,2980604.188,5.000000e-04,7.11,6153.87
789,6.774110e-03,3.608528e+01,1.951476e-04,2.428211e-04,2996459.674,8.019069e-03,3.549349e+01,2.502674e-04,3.934092e-04,2950407.789,5.000000e-04,7.17,6161.04
790,7.082989e-03,3.604104e+01,2.054917e-04,2.847936e-04,2996524.518,1.286204e-02,3.479245e+01,2.897567e-04,1.297045e-03,2903209.633,5.000000e-04,7.48,6168.53
791,6.406776e-03,3.610750e+01,1.849671e-04,1.892711e-04,2997053.682,8.741027e-03,3.428511e+01,2.223772e-04,6.177488e-04,2929923.148,5.000000e-04,7.49,6176.04
792,6.516548e-03,3.600605e+01,1.892530e-04,2.046825e-04,2995422.400,7.386283e-03,3.619076e+01,3.505348e-04,5.237166e-05,2997718.758,5.000000e-04,7.13,6183.17
793,6.227056e-03,3.614901e+01,1.718003e-04,1.788305e-04,2996302.510,5.726011e-03,3.644606e+01,1.247778e-04,1.667254e-04,3026236.047,5.000000e-04,7.13,6190.30
794,6.368178e-03,3.612394e+01,1.823509e-04,1.864551e-04,2996445.160,5.079546e-03,3.586618e+01,1.010006e-04,9.658445e-05,2977481.859,5.000000e-04,7.38,6197.68
795,7.108691e-03,3.613241e+01,2.089286e-04,2.812328e-04,2995731.137,5.845724e-03,3.690190e+01,1.431612e-04,1.447844e-04,3021740.781,5.000000e-04,7.40,6205.08
796,6.057029e-03,3.619537e+01,1.485617e-04,1.903751e-04,2996748.447,6.674041e-03,3.706784e+01,1.988489e-04,1.957535e-04,3032913.242,5.000000e-04,7.49,6212.57
797,5.858984e-03,3.619848e+01,1.481965e-04,1.514342e-04,2996999.094,4.824935e-03,3.621497e+01,9.388870e-05,5.291028e-05,2991113.789,5.000000e-04,7.44,6220.01
798,6.208545e-03,3.620710e+01,1.856497e-04,1.462676e-04,2996630.594,5.014507e-03,3.625464e+01,9.307896e-05,9.165070e-05,2989968.328,5.000000e-04,7.21,6227.22
799,6.518173e-03,3.617856e+01,1.902129e-04,1.996376e-04,2996467.500,7.597689e-03,3.498206e+01,7.710218e-05,6.656921e-04,2928514.273,5.000000e-04,7.49,6234.71
800,7.151577e-03,3.607345e+01,2.292470e-04,2.503522e-04,2995525.385,5.764919e-03,3.669102e+01,1.271987e-04,1.647660e-04,3030626.992,5.000000e-04,7.66,6242.37
801,6.185291e-03,3.609979e+01,1.733791e-04,1.683043e-04,2996845.969,5.061555e-03,3.614072e+01,1.123078e-04,6.488101e-05,3006407.992,5.000000e-04,7.78,6250.15
802,6.632755e-03,3.609859e+01,1.864548e-04,2.316696e-04,2996250.785,4.761195e-03,3.612519e+01,8.748637e-05,5.476234e-05,3010096.266,5.000000e-04,7.54,6257.70
803,6.459410e-03,3.614126e+01,1.739565e-04,2.211438e-04,2997136.814,9.804812e-03,3.440820e+01,3.341586e-04,6.044812e-04,2929008.133,5.000000e-04,7.66,6265.35
804,6.346302e-03,3.614139e+01,1.611907e-04,2.240512e-04,2995889.945,7.390766e-03,3.557516e+01,2.143568e-04,3.379364e-04,2963012.391,5.000000e-04,7.80,6273.16
805,6.375762e-03,3.615649e+01,1.782897e-04,1.954432e-04,2996429.729,4.987531e-03,3.538249e+01,9.687973e-05,9.609681e-05,2976696.711,5.000000e-04,7.61,6280.78
806,7.245314e-03,3.612278e+01,2.306472e-04,2.653127e-04,2995581.104,9.235243e-03,3.867178e+01,2.154152e-04,6.427826e-04,3070198.641,5.000000e-04,7.74,6288.53
807,6.204833e-03,3.629679e+01,1.561378e-04,2.027550e-04,2997185.902,4.816187e-03,3.653939e+01,7.769716e-05,7.705519e-05,3014990.188,5.000000e-04,8.48,6297.01
808,6.093492e-03,3.605617e+01,1.611949e-04,1.751852e-04,2996728.201,6.355680e-03,3.588401e+01,1.604107e-04,2.326345e-04,2973236.961,5.000000e-04,7.27,6304.30
809,5.804260e-03,3.598320e+01,1.487618e-04,1.436644e-04,2996410.275,5.188469e-03,3.639141e+01,1.347987e-04,4.026817e-05,3009063.695,5.000000e-04,7.24,6311.54
810,6.746222e-03,3.594402e+01,2.098218e-04,2.107204e-04,2995773.254,9.482963e-03,3.744870e+01,2.553524e-04,6.369137e-04,3069327.602,5.000000e-04,7.77,6319.31
811,6.029975e-03,3.596366e+01,1.564718e-04,1.737782e-04,2997352.553,5.702528e-03,3.541869e+01,1.225729e-04,1.869860e-04,2967927.164,5.000000e-04,8.29,6327.60
812,6.206542e-03,3.590104e+01,1.790285e-04,1.652305e-04,2996356.078,5.694331e-03,3.599242e+01,1.931831e-04,3.265157e-05,2998191.336,5.000000e-04,7.08,6334.68
813,6.353319e-03,3.589873e+01,1.785868e-04,1.955156e-04,2996469.955,4.840209e-03,3.595051e+01,9.785573e-05,5.332013e-05,2999462.398,5.000000e-04,7.15,6341.83
814,6.895113e-03,3.596640e+01,1.881375e-04,2.834194e-04,2996510.684,4.854508e-03,3.575299e+01,9.042057e-05,7.500082e-05,2981720.094,5.000000e-04,7.46,6349.29
815,6.912269e-03,3.597116e+01,2.213664e-04,2.202978e-04,2996039.197,6.001454e-03,3.553671e+01,1.953429e-04,9.887073e-05,2977492.344,5.000000e-04,7.55,6356.84
816,6.261272e-03,3.596704e+01,1.578633e-04,2.171869e-04,2997399.154,9.171656e-03,3.461207e+01,2.921534e-04,5.577829e-04,2934157.875,5.000000e-04,7.65,6364.50
817,6.815630e-03,3.588904e+01,1.999441e-04,2.454569e-04,2995527.178,5.510594e-03,3.545989e+01,1.399842e-04,1.129527e-04,2974219.367,5.000000e-04,7.22,6371.72
818,6.560491e-03,3.601315e+01,1.723428e-04,2.471496e-04,2996355.482,5.252325e-03,3.684384e+01,1.049615e-04,1.036652e-04,3021841.742,5.000000e-04,7.28,6379.00
819,6.430745e-03,3.602913e+01,1.738691e-04,2.178283e-04,2996017.260,4.511767e-03,3.648192e+01,5.525562e-05,6.220376e-05,3014999.328,5.000000e-04,7.18,6386.18
820,6.743923e-03,3.616588e+01,1.956174e-04,2.342321e-04,2996183.562,6.932540e-03,3.733451e+01,1.515233e-04,3.367712e-04,3051884.922,5.000000e-04,7.60,6393.79
821,6.565997e-03,3.613783e+01,1.844413e-04,2.215600e-04,2996007.996,1.102388e-02,3.848548e+01,4.281237e-04,5.788195e-04,3042801.477,5.000000e-04,8.27,6402.06
822,6.839933e-03,3.627011e+01,2.063317e-04,2.299211e-04,2997374.156,8.011311e-03,3.674324e+01,3.639100e-04,1.395774e-04,3007921.977,5.000000e-04,7.78,6409.84
823,6.819813e-03,3.611218e+01,2.107447e-04,2.202295e-04,2995817.404,4.481339e-03,3.634016e+01,6.558942e-05,3.828573e-05,3005648.688,5.000000e-04,7.54,6417.37
824,6.781296e-03,3.604383e+01,1.952892e-04,2.448041e-04,2996145.840,4.980498e-03,3.609596e+01,1.173999e-04,3.938052e-05,2997371.211,5.000000e-04,7.64,6425.01
825,5.594184e-03,3.603232e+01,1.334333e-04,1.313239e-04,2996712.174,4.773029e-03,3.635599e+01,8.794312e-05,5.159967e-05,3014572.625,5.000000e-04,7.50,6432.51
826,6.191634e-03,3.603866e+01,1.499286e-04,2.176966e-04,2996750.146,5.105865e-03,3.685337e+01,9.309271e-05,9.792037e-05,3027485.359,5.000000e-04,8.32,6440.84
827,6.296053e-03,3.598940e+01,1.895890e-04,1.602446e-04,2996274.854,5.357153e-03,3.603346e+01,1.596010e-04,3.155942e-05,3001679.031,5.000000e-04,7.15,6447.99
828,5.936493e-03,3.599331e+01,1.342448e-04,1.989429e-04,2996388.869,1.502192e-02,3.846638e+01,5.767471e-04,1.081561e-03,3093868.258,5.000000e-04,7.17,6455.16
829,7.086634e-03,3.614185e+01,1.997625e-04,2.949647e-04,2997158.744,6.784873e-03,3.681309e+01,2.678890e-04,8.493463e-05,3022763.922,5.000000e-04,8.06,6463.22
830,6.845239e-03,3.617175e+01,1.933672e-04,2.588785e-04,2995718.479,5.430538e-03,3.696934e+01,9.629429e-05,1.541323e-04,3028077.523,5.000000e-04,7.94,6471.16
831,6.142216e-03,3.612599e+01,1.495963e-04,2.067308e-04,2996902.160,6.047486e-03,3.606561e+01,2.218205e-04,4.454415e-05,3002571.852,5.000000e-04,7.66,6478.83
832,6.656983e-03,3.601377e+01,1.939865e-04,2.231483e-04,2995819.209,6.470474e-03,3.723024e+01,1.914389e-04,1.666123e-04,3033894.844,5.000000e-04,7.48,6486.32
833,6.513289e-03,3.619813e+01,1.883549e-04,2.019854e-04,2996032.227,1.139029e-02,3.758521e+01,5.279809e-04,4.703916e-04,3060515.797,5.000000e-04,7.48,6493.79
834,7.229695e-03,3.621726e+01,2.290273e-04,2.635392e-04,2995960.338,5.295624e-03,3.671784e+01,1.418490e-04,4.107004e-05,3011632.070,5.000000e-04,7.74,6501.54
835,6.558951e-03,3.624835e+01,1.667704e-04,2.532824e-04,2997724.137,1.562997e-02,3.352666e+01,1.603130e-04,2.134834e-03,2869908.789,5.000000e-04,7.48,6509.02
836,6.778025e-03,3.606588e+01,1.909485e-04,2.523903e-04,2994097.488,5.571309e-03,3.732880e+01,8.384392e-05,1.999980e-04,3023233.125,5.000000e-04,7.69,6516.71
837,5.676529e-03,3.617427e+01,1.215544e-04,1.687115e-04,2997559.158,5.216246e-03,3.637749e+01,1.278024e-04,6.009472e-05,3014274.953,5.000000e-04,8.04,6524.76
838,6.177848e-03,3.603394e+01,1.568841e-04,2.011227e-04,2996512.312,5.296996e-03,3.611828e+01,1.363976e-04,6.423863e-05,2993523.398,5.000000e-04,7.31,6532.07
839,6.338622e-03,3.608432e+01,1.848703e-04,1.762973e-04,2996387.873,7.162876e-03,3.615311e+01,3.085861e-04,9.234083e-05,2983798.359,5.000000e-04,7.27,6539.34
840,6.308215e-03,3.606253e+01,1.714450e-04,1.975023e-04,2996341.949,5.496715e-03,3.690544e+01,1.344774e-04,9.227946e-05,3023281.766,5.000000e-04,8.05,6547.39
841,6.596240e-03,3.595524e+01,1.858993e-04,2.283447e-04,2996007.777,5.079335e-03,3.576509e+01,1.159473e-04,6.867062e-05,2991470.070,5.000000e-04,8.00,6555.39
842,6.419253e-03,3.603432e+01,1.727960e-04,2.175723e-04,2996104.918,5.493365e-03,3.724843e+01,7.034015e-05,2.130243e-04,3038343.078,5.000000e-04,7.39,6562.80
843,6.244340e-03,3.600787e+01,1.703405e-04,1.880295e-04,2996775.820,7.417774e-03,3.774977e+01,1.022600e-04,5.240395e-04,3048491.734,5.000000e-04,7.29,6570.08
844,6.658850e-03,3.607528e+01,1.924139e-04,2.254366e-04,2996705.156,6.755435e-03,3.595380e+01,2.990958e-04,3.381943e-05,2998421.711,5.000000e-04,8.29,6578.37
845,6.559069e-03,3.597551e+01,1.886654e-04,2.149727e-04,2996991.648,7.054061e-03,3.556014e+01,3.116673e-04,7.627477e-05,2998749.188,5.000000e-04,8.45,6586.82
846,6.473513e-03,3.597620e+01,1.858758e-04,2.034271e-04,2995428.879,4.676832e-03,3.653050e+01,6.225135e-05,8.025390e-05,3007604.711,5.000000e-04,6.94,6593.76
847,6.456418e-03,3.616010e+01,1.710369e-04,2.260076e-04,2997312.381,8.890682e-03,3.543347e+01,4.369643e-04,1.955383e-04,2967142.086,5.000000e-04,7.35,6601.11
848,6.718871e-03,3.605430e+01,1.953591e-04,2.319699e-04,2995831.828,4.906951e-03,3.592356e+01,1.062923e-04,5.033448e-05,2983150.797,5.000000e-04,7.19,6608.29
849,6.074188e-03,3.605550e+01,1.559125e-04,1.819028e-04,2995788.545,8.567779e-03,3.728266e+01,3.425142e-04,2.828742e-04,3043251.984,5.000000e-04,7.55,6615.84
850,6.572811e-03,3.600071e+01,2.076647e-04,1.792185e-04,2996964.279,5.745918e-03,3.589824e+01,1.922151e-04,4.678865e-05,2996407.852,5.000000e-04,7.12,6622.97
851,6.221210e-03,3.608634e+01,1.656261e-04,1.912629e-04,2996693.252,5.567253e-03,3.599976e+01,1.093319e-04,1.747915e-04,3021260.031,5.000000e-04,8.07,6631.04
852,5.882283e-03,3.595703e+01,1.474693e-04,1.623772e-04,2997191.904,5.253970e-03,3.542398e+01,8.290505e-05,1.765042e-04,2970222.188,5.000000e-04,7.71,6638.77
853,6.073683e-03,3.592477e+01,1.525364e-04,1.911684e-04,2996181.354,5.307323e-03,3.582559e+01,8.063332e-05,1.836862e-04,2977917.328,5.000000e-04,7.28,6646.05
854,6.377052e-03,3.596239e+01,1.602637e-04,2.356353e-04,2996692.033,7.885432e-03,3.729223e+01,1.889989e-04,4.532441e-04,3048863.859,5.000000e-04,7.05,6653.10
855,7.091765e-03,3.591155e+01,2.341235e-04,2.318751e-04,2996530.186,6.357727e-03,3.460508e+01,1.476418e-04,2.841604e-04,2959253.383,5.000000e-04,7.40,6660.50
856,6.310679e-03,3.591412e+01,1.820809e-04,1.796917e-04,2996148.299,4.650444e-03,3.624454e+01,7.338486e-05,5.842840e-05,3013993.555,5.000000e-04,7.06,6667.56
857,6.516767e-03,3.590685e+01,2.091036e-04,1.670092e-04,2997051.398,5.418183e-03,3.556651e+01,7.567047e-05,2.209655e-04,2966213.023,5.000000e-04,7.13,6674.69
858,6.068698e-03,3.593039e+01,1.411703e-04,2.127912e-04,2996837.158,7.649008e-03,3.431694e+01,1.641769e-04,5.151091e-04,2938499.258,5.000000e-04,7.74,6682.43
859,5.889233e-03,3.591131e+01,1.625199e-04,1.345805e-04,2995759.871,6.115329e-03,3.606289e+01,1.682908e-04,1.652265e-04,3020024.906,5.000000e-04,8.19,6690.63
860,6.691363e-03,3.596966e+01,1.778101e-04,2.632593e-04,2996343.947,4.387607e-03,3.602720e+01,6.370835e-05,2.956057e-05,2997427.602,5.000000e-04,8.23,6698.86
861,6.018971e-03,3.603393e+01,1.620708e-04,1.589739e-04,2996950.229,5.458985e-03,3.517031e+01,1.058059e-04,1.767791e-04,2967718.594,5.000000e-04,7.45,6706.32
862,6.394712e-03,3.602026e+01,1.645792e-04,2.293788e-04,2996083.887,7.085923e-03,3.678026e+01,2.878477e-04,1.058841e-04,3022227.258,5.000000e-04,7.27,6713.59
863,6.088741e-03,3.597673e+01,1.675118e-04,1.631898e-04,2996985.779,7.043260e-03,3.697605e+01,2.707390e-04,1.276529e-04,3025232.281,5.000000e-04,7.32,6720.90
864,6.766168e-03,3.589637e+01,2.166800e-04,2.019461e-04,2996556.061,5.665282e-03,3.491312e+01,8.618448e-05,2.624251e-04,2954691.297,5.000000e-04,7.06,6727.96
865,6.678513e-03,3.591623e+01,2.074737e-04,2.024307e-04,2996123.541,6.325245e-03,3.517680e+01,1.501801e-04,2.611527e-04,2956768.281,5.000000e-04,8.09,6736.05
866,6.358613e-03,3.589594e+01,1.706439e-04,2.125160e-04,2996181.781,4.644603e-03,3.541906e+01,7.508364e-05,7.037212e-05,2980571.375,5.000000e-04,7.50,6743.56
867,6.411637e-03,3.587962e+01,1.795600e-04,2.056151e-04,2996912.104,6.221399e-03,3.567194e+01,1.567856e-04,2.172699e-04,2968339.258,5.000000e-04,7.46,6751.02
868,5.875107e-03,3.587262e+01,1.493648e-04,1.588394e-04,2995910.338,5.401903e-03,3.619385e+01,9.070264e-05,1.750984e-04,3020939.766,5.000000e-04,7.12,6758.14
869,6.114524e-03,3.590638e+01,1.707639e-04,1.632496e-04,2996930.660,6.060084e-03,3.645181e+01,1.440657e-04,1.948491e-04,3008257.102,5.000000e-04,7.75,6765.89
870,6.555554e-03,3.589248e+01,2.005697e-04,1.921219e-04,2996142.494,5.026124e-03,3.630447e+01,1.189879e-04,4.115973e-05,3009404.273,5.000000e-04,7.82,6773.71
871,6.332848e-03,3.585943e+01,1.903145e-04,1.687522e-04,2996384.264,6.789458e-03,3.686474e+01,1.554951e-04,3.096067e-04,3047906.695,5.000000e-04,7.70,6781.41
872,6.476521e-03,3.590202e+01,1.821603e-04,2.129433e-04,2997317.781,5.417198e-03,3.664712e+01,1.071498e-04,1.361975e-04,3004113.969,5.000000e-04,7.33,6788.73
873,6.337714e-03,3.590131e+01,1.702523e-04,2.090120e-04,2996309.738,6.144060e-03,3.642537e+01,1.784482e-04,1.434081e-04,3027213.016,5.000000e-04,7.44,6796.18
874,6.897656e-03,3.595185e+01,1.974276e-04,2.656390e-04,2996316.980,8.539545e-03,3.436103e+01,2.511734e-04,5.183416e-04,2935579.562,5.000000e-04,7.61,6803.79
875,6.366582e-03,3.587617e+01,1.785199e-04,1.987534e-04,2995932.160,9.260504e-03,3.450521e+01,3.526366e-04,4.567235e-04,2943722.281,5.000000e-04,7.28,6811.07
876,6.334705e-03,3.589186e+01,1.748107e-04,1.994823e-04,2996337.971,4.816438e-03,3.542672e+01,8.494442e-05,8.486424e-05,2975123.242,5.000000e-04,7.59,6818.65
877,6.496980e-03,3.599025e+01,1.632906e-04,2.530098e-04,2996600.287,5.694969e-03,3.577885e+01,1.110139e-04,2.013890e-04,3006837.586,5.000000e-04,7.89,6826.54
878,6.851502e-03,3.584682e+01,2.002587e-04,2.528465e-04,2996123.348,4.666364e-03,3.619227e+01,7.104589e-05,6.733566e-05,3007810.750,5.000000e-04,7.34,6833.88
879,6.297755e-03,3.580720e+01,1.863681e-04,1.706707e-04,2996268.887,6.631361e-03,3.659712e+01,1.458495e-04,3.026308e-04,3006689.586,5.000000e-04,7.99,6841.87
880,6.167445e-03,3.597492e+01,1.659104e-04,1.821700e-04,2996692.055,4.724578e-03,3.544305e+01,8.502935e-05,6.599590e-05,2987745.398,5.000000e-04,8.09,6849.96
881,6.749240e-03,3.589266e+01,1.798045e-04,2.723857e-04,2996816.152,1.028878e-02,3.476336e+01,3.400171e-04,6.824543e-04,2935525.688,5.000000e-04,8.18,6858.14
882,6.556199e-03,3.592540e+01,2.004514e-04,1.918291e-04,2995240.766,4.504257e-03,3.648758e+01,6.149102e-05,4.811789e-05,3014804.922,5.000000e-04,7.80,6865.94
883,6.661364e-03,3.585962e+01,1.888957e-04,2.372890e-04,2996144.148,4.507909e-03,3.607515e+01,6.556660e-05,4.894563e-05,3010066.258,5.000000e-04,7.01,6872.95
884,5.772075e-03,3.574411e+01,1.460796e-04,1.473735e-04,2997061.555,4.987489e-03,3.635462e+01,9.718028e-05,7.604475e-05,3017220.875,5.000000e-04,7.62,6880.57
885,7.877598e-03,3.588412e+01,2.617221e-04,3.343929e-04,2996234.750,8.806084e-03,3.550506e+01,3.879516e-04,2.752126e-04,2957383.445,5.000000e-04,7.81,6888.40
886,6.438789e-03,3.584030e+01,1.793975e-04,2.121568e-04,2996303.369,5.003623e-03,3.620976e+01,1.152234e-04,4.608254e-05,3013280.062,5.000000e-04,7.33,6895.72
887,6.125003e-03,3.578465e+01,1.606007e-04,1.881062e-04,2996583.730,5.191013e-03,3.609578e+01,1.148596e-04,8.656777e-05,2998627.523,5.000000e-04,7.57,6903.29
888,6.231144e-03,3.580545e+01,1.511051e-04,2.279095e-04,2996378.244,5.071573e-03,3.623024e+01,9.567837e-05,9.835308e-05,3021632.188,5.000000e-04,7.31,6910.61
889,6.402052e-03,3.583751e+01,1.987485e-04,1.661631e-04,2996576.578,5.650642e-03,3.482508e+01,9.392551e-05,2.457760e-04,2957481.109,5.000000e-04,7.43,6918.04
890,6.381750e-03,3.571200e+01,1.888313e-04,1.844475e-04,2996293.672,5.744946e-03,3.589372e+01,1.987457e-04,3.362337e-05,3004200.070,5.000000e-04,7.67,6925.70
891,6.979718e-03,3.582573e+01,2.058877e-04,2.676535e-04,2996323.205,4.791743e-03,3.671398e+01,6.429216e-05,9.548461e-05,3012282.289,5.000000e-04,8.19,6933.89
892,5.851574e-03,3.583738e+01,1.534426e-04,1.466820e-04,2996521.121,1.008842e-02,3.684407e+01,4.550788e-04,3.706443e-04,3046001.125,5.000000e-04,7.88,6941.77
893,6.851627e-03,3.580158e+01,2.021434e-04,2.500070e-04,2996574.410,4.862668e-03,3.602529e+01,8.446416e-05,8.309938e-05,3011788.047,5.000000e-04,8.26,6950.05
894,6.269805e-03,3.575839e+01,1.700351e-04,1.987231e-04,2996011.613,6.725262e-03,3.500579e+01,1.237653e-04,3.974061e-04,2970837.047,5.000000e-04,7.16,6957.21
895,6.424674e-03,3.578537e+01,1.705992e-04,2.280290e-04,2996433.385,5.388601e-03,3.602391e+01,1.177503e-04,1.217415e-04,3016270.336,5.000000e-04,7.57,6964.78
896,5.777258e-03,3.569151e+01,1.428852e-04,1.558512e-04,2997249.059,7.285832e-03,3.544146e+01,2.614565e-04,2.254243e-04,3011383.039,5.000000e-04,8.05,6972.83
897,5.810738e-03,3.568643e+01,1.599782e-04,1.284628e-04,2996523.320,5.216534e-03,3.614318e+01,1.057022e-04,1.090388e-04,3022295.328,5.000000e-04,7.10,6979.93
898,6.382137e-03,3.568049e+01,1.693936e-04,2.240304e-04,2996909.426,8.692338e-03,3.416000e+01,2.421127e-04,5.710423e-04,2929495.750,5.000000e-04,7.12,6987.05
899,6.069215e-03,3.581872e+01,1.472952e-04,2.028782e-04,2996186.201,7.136724e-03,3.531526e+01,2.704156e-04,1.802084e-04,2996070.336,5.000000e-04,7.79,6994.84
900,6.245861e-03,3.566682e+01,1.649317e-04,2.059724e-04,2996487.043,7.177465e-03,3.694663e+01,1.401876e-04,4.161854e-04,3039905.773,5.000000e-04,7.79,7002.64
901,6.181687e-03,3.572822e+01,1.517686e-04,2.182359e-04,2996372.787,4.507342e-03,3.638017e+01,6.419685e-05,4.547130e-05,3015805.070,5.000000e-04,7.53,7010.17
902,6.651107e-03,3.577781e+01,1.860957e-04,2.424739e-04,2996527.936,4.803488e-03,3.569514e+01,9.722925e-05,5.233627e-05,3003127.930,5.000000e-04,7.41,7017.58
903,6.132985e-03,3.574367e+01,1.584794e-04,1.947646e-04,2996151.414,6.646018e-03,3.546603e+01,2.464121e-04,1.270588e-04,2990081.875,5.000000e-04,7.04,7024.62
904,6.053843e-03,3.565406e+01,1.638334e-04,1.700205e-04,2996259.713,5.675739e-03,3.652628e+01,1.150525e-04,1.745171e-04,3035940.062,5.000000e-04,7.09,7031.71
905,6.114068e-03,3.572059e+01,1.742618e-04,1.598781e-04,2997318.260,5.530634e-03,3.512903e+01,8.916014e-05,2.252259e-04,2966726.586,5.000000e-04,7.43,7039.14
906,5.931828e-03,3.557240e+01,1.542172e-04,1.664832e-04,2996266.322,4.255971e-03,3.587490e+01,5.581254e-05,2.207116e-05,3000566.609,5.000000e-04,7.83,7046.97
907,6.705006e-03,3.570557e+01,2.040464e-04,2.187969e-04,2996204.305,4.808291e-03,3.543391e+01,5.785563e-05,1.372688e-04,2977334.781,5.000000e-04,7.28,7054.26
908,6.011135e-03,3.573547e+01,1.564329e-04,1.746518e-04,2996390.635,5.029415e-03,3.628553e+01,4.422867e-05,1.917151e-04,3031245.203,5.000000e-04,7.22,7061.48
909,6.870650e-03,3.570062e+01,1.935252e-04,2.730673e-04,2996399.066,5.161979e-03,3.593311e+01,1.308668e-04,5.199996e-05,2996292.570,5.000000e-04,8.00,7069.47
910,6.022447e-03,3.564713e+01,1.489485e-04,1.936496e-04,2996173.090,5.570982e-03,3.583649e+01,1.674378e-04,6.259096e-05,3009167.008,5.000000e-04,8.07,7077.55
911,5.733972e-03,3.556275e+01,1.421206e-04,1.512982e-04,2996568.088,5.226064e-03,3.572631e+01,1.000198e-04,1.306469e-04,3008841.109,5.000000e-04,7.47,7085.02
912,6.006486e-03,3.563405e+01,1.581259e-04,1.723642e-04,2996806.629,4.667570e-03,3.515361e+01,7.537641e-05,7.968908e-05,2978421.727,5.000000e-04,8.06,7093.08
913,6.511955e-03,3.571619e+01,1.736268e-04,2.408136e-04,2996277.508,5.516926e-03,3.579436e+01,1.639104e-04,5.967726e-05,3005852.172,5.000000e-04,7.76,7100.84
914,6.528498e-03,3.567287e+01,1.872839e-04,2.176746e-04,2995782.527,6.705071e-03,3.737099e+01,1.702077e-04,2.531791e-04,3039025.102,5.000000e-04,8.01,7108.85
915,6.495144e-03,3.584941e+01,1.707517e-04,2.405371e-04,2997195.762,6.373283e-03,3.493691e+01,1.604993e-04,2.549199e-04,2959320.867,5.000000e-04,6.71,7115.56
916,6.417818e-03,3.581686e+01,1.824903e-04,2.022458e-04,2996619.514,4.931732e-03,3.578302e+01,9.266444e-05,8.535701e-05,2982224.852,5.000000e-04,7.91,7123.46
917,6.077132e-03,3.580973e+01,1.650984e-04,1.690350e-04,2996681.758,6.378253e-03,3.468186e+01,1.472849e-04,2.874437e-04,2979626.656,5.000000e-04,8.62,7132.09
918,6.340606e-03,3.570162e+01,1.817552e-04,1.905783e-04,2996552.775,4.630644e-03,3.595258e+01,6.559517e-05,7.588676e-05,3016302.945,5.000000e-04,7.94,7140.03
919,5.800361e-03,3.570961e+01,1.277253e-04,1.904293e-04,2996506.547,4.396010e-03,3.603227e+01,5.579952e-05,4.695771e-05,3006297.938,5.000000e-04,6.95,7146.98
920,6.137652e-03,3.575597e+01,1.538010e-04,2.048090e-04,2996663.201,4.540754e-03,3.631481e+01,4.409753e-05,9.365953e-05,3023626.211,5.000000e-04,8.40,7155.38
921,6.279544e-03,3.573869e+01,1.747904e-04,1.915544e-04,2996107.279,6.331123e-03,3.722921e+01,1.199647e-04,2.817109e-04,3030237.336,5.000000e-04,7.92,7163.30
922,6.642571e-03,3.566671e+01,1.980442e-04,2.190914e-04,2996368.982,5.324974e-03,3.589002e+01,9.892816e-05,1.493381e-04,3012467.211,5.000000e-04,8.11,7171.41
923,6.180725e-03,3.567825e+01,1.555126e-04,2.115547e-04,2996923.678,5.102312e-03,3.618775e+01,1.082978e-04,8.011176e-05,3006003.523,5.000000e-04,7.58,7179.00
924,5.835470e-03,3.568302e+01,1.521154e-04,1.492030e-04,2996677.641,6.230416e-03,3.441155e+01,1.607081e-04,2.364359e-04,2965013.391,5.000000e-04,7.68,7186.68
925,5.964304e-03,3.565827e+01,1.709295e-04,1.378362e-04,2996491.904,5.809044e-03,3.501179e+01,1.865193e-04,8.853427e-05,2978623.961,5.000000e-04,8.42,7195.10
926,5.817055e-03,3.555862e+01,1.345819e-04,1.830747e-04,2996210.996,4.734513e-03,3.559209e+01,8.560010e-05,6.386068e-05,2994107.141,5.000000e-04,8.02,7203.12
927,6.274845e-03,3.558668e+01,1.755199e-04,1.921956e-04,2996285.154,6.488711e-03,3.547930e+01,1.589202e-04,2.703158e-04,2972293.461,5.000000e-04,7.29,7210.41
928,6.667665e-03,3.563895e+01,2.050628e-04,2.106284e-04,2997045.035,6.884921e-03,3.478733e+01,2.562495e-04,1.687387e-04,2974988.844,5.000000e-04,7.39,7217.81
929,6.295105e-03,3.568194e+01,1.779760e-04,1.894302e-04,2997877.545,8.311282e-03,3.511900e+01,2.119318e-04,5.360127e-04,2978932.117,5.000000e-04,7.71,7225.52
930,7.896957e-03,3.568524e+01,2.321044e-04,4.014779e-04,2994192.939,6.430670e-03,3.511579e+01,1.401209e-04,3.035763e-04,2984224.180,5.000000e-04,7.82,7233.34
931,5.983359e-03,3.575652e+01,1.579678e-04,1.656058e-04,2996812.133,5.344756e-03,3.531835e+01,1.505936e-04,6.139697e-05,2979245.797,5.000000e-04,7.49,7240.83
932,6.456893e-03,3.567222e+01,1.679440e-04,2.420462e-04,2996181.688,6.448737e-03,3.631592e+01,2.566182e-04,5.019256e-05,3014669.562,5.000000e-04,8.65,7249.48
933,6.240328e-03,3.569447e+01,1.744342e-04,1.853078e-04,2996603.125,4.947387e-03,3.552995e+01,6.533915e-05,1.482001e-04,2977265.406,5.000000e-04,7.38,7256.86
934,6.013114e-03,3.572995e+01,1.590297e-04,1.699645e-04,2997093.664,7.806491e-03,3.465066e+01,3.607735e-04,1.467379e-04,2975643.055,5.000000e-04,7.31,7264.17
935,6.340216e-03,3.564886e+01,1.607206e-04,2.336249e-04,2995271.447,8.354104e-03,3.759758e+01,1.808155e-04,5.572381e-04,3064513.961,5.000000e-04,7.38,7271.56
936,5.978204e-03,3.577353e+01,1.618797e-04,1.564109e-04,2997617.691,5.412238e-03,3.509555e+01,8.942619e-05,2.016842e-04,2969699.914,5.000000e-04,7.82,7279.38
937,6.161048e-03,3.562790e+01,1.694946e-04,1.806626e-04,2996867.973,4.816338e-03,3.543881e+01,9.723690e-05,6.001766e-05,2990501.352,5.000000e-04,7.84,7287.21
938,6.766957e-03,3.560874e+01,1.852261e-04,2.707644e-04,2995962.701,5.101592e-03,3.543615e+01,9.997099e-05,1.116535e-04,2976670.492,5.000000e-04,7.13,7294.34
939,6.185024e-03,3.567993e+01,1.802655e-04,1.628752e-04,2996523.170,8.698394e-03,3.596677e+01,4.842461e-04,5.185137e-05,3005624.328,5.000000e-04,7.75,7302.09
940,6.692360e-03,3.559588e+01,1.748190e-04,2.769164e-04,2996295.781,5.439963e-03,3.529478e+01,7.502556e-05,2.320458e-04,2966537.398,5.000000e-04,7.53,7309.62
941,5.787977e-03,3.563941e+01,1.327413e-04,1.793245e-04,2997214.844,6.526986e-03,3.439199e+01,9.716188e-05,4.232336e-04,2942017.461,5.000000e-04,7.72,7317.35
942,6.155338e-03,3.556079e+01,1.625779e-04,1.946960e-04,2996175.945,4.829450e-03,3.590454e+01,8.387394e-05,8.005131e-05,2996101.148,5.000000e-04,6.97,7324.32
943,5.976521e-03,3.566815e+01,1.530296e-04,1.758820e-04,2996268.973,5.393078e-03,3.662217e+01,9.025658e-05,1.656589e-04,3016252.352,5.000000e-04,7.50,7331.82
944,5.938336e-03,3.566305e+01,1.509965e-04,1.724132e-04,2997298.230,9.123417e-03,3.437934e+01,1.861180e-04,7.648606e-04,2927501.977,5.000000e-04,7.54,7339.36
945,6.113465e-03,3.557254e+01,1.641575e-04,1.829271e-04,2996144.602,6.373896e-03,3.598264e+01,2.369721e-04,8.118217e-05,3002864.688,5.000000e-04,7.03,7346.39
946,6.417220e-03,3.559489e+01,1.974600e-04,1.766262e-04,2995962.191,4.498888e-03,3.573048e+01,5.086853e-05,8.343089e-05,3011023.578,5.000000e-04,7.75,7354.14
947,6.391553e-03,3.570671e+01,1.562525e-04,2.516714e-04,2996898.354,5.110112e-03,3.514441e+01,8.828410e-05,1.425660e-04,2969344.695,5.000000e-04,8.28,7362.42
948,5.757767e-03,3.561569e+01,1.369663e-04,1.653070e-04,2996897.961,5.082316e-03,3.495571e+01,6.815673e-05,1.810354e-04,2962930.133,5.000000e-04,8.00,7370.42
949,5.424568e-03,3.560694e+01,1.241162e-04,1.245425e-04,2996907.824,4.986011e-03,3.546238e+01,1.007582e-04,8.643820e-05,2978058.141,5.000000e-04,7.67,7378.09
950,6.508343e-03,3.557065e+01,1.912600e-04,2.077355e-04,2996156.688,5.694059e-03,3.463306e+01,9.899200e-05,2.481667e-04,2958830.898,5.000000e-04,7.65,7385.75
951,5.865470e-03,3.556739e+01,1.526872e-04,1.563718e-04,2996566.904,7.213244e-03,3.436466e+01,1.147987e-04,5.257581e-04,2950070.766,5.000000e-04,8.19,7393.94
952,6.097985e-03,3.560166e+01,1.569945e-04,1.935747e-04,2996853.934,5.150060e-03,3.583537e+01,1.079150e-04,9.747470e-05,2990014.242,5.000000e-04,7.73,7401.67
953,5.764376e-03,3.563945e+01,1.452483e-04,1.495896e-04,2996563.428,5.253315e-03,3.503575e+01,1.126812e-04,1.245857e-04,2996020.172,5.000000e-04,8.01,7409.68
954,6.510858e-03,3.552605e+01,1.898264e-04,2.119979e-04,2996141.229,9.041701e-03,3.685479e+01,4.183738e-04,2.344968e-04,3037039.734,5.000000e-04,7.55,7417.23
955,5.588535e-03,3.558007e+01,1.304868e-04,1.451319e-04,2997459.453,5.714043e-03,3.436661e+01,9.271528e-05,2.700458e-04,2953087.688,5.000000e-04,7.15,7424.38
956,5.506159e-03,3.550074e+01,1.339705e-04,1.232760e-04,2996378.277,7.543732e-03,3.660721e+01,1.815683e-04,4.134657e-04,3041653.586,5.000000e-04,7.54,7431.92
957,5.962433e-03,3.539467e+01,1.582176e-04,1.681581e-04,2996648.854,4.925276e-03,3.543370e+01,7.287574e-05,1.306296e-04,2985048.531,5.000000e-04,7.54,7439.46
958,6.195331e-03,3.539147e+01,1.886377e-04,1.539615e-04,2996203.787,7.577607e-03,3.524915e+01,3.183800e-04,1.737785e-04,3013530.547,5.000000e-04,8.02,7447.49
959,5.957579e-03,3.541519e+01,1.389300e-04,2.053520e-04,2996846.494,4.904695e-03,3.585643e+01,8.058450e-05,1.026415e-04,3015827.820,5.000000e-04,7.61,7455.10
960,5.805205e-03,3.546613e+01,1.513140e-04,1.490903e-04,2996892.332,5.287623e-03,3.629450e+01,8.235075e-05,1.669331e-04,3030708.930,5.000000e-04,7.43,7462.54
961,6.033275e-03,3.549921e+01,1.512429e-04,1.941849e-04,2996661.738,4.607523e-03,3.557127e+01,8.443913e-05,4.120103e-05,2998027.961,5.000000e-04,7.68,7470.22
962,6.249586e-03,3.541168e+01,1.509999e-04,2.396838e-04,2996935.631,1.166106e-02,3.322335e+01,3.376229e-04,9.924984e-04,2909811.383,5.000000e-04,7.50,7477.72
963,5.993015e-03,3.550452e+01,1.506787e-04,1.871550e-04,2995957.566,4.976266e-03,3.584781e+01,1.232167e-04,3.186342e-05,3006381.492,5.000000e-04,8.00,7485.72
964,6.115557e-03,3.549910e+01,1.500955e-04,2.129385e-04,2996708.344,6.413395e-03,3.628775e+01,2.466826e-04,6.355869e-05,3018717.445,5.000000e-04,7.25,7492.97
965,6.433688e-03,3.548429e+01,1.849285e-04,2.071947e-04,2996361.148,4.658067e-03,3.515609e+01,6.599252e-05,9.650657e-05,2973301.977,5.000000e-04,7.77,7500.74
966,6.179364e-03,3.540873e+01,1.713050e-04,1.850883e-04,2995942.637,5.468757e-03,3.576426e+01,1.344194e-04,1.096275e-04,3020604.852,5.000000e-04,8.79,7509.53
967,6.154602e-03,3.554035e+01,1.628207e-04,1.944722e-04,2997128.275,4.866164e-03,3.617961e+01,8.360751e-05,8.242553e-05,3020185.805,5.000000e-04,8.49,7518.02
968,6.110827e-03,3.539268e+01,1.638942e-04,1.865233e-04,2996219.887,7.953502e-03,3.685812e+01,1.107095e-04,6.321190e-04,3068608.242,5.000000e-04,8.35,7526.38
969,5.955313e-03,3.534424e+01,1.558539e-04,1.724701e-04,2997367.283,8.169699e-03,3.395443e+01,2.734679e-04,4.079153e-04,2941601.539,5.000000e-04,7.82,7534.19
970,6.180118e-03,3.539412e+01,1.736818e-04,1.807777e-04,2996395.059,6.744437e-03,3.519559e+01,3.026972e-04,3.958126e-05,2989236.750,5.000000e-04,7.56,7541.75
971,6.826142e-03,3.544870e+01,2.249111e-04,2.064322e-04,2996615.318,5.277706e-03,3.541202e+01,1.315576e-04,8.418552e-05,2998051.383,5.000000e-04,7.83,7549.59
972,5.530275e-03,3.554265e+01,1.291110e-04,1.369801e-04,2996520.912,4.302512e-03,3.545350e+01,5.964939e-05,3.213383e-05,2989830.375,5.000000e-04,8.05,7557.64
973,5.688740e-03,3.535209e+01,1.393841e-04,1.519380e-04,2996671.178,5.219706e-03,3.486183e+01,7.539052e-05,1.959235e-04,2967962.141,5.000000e-04,8.10,7565.74
974,5.937010e-03,3.533657e+01,1.333622e-04,2.139462e-04,2996656.629,4.605503e-03,3.486029e+01,5.458875e-05,1.147173e-04,2972297.938,5.000000e-04,7.72,7573.45
975,5.877747e-03,3.524565e+01,1.532830e-04,1.640704e-04,2996409.615,4.807899e-03,3.603533e+01,6.286175e-05,1.151497e-04,3020679.812,5.000000e-04,7.66,7581.11
976,6.493650e-03,3.533556e+01,1.652749e-04,2.614691e-04,2996560.203,4.896655e-03,3.550024e+01,1.009299e-04,6.746635e-05,2994089.000,5.000000e-04,8.06,7589.18
977,5.819735e-03,3.543588e+01,1.495182e-04,1.561931e-04,2997121.619,5.470312e-03,3.445644e+01,9.153767e-05,2.218581e-04,2958848.352,5.000000e-04,8.62,7597.80
978,6.183295e-03,3.536010e+01,1.656629e-04,1.981313e-04,2996055.283,9.179271e-03,3.684949e+01,3.873577e-04,3.241490e-04,3036552.047,5.000000e-04,8.26,7606.06
979,6.148827e-03,3.548096e+01,1.626977e-04,1.947508e-04,2996788.855,5.197975e-03,3.507385e+01,1.109024e-04,1.163133e-04,2974617.445,5.000000e-04,8.25,7614.31
980,5.980346e-03,3.555199e+01,1.431818e-04,1.986658e-04,2997357.688,6.522558e-03,3.429608e+01,1.406307e-04,3.373286e-04,2951729.125,5.000000e-04,7.49,7621.81
981,6.168727e-03,3.541954e+01,1.729531e-04,1.794486e-04,2996051.615,4.475770e-03,3.494381e+01,6.210349e-05,7.207085e-05,2993185.281,5.000000e-04,7.96,7629.77
982,6.068522e-03,3.539713e+01,1.346250e-04,2.365118e-04,2996626.430,5.813871e-03,3.529309e+01,2.099774e-04,3.695768e-05,2991449.234,5.000000e-04,7.72,7637.48
983,5.748291e-03,3.535352e+01,1.440598e-04,1.544682e-04,2996655.920,4.658664e-03,3.537582e+01,8.939439e-05,4.542762e-05,2989853.188,5.000000e-04,8.35,7645.83
984,6.406679e-03,3.541260e+01,1.667507e-04,2.395825e-04,2996827.326,6.183661e-03,3.651594e+01,1.603279e-04,1.857577e-04,3028797.641,5.000000e-04,8.30,7654.14
985,6.095726e-03,3.544523e+01,1.584570e-04,1.933265e-04,2996343.875,5.599483e-03,3.502582e+01,1.813376e-04,5.670515e-05,2986494.367,5.000000e-04,7.63,7661.82
986,6.117505e-03,3.548402e+01,1.571011e-04,1.996182e-04,2996876.355,6.699523e-03,3.598185e+01,1.849313e-04,2.504048e-04,3004341.328,5.000000e-04,7.20,7669.02
987,6.118570e-03,3.550156e+01,1.526005e-04,2.084819e-04,2996673.084,7.381980e-03,3.454069e+01,1.902515e-04,4.050793e-04,2950535.555,5.000000e-04,7.80,7676.83
988,5.959362e-03,3.554345e+01,1.536892e-04,1.736248e-04,2996258.627,5.786561e-03,3.569724e+01,1.915252e-04,6.031710e-05,3005807.938,5.000000e-04,7.98,7684.81
989,6.072386e-03,3.543549e+01,1.669288e-04,1.719099e-04,2996703.299,4.559223e-03,3.552390e+01,7.766290e-05,4.604077e-05,2999145.773,5.000000e-04,8.17,7692.98
990,5.832765e-03,3.541898e+01,1.457512e-04,1.666711e-04,2996828.389,6.088191e-03,3.603092e+01,1.767432e-04,1.435333e-04,3011538.844,5.000000e-04,7.49,7700.47
991,5.899945e-03,3.542758e+01,1.527484e-04,1.659407e-04,2996435.135,4.938532e-03,3.610419e+01,1.000633e-04,6.549621e-05,3016604.828,5.000000e-04,7.93,7708.41
992,6.048534e-03,3.542474e+01,1.606892e-04,1.798337e-04,2996866.967,5.855516e-03,3.499289e+01,1.969000e-04,7.744541e-05,2989122.156,5.000000e-04,7.61,7716.02
993,6.057253e-03,3.544352e+01,1.549322e-04,1.927157e-04,2996519.725,4.575083e-03,3.533026e+01,8.187859e-05,4.465422e-05,2994721.578,5.000000e-04,7.49,7723.51
994,5.518471e-03,3.548181e+01,1.170780e-04,1.599020e-04,2997075.777,6.007891e-03,3.451564e+01,1.571214e-04,1.970226e-04,2959897.625,5.000000e-04,7.43,7730.94
995,6.795136e-03,3.546178e+01,1.932896e-04,2.632125e-04,2996038.684,5.103754e-03,3.499998e+01,9.325202e-05,1.342472e-04,2973343.469,5.000000e-04,7.19,7738.13
996,5.967555e-03,3.565933e+01,1.463611e-04,1.876023e-04,2996612.480,4.873620e-03,3.554848e+01,7.985231e-05,1.040499e-04,2979977.945,5.000000e-04,7.55,7745.68
997,5.704615e-03,3.562030e+01,1.304305e-04,1.676560e-04,2996350.053,5.391887e-03,3.638416e+01,7.503642e-05,2.006214e-04,3037199.867,5.000000e-04,8.13,7753.81
998,6.383609e-03,3.545444e+01,2.052356e-04,1.571619e-04,2996176.184,8.224354e-03,3.765910e+01,1.328753e-04,6.259382e-04,3069628.523,5.000000e-04,7.59,7761.41
999,6.210660e-03,3.561854e+01,1.607557e-04,2.082498e-04,2997637.660,5.577895e-03,3.568645e+01,1.781439e-04,4.556227e-05,2992790.258,5.000000e-04,7.37,7768.77
1000,6.168680e-03,3.550207e+01,1.624970e-04,1.987006e-04,2996295.189,4.970330e-03,3.528227e+01,7.023490e-05,1.479510e-04,2977790.094,5.000000e-04,7.37,7776.14
1001,6.398694e-03,3.545586e+01,1.888424e-04,1.929367e-04,2996284.303,4.271046e-03,3.527033e+01,5.834151e-05,3.211957e-05,2988246.180,5.000000e-04,7.83,7783.98
1002,5.782781e-03,3.538601e+01,1.419291e-04,1.649779e-04,2996777.361,4.428459e-03,3.552094e+01,6.351781e-05,4.823759e-05,2998618.438,5.000000e-04,8.63,7792.60
1003,6.020426e-03,3.533513e+01,1.660718e-04,1.652390e-04,2996266.943,4.613249e-03,3.597029e+01,8.276531e-05,3.771348e-05,3013653.797,5.000000e-04,7.77,7800.37
1004,5.342321e-03,3.541153e+01,1.108949e-04,1.384437e-04,2997353.088,4.901080e-03,3.493046e+01,8.795736e-05,1.056921e-04,2982602.859,5.000000e-04,7.65,7808.02
1005,5.961172e-03,3.532583e+01,1.324388e-04,2.208402e-04,2996323.984,4.547296e-03,3.523384e+01,7.786907e-05,4.904424e-05,2993233.953,5.000000e-04,7.31,7815.33
1006,5.623198e-03,3.539334e+01,1.322888e-04,1.521952e-04,2996521.047,5.277172e-03,3.475016e+01,1.339248e-04,9.258177e-05,2980537.484,5.000000e-04,8.07,7823.40
1007,5.771211e-03,3.535077e+01,1.491528e-04,1.489212e-04,2996865.920,8.537343e-03,3.641570e+01,3.321652e-04,3.148242e-04,3035248.320,5.000000e-04,8.60,7832.00
1008,5.879371e-03,3.534046e+01,1.514747e-04,1.661155e-04,2996799.312,4.205030e-03,3.555677e+01,4.155179e-05,4.676714e-05,3004563.867,5.000000e-04,7.76,7839.76
1009,5.802833e-03,3.535193e+01,1.440414e-04,1.654451e-04,2996314.020,4.943308e-03,3.574627e+01,6.480166e-05,1.441330e-04,3026419.789,5.000000e-04,7.09,7846.85
1010,5.688229e-03,3.524937e+01,1.234525e-04,1.857534e-04,2996614.297,6.307179e-03,3.643708e+01,1.166671e-04,2.993601e-04,3047249.609,5.000000e-04,7.87,7854.72
1011,6.307528e-03,3.535451e+01,1.716376e-04,2.111402e-04,2996590.111,7.540252e-03,3.557129e+01,3.763625e-04,4.389944e-05,3004906.883,5.000000e-04,7.81,7862.53
1012,5.761543e-03,3.541015e+01,1.267495e-04,1.906067e-04,2996915.447,5.466466e-03,3.627535e+01,1.276579e-04,1.124703e-04,3028118.516,5.000000e-04,7.86,7870.39
1013,6.553274e-03,3.538362e+01,1.800954e-04,2.427917e-04,2996997.021,4.855702e-03,3.568696e+01,9.506334e-05,6.727450e-05,3000186.367,5.000000e-04,7.68,7878.07
1014,5.770409e-03,3.540266e+01,1.182525e-04,2.095237e-04,2996532.898,5.173402e-03,3.494297e+01,7.087538e-05,1.940702e-04,2965415.766,5.000000e-04,7.44,7885.51
1015,5.560406e-03,3.533370e+01,1.155934e-04,1.742206e-04,2995898.344,6.983964e-03,3.621148e+01,2.105984e-04,2.513664e-04,3015008.227,5.000000e-04,7.63,7893.14
1016,6.074364e-03,3.536716e+01,1.561917e-04,1.951461e-04,2997242.488,9.202866e-03,3.760861e+01,2.342817e-04,6.198377e-04,3064963.594,5.000000e-04,7.79,7900.93
1017,6.536150e-03,3.541764e+01,1.845653e-04,2.297466e-04,2996434.738,5.324563e-03,3.466011e+01,8.585826e-05,1.999939e-04,2968032.648,5.000000e-04,7.96,7908.90
1018,6.090281e-03,3.538982e+01,1.386311e-04,2.329976e-04,2996585.279,6.946284e-03,3.679422e+01,1.190067e-04,4.153591e-04,3053676.156,5.000000e-04,7.93,7916.83
1019,6.000717e-03,3.541351e+01,1.524171e-04,1.870389e-04,2997249.893,4.519711e-03,3.500089e+01,7.403643e-05,5.585151e-05,2988584.766,5.000000e-04,7.56,7924.39
1020,6.100591e-03,3.531881e+01,1.558778e-04,2.019863e-04,2995915.111,7.873476e-03,3.669684e+01,1.921500e-04,4.564584e-04,3058512.531,5.000000e-04,7.18,7931.58
1021,6.343898e-03,3.542208e+01,1.663420e-04,2.276540e-04,2997025.492,4.890527e-03,3.475438e+01,8.385898e-05,1.152999e-04,2975142.969,5.000000e-04,7.91,7939.49
1022,5.342927e-03,3.542969e+01,1.075791e-04,1.448335e-04,2996527.107,4.782449e-03,3.536364e+01,6.856370e-05,1.120896e-04,2992773.180,5.000000e-04,8.37,7947.85
1023,5.888613e-03,3.535694e+01,1.410522e-04,1.884793e-04,2996597.883,7.414931e-03,3.682617e+01,1.283746e-04,4.897136e-04,3046745.273,5.000000e-04,7.50,7955.36
1024,6.161719e-03,3.528600e+01,1.638845e-04,1.988550e-04,2996493.514,5.378327e-03,3.528212e+01,1.249689e-04,1.200852e-04,3002802.922,5.000000e-04,7.54,7962.90
1025,5.913992e-03,3.529147e+01,1.424635e-04,1.920421e-04,2996205.189,5.596957e-03,3.626488e+01,1.292685e-04,1.355569e-04,3024906.078,5.000000e-04,7.58,7970.48
1026,6.112971e-03,3.537533e+01,1.521780e-04,2.107315e-04,2997254.111,5.093628e-03,3.468112e+01,7.949013e-05,1.661230e-04,2963782.734,5.000000e-04,8.04,7978.51
1027,5.804535e-03,3.540892e+01,1.327649e-04,1.871989e-04,2996966.672,5.523478e-03,3.534285e+01,1.648788e-04,6.808085e-05,3002611.000,5.000000e-04,8.23,7986.76
1028,6.435662e-03,3.534136e+01,1.818964e-04,2.165125e-04,2996604.027,5.544648e-03,3.598392e+01,7.923414e-05,2.307828e-04,3029463.594,5.000000e-04,7.70,7994.46
1029,5.528392e-03,3.535771e+01,1.281530e-04,1.422184e-04,2995778.631,5.433205e-03,3.584004e+01,1.137769e-04,1.422864e-04,3019219.664,5.000000e-04,7.87,8002.33
1030,6.083037e-03,3.530624e+01,1.727760e-04,1.649305e-04,2996944.445,4.851143e-03,3.494044e+01,8.374730e-05,1.039252e-04,2982358.164,5.000000e-04,8.17,8010.50
1031,5.980521e-03,3.540402e+01,1.550326e-04,1.779588e-04,2996913.369,4.368427e-03,3.508639e+01,5.427256e-05,6.341242e-05,2984170.977,5.000000e-04,8.38,8018.87
1032,5.872348e-03,3.536153e+01,1.273897e-04,2.124596e-04,2996584.361,6.504496e-03,3.601959e+01,1.217462e-04,3.370151e-04,3041677.836,5.000000e-04,7.87,8026.74
1033,5.649373e-03,3.535015e+01,1.385360e-04,1.457995e-04,2996830.150,4.976728e-03,3.584294e+01,1.003535e-04,7.777990e-05,3017339.844,5.000000e-04,7.46,8034.20
1034,6.000679e-03,3.532990e+01,1.616829e-04,1.701721e-04,2996592.291,4.435072e-03,3.541195e+01,7.069008e-05,3.739525e-05,2994291.914,5.000000e-04,7.46,8041.66
1035,6.149561e-03,3.534073e+01,1.677489e-04,1.875997e-04,2997382.510,5.224419e-03,3.481994e+01,9.168546e-05,1.651142e-04,2975286.289,5.000000e-04,7.90,8049.56
1036,5.966739e-03,3.531569e+01,1.470161e-04,1.930018e-04,2996698.004,6.836687e-03,3.448555e+01,2.495014e-04,1.786238e-04,2963715.000,5.000000e-04,8.17,8057.74
1037,5.696379e-03,3.525068e+01,1.530319e-04,1.281985e-04,2996547.111,5.415199e-03,3.505268e+01,1.226955e-04,1.365954e-04,2980209.312,5.000000e-04,8.01,8065.75
1038,6.398026e-03,3.520139e+01,1.885461e-04,1.984853e-04,2996288.236,7.842941e-03,3.698884e+01,1.497331e-04,5.293453e-04,3067085.258,5.000000e-04,7.31,8073.06
1039,5.544238e-03,3.533909e+01,1.205852e-04,1.608955e-04,2996866.744,4.916434e-03,3.532707e+01,9.970370e-05,7.733817e-05,3006521.383,5.000000e-04,7.35,8080.42
1040,5.684121e-03,3.531648e+01,1.292951e-04,1.719044e-04,2997168.613,6.653542e-03,3.449744e+01,1.447995e-04,3.511607e-04,2951497.938,5.000000e-04,7.75,8088.17
1041,6.672947e-03,3.526419e+01,1.836578e-04,2.619899e-04,2995678.838,4.635835e-03,3.581068e+01,8.888079e-05,3.319194e-05,3011181.398,5.000000e-04,8.22,8096.38
1042,5.783141e-03,3.532985e+01,1.339233e-04,1.821845e-04,2996315.824,1.530734e-02,3.754164e+01,5.106311e-04,1.289374e-03,3102638.000,5.000000e-04,8.46,8104.85
1043,5.891849e-03,3.537006e+01,1.386615e-04,1.936458e-04,2998007.691,5.337896e-03,3.518966e+01,1.545833e-04,5.461933e-05,2981867.023,5.000000e-04,7.86,8112.72
1044,5.649183e-03,3.529664e+01,1.383038e-04,1.472963e-04,2996499.676,7.371120e-03,3.434074e+01,3.024547e-04,1.824999e-04,2964116.062,5.000000e-04,7.31,8120.03
1045,5.711176e-03,3.531586e+01,1.518353e-04,1.322474e-04,2996827.186,5.521282e-03,3.452939e+01,1.528347e-04,1.079992e-04,2985845.406,5.000000e-04,8.01,8128.03
1046,5.843344e-03,3.525524e+01,1.296981e-04,2.041678e-04,2996292.875,7.207174e-03,3.655201e+01,1.444711e-04,4.214525e-04,3051062.742,5.000000e-04,8.23,8136.26
1047,5.808618e-03,3.529456e+01,1.420364e-04,1.717595e-04,2997302.738,5.646832e-03,3.478134e+01,1.105828e-04,2.125741e-04,2961875.852,5.000000e-04,7.73,8143.99
1048,5.728807e-03,3.543043e+01,1.322127e-04,1.727275e-04,2996923.902,5.615753e-03,3.446227e+01,1.484119e-04,1.370813e-04,2978567.859,5.000000e-04,7.84,8151.83
1049,5.896138e-03,3.528073e+01,1.375933e-04,1.984265e-04,2996149.252,5.273524e-03,3.481587e+01,5.763395e-05,2.431195e-04,2966108.055,5.000000e-04,7.49,8159.32
1050,5.978426e-03,3.543964e+01,1.459295e-04,1.950334e-04,2997095.055,4.990357e-03,3.470532e+01,8.620916e-05,1.315466e-04,2986172.734,5.000000e-04,7.77,8167.09
1051,6.618466e-03,3.529784e+01,1.791641e-04,2.594082e-04,2995303.611,5.005428e-03,3.624561e+01,1.002476e-04,7.567829e-05,3018790.797,5.000000e-04,7.77,8174.86
1052,5.783537e-03,3.538970e+01,1.413159e-04,1.662815e-04,2997241.330,5.370871e-03,3.631379e+01,9.144982e-05,1.649987e-04,3034970.070,5.000000e-04,7.89,8182.75
1053,5.857453e-03,3.534843e+01,1.490414e-04,1.664394e-04,2996613.238,6.021288e-03,3.523142e+01,2.195172e-04,6.059485e-05,2987277.086,5.000000e-04,7.62,8190.37
1054,6.149891e-03,3.532153e+01,1.525450e-04,2.184577e-04,2996984.141,6.248635e-03,3.523453e+01,1.891382e-04,1.667600e-04,3013617.859,5.000000e-04,7.41,8197.77
1055,6.262694e-03,3.526138e+01,1.623532e-04,2.226048e-04,2996621.869,5.557618e-03,3.552215e+01,1.762780e-04,4.852466e-05,3002474.828,5.000000e-04,7.12,8204.89
1056,5.907048e-03,3.528032e+01,1.672649e-04,1.412733e-04,2996454.678,5.835798e-03,3.454529e+01,1.624870e-04,1.512797e-04,2976145.008,5.000000e-04,7.67,8212.56
1057,5.621021e-03,3.527271e+01,1.215689e-04,1.756124e-04,2997225.309,6.052832e-03,3.588979e+01,1.405315e-04,2.117074e-04,3025863.211,5.000000e-04,7.77,8220.33
1058,5.643061e-03,3.518421e+01,1.387107e-04,1.475064e-04,2996307.295,4.935195e-03,3.561850e+01,1.174332e-04,3.980247e-05,3008314.266,5.000000e-04,7.42,8227.75
1059,5.715158e-03,3.527548e+01,1.421444e-04,1.532333e-04,2996446.232,4.665380e-03,3.591726e+01,6.005437e-05,9.462212e-05,3023516.227,5.000000e-04,8.34,8236.09
1060,6.443385e-03,3.536784e+01,1.571422e-04,2.670357e-04,2996562.754,5.960491e-03,3.682412e+01,8.253531e-05,2.905452e-04,3046699.359,5.000000e-04,8.00,8244.09
1061,5.704767e-03,3.539025e+01,1.457113e-04,1.417258e-04,2996589.475,6.308125e-03,3.623290e+01,1.630897e-04,2.107877e-04,3037885.805,5.000000e-04,7.57,8251.66
1062,6.111781e-03,3.544850e+01,1.484778e-04,2.164305e-04,2997026.783,6.365222e-03,3.435213e+01,1.933794e-04,1.992431e-04,2969324.305,5.000000e-04,7.50,8259.17
1063,6.004427e-03,3.540312e+01,1.683683e-04,1.560866e-04,2996556.785,4.989797e-03,3.508192e+01,1.190509e-04,5.821931e-05,2986419.477,5.000000e-04,8.24,8267.40
1064,5.899747e-03,3.551689e+01,1.508897e-04,1.678323e-04,2996802.816,4.445392e-03,3.513318e+01,4.466842e-05,9.707815e-05,2976918.086,5.000000e-04,7.96,8275.37
1065,5.433162e-03,3.532247e+01,1.187980e-04,1.425868e-04,2997123.623,9.413741e-03,3.441492e+01,2.176041e-04,7.592417e-04,2926334.430,5.000000e-04,7.83,8283.20
1066,5.985494e-03,3.531076e+01,1.418467e-04,2.071902e-04,2997043.627,6.298606e-03,3.462330e+01,8.487169e-05,3.975120e-04,2952075.625,5.000000e-04,8.15,8291.35
1067,5.805994e-03,3.539518e+01,1.232660e-04,2.067631e-04,2996103.564,5.812011e-03,3.548993e+01,1.125128e-04,2.275780e-04,3023677.281,5.000000e-04,7.83,8299.19
1068,6.444479e-03,3.532576e+01,1.740962e-04,2.341881e-04,2996709.516,6.835369e-03,3.584845e+01,2.968004e-04,5.650397e-05,3000710.188,5.000000e-04,7.30,8306.49
1069,6.620339e-03,3.536062e+01,2.027404e-04,2.113747e-04,2996211.385,5.327704e-03,3.496260e+01,1.251517e-04,1.159855e-04,2979205.781,5.000000e-04,8.05,8314.54
1070,5.758547e-03,3.524995e+01,1.367013e-04,1.733078e-04,2996475.852,7.313274e-03,3.680158e+01,1.798745e-04,3.668741e-04,3052180.766,5.000000e-04,8.08,8322.62
1071,5.705047e-03,3.522337e+01,1.343450e-04,1.678521e-04,2997160.824,5.602013e-03,3.558454e+01,1.645453e-04,7.962111e-05,3001212.000,5.000000e-04,8.03,8330.65
1072,6.509475e-03,3.528478e+01,2.049344e-04,1.863305e-04,2996860.613,5.421029e-03,3.465456e+01,1.443219e-04,1.024710e-04,2978290.750,5.000000e-04,7.30,8337.96
1073,5.381555e-03,3.524961e+01,1.146086e-04,1.421018e-04,2996507.873,4.420246e-03,3.517029e+01,7.099658e-05,3.865019e-05,2987117.094,5.000000e-04,7.30,8345.25
1074,6.231507e-03,3.530227e+01,1.707994e-04,1.986572e-04,2996635.486,5.505066e-03,3.560874e+01,1.437732e-04,1.012920e-04,3009654.992,5.000000e-04,7.95,8353.20
1075,5.520547e-03,3.531217e+01,1.276282e-04,1.426097e-04,2997500.062,7.607937e-03,3.495171e+01,9.308826e-05,6.363768e-04,2945347.680,5.000000e-04,8.51,8361.71
1076,5.996584e-03,3.532216e+01,1.415168e-04,2.098400e-04,2995502.740,6.554855e-03,3.644944e+01,2.241834e-04,1.336155e-04,3025260.391,5.000000e-04,8.13,8369.85
1077,6.214965e-03,3.541782e+01,1.554813e-04,2.236740e-04,2996947.025,4.940941e-03,3.553110e+01,6.311503e-05,1.513362e-04,3010062.172,5.000000e-04,7.43,8377.28
1078,5.534260e-03,3.528004e+01,1.169267e-04,1.673977e-04,2996740.213,4.717325e-03,3.556663e+01,8.663742e-05,5.885762e-05,3009192.102,5.000000e-04,7.27,8384.55
1079,5.876716e-03,3.535613e+01,1.582628e-04,1.516950e-04,2997061.645,5.395663e-03,3.593649e+01,1.434045e-04,7.359390e-05,3003747.875,5.000000e-04,7.79,8392.34
1080,6.017907e-03,3.539200e+01,1.380694e-04,2.196025e-04,2996439.928,4.901591e-03,3.611059e+01,9.018034e-05,7.774571e-05,3013841.672,5.000000e-04,8.03,8400.37
1081,5.620182e-03,3.530533e+01,1.483962e-04,1.211373e-04,2996964.906,6.152236e-03,3.630379e+01,1.521536e-04,2.000642e-04,3029264.945,5.000000e-04,7.83,8408.20
1082,5.891656e-03,3.527230e+01,1.246007e-04,2.236836e-04,2997109.369,6.849652e-03,3.455704e+01,1.614583e-04,3.558731e-04,2957369.000,5.000000e-04,8.36,8416.56
1083,6.048916e-03,3.524964e+01,1.687116e-04,1.673673e-04,2996004.613,6.342705e-03,3.655676e+01,1.349306e-04,2.675446e-04,3040181.555,5.000000e-04,7.83,8424.38
1084,5.802070e-03,3.528992e+01,1.321806e-04,1.902542e-04,2997095.711,5.018265e-03,3.584430e+01,1.130212e-04,6.072438e-05,3019771.414,5.000000e-04,7.77,8432.15
1085,5.330421e-03,3.528501e+01,1.122590e-04,1.358660e-04,2997032.279,4.342913e-03,3.507230e+01,6.340685e-05,4.032289e-05,2990012.070,5.000000e-04,8.06,8440.21
1086,5.513688e-03,3.516878e+01,1.347912e-04,1.297796e-04,2996284.074,9.111661e-03,3.649150e+01,3.180454e-04,4.564115e-04,3054781.328,5.000000e-04,7.68,8447.90
1087,5.647911e-03,3.526976e+01,1.360380e-04,1.521110e-04,2997246.016,6.446204e-03,3.612802e+01,2.053666e-04,1.559473e-04,3030712.062,5.000000e-04,7.26,8455.16
1088,5.971608e-03,3.532521e+01,1.522197e-04,1.833780e-04,2996974.266,9.984390e-03,3.470039e+01,5.383113e-04,2.262477e-04,2985369.633,5.000000e-04,7.77,8462.93
1089,5.906021e-03,3.526803e+01,1.618007e-04,1.522422e-04,2996447.146,5.443205e-03,3.597751e+01,1.424026e-04,8.428566e-05,3023067.469,5.000000e-04,8.03,8470.96
1090,5.764672e-03,3.528917e+01,1.367300e-04,1.736910e-04,2996629.223,5.626416e-03,3.540448e+01,1.720660e-04,7.306166e-05,2998074.516,5.000000e-04,7.73,8478.69
1091,6.007350e-03,3.531726e+01,1.608639e-04,1.733968e-04,2996359.510,8.019017e-03,3.724409e+01,1.780310e-04,5.028596e-04,3057120.875,5.000000e-04,8.10,8486.80
1092,5.875471e-03,3.541176e+01,1.310045e-04,2.048500e-04,2996958.488,5.579925e-03,3.549553e+01,1.516000e-04,1.028745e-04,3012747.641,5.000000e-04,7.29,8494.09
1093,5.689536e-03,3.532676e+01,1.285648e-04,1.742425e-04,2997165.525,4.522999e-03,3.533160e+01,7.835756e-05,4.125275e-05,2991504.234,5.000000e-04,7.96,8502.05
1094,5.489390e-03,3.535159e+01,1.127631e-04,1.653200e-04,2996295.086,7.637945e-03,3.742020e+01,1.335950e-04,5.119948e-04,3053070.797,5.000000e-04,7.95,8510.00
1095,5.683078e-03,3.545346e+01,1.329752e-04,1.615960e-04,2997436.432,4.501748e-03,3.605644e+01,6.117655e-05,5.686764e-05,3015520.562,5.000000e-04,7.37,8517.37
1096,5.766004e-03,3.539632e+01,1.381446e-04,1.689852e-04,2997216.947,7.232418e-03,3.485257e+01,2.032493e-04,3.429334e-04,2956595.125,5.000000e-04,7.26,8524.63
1097,6.100167e-03,3.534877e+01,1.844478e-04,1.441625e-04,2995747.830,5.471652e-03,3.630973e+01,1.085463e-04,1.510431e-04,3034726.008,5.000000e-04,7.57,8532.20
1098,5.558017e-03,3.530353e+01,1.205717e-04,1.643895e-04,2996932.365,4.235049e-03,3.526829e+01,5.743065e-05,2.678272e-05,2991872.508,5.000000e-04,7.81,8540.01
1099,6.166428e-03,3.531015e+01,1.728541e-04,1.813745e-04,2996802.291,4.552240e-03,3.549973e+01,8.003511e-05,4.038307e-05,3009277.781,5.000000e-04,7.69,8547.70
1100,5.441260e-03,3.530069e+01,1.124798e-04,1.572785e-04,2997084.393,6.171558e-03,3.485021e+01,7.546702e-05,3.863734e-04,2955102.617,2.500000e-04,7.48,8555.18
1101,4.653989e-03,3.532372e+01,6.835033e-05,8.762280e-05,2996800.549,4.997305e-03,3.619617e+01,7.301735e-05,1.295029e-04,3029874.477,2.500000e-04,8.32,8563.52
1102,4.471365e-03,3.522196e+01,6.289382e-05,6.404623e-05,2997580.672,4.270051e-03,3.512385e+01,6.530349e-05,2.092628e-05,2998943.320,2.500000e-04,7.73,8571.25
1103,4.344861e-03,3.512599e+01,5.340465e-05,5.964325e-05,2997166.969,4.150108e-03,3.540051e+01,4.310998e-05,3.579158e-05,3012977.594,2.500000e-04,8.36,8579.61
1104,4.420287e-03,3.504077e+01,5.900754e-05,6.522710e-05,2997132.596,4.476468e-03,3.580350e+01,4.222908e-05,9.476551e-05,3025469.719,2.500000e-04,7.97,8587.58
1105,4.434715e-03,3.502493e+01,6.061841e-05,6.520765e-05,2997325.199,3.933876e-03,3.527912e+01,3.086816e-05,1.945659e-05,3008184.766,2.500000e-04,7.16,8594.74
1106,4.264444e-03,3.499989e+01,5.456747e-05,4.375608e-05,2997433.510,3.937994e-03,3.503681e+01,3.185132e-05,2.316000e-05,2995178.469,2.500000e-04,7.69,8602.43
1107,4.361462e-03,3.493748e+01,5.662858e-05,6.028573e-05,2997643.445,4.006220e-03,3.514244e+01,3.295138e-05,3.249249e-05,3008020.062,2.500000e-04,7.62,8610.06
1108,4.243822e-03,3.488008e+01,4.982598e-05,5.151090e-05,2997149.365,3.985271e-03,3.489679e+01,3.418198e-05,3.075438e-05,3005214.492,2.500000e-04,7.69,8617.75
1109,4.319378e-03,3.490155e+01,5.167745e-05,6.248958e-05,2997620.922,4.606496e-03,3.534316e+01,8.290558e-05,4.862503e-05,3017378.070,2.500000e-04,7.86,8625.61
1110,4.287866e-03,3.484334e+01,5.381480e-05,5.307701e-05,2997481.564,3.883592e-03,3.504932e+01,2.886077e-05,1.801046e-05,2998709.492,2.500000e-04,7.49,8633.10
1111,4.244496e-03,3.482375e+01,5.010094e-05,5.222228e-05,2997638.742,4.263581e-03,3.537473e+01,3.575117e-05,7.371928e-05,3021066.547,2.500000e-04,7.40,8640.50
1112,4.311716e-03,3.479291e+01,5.762815e-05,5.122884e-05,2997338.795,4.257115e-03,3.473208e+01,3.805514e-05,8.067122e-05,2982789.500,2.500000e-04,8.15,8648.64
1113,4.397558e-03,3.478712e+01,6.218720e-05,5.939472e-05,2997470.918,4.093536e-03,3.527721e+01,3.114527e-05,5.087248e-05,3015272.656,2.500000e-04,7.86,8656.50
1114,4.295188e-03,3.475203e+01,5.169106e-05,6.061483e-05,2997804.352,4.089281e-03,3.446845e+01,3.529581e-05,5.789555e-05,2983697.914,2.500000e-04,7.96,8664.46
1115,4.290532e-03,3.471807e+01,4.892276e-05,6.589950e-05,2997257.680,5.437997e-03,3.612030e+01,8.158144e-05,2.020306e-04,3034324.430,2.500000e-04,7.47,8671.94
1116,4.472381e-03,3.473573e+01,6.209016e-05,7.558136e-05,2997162.600,4.414215e-03,3.535169e+01,4.465994e-05,8.648937e-05,3024484.086,2.500000e-04,7.40,8679.33
1117,4.229359e-03,3.470567e+01,4.916091e-05,5.343646e-05,2997401.689,4.422292e-03,3.496441e+01,4.887857e-05,8.741317e-05,3018716.312,2.500000e-04,7.85,8687.18
1118,4.292549e-03,3.469309e+01,5.357729e-05,5.749345e-05,2997629.928,3.911819e-03,3.469785e+01,3.440759e-05,1.959164e-05,2991752.891,2.500000e-04,8.53,8695.71
1119,4.218254e-03,3.468044e+01,5.035535e-05,4.933131e-05,2997612.078,4.302790e-03,3.433606e+01,6.910039e-05,3.563602e-05,2986746.023,2.500000e-04,7.53,8703.23
1120,4.299720e-03,3.463486e+01,5.673653e-05,5.377380e-05,2997450.617,3.820227e-03,3.460337e+01,2.874187e-05,1.449423e-05,2996338.828,2.500000e-04,6.97,8710.20
1121,4.244178e-03,3.458582e+01,5.649858e-05,4.412208e-05,2997356.594,4.145332e-03,3.478899e+01,5.201492e-05,2.925679e-05,3003187.641,2.500000e-04,7.21,8717.41
1122,4.310066e-03,3.457936e+01,5.386470e-05,6.269667e-05,2997478.564,4.825389e-03,3.445699e+01,1.209398e-04,3.405844e-05,2988742.906,2.500000e-04,7.97,8725.38
1123,4.329761e-03,3.457031e+01,5.622798e-05,6.209006e-05,2997363.635,4.047115e-03,3.522491e+01,3.374170e-05,3.744139e-05,3013210.453,2.500000e-04,8.18,8733.56
1124,4.430440e-03,3.458925e+01,5.647245e-05,8.135807e-05,2997530.939,3.893949e-03,3.479370e+01,3.539155e-05,1.213276e-05,3006875.758,2.500000e-04,7.47,8741.03
1125,4.613969e-03,3.453159e+01,6.449509e-05,1.031718e-04,2997304.195,4.077904e-03,3.449274e+01,4.795841e-05,2.980920e-05,2996250.398,2.500000e-04,7.58,8748.61
1126,4.189265e-03,3.454819e+01,4.783095e-05,5.122715e-05,2997475.896,4.203656e-03,3.417410e+01,5.152924e-05,5.419077e-05,2985201.000,2.500000e-04,8.18,8756.82
1127,4.371667e-03,3.453238e+01,5.929043e-05,6.510503e-05,2997178.422,3.932414e-03,3.452829e+01,2.960336e-05,3.671026e-05,2989369.766,2.500000e-04,8.68,8765.50
1128,4.329536e-03,3.455809e+01,5.637812e-05,6.198926e-05,2997483.182,4.683369e-03,3.484076e+01,1.124944e-04,1.486983e-05,3004935.484,2.500000e-04,8.17,8773.67
1129,4.234872e-03,3.453002e+01,5.184337e-05,5.268721e-05,2997618.938,3.972560e-03,3.454920e+01,4.251166e-05,1.850483e-05,3003368.461,2.500000e-04,7.74,8781.41
1130,4.296429e-03,3.458047e+01,5.325616e-05,6.116408e-05,2997605.207,4.138547e-03,3.463239e+01,4.152526e-05,5.201110e-05,3008006.320,2.500000e-04,7.28,8788.69
1131,4.171277e-03,3.452934e+01,4.448431e-05,5.469987e-05,2997262.643,4.226244e-03,3.482055e+01,4.753689e-05,5.376412e-05,3014197.055,2.500000e-04,7.46,8796.15
1132,4.241968e-03,3.450351e+01,5.293284e-05,5.245785e-05,2997364.062,4.910482e-03,3.520369e+01,7.551489e-05,1.269927e-04,3029820.812,2.500000e-04,8.18,8804.33
1133,4.273672e-03,3.447140e+01,5.009100e-05,6.512449e-05,2997450.836,4.652320e-03,3.486634e+01,6.769928e-05,9.773869e-05,3021630.672,2.500000e-04,8.23,8812.56
1134,4.248944e-03,3.449358e+01,5.079377e-05,5.832971e-05,2997371.229,4.061989e-03,3.432455e+01,4.479493e-05,3.631702e-05,2998188.695,2.500000e-04,7.78,8820.35
1135,4.426244e-03,3.449519e+01,5.308334e-05,8.917835e-05,2997517.375,3.805296e-03,3.436008e+01,2.844511e-05,1.696733e-05,2991379.922,2.500000e-04,7.32,8827.67
1136,4.251574e-03,3.450090e+01,5.521759e-05,4.986160e-05,2997518.830,3.926146e-03,3.460449e+01,3.409656e-05,2.494623e-05,3006452.125,2.500000e-04,7.74,8835.41
1137,4.167429e-03,3.444967e+01,4.703493e-05,5.042260e-05,2997445.758,4.208098e-03,3.499028e+01,4.584860e-05,5.011677e-05,3016845.406,2.500000e-04,8.55,8843.96
1138,4.123792e-03,3.443853e+01,4.641146e-05,4.316501e-05,2997587.281,3.890573e-03,3.441021e+01,3.337906e-05,2.315229e-05,2990818.852,2.500000e-04,8.14,8852.10
1139,4.255420e-03,3.446218e+01,5.254825e-05,5.674392e-05,2997614.480,4.037247e-03,3.474326e+01,3.680004e-05,3.898409e-05,3013954.742,2.500000e-04,8.03,8860.12
1140,4.296134e-03,3.446215e+01,5.463474e-05,6.071430e-05,2997415.104,4.380349e-03,3.409968e+01,5.642097e-05,8.123429e-05,2985171.836,2.500000e-04,7.10,8867.22
1141,4.402549e-03,3.449537e+01,5.738674e-05,7.582910e-05,2997776.125,4.258402e-03,3.429504e+01,4.968160e-05,6.641644e-05,3002365.703,2.500000e-04,7.74,8874.97
1142,4.281088e-03,3.447639e+01,5.110046e-05,6.448878e-05,2997440.711,4.800517e-03,3.387463e+01,3.965474e-05,2.033014e-04,2959477.414,2.500000e-04,8.42,8883.39
1143,4.472905e-03,3.447910e+01,6.473719e-05,7.552456e-05,2997199.693,6.329308e-03,3.526350e+01,2.047996e-04,1.509925e-04,3032910.781,2.500000e-04,7.89,8891.28
1144,4.272245e-03,3.445380e+01,5.332218e-05,5.872871e-05,2997627.936,4.342636e-03,3.378726e+01,4.445437e-05,1.038732e-04,2973841.195,2.500000e-04,7.40,8898.68
1145,4.335499e-03,3.447612e+01,5.666954e-05,6.423839e-05,2997413.986,4.086891e-03,3.434919e+01,5.224235e-05,2.590964e-05,2993066.781,2.500000e-04,7.33,8906.01
1146,4.351692e-03,3.447864e+01,5.456827e-05,7.162900e-05,2997346.801,3.922670e-03,3.454203e+01,3.423997e-05,2.521349e-05,3006281.227,2.500000e-04,7.38,8913.39
1147,4.432174e-03,3.442126e+01,6.377513e-05,7.045931e-05,2997410.607,4.345102e-03,3.454725e+01,7.328895e-05,3.149746e-05,2989604.438,2.500000e-04,7.78,8921.17
1148,4.407566e-03,3.451257e+01,5.388097e-05,8.349990e-05,2997534.533,4.198325e-03,3.467731e+01,5.027940e-05,4.556008e-05,2997211.109,2.500000e-04,7.51,8928.68
1149,4.255964e-03,3.444867e+01,5.453916e-05,5.314122e-05,2997210.248,4.797611e-03,3.494338e+01,1.003904e-04,5.987408e-05,3020040.641,2.500000e-04,6.94,8935.61
1150,4.276428e-03,3.447018e+01,5.254563e-05,6.079075e-05,2997587.879,4.446716e-03,3.437380e+01,8.731300e-05,2.724116e-05,2998741.039,2.500000e-04,7.64,8943.25
1151,4.209090e-03,3.443306e+01,5.204584e-05,4.906521e-05,2997478.797,3.759455e-03,3.443218e+01,2.315859e-05,1.693016e-05,2998429.516,2.500000e-04,7.93,8951.19
1152,4.347156e-03,3.441719e+01,4.960995e-05,8.186756e-05,2997305.289,4.143339e-03,3.502894e+01,3.319433e-05,6.170041e-05,3020289.281,2.500000e-04,7.74,8958.93
1153,4.299348e-03,3.446522e+01,5.145123e-05,6.766280e-05,2997429.777,5.722646e-03,3.566142e+01,1.027572e-04,2.257863e-04,3038584.914,2.500000e-04,7.96,8966.89
1154,4.370030e-03,3.448592e+01,6.000873e-05,6.427026e-05,2997521.316,4.011524e-03,3.446153e+01,5.238285e-05,8.308616e-06,2997282.938,2.500000e-04,7.76,8974.65
1155,4.209874e-03,3.441951e+01,4.797932e-05,5.762596e-05,2997303.553,4.462444e-03,3.481741e+01,8.077182e-05,3.459692e-05,3010149.117,2.500000e-04,7.30,8981.95
1156,4.280343e-03,3.440526e+01,5.074855e-05,6.646621e-05,2997603.328,4.270926e-03,3.512733e+01,4.772477e-05,5.618915e-05,3017316.055,2.500000e-04,7.61,8989.56
1157,4.255524e-03,3.437454e+01,5.223415e-05,5.914564e-05,2997303.428,4.543531e-03,3.483861e+01,7.612656e-05,5.968097e-05,3003847.523,2.500000e-04,7.54,8997.11
1158,4.316032e-03,3.437203e+01,5.121161e-05,7.334270e-05,2997445.305,3.824323e-03,3.465448e+01,2.649935e-05,1.877641e-05,3009525.922,2.500000e-04,8.07,9005.18
1159,4.341366e-03,3.437983e+01,5.467817e-05,7.132022e-05,2997324.268,4.462654e-03,3.382607e+01,6.509847e-05,8.581260e-05,2981595.430,2.500000e-04,7.38,9012.57
1160,4.355843e-03,3.437560e+01,5.724738e-05,6.916174e-05,2997797.217,4.081230e-03,3.431394e+01,4.402531e-05,4.191664e-05,2993997.789,2.500000e-04,7.45,9020.03
1161,4.402342e-03,3.435013e+01,5.313072e-05,8.720438e-05,2997061.691,4.062131e-03,3.472504e+01,3.883239e-05,4.026054e-05,3001564.930,2.500000e-04,7.99,9028.01
1162,4.407467e-03,3.442707e+01,6.321127e-05,6.652951e-05,2997753.170,4.091864e-03,3.435336e+01,4.822063e-05,3.486436e-05,2998245.203,2.500000e-04,7.82,9035.83
1163,4.291215e-03,3.435246e+01,5.108013e-05,6.903360e-05,2997374.436,4.074937e-03,3.409638e+01,3.809669e-05,5.686645e-05,2982065.922,2.500000e-04,8.16,9043.99
1164,4.165176e-03,3.435034e+01,4.980264e-05,4.642304e-05,2997572.170,3.999690e-03,3.392244e+01,3.938039e-05,4.272834e-05,2984149.148,2.500000e-04,8.06,9052.05
1165,4.275707e-03,3.434083e+01,4.779852e-05,7.272778e-05,2997500.422,3.999080e-03,3.435443e+01,3.963762e-05,3.345207e-05,2988322.641,2.500000e-04,8.15,9060.21
1166,4.173890e-03,3.436300e+01,4.532552e-05,5.686701e-05,2997574.357,3.851768e-03,3.471601e+01,2.636806e-05,2.329729e-05,3011407.242,2.500000e-04,7.61,9067.82
1167,4.216421e-03,3.436201e+01,4.752970e-05,6.098460e-05,2997603.582,4.071351e-03,3.396272e+01,3.399743e-05,6.702084e-05,2989472.320,2.500000e-04,7.75,9075.57
1168,4.310445e-03,3.436251e+01,5.695670e-05,6.092523e-05,2997460.242,4.082141e-03,3.444606e+01,5.479511e-05,1.791680e-05,2992714.539,2.500000e-04,7.88,9083.45
1169,4.367603e-03,3.433967e+01,5.308893e-05,8.054936e-05,2997335.396,4.314797e-03,3.422515e+01,4.720357e-05,8.404935e-05,2980895.172,2.500000e-04,7.99,9091.44
1170,4.346063e-03,3.432831e+01,5.058395e-05,8.147858e-05,2997516.451,4.097155e-03,3.493960e+01,4.392407e-05,3.279084e-05,3013348.336,2.500000e-04,8.33,9099.78
1171,4.221998e-03,3.434996e+01,5.572280e-05,4.595471e-05,2997506.029,4.032410e-03,3.415616e+01,4.154683e-05,4.026531e-05,2985342.562,2.500000e-04,7.83,9107.61
1172,4.301975e-03,3.432695e+01,5.507746e-05,6.370101e-05,2997597.107,4.578429e-03,3.384233e+01,8.087347e-05,7.709231e-05,2977326.766,2.500000e-04,7.59,9115.21
1173,4.367355e-03,3.437262e+01,5.911405e-05,6.779038e-05,2997587.102,4.038781e-03,3.405486e+01,3.971296e-05,4.723304e-05,2987856.883,2.500000e-04,7.70,9122.92
1174,4.256975e-03,3.432198e+01,5.320863e-05,5.853806e-05,2997293.057,4.056293e-03,3.461717e+01,3.707280e-05,4.476968e-05,3008518.328,2.500000e-04,7.78,9130.71
1175,4.264656e-03,3.432849e+01,5.007952e-05,6.620234e-05,2997601.217,4.131055e-03,3.405652e+01,4.251466e-05,6.005139e-05,2979906.156,2.500000e-04,8.42,9139.13
1176,4.271919e-03,3.430751e+01,4.653026e-05,7.517320e-05,2997345.627,3.855188e-03,3.431415e+01,2.986715e-05,2.502032e-05,2991278.703,2.500000e-04,7.79,9146.93
1177,4.225449e-03,3.432558e+01,4.651232e-05,6.555376e-05,2997466.314,4.092972e-03,3.453197e+01,4.591448e-05,3.612594e-05,3010226.594,2.500000e-04,7.15,9154.09
1178,4.271611e-03,3.433152e+01,5.434048e-05,5.901097e-05,2997507.291,4.252320e-03,3.417533e+01,6.307168e-05,4.081409e-05,2984194.477,2.500000e-04,8.05,9162.15
1179,4.351762e-03,3.435849e+01,5.376802e-05,7.564654e-05,2997346.314,4.005767e-03,3.458183e+01,3.533347e-05,3.885004e-05,3014058.922,2.500000e-04,7.78,9169.93
1180,4.254906e-03,3.430475e+01,4.957702e-05,6.573204e-05,2997816.736,4.496052e-03,3.414003e+01,9.263010e-05,3.114949e-05,2986992.312,2.500000e-04,8.04,9177.96
1181,4.181667e-03,3.434172e+01,4.550871e-05,5.848167e-05,2997302.949,4.660938e-03,3.461844e+01,9.109161e-05,5.763561e-05,3013605.773,2.500000e-04,7.96,9185.93
1182,4.424927e-03,3.434227e+01,5.982645e-05,7.848714e-05,2997042.400,4.283898e-03,3.475354e+01,5.970053e-05,4.230779e-05,3011249.422,2.500000e-04,7.11,9193.04
1183,4.130321e-03,3.433484e+01,4.541150e-05,4.854426e-05,2997877.840,3.874523e-03,3.421082e+01,3.378788e-05,2.311253e-05,2991238.477,2.500000e-04,7.53,9200.57
1184,4.267901e-03,3.430753e+01,5.396386e-05,5.950179e-05,2997468.758,4.413510e-03,3.436976e+01,8.807165e-05,1.916345e-05,2999873.875,2.500000e-04,7.39,9207.96
1185,4.192524e-03,3.430342e+01,4.638285e-05,5.967061e-05,2997393.684,3.791054e-03,3.433061e+01,2.970653e-05,1.218561e-05,2994273.938,2.500000e-04,7.68,9215.64
1186,4.299327e-03,3.433716e+01,4.781108e-05,7.750005e-05,2997804.416,4.157740e-03,3.416493e+01,6.383200e-05,2.058556e-05,2991057.711,2.500000e-04,7.33,9222.97
1187,4.303256e-03,3.429989e+01,5.500930e-05,6.463487e-05,2997185.250,4.444551e-03,3.415893e+01,9.374371e-05,1.824407e-05,2993578.742,2.500000e-04,7.59,9230.57
1188,4.338498e-03,3.435159e+01,5.069093e-05,7.928596e-05,2997949.486,3.925874e-03,3.439970e+01,3.276283e-05,3.165524e-05,2996544.969,2.500000e-04,8.52,9239.09
1189,4.252108e-03,3.435268e+01,4.718923e-05,6.898947e-05,2997545.213,5.025826e-03,3.351157e+01,7.169393e-05,1.915460e-04,2961702.461,2.500000e-04,7.99,9247.08
1190,4.254113e-03,3.430196e+01,4.772757e-05,6.932830e-05,2997396.320,4.884524e-03,3.488017e+01,1.031094e-04,7.308263e-05,3016817.594,2.500000e-04,8.01,9255.09
1191,4.312492e-03,3.430098e+01,5.665054e-05,6.317764e-05,2997480.957,3.856777e-03,3.406953e+01,3.067937e-05,2.860607e-05,2988132.109,2.500000e-04,7.89,9262.97
1192,4.305382e-03,3.433845e+01,5.142085e-05,7.146571e-05,2997370.137,4.021054e-03,3.460878e+01,3.110863e-05,4.981806e-05,3008772.820,2.500000e-04,7.91,9270.88
1193,4.238976e-03,3.431240e+01,4.769083e-05,6.616549e-05,2997378.764,4.066494e-03,3.464625e+01,3.930919e-05,4.175552e-05,3014807.625,2.500000e-04,8.38,9279.27
1194,4.314956e-03,3.429139e+01,4.967752e-05,7.780825e-05,2997192.053,3.945633e-03,3.453602e+01,3.285051e-05,3.270524e-05,3011716.812,2.500000e-04,8.51,9287.78
1195,4.237336e-03,3.429359e+01,4.619168e-05,6.921203e-05,2997855.439,4.444821e-03,3.475678e+01,8.031449e-05,3.319974e-05,3002599.164,2.500000e-04,8.74,9296.53
1196,4.369047e-03,3.430484e+01,5.146188e-05,8.478886e-05,2997247.842,4.235662e-03,3.361203e+01,4.334990e-05,8.819216e-05,2980516.820,2.500000e-04,7.83,9304.36
1197,4.278380e-03,3.430112e+01,5.435190e-05,6.094993e-05,2997425.609,3.964236e-03,3.448942e+01,4.622061e-05,1.061774e-05,3003847.562,2.500000e-04,7.26,9311.61
1198,4.488801e-03,3.425069e+01,5.659926e-05,9.954781e-05,2997238.330,3.789020e-03,3.424944e+01,2.248211e-05,2.785086e-05,3000972.859,2.500000e-04,7.87,9319.48
1199,4.374815e-03,3.428402e+01,5.399559e-05,8.129137e-05,2997445.555,5.409368e-03,3.531354e+01,1.010762e-04,1.734505e-04,3037551.312,2.500000e-04,7.57,9327.06
1200,4.245543e-03,3.427251e+01,5.275637e-05,5.814563e-05,2997510.543,4.250689e-03,3.481945e+01,6.191584e-05,2.991716e-05,3011250.984,2.500000e-04,8.02,9335.08
1201,4.251597e-03,3.431635e+01,4.816332e-05,6.766587e-05,2997817.723,4.461056e-03,3.498935e+01,6.448325e-05,6.345764e-05,3015189.578,2.500000e-04,9.13,9344.21
1202,4.455962e-03,3.429051e+01,6.924753e-05,6.688720e-05,2997749.598,4.791891e-03,3.387263e+01,3.916173e-05,2.026022e-04,2964687.008,2.500000e-04,8.24,9352.45
1203,4.475669e-03,3.425361e+01,6.394747e-05,8.216666e-05,2996517.721,3.991953e-03,3.477514e+01,2.469015e-05,5.350750e-05,3018834.023,2.500000e-04,7.97,9360.42
1204,4.253826e-03,3.430260e+01,4.523119e-05,7.425068e-05,2997847.703,4.304468e-03,3.429840e+01,7.006445e-05,3.479678e-05,3000336.875,2.500000e-04,8.55,9368.97
1205,4.358900e-03,3.426083e+01,5.371371e-05,7.913613e-05,2997421.064,4.436037e-03,3.455748e+01,8.314271e-05,2.977229e-05,2998187.461,2.500000e-04,7.87,9376.84
1206,4.164654e-03,3.427518e+01,4.588937e-05,5.564852e-05,2997578.100,4.437213e-03,3.423794e+01,5.776701e-05,8.714984e-05,2988261.688,2.500000e-04,7.39,9384.23
1207,4.323142e-03,3.431854e+01,5.410373e-05,7.005027e-05,2997552.047,4.787924e-03,3.361731e+01,8.570741e-05,1.138238e-04,2986186.617,2.500000e-04,7.44,9391.66
1208,4.311241e-03,3.425169e+01,5.492808e-05,6.735809e-05,2997000.764,4.863136e-03,3.508964e+01,7.343771e-05,1.239591e-04,3026408.516,2.500000e-04,8.26,9399.94
1209,4.400868e-03,3.429609e+01,5.898169e-05,7.628837e-05,2998292.754,4.270179e-03,3.403186e+01,6.894141e-05,3.551574e-05,2992473.648,2.500000e-04,8.30,9408.25
1210,4.156541e-03,3.421662e+01,4.758718e-05,5.180148e-05,2996909.016,4.226145e-03,3.479929e+01,4.461333e-05,6.001651e-05,3018778.438,2.500000e-04,7.80,9416.05
1211,4.303411e-03,3.428526e+01,5.413126e-05,6.671457e-05,2997600.781,3.853686e-03,3.450691e+01,2.698426e-05,2.663044e-05,3010351.586,2.500000e-04,7.17,9423.22
1212,4.154597e-03,3.423038e+01,5.114878e-05,4.401431e-05,2997639.443,4.698071e-03,3.509500e+01,7.341174e-05,9.089080e-05,3019983.789,2.500000e-04,7.58,9430.80
1213,4.213337e-03,3.426948e+01,5.084500e-05,5.558778e-05,2997526.939,4.049881e-03,3.433585e+01,4.660023e-05,3.005875e-05,3005583.414,2.500000e-04,7.56,9438.37
1214,4.297255e-03,3.422718e+01,5.166221e-05,7.158312e-05,2997761.400,4.022962e-03,3.449066e+01,3.782719e-05,3.912489e-05,3005676.984,2.500000e-04,8.03,9446.40
1215,4.450672e-03,3.427184e+01,5.276007e-05,9.917760e-05,2997226.748,4.632875e-03,3.496919e+01,7.278461e-05,8.162202e-05,3015696.414,2.500000e-04,7.97,9454.37
1216,4.385920e-03,3.429283e+01,5.548444e-05,8.035858e-05,2997521.631,3.918594e-03,3.458545e+01,3.317706e-05,2.565554e-05,3011400.023,2.500000e-04,7.51,9461.88
1217,4.076931e-03,3.424349e+01,4.083382e-05,4.884877e-05,2997375.154,5.720190e-03,3.525931e+01,5.648936e-05,3.258730e-04,3044021.305,2.500000e-04,7.43,9469.31
1218,4.338266e-03,3.425307e+01,4.748264e-05,8.762665e-05,2997610.963,4.240439e-03,3.464952e+01,5.263355e-05,4.983039e-05,3014554.516,2.500000e-04,7.51,9476.82
1219,4.209727e-03,3.424892e+01,4.966334e-05,5.764031e-05,2997419.053,4.004688e-03,3.441648e+01,3.673747e-05,3.913304e-05,3011431.273,2.500000e-04,7.63,9484.47
1220,4.187090e-03,3.424188e+01,4.409902e-05,6.438230e-05,2997648.018,4.624525e-03,3.406171e+01,7.485050e-05,9.396968e-05,2979541.812,2.500000e-04,7.47,9491.94
1221,4.308534e-03,3.424763e+01,5.675359e-05,6.324686e-05,2997836.352,3.891722e-03,3.386320e+01,2.505403e-05,5.097233e-05,2980157.773,2.500000e-04,7.62,9499.56
1222,4.175124e-03,3.421365e+01,4.272287e-05,6.530616e-05,2997069.129,3.878484e-03,3.440474e+01,3.028770e-05,2.702666e-05,2999715.836,2.500000e-04,8.31,9507.87
1223,4.237735e-03,3.427047e+01,4.593106e-05,7.027557e-05,2997799.750,4.312180e-03,3.439562e+01,4.235422e-05,8.981519e-05,2995353.328,2.500000e-04,7.99,9515.86
1224,4.167687e-03,3.424714e+01,4.321864e-05,6.215748e-05,2997410.842,3.772357e-03,3.426384e+01,2.766546e-05,1.386373e-05,2994596.781,2.500000e-04,8.10,9523.96
1225,4.130114e-03,3.424169e+01,4.709155e-05,4.700591e-05,2997736.988,4.348916e-03,3.386883e+01,3.239989e-05,1.276070e-04,2975023.211,2.500000e-04,8.19,9532.15
1226,4.350517e-03,3.422923e+01,4.965653e-05,8.620566e-05,2997151.459,5.522903e-03,3.496971e+01,5.673358e-05,2.917192e-04,3041228.000,2.500000e-04,7.67,9539.82
1227,4.221307e-03,3.421708e+01,4.577892e-05,6.836201e-05,2997862.598,3.773960e-03,3.402822e+01,2.513110e-05,2.396548e-05,2992416.633,2.500000e-04,7.90,9547.72
1228,4.233912e-03,3.424605e+01,5.082635e-05,6.020871e-05,2997568.795,4.932612e-03,3.334746e+01,3.917595e-05,2.412215e-04,2956857.141,2.500000e-04,8.23,9555.96
1229,4.514430e-03,3.423740e+01,6.405620e-05,9.002572e-05,2997151.840,4.082673e-03,3.408586e+01,5.890567e-05,1.700616e-05,2990486.516,2.500000e-04,7.95,9563.90
1230,4.163893e-03,3.421751e+01,4.431222e-05,5.980388e-05,2997562.479,3.980594e-03,3.437994e+01,4.690373e-05,1.471267e-05,3006183.688,2.500000e-04,7.66,9571.56
1231,4.230776e-03,3.424570e+01,4.766578e-05,6.590966e-05,2997626.965,5.570774e-03,3.309463e+01,1.296779e-04,1.929063e-04,2966115.836,2.500000e-04,7.39,9578.95
1232,4.406765e-03,3.416440e+01,5.802340e-05,8.201841e-05,2997136.979,3.878139e-03,3.420286e+01,3.193933e-05,2.769195e-05,2989402.008,2.500000e-04,8.26,9587.22
1233,4.207025e-03,3.425347e+01,4.682751e-05,6.268058e-05,2997662.133,4.594772e-03,3.388361e+01,5.698885e-05,1.273045e-04,2971989.359,2.500000e-04,7.88,9595.10
1234,4.238690e-03,3.423220e+01,4.898026e-05,6.513338e-05,2997482.775,4.078535e-03,3.423915e+01,4.691081e-05,3.710238e-05,2989706.984,2.500000e-04,7.85,9602.95
1235,4.381219e-03,3.422841e+01,6.097728e-05,6.972099e-05,2997234.268,4.113385e-03,3.426355e+01,4.119448e-05,5.501713e-05,3008274.258,2.500000e-04,8.05,9611.00
1236,4.162295e-03,3.423318e+01,4.352318e-05,6.074901e-05,2997479.283,4.018285e-03,3.448255e+01,4.539683e-05,2.321236e-05,3009500.719,2.500000e-04,7.66,9618.66
1237,4.217956e-03,3.421854e+01,4.726869e-05,6.468298e-05,2997648.373,3.813339e-03,3.461325e+01,2.599510e-05,1.841276e-05,3008030.211,2.500000e-04,6.88,9625.54
1238,4.247372e-03,3.422506e+01,4.749187e-05,6.998942e-05,2997355.238,4.580021e-03,3.369034e+01,3.933704e-05,1.635234e-04,2963986.289,2.500000e-04,8.18,9633.73
1239,4.253088e-03,3.422445e+01,5.655387e-05,5.302090e-05,2997528.715,4.156535e-03,3.438525e+01,5.472115e-05,3.415979e-05,2999543.617,2.500000e-04,7.90,9641.63
1240,4.431301e-03,3.423917e+01,5.881449e-05,8.384795e-05,2997282.791,5.568563e-03,3.522975e+01,1.011886e-04,2.067405e-04,3039161.945,2.500000e-04,7.77,9649.39
1241,4.234545e-03,3.423002e+01,4.664759e-05,6.901344e-05,2997524.430,4.054253e-03,3.412928e+01,4.856012e-05,3.114476e-05,2996709.688,2.500000e-04,7.67,9657.08
1242,4.382601e-03,3.421657e+01,5.700225e-05,7.818417e-05,2997197.412,4.057567e-03,3.474839e+01,3.989543e-05,3.675471e-05,3015736.461,2.500000e-04,7.76,9664.84
1243,4.203491e-03,3.421794e+01,4.971288e-05,5.691362e-05,2997566.252,4.119504e-03,3.433637e+01,4.384711e-05,4.947924e-05,2993346.195,2.500000e-04,7.89,9672.73
1244,4.281155e-03,3.422714e+01,4.746145e-05,7.676523e-05,2997574.361,5.022684e-03,3.351491e+01,8.425216e-05,1.657344e-04,2962380.977,2.500000e-04,8.25,9680.99
1245,4.312006e-03,3.422696e+01,5.119700e-05,7.546812e-05,2997510.477,3.977762e-03,3.460379e+01,2.836991e-05,4.673669e-05,3017381.477,2.500000e-04,7.25,9688.24
1246,4.393670e-03,3.422788e+01,5.825955e-05,7.765714e-05,2997197.904,3.905823e-03,3.450522e+01,3.621043e-05,1.863955e-05,3010308.492,2.500000e-04,7.56,9695.81
1247,4.334116e-03,3.420582e+01,5.181878e-05,7.906927e-05,2997354.857,3.808209e-03,3.413073e+01,2.844334e-05,2.214047e-05,3000090.797,2.500000e-04,7.64,9703.45
1248,4.157232e-03,3.420504e+01,4.732674e-05,5.269208e-05,2997545.762,4.070130e-03,3.442302e+01,5.735859e-05,1.084849e-05,3001832.242,2.500000e-04,7.99,9711.44
1249,4.296277e-03,3.422159e+01,5.003158e-05,7.476039e-05,2997941.951,4.921080e-03,3.482732e+01,5.260846e-05,1.824526e-04,3035698.570,2.500000e-04,7.82,9719.26
1250,4.416688e-03,3.417464e+01,6.116233e-05,7.752026e-05,2997001.410,4.974156e-03,3.473127e+01,1.310898e-04,3.802604e-05,3011487.578,2.500000e-04,7.13,9726.39
1251,4.175916e-03,3.420407e+01,4.799214e-05,5.511765e-05,2997788.184,3.945654e-03,3.368194e+01,2.851767e-05,5.845672e-05,2983600.883,2.500000e-04,7.99,9734.38
1252,4.180757e-03,3.416103e+01,4.526539e-05,6.240008e-05,2997432.396,4.544659e-03,3.365555e+01,6.479498e-05,1.062309e-04,2974582.656,2.500000e-04,7.91,9742.28
1253,4.414902e-03,3.414947e+01,5.816527e-05,8.366047e-05,2997388.322,3.877915e-03,3.412883e+01,2.840943e-05,3.618753e-05,2991425.281,2.500000e-04,7.87,9750.16
1254,4.261541e-03,3.417886e+01,4.913703e-05,7.045699e-05,2997700.365,4.441081e-03,3.362261e+01,6.080376e-05,9.415648e-05,2973813.492,2.500000e-04,7.80,9757.96
1255,4.136283e-03,3.417267e+01,4.663456e-05,5.053420e-05,2997366.574,3.744257e-03,3.436206e+01,2.494215e-05,1.172597e-05,3002323.539,2.500000e-04,7.38,9765.34
1256,4.110571e-03,3.416685e+01,4.702125e-05,4.473488e-05,2997413.059,3.992736e-03,3.379307e+01,3.153868e-05,5.960833e-05,2979787.172,2.500000e-04,7.44,9772.78
1257,4.242024e-03,3.416839e+01,5.061616e-05,6.380465e-05,2997593.791,3.992821e-03,3.408742e+01,3.195212e-05,5.291170e-05,2986915.969,2.500000e-04,7.87,9780.65
1258,4.382856e-03,3.418807e+01,5.691546e-05,7.897875e-05,2997414.414,4.105880e-03,3.457185e+01,5.044938e-05,2.884018e-05,3012130.891,2.500000e-04,8.36,9789.00
1259,4.229767e-03,3.415810e+01,5.002562e-05,6.274010e-05,2997564.908,3.806444e-03,3.410001e+01,2.817685e-05,2.293489e-05,2991560.172,2.500000e-04,7.87,9796.88
1260,4.136023e-03,3.415544e+01,4.884012e-05,4.641545e-05,2997396.037,4.438146e-03,3.433149e+01,8.352920e-05,3.394098e-05,3006825.539,2.500000e-04,6.98,9803.87
1261,4.140280e-03,3.415067e+01,4.047847e-05,6.408573e-05,2997592.355,4.448821e-03,3.459985e+01,6.213904e-05,7.348906e-05,2998957.688,2.500000e-04,7.16,9811.04
1262,4.279891e-03,3.413686e+01,4.557877e-05,8.208347e-05,2997315.217,3.970982e-03,3.384196e+01,3.400330e-05,4.935052e-05,2980957.797,2.500000e-04,8.33,9819.36
1263,4.292676e-03,3.418070e+01,5.334206e-05,6.823713e-05,2997492.125,3.764578e-03,3.434909e+01,2.699895e-05,1.193585e-05,3006531.516,2.500000e-04,8.42,9827.78
1264,4.170039e-03,3.414849e+01,4.506449e-05,6.090903e-05,2997392.086,4.265371e-03,3.485720e+01,3.094129e-05,9.404754e-05,3025734.305,2.500000e-04,7.57,9835.35
1265,4.645570e-03,3.411883e+01,6.548141e-05,1.157746e-04,2997464.205,4.681307e-03,3.333044e+01,2.687491e-05,2.159028e-04,2958545.922,2.500000e-04,7.43,9842.78
1266,4.181243e-03,3.419553e+01,4.451167e-05,6.331472e-05,2997309.457,3.781747e-03,3.430061e+01,2.307574e-05,2.418580e-05,2998209.617,2.500000e-04,7.19,9849.97
1267,4.144127e-03,3.420009e+01,4.618665e-05,5.245018e-05,2997430.061,3.996262e-03,3.436549e+01,4.497742e-05,2.198775e-05,2999618.539,2.500000e-04,8.07,9858.04
1268,4.201579e-03,3.418226e+01,5.009532e-05,5.648007e-05,2997691.094,4.133364e-03,3.409316e+01,5.594710e-05,3.291553e-05,2992338.609,2.500000e-04,7.98,9866.01
1269,4.244048e-03,3.419013e+01,4.869827e-05,6.761054e-05,2997516.258,3.927318e-03,3.374561e+01,2.476688e-05,6.101762e-05,2979566.805,2.500000e-04,7.90,9873.92
1270,4.222861e-03,3.417604e+01,5.058340e-05,5.988445e-05,2997199.889,4.819991e-03,3.480701e+01,3.511832e-05,1.976214e-04,3037201.258,2.500000e-04,8.75,9882.67
1271,4.282648e-03,3.417751e+01,5.027160e-05,7.243633e-05,2997954.365,4.051770e-03,3.412358e+01,3.487915e-05,5.812422e-05,2988222.062,2.500000e-04,7.47,9890.14
1272,4.201606e-03,3.419023e+01,4.725518e-05,6.200626e-05,2997132.662,3.929315e-03,3.448374e+01,2.844443e-05,3.929936e-05,3010350.445,2.500000e-04,7.41,9897.54
1273,4.300464e-03,3.418601e+01,5.262406e-05,7.112456e-05,2997603.453,4.720334e-03,3.329695e+01,4.750971e-05,1.831085e-04,2960428.102,2.500000e-04,8.00,9905.54
1274,4.438901e-03,3.417298e+01,6.557068e-05,7.317923e-05,2997277.832,4.445841e-03,3.397023e+01,7.747151e-05,5.482050e-05,2990289.922,2.500000e-04,7.95,9913.49
1275,4.338690e-03,3.419524e+01,5.286885e-05,7.809556e-05,2997514.891,3.980247e-03,3.452842e+01,4.183074e-05,2.181943e-05,3005682.711,2.500000e-04,7.26,9920.76
1276,4.634409e-03,3.416464e+01,5.887007e-05,1.258488e-04,2997219.078,3.894094e-03,3.419292e+01,4.177146e-05,1.141750e-05,2998296.953,2.500000e-04,8.09,9928.85
1277,4.142196e-03,3.420635e+01,4.399666e-05,5.631877e-05,2997746.104,4.308686e-03,3.358746e+01,4.174041e-05,1.065073e-04,2978259.758,2.500000e-04,8.57,9937.42
1278,4.414985e-03,3.418323e+01,5.341219e-05,9.250814e-05,2996972.521,5.266426e-03,3.486540e+01,8.010199e-05,1.957734e-04,3035264.844,2.500000e-04,8.30,9945.72
1279,4.160567e-03,3.418087e+01,4.323118e-05,6.203375e-05,2997956.867,4.314863e-03,3.390355e+01,7.060576e-05,4.369010e-05,2990539.875,2.500000e-04,8.96,9954.68
1280,4.337130e-03,3.417324e+01,5.257662e-05,7.880809e-05,2997179.293,4.474641e-03,3.494784e+01,4.162149e-05,1.127283e-04,3026365.906,2.500000e-04,8.51,9963.19
1281,4.262037e-03,3.416776e+01,5.292922e-05,6.319389e-05,2997583.730,3.875124e-03,3.457777e+01,3.197018e-05,1.952902e-05,3007271.703,2.500000e-04,7.78,9970.97
1282,4.287623e-03,3.417639e+01,5.010761e-05,7.378158e-05,2997907.969,4.004889e-03,3.396567e+01,4.195429e-05,3.775584e-05,2983932.953,2.500000e-04,8.10,9979.07
1283,4.141524e-03,3.416490e+01,4.340677e-05,5.819322e-05,2997248.781,4.608159e-03,3.371902e+01,3.475830e-05,1.777347e-04,2967114.914,2.500000e-04,7.70,9986.77
1284,4.334984e-03,3.417448e+01,5.409171e-05,7.532372e-05,2997175.908,3.881397e-03,3.447895e+01,3.421065e-05,1.827920e-05,3008572.867,2.500000e-04,7.58,9994.35
1285,4.148061e-03,3.416992e+01,4.229179e-05,6.163033e-05,2997810.834,4.278225e-03,3.450258e+01,5.286284e-05,5.986770e-05,3015368.188,2.500000e-04,7.53,10001.88
1286,4.164816e-03,3.413972e+01,4.723854e-05,5.569170e-05,2997414.475,4.091013e-03,3.438929e+01,3.382017e-05,6.277661e-05,2998567.312,2.500000e-04,8.06,10009.94
1287,4.247522e-03,3.414715e+01,5.446713e-05,5.762712e-05,2997579.707,5.230413e-03,3.373706e+01,5.318079e-05,2.649797e-04,2960871.359,2.500000e-04,7.63,10017.56
1288,4.307421e-03,3.417595e+01,4.613036e-05,8.570449e-05,2997475.369,3.941896e-03,3.451105e+01,3.703526e-05,2.408774e-05,3008462.531,2.500000e-04,7.95,10025.51
1289,4.321312e-03,3.415927e+01,5.220469e-05,7.666756e-05,2997333.740,3.725657e-03,3.413709e+01,2.396983e-05,1.444999e-05,2994372.523,2.500000e-04,7.18,10032.69
1290,4.370995e-03,3.417754e+01,5.842877e-05,7.379063e-05,2997719.887,4.937950e-03,3.340853e+01,8.124738e-05,1.569248e-04,2965088.391,2.500000e-04,7.20,10039.90
1291,4.384252e-03,3.413109e+01,5.228768e-05,8.965321e-05,2996997.064,4.129932e-03,3.438775e+01,5.979895e-05,1.863354e-05,3002710.281,2.500000e-04,7.55,10047.45
1292,4.109738e-03,3.416117e+01,4.361757e-05,5.148922e-05,2997764.262,3.912775e-03,3.426009e+01,2.622823e-05,4.489686e-05,2990915.484,2.500000e-04,7.88,10055.33
1293,4.293462e-03,3.416031e+01,5.331624e-05,6.885362e-05,2997341.881,4.435450e-03,3.489908e+01,4.012326e-05,1.088619e-04,3027224.688,2.500000e-04,7.72,10063.05
1294,4.325631e-03,3.416728e+01,5.146479e-05,7.885095e-05,2997576.957,3.838670e-03,3.418441e+01,2.753097e-05,2.898394e-05,2988915.453,2.500000e-04,7.11,10070.16
1295,4.429773e-03,3.416500e+01,5.135015e-05,9.995427e-05,2997447.512,4.296033e-03,3.493774e+01,4.455255e-05,7.134665e-05,3012235.977,2.500000e-04,7.28,10077.44
1296,4.251492e-03,3.420745e+01,5.246208e-05,6.122533e-05,2997744.957,3.959946e-03,3.390351e+01,3.462442e-05,4.467017e-05,2992560.430,2.500000e-04,7.65,10085.09
1297,4.444375e-03,3.412818e+01,5.825353e-05,8.980442e-05,2997485.223,4.257067e-03,3.372553e+01,2.963566e-05,1.176316e-04,2970404.492,2.500000e-04,9.10,10094.19
1298,4.179214e-03,3.415316e+01,4.718616e-05,5.840740e-05,2997416.824,4.130400e-03,3.448921e+01,5.362733e-05,2.904103e-05,3012260.516,2.500000e-04,8.33,10102.54
1299,4.221764e-03,3.416407e+01,5.226401e-05,5.654347e-05,2997490.625,4.335163e-03,3.351057e+01,3.690623e-05,1.230087e-04,2969779.508,2.500000e-04,7.72,10110.26
1300,4.193506e-03,3.413051e+01,4.515072e-05,6.578959e-05,2997236.348,4.068825e-03,3.464859e+01,3.915538e-05,4.248236e-05,3010070.727,2.500000e-04,7.23,10117.48
1301,4.387991e-03,3.414359e+01,5.075118e-05,9.322414e-05,2997374.801,3.943816e-03,3.445579e+01,3.269014e-05,3.426713e-05,3012041.000,2.500000e-04,7.38,10124.86
1302,4.135363e-03,3.413865e+01,4.441719e-05,5.546532e-05,2997627.748,3.833878e-03,3.436507e+01,2.922228e-05,2.102965e-05,3000082.867,2.500000e-04,7.67,10132.53
1303,4.334355e-03,3.412585e+01,5.051980e-05,8.331436e-05,2997629.738,3.792302e-03,3.393217e+01,2.851028e-05,2.279639e-05,2991419.383,2.500000e-04,8.46,10140.99
1304,4.156815e-03,3.414416e+01,4.756672e-05,5.334642e-05,2997556.984,3.851721e-03,3.400262e+01,3.452955e-05,2.123286e-05,2993062.781,2.500000e-04,7.57,10148.56
1305,4.133931e-03,3.414329e+01,4.455629e-05,5.480778e-05,2997550.867,3.991154e-03,3.434776e+01,5.253255e-05,6.210636e-06,3003644.211,2.500000e-04,7.64,10156.21
1306,4.279620e-03,3.411435e+01,5.090044e-05,7.183618e-05,2997377.326,4.529469e-03,3.509694e+01,4.943574e-05,1.050835e-04,3020603.516,2.500000e-04,8.22,10164.43
1307,4.288076e-03,3.417595e+01,4.805322e-05,7.798982e-05,2997883.443,4.451584e-03,3.343149e+01,4.086081e-05,1.399655e-04,2966963.312,2.500000e-04,8.64,10173.07
1308,4.237934e-03,3.414571e+01,4.545460e-05,7.376340e-05,2997190.537,3.904830e-03,3.438415e+01,3.701758e-05,1.924770e-05,3004715.906,2.500000e-04,8.64,10181.71
1309,4.260402e-03,3.416733e+01,4.708349e-05,7.456691e-05,2997495.031,5.458606e-03,3.298745e+01,9.307937e-05,2.458135e-04,2959206.406,2.500000e-04,8.42,10190.13
1310,4.456207e-03,3.414350e+01,5.676481e-05,9.484186e-05,2997635.844,3.955992e-03,3.385910e+01,2.199639e-05,7.002372e-05,2977616.406,2.500000e-04,7.42,10197.55
1311,4.306791e-03,3.413213e+01,5.062612e-05,7.746340e-05,2997265.428,4.004374e-03,3.373160e+01,3.759223e-05,5.105833e-05,2981925.414,2.500000e-04,8.10,10205.65
1312,4.194640e-03,3.412940e+01,4.697838e-05,6.238312e-05,2997553.426,4.004899e-03,3.423382e+01,3.480921e-05,4.668494e-05,3000941.922,2.500000e-04,7.59,10213.25
1313,4.226662e-03,3.413758e+01,5.033190e-05,6.191700e-05,2997515.854,4.899370e-03,3.436493e+01,1.396754e-04,1.322444e-05,3001036.461,2.500000e-04,8.04,10221.29
1314,4.308335e-03,3.417297e+01,4.819916e-05,8.180919e-05,2997454.490,3.957264e-03,3.396477e+01,3.991976e-05,3.231797e-05,2985685.742,2.500000e-04,7.38,10228.67
1315,4.153082e-03,3.413436e+01,4.367923e-05,6.057079e-05,2997279.273,3.920196e-03,3.458779e+01,2.628335e-05,3.971674e-05,3014157.703,2.500000e-04,7.96,10236.63
1316,4.222532e-03,3.415965e+01,4.997781e-05,6.135773e-05,2997749.082,3.805408e-03,3.412754e+01,2.869768e-05,2.113535e-05,2995992.398,2.500000e-04,8.06,10244.69
1317,4.182200e-03,3.415656e+01,4.457833e-05,6.415198e-05,2997187.037,4.146938e-03,3.398727e+01,5.822679e-05,3.318864e-05,2989153.773,2.500000e-04,7.99,10252.69
1318,4.139053e-03,3.413958e+01,3.928348e-05,6.645190e-05,2997428.139,5.156941e-03,3.477124e+01,8.441968e-05,1.671241e-04,3032072.828,2.500000e-04,7.67,10260.35
1319,4.258214e-03,3.416785e+01,4.832203e-05,7.164180e-05,2997764.629,4.335198e-03,3.366320e+01,5.390078e-05,8.597399e-05,2977393.781,2.500000e-04,7.30,10267.65
1320,4.153070e-03,3.414818e+01,4.571776e-05,5.621492e-05,2997369.340,3.939009e-03,3.444219e+01,3.548368e-05,2.799071e-05,3010054.570,2.500000e-04,7.26,10274.91
1321,4.453183e-03,3.417341e+01,6.095125e-05,8.526590e-05,2997514.416,4.088188e-03,3.356377e+01,2.543729e-05,9.548762e-05,2972643.656,2.500000e-04,8.35,10283.26
1322,4.610770e-03,3.420438e+01,6.988404e-05,9.829843e-05,2997660.301,5.648350e-03,3.342842e+01,1.014231e-04,2.582555e-04,2956376.586,2.500000e-04,8.70,10291.98
1323,4.442351e-03,3.413643e+01,5.463430e-05,9.647288e-05,2997150.066,3.813419e-03,3.436611e+01,3.106103e-05,1.323967e-05,3004086.945,2.500000e-04,8.14,10300.12
1324,4.392828e-03,3.420508e+01,5.263884e-05,8.918648e-05,2997733.650,4.325721e-03,3.373671e+01,6.974235e-05,5.092542e-05,2986343.430,2.500000e-04,7.86,10307.98
1325,4.254397e-03,3.413360e+01,4.892331e-05,7.036088e-05,2997132.859,4.116307e-03,3.391901e+01,3.026384e-05,8.435359e-05,2976582.688,2.500000e-04,7.31,10315.30
1326,4.113377e-03,3.416990e+01,4.267429e-05,5.392895e-05,2997666.945,3.969853e-03,3.451230e+01,3.609478e-05,3.153497e-05,3010250.594,2.500000e-04,7.65,10322.95
1327,4.368747e-03,3.412652e+01,5.184637e-05,8.752632e-05,2997276.445,4.167361e-03,3.457767e+01,4.854245e-05,4.483400e-05,3007388.781,2.500000e-04,7.61,10330.56
1328,4.268432e-03,3.418641e+01,4.814585e-05,7.366650e-05,2997498.166,4.469038e-03,3.400912e+01,6.502125e-05,8.358287e-05,2991776.758,2.500000e-04,7.94,10338.51
1329,4.326293e-03,3.418745e+01,5.228972e-05,7.693021e-05,2998061.271,4.564373e-03,3.414755e+01,7.679164e-05,7.634020e-05,2981176.719,2.500000e-04,8.09,10346.60
1330,4.208250e-03,3.416630e+01,5.083059e-05,5.666294e-05,2996928.135,3.810426e-03,3.393133e+01,2.859908e-05,2.626056e-05,2991113.430,2.500000e-04,7.45,10354.06
1331,4.223002e-03,3.419080e+01,4.623092e-05,6.832265e-05,2997719.625,3.889674e-03,3.406557e+01,3.217437e-05,3.227454e-05,2998078.094,2.500000e-04,7.69,10361.74
1332,4.141219e-03,3.413537e+01,4.373875e-05,5.805894e-05,2997386.727,4.050780e-03,3.451920e+01,2.403712e-05,7.169772e-05,3010834.977,2.500000e-04,7.91,10369.65
1333,4.179660e-03,3.415163e+01,4.596614e-05,6.096730e-05,2997857.135,4.110810e-03,3.382084e+01,5.220904e-05,4.132725e-05,2984428.977,2.500000e-04,7.94,10377.59
1334,4.269929e-03,3.413923e+01,4.963107e-05,7.193903e-05,2997527.400,4.052907e-03,3.395579e+01,4.635570e-05,3.875422e-05,2985993.742,2.500000e-04,7.68,10385.28
1335,4.405785e-03,3.412500e+01,5.677561e-05,8.510581e-05,2997431.033,4.171179e-03,3.412155e+01,3.858353e-05,7.463775e-05,2983349.930,2.500000e-04,7.30,10392.57
1336,4.307816e-03,3.413552e+01,4.725589e-05,8.434122e-05,2997023.641,3.984768e-03,3.451307e+01,3.928905e-05,2.811414e-05,3006432.227,2.500000e-04,9.00,10401.58
1337,4.295389e-03,3.415208e+01,4.966196e-05,7.671217e-05,2997882.625,3.788399e-03,3.428607e+01,3.074663e-05,1.046503e-05,3004277.781,2.500000e-04,8.87,10410.45
1338,4.364712e-03,3.413911e+01,5.091171e-05,8.833676e-05,2997204.494,4.114257e-03,3.386845e+01,5.619210e-05,3.309806e-05,2991930.586,2.500000e-04,8.55,10419.00
1339,4.230871e-03,3.414010e+01,4.466836e-05,7.403544e-05,2997561.250,3.858744e-03,3.438220e+01,2.837171e-05,2.736153e-05,3005641.633,2.500000e-04,8.69,10427.72
1340,4.215672e-03,3.413848e+01,4.373691e-05,7.289099e-05,2997688.803,3.747053e-03,3.415662e+01,2.432547e-05,1.762740e-05,3000420.234,2.500000e-04,7.29,10435.01
1341,4.173226e-03,3.411762e+01,4.315616e-05,6.598054e-05,2997696.141,4.045198e-03,3.390705e+01,4.653170e-05,3.783516e-05,2983775.031,2.500000e-04,7.96,10442.97
1342,4.164421e-03,3.411598e+01,4.393265e-05,6.269941e-05,2997207.758,4.397398e-03,3.447958e+01,4.644262e-05,9.700281e-05,3020268.062,2.500000e-04,8.20,10451.17
1343,4.152661e-03,3.409890e+01,4.213940e-05,6.427538e-05,2997709.375,3.989736e-03,3.420106e+01,2.665718e-05,6.061168e-05,2999108.086,2.500000e-04,8.05,10459.23
1344,4.212870e-03,3.411578e+01,4.623084e-05,6.779675e-05,2997195.355,4.245499e-03,3.427360e+01,5.946175e-05,4.470430e-05,3012334.484,2.500000e-04,7.48,10466.70
1345,4.305548e-03,3.410189e+01,5.204730e-05,7.497734e-05,2997470.846,4.217178e-03,3.484229e+01,4.058079e-05,6.542820e-05,3021166.102,2.500000e-04,7.26,10473.96
1346,4.236964e-03,3.414197e+01,4.845442e-05,6.764447e-05,2997847.861,3.765049e-03,3.398572e+01,2.030315e-05,3.268906e-05,2989272.961,2.500000e-04,7.99,10481.95
1347,4.287763e-03,3.417859e+01,4.827786e-05,7.742502e-05,2997606.602,3.838867e-03,3.435168e+01,2.648110e-05,2.777760e-05,3007920.664,2.500000e-04,7.97,10489.92
1348,4.290606e-03,3.409730e+01,4.900208e-05,7.817101e-05,2997372.352,4.083699e-03,3.458959e+01,4.289709e-05,3.915391e-05,3014552.023,2.500000e-04,7.74,10497.66
1349,4.142755e-03,3.415383e+01,4.392747e-05,5.761948e-05,2997320.148,4.278334e-03,3.474694e+01,4.943796e-05,6.185206e-05,3018933.883,2.500000e-04,7.35,10505.01
1350,4.112526e-03,3.413852e+01,4.676202e-05,4.621065e-05,2997807.758,4.039555e-03,3.357598e+01,3.111242e-05,7.416653e-05,2983958.281,2.500000e-04,7.64,10512.65
1351,4.299787e-03,3.413993e+01,5.275184e-05,7.165510e-05,2997627.855,4.007840e-03,3.372566e+01,3.256551e-05,6.192377e-05,2978643.141,2.500000e-04,8.06,10520.70
1352,4.225458e-03,3.412449e+01,4.792318e-05,6.675547e-05,2997231.520,3.970176e-03,3.453300e+01,3.723170e-05,2.891178e-05,3012550.711,2.500000e-04,7.74,10528.44
1353,4.239921e-03,3.414876e+01,4.556126e-05,7.388649e-05,2997729.242,4.416555e-03,3.364996e+01,5.892946e-05,9.245292e-05,2975575.414,2.500000e-04,7.64,10536.08
1354,4.209508e-03,3.414790e+01,4.837773e-05,6.218806e-05,2997306.615,4.563716e-03,3.380415e+01,3.518789e-05,1.662844e-04,2967345.680,2.500000e-04,7.78,10543.86
1355,4.222633e-03,3.412063e+01,4.976968e-05,6.257465e-05,2997441.318,3.780660e-03,3.432201e+01,2.317787e-05,2.333607e-05,2996730.250,2.500000e-04,8.05,10551.91
1356,4.268727e-03,3.413241e+01,5.728986e-05,5.651765e-05,2997581.377,3.951547e-03,3.444627e+01,3.269421e-05,3.599576e-05,3003383.047,2.500000e-04,7.96,10559.87
1357,4.319795e-03,3.418416e+01,4.682622e-05,8.662331e-05,2997274.688,3.984663e-03,3.381031e+01,3.282943e-05,5.506752e-05,2985289.977,2.500000e-04,7.78,10567.65
1358,4.169300e-03,3.412541e+01,4.965110e-05,5.204960e-05,2997785.250,4.267611e-03,3.394350e+01,3.940499e-05,9.584226e-05,2977412.141,2.500000e-04,7.51,10575.17
1359,4.308407e-03,3.415611e+01,4.492959e-05,8.869999e-05,2997310.301,4.369126e-03,3.449667e+01,7.133162e-05,4.122858e-05,3007341.953,2.500000e-04,7.40,10582.57
1360,4.122614e-03,3.414076e+01,4.411192e-05,5.348374e-05,2997487.201,4.551016e-03,3.373071e+01,7.350543e-05,8.857823e-05,2976459.344,2.500000e-04,7.87,10590.45
1361,4.008369e-03,3.413337e+01,3.913495e-05,4.073662e-05,2997766.414,3.877744e-03,3.382714e+01,2.791376e-05,4.317841e-05,2987232.445,2.500000e-04,8.18,10598.62
1362,4.146253e-03,3.407902e+01,4.890660e-05,4.985702e-05,2997192.660,3.940732e-03,3.441390e+01,3.180865e-05,3.625119e-05,3013925.617,2.500000e-04,7.97,10606.59
1363,4.246017e-03,3.411687e+01,5.214196e-05,6.258204e-05,2997833.451,4.097249e-03,3.374171e+01,2.878941e-05,8.703684e-05,2974215.273,2.500000e-04,7.85,10614.46
1364,4.267361e-03,3.410116e+01,5.185954e-05,6.772980e-05,2997104.682,4.090440e-03,3.455234e+01,3.450505e-05,5.803113e-05,3019877.312,2.500000e-04,7.48,10621.94
1365,4.204214e-03,3.409682e+01,4.835132e-05,6.220384e-05,2997606.543,4.217025e-03,3.379511e+01,5.057845e-05,6.634601e-05,2984429.930,2.500000e-04,7.95,10629.89
1366,4.129675e-03,3.407746e+01,4.189076e-05,6.060429e-05,2997498.938,3.787595e-03,3.412734e+01,3.239259e-05,1.018708e-05,2999443.430,2.500000e-04,8.18,10638.07
1367,4.225542e-03,3.409901e+01,4.425763e-05,7.461293e-05,2997493.400,4.505335e-03,3.373287e+01,8.396120e-05,5.848705e-05,2980820.492,2.500000e-04,7.75,10645.82
1368,4.146592e-03,3.409903e+01,4.477520e-05,5.778746e-05,2997331.859,4.082303e-03,3.465455e+01,3.275907e-05,5.785143e-05,3020987.039,2.500000e-04,7.11,10652.93
1369,4.216840e-03,3.411160e+01,4.589827e-05,6.933941e-05,2997575.838,3.939763e-03,3.416283e+01,2.821306e-05,4.826995e-05,3008596.523,2.500000e-04,7.75,10660.68
1370,4.235617e-03,3.408651e+01,4.195030e-05,8.149264e-05,2997649.506,3.800959e-03,3.391058e+01,3.077655e-05,2.042714e-05,2992040.852,2.500000e-04,8.63,10669.31
1371,4.113147e-03,3.407613e+01,4.697953e-05,4.714787e-05,2997108.717,3.880314e-03,3.427217e+01,2.802913e-05,3.456118e-05,3008467.797,2.500000e-04,8.62,10677.93
1372,4.362717e-03,3.408880e+01,5.528739e-05,8.019274e-05,2997338.086,4.189690e-03,3.482454e+01,3.725068e-05,6.694588e-05,3021543.984,2.500000e-04,7.81,10685.74
1373,4.174765e-03,3.411674e+01,4.509882e-05,6.242059e-05,2997475.684,4.365393e-03,3.469254e+01,2.960120e-05,1.200255e-04,3025743.953,2.500000e-04,7.80,10693.55
1374,4.111966e-03,3.412271e+01,4.501108e-05,4.991694e-05,2997809.404,4.309700e-03,3.393144e+01,7.293552e-05,3.744026e-05,2989661.570,2.500000e-04,7.38,10700.93
1375,4.215575e-03,3.409664e+01,4.604460e-05,6.909287e-05,2997551.143,4.140308e-03,3.375049e+01,5.129897e-05,5.045373e-05,2995682.523,2.500000e-04,9.28,10710.21
1376,4.164513e-03,3.407589e+01,3.980816e-05,7.176849e-05,2997546.223,4.553474e-03,3.355882e+01,5.258070e-05,1.343571e-04,2967160.586,2.500000e-04,8.52,10718.73
1377,4.169314e-03,3.411451e+01,4.479270e-05,6.198711e-05,2997440.723,3.791385e-03,3.383928e+01,2.062547e-05,4.024050e-05,2983516.953,2.500000e-04,8.04,10726.78
1378,4.234799e-03,3.408579e+01,4.449375e-05,7.625653e-05,2997543.441,4.107613e-03,3.397122e+01,2.977443e-05,8.254942e-05,2985083.500,2.500000e-04,7.55,10734.33
1379,4.151269e-03,3.406608e+01,4.370925e-05,6.151356e-05,2997553.289,4.519112e-03,3.401016e+01,4.809127e-05,1.274367e-04,2978204.086,2.500000e-04,7.44,10741.77
1380,4.346747e-03,3.415384e+01,5.521636e-05,7.583996e-05,2997380.158,4.279428e-03,3.398633e+01,6.686037e-05,4.243827e-05,3003964.172,2.500000e-04,8.07,10749.85
1381,4.198615e-03,3.410699e+01,4.608430e-05,6.541466e-05,2997883.141,3.900560e-03,3.385413e+01,3.542576e-05,3.217783e-05,2986057.328,2.500000e-04,8.00,10757.84
1382,4.227512e-03,3.411432e+01,5.203461e-05,5.914685e-05,2997409.172,3.865722e-03,3.411324e+01,2.973876e-05,3.140215e-05,3003469.977,2.500000e-04,8.04,10765.88
1383,4.244245e-03,3.409386e+01,5.011232e-05,6.674719e-05,2997435.311,4.352214e-03,3.490219e+01,4.339952e-05,8.559996e-05,3021969.000,2.500000e-04,6.99,10772.88
1384,4.175763e-03,3.412755e+01,4.987056e-05,5.286045e-05,2997501.252,5.424152e-03,3.486730e+01,9.116870e-05,2.051471e-04,3036553.086,2.500000e-04,7.79,10780.67
1385,4.352936e-03,3.415047e+01,5.735622e-05,7.286554e-05,2997770.000,4.563077e-03,3.343318e+01,5.758996e-05,1.287719e-04,2968409.977,2.500000e-04,8.16,10788.83
1386,4.163791e-03,3.405161e+01,4.508418e-05,6.155768e-05,2996933.227,4.350428e-03,3.455826e+01,5.018490e-05,7.855052e-05,3019761.102,2.500000e-04,8.38,10797.21
1387,4.161615e-03,3.413724e+01,4.451749e-05,6.054337e-05,2998026.186,4.556212e-03,3.453643e+01,8.992734e-05,4.065913e-05,3002773.500,2.500000e-04,7.90,10805.13
1388,4.285391e-03,3.411423e+01,5.132799e-05,7.213766e-05,2997357.312,4.174816e-03,3.402038e+01,5.682729e-05,4.090100e-05,3004871.812,2.500000e-04,7.59,10812.72
1389,4.308116e-03,3.407630e+01,4.523021e-05,8.963686e-05,2997452.471,3.800422e-03,3.424445e+01,3.228403e-05,1.062743e-05,2998969.750,2.500000e-04,7.77,10820.49
1390,4.093537e-03,3.409604e+01,3.983424e-05,5.711823e-05,2997377.666,3.801330e-03,3.410072e+01,2.852966e-05,2.119227e-05,2996662.836,2.500000e-04,7.48,10827.97
1391,4.192429e-03,3.410139e+01,4.831228e-05,5.983335e-05,2997852.963,4.384535e-03,3.340749e+01,4.527211e-05,1.182129e-04,2969221.094,2.500000e-04,7.96,10835.94
1392,4.195867e-03,3.404091e+01,4.831316e-05,6.172893e-05,2997330.688,4.107353e-03,3.462291e+01,3.133211e-05,6.634821e-05,3008147.570,2.500000e-04,7.19,10843.13
1393,4.231888e-03,3.408921e+01,4.815195e-05,6.828944e-05,2997263.264,3.805880e-03,3.401948e+01,2.359952e-05,3.358748e-05,2989829.164,2.500000e-04,7.31,10850.44
1394,4.477271e-03,3.405419e+01,5.686952e-05,1.006313e-04,2997441.076,4.521831e-03,3.476607e+01,7.709545e-05,5.485393e-05,3019268.492,2.500000e-04,7.61,10858.04
1395,4.180944e-03,3.410444e+01,4.837299e-05,5.735402e-05,2997784.242,4.702234e-03,3.314082e+01,3.734815e-05,2.029340e-04,2960009.227,2.500000e-04,7.82,10865.87
1396,4.226859e-03,3.406970e+01,4.803464e-05,6.790859e-05,2997696.625,3.754545e-03,3.387980e+01,2.194646e-05,2.942023e-05,2989053.078,2.500000e-04,7.25,10873.12
1397,4.308810e-03,3.409527e+01,5.034306e-05,7.917051e-05,2997411.129,3.993237e-03,3.430538e+01,2.625253e-05,6.003470e-05,3015385.125,2.500000e-04,6.99,10880.10
1398,4.211228e-03,3.408985e+01,4.497747e-05,7.049361e-05,2997451.562,4.253465e-03,3.462211e+01,5.145457e-05,5.534152e-05,3018007.109,2.500000e-04,7.83,10887.93
1399,4.142931e-03,3.407122e+01,4.102269e-05,6.511637e-05,2997471.920,3.952506e-03,3.374529e+01,2.939378e-05,5.680800e-05,2986765.727,2.500000e-04,7.70,10895.64
1400,4.385854e-03,3.406130e+01,5.754477e-05,8.085524e-05,2997435.979,4.508387e-03,3.448333e+01,8.267116e-05,4.666843e-05,3014258.180,2.500000e-04,7.96,10903.60
1401,4.230192e-03,3.408407e+01,4.384385e-05,7.666935e-05,2997619.781,5.130991e-03,3.332924e+01,6.377158e-05,2.320703e-04,2963313.039,2.500000e-04,7.39,10910.99
1402,4.139368e-03,3.406032e+01,4.051572e-05,6.563576e-05,2997395.672,4.553819e-03,3.395305e+01,7.259374e-05,8.651526e-05,2978914.375,2.500000e-04,8.20,10919.19
1403,4.063828e-03,3.409375e+01,3.717667e-05,5.653735e-05,2997659.998,4.606236e-03,3.364694e+01,6.157468e-05,1.251590e-04,2970559.938,2.500000e-04,8.55,10927.74
1404,4.111719e-03,3.405351e+01,4.139740e-05,5.847891e-05,2997635.562,4.885499e-03,3.471377e+01,1.125182e-04,5.778797e-05,3013110.859,2.500000e-04,8.23,10935.97
1405,4.357401e-03,3.410448e+01,4.928917e-05,9.081227e-05,2997340.633,4.247498e-03,3.471153e+01,3.288178e-05,8.950547e-05,3025430.492,2.500000e-04,7.72,10943.70
1406,4.157263e-03,3.408478e+01,4.583494e-05,5.808714e-05,2997481.123,4.043884e-03,3.375895e+01,3.871752e-05,5.616284e-05,2987246.188,2.500000e-04,7.74,10951.44
1407,4.118394e-03,3.408241e+01,4.349390e-05,5.504286e-05,2997541.596,3.725074e-03,3.416297e+01,2.552338e-05,1.070858e-05,2996427.812,2.500000e-04,8.00,10959.44
1408,4.190925e-03,3.407214e+01,4.687135e-05,6.299939e-05,2997474.637,3.906732e-03,3.440969e+01,2.318686e-05,4.677897e-05,3015768.742,2.500000e-04,7.83,10967.26
1409,4.240211e-03,3.403032e+01,4.472282e-05,7.799008e-05,2997314.869,3.870384e-03,3.449095e+01,2.075823e-05,4.274132e-05,3014170.047,2.500000e-04,7.78,10975.04
1410,4.118970e-03,3.410366e+01,3.865330e-05,6.441408e-05,2997747.555,4.206143e-03,3.365895e+01,4.521306e-05,7.762354e-05,2987304.945,2.500000e-04,7.03,10982.07
1411,4.175757e-03,3.405334e+01,4.177323e-05,7.053812e-05,2997313.086,4.259610e-03,3.441577e+01,4.712216e-05,6.936226e-05,3019686.086,2.500000e-04,7.51,10989.58
1412,4.148902e-03,3.407971e+01,4.269325e-05,6.279976e-05,2997937.330,3.814497e-03,3.372063e+01,2.732425e-05,3.383817e-05,2987850.148,2.500000e-04,7.63,10997.20
1413,4.272932e-03,3.406363e+01,4.814091e-05,7.703198e-05,2997576.832,4.338974e-03,3.376938e+01,5.089720e-05,9.061271e-05,2974404.227,2.500000e-04,8.35,11005.55
1414,4.447361e-03,3.405353e+01,6.091131e-05,8.657899e-05,2996881.006,4.013370e-03,3.458387e+01,3.766599e-05,3.566468e-05,3012235.523,2.500000e-04,7.87,11013.42
1415,4.251370e-03,3.407983e+01,5.311127e-05,6.245480e-05,2997696.699,4.347016e-03,3.402635e+01,7.688993e-05,3.509647e-05,2987157.789,2.500000e-04,7.51,11020.95
1416,4.056925e-03,3.405306e+01,4.142134e-05,4.748107e-05,2997463.965,3.916937e-03,3.405205e+01,3.335965e-05,3.562707e-05,3007629.578,2.500000e-04,7.30,11028.25
1417,4.282898e-03,3.405136e+01,5.416162e-05,6.722926e-05,2997610.824,3.795065e-03,3.412441e+01,3.112963e-05,1.426551e-05,3003644.555,2.500000e-04,7.34,11035.59
1418,4.244450e-03,3.404370e+01,4.875274e-05,7.051057e-05,2997524.248,3.858173e-03,3.422173e+01,3.238146e-05,2.243718e-05,3004514.320,2.500000e-04,7.59,11043.19
1419,4.016348e-03,3.404596e+01,3.845532e-05,4.543993e-05,2997722.939,4.315227e-03,3.412316e+01,4.410192e-05,9.237845e-05,3002233.203,2.500000e-04,8.35,11051.53
1420,4.201482e-03,3.402973e+01,5.160465e-05,5.649248e-05,2997531.680,4.496601e-03,3.350200e+01,7.176630e-05,8.574757e-05,2974125.820,2.500000e-04,7.94,11059.47
1421,4.288908e-03,3.401973e+01,5.074429e-05,7.589849e-05,2997675.707,3.941028e-03,3.377075e+01,2.124869e-05,7.029329e-05,2977159.688,2.500000e-04,7.40,11066.87
1422,4.171332e-03,3.404137e+01,4.569213e-05,6.205462e-05,2997318.375,4.059261e-03,3.367444e+01,4.033414e-05,5.769512e-05,2981623.641,2.500000e-04,7.86,11074.73
1423,4.431968e-03,3.406452e+01,5.658438e-05,9.193459e-05,2997266.732,5.082192e-03,3.524606e+01,5.712015e-05,1.972768e-04,3040787.719,2.500000e-04,7.46,11082.20
1424,4.135942e-03,3.407235e+01,4.741735e-05,5.090684e-05,2997613.277,3.883786e-03,3.364408e+01,2.303839e-05,5.779889e-05,2991590.289,2.500000e-04,7.22,11089.41
1425,4.378246e-03,3.405984e+01,5.578430e-05,8.288384e-05,2997130.895,4.543169e-03,3.410389e+01,9.267941e-05,4.119729e-05,2999659.766,2.500000e-04,7.35,11096.78
1426,4.229298e-03,3.409922e+01,4.625238e-05,7.137028e-05,2998352.033,4.162907e-03,3.365492e+01,2.600293e-05,1.074773e-04,2974186.922,2.500000e-04,7.67,11104.45
1427,4.189424e-03,3.406769e+01,4.705652e-05,6.241791e-05,2997188.352,3.813827e-03,3.363862e+01,2.089823e-05,4.819646e-05,2981195.711,2.500000e-04,7.68,11112.14
1428,4.209291e-03,3.403906e+01,4.603675e-05,6.900359e-05,2997437.678,4.147120e-03,3.384064e+01,6.172884e-05,2.915355e-05,2985939.352,2.500000e-04,8.28,11120.41
1429,4.304713e-03,3.406746e+01,4.890975e-05,8.177400e-05,2997447.215,3.963917e-03,3.394300e+01,4.570298e-05,2.251743e-05,2989604.516,2.500000e-04,7.78,11128.20
1430,4.223652e-03,3.408360e+01,4.551066e-05,7.203711e-05,2997195.227,3.986884e-03,3.454783e+01,3.644686e-05,3.352637e-05,3011746.055,2.500000e-04,7.33,11135.53
1431,4.086081e-03,3.411162e+01,4.075084e-05,5.348206e-05,2997908.105,4.497530e-03,3.373500e+01,8.488146e-05,5.504309e-05,2986245.047,2.500000e-04,7.42,11142.95
1432,4.016224e-03,3.408143e+01,3.845575e-05,4.470480e-05,2997582.617,3.965486e-03,3.392448e+01,2.480122e-05,6.500522e-05,2984813.414,2.500000e-04,7.75,11150.70
1433,4.159745e-03,3.404078e+01,4.341417e-05,6.430496e-05,2997202.580,3.976802e-03,3.457412e+01,3.717568e-05,2.952673e-05,3013553.570,2.500000e-04,8.05,11158.75
1434,4.202207e-03,3.406831e+01,4.765875e-05,6.375773e-05,2997701.539,3.908099e-03,3.364584e+01,2.174032e-05,6.522232e-05,2977318.984,2.500000e-04,7.86,11166.61
1435,4.132657e-03,3.405644e+01,4.364815e-05,5.810632e-05,2997647.697,4.071769e-03,3.358225e+01,2.868137e-05,8.534613e-05,2973987.445,2.500000e-04,7.24,11173.85
1436,4.299877e-03,3.403351e+01,4.911332e-05,8.107861e-05,2997155.422,4.414657e-03,3.401950e+01,5.716310e-05,8.821522e-05,3010421.133,2.500000e-04,8.79,11182.64
1437,4.207441e-03,3.408069e+01,4.939243e-05,6.108954e-05,2997663.637,3.722937e-03,3.412793e+01,2.672342e-05,8.581848e-06,2995292.695,2.500000e-04,8.02,11190.67
1438,4.145271e-03,3.406949e+01,4.168195e-05,6.430046e-05,2997942.529,4.966100e-03,3.309448e+01,5.457010e-05,2.221902e-04,2958099.633,2.500000e-04,8.24,11198.92
1439,4.240607e-03,3.405238e+01,4.673053e-05,7.361282e-05,2997212.943,3.964552e-03,3.369731e+01,3.493642e-05,4.909152e-05,2984391.625,2.500000e-04,7.14,11206.06
1440,4.183476e-03,3.404969e+01,4.518933e-05,6.532272e-05,2997077.430,4.356837e-03,3.491974e+01,4.763024e-05,7.771216e-05,3015503.297,2.500000e-04,7.68,11213.74
1441,4.234958e-03,3.404328e+01,4.417811e-05,7.776972e-05,2997671.783,3.753225e-03,3.420162e+01,2.811842e-05,1.037576e-05,2999332.180,2.500000e-04,7.73,11221.47
1442,4.237627e-03,3.406024e+01,4.740868e-05,7.150338e-05,2997804.377,4.580886e-03,3.376956e+01,9.928596e-05,4.221407e-05,2983022.375,2.500000e-04,9.33,11230.80
1443,4.221566e-03,3.405364e+01,5.136450e-05,6.051152e-05,2997185.293,4.134486e-03,3.373989e+01,2.553557e-05,1.010283e-04,2973155.234,2.500000e-04,8.69,11239.49
1444,4.290631e-03,3.403320e+01,5.584941e-05,6.576348e-05,2996954.082,4.677268e-03,3.492493e+01,7.646592e-05,8.402313e-05,3022233.914,2.500000e-04,8.05,11247.54
1445,4.089877e-03,3.406078e+01,3.622404e-05,6.431189e-05,2998100.613,4.112496e-03,3.364319e+01,2.768395e-05,9.426759e-05,2973720.156,2.500000e-04,7.24,11254.78
1446,4.275773e-03,3.403326e+01,4.660754e-05,8.127429e-05,2997148.176,3.826589e-03,3.406334e+01,2.424399e-05,3.556309e-05,2993624.414,2.500000e-04,7.70,11262.48
1447,4.084215e-03,3.408356e+01,4.051019e-05,5.415158e-05,2997711.811,3.763013e-03,3.425139e+01,2.808821e-05,1.139839e-05,3005543.102,2.500000e-04,8.01,11270.49
1448,4.133296e-03,3.403599e+01,4.739399e-05,5.115151e-05,2997613.445,4.432292e-03,3.385440e+01,4.650139e-05,1.163677e-04,2977351.094,2.500000e-04,9.59,11280.08
1449,4.183995e-03,3.407700e+01,4.547247e-05,6.431413e-05,2997712.771,4.840353e-03,3.339907e+01,6.705991e-05,1.659694e-04,2965936.883,2.500000e-04,7.77,11287.85
1450,4.314392e-03,3.403786e+01,5.045516e-05,8.121099e-05,2996951.342,4.029389e-03,3.381282e+01,3.025594e-05,6.910962e-05,3000969.656,2.500000e-04,8.77,11296.63
1451,4.151352e-03,3.404344e+01,4.471937e-05,5.996290e-05,2997672.840,3.854400e-03,3.419392e+01,2.813803e-05,3.072550e-05,3005857.203,2.500000e-04,7.92,11304.54
1452,4.213417e-03,3.403498e+01,5.201918e-05,5.794560e-05,2997627.842,4.242201e-03,3.458505e+01,4.671064e-05,6.331794e-05,3003247.922,2.500000e-04,9.34,11313.89
1453,4.267961e-03,3.401658e+01,4.863077e-05,7.599905e-05,2997260.305,3.878902e-03,3.428378e+01,3.538860e-05,1.932755e-05,3007179.125,2.500000e-04,9.00,11322.90
1454,4.050240e-03,3.407140e+01,3.922440e-05,5.017112e-05,2997617.502,3.930289e-03,3.450366e+01,2.899552e-05,3.799349e-05,3010877.211,2.500000e-04,8.48,11331.38
1455,4.183932e-03,3.404591e+01,5.411259e-05,4.764299e-05,2997509.143,4.277170e-03,3.461874e+01,4.529491e-05,7.246924e-05,3023977.148,2.500000e-04,8.02,11339.40
1456,4.214308e-03,3.404140e+01,4.752379e-05,6.698600e-05,2997549.943,5.157009e-03,3.482854e+01,7.502665e-05,1.847776e-04,3038409.766,2.500000e-04,7.90,11347.30
1457,4.138252e-03,3.401472e+01,4.333428e-05,6.068757e-05,2997732.064,4.451712e-03,3.348497e+01,3.064883e-05,1.593453e-04,2963986.000,2.500000e-04,8.64,11355.94
1458,4.250803e-03,3.407174e+01,4.751564e-05,7.369451e-05,2997372.211,4.085945e-03,3.441786e+01,4.265951e-05,4.351289e-05,3015116.156,2.500000e-04,8.48,11364.42
1459,4.285888e-03,3.404038e+01,4.875096e-05,7.886807e-05,2997576.572,3.958311e-03,3.397372e+01,3.952317e-05,3.314149e-05,2987961.109,2.500000e-04,8.48,11372.90
1460,4.257389e-03,3.402558e+01,5.167735e-05,6.761158e-05,2997312.828,3.954428e-03,3.451023e+01,3.883430e-05,2.301239e-05,3011228.297,2.500000e-04,8.21,11381.12
1461,4.297826e-03,3.404292e+01,5.493557e-05,6.883576e-05,2997572.254,3.747856e-03,3.401439e+01,2.145032e-05,2.638267e-05,2995867.430,2.500000e-04,8.20,11389.33
1462,4.234859e-03,3.404229e+01,4.830501e-05,6.951616e-05,2997860.213,4.521254e-03,3.324710e+01,4.333516e-05,1.526384e-04,2964034.281,2.500000e-04,8.59,11397.92
1463,4.173878e-03,3.403038e+01,4.753332e-05,5.910143e-05,2997193.033,3.940049e-03,3.388390e+01,4.228622e-05,2.575935e-05,2990924.164,2.500000e-04,8.54,11406.54
1464,4.089239e-03,3.401869e+01,3.981690e-05,5.784027e-05,2997696.359,4.363056e-03,3.363046e+01,4.286473e-05,1.142725e-04,2973030.242,2.500000e-04,8.21,11414.75
1465,4.116933e-03,3.403718e+01,4.264120e-05,5.736062e-05,2997340.697,4.233020e-03,3.430193e+01,4.788235e-05,6.480075e-05,3018455.828,2.500000e-04,8.51,11423.26
1466,4.479829e-03,3.402820e+01,5.402775e-05,1.073462e-04,2997660.920,3.789810e-03,3.401319e+01,3.274732e-05,1.220373e-05,2995510.977,2.500000e-04,8.18,11431.43
1467,4.164232e-03,3.404985e+01,4.989849e-05,5.205239e-05,2997227.957,3.983443e-03,3.416507e+01,3.415655e-05,4.507420e-05,3003970.617,2.500000e-04,8.06,11439.50
1468,4.332284e-03,3.401533e+01,5.036946e-05,8.541128e-05,2997433.648,3.949506e-03,3.419921e+01,4.117578e-05,2.356541e-05,2998516.961,2.500000e-04,8.29,11447.78
1469,4.234359e-03,3.406775e+01,4.958875e-05,6.633931e-05,2997844.012,4.154848e-03,3.347041e+01,3.282261e-05,9.591609e-05,2973945.703,2.500000e-04,8.58,11456.37
1470,4.096461e-03,3.400102e+01,4.087124e-05,5.752930e-05,2997315.021,3.806708e-03,3.389977e+01,2.348865e-05,3.636893e-05,2991072.664,2.500000e-04,8.41,11464.77
1471,4.151900e-03,3.402135e+01,4.459190e-05,6.076925e-05,2997392.715,4.241718e-03,3.432012e+01,6.870915e-05,2.452282e-05,3004383.875,2.500000e-04,9.69,11474.47
1472,4.239509e-03,3.404251e+01,4.803198e-05,7.098773e-05,2997461.832,4.341736e-03,3.455688e+01,4.677573e-05,8.365832e-05,3020501.734,2.500000e-04,8.52,11482.98
1473,4.208322e-03,3.405234e+01,4.184875e-05,7.691999e-05,2997768.762,3.814985e-03,3.384902e+01,2.804211e-05,2.993241e-05,2991373.680,2.500000e-04,9.11,11492.09
1474,4.384658e-03,3.401486e+01,6.273253e-05,7.116927e-05,2997374.299,4.045248e-03,3.412396e+01,4.028327e-05,4.600379e-05,2993603.500,2.500000e-04,8.97,11501.08
1475,4.248437e-03,3.404730e+01,4.759887e-05,7.354366e-05,2997476.594,3.861601e-03,3.397834e+01,3.121865e-05,3.031606e-05,2988765.758,2.500000e-04,8.94,11510.02
1476,4.118721e-03,3.404134e+01,4.468928e-05,5.353892e-05,2997506.162,3.862320e-03,3.420069e+01,2.715313e-05,3.414384e-05,2991922.898,2.500000e-04,8.31,11518.34
1477,4.201463e-03,3.404441e+01,4.830843e-05,6.278762e-05,2997609.627,4.124982e-03,3.385180e+01,5.939413e-05,2.917201e-05,2991616.391,2.500000e-04,8.37,11526.71
1478,4.257312e-03,3.403523e+01,4.694964e-05,7.685843e-05,2997290.908,4.131047e-03,3.435794e+01,4.692646e-05,4.519784e-05,3013676.750,2.500000e-04,9.24,11535.95
1479,4.297904e-03,3.402676e+01,5.138572e-05,7.627410e-05,2997401.414,4.123583e-03,3.365906e+01,4.388369e-05,6.376805e-05,2983104.164,2.500000e-04,8.36,11544.32
1480,4.291178e-03,3.407829e+01,4.937377e-05,7.792222e-05,2997422.062,4.041880e-03,3.426765e+01,4.735102e-05,2.832104e-05,3010154.328,2.500000e-04,8.02,11552.34
1481,4.149986e-03,3.402645e+01,4.893307e-05,5.160225e-05,2997538.023,3.777880e-03,3.390064e+01,2.722146e-05,2.312028e-05,2990934.680,2.500000e-04,8.63,11560.97
1482,4.193632e-03,3.402115e+01,4.610337e-05,6.609670e-05,2997786.168,4.141982e-03,3.371355e+01,4.639295e-05,6.133971e-05,2978705.938,2.500000e-04,9.75,11570.73
1483,4.124868e-03,3.402459e+01,4.295576e-05,5.857020e-05,2997374.787,3.838606e-03,3.416342e+01,3.225790e-05,1.993702e-05,3005378.602,2.500000e-04,7.82,11578.55
1484,4.307350e-03,3.404746e+01,4.779709e-05,8.492659e-05,2997465.000,4.205644e-03,3.342198e+01,3.025078e-05,1.121878e-04,2970619.719,2.500000e-04,8.66,11587.21
1485,4.230847e-03,3.403748e+01,5.178263e-05,6.185452e-05,2997656.729,4.788326e-03,3.358499e+01,1.119361e-04,6.209337e-05,2984154.492,2.500000e-04,7.79,11595.00
1486,4.169200e-03,3.403447e+01,4.519966e-05,6.275118e-05,2997333.455,4.101008e-03,3.452743e+01,4.800638e-05,3.364028e-05,3006120.492,2.500000e-04,8.49,11603.49
1487,4.302202e-03,3.405568e+01,5.094430e-05,7.743834e-05,2997728.252,4.519813e-03,3.450897e+01,4.701361e-05,1.197560e-04,3007113.273,2.500000e-04,8.64,11612.14
1488,4.165814e-03,3.401431e+01,4.501355e-05,6.284935e-05,2997135.514,3.836774e-03,3.415728e+01,3.151401e-05,2.118136e-05,3004720.516,2.500000e-04,8.36,11620.50
1489,4.455535e-03,3.402345e+01,5.468484e-05,1.012684e-04,2997422.033,4.157559e-03,3.464600e+01,3.073042e-05,7.713108e-05,3020745.266,2.500000e-04,8.17,11628.69
1490,4.112417e-03,3.403519e+01,4.068610e-05,6.040742e-05,2997741.203,4.875027e-03,3.350030e+01,9.180128e-05,1.213969e-04,2969428.422,2.500000e-04,8.99,11637.68
1491,4.228626e-03,3.403833e+01,4.756347e-05,6.983162e-05,2997262.744,4.255904e-03,3.464637e+01,4.916062e-05,5.993222e-05,3019139.711,2.500000e-04,9.07,11646.75
1492,4.199305e-03,3.407732e+01,4.246526e-05,7.338393e-05,2997871.820,4.157018e-03,3.341673e+01,4.074926e-05,8.157039e-05,2975393.578,2.500000e-04,8.78,11655.53
1493,4.144890e-03,3.401231e+01,4.524865e-05,5.823453e-05,2997243.115,4.035397e-03,3.399388e+01,4.961727e-05,2.796744e-05,2988805.914,2.500000e-04,8.83,11664.37
1494,4.322537e-03,3.403804e+01,5.639714e-05,7.095249e-05,2997633.188,3.748841e-03,3.414775e+01,2.274703e-05,2.131905e-05,2998362.453,2.500000e-04,8.79,11673.17
1495,4.179577e-03,3.402773e+01,4.116953e-05,7.302177e-05,2997442.619,3.858166e-03,3.410737e+01,3.528546e-05,1.891487e-05,2996417.461,2.500000e-04,8.33,11681.50
1496,4.248910e-03,3.404165e+01,4.979879e-05,6.935144e-05,2997670.738,4.737401e-03,3.351427e+01,3.766600e-05,2.018629e-04,2962279.539,2.500000e-04,8.53,11690.03
1497,4.219458e-03,3.406015e+01,4.992454e-05,6.283948e-05,2997532.955,4.473271e-03,3.335592e+01,5.994984e-05,1.076362e-04,2971488.016,2.500000e-04,8.72,11698.75
1498,4.565772e-03,3.405239e+01,5.663409e-05,1.188383e-04,2996898.430,4.313943e-03,3.375370e+01,5.457002e-05,7.857447e-05,2999892.289,2.500000e-04,8.26,11707.01
1499,4.194796e-03,3.404708e+01,4.351136e-05,7.099482e-05,2997773.455,3.908636e-03,3.441432e+01,3.204543e-05,2.935005e-05,3002871.703,2.500000e-04,9.55,11716.56
1500,4.179416e-03,3.408089e+01,4.292998e-05,6.840531e-05,2997725.992,4.223619e-03,3.409122e+01,6.212642e-05,3.864654e-05,3003388.625,2.500000e-04,8.90,11725.46
1501,4.198522e-03,3.403360e+01,5.189992e-05,5.523259e-05,2997430.307,4.112773e-03,3.372022e+01,4.361010e-05,6.093003e-05,2980009.266,2.500000e-04,9.22,11734.68
1502,4.234484e-03,3.402840e+01,4.892895e-05,6.847082e-05,2997298.861,4.465705e-03,3.476615e+01,3.078924e-05,1.362395e-04,3030284.375,2.500000e-04,10.06,11744.74
1503,4.194829e-03,3.404224e+01,4.317632e-05,7.176841e-05,2997899.588,4.512450e-03,3.358263e+01,5.852231e-05,1.137928e-04,2970097.820,2.500000e-04,7.77,11752.52
1504,4.095267e-03,3.404493e+01,4.222972e-05,5.369524e-05,2997391.684,4.127428e-03,3.448982e+01,4.730569e-05,4.107777e-05,3015951.219,2.500000e-04,8.29,11760.81
1505,4.272150e-03,3.404030e+01,5.125341e-05,7.111736e-05,2997478.090,4.229345e-03,3.422951e+01,6.300137e-05,3.527606e-05,3011306.008,2.500000e-04,8.18,11769.00
1506,4.231533e-03,3.401055e+01,4.795410e-05,7.018742e-05,2997411.951,3.934888e-03,3.366445e+01,3.823046e-05,3.722775e-05,2986976.352,2.500000e-04,7.58,11776.58
1507,4.223876e-03,3.400046e+01,4.647744e-05,7.181109e-05,2997390.859,3.867496e-03,3.432721e+01,3.000230e-05,2.695041e-05,2998863.430,2.500000e-04,7.72,11784.30
1508,4.147361e-03,3.403920e+01,5.287890e-05,4.293043e-05,2997612.674,4.330949e-03,3.406916e+01,7.179827e-05,4.121017e-05,2991067.383,2.500000e-04,7.84,11792.14
1509,4.070483e-03,3.403199e+01,4.189534e-05,4.966615e-05,2997638.891,4.058508e-03,3.418993e+01,3.046366e-05,6.697572e-05,3007210.867,2.500000e-04,8.24,11800.38
1510,4.217151e-03,3.400555e+01,4.845211e-05,6.641492e-05,2997516.221,3.777311e-03,3.416726e+01,2.478003e-05,2.255694e-05,3001774.742,2.500000e-04,8.47,11808.86
1511,4.064622e-03,3.403816e+01,4.122232e-05,4.971653e-05,2997720.793,3.873407e-03,3.430908e+01,3.409517e-05,2.030951e-05,3007109.852,2.500000e-04,7.82,11816.68
1512,4.197424e-03,3.403451e+01,4.324556e-05,7.230342e-05,2997408.102,3.961488e-03,3.461236e+01,2.742428e-05,4.520185e-05,3016236.078,2.500000e-04,7.66,11824.34
1513,4.183354e-03,3.402903e+01,4.362332e-05,6.884366e-05,2997406.848,3.906839e-03,3.429908e+01,3.662054e-05,2.214503e-05,3008221.820,2.500000e-04,7.21,11831.54
1514,4.225698e-03,3.403959e+01,4.447113e-05,7.540548e-05,2997932.742,5.086103e-03,3.315486e+01,5.426232e-05,2.455988e-04,2957250.477,2.500000e-04,7.45,11839.00
1515,4.224332e-03,3.405298e+01,4.346579e-05,7.687518e-05,2997023.312,4.089103e-03,3.392395e+01,5.544960e-05,2.844249e-05,2997174.523,2.500000e-04,7.75,11846.75
1516,4.224771e-03,3.400813e+01,4.288708e-05,7.901748e-05,2997689.711,3.942820e-03,3.409458e+01,2.841236e-05,4.984776e-05,2987497.109,2.500000e-04,7.96,11854.71
1517,4.248905e-03,3.401210e+01,5.284221e-05,6.385465e-05,2997496.510,4.367896e-03,3.452071e+01,4.191078e-05,9.934345e-05,3021869.500,2.500000e-04,7.44,11862.15
1518,4.116281e-03,3.400681e+01,4.575117e-05,5.161757e-05,2997578.268,3.777360e-03,3.402221e+01,2.698490e-05,2.105796e-05,2999145.922,2.500000e-04,7.76,11869.91
1519,4.261897e-03,3.404009e+01,4.681428e-05,7.794901e-05,2997860.355,4.048598e-03,3.396223e+01,4.060938e-05,4.925619e-05,2986769.422,2.500000e-04,7.46,11877.36
1520,4.204567e-03,3.403734e+01,4.684731e-05,6.647201e-05,2997515.355,4.507429e-03,3.315954e+01,2.934923e-05,1.795967e-04,2962168.773,2.500000e-04,7.60,11884.96
1521,4.156169e-03,3.403286e+01,4.482946e-05,6.091773e-05,2997434.791,4.243314e-03,3.367616e+01,2.814007e-05,1.188596e-04,2977205.930,2.500000e-04,7.49,11892.45
1522,4.292436e-03,3.402558e+01,4.872723e-05,8.052110e-05,2997118.045,4.770018e-03,3.449825e+01,7.031849e-05,1.234017e-04,3027987.852,2.500000e-04,7.86,11900.31
1523,4.142117e-03,3.401868e+01,4.871530e-05,5.061916e-05,2997733.418,3.787603e-03,3.415815e+01,3.175592e-05,1.084564e-05,3001546.227,2.500000e-04,7.61,11907.93
1524,4.282108e-03,3.401601e+01,5.468562e-05,6.673025e-05,2997265.168,4.011670e-03,3.439788e+01,4.287989e-05,2.861664e-05,3013662.328,2.500000e-04,8.00,11915.92
1525,4.221919e-03,3.401094e+01,4.538395e-05,7.339716e-05,2997752.904,4.251668e-03,3.356637e+01,5.363020e-05,7.174588e-05,2976616.438,2.500000e-04,7.18,11923.10
1526,4.162931e-03,3.402009e+01,4.564044e-05,6.090359e-05,2997553.252,4.316989e-03,3.377336e+01,5.672121e-05,7.448808e-05,2998747.391,2.500000e-04,7.69,11930.78
1527,4.222490e-03,3.399608e+01,5.058297e-05,6.341052e-05,2997170.895,4.834908e-03,3.483279e+01,5.826934e-05,1.537871e-04,3030347.008,2.500000e-04,7.99,11938.78
1528,4.197860e-03,3.406013e+01,4.459654e-05,6.917631e-05,2998084.703,4.363216e-03,3.378254e+01,6.897046e-05,5.905167e-05,2983950.227,2.500000e-04,8.53,11947.31
1529,4.249207e-03,3.402335e+01,5.822925e-05,5.291591e-05,2997190.732,4.409577e-03,3.440634e+01,8.702078e-05,1.974691e-05,3009383.109,2.500000e-04,8.02,11955.32
1530,4.124810e-03,3.400743e+01,4.475068e-05,5.531195e-05,2997523.812,3.927875e-03,3.408769e+01,3.506429e-05,3.369264e-05,2994848.797,2.500000e-04,7.34,11962.67
1531,4.204368e-03,3.398386e+01,4.833324e-05,6.452995e-05,2997319.006,3.927025e-03,3.400139e+01,3.407397e-05,3.722930e-05,2987642.234,2.500000e-04,7.95,11970.63
1532,4.109303e-03,3.400449e+01,4.227519e-05,5.722052e-05,2998084.850,4.972461e-03,3.325695e+01,7.144088e-05,1.864714e-04,2962115.148,2.500000e-04,7.83,11978.46
1533,4.343128e-03,3.398532e+01,5.167282e-05,8.557360e-05,2997026.584,4.100481e-03,3.426142e+01,5.724939e-05,2.036891e-05,3001859.992,2.500000e-04,8.12,11986.58
1534,4.172165e-03,3.401618e+01,5.232598e-05,4.945741e-05,2997450.707,3.972696e-03,3.416123e+01,4.803203e-05,1.525061e-05,3001485.141,2.500000e-04,7.92,11994.50
1535,4.338190e-03,3.399256e+01,5.639894e-05,7.498896e-05,2997315.682,3.874225e-03,3.437476e+01,2.763617e-05,3.207748e-05,3010611.742,2.500000e-04,7.46,12001.95
1536,4.244041e-03,3.401805e+01,4.258154e-05,8.328421e-05,2997633.242,3.942691e-03,3.438632e+01,3.419767e-05,3.241637e-05,3004114.742,2.500000e-04,7.70,12009.65
1537,4.185489e-03,3.403029e+01,4.607213e-05,6.434767e-05,2997401.141,3.841425e-03,3.417533e+01,2.288771e-05,3.900303e-05,3012542.820,2.500000e-04,8.74,12018.39
1538,4.131753e-03,3.400031e+01,4.733196e-05,5.168066e-05,2997741.355,4.176471e-03,3.354468e+01,3.830807e-05,8.778432e-05,2974090.805,2.500000e-04,8.47,12026.86
1539,4.213576e-03,3.402774e+01,4.298806e-05,7.618439e-05,2997419.914,3.733113e-03,3.415665e+01,2.204301e-05,1.940357e-05,3005391.234,2.500000e-04,8.65,12035.52
1540,4.087447e-03,3.401874e+01,4.212760e-05,5.285952e-05,2997601.973,4.648014e-03,3.417603e+01,1.093575e-04,2.736709e-05,3001714.312,2.500000e-04,8.29,12043.80
1541,4.278114e-03,3.403586e+01,5.396747e-05,6.697074e-05,2997413.545,3.895316e-03,3.370486e+01,3.395347e-05,3.705920e-05,2989133.609,2.500000e-04,7.55,12051.35
1542,4.241171e-03,3.405272e+01,4.365090e-05,7.987794e-05,2997282.588,4.151792e-03,3.474158e+01,3.111876e-05,7.328920e-05,3022886.641,2.500000e-04,7.66,12059.02
1543,4.251651e-03,3.405350e+01,5.147323e-05,6.631390e-05,2997699.090,3.756876e-03,3.425798e+01,2.273205e-05,2.075153e-05,3007141.711,2.500000e-04,8.56,12067.58
1544,4.423310e-03,3.400714e+01,5.232131e-05,9.987661e-05,2997702.193,4.186956e-03,3.352444e+01,4.884324e-05,6.921590e-05,2980902.805,2.500000e-04,8.99,12076.58
1545,4.284184e-03,3.405361e+01,4.769601e-05,8.037254e-05,2997523.615,4.052864e-03,3.400832e+01,5.554045e-05,1.932552e-05,2994570.156,2.500000e-04,7.55,12084.13
1546,4.052578e-03,3.405607e+01,4.117976e-05,4.703465e-05,2997390.975,4.354889e-03,3.451301e+01,7.396819e-05,3.278132e-05,3009120.328,2.500000e-04,7.79,12091.94
1547,4.152565e-03,3.403505e+01,4.737691e-05,5.505814e-05,2997696.666,3.878129e-03,3.419338e+01,4.007783e-05,1.160265e-05,3002253.055,2.500000e-04,8.48,12100.43
1548,4.123648e-03,3.401248e+01,4.267454e-05,5.913087e-05,2997112.271,4.356960e-03,3.457523e+01,4.735318e-05,8.518102e-05,3022717.438,2.500000e-04,7.36,12107.78
1549,4.102376e-03,3.402627e+01,4.237995e-05,5.519004e-05,2997872.459,4.010290e-03,3.462848e+01,2.715953e-05,5.516935e-05,3020215.086,2.500000e-04,7.97,12115.75
1550,4.258721e-03,3.400186e+01,5.651184e-05,5.868335e-05,2997368.383,4.170031e-03,3.458939e+01,2.516704e-05,9.188440e-05,3024764.672,2.500000e-04,7.16,12122.91
1551,4.274151e-03,3.401013e+01,4.523988e-05,8.414789e-05,2997465.162,4.326394e-03,3.483199e+01,4.561375e-05,7.741138e-05,3019799.477,2.500000e-04,7.73,12130.65
1552,4.205366e-03,3.405099e+01,5.021112e-05,5.963121e-05,2997646.041,4.013906e-03,3.446904e+01,3.762746e-05,3.814564e-05,3001172.102,2.500000e-04,7.83,12138.48
1553,4.213761e-03,3.404129e+01,4.592031e-05,7.008587e-05,2997447.480,3.948659e-03,3.382249e+01,2.819926e-05,5.688345e-05,2981915.977,2.500000e-04,8.35,12146.83
1554,4.231329e-03,3.402783e+01,4.487021e-05,7.596879e-05,2997599.322,4.414981e-03,3.418964e+01,6.031428e-05,7.857496e-05,3007685.852,2.500000e-04,7.40,12154.23
1555,4.159789e-03,3.399163e+01,4.550702e-05,6.111128e-05,2997336.793,4.083932e-03,3.422239e+01,5.732984e-05,1.767909e-05,3001766.492,2.500000e-04,7.45,12161.68
1556,4.076403e-03,3.401328e+01,3.947327e-05,5.606859e-05,2997718.344,4.332536e-03,3.390306e+01,8.468201e-05,1.908201e-05,2990977.844,2.500000e-04,7.93,12169.61
1557,4.132969e-03,3.401958e+01,4.393037e-05,5.834130e-05,2997259.479,4.556766e-03,3.427535e+01,8.390986e-05,5.802649e-05,3003853.055,2.500000e-04,7.88,12177.49
1558,4.241182e-03,3.398484e+01,5.535589e-05,5.782782e-05,2997646.436,3.893958e-03,3.383249e+01,2.783029e-05,4.648116e-05,2999857.672,2.500000e-04,8.92,12186.41
1559,4.124283e-03,3.400762e+01,4.185909e-05,6.098612e-05,2997481.723,3.860546e-03,3.432564e+01,2.495309e-05,3.569027e-05,3014513.633,2.500000e-04,7.97,12194.38
1560,4.313315e-03,3.401434e+01,4.956007e-05,8.325603e-05,2997546.197,4.636788e-03,3.348707e+01,4.371131e-05,1.701936e-04,2977373.961,2.500000e-04,7.04,12201.45
1561,4.127762e-03,3.399721e+01,4.160759e-05,6.239314e-05,2997506.984,4.093741e-03,3.455367e+01,3.354540e-05,6.058414e-05,3020776.781,2.500000e-04,8.01,12209.46
1562,4.159546e-03,3.403237e+01,4.436258e-05,6.253669e-05,2997726.193,4.403314e-03,3.372476e+01,4.584693e-05,1.144737e-04,2977548.156,2.500000e-04,8.47,12217.93
1563,4.315544e-03,3.401165e+01,5.362148e-05,7.563279e-05,2996759.051,5.997649e-03,3.520228e+01,8.042605e-05,3.346323e-04,3053030.727,2.500000e-04,8.60,12226.53
1564,4.225960e-03,3.404850e+01,4.496272e-05,7.429649e-05,2998139.500,4.502047e-03,3.469172e+01,5.687381e-05,9.282739e-05,3016756.586,2.500000e-04,8.84,12235.37
1565,4.127086e-03,3.402497e+01,4.176169e-05,6.139434e-05,2997397.336,3.925236e-03,3.426270e+01,4.170559e-05,1.638195e-05,2999932.977,2.500000e-04,8.07,12243.45
1566,4.347274e-03,3.403850e+01,5.373978e-05,8.120514e-05,2997515.463,3.931364e-03,3.420540e+01,3.615024e-05,2.986440e-05,3011500.406,2.500000e-04,7.79,12251.24
1567,4.043126e-03,3.400830e+01,4.438830e-05,3.968263e-05,2997372.818,3.858340e-03,3.416999e+01,3.727722e-05,1.371382e-05,3001004.602,2.500000e-04,8.02,12259.25
1568,4.189604e-03,3.400107e+01,4.760793e-05,6.268341e-05,2997846.887,4.607520e-03,3.401691e+01,4.182233e-05,1.575212e-04,2977460.070,2.500000e-04,8.67,12267.92
1569,4.072942e-03,3.402216e+01,3.951828e-05,5.510865e-05,2997439.262,4.557270e-03,3.462033e+01,2.705649e-05,1.649344e-04,3032254.867,2.500000e-04,8.19,12276.12
1570,4.271939e-03,3.399393e+01,4.990602e-05,7.469717e-05,2997456.785,3.775268e-03,3.429550e+01,2.434883e-05,2.044598e-05,3007942.633,2.500000e-04,7.05,12283.17
1571,4.099807e-03,3.400331e+01,4.430983e-05,5.127562e-05,2997444.234,4.043721e-03,3.411814e+01,4.355816e-05,3.926504e-05,3000894.234,2.500000e-04,7.49,12290.67
1572,4.355397e-03,3.399904e+01,5.058752e-05,8.992355e-05,2997573.445,4.419339e-03,3.353187e+01,2.420084e-05,1.648287e-04,2965667.367,2.500000e-04,7.91,12298.58
1573,4.285217e-03,3.398412e+01,5.208231e-05,7.319644e-05,2997434.939,3.844103e-03,3.386656e+01,3.259606e-05,2.629730e-05,2987986.016,2.500000e-04,8.15,12306.73
1574,4.369336e-03,3.402319e+01,5.766413e-05,7.807528e-05,2997332.422,4.120886e-03,3.429349e+01,5.272432e-05,3.285882e-05,3002731.547,2.500000e-04,8.14,12314.87
1575,4.118113e-03,3.400049e+01,4.427547e-05,5.506184e-05,2997371.441,4.958589e-03,3.491172e+01,2.857943e-05,2.363246e-04,3042930.906,2.500000e-04,7.34,12322.24
1576,4.116120e-03,3.400299e+01,3.701016e-05,6.914382e-05,2997850.402,3.741763e-03,3.386828e+01,2.685090e-05,1.728521e-05,2992867.648,2.500000e-04,7.45,12329.68
1577,4.099406e-03,3.398697e+01,3.985966e-05,6.042257e-05,2997379.855,3.730674e-03,3.437180e+01,2.158918e-05,1.552044e-05,3008528.539,2.500000e-04,7.76,12337.45
1578,4.332186e-03,3.403807e+01,4.822836e-05,8.921928e-05,2997380.014,4.056963e-03,3.440221e+01,4.957597e-05,2.419646e-05,3011409.703,2.500000e-04,7.88,12345.33
1579,4.320997e-03,3.401748e+01,5.662210e-05,7.060552e-05,2997326.807,4.210995e-03,3.399054e+01,5.601181e-05,5.036457e-05,2992269.430,2.500000e-04,7.48,12352.81
1580,4.301796e-03,3.401975e+01,4.904767e-05,8.186883e-05,2997601.674,4.916857e-03,3.350379e+01,1.065528e-04,1.001900e-04,2985942.789,2.500000e-04,7.22,12360.04
1581,4.235689e-03,3.403260e+01,5.163026e-05,6.322530e-05,2997730.250,3.938727e-03,3.434360e+01,2.677152e-05,4.733056e-05,3016933.328,2.500000e-04,7.61,12367.65
1582,4.274935e-03,3.398985e+01,4.729012e-05,8.060973e-05,2997445.164,4.739581e-03,3.321963e+01,3.785169e-05,2.078201e-04,2958162.227,2.500000e-04,8.52,12376.16
1583,4.156059e-03,3.400072e+01,4.294663e-05,6.530418e-05,2997491.211,4.039945e-03,3.375542e+01,3.474102e-05,6.339859e-05,2980953.234,2.500000e-04,8.01,12384.18
1584,4.040543e-03,3.401529e+01,3.886973e-05,5.006346e-05,2997656.809,4.212229e-03,3.363378e+01,5.698562e-05,5.579897e-05,2982093.617,2.500000e-04,7.55,12391.73
1585,4.394606e-03,3.398752e+01,4.942302e-05,1.003247e-04,2997258.725,4.496280e-03,3.464545e+01,6.610097e-05,7.414507e-05,3022706.758,2.500000e-04,7.57,12399.30
1586,4.347211e-03,3.404422e+01,5.422996e-05,8.009786e-05,2997488.766,4.095100e-03,3.449183e+01,4.894637e-05,3.129065e-05,3013280.070,2.500000e-04,8.06,12407.36
1587,4.292054e-03,3.403895e+01,5.225930e-05,7.311327e-05,2997607.129,3.764914e-03,3.392917e+01,2.546056e-05,2.347821e-05,2993479.430,2.500000e-04,8.14,12415.50
1588,4.326633e-03,3.403221e+01,5.101850e-05,8.264531e-05,2997497.367,3.893077e-03,3.385048e+01,4.068244e-05,2.024083e-05,2994508.719,2.500000e-04,8.14,12423.63
1589,4.452744e-03,3.406559e+01,5.623699e-05,9.676294e-05,2997374.248,4.035211e-03,3.457630e+01,2.690883e-05,6.169864e-05,3021020.477,2.500000e-04,7.41,12431.04
1590,4.066802e-03,3.401972e+01,4.082364e-05,5.131879e-05,2997382.459,3.890437e-03,3.432592e+01,3.718324e-05,1.720245e-05,3006746.891,2.500000e-04,7.33,12438.37
1591,4.185193e-03,3.400912e+01,5.181338e-05,5.322958e-05,2997718.168,4.452977e-03,3.465413e+01,5.501383e-05,8.748514e-05,3001949.875,2.500000e-04,7.62,12445.99
1592,4.177081e-03,3.404641e+01,4.508503e-05,6.431811e-05,2997400.980,4.192717e-03,3.405529e+01,6.772441e-05,2.198871e-05,2992519.109,2.500000e-04,8.18,12454.17
1593,4.196121e-03,3.403205e+01,4.389586e-05,7.079168e-05,2997656.656,3.721473e-03,3.425543e+01,2.265808e-05,1.386985e-05,2999789.773,2.500000e-04,9.27,12463.43
1594,4.302261e-03,3.401577e+01,5.029202e-05,7.955274e-05,2997300.742,4.158253e-03,3.401820e+01,5.430749e-05,4.267160e-05,2989397.281,2.500000e-04,7.58,12471.02
1595,4.180112e-03,3.399779e+01,4.326980e-05,6.952685e-05,2997505.449,4.788824e-03,3.466447e+01,1.042732e-04,5.592912e-05,3014913.492,2.500000e-04,8.36,12479.38
1596,4.210070e-03,3.405107e+01,4.129763e-05,7.839734e-05,2997678.695,3.846429e-03,3.407228e+01,2.461999e-05,3.860026e-05,3001267.023,2.500000e-04,7.41,12486.79
1597,4.367915e-03,3.407017e+01,5.529276e-05,8.159410e-05,2998224.182,6.312391e-03,3.320082e+01,5.196066e-05,4.945405e-04,2943501.133,2.500000e-04,7.58,12494.37
1598,4.483339e-03,3.404568e+01,5.980714e-05,9.613997e-05,2997180.234,4.375040e-03,3.451050e+01,6.799097e-05,4.881596e-05,3010838.758,2.500000e-04,8.56,12502.93
1599,4.154360e-03,3.403397e+01,4.635954e-05,5.747348e-05,2997129.955,3.978324e-03,3.419211e+01,2.942541e-05,5.297180e-05,3001416.602,2.500000e-04,8.20,12511.13
1600,4.164719e-03,3.406145e+01,4.543181e-05,6.085124e-05,2997919.225,4.046954e-03,3.383922e+01,5.101372e-05,3.057916e-05,2989510.977,2.500000e-04,7.73,12518.87
1601,4.237947e-03,3.403240e+01,4.841996e-05,7.010146e-05,2997334.527,4.351757e-03,3.441212e+01,6.673979e-05,4.862941e-05,3015831.406,2.500000e-04,7.27,12526.14
1602,4.253590e-03,3.404611e+01,5.560508e-05,5.858573e-05,2997465.586,3.956766e-03,3.446228e+01,3.514004e-05,3.182752e-05,3014248.992,2.500000e-04,7.64,12533.77
1603,4.101420e-03,3.402913e+01,4.332159e-05,5.305820e-05,2997708.621,4.086479e-03,3.387709e+01,5.745908e-05,2.483595e-05,2987664.898,2.500000e-04,8.07,12541.84
1604,4.248847e-03,3.401879e+01,5.174693e-05,6.589980e-05,2997214.389,3.922442e-03,3.424410e+01,3.486125e-05,2.988405e-05,3009005.570,2.500000e-04,8.09,12549.94
1605,4.121312e-03,3.400549e+01,4.732101e-05,4.951055e-05,2997394.004,4.508090e-03,3.409772e+01,8.125426e-05,5.715522e-05,3008867.273,2.500000e-04,7.94,12557.89
1606,4.318619e-03,3.402475e+01,4.937787e-05,8.447314e-05,2997739.312,3.864649e-03,3.398531e+01,3.896658e-05,1.529046e-05,2994928.938,2.500000e-04,7.45,12565.34
1607,4.145247e-03,3.403937e+01,4.064163e-05,6.697879e-05,2997538.609,3.777856e-03,3.396687e+01,2.528337e-05,2.566698e-05,2988843.148,2.500000e-04,8.37,12573.71
1608,4.275403e-03,3.404722e+01,5.199190e-05,7.015252e-05,2997233.857,3.768560e-03,3.422614e+01,2.509361e-05,1.900207e-05,3008795.320,2.500000e-04,8.35,12582.06
1609,4.220052e-03,3.399804e+01,5.352552e-05,5.699848e-05,2997530.543,3.982578e-03,3.418939e+01,4.549781e-05,2.173219e-05,2996295.914,2.500000e-04,8.00,12590.06
1610,4.122611e-03,3.403405e+01,4.225199e-05,5.933729e-05,2997911.152,3.953828e-03,3.348822e+01,2.280080e-05,7.539970e-05,2984560.219,2.500000e-04,7.50,12597.56
1611,4.134838e-03,3.397768e+01,4.136991e-05,6.467420e-05,2997373.133,4.443436e-03,3.409698e+01,6.726225e-05,7.222306e-05,2984717.695,2.500000e-04,7.39,12604.96
1612,4.094632e-03,3.395864e+01,3.835317e-05,6.304722e-05,2997555.918,5.167061e-03,3.373694e+01,4.559864e-05,2.674762e-04,2961614.656,2.500000e-04,7.66,12612.62
1613,4.434685e-03,3.403966e+01,4.994358e-05,1.062566e-04,2997301.957,4.019704e-03,3.423656e+01,3.880224e-05,4.160509e-05,3003986.289,2.500000e-04,8.04,12620.66
1614,4.318581e-03,3.400735e+01,5.112521e-05,8.131872e-05,2997683.359,4.010068e-03,3.373340e+01,3.590750e-05,5.553062e-05,2984624.898,2.500000e-04,7.97,12628.63
1615,4.188487e-03,3.401512e+01,4.237588e-05,7.264339e-05,2997589.096,4.279945e-03,3.406751e+01,4.064689e-05,9.334507e-05,3014899.680,2.500000e-04,7.94,12636.57
1616,4.303563e-03,3.402266e+01,5.068437e-05,7.889071e-05,2997168.926,4.219526e-03,3.369840e+01,4.523178e-05,7.947371e-05,2978368.336,2.500000e-04,7.71,12644.29
1617,4.136194e-03,3.397648e+01,4.463138e-05,5.844654e-05,2997366.203,3.945937e-03,3.416422e+01,3.241105e-05,4.108083e-05,3011234.016,2.500000e-04,7.24,12651.52
1618,4.087197e-03,3.399869e+01,4.186892e-05,5.372783e-05,2997760.443,3.935531e-03,3.443485e+01,3.046851e-05,3.747227e-05,3011201.656,2.500000e-04,7.86,12659.38
1619,4.226183e-03,3.399041e+01,4.752588e-05,7.037657e-05,2997374.568,4.392128e-03,3.410430e+01,5.248252e-05,9.137464e-05,3016489.023,2.500000e-04,7.85,12667.22
1620,4.165820e-03,3.399952e+01,4.511476e-05,6.294408e-05,2997642.605,3.807171e-03,3.403299e+01,2.981146e-05,2.115156e-05,3003160.062,2.500000e-04,7.29,12674.51
1621,4.120628e-03,3.398720e+01,3.811664e-05,6.814838e-05,2997566.555,3.829787e-03,3.422734e+01,2.989824e-05,2.161408e-05,3001819.695,2.500000e-04,7.51,12682.03
1622,4.284605e-03,3.400795e+01,4.508953e-05,8.658310e-05,2997638.283,4.010592e-03,3.386829e+01,5.022102e-05,2.431049e-05,2998492.695,2.500000e-04,7.74,12689.76
1623,4.191663e-03,3.398258e+01,4.295337e-05,7.277416e-05,2997457.551,4.024093e-03,3.433628e+01,3.347970e-05,5.113353e-05,2998195.406,2.500000e-04,8.05,12697.82
1624,4.143417e-03,3.401159e+01,4.626236e-05,5.592698e-05,2997665.031,3.922726e-03,3.387742e+01,3.125526e-05,4.448637e-05,2985174.969,2.500000e-04,8.13,12705.94
1625,4.063670e-03,3.398158e+01,3.874699e-05,5.560840e-05,2997655.137,5.703356e-03,3.438171e+01,1.964289e-04,6.017917e-05,3015604.312,2.500000e-04,7.48,12713.42
1626,4.129334e-03,3.397066e+01,4.107346e-05,6.430660e-05,2997517.203,3.721253e-03,3.415415e+01,2.368563e-05,1.379637e-05,3003117.727,2.500000e-04,7.32,12720.75
1627,4.187683e-03,3.400954e+01,4.272633e-05,7.189311e-05,2997422.094,4.028178e-03,3.380650e+01,3.738571e-05,5.473423e-05,2987624.305,2.500000e-04,7.37,12728.12
1628,4.228030e-03,3.399305e+01,5.046564e-05,6.481363e-05,2997483.344,4.105359e-03,3.351317e+01,3.006774e-05,9.067289e-05,2976668.156,2.500000e-04,8.08,12736.20
1629,4.331040e-03,3.397701e+01,5.387504e-05,7.891765e-05,2997623.119,4.162772e-03,3.346855e+01,2.823558e-05,1.067124e-04,2970829.617,2.500000e-04,7.30,12743.52
1630,4.119396e-03,3.399771e+01,4.415676e-05,5.561141e-05,2997807.059,5.226573e-03,3.319715e+01,3.801192e-05,3.053478e-04,2950753.453,2.500000e-04,7.37,12750.88
1631,4.254357e-03,3.400067e+01,4.436571e-05,8.212672e-05,2997340.562,4.225077e-03,3.359612e+01,3.659363e-05,9.990569e-05,2984221.617,2.500000e-04,8.14,12759.03
1632,4.197191e-03,3.399053e+01,4.111775e-05,7.739208e-05,2997019.777,4.278066e-03,3.427462e+01,5.629788e-05,5.752504e-05,3011754.766,2.500000e-04,8.50,12767.53
1633,4.054551e-03,3.399991e+01,3.740726e-05,5.609750e-05,2997840.863,3.859031e-03,3.375434e+01,2.966321e-05,3.739295e-05,2989762.711,2.500000e-04,7.67,12775.20
1634,4.174564e-03,3.398936e+01,4.301474e-05,6.909622e-05,2997261.861,4.196465e-03,3.462905e+01,4.294854e-05,6.081501e-05,3014298.992,2.500000e-04,7.55,12782.75
1635,4.202656e-03,3.403014e+01,4.010739e-05,7.971371e-05,2998193.094,3.989832e-03,3.366186e+01,4.027658e-05,4.417617e-05,2990457.008,2.500000e-04,6.99,12789.74
1636,4.129727e-03,3.398437e+01,4.608888e-05,5.408030e-05,2997220.572,3.920250e-03,3.417706e+01,3.870054e-05,2.310760e-05,2999772.984,2.500000e-04,7.18,12796.92
1637,4.121402e-03,3.396386e+01,4.401446e-05,5.697418e-05,2997409.961,4.493448e-03,3.487276e+01,4.370825e-05,1.138179e-04,3030330.906,2.500000e-04,7.97,12804.89
1638,4.124770e-03,3.401801e+01,4.409914e-05,5.639557e-05,2997656.824,3.878748e-03,3.435246e+01,2.923009e-05,3.024026e-05,3012204.102,2.500000e-04,7.71,12812.60
1639,4.195180e-03,3.400432e+01,4.513699e-05,6.867560e-05,2997622.180,3.697288e-03,3.428369e+01,2.055856e-05,1.266683e-05,3008554.539,2.500000e-04,7.34,12819.95
1640,4.169236e-03,3.400411e+01,4.292141e-05,6.792213e-05,2997348.707,4.356347e-03,3.436969e+01,3.698100e-05,1.099135e-04,3014948.484,2.500000e-04,7.50,12827.45
1641,4.194374e-03,3.401058e+01,4.956521e-05,5.953279e-05,2997827.617,4.058846e-03,3.373648e+01,5.284432e-05,3.135108e-05,2996678.234,2.500000e-04,8.17,12835.62
1642,4.239750e-03,3.401929e+01,4.464989e-05,7.826442e-05,2997586.361,3.801480e-03,3.413178e+01,1.943155e-05,3.879741e-05,3005588.734,2.500000e-04,8.17,12843.79
1643,4.300469e-03,3.396541e+01,4.914258e-05,8.250053e-05,2997429.297,4.985132e-03,3.342077e+01,4.665434e-05,2.353023e-04,2957853.219,2.500000e-04,7.78,12851.57
1644,4.130575e-03,3.402151e+01,4.777147e-05,5.014192e-05,2997462.561,3.854825e-03,3.421011e+01,2.965512e-05,2.745256e-05,2994976.641,2.500000e-04,7.49,12859.07
1645,4.162112e-03,3.401073e+01,4.255634e-05,6.709521e-05,2997170.668,3.951466e-03,3.442958e+01,2.780062e-05,4.610032e-05,3014065.789,2.500000e-04,7.60,12866.67
1646,4.138486e-03,3.403195e+01,4.342228e-05,6.021359e-05,2997987.512,3.921581e-03,3.377192e+01,3.074705e-05,4.738376e-05,2984357.773,2.500000e-04,8.02,12874.69
1647,4.088333e-03,3.399602e+01,4.101021e-05,5.572574e-05,2997447.018,4.035899e-03,3.416851e+01,3.764396e-05,4.852174e-05,3003412.781,2.500000e-04,8.35,12883.04
1648,4.026906e-03,3.398658e+01,3.764472e-05,5.036016e-05,2997561.291,4.319262e-03,3.470421e+01,4.917558e-05,7.141705e-05,3021021.312,2.500000e-04,8.33,12891.37
1649,4.296659e-03,3.398070e+01,5.099900e-05,7.771972e-05,2997553.209,3.845526e-03,3.413933e+01,3.240454e-05,2.150954e-05,2999753.438,2.500000e-04,7.54,12898.91
1650,4.327942e-03,3.400977e+01,4.906436e-05,8.726432e-05,2997302.705,4.116914e-03,3.446369e+01,4.965763e-05,3.479368e-05,3015164.547,2.500000e-04,7.80,12906.72
1651,4.242324e-03,3.401376e+01,5.105328e-05,6.608312e-05,2997668.996,4.322813e-03,3.388776e+01,5.955160e-05,6.770427e-05,2986994.094,2.500000e-04,7.84,12914.56
1652,4.132188e-03,3.400306e+01,4.141293e-05,6.355044e-05,2997348.963,3.703846e-03,3.401541e+01,2.216566e-05,1.612956e-05,2997919.961,2.500000e-04,8.17,12922.73
1653,4.270721e-03,3.402316e+01,4.608228e-05,8.151648e-05,2997463.215,3.828693e-03,3.407173e+01,2.837469e-05,2.755445e-05,2993667.320,2.500000e-04,6.77,12929.51
1654,4.142516e-03,3.400745e+01,4.382180e-05,6.071062e-05,2997730.480,4.047577e-03,3.352870e+01,2.673303e-05,8.547533e-05,2974501.562,2.500000e-04,7.53,12937.04
1655,4.141840e-03,3.401081e+01,4.455325e-05,5.904533e-05,2997492.805,3.809716e-03,3.377400e+01,2.325147e-05,3.996032e-05,2984521.281,2.500000e-04,7.70,12944.76
1656,4.030682e-03,3.397711e+01,3.874443e-05,4.910540e-05,2997671.900,4.102132e-03,3.379559e+01,3.708644e-05,7.034166e-05,2983483.648,2.500000e-04,8.03,12952.78
1657,4.168732e-03,3.401833e+01,4.144439e-05,7.049108e-05,2997309.961,4.625339e-03,3.412756e+01,4.225219e-05,1.580123e-04,3023865.414,2.500000e-04,8.51,12961.30
1658,4.195661e-03,3.397451e+01,4.593782e-05,6.776622e-05,2997694.416,3.762614e-03,3.382851e+01,2.921100e-05,1.753064e-05,2991271.359,2.500000e-04,7.67,12968.98
1659,4.128278e-03,3.398761e+01,4.456519e-05,5.677309e-05,2997571.969,4.065746e-03,3.383542e+01,6.100619e-05,1.442833e-05,2990793.641,2.500000e-04,7.52,12976.50
1660,4.086702e-03,3.398474e+01,3.899148e-05,5.966281e-05,2997302.877,4.163091e-03,3.464624e+01,4.444004e-05,5.081340e-05,3016475.109,2.500000e-04,7.30,12983.81
1661,4.160843e-03,3.400585e+01,4.553311e-05,6.098546e-05,2997784.475,4.189495e-03,3.402748e+01,7.201247e-05,1.332436e-05,3001691.578,2.500000e-04,8.38,12992.18
1662,4.141443e-03,3.394844e+01,4.675874e-05,5.580218e-05,2997481.316,3.892300e-03,3.384528e+01,3.033976e-05,4.087506e-05,2988800.742,2.500000e-04,8.24,13000.42
1663,4.255016e-03,3.395784e+01,4.723138e-05,7.738355e-05,2996932.264,3.899020e-03,3.434699e+01,3.068490e-05,3.149448e-05,3010193.281,2.500000e-04,8.32,13008.75
1664,4.027918e-03,3.399871e+01,3.826572e-05,4.907789e-05,2997902.482,3.872696e-03,3.411950e+01,4.151863e-05,9.111850e-06,3002534.781,2.500000e-04,7.54,13016.29
1665,4.121908e-03,3.395942e+01,4.398647e-05,5.722024e-05,2997587.582,3.800125e-03,3.412107e+01,2.894711e-05,1.970948e-05,2998881.508,2.500000e-04,8.20,13024.49
1666,4.212992e-03,3.395523e+01,4.905567e-05,6.538249e-05,2997689.449,3.941949e-03,3.429844e+01,3.828009e-05,2.586096e-05,3001484.609,2.500000e-04,8.09,13032.58
1667,4.146609e-03,3.396146e+01,4.486840e-05,6.035572e-05,2997373.412,3.843366e-03,3.420679e+01,3.548512e-05,1.356705e-05,3000114.203,2.500000e-04,8.31,13040.89
1668,4.194685e-03,3.396861e+01,4.346392e-05,7.263695e-05,2997659.381,3.908666e-03,3.435335e+01,2.792279e-05,3.882065e-05,3013428.203,2.500000e-04,8.30,13049.18
1669,4.167475e-03,3.397998e+01,4.728292e-05,5.932955e-05,2997413.234,4.108598e-03,3.424824e+01,2.902202e-05,7.871074e-05,3015934.953,2.500000e-04,8.25,13057.44
1670,4.234309e-03,3.393542e+01,4.246079e-05,8.323194e-05,2997692.244,4.046020e-03,3.375531e+01,3.827611e-05,5.754561e-05,2980622.938,2.500000e-04,7.97,13065.41
1671,4.045901e-03,3.396733e+01,3.568552e-05,5.846245e-05,2997382.014,4.194667e-03,3.427508e+01,6.070682e-05,3.201827e-05,2999611.125,2.500000e-04,8.49,13073.90
1672,4.327195e-03,3.400074e+01,5.227286e-05,8.087844e-05,2997216.887,5.319174e-03,3.513655e+01,3.934155e-05,2.824208e-04,3047681.141,2.500000e-04,8.42,13082.32
1673,4.323526e-03,3.399710e+01,4.614656e-05,9.247019e-05,2997811.039,3.871224e-03,3.443454e+01,3.153713e-05,2.247965e-05,3007288.188,2.500000e-04,9.94,13092.26
1674,4.052851e-03,3.399772e+01,3.984801e-05,5.091972e-05,2997737.023,3.949504e-03,3.369050e+01,3.181928e-05,5.245235e-05,2988959.922,2.500000e-04,9.16,13101.42
1675,4.248419e-03,3.400049e+01,5.032130e-05,6.903142e-05,2997612.162,3.922235e-03,3.419470e+01,4.257672e-05,1.539946e-05,3003320.414,2.500000e-04,9.60,13111.03
1676,4.177280e-03,3.398650e+01,4.501434e-05,6.569721e-05,2997462.275,3.791093e-03,3.411022e+01,3.163925e-05,1.273569e-05,3001671.281,2.500000e-04,8.08,13119.11
1677,4.212144e-03,3.398785e+01,4.534865e-05,7.197451e-05,2997294.242,4.887392e-03,3.451108e+01,4.547531e-05,1.963061e-04,3033494.133,2.500000e-04,8.06,13127.17
1678,4.177936e-03,3.401244e+01,4.781993e-05,5.969843e-05,2997507.156,3.803179e-03,3.415891e+01,2.667737e-05,2.410292e-05,3006891.195,2.500000e-04,7.77,13134.95
1679,4.136220e-03,3.399053e+01,4.183439e-05,6.376460e-05,2997443.039,4.221844e-03,3.461219e+01,3.086282e-05,9.039950e-05,3024879.578,2.500000e-04,8.68,13143.63
1680,4.210330e-03,3.399519e+01,4.365985e-05,7.484250e-05,2997899.002,3.813940e-03,3.379989e+01,2.269162e-05,4.140694e-05,2987027.555,2.500000e-04,7.96,13151.59
1681,4.074575e-03,3.397728e+01,4.443334e-05,4.650278e-05,2997513.107,3.773565e-03,3.379598e+01,2.677400e-05,2.524534e-05,2990181.172,2.500000e-04,7.48,13159.08
1682,4.310231e-03,3.398004e+01,5.472332e-05,7.299879e-05,2997163.445,4.111449e-03,3.430934e+01,4.716781e-05,4.176735e-05,3000827.594,2.500000e-04,7.56,13166.64
1683,4.179543e-03,3.401446e+01,4.612835e-05,6.336259e-05,2997637.492,3.823545e-03,3.408849e+01,3.020176e-05,2.253567e-05,3005945.320,2.500000e-04,8.42,13175.06
1684,4.094094e-03,3.400450e+01,4.262944e-05,5.346993e-05,2997574.521,4.015532e-03,3.395766e+01,2.395567e-05,7.604202e-05,2985191.797,2.500000e-04,8.16,13183.22
1685,4.093487e-03,3.402387e+01,4.486461e-05,4.849081e-05,2997781.289,3.679610e-03,3.393169e+01,1.987554e-05,1.753714e-05,2992053.781,2.500000e-04,7.22,13190.45
1686,4.077208e-03,3.398629e+01,3.968840e-05,5.633907e-05,2997657.004,4.139376e-03,3.341314e+01,3.763880e-05,8.433480e-05,2974922.375,2.500000e-04,7.37,13197.82
1687,4.102593e-03,3.399051e+01,4.110093e-05,5.850661e-05,2997637.623,4.438555e-03,3.348201e+01,6.735165e-05,8.336743e-05,2974497.891,2.500000e-04,8.24,13206.07
1688,4.137104e-03,3.398097e+01,4.446320e-05,5.887503e-05,2997382.924,4.090987e-03,3.441733e+01,3.587188e-05,5.810704e-05,3006267.883,2.500000e-04,8.43,13214.50
1689,4.239965e-03,3.399611e+01,4.306078e-05,8.194925e-05,2997844.822,4.022733e-03,3.387394e+01,3.668762e-05,5.369260e-05,2998953.945,2.500000e-04,7.94,13222.44
1690,4.140485e-03,3.398159e+01,4.709038e-05,5.428448e-05,2997015.936,4.168757e-03,3.460928e+01,4.436153e-05,5.284282e-05,3020026.086,2.500000e-04,6.71,13229.15
1691,4.185457e-03,3.403459e+01,4.556633e-05,6.526681e-05,2997682.922,4.504460e-03,3.349318e+01,6.340075e-05,1.042270e-04,2975027.109,2.500000e-04,7.77,13236.92
1692,4.148835e-03,3.398722e+01,4.666801e-05,5.668663e-05,2997370.688,4.192879e-03,3.449377e+01,5.844603e-05,3.180830e-05,3009747.133,2.500000e-04,8.10,13245.02
1693,4.192023e-03,3.398306e+01,5.147240e-05,5.579853e-05,2997525.869,3.859713e-03,3.414699e+01,2.643134e-05,3.614020e-05,3009848.477,2.500000e-04,7.88,13252.90
1694,4.209051e-03,3.400426e+01,4.371511e-05,7.429464e-05,2997685.641,3.897942e-03,3.383139e+01,2.123777e-05,6.048526e-05,2996670.406,2.500000e-04,7.90,13260.80
1695,4.156893e-03,3.397602e+01,4.581123e-05,6.023587e-05,2997434.873,3.886759e-03,3.390316e+01,3.273738e-05,3.381396e-05,2986416.664,2.500000e-04,7.71,13268.51
1696,4.214765e-03,3.399599e+01,4.145409e-05,8.012496e-05,2997393.609,3.825066e-03,3.387389e+01,3.150149e-05,2.453257e-05,2989103.125,2.500000e-04,8.60,13277.11
1697,4.240843e-03,3.396505e+01,4.628097e-05,7.630571e-05,2997569.506,4.310897e-03,3.355265e+01,3.544659e-05,1.202333e-04,2972946.680,2.500000e-04,7.80,13284.91
1698,4.371615e-03,3.396960e+01,5.822230e-05,7.848637e-05,2997510.018,4.075130e-03,3.337466e+01,3.312201e-05,8.128872e-05,2976778.367,2.500000e-04,7.87,13292.77
1699,4.158061e-03,3.399889e+01,4.618387e-05,5.926671e-05,2997653.934,3.694433e-03,3.408827e+01,2.372821e-05,9.664822e-06,2994834.172,2.500000e-04,7.61,13300.38
1700,4.228116e-03,3.399571e+01,4.381904e-05,7.807097e-05,2997411.146,5.709199e-03,3.498113e+01,1.001052e-04,2.420067e-04,3036189.703,2.500000e-04,7.48,13307.86
1701,4.380522e-03,3.400529e+01,5.382375e-05,8.835105e-05,2997256.170,4.017073e-03,3.455193e+01,3.297171e-05,4.643252e-05,3018641.023,2.500000e-04,7.62,13315.49
1702,4.100599e-03,3.401718e+01,3.960362e-05,6.056906e-05,2997806.791,5.094447e-03,3.294647e+01,5.296805e-05,2.540241e-04,2958020.750,2.500000e-04,7.82,13323.31
1703,4.328822e-03,3.397652e+01,4.814822e-05,8.993757e-05,2997434.760,3.759716e-03,3.395778e+01,2.545616e-05,2.187513e-05,2995781.258,2.500000e-04,7.40,13330.71
1704,4.162618e-03,3.399451e+01,4.736532e-05,5.790283e-05,2997537.270,3.883856e-03,3.400617e+01,2.416787e-05,4.831206e-05,2991783.625,2.500000e-04,7.63,13338.34
1705,4.095996e-03,3.400899e+01,4.205174e-05,5.491589e-05,2997557.188,3.838196e-03,3.392038e+01,3.708270e-05,1.506612e-05,2998635.266,2.500000e-04,7.62,13345.97
1706,4.161717e-03,3.398947e+01,4.360258e-05,6.534883e-05,2997352.859,4.152654e-03,3.421993e+01,2.656727e-05,9.299761e-05,3017854.047,2.500000e-04,8.04,13354.01
1707,4.164172e-03,3.394921e+01,4.210341e-05,6.964339e-05,2997473.074,3.895279e-03,3.415827e+01,4.256903e-05,1.075228e-05,3002440.461,2.500000e-04,7.68,13361.70
1708,4.228482e-03,3.396720e+01,4.914027e-05,6.807189e-05,2997746.492,4.257884e-03,3.453957e+01,4.346162e-05,7.386217e-05,3024032.398,2.500000e-04,7.61,13369.31
1709,4.120282e-03,3.396932e+01,4.358888e-05,5.749221e-05,2997460.307,3.766419e-03,3.380963e+01,2.872253e-05,1.964630e-05,2989942.125,2.500000e-04,7.37,13376.68
1710,4.138188e-03,3.395707e+01,4.345535e-05,6.158561e-05,2997570.896,3.820578e-03,3.430103e+01,2.343210e-05,3.123095e-05,3007958.828,2.500000e-04,7.29,13383.97
1711,4.214442e-03,3.396645e+01,4.425298e-05,7.505349e-05,2997402.037,3.904633e-03,3.420743e+01,3.101231e-05,3.475341e-05,3011048.477,2.500000e-04,7.70,13391.67
1712,4.186451e-03,3.399504e+01,4.564984e-05,6.608974e-05,2997632.551,3.942408e-03,3.387491e+01,4.387630e-05,2.323082e-05,2997980.102,2.500000e-04,8.27,13399.94
1713,4.147845e-03,3.395888e+01,4.580393e-05,5.878340e-05,2997845.598,4.108507e-03,3.338150e+01,2.184274e-05,1.103859e-04,2972020.148,2.500000e-04,7.34,13407.29
1714,4.079993e-03,3.397173e+01,3.915321e-05,5.825747e-05,2997339.684,3.732648e-03,3.362136e+01,2.238061e-05,2.934130e-05,2987477.664,2.500000e-04,7.32,13414.61
1715,4.445203e-03,3.397394e+01,6.030694e-05,8.894781e-05,2997613.631,5.188478e-03,3.304686e+01,3.542395e-05,3.059106e-04,2959408.844,2.500000e-04,7.56,13422.17
1716,4.240450e-03,3.397388e+01,4.739981e-05,7.381267e-05,2997469.285,3.836643e-03,3.373187e+01,2.675547e-05,3.918019e-05,2987343.875,2.500000e-04,7.71,13429.88
1717,4.072339e-03,3.395621e+01,4.320606e-05,4.893151e-05,2997236.166,4.160292e-03,3.419063e+01,5.327981e-05,4.168626e-05,3009019.812,2.500000e-04,8.49,13438.37
1718,4.225327e-03,3.398537e+01,4.560020e-05,7.415757e-05,2997659.760,4.131622e-03,3.420760e+01,4.963871e-05,4.289489e-05,3007795.953,2.500000e-04,7.36,13445.72
1719,4.207050e-03,3.396048e+01,4.622341e-05,6.975376e-05,2997461.834,3.886970e-03,3.407954e+01,3.692253e-05,2.195813e-05,2996184.914,2.500000e-04,7.41,13453.15
1720,4.259992e-03,3.396875e+01,4.276446e-05,8.709450e-05,2997866.551,4.267021e-03,3.431739e+01,4.105400e-05,8.494850e-05,3017754.250,2.500000e-04,7.29,13460.44
1721,4.127083e-03,3.397351e+01,4.360333e-05,5.873966e-05,2997262.428,4.069283e-03,3.454042e+01,2.715089e-05,6.874642e-05,3023417.469,2.500000e-04,7.67,13468.12
1722,4.028985e-03,3.399810e+01,3.908899e-05,4.765695e-05,2998104.373,5.997075e-03,3.269410e+01,6.894706e-05,4.076388e-04,2943841.148,2.500000e-04,7.39,13475.51
1723,4.334354e-03,3.394187e+01,4.537886e-05,9.727563e-05,2997047.936,3.887267e-03,3.410701e+01,2.813868e-05,3.903589e-05,2995881.453,2.500000e-04,8.24,13483.76
1724,4.118780e-03,3.395439e+01,4.323638e-05,5.819545e-05,2997659.377,4.505012e-03,3.405039e+01,9.944297e-05,2.110881e-05,3005645.875,2.500000e-04,7.36,13491.12
1725,4.310107e-03,3.395823e+01,4.823228e-05,8.639221e-05,2997667.410,3.672819e-03,3.407033e+01,1.878699e-05,1.558315e-05,2997369.930,2.500000e-04,7.34,13498.46
1726,4.112204e-03,3.399216e+01,4.095188e-05,6.069389e-05,2997855.090,4.239514e-03,3.361347e+01,6.154375e-05,5.254583e-05,2979672.133,2.500000e-04,7.48,13505.94
1727,4.454728e-03,3.398023e+01,6.352131e-05,8.429836e-05,2997166.895,5.888859e-03,3.280470e+01,8.008471e-05,3.615084e-04,2947274.125,2.500000e-04,7.88,13513.82
1728,4.138183e-03,3.396402e+01,3.803259e-05,7.229091e-05,2997159.941,4.354136e-03,3.475801e+01,2.462099e-05,1.264249e-04,3031874.766,2.500000e-04,7.41,13521.24
1729,4.111325e-03,3.400597e+01,4.056370e-05,6.101825e-05,2998009.568,4.612716e-03,3.432790e+01,8.946384e-05,5.705751e-05,3005904.891,2.500000e-04,7.51,13528.75
1730,4.136114e-03,3.396000e+01,4.423544e-05,5.955179e-05,2997200.170,4.207983e-03,3.446590e+01,3.233924e-05,8.760016e-05,3023007.359,2.500000e-04,8.16,13536.91
1731,4.257193e-03,3.401190e+01,4.544975e-05,8.030124e-05,2997801.615,3.713213e-03,3.382252e+01,2.204874e-05,2.209470e-05,2988704.305,2.500000e-04,7.61,13544.53
1732,4.157698e-03,3.397475e+01,4.468027e-05,6.268405e-05,2997600.715,3.892108e-03,3.361667e+01,2.769485e-05,5.069847e-05,2986121.062,2.500000e-04,7.86,13552.38
1733,4.113749e-03,3.401387e+01,4.410815e-05,5.425624e-05,2997857.627,4.494387e-03,3.368010e+01,8.478151e-05,5.571237e-05,2980686.094,2.500000e-04,7.48,13559.87
1734,4.148329e-03,3.395920e+01,4.362393e-05,6.323394e-05,2997419.039,3.837604e-03,3.380798e+01,2.791034e-05,3.554050e-05,2988398.219,2.500000e-04,7.36,13567.23
1735,4.064261e-03,3.395165e+01,3.561784e-05,6.258359e-05,2997513.107,3.729861e-03,3.394690e+01,2.411961e-05,1.879491e-05,2997422.953,2.500000e-04,7.45,13574.68
1736,4.144284e-03,3.396606e+01,4.559191e-05,5.835174e-05,2997670.021,3.797762e-03,3.389583e+01,2.360072e-05,3.443434e-05,2987682.945,2.500000e-04,7.73,13582.41
1737,4.252971e-03,3.398150e+01,4.537474e-05,8.021460e-05,2997357.164,3.847467e-03,3.395349e+01,2.808749e-05,3.424849e-05,2989421.945,2.500000e-04,7.29,13589.70
1738,4.295331e-03,3.399402e+01,4.770248e-05,8.378067e-05,2997623.816,3.770313e-03,3.405819e+01,2.459310e-05,2.371251e-05,2992114.812,2.500000e-04,6.79,13596.49
1739,4.215999e-03,3.400178e+01,4.514216e-05,7.287993e-05,2997376.762,3.795537e-03,3.391083e+01,2.488012e-05,3.113061e-05,2987413.969,2.500000e-04,8.02,13604.51
1740,4.315798e-03,3.399457e+01,4.811091e-05,8.704632e-05,2997705.443,3.773009e-03,3.410141e+01,2.032320e-05,3.192730e-05,2996570.219,2.500000e-04,7.99,13612.51
1741,4.171688e-03,3.397586e+01,4.704701e-05,6.072628e-05,2997401.686,4.335515e-03,3.470847e+01,4.625751e-05,8.041861e-05,3023787.102,2.500000e-04,7.27,13619.78
1742,4.020562e-03,3.398882e+01,3.913353e-05,4.606891e-05,2997738.361,3.697919e-03,3.398746e+01,2.384647e-05,1.214168e-05,3000504.383,2.500000e-04,7.31,13627.09
1743,4.163759e-03,3.397625e+01,4.329988e-05,6.662715e-05,2997869.611,4.893782e-03,3.350752e+01,8.307318e-05,1.424598e-04,2995771.500,2.500000e-04,8.28,13635.38
1744,4.218465e-03,3.394265e+01,4.488205e-05,7.507585e-05,2997123.926,3.988418e-03,3.380425e+01,2.709630e-05,6.740585e-05,2998167.141,2.500000e-04,8.22,13643.60
1745,4.199906e-03,3.395806e+01,4.793806e-05,6.494397e-05,2997737.461,3.858352e-03,3.357013e+01,2.761449e-05,4.503879e-05,2984205.734,2.500000e-04,7.70,13651.30
1746,4.110651e-03,3.396335e+01,4.155789e-05,5.974744e-05,2997253.215,4.223202e-03,3.423204e+01,3.810395e-05,8.379156e-05,3020347.656,2.500000e-04,7.61,13658.91
1747,4.164834e-03,3.394909e+01,4.310900e-05,6.776717e-05,2997633.625,3.975512e-03,3.417618e+01,4.499846e-05,2.158177e-05,2998524.344,2.500000e-04,7.58,13666.49
1748,4.102697e-03,3.397485e+01,3.884337e-05,6.335559e-05,2997667.701,5.421883e-03,3.323136e+01,7.597169e-05,2.678060e-04,2957906.305,2.500000e-04,8.61,13675.10
1749,4.199470e-03,3.393147e+01,4.810005e-05,6.506456e-05,2997211.648,4.170329e-03,3.391160e+01,5.346985e-05,4.889403e-05,2993285.891,2.500000e-04,8.27,13683.38
1750,4.228774e-03,3.395127e+01,5.013005e-05,6.646935e-05,2997971.578,4.696825e-03,3.329268e+01,5.256765e-05,1.683760e-04,2964293.953,2.500000e-04,7.91,13691.29
1751,4.272334e-03,3.394159e+01,4.810423e-05,7.942650e-05,2997094.305,4.388102e-03,3.425209e+01,8.456391e-05,2.345065e-05,3009676.820,2.500000e-04,7.63,13698.92
1752,4.066797e-03,3.398250e+01,3.691263e-05,5.988421e-05,2997678.584,3.929229e-03,3.396705e+01,3.214318e-05,4.221851e-05,3000394.562,2.500000e-04,8.05,13706.98
1753,4.082176e-03,3.396039e+01,4.053894e-05,5.614961e-05,2997651.158,4.401051e-03,3.382516e+01,7.645500e-05,5.079704e-05,2994585.734,2.500000e-04,7.91,13714.90
1754,4.101579e-03,3.395748e+01,4.454010e-05,5.208614e-05,2997741.025,3.846463e-03,3.368002e+01,2.964867e-05,3.639488e-05,2987808.062,2.500000e-04,7.00,13721.90
1755,4.136916e-03,3.396191e+01,4.464934e-05,5.884615e-05,2997208.846,4.157819e-03,3.437647e+01,4.733138e-05,4.937150e-05,3017444.953,2.500000e-04,7.44,13729.34
1756,4.400885e-03,3.397260e+01,5.922169e-05,8.228159e-05,2997668.967,3.789359e-03,3.390243e+01,2.818779e-05,2.344769e-05,3001251.734,2.500000e-04,7.42,13736.76
1757,4.209752e-03,3.397015e+01,4.342708e-05,7.569323e-05,2997164.969,4.588542e-03,3.456246e+01,4.660684e-05,1.332456e-04,3029108.695,2.500000e-04,7.33,13744.10
1758,4.189967e-03,3.397547e+01,4.396255e-05,7.055898e-05,2997471.098,6.057426e-03,3.491750e+01,5.390217e-05,4.053309e-04,3053392.383,2.500000e-04,7.62,13751.72
1759,4.140312e-03,3.397209e+01,4.190784e-05,6.480495e-05,2997957.805,4.599140e-03,3.311014e+01,5.140786e-05,1.548095e-04,2965659.328,2.500000e-04,8.29,13760.01
1760,4.197666e-03,3.396774e+01,4.043092e-05,7.931644e-05,2997721.779,4.750238e-03,3.331627e+01,4.027440e-05,2.031735e-04,2961562.836,2.500000e-04,8.24,13768.25
1761,4.140750e-03,3.398820e+01,4.265864e-05,6.306879e-05,2997076.146,3.875807e-03,3.409767e+01,3.026655e-05,3.267482e-05,3008097.984,2.500000e-04,7.51,13775.76
1762,4.137237e-03,3.397174e+01,4.237354e-05,6.326554e-05,2997810.424,4.387767e-03,3.359824e+01,2.371912e-05,1.581504e-04,2967239.477,2.500000e-04,7.58,13783.34
1763,4.138352e-03,3.398847e+01,3.819263e-05,7.151589e-05,2997551.947,3.924765e-03,3.371462e+01,3.741266e-05,3.583540e-05,2988295.180,2.500000e-04,8.38,13791.71
1764,4.200783e-03,3.397481e+01,4.664057e-05,6.737921e-05,2997509.008,5.107035e-03,3.430699e+01,1.363953e-04,6.247659e-05,3015718.211,2.500000e-04,9.00,13800.71
1765,4.214455e-03,3.396323e+01,5.025725e-05,6.311174e-05,2997517.596,4.087734e-03,3.344442e+01,2.658871e-05,9.548111e-05,2974258.086,2.500000e-04,7.78,13808.49
1766,4.168762e-03,3.397177e+01,4.441824e-05,6.548052e-05,2997125.990,4.574649e-03,3.488126e+01,3.859425e-05,1.401160e-04,3034459.117,2.500000e-04,7.31,13815.80
1767,4.076080e-03,3.399774e+01,3.891788e-05,5.742539e-05,2997868.541,4.147511e-03,3.442671e+01,4.016748e-05,6.063315e-05,3019011.750,2.500000e-04,8.13,13823.93
1768,4.044396e-03,3.397648e+01,3.998337e-05,4.938296e-05,2997484.598,3.859821e-03,3.390248e+01,2.973632e-05,3.444199e-05,2990850.430,2.500000e-04,7.90,13831.83
1769,4.128953e-03,3.398462e+01,3.443466e-05,7.722892e-05,2997678.559,3.843249e-03,3.442988e+01,2.399528e-05,3.206168e-05,3012357.469,2.500000e-04,7.44,13839.28
1770,4.051421e-03,3.396720e+01,4.200366e-05,4.693295e-05,2997722.770,4.209402e-03,3.454835e+01,4.717004e-05,5.657340e-05,3019889.641,2.500000e-04,8.57,13847.85
1771,4.100888e-03,3.394784e+01,3.952386e-05,6.217305e-05,2997511.553,4.546616e-03,3.455706e+01,6.994172e-05,7.829861e-05,3012954.453,2.500000e-04,7.97,13855.83
1772,4.147414e-03,3.398762e+01,4.755846e-05,5.461358e-05,2997603.379,4.010318e-03,3.388797e+01,4.918914e-05,2.592599e-05,2991025.156,2.500000e-04,7.50,13863.33
1773,4.156332e-03,3.396062e+01,3.942743e-05,7.319907e-05,2997361.350,3.866899e-03,3.394467e+01,3.355061e-05,2.738533e-05,3004359.242,2.500000e-04,7.18,13870.51
1774,4.206466e-03,3.399138e+01,4.474685e-05,7.197204e-05,2997718.064,3.920055e-03,3.366849e+01,2.797155e-05,5.469826e-05,2980982.352,2.500000e-04,7.38,13877.90
1775,4.319722e-03,3.401990e+01,5.034360e-05,8.285926e-05,2997508.955,4.111995e-03,3.364853e+01,6.018368e-05,2.906107e-05,2990680.742,2.500000e-04,8.12,13886.03
1776,4.269789e-03,3.395515e+01,4.381173e-05,8.723134e-05,2997421.135,4.131865e-03,3.426419e+01,4.033767e-05,6.041390e-05,3010086.391,2.500000e-04,7.63,13893.67
1777,4.244608e-03,3.396697e+01,5.619085e-05,5.720059e-05,2997439.363,4.163286e-03,3.343590e+01,4.334475e-05,7.724966e-05,2977092.227,2.500000e-04,7.48,13901.15
1778,4.258286e-03,3.395685e+01,5.201153e-05,6.849724e-05,2997673.307,3.686832e-03,3.410096e+01,2.238572e-05,1.057582e-05,2996561.609,2.500000e-04,7.51,13908.67
1779,4.080885e-03,3.397029e+01,4.317435e-05,5.042267e-05,2997475.992,3.889064e-03,3.405592e+01,4.199771e-05,1.269885e-05,2999957.656,2.500000e-04,7.50,13916.17
1780,4.253757e-03,3.396364e+01,4.796865e-05,7.554140e-05,2997614.451,3.942146e-03,3.399990e+01,4.282188e-05,2.278742e-05,3001435.852,2.500000e-04,7.15,13923.32
1781,4.087402e-03,3.397833e+01,4.435841e-05,4.919697e-05,2997367.068,4.419737e-03,3.435735e+01,3.818577e-05,1.204290e-04,3021235.062,2.500000e-04,6.96,13930.29
1782,4.265542e-03,3.397447e+01,4.614772e-05,8.132366e-05,2997458.285,3.675599e-03,3.424154e+01,1.916653e-05,1.195605e-05,3001544.141,2.500000e-04,7.83,13938.13
1783,4.145803e-03,3.397085e+01,4.479287e-05,6.015778e-05,2997716.025,4.536970e-03,3.458313e+01,7.075605e-05,7.421924e-05,3020041.469,2.500000e-04,7.96,13946.09
1784,4.315540e-03,3.397859e+01,4.277426e-05,9.798762e-05,2997216.104,3.782043e-03,3.404380e+01,2.175117e-05,3.203032e-05,2988625.164,2.500000e-04,7.88,13953.98
1785,4.128415e-03,3.399879e+01,4.684272e-05,5.202174e-05,2997765.412,3.793064e-03,3.399550e+01,3.016891e-05,1.836500e-05,2997148.602,2.500000e-04,7.95,13961.94
1786,4.275826e-03,3.398934e+01,5.667630e-05,6.202581e-05,2997304.689,4.511055e-03,3.454519e+01,8.580434e-05,3.969861e-05,3017130.320,2.500000e-04,7.69,13969.64
1787,4.222390e-03,3.399482e+01,5.053507e-05,6.351149e-05,2997829.635,4.396399e-03,3.405526e+01,6.350350e-05,7.116762e-05,3009854.531,2.500000e-04,7.23,13976.88
1788,4.117515e-03,3.398829e+01,4.322091e-05,5.729537e-05,2997534.379,3.900356e-03,3.360418e+01,2.732433e-05,5.333907e-05,2992330.172,2.500000e-04,8.13,13985.01
1789,4.132570e-03,3.396971e+01,4.887499e-05,4.936991e-05,2997615.723,4.217631e-03,3.362349e+01,5.013313e-05,7.079010e-05,2978617.477,2.500000e-04,8.15,13993.16
1790,4.200708e-03,3.398660e+01,4.377294e-05,7.286371e-05,2997488.471,4.821693e-03,3.307496e+01,7.191133e-05,1.590168e-04,2966068.133,2.500000e-04,8.20,14001.37
1791,4.205343e-03,3.396254e+01,4.624915e-05,6.931948e-05,2997406.377,4.028983e-03,3.340678e+01,3.105266e-05,7.555568e-05,2977778.445,2.500000e-04,7.43,14008.80
1792,4.139308e-03,3.396173e+01,4.254637e-05,6.353430e-05,2997528.328,5.467820e-03,3.431927e+01,1.861388e-04,3.490092e-05,3003695.805,2.500000e-04,8.03,14016.83
1793,4.161224e-03,3.397857e+01,4.353655e-05,6.560040e-05,2997494.566,3.885935e-03,3.437582e+01,2.596469e-05,3.774135e-05,3012523.445,2.500000e-04,7.95,14024.79
1794,4.159011e-03,3.397174e+01,4.317150e-05,6.602436e-05,2997582.633,3.768520e-03,3.380294e+01,2.657220e-05,2.450087e-05,2990124.203,2.500000e-04,7.54,14032.33
1795,4.271155e-03,3.398905e+01,4.479497e-05,8.486000e-05,2997534.195,3.765500e-03,3.403907e+01,2.087734e-05,3.056383e-05,2997232.547,2.500000e-04,7.31,14039.64
1796,4.192746e-03,3.399467e+01,4.601894e-05,6.661798e-05,2997459.523,4.010820e-03,3.453433e+01,3.656061e-05,3.835617e-05,3010078.336,2.500000e-04,7.97,14047.61
1797,4.066384e-03,3.400169e+01,4.077602e-05,5.169099e-05,2997731.660,4.335968e-03,3.357879e+01,2.616317e-05,1.432916e-04,2970462.102,2.500000e-04,8.12,14055.73
1798,4.235264e-03,3.398851e+01,4.455061e-05,7.818137e-05,2997306.119,3.994539e-03,3.422697e+01,4.190287e-05,3.056271e-05,2997999.930,2.500000e-04,6.78,14062.51
1799,4.111832e-03,3.399946e+01,4.154446e-05,5.928839e-05,2997391.711,4.371870e-03,3.455530e+01,4.997518e-05,8.331758e-05,3023016.453,2.500000e-04,7.62,14070.13
1800,4.186235e-03,3.399302e+01,4.644838e-05,6.448995e-05,2997584.854,3.825540e-03,3.382608e+01,2.397158e-05,4.064324e-05,2998656.359,2.500000e-04,8.02,14078.15
1801,4.086047e-03,3.398333e+01,4.069418e-05,5.615442e-05,2997612.111,4.112603e-03,3.431865e+01,4.452124e-05,4.710518e-05,2995424.352,2.500000e-04,7.90,14086.05
1802,4.267634e-03,3.400800e+01,4.919429e-05,7.497816e-05,2997778.660,4.222758e-03,3.360888e+01,6.344279e-05,4.548849e-05,2985455.992,2.500000e-04,7.70,14093.75
1803,4.189772e-03,3.396244e+01,4.637988e-05,6.594597e-05,2997388.045,4.528632e-03,3.497446e+01,2.843438e-05,1.493683e-04,3026468.547,2.500000e-04,7.55,14101.30
1804,4.328677e-03,3.394282e+01,5.124795e-05,8.438311e-05,2997260.643,4.990427e-03,3.322810e+01,5.149114e-05,2.305411e-04,2957310.000,2.500000e-04,7.84,14109.14
1805,4.377639e-03,3.402794e+01,4.456018e-05,1.058487e-04,2997662.504,3.669038e-03,3.397235e+01,2.310415e-05,8.152193e-06,2998345.562,2.500000e-04,7.12,14116.26
1806,4.303756e-03,3.397455e+01,5.102900e-05,7.920223e-05,2997385.693,4.127642e-03,3.381971e+01,5.829581e-05,3.254261e-05,2987667.750,2.500000e-04,7.28,14123.54
1807,4.209944e-03,3.399682e+01,4.493783e-05,7.217681e-05,2997690.908,4.220695e-03,3.363555e+01,4.970514e-05,7.201770e-05,2981839.984,2.500000e-04,8.02,14131.57
1808,4.249134e-03,3.396035e+01,4.926227e-05,7.209529e-05,2997296.973,3.740524e-03,3.370832e+01,1.628178e-05,4.137470e-05,2989900.094,2.500000e-04,7.88,14139.45
1809,4.116670e-03,3.396162e+01,4.232638e-05,5.944877e-05,2997875.426,3.767403e-03,3.383257e+01,2.225726e-05,3.231466e-05,2994700.414,2.500000e-04,7.76,14147.21
1810,4.061466e-03,3.400378e+01,4.087648e-05,5.046467e-05,2997633.219,4.638877e-03,3.335285e+01,3.189584e-05,1.969268e-04,2961248.633,2.500000e-04,7.90,14155.11
1811,4.306073e-03,3.396816e+01,4.524140e-05,9.136851e-05,2997342.141,4.410761e-03,3.423035e+01,9.074143e-05,1.606245e-05,3002979.906,2.500000e-04,7.85,14162.96
1812,4.293451e-03,3.395966e+01,4.764537e-05,8.420631e-05,2997345.855,4.511432e-03,3.478559e+01,2.827471e-05,1.500252e-04,3034187.625,2.500000e-04,7.93,14170.90
1813,4.149855e-03,3.396870e+01,4.624440e-05,5.810837e-05,2997784.785,4.533156e-03,3.407715e+01,8.061931e-05,6.384966e-05,2987575.273,2.500000e-04,7.31,14178.21
1814,4.142248e-03,3.395692e+01,4.441506e-05,6.048114e-05,2997593.088,4.081408e-03,3.346499e+01,2.730599e-05,9.236989e-05,2976129.102,2.500000e-04,7.38,14185.59
1815,4.138547e-03,3.392875e+01,4.090556e-05,6.732314e-05,2997367.564,3.925656e-03,3.420964e+01,2.015037e-05,6.063758e-05,3013682.484,2.500000e-04,7.36,14192.94
1816,4.169878e-03,3.393170e+01,4.582488e-05,6.369193e-05,2997584.703,4.269344e-03,3.462841e+01,3.472907e-05,9.184230e-05,3025980.469,2.500000e-04,7.44,14200.38
1817,4.175077e-03,3.396377e+01,4.387357e-05,6.799287e-05,2997530.375,4.057373e-03,3.420390e+01,4.336875e-05,4.065923e-05,3011011.281,2.500000e-04,7.85,14208.23
1818,4.240284e-03,3.396671e+01,4.527511e-05,7.817254e-05,2997823.936,3.856055e-03,3.359741e+01,2.822854e-05,4.280573e-05,2982559.031,2.500000e-04,7.96,14216.20
1819,4.204841e-03,3.394556e+01,4.951765e-05,6.302173e-05,2997310.016,3.881920e-03,3.409818e+01,2.642546e-05,4.156962e-05,3007846.836,2.500000e-04,7.89,14224.09
1820,4.201121e-03,3.395320e+01,4.074574e-05,7.966892e-05,2997616.576,4.555041e-03,3.458445e+01,4.969278e-05,1.199336e-04,3027605.477,2.500000e-04,6.98,14231.07
1821,4.327037e-03,3.393586e+01,5.210791e-05,8.247436e-05,2997165.557,3.649923e-03,3.401107e+01,1.924872e-05,1.126578e-05,2995685.219,2.500000e-04,7.95,14239.02
1822,4.250194e-03,3.395975e+01,4.389270e-05,8.305839e-05,2997559.004,3.922546e-03,3.402871e+01,3.716541e-05,2.960420e-05,2994631.258,2.500000e-04,8.20,14247.23
1823,4.164648e-03,3.396042e+01,4.172089e-05,7.027961e-05,2997856.672,3.716416e-03,3.372570e+01,2.230969e-05,2.414993e-05,2991410.938,2.500000e-04,7.63,14254.86
1824,4.320731e-03,3.396151e+01,5.088442e-05,8.314727e-05,2997444.268,4.530967e-03,3.353474e+01,5.471577e-05,1.260670e-04,2972711.789,2.500000e-04,7.33,14262.19
1825,4.126224e-03,3.395587e+01,4.810459e-05,4.991826e-05,2997284.082,4.280025e-03,3.460325e+01,3.509309e-05,9.375377e-05,3023462.242,2.500000e-04,7.53,14269.72
1826,4.252177e-03,3.395495e+01,4.049027e-05,9.035596e-05,2997625.271,3.794412e-03,3.432923e+01,2.263137e-05,2.703500e-05,3004041.281,2.500000e-04,8.06,14277.77
1827,4.204634e-03,3.397076e+01,4.424657e-05,7.301846e-05,2997689.215,3.899106e-03,3.402444e+01,3.006183e-05,3.920867e-05,2991891.875,2.500000e-04,7.66,14285.44
1828,4.101428e-03,3.396779e+01,4.274068e-05,5.544827e-05,2997488.078,3.600142e-03,3.398048e+01,1.636737e-05,7.683980e-06,2999535.664,2.500000e-04,7.56,14293.01
1829,4.261151e-03,3.396059e+01,4.699436e-05,7.902970e-05,2997331.859,3.926913e-03,3.389361e+01,4.215460e-05,2.320124e-05,3002153.688,2.500000e-04,7.31,14300.32
1830,4.265283e-03,3.396809e+01,4.777997e-05,7.813483e-05,2998169.590,7.110061e-03,3.238685e+01,1.319086e-04,5.104579e-04,2940312.570,2.500000e-04,7.85,14308.17
1831,4.305033e-03,3.395418e+01,4.365741e-05,9.460811e-05,2996822.379,4.486946e-03,3.451136e+01,4.955649e-05,1.080490e-04,3023038.258,2.500000e-04,7.33,14315.50
1832,4.042950e-03,3.395752e+01,3.617090e-05,5.709767e-05,2997571.650,3.837054e-03,3.430074e+01,3.364877e-05,1.409858e-05,3008673.164,2.500000e-04,7.23,14322.73
1833,4.037404e-03,3.397088e+01,4.117545e-05,4.571231e-05,2997662.445,3.713416e-03,3.410002e+01,2.283756e-05,1.500771e-05,2995942.680,2.500000e-04,8.04,14330.77
1834,4.089258e-03,3.393966e+01,4.539156e-05,4.827533e-05,2997582.900,3.716119e-03,3.405593e+01,2.321490e-05,1.567552e-05,2997703.750,2.500000e-04,7.88,14338.66
1835,4.147748e-03,3.397538e+01,4.796323e-05,5.411552e-05,2997618.814,4.145577e-03,3.420873e+01,5.048675e-05,4.396727e-05,3009876.047,2.500000e-04,7.43,14346.10
1836,4.165830e-03,3.391410e+01,4.633013e-05,6.222378e-05,2997603.051,4.055861e-03,3.394614e+01,4.453160e-05,4.318624e-05,2997229.711,2.500000e-04,7.83,14353.93
1837,4.179509e-03,3.392407e+01,4.660391e-05,6.421249e-05,2997404.018,4.466329e-03,3.459277e+01,4.830552e-05,1.047994e-04,3027771.141,2.500000e-04,7.68,14361.61
1838,4.075279e-03,3.393480e+01,4.031292e-05,5.573400e-05,2997781.541,3.938530e-03,3.388462e+01,4.749188e-05,1.502988e-05,2992460.125,2.500000e-04,8.28,14369.89
1839,4.059823e-03,3.392470e+01,4.144830e-05,5.057414e-05,2997623.172,4.809285e-03,3.368781e+01,1.042107e-04,7.967951e-05,2977280.227,2.500000e-04,8.38,14378.28
1840,4.130158e-03,3.394566e+01,4.067138e-05,6.577572e-05,2997316.910,4.474813e-03,3.423184e+01,7.038126e-05,6.956321e-05,3015132.500,2.500000e-04,7.16,14385.44
1841,4.101820e-03,3.393212e+01,4.047109e-05,6.077947e-05,2997741.938,4.825367e-03,3.385816e+01,6.080354e-05,1.663032e-04,2974235.453,2.500000e-04,7.35,14392.79
1842,4.218685e-03,3.393563e+01,4.111739e-05,8.278962e-05,2997019.648,3.804674e-03,3.402765e+01,2.596517e-05,2.845141e-05,3005640.117,2.500000e-04,8.31,14401.11
1843,4.145863e-03,3.398954e+01,3.876456e-05,7.185269e-05,2998120.523,4.233626e-03,3.326464e+01,4.042084e-05,1.005906e-04,2977720.234,2.500000e-04,9.57,14410.68
1844,4.226252e-03,3.393401e+01,4.785817e-05,7.085392e-05,2997454.117,3.732932e-03,3.388833e+01,2.375784e-05,2.130419e-05,2997755.531,2.500000e-04,7.76,14418.44
1845,4.214499e-03,3.391816e+01,4.109071e-05,8.235511e-05,2997507.967,3.707931e-03,3.385245e+01,1.873400e-05,2.706911e-05,2990163.438,2.500000e-04,7.66,14426.10
1846,4.051071e-03,3.397050e+01,3.985460e-05,5.109500e-05,2997672.320,4.253168e-03,3.344818e+01,3.178577e-05,1.180985e-04,2970785.281,2.500000e-04,8.01,14434.11
1847,4.202107e-03,3.392510e+01,4.092794e-05,8.006355e-05,2997052.775,5.028308e-03,3.513877e+01,4.252030e-05,2.178456e-04,3040391.703,2.500000e-04,8.02,14442.13
1848,4.065214e-03,3.398191e+01,3.883190e-05,5.574095e-05,2997811.918,4.594745e-03,3.315024e+01,5.226079e-05,1.514227e-04,2973147.234,2.500000e-04,7.48,14449.61
1849,4.047438e-03,3.393804e+01,3.777593e-05,5.517499e-05,2997645.875,4.644472e-03,3.403120e+01,1.162520e-04,1.576648e-05,2998386.344,2.500000e-04,7.71,14457.32
1850,4.276834e-03,3.396195e+01,5.048954e-05,7.514871e-05,2997437.881,4.034510e-03,3.412000e+01,4.240804e-05,3.968595e-05,3005462.852,2.500000e-04,7.39,14464.70
1851,4.175877e-03,3.396528e+01,4.327132e-05,6.932702e-05,2997640.168,3.790182e-03,3.423544e+01,2.843882e-05,1.645008e-05,3002113.289,2.500000e-04,7.50,14472.20
1852,4.229088e-03,3.397589e+01,4.676229e-05,7.277526e-05,2997538.896,4.785237e-03,3.387807e+01,4.884643e-05,1.817933e-04,2974759.492,2.500000e-04,7.71,14479.91
1853,4.117148e-03,3.396694e+01,4.500771e-05,5.407544e-05,2997612.398,3.812991e-03,3.402494e+01,3.176408e-05,1.857128e-05,2995109.156,2.500000e-04,7.65,14487.57
1854,4.193147e-03,3.392640e+01,3.906573e-05,8.196999e-05,2997407.607,4.054241e-03,3.430399e+01,4.658170e-05,3.160489e-05,3010060.992,2.500000e-04,7.61,14495.18
1855,4.198441e-03,3.399159e+01,4.691050e-05,6.603532e-05,2997952.346,4.084348e-03,3.446998e+01,3.169129e-05,6.408727e-05,3017897.180,2.500000e-04,7.64,14502.82
1856,4.185354e-03,3.397685e+01,4.802629e-05,6.148124e-05,2997118.443,4.880845e-03,3.396797e+01,1.086506e-04,7.950836e-05,3001721.555,2.500000e-04,7.37,14510.19
1857,4.166697e-03,3.394177e+01,4.611732e-05,6.226929e-05,2997487.922,4.573362e-03,3.478377e+01,4.296387e-05,1.330694e-04,3031980.672,2.500000e-04,8.66,14518.85
1858,4.127230e-03,3.396345e+01,3.955977e-05,6.705760e-05,2997736.828,3.820187e-03,3.389954e+01,2.645504e-05,3.313655e-05,2997407.992,2.500000e-04,7.78,14526.63
1859,4.127275e-03,3.398268e+01,4.215607e-05,6.148934e-05,2997700.086,3.931274e-03,3.370325e+01,3.329589e-05,4.559794e-05,2984187.617,2.500000e-04,7.40,14534.04
1860,4.236916e-03,3.393898e+01,4.979724e-05,6.900914e-05,2997730.449,4.828260e-03,3.308300e+01,4.737462e-05,2.092429e-04,2959890.734,2.500000e-04,7.34,14541.38
1861,4.173600e-03,3.394593e+01,4.182776e-05,7.214594e-05,2997120.848,4.036944e-03,3.449832e+01,2.442312e-05,6.857617e-05,3022887.219,2.500000e-04,7.77,14549.17
1862,4.112407e-03,3.393874e+01,3.698131e-05,6.974392e-05,2997548.863,4.017620e-03,3.466156e+01,2.676366e-05,5.676560e-05,3011142.984,2.500000e-04,7.63,14556.80
1863,4.144747e-03,3.399644e+01,4.226277e-05,6.449524e-05,2997732.416,3.823032e-03,3.353846e+01,2.617570e-05,4.148578e-05,2983750.305,2.500000e-04,7.61,14564.42
1864,4.163369e-03,3.398438e+01,4.518918e-05,6.260785e-05,2997591.801,4.025480e-03,3.403945e+01,4.611396e-05,3.207924e-05,3008424.242,2.500000e-04,7.28,14571.70
1865,4.044596e-03,3.395723e+01,4.395174e-05,4.187107e-05,2997815.053,4.313327e-03,3.354917e+01,4.396483e-05,1.037525e-04,2974123.281,2.500000e-04,7.77,14579.46
1866,4.276172e-03,3.396430e+01,5.871596e-05,5.851648e-05,2997206.402,3.905880e-03,3.387907e+01,3.515257e-05,3.328962e-05,2994181.570,2.500000e-04,8.76,14588.23
1867,4.167406e-03,3.395041e+01,3.811811e-05,7.823687e-05,2997390.641,4.024565e-03,3.460817e+01,3.155618e-05,4.963730e-05,3017562.094,2.500000e-04,7.00,14595.23
1868,4.093705e-03,3.395136e+01,4.716678e-05,4.538018e-05,2997600.486,4.151351e-03,3.423687e+01,6.509123e-05,1.535025e-05,3004719.664,2.500000e-04,7.79,14603.02
1869,4.105015e-03,3.395022e+01,4.239947e-05,5.719969e-05,2997340.104,4.088771e-03,3.423510e+01,4.806111e-05,3.693002e-05,3008089.438,2.500000e-04,7.94,14610.96
1870,4.209765e-03,3.396716e+01,4.097036e-05,8.066901e-05,2997731.777,3.778510e-03,3.387231e+01,3.109281e-05,1.607011e-05,2993651.500,2.500000e-04,7.72,14618.68
1871,4.308638e-03,3.394478e+01,4.542898e-05,9.197397e-05,2997183.047,4.207949e-03,3.350510e+01,4.831776e-05,7.485226e-05,2991413.961,2.500000e-04,7.54,14626.23
1872,4.061459e-03,3.394930e+01,4.251630e-05,4.827313e-05,2997652.613,3.779367e-03,3.405513e+01,2.929877e-05,1.617331e-05,2997345.445,2.500000e-04,7.18,14633.40
1873,3.997496e-03,3.396176e+01,3.423090e-05,5.180214e-05,2997712.965,3.950555e-03,3.360787e+01,2.224698e-05,7.345962e-05,2979301.922,2.500000e-04,7.86,14641.26
1874,4.211722e-03,3.395443e+01,4.688332e-05,6.948915e-05,2997560.727,3.748904e-03,3.394121e+01,2.815280e-05,1.465107e-05,2994567.188,2.500000e-04,7.26,14648.52
1875,4.158391e-03,3.394923e+01,4.610357e-05,6.048657e-05,2997743.420,4.222949e-03,3.318894e+01,3.722471e-05,1.063615e-04,2972670.750,2.500000e-04,7.15,14655.67
1876,3.984702e-03,3.393807e+01,3.498365e-05,4.821183e-05,2997416.381,4.527251e-03,3.413439e+01,5.173529e-05,1.192917e-04,3020341.289,2.500000e-04,7.71,14663.39
1877,4.241434e-03,3.392815e+01,4.871345e-05,7.229699e-05,2997124.744,3.771011e-03,3.399166e+01,2.968125e-05,1.500664e-05,2996792.406,2.500000e-04,8.67,14672.06
1878,4.356187e-03,3.393501e+01,6.576241e-05,6.101245e-05,2997735.945,3.831180e-03,3.399645e+01,3.891062e-05,8.485872e-06,2995213.297,2.500000e-04,7.85,14679.91
1879,4.044377e-03,3.395104e+01,4.229476e-05,4.526517e-05,2997873.328,5.622950e-03,3.314177e+01,6.718128e-05,3.273920e-04,2948194.633,2.500000e-04,7.46,14687.37
1880,4.474223e-03,3.391791e+01,5.408609e-05,1.083144e-04,2997101.750,4.361510e-03,3.401587e+01,6.917121e-05,5.364221e-05,2994974.797,2.500000e-04,8.05,14695.42
1881,4.135407e-03,3.395076e+01,4.675296e-05,5.456029e-05,2997803.393,5.325259e-03,3.283909e+01,5.536379e-05,2.975424e-04,2951072.023,2.500000e-04,7.49,14702.91
1882,4.126346e-03,3.396273e+01,4.153833e-05,6.293805e-05,2997275.090,3.811705e-03,3.381653e+01,3.277442e-05,2.046168e-05,2996916.750,2.500000e-04,7.52,14710.43
1883,4.079441e-03,3.394408e+01,4.107154e-05,5.486359e-05,2997638.686,4.159449e-03,3.348663e+01,4.579122e-05,7.057481e-05,2978553.594,2.500000e-04,7.18,14717.61
1884,4.070991e-03,3.395585e+01,3.885670e-05,5.736777e-05,2997342.926,4.142629e-03,3.441921e+01,4.396857e-05,5.220442e-05,3017561.031,2.500000e-04,8.25,14725.86
1885,4.032057e-03,3.393647e+01,3.979093e-05,4.810019e-05,2997816.699,4.689292e-03,3.422383e+01,1.110529e-04,3.127580e-05,3008316.766,2.500000e-04,8.22,14734.08
1886,4.182295e-03,3.390811e+01,4.395194e-05,7.039292e-05,2997460.426,4.061321e-03,3.466785e+01,2.508496e-05,6.873714e-05,3020442.039,2.500000e-04,7.43,14741.51
1887,4.160701e-03,3.393220e+01,4.375973e-05,6.597685e-05,2997585.473,3.758121e-03,3.386909e+01,3.115321e-05,1.193615e-05,2996306.648,2.500000e-04,7.48,14748.99
1888,4.313977e-03,3.395035e+01,5.139123e-05,8.100606e-05,2997882.125,3.843865e-03,3.373346e+01,2.426096e-05,4.558183e-05,2984405.203,2.500000e-04,7.95,14756.95
1889,4.118740e-03,3.392937e+01,4.222913e-05,6.070224e-05,2997300.889,3.826200e-03,3.379787e+01,2.417498e-05,4.093272e-05,2987285.820,2.500000e-04,7.85,14764.80
1890,4.121480e-03,3.394134e+01,4.155589e-05,6.235735e-05,2997479.229,3.649410e-03,3.396925e+01,2.086529e-05,8.766307e-06,2996326.305,2.500000e-04,7.18,14771.97
1891,4.232136e-03,3.396838e+01,4.910936e-05,6.884090e-05,2997402.279,4.322056e-03,3.398295e+01,8.344327e-05,1.786562e-05,2992326.328,2.500000e-04,7.47,14779.44
1892,4.219913e-03,3.393285e+01,4.322995e-05,7.886582e-05,2997515.025,4.011436e-03,3.352185e+01,2.771866e-05,7.641285e-05,2977087.766,2.500000e-04,7.73,14787.18
1893,4.138235e-03,3.391228e+01,4.149297e-05,6.641560e-05,2997413.258,3.800076e-03,3.400608e+01,2.628878e-05,2.731598e-05,2995498.305,2.500000e-04,8.22,14795.40
1894,4.131926e-03,3.397956e+01,3.847258e-05,6.984871e-05,2997983.885,4.428489e-03,3.309324e+01,4.072491e-05,1.423832e-04,2969354.656,2.500000e-04,7.37,14802.76
1895,4.245429e-03,3.390411e+01,4.687849e-05,7.724660e-05,2997159.479,4.302115e-03,3.436279e+01,3.227955e-05,1.086080e-04,3023054.656,2.500000e-04,7.44,14810.20
1896,4.180051e-03,3.393191e+01,4.222611e-05,7.291981e-05,2997744.676,4.184600e-03,3.414585e+01,3.963066e-05,7.474167e-05,2996498.609,2.500000e-04,7.72,14817.92
1897,4.281541e-03,3.395021e+01,4.754032e-05,8.222339e-05,2997268.625,3.822582e-03,3.392308e+01,2.181098e-05,4.243294e-05,2989089.336,2.500000e-04,7.32,14825.24
1898,4.191042e-03,3.393429e+01,4.560351e-05,6.831560e-05,2997422.957,4.054476e-03,3.403814e+01,5.899134e-05,1.214963e-05,3004145.336,2.500000e-04,7.17,14832.41
1899,4.149959e-03,3.393985e+01,4.193671e-05,6.732140e-05,2997699.830,3.809514e-03,3.368891e+01,2.348061e-05,4.116331e-05,2987844.141,2.500000e-04,7.83,14840.24
1900,4.327606e-03,3.394020e+01,4.759276e-05,9.153169e-05,2997259.141,4.041449e-03,3.443352e+01,3.550605e-05,4.860743e-05,3012717.828,2.500000e-04,7.77,14848.01
1901,4.161760e-03,3.393337e+01,4.795198e-05,5.778064e-05,2997870.961,4.183162e-03,3.374525e+01,3.062944e-05,1.004685e-04,2977898.711,2.500000e-04,7.46,14855.47
1902,4.058485e-03,3.395706e+01,3.775637e-05,5.704306e-05,2997497.426,4.707468e-03,3.386646e+01,9.627154e-05,7.162131e-05,3008640.281,2.500000e-04,7.57,14863.04
1903,4.129395e-03,3.393309e+01,4.373731e-05,5.974254e-05,2997739.498,3.990752e-03,3.374537e+01,4.179857e-05,3.964591e-05,2993991.547,2.500000e-04,7.72,14870.76
1904,4.071388e-03,3.392371e+01,3.976192e-05,5.627976e-05,2997237.408,4.072710e-03,3.449394e+01,3.287229e-05,5.891847e-05,3019739.344,2.500000e-04,7.59,14878.34
1905,4.077267e-03,3.391700e+01,4.413552e-05,4.884236e-05,2997629.289,3.742039e-03,3.410523e+01,2.106090e-05,2.418145e-05,2995897.125,2.500000e-04,7.53,14885.87
1906,4.126093e-03,3.393604e+01,3.828208e-05,6.993356e-05,2997337.598,3.942921e-03,3.371660e+01,3.390280e-05,4.644675e-05,2995912.625,2.500000e-04,7.24,14893.11
1907,4.224871e-03,3.392255e+01,4.453145e-05,7.746038e-05,2997549.041,4.416939e-03,3.426070e+01,8.421090e-05,2.975203e-05,3006424.758,2.500000e-04,7.61,14900.72
1908,4.261497e-03,3.393709e+01,3.974238e-05,9.407289e-05,2997500.279,3.882980e-03,3.411685e+01,2.340057e-05,4.745783e-05,3012222.344,2.500000e-04,7.14,14907.86
1909,4.197243e-03,3.394041e+01,5.138208e-05,5.787642e-05,2997540.779,3.794601e-03,3.433320e+01,2.289403e-05,2.646812e-05,3012588.273,2.500000e-04,7.46,14915.33
1910,4.097616e-03,3.392045e+01,3.908405e-05,6.294629e-05,2997651.520,4.160076e-03,3.363817e+01,4.377003e-05,7.171161e-05,2998803.336,2.500000e-04,7.88,14923.21
1911,4.098677e-03,3.392135e+01,3.876661e-05,6.377511e-05,2997491.686,3.923553e-03,3.393988e+01,2.764471e-05,5.062372e-05,2995954.922,2.500000e-04,7.69,14930.90
1912,4.112458e-03,3.392586e+01,4.042649e-05,6.312142e-05,2997833.678,3.825850e-03,3.381505e+01,3.116147e-05,2.654607e-05,2992554.523,2.500000e-04,7.25,14938.14
1913,4.177876e-03,3.391818e+01,3.817408e-05,8.086331e-05,2997331.123,4.183567e-03,3.343669e+01,3.963581e-05,8.870796e-05,2974730.625,2.500000e-04,7.65,14945.80
1914,4.220384e-03,3.395081e+01,4.811466e-05,6.883132e-05,2998069.842,4.253789e-03,3.353391e+01,4.998822e-05,8.010315e-05,2977317.602,2.500000e-04,8.13,14953.93
1915,4.276368e-03,3.391218e+01,4.900411e-05,7.902192e-05,2997357.314,6.260949e-03,3.256505e+01,8.869768e-05,4.234936e-04,2942437.031,2.500000e-04,7.63,14961.55
1916,4.519197e-03,3.391102e+01,4.794147e-05,1.297360e-04,2997289.781,3.714724e-03,3.411114e+01,2.171656e-05,1.728899e-05,2997960.266,2.500000e-04,7.49,14969.05
1917,4.317559e-03,3.392168e+01,5.151904e-05,8.204021e-05,2997197.461,3.831016e-03,3.384787e+01,3.809408e-05,1.305755e-05,2999036.438,2.500000e-04,7.90,14976.95
1918,4.102785e-03,3.392608e+01,4.034221e-05,6.135095e-05,2997388.312,4.848216e-03,3.474846e+01,5.099437e-05,1.726852e-04,3031678.484,2.500000e-04,7.52,14984.47
1919,4.394242e-03,3.394675e+01,4.922484e-05,1.014637e-04,2997552.209,4.473338e-03,3.439071e+01,5.517449e-05,9.650444e-05,2995088.492,2.500000e-04,7.50,14991.97
1920,4.111701e-03,3.395865e+01,3.918635e-05,6.479463e-05,2997665.879,3.943473e-03,3.417673e+01,2.614378e-05,5.287237e-05,3002201.562,2.500000e-04,7.67,14999.64
1921,4.020736e-03,3.394596e+01,3.555194e-05,5.412417e-05,2997334.377,4.366283e-03,3.434139e+01,2.789901e-05,1.306309e-04,3025892.562,2.500000e-04,7.74,15007.38
1922,4.133842e-03,3.393052e+01,4.154848e-05,6.506103e-05,2997886.627,4.339736e-03,3.360437e+01,7.474089e-05,4.637792e-05,2984502.094,2.500000e-04,7.67,15015.05
1923,4.160008e-03,3.393040e+01,4.335259e-05,6.668853e-05,2997560.734,4.554190e-03,3.339253e+01,4.750375e-05,1.479797e-04,2971338.172,2.500000e-04,7.49,15022.54
1924,4.218294e-03,3.392308e+01,4.804565e-05,6.910586e-05,2997403.600,4.723201e-03,3.335015e+01,4.227752e-05,1.930820e-04,2963801.898,2.500000e-04,8.10,15030.64
1925,4.105797e-03,3.394160e+01,4.838401e-05,4.555937e-05,2997580.775,3.940921e-03,3.363204e+01,4.170712e-05,3.212905e-05,2985967.234,2.500000e-04,8.36,15039.01
1926,4.092593e-03,3.390872e+01,4.020783e-05,5.992852e-05,2997653.926,4.308929e-03,3.357183e+01,6.144211e-05,6.746495e-05,2977444.711,2.500000e-04,7.46,15046.47
1927,4.093454e-03,3.392520e+01,3.823449e-05,6.371778e-05,2997464.982,3.965680e-03,3.395249e+01,2.697453e-05,6.013721e-05,2999135.117,2.500000e-04,7.69,15054.16
1928,4.220190e-03,3.395784e+01,4.684261e-05,7.119586e-05,2997490.482,4.451762e-03,3.455283e+01,4.926339e-05,1.007691e-04,3028323.812,2.500000e-04,8.26,15062.43
1929,4.085225e-03,3.393691e+01,4.056137e-05,5.718399e-05,2997558.436,3.905734e-03,3.375771e+01,3.757400e-05,3.084459e-05,2989377.922,2.500000e-04,7.81,15070.24
1930,4.049579e-03,3.393957e+01,3.516586e-05,6.079263e-05,2997888.668,4.718016e-03,3.293707e+01,4.555997e-05,1.937419e-04,2961452.414,2.500000e-04,7.44,15077.67
1931,4.206252e-03,3.394054e+01,4.192475e-05,7.859009e-05,2997535.834,3.991070e-03,3.404920e+01,4.159329e-05,3.404337e-05,3006470.461,2.500000e-04,7.56,15085.23
1932,4.210177e-03,3.393629e+01,4.810174e-05,6.710605e-05,2997136.641,3.920510e-03,3.431545e+01,3.178411e-05,3.422491e-05,3012464.320,2.500000e-04,7.94,15093.17
1933,4.135831e-03,3.393842e+01,3.982203e-05,6.875358e-05,2998100.195,4.459157e-03,3.329479e+01,3.844107e-05,1.490533e-04,2971053.938,2.500000e-04,9.25,15102.42
1934,4.162101e-03,3.393619e+01,4.008485e-05,7.352680e-05,2997254.291,3.822778e-03,3.402433e+01,3.397018e-05,1.612872e-05,2996963.570,2.500000e-04,8.16,15110.59
1935,4.143310e-03,3.392292e+01,4.453030e-05,6.114313e-05,2997677.471,3.915352e-03,3.405938e+01,3.840296e-05,2.507693e-05,3001768.547,2.500000e-04,8.28,15118.87
1936,4.123742e-03,3.391810e+01,4.189211e-05,6.260208e-05,2997350.885,4.322107e-03,3.393241e+01,6.312446e-05,5.952424e-05,3005484.594,2.500000e-04,8.19,15127.06
1937,4.131720e-03,3.392705e+01,4.722313e-05,5.335666e-05,2997592.631,4.165326e-03,3.399082e+01,4.358609e-05,6.607659e-05,2987938.312,2.500000e-04,8.28,15135.35
1938,4.174936e-03,3.393320e+01,4.826609e-05,5.979106e-05,2997831.602,3.856143e-03,3.400808e+01,3.997522e-05,1.111651e-05,2998904.961,2.500000e-04,8.07,15143.42
1939,4.276108e-03,3.392014e+01,4.838278e-05,8.005341e-05,2997181.285,3.957435e-03,3.406674e+01,4.049246e-05,2.916722e-05,3007164.031,2.500000e-04,7.45,15150.87
1940,4.030948e-03,3.390930e+01,3.634384e-05,5.531602e-05,2997885.785,4.162128e-03,3.375538e+01,5.193059e-05,5.345692e-05,2981038.664,2.500000e-04,8.69,15159.55
1941,4.433601e-03,3.394764e+01,6.130340e-05,8.516070e-05,2997017.090,4.487340e-03,3.427565e+01,4.301261e-05,1.259298e-04,3024404.008,2.500000e-04,8.29,15167.85
1942,4.045056e-03,3.390154e+01,3.233015e-05,6.632021e-05,2997034.248,6.046603e-03,3.475889e+01,6.188116e-05,3.903804e-04,3049961.516,2.500000e-04,7.88,15175.73
1943,4.330055e-03,3.395335e+01,4.640425e-05,9.413546e-05,2998220.385,4.401350e-03,3.350694e+01,5.645380e-05,9.722348e-05,2973032.328,2.500000e-04,8.20,15183.92
1944,4.196525e-03,3.395611e+01,4.406990e-05,7.204290e-05,2997388.848,5.069037e-03,3.431083e+01,7.639124e-05,1.748085e-04,3027511.688,2.500000e-04,8.57,15192.50
1945,4.164143e-03,3.394340e+01,4.142691e-05,7.110665e-05,2997617.537,4.191318e-03,3.361691e+01,2.939408e-05,1.071372e-04,2975680.898,2.500000e-04,8.81,15201.31
1946,4.381213e-03,3.391039e+01,5.840093e-05,8.123292e-05,2997352.195,4.728206e-03,3.386629e+01,1.016193e-04,6.507685e-05,2996997.312,2.500000e-04,8.64,15209.96
1947,4.143243e-03,3.392266e+01,4.498032e-05,6.023476e-05,2997586.619,4.039072e-03,3.333637e+01,3.408295e-05,7.292103e-05,2983362.625,2.500000e-04,8.03,15217.99
1948,4.176839e-03,3.391387e+01,4.260227e-05,7.188595e-05,2997304.395,4.346784e-03,3.454948e+01,3.742582e-05,1.035156e-04,3026261.836,2.500000e-04,8.36,15226.35
1949,4.101069e-03,3.393951e+01,4.034179e-05,6.074006e-05,2998064.664,5.572357e-03,3.278331e+01,5.017271e-05,3.584600e-04,2945404.086,2.500000e-04,8.04,15234.39
1950,4.152208e-03,3.390017e+01,4.596640e-05,6.050540e-05,2997120.539,3.913251e-03,3.412610e+01,3.810346e-05,2.392112e-05,3005843.008,2.500000e-04,8.67,15243.06
1951,4.081313e-03,3.389321e+01,4.124316e-05,5.591200e-05,2997333.055,5.024862e-03,3.500103e+01,4.492521e-05,2.151013e-04,3042181.547,2.500000e-04,8.35,15251.41
1952,4.139521e-03,3.392398e+01,4.658001e-05,5.626464e-05,2997965.912,3.780826e-03,3.388985e+01,2.682242e-05,2.472337e-05,2998296.148,2.500000e-04,7.97,15259.39
1953,4.094094e-03,3.388609e+01,4.207644e-05,5.694416e-05,2997326.381,4.697173e-03,3.448115e+01,3.198574e-05,1.858401e-04,3034096.453,2.500000e-04,7.91,15267.30
1954,4.081546e-03,3.391472e+01,3.810029e-05,6.181423e-05,2997891.359,4.073285e-03,3.384820e+01,4.002167e-05,5.764954e-05,3002939.781,2.500000e-04,8.68,15275.98
1955,4.095115e-03,3.391008e+01,3.875796e-05,6.330548e-05,2997742.955,4.112116e-03,3.359378e+01,3.109013e-05,8.836751e-05,2982596.422,2.500000e-04,8.70,15284.68
1956,4.090865e-03,3.386463e+01,4.319811e-05,5.448427e-05,2997183.371,4.185543e-03,3.386433e+01,3.583885e-05,8.814435e-05,2997679.984,2.500000e-04,9.63,15294.32
1957,4.109328e-03,3.390082e+01,5.089474e-05,4.205984e-05,2997872.779,3.913379e-03,3.360197e+01,3.270200e-05,4.523254e-05,2986698.117,2.500000e-04,9.67,15303.98
1958,4.221173e-03,3.389775e+01,4.885056e-05,6.857845e-05,2997434.926,4.489437e-03,3.382783e+01,9.004949e-05,4.123199e-05,2986630.641,2.500000e-04,8.32,15312.30
1959,4.088062e-03,3.389481e+01,3.721626e-05,6.528366e-05,2997762.125,3.721753e-03,3.390819e+01,2.764800e-05,1.089097e-05,2997864.453,2.500000e-04,9.09,15321.39
1960,4.105238e-03,3.389362e+01,3.980080e-05,6.357370e-05,2997263.156,3.858213e-03,3.408603e+01,2.554403e-05,3.883399e-05,3008326.656,2.500000e-04,9.29,15330.68
1961,4.131072e-03,3.389534e+01,3.731595e-05,7.367584e-05,2997831.277,4.289694e-03,3.340672e+01,3.829740e-05,1.132097e-04,2978200.492,2.500000e-04,10.02,15340.70
1962,3.989640e-03,3.386116e+01,3.595340e-05,4.879807e-05,2997243.674,3.788043e-03,3.368890e+01,2.261466e-05,3.860124e-05,2998634.617,2.500000e-04,8.52,15349.22
1963,4.139338e-03,3.386360e+01,3.922724e-05,7.214118e-05,2997644.219,4.857184e-03,3.376918e+01,1.162842e-04,6.348501e-05,2985025.547,2.500000e-04,9.31,15358.53
1964,4.141094e-03,3.385780e+01,3.894123e-05,7.318039e-05,2997641.773,4.293461e-03,3.394186e+01,6.032140e-05,5.921230e-05,3003293.109,2.500000e-04,9.22,15367.75
1965,4.108169e-03,3.389631e+01,4.382700e-05,5.605370e-05,2997587.625,3.799502e-03,3.411515e+01,3.336499e-05,1.086734e-05,3006361.836,2.500000e-04,8.86,15376.62
1966,4.066853e-03,3.387483e+01,3.843343e-05,5.900720e-05,2997801.041,4.458620e-03,3.345024e+01,7.029096e-05,8.213725e-05,2975073.469,2.500000e-04,9.41,15386.04
1967,4.099211e-03,3.390658e+01,3.890367e-05,6.390328e-05,2997468.721,4.123694e-03,3.337102e+01,2.811606e-05,1.010862e-04,2972923.461,2.500000e-04,9.21,15395.25
1968,4.193550e-03,3.387244e+01,4.330269e-05,7.465578e-05,2997440.732,4.562308e-03,3.455197e+01,6.113750e-05,9.914715e-05,3014552.109,2.500000e-04,9.69,15404.95
1969,4.092561e-03,3.389984e+01,4.199567e-05,5.652404e-05,2997369.533,5.891063e-03,3.510702e+01,1.301618e-04,2.157486e-04,3034689.898,2.500000e-04,8.40,15413.36
1970,4.284364e-03,3.389621e+01,5.254940e-05,7.384994e-05,2997595.791,4.039258e-03,3.406490e+01,4.664985e-05,3.325381e-05,3001595.961,2.500000e-04,9.05,15422.41
1971,4.183518e-03,3.391305e+01,4.411044e-05,7.022182e-05,2997801.748,3.796059e-03,3.369129e+01,2.906700e-05,2.725200e-05,2991122.805,2.500000e-04,9.52,15431.94
1972,4.178814e-03,3.387767e+01,4.924568e-05,5.971807e-05,2997182.070,4.571594e-03,3.473297e+01,4.507497e-05,1.295095e-04,3032678.297,2.500000e-04,9.22,15441.16
1973,4.216999e-03,3.386630e+01,4.100031e-05,8.407305e-05,2997936.527,3.922206e-03,3.361893e+01,2.408529e-05,6.389199e-05,2981641.883,2.500000e-04,8.73,15449.89
1974,4.274640e-03,3.387166e+01,5.061283e-05,7.626921e-05,2997260.363,3.760579e-03,3.395506e+01,3.065050e-05,1.171347e-05,2997059.703,2.500000e-04,8.37,15458.27
1975,4.192969e-03,3.388391e+01,4.316544e-05,7.458475e-05,2997750.045,3.961272e-03,3.387252e+01,4.414165e-05,2.652060e-05,2990248.680,2.500000e-04,9.03,15467.30
1976,4.131364e-03,3.391419e+01,4.447112e-05,5.904681e-05,2997425.803,4.652633e-03,3.449716e+01,5.388425e-05,1.328149e-04,3030131.648,2.500000e-04,9.18,15476.48
1977,4.201247e-03,3.386247e+01,4.526159e-05,7.247680e-05,2997342.248,4.609309e-03,3.484201e+01,3.397859e-05,1.570644e-04,3035963.953,2.500000e-04,8.45,15484.93
1978,4.171656e-03,3.392708e+01,4.388824e-05,6.801330e-05,2997843.791,3.865140e-03,3.422588e+01,3.005680e-05,2.839675e-05,3011857.133,2.500000e-04,9.36,15494.30
1979,4.128545e-03,3.389952e+01,4.247261e-05,6.277347e-05,2997777.410,3.833246e-03,3.361935e+01,2.663285e-05,4.099652e-05,2983627.930,2.500000e-04,8.65,15502.95
1980,4.020517e-03,3.391006e+01,3.898559e-05,4.793112e-05,2997455.852,4.399532e-03,3.441492e+01,3.011646e-05,1.313751e-04,3030436.000,2.500000e-04,8.49,15511.44
1981,4.105407e-03,3.386537e+01,3.642206e-05,7.092984e-05,2997706.025,4.309008e-03,3.360123e+01,3.931542e-05,1.111462e-04,2974882.086,2.500000e-04,9.72,15521.16
1982,4.088651e-03,3.388544e+01,3.981917e-05,6.038314e-05,2997380.752,3.767134e-03,3.424983e+01,2.135712e-05,2.571589e-05,3012688.125,2.500000e-04,9.43,15530.59
1983,4.338381e-03,3.389672e+01,4.626642e-05,9.720915e-05,2997667.652,3.826748e-03,3.369646e+01,2.267505e-05,4.607048e-05,2994742.023,2.500000e-04,8.75,15539.34
1984,4.019508e-03,3.391607e+01,3.514796e-05,5.528433e-05,2997331.682,3.764368e-03,3.391287e+01,3.018175e-05,1.425276e-05,2998699.094,2.500000e-04,9.89,15549.23
1985,4.109243e-03,3.390834e+01,4.505357e-05,5.357476e-05,2997961.029,4.154206e-03,3.344620e+01,3.771506e-05,8.648700e-05,2974170.070,2.500000e-04,8.98,15558.24
1986,4.008511e-03,3.389607e+01,3.784843e-05,4.808408e-05,2997278.656,4.139220e-03,3.372886e+01,3.779511e-05,7.767675e-05,2993582.742,2.500000e-04,9.31,15567.55
1987,4.119065e-03,3.388995e+01,3.976366e-05,6.648661e-05,2997636.771,3.860493e-03,3.381302e+01,2.443875e-05,4.696066e-05,2995821.383,2.500000e-04,8.47,15576.02
1988,3.999806e-03,3.389069e+01,3.218471e-05,5.777802e-05,2997423.197,4.066481e-03,3.409465e+01,3.240396e-05,6.659533e-05,3014091.352,2.500000e-04,9.19,15585.22
1989,4.153898e-03,3.392106e+01,3.989824e-05,7.256196e-05,2997464.682,4.180238e-03,3.402502e+01,2.899483e-05,9.755758e-05,3018581.586,2.500000e-04,8.75,15593.98
1990,4.249099e-03,3.389993e+01,4.615020e-05,7.952082e-05,2997762.891,4.309877e-03,3.444405e+01,4.124973e-05,9.059485e-05,3008073.148,2.500000e-04,9.51,15603.49
1991,4.281781e-03,3.393824e+01,4.800757e-05,8.157615e-05,2997387.619,3.876434e-03,3.387655e+01,1.907772e-05,5.960029e-05,2992865.281,2.500000e-04,8.33,15611.82
1992,4.253411e-03,3.392673e+01,4.059654e-05,9.095454e-05,2997276.197,4.230122e-03,3.377295e+01,7.027574e-05,3.001382e-05,2996796.312,2.500000e-04,8.50,15620.32
1993,3.992434e-03,3.392005e+01,3.565470e-05,4.877649e-05,2997914.670,4.851831e-03,3.366775e+01,1.128507e-04,7.130986e-05,2977480.203,2.500000e-04,8.97,15629.29
1994,4.039247e-03,3.388256e+01,4.028519e-05,4.962788e-05,2997410.785,3.726496e-03,3.404102e+01,1.867567e-05,2.712739e-05,2993372.375,2.500000e-04,9.65,15638.94
1995,4.006329e-03,3.390402e+01,3.890703e-05,4.537149e-05,2997718.975,4.086027e-03,3.342872e+01,3.192621e-05,8.477852e-05,2977923.305,2.500000e-04,9.70,15648.64
1996,4.367438e-03,3.389774e+01,4.118892e-05,1.131549e-04,2997123.486,4.240465e-03,3.469699e+01,3.347696e-05,8.719932e-05,3023194.531,2.500000e-04,9.09,15657.73
1997,4.163855e-03,3.391718e+01,5.163407e-05,5.115929e-05,2997601.824,3.942573e-03,3.424223e+01,3.940956e-05,2.485087e-05,3003718.164,2.500000e-04,9.53,15667.27
1998,4.217862e-03,3.390025e+01,3.964634e-05,8.627483e-05,2997570.760,3.827409e-03,3.400170e+01,2.847583e-05,2.849602e-05,2993000.305,2.500000e-04,8.49,15675.76
1999,4.065798e-03,3.391239e+01,3.957714e-05,5.575742e-05,2997845.346,4.069840e-03,3.449126e+01,3.364637e-05,5.685007e-05,3013991.859,2.500000e-04,9.20,15684.95
2000,4.317919e-03,3.389007e+01,4.276932e-05,1.002438e-04,2997231.770,4.606884e-03,3.471918e+01,4.217501e-05,1.426431e-04,3031349.133,2.500000e-04,9.54,15694.49
2001,4.065473e-03,3.393649e+01,3.929167e-05,5.578152e-05,2997981.916,3.875173e-03,3.377243e+01,3.051877e-05,3.854844e-05,2985529.266,2.500000e-04,7.53,7.53
2002,4.113778e-03,3.391669e+01,4.397111e-05,5.647946e-05,2997406.658,4.614619e-03,3.310608e+01,2.894753e-05,2.029071e-04,2959536.141,2.500000e-04,5.37,12.91
2003,4.289284e-03,3.387364e+01,5.139648e-05,7.759119e-05,2997232.631,3.868957e-03,3.411734e+01,2.704701e-05,3.735059e-05,3007949.750,2.500000e-04,5.38,18.29
2004,4.178038e-03,3.392039e+01,3.984285e-05,7.751408e-05,2997524.229,3.930649e-03,3.377901e+01,2.911720e-05,5.231538e-05,2989681.438,2.500000e-04,5.51,23.80
2005,4.135135e-03,3.389934e+01,4.117160e-05,6.669697e-05,2997534.117,4.443118e-03,3.481330e+01,5.378484e-05,8.478804e-05,3023348.156,2.500000e-04,5.62,29.43
2006,4.358732e-03,3.394526e+01,5.345441e-05,8.593253e-05,2997454.316,3.780234e-03,3.395408e+01,2.294223e-05,3.108071e-05,3001557.750,2.500000e-04,5.63,35.06
2007,4.067163e-03,3.396764e+01,3.656626e-05,6.094742e-05,2998014.178,3.911396e-03,3.372960e+01,3.028629e-05,4.711454e-05,2982785.695,2.500000e-04,5.55,40.61
2008,4.206040e-03,3.389905e+01,4.896588e-05,6.529529e-05,2997454.684,4.238435e-03,3.362439e+01,3.806693e-05,9.906547e-05,2973832.641,2.500000e-04,5.48,46.08
2009,4.023383e-03,3.391676e+01,3.252394e-05,6.129356e-05,2997440.762,4.073950e-03,3.431955e+01,5.282100e-05,2.275684e-05,3008699.695,2.500000e-04,4.92,51.00
2010,4.109477e-03,3.394407e+01,4.057483e-05,6.186427e-05,2997761.994,4.177883e-03,3.379753e+01,6.452669e-05,3.057257e-05,2991711.758,2.500000e-04,5.22,56.22
2011,4.172773e-03,3.391576e+01,4.354210e-05,6.915521e-05,2997363.729,3.805217e-03,3.412263e+01,2.476479e-05,2.906121e-05,3010027.914,2.500000e-04,5.72,61.94
2012,4.227643e-03,3.387670e+01,4.272605e-05,8.254253e-05,2997661.389,3.676559e-03,3.383722e+01,1.980746e-05,1.895239e-05,2992208.531,2.500000e-04,5.66,67.60
2013,4.141680e-03,3.391986e+01,3.958119e-05,7.077625e-05,2997425.049,4.549657e-03,3.435044e+01,5.784175e-05,1.072391e-04,3023358.906,2.500000e-04,5.42,73.02
2014,4.071257e-03,3.390414e+01,3.817670e-05,5.981530e-05,2997508.775,4.066612e-03,3.430365e+01,5.051523e-05,2.621900e-05,3012244.766,2.500000e-04,5.56,78.58
2015,4.186895e-03,3.388657e+01,4.700220e-05,6.564321e-05,2997589.816,4.037776e-03,3.397433e+01,4.993958e-05,2.818950e-05,2995027.719,2.500000e-04,5.46,84.04
2016,4.213675e-03,3.392590e+01,4.258663e-05,7.904373e-05,2997214.615,4.530869e-03,3.460984e+01,4.422545e-05,1.255261e-04,3031350.148,2.500000e-04,5.67,89.71
2017,4.247748e-03,3.391696e+01,4.504255e-05,8.112526e-05,2997705.877,3.708831e-03,3.393187e+01,2.427040e-05,1.458801e-05,2994661.547,2.500000e-04,5.40,95.11
2018,4.279414e-03,3.393740e+01,4.964904e-05,7.783662e-05,2997502.541,4.087671e-03,3.381644e+01,4.237731e-05,5.645085e-05,2994183.438,2.500000e-04,5.34,100.45
2019,4.171541e-03,3.394988e+01,4.078812e-05,7.373441e-05,2997450.994,4.614944e-03,3.464109e+01,5.520415e-05,1.197588e-04,3029733.203,2.500000e-04,5.52,105.96
2020,4.285598e-03,3.395845e+01,4.535978e-05,8.723103e-05,2997641.234,4.115513e-03,3.393503e+01,4.169641e-05,6.100931e-05,2987258.906,2.500000e-04,5.38,111.35
2021,4.110479e-03,3.394778e+01,4.648756e-05,5.016521e-05,2997527.658,3.730907e-03,3.415914e+01,2.402956e-05,1.493954e-05,2999709.891,2.500000e-04,5.54,116.89
2022,4.214384e-03,3.395680e+01,4.058823e-05,8.256427e-05,2997747.115,4.483577e-03,3.325060e+01,3.656825e-05,1.585670e-04,2965619.656,2.500000e-04,5.61,122.50
2023,4.158171e-03,3.391530e+01,4.580188e-05,6.172452e-05,2997343.770,4.274459e-03,3.376446e+01,5.364260e-05,7.231754e-05,2978125.148,2.500000e-04,4.79,127.29
2024,4.038218e-03,3.394231e+01,3.542732e-05,5.794293e-05,2997491.953,4.318457e-03,3.456658e+01,5.013498e-05,7.208986e-05,3023003.273,2.500000e-04,5.03,132.32
2025,4.284655e-03,3.393650e+01,5.110178e-05,7.599749e-05,2997768.666,4.460531e-03,3.340479e+01,6.208390e-05,9.984258e-05,2974603.047,2.500000e-04,5.58,137.91
2026,4.178990e-03,3.392282e+01,4.458753e-05,6.816663e-05,2997408.537,3.871200e-03,3.426375e+01,2.881290e-05,3.133913e-05,3012366.555,2.500000e-04,5.79,143.69
2027,4.127333e-03,3.393842e+01,3.965537e-05,6.738753e-05,2997462.355,3.891582e-03,3.433782e+01,2.582671e-05,3.990673e-05,3015898.242,2.500000e-04,5.01,148.70
2028,4.059284e-03,3.394344e+01,3.640899e-05,6.017003e-05,2997622.742,4.406717e-03,3.466396e+01,5.131638e-05,8.543143e-05,3016506.648,2.500000e-04,5.16,153.86
2029,4.130096e-03,3.396849e+01,4.140692e-05,6.383548e-05,2997700.926,3.861496e-03,3.391359e+01,3.942703e-05,1.517330e-05,2993703.000,2.500000e-04,5.26,159.12
2030,4.331595e-03,3.388894e+01,4.481665e-05,9.890698e-05,2997382.357,4.081899e-03,3.418806e+01,4.494112e-05,4.273636e-05,2998733.648,2.500000e-04,4.81,163.92
2031,4.251298e-03,3.394275e+01,4.885461e-05,7.369539e-05,2997445.359,4.123912e-03,3.461715e+01,3.377201e-05,6.489540e-05,3022560.570,2.500000e-04,5.21,169.13
2032,4.197543e-03,3.395161e+01,5.298010e-05,5.451619e-05,2997961.139,4.003408e-03,3.385563e+01,4.364328e-05,3.628240e-05,2988978.688,2.500000e-04,5.91,175.04
2033,4.083900e-03,3.391588e+01,4.019636e-05,5.806967e-05,2997454.064,4.194142e-03,3.377023e+01,3.892810e-05,8.556755e-05,2977656.539,2.500000e-04,4.96,180.00
2034,4.181717e-03,3.393283e+01,4.354126e-05,7.060419e-05,2997440.840,3.966263e-03,3.365491e+01,3.673374e-05,4.668692e-05,2990799.047,2.500000e-04,5.27,185.27
2035,4.084014e-03,3.392505e+01,4.172365e-05,5.485464e-05,2997650.803,3.990291e-03,3.427810e+01,3.105559e-05,5.038487e-05,3014982.305,2.500000e-04,5.48,190.76
2036,4.061908e-03,3.395352e+01,3.660497e-05,6.010133e-05,2997792.639,4.391866e-03,3.331515e+01,4.452608e-05,1.230180e-04,2968682.453,2.500000e-04,5.24,196.00
2037,4.070318e-03,3.392494e+01,4.438214e-05,4.680056e-05,2997400.613,3.962278e-03,3.380546e+01,4.063153e-05,3.508334e-05,2997926.547,2.500000e-04,5.63,201.63
2038,4.290032e-03,3.394360e+01,4.736319e-05,8.440802e-05,2997876.869,4.564423e-03,3.318089e+01,6.517677e-05,1.189132e-04,2971406.070,2.500000e-04,5.34,206.98
2039,4.169462e-03,3.392820e+01,4.350063e-05,6.832731e-05,2997080.350,4.519803e-03,3.451629e+01,8.450619e-05,4.462256e-05,3016706.562,2.500000e-04,5.49,212.46
2040,4.138161e-03,3.392981e+01,4.140024e-05,6.623569e-05,2997758.566,4.104451e-03,3.397268e+01,5.260404e-05,3.622856e-05,3005014.016,2.500000e-04,5.62,218.12
2041,4.160374e-03,3.392901e+01,4.594570e-05,6.160321e-05,2997480.086,4.901679e-03,3.461647e+01,8.600476e-05,1.159969e-04,3028199.547,2.500000e-04,5.71,223.82
2042,4.125953e-03,3.390843e+01,4.868982e-05,4.964247e-05,2997536.814,3.925346e-03,3.400331e+01,3.794004e-05,2.912293e-05,3006888.617,2.500000e-04,5.26,229.08
2043,4.162020e-03,3.389539e+01,4.539033e-05,6.371563e-05,2997812.480,3.840651e-03,3.399838e+01,2.758866e-05,3.298538e-05,2997191.977,2.500000e-04,5.23,234.32
2044,4.226747e-03,3.393143e+01,4.322865e-05,8.026350e-05,2997380.076,3.873090e-03,3.424020e+01,2.921594e-05,3.138205e-05,2997291.617,2.500000e-04,4.87,239.19
2045,4.132060e-03,3.392023e+01,4.174483e-05,6.451771e-05,2997593.697,4.381785e-03,3.361748e+01,3.093750e-05,1.421324e-04,2979988.156,2.500000e-04,5.41,244.59
2046,4.175566e-03,3.391344e+01,4.031323e-05,7.621782e-05,2997634.295,4.609057e-03,3.356309e+01,3.096896e-05,1.886118e-04,2964772.680,2.500000e-04,5.30,249.90
2047,4.169865e-03,3.392517e+01,4.538177e-05,6.470620e-05,2997643.672,4.481606e-03,3.348218e+01,8.195377e-05,6.277008e-05,2981748.734,2.500000e-04,5.62,255.52
2048,4.212987e-03,3.389658e+01,4.120960e-05,8.224671e-05,2997027.480,4.011841e-03,3.396392e+01,4.570616e-05,3.167750e-05,2989653.531,2.500000e-04,5.43,260.95
2049,4.154385e-03,3.393511e+01,4.518182e-05,6.181117e-05,2997667.992,3.895548e-03,3.378549e+01,4.421773e-05,1.496445e-05,2993868.508,2.500000e-04,5.26,266.20
2050,4.062440e-03,3.392567e+01,3.950520e-05,5.496421e-05,2997685.348,3.878322e-03,3.389593e+01,2.627906e-05,4.518771e-05,3005674.195,2.500000e-04,5.56,271.76
2051,4.159988e-03,3.390558e+01,4.603099e-05,6.182421e-05,2997463.113,3.764567e-03,3.396461e+01,2.580035e-05,2.202048e-05,2997806.641,2.500000e-04,5.57,277.33
2052,4.233316e-03,3.392817e+01,4.483315e-05,7.843362e-05,2997230.035,4.115065e-03,3.395905e+01,4.993700e-05,4.395803e-05,2987674.891,2.500000e-04,5.90,283.23
2053,4.058045e-03,3.392710e+01,3.795141e-05,5.716411e-05,2997657.936,4.024423e-03,3.386368e+01,4.109163e-05,4.542774e-05,2986758.867,2.500000e-04,5.93,289.16
2054,4.092993e-03,3.391269e+01,3.949677e-05,6.135137e-05,2997736.852,3.901535e-03,3.380527e+01,3.116947e-05,4.186265e-05,2996804.945,2.500000e-04,5.32,294.48
2055,4.076398e-03,3.394043e+01,3.950974e-05,5.745157e-05,2997742.561,3.966826e-03,3.355912e+01,4.200700e-05,3.816886e-05,2985321.461,2.500000e-04,5.50,299.98
2056,4.047500e-03,3.392756e+01,3.958050e-05,5.178777e-05,2997495.861,3.817456e-03,3.391025e+01,3.163030e-05,2.202569e-05,3004067.117,2.500000e-04,5.42,305.40
2057,4.146283e-03,3.390426e+01,4.134701e-05,6.847727e-05,2997403.514,4.159322e-03,3.430212e+01,6.129392e-05,2.323413e-05,3010779.961,2.500000e-04,5.03,310.44
2058,4.217785e-03,3.392843e+01,4.688594e-05,7.121648e-05,2997798.232,3.871041e-03,3.369971e+01,2.976603e-05,4.068211e-05,2988745.922,2.500000e-04,5.39,315.83
2059,4.172241e-03,3.391482e+01,4.046345e-05,7.522481e-05,2997318.102,3.709018e-03,3.376129e+01,2.393462e-05,1.870867e-05,2989815.039,2.500000e-04,5.12,320.96
2060,4.164788e-03,3.390383e+01,4.127574e-05,7.232941e-05,2997528.527,3.814595e-03,3.394944e+01,3.416777e-05,1.559469e-05,2994496.297,2.500000e-04,5.70,326.66
2061,4.129342e-03,3.391972e+01,4.137009e-05,6.473378e-05,2997307.004,3.815888e-03,3.399982e+01,2.572729e-05,3.172675e-05,3005297.703,2.500000e-04,5.59,332.24
2062,4.024351e-03,3.392995e+01,3.918759e-05,4.789602e-05,2998003.684,3.765839e-03,3.398632e+01,3.151706e-05,1.040741e-05,2997277.141,2.500000e-04,5.67,337.91
2063,4.137904e-03,3.391280e+01,4.318815e-05,6.294843e-05,2997267.939,3.592588e-03,3.388360e+01,1.507941e-05,1.068685e-05,2999049.508,2.500000e-04,5.58,343.49
2064,4.087284e-03,3.394599e+01,3.765355e-05,6.323001e-05,2997751.219,3.974962e-03,3.389798e+01,3.942930e-05,3.817415e-05,3002545.055,2.500000e-04,4.82,348.31
2065,4.211135e-03,3.390976e+01,4.996106e-05,6.410972e-05,2997305.221,3.908436e-03,3.400969e+01,4.585639e-05,9.780608e-06,2997290.539,2.500000e-04,5.22,353.52
2066,4.125404e-03,3.395458e+01,3.825891e-05,6.947136e-05,2998001.594,4.469190e-03,3.359893e+01,8.847548e-05,4.490862e-05,2982545.945,2.500000e-04,5.37,358.90
2067,4.125929e-03,3.388516e+01,4.377480e-05,5.993300e-05,2997142.508,3.976008e-03,3.413925e+01,3.875677e-05,3.490320e-05,3003750.844,2.500000e-04,5.55,364.45
2068,4.019233e-03,3.395142e+01,3.711282e-05,5.059270e-05,2997723.469,4.587547e-03,3.462192e+01,6.197407e-05,1.011229e-04,3025237.250,2.500000e-04,5.74,370.19
2069,4.075200e-03,3.391341e+01,3.933545e-05,5.810093e-05,2997607.076,3.718951e-03,3.405150e+01,2.699768e-05,8.764979e-06,2999363.352,2.500000e-04,5.49,375.68
2070,4.062094e-03,3.390392e+01,3.724501e-05,5.985053e-05,2997179.070,4.359409e-03,3.420402e+01,6.813935e-05,5.152277e-05,3011016.641,2.500000e-04,5.59,381.27
2071,4.161247e-03,3.390687e+01,4.765269e-05,5.880675e-05,2997241.713,5.270543e-03,3.472631e+01,1.048371e-04,1.499082e-04,3024080.289,2.500000e-04,4.86,386.13
2072,4.136483e-03,3.391803e+01,4.050473e-05,6.792637e-05,2998155.770,4.515951e-03,3.391570e+01,9.955008e-05,2.577619e-05,2997183.867,2.500000e-04,5.86,392.00
2073,4.041076e-03,3.393250e+01,4.253345e-05,4.449836e-05,2997609.574,3.750495e-03,3.385960e+01,2.712493e-05,1.865709e-05,2994137.711,2.500000e-04,5.26,397.26
2074,4.094444e-03,3.391913e+01,4.345111e-05,5.360390e-05,2997571.041,4.156380e-03,3.336605e+01,4.174773e-05,8.045958e-05,2981824.125,2.500000e-04,5.14,402.40
2075,4.090368e-03,3.388645e+01,4.129363e-05,5.775732e-05,2997498.043,4.112567e-03,3.411388e+01,6.619696e-05,7.841866e-06,2999028.492,2.500000e-04,5.02,407.43
2076,4.257393e-03,3.391966e+01,5.176117e-05,6.956311e-05,2997514.324,4.110926e-03,3.339110e+01,3.387518e-05,8.661281e-05,2976837.461,2.500000e-04,5.57,413.00
2077,4.050389e-03,3.389647e+01,3.957530e-05,5.299787e-05,2997241.506,4.571029e-03,3.441624e+01,7.686686e-05,7.214729e-05,3021171.953,2.500000e-04,5.82,418.82
2078,4.045712e-03,3.391635e+01,3.683734e-05,5.714074e-05,2997667.740,4.121819e-03,3.448804e+01,4.658707e-05,4.142888e-05,3011659.367,2.500000e-04,5.78,424.60
2079,4.069176e-03,3.391259e+01,3.716807e-05,6.124729e-05,2997551.016,3.766038e-03,3.404674e+01,2.410015e-05,2.407258e-05,3000331.914,2.500000e-04,5.41,430.01
2080,4.167877e-03,3.392728e+01,4.470673e-05,6.561630e-05,2997677.811,3.832018e-03,3.413849e+01,3.274456e-05,1.814466e-05,2999055.914,2.500000e-04,5.37,435.38
2081,4.235118e-03,3.390924e+01,4.535612e-05,7.812660e-05,2997517.291,3.904964e-03,3.354605e+01,2.996791e-05,5.013606e-05,2981607.273,2.500000e-04,5.62,441.00
2082,4.147758e-03,3.389076e+01,4.859176e-05,5.455292e-05,2997518.594,3.915828e-03,3.403411e+01,3.335699e-05,3.576956e-05,3009722.703,2.500000e-04,4.95,445.95
2083,4.192924e-03,3.389200e+01,5.304669e-05,5.465151e-05,2997627.783,3.604028e-03,3.390027e+01,1.716951e-05,8.461123e-06,2996972.906,2.500000e-04,5.93,451.88
2084,4.109140e-03,3.387592e+01,4.207502e-05,6.015959e-05,2997447.201,4.113733e-03,3.448090e+01,4.458089e-05,4.396694e-05,3012111.250,2.500000e-04,5.48,457.36
2085,4.135173e-03,3.391564e+01,4.098840e-05,6.674503e-05,2997649.430,4.184077e-03,3.470543e+01,2.738570e-05,8.793536e-05,3023475.188,2.500000e-04,5.41,462.76
2086,4.099070e-03,3.387715e+01,4.099181e-05,6.028747e-05,2997396.086,4.605029e-03,3.434779e+01,6.675610e-05,1.005378e-04,3012460.945,2.500000e-04,5.19,467.95
2087,4.139087e-03,3.390024e+01,3.938782e-05,7.103701e-05,2997799.521,3.978625e-03,3.377935e+01,3.328684e-05,5.356421e-05,2998717.867,2.500000e-04,5.46,473.41
2088,4.185686e-03,3.388761e+01,4.360886e-05,7.216721e-05,2997462.934,3.769364e-03,3.395673e+01,3.277254e-05,9.193076e-06,3000575.570,2.500000e-04,5.52,478.93
2089,4.112796e-03,3.390331e+01,4.155212e-05,6.138870e-05,2997738.092,4.319249e-03,3.342529e+01,3.741658e-05,1.205107e-04,2971128.453,2.500000e-04,5.54,484.47
2090,4.212344e-03,3.390443e+01,4.628348e-05,7.181327e-05,2997397.713,4.365279e-03,3.445754e+01,5.671932e-05,7.046641e-05,3021410.648,2.500000e-04,5.47,489.94
2091,4.140937e-03,3.385340e+01,4.031668e-05,7.048609e-05,2997708.479,4.294061e-03,3.464870e+01,2.275785e-05,1.203225e-04,3031060.539,2.500000e-04,5.22,495.16
2092,4.142280e-03,3.388491e+01,4.261612e-05,6.552558e-05,2997635.969,5.262415e-03,3.428842e+01,6.846328e-05,2.297879e-04,3030235.195,2.500000e-04,5.40,500.56
2093,4.140901e-03,3.385651e+01,4.234921e-05,6.635176e-05,2997704.084,4.452931e-03,3.465357e+01,3.039451e-05,1.367258e-04,3031323.156,2.500000e-04,5.09,505.65
2094,4.196579e-03,3.391658e+01,3.949698e-05,8.199038e-05,2997341.854,4.337568e-03,3.446246e+01,4.551661e-05,8.723117e-05,3025154.281,2.500000e-04,5.37,511.01
2095,4.187333e-03,3.392132e+01,4.194021e-05,7.515981e-05,2997514.830,4.123001e-03,3.458341e+01,3.321350e-05,6.650513e-05,3019496.266,2.500000e-04,5.52,516.53
2096,4.174381e-03,3.392476e+01,3.858076e-05,7.921947e-05,2997822.570,4.526830e-03,3.432119e+01,5.675300e-05,1.054361e-04,3002730.875,2.500000e-04,5.53,522.06
2097,4.086067e-03,3.390817e+01,4.121051e-05,5.662890e-05,2997522.635,4.133215e-03,3.404151e+01,3.981764e-05,6.617758e-05,3007377.086,2.500000e-04,5.55,527.61
2098,4.091933e-03,3.393215e+01,4.028031e-05,5.918288e-05,2997750.846,3.749773e-03,3.371566e+01,2.468552e-05,2.627032e-05,2992730.492,2.500000e-04,5.64,533.24
2099,4.140931e-03,3.391136e+01,4.138157e-05,6.719589e-05,2997284.344,4.189442e-03,3.446673e+01,2.993777e-05,8.867824e-05,3024996.031,2.500000e-04,5.04,538.28
2100,4.097347e-03,3.392818e+01,3.711238e-05,6.668113e-05,2998059.221,4.277346e-03,3.332406e+01,4.468915e-05,9.960966e-05,2973532.469,2.500000e-04,5.47,543.75
2101,4.128545e-03,3.389607e+01,4.221514e-05,6.335746e-05,2997435.734,4.140957e-03,3.338681e+01,4.632895e-05,6.779734e-05,2979632.477,2.500000e-04,5.04,548.78
2102,4.075983e-03,3.389914e+01,4.256256e-05,5.208856e-05,2997227.047,4.070196e-03,3.407185e+01,2.935048e-05,7.390123e-05,3014128.398,2.500000e-04,5.06,553.84
2103,4.154514e-03,3.389573e+01,4.291525e-05,6.715758e-05,2997691.383,3.849595e-03,3.428971e+01,2.982988e-05,2.446497e-05,3009910.422,2.500000e-04,5.78,559.62
2104,4.353698e-03,3.394645e+01,4.326651e-05,1.052776e-04,2997818.059,4.385632e-03,3.378422e+01,7.682781e-05,4.778627e-05,2998489.297,2.500000e-04,5.33,564.96
2105,4.176145e-03,3.394070e+01,4.185030e-05,7.271446e-05,2997078.430,4.043745e-03,3.435117e+01,2.949885e-05,6.272776e-05,3016021.078,2.500000e-04,5.40,570.35
2106,4.190604e-03,3.395865e+01,4.165235e-05,7.564315e-05,2997839.697,4.281120e-03,3.382329e+01,7.114159e-05,3.747488e-05,2997061.000,2.500000e-04,4.77,575.12
2107,4.120202e-03,3.389882e+01,3.843205e-05,6.919990e-05,2997298.721,4.428630e-03,3.410204e+01,7.781689e-05,4.805142e-05,2997548.211,2.500000e-04,5.35,580.47
2108,4.204567e-03,3.391797e+01,3.924743e-05,8.405921e-05,2997336.078,3.958967e-03,3.414590e+01,3.537344e-05,3.812859e-05,3008597.594,2.500000e-04,5.27,585.75
2109,4.003279e-03,3.396045e+01,3.692467e-05,4.759755e-05,2997770.357,3.866121e-03,3.391967e+01,3.599899e-05,2.283295e-05,2993239.180,2.500000e-04,5.91,591.66
2110,4.186397e-03,3.392711e+01,4.808711e-05,6.256301e-05,2997753.012,3.759808e-03,3.413860e+01,2.799340e-05,1.320291e-05,3005101.523,2.500000e-04,5.29,596.95
2111,4.137763e-03,3.394071e+01,4.610485e-05,5.652871e-05,2997529.037,3.804339e-03,3.359863e+01,2.403890e-05,4.081725e-05,2983798.492,2.500000e-04,5.67,602.62
2112,4.123225e-03,3.393527e+01,4.556525e-05,5.480907e-05,2997758.898,4.063636e-03,3.374381e+01,4.774028e-05,4.237054e-05,2985448.750,2.500000e-04,4.87,607.49
2113,4.120815e-03,3.390329e+01,3.944883e-05,6.719964e-05,2997452.943,5.663255e-03,3.457753e+01,1.617889e-04,1.175227e-04,3029216.414,2.500000e-04,5.35,612.84
2114,4.233375e-03,3.391968e+01,4.817838e-05,7.192457e-05,2997801.467,4.062478e-03,3.355601e+01,4.242637e-05,5.652265e-05,2979279.781,2.500000e-04,6.05,618.90
2115,4.119039e-03,3.390642e+01,4.279426e-05,6.009086e-05,2997438.463,3.734586e-03,3.422111e+01,2.092626e-05,2.064253e-05,3006242.891,2.500000e-04,5.24,624.14
2116,4.141626e-03,3.388922e+01,4.790638e-05,5.472791e-05,2997466.770,3.778659e-03,3.402869e+01,3.081393e-05,1.353019e-05,2995808.805,2.500000e-04,5.29,629.43
2117,4.120735e-03,3.391507e+01,4.147696e-05,6.289174e-05,2997495.779,3.952596e-03,3.358388e+01,4.138581e-05,3.607006e-05,2993683.586,2.500000e-04,4.75,634.19
2118,4.051187e-03,3.389676e+01,3.581513e-05,6.067203e-05,2997640.781,3.774141e-03,3.382116e+01,3.012824e-05,1.814856e-05,2990342.188,2.500000e-04,5.43,639.62
2119,3.999718e-03,3.391099e+01,3.546479e-05,5.079431e-05,2997677.197,4.062921e-03,3.418677e+01,2.338618e-05,8.207643e-05,3019402.375,2.500000e-04,5.56,645.18
2120,4.014510e-03,3.388414e+01,3.497514e-05,5.526894e-05,2997803.771,4.592814e-03,3.350171e+01,3.540171e-05,1.777251e-04,2970839.742,2.500000e-04,5.61,650.79
2121,4.082291e-03,3.388699e+01,3.893685e-05,6.084480e-05,2997511.449,3.943454e-03,3.360626e+01,2.241754e-05,7.173040e-05,2980255.391,2.500000e-04,5.08,655.87
2122,4.301690e-03,3.383620e+01,4.886372e-05,8.588654e-05,2997169.971,3.710926e-03,3.405163e+01,2.134499e-05,1.846276e-05,2994933.406,2.500000e-04,5.24,661.11
2123,4.144899e-03,3.390430e+01,4.345931e-05,6.397510e-05,2997531.777,4.334952e-03,3.438223e+01,4.690666e-05,8.553252e-05,3024372.086,2.500000e-04,4.96,666.07
2124,4.110141e-03,3.388108e+01,4.059380e-05,6.321901e-05,2997625.191,4.735381e-03,3.457641e+01,1.027778e-04,4.999233e-05,3014216.477,2.500000e-04,6.21,672.28
2125,4.148504e-03,3.389671e+01,4.118671e-05,6.939308e-05,2997563.020,3.805835e-03,3.425902e+01,2.331934e-05,2.934808e-05,3011672.172,2.500000e-04,5.50,677.78
2126,4.072315e-03,3.390392e+01,3.877759e-05,5.882935e-05,2997660.738,4.782843e-03,3.346627e+01,9.184265e-05,1.035579e-04,2973017.070,2.500000e-04,5.47,683.25
2127,4.034997e-03,3.390028e+01,3.634116e-05,5.631152e-05,2997283.322,3.976108e-03,3.410945e+01,2.932955e-05,5.437345e-05,3014215.453,2.500000e-04,5.83,689.08
2128,4.004284e-03,3.390152e+01,3.716647e-05,4.849348e-05,2997843.086,3.960873e-03,3.361125e+01,3.673122e-05,4.648719e-05,2984255.781,2.500000e-04,5.30,694.38
2129,4.019105e-03,3.387940e+01,3.573875e-05,5.475556e-05,2997445.336,3.769085e-03,3.394848e+01,2.995021e-05,1.494707e-05,2998251.516,2.500000e-04,4.71,699.09
2130,4.177586e-03,3.385229e+01,4.220584e-05,7.405973e-05,2997638.135,3.918226e-03,3.360559e+01,2.253006e-05,6.647327e-05,2977828.117,2.500000e-04,5.18,704.28
2131,4.096676e-03,3.390123e+01,4.693476e-05,4.744112e-05,2997634.393,3.876950e-03,3.360587e+01,3.523910e-05,3.279446e-05,2992764.398,2.500000e-04,5.63,709.90
2132,4.233063e-03,3.385046e+01,4.728151e-05,7.504050e-05,2997278.939,4.284054e-03,3.443982e+01,3.046747e-05,1.070795e-04,3026719.250,2.500000e-04,5.47,715.37
2133,4.170992e-03,3.384927e+01,4.285867e-05,7.149570e-05,2997620.197,4.488957e-03,3.301597e+01,3.474203e-05,1.679878e-04,2967006.516,2.500000e-04,5.61,720.99
2134,4.058524e-03,3.388515e+01,3.694957e-05,6.010255e-05,2997567.303,4.210903e-03,3.325966e+01,4.062627e-05,9.573494e-05,2974311.953,2.500000e-04,5.04,726.03
2135,4.176463e-03,3.386574e+01,4.920820e-05,5.956144e-05,2997438.510,4.668328e-03,3.458523e+01,7.495441e-05,9.205218e-05,3021761.695,2.500000e-04,5.10,731.13
2136,4.207879e-03,3.387254e+01,4.518411e-05,7.375672e-05,2997483.139,4.403650e-03,3.438586e+01,6.800589e-05,5.700106e-05,3009477.820,2.500000e-04,5.46,736.59
2137,4.066415e-03,3.389307e+01,4.294506e-05,4.953157e-05,2997736.170,4.188458e-03,3.411898e+01,3.087834e-05,9.355535e-05,3016576.258,2.500000e-04,5.59,742.18
2138,4.219977e-03,3.389673e+01,3.953597e-05,8.698892e-05,2997306.953,3.809344e-03,3.396188e+01,2.506705e-05,3.249707e-05,3007161.805,2.500000e-04,5.50,747.67
2139,4.053174e-03,3.389181e+01,3.926480e-05,5.426913e-05,2997772.141,3.870136e-03,3.388750e+01,2.369576e-05,4.888556e-05,2992258.750,2.500000e-04,5.27,752.94
2140,4.135600e-03,3.393038e+01,4.184533e-05,6.482162e-05,2997641.500,5.134296e-03,3.429459e+01,8.359324e-05,1.737808e-04,3026979.383,2.500000e-04,4.74,757.68
2141,4.116416e-03,3.386793e+01,4.623338e-05,5.345794e-05,2997554.578,4.269031e-03,3.353755e+01,4.694355e-05,8.916802e-05,2992030.398,2.500000e-04,5.25,762.93
2142,4.208387e-03,3.386790e+01,4.896923e-05,6.638097e-05,2997128.549,4.660726e-03,3.473652e+01,7.461988e-05,8.817494e-05,3024921.727,2.500000e-04,5.52,768.45
2143,4.136602e-03,3.392752e+01,4.311243e-05,6.254498e-05,2997904.432,3.830009e-03,3.379507e+01,2.793863e-05,3.422322e-05,3000314.992,2.500000e-04,5.56,774.01
2144,4.058263e-03,3.389817e+01,4.025115e-05,5.318691e-05,2997423.283,4.263438e-03,3.411635e+01,7.280181e-05,2.475702e-05,3007538.594,2.500000e-04,5.26,779.27
2145,4.008742e-03,3.388686e+01,3.212536e-05,5.976047e-05,2997871.334,3.789474e-03,3.377281e+01,2.249392e-05,3.745085e-05,2985671.945,2.500000e-04,5.38,784.65
2146,4.107146e-03,3.390622e+01,4.049029e-05,6.232434e-05,2997544.645,3.883038e-03,3.369557e+01,3.577437e-05,3.114745e-05,2988510.062,2.500000e-04,5.21,789.86
2147,4.210065e-03,3.388059e+01,4.276686e-05,7.886754e-05,2997612.492,3.777277e-03,3.399470e+01,2.590218e-05,2.375715e-05,3000910.250,2.500000e-04,5.53,795.38
2148,4.116411e-03,3.387543e+01,4.099719e-05,6.377922e-05,2997518.332,4.079376e-03,3.370297e+01,4.762436e-05,4.656699e-05,2992153.242,2.500000e-04,5.41,800.79
2149,3.955408e-03,3.387871e+01,3.345608e-05,4.659524e-05,2997745.865,4.017773e-03,3.388966e+01,4.807933e-05,2.960267e-05,2989512.492,2.500000e-04,5.18,805.97
2150,4.238425e-03,3.385509e+01,4.882213e-05,7.293897e-05,2997303.850,4.121842e-03,3.412792e+01,6.050741e-05,2.079521e-05,3005214.742,2.500000e-04,5.29,811.26
2151,4.180010e-03,3.389095e+01,4.103176e-05,7.611948e-05,2997665.822,4.003313e-03,3.429883e+01,2.790085e-05,5.888431e-05,3009059.359,2.500000e-04,4.99,816.25
2152,4.101019e-03,3.385598e+01,4.394349e-05,5.519737e-05,2997446.365,3.943884e-03,3.408082e+01,4.276806e-05,2.162428e-05,3006128.547,2.500000e-04,5.42,821.67
2153,4.112345e-03,3.389546e+01,4.461616e-05,5.532753e-05,2997838.395,4.040515e-03,3.348993e+01,4.437555e-05,4.955328e-05,2981146.047,2.500000e-04,5.22,826.89
2154,4.293150e-03,3.387126e+01,4.827763e-05,8.464958e-05,2997036.211,3.971750e-03,3.418273e+01,3.927137e-05,3.215268e-05,3012946.727,2.500000e-04,5.45,832.35
2155,4.177515e-03,3.388523e+01,4.825826e-05,6.128171e-05,2997730.635,3.784505e-03,3.375217e+01,2.492697e-05,3.200373e-05,2991749.133,2.500000e-04,4.99,837.34
2156,4.217150e-03,3.389914e+01,4.866962e-05,6.810799e-05,2997725.281,4.077434e-03,3.385235e+01,4.022840e-05,5.798299e-05,2984145.156,2.500000e-04,5.33,842.66
2157,4.191429e-03,3.387796e+01,4.349097e-05,7.374473e-05,2997104.037,4.283996e-03,3.463446e+01,2.463116e-05,1.148476e-04,3029183.477,2.500000e-04,5.68,848.34
2158,3.959036e-03,3.388281e+01,3.149452e-05,5.116185e-05,2997714.168,3.978459e-03,3.443687e+01,3.361570e-05,3.972299e-05,3016305.562,2.500000e-04,5.03,853.37
2159,4.010945e-03,3.390390e+01,3.872955e-05,4.665188e-05,2997807.637,3.956438e-03,3.423129e+01,3.632474e-05,3.401229e-05,2998200.828,2.500000e-04,5.08,858.45
2160,4.085522e-03,3.390826e+01,3.636526e-05,6.620860e-05,2997587.930,3.800718e-03,3.352870e+01,2.535964e-05,3.885038e-05,2990006.648,2.500000e-04,5.35,863.80
2161,4.089133e-03,3.386638e+01,3.946174e-05,6.157566e-05,2997343.920,4.060297e-03,3.370743e+01,5.104899e-05,3.581286e-05,2997531.242,2.500000e-04,5.25,869.05
2162,4.021994e-03,3.390609e+01,3.948805e-05,4.730095e-05,2997830.881,3.712034e-03,3.370917e+01,2.287558e-05,2.247237e-05,2989598.508,2.500000e-04,5.21,874.26
2163,3.971984e-03,3.389450e+01,3.816836e-05,4.016998e-05,2997732.557,5.970906e-03,3.312844e+01,7.608746e-05,3.794375e-04,2947247.188,2.500000e-04,4.84,879.10
2164,4.212536e-03,3.389736e+01,4.502825e-05,7.450351e-05,2997497.342,4.230867e-03,3.329026e+01,2.764720e-05,1.250738e-04,2970766.266,2.500000e-04,5.58,884.68
2165,4.063080e-03,3.388620e+01,3.799190e-05,5.890816e-05,2997232.096,3.946818e-03,3.417955e+01,3.442633e-05,3.691986e-05,3000693.414,2.500000e-04,5.42,890.09
2166,4.176855e-03,3.392057e+01,4.627239e-05,6.441491e-05,2997906.818,3.752307e-03,3.390839e+01,2.560440e-05,2.108488e-05,2994927.758,2.500000e-04,5.55,895.65
2167,4.051335e-03,3.391589e+01,3.774776e-05,5.645380e-05,2997726.953,4.212535e-03,3.345257e+01,3.139575e-05,1.106641e-04,2971545.711,2.500000e-04,5.26,900.91
2168,4.044918e-03,3.389882e+01,3.184660e-05,6.731416e-05,2997547.746,3.764808e-03,3.380488e+01,2.236762e-05,3.212884e-05,2993883.500,2.500000e-04,5.58,906.49
2169,4.160047e-03,3.390401e+01,4.713438e-05,5.966054e-05,2997465.889,4.008693e-03,3.380575e+01,4.725152e-05,3.112059e-05,2996881.617,2.500000e-04,5.69,912.19
2170,4.106344e-03,3.392287e+01,4.382465e-05,5.516230e-05,2997561.525,4.068981e-03,3.393898e+01,3.931809e-05,5.638048e-05,3010577.562,2.500000e-04,5.85,918.04
2171,4.109109e-03,3.390270e+01,3.573924e-05,7.228947e-05,2997479.750,3.865786e-03,3.418763e+01,2.480399e-05,3.979674e-05,3012455.922,2.500000e-04,5.93,923.97
2172,4.064816e-03,3.389767e+01,3.630951e-05,6.239074e-05,2997514.164,4.329487e-03,3.467348e+01,4.344701e-05,8.553373e-05,3023221.977,2.500000e-04,4.97,928.94
2173,4.136446e-03,3.392719e+01,4.034721e-05,6.805102e-05,2997900.369,5.016249e-03,3.350686e+01,4.914585e-05,2.348209e-04,2961101.328,2.500000e-04,5.51,934.45
2174,4.178276e-03,3.394784e+01,4.400902e-05,6.868034e-05,2997401.285,3.946827e-03,3.393078e+01,4.555939e-05,1.963109e-05,2994104.977,2.500000e-04,5.25,939.70
2175,4.128157e-03,3.389664e+01,4.481043e-05,5.807773e-05,2997570.947,3.928622e-03,3.425769e+01,3.997394e-05,2.062270e-05,3011152.922,2.500000e-04,4.99,944.68
2176,4.051055e-03,3.390198e+01,3.624271e-05,5.968594e-05,2997374.266,4.617898e-03,3.465644e+01,6.334234e-05,1.037661e-04,3026924.102,2.500000e-04,5.52,950.21
2177,4.009024e-03,3.392584e+01,3.669046e-05,4.990705e-05,2997952.902,3.987851e-03,3.367622e+01,2.898974e-05,6.606651e-05,2983109.969,2.500000e-04,5.27,955.48
2178,4.085713e-03,3.389496e+01,3.584712e-05,6.754916e-05,2997557.174,3.684519e-03,3.380374e+01,2.162026e-05,1.758857e-05,2998394.555,2.500000e-04,5.71,961.19
2179,4.094337e-03,3.386460e+01,3.856494e-05,6.444538e-05,2997374.400,4.458674e-03,3.313577e+01,3.501232e-05,1.589948e-04,2967350.336,2.500000e-04,5.79,966.98
2180,3.996136e-03,3.388015e+01,3.909451e-05,4.343511e-05,2997662.352,3.661994e-03,3.410199e+01,1.773762e-05,1.488386e-05,3006129.422,2.500000e-04,5.34,972.32
2181,4.028186e-03,3.388739e+01,3.634494e-05,5.519945e-05,2997776.689,3.848965e-03,3.408916e+01,3.717476e-05,1.366013e-05,2998020.180,2.500000e-04,5.41,977.73
2182,4.030007e-03,3.389397e+01,3.404341e-05,6.003519e-05,2997535.541,3.827647e-03,3.414948e+01,2.627622e-05,2.998736e-05,3008094.219,2.500000e-04,4.90,982.63
2183,4.015357e-03,3.390317e+01,3.975740e-05,4.549322e-05,2997582.955,3.996544e-03,3.404585e+01,5.357681e-05,1.123821e-05,2999063.617,2.500000e-04,5.80,988.42
2184,3.961011e-03,3.389512e+01,3.442004e-05,4.545967e-05,2997580.330,5.066563e-03,3.458462e+01,9.546159e-05,1.306972e-04,3031589.672,2.500000e-04,4.97,993.39
2185,4.198400e-03,3.390105e+01,3.962243e-05,8.241433e-05,2997589.895,4.317255e-03,3.431583e+01,4.136832e-05,9.439777e-05,3015868.141,2.500000e-04,5.57,998.96
2186,4.137712e-03,3.385847e+01,4.262736e-05,6.511843e-05,2997477.012,4.548744e-03,3.471036e+01,6.643426e-05,8.267303e-05,3020660.336,2.500000e-04,5.79,1004.75
2187,4.270155e-03,3.390167e+01,4.725424e-05,8.148916e-05,2997552.305,3.709202e-03,3.420994e+01,1.903330e-05,1.957489e-05,3005220.320,2.500000e-04,5.37,1010.12
2188,4.123241e-03,3.391612e+01,3.738416e-05,7.155755e-05,2997713.174,3.837864e-03,3.385219e+01,3.497898e-05,2.057110e-05,2999831.992,2.500000e-04,5.96,1016.08
2189,4.102850e-03,3.385754e+01,3.780825e-05,6.780271e-05,2997593.703,3.974336e-03,3.420450e+01,4.036964e-05,3.003790e-05,3003034.055,2.500000e-04,5.47,1021.55
2190,4.100564e-03,3.393756e+01,4.015888e-05,6.104389e-05,2997573.018,4.033285e-03,3.379102e+01,3.874826e-05,5.333996e-05,3007435.055,2.500000e-04,5.21,1026.77
2191,4.207849e-03,3.389255e+01,5.102672e-05,6.166551e-05,2997328.818,4.281291e-03,3.433387e+01,3.732575e-05,9.492919e-05,3020427.797,2.500000e-04,5.29,1032.06
2192,4.033924e-03,3.392881e+01,3.136010e-05,6.548833e-05,2997868.633,4.054186e-03,3.360244e+01,4.895260e-05,4.088324e-05,2992577.539,2.500000e-04,5.20,1037.26
2193,4.125336e-03,3.390156e+01,4.075937e-05,6.551729e-05,2997806.305,3.628730e-03,3.376778e+01,1.760372e-05,1.518292e-05,2994026.523,2.500000e-04,5.43,1042.68
2194,4.239059e-03,3.388510e+01,4.226228e-05,8.558528e-05,2997202.344,3.960239e-03,3.441861e+01,3.328599e-05,3.710348e-05,3008835.852,2.500000e-04,5.42,1048.10
2195,4.210221e-03,3.390581e+01,4.455029e-05,7.482739e-05,2997614.125,4.237277e-03,3.367398e+01,3.247962e-05,1.090165e-04,2978396.672,2.500000e-04,5.73,1053.83
2196,4.010728e-03,3.391431e+01,3.631530e-05,5.122875e-05,2997490.920,3.885953e-03,3.420170e+01,3.771824e-05,1.772024e-05,3006299.852,2.500000e-04,5.14,1058.97
2197,4.019967e-03,3.391380e+01,3.447530e-05,5.676666e-05,2997738.701,3.714655e-03,3.406705e+01,2.591580e-05,9.758493e-06,3004029.391,2.500000e-04,5.61,1064.58
2198,4.158402e-03,3.390204e+01,3.809109e-05,7.745756e-05,2997798.291,4.014496e-03,3.375358e+01,2.821973e-05,7.138816e-05,2993476.328,2.500000e-04,5.04,1069.62
2199,4.058300e-03,3.390260e+01,3.711547e-05,5.937696e-05,2997240.873,4.802900e-03,3.455415e+01,7.393858e-05,1.216198e-04,3028553.258,2.500000e-04,5.98,1075.59
2200,4.067767e-03,3.388700e+01,3.869279e-05,5.842792e-05,2997455.156,3.917890e-03,3.443780e+01,2.734856e-05,4.012493e-05,3013126.234,2.500000e-04,5.95,1081.55
2201,4.035438e-03,3.388737e+01,3.916216e-05,5.101584e-05,2997699.273,4.239776e-03,3.450996e+01,4.014577e-05,7.746447e-05,3022309.766,2.500000e-04,5.69,1087.24
2202,4.073728e-03,3.388166e+01,3.985863e-05,5.739506e-05,2997758.055,4.052585e-03,3.413580e+01,2.350130e-05,8.079838e-05,3016457.430,2.500000e-04,5.60,1092.84
2203,4.133139e-03,3.387152e+01,4.365806e-05,6.188136e-05,2997563.338,3.796705e-03,3.371870e+01,3.310406e-05,1.875904e-05,2992242.523,2.500000e-04,5.42,1098.26
2204,4.021928e-03,3.388906e+01,3.886295e-05,4.887862e-05,2997506.039,3.925110e-03,3.392204e+01,3.607425e-05,3.443266e-05,2989795.312,2.500000e-04,5.53,1103.79
2205,4.251190e-03,3.388735e+01,4.852610e-05,7.543870e-05,2997468.562,3.709306e-03,3.380078e+01,2.290911e-05,2.002736e-05,2997682.242,2.500000e-04,5.08,1108.87
2206,3.947242e-03,3.388368e+01,3.495287e-05,4.186915e-05,2997720.582,4.468815e-03,3.381180e+01,1.015760e-04,1.437494e-05,2995033.797,2.500000e-04,5.65,1114.52
2207,4.266565e-03,3.390407e+01,5.660054e-05,6.203042e-05,2997435.205,3.832185e-03,3.408966e+01,2.273506e-05,3.917363e-05,3006837.672,2.500000e-04,5.81,1120.33
2208,4.009148e-03,3.388284e+01,3.542235e-05,5.332815e-05,2997315.732,4.013639e-03,3.393907e+01,3.347486e-05,5.699677e-05,3004085.562,2.500000e-04,5.49,1125.82
2209,4.306359e-03,3.392854e+01,4.766667e-05,8.736763e-05,2997738.646,4.604159e-03,3.463475e+01,3.131495e-05,1.655068e-04,3034843.438,2.500000e-04,5.06,1130.88
2210,4.164961e-03,3.387829e+01,3.944287e-05,7.654068e-05,2997685.322,3.734200e-03,3.367589e+01,2.734898e-05,1.862430e-05,2991235.844,2.500000e-04,5.76,1136.64
2211,3.933139e-03,3.387834e+01,3.496377e-05,3.913340e-05,2997608.301,3.644199e-03,3.372504e+01,1.920008e-05,1.593898e-05,2990702.875,2.500000e-04,5.50,1142.14
2212,4.086568e-03,3.389060e+01,4.157247e-05,5.635671e-05,2997488.289,3.691559e-03,3.415560e+01,2.018162e-05,1.483669e-05,3002529.734,2.500000e-04,5.08,1147.22
2213,4.076071e-03,3.385502e+01,3.882272e-05,6.046835e-05,2997723.508,5.631425e-03,3.313066e+01,7.897983e-05,3.057121e-04,2951652.875,2.500000e-04,6.06,1153.28
2214,4.108744e-03,3.387951e+01,4.481867e-05,5.452135e-05,2997727.975,3.744874e-03,3.381534e+01,2.418720e-05,2.429353e-05,2998254.555,2.500000e-04,5.62,1158.90
2215,4.131808e-03,3.386345e+01,4.031521e-05,6.846222e-05,2997482.393,3.859688e-03,3.396020e+01,3.973773e-05,1.325826e-05,3000934.250,2.500000e-04,5.46,1164.36
2216,4.140907e-03,3.386765e+01,4.702212e-05,5.678411e-05,2997875.254,4.273167e-03,3.344141e+01,5.417787e-05,7.744937e-05,2981219.711,2.500000e-04,5.52,1169.88
2217,4.045995e-03,3.384888e+01,3.539303e-05,6.143535e-05,2997073.812,3.975754e-03,3.396914e+01,3.188370e-05,5.200064e-05,2994175.617,2.500000e-04,5.43,1175.31
2218,4.108614e-03,3.386397e+01,4.207921e-05,6.028499e-05,2997598.082,4.021981e-03,3.363521e+01,4.032855e-05,5.103495e-05,2985229.914,2.500000e-04,5.43,1180.73
2219,4.356652e-03,3.389904e+01,4.639649e-05,1.005566e-04,2997651.979,3.777921e-03,3.357383e+01,2.647418e-05,3.115911e-05,2991708.031,2.500000e-04,5.42,1186.16
2220,4.068308e-03,3.384612e+01,4.106511e-05,5.460917e-05,2997482.512,3.672138e-03,3.397282e+01,1.677229e-05,2.142664e-05,3005622.203,2.500000e-04,5.28,1191.43
2221,4.111115e-03,3.384838e+01,3.807662e-05,6.910219e-05,2997843.178,3.690226e-03,3.387229e+01,2.388593e-05,1.282759e-05,2995532.047,2.500000e-04,5.26,1196.69
2222,4.099001e-03,3.388571e+01,4.644643e-05,4.919299e-05,2997412.225,4.024184e-03,3.357415e+01,4.299906e-05,4.735579e-05,2990083.516,2.500000e-04,5.58,1202.27
2223,4.054847e-03,3.385374e+01,3.531067e-05,6.327333e-05,2997666.939,3.756865e-03,3.394345e+01,2.802388e-05,1.645627e-05,2998096.703,2.500000e-04,5.82,1208.09
2224,4.132496e-03,3.388360e+01,3.565491e-05,7.751758e-05,2997788.055,3.756978e-03,3.388318e+01,2.986331e-05,1.400534e-05,2993882.172,2.500000e-04,5.37,1213.47
2225,4.045953e-03,3.384854e+01,3.951034e-05,5.319899e-05,2997310.217,4.094253e-03,3.338087e+01,3.022753e-05,9.077828e-05,2973728.570,2.500000e-04,4.89,1218.35
2226,3.923158e-03,3.386879e+01,3.342383e-05,4.040828e-05,2997847.592,3.978711e-03,3.444053e+01,2.945002e-05,4.803171e-05,3017825.289,2.500000e-04,5.11,1223.47
2227,4.491203e-03,3.389889e+01,4.976927e-05,1.207243e-04,2997544.879,4.470028e-03,3.442671e+01,3.974098e-05,1.259893e-04,3028662.359,2.500000e-04,5.62,1229.08
2228,4.247147e-03,3.385189e+01,4.515267e-05,8.208635e-05,2997284.131,4.305054e-03,3.443483e+01,3.139173e-05,1.095308e-04,3024435.047,2.500000e-04,5.37,1234.45
2229,4.093881e-03,3.387105e+01,3.995677e-05,6.144174e-05,2997317.117,4.124803e-03,3.458915e+01,2.929552e-05,7.458653e-05,3021276.297,2.500000e-04,5.19,1239.65
2230,4.167543e-03,3.390822e+01,4.207107e-05,7.120192e-05,2997965.242,4.302200e-03,3.339613e+01,3.259568e-05,1.273261e-04,2982377.773,2.500000e-04,5.43,1245.07
2231,4.144244e-03,3.385556e+01,4.464584e-05,6.244605e-05,2997314.152,3.808458e-03,3.360619e+01,2.871150e-05,3.214497e-05,2985814.859,2.500000e-04,5.67,1250.74
2232,4.034477e-03,3.387054e+01,3.665247e-05,5.617956e-05,2997476.086,4.159460e-03,3.393331e+01,7.039025e-05,1.244527e-05,3001743.164,2.500000e-04,5.50,1256.24
2233,4.098812e-03,3.386549e+01,4.460742e-05,5.323783e-05,2997593.525,4.087610e-03,3.404195e+01,5.590346e-05,2.487602e-05,3001430.797,2.500000e-04,5.26,1261.50
2234,4.026806e-03,3.386396e+01,3.905040e-05,4.998119e-05,2997615.762,4.182334e-03,3.436180e+01,5.269698e-05,4.383687e-05,3006506.672,2.500000e-04,5.51,1267.01
2235,4.049076e-03,3.388021e+01,4.095881e-05,5.029351e-05,2997903.689,4.031366e-03,3.359097e+01,4.101616e-05,5.242167e-05,2989374.859,2.500000e-04,5.17,1272.17
2236,4.010715e-03,3.386287e+01,3.621594e-05,5.245382e-05,2997667.461,3.788428e-03,3.415653e+01,2.874131e-05,1.707226e-05,3007949.500,2.500000e-04,5.81,1277.99
2237,4.085093e-03,3.387520e+01,3.624255e-05,6.702950e-05,2997410.861,3.679062e-03,3.385031e+01,1.949470e-05,1.981682e-05,2992739.781,2.500000e-04,5.56,1283.55
2238,4.041909e-03,3.385433e+01,4.240490e-05,4.648533e-05,2997809.607,4.126354e-03,3.374367e+01,3.440402e-05,8.158939e-05,2980278.430,2.500000e-04,5.17,1288.72
2239,4.080180e-03,3.385519e+01,3.499253e-05,6.894713e-05,2997518.959,3.852272e-03,3.396486e+01,3.688436e-05,1.738848e-05,3003395.375,2.500000e-04,5.55,1294.27
2240,4.146580e-03,3.384844e+01,4.093348e-05,7.048037e-05,2997471.600,4.434257e-03,3.376016e+01,5.115079e-05,1.093466e-04,2983983.766,2.500000e-04,5.21,1299.48
2241,4.148763e-03,3.389391e+01,4.568649e-05,6.050134e-05,2997942.252,4.179228e-03,3.318861e+01,2.298171e-05,1.261099e-04,2969251.000,2.500000e-04,6.08,1305.55
2242,4.172597e-03,3.386995e+01,3.750885e-05,8.210264e-05,2997465.297,4.258504e-03,3.334801e+01,3.358509e-05,1.175705e-04,2968971.680,2.500000e-04,5.56,1311.11
2243,4.239368e-03,3.388763e+01,4.448589e-05,8.114919e-05,2997706.096,4.041413e-03,3.457045e+01,2.638483e-05,6.410396e-05,3017285.773,2.500000e-04,5.98,1317.09
2244,4.082351e-03,3.388942e+01,4.150870e-05,5.566437e-05,2997475.191,4.006921e-03,3.379668e+01,2.331645e-05,7.881778e-05,2983062.016,2.500000e-04,5.61,1322.71
2245,4.130416e-03,3.386920e+01,3.850754e-05,7.168413e-05,2997599.934,3.751412e-03,3.401369e+01,2.414054e-05,2.172749e-05,3003019.594,2.500000e-04,4.86,1327.57
2246,4.097199e-03,3.387140e+01,4.214711e-05,5.771756e-05,2997560.066,4.386981e-03,3.362467e+01,7.388861e-05,5.712544e-05,2983767.984,2.500000e-04,5.70,1333.26
2247,4.005851e-03,3.387765e+01,3.767492e-05,4.826731e-05,2997478.152,3.836876e-03,3.405529e+01,2.146735e-05,4.333471e-05,3008554.375,2.500000e-04,4.93,1338.22
2248,4.100895e-03,3.384477e+01,4.319199e-05,5.689967e-05,2997611.924,4.157568e-03,3.340238e+01,2.810164e-05,1.072628e-04,2977008.297,2.500000e-04,5.61,1343.83
2249,4.131528e-03,3.386355e+01,4.039345e-05,6.824778e-05,2997594.922,4.176078e-03,3.368361e+01,4.493767e-05,7.166798e-05,3003213.344,2.500000e-04,5.40,1349.22
2250,4.155736e-03,3.386036e+01,4.575632e-05,6.242745e-05,2997339.467,4.299307e-03,3.396305e+01,6.387506e-05,5.285027e-05,3001794.039,2.500000e-04,5.43,1354.65
2251,4.129134e-03,3.387692e+01,4.208552e-05,6.411738e-05,2997995.004,4.228037e-03,3.373497e+01,6.284342e-05,4.522130e-05,2986981.016,2.500000e-04,5.74,1360.39
2252,4.135141e-03,3.384103e+01,4.098451e-05,6.823872e-05,2997099.623,3.889738e-03,3.400729e+01,3.647641e-05,2.484896e-05,3005210.617,2.500000e-04,5.21,1365.60
2253,4.010211e-03,3.388447e+01,3.550501e-05,5.334279e-05,2997461.084,4.654413e-03,3.430592e+01,4.512791e-05,1.545083e-04,3024446.617,2.500000e-04,5.35,1370.95
2254,4.072752e-03,3.388009e+01,4.457618e-05,4.779611e-05,2997649.486,3.700843e-03,3.389399e+01,2.601538e-05,1.025792e-05,2995847.820,2.500000e-04,5.65,1376.60
2255,4.167474e-03,3.386264e+01,4.411343e-05,6.801516e-05,2997433.641,3.995251e-03,3.434482e+01,3.422063e-05,4.371261e-05,3017479.453,2.500000e-04,5.63,1382.23
2256,4.111999e-03,3.387928e+01,4.188144e-05,6.105125e-05,2997996.885,5.224712e-03,3.303870e+01,4.298209e-05,2.982044e-04,2950003.367,2.500000e-04,5.65,1387.88
2257,4.128660e-03,3.385352e+01,4.383981e-05,6.098212e-05,2997180.998,3.812099e-03,3.384416e+01,2.481560e-05,3.590545e-05,3001840.516,2.500000e-04,6.00,1393.88
2258,4.051243e-03,3.388152e+01,3.993568e-05,5.274682e-05,2997690.719,3.752948e-03,3.373472e+01,2.796843e-05,1.995828e-05,2991044.656,2.500000e-04,5.18,1399.05
2259,4.120308e-03,3.389953e+01,4.155199e-05,6.296711e-05,2997887.352,4.340332e-03,3.423335e+01,7.653895e-05,3.032157e-05,3012891.406,2.500000e-04,5.40,1404.45
2260,4.135819e-03,3.384557e+01,4.147447e-05,6.730350e-05,2997327.160,3.830060e-03,3.410461e+01,2.581438e-05,3.229110e-05,3010952.336,2.500000e-04,5.29,1409.74
2261,4.113163e-03,3.383451e+01,3.546952e-05,7.500329e-05,2997181.018,4.207535e-03,3.444529e+01,3.012043e-05,9.236040e-05,3023116.492,2.500000e-04,5.02,1414.77
2262,4.093019e-03,3.386719e+01,4.317937e-05,5.490133e-05,2997973.426,3.789580e-03,3.366802e+01,2.996572e-05,2.462428e-05,2992824.875,2.500000e-04,5.54,1420.31
2263,4.136869e-03,3.385691e+01,4.503511e-05,6.016545e-05,2997384.229,3.856111e-03,3.360058e+01,3.120423e-05,3.680216e-05,2984309.070,2.500000e-04,5.51,1425.81
2264,4.187302e-03,3.386111e+01,4.819055e-05,6.385700e-05,2997801.053,3.713932e-03,3.394716e+01,2.207719e-05,1.968893e-05,2994703.203,2.500000e-04,4.71,1430.52
2265,4.015525e-03,3.387782e+01,3.942957e-05,4.668949e-05,2997841.795,4.300419e-03,3.401192e+01,7.069509e-05,3.845525e-05,3003213.391,2.500000e-04,4.86,1435.38
2266,4.121891e-03,3.387921e+01,4.394202e-05,5.890992e-05,2997740.947,4.593007e-03,3.338408e+01,3.102853e-05,1.888628e-04,2966932.680,2.500000e-04,5.69,1441.07
2267,4.270442e-03,3.388096e+01,4.020521e-05,9.605885e-05,2997540.172,3.799809e-03,3.418886e+01,2.482302e-05,2.653867e-05,3004504.336,2.500000e-04,5.41,1446.48
2268,4.001790e-03,3.385240e+01,3.383215e-05,5.564587e-05,2997517.176,4.438404e-03,3.337659e+01,3.592757e-05,1.482939e-04,2967689.070,2.500000e-04,5.95,1452.43
2269,4.114012e-03,3.386018e+01,3.861396e-05,6.837084e-05,2997257.648,4.100611e-03,3.463499e+01,2.493923e-05,7.754402e-05,3022938.438,2.500000e-04,5.12,1457.55
2270,4.049106e-03,3.385369e+01,3.718734e-05,5.837285e-05,2997420.795,4.036842e-03,3.432810e+01,3.170823e-05,5.738991e-05,3016348.016,2.500000e-04,5.63,1463.17
2271,4.271978e-03,3.389510e+01,4.781219e-05,8.086920e-05,2997890.777,4.159610e-03,3.382463e+01,4.943605e-05,5.655735e-05,2986496.742,2.500000e-04,5.69,1468.86
2272,4.140741e-03,3.386037e+01,4.709058e-05,5.675981e-05,2997104.082,4.237251e-03,3.443456e+01,5.501009e-05,4.873884e-05,3017386.977,2.500000e-04,5.23,1474.09
2273,4.136079e-03,3.388009e+01,4.395747e-05,6.169916e-05,2997761.211,4.576340e-03,3.440651e+01,8.745030e-05,5.223722e-05,3017902.891,2.500000e-04,5.78,1479.87
2274,4.019831e-03,3.389428e+01,4.117519e-05,4.373024e-05,2997728.705,4.292984e-03,3.430623e+01,6.674374e-05,3.898478e-05,3009941.992,2.500000e-04,5.74,1485.61
2275,4.012086e-03,3.383319e+01,3.484015e-05,5.607328e-05,2997408.426,4.070443e-03,3.453162e+01,2.907367e-05,6.530889e-05,3005844.555,2.500000e-04,5.74,1491.34
2276,4.239763e-03,3.388929e+01,4.645155e-05,7.726375e-05,2998233.887,5.369412e-03,3.260865e+01,3.310928e-05,3.554908e-04,2945688.461,2.500000e-04,5.42,1496.76
2277,4.198733e-03,3.387595e+01,4.553951e-05,7.114852e-05,2996975.689,3.654207e-03,3.371961e+01,2.161429e-05,1.322076e-05,2993613.078,2.500000e-04,5.17,1501.93
2278,4.019779e-03,3.386077e+01,3.448324e-05,5.777400e-05,2997591.020,3.790591e-03,3.370974e+01,2.178269e-05,4.035809e-05,2988179.594,2.500000e-04,5.44,1507.38
2279,4.028263e-03,3.387425e+01,3.472902e-05,5.870955e-05,2997568.541,3.879862e-03,3.398057e+01,4.022517e-05,1.591073e-05,2999278.828,2.500000e-04,5.43,1512.80
2280,4.165303e-03,3.389507e+01,4.538860e-05,6.438198e-05,2997577.068,3.776531e-03,3.374066e+01,3.005742e-05,2.037812e-05,2993872.664,2.500000e-04,5.17,1517.98
2281,4.014377e-03,3.388928e+01,3.303609e-05,5.901756e-05,2997547.594,4.345498e-03,3.330539e+01,5.094571e-05,1.011003e-04,2973684.000,2.500000e-04,5.42,1523.40
2282,4.208650e-03,3.386117e+01,3.937331e-05,8.576007e-05,2997591.953,4.177074e-03,3.347268e+01,2.168285e-05,1.225955e-04,2969336.008,2.500000e-04,5.77,1529.16
2283,4.168573e-03,3.387709e+01,3.768616e-05,8.080048e-05,2997134.715,4.581370e-03,3.476150e+01,3.670563e-05,1.476328e-04,3033957.250,2.500000e-04,5.15,1534.31
2284,3.993321e-03,3.388085e+01,3.469360e-05,5.166012e-05,2998063.080,3.995887e-03,3.360219e+01,3.780555e-05,5.152250e-05,2980793.141,2.500000e-04,5.38,1539.69
2285,3.998802e-03,3.386242e+01,3.747649e-05,4.755915e-05,2997505.410,3.931104e-03,3.391203e+01,3.923270e-05,2.951482e-05,3000912.578,2.500000e-04,5.86,1545.55
2286,4.211457e-03,3.385589e+01,4.279823e-05,7.957726e-05,2997188.617,4.871290e-03,3.464126e+01,7.547018e-05,1.304924e-04,3028922.406,2.500000e-04,5.32,1550.87
2287,4.316610e-03,3.391301e+01,5.809769e-05,6.886628e-05,2997766.262,4.345062e-03,3.382569e+01,7.284766e-05,4.680327e-05,2993782.461,2.500000e-04,5.78,1556.66
2288,4.048487e-03,3.387253e+01,3.795751e-05,5.633168e-05,2997332.402,3.745231e-03,3.414336e+01,2.384637e-05,1.848628e-05,3009440.766,2.500000e-04,5.39,1562.05
2289,4.084886e-03,3.386306e+01,4.255753e-05,5.460085e-05,2997995.143,3.781113e-03,3.375841e+01,2.653969e-05,2.797505e-05,2996797.820,2.500000e-04,5.66,1567.71
2290,4.087959e-03,3.388168e+01,3.885841e-05,6.224129e-05,2997781.264,3.752189e-03,3.373887e+01,2.585027e-05,2.395988e-05,2989683.758,2.500000e-04,6.00,1573.71
2291,4.031379e-03,3.385066e+01,3.467005e-05,5.992245e-05,2997478.291,4.392832e-03,3.342702e+01,6.772319e-05,7.457963e-05,2977989.836,2.500000e-04,6.01,1579.72
2292,4.307045e-03,3.385952e+01,5.032026e-05,8.357798e-05,2997298.301,3.903171e-03,3.360932e+01,2.977788e-05,4.889209e-05,2985943.594,2.500000e-04,5.31,1585.03
2293,4.032435e-03,3.388739e+01,4.101615e-05,4.670693e-05,2997445.531,3.777668e-03,3.427768e+01,2.051325e-05,2.895353e-05,3012987.750,2.500000e-04,5.63,1590.66
2294,4.090378e-03,3.387617e+01,4.009222e-05,6.036770e-05,2997511.729,4.330399e-03,3.448432e+01,4.400974e-05,8.837381e-05,3025776.734,2.500000e-04,6.01,1596.67
2295,4.223171e-03,3.386804e+01,5.108402e-05,6.510541e-05,2997637.867,3.703387e-03,3.385309e+01,2.073556e-05,2.214460e-05,2995221.953,2.500000e-04,5.36,1602.02
2296,3.982599e-03,3.386500e+01,3.503826e-05,4.914325e-05,2997682.342,4.286495e-03,3.386080e+01,6.985291e-05,4.037724e-05,2989183.727,2.500000e-04,5.34,1607.36
2297,4.096987e-03,3.387017e+01,3.970083e-05,6.259232e-05,2997522.693,4.230539e-03,3.407026e+01,5.655281e-05,5.159707e-05,3011870.750,2.500000e-04,5.44,1612.80
2298,4.178308e-03,3.386205e+01,4.826864e-05,6.188322e-05,2997376.795,4.305222e-03,3.405071e+01,6.432858e-05,5.137310e-05,3003101.258,2.500000e-04,5.38,1618.19
2299,4.064470e-03,3.388048e+01,4.355326e-05,4.817786e-05,2997705.744,3.729150e-03,3.415441e+01,2.505144e-05,1.263886e-05,3006785.039,2.500000e-04,5.28,1623.47
2300,4.053620e-03,3.387824e+01,4.641739e-05,4.032453e-05,2997552.705,3.882021e-03,3.378560e+01,3.857609e-05,2.354000e-05,2995336.430,2.500000e-04,5.20,1628.67
2301,4.111501e-03,3.386075e+01,4.226594e-05,6.055341e-05,2997654.992,3.965139e-03,3.377168e+01,4.524767e-05,2.709880e-05,2999622.430,2.500000e-04,5.69,1634.36
2302,4.041114e-03,3.387180e+01,3.575326e-05,5.928021e-05,2997867.004,3.747710e-03,3.360216e+01,2.360918e-05,3.028055e-05,2993183.406,2.500000e-04,5.65,1640.01
2303,4.027797e-03,3.384067e+01,3.894082e-05,5.086457e-05,2997422.381,6.412006e-03,3.275610e+01,7.874976e-05,4.697798e-04,2940391.227,2.500000e-04,5.43,1645.44
2304,4.209430e-03,3.389175e+01,4.524125e-05,7.356846e-05,2997650.996,4.838815e-03,3.426307e+01,1.150731e-04,5.235527e-05,3011304.602,2.500000e-04,5.34,1650.78
2305,4.024115e-03,3.386879e+01,3.684320e-05,5.376089e-05,2997633.451,3.915704e-03,3.338875e+01,2.255901e-05,7.024786e-05,2976104.219,2.500000e-04,5.41,1656.19
2306,4.020625e-03,3.385633e+01,3.949539e-05,4.800768e-05,2997533.527,3.790818e-03,3.378221e+01,2.653971e-05,2.943994e-05,2990202.414,2.500000e-04,5.30,1661.49
2307,3.985675e-03,3.391195e+01,3.349574e-05,5.190454e-05,2997789.883,3.945431e-03,3.352498e+01,1.995105e-05,7.868455e-05,2975420.953,2.500000e-04,5.29,1666.78
2308,4.088005e-03,3.382875e+01,4.577884e-05,4.946830e-05,2997336.973,4.249679e-03,3.409554e+01,7.323600e-05,2.155303e-05,3005325.703,2.500000e-04,5.15,1671.93
2309,4.458133e-03,3.385497e+01,5.274914e-05,1.090289e-04,2997360.334,4.164519e-03,3.414325e+01,4.817920e-05,5.368040e-05,3013779.336,2.500000e-04,5.37,1677.30
2310,3.975323e-03,3.385446e+01,3.591609e-05,4.614335e-05,2997817.543,3.950722e-03,3.352274e+01,3.105792e-05,5.757382e-05,2979357.070,2.500000e-04,5.59,1682.89
2311,4.161042e-03,3.386241e+01,4.395519e-05,6.704974e-05,2997336.379,3.861243e-03,3.381038e+01,3.321702e-05,2.960709e-05,2990777.453,2.500000e-04,5.24,1688.13
2312,4.095777e-03,3.385655e+01,4.279655e-05,5.643130e-05,2997449.912,4.836128e-03,3.411913e+01,1.001063e-04,8.463064e-05,3000310.656,2.500000e-04,5.39,1693.51
2313,4.168095e-03,3.385707e+01,4.804537e-05,6.038682e-05,2997528.230,4.190498e-03,3.465495e+01,3.178647e-05,8.142770e-05,3014793.094,2.500000e-04,4.72,1698.24
2314,4.126183e-03,3.386640e+01,3.417548e-05,7.955772e-05,2997741.199,3.909752e-03,3.445283e+01,2.094118e-05,5.101147e-05,3017641.758,2.500000e-04,5.45,1703.69
2315,4.092459e-03,3.386432e+01,4.839968e-05,4.440604e-05,2997628.832,3.641144e-03,3.389152e+01,2.043559e-05,9.527257e-06,2996557.234,2.500000e-04,5.34,1709.03
2316,4.050127e-03,3.384916e+01,4.154948e-05,4.994325e-05,2997547.061,3.622705e-03,3.401252e+01,1.556449e-05,1.316158e-05,3000648.094,2.500000e-04,5.29,1714.31
2317,4.066128e-03,3.383068e+01,3.949861e-05,5.761477e-05,2997493.090,3.853065e-03,3.428094e+01,1.675978e-05,5.147463e-05,3019240.883,2.500000e-04,5.34,1719.65
2318,4.060079e-03,3.384117e+01,4.054944e-05,5.409350e-05,2997940.320,3.846189e-03,3.363023e+01,2.961866e-05,3.739585e-05,2989649.008,2.500000e-04,5.07,1724.72
2319,4.282407e-03,3.384794e+01,3.858875e-05,1.023451e-04,2997055.449,4.747467e-03,3.469926e+01,2.682248e-05,2.018633e-04,3038718.625,2.500000e-04,4.91,1729.63
2320,4.081679e-03,3.386638e+01,3.544640e-05,6.811531e-05,2997873.428,3.857944e-03,3.421687e+01,1.813486e-05,5.098167e-05,3015127.602,2.500000e-04,5.23,1734.85
2321,4.028418e-03,3.384781e+01,3.417446e-05,6.037841e-05,2997412.299,4.103900e-03,3.441007e+01,2.938004e-05,7.381859e-05,3020756.164,2.500000e-04,5.57,1740.42
2322,4.227645e-03,3.384203e+01,4.776426e-05,7.315978e-05,2997451.596,4.806491e-03,3.442571e+01,1.033915e-04,6.600102e-05,3010250.273,2.500000e-04,4.94,1745.36
2323,4.066104e-03,3.385386e+01,3.947252e-05,5.719859e-05,2997750.117,3.783047e-03,3.377028e+01,2.759816e-05,2.600753e-05,2994044.180,2.500000e-04,5.79,1751.15
2324,4.090424e-03,3.386737e+01,3.904609e-05,6.264519e-05,2997670.318,3.836110e-03,3.368894e+01,2.186269e-05,4.971787e-05,3002513.602,2.500000e-04,5.44,1756.60
2325,3.999420e-03,3.382246e+01,3.645121e-05,5.053242e-05,2997695.213,3.817559e-03,3.384578e+01,3.599215e-05,1.461197e-05,2991915.945,2.500000e-04,5.62,1762.22
2326,4.090169e-03,3.384582e+01,4.316924e-05,5.477901e-05,2997590.641,3.841530e-03,3.392436e+01,3.838519e-05,1.304839e-05,3000450.406,2.500000e-04,5.26,1767.47
2327,4.057923e-03,3.384012e+01,3.774148e-05,5.929917e-05,2997521.510,4.091510e-03,3.425959e+01,2.384472e-05,8.542084e-05,3021672.398,2.500000e-04,5.04,1772.51
2328,4.271230e-03,3.388742e+01,4.213864e-05,9.222030e-05,2997800.053,3.992134e-03,3.347558e+01,2.623467e-05,7.644595e-05,2978355.883,2.500000e-04,5.72,1778.23
2329,4.061118e-03,3.382021e+01,4.125437e-05,5.331079e-05,2997165.613,4.134534e-03,3.436405e+01,3.931865e-05,6.098845e-05,3019023.578,2.500000e-04,5.46,1783.68
2330,4.113409e-03,3.386231e+01,3.821696e-05,6.900158e-05,2997972.760,4.134320e-03,3.359176e+01,5.130319e-05,5.242250e-05,2983301.070,2.500000e-04,5.46,1789.15
2331,4.103044e-03,3.387641e+01,4.312969e-05,5.682140e-05,2997776.486,4.632384e-03,3.383364e+01,1.051937e-04,3.941656e-05,3002578.508,2.500000e-04,5.75,1794.90
2332,4.275119e-03,3.384614e+01,4.586018e-05,8.638071e-05,2997176.768,3.893569e-03,3.350330e+01,2.647981e-05,5.568809e-05,2993173.766,2.500000e-04,4.97,1799.87
2333,4.099648e-03,3.388614e+01,4.573095e-05,5.074492e-05,2997525.404,4.879518e-03,3.371533e+01,1.350151e-04,3.156682e-05,2986667.383,2.500000e-04,5.18,1805.05
2334,4.056996e-03,3.382587e+01,3.801546e-05,5.885081e-05,2997634.672,4.006475e-03,3.360299e+01,2.714217e-05,7.495081e-05,2976910.648,2.500000e-04,4.90,1809.94
2335,4.148040e-03,3.388496e+01,4.232483e-05,6.725905e-05,2997607.023,4.307169e-03,3.420372e+01,3.726633e-05,1.028266e-04,3019693.250,2.500000e-04,5.45,1815.40
2336,4.050840e-03,3.383805e+01,3.940406e-05,5.459885e-05,2997648.945,4.818787e-03,3.336297e+01,4.129329e-05,2.139114e-04,2959718.086,2.500000e-04,5.12,1820.52
2337,4.052548e-03,3.387928e+01,3.442096e-05,6.408217e-05,2997600.273,3.657753e-03,3.391602e+01,2.286427e-05,7.501542e-06,3000575.227,2.500000e-04,5.52,1826.04
2338,4.168500e-03,3.383955e+01,4.405206e-05,6.880499e-05,2997435.871,3.936260e-03,3.435437e+01,2.539127e-05,4.938208e-05,3006114.219,2.500000e-04,5.15,1831.19
2339,4.058453e-03,3.386281e+01,3.699537e-05,6.044375e-05,2997477.594,3.716942e-03,3.401481e+01,1.985773e-05,2.337675e-05,3006997.391,2.500000e-04,5.55,1836.74
2340,4.115053e-03,3.386058e+01,4.026489e-05,6.526924e-05,2997785.717,3.769488e-03,3.393933e+01,1.700691e-05,4.109706e-05,3002348.750,2.500000e-04,4.92,1841.66
2341,4.214695e-03,3.383654e+01,5.031292e-05,6.558242e-05,2997501.061,4.017049e-03,3.370726e+01,3.707049e-05,5.512368e-05,2982629.492,2.500000e-04,5.27,1846.93
2342,4.298684e-03,3.385093e+01,5.472795e-05,7.326238e-05,2997247.400,4.110029e-03,3.430792e+01,5.191204e-05,3.202354e-05,3006982.797,2.500000e-04,5.56,1852.49
2343,3.988437e-03,3.387817e+01,3.823025e-05,4.366348e-05,2997952.967,4.347009e-03,3.344007e+01,6.012520e-05,8.035003e-05,2974783.297,2.500000e-04,5.66,1858.15
2344,4.054151e-03,3.386579e+01,4.040604e-05,5.270226e-05,2997532.887,3.828594e-03,3.408725e+01,3.390421e-05,1.616540e-05,3003129.891,2.500000e-04,5.51,1863.66
2345,4.130003e-03,3.385663e+01,3.886872e-05,7.113057e-05,2997499.797,3.762933e-03,3.375710e+01,2.668754e-05,2.406958e-05,2990567.438,2.500000e-04,5.32,1868.97
2346,4.034271e-03,3.385720e+01,3.888655e-05,5.193727e-05,2997970.463,3.832404e-03,3.344259e+01,2.175445e-05,5.411999e-05,2980190.789,2.500000e-04,5.64,1874.61
2347,4.183145e-03,3.382036e+01,4.327212e-05,7.367762e-05,2997196.115,3.799992e-03,3.419330e+01,2.199775e-05,3.213702e-05,3007019.992,2.500000e-04,5.93,1880.54
2348,4.115380e-03,3.383583e+01,4.325731e-05,5.984480e-05,2997475.119,4.241035e-03,3.367402e+01,6.733283e-05,4.006088e-05,2985041.938,2.500000e-04,5.53,1886.07
2349,3.969822e-03,3.385745e+01,3.647268e-05,4.387013e-05,2997832.512,3.859952e-03,3.385236e+01,3.346151e-05,2.802016e-05,2994564.359,2.500000e-04,5.28,1891.35
2350,4.105518e-03,3.382506e+01,3.790577e-05,6.879086e-05,2997276.045,4.462695e-03,3.412608e+01,6.422449e-05,8.156859e-05,3017280.594,2.500000e-04,5.56,1896.92
2351,3.973162e-03,3.386038e+01,3.968478e-05,3.805526e-05,2998004.721,4.174993e-03,3.353311e+01,5.370290e-05,5.693068e-05,2983777.672,2.500000e-04,5.43,1902.34
2352,3.975664e-03,3.384531e+01,3.547932e-05,4.726796e-05,2997696.076,3.738734e-03,3.391828e+01,1.990452e-05,2.957212e-05,3001017.414,2.500000e-04,5.19,1907.53
2353,4.005629e-03,3.382340e+01,3.440688e-05,5.584408e-05,2997612.615,3.725362e-03,3.411557e+01,2.338451e-05,1.599188e-05,3007100.234,2.500000e-04,5.33,1912.86
2354,4.052100e-03,3.381029e+01,3.601126e-05,6.219168e-05,2997439.201,3.888085e-03,3.441445e+01,2.363719e-05,4.205363e-05,3017370.008,2.500000e-04,5.99,1918.85
2355,4.128461e-03,3.381721e+01,4.585681e-05,5.763434e-05,2997504.320,3.846531e-03,3.430543e+01,2.316973e-05,3.685820e-05,3012215.867,2.500000e-04,5.86,1924.71
2356,4.056470e-03,3.382655e+01,4.096338e-05,5.283619e-05,2997803.580,3.684015e-03,3.371188e+01,2.236783e-05,1.782984e-05,2994184.023,2.500000e-04,5.82,1930.53
2357,4.050681e-03,3.380686e+01,3.516657e-05,6.366581e-05,2997525.115,3.840359e-03,3.425197e+01,3.091803e-05,2.119633e-05,3005472.594,2.500000e-04,5.95,1936.48
2358,4.068149e-03,3.382641e+01,4.126168e-05,5.457824e-05,2997644.639,3.727961e-03,3.415180e+01,2.006247e-05,2.243132e-05,3009252.844,2.500000e-04,5.65,1942.12
2359,4.088258e-03,3.382133e+01,4.024870e-05,6.072759e-05,2997201.744,3.879334e-03,3.410339e+01,3.588154e-05,2.203601e-05,3006882.367,2.500000e-04,5.44,1947.56
2360,4.103543e-03,3.382714e+01,4.665335e-05,5.085906e-05,2997774.791,3.846045e-03,3.361542e+01,2.695459e-05,4.299148e-05,2982315.156,2.500000e-04,4.95,1952.51
2361,4.042275e-03,3.384917e+01,3.842185e-05,5.462788e-05,2997590.357,4.290570e-03,3.416677e+01,2.500440e-05,1.247699e-04,3020818.195,2.500000e-04,5.52,1958.04
2362,4.188204e-03,3.381394e+01,3.830044e-05,8.476112e-05,2997739.240,3.611433e-03,3.387555e+01,1.889479e-05,6.986004e-06,3000067.555,2.500000e-04,5.06,1963.09
2363,4.108337e-03,3.380183e+01,3.543157e-05,7.476754e-05,2997359.203,4.022033e-03,3.384226e+01,2.752004e-05,7.252122e-05,2987394.156,2.500000e-04,5.88,1968.97
2364,4.103449e-03,3.386696e+01,3.785545e-05,6.763973e-05,2997821.260,3.781843e-03,3.367847e+01,2.060173e-05,4.159562e-05,2987193.688,2.500000e-04,5.37,1974.35
2365,3.974046e-03,3.383262e+01,3.393222e-05,5.029245e-05,2997530.910,3.840324e-03,3.372551e+01,3.782137e-05,1.791185e-05,2992570.766,2.500000e-04,5.13,1979.48
2366,4.251491e-03,3.382468e+01,4.064061e-05,9.252347e-05,2997649.598,3.703874e-03,3.376688e+01,2.073773e-05,2.396176e-05,2992548.391,2.500000e-04,5.48,1984.96
2367,4.169485e-03,3.384597e+01,3.774291e-05,8.149184e-05,2997727.555,4.910143e-03,3.311665e+01,6.745143e-05,1.847928e-04,2962999.125,2.500000e-04,5.58,1990.53
2368,4.116411e-03,3.384243e+01,4.280210e-05,6.082939e-05,2997589.299,4.913916e-03,3.299105e+01,4.724511e-05,2.284719e-04,2955857.250,2.500000e-04,5.02,1995.56
2369,4.178400e-03,3.385545e+01,4.470574e-05,6.915952e-05,2997126.645,4.117093e-03,3.436833e+01,3.010116e-05,7.584969e-05,3021462.734,2.500000e-04,5.68,2001.23
2370,4.141054e-03,3.386955e+01,3.905946e-05,7.270085e-05,2997735.434,3.925902e-03,3.386442e+01,3.795050e-05,3.199116e-05,2989401.758,2.500000e-04,5.61,2006.84
2371,4.013293e-03,3.384558e+01,3.850578e-05,4.873547e-05,2997667.611,3.809131e-03,3.402444e+01,3.464077e-05,1.205588e-05,2999210.102,2.500000e-04,5.44,2012.28
2372,4.125003e-03,3.384419e+01,4.454312e-05,5.903061e-05,2997465.547,3.899538e-03,3.373829e+01,2.357823e-05,5.798528e-05,2983236.586,2.500000e-04,5.46,2017.74
2373,4.022179e-03,3.388578e+01,3.508916e-05,5.654193e-05,2997757.881,4.198263e-03,3.371245e+01,6.553930e-05,3.432500e-05,2998718.680,2.500000e-04,4.91,2022.65
2374,4.022306e-03,3.385409e+01,3.743795e-05,5.250356e-05,2997732.031,3.987611e-03,3.348559e+01,3.048125e-05,6.684778e-05,2982680.430,2.500000e-04,5.49,2028.13
2375,4.247008e-03,3.381492e+01,4.607465e-05,8.095379e-05,2997478.660,3.921170e-03,3.381816e+01,4.153902e-05,2.479279e-05,2995403.367,2.500000e-04,5.39,2033.53
2376,4.009915e-03,3.384642e+01,3.583878e-05,5.337707e-05,2997593.035,3.806215e-03,3.353963e+01,2.820469e-05,3.404123e-05,2986146.344,2.500000e-04,5.61,2039.14
2377,4.170085e-03,3.384210e+01,4.846083e-05,6.025343e-05,2997225.648,4.439391e-03,3.414694e+01,8.413146e-05,3.667641e-05,3013181.727,2.500000e-04,5.74,2044.88
2378,4.116704e-03,3.383922e+01,4.251352e-05,6.152946e-05,2997355.777,4.915462e-03,3.487611e+01,5.634419e-05,1.728818e-04,3033933.102,2.500000e-04,5.08,2049.97
2379,4.073966e-03,3.388284e+01,4.238000e-05,5.237644e-05,2998203.277,5.687504e-03,3.298709e+01,1.225750e-04,2.326091e-04,2956056.117,2.500000e-04,5.29,2055.26
2380,4.073819e-03,3.384525e+01,4.085636e-05,5.614611e-05,2997433.740,4.035321e-03,3.388377e+01,5.823051e-05,1.292784e-05,3002271.156,2.500000e-04,5.27,2060.53
2381,4.142007e-03,3.385883e+01,3.755030e-05,7.612416e-05,2997466.570,3.690118e-03,3.395328e+01,2.027059e-05,1.841690e-05,2998911.453,2.500000e-04,5.45,2065.97
2382,4.134876e-03,3.386258e+01,4.040721e-05,6.890919e-05,2997712.141,3.932250e-03,3.408969e+01,3.391816e-05,3.681990e-05,3012613.766,2.500000e-04,5.59,2071.57
2383,4.041446e-03,3.385728e+01,3.747064e-05,5.620232e-05,2997306.738,4.482855e-03,3.462547e+01,5.121912e-05,1.016234e-04,3026091.984,2.500000e-04,5.44,2077.01
2384,4.036028e-03,3.385056e+01,3.322962e-05,6.373518e-05,2997851.258,4.188320e-03,3.433888e+01,2.349264e-05,1.039011e-04,3020971.680,2.500000e-04,5.32,2082.32
2385,4.055026e-03,3.381168e+01,4.160066e-05,5.157026e-05,2997450.264,3.836173e-03,3.357943e+01,3.471938e-05,2.620735e-05,2986477.414,2.500000e-04,5.52,2087.84
2386,4.257170e-03,3.384606e+01,4.955361e-05,7.540558e-05,2997328.846,3.808339e-03,3.381367e+01,3.522825e-05,1.493797e-05,2996971.305,2.500000e-04,5.18,2093.02
2387,3.993839e-03,3.387320e+01,3.453590e-05,5.223212e-05,2997951.449,3.773628e-03,3.375026e+01,2.337952e-05,3.296133e-05,2987847.906,2.500000e-04,5.92,2098.94
2388,4.110637e-03,3.383609e+01,4.148306e-05,6.243951e-05,2997538.047,3.864727e-03,3.404646e+01,3.025048e-05,3.151531e-05,3007091.727,2.500000e-04,5.31,2104.25
2389,4.107831e-03,3.382876e+01,4.164684e-05,6.169740e-05,2997633.055,3.917224e-03,3.381143e+01,2.885533e-05,4.950562e-05,2988787.289,2.500000e-04,5.62,2109.87
2390,4.096120e-03,3.382195e+01,4.119430e-05,6.039644e-05,2997599.150,4.045939e-03,3.357645e+01,4.572042e-05,4.621797e-05,2982112.281,2.500000e-04,5.54,2115.41
2391,4.136495e-03,3.384237e+01,4.184821e-05,6.675523e-05,2997528.172,3.691630e-03,3.393753e+01,2.339573e-05,1.278406e-05,2996678.820,2.500000e-04,4.88,2120.29
2392,4.039779e-03,3.387192e+01,3.908582e-05,5.234589e-05,2997596.467,3.879432e-03,3.331880e+01,2.559467e-05,5.832119e-05,2980292.844,2.500000e-04,4.94,2125.22
2393,4.039204e-03,3.385083e+01,3.609977e-05,5.862451e-05,2997684.855,4.078305e-03,3.399476e+01,5.345697e-05,2.885189e-05,2993526.102,2.500000e-04,5.45,2130.68
2394,4.020611e-03,3.383496e+01,3.573882e-05,5.594540e-05,2997771.379,4.103916e-03,3.339895e+01,3.490454e-05,8.299510e-05,2976700.562,2.500000e-04,5.43,2136.11
2395,4.113120e-03,3.382478e+01,3.829438e-05,6.953965e-05,2997151.717,4.184821e-03,3.402186e+01,6.341212e-05,2.970281e-05,3002428.133,2.500000e-04,5.09,2141.20
2396,4.158804e-03,3.382495e+01,4.051705e-05,7.422780e-05,2997728.252,3.844937e-03,3.397763e+01,3.328127e-05,2.287220e-05,2996834.781,2.500000e-04,5.78,2146.98
2397,4.256220e-03,3.384787e+01,4.663013e-05,8.102645e-05,2997609.135,4.405445e-03,3.451929e+01,4.269061e-05,1.053221e-04,3023939.195,2.500000e-04,5.24,2152.22
2398,3.957091e-03,3.386509e+01,2.997009e-05,5.417630e-05,2997709.260,3.692117e-03,3.414629e+01,1.817559e-05,1.914634e-05,2999201.438,2.500000e-04,5.78,2158.00
2399,3.999054e-03,3.383548e+01,3.497888e-05,5.314351e-05,2997674.873,3.682030e-03,3.418070e+01,1.718972e-05,1.841255e-05,3009136.156,2.500000e-04,5.77,2163.77
2400,4.018498e-03,3.384980e+01,3.627631e-05,5.415105e-05,2997583.303,3.938453e-03,3.372649e+01,4.618674e-05,2.078734e-05,2988240.938,2.500000e-04,5.79,2169.56
2401,4.119083e-03,3.384313e+01,4.541374e-05,5.612650e-05,2997509.328,3.666100e-03,3.385086e+01,2.355132e-05,9.100325e-06,2995457.008,2.500000e-04,5.71,2175.27
2402,4.184313e-03,3.386945e+01,4.395499e-05,7.156359e-05,2997450.086,4.491803e-03,3.407612e+01,8.231083e-05,5.221641e-05,3005169.656,2.500000e-04,5.31,2180.58
2403,4.140406e-03,3.383047e+01,4.080974e-05,6.985236e-05,2997681.473,4.298987e-03,3.368926e+01,7.374568e-05,3.852082e-05,2984628.375,2.500000e-04,5.49,2186.07
2404,4.077659e-03,3.386418e+01,3.740523e-05,6.343786e-05,2997246.807,4.566089e-03,3.453123e+01,4.045818e-05,1.416768e-04,3032511.367,2.500000e-04,4.99,2191.06
2405,4.132758e-03,3.386909e+01,4.181313e-05,6.554349e-05,2997659.025,4.691563e-03,3.426078e+01,1.042715e-04,4.455402e-05,3017469.945,2.500000e-04,5.17,2196.23
2406,4.023865e-03,3.383300e+01,3.715578e-05,5.380155e-05,2997800.869,4.543877e-03,3.347321e+01,8.757109e-05,6.416918e-05,2979387.000,2.500000e-04,5.67,2201.90
2407,4.015932e-03,3.382414e+01,3.416039e-05,5.838278e-05,2997394.389,3.879482e-03,3.377118e+01,3.684496e-05,2.678298e-05,2990350.516,2.500000e-04,5.57,2207.47
2408,4.076935e-03,3.383377e+01,4.323682e-05,5.223787e-05,2997558.502,4.040443e-03,3.386063e+01,5.739700e-05,1.608210e-05,3003623.781,2.500000e-04,5.55,2213.03
2409,4.086373e-03,3.382452e+01,4.079181e-05,5.920055e-05,2997587.322,3.920195e-03,3.415646e+01,2.575340e-05,4.940297e-05,3012378.766,2.500000e-04,5.20,2218.23
2410,4.181549e-03,3.380496e+01,4.864654e-05,6.291755e-05,2997533.783,4.205504e-03,3.431443e+01,4.993444e-05,5.494319e-05,3009339.297,2.500000e-04,5.47,2223.69
2411,4.075659e-03,3.383020e+01,4.075591e-05,5.701597e-05,2997607.029,3.682816e-03,3.374939e+01,1.856155e-05,2.445233e-05,2991616.156,2.500000e-04,5.42,2229.11
2412,4.120447e-03,3.383967e+01,4.000795e-05,6.728003e-05,2997373.270,3.677566e-03,3.411388e+01,1.847644e-05,1.628279e-05,3008691.562,2.500000e-04,5.40,2234.51
2413,4.051590e-03,3.385113e+01,3.532823e-05,6.263890e-05,2997854.350,4.222929e-03,3.339458e+01,3.865594e-05,9.938227e-05,2972404.578,2.500000e-04,5.59,2240.11
2414,4.011800e-03,3.384926e+01,3.679903e-05,5.177688e-05,2997567.986,3.850701e-03,3.344361e+01,2.432288e-05,5.262216e-05,2980634.734,2.500000e-04,5.35,2245.45
2415,4.030097e-03,3.381380e+01,4.015329e-05,4.943678e-05,2997490.436,4.034711e-03,3.387767e+01,4.699163e-05,3.540556e-05,3000181.078,2.500000e-04,5.74,2251.19
2416,4.084892e-03,3.382279e+01,3.565039e-05,6.922198e-05,2997324.490,5.250442e-03,3.497111e+01,5.688317e-05,2.369000e-04,3044710.336,2.500000e-04,5.22,2256.41
2417,4.103710e-03,3.384848e+01,3.486868e-05,7.403505e-05,2997801.791,3.922396e-03,3.362401e+01,3.635251e-05,3.929390e-05,2984995.914,2.500000e-04,5.86,2262.27
2418,4.039956e-03,3.383186e+01,3.650333e-05,5.834752e-05,2997518.061,3.816259e-03,3.390701e+01,3.661959e-05,1.187238e-05,2997376.688,2.500000e-04,5.29,2267.56
2419,4.259011e-03,3.385194e+01,4.035320e-05,9.405713e-05,2997506.771,3.798842e-03,3.397162e+01,3.402528e-05,1.228559e-05,3003994.523,2.500000e-04,5.12,2272.68
2420,4.037229e-03,3.385103e+01,4.210889e-05,4.620755e-05,2997523.840,3.730867e-03,3.380954e+01,2.571092e-05,1.856077e-05,2991451.398,2.500000e-04,5.33,2278.00
2421,4.182732e-03,3.385065e+01,4.699616e-05,6.554094e-05,2997731.307,4.272248e-03,3.361701e+01,4.865330e-05,8.480284e-05,3004332.086,2.500000e-04,5.63,2283.63
2422,4.142181e-03,3.380824e+01,4.158634e-05,6.909873e-05,2997158.359,4.188690e-03,3.431283e+01,4.845896e-05,5.456364e-05,3003897.812,2.500000e-04,5.49,2289.13
2423,4.110457e-03,3.385378e+01,3.865764e-05,6.770057e-05,2997691.195,3.640631e-03,3.400741e+01,1.914293e-05,9.691985e-06,2999324.000,2.500000e-04,5.78,2294.91
2424,4.341111e-03,3.381537e+01,6.642445e-05,5.906581e-05,2997336.354,4.369998e-03,3.441553e+01,6.204831e-05,6.159234e-05,3016388.039,2.500000e-04,4.78,2299.69
2425,4.259956e-03,3.383960e+01,4.275551e-05,8.968810e-05,2997488.666,3.756250e-03,3.409371e+01,2.761059e-05,1.415475e-05,2999425.023,2.500000e-04,5.24,2304.93
2426,4.049066e-03,3.385162e+01,3.352354e-05,6.573389e-05,2997760.092,3.999180e-03,3.438441e+01,3.614105e-05,3.986585e-05,3010121.266,2.500000e-04,5.87,2310.80
2427,4.000197e-03,3.387064e+01,3.698460e-05,4.865732e-05,2997706.865,3.688157e-03,3.391386e+01,2.403529e-05,1.128360e-05,3000382.938,2.500000e-04,5.37,2316.17
2428,3.989232e-03,3.380937e+01,3.764949e-05,4.636008e-05,2997513.105,4.095770e-03,3.396612e+01,5.583258e-05,2.816663e-05,2999529.648,2.500000e-04,5.62,2321.79
2429,4.078637e-03,3.387610e+01,4.195182e-05,5.430183e-05,2997618.900,4.027447e-03,3.420745e+01,3.597181e-05,4.939665e-05,3012159.766,2.500000e-04,5.77,2327.56
2430,3.994765e-03,3.383629e+01,3.485073e-05,5.252592e-05,2997641.180,3.659332e-03,3.378752e+01,2.402895e-05,8.058185e-06,2994945.469,2.500000e-04,5.08,2332.64
2431,4.158519e-03,3.382512e+01,3.881504e-05,7.757120e-05,2997271.627,4.008695e-03,3.415704e+01,3.292051e-05,5.275703e-05,3016197.047,2.500000e-04,5.60,2338.24
2432,4.033902e-03,3.383747e+01,3.499907e-05,6.003288e-05,2997875.900,4.085706e-03,3.345931e+01,3.916168e-05,6.963169e-05,2978311.273,2.500000e-04,4.44,2342.68
2433,4.147195e-03,3.385342e+01,4.296068e-05,6.644919e-05,2997723.871,3.893657e-03,3.359985e+01,3.189434e-05,4.294577e-05,2994275.594,2.500000e-04,5.24,2347.92
2434,4.096962e-03,3.383163e+01,3.671272e-05,6.933433e-05,2997209.256,3.782726e-03,3.391037e+01,2.443893e-05,2.945996e-05,3002537.719,2.500000e-04,4.95,2352.87
2435,3.963715e-03,3.382962e+01,3.358304e-05,4.898453e-05,2997896.338,3.970302e-03,3.417497e+01,3.929616e-05,3.196880e-05,3014058.156,2.500000e-04,5.24,2358.11
2436,4.038496e-03,3.382268e+01,3.607552e-05,5.909455e-05,2997436.512,3.850223e-03,3.419839e+01,2.426982e-05,3.753712e-05,3008958.133,2.500000e-04,5.43,2363.54
2437,4.125529e-03,3.380807e+01,4.017366e-05,6.859709e-05,2997796.340,4.252467e-03,3.353760e+01,4.365755e-05,9.242632e-05,2975973.891,2.500000e-04,5.88,2369.42
2438,4.179027e-03,3.383478e+01,4.022671e-05,7.865637e-05,2997393.012,4.288245e-03,3.390151e+01,8.370083e-05,1.221719e-05,3001185.297,2.500000e-04,5.41,2374.83
2439,4.034663e-03,3.383363e+01,3.568699e-05,5.888609e-05,2997537.342,4.043594e-03,3.414280e+01,2.112189e-05,8.361902e-05,3021263.352,2.500000e-04,5.48,2380.31
2440,4.108797e-03,3.384655e+01,3.655939e-05,7.170966e-05,2997912.578,3.605670e-03,3.384575e+01,1.542076e-05,1.337742e-05,3000571.352,2.500000e-04,5.81,2386.12
2441,4.070309e-03,3.382883e+01,3.878872e-05,5.990773e-05,2997305.518,3.816133e-03,3.359152e+01,2.539023e-05,4.061574e-05,2988903.250,2.500000e-04,5.94,2392.06
2442,4.169327e-03,3.381097e+01,4.285403e-05,7.193803e-05,2997653.645,3.864176e-03,3.414668e+01,2.681644e-05,3.626876e-05,3006288.891,2.500000e-04,5.58,2397.64
2443,4.024995e-03,3.382955e+01,3.518151e-05,5.804500e-05,2997418.574,3.803369e-03,3.378583e+01,3.244156e-05,2.007418e-05,2990587.805,2.500000e-04,5.50,2403.15
2444,4.146600e-03,3.383586e+01,4.155050e-05,6.950191e-05,2997526.896,3.771253e-03,3.423379e+01,1.857120e-05,3.243241e-05,3001156.805,2.500000e-04,5.58,2408.73
2445,4.234799e-03,3.383602e+01,4.909056e-05,7.205826e-05,2997530.037,4.187185e-03,3.375589e+01,6.297466e-05,3.636979e-05,2986433.453,2.500000e-04,6.01,2414.73
2446,4.113156e-03,3.390191e+01,4.330749e-05,5.797790e-05,2997843.939,4.301156e-03,3.414685e+01,3.484582e-05,1.076025e-04,3023295.297,2.500000e-04,5.30,2420.03
2447,4.118082e-03,3.382493e+01,3.798217e-05,7.115352e-05,2997951.135,4.553203e-03,3.323957e+01,4.276961e-05,1.603100e-04,2967001.266,2.500000e-04,5.11,2425.14
2448,4.012914e-03,3.385671e+01,3.228756e-05,6.087340e-05,2997426.479,5.073357e-03,3.261907e+01,3.395383e-05,2.943822e-04,2950157.117,2.500000e-04,5.42,2430.56
2449,4.066728e-03,3.380453e+01,3.851219e-05,6.023067e-05,2997235.566,4.319412e-03,3.385042e+01,2.936756e-05,1.281389e-04,2977562.312,2.500000e-04,5.03,2435.59
2450,4.037016e-03,3.386546e+01,3.733035e-05,5.543332e-05,2997505.697,3.926950e-03,3.436945e+01,2.761862e-05,4.276372e-05,3017599.117,2.500000e-04,5.26,2440.85
2451,4.035940e-03,3.383795e+01,3.603297e-05,5.836304e-05,2997701.012,3.874805e-03,3.420980e+01,3.509020e-05,2.058463e-05,3005999.469,2.500000e-04,5.33,2446.18
2452,4.030978e-03,3.386304e+01,3.499755e-05,5.893969e-05,2997262.295,3.962157e-03,3.408008e+01,3.706158e-05,3.670669e-05,3008856.102,2.500000e-04,5.62,2451.81
2453,4.050620e-03,3.383873e+01,3.475865e-05,6.383216e-05,2997889.359,3.784145e-03,3.414368e+01,2.846543e-05,1.702451e-05,3009056.914,2.500000e-04,5.25,2457.09
2454,4.007614e-03,3.382260e+01,3.842421e-05,4.822256e-05,2997674.791,4.093278e-03,3.364808e+01,5.976495e-05,2.616413e-05,2987427.211,2.500000e-04,5.72,2462.81
2455,4.129342e-03,3.382813e+01,4.343968e-05,6.242657e-05,2997638.613,4.067527e-03,3.364039e+01,5.420301e-05,3.229154e-05,2986358.344,2.500000e-04,5.29,2468.10
2456,4.121169e-03,3.384911e+01,4.741730e-05,5.241700e-05,2997569.537,3.742338e-03,3.356783e+01,2.017672e-05,3.675769e-05,2984755.867,2.500000e-04,5.60,2473.70
2457,4.044575e-03,3.383809e+01,3.506139e-05,6.203039e-05,2997559.514,3.750906e-03,3.361408e+01,1.880392e-05,4.029179e-05,2996523.719,2.500000e-04,4.67,2478.37
2458,4.077243e-03,3.381622e+01,3.716006e-05,6.480396e-05,2997640.789,3.764832e-03,3.392627e+01,2.725503e-05,1.993095e-05,2995247.953,2.500000e-04,5.61,2483.98
2459,4.172023e-03,3.385277e+01,4.042395e-05,7.650131e-05,2997774.830,4.165848e-03,3.355978e+01,6.066175e-05,4.065052e-05,2991542.664,2.500000e-04,5.10,2489.09
2460,4.027436e-03,3.381461e+01,3.745822e-05,5.427842e-05,2997374.625,3.696336e-03,3.392178e+01,2.078149e-05,1.926848e-05,2999055.359,2.500000e-04,5.64,2494.72
2461,3.994783e-03,3.383233e+01,3.310927e-05,5.609153e-05,2997549.340,3.972150e-03,3.355887e+01,4.176433e-05,3.972391e-05,2986676.680,2.500000e-04,5.52,2500.24
2462,3.971371e-03,3.382992e+01,3.295989e-05,5.175609e-05,2997665.148,3.691962e-03,3.418579e+01,1.800833e-05,1.865990e-05,3003193.055,2.500000e-04,5.53,2505.77
2463,3.937006e-03,3.382844e+01,3.563882e-05,3.955474e-05,2997756.139,4.125686e-03,3.384980e+01,3.168723e-05,8.476685e-05,2989399.945,2.500000e-04,5.60,2511.36
2464,4.055246e-03,3.385192e+01,3.780192e-05,5.840693e-05,2997473.369,3.720026e-03,3.402188e+01,2.329058e-05,1.698640e-05,3006714.359,2.500000e-04,5.59,2516.96
2465,4.071800e-03,3.385641e+01,3.448060e-05,6.827053e-05,2997927.811,4.138584e-03,3.324686e+01,3.664921e-05,8.948118e-05,2974334.305,2.500000e-04,5.49,2522.45
2466,4.066894e-03,3.381637e+01,3.472191e-05,6.760772e-05,2997406.387,5.017214e-03,3.345670e+01,5.149679e-05,2.313152e-04,2977071.016,2.500000e-04,5.59,2528.04
2467,4.205635e-03,3.380865e+01,4.234012e-05,8.027372e-05,2997553.525,3.687653e-03,3.404927e+01,1.780412e-05,2.093700e-05,3002843.609,2.500000e-04,5.75,2533.79
2468,4.011102e-03,3.382050e+01,3.734612e-05,5.111803e-05,2997422.285,4.146601e-03,3.387623e+01,6.174906e-05,2.829748e-05,2994596.039,2.500000e-04,5.26,2539.05
2469,4.150443e-03,3.387114e+01,4.161721e-05,6.943139e-05,2997701.488,3.829703e-03,3.432349e+01,2.180348e-05,3.586388e-05,3015859.227,2.500000e-04,5.07,2544.13
2470,4.115610e-03,3.382803e+01,4.138846e-05,6.378441e-05,2997821.162,4.076093e-03,3.370682e+01,2.657639e-05,8.792937e-05,2978304.930,2.500000e-04,5.33,2549.46
2471,4.053615e-03,3.383819e+01,4.442465e-05,4.511000e-05,2997350.678,3.779877e-03,3.404953e+01,2.837689e-05,1.823096e-05,3009731.500,2.500000e-04,5.84,2555.30
2472,4.070659e-03,3.383179e+01,4.170689e-05,5.408220e-05,2997739.230,3.934336e-03,3.401204e+01,4.584715e-05,1.493209e-05,3004413.727,2.500000e-04,5.50,2560.81
2473,4.231779e-03,3.385310e+01,4.062083e-05,8.805212e-05,2997533.508,4.629843e-03,3.346081e+01,5.877605e-05,1.392004e-04,2976452.250,2.500000e-04,5.14,2565.94
2474,4.160256e-03,3.382451e+01,3.817508e-05,7.921084e-05,2997424.807,3.783906e-03,3.414891e+01,2.063196e-05,3.253907e-05,3012982.492,2.500000e-04,5.24,2571.19
2475,4.032263e-03,3.384575e+01,3.963897e-05,5.025968e-05,2997518.750,4.182034e-03,3.400238e+01,5.504347e-05,4.627235e-05,3005414.852,2.500000e-04,4.98,2576.17
2476,4.160818e-03,3.384847e+01,4.067401e-05,7.384622e-05,2997613.025,3.887407e-03,3.378485e+01,2.167401e-05,5.843644e-05,2990058.008,2.500000e-04,5.82,2581.99
2477,4.033900e-03,3.384528e+01,3.840551e-05,5.306327e-05,2997715.754,3.890502e-03,3.384392e+01,3.545914e-05,3.030369e-05,2995722.359,2.500000e-04,6.23,2588.21
2478,4.047961e-03,3.385230e+01,3.472628e-05,6.309354e-05,2998039.736,3.901854e-03,3.394725e+01,2.837805e-05,4.466975e-05,3003395.992,2.500000e-04,5.44,2593.68
2479,4.088633e-03,3.382054e+01,3.938823e-05,6.253936e-05,2997191.088,3.921961e-03,3.411357e+01,2.690915e-05,4.830250e-05,2994793.836,2.500000e-04,5.30,2598.98
2480,3.987447e-03,3.385716e+01,3.217534e-05,5.599542e-05,2997657.359,4.428298e-03,3.477032e+01,3.685109e-05,1.165510e-04,3024119.617,2.500000e-04,5.76,2604.74
2481,4.054955e-03,3.383787e+01,4.012506e-05,5.398358e-05,2997654.461,4.131425e-03,3.363707e+01,4.118814e-05,7.116751e-05,2982467.383,2.500000e-04,5.75,2610.49
2482,3.970964e-03,3.382926e+01,3.597750e-05,4.565267e-05,2997531.941,3.871897e-03,3.373985e+01,2.751060e-05,4.456123e-05,3003548.648,2.500000e-04,4.49,2614.98
2483,4.088053e-03,3.383297e+01,4.127265e-05,5.840600e-05,2997268.365,4.015306e-03,3.435535e+01,2.709350e-05,6.176723e-05,3017836.750,2.500000e-04,5.24,2620.22
2484,4.107783e-03,3.381986e+01,3.803314e-05,6.909321e-05,2997970.383,3.939446e-03,3.368275e+01,4.120545e-05,3.182327e-05,2989062.148,2.500000e-04,5.41,2625.63
2485,3.977618e-03,3.379627e+01,3.421447e-05,5.116911e-05,2997512.422,3.844242e-03,3.389202e+01,3.573360e-05,1.954087e-05,2994899.508,2.500000e-04,6.16,2631.79
2486,3.996183e-03,3.381477e+01,3.243165e-05,5.807780e-05,2997376.301,4.443251e-03,3.436094e+01,5.137192e-05,9.868743e-05,3021037.500,2.500000e-04,5.71,2637.49
2487,4.029773e-03,3.381323e+01,3.546010e-05,5.876992e-05,2997909.672,3.786496e-03,3.343196e+01,2.560451e-05,3.745097e-05,2987673.242,2.500000e-04,5.37,2642.86
2488,4.052925e-03,3.380099e+01,3.401011e-05,6.654495e-05,2997542.295,3.780631e-03,3.406981e+01,2.570981e-05,2.331044e-05,3009768.578,2.500000e-04,5.38,2648.24
2489,4.043348e-03,3.382604e+01,3.353153e-05,6.508575e-05,2997818.654,3.769764e-03,3.416422e+01,2.487448e-05,2.091946e-05,3005981.102,2.500000e-04,5.57,2653.80
2490,4.045130e-03,3.382049e+01,3.745369e-05,5.770890e-05,2997269.230,4.086022e-03,3.443353e+01,3.429532e-05,5.994330e-05,3020859.789,2.500000e-04,4.92,2658.72
2491,4.027166e-03,3.382059e+01,3.091052e-05,6.720050e-05,2997872.750,5.217804e-03,3.468498e+01,8.219712e-05,1.854669e-04,3034056.906,2.500000e-04,5.32,2664.04
2492,4.151739e-03,3.384561e+01,3.969715e-05,7.404124e-05,2997556.752,3.772626e-03,3.367153e+01,2.002147e-05,4.105178e-05,2996419.445,2.500000e-04,5.99,2670.03
2493,4.142453e-03,3.383652e+01,3.479170e-05,8.217666e-05,2997393.650,4.143003e-03,3.442746e+01,3.689672e-05,6.625783e-05,3021937.828,2.500000e-04,5.45,2675.48
2494,3.995703e-03,3.383133e+01,3.850035e-05,4.551331e-05,2997781.506,3.790024e-03,3.364909e+01,2.640830e-05,3.220638e-05,2989229.117,2.500000e-04,5.72,2681.20
2495,4.146820e-03,3.383315e+01,3.648762e-05,7.972563e-05,2997447.438,3.940452e-03,3.359720e+01,2.643901e-05,6.326826e-05,2987263.867,2.500000e-04,5.42,2686.62
2496,3.984511e-03,3.383161e+01,3.754025e-05,4.518947e-05,2997728.281,4.221913e-03,3.437949e+01,4.938618e-05,5.802037e-05,3019704.781,2.500000e-04,5.60,2692.22
2497,3.981989e-03,3.382216e+01,3.542390e-05,4.910680e-05,2997763.055,3.818891e-03,3.394694e+01,3.436996e-05,1.609960e-05,3005811.945,2.500000e-04,5.28,2697.50
2498,4.000846e-03,3.382570e+01,3.186042e-05,5.993431e-05,2997667.357,3.990277e-03,3.364435e+01,4.215950e-05,4.084949e-05,2990538.367,2.500000e-04,5.77,2703.28
2499,4.056218e-03,3.380815e+01,3.733025e-05,6.042015e-05,2997459.354,3.966239e-03,3.340170e+01,2.707689e-05,7.106017e-05,2990248.352,2.500000e-04,5.80,2709.08
2500,4.099029e-03,3.380883e+01,3.882537e-05,6.597846e-05,2997356.201,4.208839e-03,3.436458e+01,5.080742e-05,5.286134e-05,3017603.461,2.500000e-04,5.92,2715.00
2501,4.278177e-03,3.384872e+01,4.855609e-05,8.154873e-05,2997878.148,5.019819e-03,3.451612e+01,6.713855e-05,1.793644e-04,3033093.578,2.500000e-04,5.66,2720.65
2502,4.010796e-03,3.377628e+01,3.842567e-05,4.978227e-05,2997264.416,4.003053e-03,3.395182e+01,5.355309e-05,1.446801e-05,3004672.922,2.500000e-04,5.29,2725.95
2503,4.033132e-03,3.383021e+01,4.153851e-05,4.694530e-05,2997794.895,3.697879e-03,3.394661e+01,1.858582e-05,2.347196e-05,3004121.211,2.500000e-04,5.84,2731.78
2504,4.057631e-03,3.381757e+01,3.580898e-05,6.355689e-05,2997908.656,4.086790e-03,3.326488e+01,3.362451e-05,8.481137e-05,2986937.680,2.500000e-04,5.60,2737.39
2505,4.186769e-03,3.379509e+01,4.919171e-05,6.306865e-05,2997066.219,4.063121e-03,3.386035e+01,3.762932e-05,6.015849e-05,2997075.266,2.500000e-04,5.38,2742.77
2506,3.987395e-03,3.382512e+01,3.484689e-05,5.128283e-05,2997964.002,3.970724e-03,3.348692e+01,4.155316e-05,4.130014e-05,2989406.367,2.500000e-04,5.58,2748.35
2507,3.961117e-03,3.377346e+01,3.621675e-05,4.432078e-05,2997360.291,4.268560e-03,3.401785e+01,3.372945e-05,1.058962e-04,3004629.180,2.500000e-04,5.53,2753.88
2508,4.190191e-03,3.383329e+01,4.315984e-05,7.505259e-05,2997797.861,3.862805e-03,3.340287e+01,2.744807e-05,4.960760e-05,2984311.883,2.500000e-04,5.10,2758.97
2509,4.416657e-03,3.379239e+01,5.450499e-05,9.847359e-05,2997722.424,4.178373e-03,3.347442e+01,3.449225e-05,9.720163e-05,2976187.211,2.500000e-04,5.17,2764.14
2510,4.118154e-03,3.378494e+01,3.574580e-05,7.644040e-05,2996898.240,5.148629e-03,3.421261e+01,1.113357e-04,1.228021e-04,2987904.539,2.500000e-04,5.65,2769.80
2511,4.080913e-03,3.384945e+01,4.508921e-05,4.901515e-05,2997989.633,3.682960e-03,3.398625e+01,2.090800e-05,1.505093e-05,3003933.898,2.500000e-04,5.18,2774.97
2512,3.940374e-03,3.379891e+01,3.739465e-05,3.730734e-05,2997625.283,3.962540e-03,3.435446e+01,3.274667e-05,3.992560e-05,3011217.328,2.500000e-04,5.90,2780.87
2513,4.035532e-03,3.380855e+01,4.441555e-05,4.210421e-05,2997591.406,4.208444e-03,3.436812e+01,3.574846e-05,8.282949e-05,3017011.070,2.500000e-04,5.60,2786.47
2514,4.179925e-03,3.381678e+01,3.873183e-05,8.218575e-05,2997578.533,4.088300e-03,3.344682e+01,5.227752e-05,4.416848e-05,2987340.109,2.500000e-04,5.56,2792.03
2515,4.142371e-03,3.379557e+01,4.015054e-05,7.226176e-05,2997564.295,4.123184e-03,3.406832e+01,6.430959e-05,1.465124e-05,3003248.570,2.500000e-04,5.02,2797.05
2516,4.110519e-03,3.379320e+01,5.382958e-05,3.858061e-05,2997783.525,3.889875e-03,3.360783e+01,3.558515e-05,3.464804e-05,2985249.180,2.500000e-04,5.55,2802.60
2517,4.026946e-03,3.378480e+01,3.190214e-05,6.588903e-05,2997402.578,3.728583e-03,3.392055e+01,2.641737e-05,1.447096e-05,3004838.500,2.500000e-04,5.62,2808.21
2518,4.008471e-03,3.378154e+01,3.816816e-05,4.972698e-05,2997804.971,3.783703e-03,3.384812e+01,2.371593e-05,3.234648e-05,2996747.961,2.500000e-04,5.86,2814.07
2519,4.036209e-03,3.382053e+01,3.812335e-05,5.458442e-05,2997786.994,4.237122e-03,3.302704e+01,3.879780e-05,1.092880e-04,2972126.062,2.500000e-04,5.61,2819.68
2520,4.119844e-03,3.376460e+01,3.728063e-05,7.411551e-05,2997409.404,4.019978e-03,3.424535e+01,4.633221e-05,2.642415e-05,3008203.016,2.500000e-04,5.58,2825.26
2521,4.139782e-03,3.381301e+01,4.882463e-05,5.404678e-05,2997832.066,4.425729e-03,3.374983e+01,3.241690e-05,1.453153e-04,2982632.531,2.500000e-04,4.95,2830.22
2522,4.120742e-03,3.382338e+01,3.555501e-05,7.657085e-05,2997444.443,4.131821e-03,3.345372e+01,2.197946e-05,1.133308e-04,2974880.781,2.500000e-04,5.51,2835.73
2523,3.955970e-03,3.381324e+01,3.274032e-05,4.944874e-05,2997364.615,3.783129e-03,3.389850e+01,2.622166e-05,2.621251e-05,3005038.188,2.500000e-04,5.54,2841.27
2524,4.258095e-03,3.383855e+01,4.438852e-05,8.607091e-05,2997684.473,3.721218e-03,3.372914e+01,2.164999e-05,2.636084e-05,2994210.664,2.500000e-04,5.48,2846.74
2525,3.974323e-03,3.381152e+01,3.178027e-05,5.507361e-05,2997758.547,3.724287e-03,3.370430e+01,2.104550e-05,2.868035e-05,2988696.664,2.500000e-04,5.34,2852.08
2526,4.118894e-03,3.382226e+01,4.481894e-05,5.769567e-05,2997371.795,4.233981e-03,3.415640e+01,6.443644e-05,3.479548e-05,3008565.539,2.500000e-04,5.12,2857.20
2527,3.912063e-03,3.380365e+01,3.225703e-05,4.182546e-05,2997931.479,4.323832e-03,3.379563e+01,3.849408e-05,1.118657e-04,2982968.383,2.500000e-04,5.22,2862.42
2528,4.090650e-03,3.382839e+01,3.807615e-05,6.540993e-05,2997472.865,3.714621e-03,3.390730e+01,1.892935e-05,2.691953e-05,3006744.398,2.500000e-04,5.05,2867.47
2529,3.965228e-03,3.381671e+01,3.199969e-05,5.271208e-05,2997805.148,4.117019e-03,3.350348e+01,3.297719e-05,8.737991e-05,2983751.695,2.500000e-04,5.47,2872.94
2530,4.107821e-03,3.378365e+01,4.668001e-05,5.253119e-05,2997532.623,4.823962e-03,3.330737e+01,3.084978e-05,2.369453e-04,2958607.938,2.500000e-04,5.46,2878.40
2531,4.015830e-03,3.383332e+01,3.589146e-05,5.471669e-05,2997665.039,3.917653e-03,3.380738e+01,2.321420e-05,6.095461e-05,3009074.586,2.500000e-04,5.43,2883.83
2532,4.179734e-03,3.383418e+01,4.310069e-05,7.306176e-05,2997453.504,3.703783e-03,3.389159e+01,2.277208e-05,1.738060e-05,3003619.898,2.500000e-04,5.32,2889.15
2533,4.046178e-03,3.380889e+01,4.040015e-05,5.225751e-05,2997867.656,3.875591e-03,3.349505e+01,2.124807e-05,6.272111e-05,2983072.539,2.500000e-04,5.21,2894.36
2534,4.135239e-03,3.382556e+01,3.550519e-05,7.952631e-05,2997494.514,4.307147e-03,3.361736e+01,7.467103e-05,3.974026e-05,2991106.992,2.500000e-04,5.24,2899.60
2535,4.090568e-03,3.381883e+01,4.202630e-05,5.768423e-05,2997423.475,4.027600e-03,3.386765e+01,5.195032e-05,2.426622e-05,3003619.727,2.500000e-04,5.44,2905.04
2536,4.015105e-03,3.383206e+01,3.349523e-05,5.938928e-05,2997626.709,4.322558e-03,3.427159e+01,3.920523e-05,1.006694e-04,3017148.836,2.500000e-04,5.65,2910.70
2537,4.043203e-03,3.382613e+01,3.575836e-05,6.060125e-05,2997878.539,4.152445e-03,3.353945e+01,3.487257e-05,8.995468e-05,2984425.859,2.500000e-04,5.88,2916.57
2538,4.079819e-03,3.380535e+01,3.336145e-05,7.313395e-05,2997159.990,4.058779e-03,3.371021e+01,5.515262e-05,2.724637e-05,2990376.250,2.500000e-04,5.33,2921.91
2539,4.214232e-03,3.381426e+01,5.294035e-05,6.068067e-05,2997998.697,4.373869e-03,3.354333e+01,6.641070e-05,7.108594e-05,2994527.195,2.500000e-04,5.51,2927.42
2540,4.031082e-03,3.382104e+01,3.625969e-05,5.727618e-05,2997239.562,3.751858e-03,3.419759e+01,2.037979e-05,2.566012e-05,3012227.453,2.500000e-04,5.14,2932.55
2541,4.000362e-03,3.383908e+01,3.809770e-05,4.709536e-05,2997781.906,4.076148e-03,3.356353e+01,5.519143e-05,3.357612e-05,2988803.203,2.500000e-04,4.74,2937.29
2542,4.134255e-03,3.379375e+01,4.198694e-05,6.700223e-05,2997641.270,3.920462e-03,3.418539e+01,2.260464e-05,5.517522e-05,3015274.219,2.500000e-04,5.94,2943.24
2543,3.964769e-03,3.379617e+01,3.258760e-05,5.185529e-05,2997651.797,3.745473e-03,3.418186e+01,1.755383e-05,3.034989e-05,3010885.867,2.500000e-04,5.64,2948.87
2544,4.054730e-03,3.379635e+01,3.664267e-05,6.173373e-05,2997305.934,4.469358e-03,3.464578e+01,4.087829e-05,1.191995e-04,3029624.023,2.500000e-04,6.21,2955.08
2545,4.169132e-03,3.383030e+01,4.009391e-05,7.703261e-05,2998181.594,4.283741e-03,3.367058e+01,7.208510e-05,3.916636e-05,2999053.992,2.500000e-04,5.96,2961.05
2546,4.150480e-03,3.380687e+01,4.013713e-05,7.368420e-05,2997314.084,3.921714e-03,3.364104e+01,2.391140e-05,6.369920e-05,2982553.562,2.500000e-04,5.10,2966.15
2547,4.099234e-03,3.380772e+01,3.740032e-05,6.889183e-05,2997675.848,3.723819e-03,3.423000e+01,1.626995e-05,2.762397e-05,3008036.977,2.500000e-04,5.37,2971.52
2548,4.040418e-03,3.382940e+01,3.737750e-05,5.674068e-05,2997509.748,3.940031e-03,3.386948e+01,3.719113e-05,3.623446e-05,2990760.500,2.500000e-04,5.21,2976.73
2549,4.108749e-03,3.382805e+01,4.824153e-05,4.870585e-05,2997705.521,3.864356e-03,3.402675e+01,3.650298e-05,1.933021e-05,3007259.391,2.500000e-04,5.22,2981.96
2550,4.168919e-03,3.378258e+01,3.756271e-05,8.300683e-05,2997599.021,3.765548e-03,3.398944e+01,2.183889e-05,2.964309e-05,3000718.000,2.500000e-04,5.36,2987.31
2551,4.084860e-03,3.381320e+01,4.195283e-05,5.680235e-05,2997592.691,3.810798e-03,3.405942e+01,3.361654e-05,1.373804e-05,3005464.648,2.500000e-04,5.48,2992.79
2552,4.100335e-03,3.382987e+01,4.199903e-05,5.947160e-05,2997655.143,3.733977e-03,3.407592e+01,2.185513e-05,2.156664e-05,3010221.094,2.500000e-04,5.50,2998.30
2553,4.117965e-03,3.379968e+01,3.686886e-05,7.386169e-05,2997618.410,4.185556e-03,3.351043e+01,5.010205e-05,6.669841e-05,2987929.688,2.500000e-04,5.46,3003.75
2554,4.154568e-03,3.381010e+01,4.244897e-05,6.981368e-05,2997495.994,4.643164e-03,3.434161e+01,8.970535e-05,6.239000e-05,3015210.000,2.500000e-04,5.09,3008.84
2555,4.075023e-03,3.381693e+01,3.757045e-05,6.352514e-05,2997480.215,5.143373e-03,3.488630e+01,7.817989e-05,1.745888e-04,3038234.375,2.500000e-04,5.28,3014.12
2556,4.338925e-03,3.377482e+01,4.946330e-05,9.336188e-05,2997418.646,5.185840e-03,3.425509e+01,1.529568e-04,4.615254e-05,3016269.461,2.500000e-04,5.73,3019.85
2557,4.078645e-03,3.380998e+01,4.328253e-05,5.296439e-05,2997458.633,4.400610e-03,3.442100e+01,3.326575e-05,1.251705e-04,3030929.609,2.500000e-04,5.99,3025.84
2558,4.024078e-03,3.379565e+01,3.235379e-05,6.419503e-05,2997848.078,4.233539e-03,3.454342e+01,2.295684e-05,1.099257e-04,3029040.062,2.500000e-04,5.11,3030.95
2559,4.003753e-03,3.379293e+01,3.763186e-05,4.962828e-05,2997413.959,5.371919e-03,3.505912e+01,5.459167e-05,2.640181e-04,3048015.258,2.500000e-04,5.71,3036.65
2560,4.187723e-03,3.379593e+01,4.139157e-05,7.884293e-05,2997953.100,3.897889e-03,3.339584e+01,2.169360e-05,6.827392e-05,2980421.531,2.500000e-04,5.52,3042.18
2561,3.931087e-03,3.380283e+01,3.288815e-05,4.438460e-05,2997672.400,4.166347e-03,3.325105e+01,3.410993e-05,1.000286e-04,2971747.586,2.500000e-04,5.37,3047.55
2562,4.030291e-03,3.378184e+01,3.941839e-05,5.158453e-05,2997695.459,4.305420e-03,3.373016e+01,3.661938e-05,1.132419e-04,2985161.805,2.500000e-04,5.70,3053.25
2563,4.094583e-03,3.379489e+01,3.389648e-05,7.522582e-05,2997513.727,3.982718e-03,3.378748e+01,3.594185e-05,4.891044e-05,2998465.383,2.500000e-04,5.54,3058.79
2564,4.139536e-03,3.379513e+01,4.302168e-05,6.596126e-05,2997546.066,3.794124e-03,3.400441e+01,2.764043e-05,2.345591e-05,2995043.367,2.500000e-04,5.22,3064.02
2565,3.981506e-03,3.381716e+01,3.324373e-05,5.347058e-05,2997681.062,3.800095e-03,3.374703e+01,3.124176e-05,2.259484e-05,2995903.531,2.500000e-04,5.79,3069.81
2566,4.010334e-03,3.379283e+01,3.537670e-05,5.545684e-05,2997587.883,4.019764e-03,3.332951e+01,3.088323e-05,7.559601e-05,2976274.297,2.500000e-04,5.23,3075.03
2567,4.049463e-03,3.377716e+01,4.121014e-05,5.192917e-05,2997230.234,4.117262e-03,3.413330e+01,5.706413e-05,2.665812e-05,3012446.742,2.500000e-04,5.87,3080.90
2568,4.108325e-03,3.379624e+01,4.108327e-05,6.357355e-05,2997845.928,4.066276e-03,3.400168e+01,3.764939e-05,5.792298e-05,2996030.773,2.500000e-04,5.51,3086.41
2569,4.067752e-03,3.382054e+01,3.959162e-05,5.795639e-05,2997808.752,4.548042e-03,3.353841e+01,9.063368e-05,5.757278e-05,2979964.727,2.500000e-04,5.85,3092.26
2570,4.137068e-03,3.380804e+01,3.831544e-05,7.462196e-05,2997351.332,4.088066e-03,3.429922e+01,2.898030e-05,7.366820e-05,3012251.070,2.500000e-04,5.61,3097.88
2571,3.963074e-03,3.383107e+01,3.395994e-05,4.807349e-05,2997970.338,4.370939e-03,3.304522e+01,4.561471e-05,1.220540e-04,2971144.891,2.500000e-04,5.34,3103.22
2572,3.997985e-03,3.379195e+01,3.445902e-05,5.483982e-05,2997444.883,4.094409e-03,3.338001e+01,2.944653e-05,9.238854e-05,2973756.969,2.500000e-04,5.40,3108.62
2573,4.139686e-03,3.381004e+01,4.244980e-05,6.683687e-05,2997786.043,5.920046e-03,3.277660e+01,1.007776e-04,3.269221e-04,2951366.797,2.500000e-04,5.66,3114.28
2574,4.148176e-03,3.379409e+01,4.472845e-05,6.429652e-05,2997220.754,4.528980e-03,3.434801e+01,7.907607e-05,6.068365e-05,3018841.898,2.500000e-04,5.59,3119.87
2575,4.119469e-03,3.382411e+01,3.724662e-05,7.291843e-05,2997774.137,4.310019e-03,3.438404e+01,3.294869e-05,1.084257e-04,3027225.773,2.500000e-04,5.47,3125.34
2576,3.917415e-03,3.379114e+01,3.187260e-05,4.391492e-05,2997732.465,4.082390e-03,3.374209e+01,5.806135e-05,2.551361e-05,2990559.773,2.500000e-04,4.78,3130.12
2577,4.097275e-03,3.379179e+01,3.956769e-05,6.448400e-05,2997661.975,4.443921e-03,3.313627e+01,4.870314e-05,1.286524e-04,2970096.148,2.500000e-04,5.38,3135.50
2578,4.026232e-03,3.380292e+01,3.389066e-05,6.140679e-05,2997626.918,4.023304e-03,3.326988e+01,3.509267e-05,6.907781e-05,2979542.375,2.500000e-04,5.46,3140.96
2579,4.133214e-03,3.374863e+01,4.392595e-05,6.381834e-05,2997233.174,3.813580e-03,3.397219e+01,2.771300e-05,2.784614e-05,3003246.273,2.500000e-04,5.60,3146.56
2580,3.945606e-03,3.382196e+01,3.214896e-05,4.838397e-05,2997544.701,3.818182e-03,3.370343e+01,3.495478e-05,1.965832e-05,2998988.398,2.500000e-04,5.33,3151.89
2581,4.065919e-03,3.379841e+01,4.145701e-05,5.430151e-05,2998038.268,4.873658e-03,3.302866e+01,7.964509e-05,1.548683e-04,2963791.391,2.500000e-04,5.31,3157.20
2582,4.099856e-03,3.374836e+01,4.198205e-05,6.103991e-05,2997191.010,3.894285e-03,3.357881e+01,2.475224e-05,5.777631e-05,2982767.828,2.500000e-04,5.87,3163.07
2583,4.143432e-03,3.379575e+01,4.108298e-05,7.060548e-05,2997749.561,3.818847e-03,3.340992e+01,2.322714e-05,4.911678e-05,2981950.969,2.500000e-04,5.55,3168.62
2584,4.133606e-03,3.379127e+01,3.806877e-05,7.475814e-05,2997520.260,3.583035e-03,3.386252e+01,1.568573e-05,7.985175e-06,2997089.914,2.500000e-04,5.36,3173.98
2585,4.135367e-03,3.379474e+01,4.736398e-05,5.645063e-05,2997624.562,4.283440e-03,3.337575e+01,4.191257e-05,1.053479e-04,2980171.797,2.500000e-04,5.80,3179.77
2586,4.144060e-03,3.378384e+01,3.681018e-05,7.951486e-05,2997158.781,3.692028e-03,3.402932e+01,1.772184e-05,2.237539e-05,3006967.531,2.500000e-04,5.50,3185.28
2587,4.119186e-03,3.382211e+01,4.183421e-05,6.372656e-05,2997810.369,3.745768e-03,3.391496e+01,2.090301e-05,2.904826e-05,2990737.289,2.500000e-04,4.90,3190.18
2588,3.987656e-03,3.383402e+01,3.620798e-05,4.843484e-05,2997456.883,3.896547e-03,3.406663e+01,2.012741e-05,5.772191e-05,2999752.016,2.500000e-04,5.49,3195.67
2589,4.238068e-03,3.381004e+01,4.208588e-05,8.724114e-05,2997347.693,4.085776e-03,3.377115e+01,5.455944e-05,3.261347e-05,2990010.156,2.500000e-04,5.34,3201.01
2590,4.081608e-03,3.381120e+01,3.450733e-05,7.108282e-05,2997693.887,4.061408e-03,3.323871e+01,2.393609e-05,9.963521e-05,2974555.336,2.500000e-04,5.64,3206.65
2591,4.107939e-03,3.382633e+01,4.753901e-05,4.998314e-05,2997643.422,3.850826e-03,3.383536e+01,4.186074e-05,9.736673e-06,2997867.242,2.500000e-04,5.13,3211.78
2592,3.925017e-03,3.380669e+01,3.162955e-05,4.561059e-05,2997706.992,3.757404e-03,3.408186e+01,2.229152e-05,2.526057e-05,3005951.766,2.500000e-04,5.50,3217.27
2593,4.127795e-03,3.379994e+01,4.162365e-05,6.631292e-05,2997648.854,4.078683e-03,3.408859e+01,6.013023e-05,1.370435e-05,3004632.477,2.500000e-04,5.69,3222.96
2594,4.039502e-03,3.380959e+01,4.089498e-05,4.991856e-05,2997797.547,4.724342e-03,3.328724e+01,4.917294e-05,1.807777e-04,2966795.969,2.500000e-04,5.76,3228.72
2595,3.969702e-03,3.379565e+01,3.457637e-05,4.887477e-05,2997348.186,3.722170e-03,3.391501e+01,2.748332e-05,1.116705e-05,2995448.758,2.500000e-04,4.69,3233.41
2596,3.980378e-03,3.381342e+01,3.377869e-05,5.224987e-05,2997817.654,3.875521e-03,3.372886e+01,4.104340e-05,1.844019e-05,3001422.078,2.500000e-04,5.73,3239.13
2597,3.960566e-03,3.381197e+01,3.472678e-05,4.642032e-05,2997548.045,3.801418e-03,3.347644e+01,2.416138e-05,4.243211e-05,2987077.117,2.500000e-04,4.99,3244.13
2598,4.000899e-03,3.375754e+01,3.963150e-05,4.576597e-05,2997409.092,3.658236e-03,3.405748e+01,1.639944e-05,1.769875e-05,3007940.227,2.500000e-04,5.79,3249.91
2599,4.174463e-03,3.377152e+01,4.591919e-05,6.762385e-05,2997668.482,4.377750e-03,3.355651e+01,6.747663e-05,6.946657e-05,2990287.773,2.500000e-04,6.08,3256.00
2600,4.047264e-03,3.378939e+01,4.610250e-05,4.145999e-05,2997739.465,4.823472e-03,3.306378e+01,5.362733e-05,1.961641e-04,2964318.070,2.500000e-04,5.47,3261.46
2601,4.267530e-03,3.380047e+01,4.213522e-05,9.322616e-05,2997624.850,5.019894e-03,3.330813e+01,3.748375e-05,2.628487e-04,2958906.766,1.250000e-04,5.11,3266.57
2602,3.746170e-03,3.380736e+01,2.086333e-05,3.136008e-05,2997619.488,3.788933e-03,3.362355e+01,2.440272e-05,3.651014e-05,2988247.781,1.250000e-04,5.40,3271.98
2603,3.640735e-03,3.378224e+01,1.752277e-05,1.745674e-05,2997591.031,3.731913e-03,3.399482e+01,3.007482e-05,6.336647e-06,3002457.859,1.250000e-04,5.41,3277.38
2604,3.678963e-03,3.377076e+01,2.025459e-05,1.986826e-05,2997854.520,3.636606e-03,3.389847e+01,1.565802e-05,1.803571e-05,2998582.883,1.250000e-04,5.25,3282.64
2605,3.710276e-03,3.377459e+01,2.016590e-05,2.623153e-05,2997682.254,3.640848e-03,3.408514e+01,1.804324e-05,1.038039e-05,3004840.086,1.250000e-04,5.74,3288.37
2606,3.679065e-03,3.378288e+01,2.007861e-05,1.999819e-05,2997914.898,3.645936e-03,3.378050e+01,1.789206e-05,1.779312e-05,2995255.109,1.250000e-04,5.93,3294.30
2607,3.721665e-03,3.375036e+01,1.995248e-05,2.942096e-05,2997462.027,3.731373e-03,3.419777e+01,1.685526e-05,2.860855e-05,3009676.875,1.250000e-04,5.54,3299.84
2608,3.695182e-03,3.377683e+01,2.013353e-05,2.323287e-05,2998099.494,3.704215e-03,3.363250e+01,2.792146e-05,1.235007e-05,2993307.836,1.250000e-04,5.31,3305.15
2609,3.670655e-03,3.374614e+01,2.021296e-05,1.878229e-05,2997719.332,3.616688e-03,3.385809e+01,1.665149e-05,1.287291e-05,2999391.930,1.250000e-04,5.46,3310.61
2610,3.678667e-03,3.375391e+01,1.806783e-05,2.451960e-05,2997789.414,3.586499e-03,3.368522e+01,1.462113e-05,1.435321e-05,2992436.227,1.250000e-04,4.86,3315.48
2611,3.639952e-03,3.373645e+01,1.918267e-05,1.489618e-05,2997750.656,3.640615e-03,3.357933e+01,1.512577e-05,2.628482e-05,2988353.195,1.250000e-04,5.59,3321.06
2612,3.676658e-03,3.373410e+01,2.134654e-05,1.795665e-05,2997772.479,3.633252e-03,3.399479e+01,1.787940e-05,1.099589e-05,3006893.680,1.250000e-04,5.61,3326.68
2613,3.672031e-03,3.371890e+01,1.886016e-05,2.230796e-05,2997701.156,3.820536e-03,3.406307e+01,2.036972e-05,4.210644e-05,3016714.969,1.250000e-04,5.43,3332.10
2614,3.671107e-03,3.372636e+01,1.807007e-05,2.355401e-05,2997890.699,3.593265e-03,3.370665e+01,1.844556e-05,7.628800e-06,2996667.180,1.250000e-04,5.60,3337.70
2615,3.664914e-03,3.371349e+01,1.735893e-05,2.399521e-05,2997861.658,3.624302e-03,3.353520e+01,1.330519e-05,2.754595e-05,2987282.883,1.250000e-04,5.77,3343.48
2616,3.622154e-03,3.371812e+01,1.651059e-05,1.704710e-05,2997793.822,3.601931e-03,3.389634e+01,1.482828e-05,1.280288e-05,2996535.688,1.250000e-04,5.24,3348.72
2617,3.635920e-03,3.371795e+01,1.776641e-05,1.729225e-05,2997813.197,3.563479e-03,3.359556e+01,1.175577e-05,1.727297e-05,2989571.008,1.250000e-04,5.57,3354.28
2618,3.653984e-03,3.370188e+01,1.792221e-05,2.091479e-05,2997615.117,3.622900e-03,3.397349e+01,1.235856e-05,2.039325e-05,3010043.289,1.250000e-04,5.48,3359.77
2619,3.624763e-03,3.370640e+01,1.830057e-05,1.422330e-05,2997791.332,3.603585e-03,3.368273e+01,1.240134e-05,2.225963e-05,3001506.539,1.250000e-04,5.76,3365.52
2620,3.632324e-03,3.368748e+01,1.768111e-05,1.735310e-05,2997701.129,4.119736e-03,3.427920e+01,4.107091e-05,5.622131e-05,3017236.023,1.250000e-04,5.64,3371.16
2621,3.680036e-03,3.371113e+01,1.939230e-05,2.299992e-05,2997800.379,3.726919e-03,3.411226e+01,1.914103e-05,2.485656e-05,3011749.414,1.250000e-04,5.84,3377.00
2622,3.658365e-03,3.369587e+01,1.682365e-05,2.410829e-05,2997945.814,3.693937e-03,3.403760e+01,2.157942e-05,1.487658e-05,3003543.242,1.250000e-04,5.59,3382.59
2623,3.697971e-03,3.369276e+01,2.135165e-05,2.303566e-05,2997628.498,3.666502e-03,3.358666e+01,1.789857e-05,2.577007e-05,2987422.914,1.250000e-04,5.45,3388.04
2624,3.648349e-03,3.370512e+01,1.795138e-05,1.966458e-05,2997932.650,3.533019e-03,3.370275e+01,1.320197e-05,6.144873e-06,2997529.469,1.250000e-04,5.46,3393.50
2625,3.653416e-03,3.368840e+01,1.816613e-05,2.058304e-05,2997876.859,3.722466e-03,3.389599e+01,2.679506e-05,1.298331e-05,3007508.969,1.250000e-04,5.58,3399.08
2626,3.665016e-03,3.367969e+01,1.927172e-05,2.086587e-05,2997618.270,3.640066e-03,3.361071e+01,2.131417e-05,1.317079e-05,2992451.477,1.250000e-04,5.50,3404.58
2627,3.619312e-03,3.368180e+01,1.691952e-05,1.638725e-05,2997845.480,3.582636e-03,3.383585e+01,1.499386e-05,9.822551e-06,3000393.453,1.250000e-04,5.91,3410.50
2628,3.699086e-03,3.369418e+01,1.812959e-05,2.967445e-05,2998043.848,3.719706e-03,3.393378e+01,2.202758e-05,2.121045e-05,3006542.758,1.250000e-04,5.17,3415.67
2629,3.654677e-03,3.367534e+01,1.915902e-05,1.911053e-05,2997530.201,3.696040e-03,3.387758e+01,1.611123e-05,2.943394e-05,3012240.031,1.250000e-04,5.45,3421.12
2630,3.629460e-03,3.367718e+01,1.744378e-05,1.746083e-05,2997956.094,3.638342e-03,3.365908e+01,1.860822e-05,1.727036e-05,2992816.664,1.250000e-04,5.44,3426.56
2631,3.661783e-03,3.366893e+01,1.885320e-05,2.127152e-05,2997765.109,3.809211e-03,3.328840e+01,2.553736e-05,4.499953e-05,2981753.258,1.250000e-04,5.40,3431.95
2632,3.612385e-03,3.365127e+01,1.692235e-05,1.560700e-05,2997680.512,3.646083e-03,3.405166e+01,1.547590e-05,1.723156e-05,3005628.133,1.250000e-04,5.41,3437.37
2633,3.664823e-03,3.367980e+01,1.826969e-05,2.282930e-05,2997879.160,3.756629e-03,3.353803e+01,2.501882e-05,3.052757e-05,2986300.742,1.250000e-04,5.60,3442.97
2634,3.690708e-03,3.365014e+01,1.876534e-05,2.760816e-05,2997781.305,3.637120e-03,3.396784e+01,1.846874e-05,1.112970e-05,3007214.539,1.250000e-04,5.69,3448.66
2635,3.649774e-03,3.366490e+01,1.737819e-05,2.190037e-05,2997851.361,3.688211e-03,3.372765e+01,2.555467e-05,1.197986e-05,2995927.570,1.250000e-04,5.55,3454.21
2636,3.625249e-03,3.366796e+01,1.701271e-05,1.766519e-05,2997787.934,3.778752e-03,3.416933e+01,1.812603e-05,3.611166e-05,3014570.391,1.250000e-04,5.60,3459.81
2637,3.652440e-03,3.364874e+01,1.748394e-05,2.254526e-05,2997829.713,3.651177e-03,3.383140e+01,2.082471e-05,1.195801e-05,3005011.477,1.250000e-04,5.44,3465.26
2638,3.627445e-03,3.364296e+01,1.685832e-05,1.891308e-05,2997770.744,3.579088e-03,3.376580e+01,1.575266e-05,8.996265e-06,3001854.750,1.250000e-04,5.66,3470.92
2639,3.662375e-03,3.363870e+01,1.729298e-05,2.511497e-05,2997694.268,3.672920e-03,3.395703e+01,1.704838e-05,2.134652e-05,3010546.758,1.250000e-04,5.94,3476.86
2640,3.610079e-03,3.366561e+01,1.763908e-05,1.342558e-05,2997857.686,3.665369e-03,3.402662e+01,1.710703e-05,1.832720e-05,3011511.320,1.250000e-04,5.20,3482.06
2641,3.616718e-03,3.365159e+01,1.684294e-05,1.662594e-05,2997962.510,3.775401e-03,3.329613e+01,2.118729e-05,4.678309e-05,2982005.633,1.250000e-04,5.23,3487.28
2642,3.627244e-03,3.363071e+01,1.701184e-05,1.881090e-05,2997690.381,3.712767e-03,3.388119e+01,2.598605e-05,1.295734e-05,3005701.477,1.250000e-04,5.48,3492.76
2643,3.645778e-03,3.363894e+01,1.848739e-05,1.940198e-05,2997836.617,3.570424e-03,3.365259e+01,1.398010e-05,1.307291e-05,2999125.344,1.250000e-04,5.48,3498.24
2644,3.650566e-03,3.363435e+01,1.894930e-05,1.952751e-05,2997811.064,3.562973e-03,3.372490e+01,1.556408e-05,6.968455e-06,2997172.953,1.250000e-04,5.50,3503.74
2645,3.630744e-03,3.365250e+01,1.710163e-05,1.889573e-05,2998080.967,3.907256e-03,3.333039e+01,2.382482e-05,6.719371e-05,2977572.898,1.250000e-04,5.25,3508.99
2646,3.630267e-03,3.362714e+01,1.659871e-05,2.031303e-05,2997446.912,3.758215e-03,3.399844e+01,1.999242e-05,3.168924e-05,3014365.531,1.250000e-04,5.29,3514.28
2647,3.641884e-03,3.362673e+01,1.818551e-05,1.947133e-05,2997703.473,3.699035e-03,3.404158e+01,1.382806e-05,3.131926e-05,3012876.609,1.250000e-04,5.06,3519.34
2648,3.633478e-03,3.363259e+01,1.692859e-05,2.018671e-05,2997991.105,3.594500e-03,3.380319e+01,1.730782e-05,8.220638e-06,3004757.703,1.250000e-04,5.13,3524.47
2649,3.668526e-03,3.362240e+01,1.935120e-05,2.255479e-05,2997818.303,3.662556e-03,3.351026e+01,2.113449e-05,2.003706e-05,2990181.312,1.250000e-04,5.63,3530.11
2650,3.638928e-03,3.362395e+01,1.783548e-05,1.963574e-05,2997760.689,3.618417e-03,3.359992e+01,1.850797e-05,1.466914e-05,2994747.578,1.250000e-04,6.02,3536.12
2651,3.654591e-03,3.363216e+01,1.775731e-05,2.276057e-05,2997825.412,3.838799e-03,3.338286e+01,1.616106e-05,6.778062e-05,2980429.281,1.250000e-04,5.57,3541.69
2652,3.679998e-03,3.362104e+01,1.921710e-05,2.514461e-05,2997591.127,3.781868e-03,3.415184e+01,1.255005e-05,4.823677e-05,3019525.047,1.250000e-04,5.76,3547.45
2653,3.671013e-03,3.363396e+01,2.055020e-05,2.042311e-05,2997988.260,3.626081e-03,3.376672e+01,1.856269e-05,1.275630e-05,3005976.688,1.250000e-04,5.36,3552.81
2654,3.638940e-03,3.363529e+01,1.687846e-05,2.132521e-05,2997865.963,3.550341e-03,3.362908e+01,1.313098e-05,1.122478e-05,2999831.023,1.250000e-04,5.53,3558.35
2655,3.688230e-03,3.360186e+01,1.876761e-05,2.807362e-05,2997673.711,3.791319e-03,3.362502e+01,3.162087e-05,2.252167e-05,2991213.008,1.250000e-04,5.49,3563.84
2656,3.614288e-03,3.363515e+01,1.711251e-05,1.592953e-05,2997927.207,3.749116e-03,3.365500e+01,3.287627e-05,1.097065e-05,2998180.141,1.250000e-04,5.30,3569.14
2657,3.671049e-03,3.362261e+01,1.970847e-05,2.234055e-05,2997846.326,3.652681e-03,3.384434e+01,1.466976e-05,2.430985e-05,3008158.969,1.250000e-04,5.37,3574.51
2658,3.640339e-03,3.362637e+01,1.748655e-05,2.056729e-05,2997747.773,3.530448e-03,3.357432e+01,1.308750e-05,8.428115e-06,2995243.805,1.250000e-04,5.71,3580.22
2659,3.629504e-03,3.361947e+01,1.776598e-05,1.797950e-05,2997832.863,3.634632e-03,3.352453e+01,1.956256e-05,1.731077e-05,2990845.188,1.250000e-04,5.53,3585.74
2660,3.633725e-03,3.361664e+01,1.725514e-05,1.990205e-05,2997773.361,3.531702e-03,3.359579e+01,1.379541e-05,6.833687e-06,2995858.078,1.250000e-04,5.41,3591.16
2661,3.651334e-03,3.360692e+01,1.804102e-05,2.204630e-05,2997560.229,3.595268e-03,3.381270e+01,1.671462e-05,9.370427e-06,3002187.570,1.250000e-04,5.07,3596.22
2662,3.661021e-03,3.361219e+01,2.019314e-05,1.957419e-05,2997817.312,3.683990e-03,3.358331e+01,1.912849e-05,2.687489e-05,3004688.914,1.250000e-04,5.15,3601.37
2663,3.665106e-03,3.361289e+01,1.959461e-05,2.157424e-05,2997962.215,3.616833e-03,3.370267e+01,1.826481e-05,1.278375e-05,2994320.164,1.250000e-04,5.34,3606.72
2664,3.651009e-03,3.361766e+01,1.731612e-05,2.321638e-05,2997793.842,3.565829e-03,3.347898e+01,1.583828e-05,1.190965e-05,2995161.281,1.250000e-04,5.08,3611.80
2665,3.624902e-03,3.359348e+01,1.798978e-05,1.713118e-05,2997846.072,3.625269e-03,3.355719e+01,1.658049e-05,2.074902e-05,2989689.484,1.250000e-04,5.49,3617.29
2666,3.641653e-03,3.359439e+01,1.736757e-05,2.170765e-05,2997637.691,3.537166e-03,3.373854e+01,1.372754e-05,5.207192e-06,3001814.914,1.250000e-04,5.67,3622.97
2667,3.631669e-03,3.359501e+01,1.781581e-05,1.880210e-05,2997851.742,3.636737e-03,3.379523e+01,1.506329e-05,2.131614e-05,2996713.461,1.250000e-04,5.89,3628.85
2668,3.651773e-03,3.362045e+01,1.789863e-05,2.214838e-05,2997769.668,3.615208e-03,3.384362e+01,1.180826e-05,2.255276e-05,3009274.258,1.250000e-04,5.14,3633.99
2669,3.673354e-03,3.360747e+01,1.967924e-05,2.316291e-05,2997905.582,3.602457e-03,3.388481e+01,1.492578e-05,1.294375e-05,3006992.062,1.250000e-04,5.51,3639.50
2670,3.649611e-03,3.359952e+01,1.885932e-05,2.021300e-05,2997539.609,3.937193e-03,3.404938e+01,2.463204e-05,5.718676e-05,3020032.055,1.250000e-04,5.64,3645.14
2671,3.648266e-03,3.361107e+01,1.815950e-05,2.111277e-05,2998079.496,3.832035e-03,3.330420e+01,1.693354e-05,6.645610e-05,2977068.914,1.250000e-04,5.47,3650.60
2672,3.625411e-03,3.359222e+01,1.699682e-05,1.924427e-05,2997605.477,3.854510e-03,3.413706e+01,2.718145e-05,3.379787e-05,3011565.273,1.250000e-04,5.43,3656.03
2673,3.672191e-03,3.360169e+01,1.759160e-05,2.722124e-05,2997984.793,3.618868e-03,3.342245e+01,1.462290e-05,2.607887e-05,2990517.219,1.250000e-04,5.45,3661.48
2674,3.631478e-03,3.360320e+01,1.793644e-05,1.835874e-05,2997719.619,3.837113e-03,3.397604e+01,2.260396e-05,4.269396e-05,3016926.336,1.250000e-04,5.32,3666.80
2675,3.614899e-03,3.359960e+01,1.687162e-05,1.724457e-05,2997897.359,3.581966e-03,3.338147e+01,1.377514e-05,2.121339e-05,2990153.492,1.250000e-04,5.26,3672.07
2676,3.634805e-03,3.360791e+01,1.946995e-05,1.586284e-05,2997927.729,3.708929e-03,3.332020e+01,1.603883e-05,4.330402e-05,2981935.617,1.250000e-04,5.54,3677.61
2677,3.662786e-03,3.356612e+01,1.858017e-05,2.407449e-05,2997565.855,3.569985e-03,3.372397e+01,1.490894e-05,9.699659e-06,2999520.078,1.250000e-04,5.07,3682.67
2678,3.620861e-03,3.357794e+01,1.804809e-05,1.651738e-05,2997835.396,3.599604e-03,3.377659e+01,1.567760e-05,1.303395e-05,3007096.078,1.250000e-04,5.48,3688.15
2679,3.713803e-03,3.358231e+01,2.101598e-05,2.908250e-05,2997858.562,3.588185e-03,3.356944e+01,1.457846e-05,1.709112e-05,2992103.008,1.250000e-04,4.59,3692.74
2680,3.616307e-03,3.358650e+01,1.733591e-05,1.685958e-05,2997755.738,3.550719e-03,3.373233e+01,1.350617e-05,8.484825e-06,3001918.078,1.250000e-04,5.16,3697.91
2681,3.630354e-03,3.359222e+01,1.697813e-05,2.027016e-05,2997859.992,3.684813e-03,3.332514e+01,1.841146e-05,3.363694e-05,2984479.938,1.250000e-04,5.33,3703.23
2682,3.635893e-03,3.356141e+01,1.659112e-05,2.276807e-05,2997793.557,3.528022e-03,3.364824e+01,1.215461e-05,8.330576e-06,2995139.992,1.250000e-04,5.73,3708.97
2683,3.633463e-03,3.359002e+01,1.667671e-05,2.153877e-05,2997653.219,3.590536e-03,3.382457e+01,1.114279e-05,1.933007e-05,3009875.266,1.250000e-04,5.08,3714.05
2684,3.652748e-03,3.356548e+01,1.859861e-05,2.204291e-05,2997779.604,3.642266e-03,3.390697e+01,1.807381e-05,1.416635e-05,3007539.711,1.250000e-04,5.29,3719.34
2685,3.676490e-03,3.357432e+01,1.768059e-05,2.845043e-05,2997834.150,3.615574e-03,3.378888e+01,1.342181e-05,2.049365e-05,3006644.117,1.250000e-04,5.79,3725.13
2686,3.621070e-03,3.357956e+01,1.707429e-05,1.847430e-05,2997716.141,4.050554e-03,3.415280e+01,3.591220e-05,5.523044e-05,3018741.094,1.250000e-04,4.98,3730.11
2687,3.654237e-03,3.358728e+01,1.837547e-05,2.235088e-05,2998005.512,3.678128e-03,3.343930e+01,2.501811e-05,1.680336e-05,2993376.203,1.250000e-04,5.29,3735.40
2688,3.635190e-03,3.355827e+01,1.777329e-05,2.032603e-05,2997691.695,3.618471e-03,3.343326e+01,1.799271e-05,1.904353e-05,2990519.562,1.250000e-04,5.33,3740.73
2689,3.645751e-03,3.357441e+01,1.670710e-05,2.424776e-05,2997742.908,3.572059e-03,3.355362e+01,1.645940e-05,1.042065e-05,2997694.367,1.250000e-04,5.66,3746.39
2690,3.640662e-03,3.356879e+01,1.874404e-05,1.926841e-05,2997660.449,3.652820e-03,3.382063e+01,2.145354e-05,1.124432e-05,3005822.266,1.250000e-04,5.21,3751.60
2691,3.636528e-03,3.358236e+01,1.811312e-05,1.943201e-05,2998098.193,3.608808e-03,3.355801e+01,2.086441e-05,8.872557e-06,2995748.414,1.250000e-04,5.11,3756.71
2692,3.662075e-03,3.356730e+01,1.883452e-05,2.340013e-05,2997633.090,3.638916e-03,3.382305e+01,1.976460e-05,1.179304e-05,3003547.086,1.250000e-04,4.64,3761.35
2693,3.630229e-03,3.357589e+01,1.855450e-05,1.741902e-05,2997822.295,3.567976e-03,3.373086e+01,1.626176e-05,6.454588e-06,3000735.406,1.250000e-04,5.33,3766.68
2694,3.650073e-03,3.358375e+01,1.790077e-05,2.253807e-05,2997766.230,3.605163e-03,3.363869e+01,2.028416e-05,7.690513e-06,2999318.711,1.250000e-04,5.41,3772.09
2695,3.647151e-03,3.355504e+01,1.629178e-05,2.574585e-05,2997813.840,3.593206e-03,3.363589e+01,1.428544e-05,1.735245e-05,2993713.477,1.250000e-04,5.51,3777.60
2696,3.692639e-03,3.360331e+01,2.115210e-05,2.415750e-05,2997888.391,3.549905e-03,3.348127e+01,1.276946e-05,1.481663e-05,2991077.906,1.250000e-04,5.44,3783.04
2697,3.651245e-03,3.357626e+01,1.788216e-05,2.295948e-05,2997913.221,3.664157e-03,3.337751e+01,1.824819e-05,2.878497e-05,2987112.055,1.250000e-04,5.22,3788.26
2698,3.660044e-03,3.358406e+01,1.993298e-05,2.046177e-05,2997753.926,3.599880e-03,3.352227e+01,1.424184e-05,2.104689e-05,2996034.727,1.250000e-04,5.71,3793.97
2699,3.616694e-03,3.356572e+01,1.711708e-05,1.779020e-05,2997632.959,3.604361e-03,3.367019e+01,1.736366e-05,1.274102e-05,2999060.141,1.250000e-04,5.43,3799.40
2700,3.658590e-03,3.357058e+01,1.789448e-05,2.451734e-05,2997936.293,3.679333e-03,3.336175e+01,1.645106e-05,3.572947e-05,2985726.797,1.250000e-04,5.70,3805.09
2701,3.627088e-03,3.356372e+01,1.714595e-05,1.985133e-05,2997641.900,3.669992e-03,3.391481e+01,1.377026e-05,2.816167e-05,3013637.695,1.250000e-04,5.60,3810.69
2702,3.643741e-03,3.356753e+01,1.853335e-05,2.033095e-05,2997980.145,3.709706e-03,3.374684e+01,2.162043e-05,2.376364e-05,2995589.711,1.250000e-04,5.22,3815.92
2703,3.646244e-03,3.357317e+01,1.763304e-05,2.251932e-05,2997805.273,3.615526e-03,3.352546e+01,1.291630e-05,2.676358e-05,3002596.125,1.250000e-04,5.32,3821.23
2704,3.668841e-03,3.357193e+01,1.849302e-05,2.534349e-05,2997705.877,3.689936e-03,3.378714e+01,2.366031e-05,1.492391e-05,3008503.602,1.250000e-04,4.71,3825.94
2705,3.637512e-03,3.356709e+01,1.868114e-05,1.879841e-05,2997995.680,3.612179e-03,3.330756e+01,1.463877e-05,2.700708e-05,2987937.727,1.250000e-04,5.14,3831.07
2706,3.623590e-03,3.355719e+01,1.791103e-05,1.775213e-05,2997657.209,3.620329e-03,3.371047e+01,1.662623e-05,1.660392e-05,3004217.781,1.250000e-04,5.61,3836.68
2707,3.652510e-03,3.356972e+01,1.696202e-05,2.518361e-05,2997632.824,3.665913e-03,3.373975e+01,1.572570e-05,2.693621e-05,3007034.820,1.250000e-04,5.48,3842.16
2708,3.679925e-03,3.356158e+01,1.744171e-05,2.986988e-05,2998177.055,3.847048e-03,3.330189e+01,1.714680e-05,6.907806e-05,2978066.516,1.250000e-04,5.37,3847.53
2709,3.643886e-03,3.356001e+01,1.965570e-05,1.826576e-05,2997590.094,3.605693e-03,3.351679e+01,1.761152e-05,1.557989e-05,2993519.430,1.250000e-04,5.29,3852.82
2710,3.606711e-03,3.356546e+01,1.690493e-05,1.622316e-05,2997864.357,3.688712e-03,3.386371e+01,2.120524e-05,1.805770e-05,3003821.766,1.250000e-04,5.21,3858.03
2711,3.636881e-03,3.354970e+01,1.834490e-05,1.969242e-05,2997807.076,3.623462e-03,3.376068e+01,1.654183e-05,1.639516e-05,2998986.648,1.250000e-04,5.35,3863.38
2712,3.646576e-03,3.358101e+01,1.849088e-05,2.071328e-05,2998039.863,3.985774e-03,3.331943e+01,3.082713e-05,6.911199e-05,2978017.812,1.250000e-04,6.10,3869.48
2713,3.717578e-03,3.353261e+01,2.005555e-05,3.275228e-05,2997468.434,3.697581e-03,3.358196e+01,2.856000e-05,1.075699e-05,2997310.750,1.250000e-04,5.62,3875.09
2714,3.619213e-03,3.357374e+01,1.864477e-05,1.507814e-05,2997945.039,3.781971e-03,3.366175e+01,2.385110e-05,3.545703e-05,3009718.586,1.250000e-04,5.64,3880.73
2715,3.631655e-03,3.355303e+01,1.875840e-05,1.775356e-05,2997898.312,3.634128e-03,3.347499e+01,2.405451e-05,9.216754e-06,2996226.516,1.250000e-04,5.01,3885.75
2716,3.640775e-03,3.354315e+01,1.875167e-05,1.978869e-05,2997699.283,3.651271e-03,3.334671e+01,1.889099e-05,2.553805e-05,2988569.398,1.250000e-04,5.41,3891.16
2717,3.652183e-03,3.356399e+01,1.841291e-05,2.233102e-05,2997914.613,3.817899e-03,3.345101e+01,2.004161e-05,5.447635e-05,2988991.609,1.250000e-04,5.84,3896.99
2718,3.640818e-03,3.355345e+01,1.769210e-05,2.171045e-05,2997648.934,3.723900e-03,3.390467e+01,1.679491e-05,3.309690e-05,3014158.055,1.250000e-04,5.29,3902.28
2719,3.648628e-03,3.354932e+01,1.921890e-05,2.030127e-05,2997864.957,3.590344e-03,3.357099e+01,1.412033e-05,1.840836e-05,3003777.055,1.250000e-04,5.18,3907.46
2720,3.642881e-03,3.355107e+01,1.747367e-05,2.260737e-05,2997810.670,3.728491e-03,3.329189e+01,2.315336e-05,3.355386e-05,2984437.172,1.250000e-04,5.49,3912.96
2721,3.625862e-03,3.355210e+01,1.675345e-05,2.062344e-05,2997867.658,3.762961e-03,3.304350e+01,1.241495e-05,6.689231e-05,2977423.648,1.250000e-04,5.41,3918.37
2722,3.644342e-03,3.352228e+01,1.984354e-05,1.873569e-05,2997409.365,3.882683e-03,3.414813e+01,2.346343e-05,4.664731e-05,3013575.406,1.250000e-04,5.46,3923.83
2723,3.727309e-03,3.355201e+01,1.848565e-05,3.745034e-05,2997961.021,3.632499e-03,3.349929e+01,1.972900e-05,1.705601e-05,2991033.703,1.250000e-04,5.18,3929.00
2724,3.619405e-03,3.356028e+01,1.808721e-05,1.650097e-05,2997979.402,3.522441e-03,3.351209e+01,1.294624e-05,8.353911e-06,2993984.867,1.250000e-04,5.76,3934.77
2725,3.630499e-03,3.356258e+01,1.827505e-05,1.829804e-05,2997890.605,3.938971e-03,3.317501e+01,1.704029e-05,9.021353e-05,2973438.781,1.250000e-04,5.96,3940.73
2726,3.700238e-03,3.353633e+01,1.830348e-05,3.271400e-05,2997347.307,3.707688e-03,3.383913e+01,2.049915e-05,2.375654e-05,3011857.281,1.250000e-04,5.53,3946.26
2727,3.648567e-03,3.353875e+01,1.818688e-05,2.256467e-05,2997889.627,3.734599e-03,3.403688e+01,1.697846e-05,3.222531e-05,3014453.453,1.250000e-04,5.54,3951.80
2728,3.671347e-03,3.355690e+01,1.845367e-05,2.622409e-05,2997879.488,3.641008e-03,3.351262e+01,1.375483e-05,3.043946e-05,2990007.203,1.250000e-04,5.45,3957.25
2729,3.625348e-03,3.354435e+01,1.662845e-05,2.092563e-05,2997867.594,3.746863e-03,3.314720e+01,1.699210e-05,5.244431e-05,2980109.406,1.250000e-04,5.53,3962.78
2730,3.629600e-03,3.354045e+01,1.718270e-05,2.074569e-05,2997695.066,3.618389e-03,3.345153e+01,2.197810e-05,1.069102e-05,2994929.188,1.250000e-04,5.25,3968.04
2731,3.631452e-03,3.354757e+01,1.833342e-05,1.867234e-05,2997868.711,3.543674e-03,3.349395e+01,1.390055e-05,1.105487e-05,2993255.344,1.250000e-04,5.29,3973.32
2732,3.622991e-03,3.353553e+01,1.884489e-05,1.619780e-05,2997752.430,3.869789e-03,3.321806e+01,2.889896e-05,5.179878e-05,2979810.719,1.250000e-04,6.01,3979.33
2733,3.679277e-03,3.354042e+01,2.030469e-05,2.443754e-05,2997707.646,3.674612e-03,3.375664e+01,2.528091e-05,9.227761e-06,3002940.961,1.250000e-04,5.31,3984.63
2734,3.629785e-03,3.354892e+01,1.682155e-05,2.133557e-05,2997820.953,3.701677e-03,3.383341e+01,1.543010e-05,3.280690e-05,3013798.336,1.250000e-04,5.75,3990.38
2735,3.602347e-03,3.355193e+01,1.617678e-05,1.707723e-05,2997950.287,3.581846e-03,3.346390e+01,1.821142e-05,1.066826e-05,2995595.930,1.250000e-04,5.43,3995.82
2736,3.621487e-03,3.353822e+01,1.645299e-05,2.062706e-05,2997733.312,3.595625e-03,3.367994e+01,2.034935e-05,4.827470e-06,3002471.336,1.250000e-04,5.04,4000.86
2737,3.654869e-03,3.352445e+01,2.093457e-05,1.861567e-05,2997798.611,3.585333e-03,3.362233e+01,1.670393e-05,1.121209e-05,2996315.711,1.250000e-04,5.57,4006.43
2738,3.617607e-03,3.354269e+01,1.571357e-05,2.124051e-05,2998040.281,3.877458e-03,3.303287e+01,2.320463e-05,6.842488e-05,2977704.641,1.250000e-04,5.46,4011.89
2739,3.622802e-03,3.353987e+01,1.644844e-05,2.086609e-05,2997790.611,3.563071e-03,3.341026e+01,1.539072e-05,1.362768e-05,2991217.062,1.250000e-04,5.59,4017.48
2740,3.632518e-03,3.350788e+01,1.763146e-05,2.108319e-05,2997748.436,3.621947e-03,3.347656e+01,2.124156e-05,1.237499e-05,2994096.305,1.250000e-04,5.51,4022.99
2741,3.608832e-03,3.353724e+01,1.733110e-05,1.635932e-05,2997912.777,3.754595e-03,3.340521e+01,1.432149e-05,5.417197e-05,2981420.602,1.250000e-04,5.38,4028.36
2742,3.608837e-03,3.350911e+01,1.691305e-05,1.775922e-05,2997609.086,3.567782e-03,3.367833e+01,1.281274e-05,1.436446e-05,2996902.266,1.250000e-04,5.41,4033.78
2743,3.683652e-03,3.355457e+01,1.932427e-05,2.699057e-05,2997950.229,3.561604e-03,3.358074e+01,1.681368e-05,7.078602e-06,3001399.031,1.250000e-04,5.16,4038.94
2744,3.635667e-03,3.350921e+01,1.715211e-05,2.264506e-05,2997630.533,3.584803e-03,3.382969e+01,1.531792e-05,9.730875e-06,3005293.734,1.250000e-04,5.29,4044.23
2745,3.605036e-03,3.355408e+01,1.637363e-05,1.717843e-05,2997898.908,3.553637e-03,3.341149e+01,1.417882e-05,1.413999e-05,2994964.312,1.250000e-04,5.54,4049.77
2746,3.624553e-03,3.351900e+01,1.680668e-05,2.091744e-05,2997800.465,3.695300e-03,3.388448e+01,1.460124e-05,3.216794e-05,3005809.539,1.250000e-04,5.65,4055.43
2747,3.622714e-03,3.354167e+01,1.652898e-05,2.065147e-05,2997756.762,3.882119e-03,3.371345e+01,2.513170e-05,5.189143e-05,3013670.430,1.250000e-04,5.40,4060.82
2748,3.684013e-03,3.350620e+01,1.865181e-05,2.937496e-05,2997881.314,3.810764e-03,3.407510e+01,2.440928e-05,3.183220e-05,3011412.125,1.250000e-04,5.14,4065.96
2749,3.634740e-03,3.353256e+01,1.687049e-05,2.255576e-05,2997952.555,3.586213e-03,3.344453e+01,1.527029e-05,1.781151e-05,2990437.875,1.250000e-04,5.49,4071.46
2750,3.678326e-03,3.353546e+01,2.097004e-05,2.301590e-05,2997796.041,3.502271e-03,3.351497e+01,1.218228e-05,5.790239e-06,2996286.523,1.250000e-04,5.69,4077.15
2751,3.626629e-03,3.353482e+01,1.720343e-05,2.022262e-05,2997784.619,3.508788e-03,3.345213e+01,1.250926e-05,7.696342e-06,2994596.203,1.250000e-04,5.00,4082.16
2752,3.620308e-03,3.351896e+01,1.631729e-05,2.104794e-05,2997761.496,3.562442e-03,3.352950e+01,1.672861e-05,8.441311e-06,2997085.617,1.250000e-04,5.21,4087.36
2753,3.657602e-03,3.352766e+01,2.015256e-05,2.066203e-05,2997881.385,3.588045e-03,3.345897e+01,1.463253e-05,1.916456e-05,2989175.312,1.250000e-04,5.20,4092.57
2754,3.637428e-03,3.353368e+01,1.761324e-05,2.158562e-05,2997760.256,3.593516e-03,3.339629e+01,1.501662e-05,2.074417e-05,2988742.219,1.250000e-04,5.60,4098.17
2755,3.650094e-03,3.350821e+01,1.707017e-05,2.571429e-05,2997620.037,3.529843e-03,3.357712e+01,1.268356e-05,9.059038e-06,3000933.172,1.250000e-04,5.54,4103.72
2756,3.663610e-03,3.354594e+01,1.967009e-05,2.246306e-05,2997842.260,3.684017e-03,3.378268e+01,2.286578e-05,1.541840e-05,3008354.320,1.250000e-04,5.47,4109.19
2757,3.650009e-03,3.352425e+01,1.769021e-05,2.413629e-05,2997949.314,3.546558e-03,3.351156e+01,1.356024e-05,1.196003e-05,2992940.453,1.250000e-04,4.74,4113.93
2758,3.659304e-03,3.353631e+01,1.939682e-05,2.234106e-05,2997919.994,3.967893e-03,3.307775e+01,2.699124e-05,7.804111e-05,2976136.664,1.250000e-04,5.63,4119.56
2759,3.651795e-03,3.349714e+01,1.822289e-05,2.397057e-05,2997529.973,3.610145e-03,3.360108e+01,1.861250e-05,1.278246e-05,2996521.688,1.250000e-04,5.62,4125.18
2760,3.678356e-03,3.354202e+01,2.064185e-05,2.354703e-05,2998003.502,3.573648e-03,3.341805e+01,1.335896e-05,1.965075e-05,2989417.094,1.250000e-04,5.51,4130.69
2761,3.639902e-03,3.353200e+01,1.583650e-05,2.566733e-05,2997787.172,3.582853e-03,3.333272e+01,1.329104e-05,2.333414e-05,2989439.438,1.250000e-04,5.51,4136.20
2762,3.623552e-03,3.351187e+01,1.778547e-05,1.890209e-05,2997736.914,3.597830e-03,3.347871e+01,1.788531e-05,1.422117e-05,2991667.703,1.250000e-04,5.34,4141.54
2763,3.603190e-03,3.350501e+01,1.618651e-05,1.816469e-05,2997665.752,3.592258e-03,3.360971e+01,1.597254e-05,1.431233e-05,2996283.641,1.250000e-04,5.41,4146.95
2764,3.667472e-03,3.351598e+01,2.049339e-05,2.218804e-05,2997698.902,3.707270e-03,3.352233e+01,2.840875e-05,1.419006e-05,2998732.633,1.250000e-04,6.03,4152.99
2765,3.663627e-03,3.353261e+01,1.907766e-05,2.391799e-05,2997817.670,3.859695e-03,3.366029e+01,3.066769e-05,3.739795e-05,2993784.789,1.250000e-04,5.55,4158.54
2766,3.669975e-03,3.352426e+01,1.852429e-05,2.646119e-05,2998067.725,3.675018e-03,3.350744e+01,2.186028e-05,2.113429e-05,2989330.617,1.250000e-04,5.65,4164.19
2767,3.647787e-03,3.352401e+01,1.761354e-05,2.385008e-05,2997740.125,3.644114e-03,3.358365e+01,2.034562e-05,1.645852e-05,2999504.719,1.250000e-04,5.43,4169.61
2768,3.638157e-03,3.351885e+01,1.810594e-05,2.104250e-05,2997663.867,3.567644e-03,3.352751e+01,1.754390e-05,7.890830e-06,2998740.000,1.250000e-04,5.36,4174.98
2769,3.652038e-03,3.352297e+01,2.125164e-05,1.744487e-05,2997950.025,3.549086e-03,3.362359e+01,1.358907e-05,1.016715e-05,2998601.070,1.250000e-04,5.63,4180.61
2770,3.601484e-03,3.352487e+01,1.540770e-05,1.898387e-05,2997598.791,3.632539e-03,3.380862e+01,1.767899e-05,1.497740e-05,3007822.617,1.250000e-04,5.43,4186.04
2771,3.645946e-03,3.352588e+01,1.799775e-05,2.267616e-05,2997877.123,3.664196e-03,3.384494e+01,1.630009e-05,2.334017e-05,3008188.188,1.250000e-04,5.26,4191.30
2772,3.636676e-03,3.352195e+01,1.831740e-05,2.026130e-05,2997826.574,3.546686e-03,3.338446e+01,1.313273e-05,1.538248e-05,2994278.336,1.250000e-04,5.42,4196.72
2773,3.609685e-03,3.350493e+01,1.781865e-05,1.620112e-05,2997731.619,3.608266e-03,3.365877e+01,1.844696e-05,1.158393e-05,3003174.984,1.250000e-04,5.28,4202.00
2774,3.646616e-03,3.351921e+01,1.880736e-05,2.132427e-05,2997843.688,3.611721e-03,3.362121e+01,1.397552e-05,2.196898e-05,3005545.031,1.250000e-04,5.81,4207.81
2775,3.625595e-03,3.352391e+01,1.562492e-05,2.339098e-05,2997739.078,3.533203e-03,3.363233e+01,1.162578e-05,1.074249e-05,2999394.055,1.250000e-04,5.52,4213.33
2776,3.612151e-03,3.352052e+01,1.532525e-05,2.136938e-05,2997826.057,3.658293e-03,3.384722e+01,1.500804e-05,2.469819e-05,3013094.008,1.250000e-04,5.07,4218.40
2777,3.658995e-03,3.351881e+01,1.780074e-05,2.582141e-05,2998029.152,3.626733e-03,3.342033e+01,1.809815e-05,2.074385e-05,2995238.891,1.250000e-04,5.08,4223.48
2778,3.646499e-03,3.350784e+01,1.777424e-05,2.359451e-05,2997527.225,3.584411e-03,3.378607e+01,1.249730e-05,1.616627e-05,3006368.438,1.250000e-04,5.12,4228.60
2779,3.667857e-03,3.350744e+01,1.895088e-05,2.552089e-05,2997813.652,3.575398e-03,3.354314e+01,1.672471e-05,1.076737e-05,2996288.102,1.250000e-04,5.39,4233.99
2780,3.640695e-03,3.352597e+01,1.883245e-05,1.995478e-05,2997926.318,3.610679e-03,3.374676e+01,1.414639e-05,1.890787e-05,3007726.062,1.250000e-04,5.66,4239.65
2781,3.611908e-03,3.351196e+01,1.729863e-05,1.754516e-05,2997852.613,3.676923e-03,3.327876e+01,1.427433e-05,4.126080e-05,2983168.078,1.250000e-04,4.77,4244.42
2782,3.632189e-03,3.351461e+01,1.785465e-05,2.043632e-05,2997746.039,3.642872e-03,3.343248e+01,1.773091e-05,2.446311e-05,2999837.992,1.250000e-04,5.41,4249.82
2783,3.605514e-03,3.350653e+01,1.647473e-05,1.802274e-05,2997820.797,3.634235e-03,3.377175e+01,1.592250e-05,1.956705e-05,3009213.000,1.250000e-04,5.38,4255.21
2784,3.627751e-03,3.352204e+01,1.620648e-05,2.269653e-05,2997994.645,3.609332e-03,3.336916e+01,1.602922e-05,2.242473e-05,2987737.367,1.250000e-04,5.23,4260.44
2785,3.641835e-03,3.350926e+01,1.906739e-05,2.004709e-05,2997620.873,3.755323e-03,3.379458e+01,3.032921e-05,1.451477e-05,3008684.570,1.250000e-04,5.60,4266.04
2786,3.613274e-03,3.352253e+01,1.818702e-05,1.583035e-05,2997999.760,3.505262e-03,3.349011e+01,1.177048e-05,7.709345e-06,2998899.562,1.250000e-04,5.53,4271.57
2787,3.672789e-03,3.349654e+01,1.933948e-05,2.594805e-05,2997707.836,3.664181e-03,3.330911e+01,1.445344e-05,3.774713e-05,2990483.203,1.250000e-04,5.56,4277.13
2788,3.692671e-03,3.349686e+01,1.988154e-05,2.883401e-05,2997786.607,3.670110e-03,3.368810e+01,2.524607e-05,9.767872e-06,3003479.133,1.250000e-04,5.38,4282.51
2789,3.623413e-03,3.352115e+01,1.716542e-05,1.992879e-05,2997888.748,3.548645e-03,3.343384e+01,1.482061e-05,1.141087e-05,2994440.430,1.250000e-04,5.38,4287.90
2790,3.674907e-03,3.349377e+01,1.930105e-05,2.650379e-05,2997768.783,3.536564e-03,3.360101e+01,1.333395e-05,8.624732e-06,2997212.242,1.250000e-04,5.70,4293.59
2791,3.642058e-03,3.350553e+01,1.764788e-05,2.300524e-05,2997843.619,3.568871e-03,3.351129e+01,1.632157e-05,1.090538e-05,2994206.633,1.250000e-04,5.36,4298.95
2792,3.642284e-03,3.351429e+01,1.739209e-05,2.338697e-05,2997768.701,3.670432e-03,3.321003e+01,1.542205e-05,3.904167e-05,2982319.008,1.250000e-04,5.34,4304.30
2793,3.618205e-03,3.350300e+01,1.645400e-05,2.067300e-05,2997690.705,3.581112e-03,3.360358e+01,1.693980e-05,1.027115e-05,3004961.875,1.250000e-04,5.59,4309.89
2794,3.640749e-03,3.350356e+01,1.710378e-05,2.387112e-05,2997761.436,3.557627e-03,3.352001e+01,1.582782e-05,9.469486e-06,2998793.727,1.250000e-04,5.04,4314.93
2795,3.656017e-03,3.350917e+01,1.816346e-05,2.469305e-05,2997823.398,3.696854e-03,3.381414e+01,1.749276e-05,2.810236e-05,3013117.766,1.250000e-04,5.78,4320.70
2796,3.616934e-03,3.349669e+01,1.623845e-05,2.097612e-05,2997987.564,3.547478e-03,3.342390e+01,1.180714e-05,1.740340e-05,2991147.273,1.250000e-04,5.11,4325.81
2797,3.582753e-03,3.350812e+01,1.498017e-05,1.642782e-05,2997715.494,3.552730e-03,3.370994e+01,1.398896e-05,8.369487e-06,3004379.500,1.250000e-04,5.11,4330.92
2798,3.624636e-03,3.350209e+01,1.663840e-05,2.160873e-05,2997875.832,3.639851e-03,3.322559e+01,1.317341e-05,3.711154e-05,2983809.242,1.250000e-04,5.43,4336.35
2799,3.657054e-03,3.350863e+01,1.905361e-05,2.313087e-05,2997705.854,3.728007e-03,3.377379e+01,1.385200e-05,4.242169e-05,3014822.258,1.250000e-04,5.64,4341.99
2800,3.665658e-03,3.351779e+01,1.911076e-05,2.455419e-05,2997892.523,3.562865e-03,3.345492e+01,1.426108e-05,1.495246e-05,2998635.000,1.250000e-04,5.69,4347.68
2801,3.621328e-03,3.349802e+01,1.710060e-05,2.010401e-05,2998132.309,3.878628e-03,3.295536e+01,1.389770e-05,8.882293e-05,2973559.633,1.250000e-04,5.12,4352.80
2802,3.649783e-03,3.350906e+01,1.878753e-05,2.220040e-05,2997748.479,3.513191e-03,3.350948e+01,1.171086e-05,9.026942e-06,2997896.625,1.250000e-04,5.74,4358.54
2803,3.693450e-03,3.350969e+01,2.125313e-05,2.598996e-05,2997669.572,3.559083e-03,3.345127e+01,1.570656e-05,1.137819e-05,2994330.977,1.250000e-04,5.55,4364.09
2804,3.630971e-03,3.349829e+01,1.821912e-05,1.979008e-05,2997783.061,3.651642e-03,3.332674e+01,1.504027e-05,3.371303e-05,2987316.742,1.250000e-04,5.20,4369.29
2805,3.602298e-03,3.348986e+01,1.640170e-05,1.785907e-05,2997804.785,3.518042e-03,3.349520e+01,1.243464e-05,8.835017e-06,2995271.352,1.250000e-04,5.66,4374.95
2806,3.626119e-03,3.349862e+01,1.984304e-05,1.556517e-05,2997758.148,3.535670e-03,3.345356e+01,1.412836e-05,9.805955e-06,2994540.734,1.250000e-04,5.57,4380.52
2807,3.602460e-03,3.349434e+01,1.585615e-05,1.889287e-05,2997537.361,3.932335e-03,3.403354e+01,3.415519e-05,3.748586e-05,3016162.562,1.250000e-04,5.91,4386.43
2808,3.600772e-03,3.351307e+01,1.625556e-05,1.738185e-05,2998212.324,3.655604e-03,3.328703e+01,1.862830e-05,2.812358e-05,2985834.883,1.250000e-04,5.49,4391.93
2809,3.599449e-03,3.348716e+01,1.720639e-05,1.573394e-05,2997638.178,3.525182e-03,3.361706e+01,1.291078e-05,6.873708e-06,2999888.633,1.250000e-04,5.20,4397.13
2810,3.629208e-03,3.349324e+01,1.621481e-05,2.354719e-05,2997604.631,3.625853e-03,3.378161e+01,2.023391e-05,9.070716e-06,3005962.141,1.250000e-04,5.24,4402.37
2811,3.625723e-03,3.351388e+01,1.723390e-05,2.039905e-05,2998042.154,3.594329e-03,3.354436e+01,1.823981e-05,1.149893e-05,2997816.664,1.250000e-04,5.22,4407.59
2812,3.619416e-03,3.350514e+01,1.678579e-05,2.020896e-05,2997901.312,3.594894e-03,3.355060e+01,1.831741e-05,1.133192e-05,2998325.891,1.250000e-04,6.09,4413.68
2813,3.643199e-03,3.350076e+01,1.731068e-05,2.400332e-05,2997903.004,3.566342e-03,3.348224e+01,1.428822e-05,1.504704e-05,3000345.500,1.250000e-04,5.50,4419.19
2814,3.606981e-03,3.347984e+01,1.563224e-05,2.053485e-05,2997575.844,3.553821e-03,3.344045e+01,1.351351e-05,1.492817e-05,2991179.828,1.250000e-04,5.39,4424.58
2815,3.629457e-03,3.349607e+01,1.641671e-05,2.313657e-05,2997693.053,3.545505e-03,3.352191e+01,1.276168e-05,1.313935e-05,3000701.719,1.250000e-04,5.15,4429.72
2816,3.615522e-03,3.349668e+01,1.610375e-05,2.096340e-05,2998024.223,3.708111e-03,3.323968e+01,2.098397e-05,3.486082e-05,2985460.227,1.250000e-04,5.09,4434.81
2817,3.618957e-03,3.349825e+01,1.744159e-05,1.894320e-05,2997741.928,3.543239e-03,3.348484e+01,1.632490e-05,6.301306e-06,2999030.648,1.250000e-04,5.44,4440.26
2818,3.621318e-03,3.348980e+01,1.661279e-05,2.124207e-05,2997851.047,3.534405e-03,3.342518e+01,1.398643e-05,1.040464e-05,2996495.758,1.250000e-04,5.43,4445.68
2819,3.603714e-03,3.349546e+01,1.737239e-05,1.608883e-05,2997787.893,3.518090e-03,3.355780e+01,1.256924e-05,7.323593e-06,3001464.164,1.250000e-04,5.85,4451.53
2820,3.640903e-03,3.348334e+01,1.819195e-05,2.212992e-05,2997766.389,3.568787e-03,3.373373e+01,1.360049e-05,1.188177e-05,3007983.250,1.250000e-04,5.34,4456.87
2821,3.605910e-03,3.348292e+01,1.662733e-05,1.826886e-05,2997673.660,4.027668e-03,3.425049e+01,2.712238e-05,6.627917e-05,3015814.852,1.250000e-04,5.31,4462.18
2822,3.686107e-03,3.350266e+01,1.745657e-05,3.225495e-05,2998029.439,3.666868e-03,3.353788e+01,1.769009e-05,2.723591e-05,2989639.336,1.250000e-04,4.61,4466.80
2823,3.614689e-03,3.348957e+01,1.743747e-05,1.827145e-05,2997722.576,3.559537e-03,3.367748e+01,1.496935e-05,8.419214e-06,3003687.562,1.250000e-04,5.08,4471.88
2824,3.688849e-03,3.347461e+01,1.881045e-05,3.065680e-05,2997953.789,3.590053e-03,3.344318e+01,1.406555e-05,2.101587e-05,2989337.648,1.250000e-04,5.67,4477.55
2825,3.607272e-03,3.347927e+01,1.631745e-05,1.923414e-05,2997675.416,3.753996e-03,3.364897e+01,3.333492e-05,1.114992e-05,2998547.219,1.250000e-04,5.47,4483.02
2826,3.681323e-03,3.349177e+01,1.925182e-05,2.792558e-05,2998063.914,3.752488e-03,3.335582e+01,2.764545e-05,2.809023e-05,2986834.836,1.250000e-04,5.25,4488.27
2827,3.660929e-03,3.346971e+01,1.637373e-05,3.004417e-05,2997548.285,3.678338e-03,3.324955e+01,1.479025e-05,4.109601e-05,2984598.844,1.250000e-04,5.61,4493.88
2828,3.598818e-03,3.348514e+01,1.763058e-05,1.479962e-05,2997823.145,3.511485e-03,3.361929e+01,1.208062e-05,5.749892e-06,3002488.820,1.250000e-04,4.89,4498.76
2829,3.622687e-03,3.347870e+01,1.680179e-05,2.135995e-05,2997903.594,3.656210e-03,3.332420e+01,1.381539e-05,3.712727e-05,2985774.023,1.250000e-04,5.92,4504.69
2830,3.634993e-03,3.348407e+01,1.691730e-05,2.348272e-05,2997809.064,3.644984e-03,3.329517e+01,2.129403e-05,2.050534e-05,2989064.688,1.250000e-04,5.96,4510.64
2831,3.618264e-03,3.348436e+01,1.663935e-05,2.068703e-05,2997632.783,3.603689e-03,3.349840e+01,1.997589e-05,1.081812e-05,2996422.102,1.250000e-04,5.53,4516.17
2832,3.630833e-03,3.347006e+01,1.660199e-05,2.356156e-05,2997887.723,3.742840e-03,3.405654e+01,1.259569e-05,4.224585e-05,3017482.289,1.250000e-04,6.21,4522.38
2833,3.623093e-03,3.347890e+01,1.548855e-05,2.406352e-05,2997782.236,3.556434e-03,3.340724e+01,1.279197e-05,1.755802e-05,2989898.664,1.250000e-04,5.62,4528.00
2834,3.645429e-03,3.347818e+01,1.730736e-05,2.490746e-05,2997844.609,3.522960e-03,3.364117e+01,1.299619e-05,5.776213e-06,3002505.664,1.250000e-04,5.58,4533.58
2835,3.625561e-03,3.349288e+01,1.651257e-05,2.222947e-05,2997888.305,3.788093e-03,3.305090e+01,1.608881e-05,6.442312e-05,2980750.375,1.250000e-04,5.74,4539.32
2836,3.699247e-03,3.346075e+01,1.906315e-05,3.250809e-05,2997754.742,3.590570e-03,3.358829e+01,1.635785e-05,1.363262e-05,2996658.922,1.250000e-04,4.68,4544.00
2837,3.566347e-03,3.348769e+01,1.480957e-05,1.389653e-05,2997896.768,3.537226e-03,3.366673e+01,1.331331e-05,7.483958e-06,3003150.094,1.250000e-04,5.10,4549.10
2838,3.689346e-03,3.350061e+01,1.940622e-05,2.904442e-05,2997727.639,3.655717e-03,3.333551e+01,2.106169e-05,2.230981e-05,2988942.680,1.250000e-04,5.48,4554.59
2839,3.619784e-03,3.348739e+01,1.681605e-05,2.057675e-05,2997900.705,3.572795e-03,3.351779e+01,1.263210e-05,1.893895e-05,3004498.422,1.250000e-04,5.64,4560.22
2840,3.608947e-03,3.348408e+01,1.715758e-05,1.779265e-05,2997614.441,4.090384e-03,3.425727e+01,2.267214e-05,8.758705e-05,3025908.430,1.250000e-04,5.45,4565.67
2841,3.650583e-03,3.350525e+01,1.676310e-05,2.648526e-05,2998081.393,3.571963e-03,3.327458e+01,1.275789e-05,2.338534e-05,2989507.680,1.250000e-04,5.62,4571.29
2842,3.639086e-03,3.348184e+01,1.686236e-05,2.445565e-05,2997680.281,3.823885e-03,3.325860e+01,2.954536e-05,4.051439e-05,2982819.406,1.250000e-04,5.62,4576.91
2843,3.627682e-03,3.347736e+01,1.857464e-05,1.883998e-05,2997613.455,4.083579e-03,3.417100e+01,3.356193e-05,6.617185e-05,3019863.680,1.250000e-04,5.34,4582.26
2844,3.640244e-03,3.350339e+01,1.806778e-05,2.184547e-05,2998059.021,3.614812e-03,3.324208e+01,1.420970e-05,2.970151e-05,2985173.656,1.250000e-04,5.48,4587.74
2845,3.671105e-03,3.348382e+01,1.760528e-05,2.933413e-05,2997615.582,3.601202e-03,3.344578e+01,1.579073e-05,1.974347e-05,2991969.625,1.250000e-04,5.13,4592.87
2846,3.676639e-03,3.348561e+01,1.917040e-05,2.727475e-05,2997772.248,3.587871e-03,3.360935e+01,1.592351e-05,1.354011e-05,2999088.000,1.250000e-04,5.79,4598.66
2847,3.678027e-03,3.351049e+01,1.678359e-05,3.182832e-05,2997920.664,3.594980e-03,3.348064e+01,2.037070e-05,8.641665e-06,2996853.891,1.250000e-04,4.87,4603.52
2848,3.649908e-03,3.347695e+01,1.738872e-05,2.566521e-05,2997792.154,3.697047e-03,3.337784e+01,2.435786e-05,2.313690e-05,2990085.445,1.250000e-04,5.50,4609.02
2849,3.641829e-03,3.348888e+01,1.762466e-05,2.333887e-05,2997800.342,3.581410e-03,3.349305e+01,1.795210e-05,1.051679e-05,3000447.156,1.250000e-04,5.34,4614.35
2850,3.627861e-03,3.347884e+01,1.942597e-05,1.714363e-05,2997862.018,3.637303e-03,3.363132e+01,2.186320e-05,1.110788e-05,2997374.031,1.250000e-04,5.66,4620.01
2851,3.626339e-03,3.348103e+01,1.824036e-05,1.916665e-05,2997842.611,3.663503e-03,3.340224e+01,2.042599e-05,2.380378e-05,2988195.836,1.250000e-04,5.85,4625.86
2852,3.656723e-03,3.348939e+01,1.812394e-05,2.530894e-05,2997625.129,3.583788e-03,3.372023e+01,1.615925e-05,1.003450e-05,3005962.250,1.250000e-04,5.53,4631.39
2853,3.648512e-03,3.348383e+01,1.814132e-05,2.374304e-05,2997695.914,3.561994e-03,3.352512e+01,1.490321e-05,1.208994e-05,2994883.812,1.250000e-04,5.83,4637.22
2854,3.636565e-03,3.349621e+01,1.818993e-05,2.100896e-05,2997893.193,3.549306e-03,3.344983e+01,1.522024e-05,1.042413e-05,2995060.617,1.250000e-04,5.87,4643.09
2855,3.677848e-03,3.348769e+01,2.091046e-05,2.399479e-05,2997828.656,3.610799e-03,3.315760e+01,1.327774e-05,3.245250e-05,2985591.109,1.250000e-04,5.52,4648.61
2856,3.615537e-03,3.346999e+01,1.761410e-05,1.847929e-05,2997694.904,3.747747e-03,3.399232e+01,2.135664e-05,2.698980e-05,3012534.930,1.250000e-04,5.23,4653.84
2857,3.668326e-03,3.349586e+01,1.872751e-05,2.629311e-05,2997811.713,3.553859e-03,3.342666e+01,1.569608e-05,1.084651e-05,2994732.445,1.250000e-04,5.14,4658.98
2858,3.634043e-03,3.348496e+01,1.659253e-05,2.392436e-05,2997866.285,3.585165e-03,3.346705e+01,1.473300e-05,1.822610e-05,2993390.656,1.250000e-04,5.42,4664.40
2859,3.631266e-03,3.349519e+01,1.921123e-05,1.792699e-05,2997864.311,3.525669e-03,3.348011e+01,1.296039e-05,9.610709e-06,2996845.391,1.250000e-04,6.17,4670.57
2860,3.652939e-03,3.348487e+01,1.930672e-05,2.227699e-05,2997853.785,3.620321e-03,3.335051e+01,1.399481e-05,2.906448e-05,2992586.922,1.250000e-04,5.47,4676.05
2861,3.639432e-03,3.348476e+01,1.732337e-05,2.354442e-05,2997817.189,3.507333e-03,3.352062e+01,1.275911e-05,5.535921e-06,2999586.875,1.250000e-04,5.54,4681.58
2862,3.633725e-03,3.347929e+01,1.741417e-05,2.233074e-05,2997967.967,3.652196e-03,3.319828e+01,1.334637e-05,3.978076e-05,2985989.406,1.250000e-04,4.97,4686.55
2863,3.670453e-03,3.348789e+01,1.786507e-05,2.860267e-05,2997721.045,3.655882e-03,3.317777e+01,1.575406e-05,3.611301e-05,2986081.172,1.250000e-04,5.25,4691.80
2864,3.672970e-03,3.349091e+01,1.805578e-05,2.866438e-05,2997829.652,3.581827e-03,3.343686e+01,1.783942e-05,1.194927e-05,2997410.133,1.250000e-04,5.11,4696.91
2865,3.609643e-03,3.349077e+01,1.768130e-05,1.675074e-05,2997941.688,3.653184e-03,3.317073e+01,1.208874e-05,4.304466e-05,2982898.594,1.250000e-04,5.33,4702.24
2866,3.633459e-03,3.347572e+01,1.695181e-05,2.327369e-05,2997622.604,3.497813e-03,3.356681e+01,1.139005e-05,5.446400e-06,2999540.984,1.250000e-04,5.33,4707.58
2867,3.639496e-03,3.347546e+01,1.673441e-05,2.492128e-05,2997823.066,3.590766e-03,3.337568e+01,1.603238e-05,1.857469e-05,2995930.992,1.250000e-04,4.99,4712.57
2868,3.616654e-03,3.348636e+01,1.561093e-05,2.238160e-05,2997770.363,3.916052e-03,3.372819e+01,1.803435e-05,7.257794e-05,3016633.617,1.250000e-04,5.09,4717.66
2869,3.604825e-03,3.348080e+01,1.581291e-05,1.972321e-05,2997904.016,3.744970e-03,3.366465e+01,2.039539e-05,3.491007e-05,3011502.805,1.250000e-04,5.31,4722.97
2870,3.617634e-03,3.346964e+01,1.747138e-05,1.919116e-05,2997834.072,3.644180e-03,3.369568e+01,1.836116e-05,1.820005e-05,3007664.844,1.250000e-04,5.73,4728.70
2871,3.702973e-03,3.349098e+01,1.752466e-05,3.572568e-05,2997799.104,3.742261e-03,3.358626e+01,2.898058e-05,1.876581e-05,2995031.867,1.250000e-04,6.02,4734.72
2872,3.645225e-03,3.348510e+01,1.652205e-05,2.629902e-05,2997857.920,3.586572e-03,3.365939e+01,1.881070e-05,6.505199e-06,2999319.930,1.250000e-04,5.68,4740.40
2873,3.602809e-03,3.348364e+01,1.624193e-05,1.840520e-05,2997875.797,3.538079e-03,3.357276e+01,1.205446e-05,1.205167e-05,3002088.352,1.250000e-04,5.70,4746.10
2874,3.695118e-03,3.349012e+01,1.958665e-05,3.004798e-05,2997771.770,3.718446e-03,3.363457e+01,3.002947e-05,1.093878e-05,3004175.594,1.250000e-04,5.48,4751.58
2875,3.631150e-03,3.347294e+01,1.778879e-05,2.119370e-05,2997685.980,3.703052e-03,3.364983e+01,2.619848e-05,1.521674e-05,3005919.547,1.250000e-04,5.58,4757.16
2876,3.634832e-03,3.348053e+01,1.808583e-05,2.118415e-05,2997817.992,3.530302e-03,3.350186e+01,1.523859e-05,5.546039e-06,2997732.898,1.250000e-04,5.01,4762.18
2877,3.628175e-03,3.348140e+01,1.716287e-05,2.168132e-05,2997872.639,3.569353e-03,3.352896e+01,1.414898e-05,1.499348e-05,3003342.383,1.250000e-04,5.63,4767.80
2878,3.628650e-03,3.348094e+01,1.752007e-05,2.107098e-05,2997815.402,3.539495e-03,3.350918e+01,1.409605e-05,9.523437e-06,2996735.469,1.250000e-04,5.08,4772.89
2879,3.587461e-03,3.345996e+01,1.538969e-05,1.751367e-05,2997565.082,3.675277e-03,3.376130e+01,2.177395e-05,1.628150e-05,3007274.414,1.250000e-04,5.66,4778.55
2880,3.623149e-03,3.348629e+01,1.772222e-05,1.945963e-05,2998094.338,3.549868e-03,3.346540e+01,1.356284e-05,1.354002e-05,2996909.922,1.250000e-04,5.36,4783.91
2881,3.637690e-03,3.347224e+01,1.878607e-05,2.052119e-05,2997836.387,3.645284e-03,3.351808e+01,1.619898e-05,2.629729e-05,3002247.086,1.250000e-04,5.26,4789.16
2882,3.657212e-03,3.348929e+01,1.819496e-05,2.526670e-05,2997836.000,3.658959e-03,3.335496e+01,2.327416e-05,1.814422e-05,2989811.000,1.250000e-04,5.47,4794.64
2883,3.635313e-03,3.345283e+01,1.855397e-05,2.089818e-05,2997737.287,3.546594e-03,3.363562e+01,1.178742e-05,1.303159e-05,3003764.234,1.250000e-04,5.53,4800.17
2884,3.613243e-03,3.347998e+01,1.667963e-05,1.968984e-05,2997872.564,3.608787e-03,3.378316e+01,1.407449e-05,1.794527e-05,3009839.164,1.250000e-04,6.03,4806.20
2885,3.718275e-03,3.348078e+01,2.032945e-05,3.338055e-05,2997953.887,3.730051e-03,3.325285e+01,1.512131e-05,5.071047e-05,2981992.062,1.250000e-04,5.46,4811.66
2886,3.640458e-03,3.347831e+01,1.916914e-05,2.018705e-05,2997706.064,3.517912e-03,3.351790e+01,1.290811e-05,7.408191e-06,3001529.836,1.250000e-04,5.65,4817.32
2887,3.609314e-03,3.347274e+01,1.672806e-05,1.895190e-05,2997833.254,3.504114e-03,3.362011e+01,1.186567e-05,4.689251e-06,3002180.125,1.250000e-04,5.47,4822.79
2888,3.648419e-03,3.346052e+01,1.750737e-05,2.545850e-05,2997801.836,3.750739e-03,3.354626e+01,2.708052e-05,2.506160e-05,2993273.453,1.250000e-04,5.57,4828.36
2889,3.657353e-03,3.347146e+01,1.813170e-05,2.577817e-05,2997766.547,3.566965e-03,3.368075e+01,1.304333e-05,1.369135e-05,3004022.969,1.250000e-04,5.65,4834.01
2890,3.656502e-03,3.347175e+01,1.802944e-05,2.580647e-05,2997742.131,3.567547e-03,3.356086e+01,1.392804e-05,1.443628e-05,3004720.094,1.250000e-04,5.54,4839.55
2891,3.599984e-03,3.347937e+01,1.613885e-05,1.813159e-05,2997949.137,3.527097e-03,3.353046e+01,1.376462e-05,7.280956e-06,2998721.336,1.250000e-04,5.73,4845.28
2892,3.612412e-03,3.347000e+01,1.650020e-05,2.008200e-05,2997911.619,3.546739e-03,3.359188e+01,1.431729e-05,8.875811e-06,3004164.898,1.250000e-04,5.88,4851.16
2893,3.664203e-03,3.345943e+01,1.745225e-05,2.874743e-05,2997659.963,3.552162e-03,3.336158e+01,1.323567e-05,1.672943e-05,2989874.289,1.250000e-04,5.45,4856.61
2894,3.655707e-03,3.346744e+01,1.710778e-05,2.757689e-05,2997757.703,3.532050e-03,3.355899e+01,1.353380e-05,8.162559e-06,2998898.781,1.250000e-04,5.98,4862.59
2895,3.609032e-03,3.347760e+01,1.763245e-05,1.698937e-05,2997842.908,3.503443e-03,3.362583e+01,1.172096e-05,4.730156e-06,3002145.586,1.250000e-04,5.36,4867.95
2896,3.603623e-03,3.346285e+01,1.650093e-05,1.846570e-05,2997873.826,3.540591e-03,3.346894e+01,1.526466e-05,8.210170e-06,2999728.945,1.250000e-04,5.30,4873.25
2897,3.599594e-03,3.346040e+01,1.740788e-05,1.589517e-05,2997832.881,3.504222e-03,3.343632e+01,1.164041e-05,8.837142e-06,2997739.445,1.250000e-04,5.73,4878.98
2898,3.669962e-03,3.346666e+01,1.771649e-05,2.922620e-05,2997800.904,3.624250e-03,3.374704e+01,1.506373e-05,1.978175e-05,3011057.094,1.250000e-04,5.83,4884.82
2899,3.669833e-03,3.346833e+01,1.787585e-05,2.884843e-05,2997946.998,3.625782e-03,3.362589e+01,1.872718e-05,1.518434e-05,3002576.789,1.250000e-04,5.52,4890.34
2900,3.659342e-03,3.347003e+01,1.734076e-05,2.778632e-05,2997803.570,3.650758e-03,3.333285e+01,2.299437e-05,1.750573e-05,2989619.977,1.250000e-04,5.83,4896.17
2901,3.592880e-03,3.346034e+01,1.629182e-05,1.678548e-05,2997879.062,3.557561e-03,3.356660e+01,1.475755e-05,1.066522e-05,3004150.852,1.250000e-04,5.88,4902.05
2902,3.617452e-03,3.347122e+01,1.767900e-05,1.870797e-05,2997838.145,3.933181e-03,3.377754e+01,1.893139e-05,7.322281e-05,3020544.922,1.250000e-04,5.03,4907.08
2903,3.632716e-03,3.344191e+01,1.719630e-05,2.331230e-05,2997740.104,3.611265e-03,3.357274e+01,2.023055e-05,1.033705e-05,2999486.438,1.250000e-04,5.84,4912.92
2904,3.591822e-03,3.346047e+01,1.551886e-05,1.811731e-05,2997858.297,3.655220e-03,3.325949e+01,1.362400e-05,3.860641e-05,2983543.055,1.250000e-04,5.42,4918.34
2905,3.611355e-03,3.347289e+01,1.740431e-05,1.800469e-05,2997766.688,3.571733e-03,3.318447e+01,1.298774e-05,2.468171e-05,2988420.242,1.250000e-04,4.90,4923.24
2906,3.623891e-03,3.346506e+01,1.653804e-05,2.240096e-05,2997842.855,3.593055e-03,3.358154e+01,1.859441e-05,9.791471e-06,3004383.445,1.250000e-04,5.21,4928.45
2907,3.599551e-03,3.345774e+01,1.734099e-05,1.607345e-05,2997860.303,3.646392e-03,3.331139e+01,2.020464e-05,2.264135e-05,2987608.992,1.250000e-04,5.42,4933.87
2908,3.716585e-03,3.346865e+01,1.816360e-05,3.761672e-05,2997889.021,3.717578e-03,3.316108e+01,1.508873e-05,5.011653e-05,2980054.438,1.250000e-04,4.97,4938.85
2909,3.661795e-03,3.346288e+01,1.731226e-05,2.847698e-05,2997624.795,3.556779e-03,3.356434e+01,1.696201e-05,6.144974e-06,3001294.992,1.250000e-04,5.59,4944.43
2910,3.625191e-03,3.346097e+01,1.562485e-05,2.456917e-05,2997877.053,3.601924e-03,3.328501e+01,1.414734e-05,2.638989e-05,2986839.938,1.250000e-04,5.35,4949.78
2911,3.605227e-03,3.346466e+01,1.553731e-05,2.067768e-05,2997750.664,3.693174e-03,3.366352e+01,2.626640e-05,1.283164e-05,3003282.203,1.250000e-04,5.60,4955.37
2912,3.632425e-03,3.345348e+01,1.728500e-05,2.284540e-05,2997926.893,3.635400e-03,3.322129e+01,1.724585e-05,2.816257e-05,2987123.320,1.250000e-04,5.18,4960.55
2913,3.628350e-03,3.345783e+01,1.869374e-05,1.912590e-05,2997809.980,3.524672e-03,3.346557e+01,1.326331e-05,9.096464e-06,2998038.758,1.250000e-04,5.55,4966.10
2914,3.623895e-03,3.347043e+01,1.836936e-05,1.863178e-05,2997759.918,3.520481e-03,3.355718e+01,1.368260e-05,5.587491e-06,2998701.016,1.250000e-04,5.40,4971.50
2915,3.663082e-03,3.345895e+01,1.810862e-05,2.722002e-05,2997788.996,3.914314e-03,3.389781e+01,3.281530e-05,3.927610e-05,3013844.336,1.250000e-04,5.33,4976.83
2916,3.626699e-03,3.347145e+01,1.942494e-05,1.706092e-05,2997875.533,3.697977e-03,3.373761e+01,1.810302e-05,2.863716e-05,3011680.227,1.250000e-04,5.20,4982.03
2917,3.619575e-03,3.345921e+01,1.776978e-05,1.919119e-05,2997660.936,3.678299e-03,3.348652e+01,2.096889e-05,2.399162e-05,2999484.125,1.250000e-04,5.51,4987.54
2918,3.619212e-03,3.344976e+01,1.856296e-05,1.772116e-05,2998096.715,3.627133e-03,3.336297e+01,1.885046e-05,2.046633e-05,2989398.555,1.250000e-04,5.56,4993.10
2919,3.612986e-03,3.344343e+01,1.699545e-05,1.973771e-05,2997524.043,3.713652e-03,3.372773e+01,2.640779e-05,1.536028e-05,3004549.445,1.250000e-04,5.49,4998.59
2920,3.619492e-03,3.346277e+01,1.803555e-05,1.857193e-05,2997951.395,3.472794e-03,3.348166e+01,1.032067e-05,4.284265e-06,2998353.828,1.250000e-04,5.24,5003.83
2921,3.670844e-03,3.346934e+01,1.823501e-05,2.831211e-05,2997947.320,3.911212e-03,3.310523e+01,4.059121e-05,3.895553e-05,2984211.492,1.250000e-04,5.06,5008.89
2922,3.608000e-03,3.345657e+01,1.648561e-05,1.949750e-05,2997785.633,3.778770e-03,3.317082e+01,2.564872e-05,4.104007e-05,2981914.023,1.250000e-04,5.67,5014.56
2923,3.642928e-03,3.346728e+01,1.783875e-05,2.356256e-05,2997699.072,3.627740e-03,3.321682e+01,1.801914e-05,2.517341e-05,2987254.031,1.250000e-04,5.48,5020.04
2924,3.624119e-03,3.344877e+01,1.689717e-05,2.205389e-05,2997795.951,3.553882e-03,3.330418e+01,1.371774e-05,1.725717e-05,2989740.781,1.250000e-04,6.03,5026.07
2925,3.618122e-03,3.346247e+01,1.619022e-05,2.199461e-05,2997795.338,3.615019e-03,3.329972e+01,1.274453e-05,3.152041e-05,2986171.031,1.250000e-04,5.57,5031.63
2926,3.641229e-03,3.345303e+01,1.805260e-05,2.308012e-05,2997861.666,3.701077e-03,3.380253e+01,1.706432e-05,3.003617e-05,3014173.367,1.250000e-04,5.34,5036.98
2927,3.621542e-03,3.344084e+01,1.499683e-05,2.549785e-05,2997719.613,3.593658e-03,3.334237e+01,1.594849e-05,1.998731e-05,2991387.359,1.250000e-04,4.70,5041.68
2928,3.647812e-03,3.346078e+01,1.740170e-05,2.554333e-05,2997892.064,3.704963e-03,3.314153e+01,2.096617e-05,3.622972e-05,2983631.328,1.250000e-04,5.44,5047.12
2929,3.679393e-03,3.347583e+01,1.784625e-05,3.066949e-05,2997993.924,3.759767e-03,3.330611e+01,2.072615e-05,4.437881e-05,2991140.867,1.250000e-04,5.45,5052.58
2930,3.670787e-03,3.345924e+01,1.862430e-05,2.772407e-05,2997672.412,3.570344e-03,3.337912e+01,1.422875e-05,1.802884e-05,2990767.547,1.250000e-04,5.28,5057.86
2931,3.651699e-03,3.346938e+01,1.689454e-05,2.716314e-05,2997848.822,3.550780e-03,3.341401e+01,1.352306e-05,1.482977e-05,2999031.258,1.250000e-04,5.33,5063.19
2932,3.630489e-03,3.346049e+01,1.715363e-05,2.258081e-05,2997705.346,3.580120e-03,3.361869e+01,1.329227e-05,1.706550e-05,3008185.359,1.250000e-04,5.60,5068.79
2933,3.614421e-03,3.346263e+01,1.710643e-05,1.941874e-05,2997813.127,3.631141e-03,3.381793e+01,1.363434e-05,2.260093e-05,3011727.617,1.250000e-04,5.04,5073.83
2934,3.611720e-03,3.344803e+01,1.684013e-05,1.970319e-05,2997696.268,3.626479e-03,3.382346e+01,1.521643e-05,1.839379e-05,3008404.891,1.250000e-04,5.18,5079.01
2935,3.619461e-03,3.347456e+01,1.625970e-05,2.188155e-05,2997879.270,3.539840e-03,3.357602e+01,1.446823e-05,7.511116e-06,3001361.438,1.250000e-04,5.07,5084.08
2936,3.617334e-03,3.344248e+01,1.727314e-05,2.007094e-05,2997583.988,3.774090e-03,3.383632e+01,1.609514e-05,4.590142e-05,3015996.312,1.250000e-04,5.31,5089.39
2937,3.636938e-03,3.345592e+01,1.742427e-05,2.342072e-05,2998257.389,3.874788e-03,3.312657e+01,1.477730e-05,8.287167e-05,2975676.008,1.250000e-04,5.15,5094.54
2938,3.626288e-03,3.345198e+01,1.756342e-05,2.109113e-05,2997728.213,3.523016e-03,3.361166e+01,1.134670e-05,9.676584e-06,3000219.211,1.250000e-04,5.46,5100.00
2939,3.620851e-03,3.345511e+01,1.731994e-05,2.042809e-05,2997771.787,3.985255e-03,3.296296e+01,2.329323e-05,9.120538e-05,2973773.086,1.250000e-04,5.59,5105.59
2940,3.662963e-03,3.344965e+01,1.687244e-05,2.985470e-05,2997786.512,3.590703e-03,3.326008e+01,1.131910e-05,3.030091e-05,2985034.648,1.250000e-04,5.86,5111.45
2941,3.610974e-03,3.345415e+01,1.486992e-05,2.337189e-05,2997646.818,3.835173e-03,3.408780e+01,1.898014e-05,4.731834e-05,3015610.719,1.250000e-04,5.70,5117.15
2942,3.633821e-03,3.348490e+01,1.670034e-05,2.366559e-05,2998009.818,3.521620e-03,3.339399e+01,1.244113e-05,1.156197e-05,2995872.969,1.250000e-04,5.00,5122.15
2943,3.673664e-03,3.341906e+01,1.839707e-05,2.955744e-05,2997425.438,3.896596e-03,3.406296e+01,2.623368e-05,4.559249e-05,3017287.188,1.250000e-04,5.36,5127.51
2944,3.626236e-03,3.345729e+01,1.785012e-05,2.040116e-05,2998158.861,3.530276e-03,3.350891e+01,1.287218e-05,1.013250e-05,2995158.562,1.250000e-04,5.44,5132.96
2945,3.624124e-03,3.345913e+01,1.785776e-05,1.992674e-05,2997729.322,3.526807e-03,3.356913e+01,1.203645e-05,9.905988e-06,3004263.352,1.250000e-04,5.17,5138.13
2946,3.710701e-03,3.344155e+01,2.071038e-05,3.188851e-05,2997828.082,3.569486e-03,3.352427e+01,1.271671e-05,1.797848e-05,2993336.180,1.250000e-04,5.17,5143.30
2947,3.609654e-03,3.344923e+01,1.573603e-05,2.147420e-05,2997691.783,3.523879e-03,3.359335e+01,1.153275e-05,9.843377e-06,3002698.688,1.250000e-04,5.31,5148.61
2948,3.622010e-03,3.345681e+01,1.603650e-05,2.319274e-05,2998004.031,3.586738e-03,3.333521e+01,1.324610e-05,2.415133e-05,2989072.672,1.250000e-04,5.74,5154.35
2949,3.606764e-03,3.344687e+01,1.813896e-05,1.613751e-05,2997737.346,3.596531e-03,3.354092e+01,1.956272e-05,9.362354e-06,2999191.109,1.250000e-04,5.70,5160.05
2950,3.658202e-03,3.345080e+01,1.792249e-05,2.677942e-05,2997771.230,3.539523e-03,3.338502e+01,1.379015e-05,1.262394e-05,2994006.086,1.250000e-04,5.43,5165.48
2951,3.608763e-03,3.345276e+01,1.616998e-05,2.035751e-05,2997808.062,3.512838e-03,3.337012e+01,1.108622e-05,1.299278e-05,2997807.375,1.250000e-04,5.52,5171.00
2952,3.598689e-03,3.343790e+01,1.512183e-05,2.073616e-05,2997763.516,3.721424e-03,3.320033e+01,2.069733e-05,3.888367e-05,2986417.781,1.250000e-04,5.25,5176.25
2953,3.649912e-03,3.346686e+01,1.892115e-05,2.280281e-05,2997994.145,3.548972e-03,3.365761e+01,1.358989e-05,9.462318e-06,3002558.922,1.250000e-04,5.49,5181.74
2954,3.651280e-03,3.344091e+01,1.695225e-05,2.753342e-05,2997795.893,3.671644e-03,3.351174e+01,2.519774e-05,1.369852e-05,3003635.594,1.250000e-04,5.78,5187.52
2955,3.624008e-03,3.345494e+01,1.857295e-05,1.855679e-05,2997940.668,3.818365e-03,3.296510e+01,2.072363e-05,6.292381e-05,2981577.844,1.250000e-04,5.55,5193.07
2956,3.644540e-03,3.342207e+01,1.804318e-05,2.438025e-05,2997604.811,3.591518e-03,3.364334e+01,1.416720e-05,1.710239e-05,3003155.703,1.250000e-04,5.58,5198.65
2957,3.637237e-03,3.344120e+01,1.699476e-05,2.463382e-05,2997755.564,3.539347e-03,3.351456e+01,1.443190e-05,8.714339e-06,2997591.414,1.250000e-04,5.64,5204.29
2958,3.635097e-03,3.344498e+01,1.772618e-05,2.266736e-05,2997951.652,3.853580e-03,3.302301e+01,2.049921e-05,6.925735e-05,2975948.758,1.250000e-04,5.33,5209.62
2959,3.616410e-03,3.344466e+01,1.678545e-05,2.081790e-05,2997713.594,3.676190e-03,3.315085e+01,1.676155e-05,3.869795e-05,2987451.227,1.250000e-04,5.21,5214.83
2960,3.633686e-03,3.344638e+01,1.781582e-05,2.217784e-05,2997645.465,3.723043e-03,3.381587e+01,1.346748e-05,4.135620e-05,3016502.062,1.250000e-04,5.62,5220.45
2961,3.602350e-03,3.343029e+01,1.596493e-05,1.993435e-05,2997982.021,3.552707e-03,3.334459e+01,1.238462e-05,1.888038e-05,2990596.234,1.250000e-04,5.56,5226.01
2962,3.631728e-03,3.344996e+01,1.733184e-05,2.268271e-05,2997905.666,3.663799e-03,3.330917e+01,2.094692e-05,2.468240e-05,2988043.258,1.250000e-04,6.28,5232.29
2963,3.610720e-03,3.342332e+01,1.576659e-05,2.214428e-05,2997759.334,3.593002e-03,3.325313e+01,1.448895e-05,2.456001e-05,2988422.359,1.250000e-04,5.29,5237.58
2964,3.600339e-03,3.342524e+01,1.752858e-05,1.650584e-05,2997744.135,3.505595e-03,3.346010e+01,1.227516e-05,7.366535e-06,2995344.703,1.250000e-04,5.30,5242.88
2965,3.614525e-03,3.344766e+01,1.515832e-05,2.363521e-05,2997857.215,3.515529e-03,3.340460e+01,1.296351e-05,9.086798e-06,2997092.297,1.250000e-04,5.47,5248.36
2966,3.605675e-03,3.342508e+01,1.582256e-05,2.098820e-05,2997893.250,3.809389e-03,3.370489e+01,3.652989e-05,1.472007e-05,3004793.016,1.250000e-04,5.57,5253.93
2967,3.656856e-03,3.344536e+01,1.684033e-05,2.878335e-05,2997799.887,3.542852e-03,3.337111e+01,1.636171e-05,8.424911e-06,2995216.820,1.250000e-04,5.59,5259.52
2968,3.659778e-03,3.343501e+01,1.736558e-05,2.852410e-05,2997671.664,3.701301e-03,3.371282e+01,1.673442e-05,3.253494e-05,3013697.039,1.250000e-04,5.88,5265.40
2969,3.642349e-03,3.342016e+01,1.662106e-05,2.682450e-05,2997809.000,3.545347e-03,3.366020e+01,1.204844e-05,1.176852e-05,3000493.203,1.250000e-04,5.23,5270.62
2970,3.605282e-03,3.344109e+01,1.778251e-05,1.666950e-05,2997827.502,3.644015e-03,3.341314e+01,2.372821e-05,1.308375e-05,3001797.266,1.250000e-04,5.30,5275.93
2971,3.648279e-03,3.342664e+01,1.778116e-05,2.556066e-05,2997768.176,3.636512e-03,3.342936e+01,2.062745e-05,1.746031e-05,2995591.766,1.250000e-04,5.93,5281.86
2972,3.614420e-03,3.343572e+01,1.635178e-05,2.146598e-05,2997912.332,3.689358e-03,3.310555e+01,1.663512e-05,4.249030e-05,2982379.008,1.250000e-04,5.71,5287.57
2973,3.611958e-03,3.341369e+01,1.754977e-05,1.901836e-05,2997738.920,3.584647e-03,3.337770e+01,1.440635e-05,2.056271e-05,2991907.430,1.250000e-04,5.67,5293.24
2974,3.604490e-03,3.343357e+01,1.652220e-05,1.918222e-05,2997809.193,3.570545e-03,3.343462e+01,1.237983e-05,2.065702e-05,2991517.656,1.250000e-04,5.56,5298.80
2975,3.652239e-03,3.343167e+01,2.097705e-05,1.986045e-05,2997706.111,3.546329e-03,3.341859e+01,1.373638e-05,1.342129e-05,2998937.820,1.250000e-04,5.72,5304.52
2976,3.698970e-03,3.342719e+01,1.909199e-05,3.306618e-05,2997743.473,3.550037e-03,3.356028e+01,1.325051e-05,1.230082e-05,3002957.414,1.250000e-04,6.02,5310.54
2977,3.609742e-03,3.343040e+01,1.640714e-05,2.052606e-05,2997939.912,3.666566e-03,3.329689e+01,2.101127e-05,2.535273e-05,2988893.961,1.250000e-04,5.52,5316.05
2978,3.682541e-03,3.342130e+01,1.838092e-05,3.132043e-05,2997617.670,3.555443e-03,3.363197e+01,1.505582e-05,8.337690e-06,3001355.789,1.250000e-04,5.63,5321.69
2979,3.617383e-03,3.343923e+01,1.832843e-05,1.803528e-05,2997848.016,3.571069e-03,3.345894e+01,1.743052e-05,1.017391e-05,2993459.258,1.250000e-04,5.55,5327.24
2980,3.640473e-03,3.342560e+01,1.705665e-05,2.546927e-05,2997853.410,3.600693e-03,3.321952e+01,1.393074e-05,2.788670e-05,2988974.016,1.250000e-04,5.85,5333.08
2981,3.614624e-03,3.341580e+01,1.822439e-05,1.816000e-05,2997786.461,3.565682e-03,3.345487e+01,1.457686e-05,1.488527e-05,2992585.211,1.250000e-04,5.38,5338.46
2982,3.599428e-03,3.343538e+01,1.632037e-05,1.853731e-05,2997917.020,3.920428e-03,3.314307e+01,2.326391e-05,7.469644e-05,2978405.102,1.250000e-04,5.62,5344.08
2983,3.618727e-03,3.341395e+01,1.822342e-05,1.901951e-05,2997687.908,3.589321e-03,3.358307e+01,1.306848e-05,2.006591e-05,3000803.062,1.250000e-04,5.57,5349.65
2984,3.624576e-03,3.343156e+01,1.756215e-05,2.115963e-05,2997808.857,3.535622e-03,3.347163e+01,1.382412e-05,1.004362e-05,3001275.070,1.250000e-04,5.36,5355.01
2985,3.601592e-03,3.342941e+01,1.485088e-05,2.202833e-05,2998004.182,3.624734e-03,3.340916e+01,1.933688e-05,1.809001e-05,2993356.688,1.250000e-04,4.76,5359.76
2986,3.596297e-03,3.342342e+01,1.557743e-05,1.963624e-05,2997815.229,3.545730e-03,3.325513e+01,1.511227e-05,1.381869e-05,2990903.102,1.250000e-04,5.42,5365.19
2987,3.608898e-03,3.340875e+01,1.732269e-05,1.895919e-05,2997693.438,3.542774e-03,3.345543e+01,1.332315e-05,1.279980e-05,2997407.453,1.250000e-04,5.47,5370.66
2988,3.660324e-03,3.342346e+01,1.710672e-05,2.938220e-05,2997911.469,3.559483e-03,3.339728e+01,1.419673e-05,1.555741e-05,2993941.148,1.250000e-04,5.12,5375.78
2989,3.651270e-03,3.343917e+01,1.743331e-05,2.660402e-05,2997790.205,3.551771e-03,3.351749e+01,1.650241e-05,6.999660e-06,2998042.914,1.250000e-04,5.10,5380.88
2990,3.585792e-03,3.341872e+01,1.536846e-05,1.804707e-05,2997898.172,3.547031e-03,3.353689e+01,1.266279e-05,1.334302e-05,2995873.797,1.250000e-04,5.08,5385.96
2991,3.602206e-03,3.343015e+01,1.547059e-05,2.089712e-05,2997853.473,3.594281e-03,3.347977e+01,1.303352e-05,2.319387e-05,3003443.797,1.250000e-04,5.26,5391.22
2992,3.652202e-03,3.343998e+01,2.004900e-05,2.154278e-05,2997800.490,3.545700e-03,3.351864e+01,1.563289e-05,7.501494e-06,3001323.953,1.250000e-04,5.28,5396.50
2993,3.626681e-03,3.341197e+01,1.550376e-05,2.608938e-05,2997577.426,3.812677e-03,3.392926e+01,1.995379e-05,4.404265e-05,3017993.586,1.250000e-04,5.53,5402.03
2994,3.629258e-03,3.343357e+01,1.751309e-05,2.215395e-05,2998052.012,3.532483e-03,3.351132e+01,1.546732e-05,5.335527e-06,3001694.258,1.250000e-04,5.12,5407.15
2995,3.575691e-03,3.342125e+01,1.512170e-05,1.646987e-05,2997916.049,3.609899e-03,3.332129e+01,1.481354e-05,2.592691e-05,2988700.148,1.250000e-04,5.43,5412.57
2996,3.628448e-03,3.342358e+01,1.968811e-05,1.784178e-05,2997576.301,3.660057e-03,3.352685e+01,1.283097e-05,3.581236e-05,3009266.492,1.250000e-04,4.62,5417.19
2997,3.609966e-03,3.343508e+01,1.621336e-05,2.086493e-05,2998025.299,3.514813e-03,3.340410e+01,1.024865e-05,1.438347e-05,2992431.531,1.250000e-04,5.55,5422.74
2998,3.689298e-03,3.343279e+01,1.839723e-05,3.240926e-05,2998009.465,3.638059e-03,3.342219e+01,1.676608e-05,2.563592e-05,2993097.070,1.250000e-04,5.37,5428.11
2999,3.626605e-03,3.343466e+01,1.715862e-05,2.231047e-05,2997748.209,3.633373e-03,3.323374e+01,1.514780e-05,3.170428e-05,2985737.141,1.250000e-04,5.26,5433.36
3000,3.597643e-03,3.342398e+01,1.544622e-05,2.015649e-05,2997722.246,3.550923e-03,3.340261e+01,1.612495e-05,9.882531e-06,2996905.344,1.250000e-04,5.15,5438.52
3001,3.624932e-03,3.341271e+01,1.838632e-05,1.995954e-05,2997819.576,3.534213e-03,3.348050e+01,1.515257e-05,6.927364e-06,2998258.578,1.250000e-04,5.30,5443.81
3002,3.621265e-03,3.341019e+01,1.676890e-05,2.251137e-05,2997836.732,3.622800e-03,3.375037e+01,1.761850e-05,1.431573e-05,3008550.875,1.250000e-04,4.89,5448.70
3003,3.640498e-03,3.342275e+01,1.809391e-05,2.345677e-05,2997607.225,3.574236e-03,3.357232e+01,1.475421e-05,1.389244e-05,3004483.203,1.250000e-04,5.23,5453.93
3004,3.622500e-03,3.343032e+01,1.595182e-05,2.398997e-05,2997873.207,3.652572e-03,3.313326e+01,1.452479e-05,3.879960e-05,2982438.188,1.250000e-04,5.73,5459.66
3005,3.610360e-03,3.341424e+01,1.649412e-05,2.079901e-05,2997911.314,3.780068e-03,3.315187e+01,1.925666e-05,5.446276e-05,2981836.102,1.250000e-04,5.71,5465.37
3006,3.591424e-03,3.341853e+01,1.575911e-05,1.839586e-05,2997764.051,3.524036e-03,3.353130e+01,1.436790e-05,5.445421e-06,3001347.328,1.250000e-04,5.33,5470.70
3007,3.581970e-03,3.342786e+01,1.650719e-05,1.482238e-05,2997747.904,3.696355e-03,3.391384e+01,1.680846e-05,2.737731e-05,3013211.633,1.250000e-04,5.41,5476.11
3008,3.633688e-03,3.343768e+01,1.668161e-05,2.462078e-05,2998009.176,3.670643e-03,3.315905e+01,1.813668e-05,3.467428e-05,2984156.430,1.250000e-04,5.34,5481.45
3009,3.601689e-03,3.342828e+01,1.623786e-05,1.929642e-05,2997883.838,3.575218e-03,3.332801e+01,1.307921e-05,2.232491e-05,2988454.875,1.250000e-04,5.28,5486.73
3010,3.630376e-03,3.342579e+01,1.765299e-05,2.225341e-05,2997618.725,3.790673e-03,3.373246e+01,1.608643e-05,5.131267e-05,3016489.359,1.250000e-04,5.42,5492.15
3011,3.679317e-03,3.342598e+01,1.909910e-05,2.914563e-05,2997876.805,3.499863e-03,3.342791e+01,1.300351e-05,5.407398e-06,2997362.539,1.250000e-04,5.74,5497.89
3012,3.630224e-03,3.342433e+01,1.695248e-05,2.365318e-05,2997785.096,3.662831e-03,3.357331e+01,2.212320e-05,1.685361e-05,3008028.961,1.250000e-04,4.85,5502.74
3013,3.633743e-03,3.341402e+01,1.701273e-05,2.444266e-05,2997834.115,3.504817e-03,3.343863e+01,1.272428e-05,6.742195e-06,2995434.930,1.250000e-04,5.37,5508.11
3014,3.606410e-03,3.341238e+01,1.690951e-05,1.921546e-05,2997728.744,3.658614e-03,3.352960e+01,1.482665e-05,3.147743e-05,2992942.797,1.250000e-04,5.47,5513.58
3015,3.602817e-03,3.342441e+01,1.599384e-05,2.008756e-05,2998055.988,3.952441e-03,3.298519e+01,2.952429e-05,7.173589e-05,2978678.703,1.250000e-04,5.64,5519.22
3016,3.608012e-03,3.341308e+01,1.639665e-05,2.054747e-05,2997777.590,3.945058e-03,3.292629e+01,2.581061e-05,7.886459e-05,2976959.195,1.250000e-04,5.27,5524.49
3017,3.635049e-03,3.342592e+01,1.837947e-05,2.173240e-05,2997755.166,3.589724e-03,3.327482e+01,1.529565e-05,2.185703e-05,2990718.188,1.250000e-04,5.49,5529.98
3018,3.595435e-03,3.341206e+01,1.606136e-05,1.872306e-05,2997718.072,3.720012e-03,3.357006e+01,3.405528e-05,4.490750e-06,3001647.000,1.250000e-04,5.82,5535.81
3019,3.595574e-03,3.341671e+01,1.632194e-05,1.813674e-05,2997934.396,3.529969e-03,3.356117e+01,1.108605e-05,1.259825e-05,3005329.812,1.250000e-04,4.84,5540.64
3020,3.599890e-03,3.341657e+01,1.680673e-05,1.803315e-05,2997962.117,3.712276e-03,3.340502e+01,1.430662e-05,4.574171e-05,2986409.102,1.250000e-04,5.00,5545.65
3021,3.692930e-03,3.341815e+01,1.877602e-05,3.267089e-05,2997706.246,3.510319e-03,3.351208e+01,1.322556e-05,5.371074e-06,3001693.297,1.250000e-04,5.66,5551.31
3022,3.605256e-03,3.341486e+01,1.785647e-05,1.704099e-05,2997962.674,3.603252e-03,3.353617e+01,1.664866e-05,1.662956e-05,3000892.844,1.250000e-04,5.47,5556.78
3023,3.613051e-03,3.340582e+01,1.619732e-05,2.209914e-05,2997628.994,3.624339e-03,3.316212e+01,1.366242e-05,3.430046e-05,2986621.352,1.250000e-04,5.22,5562.00
3024,3.617489e-03,3.341443e+01,1.653980e-05,2.212960e-05,2997953.145,3.694106e-03,3.323824e+01,2.423439e-05,2.558762e-05,2987049.672,1.250000e-04,4.75,5566.75
3025,3.639935e-03,3.341216e+01,1.682035e-05,2.610307e-05,2997618.510,3.537481e-03,3.326391e+01,1.387506e-05,1.446792e-05,2991143.422,1.250000e-04,5.58,5572.33
3026,3.598879e-03,3.340771e+01,1.750784e-05,1.660606e-05,2997790.094,3.659315e-03,3.354411e+01,2.147600e-05,1.802898e-05,3001455.219,1.250000e-04,5.63,5577.96
3027,3.631412e-03,3.341653e+01,1.872206e-05,2.050775e-05,2997871.188,4.041031e-03,3.380826e+01,4.155514e-05,4.893075e-05,3016827.859,1.250000e-04,5.64,5583.60
3028,3.673054e-03,3.342126e+01,2.132396e-05,2.353780e-05,2997889.416,3.676558e-03,3.308654e+01,1.391052e-05,4.575976e-05,2981374.750,1.250000e-04,5.30,5588.90
3029,3.603505e-03,3.341709e+01,1.713009e-05,1.809892e-05,2997898.674,3.687540e-03,3.336494e+01,2.102313e-05,2.816307e-05,2989478.391,1.250000e-04,5.02,5593.93
3030,3.642236e-03,3.342651e+01,1.774317e-05,2.443058e-05,2997754.162,3.527092e-03,3.340716e+01,1.458469e-05,8.105879e-06,2995324.398,1.250000e-04,5.03,5598.96
3031,3.596960e-03,3.340539e+01,1.460546e-05,2.207332e-05,2997840.730,3.607097e-03,3.363640e+01,1.616853e-05,1.635446e-05,3004401.844,1.250000e-04,5.62,5604.58
3032,3.641303e-03,3.342502e+01,1.729221e-05,2.517572e-05,2997905.410,3.715068e-03,3.351258e+01,3.228149e-05,8.199189e-06,3001636.812,1.250000e-04,5.88,5610.46
3033,3.622927e-03,3.342317e+01,1.808545e-05,1.995110e-05,2997852.307,3.647660e-03,3.322419e+01,1.792765e-05,2.919285e-05,2987417.383,1.250000e-04,5.87,5616.33
3034,3.653318e-03,3.341366e+01,1.832517e-05,2.574008e-05,2997825.980,3.580039e-03,3.324033e+01,1.709716e-05,1.700690e-05,2992851.500,1.250000e-04,5.51,5621.84
3035,3.606873e-03,3.340317e+01,1.540446e-05,2.250214e-05,2997804.781,3.518781e-03,3.348348e+01,1.162684e-05,1.083285e-05,2994831.750,1.250000e-04,5.27,5627.11
3036,3.649691e-03,3.342153e+01,1.732344e-05,2.686077e-05,2997711.102,3.542118e-03,3.332217e+01,1.431094e-05,1.335829e-05,2994406.203,1.250000e-04,5.63,5632.74
3037,3.598267e-03,3.339043e+01,1.610753e-05,1.962970e-05,2997873.891,3.566843e-03,3.356413e+01,1.507506e-05,1.193589e-05,2998908.672,1.250000e-04,5.47,5638.21
3038,3.688909e-03,3.341565e+01,1.922416e-05,3.102059e-05,2997686.324,3.824300e-03,3.361740e+01,3.793890e-05,1.663438e-05,3008607.898,1.250000e-04,5.29,5643.50
3039,3.656491e-03,3.340884e+01,1.739536e-05,2.833064e-05,2997804.678,3.630461e-03,3.354663e+01,1.846027e-05,1.823918e-05,2999750.984,1.250000e-04,5.45,5648.94
3040,3.574460e-03,3.340429e+01,1.543367e-05,1.593895e-05,2997884.484,3.503252e-03,3.338450e+01,1.226649e-05,8.427434e-06,2994778.484,1.250000e-04,5.51,5654.46
3041,3.571128e-03,3.341023e+01,1.508061e-05,1.585966e-05,2997857.141,3.511621e-03,3.344837e+01,1.193884e-05,9.479187e-06,2995014.227,1.250000e-04,5.40,5659.86
3042,3.599375e-03,3.341785e+01,1.645684e-05,1.860449e-05,2997632.922,4.179177e-03,3.383790e+01,3.061259e-05,9.785225e-05,3025460.477,1.250000e-04,5.49,5665.36
3043,3.609114e-03,3.340755e+01,1.736665e-05,1.893848e-05,2998013.027,3.518711e-03,3.335934e+01,1.297894e-05,1.059749e-05,2995890.852,1.250000e-04,4.93,5670.28
3044,3.632377e-03,3.339572e+01,1.587216e-05,2.681665e-05,2997690.248,3.651227e-03,3.377265e+01,1.526075e-05,2.427089e-05,3005701.992,1.250000e-04,5.51,5675.79
3045,3.625921e-03,3.341924e+01,1.766576e-05,2.146801e-05,2998055.307,3.657254e-03,3.341856e+01,2.822277e-05,6.634156e-06,2998535.688,1.250000e-04,5.37,5681.17
3046,3.601606e-03,3.341261e+01,1.773247e-05,1.660401e-05,2997741.314,3.628419e-03,3.313972e+01,1.581757e-05,3.125430e-05,2994081.320,1.250000e-04,4.90,5686.06
3047,3.603359e-03,3.340613e+01,1.763079e-05,1.728758e-05,2997929.164,3.679390e-03,3.296997e+01,1.428492e-05,4.790882e-05,2982008.000,1.250000e-04,5.36,5691.42
3048,3.642451e-03,3.339605e+01,1.582370e-05,2.892191e-05,2997824.568,3.572485e-03,3.324964e+01,1.290969e-05,2.368495e-05,2989667.984,1.250000e-04,5.28,5696.70
3049,3.637937e-03,3.339493e+01,1.792895e-05,2.383089e-05,2997793.990,3.647637e-03,3.306960e+01,1.511177e-05,3.791180e-05,2984911.180,1.250000e-04,5.19,5701.89
3050,3.586224e-03,3.339912e+01,1.563371e-05,1.799503e-05,2997707.896,3.525557e-03,3.342528e+01,1.368895e-05,9.227920e-06,3001512.227,1.250000e-04,5.58,5707.47
3051,3.613955e-03,3.339291e+01,1.638493e-05,2.216287e-05,2997784.941,3.552176e-03,3.350307e+01,1.433988e-05,1.169395e-05,2995570.781,1.250000e-04,5.94,5713.41
3052,3.627730e-03,3.342238e+01,1.653156e-05,2.403527e-05,2998026.381,3.543147e-03,3.342751e+01,1.387667e-05,1.232591e-05,3000440.438,1.250000e-04,5.34,5718.75
3053,3.608254e-03,3.340124e+01,1.679435e-05,2.003719e-05,2997817.514,3.681493e-03,3.347043e+01,3.095485e-05,4.980247e-06,3001371.609,1.250000e-04,5.13,5723.88
3054,3.573696e-03,3.341169e+01,1.555947e-05,1.538646e-05,2997914.252,3.595349e-03,3.332326e+01,1.937360e-05,1.385745e-05,2997586.023,1.250000e-04,5.58,5729.46
3055,3.639410e-03,3.339513e+01,1.740218e-05,2.517503e-05,2997681.686,3.584220e-03,3.348580e+01,2.121525e-05,4.697422e-06,3000038.625,1.250000e-04,5.68,5735.14
3056,3.647757e-03,3.341421e+01,1.874248e-05,2.378217e-05,2997838.451,3.552688e-03,3.341448e+01,1.186673e-05,1.851458e-05,2999892.320,1.250000e-04,5.91,5741.04
3057,3.610029e-03,3.342514e+01,1.579918e-05,2.190456e-05,2998013.744,3.630043e-03,3.330611e+01,1.832644e-05,2.323358e-05,2994502.484,1.250000e-04,5.84,5746.89
3058,3.618655e-03,3.338753e+01,1.619327e-05,2.359386e-05,2997707.479,3.814198e-03,3.390584e+01,2.041526e-05,4.389226e-05,3010110.680,1.250000e-04,5.35,5752.23
3059,3.684528e-03,3.341923e+01,1.675675e-05,3.500747e-05,2997854.340,3.600459e-03,3.355088e+01,1.544253e-05,1.818932e-05,3007314.641,1.250000e-04,5.68,5757.91
3060,3.610910e-03,3.340247e+01,1.726626e-05,1.960012e-05,2997854.127,3.545796e-03,3.355267e+01,1.594734e-05,6.211123e-06,3002955.172,1.250000e-04,5.47,5763.38
3061,3.631001e-03,3.339993e+01,1.642742e-05,2.534691e-05,2997705.949,3.550295e-03,3.350212e+01,1.626564e-05,7.485294e-06,2996575.352,1.250000e-04,5.35,5768.73
3062,3.642491e-03,3.341137e+01,1.723690e-05,2.579697e-05,2998062.012,3.772896e-03,3.299446e+01,1.626464e-05,6.216072e-05,2978132.711,1.250000e-04,5.36,5774.09
3063,3.660569e-03,3.340890e+01,1.765209e-05,2.863147e-05,2997732.205,3.879132e-03,3.295749e+01,1.523649e-05,8.620382e-05,2975377.141,1.250000e-04,4.97,5779.06
3064,3.644042e-03,3.341758e+01,1.699629e-05,2.646424e-05,2997798.990,3.541319e-03,3.319022e+01,1.349333e-05,1.747273e-05,2990618.000,1.250000e-04,5.79,5784.85
3065,3.592825e-03,3.338938e+01,1.606714e-05,1.864312e-05,2997572.568,3.562370e-03,3.357444e+01,1.710816e-05,6.768909e-06,3002476.320,1.250000e-04,5.31,5790.16
3066,3.611921e-03,3.341129e+01,1.699669e-05,2.016500e-05,2998090.229,3.631841e-03,3.320219e+01,1.486342e-05,3.259757e-05,2985389.977,1.250000e-04,5.49,5795.66
3067,3.650136e-03,3.340734e+01,1.789074e-05,2.609882e-05,2997766.621,3.698532e-03,3.322110e+01,1.944383e-05,3.639670e-05,2984058.750,1.250000e-04,5.28,5800.94
3068,3.603431e-03,3.340997e+01,1.667604e-05,1.913471e-05,2998002.980,4.204101e-03,3.269715e+01,2.533468e-05,1.362078e-04,2965871.930,1.250000e-04,5.72,5806.66
3069,3.663916e-03,3.339689e+01,1.833503e-05,2.817540e-05,2997574.221,3.538261e-03,3.355352e+01,1.585927e-05,4.863311e-06,3000093.664,1.250000e-04,4.81,5811.47
3070,3.623253e-03,3.340518e+01,1.810570e-05,2.033572e-05,2998008.756,3.654974e-03,3.306535e+01,1.657962e-05,3.652862e-05,2982916.367,1.250000e-04,5.56,5817.03
3071,3.639496e-03,3.340880e+01,1.721287e-05,2.529742e-05,2997754.285,3.601279e-03,3.333962e+01,1.728186e-05,1.889975e-05,2992492.422,1.250000e-04,5.85,5822.88
3072,3.623679e-03,3.341416e+01,1.822464e-05,2.000329e-05,2997796.502,3.567151e-03,3.339271e+01,1.891599e-05,7.743988e-06,2996071.703,1.250000e-04,5.22,5828.10
3073,3.611639e-03,3.340907e+01,1.690543e-05,2.033546e-05,2997861.268,3.532814e-03,3.334958e+01,1.396648e-05,1.163826e-05,2993040.078,1.250000e-04,5.63,5833.73
3074,3.618450e-03,3.339858e+01,1.825254e-05,1.921341e-05,2997735.057,3.530399e-03,3.352838e+01,1.258745e-05,1.033728e-05,3002862.266,1.250000e-04,5.38,5839.11
3075,3.580290e-03,3.340367e+01,1.434678e-05,1.929108e-05,2997883.023,3.607353e-03,3.353911e+01,2.193551e-05,6.817352e-06,3001589.336,1.250000e-04,5.07,5844.18
3076,3.654012e-03,3.339640e+01,1.682953e-05,2.921517e-05,2997673.248,3.629500e-03,3.351440e+01,2.204752e-05,1.151703e-05,3003047.664,1.250000e-04,5.31,5849.49
3077,3.701442e-03,3.339935e+01,1.869777e-05,3.490582e-05,2997894.889,3.654644e-03,3.336008e+01,2.292801e-05,1.787124e-05,2994405.336,1.250000e-04,5.32,5854.81
3078,3.613153e-03,3.339909e+01,1.628411e-05,2.208057e-05,2997847.361,3.649108e-03,3.363150e+01,1.613100e-05,2.492954e-05,3008830.961,1.250000e-04,5.69,5860.50
3079,3.685481e-03,3.339094e+01,1.846734e-05,3.234267e-05,2997778.078,3.613545e-03,3.343397e+01,1.914205e-05,1.574551e-05,3000487.148,1.250000e-04,5.65,5866.15
3080,3.626366e-03,3.340037e+01,1.896967e-05,1.932642e-05,2997582.008,3.730080e-03,3.378419e+01,1.681259e-05,3.670707e-05,3014135.406,1.250000e-04,5.90,5872.05
3081,3.598586e-03,3.340755e+01,1.595836e-05,1.964951e-05,2998101.693,3.918104e-03,3.291383e+01,2.534598e-05,7.465232e-05,2976465.766,1.250000e-04,5.23,5877.28
3082,3.640624e-03,3.339976e+01,1.701384e-05,2.610204e-05,2997694.561,3.674457e-03,3.349789e+01,1.325660e-05,3.842049e-05,3006737.023,1.250000e-04,5.32,5882.59
3083,3.665739e-03,3.339326e+01,1.883631e-05,2.760996e-05,2998024.869,3.696950e-03,3.315120e+01,1.599423e-05,4.437752e-05,2983732.406,1.250000e-04,5.93,5888.52
3084,3.583855e-03,3.341070e+01,1.620282e-05,1.615136e-05,2997601.281,3.558438e-03,3.358062e+01,1.211173e-05,1.585161e-05,3003800.328,1.250000e-04,5.12,5893.65
3085,3.596036e-03,3.340717e+01,1.570058e-05,1.966257e-05,2997862.824,3.516645e-03,3.332454e+01,1.046395e-05,1.591019e-05,2996837.688,1.250000e-04,5.51,5899.15
3086,3.598433e-03,3.338003e+01,1.708998e-05,1.790604e-05,2997801.564,3.630311e-03,3.327383e+01,1.417837e-05,3.222903e-05,2985346.195,1.250000e-04,5.21,5904.36
3087,3.606454e-03,3.339306e+01,1.536267e-05,2.270424e-05,2997722.889,3.878776e-03,3.381011e+01,1.680995e-05,6.593314e-05,3019028.008,1.250000e-04,5.80,5910.16
3088,3.631490e-03,3.340861e+01,1.683261e-05,2.446066e-05,2997863.164,3.777831e-03,3.360469e+01,1.733676e-05,4.879881e-05,3011909.781,1.250000e-04,5.42,5915.58
3089,3.616313e-03,3.339932e+01,1.775244e-05,1.977134e-05,2997842.859,3.607812e-03,3.367486e+01,1.628746e-05,1.549045e-05,3009388.055,1.250000e-04,5.73,5921.31
3090,3.600020e-03,3.339614e+01,1.611188e-05,1.985747e-05,2997806.148,3.584953e-03,3.369278e+01,1.486229e-05,1.341040e-05,3006037.891,1.250000e-04,5.22,5926.53
3091,3.731352e-03,3.339023e+01,2.124115e-05,3.598354e-05,2997663.939,3.656800e-03,3.376620e+01,1.479735e-05,2.644124e-05,3009811.641,1.250000e-04,5.51,5932.04
3092,3.640164e-03,3.341004e+01,1.639562e-05,2.704073e-05,2997857.615,3.760089e-03,3.316479e+01,2.115793e-05,4.640608e-05,2984300.055,1.250000e-04,5.34,5937.38
3093,3.613335e-03,3.340300e+01,1.735326e-05,1.990040e-05,2998058.098,3.703207e-03,3.304378e+01,1.569902e-05,4.836771e-05,2981903.766,1.250000e-04,5.81,5943.19
3094,3.607971e-03,3.339498e+01,1.538487e-05,2.292485e-05,2997924.426,3.545508e-03,3.329890e+01,1.458160e-05,1.396048e-05,2995199.188,1.250000e-04,5.50,5948.69
3095,3.628310e-03,3.339959e+01,1.734991e-05,2.297046e-05,2997663.816,3.500516e-03,3.343281e+01,1.292101e-05,5.605196e-06,2999293.492,1.250000e-04,5.60,5954.29
3096,3.623499e-03,3.339194e+01,1.660914e-05,2.364261e-05,2997901.762,3.579755e-03,3.360386e+01,1.365358e-05,1.656665e-05,3001221.375,1.250000e-04,5.47,5959.75
3097,3.677449e-03,3.338986e+01,1.682354e-05,3.404548e-05,2997863.602,3.606216e-03,3.373047e+01,1.437743e-05,1.787893e-05,3009363.289,1.250000e-04,5.02,5964.77
3098,3.601889e-03,3.340441e+01,1.551500e-05,2.125962e-05,2997676.893,3.493707e-03,3.357227e+01,1.059125e-05,6.113551e-06,3000334.562,1.250000e-04,5.40,5970.17
3099,3.615513e-03,3.341356e+01,1.713240e-05,2.056662e-05,2997920.717,3.496524e-03,3.329007e+01,1.113034e-05,1.124270e-05,2993528.047,1.250000e-04,5.80,5975.97
3100,3.656594e-03,3.337775e+01,1.661129e-05,3.054130e-05,2997632.551,3.750765e-03,3.326944e+01,3.291031e-05,1.894358e-05,2989213.648,1.250000e-04,5.49,5981.46
3101,3.629164e-03,3.339260e+01,1.775808e-05,2.246465e-05,2997772.988,3.558404e-03,3.357676e+01,1.684905e-05,6.447592e-06,2999189.352,1.250000e-04,5.31,5986.77
3102,3.653367e-03,3.341309e+01,1.787175e-05,2.666800e-05,2997827.092,3.529188e-03,3.347207e+01,1.436001e-05,7.676247e-06,3002076.992,1.250000e-04,5.71,5992.48
3103,3.607922e-03,3.340933e+01,1.741309e-05,1.857161e-05,2997714.777,3.585823e-03,3.343118e+01,2.072397e-05,7.093166e-06,2997814.898,1.250000e-04,6.11,5998.59
3104,3.611747e-03,3.338914e+01,1.657255e-05,2.142150e-05,2997980.426,3.528860e-03,3.341141e+01,1.192118e-05,1.370136e-05,2998187.477,1.250000e-04,5.58,6004.17
3105,3.660124e-03,3.339686e+01,1.936263e-05,2.536239e-05,2997794.082,3.530731e-03,3.345180e+01,1.554624e-05,6.017781e-06,3001605.359,1.250000e-04,5.39,6009.56
3106,3.611403e-03,3.340117e+01,1.690780e-05,2.044162e-05,2997918.738,3.632843e-03,3.318789e+01,1.837030e-05,2.607011e-05,2992828.180,1.250000e-04,4.90,6014.45
3107,3.735477e-03,3.338442e+01,1.870275e-05,4.200165e-05,2997508.291,3.516455e-03,3.346093e+01,1.347304e-05,7.126319e-06,3000414.477,1.250000e-04,5.78,6020.23
3108,3.580484e-03,3.340110e+01,1.585010e-05,1.637452e-05,2997919.836,3.522241e-03,3.355075e+01,1.276147e-05,7.910372e-06,3004155.633,1.250000e-04,5.47,6025.70
3109,3.613096e-03,3.339586e+01,1.644088e-05,2.182022e-05,2997617.371,3.650561e-03,3.378430e+01,1.744690e-05,1.953241e-05,3010442.773,1.250000e-04,6.19,6031.90
3110,3.591592e-03,3.341037e+01,1.524621e-05,1.961858e-05,2998015.596,3.524727e-03,3.327344e+01,1.410313e-05,1.127029e-05,2992042.906,1.250000e-04,5.45,6037.35
3111,3.608305e-03,3.338740e+01,1.591784e-05,2.207717e-05,2997796.254,3.512389e-03,3.342815e+01,1.311127e-05,7.692349e-06,2996510.727,1.250000e-04,5.27,6042.61
3112,3.632663e-03,3.338585e+01,1.904738e-05,2.072077e-05,2997726.688,3.642096e-03,3.344632e+01,1.310313e-05,3.328649e-05,2990853.523,1.250000e-04,5.58,6048.19
3113,3.623315e-03,3.340212e+01,1.741986e-05,2.178082e-05,2997831.721,3.544386e-03,3.339306e+01,1.211890e-05,1.677826e-05,3002038.844,1.250000e-04,5.49,6053.68
3114,3.611164e-03,3.339742e+01,1.556255e-05,2.315935e-05,2997862.637,3.705187e-03,3.371330e+01,2.419869e-05,1.837406e-05,3009469.500,1.250000e-04,5.56,6059.24
3115,3.618078e-03,3.339891e+01,1.550645e-05,2.462452e-05,2997864.477,3.596055e-03,3.358072e+01,1.224352e-05,2.310952e-05,2996975.531,1.250000e-04,5.79,6065.03
3116,3.619477e-03,3.340207e+01,1.456165e-05,2.673081e-05,2997951.742,3.779090e-03,3.287765e+01,1.803501e-05,6.219505e-05,2980401.438,1.250000e-04,5.54,6070.57
3117,3.604349e-03,3.338763e+01,1.775631e-05,1.760460e-05,2997588.689,3.564371e-03,3.354064e+01,1.371757e-05,1.462620e-05,3006489.875,1.250000e-04,5.88,6076.45
3118,3.608987e-03,3.339288e+01,1.795111e-05,1.803759e-05,2997909.418,3.537867e-03,3.352091e+01,1.486088e-05,7.433437e-06,3004007.922,1.250000e-04,4.85,6081.30
3119,3.609776e-03,3.339537e+01,1.650146e-05,2.104493e-05,2997760.752,3.682743e-03,3.378517e+01,1.345007e-05,3.394501e-05,3009214.383,1.250000e-04,4.86,6086.16
3120,3.615648e-03,3.340029e+01,1.600802e-05,2.310793e-05,2998004.225,3.733232e-03,3.286522e+01,1.314112e-05,6.305970e-05,2979088.609,1.250000e-04,5.73,6091.89
3121,3.667132e-03,3.338388e+01,1.745590e-05,3.083709e-05,2997813.195,3.612653e-03,3.335532e+01,2.088704e-05,1.365010e-05,2993329.164,1.250000e-04,5.35,6097.24
3122,3.617103e-03,3.339583e+01,1.654665e-05,2.241070e-05,2997906.277,3.734699e-03,3.305270e+01,1.998088e-05,4.592404e-05,2982293.312,1.250000e-04,5.20,6102.44
3123,3.610469e-03,3.339033e+01,1.590381e-05,2.247960e-05,2997792.750,3.483465e-03,3.338770e+01,1.082305e-05,7.293059e-06,2997903.258,1.250000e-04,5.47,6107.91
3124,3.635499e-03,3.338923e+01,1.717111e-05,2.497299e-05,2997724.932,3.547913e-03,3.324393e+01,1.467200e-05,1.535989e-05,2992247.398,1.250000e-04,5.87,6113.78
3125,3.597805e-03,3.338740e+01,1.623834e-05,1.933639e-05,2997882.932,3.496105e-03,3.342756e+01,1.300724e-05,4.655336e-06,2999329.312,1.250000e-04,5.01,6118.79
3126,3.594602e-03,3.338355e+01,1.591244e-05,1.942450e-05,2997874.781,3.610502e-03,3.322234e+01,1.404309e-05,2.956746e-05,2985519.336,1.250000e-04,5.43,6124.22
3127,3.614500e-03,3.338180e+01,1.925482e-05,1.675428e-05,2997795.965,3.738735e-03,3.309064e+01,1.380612e-05,5.832198e-05,2980063.719,1.250000e-04,5.98,6130.20
3128,3.585240e-03,3.338597e+01,1.507337e-05,1.918194e-05,2997730.242,3.754813e-03,3.358163e+01,3.745259e-05,4.424893e-06,3001860.125,1.250000e-04,5.56,6135.76
3129,3.605953e-03,3.337547e+01,1.526308e-05,2.315517e-05,2997585.900,3.563929e-03,3.355843e+01,1.793699e-05,5.743236e-06,3002687.867,1.250000e-04,6.16,6141.92
3130,3.636495e-03,3.340201e+01,1.678917e-05,2.568058e-05,2998008.426,3.573291e-03,3.338569e+01,1.085699e-05,2.523047e-05,3004239.375,1.250000e-04,5.82,6147.74
3131,3.602765e-03,3.337326e+01,1.690878e-05,1.927012e-05,2997798.994,3.592167e-03,3.331620e+01,1.677351e-05,1.856227e-05,2991303.344,1.250000e-04,5.76,6153.50
3132,3.614006e-03,3.337792e+01,1.633959e-05,2.256365e-05,2997722.838,3.648966e-03,3.338979e+01,2.134730e-05,1.930289e-05,2996403.914,1.250000e-04,5.79,6159.29
3133,3.648239e-03,3.337865e+01,1.819001e-05,2.569478e-05,2997779.301,3.539670e-03,3.347888e+01,1.097809e-05,1.640033e-05,2995692.305,1.250000e-04,6.32,6165.61
3134,3.607780e-03,3.338486e+01,1.657989e-05,2.069907e-05,2997845.289,3.537271e-03,3.333898e+01,1.316021e-05,1.435418e-05,2996560.312,1.250000e-04,5.44,6171.05
3135,3.644640e-03,3.339482e+01,1.734552e-05,2.634060e-05,2997894.742,3.578240e-03,3.350468e+01,1.886087e-05,7.832704e-06,3004011.648,1.250000e-04,5.22,6176.27
3136,3.656039e-03,3.336832e+01,1.865873e-05,2.652387e-05,2997637.184,3.641544e-03,3.378401e+01,1.587949e-05,2.086969e-05,3009034.805,1.250000e-04,5.70,6181.97
3137,3.584173e-03,3.339030e+01,1.593025e-05,1.716816e-05,2997794.322,3.743859e-03,3.384264e+01,1.434578e-05,4.322747e-05,3018581.148,1.250000e-04,5.34,6187.31
3138,3.614037e-03,3.338139e+01,1.524098e-05,2.469778e-05,2997891.691,3.511228e-03,3.354719e+01,1.094237e-05,9.417120e-06,3005656.922,1.250000e-04,5.51,6192.82
3139,3.615805e-03,3.338772e+01,1.777376e-05,1.985918e-05,2997887.131,3.491088e-03,3.346838e+01,1.230432e-05,4.241290e-06,2997574.328,1.250000e-04,5.30,6198.12
3140,3.584719e-03,3.337328e+01,1.595358e-05,1.757097e-05,2997939.641,3.940593e-03,3.285548e+01,1.438854e-05,1.022319e-04,2970382.227,1.250000e-04,5.20,6203.32
3141,3.629319e-03,3.338907e+01,1.760074e-05,2.288100e-05,2997664.936,3.775210e-03,3.357865e+01,1.267067e-05,5.812772e-05,3015321.453,1.250000e-04,5.17,6208.49
3142,3.676355e-03,3.338945e+01,1.884160e-05,2.979884e-05,2997995.508,3.888956e-03,3.316572e+01,3.339066e-05,4.769550e-05,2981847.617,1.250000e-04,5.73,6214.22
3143,3.619184e-03,3.338159e+01,1.956564e-05,1.707386e-05,2997584.262,3.685469e-03,3.360478e+01,1.688034e-05,3.123750e-05,3003667.031,1.250000e-04,5.85,6220.07
3144,3.614138e-03,3.336864e+01,1.578266e-05,2.388952e-05,2997930.279,3.593154e-03,3.357496e+01,2.018385e-05,6.763903e-06,3003498.859,1.250000e-04,5.39,6225.46
3145,3.628647e-03,3.336338e+01,1.839217e-05,2.167743e-05,2997588.561,3.639663e-03,3.347768e+01,2.262886e-05,1.312120e-05,2995640.539,1.250000e-04,5.47,6230.93
3146,3.609061e-03,3.339087e+01,1.623021e-05,2.153447e-05,2997980.275,3.607975e-03,3.350593e+01,2.163866e-05,8.199162e-06,2996651.289,1.250000e-04,5.82,6236.75
3147,3.648096e-03,3.338252e+01,1.727313e-05,2.742267e-05,2997891.828,3.596103e-03,3.321220e+01,1.890199e-05,1.717269e-05,2996189.312,1.250000e-04,5.56,6242.30
3148,3.649420e-03,3.336408e+01,1.883074e-05,2.494111e-05,2997596.359,3.599527e-03,3.324948e+01,1.479875e-05,2.531822e-05,2989145.867,1.250000e-04,5.31,6247.61
3149,3.688128e-03,3.339967e+01,1.850348e-05,3.262524e-05,2998099.014,3.511244e-03,3.338704e+01,1.485594e-05,4.796030e-06,2996516.547,1.250000e-04,5.24,6252.85
3150,3.579680e-03,3.336458e+01,1.518987e-05,1.826474e-05,2997486.555,3.565222e-03,3.330806e+01,1.377953e-05,1.932426e-05,2995578.859,1.250000e-04,4.65,6257.51
3151,3.602426e-03,3.338452e+01,1.597813e-05,2.083862e-05,2998018.529,3.499524e-03,3.336361e+01,1.145314e-05,9.726180e-06,2999400.648,1.250000e-04,5.50,6263.00
3152,3.618299e-03,3.337257e+01,1.772287e-05,2.076270e-05,2997897.389,3.528092e-03,3.337944e+01,1.360286e-05,1.082400e-05,2992878.914,1.250000e-04,5.39,6268.39
3153,3.655999e-03,3.338835e+01,1.882253e-05,2.578771e-05,2997773.660,3.579241e-03,3.339776e+01,1.968231e-05,8.528365e-06,2996578.812,1.250000e-04,5.48,6273.87
3154,3.626224e-03,3.338242e+01,1.770349e-05,2.218946e-05,2998057.111,3.902689e-03,3.306383e+01,1.619486e-05,8.687137e-05,2974264.562,1.250000e-04,5.07,6278.94
3155,3.622605e-03,3.337274e+01,1.582829e-05,2.540957e-05,2997749.670,3.641358e-03,3.314884e+01,1.654870e-05,3.219748e-05,2989287.398,1.250000e-04,5.45,6284.39
3156,3.637291e-03,3.338277e+01,1.751757e-05,2.476753e-05,2997657.566,3.625280e-03,3.338717e+01,2.506484e-05,7.183059e-06,2997510.102,1.250000e-04,5.19,6289.58
3157,3.624102e-03,3.337323e+01,1.599551e-05,2.536474e-05,2997772.957,3.830478e-03,3.380360e+01,3.200988e-05,2.600388e-05,3010505.602,1.250000e-04,5.46,6295.05
3158,3.596796e-03,3.339190e+01,1.604786e-05,1.942560e-05,2997889.611,3.571003e-03,3.326820e+01,1.642424e-05,1.598821e-05,2993260.805,1.250000e-04,5.83,6300.87
3159,3.640743e-03,3.337171e+01,1.697976e-05,2.675495e-05,2997735.049,3.737755e-03,3.388466e+01,1.716381e-05,3.553025e-05,3016202.461,1.250000e-04,5.32,6306.20
3160,3.622015e-03,3.338392e+01,1.630800e-05,2.410859e-05,2997967.098,3.561665e-03,3.325201e+01,1.609863e-05,1.509566e-05,2993189.328,1.250000e-04,5.47,6311.67
3161,3.623434e-03,3.335575e+01,1.793861e-05,2.169456e-05,2997675.033,3.525370e-03,3.335879e+01,1.143614e-05,1.502592e-05,2991951.266,1.250000e-04,5.67,6317.34
3162,3.626644e-03,3.338595e+01,1.636518e-05,2.487944e-05,2997899.648,3.530123e-03,3.348154e+01,1.490532e-05,6.583189e-06,3000681.273,1.250000e-04,5.49,6322.83
3163,3.619040e-03,3.337922e+01,1.486738e-05,2.648885e-05,2997990.375,3.783914e-03,3.292808e+01,1.415067e-05,6.991984e-05,2976949.406,1.250000e-04,5.46,6328.30
3164,3.613068e-03,3.334853e+01,1.668913e-05,2.226472e-05,2997505.184,4.209864e-03,3.309759e+01,2.214039e-05,1.357402e-04,2969640.500,1.250000e-04,5.26,6333.55
3165,3.680087e-03,3.339629e+01,1.961617e-05,2.885936e-05,2997758.607,3.964482e-03,3.382162e+01,2.958468e-05,5.729473e-05,3020433.938,1.250000e-04,5.65,6339.20
3166,3.645416e-03,3.337863e+01,1.737729e-05,2.675601e-05,2997917.201,3.477230e-03,3.332565e+01,1.090036e-05,7.132268e-06,2997488.312,1.250000e-04,4.81,6344.01
3167,3.619848e-03,3.337699e+01,1.601768e-05,2.439454e-05,2997833.379,3.527661e-03,3.324799e+01,1.459275e-05,1.138700e-05,2995619.641,1.250000e-04,5.51,6349.52
3168,3.605215e-03,3.336271e+01,1.542713e-05,2.293462e-05,2997902.924,3.599076e-03,3.361270e+01,1.801864e-05,1.152387e-05,3006733.180,1.250000e-04,5.21,6354.73
3169,3.624741e-03,3.336490e+01,1.662615e-05,2.439797e-05,2997792.984,3.614203e-03,3.315111e+01,1.475359e-05,3.031135e-05,2985836.391,1.250000e-04,5.60,6360.33
3170,3.639322e-03,3.336408e+01,1.724181e-05,2.609908e-05,2997775.074,3.575535e-03,3.338972e+01,1.237926e-05,2.255398e-05,3004825.961,1.250000e-04,5.12,6365.45
3171,3.632175e-03,3.337439e+01,1.751865e-05,2.390991e-05,2997811.131,3.599904e-03,3.306336e+01,1.505529e-05,2.860304e-05,2988221.125,1.250000e-04,5.71,6371.16
3172,3.661189e-03,3.336575e+01,1.739438e-05,3.013406e-05,2997562.143,3.532235e-03,3.359287e+01,1.279444e-05,9.000841e-06,3000324.672,1.250000e-04,4.94,6376.11
3173,3.609786e-03,3.336454e+01,1.764719e-05,1.937218e-05,2997960.986,3.548927e-03,3.338246e+01,1.765471e-05,6.826826e-06,2996917.227,1.250000e-04,5.91,6382.02
3174,3.618247e-03,3.336502e+01,1.720231e-05,2.194429e-05,2997903.127,3.579670e-03,3.316152e+01,1.147027e-05,2.976318e-05,2990547.961,1.250000e-04,4.91,6386.92
3175,3.625264e-03,3.334495e+01,1.575006e-05,2.665377e-05,2997610.082,3.716023e-03,3.368088e+01,2.212619e-05,2.533463e-05,3012806.906,1.250000e-04,5.48,6392.40
3176,3.640031e-03,3.338254e+01,1.811189e-05,2.413157e-05,2997968.348,3.559262e-03,3.322519e+01,1.533298e-05,1.668269e-05,2989050.672,1.250000e-04,5.47,6397.87
3177,3.611529e-03,3.336748e+01,1.653866e-05,2.187874e-05,2997752.996,3.484318e-03,3.342460e+01,1.071784e-05,6.936105e-06,3000718.492,1.250000e-04,5.01,6402.88
3178,3.624106e-03,3.336163e+01,1.488054e-05,2.782752e-05,2997786.854,3.576621e-03,3.330885e+01,1.603674e-05,1.707376e-05,2995791.344,1.250000e-04,5.28,6408.16
3179,3.646064e-03,3.337613e+01,1.691031e-05,2.786970e-05,2997822.977,3.519997e-03,3.350827e+01,1.381490e-05,6.204322e-06,3002780.938,1.250000e-04,5.77,6413.93
3180,3.618452e-03,3.336388e+01,1.742262e-05,2.156746e-05,2997755.324,3.593716e-03,3.353808e+01,1.750704e-05,1.296757e-05,3002563.555,1.250000e-04,5.21,6419.14
3181,3.577918e-03,3.337895e+01,1.438885e-05,1.922697e-05,2997984.699,3.548370e-03,3.331141e+01,1.578086e-05,1.188404e-05,2992540.594,1.250000e-04,6.19,6425.33
3182,3.640723e-03,3.337650e+01,1.774926e-05,2.511615e-05,2997780.334,3.586101e-03,3.323509e+01,1.603520e-05,2.044797e-05,2995621.500,1.250000e-04,5.38,6430.71
3183,3.597947e-03,3.334771e+01,1.536470e-05,2.190594e-05,2997803.586,3.505230e-03,3.346775e+01,1.289650e-05,5.898002e-06,2999188.461,1.250000e-04,5.52,6436.23
3184,3.643647e-03,3.336265e+01,1.672113e-05,2.803406e-05,2997687.467,3.748631e-03,3.369950e+01,2.180636e-05,3.212343e-05,3012780.477,1.250000e-04,5.71,6441.94
3185,3.584981e-03,3.337779e+01,1.637422e-05,1.669215e-05,2998018.033,3.483037e-03,3.334243e+01,1.158857e-05,6.581836e-06,2997368.102,1.250000e-04,5.47,6447.41
3186,3.651014e-03,3.337241e+01,1.868174e-05,2.539098e-05,2997810.350,3.596718e-03,3.337460e+01,1.525097e-05,2.134977e-05,2996143.805,1.250000e-04,5.59,6453.00
3187,3.602837e-03,3.337134e+01,1.563381e-05,2.187296e-05,2997792.422,3.509373e-03,3.331676e+01,1.345966e-05,8.620136e-06,2994324.000,1.250000e-04,6.21,6459.21
3188,3.595464e-03,3.336363e+01,1.505607e-05,2.170808e-05,2997703.025,3.619815e-03,3.352743e+01,1.335853e-05,2.669735e-05,2994753.516,1.250000e-04,5.08,6464.28
3189,3.620502e-03,3.338838e+01,1.564880e-05,2.503534e-05,2998078.057,3.573212e-03,3.334779e+01,1.655436e-05,1.457798e-05,3000690.406,1.250000e-04,5.44,6469.72
3190,3.644147e-03,3.335749e+01,1.692163e-05,2.783637e-05,2997626.928,3.868227e-03,3.392666e+01,1.833247e-05,5.844729e-05,3021135.734,1.250000e-04,5.25,6474.97
3191,3.638562e-03,3.337121e+01,1.718565e-05,2.591691e-05,2998115.051,3.695788e-03,3.320044e+01,2.442446e-05,2.629991e-05,2985925.031,1.250000e-04,5.54,6480.52
3192,3.642482e-03,3.337332e+01,1.744033e-05,2.614933e-05,2997697.795,3.528202e-03,3.336188e+01,1.517330e-05,8.056338e-06,2997221.125,1.250000e-04,5.43,6485.95
3193,3.643229e-03,3.335412e+01,1.787983e-05,2.580364e-05,2997763.643,3.555240e-03,3.315439e+01,1.187081e-05,2.421851e-05,2993535.727,1.250000e-04,5.28,6491.23
3194,3.618868e-03,3.336850e+01,1.525075e-05,2.590219e-05,2997534.457,3.541098e-03,3.324382e+01,1.342477e-05,1.649376e-05,2990805.570,1.250000e-04,5.72,6496.95
3195,3.592685e-03,3.335399e+01,1.572276e-05,2.001168e-05,2998049.445,3.659082e-03,3.345754e+01,2.334867e-05,1.596834e-05,2993412.477,1.250000e-04,5.52,6502.47
3196,3.705475e-03,3.336193e+01,1.895258e-05,3.595137e-05,2997456.117,3.531177e-03,3.343448e+01,1.404226e-05,9.461301e-06,3000049.438,1.250000e-04,5.32,6507.79
3197,3.624017e-03,3.336957e+01,1.731847e-05,2.277521e-05,2997947.205,3.526400e-03,3.349868e+01,1.365861e-05,7.989181e-06,3001939.758,1.250000e-04,5.58,6513.37
3198,3.661803e-03,3.336444e+01,1.683879e-05,3.139432e-05,2997943.084,3.567977e-03,3.310634e+01,1.266020e-05,2.614827e-05,2988993.039,1.250000e-04,5.64,6519.01
3199,3.669533e-03,3.335419e+01,1.778885e-05,3.124511e-05,2997644.951,3.609998e-03,3.353133e+01,2.209771e-05,7.177589e-06,3005066.680,1.250000e-04,5.40,6524.40
3200,3.623161e-03,3.336765e+01,1.776276e-05,2.175372e-05,2997805.756,3.602608e-03,3.356953e+01,1.693660e-05,1.525771e-05,3004851.266,1.250000e-04,5.60,6530.00
3201,3.623794e-03,3.336881e+01,1.633903e-05,2.470446e-05,2998003.357,3.560882e-03,3.337700e+01,1.634231e-05,1.195174e-05,2993516.922,1.250000e-04,4.48,6534.48
3202,3.699357e-03,3.336287e+01,1.962286e-05,3.336818e-05,2997860.205,3.604615e-03,3.330335e+01,1.616376e-05,2.252843e-05,2989191.742,1.250000e-04,5.47,6539.95
3203,3.617525e-03,3.335188e+01,1.660485e-05,2.325786e-05,2997426.408,3.718887e-03,3.373104e+01,1.257243e-05,4.401189e-05,3013891.906,1.250000e-04,5.04,6544.99
3204,3.624293e-03,3.338050e+01,1.554795e-05,2.615281e-05,2997997.832,3.607119e-03,3.310996e+01,1.651949e-05,2.618559e-05,2987213.625,1.250000e-04,5.15,6550.13
3205,3.653421e-03,3.337867e+01,1.920093e-05,2.470904e-05,2997841.586,3.540154e-03,3.320440e+01,1.222719e-05,1.948841e-05,2989493.602,1.250000e-04,5.29,6555.42
3206,3.610174e-03,3.335230e+01,1.575159e-05,2.348555e-05,2997977.865,3.771454e-03,3.305049e+01,1.890043e-05,5.548008e-05,2979142.469,1.250000e-04,5.62,6561.04
3207,3.598216e-03,3.337326e+01,1.692966e-05,1.831874e-05,2997712.777,3.518966e-03,3.327292e+01,1.441364e-05,9.507567e-06,2996243.250,1.250000e-04,5.33,6566.37
3208,3.609635e-03,3.335604e+01,1.635903e-05,2.208817e-05,2997677.170,3.756287e-03,3.390147e+01,1.579366e-05,4.164077e-05,3015826.938,1.250000e-04,6.08,6572.45
3209,3.631415e-03,3.338273e+01,1.656447e-05,2.549953e-05,2998116.535,3.498052e-03,3.340681e+01,1.216880e-05,7.136551e-06,3000203.570,1.250000e-04,5.71,6578.16
3210,3.569133e-03,3.334841e+01,1.444214e-05,1.797415e-05,2997687.115,3.873318e-03,3.395161e+01,1.987233e-05,5.588667e-05,3021210.539,1.250000e-04,5.05,6583.21
3211,3.622990e-03,3.336996e+01,1.545702e-05,2.628474e-05,2997977.059,3.524329e-03,3.337531e+01,1.276129e-05,1.183707e-05,3000066.953,1.250000e-04,4.87,6588.08
3212,3.626157e-03,3.335248e+01,1.678520e-05,2.461139e-05,2997628.439,3.556363e-03,3.319131e+01,1.476587e-05,1.791456e-05,2990590.953,1.250000e-04,4.96,6593.04
3213,3.574536e-03,3.336686e+01,1.502695e-05,1.751609e-05,2998040.521,3.658148e-03,3.316293e+01,2.030496e-05,2.776116e-05,2990005.992,1.250000e-04,5.52,6598.56
3214,3.617567e-03,3.335708e+01,1.566723e-05,2.503745e-05,2997800.516,3.525797e-03,3.333461e+01,1.355340e-05,1.136029e-05,2997643.961,1.250000e-04,5.14,6603.70
3215,3.640736e-03,3.336592e+01,1.776137e-05,2.530608e-05,2997822.668,3.545210e-03,3.358738e+01,1.200475e-05,1.328497e-05,3005121.594,1.250000e-04,5.57,6609.28
3216,3.600603e-03,3.337797e+01,1.565808e-05,2.124518e-05,2997908.959,3.510414e-03,3.342583e+01,1.276970e-05,8.026704e-06,3000498.508,1.250000e-04,5.29,6614.57
3217,3.618549e-03,3.335907e+01,1.826534e-05,1.999781e-05,2997782.186,3.529422e-03,3.354722e+01,1.225743e-05,1.042525e-05,3006963.414,1.250000e-04,5.82,6620.38
3218,3.588032e-03,3.337392e+01,1.522463e-05,1.967884e-05,2998031.223,3.511890e-03,3.316894e+01,1.165590e-05,1.568741e-05,2990710.500,1.250000e-04,5.49,6625.88
3219,3.605501e-03,3.335583e+01,1.627045e-05,2.144267e-05,2997672.822,3.746163e-03,3.377767e+01,1.849469e-05,3.668999e-05,3016453.695,1.250000e-04,5.64,6631.52
3220,3.604592e-03,3.336088e+01,1.588700e-05,2.192683e-05,2997973.158,3.604092e-03,3.338718e+01,2.361093e-05,5.852982e-06,2996609.844,1.250000e-04,5.35,6636.87
3221,3.587774e-03,3.337090e+01,1.799696e-05,1.414290e-05,2997857.393,3.684255e-03,3.310141e+01,1.716307e-05,4.049675e-05,2982898.336,1.250000e-04,5.02,6641.89
3222,3.615749e-03,3.334972e+01,1.525460e-05,2.564628e-05,2997734.514,3.564096e-03,3.344290e+01,1.388468e-05,1.619196e-05,2999135.836,1.250000e-04,5.47,6647.36
3223,3.602908e-03,3.337412e+01,1.438166e-05,2.433582e-05,2997990.746,3.577613e-03,3.365016e+01,1.332682e-05,1.586585e-05,3004354.961,1.250000e-04,5.41,6652.78
3224,3.647529e-03,3.335723e+01,1.627610e-05,2.980902e-05,2997692.547,3.564559e-03,3.325180e+01,1.574305e-05,1.638957e-05,2989948.445,1.250000e-04,5.02,6657.79
3225,3.617023e-03,3.337100e+01,1.627036e-05,2.344392e-05,2997807.504,3.484692e-03,3.342806e+01,1.121659e-05,5.944152e-06,2996552.047,1.250000e-04,5.73,6663.52
3226,3.596059e-03,3.337535e+01,1.726950e-05,1.716589e-05,2997906.098,3.616522e-03,3.318265e+01,2.009956e-05,1.945237e-05,2989032.953,1.250000e-04,5.45,6668.97
3227,3.620736e-03,3.336171e+01,1.678699e-05,2.333917e-05,2997817.213,3.531505e-03,3.331744e+01,1.190406e-05,1.614412e-05,2990997.562,1.250000e-04,5.60,6674.57
3228,3.622275e-03,3.336042e+01,1.548847e-05,2.626982e-05,2997774.588,3.543945e-03,3.346589e+01,1.639340e-05,6.684569e-06,3000756.062,1.250000e-04,5.35,6679.92
3229,3.613176e-03,3.336966e+01,1.618343e-05,2.287515e-05,2997820.768,3.655750e-03,3.355845e+01,1.166952e-05,3.664202e-05,3012046.750,1.250000e-04,5.64,6685.57
3230,3.577447e-03,3.335111e+01,1.497977e-05,1.850771e-05,2997890.354,3.483703e-03,3.331525e+01,1.191808e-05,6.599385e-06,2996532.164,1.250000e-04,5.49,6691.05
3231,3.595339e-03,3.334750e+01,1.554906e-05,2.101984e-05,2997700.133,3.684719e-03,3.379268e+01,1.952467e-05,2.204100e-05,3008288.719,1.250000e-04,5.68,6696.73
3232,3.614449e-03,3.337837e+01,1.720872e-05,2.090501e-05,2998032.264,3.488588e-03,3.340869e+01,1.215302e-05,5.237881e-06,2999268.242,1.250000e-04,5.35,6702.08
3233,3.588551e-03,3.336083e+01,1.486463e-05,2.076421e-05,2997916.975,3.539006e-03,3.337591e+01,1.395568e-05,1.237158e-05,2994147.578,1.250000e-04,5.55,6707.63
3234,3.578623e-03,3.335937e+01,1.562600e-05,1.728517e-05,2997899.988,3.569576e-03,3.315147e+01,1.456428e-05,2.175720e-05,2987752.047,1.250000e-04,5.49,6713.12
3235,3.650822e-03,3.336589e+01,1.740184e-05,2.804277e-05,2997788.205,3.561932e-03,3.319488e+01,1.429338e-05,1.990219e-05,2989020.016,1.250000e-04,5.48,6718.60
3236,3.603899e-03,3.334979e+01,1.695697e-05,1.987011e-05,2997956.971,3.781108e-03,3.318958e+01,2.402682e-05,4.437637e-05,2984230.234,1.250000e-04,5.55,6724.15
3237,3.605935e-03,3.335317e+01,1.585595e-05,2.241188e-05,2997728.473,3.574230e-03,3.339505e+01,1.634739e-05,1.425007e-05,2995357.086,1.250000e-04,5.91,6730.06
3238,3.577027e-03,3.336177e+01,1.398376e-05,2.020260e-05,2997699.965,3.539925e-03,3.346743e+01,1.311270e-05,1.241105e-05,3004382.258,1.250000e-04,5.02,6735.08
3239,3.605649e-03,3.334886e+01,1.836753e-05,1.741767e-05,2997885.025,3.558328e-03,3.345498e+01,1.801116e-05,6.543689e-06,3001407.836,1.250000e-04,4.74,6739.81
3240,3.601507e-03,3.335608e+01,1.600226e-05,2.117518e-05,2997848.428,3.970348e-03,3.298165e+01,3.450428e-05,6.542810e-05,2976752.648,1.250000e-04,5.11,6744.92
3241,3.592915e-03,3.335391e+01,1.658711e-05,1.833065e-05,2997870.828,3.554394e-03,3.311196e+01,1.363474e-05,2.137025e-05,2988133.133,1.250000e-04,5.54,6750.46
3242,3.652560e-03,3.333146e+01,1.657495e-05,3.073305e-05,2997677.480,3.537309e-03,3.338407e+01,1.297853e-05,1.382334e-05,2994492.695,1.250000e-04,5.30,6755.76
3243,3.595304e-03,3.334269e+01,1.530205e-05,2.160294e-05,2997893.266,3.707958e-03,3.332108e+01,1.580554e-05,4.355876e-05,2988310.539,1.250000e-04,5.48,6761.25
3244,3.643367e-03,3.335103e+01,1.551697e-05,3.061902e-05,2997858.932,3.568550e-03,3.332973e+01,1.767535e-05,1.176470e-05,2993210.648,1.250000e-04,5.32,6766.57
3245,3.612212e-03,3.334893e+01,1.648647e-05,2.249091e-05,2997925.291,3.544194e-03,3.346943e+01,1.471783e-05,1.001452e-05,3004112.328,1.250000e-04,4.97,6771.54
3246,3.582263e-03,3.336873e+01,1.589169e-05,1.729452e-05,2997770.473,4.035609e-03,3.358009e+01,3.650582e-05,6.250846e-05,3016736.250,1.250000e-04,5.47,6777.01
3247,3.646025e-03,3.333949e+01,1.821846e-05,2.597832e-05,2997814.543,3.520249e-03,3.331588e+01,1.425187e-05,9.228439e-06,2996146.289,1.250000e-04,5.54,6782.55
3248,3.639778e-03,3.333285e+01,1.647185e-05,2.835494e-05,2997900.461,3.537126e-03,3.341210e+01,1.490133e-05,9.380525e-06,3003655.227,1.250000e-04,5.33,6787.88
3249,3.614441e-03,3.335850e+01,1.620645e-05,2.330546e-05,2997973.559,3.509345e-03,3.341260e+01,1.292573e-05,7.765559e-06,2999288.125,1.250000e-04,5.41,6793.29
3250,3.627871e-03,3.335025e+01,1.672898e-05,2.511135e-05,2997715.383,3.527912e-03,3.344145e+01,1.423291e-05,8.287543e-06,3003450.469,1.250000e-04,5.15,6798.45
3251,3.610714e-03,3.333376e+01,1.670165e-05,2.206432e-05,2997720.816,3.586282e-03,3.355504e+01,1.409485e-05,1.796585e-05,3003094.156,1.250000e-04,5.40,6803.85
3252,3.591220e-03,3.335322e+01,1.569796e-05,1.978368e-05,2997882.105,3.877169e-03,3.385627e+01,2.278803e-05,5.273228e-05,3020485.742,1.250000e-04,5.18,6809.03
3253,3.651719e-03,3.333602e+01,1.903951e-05,2.554434e-05,2997898.926,3.526855e-03,3.332781e+01,1.419192e-05,1.043110e-05,2993926.094,1.250000e-04,6.02,6815.05
3254,3.578661e-03,3.335163e+01,1.593582e-05,1.682799e-05,2997845.723,3.577912e-03,3.352908e+01,1.758845e-05,9.823806e-06,3006538.867,1.250000e-04,5.84,6820.89
3255,3.632012e-03,3.335214e+01,1.646554e-05,2.642849e-05,2997818.600,3.596807e-03,3.356852e+01,1.939136e-05,9.208478e-06,3002145.680,1.250000e-04,6.00,6826.89
3256,3.613336e-03,3.334426e+01,1.701974e-05,2.174252e-05,2997842.543,3.510827e-03,3.343956e+01,1.192850e-05,9.517187e-06,3003023.391,1.250000e-04,5.44,6832.34
3257,3.622800e-03,3.334157e+01,1.641000e-05,2.490864e-05,2997835.477,3.520569e-03,3.334232e+01,1.258031e-05,1.210696e-05,2995889.078,1.250000e-04,4.82,6837.16
3258,3.611911e-03,3.335133e+01,1.616096e-05,2.303367e-05,2997794.906,3.646951e-03,3.342896e+01,2.159394e-05,1.762310e-05,3003353.273,1.250000e-04,5.51,6842.67
3259,3.610622e-03,3.334475e+01,1.704600e-05,2.113728e-05,2997813.699,3.636934e-03,3.327503e+01,2.427781e-05,1.333066e-05,2992107.273,1.250000e-04,5.59,6848.25
3260,3.560011e-03,3.336030e+01,1.505193e-05,1.469236e-05,2997911.420,3.672502e-03,3.330949e+01,2.931894e-05,9.672747e-06,2992882.680,1.250000e-04,5.96,6854.21
3261,3.554806e-03,3.334014e+01,1.537348e-05,1.341139e-05,2997739.375,3.556375e-03,3.360011e+01,1.101897e-05,1.723488e-05,3010157.312,1.250000e-04,5.63,6859.85
3262,3.630469e-03,3.336460e+01,1.808798e-05,2.262584e-05,2997754.781,3.662062e-03,3.357874e+01,1.193086e-05,3.697587e-05,3013563.336,1.250000e-04,5.45,6865.29
3263,3.637180e-03,3.335453e+01,1.704592e-05,2.625360e-05,2997949.047,3.526127e-03,3.321841e+01,1.550295e-05,9.851346e-06,2993689.211,1.250000e-04,5.44,6870.73
3264,3.598722e-03,3.333989e+01,1.746349e-05,1.801951e-05,2997657.051,3.542921e-03,3.351580e+01,1.173082e-05,1.480664e-05,3004382.055,1.250000e-04,4.88,6875.61
3265,3.659363e-03,3.334561e+01,1.903901e-05,2.688240e-05,2998077.340,4.360669e-03,3.250247e+01,1.707560e-05,1.879333e-04,2961120.898,1.250000e-04,5.51,6881.12
3266,3.615846e-03,3.334424e+01,1.755209e-05,2.118034e-05,2997664.750,3.671078e-03,3.314666e+01,1.350625e-05,4.426989e-05,2983162.719,1.250000e-04,5.19,6886.30
3267,3.559643e-03,3.335035e+01,1.463291e-05,1.565576e-05,2997632.797,3.631051e-03,3.358850e+01,2.044921e-05,1.354168e-05,3008416.516,1.250000e-04,5.44,6891.74
3268,3.577923e-03,3.335053e+01,1.521378e-05,1.814648e-05,2997966.193,3.513145e-03,3.336493e+01,1.163253e-05,1.206529e-05,2996944.258,1.250000e-04,5.29,6897.03
3269,3.610606e-03,3.335245e+01,1.591202e-05,2.324832e-05,2997869.809,3.550882e-03,3.312346e+01,1.169891e-05,2.430936e-05,2988352.602,1.250000e-04,5.54,6902.57
3270,3.671537e-03,3.333859e+01,1.866980e-05,3.019594e-05,2997540.365,3.526540e-03,3.340063e+01,1.528279e-05,6.729942e-06,3001740.109,1.250000e-04,5.10,6907.67
3271,3.625418e-03,3.335008e+01,1.703205e-05,2.401791e-05,2997956.812,3.505158e-03,3.342559e+01,1.197418e-05,8.571339e-06,2999806.086,1.250000e-04,5.81,6913.47
3272,3.577017e-03,3.335342e+01,1.481770e-05,1.869953e-05,2997870.424,3.542835e-03,3.334464e+01,1.125242e-05,1.916933e-05,2998059.531,1.250000e-04,5.41,6918.88
3273,3.621049e-03,3.334979e+01,1.625815e-05,2.469773e-05,2997752.400,3.521157e-03,3.329631e+01,1.497853e-05,8.348131e-06,2997733.766,1.250000e-04,5.21,6924.09
3274,3.625201e-03,3.334529e+01,1.676057e-05,2.461315e-05,2998020.898,3.604065e-03,3.315428e+01,1.593601e-05,2.585531e-05,2989679.203,1.250000e-04,5.56,6929.65
3275,3.614587e-03,3.335376e+01,1.617466e-05,2.349291e-05,2997798.279,3.519675e-03,3.338397e+01,1.315902e-05,9.937548e-06,2999320.398,1.250000e-04,5.63,6935.28
3276,3.659433e-03,3.334329e+01,1.644391e-05,3.213295e-05,2997715.406,3.516872e-03,3.331700e+01,1.375935e-05,9.515740e-06,2994109.664,1.250000e-04,5.29,6940.57
3277,3.588494e-03,3.334947e+01,1.605851e-05,1.859232e-05,2997884.205,3.599537e-03,3.312999e+01,1.850714e-05,2.029330e-05,2988548.617,1.250000e-04,4.97,6945.54
3278,3.660245e-03,3.335218e+01,1.775642e-05,2.949250e-05,2997902.092,3.576325e-03,3.311488e+01,1.550052e-05,2.196626e-05,2988549.695,1.250000e-04,5.75,6951.29
3279,3.601287e-03,3.334593e+01,1.631545e-05,2.070798e-05,2997795.615,3.628987e-03,3.344373e+01,2.014250e-05,1.663772e-05,3006974.633,1.250000e-04,5.07,6956.36
3280,3.647427e-03,3.335844e+01,1.808897e-05,2.613878e-05,2997632.727,3.682417e-03,3.351934e+01,1.574041e-05,3.461571e-05,3011208.062,1.250000e-04,5.55,6961.90
3281,3.639906e-03,3.334220e+01,1.770102e-05,2.573523e-05,2997832.797,3.487287e-03,3.341299e+01,1.204007e-05,5.117492e-06,3000838.023,1.250000e-04,5.07,6966.97
3282,3.609387e-03,3.335725e+01,1.580636e-05,2.311968e-05,2998009.477,3.510820e-03,3.312686e+01,1.122430e-05,1.717815e-05,2990669.281,1.250000e-04,5.57,6972.55
3283,3.591318e-03,3.333481e+01,1.419229e-05,2.318279e-05,2997692.768,3.860333e-03,3.317489e+01,1.931571e-05,6.993746e-05,2983226.031,1.250000e-04,5.11,6977.66
3284,3.633445e-03,3.336009e+01,1.694783e-05,2.559145e-05,2997826.980,3.540554e-03,3.340713e+01,1.122113e-05,1.752596e-05,2996890.398,1.250000e-04,4.89,6982.54
3285,3.631196e-03,3.334744e+01,1.574779e-05,2.779495e-05,2997827.826,3.609854e-03,3.316089e+01,1.712366e-05,2.450584e-05,2993251.500,1.250000e-04,5.61,6988.16
3286,3.616717e-03,3.334650e+01,1.570218e-05,2.500905e-05,2997695.066,3.524624e-03,3.346811e+01,1.211776e-05,1.132721e-05,3003610.797,1.250000e-04,5.74,6993.90
3287,3.627561e-03,3.335076e+01,1.866859e-05,2.115985e-05,2997942.516,3.700803e-03,3.338203e+01,2.528972e-05,2.194055e-05,2993230.961,1.250000e-04,5.78,6999.68
3288,3.653682e-03,3.334797e+01,1.796212e-05,2.785270e-05,2997631.178,3.612038e-03,3.335873e+01,2.335149e-05,8.530092e-06,2995658.984,1.250000e-04,5.23,7004.90
3289,3.655808e-03,3.335185e+01,1.764165e-05,2.884129e-05,2997908.447,3.904911e-03,3.304394e+01,2.294048e-05,7.422236e-05,2976696.758,1.250000e-04,5.78,7010.68
3290,3.630098e-03,3.333607e+01,1.720229e-05,2.489350e-05,2997746.953,3.732951e-03,3.377816e+01,1.706831e-05,3.689028e-05,3016030.398,1.250000e-04,5.15,7015.83
3291,3.630889e-03,3.335396e+01,1.564071e-05,2.781722e-05,2997946.607,3.741577e-03,3.318626e+01,1.870381e-05,4.718264e-05,2982854.930,1.250000e-04,5.11,7020.94
3292,3.596315e-03,3.335619e+01,1.608533e-05,1.996847e-05,2997766.395,3.669642e-03,3.358742e+01,2.675383e-05,8.672339e-06,3006712.102,1.250000e-04,5.66,7026.60
3293,3.681509e-03,3.333731e+01,1.889032e-05,3.177494e-05,2997663.510,3.610079e-03,3.348310e+01,1.928336e-05,1.378713e-05,3006338.164,1.250000e-04,5.36,7031.97
3294,3.575779e-03,3.335276e+01,1.481055e-05,1.847955e-05,2997902.787,3.591926e-03,3.366714e+01,1.534548e-05,1.435149e-05,3004004.680,1.250000e-04,5.79,7037.76
3295,3.634640e-03,3.334209e+01,1.586918e-05,2.834769e-05,2997708.631,3.592227e-03,3.334219e+01,1.556716e-05,2.046732e-05,2991093.875,1.250000e-04,4.59,7042.35
3296,3.662440e-03,3.335775e+01,2.059483e-05,2.414327e-05,2997991.969,3.705791e-03,3.291042e+01,1.372201e-05,5.550596e-05,2980690.250,1.250000e-04,5.59,7047.94
3297,3.627866e-03,3.333385e+01,1.690379e-05,2.508855e-05,2997872.309,3.567261e-03,3.326913e+01,1.439149e-05,1.928675e-05,2989204.820,1.250000e-04,5.61,7053.55
3298,3.579998e-03,3.335054e+01,1.420708e-05,2.057466e-05,2997711.861,3.553739e-03,3.337128e+01,1.921841e-05,4.885498e-06,2997586.453,1.250000e-04,5.55,7059.10
3299,3.608772e-03,3.334816e+01,1.561210e-05,2.356698e-05,2997859.924,3.510923e-03,3.344964e+01,1.176063e-05,9.670624e-06,3003815.164,1.250000e-04,5.21,7064.30
3300,3.579079e-03,3.334564e+01,1.486760e-05,1.916777e-05,2997896.885,3.567042e-03,3.329457e+01,1.445495e-05,1.860701e-05,2999893.594,1.250000e-04,5.46,7069.76
3301,3.594250e-03,3.334560e+01,1.573464e-05,2.046871e-05,2997677.078,3.662698e-03,3.351384e+01,1.346985e-05,3.532311e-05,3006363.148,1.250000e-04,5.29,7075.05
3302,3.585019e-03,3.333559e+01,1.543781e-05,1.941648e-05,2998014.432,3.615537e-03,3.365175e+01,1.516438e-05,1.974380e-05,3002945.969,1.250000e-04,5.51,7080.56
3303,3.630015e-03,3.335051e+01,1.667757e-05,2.563780e-05,2997967.395,3.596946e-03,3.309957e+01,1.233081e-05,3.273621e-05,2986706.500,1.250000e-04,5.30,7085.87
3304,3.661117e-03,3.334963e+01,1.912826e-05,2.697445e-05,2997765.844,3.561043e-03,3.324979e+01,1.770660e-05,1.179967e-05,2996436.000,1.250000e-04,5.82,7091.69
3305,3.604646e-03,3.334557e+01,1.822419e-05,1.756939e-05,2997826.307,3.498205e-03,3.338601e+01,1.187646e-05,8.167932e-06,3001511.508,1.250000e-04,5.83,7097.52
3306,3.609496e-03,3.333833e+01,1.611100e-05,2.291063e-05,2997852.729,3.563045e-03,3.342482e+01,1.580789e-05,1.249695e-05,3001697.539,1.250000e-04,5.45,7102.96
3307,3.614059e-03,3.333706e+01,1.687601e-05,2.231846e-05,2997848.824,3.618418e-03,3.318515e+01,2.029869e-05,1.938327e-05,2990823.156,1.250000e-04,5.20,7108.17
3308,3.588571e-03,3.334786e+01,1.471890e-05,2.131917e-05,2997931.576,3.604149e-03,3.311184e+01,1.467859e-05,2.923592e-05,2987518.664,1.250000e-04,5.42,7113.58
3309,3.592633e-03,3.333494e+01,1.556166e-05,2.070446e-05,2997868.842,3.752253e-03,3.298648e+01,1.440629e-05,6.190847e-05,2979827.742,1.250000e-04,4.90,7118.48
3310,3.640338e-03,3.335743e+01,1.684105e-05,2.723704e-05,2998194.080,3.992533e-03,3.286933e+01,2.125450e-05,9.861109e-05,2972634.023,1.250000e-04,5.66,7124.13
3311,3.703171e-03,3.331786e+01,1.807377e-05,3.812963e-05,2997329.385,3.542810e-03,3.335262e+01,1.361908e-05,1.427145e-05,2992820.047,1.250000e-04,5.86,7129.99
3312,3.648274e-03,3.334121e+01,1.682869e-05,2.917321e-05,2997841.746,3.602403e-03,3.360595e+01,1.469759e-05,1.896660e-05,3010487.227,1.250000e-04,5.76,7135.75
3313,3.690425e-03,3.333544e+01,1.831490e-05,3.474631e-05,2997913.998,3.623394e-03,3.338650e+01,2.054150e-05,1.586582e-05,2999463.719,1.250000e-04,4.84,7140.60
3314,3.642824e-03,3.334980e+01,1.877768e-05,2.401341e-05,2997684.361,3.587060e-03,3.363496e+01,1.469395e-05,1.532488e-05,3008618.117,1.250000e-04,5.01,7145.60
3315,3.613711e-03,3.332310e+01,1.696801e-05,2.234421e-05,2997734.363,3.584807e-03,3.363076e+01,1.454597e-05,1.525422e-05,3001177.172,1.250000e-04,6.04,7151.64
3316,3.599014e-03,3.336582e+01,1.528076e-05,2.192491e-05,2998173.920,3.603636e-03,3.333037e+01,1.708474e-05,1.995029e-05,2998559.820,1.250000e-04,5.38,7157.02
3317,3.606906e-03,3.333558e+01,1.645989e-05,2.174970e-05,2997547.002,3.566000e-03,3.334491e+01,1.443200e-05,1.743770e-05,3001873.328,1.250000e-04,6.04,7163.06
3318,3.587819e-03,3.334265e+01,1.528983e-05,2.013127e-05,2998094.160,4.227034e-03,3.275821e+01,3.030792e-05,1.296269e-04,2967503.945,1.250000e-04,5.46,7168.52
3319,3.639789e-03,3.335643e+01,1.745001e-05,2.592912e-05,2997766.656,3.617764e-03,3.310425e+01,2.015838e-05,2.115100e-05,2990359.203,1.250000e-04,4.94,7173.46
3320,3.595999e-03,3.333178e+01,1.544577e-05,2.167258e-05,2997778.416,3.574964e-03,3.355228e+01,1.332555e-05,1.729604e-05,3007976.812,1.250000e-04,5.28,7178.74
3321,3.629468e-03,3.335818e+01,1.597399e-05,2.678214e-05,2997780.309,3.547850e-03,3.314972e+01,1.352374e-05,1.952805e-05,2996235.680,1.250000e-04,5.09,7183.83
3322,3.621019e-03,3.331558e+01,1.768921e-05,2.251386e-05,2997746.045,3.632925e-03,3.338116e+01,2.262889e-05,1.370408e-05,2998122.320,1.250000e-04,5.01,7188.84
3323,3.598340e-03,3.334386e+01,1.459387e-05,2.360316e-05,2997906.908,3.595380e-03,3.342541e+01,1.642714e-05,1.771351e-05,3000342.406,1.250000e-04,5.10,7193.94
3324,3.619596e-03,3.336129e+01,1.671437e-05,2.326461e-05,2997891.186,3.661751e-03,3.353527e+01,1.800162e-05,2.564151e-05,3010109.727,1.250000e-04,5.31,7199.25
3325,3.619547e-03,3.334096e+01,1.497169e-05,2.714684e-05,2997771.648,3.506711e-03,3.345404e+01,1.254285e-05,7.175633e-06,2998732.445,1.250000e-04,5.65,7204.90
3326,3.581777e-03,3.334670e+01,1.558977e-05,1.824171e-05,2997809.801,3.638237e-03,3.370485e+01,1.556573e-05,2.241882e-05,3010462.867,1.250000e-04,5.25,7210.15
3327,3.634324e-03,3.332738e+01,1.654576e-05,2.722578e-05,2997814.348,3.630363e-03,3.320817e+01,1.598177e-05,2.994585e-05,2988487.930,1.250000e-04,5.65,7215.79
3328,3.631322e-03,3.334931e+01,1.677099e-05,2.573624e-05,2997879.709,3.578098e-03,3.335204e+01,1.455326e-05,1.947242e-05,2997596.422,1.250000e-04,5.61,7221.40
3329,3.618605e-03,3.335131e+01,1.441997e-05,2.785488e-05,2997920.023,3.562472e-03,3.325536e+01,1.486826e-05,1.765067e-05,2989200.305,1.250000e-04,5.59,7226.99
3330,3.589103e-03,3.333193e+01,1.418513e-05,2.281174e-05,2997839.725,3.537235e-03,3.353246e+01,1.350763e-05,9.782502e-06,3002537.297,1.250000e-04,5.25,7232.24
3331,3.637187e-03,3.334134e+01,1.603481e-05,2.854097e-05,2997851.141,3.571709e-03,3.353755e+01,1.674967e-05,1.009154e-05,3005894.266,1.250000e-04,5.05,7237.30
3332,3.604744e-03,3.334143e+01,1.734383e-05,1.943259e-05,2997957.674,3.553756e-03,3.318118e+01,1.223327e-05,2.266103e-05,2987152.977,1.250000e-04,5.31,7242.60
3333,3.658895e-03,3.332831e+01,1.847512e-05,2.826264e-05,2997793.242,3.566856e-03,3.316591e+01,1.100537e-05,2.804226e-05,2985363.492,1.250000e-04,5.34,7247.94
3334,3.606607e-03,3.333660e+01,1.432157e-05,2.594625e-05,2997877.971,3.629318e-03,3.318118e+01,1.184714e-05,3.854581e-05,2985765.539,1.250000e-04,5.22,7253.17
3335,3.671863e-03,3.334037e+01,2.024344e-05,2.707848e-05,2997693.031,3.856250e-03,3.322006e+01,2.306024e-05,6.072844e-05,2981260.672,1.250000e-04,4.71,7257.88
3336,3.578799e-03,3.335268e+01,1.398042e-05,2.074532e-05,2998028.162,3.559925e-03,3.330568e+01,1.556279e-05,1.474580e-05,3000921.352,1.250000e-04,5.28,7263.16
3337,3.614306e-03,3.333541e+01,1.764559e-05,2.086168e-05,2997638.730,3.545584e-03,3.335559e+01,1.085584e-05,2.029334e-05,3003320.750,1.250000e-04,5.07,7268.23
3338,3.596050e-03,3.334899e+01,1.644366e-05,1.934294e-05,2997790.154,3.616454e-03,3.332737e+01,2.354533e-05,9.652660e-06,2998016.281,1.250000e-04,5.78,7274.01
3339,3.651682e-03,3.334894e+01,1.511397e-05,3.312973e-05,2997857.732,3.651291e-03,3.351344e+01,1.853925e-05,2.291077e-05,3001909.531,1.250000e-04,6.00,7280.01
3340,3.627449e-03,3.332962e+01,1.773571e-05,2.342599e-05,2997660.053,3.578855e-03,3.363056e+01,1.728019e-05,8.599410e-06,3006317.516,1.250000e-04,5.67,7285.68
3341,3.606127e-03,3.335131e+01,1.673635e-05,2.072663e-05,2998055.012,3.589225e-03,3.329610e+01,1.845419e-05,1.501459e-05,2997399.977,1.250000e-04,5.15,7290.83
3342,3.613038e-03,3.334042e+01,1.742835e-05,2.094252e-05,2997804.934,3.635283e-03,3.341927e+01,2.538912e-05,7.893037e-06,2999560.008,1.250000e-04,5.54,7296.37
3343,3.626220e-03,3.334782e+01,1.830558e-05,2.167639e-05,2997848.500,3.671939e-03,3.309086e+01,2.103479e-05,3.050093e-05,2985459.445,1.250000e-04,5.03,7301.40
3344,3.578494e-03,3.332808e+01,1.516072e-05,1.881572e-05,2997797.131,3.891304e-03,3.289905e+01,1.871428e-05,8.285128e-05,2975812.914,1.250000e-04,5.52,7306.92
3345,3.619870e-03,3.334958e+01,1.750222e-05,2.197804e-05,2997891.406,3.660563e-03,3.311814e+01,1.864600e-05,3.245771e-05,2991939.891,1.250000e-04,5.90,7312.81
3346,3.626077e-03,3.333224e+01,2.040595e-05,1.775879e-05,2997741.572,3.579633e-03,3.329084e+01,2.077739e-05,8.555166e-06,2998068.625,1.250000e-04,5.19,7318.00
3347,3.627603e-03,3.335211e+01,1.609353e-05,2.629129e-05,2997807.283,3.610527e-03,3.358079e+01,1.076901e-05,2.895151e-05,3011158.133,1.250000e-04,5.18,7323.19
3348,3.627419e-03,3.331912e+01,1.698591e-05,2.512943e-05,2997675.127,3.490804e-03,3.337676e+01,1.120705e-05,8.211434e-06,2998130.484,1.250000e-04,5.13,7328.32
3349,3.611308e-03,3.335674e+01,1.557625e-05,2.397437e-05,2998078.777,3.693607e-03,3.356887e+01,1.117154e-05,4.500101e-05,3012025.789,1.250000e-04,5.19,7333.51
3350,3.626995e-03,3.333634e+01,1.693244e-05,2.480729e-05,2998023.797,4.046164e-03,3.273110e+01,2.194780e-05,1.107151e-04,2970829.375,1.250000e-04,5.36,7338.88
3351,3.581199e-03,3.333428e+01,1.510822e-05,1.933763e-05,2997501.184,3.771087e-03,3.366708e+01,1.500723e-05,5.086136e-05,3015981.719,1.250000e-04,5.52,7344.40
3352,3.643504e-03,3.333334e+01,1.704545e-05,2.794300e-05,2997872.926,3.644629e-03,3.368409e+01,1.665841e-05,2.192715e-05,3008133.859,1.250000e-04,5.48,7349.88
3353,3.645024e-03,3.333337e+01,1.664962e-05,2.903820e-05,2998000.924,3.771883e-03,3.328664e+01,2.242666e-05,4.379045e-05,2988423.914,1.250000e-04,4.90,7354.78
3354,3.618172e-03,3.332618e+01,1.687856e-05,2.335371e-05,2997315.879,3.814826e-03,3.361286e+01,1.729374e-05,5.612052e-05,3015317.781,1.250000e-04,5.18,7359.96
3355,3.611773e-03,3.336031e+01,1.468246e-05,2.578349e-05,2998124.879,3.537609e-03,3.346781e+01,1.388884e-05,1.038801e-05,3002280.305,1.250000e-04,5.50,7365.45
3356,3.592641e-03,3.333524e+01,1.667023e-05,1.848294e-05,2997971.418,3.719463e-03,3.323630e+01,1.555039e-05,4.806572e-05,2983551.422,1.250000e-04,5.89,7371.34
3357,3.587205e-03,3.335588e+01,1.469830e-05,2.092683e-05,2998068.988,3.654950e-03,3.301812e+01,1.725620e-05,3.611523e-05,2984485.008,1.250000e-04,5.29,7376.63
3358,3.600995e-03,3.332017e+01,1.515124e-05,2.349333e-05,2997728.166,3.616619e-03,3.313675e+01,1.145662e-05,3.767549e-05,2984388.859,1.250000e-04,5.96,7382.59
3359,3.653276e-03,3.333949e+01,1.628757e-05,3.129032e-05,2997755.344,3.622995e-03,3.308412e+01,1.487171e-05,3.317305e-05,2984771.430,1.250000e-04,5.22,7387.81
3360,3.606752e-03,3.334960e+01,1.623958e-05,2.187914e-05,2997843.762,3.660245e-03,3.312574e+01,1.841595e-05,3.270241e-05,2983916.336,1.250000e-04,5.55,7393.35
3361,3.586656e-03,3.333472e+01,1.623526e-05,1.816642e-05,2997798.951,3.628229e-03,3.317295e+01,2.059460e-05,2.099768e-05,2992457.438,1.250000e-04,5.43,7398.78
3362,3.664719e-03,3.332975e+01,1.820762e-05,2.993373e-05,2997686.701,3.513134e-03,3.339868e+01,1.545318e-05,3.746905e-06,2998524.461,1.250000e-04,5.73,7404.51
3363,3.569498e-03,3.332824e+01,1.528082e-05,1.677319e-05,2998039.334,3.533328e-03,3.333713e+01,1.510537e-05,9.712286e-06,2994884.641,1.250000e-04,5.71,7410.21
3364,3.571684e-03,3.333916e+01,1.515640e-05,1.724078e-05,2997898.441,3.508302e-03,3.322230e+01,1.351350e-05,1.018742e-05,2994084.781,1.250000e-04,5.50,7415.71
3365,3.592471e-03,3.333185e+01,1.597724e-05,1.990267e-05,2997601.074,3.544872e-03,3.344043e+01,1.180885e-05,1.654825e-05,3002221.352,1.250000e-04,5.20,7420.91
3366,3.576353e-03,3.333378e+01,1.628689e-05,1.602133e-05,2997991.238,3.562958e-03,3.336200e+01,1.950804e-05,6.335450e-06,2999848.539,1.250000e-04,5.85,7426.76
3367,3.618985e-03,3.333182e+01,1.609995e-05,2.496073e-05,2997800.807,3.496917e-03,3.331548e+01,1.333505e-05,6.403700e-06,2995533.164,1.250000e-04,5.00,7431.76
3368,3.558759e-03,3.333482e+01,1.482764e-05,1.540004e-05,2997765.463,3.775362e-03,3.328352e+01,1.797982e-05,5.344238e-05,3007975.961,1.250000e-04,5.21,7436.98
3369,3.608938e-03,3.333822e+01,1.538827e-05,2.424679e-05,2997991.115,3.561743e-03,3.324047e+01,1.225144e-05,2.303624e-05,2994667.289,1.250000e-04,5.48,7442.46
3370,3.656102e-03,3.332574e+01,1.796976e-05,2.876613e-05,2997598.707,3.561792e-03,3.337508e+01,1.710260e-05,1.065154e-05,3001298.828,1.250000e-04,5.48,7447.95
3371,3.584731e-03,3.332538e+01,1.684319e-05,1.675234e-05,2997911.270,3.713465e-03,3.353562e+01,1.270576e-05,4.656904e-05,3013840.031,1.250000e-04,5.18,7453.12
3372,3.638248e-03,3.331990e+01,1.882702e-05,2.359773e-05,2997850.531,3.545905e-03,3.360414e+01,1.118433e-05,1.472952e-05,3008646.297,1.250000e-04,5.39,7458.51
3373,3.597356e-03,3.334614e+01,1.686662e-05,1.881518e-05,2997912.549,3.598310e-03,3.339060e+01,1.503600e-05,2.177797e-05,3005580.648,1.250000e-04,4.69,7463.20
3374,3.642211e-03,3.331877e+01,1.762275e-05,2.682130e-05,2997717.201,3.647071e-03,3.345970e+01,2.529728e-05,9.625751e-06,3002865.188,1.250000e-04,5.65,7468.86
3375,3.572999e-03,3.332508e+01,1.517760e-05,1.774316e-05,2997942.832,3.568931e-03,3.310855e+01,1.552305e-05,2.056927e-05,2988952.781,1.250000e-04,5.68,7474.54
3376,3.594822e-03,3.333441e+01,1.581750e-05,2.064118e-05,2997789.340,3.534419e-03,3.353083e+01,1.323125e-05,9.804803e-06,3004511.797,1.250000e-04,5.32,7479.86
3377,3.632317e-03,3.332674e+01,1.585606e-05,2.821636e-05,2997815.137,3.526867e-03,3.347980e+01,1.176504e-05,1.224727e-05,3000645.703,1.250000e-04,5.37,7485.23
3378,3.568018e-03,3.332681e+01,1.383780e-05,1.939180e-05,2997802.418,3.610463e-03,3.365036e+01,1.523176e-05,1.862177e-05,3008932.789,1.250000e-04,4.96,7490.19
3379,3.609981e-03,3.334639e+01,1.767937e-05,1.970954e-05,2997978.467,3.609990e-03,3.314393e+01,1.619707e-05,2.672538e-05,2985747.805,1.250000e-04,5.24,7495.43
3380,3.588635e-03,3.332201e+01,1.568577e-05,1.991538e-05,2997675.979,3.700920e-03,3.338935e+01,2.794577e-05,1.650558e-05,3004453.422,1.250000e-04,5.45,7500.89
3381,3.615313e-03,3.333177e+01,1.613067e-05,2.416600e-05,2998065.752,3.703501e-03,3.315973e+01,1.767950e-05,4.214673e-05,2983907.438,1.250000e-04,5.65,7506.53
3382,3.622815e-03,3.333669e+01,1.695600e-05,2.391713e-05,2997865.906,3.508192e-03,3.324452e+01,1.142642e-05,1.389511e-05,2992653.750,1.250000e-04,5.78,7512.31
3383,3.598893e-03,3.331985e+01,1.477462e-05,2.383241e-05,2997713.266,3.602234e-03,3.368688e+01,1.571574e-05,1.527776e-05,3008640.289,1.250000e-04,5.57,7517.88
3384,3.578051e-03,3.333580e+01,1.589717e-05,1.709982e-05,2997815.924,3.526205e-03,3.327595e+01,1.370122e-05,1.231953e-05,2995682.484,1.250000e-04,5.00,7522.88
3385,3.587446e-03,3.332740e+01,1.675253e-05,1.743612e-05,2997843.105,3.472533e-03,3.338501e+01,1.106707e-05,4.672377e-06,2997326.711,1.250000e-04,5.08,7527.96
3386,3.600147e-03,3.332198e+01,1.612068e-05,2.134847e-05,2997708.598,3.624386e-03,3.360484e+01,1.446842e-05,2.384367e-05,3011499.969,1.250000e-04,5.56,7533.51
3387,3.655365e-03,3.334451e+01,1.771463e-05,2.875366e-05,2998130.639,3.769389e-03,3.310884e+01,1.787645e-05,5.594805e-05,2983322.445,1.250000e-04,5.38,7538.89
3388,3.616385e-03,3.331684e+01,1.682900e-05,2.328228e-05,2997678.617,3.582400e-03,3.331990e+01,1.700483e-05,1.607235e-05,2994001.914,1.250000e-04,5.28,7544.17
3389,3.607889e-03,3.332292e+01,1.642886e-05,2.226179e-05,2997656.936,3.572261e-03,3.351486e+01,1.632204e-05,1.151097e-05,3004690.719,1.250000e-04,5.63,7549.80
3390,3.585994e-03,3.332970e+01,1.443496e-05,2.173486e-05,2997913.062,3.627343e-03,3.312178e+01,1.853721e-05,2.595855e-05,2986517.133,1.250000e-04,5.33,7555.13
3391,3.595707e-03,3.333034e+01,1.548776e-05,2.155920e-05,2997833.949,3.493575e-03,3.333400e+01,1.245793e-05,7.119146e-06,2994962.945,1.250000e-04,5.56,7560.69
3392,3.584436e-03,3.331283e+01,1.606327e-05,1.850404e-05,2997913.695,3.507008e-03,3.345575e+01,1.184336e-05,8.599832e-06,2999570.234,1.250000e-04,5.17,7565.85
3393,3.607636e-03,3.332952e+01,1.587088e-05,2.319506e-05,2997570.336,3.573658e-03,3.313690e+01,1.390116e-05,2.419128e-05,2988074.477,1.250000e-04,5.47,7571.33
3394,3.657001e-03,3.332412e+01,1.873640e-05,2.744486e-05,2997945.109,3.614844e-03,3.317389e+01,1.964814e-05,2.019485e-05,2988651.133,1.250000e-04,5.83,7577.16
3395,3.597998e-03,3.331218e+01,1.662166e-05,2.011272e-05,2997847.510,3.546668e-03,3.319062e+01,1.513746e-05,1.524639e-05,2992544.195,1.250000e-04,5.43,7582.59
3396,3.612022e-03,3.331677e+01,1.638345e-05,2.330213e-05,2997792.242,3.627931e-03,3.361427e+01,1.251669e-05,2.826741e-05,3012683.359,1.250000e-04,5.99,7588.58
3397,3.582812e-03,3.332384e+01,1.655456e-05,1.697657e-05,2997981.260,3.641991e-03,3.320203e+01,1.370289e-05,3.695170e-05,2988066.367,1.250000e-04,5.01,7593.60
3398,3.623009e-03,3.333703e+01,1.508358e-05,2.769404e-05,2997841.535,3.584865e-03,3.331701e+01,1.843405e-05,1.376459e-05,2993677.852,1.250000e-04,4.99,7598.59
3399,3.603671e-03,3.332783e+01,1.561113e-05,2.295537e-05,2997671.338,4.242691e-03,3.388512e+01,2.907436e-05,1.126870e-04,3027625.523,1.250000e-04,5.29,7603.89
3400,3.646847e-03,3.333027e+01,1.732528e-05,2.811335e-05,2997842.373,3.560583e-03,3.334218e+01,1.532494e-05,1.462312e-05,2993702.484,1.250000e-04,4.97,7608.85
3401,3.607118e-03,3.332851e+01,1.687013e-05,2.111307e-05,2997830.785,3.562916e-03,3.344114e+01,1.878840e-05,6.183719e-06,2998019.328,1.250000e-04,5.49,7614.35
3402,3.586788e-03,3.332112e+01,1.493078e-05,2.107364e-05,2997790.506,3.594818e-03,3.363240e+01,1.341440e-05,1.948681e-05,3006546.562,1.250000e-04,4.96,7619.31
3403,3.547966e-03,3.333543e+01,1.320993e-05,1.646478e-05,2997928.182,3.537520e-03,3.354282e+01,1.012168e-05,1.640437e-05,3009924.367,1.250000e-04,5.50,7624.80
3404,3.591327e-03,3.331711e+01,1.612718e-05,1.966877e-05,2997936.230,3.529060e-03,3.353623e+01,9.957040e-06,1.517328e-05,3003020.453,1.250000e-04,5.27,7630.07
3405,3.655804e-03,3.333389e+01,1.777994e-05,2.892319e-05,2997846.832,3.550694e-03,3.347400e+01,1.534073e-05,9.977477e-06,3004894.750,1.250000e-04,5.48,7635.55
3406,3.647763e-03,3.331588e+01,1.623010e-05,3.077486e-05,2997578.586,3.893904e-03,3.371804e+01,1.986393e-05,6.469232e-05,3019451.797,1.250000e-04,5.41,7640.96
3407,3.597696e-03,3.332384e+01,1.569822e-05,2.166603e-05,2998139.748,3.545679e-03,3.322465e+01,1.124718e-05,2.214849e-05,2988401.992,1.250000e-04,5.20,7646.15
3408,3.600544e-03,3.331563e+01,1.502724e-05,2.374176e-05,2997588.016,3.792211e-03,3.369106e+01,1.677984e-05,5.106142e-05,3017702.781,1.250000e-04,5.14,7651.29
3409,3.617291e-03,3.333386e+01,1.761943e-05,2.154223e-05,2998093.318,3.742494e-03,3.381082e+01,2.065143e-05,3.097970e-05,3015873.914,1.250000e-04,5.46,7656.75
3410,3.618756e-03,3.331401e+01,1.537131e-05,2.672833e-05,2997772.004,3.574766e-03,3.344760e+01,1.671025e-05,1.258067e-05,3005221.992,1.250000e-04,5.17,7661.92
3411,3.651023e-03,3.331237e+01,1.647061e-05,3.101594e-05,2997848.885,3.781680e-03,3.360987e+01,1.147103e-05,6.119654e-05,3018809.961,1.250000e-04,5.79,7667.71
3412,3.631173e-03,3.332211e+01,1.844443e-05,2.290340e-05,2998072.352,3.634343e-03,3.300287e+01,1.417478e-05,3.846162e-05,2982578.219,1.250000e-04,5.55,7673.26
3413,3.611222e-03,3.330896e+01,1.585099e-05,2.436329e-05,2997742.840,3.582851e-03,3.316613e+01,1.251046e-05,2.822688e-05,2985756.375,1.250000e-04,5.62,7678.88
3414,3.597803e-03,3.330808e+01,1.495123e-05,2.349644e-05,2997629.547,3.573902e-03,3.333031e+01,1.732554e-05,1.352325e-05,3001161.031,1.250000e-04,5.08,7683.96
3415,3.648578e-03,3.331831e+01,1.680976e-05,2.973002e-05,2998034.908,3.621737e-03,3.335940e+01,2.128698e-05,1.458547e-05,2999187.328,1.250000e-04,5.08,7689.04
3416,3.584196e-03,3.332003e+01,1.571888e-05,1.900089e-05,2997808.918,3.543657e-03,3.336945e+01,1.666744e-05,8.007462e-06,2995670.492,1.250000e-04,5.56,7694.60
3417,3.611119e-03,3.332318e+01,1.647662e-05,2.280688e-05,2997798.266,3.562334e-03,3.351877e+01,1.452487e-05,1.304172e-05,3008248.211,1.250000e-04,5.68,7700.29
3418,3.623400e-03,3.330699e+01,1.616566e-05,2.620897e-05,2997856.713,3.571879e-03,3.326975e+01,2.110340e-05,6.773984e-06,2994522.031,1.250000e-04,5.21,7705.50
3419,3.555258e-03,3.331940e+01,1.388323e-05,1.689713e-05,2997860.906,3.545129e-03,3.320202e+01,1.277575e-05,1.943404e-05,2992794.766,1.250000e-04,5.31,7710.81
3420,3.566096e-03,3.330511e+01,1.454122e-05,1.803467e-05,2997692.203,3.590910e-03,3.356353e+01,1.285407e-05,2.120334e-05,3010494.000,1.250000e-04,5.22,7716.03
3421,3.638243e-03,3.330837e+01,1.778323e-05,2.591484e-05,2997770.738,3.597097e-03,3.363728e+01,1.375502e-05,1.916392e-05,3011255.891,1.250000e-04,5.17,7721.20
3422,3.623073e-03,3.332942e+01,1.702348e-05,2.397922e-05,2997920.625,3.499186e-03,3.339600e+01,1.252789e-05,6.861368e-06,3000230.492,1.250000e-04,5.66,7726.86
3423,3.629946e-03,3.330256e+01,1.529963e-05,2.933878e-05,2997875.133,3.619644e-03,3.303305e+01,1.486176e-05,3.354435e-05,2985398.664,1.250000e-04,5.33,7732.20
3424,3.606131e-03,3.331855e+01,1.594522e-05,2.296473e-05,2997970.711,3.604243e-03,3.314090e+01,1.617171e-05,2.568720e-05,2986888.641,1.250000e-04,5.66,7737.86
3425,3.634745e-03,3.330868e+01,1.585930e-05,2.905668e-05,2997601.551,3.549481e-03,3.332178e+01,1.151977e-05,2.042111e-05,2996035.008,1.250000e-04,5.33,7743.19
3426,3.589388e-03,3.333165e+01,1.758996e-05,1.606458e-05,2997961.488,3.646811e-03,3.357555e+01,1.410007e-05,2.965102e-05,3012734.500,1.250000e-04,5.40,7748.60
3427,3.621179e-03,3.331592e+01,1.573267e-05,2.645211e-05,2997939.135,3.583159e-03,3.299024e+01,1.312555e-05,3.057592e-05,2987083.523,1.250000e-04,5.43,7754.03
3428,3.597866e-03,3.331662e+01,1.572697e-05,2.178678e-05,2997896.297,3.581731e-03,3.311175e+01,1.581236e-05,2.248637e-05,2988862.438,1.250000e-04,5.52,7759.55
3429,3.635079e-03,3.330520e+01,1.729396e-05,2.632392e-05,2997694.674,3.503629e-03,3.346943e+01,1.177686e-05,7.783429e-06,3004038.352,1.250000e-04,5.24,7764.79
3430,3.635434e-03,3.332307e+01,1.575676e-05,2.911182e-05,2997844.299,3.769459e-03,3.291437e+01,1.445606e-05,6.669241e-05,2976953.016,1.250000e-04,5.37,7770.16
3431,3.566814e-03,3.331783e+01,1.531990e-05,1.636658e-05,2997840.729,3.487924e-03,3.326813e+01,1.274614e-05,6.729856e-06,2995252.852,1.250000e-04,5.44,7775.60
3432,3.597240e-03,3.332049e+01,1.419254e-05,2.465303e-05,2997751.971,3.507670e-03,3.323516e+01,1.318170e-05,1.046739e-05,2995595.516,1.250000e-04,5.47,7781.07
3433,3.578706e-03,3.330487e+01,1.382678e-05,2.199027e-05,2997827.256,3.515252e-03,3.356295e+01,1.047109e-05,1.084922e-05,3003688.062,1.250000e-04,4.86,7785.93
3434,3.612128e-03,3.332185e+01,1.662297e-05,2.274270e-05,2997925.809,3.558844e-03,3.321469e+01,1.416150e-05,1.915190e-05,2999948.477,1.250000e-04,5.58,7791.50
3435,3.581100e-03,3.330395e+01,1.513719e-05,1.986658e-05,2997827.473,3.729088e-03,3.295972e+01,1.569012e-05,5.524303e-05,2979183.781,1.250000e-04,5.44,7796.95
3436,3.587468e-03,3.330612e+01,1.419728e-05,2.297670e-05,2997744.861,3.575322e-03,3.363832e+01,1.345458e-05,1.538889e-05,3008180.578,1.250000e-04,5.43,7802.38
3437,3.613343e-03,3.330753e+01,1.773659e-05,2.104495e-05,2997736.570,3.572257e-03,3.343137e+01,1.565621e-05,1.451173e-05,3004854.383,1.250000e-04,5.25,7807.63
3438,3.602802e-03,3.331132e+01,1.602872e-05,2.227652e-05,2997910.605,3.600579e-03,3.330376e+01,1.793645e-05,1.816781e-05,2994219.867,1.250000e-04,5.29,7812.92
3439,3.604433e-03,3.332204e+01,1.707969e-05,2.028642e-05,2997929.922,3.776107e-03,3.285095e+01,1.417174e-05,6.985901e-05,2976285.594,1.250000e-04,5.13,7818.04
3440,3.591163e-03,3.330700e+01,1.506102e-05,2.197071e-05,2997651.572,3.600963e-03,3.332621e+01,2.323255e-05,7.203350e-06,2998626.641,1.250000e-04,5.28,7823.32
3441,3.638457e-03,3.330147e+01,1.799072e-05,2.568056e-05,2997864.018,3.605230e-03,3.307083e+01,1.851729e-05,2.259492e-05,2988397.891,1.250000e-04,5.09,7828.41
3442,3.603037e-03,3.330515e+01,1.640369e-05,2.169708e-05,2997723.105,3.564835e-03,3.351488e+01,1.615342e-05,1.036244e-05,3005088.812,1.250000e-04,5.68,7834.08
3443,3.625972e-03,3.332862e+01,1.724724e-05,2.412748e-05,2997920.713,3.671369e-03,3.311081e+01,1.486299e-05,4.233159e-05,2983803.953,1.250000e-04,5.48,7839.56
3444,3.616317e-03,3.331188e+01,1.540382e-05,2.621824e-05,2997998.875,3.565959e-03,3.341766e+01,1.892579e-05,6.987039e-06,2999117.430,1.250000e-04,5.39,7844.96
3445,3.598734e-03,3.332298e+01,1.667181e-05,1.994369e-05,2997676.639,3.479105e-03,3.337735e+01,1.117470e-05,5.924782e-06,2999070.289,1.250000e-04,5.32,7850.28
3446,3.593591e-03,3.331467e+01,1.561550e-05,2.119391e-05,2997885.764,3.640752e-03,3.361478e+01,2.088206e-05,1.409088e-05,3001836.531,1.250000e-04,5.39,7855.67
3447,3.618139e-03,3.331182e+01,1.667166e-05,2.404805e-05,2997811.250,3.478370e-03,3.329153e+01,1.219890e-05,5.445666e-06,2995804.102,1.250000e-04,5.53,7861.21
3448,3.659818e-03,3.330853e+01,1.658994e-05,3.261316e-05,2997983.107,3.729256e-03,3.305826e+01,1.638068e-05,5.192470e-05,2980268.875,1.250000e-04,5.70,7866.91
3449,3.644075e-03,3.329806e+01,1.766049e-05,2.753295e-05,2997620.770,3.619024e-03,3.357833e+01,1.526865e-05,2.170095e-05,3011902.008,1.250000e-04,5.41,7872.32
3450,3.594516e-03,3.332266e+01,1.605810e-05,2.033394e-05,2997971.033,3.542127e-03,3.338031e+01,1.520331e-05,1.041256e-05,3001224.172,1.250000e-04,4.89,7877.21
3451,3.585769e-03,3.330231e+01,1.377859e-05,2.355050e-05,2997482.287,3.852874e-03,3.388495e+01,1.776231e-05,5.735108e-05,3021730.609,1.250000e-04,5.28,7882.50
3452,3.687106e-03,3.331336e+01,1.841051e-05,3.433292e-05,2998000.523,3.516064e-03,3.327702e+01,1.268775e-05,1.229680e-05,2993663.250,1.250000e-04,5.42,7887.91
3453,3.714899e-03,3.330875e+01,1.885254e-05,3.909991e-05,2997712.395,3.611789e-03,3.329296e+01,1.672768e-05,2.304325e-05,2989912.344,1.250000e-04,5.36,7893.27
3454,3.585331e-03,3.331253e+01,1.536219e-05,2.009128e-05,2997793.383,3.685295e-03,3.351210e+01,2.012675e-05,2.656346e-05,3009001.562,1.250000e-04,5.48,7898.75
3455,3.594354e-03,3.332655e+01,1.631938e-05,1.970093e-05,2997792.119,3.643820e-03,3.320670e+01,1.791032e-05,2.880950e-05,3000704.023,1.250000e-04,6.04,7904.79
3456,3.608684e-03,3.329985e+01,1.623167e-05,2.327629e-05,2997751.846,3.817326e-03,3.377040e+01,2.072811e-05,4.660112e-05,3019232.914,1.250000e-04,5.14,7909.93
3457,3.611035e-03,3.332067e+01,1.612989e-05,2.353392e-05,2997772.725,3.765991e-03,3.369601e+01,1.442068e-05,5.043658e-05,3018975.977,1.250000e-04,5.39,7915.31
3458,3.629680e-03,3.329826e+01,1.621032e-05,2.755015e-05,2997943.428,3.525252e-03,3.334819e+01,1.078358e-05,1.651944e-05,2995335.070,1.250000e-04,5.71,7921.02
3459,3.625100e-03,3.331224e+01,1.677450e-05,2.522618e-05,2997818.852,3.576942e-03,3.366485e+01,1.413005e-05,1.383138e-05,3008632.727,1.250000e-04,5.50,7926.52
3460,3.660424e-03,3.332324e+01,1.927277e-05,2.707455e-05,2997810.281,3.588000e-03,3.363755e+01,1.374518e-05,1.735862e-05,3009878.633,1.250000e-04,6.02,7932.54
3461,3.606211e-03,3.331496e+01,1.603409e-05,2.287488e-05,2997918.037,3.494357e-03,3.341074e+01,1.287268e-05,4.911308e-06,2998229.445,1.250000e-04,5.57,7938.11
3462,3.591250e-03,3.331246e+01,1.515547e-05,2.168970e-05,2997984.604,3.501943e-03,3.337306e+01,1.415870e-05,4.609839e-06,2999810.078,1.250000e-04,5.65,7943.76
3463,3.599659e-03,3.331191e+01,1.737555e-05,1.894251e-05,2997701.078,3.586596e-03,3.361536e+01,1.111410e-05,2.278378e-05,3011910.617,1.250000e-04,5.40,7949.16
3464,3.583889e-03,3.330013e+01,1.607992e-05,1.861554e-05,2997868.117,3.657607e-03,3.318955e+01,2.119728e-05,2.533579e-05,2992230.812,1.250000e-04,5.63,7954.80
3465,3.568598e-03,3.329923e+01,1.515717e-05,1.742061e-05,2997815.141,3.668307e-03,3.329485e+01,1.942857e-05,2.890734e-05,2988727.969,1.250000e-04,5.40,7960.19
3466,3.602736e-03,3.331103e+01,1.517502e-05,2.397657e-05,2997719.996,3.748717e-03,3.364306e+01,2.866086e-05,1.956033e-05,3011720.516,1.250000e-04,5.40,7965.59
3467,3.633093e-03,3.331287e+01,1.631088e-05,2.773946e-05,2998035.484,3.625779e-03,3.326749e+01,1.587248e-05,2.806124e-05,2996459.328,1.250000e-04,5.65,7971.24
3468,3.650191e-03,3.328092e+01,1.678157e-05,3.085665e-05,2997570.416,3.529032e-03,3.338110e+01,1.442570e-05,9.333001e-06,2997310.500,1.250000e-04,5.37,7976.61
3469,3.611089e-03,3.331367e+01,1.533343e-05,2.527755e-05,2998086.598,3.532740e-03,3.331875e+01,1.107762e-05,1.801766e-05,2998614.695,1.250000e-04,5.31,7981.92
3470,3.606334e-03,3.330181e+01,1.628370e-05,2.266319e-05,2997700.506,3.496672e-03,3.324091e+01,1.240749e-05,9.701076e-06,2993591.359,1.250000e-04,5.26,7987.18
3471,3.613047e-03,3.331038e+01,1.847761e-05,1.944655e-05,2997842.178,3.610680e-03,3.320200e+01,2.429622e-05,9.503560e-06,2995778.398,1.250000e-04,5.66,7992.83
3472,3.599695e-03,3.330427e+01,1.583093e-05,2.219177e-05,2997703.986,3.522825e-03,3.351912e+01,1.186341e-05,1.045585e-05,3006453.453,1.250000e-04,5.04,7997.87
3473,3.605517e-03,3.331789e+01,1.721258e-05,2.032051e-05,2997968.752,3.505895e-03,3.333966e+01,1.376716e-05,6.851503e-06,2998993.867,1.250000e-04,5.34,8003.22
3474,3.664557e-03,3.331514e+01,2.055920e-05,2.549032e-05,2997851.092,3.556041e-03,3.335138e+01,1.360726e-05,1.696597e-05,3002622.062,1.250000e-04,5.57,8008.78
3475,3.603328e-03,3.329728e+01,1.554212e-05,2.363565e-05,2997714.758,3.549653e-03,3.343580e+01,1.861541e-05,3.983804e-06,2999570.422,1.250000e-04,5.12,8013.91
3476,3.597054e-03,3.331006e+01,1.561070e-05,2.198828e-05,2997952.789,3.532145e-03,3.350588e+01,1.588301e-05,4.545252e-06,3001800.320,1.250000e-04,6.03,8019.94
3477,3.586721e-03,3.329533e+01,1.487700e-05,2.168356e-05,2997828.143,3.508388e-03,3.326611e+01,1.230934e-05,1.173673e-05,2991998.188,1.250000e-04,5.38,8025.32
3478,3.597542e-03,3.330330e+01,1.612032e-05,2.120181e-05,2997798.273,3.535679e-03,3.343202e+01,1.489671e-05,8.701918e-06,3004137.805,1.250000e-04,5.45,8030.77
3479,3.613666e-03,3.331346e+01,1.662912e-05,2.320596e-05,2997797.918,3.723096e-03,3.295111e+01,1.821677e-05,4.916356e-05,2980861.547,1.250000e-04,4.88,8035.65
3480,3.670648e-03,3.329389e+01,1.914182e-05,2.996817e-05,2997771.297,3.524832e-03,3.346200e+01,1.439813e-05,6.930182e-06,2998202.359,1.250000e-04,5.85,8041.50
3481,3.566229e-03,3.331692e+01,1.486874e-05,1.716985e-05,2997724.891,3.797187e-03,3.360368e+01,3.135653e-05,2.465078e-05,3012956.641,1.250000e-04,5.42,8046.92
3482,3.636567e-03,3.330003e+01,1.825815e-05,2.479659e-05,2997937.012,3.529528e-03,3.346699e+01,1.471415e-05,7.137586e-06,3000533.094,1.250000e-04,5.93,8052.85
3483,3.583613e-03,3.330901e+01,1.439325e-05,2.175582e-05,2997813.330,3.723185e-03,3.344648e+01,2.792757e-05,1.985217e-05,3008090.023,1.250000e-04,5.19,8058.04
3484,3.599673e-03,3.330715e+01,1.758659e-05,1.861849e-05,2997908.271,3.512494e-03,3.334618e+01,1.209883e-05,1.137769e-05,2997804.398,1.250000e-04,5.45,8063.50
3485,3.634008e-03,3.330730e+01,1.826341e-05,2.412876e-05,2997828.084,3.660635e-03,3.308356e+01,1.296871e-05,4.451837e-05,2983802.102,1.250000e-04,5.18,8068.68
3486,3.639634e-03,3.330816e+01,1.714539e-05,2.747274e-05,2997781.926,3.630628e-03,3.366237e+01,1.591668e-05,2.104503e-05,3010120.156,1.250000e-04,5.41,8074.09
3487,3.589555e-03,3.332566e+01,1.546194e-05,2.047389e-05,2997878.715,3.482589e-03,3.318690e+01,1.164589e-05,9.488206e-06,2994346.438,1.250000e-04,5.54,8079.62
3488,3.596483e-03,3.329677e+01,1.593098e-05,2.149925e-05,2997800.846,3.497548e-03,3.337748e+01,1.308915e-05,5.781805e-06,2998716.773,1.250000e-04,5.86,8085.49
3489,3.646986e-03,3.332537e+01,1.592137e-05,3.104702e-05,2997922.492,3.522763e-03,3.348901e+01,1.182396e-05,1.112464e-05,3000711.992,1.250000e-04,5.67,8091.16
3490,3.575604e-03,3.330682e+01,1.459641e-05,1.979158e-05,2997987.086,3.902620e-03,3.288260e+01,1.982464e-05,8.322267e-05,2973514.875,1.250000e-04,5.55,8096.70
3491,3.598871e-03,3.331271e+01,1.706572e-05,1.938862e-05,2997572.639,3.505387e-03,3.335660e+01,1.202353e-05,9.898431e-06,2997232.891,1.250000e-04,5.92,8102.63
3492,3.624888e-03,3.334212e+01,1.533226e-05,2.747080e-05,2998008.750,3.738984e-03,3.326584e+01,1.843547e-05,4.560918e-05,3008424.961,1.250000e-04,5.43,8108.06
3493,3.601461e-03,3.329254e+01,1.637665e-05,2.168803e-05,2997895.711,3.606371e-03,3.327898e+01,2.030328e-05,1.508801e-05,3000511.961,1.250000e-04,5.27,8113.33
3494,3.600295e-03,3.329486e+01,1.702536e-05,2.011116e-05,2997693.842,3.544954e-03,3.325914e+01,1.441125e-05,1.498550e-05,2990906.922,1.250000e-04,5.67,8118.99
3495,3.607142e-03,3.329500e+01,1.782738e-05,1.987370e-05,2997689.666,3.700759e-03,3.375417e+01,1.467064e-05,3.572702e-05,3015570.812,1.250000e-04,5.42,8124.42
3496,3.561231e-03,3.330817e+01,1.426378e-05,1.755516e-05,2997894.373,3.612631e-03,3.358648e+01,1.212286e-05,2.655089e-05,3009679.156,1.250000e-04,5.16,8129.58
3497,3.594225e-03,3.330842e+01,1.552986e-05,2.161681e-05,2997903.789,3.522293e-03,3.322341e+01,1.226621e-05,1.545795e-05,2997006.867,1.250000e-04,5.43,8135.01
3498,3.619890e-03,3.332050e+01,1.644547e-05,2.467698e-05,2997849.367,3.554925e-03,3.324547e+01,1.324558e-05,1.958458e-05,2993599.391,1.250000e-04,5.26,8140.28
3499,3.611225e-03,3.331517e+01,1.588296e-05,2.417573e-05,2997769.227,3.643986e-03,3.358909e+01,1.976046e-05,1.749449e-05,3009884.117,1.250000e-04,5.60,8145.88
3500,3.597416e-03,3.331818e+01,1.593651e-05,2.124674e-05,2997956.016,3.488748e-03,3.324510e+01,1.119545e-05,1.045679e-05,2997084.602,1.250000e-04,5.84,8151.72
3501,3.577472e-03,3.329471e+01,1.609232e-05,1.741572e-05,2997742.938,3.819549e-03,3.362599e+01,2.903364e-05,3.332271e-05,3012701.680,1.250000e-04,5.30,8157.01
3502,3.604509e-03,3.329686e+01,1.520197e-05,2.456075e-05,2997736.830,3.606883e-03,3.351786e+01,1.907532e-05,1.286884e-05,3006648.391,1.250000e-04,5.49,8162.50
3503,3.598095e-03,3.330457e+01,1.646227e-05,2.060309e-05,2997889.996,3.610897e-03,3.308362e+01,1.318911e-05,3.412886e-05,2983894.750,1.250000e-04,5.49,8167.99
3504,3.623336e-03,3.330838e+01,1.561138e-05,2.727678e-05,2997848.502,3.626610e-03,3.351360e+01,1.250341e-05,3.004334e-05,3009985.906,1.250000e-04,5.81,8173.79
3505,3.594247e-03,3.329644e+01,1.606870e-05,2.078316e-05,2997665.703,3.749501e-03,3.370649e+01,2.306146e-05,2.964743e-05,3014370.805,1.250000e-04,5.68,8179.47
3506,3.621989e-03,3.332949e+01,1.604735e-05,2.571324e-05,2998119.695,3.576148e-03,3.296668e+01,1.337601e-05,2.914407e-05,2986957.203,1.250000e-04,5.89,8185.36
3507,3.646048e-03,3.328545e+01,1.573253e-05,3.203558e-05,2997727.145,3.698075e-03,3.375970e+01,1.576492e-05,3.289108e-05,3013582.695,1.250000e-04,6.12,8191.48
3508,3.621390e-03,3.331966e+01,1.698448e-05,2.391584e-05,2997959.016,3.505097e-03,3.325878e+01,1.476306e-05,6.317693e-06,2997695.148,1.250000e-04,5.62,8197.11
3509,3.651384e-03,3.329508e+01,1.632832e-05,3.171854e-05,2997548.748,3.784315e-03,3.295739e+01,1.189576e-05,7.392369e-05,2977252.328,1.250000e-04,5.25,8202.36
3510,3.655548e-03,3.329347e+01,1.813275e-05,2.897469e-05,2997754.002,3.852176e-03,3.369361e+01,4.047254e-05,1.561803e-05,3007658.422,1.250000e-04,5.38,8207.74
3511,3.620343e-03,3.329407e+01,1.726969e-05,2.364781e-05,2997842.029,3.668863e-03,3.366499e+01,2.160373e-05,1.726539e-05,3008042.992,1.250000e-04,5.30,8213.04
3512,3.582321e-03,3.332306e+01,1.509937e-05,1.980431e-05,2997896.033,3.450319e-03,3.329652e+01,1.029777e-05,3.537799e-06,2997599.984,1.250000e-04,5.39,8218.43
3513,3.597247e-03,3.328839e+01,1.580239e-05,2.207700e-05,2997667.629,3.548008e-03,3.319097e+01,1.408993e-05,1.760231e-05,2990807.977,1.250000e-04,5.34,8223.78
3514,3.580388e-03,3.331719e+01,1.678027e-05,1.617345e-05,2998261.445,3.719189e-03,3.310651e+01,2.077435e-05,4.015887e-05,2983851.219,1.250000e-04,5.77,8229.55
3515,3.616449e-03,3.330194e+01,1.571566e-05,2.581970e-05,2997469.619,3.703990e-03,3.292528e+01,1.635116e-05,4.959027e-05,2983102.945,1.250000e-04,5.81,8235.37
3516,3.629503e-03,3.329569e+01,1.599744e-05,2.799203e-05,2997905.172,3.579316e-03,3.354128e+01,1.639893e-05,1.223979e-05,2999996.680,1.250000e-04,5.36,8240.73
3517,3.584321e-03,3.330676e+01,1.516796e-05,2.039307e-05,2997903.396,3.685405e-03,3.365085e+01,1.475897e-05,3.454595e-05,3015079.609,1.250000e-04,5.22,8245.95
3518,3.546081e-03,3.329618e+01,1.407843e-05,1.513577e-05,2997814.883,3.615197e-03,3.357615e+01,1.546425e-05,2.058792e-05,3010221.938,1.250000e-04,5.79,8251.74
3519,3.581430e-03,3.329157e+01,1.521898e-05,2.001670e-05,2997729.834,3.901267e-03,3.358333e+01,2.345293e-05,6.168109e-05,3014438.727,1.250000e-04,5.17,8256.91
3520,3.623622e-03,3.329759e+01,1.592585e-05,2.692087e-05,2997912.012,3.760281e-03,3.363372e+01,3.199403e-05,1.539363e-05,3004369.766,1.250000e-04,5.48,8262.40
3521,3.540672e-03,3.331569e+01,1.448470e-05,1.285118e-05,2998143.328,3.581032e-03,3.319333e+01,1.215233e-05,2.803533e-05,2987734.031,1.250000e-04,5.13,8267.53
3522,3.570620e-03,3.329801e+01,1.457927e-05,1.900533e-05,2997820.855,3.497216e-03,3.340770e+01,1.298577e-05,5.317571e-06,3000610.500,1.250000e-04,5.51,8273.05
3523,3.587431e-03,3.331193e+01,1.524403e-05,2.075957e-05,2997810.160,3.542769e-03,3.343271e+01,1.366469e-05,1.257015e-05,3006385.469,1.250000e-04,4.88,8277.93
3524,3.638718e-03,3.328691e+01,1.743588e-05,2.713379e-05,2997718.908,3.624854e-03,3.335257e+01,1.380721e-05,3.030492e-05,3002556.445,1.250000e-04,5.07,8283.00
3525,3.647823e-03,3.330267e+01,1.734480e-05,2.882165e-05,2998197.750,3.649833e-03,3.307898e+01,2.185852e-05,2.466984e-05,2987769.320,1.250000e-04,5.35,8288.35
3526,3.633510e-03,3.329869e+01,1.694388e-05,2.684038e-05,2997582.541,4.160563e-03,3.379107e+01,4.178890e-05,7.271350e-05,3020417.500,1.250000e-04,5.51,8293.85
3527,3.677973e-03,3.328846e+01,1.945686e-05,3.091171e-05,2997798.189,3.554971e-03,3.357505e+01,1.229190e-05,1.490940e-05,3005150.883,1.250000e-04,5.63,8299.49
3528,3.569611e-03,3.330039e+01,1.510119e-05,1.771201e-05,2997890.410,3.617021e-03,3.368440e+01,1.677449e-05,1.616711e-05,3010342.727,1.250000e-04,4.98,8304.47
3529,3.618349e-03,3.330982e+01,1.933890e-05,1.879578e-05,2997699.441,3.622201e-03,3.348877e+01,2.303744e-05,8.589946e-06,3004835.359,1.250000e-04,4.68,8309.15
3530,3.615607e-03,3.330076e+01,1.659872e-05,2.390877e-05,2997936.006,3.490872e-03,3.342103e+01,1.187887e-05,5.996202e-06,2998345.070,1.250000e-04,5.52,8314.67
3531,3.592109e-03,3.327552e+01,1.544806e-05,2.201529e-05,2997805.906,3.768411e-03,3.301537e+01,1.987301e-05,5.362876e-05,2979587.773,1.250000e-04,5.13,8319.80
3532,3.633516e-03,3.330991e+01,1.604233e-05,2.842023e-05,2997793.012,3.522319e-03,3.346413e+01,1.181674e-05,1.154773e-05,3006285.180,1.250000e-04,5.60,8325.41
3533,3.611402e-03,3.329849e+01,1.575253e-05,2.480560e-05,2998034.834,3.989728e-03,3.306857e+01,4.871561e-05,3.914300e-05,2984793.180,1.250000e-04,5.45,8330.86
3534,3.647666e-03,3.330294e+01,1.737148e-05,2.873149e-05,2997801.291,3.690232e-03,3.368286e+01,1.797401e-05,2.844112e-05,3013249.383,1.250000e-04,4.76,8335.61
3535,3.619447e-03,3.329861e+01,1.741266e-05,2.309206e-05,2997781.533,4.126087e-03,3.374733e+01,3.466331e-05,8.094428e-05,3022998.008,1.250000e-04,5.83,8341.44
3536,3.612485e-03,3.330054e+01,1.621725e-05,2.405169e-05,2997906.299,3.494968e-03,3.321851e+01,1.109083e-05,1.244178e-05,2991672.211,1.250000e-04,5.09,8346.53
3537,3.576674e-03,3.329186e+01,1.523684e-05,1.902391e-05,2997984.145,3.531827e-03,3.342454e+01,1.283372e-05,1.220719e-05,2998191.648,1.250000e-04,5.40,8351.93
3538,3.579226e-03,3.330660e+01,1.583708e-05,1.803909e-05,2997816.195,3.538525e-03,3.339481e+01,1.654533e-05,6.718156e-06,3000288.828,1.250000e-04,4.95,8356.88
3539,3.606455e-03,3.330128e+01,1.568853e-05,2.388822e-05,2997832.750,3.668687e-03,3.288904e+01,1.223327e-05,5.149006e-05,2980539.367,1.250000e-04,5.85,8362.73
3540,3.613596e-03,3.329904e+01,1.737939e-05,2.197944e-05,2997608.258,3.632083e-03,3.346459e+01,2.063999e-05,1.584492e-05,3005037.383,1.250000e-04,5.34,8368.07
3541,3.589340e-03,3.328950e+01,1.562856e-05,2.082106e-05,2997815.365,3.556274e-03,3.356464e+01,1.493778e-05,1.008655e-05,3006642.102,1.250000e-04,5.52,8373.59
3542,3.609011e-03,3.333044e+01,1.476687e-05,2.565971e-05,2997844.344,3.784940e-03,3.375603e+01,2.626148e-05,2.934444e-05,3014254.820,1.250000e-04,5.39,8378.97
3543,3.591225e-03,3.330866e+01,1.515757e-05,2.175674e-05,2998084.492,3.510142e-03,3.317793e+01,1.064413e-05,1.718153e-05,2988726.375,1.250000e-04,5.35,8384.32
3544,3.596759e-03,3.329608e+01,1.441494e-05,2.460030e-05,2997862.768,3.551516e-03,3.302077e+01,1.120942e-05,2.746894e-05,2987986.125,1.250000e-04,5.24,8389.56
3545,3.582346e-03,3.330220e+01,1.491052e-05,2.060424e-05,2997841.385,3.599918e-03,3.310277e+01,1.883559e-05,2.025706e-05,2987879.609,1.250000e-04,5.48,8395.04
3546,3.598813e-03,3.331228e+01,1.550775e-05,2.250159e-05,2997831.430,3.548297e-03,3.342424e+01,1.571226e-05,9.750090e-06,2997988.281,1.250000e-04,5.63,8400.67
3547,3.601565e-03,3.330636e+01,1.393995e-05,2.630579e-05,2997876.496,3.468372e-03,3.331934e+01,1.097286e-05,5.341778e-06,2999367.375,1.250000e-04,5.60,8406.27
3548,3.577708e-03,3.328743e+01,1.406604e-05,2.166086e-05,2997768.146,3.570997e-03,3.350058e+01,1.597907e-05,1.222953e-05,2998467.703,1.250000e-04,5.41,8411.68
3549,3.625839e-03,3.331459e+01,1.672988e-05,2.541630e-05,2998011.020,3.596278e-03,3.318196e+01,1.792326e-05,1.976991e-05,2988472.219,1.250000e-04,4.82,8416.49
3550,3.560123e-03,3.330078e+01,1.533063e-05,1.534762e-05,2997783.168,3.476804e-03,3.332480e+01,1.035170e-05,8.161270e-06,2996848.984,1.250000e-04,5.72,8422.21
3551,3.596548e-03,3.330701e+01,1.523276e-05,2.270396e-05,2997922.629,3.630822e-03,3.322575e+01,2.422248e-05,1.320435e-05,2992230.938,1.250000e-04,5.77,8427.99
3552,3.603303e-03,3.330756e+01,1.700948e-05,2.049035e-05,2997795.393,3.706539e-03,3.373483e+01,1.435423e-05,3.790275e-05,3015449.031,1.250000e-04,5.28,8433.27
3553,3.591800e-03,3.330571e+01,1.397774e-05,2.429018e-05,2997935.217,3.513820e-03,3.327529e+01,1.214393e-05,1.297042e-05,2992161.938,1.250000e-04,5.48,8438.74
3554,3.652937e-03,3.331223e+01,1.768033e-05,2.898223e-05,2997918.332,3.597312e-03,3.345606e+01,1.921595e-05,1.190940e-05,3003072.367,1.250000e-04,5.56,8444.30
3555,3.578292e-03,3.327791e+01,1.511054e-05,1.987933e-05,2997690.662,3.517825e-03,3.333942e+01,1.185480e-05,1.306707e-05,2993503.805,1.250000e-04,5.08,8449.38
3556,3.585008e-03,3.331655e+01,1.528982e-05,2.009111e-05,2997972.881,3.596784e-03,3.310148e+01,1.691340e-05,2.350032e-05,2986511.945,1.250000e-04,6.10,8455.49
3557,3.610806e-03,3.328952e+01,1.566478e-05,2.504124e-05,2997598.328,3.564081e-03,3.319441e+01,1.267303e-05,2.358189e-05,2990337.430,1.250000e-04,5.25,8460.73
3558,3.629391e-03,3.330943e+01,1.517790e-05,2.933381e-05,2997976.750,3.982282e-03,3.269623e+01,1.479287e-05,1.129462e-04,2969492.648,1.250000e-04,5.28,8466.02
3559,3.590258e-03,3.331006e+01,1.559323e-05,2.066387e-05,2997757.889,3.739577e-03,3.372798e+01,2.394851e-05,2.545879e-05,3012482.375,1.250000e-04,5.69,8471.70
3560,3.641841e-03,3.329984e+01,1.695184e-05,2.846781e-05,2997746.951,3.604365e-03,3.312763e+01,1.743037e-05,2.345978e-05,2991510.750,1.250000e-04,5.86,8477.56
3561,3.594674e-03,3.328557e+01,1.741794e-05,1.838754e-05,2997858.188,3.617221e-03,3.322522e+01,2.003237e-05,1.887505e-05,2995407.484,1.250000e-04,5.32,8482.89
3562,3.643213e-03,3.330965e+01,1.611488e-05,3.021988e-05,2998001.215,3.515663e-03,3.330729e+01,1.359381e-05,9.799169e-06,2993664.633,1.250000e-04,5.19,8488.08
3563,3.591940e-03,3.328928e+01,1.683426e-05,1.893397e-05,2997727.590,3.588286e-03,3.361771e+01,1.615489e-05,1.299332e-05,3006841.773,1.250000e-04,5.12,8493.20
3564,3.620156e-03,3.331402e+01,1.746989e-05,2.281109e-05,2997958.279,3.977838e-03,3.271541e+01,2.343830e-05,9.438282e-05,2971574.867,1.250000e-04,5.35,8498.55
3565,3.610183e-03,3.328487e+01,1.554400e-05,2.525122e-05,2997599.146,3.613655e-03,3.309735e+01,1.138944e-05,3.800507e-05,2989860.195,1.250000e-04,5.64,8504.19
3566,3.630178e-03,3.330318e+01,1.594645e-05,2.807923e-05,2998010.357,3.508050e-03,3.326393e+01,1.361002e-05,9.111298e-06,2997155.680,1.250000e-04,6.18,8510.37
3567,3.605446e-03,3.329651e+01,1.627955e-05,2.259978e-05,2997840.154,3.917386e-03,3.287298e+01,2.531337e-05,7.539101e-05,2975208.078,1.250000e-04,5.52,8515.90
3568,3.631667e-03,3.330969e+01,1.755469e-05,2.503021e-05,2997617.389,3.840958e-03,3.334720e+01,1.875025e-05,6.374708e-05,3011199.328,1.250000e-04,5.09,8520.98
3569,3.589097e-03,3.328809e+01,1.620746e-05,1.964280e-05,2997990.926,3.463256e-03,3.330578e+01,9.989269e-06,6.556964e-06,2995600.219,1.250000e-04,5.47,8526.46
3570,3.603319e-03,3.331107e+01,1.756353e-05,1.931524e-05,2997942.438,3.660920e-03,3.300629e+01,1.340414e-05,4.524988e-05,2981968.258,1.250000e-04,4.99,8531.45
3571,3.577571e-03,3.328489e+01,1.587403e-05,1.806827e-05,2997500.729,3.529675e-03,3.346317e+01,1.054421e-05,1.558323e-05,3006226.641,1.250000e-04,5.09,8536.54
3572,3.599419e-03,3.329634e+01,1.643278e-05,2.109151e-05,2998098.354,3.516721e-03,3.305877e+01,9.880175e-06,2.240834e-05,2989672.672,1.250000e-04,5.82,8542.36
3573,3.625328e-03,3.329413e+01,1.790777e-05,2.336748e-05,2997670.234,3.633443e-03,3.348448e+01,2.556183e-05,5.875239e-06,3004091.109,1.250000e-04,5.13,8547.49
3574,3.604269e-03,3.330437e+01,1.633366e-05,2.209920e-05,2997957.895,3.500302e-03,3.313738e+01,1.117381e-05,1.496523e-05,2989775.555,1.250000e-04,5.09,8552.58
3575,3.588197e-03,3.328429e+01,1.519262e-05,2.156854e-05,2997647.301,3.664048e-03,3.347307e+01,2.327523e-05,1.679773e-05,3001118.477,1.250000e-04,5.38,8557.96
3576,3.569586e-03,3.330997e+01,1.412890e-05,1.945996e-05,2998112.082,3.496431e-03,3.313341e+01,1.109607e-05,1.442579e-05,2989916.211,1.250000e-04,5.67,8563.64
3577,3.575786e-03,3.330387e+01,1.640891e-05,1.626203e-05,2997919.373,3.598023e-03,3.310086e+01,1.223498e-05,3.311740e-05,2984361.117,1.250000e-04,5.41,8569.05
3578,3.607162e-03,3.329632e+01,1.493519e-05,2.563566e-05,2997748.928,3.478657e-03,3.333730e+01,1.111069e-05,6.764091e-06,2996997.312,1.250000e-04,5.89,8574.93
3579,3.657121e-03,3.328102e+01,1.847623e-05,2.885142e-05,2997636.820,3.555273e-03,3.342670e+01,1.471963e-05,1.308136e-05,3003925.398,1.250000e-04,5.96,8580.89
3580,3.610494e-03,3.331655e+01,1.386743e-05,2.803296e-05,2998031.455,3.709081e-03,3.282769e+01,1.795361e-05,4.935516e-05,2981651.547,1.250000e-04,5.23,8586.12
3581,3.593144e-03,3.329013e+01,1.643655e-05,1.995311e-05,2997730.094,3.545597e-03,3.328061e+01,1.485774e-05,1.379184e-05,3000355.602,1.250000e-04,5.46,8591.59
3582,3.648342e-03,3.331830e+01,1.636992e-05,3.056258e-05,2998060.010,3.623533e-03,3.296940e+01,1.670209e-05,3.191451e-05,2986110.289,1.250000e-04,5.40,8596.99
3583,3.591883e-03,3.329351e+01,1.646116e-05,1.958413e-05,2997778.658,3.539260e-03,3.346996e+01,1.472117e-05,9.010502e-06,3005142.883,1.250000e-04,5.33,8602.32
3584,3.556441e-03,3.330531e+01,1.390199e-05,1.737809e-05,2997847.045,3.578276e-03,3.322453e+01,1.974370e-05,1.167719e-05,2992828.195,1.250000e-04,5.83,8608.16
3585,3.652313e-03,3.328644e+01,1.582043e-05,3.309286e-05,2997711.920,3.753799e-03,3.312695e+01,2.875942e-05,3.070193e-05,2986215.023,1.250000e-04,5.57,8613.73
3586,3.676367e-03,3.328451e+01,1.879241e-05,3.199844e-05,2997887.605,3.534921e-03,3.335758e+01,1.626025e-05,7.312134e-06,2997180.875,1.250000e-04,5.08,8618.81
3587,3.625187e-03,3.329860e+01,1.641705e-05,2.623122e-05,2997910.621,3.554654e-03,3.332176e+01,1.355783e-05,1.737994e-05,2997695.867,1.250000e-04,5.25,8624.06
3588,3.646454e-03,3.330474e+01,1.689863e-05,2.939886e-05,2997837.107,3.533912e-03,3.317605e+01,1.618799e-05,1.088550e-05,2993502.656,1.250000e-04,5.84,8629.90
3589,3.653810e-03,3.330375e+01,1.729728e-05,3.009249e-05,2997637.699,3.633328e-03,3.364791e+01,1.507902e-05,2.354949e-05,3012509.531,1.250000e-04,5.55,8635.44
3590,3.581521e-03,3.330458e+01,1.564779e-05,1.891695e-05,2997994.939,3.732486e-03,3.285936e+01,1.787778e-05,5.355432e-05,2980538.391,1.250000e-04,5.41,8640.85
3591,3.581354e-03,3.329371e+01,1.575171e-05,1.889329e-05,2997829.826,3.603679e-03,3.311015e+01,1.637790e-05,2.577700e-05,2989942.141,1.250000e-04,5.49,8646.35
3592,3.644839e-03,3.329729e+01,1.810958e-05,2.680295e-05,2997740.689,3.674835e-03,3.315046e+01,1.670249e-05,3.855290e-05,2984802.375,1.250000e-04,5.61,8651.96
3593,3.610850e-03,3.330846e+01,1.737982e-05,2.124118e-05,2997851.621,3.500393e-03,3.326459e+01,1.315726e-05,8.472247e-06,2993767.391,1.250000e-04,6.04,8658.00
3594,3.621092e-03,3.332467e+01,1.568231e-05,2.636041e-05,2998070.686,3.642159e-03,3.330774e+01,1.968774e-05,2.290157e-05,3005503.555,1.250000e-04,5.31,8663.31
3595,3.591767e-03,3.329006e+01,1.548565e-05,2.158105e-05,2997651.883,3.701980e-03,3.341794e+01,3.183990e-05,8.357366e-06,3004064.164,1.250000e-04,5.74,8669.06
3596,3.589432e-03,3.331218e+01,1.669507e-05,1.825254e-05,2998161.250,3.682688e-03,3.280990e+01,1.250866e-05,5.532236e-05,2980691.930,1.250000e-04,5.66,8674.72
3597,3.668847e-03,3.329058e+01,1.937812e-05,2.920154e-05,2997748.715,3.665185e-03,3.339592e+01,1.393380e-05,3.725106e-05,2993370.547,1.250000e-04,5.65,8680.36
3598,3.637135e-03,3.330260e+01,1.798617e-05,2.540254e-05,2997957.297,3.881145e-03,3.309611e+01,2.791639e-05,5.847399e-05,2981040.914,1.250000e-04,5.64,8686.00
3599,3.599492e-03,3.329521e+01,1.586178e-05,2.227056e-05,2997614.770,3.544924e-03,3.338491e+01,1.239645e-05,1.649373e-05,2999326.266,1.250000e-04,5.33,8691.33
3600,3.569556e-03,3.329357e+01,1.636130e-05,1.531721e-05,2997917.793,3.484266e-03,3.316108e+01,1.077123e-05,1.208907e-05,2993152.000,1.250000e-04,5.25,8696.58
3601,3.590688e-03,3.327923e+01,1.656973e-05,1.941374e-05,2997775.910,3.525928e-03,3.341266e+01,1.440312e-05,8.126280e-06,3002169.352,1.250000e-04,5.72,8702.31
3602,3.608916e-03,3.329960e+01,1.919709e-05,1.739692e-05,2997768.420,3.493216e-03,3.347618e+01,1.175655e-05,5.606591e-06,3003648.680,1.250000e-04,5.70,8708.01
3603,3.575368e-03,3.328672e+01,1.374243e-05,2.185426e-05,2997786.230,3.843867e-03,3.382746e+01,2.466047e-05,4.290317e-05,3017527.680,1.250000e-04,5.25,8713.26
3604,3.624399e-03,3.328962e+01,1.644530e-05,2.619685e-05,2997949.047,3.917505e-03,3.360321e+01,2.464847e-05,6.214001e-05,3018664.359,1.250000e-04,5.28,8718.54
3605,3.624266e-03,3.328849e+01,1.677727e-05,2.552905e-05,2997665.695,3.714569e-03,3.368406e+01,1.932087e-05,3.059107e-05,3014089.977,1.250000e-04,5.11,8723.65
3606,3.654306e-03,3.330621e+01,1.893730e-05,2.686248e-05,2998000.389,3.592106e-03,3.321931e+01,2.280054e-05,8.433942e-06,2996341.344,1.250000e-04,5.26,8728.91
3607,3.601467e-03,3.330121e+01,1.726284e-05,1.974349e-05,2997776.600,3.554507e-03,3.308299e+01,1.463474e-05,1.997206e-05,2991241.938,1.250000e-04,4.83,8733.75
3608,3.612461e-03,3.328269e+01,1.566717e-05,2.550404e-05,2997943.408,3.503100e-03,3.327730e+01,1.133723e-05,1.239961e-05,2992377.953,1.250000e-04,5.84,8739.59
3609,3.616394e-03,3.329531e+01,1.506653e-05,2.723954e-05,2997777.736,3.545995e-03,3.305783e+01,1.368278e-05,2.067679e-05,2990804.555,1.250000e-04,6.03,8745.62
3610,3.607000e-03,3.329633e+01,1.641492e-05,2.264341e-05,2997902.021,3.515692e-03,3.336659e+01,1.428236e-05,7.241823e-06,3002894.406,1.250000e-04,5.78,8751.40
3611,3.601495e-03,3.328525e+01,1.482085e-05,2.495225e-05,2997749.012,3.541076e-03,3.353537e+01,1.494447e-05,7.618917e-06,3003065.672,1.250000e-04,4.82,8756.22
3612,3.581257e-03,3.329030e+01,1.564773e-05,1.914982e-05,2997884.588,3.978095e-03,3.295215e+01,1.844836e-05,9.967940e-05,2973250.633,1.250000e-04,5.30,8761.52
3613,3.655464e-03,3.326738e+01,1.501209e-05,3.572105e-05,2997691.799,3.567735e-03,3.325439e+01,1.445768e-05,1.954387e-05,2996473.531,1.250000e-04,5.62,8767.14
3614,3.603555e-03,3.330084e+01,1.560590e-05,2.348228e-05,2997913.762,3.745611e-03,3.373833e+01,1.838952e-05,3.757660e-05,3013273.664,1.250000e-04,6.31,8773.45
3615,3.620425e-03,3.329348e+01,1.714805e-05,2.391949e-05,2997833.293,3.521024e-03,3.340542e+01,1.393288e-05,8.230644e-06,2998884.594,1.250000e-04,5.96,8779.41
3616,3.612970e-03,3.330753e+01,1.553530e-05,2.537280e-05,2998047.309,3.755368e-03,3.280674e+01,1.723826e-05,6.046241e-05,2979915.812,1.250000e-04,5.32,8784.74
3617,3.590081e-03,3.329857e+01,1.654952e-05,1.894567e-05,2997944.793,3.672968e-03,3.293845e+01,1.852604e-05,3.877243e-05,2988057.609,1.250000e-04,5.39,8790.13
3618,3.587915e-03,3.326881e+01,1.439357e-05,2.341968e-05,2997543.424,3.613194e-03,3.321307e+01,1.308043e-05,3.221655e-05,2987419.156,1.250000e-04,4.91,8795.03
3619,3.613106e-03,3.330543e+01,1.653420e-05,2.344407e-05,2997932.957,3.588959e-03,3.340160e+01,1.907915e-05,1.160146e-05,2999012.523,1.250000e-04,5.30,8800.33
3620,3.597777e-03,3.329102e+01,1.643463e-05,2.086585e-05,2997784.488,3.498593e-03,3.320038e+01,1.125642e-05,1.319814e-05,2994108.758,1.250000e-04,5.45,8805.78
3621,3.615717e-03,3.328118e+01,1.756915e-05,2.238167e-05,2997877.555,3.508351e-03,3.340251e+01,1.280160e-05,8.016842e-06,2997581.133,1.250000e-04,5.60,8811.38
3622,3.602335e-03,3.330122e+01,1.497812e-05,2.448643e-05,2997966.799,3.523355e-03,3.345339e+01,1.454309e-05,6.516877e-06,3003729.758,1.250000e-04,5.32,8816.70
3623,3.671597e-03,3.328257e+01,1.897326e-05,3.072141e-05,2997939.338,4.517771e-03,3.269490e+01,3.446842e-05,1.807195e-04,2963843.891,1.250000e-04,4.79,8821.49
3624,3.593690e-03,3.329534e+01,1.508461e-05,2.266206e-05,2997649.324,3.507053e-03,3.319261e+01,1.152355e-05,1.451137e-05,2991001.297,1.250000e-04,5.12,8826.60
3625,3.588009e-03,3.331187e+01,1.546615e-05,2.043214e-05,2997932.412,3.652333e-03,3.337680e+01,2.892114e-05,5.088312e-06,2999770.836,1.250000e-04,5.40,8832.00
3626,3.579619e-03,3.328220e+01,1.713507e-05,1.600965e-05,2997796.811,3.693016e-03,3.361710e+01,1.037637e-05,4.550845e-05,3017067.719,1.250000e-04,5.94,8837.94
3627,3.620521e-03,3.329709e+01,1.598945e-05,2.618356e-05,2997644.164,3.631911e-03,3.355955e+01,1.936508e-05,1.646108e-05,3009514.531,1.250000e-04,5.41,8843.35
3628,3.635360e-03,3.328615e+01,1.775114e-05,2.584677e-05,2997981.223,3.729155e-03,3.283381e+01,1.147835e-05,6.619811e-05,2978399.258,1.250000e-04,5.38,8848.72
3629,3.585241e-03,3.328851e+01,1.511302e-05,2.105184e-05,2997816.195,3.599195e-03,3.360612e+01,1.818062e-05,1.135538e-05,3005824.703,1.250000e-04,5.38,8854.10
3630,3.570050e-03,3.328286e+01,1.512432e-05,1.810425e-05,2997773.904,3.871810e-03,3.378005e+01,2.491780e-05,4.892549e-05,3019700.664,1.250000e-04,5.64,8859.75
3631,3.603132e-03,3.328490e+01,1.565957e-05,2.360927e-05,2997857.908,3.697424e-03,3.302455e+01,1.653695e-05,4.592006e-05,2984599.438,1.250000e-04,5.50,8865.25
3632,3.628183e-03,3.328192e+01,1.582495e-05,2.834834e-05,2997714.557,3.585734e-03,3.360081e+01,9.683002e-06,2.576469e-05,3008065.234,1.250000e-04,5.10,8870.35
3633,3.672042e-03,3.329301e+01,1.647815e-05,3.559198e-05,2997969.504,3.539572e-03,3.333910e+01,1.418988e-05,1.275273e-05,2992867.805,1.250000e-04,5.29,8875.64
3634,3.592269e-03,3.328497e+01,1.604371e-05,2.066689e-05,2997819.982,3.592375e-03,3.357374e+01,1.580868e-05,1.538298e-05,3008704.625,1.250000e-04,5.50,8881.14
3635,3.573371e-03,3.329947e+01,1.354399e-05,2.159688e-05,2997948.295,3.476908e-03,3.330304e+01,1.219949e-05,4.921691e-06,3000255.594,1.250000e-04,5.04,8886.19
3636,3.631500e-03,3.328164e+01,1.557702e-05,2.951321e-05,2997841.633,3.502464e-03,3.325576e+01,1.129213e-05,1.279339e-05,3000818.336,1.250000e-04,5.53,8891.72
3637,3.601271e-03,3.327736e+01,1.539944e-05,2.390822e-05,2997581.914,3.525719e-03,3.346041e+01,1.179636e-05,1.234293e-05,3006143.492,1.250000e-04,5.20,8896.92
3638,3.627522e-03,3.329598e+01,1.654443e-05,2.649594e-05,2997908.553,4.177606e-03,3.398083e+01,1.611999e-05,1.236647e-04,3029104.094,1.250000e-04,5.38,8902.30
3639,3.650312e-03,3.328982e+01,1.676625e-05,3.073349e-05,2997815.602,3.563645e-03,3.335806e+01,1.149186e-05,2.258424e-05,3004662.148,1.250000e-04,5.64,8907.94
3640,3.585142e-03,3.328051e+01,1.413404e-05,2.315007e-05,2997988.455,3.489439e-03,3.330234e+01,1.101043e-05,9.820000e-06,2994765.445,1.250000e-04,5.67,8913.61
3641,3.582265e-03,3.329337e+01,1.568119e-05,1.922315e-05,2997841.596,3.479082e-03,3.326415e+01,1.210907e-05,6.315251e-06,2995799.359,1.250000e-04,5.28,8918.89
3642,3.584327e-03,3.328666e+01,1.432438e-05,2.248346e-05,2997667.943,4.199270e-03,3.403469e+01,2.636269e-05,1.064348e-04,3028210.047,1.250000e-04,5.32,8924.21
3643,3.627849e-03,3.329088e+01,1.701955e-05,2.571321e-05,2997898.350,3.527506e-03,3.337988e+01,1.188040e-05,1.414272e-05,3001454.133,1.250000e-04,5.64,8929.85
3644,3.589411e-03,3.329359e+01,1.729805e-05,1.741437e-05,2998020.732,3.523159e-03,3.320748e+01,1.168614e-05,1.710993e-05,2990577.188,1.250000e-04,5.24,8935.09
3645,3.621329e-03,3.329371e+01,1.591450e-05,2.656273e-05,2997780.301,3.541050e-03,3.324021e+01,1.599138e-05,1.142301e-05,2997488.133,1.250000e-04,5.58,8940.67
3646,3.577847e-03,3.329122e+01,1.496230e-05,1.982055e-05,2997874.006,3.521856e-03,3.333322e+01,1.632697e-05,5.052860e-06,2997102.430,1.250000e-04,5.41,8946.08
3647,3.590866e-03,3.326579e+01,1.599719e-05,2.086304e-05,2997814.504,3.719081e-03,3.360071e+01,2.384973e-05,2.410248e-05,3011947.602,1.250000e-04,4.96,8951.04
3648,3.598363e-03,3.329501e+01,1.529655e-05,2.317936e-05,2998024.760,3.551178e-03,3.314630e+01,1.490075e-05,1.750802e-05,2989446.836,1.250000e-04,5.42,8956.46
3649,3.624084e-03,3.328628e+01,1.674356e-05,2.560402e-05,2997677.256,3.526220e-03,3.312734e+01,1.069643e-05,2.130429e-05,2987645.273,1.250000e-04,5.14,8961.59
3650,3.574999e-03,3.329366e+01,1.326405e-05,2.259843e-05,2997904.143,3.562523e-03,3.318768e+01,1.891186e-05,1.092734e-05,2993128.617,1.250000e-04,5.57,8967.17
3651,3.645786e-03,3.330876e+01,1.710189e-05,2.877808e-05,2998031.381,3.898037e-03,3.292794e+01,1.824556e-05,8.455749e-05,2980430.461,1.250000e-04,5.56,8972.72
3652,3.585657e-03,3.327350e+01,1.480349e-05,2.205449e-05,2997519.773,3.561477e-03,3.350208e+01,1.471474e-05,1.282431e-05,3008350.445,1.250000e-04,5.64,8978.36
3653,3.650022e-03,3.329680e+01,1.573313e-05,3.260225e-05,2997932.387,3.582039e-03,3.322113e+01,1.401644e-05,2.395237e-05,2989313.445,1.250000e-04,5.44,8983.80
3654,3.623739e-03,3.328441e+01,1.758055e-05,2.389863e-05,2997533.053,3.534493e-03,3.349840e+01,1.556380e-05,5.803038e-06,3001398.273,1.250000e-04,5.83,8989.63
3655,3.609704e-03,3.330384e+01,1.558078e-05,2.470241e-05,2998165.521,3.714830e-03,3.327683e+01,1.543538e-05,4.655859e-05,2985569.766,1.250000e-04,5.81,8995.44
3656,3.594817e-03,3.328792e+01,1.542608e-05,2.235278e-05,2997743.242,3.548345e-03,3.310437e+01,1.383199e-05,1.991745e-05,2991349.594,1.250000e-04,6.05,9001.49
3657,3.607938e-03,3.327762e+01,1.652759e-05,2.298008e-05,2997493.922,3.825579e-03,3.349506e+01,2.017651e-05,5.486147e-05,3014294.320,1.250000e-04,5.27,9006.76
3658,3.607216e-03,3.329539e+01,1.667010e-05,2.219526e-05,2998187.293,3.499295e-03,3.319837e+01,1.079235e-05,1.430688e-05,2990380.617,1.250000e-04,5.60,9012.36
3659,3.582252e-03,3.329273e+01,1.636912e-05,1.785759e-05,2997860.873,3.560207e-03,3.306266e+01,1.543993e-05,1.990830e-05,2987921.555,1.250000e-04,5.30,9017.66
3660,3.591871e-03,3.327527e+01,1.553980e-05,2.178923e-05,2997665.781,3.456938e-03,3.339445e+01,1.048079e-05,2.536886e-06,3000827.000,1.250000e-04,5.41,9023.07
3661,3.644812e-03,3.328852e+01,1.628416e-05,3.062365e-05,2997720.900,3.886553e-03,3.377483e+01,2.338972e-05,5.503451e-05,3017337.227,1.250000e-04,5.55,9028.62
3662,3.614119e-03,3.327736e+01,1.439743e-05,2.848187e-05,2997867.586,3.493469e-03,3.345275e+01,1.154506e-05,6.548671e-06,2999985.070,1.250000e-04,5.90,9034.52
3663,3.599010e-03,3.328888e+01,1.556342e-05,2.289753e-05,2997696.701,3.602793e-03,3.339124e+01,2.038746e-05,1.195887e-05,3000615.641,1.250000e-04,6.12,9040.64
3664,3.598114e-03,3.328977e+01,1.525092e-05,2.332559e-05,2998016.877,3.569088e-03,3.299291e+01,1.322840e-05,2.750262e-05,2985913.430,1.250000e-04,5.29,9045.93
3665,3.595644e-03,3.328427e+01,1.460719e-05,2.422904e-05,2997709.346,3.475388e-03,3.330494e+01,1.014307e-05,8.692519e-06,2999879.641,1.250000e-04,5.26,9051.19
3666,3.613960e-03,3.328981e+01,1.522827e-05,2.653919e-05,2997859.596,3.516984e-03,3.335274e+01,1.295694e-05,1.042826e-05,2996578.906,1.250000e-04,5.08,9056.27
3667,3.582297e-03,3.327647e+01,1.518269e-05,2.056482e-05,2997788.889,3.498181e-03,3.338704e+01,1.099780e-05,9.899840e-06,2995797.109,1.250000e-04,5.47,9061.74
3668,3.635358e-03,3.330646e+01,1.588323e-05,2.917610e-05,2998036.668,3.741823e-03,3.287242e+01,1.151561e-05,6.788499e-05,2976385.234,1.250000e-04,5.41,9067.14
3669,3.580391e-03,3.328504e+01,1.503046e-05,2.031659e-05,2997644.336,3.691800e-03,3.342689e+01,2.450563e-05,2.081108e-05,3006975.359,1.250000e-04,5.78,9072.92
3670,3.593282e-03,3.326603e+01,1.623545e-05,2.086494e-05,2997857.980,3.599510e-03,3.349660e+01,1.457683e-05,2.081643e-05,3003229.016,1.250000e-04,5.21,9078.13
3671,3.578062e-03,3.328900e+01,1.472900e-05,2.037433e-05,2997915.279,3.534442e-03,3.325012e+01,1.723363e-05,7.418793e-06,2997454.555,1.250000e-04,5.28,9083.41
3672,3.634520e-03,3.329062e+01,1.769838e-05,2.569502e-05,2997821.488,3.577914e-03,3.328610e+01,1.461048e-05,2.063983e-05,2990135.789,1.250000e-04,5.56,9088.97
3673,3.581964e-03,3.328160e+01,1.512302e-05,2.051479e-05,2997841.293,3.462545e-03,3.331483e+01,9.133140e-06,7.946167e-06,2996220.031,1.250000e-04,5.21,9094.18
3674,3.609096e-03,3.329437e+01,1.812971e-05,1.967243e-05,2997963.898,3.537127e-03,3.327417e+01,1.746861e-05,7.004792e-06,2995012.359,1.250000e-04,5.62,9099.80
3675,3.626032e-03,3.328109e+01,1.551033e-05,2.856397e-05,2997683.449,3.563285e-03,3.350154e+01,1.101250e-05,2.060122e-05,3002852.773,1.250000e-04,5.77,9105.57
3676,3.581350e-03,3.330484e+01,1.573389e-05,1.870540e-05,2998050.506,3.562401e-03,3.320573e+01,1.654264e-05,1.528041e-05,2991082.258,1.250000e-04,5.46,9111.03
3677,3.597073e-03,3.327572e+01,1.531070e-05,2.327885e-05,2997342.105,4.430694e-03,3.388259e+01,2.306164e-05,1.623638e-04,3034100.227,1.250000e-04,5.64,9116.67
3678,3.614610e-03,3.328801e+01,1.636476e-05,2.443231e-05,2998137.969,3.504709e-03,3.332269e+01,1.220631e-05,1.007538e-05,2995549.359,1.250000e-04,5.87,9122.53
3679,3.569200e-03,3.328907e+01,1.592200e-05,1.621445e-05,2997825.984,3.509532e-03,3.322323e+01,1.525448e-05,6.932817e-06,2994185.078,1.250000e-04,5.01,9127.55
3680,3.607961e-03,3.327546e+01,1.638168e-05,2.331972e-05,2997756.613,3.615576e-03,3.360635e+01,1.683167e-05,1.732485e-05,3009400.195,1.250000e-04,5.12,9132.67
3681,3.570787e-03,3.330111e+01,1.467500e-05,1.878533e-05,2998114.484,3.761055e-03,3.280831e+01,1.500163e-05,6.604152e-05,2978235.625,1.250000e-04,5.73,9138.40
3682,3.606626e-03,3.329654e+01,1.696701e-05,2.146048e-05,2997919.324,3.674293e-03,3.304965e+01,2.250330e-05,2.885890e-05,2996043.656,1.250000e-04,5.28,9143.68
3683,3.610131e-03,3.326793e+01,1.496650e-05,2.673467e-05,2997464.789,3.473690e-03,3.333541e+01,1.132755e-05,5.374674e-06,2998982.141,1.250000e-04,5.40,9149.08
3684,3.647014e-03,3.330344e+01,1.573834e-05,3.185729e-05,2998263.094,3.643890e-03,3.297284e+01,1.312015e-05,4.308091e-05,2982841.945,1.250000e-04,5.04,9154.12
3685,3.574971e-03,3.328624e+01,1.515022e-05,1.896903e-05,2997730.814,3.478923e-03,3.322405e+01,1.059977e-05,1.010396e-05,2994473.336,1.250000e-04,5.07,9159.18
3686,3.587519e-03,3.328927e+01,1.444103e-05,2.283636e-05,2997784.361,3.596683e-03,3.303444e+01,1.162429e-05,3.539929e-05,2984379.383,1.250000e-04,5.03,9164.22
3687,3.584181e-03,3.327689e+01,1.378342e-05,2.373161e-05,2997610.648,3.750554e-03,3.366075e+01,1.466072e-05,4.757420e-05,3015455.266,1.250000e-04,5.51,9169.72
3688,3.596636e-03,3.329112e+01,1.413577e-05,2.523342e-05,2998008.891,3.665979e-03,3.365468e+01,1.754315e-05,2.501588e-05,3008626.695,1.250000e-04,5.59,9175.32
3689,3.641131e-03,3.328704e+01,1.561241e-05,3.126051e-05,2998039.777,3.583103e-03,3.319433e+01,1.334776e-05,2.603855e-05,2998226.594,1.250000e-04,5.14,9180.46
3690,3.600501e-03,3.328401e+01,1.654006e-05,2.133991e-05,2997620.660,3.558483e-03,3.300014e+01,1.271207e-05,2.626972e-05,2987117.867,1.250000e-04,5.12,9185.58
3691,3.590534e-03,3.327151e+01,1.658696e-05,1.950283e-05,2997679.479,3.484647e-03,3.328446e+01,1.104637e-05,9.147503e-06,2996875.289,1.250000e-04,5.42,9191.00
3692,3.628069e-03,3.328449e+01,1.584447e-05,2.823515e-05,2997937.078,3.506462e-03,3.322404e+01,1.256096e-05,1.168973e-05,2993536.781,1.250000e-04,5.48,9196.48
3693,3.636771e-03,3.328397e+01,1.751404e-05,2.664673e-05,2997738.838,3.689917e-03,3.360172e+01,1.396020e-05,3.802871e-05,3015171.797,1.250000e-04,5.49,9201.97
3694,3.578048e-03,3.330075e+01,1.404443e-05,2.150569e-05,2998045.791,3.609766e-03,3.306178e+01,1.326117e-05,3.419526e-05,2983417.539,1.250000e-04,5.11,9207.08
3695,3.569208e-03,3.328172e+01,1.556876e-05,1.706982e-05,2997833.262,3.565160e-03,3.301822e+01,1.063702e-05,3.139351e-05,2984375.070,1.250000e-04,5.06,9212.14
3696,3.610178e-03,3.328241e+01,1.576361e-05,2.486022e-05,2997655.088,3.578886e-03,3.323132e+01,2.118485e-05,8.780997e-06,2994292.367,1.250000e-04,5.00,9217.14
3697,3.569743e-03,3.328461e+01,1.468366e-05,1.888904e-05,2997890.787,3.587941e-03,3.314714e+01,1.219604e-05,3.025322e-05,2997869.180,1.250000e-04,5.85,9222.99
3698,3.637406e-03,3.326991e+01,1.811096e-05,2.586104e-05,2997902.779,3.496965e-03,3.319895e+01,1.208535e-05,1.124317e-05,2992993.711,1.250000e-04,5.46,9228.46
3699,3.639651e-03,3.330186e+01,1.681035e-05,2.827227e-05,2997892.230,3.586066e-03,3.339545e+01,1.647685e-05,1.635055e-05,3000401.000,1.250000e-04,5.31,9233.77
3700,3.620964e-03,3.327462e+01,1.832003e-05,2.206031e-05,2997744.664,3.738160e-03,3.363109e+01,1.429257e-05,4.642504e-05,3013876.656,1.250000e-04,5.32,9239.08
3701,3.679498e-03,3.328700e+01,1.830904e-05,3.354156e-05,2997558.717,3.818379e-03,3.388421e+01,1.988521e-05,4.622125e-05,3017719.141,1.250000e-04,5.28,9244.37
3702,3.632820e-03,3.329468e+01,1.699033e-05,2.668974e-05,2998203.869,3.860868e-03,3.369451e+01,3.707347e-05,2.413643e-05,3012239.539,1.250000e-04,5.06,9249.42
3703,3.681236e-03,3.328580e+01,1.608843e-05,3.835434e-05,2997667.145,3.742260e-03,3.376716e+01,2.190033e-05,2.930823e-05,3015253.812,1.250000e-04,5.09,9254.52
3704,3.622101e-03,3.329474e+01,1.539183e-05,2.774179e-05,2997940.977,3.538822e-03,3.342542e+01,1.711704e-05,5.021973e-06,3002737.211,1.250000e-04,5.26,9259.78
3705,3.622760e-03,3.328805e+01,1.560415e-05,2.758283e-05,2997979.242,3.520258e-03,3.313594e+01,1.340642e-05,1.452013e-05,2992382.625,1.250000e-04,5.26,9265.04
3706,3.619434e-03,3.329554e+01,1.721335e-05,2.354940e-05,2997843.010,3.477880e-03,3.317701e+01,1.011364e-05,1.180844e-05,2991878.266,1.250000e-04,5.56,9270.60
3707,3.583699e-03,3.327851e+01,1.515315e-05,2.086342e-05,2997659.055,3.700090e-03,3.316637e+01,2.720066e-05,2.228929e-05,2987999.234,1.250000e-04,5.30,9275.90
3708,3.583042e-03,3.328458e+01,1.502718e-05,2.086241e-05,2997912.625,3.673681e-03,3.309701e+01,2.311934e-05,2.655738e-05,2987635.531,1.250000e-04,5.52,9281.42
3709,3.568093e-03,3.327745e+01,1.392624e-05,2.021699e-05,2997789.088,3.782657e-03,3.323517e+01,1.792769e-05,5.597274e-05,2982127.336,1.250000e-04,5.72,9287.14
3710,3.622758e-03,3.328391e+01,1.574367e-05,2.738613e-05,2997659.057,3.619687e-03,3.360642e+01,1.098835e-05,2.983222e-05,3012414.836,1.250000e-04,5.55,9292.69
3711,3.623265e-03,3.329259e+01,1.732955e-05,2.414214e-05,2997999.410,3.552926e-03,3.336269e+01,1.377529e-05,1.578092e-05,3003827.172,1.250000e-04,5.60,9298.29
3712,3.636534e-03,3.328928e+01,1.599308e-05,2.953498e-05,2997908.627,3.586744e-03,3.295508e+01,1.146444e-05,3.531844e-05,2985709.688,1.250000e-04,5.20,9303.49
3713,3.593429e-03,3.329044e+01,1.493653e-05,2.300394e-05,2997932.287,3.984389e-03,3.273412e+01,1.633184e-05,1.095318e-04,2970952.602,1.250000e-04,5.10,9308.59
3714,3.594740e-03,3.325700e+01,1.586960e-05,2.206881e-05,2997337.299,3.679406e-03,3.366034e+01,1.441096e-05,3.385240e-05,3010777.227,1.250000e-04,5.21,9313.80
3715,3.636189e-03,3.330443e+01,1.788219e-05,2.538474e-05,2998261.910,3.783016e-03,3.279212e+01,1.425834e-05,7.224406e-05,2978301.148,1.250000e-04,5.28,9319.08
3716,3.596251e-03,3.327141e+01,1.457157e-05,2.467880e-05,2997848.459,3.458363e-03,3.327540e+01,1.054226e-05,5.079920e-06,2997823.906,1.250000e-04,5.22,9324.31
3717,3.554261e-03,3.327000e+01,1.401615e-05,1.742003e-05,2997714.008,3.471368e-03,3.331605e+01,1.095589e-05,6.040846e-06,2999511.445,1.250000e-04,5.55,9329.85
3718,3.606568e-03,3.329067e+01,1.794952e-05,1.960123e-05,2997816.795,3.618840e-03,3.324412e+01,2.078531e-05,1.731490e-05,2997577.383,1.250000e-04,5.43,9335.28
3719,3.601681e-03,3.327518e+01,1.493393e-05,2.496486e-05,2997783.947,3.500998e-03,3.330413e+01,1.473949e-05,4.638187e-06,2999594.109,1.250000e-04,5.71,9340.99
3720,3.607237e-03,3.328954e+01,1.616116e-05,2.333431e-05,2997959.258,3.498204e-03,3.319928e+01,1.057353e-05,1.450804e-05,2990989.797,1.250000e-04,5.68,9346.67
3721,3.582288e-03,3.327241e+01,1.587659e-05,1.925624e-05,2997693.914,3.559388e-03,3.351732e+01,1.317302e-05,1.518510e-05,3008461.883,1.250000e-04,5.45,9352.12
3722,3.595784e-03,3.328784e+01,1.502790e-05,2.334425e-05,2998175.953,3.757494e-03,3.283621e+01,1.362393e-05,6.752685e-05,2977683.219,1.250000e-04,5.81,9357.93
3723,3.611144e-03,3.325449e+01,1.539245e-05,2.635426e-05,2997432.705,3.609213e-03,3.340405e+01,1.774073e-05,1.828010e-05,2999767.914,1.250000e-04,5.84,9363.77
3724,3.614388e-03,3.328676e+01,1.623505e-05,2.467233e-05,2997886.865,3.534504e-03,3.331331e+01,1.433490e-05,1.196488e-05,3000179.016,1.250000e-04,5.57,9369.35
3725,3.614057e-03,3.325893e+01,1.527189e-05,2.708904e-05,2998057.047,3.729170e-03,3.293431e+01,1.345649e-05,6.023468e-05,2977725.312,1.250000e-04,5.42,9374.77
3726,3.600913e-03,3.326946e+01,1.483538e-05,2.512252e-05,2997872.379,3.532482e-03,3.313011e+01,1.319574e-05,1.750270e-05,2989330.711,1.250000e-04,5.95,9380.72
3727,3.671131e-03,3.327980e+01,1.807921e-05,3.247177e-05,2997904.770,3.762070e-03,3.366521e+01,1.356833e-05,5.197331e-05,3011481.492,1.250000e-04,5.07,9385.79
3728,3.601395e-03,3.327993e+01,1.547763e-05,2.372516e-05,2997588.320,3.561889e-03,3.315045e+01,1.546266e-05,1.844349e-05,2996710.570,1.250000e-04,5.12,9390.90
3729,3.592104e-03,3.328592e+01,1.438553e-05,2.393147e-05,2998047.604,3.550207e-03,3.308420e+01,1.342912e-05,2.149911e-05,2988025.109,1.250000e-04,5.72,9396.63
3730,3.624309e-03,3.327042e+01,1.720204e-05,2.504938e-05,2997742.467,3.586838e-03,3.323033e+01,1.886166e-05,1.503768e-05,2993331.227,1.250000e-04,5.01,9401.64
3731,3.587002e-03,3.328130e+01,1.578001e-05,2.021430e-05,2997777.906,3.633088e-03,3.356120e+01,1.931335e-05,1.676676e-05,3009564.062,1.250000e-04,5.81,9407.44
3732,3.582580e-03,3.327687e+01,1.575725e-05,1.946412e-05,2997950.008,3.477345e-03,3.327530e+01,1.036676e-05,9.229413e-06,2999336.430,1.250000e-04,5.58,9413.03
3733,3.622682e-03,3.328799e+01,1.650777e-05,2.576102e-05,2997901.355,3.639670e-03,3.354906e+01,2.208120e-05,1.279031e-05,3005002.656,1.250000e-04,4.87,9417.89
3734,3.600511e-03,3.325331e+01,1.558365e-05,2.386881e-05,2997720.457,3.706178e-03,3.333781e+01,2.199234e-05,3.049475e-05,2990132.609,1.250000e-04,5.54,9423.43
3735,3.615192e-03,3.327846e+01,1.761560e-05,2.223804e-05,2997906.840,3.735633e-03,3.284903e+01,1.372739e-05,6.269106e-05,2978081.523,1.250000e-04,5.24,9428.67
3736,3.704009e-03,3.329391e+01,1.797734e-05,3.896888e-05,2997915.889,3.582518e-03,3.298399e+01,1.260980e-05,3.160420e-05,2987461.445,1.250000e-04,5.66,9434.33
3737,3.595792e-03,3.326004e+01,1.472969e-05,2.449805e-05,2997897.598,3.736757e-03,3.293749e+01,1.778990e-05,5.302174e-05,2979202.648,1.250000e-04,5.71,9440.04
3738,3.615640e-03,3.328935e+01,1.553085e-05,2.627944e-05,2997920.381,3.631558e-03,3.308545e+01,1.784463e-05,2.891342e-05,2988280.656,1.250000e-04,5.10,9445.14
3739,3.575788e-03,3.327239e+01,1.513938e-05,1.943111e-05,2997792.494,3.542615e-03,3.321199e+01,1.164775e-05,2.098774e-05,2988467.492,1.250000e-04,5.47,9450.60
3740,3.623275e-03,3.330023e+01,1.654513e-05,2.556022e-05,2997811.822,3.524541e-03,3.327140e+01,1.414369e-05,1.119286e-05,2995879.312,1.250000e-04,5.63,9456.24
3741,3.583643e-03,3.327735e+01,1.471092e-05,2.175978e-05,2997867.756,3.498461e-03,3.338018e+01,1.302591e-05,6.036893e-06,3000646.648,1.250000e-04,4.95,9461.19
3742,3.586170e-03,3.328422e+01,1.415710e-05,2.323522e-05,2997956.695,3.515589e-03,3.312469e+01,1.297315e-05,1.467771e-05,2992422.805,1.250000e-04,5.75,9466.94
3743,3.624924e-03,3.328732e+01,1.697833e-05,2.528175e-05,2997889.543,3.741976e-03,3.305344e+01,2.166927e-05,4.398787e-05,2995125.883,1.250000e-04,5.09,9472.03
3744,3.603114e-03,3.327022e+01,1.543798e-05,2.434246e-05,2997566.752,3.729326e-03,3.342611e+01,1.521504e-05,4.691291e-05,3007991.195,1.250000e-04,4.95,9476.98
3745,3.582781e-03,3.327969e+01,1.463881e-05,2.168472e-05,2998018.039,3.552691e-03,3.318598e+01,1.604291e-05,1.473291e-05,2990641.188,1.250000e-04,5.46,9482.44
3746,3.574796e-03,3.327402e+01,1.496524e-05,1.954840e-05,2997635.344,3.570833e-03,3.347885e+01,1.227655e-05,2.003644e-05,3010642.773,1.250000e-04,5.46,9487.90
3747,3.584537e-03,3.327589e+01,1.609931e-05,1.919101e-05,2997996.055,3.668232e-03,3.355191e+01,2.434696e-05,1.391424e-05,3005011.391,1.250000e-04,5.29,9493.19
3748,3.592233e-03,3.328461e+01,1.532798e-05,2.209845e-05,2997898.273,3.676474e-03,3.299945e+01,1.652004e-05,4.226566e-05,2981978.961,1.250000e-04,5.54,9498.74
3749,3.599128e-03,3.327014e+01,1.654308e-05,2.133657e-05,2997631.861,3.844049e-03,3.375749e+01,2.017766e-05,5.330465e-05,3017537.203,1.250000e-04,5.44,9504.17
3750,3.590506e-03,3.327761e+01,1.653298e-05,1.948307e-05,2998041.225,3.757094e-03,3.297131e+01,2.178834e-05,4.841587e-05,2980796.359,1.250000e-04,5.08,9509.25
3751,3.650061e-03,3.327464e+01,1.968003e-05,2.515940e-05,2997729.949,3.624515e-03,3.304746e+01,2.134557e-05,2.126273e-05,2988030.844,1.250000e-04,5.38,9514.63
3752,3.609363e-03,3.328697e+01,1.568804e-05,2.475716e-05,2997855.178,3.652304e-03,3.364711e+01,1.966496e-05,1.818856e-05,3009027.109,1.250000e-04,5.26,9519.89
3753,3.586196e-03,3.326918e+01,1.498569e-05,2.188433e-05,2997826.420,3.551223e-03,3.334323e+01,1.911802e-05,5.143992e-06,3000105.078,1.250000e-04,5.60,9525.49
3754,3.601022e-03,3.328044e+01,1.649811e-05,2.159944e-05,2997893.939,3.577053e-03,3.340864e+01,1.822575e-05,1.078635e-05,2999260.641,1.250000e-04,5.66,9531.15
3755,3.558492e-03,3.327640e+01,1.407809e-05,1.801438e-05,2997691.928,4.234754e-03,3.381476e+01,5.300010e-05,6.465523e-05,3022679.578,1.250000e-04,5.32,9536.47
3756,3.656948e-03,3.328598e+01,1.769074e-05,3.028849e-05,2997824.199,3.564800e-03,3.326360e+01,1.937424e-05,8.939547e-06,2994010.570,1.250000e-04,5.88,9542.35
3757,3.602189e-03,3.326759e+01,1.490360e-05,2.527876e-05,2997908.102,3.465219e-03,3.324873e+01,1.012187e-05,7.825504e-06,2997259.797,1.250000e-04,5.28,9547.62
3758,3.554974e-03,3.328158e+01,1.372253e-05,1.791797e-05,2997839.588,3.573475e-03,3.322667e+01,1.441283e-05,2.133588e-05,2989105.477,1.250000e-04,5.51,9553.14
3759,3.584610e-03,3.327229e+01,1.451205e-05,2.245203e-05,2997805.172,3.620995e-03,3.323721e+01,1.556990e-05,2.831502e-05,2988997.797,1.250000e-04,5.01,9558.15
3760,3.581764e-03,3.328029e+01,1.434022e-05,2.206663e-05,2997822.436,3.580024e-03,3.308420e+01,1.676801e-05,2.078486e-05,2992941.805,1.250000e-04,5.37,9563.52
3761,3.553065e-03,3.327514e+01,1.494366e-05,1.522287e-05,2997928.217,3.530354e-03,3.331002e+01,1.372025e-05,1.242991e-05,3000883.289,1.250000e-04,5.48,9569.00
3762,3.634101e-03,3.328360e+01,1.779168e-05,2.556478e-05,2997803.855,3.525728e-03,3.320582e+01,1.113194e-05,1.876528e-05,2991674.922,1.250000e-04,5.70,9574.70
3763,3.570917e-03,3.327265e+01,1.456849e-05,1.959341e-05,2997664.676,3.615212e-03,3.366849e+01,1.326720e-05,2.313811e-05,3007619.242,1.250000e-04,4.99,9579.69
3764,3.592475e-03,3.329794e+01,1.576010e-05,2.101608e-05,2998100.695,4.129041e-03,3.370605e+01,2.409995e-05,1.034874e-04,3025524.844,1.250000e-04,5.52,9585.21
3765,3.613893e-03,3.325661e+01,1.599326e-05,2.565977e-05,2997799.461,3.500269e-03,3.327194e+01,1.212920e-05,1.035664e-05,2993788.031,1.250000e-04,5.58,9590.79
3766,3.565542e-03,3.328059e+01,1.366981e-05,2.015706e-05,2997920.312,4.004059e-03,3.289023e+01,3.584439e-05,7.131840e-05,2976829.594,1.250000e-04,5.38,9596.17
3767,3.581294e-03,3.326841e+01,1.541705e-05,2.005649e-05,2997728.354,3.619366e-03,3.360956e+01,1.557567e-05,2.053054e-05,3009760.539,1.250000e-04,4.97,9601.15
3768,3.554442e-03,3.327837e+01,1.553613e-05,1.424873e-05,2997831.703,3.603402e-03,3.318935e+01,2.163511e-05,1.362315e-05,2992982.727,1.250000e-04,5.73,9606.87
3769,3.581893e-03,3.328126e+01,1.445045e-05,2.185258e-05,2997966.688,3.510549e-03,3.325738e+01,1.409288e-05,8.776539e-06,2996875.930,1.250000e-04,5.37,9612.24
3770,3.605338e-03,3.326986e+01,1.666924e-05,2.233184e-05,2997692.709,3.761459e-03,3.340762e+01,3.684646e-05,1.044666e-05,3003988.570,1.250000e-04,5.87,9618.11
3771,3.628571e-03,3.328993e+01,1.601026e-05,2.789508e-05,2998012.994,3.677792e-03,3.309821e+01,2.044507e-05,3.270405e-05,2985937.227,1.250000e-04,5.46,9623.57
3772,3.586755e-03,3.327435e+01,1.591751e-05,2.002885e-05,2997624.736,3.598200e-03,3.367519e+01,1.209759e-05,2.194111e-05,3012812.562,1.250000e-04,5.62,9629.20
3773,3.616655e-03,3.327797e+01,1.741140e-05,2.294889e-05,2997933.107,3.574395e-03,3.307257e+01,1.198309e-05,2.946140e-05,2991005.211,1.250000e-04,5.15,9634.35
3774,3.626807e-03,3.327391e+01,1.642106e-05,2.704111e-05,2997704.643,3.488339e-03,3.327757e+01,1.246436e-05,7.187642e-06,2994662.188,1.250000e-04,5.30,9639.64
3775,3.637176e-03,3.329843e+01,1.850198e-05,2.446266e-05,2998057.590,3.588246e-03,3.312804e+01,2.067727e-05,1.373371e-05,2990913.750,1.250000e-04,5.41,9645.06
3776,3.579097e-03,3.325656e+01,1.553517e-05,1.961793e-05,2997594.826,3.783960e-03,3.357190e+01,2.124090e-05,4.287218e-05,3010883.914,1.250000e-04,5.50,9650.56
3777,3.619480e-03,3.327691e+01,1.816590e-05,2.202598e-05,2997972.262,3.648995e-03,3.319318e+01,1.603174e-05,3.387189e-05,2990352.836,1.250000e-04,5.90,9656.46
3778,3.576330e-03,3.328463e+01,1.616707e-05,1.723927e-05,2997954.334,3.496323e-03,3.309654e+01,9.324824e-06,1.868411e-05,2988790.922,1.250000e-04,5.21,9661.67
3779,3.599729e-03,3.326756e+01,1.686789e-05,2.085881e-05,2997764.221,3.511855e-03,3.330738e+01,1.318652e-05,9.850440e-06,2995917.328,1.250000e-04,5.35,9667.02
3780,3.600806e-03,3.325266e+01,1.598046e-05,2.314705e-05,2997803.623,3.556672e-03,3.341206e+01,1.521509e-05,1.266311e-05,3005723.727,1.250000e-04,5.31,9672.33
3781,3.592927e-03,3.326407e+01,1.516783e-05,2.296839e-05,2997744.227,3.522668e-03,3.337977e+01,1.048524e-05,1.596789e-05,3005247.422,1.250000e-04,6.07,9678.40
3782,3.592222e-03,3.326803e+01,1.527311e-05,2.253750e-05,2998125.580,3.741259e-03,3.293112e+01,1.768297e-05,5.426337e-05,2982951.117,1.250000e-04,5.41,9683.80
3783,3.600307e-03,3.329846e+01,1.467608e-05,2.474005e-05,2997988.053,3.778299e-03,3.296158e+01,2.338943e-05,4.964939e-05,2980054.891,1.250000e-04,5.31,9689.11
3784,3.615776e-03,3.325586e+01,1.754933e-05,2.293939e-05,2997503.742,3.627597e-03,3.343981e+01,1.807643e-05,2.057036e-05,3006923.969,1.250000e-04,5.23,9694.34
3785,3.630598e-03,3.329013e+01,1.757594e-05,2.516512e-05,2997940.318,3.641437e-03,3.300326e+01,1.472112e-05,3.878002e-05,2994873.648,1.250000e-04,5.78,9700.12
3786,3.591233e-03,3.325936e+01,1.545808e-05,2.214321e-05,2997946.209,3.661221e-03,3.320804e+01,1.859621e-05,3.089082e-05,2991185.578,1.250000e-04,5.37,9705.49
3787,3.627131e-03,3.326627e+01,1.616315e-05,2.777458e-05,2997719.881,3.543663e-03,3.319229e+01,1.139512e-05,2.209668e-05,2987995.383,1.250000e-04,5.61,9711.10
3788,3.545821e-03,3.326509e+01,1.439102e-05,1.508036e-05,2997737.180,3.567511e-03,3.355885e+01,1.596891e-05,1.038738e-05,3005724.750,1.250000e-04,4.89,9715.99
3789,3.638989e-03,3.326224e+01,1.724227e-05,2.806864e-05,2997658.793,3.552617e-03,3.355403e+01,1.109387e-05,1.725507e-05,3009351.742,1.250000e-04,5.50,9721.49
3790,3.588299e-03,3.328884e+01,1.541242e-05,2.105823e-05,2998026.418,3.491136e-03,3.327691e+01,1.015531e-05,1.237825e-05,2999862.492,1.250000e-04,5.75,9727.24
3791,3.620747e-03,3.328012e+01,1.855574e-05,2.143561e-05,2997823.730,3.488471e-03,3.316649e+01,1.137847e-05,1.160755e-05,2996968.625,1.250000e-04,5.14,9732.37
3792,3.586256e-03,3.326495e+01,1.417799e-05,2.359626e-05,2997944.559,3.592164e-03,3.301676e+01,1.393809e-05,3.022138e-05,2985311.430,1.250000e-04,5.19,9737.56
3793,3.599709e-03,3.327997e+01,1.518677e-05,2.396890e-05,2997835.393,3.706832e-03,3.302945e+01,1.585427e-05,4.906877e-05,2982205.336,1.250000e-04,5.49,9743.05
3794,3.630755e-03,3.329009e+01,1.709111e-05,2.616701e-05,2997822.029,3.461465e-03,3.323314e+01,9.362268e-06,8.905622e-06,2996961.961,1.250000e-04,6.09,9749.14
3795,3.604575e-03,3.326142e+01,1.498214e-05,2.572235e-05,2997809.357,3.527683e-03,3.319070e+01,1.156904e-05,1.858464e-05,2989370.477,1.250000e-04,5.82,9754.96
3796,3.587691e-03,3.327043e+01,1.707275e-05,1.798410e-05,2997905.086,3.592326e-03,3.328299e+01,1.288209e-05,2.704126e-05,2989088.352,1.250000e-04,5.09,9760.05
3797,3.586137e-03,3.328072e+01,1.557582e-05,2.046133e-05,2997753.666,3.477336e-03,3.332837e+01,9.893383e-06,9.113063e-06,2995820.898,1.250000e-04,5.18,9765.23
3798,3.615374e-03,3.327853e+01,1.360687e-05,3.029061e-05,2997944.809,3.558481e-03,3.324234e+01,1.196815e-05,2.291320e-05,2991486.133,1.250000e-04,5.45,9770.68
3799,3.583175e-03,3.327731e+01,1.497231e-05,2.114416e-05,2997829.299,3.746602e-03,3.362345e+01,1.760223e-05,4.164689e-05,3016381.133,1.250000e-04,5.42,9776.10
3800,3.635688e-03,3.327365e+01,1.731787e-05,2.702899e-05,2997764.846,3.511912e-03,3.333290e+01,1.332990e-05,9.064570e-06,3001356.750,1.250000e-04,5.95,9782.05
3801,3.554794e-03,3.327593e+01,1.369888e-05,1.804250e-05,2997995.170,3.560002e-03,3.309085e+01,1.423663e-05,2.171013e-05,2988302.484,1.250000e-04,5.31,9787.36
3802,3.591333e-03,3.327764e+01,1.636806e-05,1.997778e-05,2997867.098,3.588056e-03,3.292839e+01,1.403788e-05,3.096748e-05,2986155.797,1.250000e-04,5.65,9793.01
3803,3.664207e-03,3.328427e+01,1.783295e-05,3.149012e-05,2997762.078,3.535370e-03,3.348016e+01,1.244186e-05,1.258704e-05,3004706.258,1.250000e-04,5.36,9798.37
3804,3.635530e-03,3.328037e+01,1.699504e-05,2.750860e-05,2997965.355,3.775227e-03,3.284186e+01,2.174591e-05,5.471640e-05,2980106.477,1.250000e-04,5.22,9803.59
3805,3.617759e-03,3.327203e+01,1.602050e-05,2.607012e-05,2997820.703,3.735681e-03,3.333241e+01,3.293954e-05,1.460892e-05,2998353.430,1.250000e-04,5.66,9809.24
3806,3.625968e-03,3.326501e+01,1.784532e-05,2.420285e-05,2997705.043,3.707707e-03,3.350806e+01,2.996364e-05,1.145303e-05,3003146.398,1.250000e-04,5.63,9814.87
3807,3.593535e-03,3.328098e+01,1.652068e-05,2.004609e-05,2998126.553,3.704549e-03,3.286641e+01,1.727464e-05,4.903226e-05,2983632.617,1.250000e-04,5.17,9820.04
3808,3.599638e-03,3.326491e+01,1.501167e-05,2.460619e-05,2997499.160,3.766666e-03,3.364014e+01,1.413436e-05,5.226173e-05,3017073.977,1.250000e-04,5.15,9825.20
3809,3.586077e-03,3.327687e+01,1.544806e-05,2.078193e-05,2997762.594,3.480245e-03,3.341906e+01,9.180640e-06,9.306555e-06,3005714.102,1.250000e-04,5.63,9830.83
3810,3.570722e-03,3.328638e+01,1.575298e-05,1.691079e-05,2997996.566,3.569166e-03,3.301241e+01,8.955553e-06,3.567388e-05,2983450.602,1.250000e-04,5.35,9836.18
3811,3.615713e-03,3.325650e+01,1.497414e-05,2.806437e-05,2997744.137,3.702476e-03,3.344657e+01,2.850373e-05,1.455644e-05,3002305.898,1.250000e-04,5.53,9841.71
3812,3.696471e-03,3.326598e+01,1.781532e-05,3.834392e-05,2997891.305,3.644967e-03,3.364945e+01,1.455300e-05,2.689840e-05,3013357.719,1.250000e-04,5.23,9846.93
3813,3.574598e-03,3.327014e+01,1.553422e-05,1.844835e-05,2997799.740,3.638932e-03,3.334038e+01,2.406853e-05,1.284192e-05,2995124.953,1.250000e-04,5.66,9852.60
3814,3.596311e-03,3.326356e+01,1.573791e-05,2.251521e-05,2997859.775,3.489222e-03,3.317625e+01,1.145356e-05,1.141222e-05,2992746.078,1.250000e-04,5.43,9858.02
3815,3.581943e-03,3.326430e+01,1.663218e-05,1.783824e-05,2997884.691,3.452683e-03,3.338796e+01,9.317811e-06,4.141722e-06,3000393.812,1.250000e-04,5.65,9863.67
3816,3.596730e-03,3.326844e+01,1.541798e-05,2.314114e-05,2997913.078,3.479732e-03,3.318868e+01,9.764276e-06,1.264421e-05,2995709.945,1.250000e-04,5.08,9868.75
3817,3.597491e-03,3.326667e+01,1.659920e-05,2.096649e-05,2997599.887,3.610726e-03,3.337435e+01,1.577006e-05,2.311813e-05,3003928.773,1.250000e-04,5.60,9874.36
3818,3.606371e-03,3.327341e+01,1.516809e-05,2.546986e-05,2997950.121,3.489606e-03,3.340257e+01,1.126047e-05,7.348896e-06,3004322.273,1.250000e-04,5.27,9879.63
3819,3.572345e-03,3.327777e+01,1.573441e-05,1.744480e-05,2997936.168,3.520312e-03,3.325042e+01,1.404057e-05,1.097295e-05,3001015.586,1.250000e-04,5.49,9885.12
3820,3.622737e-03,3.326003e+01,1.569074e-05,2.796526e-05,2997777.918,3.633205e-03,3.348125e+01,1.709151e-05,2.283293e-05,3010760.836,1.250000e-04,5.51,9890.63
3821,3.611748e-03,3.325290e+01,1.559074e-05,2.611025e-05,2997781.193,3.552448e-03,3.316560e+01,1.281503e-05,2.154748e-05,2987888.930,1.250000e-04,4.96,9895.59
3822,3.663027e-03,3.326568e+01,1.682869e-05,3.363459e-05,2997762.051,3.609390e-03,3.330582e+01,1.867988e-05,1.840175e-05,2995682.062,1.250000e-04,5.52,9901.10
3823,3.584432e-03,3.326377e+01,1.517240e-05,2.126616e-05,2997791.613,3.467811e-03,3.332191e+01,9.706201e-06,7.711641e-06,3001479.625,1.250000e-04,5.71,9906.82
3824,3.711589e-03,3.327621e+01,1.812636e-05,4.054085e-05,2998005.828,3.800228e-03,3.362818e+01,1.598042e-05,5.552106e-05,3019326.906,1.250000e-04,5.56,9912.38
3825,3.584465e-03,3.326342e+01,1.736918e-05,1.688629e-05,2997682.232,3.510476e-03,3.344175e+01,1.077837e-05,1.170347e-05,3006942.172,1.250000e-04,5.13,9917.51
3826,3.576465e-03,3.326851e+01,1.488052e-05,2.016177e-05,2997947.797,3.619460e-03,3.288231e+01,1.171145e-05,4.282303e-05,2981569.086,1.250000e-04,5.14,9922.65
3827,3.594715e-03,3.327494e+01,1.463107e-05,2.418202e-05,2997985.305,3.544806e-03,3.340084e+01,1.647342e-05,7.997641e-06,3004952.852,1.250000e-04,5.68,9928.32
3828,3.621917e-03,3.326628e+01,1.729566e-05,2.446659e-05,2997767.668,3.501453e-03,3.332447e+01,1.353813e-05,6.725039e-06,3001376.023,1.250000e-04,5.51,9933.83
3829,3.577610e-03,3.326066e+01,1.561366e-05,1.908152e-05,2997842.467,3.486820e-03,3.339289e+01,1.172636e-05,6.053525e-06,3000970.844,1.250000e-04,5.73,9939.56
3830,3.600042e-03,3.326361e+01,1.422398e-05,2.628822e-05,2997810.148,3.786784e-03,3.274607e+01,1.537242e-05,7.169055e-05,2977886.875,1.250000e-04,5.78,9945.34
3831,3.584683e-03,3.325441e+01,1.425783e-05,2.333283e-05,2997678.055,3.726428e-03,3.359152e+01,1.772066e-05,3.801398e-05,3014592.523,1.250000e-04,5.97,9951.31
3832,3.591588e-03,3.327333e+01,1.388101e-05,2.508894e-05,2997949.402,3.523901e-03,3.309954e+01,1.054653e-05,2.169642e-05,2987605.016,1.250000e-04,5.23,9956.54
3833,3.570174e-03,3.327423e+01,1.452380e-05,1.950274e-05,2997889.590,3.598834e-03,3.323234e+01,1.591545e-05,2.328918e-05,2991443.953,1.250000e-04,5.39,9961.93
3834,3.571699e-03,3.327515e+01,1.493095e-05,1.897485e-05,2997748.195,3.605388e-03,3.334688e+01,2.100391e-05,1.213226e-05,2995224.289,1.250000e-04,4.64,9966.57
3835,3.608097e-03,3.327458e+01,1.489234e-05,2.634304e-05,2998093.342,3.767658e-03,3.287982e+01,1.540195e-05,6.513133e-05,2981374.320,1.250000e-04,5.49,9972.06
3836,3.583586e-03,3.327114e+01,1.622293e-05,1.884856e-05,2997793.061,3.500870e-03,3.330320e+01,1.415397e-05,5.802125e-06,2999972.062,1.250000e-04,5.50,9977.56
3837,3.597815e-03,3.325248e+01,1.722874e-05,2.005597e-05,2997798.035,3.494265e-03,3.339074e+01,1.338631e-05,4.265548e-06,3000968.523,1.250000e-04,5.36,9982.92
3838,3.599336e-03,3.326402e+01,1.659147e-05,2.140391e-05,2997788.844,3.494259e-03,3.324995e+01,1.325162e-05,7.349641e-06,2998468.102,1.250000e-04,5.65,9988.57
3839,3.555886e-03,3.326380e+01,1.395195e-05,1.799731e-05,2997979.463,3.525274e-03,3.332323e+01,1.581545e-05,6.959378e-06,3000336.344,1.250000e-04,4.99,9993.56
3840,3.620306e-03,3.326055e+01,1.571024e-05,2.742959e-05,2997902.725,3.552438e-03,3.335605e+01,1.191045e-05,1.954569e-05,3005280.211,1.250000e-04,5.14,9998.70
3841,3.611771e-03,3.325004e+01,1.707512e-05,2.320326e-05,2997693.572,3.670863e-03,3.325076e+01,2.195642e-05,2.524447e-05,2988896.242,1.250000e-04,5.81,10004.51
3842,3.615629e-03,3.328600e+01,1.561008e-05,2.618581e-05,2997923.758,3.662238e-03,3.305686e+01,1.341714e-05,4.447621e-05,2984162.297,1.250000e-04,5.22,10009.73
3843,3.641677e-03,3.327474e+01,1.625482e-05,3.033111e-05,2998031.037,3.653282e-03,3.290974e+01,1.498619e-05,4.248935e-05,2982039.133,1.250000e-04,5.58,10015.31
3844,3.617845e-03,3.325251e+01,1.583758e-05,2.684380e-05,2997603.299,3.555793e-03,3.349369e+01,1.120145e-05,1.888182e-05,2999902.039,1.250000e-04,5.36,10020.67
3845,3.599780e-03,3.325327e+01,1.484389e-05,2.520288e-05,2997772.139,3.595851e-03,3.350327e+01,1.395038e-05,2.120412e-05,3010515.641,1.250000e-04,5.33,10026.00
3846,3.556775e-03,3.326720e+01,1.414763e-05,1.771579e-05,2997873.590,3.534077e-03,3.331809e+01,1.187178e-05,1.671004e-05,3001893.961,1.250000e-04,5.54,10031.54
3847,3.587331e-03,3.326078e+01,1.575867e-05,2.073320e-05,2998024.912,3.721713e-03,3.291040e+01,1.160138e-05,6.293181e-05,2978582.977,1.250000e-04,5.80,10037.34
3848,3.539070e-03,3.326750e+01,1.363207e-05,1.519974e-05,2997672.787,3.494947e-03,3.304751e+01,9.396946e-06,1.924523e-05,2992878.359,1.250000e-04,5.93,10043.27
3849,3.563416e-03,3.325476e+01,1.433477e-05,1.891857e-05,2997857.660,3.614832e-03,3.308634e+01,2.112254e-05,1.899458e-05,2989264.305,1.250000e-04,5.44,10048.71
3850,3.586676e-03,3.324807e+01,1.653487e-05,1.930416e-05,2997728.955,3.576095e-03,3.357214e+01,1.369724e-05,1.638169e-05,3005329.242,1.250000e-04,5.12,10053.82
3851,3.615899e-03,3.327382e+01,1.590743e-05,2.588851e-05,2997899.012,3.580920e-03,3.311612e+01,1.533418e-05,2.319329e-05,2990821.445,1.250000e-04,5.36,10059.18
3852,3.568539e-03,3.326906e+01,1.392688e-05,2.047279e-05,2998016.197,3.510577e-03,3.313433e+01,1.332361e-05,1.278157e-05,2991434.008,1.250000e-04,5.24,10064.42
3853,3.583776e-03,3.326288e+01,1.459840e-05,2.230078e-05,2997863.029,3.502619e-03,3.323833e+01,1.477105e-05,6.215177e-06,2996327.281,1.250000e-04,5.49,10069.91
3854,3.574881e-03,3.324258e+01,1.468815e-05,2.074826e-05,2997571.529,3.514652e-03,3.333300e+01,1.531023e-05,5.650053e-06,2996681.828,1.250000e-04,5.63,10075.54
3855,3.603244e-03,3.327193e+01,1.635316e-05,2.250383e-05,2997991.951,3.691339e-03,3.348112e+01,2.855453e-05,1.153636e-05,3007012.539,1.250000e-04,5.13,10080.68
3856,3.583574e-03,3.326552e+01,1.544575e-05,2.051301e-05,2997816.969,3.669950e-03,3.352418e+01,1.730151e-05,2.890327e-05,3013193.188,1.250000e-04,4.59,10085.27
3857,3.567095e-03,3.326892e+01,1.415080e-05,1.973898e-05,2997863.588,3.453481e-03,3.313850e+01,8.856884e-06,1.021243e-05,2994510.914,1.250000e-04,5.33,10090.60
3858,3.647795e-03,3.326501e+01,1.776485e-05,2.872902e-05,2997867.279,3.581165e-03,3.337123e+01,2.223741e-05,4.333590e-06,2999974.562,1.250000e-04,5.30,10095.90
3859,3.616383e-03,3.326154e+01,1.581690e-05,2.641204e-05,2997785.492,3.536770e-03,3.319640e+01,1.155388e-05,2.031843e-05,2999775.773,1.250000e-04,5.58,10101.48
3860,3.633794e-03,3.326715e+01,1.723156e-05,2.695274e-05,2997865.480,3.641997e-03,3.343525e+01,1.420368e-05,3.128722e-05,3001627.164,1.250000e-04,5.39,10106.87
3861,3.588391e-03,3.327211e+01,1.575278e-05,2.073052e-05,2997875.135,3.525856e-03,3.336662e+01,1.391358e-05,1.001151e-05,3004480.117,1.250000e-04,5.28,10112.15
3862,3.557366e-03,3.327046e+01,1.567745e-05,1.470894e-05,2997823.205,3.500552e-03,3.333238e+01,1.237118e-05,8.720351e-06,2999465.734,1.250000e-04,5.40,10117.55
3863,3.593001e-03,3.327061e+01,1.358395e-05,2.602018e-05,2997901.479,3.523740e-03,3.339747e+01,1.077638e-05,1.524585e-05,3007355.039,1.250000e-04,5.52,10123.07
3864,3.592977e-03,3.327023e+01,1.629191e-05,2.060686e-05,2997955.992,3.543810e-03,3.301596e+01,1.315296e-05,2.213700e-05,2991310.711,1.250000e-04,5.84,10128.91
3865,3.630989e-03,3.325431e+01,1.646809e-05,2.817548e-05,2997714.500,3.792038e-03,3.292987e+01,1.910866e-05,6.159304e-05,2978702.320,1.250000e-04,5.24,10134.15
3866,3.584272e-03,3.328636e+01,1.427649e-05,2.257418e-05,2997911.768,3.459490e-03,3.320456e+01,9.563344e-06,8.680199e-06,2997925.859,1.250000e-04,5.71,10139.86
3867,3.579782e-03,3.327686e+01,1.576888e-05,1.888139e-05,2997921.123,3.536271e-03,3.311202e+01,1.275217e-05,1.950952e-05,2988977.078,1.250000e-04,5.18,10145.04
3868,3.568818e-03,3.326650e+01,1.430654e-05,1.982066e-05,2997957.838,3.882291e-03,3.290097e+01,2.832860e-05,6.178158e-05,2977348.102,1.250000e-04,5.85,10150.89
3869,3.604455e-03,3.324871e+01,1.557244e-05,2.477192e-05,2997716.334,3.573714e-03,3.353968e+01,1.769200e-05,8.565164e-06,3002472.500,1.250000e-04,5.29,10156.18
3870,3.615819e-03,3.327058e+01,1.537427e-05,2.700378e-05,2997851.924,3.508398e-03,3.334140e+01,1.385124e-05,7.149152e-06,2998719.680,1.250000e-04,5.51,10161.69
3871,3.598185e-03,3.326980e+01,1.630850e-05,2.162390e-05,2997823.037,3.594113e-03,3.358420e+01,1.149115e-05,2.415626e-05,3012025.383,1.250000e-04,5.64,10167.33
3872,3.552618e-03,3.326302e+01,1.317960e-05,1.890409e-05,2997835.133,3.550572e-03,3.361570e+01,1.171299e-05,1.437448e-05,3007690.992,1.250000e-04,5.48,10172.81
3873,3.576691e-03,3.326361e+01,1.538031e-05,1.930540e-05,2997842.832,3.605250e-03,3.358792e+01,1.747914e-05,1.433345e-05,3007679.656,1.250000e-04,5.51,10178.32
3874,3.596295e-03,3.327519e+01,1.622245e-05,2.131040e-05,2998037.252,3.553304e-03,3.305896e+01,1.520836e-05,1.906490e-05,2988389.609,1.250000e-04,5.64,10183.96
3875,3.616421e-03,3.327397e+01,1.663901e-05,2.452686e-05,2997802.877,3.483616e-03,3.334678e+01,1.077999e-05,8.227742e-06,2998742.852,1.250000e-04,5.32,10189.28
3876,3.572922e-03,3.327014e+01,1.420311e-05,2.077545e-05,2997967.795,3.591981e-03,3.310759e+01,1.928084e-05,1.768274e-05,2996491.750,1.250000e-04,4.80,10194.08
3877,3.631495e-03,3.324800e+01,2.089863e-05,1.954170e-05,2997661.010,3.472008e-03,3.327608e+01,1.079603e-05,7.288032e-06,2999340.633,1.250000e-04,5.39,10199.47
3878,3.600620e-03,3.326091e+01,1.678684e-05,2.133202e-05,2997945.781,3.473264e-03,3.332409e+01,1.124612e-05,5.678802e-06,2997949.453,1.250000e-04,5.46,10204.93
3879,3.601700e-03,3.324701e+01,1.608009e-05,2.323965e-05,2997851.238,3.651345e-03,3.306928e+01,1.474136e-05,3.940068e-05,2983048.906,1.250000e-04,5.31,10210.24
3880,3.685757e-03,3.326426e+01,2.087918e-05,3.010791e-05,2997730.287,3.757471e-03,3.292852e+01,1.926754e-05,5.438872e-05,2983109.922,1.250000e-04,5.55,10215.79
3881,3.699490e-03,3.327664e+01,1.860812e-05,3.714902e-05,2997833.996,3.510348e-03,3.338568e+01,1.255043e-05,9.255123e-06,2999913.352,1.250000e-04,5.71,10221.51
3882,3.559237e-03,3.325932e+01,1.491649e-05,1.682806e-05,2997876.055,3.559778e-03,3.347816e+01,1.220929e-05,1.797366e-05,3005085.484,1.250000e-04,5.41,10226.92
3883,3.583069e-03,3.325758e+01,1.348563e-05,2.449100e-05,2997797.371,3.629828e-03,3.343328e+01,1.066853e-05,3.596297e-05,3006789.258,1.250000e-04,5.38,10232.30
3884,3.629876e-03,3.326474e+01,1.616928e-05,2.834177e-05,2997709.385,3.465038e-03,3.324080e+01,1.050971e-05,7.172161e-06,2999412.609,1.250000e-04,5.40,10237.71
3885,3.538749e-03,3.326289e+01,1.426098e-05,1.397006e-05,2998031.922,3.597643e-03,3.306010e+01,1.452672e-05,2.927309e-05,2994712.875,1.250000e-04,5.52,10243.23
3886,3.555969e-03,3.324750e+01,1.458755e-05,1.706863e-05,2997713.078,3.787608e-03,3.386325e+01,1.749702e-05,4.526242e-05,3018671.539,1.250000e-04,5.35,10248.58
3887,3.612471e-03,3.327557e+01,1.624682e-05,2.448919e-05,2998000.205,3.544966e-03,3.313969e+01,1.762663e-05,1.094605e-05,2995546.719,1.250000e-04,5.66,10254.24
3888,3.587472e-03,3.325316e+01,1.662577e-05,1.917976e-05,2997790.705,3.451505e-03,3.327022e+01,9.712456e-06,5.471713e-06,2995414.078,1.250000e-04,6.08,10260.31
3889,3.629130e-03,3.327736e+01,1.581314e-05,2.865254e-05,2997858.867,3.493150e-03,3.309984e+01,1.178856e-05,1.305605e-05,2995115.969,1.250000e-04,5.20,10265.51
3890,3.606723e-03,3.325195e+01,1.555585e-05,2.519404e-05,2997915.154,3.511594e-03,3.321218e+01,1.065602e-05,1.676312e-05,2996384.383,1.250000e-04,5.09,10270.60
3891,3.616271e-03,3.325908e+01,1.557910e-05,2.691451e-05,2997839.449,3.559243e-03,3.330241e+01,1.891551e-05,7.969352e-06,3001962.656,1.250000e-04,5.33,10275.93
3892,3.597876e-03,3.326119e+01,1.687848e-05,2.059447e-05,2997874.357,3.576877e-03,3.358380e+01,1.175532e-05,2.018869e-05,3009680.742,1.250000e-04,5.50,10281.44
3893,3.568939e-03,3.325335e+01,1.489008e-05,1.894060e-05,2997844.590,3.511361e-03,3.331374e+01,1.313744e-05,9.722639e-06,2998205.938,1.250000e-04,5.77,10287.21
3894,3.567774e-03,3.327267e+01,1.420516e-05,1.969118e-05,2997943.551,3.663043e-03,3.339398e+01,1.893926e-05,2.685037e-05,3007964.320,1.250000e-04,5.54,10292.75
3895,3.633678e-03,3.325540e+01,1.588412e-05,2.985950e-05,2997633.699,3.528774e-03,3.334657e+01,1.362426e-05,1.157504e-05,2996756.391,1.250000e-04,5.38,10298.13
3896,3.594845e-03,3.326949e+01,1.620086e-05,2.117735e-05,2998062.018,3.505673e-03,3.314325e+01,1.312780e-05,1.201402e-05,2992151.156,1.250000e-04,5.48,10303.61
3897,3.574803e-03,3.326331e+01,1.423127e-05,2.123188e-05,2997881.797,3.530072e-03,3.302282e+01,9.668405e-06,2.622122e-05,2987253.461,1.250000e-04,5.02,10308.63
3898,3.560118e-03,3.325986e+01,1.327335e-05,2.027965e-05,2997608.713,3.682876e-03,3.346212e+01,1.981854e-05,2.769568e-05,3009919.344,1.250000e-04,5.65,10314.28
3899,3.604383e-03,3.325944e+01,1.487248e-05,2.594294e-05,2997934.689,3.464286e-03,3.324572e+01,1.021561e-05,7.511623e-06,2996172.836,1.250000e-04,5.39,10319.67
3900,3.614905e-03,3.327126e+01,1.632388e-05,2.490791e-05,2997935.445,3.556543e-03,3.316205e+01,1.311673e-05,2.183418e-05,2992758.766,1.250000e-04,5.75,10325.43
3901,3.626329e-03,3.325584e+01,1.534037e-05,2.946836e-05,2997738.344,3.509084e-03,3.332199e+01,1.541755e-05,4.541940e-06,2998068.969,1.250000e-04,5.27,10330.70
3902,3.585740e-03,3.325968e+01,1.500897e-05,2.193636e-05,2997887.848,3.589565e-03,3.333103e+01,2.301209e-05,5.268250e-06,2999141.742,1.250000e-04,5.59,10336.29
3903,3.571929e-03,3.326118e+01,1.590165e-05,1.735900e-05,2997882.492,3.624027e-03,3.330500e+01,2.556276e-05,7.579928e-06,3001369.344,1.250000e-04,5.06,10341.35
3904,3.572704e-03,3.325690e+01,1.501260e-05,1.937743e-05,2997799.289,3.558827e-03,3.351591e+01,1.213688e-05,1.717333e-05,3009597.586,1.250000e-04,5.51,10346.86
3905,3.577882e-03,3.326036e+01,1.436422e-05,2.164085e-05,2997997.949,3.460135e-03,3.331637e+01,1.003297e-05,5.633642e-06,2999159.789,1.250000e-04,5.44,10352.30
3906,3.608255e-03,3.325834e+01,1.634449e-05,2.379536e-05,2997795.504,3.687972e-03,3.369679e+01,1.966782e-05,2.432303e-05,3007702.828,1.250000e-04,5.71,10358.01
3907,3.623245e-03,3.326177e+01,1.437702e-05,3.065962e-05,2998033.109,4.288578e-03,3.232859e+01,1.729604e-05,1.765518e-04,2962467.289,1.250000e-04,5.55,10363.56
3908,3.666220e-03,3.326006e+01,1.893879e-05,3.016522e-05,2997594.213,3.523463e-03,3.313040e+01,1.100239e-05,2.007978e-05,2989271.867,1.250000e-04,5.32,10368.88
3909,3.590158e-03,3.325924e+01,1.523595e-05,2.237498e-05,2997799.727,3.541249e-03,3.351243e+01,1.298130e-05,1.203857e-05,3006317.422,1.250000e-04,5.94,10374.83
3910,3.583248e-03,3.326670e+01,1.487384e-05,2.156796e-05,2997918.053,3.554703e-03,3.312420e+01,1.341153e-05,2.163367e-05,2987739.930,1.250000e-04,5.03,10379.86
3911,3.613269e-03,3.325926e+01,1.731939e-05,2.282990e-05,2997798.113,3.493427e-03,3.322901e+01,1.285117e-05,8.402980e-06,2993141.180,1.250000e-04,5.53,10385.40
3912,3.609166e-03,3.323674e+01,1.583687e-05,2.542467e-05,2997806.102,3.845092e-03,3.383934e+01,1.880450e-05,5.462264e-05,3019458.555,1.250000e-04,5.47,10390.87
3913,3.619070e-03,3.326893e+01,1.422124e-05,2.999298e-05,2997684.209,3.893988e-03,3.361698e+01,3.366880e-05,3.912040e-05,3015980.367,1.250000e-04,5.60,10396.46
3914,3.593366e-03,3.325035e+01,1.617786e-05,2.131068e-05,2998104.193,3.597549e-03,3.304347e+01,1.285329e-05,3.293379e-05,2984255.945,1.250000e-04,5.00,10401.46
3915,3.615423e-03,3.324800e+01,1.555530e-05,2.701396e-05,2997638.178,3.540288e-03,3.300968e+01,1.102675e-05,2.581063e-05,2987106.391,1.250000e-04,5.49,10406.96
3916,3.614174e-03,3.324465e+01,1.563520e-05,2.667136e-05,2998002.781,3.476347e-03,3.327241e+01,1.035387e-05,9.113508e-06,2993633.367,1.250000e-04,5.47,10412.43
3917,3.596068e-03,3.325736e+01,1.488591e-05,2.429459e-05,2998152.205,4.228604e-03,3.270661e+01,2.385664e-05,1.438753e-04,2967803.836,1.250000e-04,5.38,10417.81
3918,3.630585e-03,3.324103e+01,1.646275e-05,2.837089e-05,2997327.246,3.503629e-03,3.349580e+01,9.800007e-06,1.120975e-05,3007756.250,1.250000e-04,5.36,10423.16
3919,3.585103e-03,3.326797e+01,1.503458e-05,2.159212e-05,2998043.578,3.600990e-03,3.320673e+01,2.163650e-05,1.279037e-05,2997095.484,1.250000e-04,5.69,10428.85
3920,3.618126e-03,3.324732e+01,1.798393e-05,2.271085e-05,2997623.297,3.715831e-03,3.346880e+01,2.067499e-05,3.244024e-05,3012188.258,1.250000e-04,4.86,10433.72
3921,3.583045e-03,3.325648e+01,1.463006e-05,2.221937e-05,2998036.615,3.535214e-03,3.317220e+01,1.263947e-05,1.831983e-05,2992275.141,1.250000e-04,5.38,10439.10
3922,3.584290e-03,3.326272e+01,1.541869e-05,2.076634e-05,2998013.480,3.589284e-03,3.296101e+01,1.764093e-05,2.335481e-05,2989392.297,1.250000e-04,5.20,10444.30
3923,3.599015e-03,3.323839e+01,1.579025e-05,2.345465e-05,2997642.373,3.568240e-03,3.302272e+01,1.372945e-05,2.573477e-05,2987024.625,1.250000e-04,5.16,10449.46
3924,3.613568e-03,3.326484e+01,1.489675e-05,2.762322e-05,2997800.564,3.600301e-03,3.327702e+01,1.554670e-05,2.342640e-05,3006563.383,1.250000e-04,5.57,10455.03
3925,3.623130e-03,3.326612e+01,1.804421e-05,2.321528e-05,2997815.188,3.604080e-03,3.344897e+01,2.021689e-05,1.140278e-05,3005810.523,1.250000e-04,5.06,10460.09
3926,3.570735e-03,3.325185e+01,1.591978e-05,1.727034e-05,2997811.104,3.513972e-03,3.330405e+01,1.062182e-05,1.546979e-05,2996992.586,1.250000e-04,5.56,10465.65
3927,3.588294e-03,3.324964e+01,1.468998e-05,2.328607e-05,2997903.139,3.537498e-03,3.321470e+01,1.327599e-05,1.665367e-05,2992419.352,1.250000e-04,5.47,10471.12
3928,3.630121e-03,3.327832e+01,1.647750e-05,2.750279e-05,2998074.277,3.627146e-03,3.332693e+01,2.434519e-05,1.020024e-05,3002970.211,1.250000e-04,5.44,10476.56
3929,3.595301e-03,3.325237e+01,1.595861e-05,2.209548e-05,2997695.365,3.764190e-03,3.291004e+01,1.536771e-05,6.390182e-05,2988984.688,1.250000e-04,5.41,10481.97
3930,3.602720e-03,3.324610e+01,1.477209e-05,2.607782e-05,2997522.127,3.720674e-03,3.366514e+01,2.390578e-05,2.302048e-05,3010144.789,1.250000e-04,5.49,10487.47
3931,3.592228e-03,3.324738e+01,1.464530e-05,2.420737e-05,2998008.371,3.894860e-03,3.366115e+01,2.201255e-05,6.172381e-05,3017930.633,1.250000e-04,5.58,10493.05
3932,3.582926e-03,3.325381e+01,1.619813e-05,1.911290e-05,2997852.002,3.519822e-03,3.322100e+01,1.140847e-05,1.672750e-05,3002879.047,1.250000e-04,5.00,10498.04
3933,3.587994e-03,3.325340e+01,1.452314e-05,2.348451e-05,2998023.480,3.613822e-03,3.297533e+01,1.081724e-05,4.162326e-05,2983274.234,1.250000e-04,5.59,10503.63
3934,3.590635e-03,3.326245e+01,1.447645e-05,2.392510e-05,2997788.350,3.472550e-03,3.328945e+01,1.163505e-05,5.450897e-06,2996489.117,1.250000e-04,5.68,10509.31
3935,3.597252e-03,3.325801e+01,1.563964e-05,2.301085e-05,2997891.520,3.480988e-03,3.331523e+01,1.115464e-05,7.583750e-06,3001454.625,1.250000e-04,5.49,10514.81
3936,3.604396e-03,3.326523e+01,1.522099e-05,2.513264e-05,2997819.330,3.523799e-03,3.323229e+01,1.587510e-05,8.363839e-06,2996867.898,1.250000e-04,5.69,10520.50
3937,3.563923e-03,3.325131e+01,1.348214e-05,2.079428e-05,2997882.236,3.744657e-03,3.311525e+01,1.790724e-05,5.081191e-05,2982716.461,1.250000e-04,5.81,10526.31
3938,3.608558e-03,3.324606e+01,1.847739e-05,1.983581e-05,2997443.449,3.802141e-03,3.372820e+01,2.549559e-05,3.487306e-05,3013537.430,1.250000e-04,5.35,10531.66
3939,3.673410e-03,3.326815e+01,1.935928e-05,3.060037e-05,2998264.533,3.613635e-03,3.305341e+01,2.289086e-05,1.587709e-05,2990573.289,1.250000e-04,5.28,10536.94
3940,3.548082e-03,3.325222e+01,1.409562e-05,1.638081e-05,2997937.928,3.580313e-03,3.303481e+01,1.157130e-05,3.222380e-05,2986591.219,1.250000e-04,5.06,10542.00
3941,3.604513e-03,3.324777e+01,1.675441e-05,2.243837e-05,2997682.252,3.738119e-03,3.355971e+01,1.151897e-05,5.339160e-05,3017455.750,1.250000e-04,5.52,10547.52
3942,3.612150e-03,3.325095e+01,1.584375e-05,2.572360e-05,2997654.705,3.749660e-03,3.350711e+01,2.297602e-05,3.383779e-05,3013100.281,1.250000e-04,5.24,10552.76
3943,3.568125e-03,3.325882e+01,1.573153e-05,1.698559e-05,2998039.920,3.476349e-03,3.324397e+01,1.324229e-05,3.905844e-06,2997095.367,1.250000e-04,4.90,10557.66
3944,3.614655e-03,3.326590e+01,1.641395e-05,2.478518e-05,2997878.199,3.609026e-03,3.335368e+01,1.423877e-05,2.625411e-05,3007479.898,1.250000e-04,5.56,10563.22
3945,3.603427e-03,3.324059e+01,1.581182e-05,2.425009e-05,2997921.598,3.803452e-03,3.290617e+01,1.749480e-05,6.757737e-05,2977208.602,1.250000e-04,5.40,10568.61
3946,3.628400e-03,3.325587e+01,1.713080e-05,2.630104e-05,2997651.871,3.819162e-03,3.324438e+01,3.605365e-05,2.683751e-05,3002559.859,1.250000e-04,4.92,10573.53
3947,3.576165e-03,3.325377e+01,1.403545e-05,2.208671e-05,2997957.633,3.516084e-03,3.338405e+01,1.287110e-05,9.793703e-06,3004021.641,1.250000e-04,5.42,10578.95
3948,3.619339e-03,3.325932e+01,1.614825e-05,2.638504e-05,2997615.361,3.866286e-03,3.372865e+01,2.326104e-05,5.216218e-05,3019108.148,1.250000e-04,5.47,10584.42
3949,3.619013e-03,3.324108e+01,1.671804e-05,2.554494e-05,2997876.387,4.032516e-03,3.391573e+01,3.379814e-05,6.059236e-05,3021049.305,1.250000e-04,5.50,10589.92
3950,3.575916e-03,3.326621e+01,1.552461e-05,1.880981e-05,2997861.756,3.692025e-03,3.339890e+01,2.401637e-05,2.239432e-05,3004332.414,1.250000e-04,5.41,10595.32
3951,3.566713e-03,3.323965e+01,1.538963e-05,1.777042e-05,2997793.797,4.083556e-03,3.403350e+01,1.858902e-05,9.886320e-05,3028517.680,1.250000e-04,4.98,10600.31
3952,3.613610e-03,3.327271e+01,1.673176e-05,2.380428e-05,2998034.402,3.653472e-03,3.281446e+01,1.236806e-05,4.966918e-05,2982857.391,1.250000e-04,5.10,10605.40
3953,3.598349e-03,3.324133e+01,1.534244e-05,2.415821e-05,2997802.039,3.571931e-03,3.315101e+01,1.110659e-05,2.915288e-05,3001375.578,1.250000e-04,5.35,10610.75
3954,3.572534e-03,3.323999e+01,1.410956e-05,2.148780e-05,2997724.266,3.521244e-03,3.313617e+01,1.223755e-05,1.705020e-05,2990184.742,1.250000e-04,5.28,10616.03
3955,3.627155e-03,3.324894e+01,1.547677e-05,2.949868e-05,2998038.344,3.564664e-03,3.334364e+01,1.885874e-05,8.342464e-06,3001729.133,1.250000e-04,5.71,10621.74
3956,3.596489e-03,3.324906e+01,1.591352e-05,2.248957e-05,2997684.355,3.699321e-03,3.348742e+01,1.851521e-05,3.308543e-05,3012263.578,1.250000e-04,5.48,10627.22
3957,3.615434e-03,3.326164e+01,1.687863e-05,2.409667e-05,2998030.217,3.479107e-03,3.328306e+01,1.131016e-05,7.539909e-06,3002305.914,1.250000e-04,4.78,10632.00
3958,3.589360e-03,3.325348e+01,1.435136e-05,2.409968e-05,2997776.152,3.490159e-03,3.335228e+01,1.145856e-05,8.069134e-06,2999454.969,1.250000e-04,5.36,10637.36
3959,3.603516e-03,3.325392e+01,1.460854e-05,2.640778e-05,2997949.895,3.560632e-03,3.309424e+01,1.489887e-05,2.044387e-05,2995214.602,1.250000e-04,5.44,10642.80
3960,3.629472e-03,3.322985e+01,1.600425e-05,2.928904e-05,2997506.020,3.649883e-03,3.348646e+01,1.417957e-05,3.188830e-05,3013433.891,1.250000e-04,5.72,10648.52
3961,3.576863e-03,3.323786e+01,1.450305e-05,2.160922e-05,2997844.219,3.628390e-03,3.365487e+01,1.308243e-05,2.641587e-05,3013171.523,1.250000e-04,4.82,10653.34
3962,3.539819e-03,3.326584e+01,1.492121e-05,1.280465e-05,2997947.471,3.460435e-03,3.318434e+01,1.128889e-05,5.822367e-06,2995796.781,1.250000e-04,5.10,10658.44
3963,3.621554e-03,3.323989e+01,1.677822e-05,2.595676e-05,2997753.439,3.657720e-03,3.323865e+01,1.375980e-05,3.925136e-05,2993464.984,1.250000e-04,5.42,10663.86
3964,3.613979e-03,3.324227e+01,1.779990e-05,2.235048e-05,2997878.102,3.502418e-03,3.321737e+01,1.061106e-05,1.491403e-05,2991379.016,1.250000e-04,6.10,10669.96
3965,3.576301e-03,3.326520e+01,1.434890e-05,2.125835e-05,2997970.744,3.473314e-03,3.317254e+01,1.132555e-05,8.561032e-06,2993067.359,1.250000e-04,5.31,10675.26
3966,3.590360e-03,3.323830e+01,1.490630e-05,2.349333e-05,2997738.488,3.504988e-03,3.319353e+01,1.291872e-05,1.128967e-05,2992707.711,1.250000e-04,5.76,10681.02
3967,3.620122e-03,3.324838e+01,1.590343e-05,2.724995e-05,2997711.459,3.701264e-03,3.325930e+01,2.998718e-05,1.509248e-05,3000698.852,1.250000e-04,5.56,10686.58
3968,3.609151e-03,3.324683e+01,1.493327e-05,2.702700e-05,2997847.244,3.584333e-03,3.346512e+01,1.092009e-05,2.572409e-05,3008067.484,1.250000e-04,5.69,10692.27
3969,3.603562e-03,3.324879e+01,1.584430e-05,2.404799e-05,2997656.979,4.738800e-03,3.432851e+01,3.796426e-05,1.852614e-04,3039331.188,1.250000e-04,4.89,10697.16
3970,3.634319e-03,3.325198e+01,1.722209e-05,2.737997e-05,2998213.434,3.668751e-03,3.303014e+01,1.837050e-05,3.640653e-05,2984786.188,1.250000e-04,4.84,10702.00
3971,3.596272e-03,3.324259e+01,1.582425e-05,2.275413e-05,2997914.777,3.624012e-03,3.323290e+01,2.097618e-05,1.819200e-05,2997092.539,1.250000e-04,5.21,10707.21
3972,3.583210e-03,3.325461e+01,1.467965e-05,2.219056e-05,2997904.168,3.685899e-03,3.291178e+01,2.103675e-05,3.687071e-05,2983545.273,1.250000e-04,6.23,10713.44
3973,3.561493e-03,3.324108e+01,1.385200e-05,1.977301e-05,2997795.477,3.476721e-03,3.329873e+01,9.138463e-06,1.109270e-05,2995903.562,1.250000e-04,5.79,10719.23
3974,3.637767e-03,3.324071e+01,1.622758e-05,3.028399e-05,2997786.945,3.485998e-03,3.334481e+01,1.042664e-05,9.450166e-06,2997791.055,1.250000e-04,5.42,10724.65
3975,3.580213e-03,3.325540e+01,1.520439e-05,2.052589e-05,2997956.838,3.635781e-03,3.293551e+01,1.481254e-05,3.882092e-05,2983178.289,1.250000e-04,5.70,10730.35
3976,3.632165e-03,3.323600e+01,1.608047e-05,2.955216e-05,2997811.695,3.634885e-03,3.310794e+01,1.470743e-05,3.540340e-05,2986700.531,1.250000e-04,5.10,10735.45
3977,3.591603e-03,3.325767e+01,1.583173e-05,2.150363e-05,2997844.338,3.496165e-03,3.325471e+01,1.352406e-05,7.090725e-06,2997468.359,1.250000e-04,5.26,10740.71
3978,3.614791e-03,3.324197e+01,1.577034e-05,2.657801e-05,2997899.041,3.776308e-03,3.287789e+01,2.225033e-05,5.320301e-05,2979742.961,1.250000e-04,5.45,10746.16
3979,3.598108e-03,3.323479e+01,1.583547e-05,2.325491e-05,2997775.361,3.465349e-03,3.326679e+01,1.149593e-05,4.742126e-06,2999539.695,1.250000e-04,5.14,10751.29
3980,3.620894e-03,3.323811e+01,1.702818e-05,2.536029e-05,2997758.547,3.538868e-03,3.317442e+01,1.458858e-05,1.510816e-05,2998487.680,1.250000e-04,5.50,10756.79
3981,3.591577e-03,3.324632e+01,1.638918e-05,2.061067e-05,2997876.773,3.591234e-03,3.355086e+01,1.503160e-05,1.716644e-05,3007711.086,1.250000e-04,5.38,10762.18
3982,3.590071e-03,3.325343e+01,1.824264e-05,1.646038e-05,2997681.275,3.723151e-03,3.364736e+01,1.751862e-05,3.664594e-05,3016741.000,1.250000e-04,4.93,10767.11
3983,3.593710e-03,3.323781e+01,1.559361e-05,2.279867e-05,2997906.600,3.533707e-03,3.339050e+01,1.120641e-05,1.651862e-05,3002944.258,1.250000e-04,5.62,10772.73
3984,3.588449e-03,3.326204e+01,1.456850e-05,2.331196e-05,2997732.547,4.036806e-03,3.368612e+01,2.641956e-05,8.079973e-05,3020296.859,1.250000e-04,5.16,10777.89
3985,3.583684e-03,3.324972e+01,1.579435e-05,2.015381e-05,2997950.582,3.516052e-03,3.316725e+01,1.460756e-05,1.065015e-05,2994345.258,1.250000e-04,5.53,10783.43
3986,3.581715e-03,3.325377e+01,1.452407e-05,2.221934e-05,2997933.734,3.771274e-03,3.289438e+01,1.334720e-05,6.967280e-05,2979063.625,1.250000e-04,5.27,10788.70
3987,3.592033e-03,3.324396e+01,1.424271e-05,2.504193e-05,2997875.482,3.471000e-03,3.315794e+01,1.055892e-05,9.923390e-06,2995984.664,1.250000e-04,5.35,10794.06
3988,3.568554e-03,3.324073e+01,1.387833e-05,2.113971e-05,2997719.541,3.548243e-03,3.315825e+01,1.749207e-05,1.149946e-05,2992594.562,1.250000e-04,5.59,10799.65
3989,3.573201e-03,3.325258e+01,1.447904e-05,2.063054e-05,2997796.959,3.676271e-03,3.349101e+01,1.597118e-05,3.349175e-05,3013743.250,1.250000e-04,5.44,10805.09
3990,3.571601e-03,3.325122e+01,1.781305e-05,1.366975e-05,2998069.213,3.848832e-03,3.285730e+01,2.138576e-05,6.984882e-05,2977914.773,1.250000e-04,5.44,10810.53
3991,3.610572e-03,3.325025e+01,1.449522e-05,2.811912e-05,2997752.941,3.522547e-03,3.321717e+01,9.901922e-06,2.036216e-05,2995959.453,1.250000e-04,5.41,10815.94
3992,3.616472e-03,3.324448e+01,1.582413e-05,2.675668e-05,2997685.232,3.566947e-03,3.348158e+01,1.329006e-05,1.717784e-05,3010122.914,1.250000e-04,5.86,10821.80
3993,3.583657e-03,3.324191e+01,1.459072e-05,2.271186e-05,2997937.938,3.733646e-03,3.306767e+01,2.728088e-05,3.081400e-05,2987197.328,1.250000e-04,5.66,10827.46
3994,3.566877e-03,3.324391e+01,1.550534e-05,1.748647e-05,2997943.953,3.508900e-03,3.309233e+01,1.192844e-05,1.607667e-05,2990107.445,1.250000e-04,5.58,10833.04
3995,3.576421e-03,3.323732e+01,1.450038e-05,2.153699e-05,2997680.994,3.619042e-03,3.337854e+01,1.747089e-05,2.129582e-05,2999024.812,1.250000e-04,5.33,10838.37
3996,3.592411e-03,3.324372e+01,1.421963e-05,2.516853e-05,2998033.137,3.913512e-03,3.288743e+01,2.051873e-05,8.391622e-05,2975167.617,1.250000e-04,5.58,10843.95
3997,3.576319e-03,3.325008e+01,1.470613e-05,2.085003e-05,2997717.922,3.471625e-03,3.329428e+01,1.252567e-05,3.388143e-06,2998808.414,1.250000e-04,5.15,10849.10
3998,3.598788e-03,3.322763e+01,1.516720e-05,2.487072e-05,2997617.689,3.578624e-03,3.351254e+01,1.532855e-05,1.481677e-05,3007733.750,1.250000e-04,5.58,10854.68
3999,3.553850e-03,3.326191e+01,1.316884e-05,1.919405e-05,2998054.402,3.590464e-03,3.293863e+01,1.026798e-05,3.878417e-05,2983315.414,1.250000e-04,5.80,10860.48
4000,3.583171e-03,3.324026e+01,1.506093e-05,2.170724e-05,2997789.262,3.717187e-03,3.371225e+01,1.241861e-05,4.435521e-05,3018248.203,1.250000e-04,5.47,10865.96
4001,3.637551e-03,3.324202e+01,1.732522e-05,2.801939e-05,2997585.623,3.859589e-03,3.375938e+01,2.111321e-05,5.450380e-05,3020692.234,1.250000e-04,5.55,10871.51
4002,3.629021e-03,3.326717e+01,1.605784e-05,2.834511e-05,2998192.475,3.641746e-03,3.291369e+01,1.788348e-05,3.430836e-05,2989280.047,1.250000e-04,5.24,10876.75
4003,3.609815e-03,3.322142e+01,1.499209e-05,2.755036e-05,2997932.576,3.550071e-03,3.306632e+01,1.139469e-05,2.589836e-05,2985577.734,1.250000e-04,5.38,10882.13
4004,3.582129e-03,3.323908e+01,1.437413e-05,2.289589e-05,2997555.203,3.476483e-03,3.328639e+01,1.030889e-05,8.950874e-06,2994402.750,1.250000e-04,5.29,10887.42
4005,3.610068e-03,3.326485e+01,1.615740e-05,2.440173e-05,2997875.082,3.631501e-03,3.331068e+01,2.040025e-05,1.928609e-05,2993921.641,1.250000e-04,5.45,10892.87
4006,3.665636e-03,3.324208e+01,1.801812e-05,3.224935e-05,2997772.631,3.584691e-03,3.362157e+01,1.220563e-05,2.009558e-05,3010543.203,1.250000e-04,5.79,10898.66
4007,3.584898e-03,3.325653e+01,1.493013e-05,2.198889e-05,2997813.025,3.704431e-03,3.368840e+01,1.035578e-05,4.640663e-05,3018422.570,1.250000e-04,5.71,10904.37
4008,3.680896e-03,3.324303e+01,1.757908e-05,3.616028e-05,2997983.750,3.545048e-03,3.317852e+01,1.548468e-05,1.446994e-05,2992276.539,1.250000e-04,6.13,10910.50
4009,3.594340e-03,3.326071e+01,1.658064e-05,2.049236e-05,2997901.965,3.719353e-03,3.329334e+01,3.106545e-05,1.587280e-05,2995641.094,1.250000e-04,5.60,10916.10
4010,3.632564e-03,3.324506e+01,1.782590e-05,2.595987e-05,2997521.010,3.829563e-03,3.347258e+01,1.743966e-05,6.158176e-05,3011304.469,1.250000e-04,5.88,10921.98
4011,3.598382e-03,3.325351e+01,1.580854e-05,2.298913e-05,2998107.096,3.485508e-03,3.314143e+01,1.066109e-05,1.295066e-05,2990479.234,1.250000e-04,5.52,10927.50
4012,3.549707e-03,3.325067e+01,1.366334e-05,1.760121e-05,2997909.500,3.551691e-03,3.313029e+01,1.271025e-05,2.231194e-05,2989597.555,1.250000e-04,5.88,10933.38
4013,3.588919e-03,3.324282e+01,1.687484e-05,1.917774e-05,2997643.840,3.619255e-03,3.360395e+01,1.439159e-05,2.298874e-05,3009180.250,1.250000e-04,5.05,10938.43
4014,3.606133e-03,3.323798e+01,1.695067e-05,2.256564e-05,2998095.463,3.711368e-03,3.327175e+01,3.319751e-05,1.044365e-05,2995181.664,1.250000e-04,5.49,10943.92
4015,3.623401e-03,3.326729e+01,1.567180e-05,2.799079e-05,2997710.916,3.613583e-03,3.298466e+01,1.474637e-05,3.353066e-05,2984447.422,1.250000e-04,5.36,10949.28
4016,3.603857e-03,3.325532e+01,1.482890e-05,2.600720e-05,2997916.701,3.572584e-03,3.313538e+01,1.181790e-05,2.817334e-05,2996549.406,1.250000e-04,5.86,10955.14
4017,3.612823e-03,3.323289e+01,1.612928e-05,2.564824e-05,2997865.885,3.545809e-03,3.312729e+01,1.095997e-05,2.469605e-05,2988585.719,1.250000e-04,5.54,10960.68
4018,3.566727e-03,3.324506e+01,1.471475e-05,1.901479e-05,2997648.152,3.496585e-03,3.330144e+01,1.234456e-05,8.599031e-06,2999605.547,1.250000e-04,5.62,10966.30
4019,3.574323e-03,3.325241e+01,1.349430e-05,2.282784e-05,2997895.979,3.595698e-03,3.349791e+01,1.490913e-05,1.936312e-05,3010198.945,1.250000e-04,5.51,10971.81
4020,3.599398e-03,3.324704e+01,1.492091e-05,2.509686e-05,2997842.262,3.723109e-03,3.305434e+01,2.099972e-05,4.153551e-05,2987452.102,1.250000e-04,5.49,10977.30
4021,3.640589e-03,3.323590e+01,1.581223e-05,3.177540e-05,2997882.273,3.500241e-03,3.342834e+01,1.019769e-05,1.108605e-05,3005438.242,1.250000e-04,5.40,10982.70
4022,3.587907e-03,3.325873e+01,1.541819e-05,2.157042e-05,2997932.281,3.550112e-03,3.338227e+01,1.783058e-05,6.715974e-06,3001875.805,1.250000e-04,5.41,10988.11
4023,3.645106e-03,3.324974e+01,1.523474e-05,3.355692e-05,2997650.492,3.865554e-03,3.364040e+01,3.248207e-05,3.533865e-05,3013338.562,1.250000e-04,5.54,10993.65
4024,3.602617e-03,3.324960e+01,1.595348e-05,2.362437e-05,2998152.064,4.244384e-03,3.248873e+01,3.000373e-05,1.390948e-04,2967396.727,1.250000e-04,5.71,10999.35
4025,3.588506e-03,3.324508e+01,1.473673e-05,2.332619e-05,2997495.768,3.596009e-03,3.336476e+01,2.159546e-05,8.715606e-06,3000678.781,1.250000e-04,5.72,11005.07
4026,3.593265e-03,3.327124e+01,1.597211e-05,2.128408e-05,2998092.826,3.569397e-03,3.304807e+01,1.674181e-05,1.943424e-05,2988733.195,1.250000e-04,5.45,11010.52
4027,3.563812e-03,3.324084e+01,1.485384e-05,1.823802e-05,2997802.021,3.467916e-03,3.338817e+01,9.784373e-06,6.251128e-06,3003829.305,1.250000e-04,5.55,11016.07
4028,3.619041e-03,3.326013e+01,1.604418e-05,2.651744e-05,2997760.742,3.630123e-03,3.331498e+01,2.420015e-05,1.132468e-05,3000653.852,1.250000e-04,5.37,11021.44
4029,3.590685e-03,3.325142e+01,1.611777e-05,2.087309e-05,2997520.154,4.327586e-03,3.400754e+01,1.960467e-05,1.461571e-04,3034514.758,1.250000e-04,5.59,11027.03
4030,3.582662e-03,3.324851e+01,1.500196e-05,2.155835e-05,2998300.746,3.623265e-03,3.334756e+01,2.138957e-05,1.492268e-05,3006099.141,1.250000e-04,5.56,11032.59
4031,3.564513e-03,3.324739e+01,1.596530e-05,1.602423e-05,2997655.430,4.464965e-03,3.384528e+01,2.494277e-05,1.662019e-04,3034200.078,1.250000e-04,5.65,11038.24
4032,3.614081e-03,3.324563e+01,1.509033e-05,2.772300e-05,2998102.021,3.532939e-03,3.311617e+01,1.239726e-05,1.946984e-05,2987938.688,1.250000e-04,5.35,11043.59
4033,3.614285e-03,3.324139e+01,1.631122e-05,2.540684e-05,2997796.221,3.578564e-03,3.326953e+01,1.927167e-05,1.177882e-05,2995531.188,1.250000e-04,5.17,11048.76
4034,3.558298e-03,3.325551e+01,1.499833e-05,1.655264e-05,2997879.125,3.504117e-03,3.312535e+01,1.210516e-05,1.410608e-05,2993885.445,1.250000e-04,5.50,11054.26
4035,3.572817e-03,3.325900e+01,1.495338e-05,1.947665e-05,2997894.461,3.540560e-03,3.314864e+01,1.689568e-05,1.134793e-05,2998502.672,1.250000e-04,5.10,11059.35
4036,3.645971e-03,3.324343e+01,2.065767e-05,2.301018e-05,2997785.223,3.501894e-03,3.315592e+01,1.231245e-05,1.263548e-05,2992863.133,1.250000e-04,5.49,11064.84
4037,3.636599e-03,3.325265e+01,1.943550e-05,2.339567e-05,2997873.721,3.505384e-03,3.315135e+01,1.415413e-05,9.741527e-06,2993662.617,1.250000e-04,5.40,11070.24
4038,3.625046e-03,3.324820e+01,1.649851e-05,2.704832e-05,2997696.016,3.520599e-03,3.313501e+01,1.589622e-05,9.627206e-06,2995743.875,1.250000e-04,5.48,11075.72
4039,3.565886e-03,3.322656e+01,1.566634e-05,1.731324e-05,2997864.285,3.525694e-03,3.340109e+01,1.208763e-05,1.294176e-05,3002117.859,1.250000e-04,5.20,11080.92
4040,3.613849e-03,3.323692e+01,1.366624e-05,3.069898e-05,2997789.045,3.459369e-03,3.325564e+01,1.079777e-05,5.165403e-06,2996913.750,1.250000e-04,5.27,11086.19
4041,3.619823e-03,3.326781e+01,1.557849e-05,2.745128e-05,2997781.494,3.706266e-03,3.360040e+01,1.840292e-05,3.243937e-05,3008121.000,1.250000e-04,5.89,11092.08
4042,3.693084e-03,3.324274e+01,1.771218e-05,3.833762e-05,2997973.369,3.658177e-03,3.309028e+01,1.184090e-05,4.614801e-05,2985196.133,1.250000e-04,5.29,11097.37
4043,3.573002e-03,3.325825e+01,1.527171e-05,1.889194e-05,2997781.311,3.578865e-03,3.304184e+01,1.621778e-05,2.250054e-05,2989862.938,1.250000e-04,5.23,11102.59
4044,3.567659e-03,3.325671e+01,1.549345e-05,1.741066e-05,2997906.229,3.548625e-03,3.350144e+01,1.320230e-05,1.329162e-05,3004737.289,1.250000e-04,5.43,11108.02
4045,3.578729e-03,3.324259e+01,1.521036e-05,2.047341e-05,2997761.301,3.477651e-03,3.330773e+01,1.260640e-05,4.162882e-06,2997670.164,1.250000e-04,5.26,11113.28
4046,3.585420e-03,3.324966e+01,1.650269e-05,1.908531e-05,2997937.920,3.571682e-03,3.298581e+01,1.277684e-05,2.906665e-05,2986862.633,1.250000e-04,5.72,11118.99
4047,3.597520e-03,3.325357e+01,1.454695e-05,2.533866e-05,2997737.746,3.589563e-03,3.324052e+01,2.270742e-05,7.687429e-06,2997955.148,1.250000e-04,4.88,11123.87
4048,3.614604e-03,3.323635e+01,1.677911e-05,2.463542e-05,2997845.328,3.480528e-03,3.316604e+01,1.150464e-05,9.775588e-06,2991694.953,1.250000e-04,5.59,11129.47
4049,3.590699e-03,3.325188e+01,1.502995e-05,2.304234e-05,2997860.299,3.961718e-03,3.265507e+01,2.801147e-05,8.321931e-05,2975646.305,1.250000e-04,5.58,11135.05
4050,3.614741e-03,3.324587e+01,1.602360e-05,2.598366e-05,2997784.916,3.538474e-03,3.337984e+01,1.037650e-05,1.934506e-05,3007982.352,1.250000e-04,5.08,11140.13
4051,3.605127e-03,3.325596e+01,1.484703e-05,2.621203e-05,2998026.850,3.695579e-03,3.278999e+01,1.069140e-05,6.193313e-05,2977997.266,1.250000e-04,4.75,11144.88
4052,3.569911e-03,3.325328e+01,1.281105e-05,2.329451e-05,2998081.029,3.769856e-03,3.294819e+01,2.711783e-05,4.077192e-05,2985651.914,1.250000e-04,5.66,11150.53
4053,3.628122e-03,3.323410e+01,1.697637e-05,2.698964e-05,2997379.406,3.579232e-03,3.318580e+01,1.801914e-05,1.609210e-05,2991380.000,1.250000e-04,5.09,11155.62
4054,3.551758e-03,3.324016e+01,1.328432e-05,1.897989e-05,2997927.779,3.543870e-03,3.304776e+01,1.381830e-05,2.018221e-05,2989561.719,1.250000e-04,5.20,11160.82
4055,3.602007e-03,3.325160e+01,1.450827e-05,2.635287e-05,2997737.535,3.521259e-03,3.327612e+01,1.545630e-05,7.816858e-06,2999200.898,1.250000e-04,4.70,11165.51
4056,3.544681e-03,3.324537e+01,1.329562e-05,1.743757e-05,2997944.404,3.796292e-03,3.361792e+01,2.017803e-05,4.654395e-05,3016373.734,1.250000e-04,5.28,11170.79
4057,3.602031e-03,3.324013e+01,1.657455e-05,2.245447e-05,2997639.494,3.633915e-03,3.311601e+01,1.932183e-05,2.581914e-05,2995037.398,1.250000e-04,5.34,11176.13
4058,3.609226e-03,3.324547e+01,1.687045e-05,2.319485e-05,2998089.811,3.709784e-03,3.334311e+01,2.438045e-05,2.633371e-05,3000021.250,1.250000e-04,5.29,11181.42
4059,3.578292e-03,3.322964e+01,1.472805e-05,2.160957e-05,2997777.602,3.535554e-03,3.333204e+01,1.734855e-05,5.772797e-06,3001340.523,1.250000e-04,5.72,11187.14
4060,3.618227e-03,3.325713e+01,1.677518e-05,2.495232e-05,2998071.822,3.512957e-03,3.322136e+01,1.179765e-05,1.456876e-05,2998799.016,1.250000e-04,5.09,11192.24
4061,3.600237e-03,3.323517e+01,1.686731e-05,2.160947e-05,2997466.115,3.646130e-03,3.367457e+01,1.173670e-05,3.226134e-05,3015699.742,1.250000e-04,5.22,11197.46
4062,3.589772e-03,3.324203e+01,1.463132e-05,2.385108e-05,2997946.391,3.541196e-03,3.331594e+01,1.605203e-05,9.816399e-06,2998700.289,1.250000e-04,5.00,11202.45
4063,3.608716e-03,3.323659e+01,1.600197e-05,2.500746e-05,2997734.047,4.076504e-03,3.398356e+01,2.300147e-05,8.962661e-05,3024830.297,1.250000e-04,5.33,11207.78
4064,3.624219e-03,3.323128e+01,1.663523e-05,2.694773e-05,2997774.709,3.697381e-03,3.376283e+01,1.612666e-05,3.196643e-05,3015564.570,1.250000e-04,6.14,11213.92
4065,3.576106e-03,3.326701e+01,1.409603e-05,2.168902e-05,2998061.264,3.504858e-03,3.310581e+01,1.267613e-05,1.350334e-05,2993168.633,1.250000e-04,5.26,11219.18
4066,3.581714e-03,3.324943e+01,1.488623e-05,2.158178e-05,2997797.535,3.537573e-03,3.340426e+01,1.725820e-05,4.912924e-06,3002447.641,1.250000e-04,5.38,11224.55
4067,3.613628e-03,3.324342e+01,1.720617e-05,2.344490e-05,2997867.910,3.564472e-03,3.325302e+01,1.857449e-05,1.068507e-05,2995946.055,1.250000e-04,5.39,11229.94
4068,3.581702e-03,3.325329e+01,1.569616e-05,1.988232e-05,2997669.557,3.586321e-03,3.365440e+01,1.342812e-05,1.731992e-05,3010430.992,1.250000e-04,5.50,11235.45
4069,3.584508e-03,3.325380e+01,1.449953e-05,2.282654e-05,2997979.355,3.596830e-03,3.347411e+01,1.188380e-05,2.611619e-05,3010943.883,1.250000e-04,6.06,11241.51
4070,3.573697e-03,3.323714e+01,1.389196e-05,2.221271e-05,2997943.582,3.629503e-03,3.290654e+01,1.126687e-05,4.523598e-05,2981908.602,1.250000e-04,5.55,11247.06
4071,3.598388e-03,3.326061e+01,1.517820e-05,2.410895e-05,2997858.316,3.491410e-03,3.329968e+01,1.179735e-05,8.693780e-06,3003651.438,1.250000e-04,5.37,11252.43
4072,3.613414e-03,3.323456e+01,1.531547e-05,2.736067e-05,2997737.949,3.650244e-03,3.312760e+01,1.848508e-05,3.052652e-05,2990833.883,1.250000e-04,5.86,11258.29
4073,3.598860e-03,3.326256e+01,1.625510e-05,2.201052e-05,2997987.623,3.520704e-03,3.305022e+01,1.196541e-05,1.920560e-05,2988492.938,1.250000e-04,5.22,11263.50
4074,3.581925e-03,3.324224e+01,1.620079e-05,1.913871e-05,2997590.648,3.644249e-03,3.311577e+01,2.571433e-05,1.510568e-05,2995176.625,1.250000e-04,5.50,11269.00
4075,3.572845e-03,3.323900e+01,1.416480e-05,2.145935e-05,2998088.299,3.517410e-03,3.316025e+01,1.156810e-05,1.714084e-05,2989262.805,1.250000e-04,5.26,11274.27
4076,3.607145e-03,3.324298e+01,1.625025e-05,2.406879e-05,2997783.469,3.725102e-03,3.355402e+01,1.668848e-05,4.056296e-05,3012002.141,1.250000e-04,5.08,11279.35
4077,3.628955e-03,3.323893e+01,1.851939e-05,2.397363e-05,2997771.279,3.561197e-03,3.358462e+01,1.127451e-05,1.799809e-05,3007912.281,1.250000e-04,5.48,11284.82
4078,3.587879e-03,3.324017e+01,1.542523e-05,2.192196e-05,2998113.385,4.005021e-03,3.264104e+01,1.714884e-05,1.138857e-04,2969105.953,1.250000e-04,5.70,11290.53
4079,3.629778e-03,3.324128e+01,1.664888e-05,2.783241e-05,2997623.941,3.647250e-03,3.366433e+01,1.651061e-05,2.314210e-05,3010351.602,1.250000e-04,5.04,11295.56
4080,3.600151e-03,3.324378e+01,1.557357e-05,2.400756e-05,2997872.826,3.492467e-03,3.324046e+01,1.304012e-05,7.604055e-06,2998676.078,1.250000e-04,5.80,11301.37
4081,3.590809e-03,3.324154e+01,1.489564e-05,2.353981e-05,2997870.111,3.553430e-03,3.314554e+01,1.286754e-05,2.204001e-05,2999977.984,1.250000e-04,5.51,11306.88
4082,3.598788e-03,3.325175e+01,1.408953e-05,2.654353e-05,2997777.174,3.520559e-03,3.322629e+01,1.558847e-05,8.409185e-06,2997289.570,1.250000e-04,5.57,11312.44
4083,3.628669e-03,3.324939e+01,1.778011e-05,2.518578e-05,2997825.131,3.476038e-03,3.319842e+01,1.067424e-05,9.890700e-06,2999791.898,1.250000e-04,5.54,11317.99
4084,3.663479e-03,3.323344e+01,1.782741e-05,3.237217e-05,2997821.889,3.549663e-03,3.336073e+01,1.510624e-05,1.250557e-05,2996599.477,1.250000e-04,5.49,11323.48
4085,3.661300e-03,3.323112e+01,1.777187e-05,3.209384e-05,2997740.533,3.719447e-03,3.368749e+01,1.703459e-05,3.607058e-05,3016593.312,1.250000e-04,5.72,11329.21
4086,3.647410e-03,3.324720e+01,1.553884e-05,3.346033e-05,2997941.547,3.471614e-03,3.327175e+01,1.042636e-05,8.034963e-06,3000543.078,1.250000e-04,5.66,11334.87
4087,3.595275e-03,3.324257e+01,1.403635e-05,2.613082e-05,2997888.932,3.834735e-03,3.362173e+01,2.763339e-05,3.924557e-05,3016402.086,1.250000e-04,5.65,11340.52
4088,3.587816e-03,3.326075e+01,1.441374e-05,2.352072e-05,2998080.197,3.696968e-03,3.281183e+01,1.649159e-05,5.017387e-05,2980367.500,1.250000e-04,5.10,11345.62
4089,3.589424e-03,3.323294e+01,1.491748e-05,2.339114e-05,2997661.467,3.670299e-03,3.292024e+01,1.296415e-05,4.972668e-05,2980696.352,1.250000e-04,5.60,11351.23
4090,3.582510e-03,3.323718e+01,1.481266e-05,2.213309e-05,2997899.086,3.758743e-03,3.369028e+01,2.303009e-05,3.188267e-05,3012802.664,1.250000e-04,5.59,11356.82
4091,3.624078e-03,3.324833e+01,1.659848e-05,2.665196e-05,2997749.918,3.714123e-03,3.291049e+01,2.627900e-05,3.205688e-05,2985304.070,1.250000e-04,5.51,11362.33
4092,3.617344e-03,3.323638e+01,1.647998e-05,2.578126e-05,2997746.025,3.835594e-03,3.348166e+01,4.349277e-05,1.050013e-05,3004227.070,1.250000e-04,5.50,11367.83
4093,3.581923e-03,3.324653e+01,1.583588e-05,1.978222e-05,2997714.797,3.659570e-03,3.297258e+01,1.390791e-05,4.464670e-05,2986709.953,1.250000e-04,5.35,11373.18
4094,3.618676e-03,3.324314e+01,1.663586e-05,2.560061e-05,2997975.016,3.507509e-03,3.329573e+01,1.338514e-05,8.816946e-06,3001225.859,1.250000e-04,5.18,11378.36
4095,3.656083e-03,3.324832e+01,1.451802e-05,3.721413e-05,2998024.088,3.578417e-03,3.329089e+01,1.837485e-05,1.311581e-05,2996731.000,1.250000e-04,5.30,11383.66
4096,3.606299e-03,3.323890e+01,1.582153e-05,2.483892e-05,2997775.576,3.542670e-03,3.339311e+01,1.214549e-05,1.638088e-05,2998060.562,1.250000e-04,5.27,11388.93
4097,3.573196e-03,3.324521e+01,1.486329e-05,2.000841e-05,2997807.605,3.601403e-03,3.304780e+01,1.954236e-05,2.023986e-05,2988826.258,1.250000e-04,5.47,11394.40
4098,3.644690e-03,3.325008e+01,1.967553e-05,2.458534e-05,2997834.086,3.714401e-03,3.310729e+01,1.554172e-05,4.965098e-05,2990361.984,1.250000e-04,5.50,11399.91
4099,3.606773e-03,3.323279e+01,1.642504e-05,2.384867e-05,2997664.416,3.503575e-03,3.331520e+01,1.436111e-05,5.688907e-06,3002216.070,1.250000e-04,5.47,11405.38
4100,3.587534e-03,3.323193e+01,1.435551e-05,2.415715e-05,2997888.320,3.562181e-03,3.311630e+01,1.590221e-05,1.830570e-05,2988883.453,1.250000e-04,5.44,11410.81
4101,3.619478e-03,3.324059e+01,1.612245e-05,2.683902e-05,2997728.127,3.577698e-03,3.351329e+01,1.116380e-05,2.294633e-05,3011675.164,6.250000e-05,5.11,11415.92
4102,3.468846e-03,3.324495e+01,1.040118e-05,8.067845e-06,2997943.689,3.466056e-03,3.318113e+01,9.953902e-06,9.680866e-06,2997211.711,6.250000e-05,5.58,11421.50
4103,3.459450e-03,3.323424e+01,9.547869e-06,8.109527e-06,2997865.578,3.424599e-03,3.323926e+01,8.388147e-06,3.358373e-06,2997136.703,6.250000e-05,5.56,11427.06
4104,3.467383e-03,3.324345e+01,9.869463e-06,8.868703e-06,2998013.100,3.475114e-03,3.323984e+01,1.322629e-05,3.773553e-06,2997029.742,6.250000e-05,5.67,11432.73
4105,3.465175e-03,3.323751e+01,9.549304e-06,9.186208e-06,2997889.402,3.488372e-03,3.309882e+01,9.080465e-06,1.753716e-05,2990362.625,6.250000e-05,5.11,11437.84
4106,3.466737e-03,3.323367e+01,1.053252e-05,7.609015e-06,2997905.613,3.474651e-03,3.315337e+01,1.165903e-05,8.544615e-06,2993250.945,6.250000e-05,5.96,11443.79
4107,3.459417e-03,3.323636e+01,9.974063e-06,7.208013e-06,2997907.920,3.447635e-03,3.318246e+01,9.964920e-06,5.947942e-06,2994110.820,6.250000e-05,5.80,11449.60
4108,3.477102e-03,3.323861e+01,1.048369e-05,9.680915e-06,2997919.793,3.443370e-03,3.313213e+01,8.429848e-06,9.171767e-06,2992638.047,6.250000e-05,5.24,11454.83
4109,3.461116e-03,3.323396e+01,9.884568e-06,7.774856e-06,2997879.496,3.434140e-03,3.320330e+01,8.860604e-06,5.040902e-06,2995451.820,6.250000e-05,6.14,11460.97
4110,3.478623e-03,3.322884e+01,1.001030e-05,1.112723e-05,2997910.193,3.451996e-03,3.307991e+01,8.409701e-06,1.198155e-05,2990775.117,6.250000e-05,5.05,11466.02
4111,3.464430e-03,3.323424e+01,9.666851e-06,8.867490e-06,2997957.371,3.459965e-03,3.323412e+01,1.011469e-05,7.081178e-06,2995726.695,6.250000e-05,5.77,11471.79
4112,3.478461e-03,3.323274e+01,1.135767e-05,8.322247e-06,2997973.154,3.454857e-03,3.318104e+01,9.738832e-06,7.872963e-06,2994773.273,6.250000e-05,5.75,11477.54
4113,3.467705e-03,3.323620e+01,1.032495e-05,8.167200e-06,2998023.176,3.558820e-03,3.300515e+01,1.007937e-05,3.150225e-05,2984760.766,6.250000e-05,5.69,11483.23
4114,3.464328e-03,3.322941e+01,1.022187e-05,7.833630e-06,2997724.840,3.445745e-03,3.329042e+01,9.414177e-06,4.512348e-06,3000675.805,6.250000e-05,5.42,11488.66
4115,3.464863e-03,3.322759e+01,1.009620e-05,8.228388e-06,2997896.557,3.440048e-03,3.325534e+01,9.172923e-06,4.556927e-06,2995825.695,6.250000e-05,5.07,11493.72
4116,3.462791e-03,3.322730e+01,9.682223e-06,8.647933e-06,2997922.682,3.452712e-03,3.310281e+01,8.748560e-06,1.098909e-05,2992018.508,6.250000e-05,5.16,11498.89
4117,3.461484e-03,3.321915e+01,9.503450e-06,8.906849e-06,2997932.008,3.436548e-03,3.335439e+01,8.932549e-06,2.356561e-06,3000805.211,6.250000e-05,5.26,11504.15
4118,3.460398e-03,3.321802e+01,9.584431e-06,8.550311e-06,2997927.377,3.455615e-03,3.307061e+01,8.581298e-06,1.254818e-05,2990681.758,6.250000e-05,5.57,11509.73
4119,3.482637e-03,3.321647e+01,1.031907e-05,1.155993e-05,2997792.832,3.464528e-03,3.341534e+01,9.902409e-06,4.793937e-06,3004526.945,6.250000e-05,5.84,11515.57
4120,3.459059e-03,3.323253e+01,9.661506e-06,7.838190e-06,2998143.869,3.598937e-03,3.294517e+01,1.599088e-05,2.890230e-05,2988432.758,6.250000e-05,5.55,11521.11
4121,3.465670e-03,3.321861e+01,9.799486e-06,9.162782e-06,2997749.713,3.480669e-03,3.314323e+01,1.046228e-05,1.234470e-05,2992335.812,6.250000e-05,5.67,11526.78
4122,3.463794e-03,3.321601e+01,1.000538e-05,8.427880e-06,2997800.520,3.463841e-03,3.314560e+01,1.083061e-05,8.194807e-06,2993880.875,6.250000e-05,5.36,11532.14
4123,3.464798e-03,3.321893e+01,9.264057e-06,1.005290e-05,2998024.777,3.474380e-03,3.309060e+01,1.122475e-05,1.061456e-05,2993648.188,6.250000e-05,5.51,11537.65
4124,3.463237e-03,3.321819e+01,1.030168e-05,7.680255e-06,2997790.695,3.438286e-03,3.327998e+01,9.111867e-06,3.833899e-06,2999995.164,6.250000e-05,5.19,11542.84
4125,3.462827e-03,3.322806e+01,9.780209e-06,8.443770e-06,2998018.561,3.473853e-03,3.327707e+01,1.133046e-05,6.568322e-06,2999037.938,6.250000e-05,5.05,11547.89
4126,3.471828e-03,3.322885e+01,9.887688e-06,1.001330e-05,2997982.807,3.431946e-03,3.324792e+01,8.939842e-06,3.551179e-06,2999978.852,6.250000e-05,5.20,11553.09
4127,3.468260e-03,3.322095e+01,1.040807e-05,8.416871e-06,2997930.365,3.427714e-03,3.326116e+01,8.553716e-06,3.212094e-06,2998752.797,6.250000e-05,5.84,11558.92
4128,3.466908e-03,3.321377e+01,9.376994e-06,1.035218e-05,2997808.023,3.443730e-03,3.328436e+01,9.775771e-06,3.507267e-06,3001235.977,6.250000e-05,5.12,11564.04
4129,3.458283e-03,3.321809e+01,9.483097e-06,8.328752e-06,2997998.766,3.439540e-03,3.323797e+01,8.976377e-06,5.195860e-06,2996412.672,6.250000e-05,5.72,11569.76
4130,3.462442e-03,3.321241e+01,1.033308e-05,7.574157e-06,2997869.943,3.468105e-03,3.333340e+01,1.130912e-05,4.334841e-06,2999847.445,6.250000e-05,5.94,11575.71
4131,3.458303e-03,3.321847e+01,9.865467e-06,7.560340e-06,2998032.201,3.483812e-03,3.303115e+01,9.418723e-06,1.730181e-05,2988382.750,6.250000e-05,6.10,11581.81
4132,3.468757e-03,3.321787e+01,9.971570e-06,9.451052e-06,2997806.332,3.428249e-03,3.317584e+01,8.579408e-06,4.974175e-06,2996834.383,6.250000e-05,5.39,11587.20
4133,3.471334e-03,3.321920e+01,1.060683e-05,8.669158e-06,2997983.438,3.468746e-03,3.318392e+01,1.106391e-05,7.942935e-06,2998561.398,6.250000e-05,5.50,11592.70
4134,3.488646e-03,3.321463e+01,1.064324e-05,1.215010e-05,2997872.920,3.430159e-03,3.327774e+01,9.017923e-06,2.441061e-06,2998994.727,6.250000e-05,5.54,11598.24
4135,3.458178e-03,3.322290e+01,9.793971e-06,7.589591e-06,2997975.979,3.486753e-03,3.312581e+01,1.128777e-05,1.225893e-05,2992917.258,6.250000e-05,5.18,11603.42
4136,3.467222e-03,3.320519e+01,9.965046e-06,9.410499e-06,2997759.107,3.433953e-03,3.326589e+01,8.536534e-06,4.399755e-06,2999627.242,6.250000e-05,5.23,11608.65
4137,3.492529e-03,3.320665e+01,1.093977e-05,1.249338e-05,2997921.848,3.442915e-03,3.318441e+01,9.244199e-06,6.406579e-06,2995296.688,6.250000e-05,5.53,11614.19
4138,3.463895e-03,3.321720e+01,9.744008e-06,8.946862e-06,2997956.277,3.455829e-03,3.314005e+01,1.018065e-05,8.003614e-06,2992766.758,6.250000e-05,5.51,11619.70
4139,3.454842e-03,3.321606e+01,9.833412e-06,6.980389e-06,2997869.072,3.456470e-03,3.317357e+01,1.097327e-05,5.876063e-06,2998627.711,6.250000e-05,5.69,11625.38
4140,3.479810e-03,3.319791e+01,1.018128e-05,1.164136e-05,2997900.709,3.435555e-03,3.319021e+01,8.508830e-06,6.289151e-06,2996531.250,6.250000e-05,6.09,11631.47
4141,3.459569e-03,3.321435e+01,9.427750e-06,8.771290e-06,2997957.500,3.435325e-03,3.328752e+01,9.496955e-06,2.320714e-06,2999595.078,6.250000e-05,5.49,11636.96
4142,3.463342e-03,3.321122e+01,9.714603e-06,9.014784e-06,2997959.062,3.438845e-03,3.326852e+01,9.701362e-06,2.995913e-06,2999740.570,6.250000e-05,5.87,11642.83
4143,3.460032e-03,3.320390e+01,9.805982e-06,8.316471e-06,2997822.975,3.531402e-03,3.334354e+01,1.115866e-05,1.709238e-05,3007780.688,6.250000e-05,5.28,11648.11
4144,3.469812e-03,3.321049e+01,1.060025e-05,8.551971e-06,2997945.232,3.460410e-03,3.337643e+01,9.855588e-06,4.842274e-06,3004198.117,6.250000e-05,5.23,11653.34
4145,3.466182e-03,3.320825e+01,1.018272e-05,8.706081e-06,2997886.314,3.478650e-03,3.343351e+01,9.613078e-06,7.833662e-06,3005942.695,6.250000e-05,5.74,11659.08
4146,3.477096e-03,3.320612e+01,1.005961e-05,1.117753e-05,2997863.811,3.457529e-03,3.330672e+01,1.085122e-05,3.669122e-06,3001111.602,6.250000e-05,5.39,11664.47
4147,3.458245e-03,3.320949e+01,9.988698e-06,7.481662e-06,2997959.387,3.440590e-03,3.329717e+01,8.730881e-06,4.712687e-06,2997505.422,6.250000e-05,5.34,11669.80
4148,3.459049e-03,3.321583e+01,9.804651e-06,7.883751e-06,2997959.199,3.446697e-03,3.328369e+01,9.336584e-06,4.992351e-06,3001455.055,6.250000e-05,5.36,11675.16
4149,3.456563e-03,3.320245e+01,9.406315e-06,8.450963e-06,2997839.139,3.508682e-03,3.339418e+01,1.055807e-05,1.273677e-05,3007624.461,6.250000e-05,5.91,11681.08
4150,3.462282e-03,3.320738e+01,1.033857e-05,7.631672e-06,2997958.377,3.447631e-03,3.324535e+01,9.138246e-06,6.342672e-06,2995268.836,6.250000e-05,5.12,11686.20
4151,3.470155e-03,3.320656e+01,1.019425e-05,9.511372e-06,2997814.285,3.485231e-03,3.323823e+01,1.342361e-05,5.434343e-06,2998500.320,6.250000e-05,5.15,11691.35
4152,3.465490e-03,3.320698e+01,9.825129e-06,9.308227e-06,2997886.625,3.444139e-03,3.318248e+01,9.058854e-06,7.060489e-06,2994796.797,6.250000e-05,5.59,11696.94
4153,3.454675e-03,3.320771e+01,9.631833e-06,7.517081e-06,2997956.277,3.431252e-03,3.316369e+01,9.197492e-06,4.581500e-06,2997659.727,6.250000e-05,5.74,11702.68
4154,3.463216e-03,3.320585e+01,1.063621e-05,7.253797e-06,2997929.561,3.456686e-03,3.314683e+01,1.008335e-05,8.233863e-06,2994465.375,6.250000e-05,5.35,11708.03
4155,3.458020e-03,3.320055e+01,9.448079e-06,8.696989e-06,2997812.723,3.438335e-03,3.320594e+01,8.840872e-06,5.866368e-06,2999521.312,6.250000e-05,5.75,11713.78
4156,3.468821e-03,3.321305e+01,1.042133e-05,8.660519e-06,2997949.172,3.450945e-03,3.319016e+01,1.100172e-05,4.382285e-06,2997322.820,6.250000e-05,5.37,11719.14
4157,3.460603e-03,3.320271e+01,1.002639e-05,8.013675e-06,2997968.793,3.432297e-03,3.327652e+01,8.866953e-06,3.195157e-06,2998776.203,6.250000e-05,5.08,11724.23
4158,3.451370e-03,3.318982e+01,9.386712e-06,7.704217e-06,2997790.416,3.487575e-03,3.338985e+01,9.817906e-06,1.008206e-05,3006138.164,6.250000e-05,5.55,11729.77
4159,3.461965e-03,3.321150e+01,9.515422e-06,9.132274e-06,2998024.572,3.447467e-03,3.339184e+01,8.525459e-06,4.605589e-06,3002906.414,6.250000e-05,5.18,11734.96
4160,3.469875e-03,3.319997e+01,9.948262e-06,1.007905e-05,2997849.445,3.429302e-03,3.316130e+01,8.787281e-06,5.059866e-06,2995707.539,6.250000e-05,5.65,11740.61
4161,3.467671e-03,3.320247e+01,1.020895e-05,9.067027e-06,2997898.508,3.425580e-03,3.315551e+01,8.548653e-06,4.908494e-06,2995751.383,6.250000e-05,5.54,11746.15
4162,3.471538e-03,3.320316e+01,9.911182e-06,1.042196e-05,2997915.619,3.574423e-03,3.302107e+01,1.460941e-05,2.524433e-05,2987454.086,6.250000e-05,5.75,11751.90
4163,3.463001e-03,3.319943e+01,9.880167e-06,8.851117e-06,2997927.051,3.463395e-03,3.325902e+01,1.180251e-05,3.893550e-06,2998647.320,6.250000e-05,5.43,11757.34
4164,3.470892e-03,3.319709e+01,1.047601e-05,9.284595e-06,2997871.363,3.517010e-03,3.331451e+01,1.709225e-05,2.927136e-06,2999046.102,6.250000e-05,5.53,11762.87
4165,3.480019e-03,3.320401e+01,1.108438e-05,9.755003e-06,2997960.551,3.513270e-03,3.331805e+01,1.243428e-05,1.142441e-05,3003059.570,6.250000e-05,5.77,11768.64
4166,3.470474e-03,3.319473e+01,9.781703e-06,1.063671e-05,2997875.271,3.538135e-03,3.304830e+01,1.285041e-05,2.096022e-05,2988221.570,6.250000e-05,5.37,11774.01
4167,3.463856e-03,3.320214e+01,1.059674e-05,7.534800e-06,2997884.139,3.433759e-03,3.317611e+01,8.778106e-06,5.673306e-06,2997878.148,6.250000e-05,5.36,11779.37
4168,3.458883e-03,3.319698e+01,9.773157e-06,8.290717e-06,2997954.027,3.466926e-03,3.330571e+01,1.197846e-05,3.314077e-06,3002068.961,6.250000e-05,5.64,11785.01
4169,3.456739e-03,3.319970e+01,9.955095e-06,7.443629e-06,2997917.184,3.438364e-03,3.329359e+01,8.566934e-06,4.667300e-06,3002308.664,6.250000e-05,5.85,11790.86
4170,3.494106e-03,3.319552e+01,1.061459e-05,1.368162e-05,2998049.789,3.526818e-03,3.300256e+01,1.039737e-05,2.451769e-05,2987484.820,6.250000e-05,5.60,11796.46
4171,3.455128e-03,3.319428e+01,9.317739e-06,8.504480e-06,2997815.453,3.448805e-03,3.320478e+01,1.050991e-05,4.645529e-06,2997274.297,6.250000e-05,4.97,11801.43
4172,3.470561e-03,3.318605e+01,1.021560e-05,9.959827e-06,2997777.070,3.440435e-03,3.336189e+01,8.747120e-06,3.355078e-06,3001826.344,6.250000e-05,4.95,11806.39
4173,3.460389e-03,3.320452e+01,9.536699e-06,8.913938e-06,2997895.318,3.561743e-03,3.351972e+01,1.009649e-05,2.176122e-05,3012475.273,6.250000e-05,5.17,11811.56
4174,3.459145e-03,3.319593e+01,9.668880e-06,8.572682e-06,2997997.848,3.559200e-03,3.296971e+01,1.113893e-05,3.016796e-05,2985487.680,6.250000e-05,5.20,11816.76
4175,3.462192e-03,3.319369e+01,9.882068e-06,8.800622e-06,2997854.182,3.425910e-03,3.320192e+01,8.635792e-06,3.872087e-06,2998501.094,6.250000e-05,5.19,11821.95
4176,3.462722e-03,3.318441e+01,9.553021e-06,9.750065e-06,2997871.912,3.437811e-03,3.321855e+01,9.855388e-06,3.480405e-06,2997166.008,6.250000e-05,5.55,11827.51
4177,3.451568e-03,3.320371e+01,9.189231e-06,7.860930e-06,2997962.188,3.426714e-03,3.321405e+01,8.481413e-06,4.099016e-06,2998270.609,6.250000e-05,5.03,11832.53
4178,3.461435e-03,3.319380e+01,9.928883e-06,8.553100e-06,2997820.127,3.456038e-03,3.318317e+01,8.732094e-06,1.008006e-05,2994644.812,6.250000e-05,5.42,11837.95
4179,3.461617e-03,3.319068e+01,9.847088e-06,8.815529e-06,2997912.756,3.461265e-03,3.332379e+01,9.489404e-06,6.798389e-06,3002873.625,6.250000e-05,5.49,11843.44
4180,3.464790e-03,3.320361e+01,9.780260e-06,9.325442e-06,2998075.537,3.478122e-03,3.308445e+01,9.219139e-06,1.549719e-05,2989332.742,6.250000e-05,5.50,11848.94
4181,3.459334e-03,3.320432e+01,1.024837e-05,7.283686e-06,2997929.955,3.432163e-03,3.311804e+01,8.047929e-06,7.975959e-06,2993450.703,6.250000e-05,5.12,11854.07
4182,3.469300e-03,3.318259e+01,1.037500e-05,9.458188e-06,2997759.848,3.465798e-03,3.308148e+01,9.462930e-06,1.260424e-05,2991001.188,6.250000e-05,5.15,11859.21
4183,3.452914e-03,3.319537e+01,9.878562e-06,6.918323e-06,2997885.262,3.486062e-03,3.325364e+01,1.278170e-05,6.576226e-06,3002560.266,6.250000e-05,5.57,11864.78
4184,3.464267e-03,3.319620e+01,1.045112e-05,8.027160e-06,2997886.572,3.461967e-03,3.336563e+01,9.530826e-06,6.019303e-06,3004875.281,6.250000e-05,5.75,11870.53
4185,3.461845e-03,3.319131e+01,9.232976e-06,1.007683e-05,2998083.168,3.485435e-03,3.298998e+01,1.020454e-05,1.687834e-05,2993124.602,6.250000e-05,5.89,11876.42
4186,3.459457e-03,3.317925e+01,9.980107e-06,8.346032e-06,2997734.504,3.438832e-03,3.317271e+01,8.964006e-06,6.384146e-06,2994301.164,6.250000e-05,5.98,11882.40
4187,3.455362e-03,3.318921e+01,9.742904e-06,7.802540e-06,2997928.109,3.443265e-03,3.321749e+01,9.611700e-06,5.079949e-06,2996021.539,6.250000e-05,5.43,11887.82
4188,3.467707e-03,3.320172e+01,9.624222e-06,1.025872e-05,2997952.918,3.439932e-03,3.311656e+01,9.248530e-06,7.158116e-06,2994861.961,6.250000e-05,4.82,11892.64
4189,3.475240e-03,3.318910e+01,1.035925e-05,1.054751e-05,2997905.002,3.505021e-03,3.295657e+01,9.055776e-06,2.376120e-05,2986613.953,6.250000e-05,5.31,11897.95
4190,3.464331e-03,3.318862e+01,1.024777e-05,8.598241e-06,2997888.264,3.489875e-03,3.338920e+01,1.069004e-05,8.810873e-06,3005780.875,6.250000e-05,5.49,11903.44
4191,3.473748e-03,3.318567e+01,9.995338e-06,1.104562e-05,2997884.646,3.431372e-03,3.315418e+01,8.857874e-06,5.475127e-06,2997686.258,6.250000e-05,5.57,11909.01
4192,3.470041e-03,3.318422e+01,9.645541e-06,1.103265e-05,2997906.615,3.470400e-03,3.333100e+01,1.083411e-05,5.791962e-06,3004361.312,6.250000e-05,5.35,11914.36
4193,3.456703e-03,3.319113e+01,9.739708e-06,8.038642e-06,2997971.314,3.502325e-03,3.298458e+01,9.541383e-06,2.169053e-05,2987096.984,6.250000e-05,5.27,11919.62
4194,3.457983e-03,3.319341e+01,1.006621e-05,7.595945e-06,2997826.145,3.436934e-03,3.307927e+01,8.556398e-06,8.688733e-06,2994361.680,6.250000e-05,5.34,11924.96
4195,3.481643e-03,3.318928e+01,1.020588e-05,1.213135e-05,2997900.178,3.462400e-03,3.304998e+01,9.897974e-06,1.168446e-05,2990810.742,6.250000e-05,5.35,11930.31
4196,3.462823e-03,3.318577e+01,9.834603e-06,9.180057e-06,2997827.707,3.517092e-03,3.343790e+01,1.267001e-05,9.320355e-06,3007562.164,6.250000e-05,5.52,11935.84
4197,3.462902e-03,3.318995e+01,9.756877e-06,9.267632e-06,2997935.957,3.477580e-03,3.307899e+01,9.795525e-06,1.434509e-05,2990882.328,6.250000e-05,5.78,11941.62
4198,3.458708e-03,3.318008e+01,1.015946e-05,7.821214e-06,2997926.496,3.487428e-03,3.341008e+01,1.221865e-05,4.846774e-06,3004169.016,6.250000e-05,5.99,11947.61
4199,3.454140e-03,3.318679e+01,9.756951e-06,7.578357e-06,2997889.076,3.445589e-03,3.331136e+01,9.427005e-06,4.036564e-06,3002955.250,6.250000e-05,5.42,11953.02
4200,3.460079e-03,3.318454e+01,9.400133e-06,9.524640e-06,2997896.016,3.424375e-03,3.323519e+01,8.550326e-06,3.070673e-06,2998252.273,6.250000e-05,5.50,11958.53
4201,3.478185e-03,3.318815e+01,1.081401e-05,1.024599e-05,2997909.002,3.465103e-03,3.304577e+01,8.647607e-06,1.481003e-05,2989880.109,6.250000e-05,5.51,11964.03
4202,3.452919e-03,3.318532e+01,9.483996e-06,7.909402e-06,2997882.273,3.504645e-03,3.324587e+01,1.529435e-05,5.422934e-06,2996528.711,6.250000e-05,5.02,11969.06
4203,3.466855e-03,3.318056e+01,9.948796e-06,9.862232e-06,2997870.562,3.443590e-03,3.327398e+01,9.222207e-06,4.794024e-06,3002481.539,6.250000e-05,5.07,11974.12
4204,3.463579e-03,3.319156e+01,1.015577e-05,8.573037e-06,2997985.422,3.446627e-03,3.311973e+01,1.006042e-05,6.809881e-06,2994785.617,6.250000e-05,5.41,11979.53
4205,3.464830e-03,3.318409e+01,9.891899e-06,9.500442e-06,2997865.236,3.452872e-03,3.320942e+01,1.010615e-05,6.173602e-06,3000279.664,6.250000e-05,5.45,11984.98
4206,3.463270e-03,3.318372e+01,9.603605e-06,9.772408e-06,2997932.211,3.533178e-03,3.299605e+01,9.684867e-06,2.734486e-05,2986137.000,6.250000e-05,5.23,11990.21
4207,3.473968e-03,3.318298e+01,9.996939e-06,1.114018e-05,2997893.184,3.432848e-03,3.331753e+01,8.584749e-06,3.049531e-06,3001850.398,6.250000e-05,5.75,11995.96
4208,3.466289e-03,3.318092e+01,9.590735e-06,1.045804e-05,2997893.627,3.434469e-03,3.318715e+01,9.224297e-06,4.702150e-06,2995768.281,6.250000e-05,4.97,12000.93
4209,3.451820e-03,3.318306e+01,9.618747e-06,7.465349e-06,2997850.316,3.455073e-03,3.328742e+01,1.082128e-05,3.623478e-06,3002134.750,6.250000e-05,5.52,12006.44
4210,3.468760e-03,3.318787e+01,1.025685e-05,9.480957e-06,2997920.344,3.467322e-03,3.320291e+01,1.208181e-05,5.242562e-06,2998936.781,6.250000e-05,5.85,12012.29
4211,3.465564e-03,3.317183e+01,9.716396e-06,1.024331e-05,2997773.207,3.582832e-03,3.356174e+01,1.036743e-05,2.459685e-05,3010882.688,6.250000e-05,5.67,12017.96
4212,3.480039e-03,3.320117e+01,1.044706e-05,1.109032e-05,2998157.859,3.454652e-03,3.303225e+01,8.830401e-06,1.262450e-05,2993317.570,6.250000e-05,5.29,12023.25
4213,3.458433e-03,3.317195e+01,9.576488e-06,9.094597e-06,2997815.256,3.453530e-03,3.312736e+01,9.266960e-06,9.624969e-06,2992791.523,6.250000e-05,4.66,12027.91
4214,3.463248e-03,3.318609e+01,9.733243e-06,9.461417e-06,2997902.734,3.449413e-03,3.303931e+01,8.862359e-06,1.137154e-05,2991887.031,6.250000e-05,5.54,12033.46
4215,3.455722e-03,3.318303e+01,9.711865e-06,8.060082e-06,2997861.152,3.458241e-03,3.310778e+01,1.040032e-05,8.691966e-06,2995656.141,6.250000e-05,5.42,12038.88
4216,3.454973e-03,3.317870e+01,9.447936e-06,8.524605e-06,2997850.297,3.451054e-03,3.330046e+01,1.078343e-05,2.634659e-06,2999743.945,6.250000e-05,5.10,12043.98
4217,3.464625e-03,3.318268e+01,1.030147e-05,8.668569e-06,2997937.219,3.542354e-03,3.305839e+01,1.070690e-05,2.588916e-05,2986534.883,6.250000e-05,5.14,12049.12
4218,3.467458e-03,3.319437e+01,9.786756e-06,1.003080e-05,2997912.033,3.447561e-03,3.329555e+01,9.299823e-06,5.001587e-06,3002684.000,6.250000e-05,4.84,12053.97
4219,3.462520e-03,3.318609e+01,9.617989e-06,9.546114e-06,2997968.367,3.478576e-03,3.335174e+01,1.050468e-05,7.670996e-06,3004663.883,6.250000e-05,4.81,12058.78
4220,3.457396e-03,3.318331e+01,9.687981e-06,8.437007e-06,2997858.693,3.507888e-03,3.332848e+01,1.038120e-05,1.424572e-05,3007427.477,6.250000e-05,4.97,12063.75
4221,3.470349e-03,3.318044e+01,9.663623e-06,1.113374e-05,2997941.717,3.448904e-03,3.316203e+01,1.021826e-05,6.103714e-06,2996056.781,6.250000e-05,5.64,12069.39
4222,3.454642e-03,3.318183e+01,1.014835e-05,6.995115e-06,2997826.896,3.438198e-03,3.324408e+01,1.019685e-05,2.364378e-06,2998046.609,6.250000e-05,5.68,12075.07
4223,3.458069e-03,3.318082e+01,1.003144e-05,7.934548e-06,2998052.195,3.444748e-03,3.314289e+01,1.005626e-05,5.979244e-06,2995504.047,6.250000e-05,5.31,12080.39
4224,3.458409e-03,3.318044e+01,1.026733e-05,7.538314e-06,2997793.961,3.422250e-03,3.319701e+01,8.621028e-06,3.267776e-06,2997601.977,6.250000e-05,4.97,12085.36
4225,3.460305e-03,3.318425e+01,9.967335e-06,8.441246e-06,2997957.592,3.448937e-03,3.314844e+01,9.100825e-06,8.616949e-06,2994472.797,6.250000e-05,5.35,12090.71
4226,3.459956e-03,3.318254e+01,9.701719e-06,8.936962e-06,2997861.924,3.431782e-03,3.313558e+01,9.049105e-06,5.546563e-06,2994451.711,6.250000e-05,5.10,12095.81
4227,3.459517e-03,3.318584e+01,1.044479e-05,7.297052e-06,2997960.494,3.436927e-03,3.317439e+01,1.006088e-05,3.775901e-06,2998339.328,6.250000e-05,5.56,12101.38
4228,3.457120e-03,3.317468e+01,9.638285e-06,8.653925e-06,2997888.406,3.428935e-03,3.315388e+01,8.685874e-06,5.337682e-06,2994759.977,6.250000e-05,5.25,12106.63
4229,3.467441e-03,3.318428e+01,9.829742e-06,1.014314e-05,2997856.777,3.508735e-03,3.333343e+01,9.554433e-06,1.596940e-05,3007537.430,6.250000e-05,5.40,12112.03
4230,3.463994e-03,3.318436e+01,9.480573e-06,1.015038e-05,2998066.549,3.502551e-03,3.306936e+01,9.530634e-06,2.006173e-05,2989410.555,6.250000e-05,5.11,12117.13
4231,3.452532e-03,3.318755e+01,9.522887e-06,7.709583e-06,2997854.480,3.465260e-03,3.309722e+01,1.134960e-05,8.408457e-06,2994018.414,6.250000e-05,5.62,12122.75
4232,3.451764e-03,3.317379e+01,9.710556e-06,7.456019e-06,2997923.219,3.481972e-03,3.307808e+01,1.193918e-05,1.095429e-05,2991882.156,6.250000e-05,4.85,12127.60
4233,3.457316e-03,3.316916e+01,1.003833e-05,8.003329e-06,2997826.875,3.475461e-03,3.318859e+01,1.050302e-05,1.031442e-05,2992919.047,6.250000e-05,5.56,12133.16
4234,3.460931e-03,3.317915e+01,9.902530e-06,8.798156e-06,2997932.883,3.441423e-03,3.311670e+01,9.407002e-06,7.136679e-06,2995475.609,6.250000e-05,5.12,12138.29
4235,3.455630e-03,3.317841e+01,1.006314e-05,7.431549e-06,2997766.408,3.537621e-03,3.344160e+01,1.314179e-05,1.240850e-05,3008616.000,6.250000e-05,5.82,12144.10
4236,3.468904e-03,3.318233e+01,9.948409e-06,1.023729e-05,2998032.223,3.539113e-03,3.348116e+01,1.002833e-05,1.814256e-05,3011385.281,6.250000e-05,5.43,12149.53
4237,3.466866e-03,3.317698e+01,1.032266e-05,9.188454e-06,2997954.186,3.466609e-03,3.330941e+01,1.012415e-05,6.885264e-06,2997446.938,6.250000e-05,5.58,12155.11
4238,3.473111e-03,3.317935e+01,9.745619e-06,1.154405e-05,2997948.209,3.486035e-03,3.329058e+01,1.008281e-05,1.122973e-05,3002476.477,6.250000e-05,5.13,12160.23
4239,3.460773e-03,3.316743e+01,9.730902e-06,9.344180e-06,2997805.766,3.449815e-03,3.322328e+01,9.336701e-06,6.824042e-06,3000907.016,6.250000e-05,5.24,12165.47
4240,3.448696e-03,3.318907e+01,9.513357e-06,6.930992e-06,2997990.160,3.450298e-03,3.323284e+01,1.000581e-05,5.391135e-06,3001527.133,6.250000e-05,5.35,12170.82
4241,3.451715e-03,3.317281e+01,9.553613e-06,7.779567e-06,2997973.025,3.475868e-03,3.309126e+01,9.628467e-06,1.409147e-05,2990270.695,6.250000e-05,5.39,12176.21
4242,3.465348e-03,3.317920e+01,1.015471e-05,9.176167e-06,2997917.395,3.460635e-03,3.339348e+01,8.613906e-06,7.029698e-06,3006063.016,6.250000e-05,5.73,12181.95
4243,3.465295e-03,3.318684e+01,1.067623e-05,7.969713e-06,2997945.156,3.435246e-03,3.320744e+01,8.926025e-06,5.048257e-06,3000763.281,6.250000e-05,5.77,12187.72
4244,3.452740e-03,3.316665e+01,9.465573e-06,8.283898e-06,2997833.957,3.507298e-03,3.330244e+01,1.223925e-05,1.093234e-05,2998930.180,6.250000e-05,5.50,12193.21
4245,3.481460e-03,3.318722e+01,1.070983e-05,1.112806e-05,2998043.354,3.499812e-03,3.301004e+01,1.097364e-05,1.781435e-05,2988747.367,6.250000e-05,5.21,12198.42
4246,3.469965e-03,3.317166e+01,1.023694e-05,1.008598e-05,2997823.729,3.438730e-03,3.315874e+01,8.568579e-06,7.434072e-06,2993868.875,6.250000e-05,4.89,12203.31
4247,3.463649e-03,3.317996e+01,1.005081e-05,9.029011e-06,2997962.086,3.454190e-03,3.309501e+01,1.011661e-05,8.704589e-06,2993559.570,6.250000e-05,5.34,12208.65
4248,3.446442e-03,3.318370e+01,9.429151e-06,6.756077e-06,2997944.408,3.518641e-03,3.299528e+01,1.106194e-05,2.169886e-05,2987319.516,6.250000e-05,5.40,12214.05
4249,3.463600e-03,3.317217e+01,1.011476e-05,9.047104e-06,2997813.354,3.457138e-03,3.322677e+01,9.717005e-06,7.458216e-06,2999593.875,6.250000e-05,5.75,12219.81
4250,3.465256e-03,3.317699e+01,9.963092e-06,9.585196e-06,2997912.648,3.435806e-03,3.316286e+01,9.268753e-06,5.366369e-06,2996548.930,6.250000e-05,5.76,12225.57
4251,3.471541e-03,3.316951e+01,9.722714e-06,1.147257e-05,2997853.492,3.443735e-03,3.324664e+01,1.030856e-05,3.197158e-06,3000480.680,6.250000e-05,5.73,12231.30
4252,3.452940e-03,3.317875e+01,9.780674e-06,7.451626e-06,2998007.137,3.468643e-03,3.310329e+01,9.990645e-06,1.168147e-05,2993213.102,6.250000e-05,5.55,12236.86
4253,3.475663e-03,3.317677e+01,1.084861e-05,9.900056e-06,2997845.908,3.450867e-03,3.323881e+01,1.077694e-05,3.843213e-06,2999849.984,6.250000e-05,5.46,12242.32
4254,3.482030e-03,3.316868e+01,1.026820e-05,1.249589e-05,2997852.275,3.443536e-03,3.312054e+01,9.851615e-06,6.593202e-06,2995975.789,6.250000e-05,5.36,12247.68
4255,3.457058e-03,3.317540e+01,9.703908e-06,8.495645e-06,2997926.221,3.425092e-03,3.315366e+01,8.501961e-06,4.941356e-06,2997857.984,6.250000e-05,5.70,12253.38
4256,3.454233e-03,3.317737e+01,9.700337e-06,7.898581e-06,2997934.598,3.441974e-03,3.310888e+01,1.002581e-05,6.165423e-06,2995351.586,6.250000e-05,5.49,12258.87
4257,3.455750e-03,3.317092e+01,9.560979e-06,8.609672e-06,2997939.307,3.470332e-03,3.321373e+01,1.014467e-05,9.502374e-06,2995273.344,6.250000e-05,5.62,12264.49
4258,3.474931e-03,3.318286e+01,1.007602e-05,1.117711e-05,2997859.062,3.485677e-03,3.335912e+01,1.018491e-05,9.583155e-06,3007002.031,6.250000e-05,5.77,12270.26
4259,3.463095e-03,3.317751e+01,1.040461e-05,8.259524e-06,2997950.012,3.457582e-03,3.301247e+01,9.651438e-06,1.196416e-05,2992228.961,6.250000e-05,5.73,12275.98
4260,3.460403e-03,3.316921e+01,9.852688e-06,8.990893e-06,2997882.076,3.453494e-03,3.312283e+01,8.692876e-06,1.085638e-05,2991868.695,6.250000e-05,5.15,12281.14
4261,3.452152e-03,3.317417e+01,1.034523e-05,6.256564e-06,2997824.928,3.491166e-03,3.335332e+01,1.286531e-05,5.436286e-06,3005203.844,6.250000e-05,5.16,12286.30
4262,3.454904e-03,3.317647e+01,9.609958e-06,8.231501e-06,2998027.643,3.451881e-03,3.325555e+01,9.280373e-06,6.704434e-06,3002850.250,6.250000e-05,5.51,12291.81
4263,3.463224e-03,3.316881e+01,9.605223e-06,1.005830e-05,2997837.709,3.449627e-03,3.324643e+01,1.127749e-05,2.441857e-06,2999197.344,6.250000e-05,5.43,12297.24
4264,3.468357e-03,3.317682e+01,1.020121e-05,9.732625e-06,2998039.773,3.471422e-03,3.309566e+01,1.107792e-05,1.021553e-05,2992708.016,6.250000e-05,5.74,12302.98
4265,3.465037e-03,3.317442e+01,1.010236e-05,9.314311e-06,2997839.312,3.430199e-03,3.311300e+01,8.622068e-06,6.535684e-06,2994733.773,6.250000e-05,5.28,12308.26
4266,3.468492e-03,3.317576e+01,1.045839e-05,9.266450e-06,2997979.396,3.446134e-03,3.316907e+01,1.048489e-05,4.875611e-06,2998725.773,6.250000e-05,5.11,12313.37
4267,3.455747e-03,3.317589e+01,9.761088e-06,8.109588e-06,2997893.320,3.479105e-03,3.333201e+01,8.382944e-06,1.241503e-05,3007464.562,6.250000e-05,5.25,12318.62
4268,3.446378e-03,3.316736e+01,9.352867e-06,7.222713e-06,2997916.785,3.459073e-03,3.316533e+01,8.748353e-06,1.101114e-05,2999540.586,6.250000e-05,6.02,12324.64
4269,3.490668e-03,3.317720e+01,1.038635e-05,1.381687e-05,2997947.211,3.457389e-03,3.320309e+01,1.127251e-05,4.871020e-06,2999504.227,6.250000e-05,5.43,12330.06
4270,3.450418e-03,3.316994e+01,9.382925e-06,7.918970e-06,2997848.488,3.454675e-03,3.303667e+01,8.891812e-06,1.241800e-05,2991281.961,6.250000e-05,5.93,12336.00
4271,3.460356e-03,3.316685e+01,9.903340e-06,8.927422e-06,2997907.344,3.436812e-03,3.312247e+01,9.141672e-06,6.629711e-06,2994780.445,6.250000e-05,5.66,12341.66
4272,3.454098e-03,3.316742e+01,9.579214e-06,8.312784e-06,2997882.273,3.461591e-03,3.307544e+01,9.917727e-06,1.097386e-05,2991459.797,6.250000e-05,5.41,12347.07
4273,3.451429e-03,3.316985e+01,9.596103e-06,7.696674e-06,2997900.750,3.428668e-03,3.319991e+01,9.167864e-06,3.399674e-06,2997465.180,6.250000e-05,5.14,12352.21
4274,3.452618e-03,3.317280e+01,1.005113e-05,6.965288e-06,2998014.857,3.491370e-03,3.301621e+01,1.252250e-05,1.290484e-05,2991540.195,6.250000e-05,4.92,12357.13
4275,3.466701e-03,3.317320e+01,1.047985e-05,8.916484e-06,2997757.242,3.519809e-03,3.331671e+01,1.085836e-05,1.591090e-05,3007870.922,6.250000e-05,5.74,12362.87
4276,3.461158e-03,3.317691e+01,1.046181e-05,7.769865e-06,2998055.049,3.456245e-03,3.306730e+01,9.257012e-06,1.138907e-05,2992053.375,6.250000e-05,5.42,12368.29
4277,3.468598e-03,3.317004e+01,1.056134e-05,9.196122e-06,2997874.283,3.506258e-03,3.307196e+01,1.504526e-05,9.721794e-06,2992312.391,6.250000e-05,5.20,12373.49
4278,3.459112e-03,3.316440e+01,1.039854e-05,7.737418e-06,2997923.816,3.441879e-03,3.315250e+01,9.854905e-06,5.615875e-06,2995702.500,6.250000e-05,5.06,12378.55
4279,3.451807e-03,3.316834e+01,9.653589e-06,7.687274e-06,2998020.072,3.486836e-03,3.295819e+01,9.183843e-06,1.983574e-05,2988175.586,6.250000e-05,5.26,12383.81
4280,3.458087e-03,3.316960e+01,9.782652e-06,8.660198e-06,2997757.809,3.441587e-03,3.307028e+01,8.868399e-06,9.174997e-06,2993813.414,6.250000e-05,5.14,12388.94
4281,3.446276e-03,3.317035e+01,9.242358e-06,7.363536e-06,2997975.965,3.433497e-03,3.318716e+01,8.937936e-06,5.080382e-06,2997884.719,6.250000e-05,5.21,12394.15
4282,3.458484e-03,3.316929e+01,9.500821e-06,9.309266e-06,2997907.070,3.449012e-03,3.309349e+01,8.462543e-06,1.100746e-05,2994104.180,6.250000e-05,5.14,12399.29
4283,3.468321e-03,3.315638e+01,9.911773e-06,1.071304e-05,2997881.875,3.470483e-03,3.326063e+01,1.223637e-05,4.411287e-06,3000343.836,6.250000e-05,5.29,12404.58
4284,3.462339e-03,3.317477e+01,1.026055e-05,8.451202e-06,2997977.389,3.433348e-03,3.319136e+01,8.976808e-06,4.888755e-06,2998656.195,6.250000e-05,4.44,12409.02
4285,3.460939e-03,3.316843e+01,9.999184e-06,8.820747e-06,2997780.900,3.429255e-03,3.323862e+01,8.984674e-06,3.109397e-06,3000222.695,6.250000e-05,5.57,12414.58
4286,3.458783e-03,3.317308e+01,9.973963e-06,8.347021e-06,2997933.002,3.434587e-03,3.320271e+01,9.809580e-06,3.244012e-06,2999834.430,6.250000e-05,5.38,12419.97
4287,3.464053e-03,3.316165e+01,1.036243e-05,8.852798e-06,2997902.938,3.506080e-03,3.318217e+01,1.310398e-05,1.136467e-05,2993480.828,6.250000e-05,5.91,12425.88
4288,3.458445e-03,3.316486e+01,9.768787e-06,8.854247e-06,2997918.592,3.484865e-03,3.331519e+01,1.191882e-05,6.831529e-06,3003827.867,6.250000e-05,5.55,12431.43
4289,3.456926e-03,3.316622e+01,9.951693e-06,8.157520e-06,2997860.705,3.450193e-03,3.323035e+01,1.120482e-05,3.022059e-06,3000056.664,6.250000e-05,5.93,12437.36
4290,3.460529e-03,3.318103e+01,9.775978e-06,8.933369e-06,2998058.756,3.455522e-03,3.310815e+01,1.012887e-05,8.683713e-06,2993184.742,6.250000e-05,5.16,12442.52
4291,3.460040e-03,3.316272e+01,9.857702e-06,9.038161e-06,2997883.207,3.465985e-03,3.317486e+01,9.259897e-06,1.117991e-05,3001433.414,6.250000e-05,5.66,12448.18
4292,3.458738e-03,3.316393e+01,9.332642e-06,9.803680e-06,2997896.803,3.449778e-03,3.332129e+01,9.663895e-06,4.201909e-06,3002966.211,6.250000e-05,5.69,12453.87
4293,3.460711e-03,3.317311e+01,1.043435e-05,7.811243e-06,2998028.262,3.463253e-03,3.301097e+01,8.976317e-06,1.447865e-05,2989604.516,6.250000e-05,5.60,12459.47
4294,3.468821e-03,3.316828e+01,9.878700e-06,1.064129e-05,2997884.314,3.447542e-03,3.319622e+01,1.020991e-05,5.164165e-06,2995805.070,6.250000e-05,6.22,12465.69
4295,3.459128e-03,3.316989e+01,1.015329e-05,8.121286e-06,2997910.559,3.435904e-03,3.314252e+01,9.275222e-06,5.779951e-06,2995535.820,6.250000e-05,5.07,12470.75
4296,3.458643e-03,3.316028e+01,9.911719e-06,8.699641e-06,2997826.615,3.434924e-03,3.325665e+01,8.778515e-06,4.294857e-06,3001681.430,6.250000e-05,4.96,12475.71
4297,3.465228e-03,3.316284e+01,1.014851e-05,9.491759e-06,2997858.855,3.466095e-03,3.316623e+01,1.220150e-05,5.491409e-06,2998819.875,6.250000e-05,5.36,12481.07
4298,3.463579e-03,3.316350e+01,9.574006e-06,1.029776e-05,2998047.779,3.457344e-03,3.302051e+01,9.006945e-06,1.304463e-05,2990391.781,6.250000e-05,5.24,12486.31
4299,3.454450e-03,3.315858e+01,9.465996e-06,8.786582e-06,2997877.252,3.458449e-03,3.303589e+01,1.003623e-05,1.089960e-05,2992300.344,6.250000e-05,5.67,12491.98
4300,3.484546e-03,3.316530e+01,1.085912e-05,1.188489e-05,2997844.369,3.457468e-03,3.321815e+01,1.067518e-05,5.780367e-06,3002061.211,6.250000e-05,5.63,12497.61
4301,3.460884e-03,3.317265e+01,9.727498e-06,9.268822e-06,2998117.180,3.782138e-03,3.292071e+01,2.731299e-05,4.338734e-05,2981687.797,6.250000e-05,5.29,12502.90
4302,3.459330e-03,3.315607e+01,1.002022e-05,8.704110e-06,2997609.480,3.453618e-03,3.336725e+01,8.768103e-06,5.842413e-06,3003168.750,6.250000e-05,5.53,12508.43
4303,3.463280e-03,3.316947e+01,9.821908e-06,9.622816e-06,2997953.518,3.431789e-03,3.310350e+01,8.930463e-06,6.426824e-06,2996221.531,6.250000e-05,5.25,12513.68
4304,3.458205e-03,3.316245e+01,9.999709e-06,8.392792e-06,2997943.059,3.551967e-03,3.345409e+01,1.230827e-05,1.669517e-05,3010910.609,6.250000e-05,5.06,12518.74
4305,3.475388e-03,3.316472e+01,9.806669e-06,1.216994e-05,2997859.668,3.509554e-03,3.345108e+01,9.265169e-06,1.435903e-05,3009644.328,6.250000e-05,5.27,12524.01
4306,3.469644e-03,3.317039e+01,9.538925e-06,1.144301e-05,2997989.943,3.428422e-03,3.314283e+01,8.699565e-06,5.428539e-06,2996841.602,6.250000e-05,5.58,12529.60
4307,3.465907e-03,3.316750e+01,9.620125e-06,1.059108e-05,2997842.270,3.483028e-03,3.335919e+01,9.796101e-06,9.829627e-06,3006058.984,6.250000e-05,5.13,12534.72
4308,3.455018e-03,3.316915e+01,9.392302e-06,8.836042e-06,2997914.395,3.501427e-03,3.335259e+01,1.011132e-05,1.301107e-05,3005103.617,6.250000e-05,5.55,12540.27
4309,3.469825e-03,3.317135e+01,9.737759e-06,1.106246e-05,2998053.404,3.569522e-03,3.289407e+01,1.192749e-05,3.216798e-05,2984049.547,6.250000e-05,5.29,12545.57
4310,3.455613e-03,3.315938e+01,9.782338e-06,8.370241e-06,2997821.502,3.424796e-03,3.316958e+01,8.677517e-06,4.212547e-06,2998818.852,6.250000e-05,5.46,12551.03
4311,3.452425e-03,3.316277e+01,9.306047e-06,8.617519e-06,2997979.002,3.437685e-03,3.318933e+01,9.454793e-06,4.840711e-06,3000660.484,6.250000e-05,5.28,12556.31
4312,3.446016e-03,3.316201e+01,9.068355e-06,7.826226e-06,2997788.480,3.461480e-03,3.329520e+01,1.012299e-05,6.146082e-06,3004568.484,6.250000e-05,5.50,12561.81
4313,3.475997e-03,3.315769e+01,1.050367e-05,1.103827e-05,2997958.180,3.437187e-03,3.333439e+01,8.577372e-06,3.594805e-06,3002677.195,6.250000e-05,5.36,12567.16
4314,3.444411e-03,3.316962e+01,9.232807e-06,7.024266e-06,2998011.400,3.432992e-03,3.323653e+01,8.796539e-06,4.274693e-06,3000303.812,6.250000e-05,5.24,12572.40
4315,3.476788e-03,3.315936e+01,1.051657e-05,1.113736e-05,2997860.936,3.491962e-03,3.302421e+01,9.428332e-06,1.905152e-05,2990425.195,6.250000e-05,5.34,12577.75
4316,3.462352e-03,3.316031e+01,9.516366e-06,1.023150e-05,2997865.955,3.428128e-03,3.324524e+01,8.605985e-06,3.508734e-06,3001665.258,6.250000e-05,5.26,12583.00
4317,3.452622e-03,3.316323e+01,9.510007e-06,8.239871e-06,2997958.246,3.474991e-03,3.335758e+01,9.276222e-06,9.294197e-06,3006330.367,6.250000e-05,5.65,12588.65
4318,3.460291e-03,3.317313e+01,1.048835e-05,7.618788e-06,2997941.334,3.438626e-03,3.311061e+01,8.630364e-06,8.252279e-06,2999064.180,6.250000e-05,5.26,12593.91
4319,3.449975e-03,3.315370e+01,9.030406e-06,8.860120e-06,2997830.592,3.436045e-03,3.329993e+01,8.037774e-06,5.134786e-06,3002714.812,6.250000e-05,4.87,12598.77
4320,3.454667e-03,3.316957e+01,9.564579e-06,8.413022e-06,2997877.635,3.573334e-03,3.343299e+01,1.155856e-05,2.288990e-05,3012360.039,6.250000e-05,5.02,12603.80
4321,3.459459e-03,3.316189e+01,9.291573e-06,1.007088e-05,2997935.756,3.467319e-03,3.333542e+01,1.076425e-05,5.227045e-06,3004215.750,6.250000e-05,5.33,12609.13
4322,3.459781e-03,3.316393e+01,9.823044e-06,9.031537e-06,2997985.730,3.468257e-03,3.310699e+01,1.085273e-05,9.806176e-06,2991924.953,6.250000e-05,5.33,12614.46
4323,3.460867e-03,3.315652e+01,9.652794e-06,9.737484e-06,2997805.898,3.455329e-03,3.326804e+01,1.085488e-05,3.995274e-06,3002564.945,6.250000e-05,5.21,12619.67
4324,3.452823e-03,3.316210e+01,9.409391e-06,8.503749e-06,2997925.705,3.582879e-03,3.347331e+01,1.198850e-05,2.313255e-05,3012948.703,6.250000e-05,5.20,12624.87
4325,3.456713e-03,3.315606e+01,9.740395e-06,8.740553e-06,2997901.768,3.473599e-03,3.326466e+01,9.585932e-06,1.025492e-05,2996711.953,6.250000e-05,5.77,12630.64
4326,3.455084e-03,3.317275e+01,9.475671e-06,8.610527e-06,2997983.791,3.438889e-03,3.317455e+01,9.342934e-06,5.600998e-06,2999428.891,6.250000e-05,4.97,12635.61
4327,3.455092e-03,3.317405e+01,9.237100e-06,9.063142e-06,2997957.201,3.473719e-03,3.319234e+01,9.634644e-06,1.162776e-05,3004075.242,6.250000e-05,5.30,12640.91
4328,3.448177e-03,3.315117e+01,9.495481e-06,7.621032e-06,2997855.281,3.463679e-03,3.338008e+01,9.072250e-06,6.989722e-06,3005986.586,6.250000e-05,5.89,12646.80
4329,3.465811e-03,3.316629e+01,1.007312e-05,9.690044e-06,2997910.850,3.447554e-03,3.327721e+01,9.161655e-06,5.643255e-06,3004142.281,6.250000e-05,5.87,12652.66
4330,3.457966e-03,3.316205e+01,9.934333e-06,8.483637e-06,2997972.324,3.443612e-03,3.320354e+01,9.546898e-06,5.557896e-06,2996577.383,6.250000e-05,5.30,12657.97
4331,3.477528e-03,3.317095e+01,1.032683e-05,1.143309e-05,2997990.545,3.557052e-03,3.288946e+01,1.187072e-05,2.987964e-05,2985532.672,6.250000e-05,5.54,12663.51
4332,3.460094e-03,3.316392e+01,9.728857e-06,9.282636e-06,2997879.426,3.456599e-03,3.302208e+01,8.574438e-06,1.372931e-05,2990111.406,6.250000e-05,5.25,12668.76
4333,3.465032e-03,3.315769e+01,9.435300e-06,1.098198e-05,2997982.713,3.473139e-03,3.299897e+01,8.581077e-06,1.748631e-05,2990454.375,6.250000e-05,6.11,12674.87
4334,3.455881e-03,3.316380e+01,9.774083e-06,8.352120e-06,2997792.180,3.428475e-03,3.317070e+01,9.267217e-06,3.746459e-06,2999237.977,6.250000e-05,5.41,12680.29
4335,3.466048e-03,3.315973e+01,9.986928e-06,1.004122e-05,2997853.102,3.496168e-03,3.307003e+01,1.440076e-05,9.031569e-06,2992744.336,6.250000e-05,5.88,12686.16
4336,3.458300e-03,3.316340e+01,9.656965e-06,9.078233e-06,2998022.174,3.433626e-03,3.318474e+01,9.590117e-06,3.850239e-06,2999586.203,6.250000e-05,5.49,12691.65
4337,3.455581e-03,3.315963e+01,9.620486e-06,8.682777e-06,2997851.277,3.492923e-03,3.334046e+01,1.235049e-05,7.074301e-06,3004675.719,6.250000e-05,5.53,12697.18
4338,3.444899e-03,3.315389e+01,9.135768e-06,7.630544e-06,2997911.832,3.451513e-03,3.326861e+01,9.087242e-06,6.755835e-06,2999104.555,6.250000e-05,5.00,12702.19
4339,3.460106e-03,3.316369e+01,1.021594e-05,8.315500e-06,2997846.059,3.469455e-03,3.336332e+01,8.891379e-06,8.841804e-06,3005954.109,6.250000e-05,5.31,12707.49
4340,3.467714e-03,3.316118e+01,9.476937e-06,1.136537e-05,2997888.570,3.511955e-03,3.341060e+01,1.042376e-05,1.333136e-05,3008945.680,6.250000e-05,5.53,12713.02
4341,3.448602e-03,3.316644e+01,9.210965e-06,7.969699e-06,2998087.064,3.464577e-03,3.317542e+01,1.113576e-05,7.135593e-06,2994626.664,6.250000e-05,5.36,12718.38
4342,3.455766e-03,3.316110e+01,8.882552e-06,1.016595e-05,2997829.512,3.419617e-03,3.314792e+01,8.361853e-06,4.241281e-06,2997116.266,6.250000e-05,5.97,12724.35
4343,3.463090e-03,3.316762e+01,1.002691e-05,9.211832e-06,2997926.648,3.547996e-03,3.330956e+01,9.417438e-06,2.457320e-05,3008920.742,6.250000e-05,5.44,12729.78
4344,3.457285e-03,3.316581e+01,9.854916e-06,8.430933e-06,2997929.645,3.452680e-03,3.322410e+01,1.113393e-05,3.786134e-06,2998155.445,6.250000e-05,5.03,12734.82
4345,3.477399e-03,3.315789e+01,1.028375e-05,1.175457e-05,2997745.895,3.431877e-03,3.326147e+01,8.785662e-06,3.574629e-06,3002723.617,6.250000e-05,5.63,12740.44
4346,3.454520e-03,3.316048e+01,9.550123e-06,8.594254e-06,2998092.293,3.448981e-03,3.309318e+01,8.962051e-06,1.000851e-05,2995652.633,6.250000e-05,5.24,12745.68
4347,3.471397e-03,3.314562e+01,9.663692e-06,1.203951e-05,2997736.004,3.450826e-03,3.317126e+01,1.002300e-05,6.694039e-06,3000858.953,6.250000e-05,5.30,12750.98
4348,3.467681e-03,3.317519e+01,9.748754e-06,1.053497e-05,2998105.475,3.433095e-03,3.307197e+01,9.161450e-06,6.856617e-06,2993742.211,6.250000e-05,5.14,12756.12
4349,3.455073e-03,3.315742e+01,9.486056e-06,8.894223e-06,2997728.213,3.583841e-03,3.357106e+01,1.048200e-05,2.438309e-05,3012713.789,6.250000e-05,5.70,12761.82
4350,3.458276e-03,3.316242e+01,1.018342e-05,8.039804e-06,2998015.773,3.470493e-03,3.326607e+01,1.089130e-05,6.994628e-06,3003460.594,6.250000e-05,5.38,12767.20
4351,3.448856e-03,3.315715e+01,9.380776e-06,7.866643e-06,2997858.221,3.472078e-03,3.321713e+01,1.058089e-05,8.911198e-06,3004069.719,6.250000e-05,4.91,12772.12
4352,3.459351e-03,3.315732e+01,1.003987e-05,8.644082e-06,2998115.943,3.538616e-03,3.298864e+01,1.067267e-05,2.660499e-05,2985533.211,6.250000e-05,5.26,12777.38
4353,3.459667e-03,3.315236e+01,9.595273e-06,9.695594e-06,2997766.932,3.432721e-03,3.317924e+01,9.032827e-06,4.893924e-06,2999402.477,6.250000e-05,5.35,12782.72
4354,3.465242e-03,3.316205e+01,9.792869e-06,1.022154e-05,2997928.150,3.417948e-03,3.319376e+01,8.411458e-06,2.891439e-06,2998943.062,6.250000e-05,5.90,12788.62
4355,3.446594e-03,3.315522e+01,9.722858e-06,6.768864e-06,2998021.006,3.504818e-03,3.297515e+01,1.139584e-05,1.866909e-05,2989051.719,6.250000e-05,5.04,12793.66
4356,3.463570e-03,3.315292e+01,9.628397e-06,1.039880e-05,2997703.490,3.447776e-03,3.334537e+01,9.196027e-06,4.255879e-06,3003425.562,6.250000e-05,5.53,12799.19
4357,3.472245e-03,3.316928e+01,1.013819e-05,1.078717e-05,2997927.457,3.487260e-03,3.336667e+01,9.843297e-06,1.043202e-05,3006668.016,6.250000e-05,5.08,12804.28
4358,3.464834e-03,3.314943e+01,1.006368e-05,9.850951e-06,2997898.779,3.455348e-03,3.332878e+01,1.043231e-05,3.629389e-06,3001342.289,6.250000e-05,5.53,12809.80
4359,3.469597e-03,3.316047e+01,1.003373e-05,1.064242e-05,2998007.930,3.500594e-03,3.334541e+01,1.005360e-05,1.310336e-05,3008596.391,6.250000e-05,5.32,12815.12
4360,3.453651e-03,3.316029e+01,9.704150e-06,8.116110e-06,2997936.301,3.432151e-03,3.309334e+01,8.819639e-06,6.924112e-06,2996821.820,6.250000e-05,5.56,12820.69
4361,3.456646e-03,3.314787e+01,9.873819e-06,8.624160e-06,2997956.467,3.430312e-03,3.309906e+01,9.392988e-06,5.295367e-06,2995990.242,6.250000e-05,5.17,12825.86
4362,3.471164e-03,3.315608e+01,1.035173e-05,1.040782e-05,2997794.154,3.477771e-03,3.302514e+01,1.135698e-05,1.233733e-05,2993009.211,6.250000e-05,5.65,12831.51
4363,3.459870e-03,3.314406e+01,9.566621e-06,9.959510e-06,2997943.898,3.666885e-03,3.359753e+01,1.016626e-05,4.109400e-05,3017751.969,6.250000e-05,5.27,12836.78
4364,3.466887e-03,3.315522e+01,9.977169e-06,1.031863e-05,2997979.947,3.437528e-03,3.318955e+01,1.010583e-05,3.502909e-06,2997908.891,6.250000e-05,5.05,12841.83
4365,3.450232e-03,3.315721e+01,9.748828e-06,7.404364e-06,2997939.670,3.450377e-03,3.320510e+01,9.469014e-06,7.035349e-06,3001847.156,6.250000e-05,4.93,12846.76
4366,3.475573e-03,3.314906e+01,9.884305e-06,1.236474e-05,2997948.695,3.424828e-03,3.320605e+01,9.044684e-06,2.755271e-06,3000070.289,6.250000e-05,5.82,12852.58
4367,3.456786e-03,3.315947e+01,9.942363e-06,8.283098e-06,2997860.955,3.471304e-03,3.305863e+01,9.671950e-06,1.374430e-05,2992218.852,6.250000e-05,5.70,12858.28
4368,3.456762e-03,3.315131e+01,9.440448e-06,9.445490e-06,2997875.883,3.526163e-03,3.327616e+01,1.616156e-05,7.386215e-06,3001442.961,6.250000e-05,5.18,12863.46
4369,3.448603e-03,3.315501e+01,9.634133e-06,7.352014e-06,2997872.646,3.560537e-03,3.345258e+01,1.005614e-05,2.294355e-05,3012599.148,6.250000e-05,5.21,12868.67
4370,3.461003e-03,3.316202e+01,1.022423e-05,8.511650e-06,2998061.994,3.458174e-03,3.307918e+01,1.059254e-05,8.866228e-06,2994583.250,6.250000e-05,5.18,12873.85
4371,3.464997e-03,3.314463e+01,9.629646e-06,1.084762e-05,2997816.432,3.449061e-03,3.325022e+01,9.235173e-06,6.337387e-06,2999438.344,6.250000e-05,5.88,12879.73
4372,3.457691e-03,3.314814e+01,9.758584e-06,9.058263e-06,2997763.914,3.498176e-03,3.341481e+01,9.462228e-06,1.241471e-05,3009195.508,6.250000e-05,5.44,12885.17
4373,3.460558e-03,3.316156e+01,9.607997e-06,9.664364e-06,2998041.723,3.474639e-03,3.334680e+01,9.524190e-06,8.943563e-06,3004592.062,6.250000e-05,5.11,12890.28
4374,3.453663e-03,3.315963e+01,1.010628e-05,7.327492e-06,2997978.564,3.425333e-03,3.306554e+01,8.805185e-06,6.145580e-06,2995380.219,6.250000e-05,5.11,12895.39
4375,3.453521e-03,3.315218e+01,9.490849e-06,8.678892e-06,2997896.367,3.449341e-03,3.325480e+01,9.708242e-06,5.355779e-06,3003554.242,6.250000e-05,5.52,12900.91
4376,3.458140e-03,3.315373e+01,9.410878e-06,9.731660e-06,2997863.881,3.418423e-03,3.316197e+01,8.786193e-06,2.872731e-06,2998826.117,6.250000e-05,5.37,12906.28
4377,3.453184e-03,3.315150e+01,9.939565e-06,7.727832e-06,2997920.217,3.434319e-03,3.329426e+01,8.390295e-06,4.198069e-06,3002332.969,6.250000e-05,5.47,12911.75
4378,3.460454e-03,3.316993e+01,1.059754e-05,7.497115e-06,2998188.359,3.678692e-03,3.272333e+01,1.269984e-05,5.587217e-05,2978613.758,6.250000e-05,5.40,12917.15
4379,3.466083e-03,3.314189e+01,1.012456e-05,1.012965e-05,2997758.924,3.450905e-03,3.321684e+01,1.049030e-05,4.863546e-06,2999661.539,6.250000e-05,5.79,12922.94
4380,3.466412e-03,3.315514e+01,9.616149e-06,1.094737e-05,2997932.705,3.449994e-03,3.312991e+01,1.012496e-05,7.150803e-06,2995647.688,6.250000e-05,5.39,12928.33
4381,3.450343e-03,3.315323e+01,9.948197e-06,7.107702e-06,2997892.174,3.438152e-03,3.330348e+01,8.527995e-06,4.504828e-06,3003086.188,6.250000e-05,5.53,12933.87
4382,3.448566e-03,3.315458e+01,9.600656e-06,7.420201e-06,2997852.752,3.450602e-03,3.332731e+01,9.337454e-06,4.899505e-06,3001331.836,6.250000e-05,4.99,12938.85
4383,3.474608e-03,3.316065e+01,1.058571e-05,1.053712e-05,2998014.582,3.438093e-03,3.303298e+01,9.088229e-06,8.782512e-06,2995649.422,6.250000e-05,5.02,12943.88
4384,3.458355e-03,3.314831e+01,9.442673e-06,9.819357e-06,2998001.729,3.480070e-03,3.311057e+01,1.270833e-05,8.385803e-06,2994512.828,6.250000e-05,5.47,12949.35
4385,3.449813e-03,3.316684e+01,9.578212e-06,7.469569e-06,2997808.283,3.450904e-03,3.330344e+01,9.531562e-06,5.049041e-06,3004496.695,6.250000e-05,5.33,12954.68
4386,3.464795e-03,3.314991e+01,1.017353e-05,9.613657e-06,2997920.045,3.448999e-03,3.320083e+01,1.013052e-05,5.522229e-06,3001294.273,6.250000e-05,5.17,12959.85
4387,3.468756e-03,3.315717e+01,9.860099e-06,1.088762e-05,2998007.791,3.459852e-03,3.310196e+01,8.398718e-06,1.313373e-05,2991562.781,6.250000e-05,4.89,12964.73
4388,3.448464e-03,3.315393e+01,9.572111e-06,7.470023e-06,2997805.971,3.472030e-03,3.327206e+01,1.155638e-05,5.851991e-06,3001449.805,6.250000e-05,5.14,12969.88
4389,3.460032e-03,3.314875e+01,9.403410e-06,1.022464e-05,2997897.869,3.432824e-03,3.316689e+01,9.927668e-06,3.371869e-06,2997305.547,6.250000e-05,5.57,12975.45
4390,3.447613e-03,3.315653e+01,9.977739e-06,6.436623e-06,2997996.373,3.438274e-03,3.317267e+01,1.025598e-05,3.689385e-06,2996634.781,6.250000e-05,5.41,12980.85
4391,3.455993e-03,3.315024e+01,9.956448e-06,8.280961e-06,2997900.965,3.448974e-03,3.301997e+01,9.632453e-06,1.013053e-05,2992518.492,6.250000e-05,5.67,12986.53
4392,3.459976e-03,3.314631e+01,9.783177e-06,9.502726e-06,2997947.756,3.441567e-03,3.317283e+01,9.759988e-06,5.336736e-06,3000238.633,6.250000e-05,5.50,12992.02
4393,3.468757e-03,3.315038e+01,1.029220e-05,1.015930e-05,2997934.258,3.538747e-03,3.285576e+01,9.916325e-06,3.080160e-05,2984379.297,6.250000e-05,5.89,12997.91
4394,3.447380e-03,3.315036e+01,8.994152e-06,8.480440e-06,2997930.703,3.466038e-03,3.306839e+01,1.209615e-05,7.647613e-06,2994268.094,6.250000e-05,4.98,13002.89
4395,3.453515e-03,3.315391e+01,9.789900e-06,8.044939e-06,2997976.609,3.442623e-03,3.314265e+01,9.768628e-06,6.134403e-06,2995588.812,6.250000e-05,5.42,13008.31
4396,3.460743e-03,3.315096e+01,9.877808e-06,9.373725e-06,2997763.354,3.480218e-03,3.318207e+01,1.391984e-05,4.562689e-06,3000445.414,6.250000e-05,5.38,13013.69
4397,3.477328e-03,3.316036e+01,1.027369e-05,1.171093e-05,2998001.402,3.452024e-03,3.308421e+01,9.337663e-06,1.004527e-05,2997149.203,6.250000e-05,5.50,13019.19
4398,3.455454e-03,3.314399e+01,1.011413e-05,7.982696e-06,2997887.355,3.447488e-03,3.318827e+01,1.011215e-05,5.508039e-06,2999946.117,6.250000e-05,5.31,13024.50
4399,3.459132e-03,3.315303e+01,9.690407e-06,9.385035e-06,2997951.240,3.439278e-03,3.304278e+01,9.165525e-06,8.669048e-06,2993327.688,6.250000e-05,5.25,13029.76
4400,3.456287e-03,3.313616e+01,9.564155e-06,9.405929e-06,2997712.771,3.473888e-03,3.332521e+01,9.780724e-06,8.712091e-06,3006082.188,6.250000e-05,5.10,13034.86
4401,3.446243e-03,3.315569e+01,9.694555e-06,6.745692e-06,2997908.443,3.429020e-03,3.317750e+01,9.284804e-06,3.684276e-06,3000509.477,6.250000e-05,5.52,13040.38
4402,3.461620e-03,3.315779e+01,9.412624e-06,1.034295e-05,2998060.031,3.454659e-03,3.299873e+01,9.298045e-06,1.236110e-05,2991242.594,6.250000e-05,5.59,13045.96
4403,3.453720e-03,3.315115e+01,9.400223e-06,8.920492e-06,2997827.617,3.430460e-03,3.318970e+01,8.634541e-06,5.029076e-06,2998897.188,6.250000e-05,5.82,13051.78
4404,3.469832e-03,3.314876e+01,1.014467e-05,1.070179e-05,2997868.756,3.459759e-03,3.320245e+01,1.088169e-05,6.139430e-06,2997641.742,6.250000e-05,5.34,13057.12
4405,3.464428e-03,3.315107e+01,9.541638e-06,1.078093e-05,2998058.203,3.482119e-03,3.306124e+01,1.112617e-05,1.294678e-05,2990595.727,6.250000e-05,5.98,13063.10
4406,3.456107e-03,3.315070e+01,9.549810e-06,9.107832e-06,2997936.162,3.567918e-03,3.283659e+01,8.662689e-06,3.952639e-05,2982898.859,6.250000e-05,5.68,13068.78
4407,3.461709e-03,3.315044e+01,9.752769e-06,9.827489e-06,2997774.195,3.543656e-03,3.345317e+01,1.197049e-05,1.572679e-05,3010010.938,6.250000e-05,5.52,13074.31
4408,3.458209e-03,3.316021e+01,1.020902e-05,8.019694e-06,2997987.891,3.429942e-03,3.313463e+01,9.727557e-06,3.840627e-06,2997092.289,6.250000e-05,5.52,13079.82
4409,3.457821e-03,3.315035e+01,9.601781e-06,9.353612e-06,2997976.445,3.434420e-03,3.315429e+01,8.879333e-06,6.039394e-06,2996177.438,6.250000e-05,5.09,13084.91
4410,3.453813e-03,3.314453e+01,9.207830e-06,9.456379e-06,2997885.189,3.429465e-03,3.309837e+01,9.075411e-06,5.774798e-06,2997118.875,6.250000e-05,5.19,13090.10
4411,3.458526e-03,3.314286e+01,1.004572e-05,8.756585e-06,2997930.082,3.421703e-03,3.315393e+01,8.217966e-06,4.826141e-06,2997854.023,6.250000e-05,5.70,13095.80
4412,3.447355e-03,3.314891e+01,9.085847e-06,8.321080e-06,2997904.273,3.447218e-03,3.319978e+01,9.579636e-06,6.288754e-06,2995428.562,6.250000e-05,5.29,13101.09
4413,3.462400e-03,3.314959e+01,9.280494e-06,1.092715e-05,2997917.490,3.445652e-03,3.314621e+01,1.108122e-05,4.043814e-06,2996249.477,6.250000e-05,5.41,13106.49
4414,3.467909e-03,3.314581e+01,1.074991e-05,9.165897e-06,2997991.775,3.430161e-03,3.318884e+01,9.140432e-06,3.974535e-06,2997799.953,6.250000e-05,5.85,13112.34
4415,3.455241e-03,3.314601e+01,9.585678e-06,8.956652e-06,2997882.340,3.450315e-03,3.307929e+01,1.009773e-05,8.281839e-06,2992652.156,6.250000e-05,4.98,13117.32
4416,3.444695e-03,3.315022e+01,9.568440e-06,6.797681e-06,2997868.949,3.484272e-03,3.315214e+01,1.485782e-05,4.096057e-06,2996305.984,6.250000e-05,5.29,13122.61
4417,3.460561e-03,3.315409e+01,1.085814e-05,7.314035e-06,2998002.773,3.512783e-03,3.299922e+01,1.140325e-05,1.976584e-05,2987605.797,6.250000e-05,5.63,13128.23
4418,3.478176e-03,3.315134e+01,1.015088e-05,1.230650e-05,2997858.746,3.446873e-03,3.333237e+01,9.190133e-06,4.346834e-06,3003876.797,6.250000e-05,5.49,13133.72
4419,3.457059e-03,3.315275e+01,1.015344e-05,8.049978e-06,2997945.252,3.430721e-03,3.311657e+01,8.748348e-06,6.316284e-06,2994900.547,6.250000e-05,5.29,13139.01
4420,3.460411e-03,3.314511e+01,9.780628e-06,9.618628e-06,2997850.535,3.468169e-03,3.335555e+01,9.462654e-06,7.597425e-06,3006756.711,6.250000e-05,5.29,13144.30
4421,3.457107e-03,3.314203e+01,9.740024e-06,9.100863e-06,2997986.488,3.430004e-03,3.309304e+01,9.059801e-06,6.020463e-06,2995265.062,6.250000e-05,5.20,13149.51
4422,3.458922e-03,3.314717e+01,1.007619e-05,8.688569e-06,2997815.371,3.505777e-03,3.343768e+01,9.828509e-06,1.274477e-05,3009218.484,6.250000e-05,5.39,13154.90
4423,3.448822e-03,3.314719e+01,9.309132e-06,8.202366e-06,2998025.146,3.439471e-03,3.312231e+01,9.063134e-06,7.321892e-06,2993638.867,6.250000e-05,5.50,13160.40
4424,3.465304e-03,3.314952e+01,9.833904e-06,1.040268e-05,2997820.264,3.472182e-03,3.329568e+01,1.263991e-05,3.243061e-06,3002307.172,6.250000e-05,5.25,13165.66
4425,3.459133e-03,3.314381e+01,1.014836e-05,8.653604e-06,2997930.588,3.457627e-03,3.305870e+01,9.634268e-06,1.108278e-05,2991215.773,6.250000e-05,5.39,13171.05
4426,3.455128e-03,3.314420e+01,9.927150e-06,8.287255e-06,2997837.309,3.473792e-03,3.334483e+01,9.749131e-06,8.363584e-06,3006480.953,6.250000e-05,5.33,13176.37
4427,3.455814e-03,3.316125e+01,9.641068e-06,8.655707e-06,2998070.533,3.433262e-03,3.314658e+01,9.157220e-06,5.406340e-06,2998793.805,6.250000e-05,5.27,13181.64
4428,3.457649e-03,3.314516e+01,9.816712e-06,8.993244e-06,2997947.596,3.492086e-03,3.334413e+01,9.248429e-06,1.303762e-05,3008249.523,6.250000e-05,5.64,13187.29
4429,3.468223e-03,3.314698e+01,9.623578e-06,1.145784e-05,2997889.998,3.483130e-03,3.297558e+01,1.029581e-05,1.652280e-05,2990332.172,6.250000e-05,5.21,13192.49
4430,3.444160e-03,3.314504e+01,9.323543e-06,7.284198e-06,2997923.824,3.460253e-03,3.323826e+01,1.159232e-05,4.100748e-06,2999816.562,6.250000e-05,4.98,13197.47
4431,3.452675e-03,3.313893e+01,9.811621e-06,8.133174e-06,2997901.504,3.453214e-03,3.304187e+01,9.024318e-06,1.175673e-05,2995841.172,6.250000e-05,5.33,13202.80
4432,3.449927e-03,3.314992e+01,9.672678e-06,7.641741e-06,2997880.582,3.463436e-03,3.322237e+01,1.212617e-05,3.987317e-06,3000821.766,6.250000e-05,5.48,13208.28
4433,3.463341e-03,3.314192e+01,9.631872e-06,1.056603e-05,2997949.783,3.451186e-03,3.315215e+01,9.589951e-06,8.014223e-06,2999995.109,6.250000e-05,5.49,13213.77
4434,3.465395e-03,3.313267e+01,1.000771e-05,1.041020e-05,2997890.246,3.492489e-03,3.318799e+01,1.506166e-05,4.614681e-06,2996938.195,6.250000e-05,5.68,13219.46
4435,3.458528e-03,3.314333e+01,1.018782e-05,8.463256e-06,2997841.732,3.529539e-03,3.346241e+01,1.083065e-05,1.499828e-05,3010361.391,6.250000e-05,6.10,13225.55
4436,3.457030e-03,3.315159e+01,9.395514e-06,9.583095e-06,2997921.756,3.450374e-03,3.331582e+01,8.653840e-06,6.450737e-06,3004829.648,6.250000e-05,5.65,13231.20
4437,3.460637e-03,3.315205e+01,9.428076e-06,1.023019e-05,2998152.047,3.475297e-03,3.304689e+01,1.053146e-05,1.305859e-05,2992579.555,6.250000e-05,4.63,13235.83
4438,3.462973e-03,3.314192e+01,1.018165e-05,9.392996e-06,2997736.748,3.494819e-03,3.309882e+01,1.566301e-05,5.661359e-06,2996009.773,6.250000e-05,5.16,13241.00
4439,3.465724e-03,3.315202e+01,9.888028e-06,1.032848e-05,2997979.523,3.429444e-03,3.319303e+01,9.452977e-06,3.122216e-06,2999596.461,6.250000e-05,5.63,13246.63
4440,3.454095e-03,3.314290e+01,9.580686e-06,8.799588e-06,2997823.936,3.476946e-03,3.322808e+01,8.481427e-06,1.386478e-05,3006255.117,6.250000e-05,5.39,13252.02
4441,3.455985e-03,3.314389e+01,9.488608e-06,9.341934e-06,2997913.684,3.450836e-03,3.318374e+01,1.127990e-05,3.932706e-06,2999220.469,6.250000e-05,5.53,13257.55
4442,3.467375e-03,3.314792e+01,1.014162e-05,1.023344e-05,2997823.189,3.503909e-03,3.331241e+01,1.277729e-05,8.978989e-06,3004332.672,6.250000e-05,5.26,13262.82
4443,3.469850e-03,3.314174e+01,9.731720e-06,1.167180e-05,2998029.586,3.441968e-03,3.301731e+01,8.937319e-06,1.017277e-05,2991925.516,6.250000e-05,5.47,13268.29
4444,3.468600e-03,3.315031e+01,9.866558e-06,1.098063e-05,2997952.238,3.466085e-03,3.328580e+01,9.920327e-06,7.660369e-06,3005134.758,6.250000e-05,5.18,13273.46
4445,3.452025e-03,3.314581e+01,9.363069e-06,8.762782e-06,2997912.209,3.424663e-03,3.309480e+01,8.086722e-06,6.863199e-06,2995727.055,6.250000e-05,4.99,13278.46
4446,3.454400e-03,3.314470e+01,9.907410e-06,8.171343e-06,2997965.344,3.456823e-03,3.301829e+01,1.071010e-05,9.578567e-06,2994160.305,6.250000e-05,5.02,13283.48
4447,3.461071e-03,3.314486e+01,9.394596e-06,1.052778e-05,2997701.994,3.540740e-03,3.338822e+01,1.097122e-05,1.844129e-05,3011078.703,6.250000e-05,5.63,13289.10
4448,3.470175e-03,3.315223e+01,9.811852e-06,1.136673e-05,2998182.680,3.528902e-03,3.293310e+01,9.800784e-06,2.751672e-05,2991831.867,6.250000e-05,5.38,13294.49
4449,3.464687e-03,3.313859e+01,9.897022e-06,1.037168e-05,2997730.629,3.425618e-03,3.312142e+01,9.201202e-06,4.292649e-06,2996381.789,6.250000e-05,5.19,13299.68
4450,3.464251e-03,3.314244e+01,1.048724e-05,9.026777e-06,2997988.232,3.432783e-03,3.319304e+01,9.511020e-06,3.673722e-06,2999046.961,6.250000e-05,5.25,13304.93
4451,3.444002e-03,3.314176e+01,9.284721e-06,7.395830e-06,2997990.475,3.468103e-03,3.308417e+01,9.560336e-06,1.281656e-05,2991852.352,6.250000e-05,5.23,13310.16
4452,3.453133e-03,3.314550e+01,9.349072e-06,9.018630e-06,2997852.588,3.432850e-03,3.316370e+01,9.049512e-06,5.196956e-06,2996774.094,6.250000e-05,5.54,13315.70
4453,3.465344e-03,3.314010e+01,9.298523e-06,1.166986e-05,2997951.836,3.432607e-03,3.318353e+01,9.076922e-06,4.696918e-06,2999808.555,6.250000e-05,5.44,13321.14
4454,3.459620e-03,3.315656e+01,9.454146e-06,9.884490e-06,2998060.887,3.560602e-03,3.286342e+01,1.181844e-05,3.121519e-05,2990098.609,6.250000e-05,5.44,13326.58
4455,3.456960e-03,3.314281e+01,9.600658e-06,9.334456e-06,2997825.762,3.439975e-03,3.300102e+01,8.619867e-06,1.073488e-05,2992020.047,6.250000e-05,5.09,13331.67
4456,3.460261e-03,3.314063e+01,9.817224e-06,9.605036e-06,2997799.557,3.437534e-03,3.319668e+01,9.825952e-06,3.921199e-06,3001415.680,6.250000e-05,5.72,13337.39
4457,3.474994e-03,3.314954e+01,9.969303e-06,1.206946e-05,2997986.100,3.505658e-03,3.339606e+01,9.774282e-06,1.366181e-05,3008423.359,6.250000e-05,5.52,13342.91
4458,3.446428e-03,3.313779e+01,9.320588e-06,7.888670e-06,2997872.596,3.505366e-03,3.328462e+01,9.806182e-06,1.576843e-05,3007904.523,6.250000e-05,5.74,13348.65
4459,3.455079e-03,3.314320e+01,9.575794e-06,9.000175e-06,2997952.150,3.436951e-03,3.309027e+01,8.716499e-06,8.151751e-06,2994109.289,6.250000e-05,5.69,13354.34
4460,3.449707e-03,3.314258e+01,9.144206e-06,8.801421e-06,2997945.029,3.440688e-03,3.312845e+01,9.133203e-06,7.302364e-06,2999285.867,6.250000e-05,5.70,13360.04
4461,3.450116e-03,3.314832e+01,9.526156e-06,8.004552e-06,2997876.514,3.441779e-03,3.325050e+01,9.477777e-06,4.390266e-06,3002371.289,6.250000e-05,5.50,13365.54
4462,3.459178e-03,3.313645e+01,9.725252e-06,9.656162e-06,2998024.377,3.454071e-03,3.302586e+01,9.335381e-06,1.162627e-05,2991252.242,6.250000e-05,4.87,13370.41
4463,3.454441e-03,3.314028e+01,9.569958e-06,8.942763e-06,2997881.002,3.441248e-03,3.323524e+01,8.504849e-06,6.535149e-06,2997536.844,6.250000e-05,5.15,13375.56
4464,3.453753e-03,3.314341e+01,9.463046e-06,8.956288e-06,2997925.516,3.477227e-03,3.320371e+01,1.005821e-05,1.125491e-05,3000711.195,6.250000e-05,5.92,13381.48
4465,3.472396e-03,3.315957e+01,9.847525e-06,1.159273e-05,2998048.357,3.422052e-03,3.309378e+01,8.246661e-06,6.041546e-06,2994592.547,6.250000e-05,5.57,13387.05
4466,3.462056e-03,3.314196e+01,9.693620e-06,1.018460e-05,2997894.264,3.510465e-03,3.285877e+01,8.295059e-06,2.832735e-05,2985405.227,6.250000e-05,5.47,13392.52
4467,3.459308e-03,3.313293e+01,9.607738e-06,9.987586e-06,2997825.684,3.445305e-03,3.323936e+01,1.004125e-05,4.191230e-06,3000659.234,6.250000e-05,5.78,13398.29
4468,3.439599e-03,3.314738e+01,8.885719e-06,7.200692e-06,2997969.650,3.444194e-03,3.308209e+01,9.737468e-06,7.722067e-06,2994132.070,6.250000e-05,5.37,13403.67
4469,3.465501e-03,3.313531e+01,9.662023e-06,1.107004e-05,2997860.762,3.449876e-03,3.315303e+01,1.094445e-05,5.025840e-06,2996588.188,6.250000e-05,5.59,13409.26
4470,3.463831e-03,3.313963e+01,1.017310e-05,9.627382e-06,2997999.111,3.442016e-03,3.303927e+01,1.012356e-05,7.370632e-06,2994076.781,6.250000e-05,5.42,13414.68
4471,3.450855e-03,3.314541e+01,9.439778e-06,8.383205e-06,2997944.746,3.461380e-03,3.304971e+01,9.552987e-06,1.217573e-05,2991773.562,6.250000e-05,6.00,13420.68
4472,3.460501e-03,3.313003e+01,9.290356e-06,1.091891e-05,2997743.688,3.471471e-03,3.338346e+01,1.007083e-05,6.483549e-06,3004932.133,6.250000e-05,5.37,13426.05
4473,3.461847e-03,3.314519e+01,9.720755e-06,1.002396e-05,2998023.938,3.433769e-03,3.315200e+01,9.355535e-06,5.002693e-06,2996992.492,6.250000e-05,5.81,13431.86
4474,3.452276e-03,3.313362e+01,9.441548e-06,8.899652e-06,2997897.734,3.445860e-03,3.329473e+01,9.379739e-06,4.517955e-06,3002090.695,6.250000e-05,5.49,13437.35
4475,3.465532e-03,3.314228e+01,9.763188e-06,1.073435e-05,2997793.734,3.443013e-03,3.330837e+01,9.355744e-06,3.723706e-06,3002934.023,6.250000e-05,5.31,13442.67
4476,3.451307e-03,3.314548e+01,9.400725e-06,8.550345e-06,2998065.832,3.459154e-03,3.306946e+01,9.575061e-06,1.129142e-05,2992792.219,6.250000e-05,5.97,13448.64
4477,3.442900e-03,3.313692e+01,9.582673e-06,6.676246e-06,2997804.859,3.441894e-03,3.315908e+01,9.535869e-06,6.125489e-06,2995445.039,6.250000e-05,5.38,13454.02
4478,3.451448e-03,3.313906e+01,9.300753e-06,8.906984e-06,2997929.715,3.487914e-03,3.319860e+01,1.135498e-05,1.090096e-05,3002804.422,6.250000e-05,5.75,13459.77
4479,3.458168e-03,3.314214e+01,9.635275e-06,9.520269e-06,2998019.611,3.423450e-03,3.308354e+01,8.297503e-06,6.424130e-06,2993947.211,6.250000e-05,5.47,13465.23
4480,3.443821e-03,3.314674e+01,9.110566e-06,7.608280e-06,2997856.510,3.506722e-03,3.327012e+01,1.475441e-05,6.433216e-06,3004315.055,6.250000e-05,5.41,13470.64
4481,3.457534e-03,3.313067e+01,9.341515e-06,1.021035e-05,2997938.580,3.430401e-03,3.322565e+01,8.650144e-06,4.266951e-06,3000163.859,6.250000e-05,5.56,13476.20
4482,3.444037e-03,3.314425e+01,8.956320e-06,8.009886e-06,2997943.807,3.434570e-03,3.326889e+01,8.791900e-06,3.952381e-06,3003214.750,6.250000e-05,5.82,13482.02
4483,3.452266e-03,3.313067e+01,9.284381e-06,9.270922e-06,2997967.387,3.442437e-03,3.307073e+01,8.931285e-06,9.210356e-06,2992131.883,6.250000e-05,5.77,13487.80
4484,3.451894e-03,3.313205e+01,9.671517e-06,8.394710e-06,2997841.797,3.459793e-03,3.302101e+01,1.009581e-05,1.134667e-05,2994424.188,6.250000e-05,6.00,13493.79
4485,3.468664e-03,3.314381e+01,9.818840e-06,1.121888e-05,2997990.506,3.436251e-03,3.307010e+01,9.228252e-06,7.391802e-06,2993840.039,6.250000e-05,5.48,13499.27
4486,3.451345e-03,3.313486e+01,9.123717e-06,9.324443e-06,2997930.465,3.476481e-03,3.296246e+01,9.338737e-06,1.736943e-05,2988477.516,6.250000e-05,5.50,13504.77
4487,3.451877e-03,3.313382e+01,9.254553e-06,9.189772e-06,2997784.395,3.481039e-03,3.332646e+01,1.162056e-05,6.437471e-06,3000863.945,6.250000e-05,5.47,13510.25
4488,3.453947e-03,3.314940e+01,9.610600e-06,8.580244e-06,2998101.283,3.435069e-03,3.314047e+01,9.783340e-06,4.637582e-06,2999505.094,6.250000e-05,5.61,13515.86
4489,3.447305e-03,3.313341e+01,1.005408e-05,6.684759e-06,2997869.627,3.442074e-03,3.308465e+01,1.006660e-05,6.588566e-06,2995107.094,6.250000e-05,5.79,13521.64
4490,3.463470e-03,3.313790e+01,9.838964e-06,1.025815e-05,2997797.365,3.446831e-03,3.302994e+01,9.222284e-06,1.032291e-05,2994691.078,6.250000e-05,5.42,13527.07
4491,3.452920e-03,3.313802e+01,9.657998e-06,8.507615e-06,2997967.314,3.440381e-03,3.319417e+01,1.016757e-05,3.857567e-06,2999685.938,6.250000e-05,5.72,13532.78
4492,3.460245e-03,3.314327e+01,1.003186e-05,9.119777e-06,2997829.557,3.469841e-03,3.312529e+01,8.485537e-06,1.449123e-05,3002541.500,6.250000e-05,5.39,13538.17
4493,3.456368e-03,3.313387e+01,9.415344e-06,9.765673e-06,2997993.139,3.428978e-03,3.310820e+01,8.492623e-06,6.646303e-06,2998475.336,6.250000e-05,5.70,13543.87
4494,3.453357e-03,3.313757e+01,9.679150e-06,8.561574e-06,2997872.965,3.437197e-03,3.324138e+01,9.571783e-06,3.468209e-06,3000638.336,6.250000e-05,5.51,13549.38
4495,3.458639e-03,3.312835e+01,9.663856e-06,9.833141e-06,2997901.248,3.446131e-03,3.325420e+01,9.470178e-06,5.201937e-06,3002008.742,6.250000e-05,5.52,13554.90
4496,3.461016e-03,3.314457e+01,9.494918e-06,1.032188e-05,2997994.734,3.457322e-03,3.313325e+01,8.605321e-06,1.158873e-05,2993205.234,6.250000e-05,5.90,13560.80
4497,3.451492e-03,3.314600e+01,9.316123e-06,8.746214e-06,2997945.904,3.442342e-03,3.318835e+01,8.407032e-06,7.887330e-06,3002923.789,6.250000e-05,5.58,13566.37
4498,3.456109e-03,3.313970e+01,9.591085e-06,9.245746e-06,2998033.598,3.568198e-03,3.281272e+01,9.954405e-06,3.747641e-05,2985857.617,6.250000e-05,5.54,13571.91
4499,3.452674e-03,3.314004e+01,9.832689e-06,8.068555e-06,2997839.455,3.441957e-03,3.318084e+01,1.046011e-05,3.854341e-06,2997835.461,6.250000e-05,5.95,13577.86
4500,3.466949e-03,3.313793e+01,1.054140e-05,9.548574e-06,2997907.113,3.469543e-03,3.308735e+01,1.183191e-05,8.497708e-06,2998191.195,6.250000e-05,5.61,13583.48
4501,3.451966e-03,3.313211e+01,9.554076e-06,8.643000e-06,2997999.633,3.476371e-03,3.304977e+01,1.115336e-05,1.197204e-05,2991027.391,6.250000e-05,5.05,13588.53
4502,3.466049e-03,3.312666e+01,1.055989e-05,9.556962e-06,2997828.174,3.495052e-03,3.288430e+01,8.610369e-06,2.410366e-05,2987473.328,6.250000e-05,5.39,13593.93
4503,3.457871e-03,3.313966e+01,9.896929e-06,8.987099e-06,2997829.492,3.431755e-03,3.308391e+01,9.825957e-06,5.020877e-06,2997206.078,6.250000e-05,6.17,13600.10
4504,3.460007e-03,3.312683e+01,9.815827e-06,9.833176e-06,2997990.082,3.534086e-03,3.294520e+01,9.328182e-06,2.925699e-05,2985015.188,6.250000e-05,5.97,13606.07
4505,3.490685e-03,3.314845e+01,1.053882e-05,1.409032e-05,2998014.469,3.460365e-03,3.304675e+01,1.107703e-05,8.984058e-06,2993006.477,6.250000e-05,6.12,13612.20
4506,3.455717e-03,3.312953e+01,1.022039e-05,8.112016e-06,2997812.625,3.448325e-03,3.309565e+01,1.112947e-05,5.493197e-06,2995547.609,6.250000e-05,5.69,13617.88
4507,3.462067e-03,3.313540e+01,9.582588e-06,1.054034e-05,2997962.291,3.426350e-03,3.312610e+01,8.500216e-06,5.747511e-06,2997160.250,6.250000e-05,5.76,13623.65
4508,3.460153e-03,3.313947e+01,9.818388e-06,9.604538e-06,2997911.561,3.456465e-03,3.310518e+01,8.807054e-06,1.157536e-05,3001356.727,6.250000e-05,5.86,13629.51
4509,3.461767e-03,3.313772e+01,9.725882e-06,1.014740e-05,2998014.363,3.463973e-03,3.311924e+01,1.296006e-05,4.489705e-06,2997343.266,6.250000e-05,5.88,13635.39
4510,3.459984e-03,3.313902e+01,1.021863e-05,8.779205e-06,2997827.836,3.439333e-03,3.309651e+01,9.545891e-06,6.844545e-06,2994452.805,6.250000e-05,5.91,13641.30
4511,3.466573e-03,3.313203e+01,9.529375e-06,1.161532e-05,2997797.074,3.439165e-03,3.318384e+01,1.030144e-05,3.553365e-06,2998035.312,6.250000e-05,5.66,13646.97
4512,3.446052e-03,3.313732e+01,9.299356e-06,7.865208e-06,2998007.625,3.490851e-03,3.314724e+01,1.381607e-05,7.593239e-06,2996764.688,6.250000e-05,5.48,13652.44
4513,3.462801e-03,3.312798e+01,1.002717e-05,9.946295e-06,2997863.697,3.485808e-03,3.312050e+01,1.150036e-05,1.175095e-05,2996835.031,6.250000e-05,5.80,13658.24
4514,3.453003e-03,3.313679e+01,9.994615e-06,7.875536e-06,2997973.879,3.494770e-03,3.313779e+01,1.516698e-05,5.864229e-06,2998019.555,6.250000e-05,5.51,13663.75
4515,3.455577e-03,3.312609e+01,9.862075e-06,8.869371e-06,2997758.588,3.532696e-03,3.331633e+01,1.443648e-05,1.133967e-05,3005875.898,6.250000e-05,5.91,13669.66
4516,3.452138e-03,3.313863e+01,9.218382e-06,9.218147e-06,2998126.186,3.449244e-03,3.317194e+01,9.167310e-06,8.075463e-06,2998129.781,6.250000e-05,5.48,13675.14
4517,3.448133e-03,3.313100e+01,9.578061e-06,7.850606e-06,2997847.078,3.426250e-03,3.315788e+01,8.742714e-06,4.607103e-06,2997991.102,6.250000e-05,5.56,13680.70
4518,3.449776e-03,3.313416e+01,9.104488e-06,9.063183e-06,2997881.916,3.428004e-03,3.310767e+01,9.352850e-06,4.741711e-06,2995925.930,6.250000e-05,6.11,13686.81
4519,3.451049e-03,3.313426e+01,9.532022e-06,8.460651e-06,2997871.971,3.429742e-03,3.316561e+01,9.561128e-06,3.514015e-06,2999237.977,6.250000e-05,5.57,13692.38
4520,3.461386e-03,3.314008e+01,9.531645e-06,1.041226e-05,2997946.566,3.463401e-03,3.306798e+01,1.247049e-05,6.379736e-06,2993990.070,6.250000e-05,5.53,13697.92
4521,3.458612e-03,3.313588e+01,9.552272e-06,9.900309e-06,2998024.615,3.447817e-03,3.301714e+01,9.099030e-06,1.102252e-05,2995590.617,6.250000e-05,5.28,13703.20
4522,3.456541e-03,3.313021e+01,9.355687e-06,9.992629e-06,2997748.920,3.454117e-03,3.322050e+01,8.526804e-06,9.359786e-06,2999574.172,6.250000e-05,5.38,13708.58
4523,3.452771e-03,3.313778e+01,9.855814e-06,8.086975e-06,2997996.043,3.435490e-03,3.315851e+01,9.138924e-06,5.650033e-06,2997317.148,6.250000e-05,5.39,13713.97
4524,3.461985e-03,3.314323e+01,9.467513e-06,1.059739e-05,2997901.664,3.455194e-03,3.304568e+01,9.672462e-06,1.078029e-05,2997668.883,6.250000e-05,5.31,13719.28
4525,3.468566e-03,3.313409e+01,1.064507e-05,9.741292e-06,2997862.279,3.474376e-03,3.337802e+01,9.756528e-06,7.801867e-06,3005671.250,6.250000e-05,5.65,13724.92
4526,3.446397e-03,3.313596e+01,9.229101e-06,8.101979e-06,2997973.410,3.486574e-03,3.328701e+01,1.338613e-05,4.802231e-06,3003874.102,6.250000e-05,5.69,13730.61
4527,3.461218e-03,3.312901e+01,9.628344e-06,1.040687e-05,2997941.277,3.415003e-03,3.310884e+01,8.363448e-06,4.096957e-06,2996428.438,6.250000e-05,5.47,13736.08
4528,3.456834e-03,3.313563e+01,9.461221e-06,9.731867e-06,2997825.912,3.463796e-03,3.301050e+01,1.140828e-05,9.732635e-06,2994314.984,6.250000e-05,5.53,13741.61
4529,3.464054e-03,3.313267e+01,9.746442e-06,1.066451e-05,2997944.383,3.442347e-03,3.321520e+01,8.396680e-06,7.371910e-06,3001944.500,6.250000e-05,5.84,13747.45
4530,3.453309e-03,3.313721e+01,9.717490e-06,8.482658e-06,2998024.186,3.468778e-03,3.311005e+01,1.155426e-05,8.446060e-06,2995385.477,6.250000e-05,5.80,13753.26
4531,3.462312e-03,3.312788e+01,9.881654e-06,1.014138e-05,2997628.461,3.526799e-03,3.347364e+01,1.114877e-05,1.358953e-05,3009800.938,6.250000e-05,5.70,13758.95
4532,3.452585e-03,3.314425e+01,9.351889e-06,8.928237e-06,2998129.250,3.414332e-03,3.309573e+01,8.071987e-06,4.807789e-06,2995843.727,6.250000e-05,5.40,13764.35
4533,3.458345e-03,3.312980e+01,9.779142e-06,9.514815e-06,2997865.240,3.470653e-03,3.333995e+01,1.063637e-05,6.058847e-06,3004850.797,6.250000e-05,5.71,13770.06
4534,3.453963e-03,3.312782e+01,9.564058e-06,9.107970e-06,2997856.947,3.421178e-03,3.318558e+01,8.780658e-06,2.962673e-06,2999263.203,6.250000e-05,5.69,13775.75
4535,3.455808e-03,3.314122e+01,9.233893e-06,9.869474e-06,2997948.770,3.443466e-03,3.329433e+01,9.580958e-06,3.644633e-06,3001967.219,6.250000e-05,5.61,13781.36
4536,3.461632e-03,3.312988e+01,9.885604e-06,9.957797e-06,2997775.297,3.564148e-03,3.332528e+01,1.091878e-05,2.448651e-05,3010234.141,6.250000e-05,5.37,13786.72
4537,3.449310e-03,3.314398e+01,9.368945e-06,8.244359e-06,2998097.572,3.459543e-03,3.326755e+01,9.822779e-06,6.912156e-06,2998599.500,6.250000e-05,5.46,13792.18
4538,3.454169e-03,3.313696e+01,9.436834e-06,9.221007e-06,2998048.770,3.467432e-03,3.322665e+01,1.131577e-05,6.321901e-06,2999695.156,6.250000e-05,5.46,13797.64
4539,3.485523e-03,3.312940e+01,9.735654e-06,1.504542e-05,2997692.145,3.658930e-03,3.349941e+01,1.117922e-05,3.943930e-05,3014325.695,6.250000e-05,5.46,13803.10
4540,3.464849e-03,3.312505e+01,9.595046e-06,1.127877e-05,2997977.523,3.443902e-03,3.332974e+01,8.349298e-06,5.487090e-06,3004650.461,6.250000e-05,5.80,13808.90
4541,3.457463e-03,3.313282e+01,1.006356e-05,8.709191e-06,2997887.691,3.430617e-03,3.313509e+01,8.825965e-06,5.769703e-06,2998168.891,6.250000e-05,5.57,13814.47
4542,3.460333e-03,3.313497e+01,9.840384e-06,9.686378e-06,2997869.721,3.421493e-03,3.319263e+01,8.850654e-06,2.744783e-06,2998865.062,6.250000e-05,5.55,13820.02
4543,3.446967e-03,3.313264e+01,9.575071e-06,7.590557e-06,2997915.104,3.453469e-03,3.334029e+01,9.245371e-06,5.397158e-06,3005056.438,6.250000e-05,5.75,13825.77
4544,3.452506e-03,3.314536e+01,9.431301e-06,8.731474e-06,2998137.623,3.447139e-03,3.314952e+01,9.326811e-06,7.783643e-06,2996817.836,6.250000e-05,5.48,13831.25
4545,3.444264e-03,3.312318e+01,9.016714e-06,8.355862e-06,2997759.875,3.461255e-03,3.298752e+01,9.850720e-06,1.279924e-05,2991245.008,6.250000e-05,5.24,13836.49
4546,3.454415e-03,3.313433e+01,9.211060e-06,9.774217e-06,2997915.250,3.421578e-03,3.325105e+01,7.759749e-06,3.775116e-06,3001804.352,6.250000e-05,5.63,13842.12
4547,3.441494e-03,3.313032e+01,9.237985e-06,7.216307e-06,2997914.986,3.459099e-03,3.317175e+01,1.002576e-05,8.333322e-06,2995965.633,6.250000e-05,5.62,13847.73
4548,3.451669e-03,3.312661e+01,9.311248e-06,9.179003e-06,2997899.324,3.428110e-03,3.318220e+01,8.838177e-06,4.301495e-06,2998095.789,6.250000e-05,5.46,13853.20
4549,3.442173e-03,3.313976e+01,9.374044e-06,6.891238e-06,2997942.604,3.447009e-03,3.311891e+01,8.672901e-06,9.677847e-06,3001443.719,6.250000e-05,5.76,13858.96
4550,3.466403e-03,3.312560e+01,9.345168e-06,1.207838e-05,2997824.434,3.471359e-03,3.328573e+01,8.901461e-06,1.075441e-05,3007070.797,6.250000e-05,5.32,13864.28
4551,3.459265e-03,3.312495e+01,9.695462e-06,9.963077e-06,2997944.455,3.445561e-03,3.305255e+01,8.602811e-06,1.085561e-05,2994375.500,6.250000e-05,5.28,13869.55
4552,3.452541e-03,3.313635e+01,9.708023e-06,8.365201e-06,2997908.748,3.415891e-03,3.315254e+01,8.354224e-06,3.418895e-06,2999172.758,6.250000e-05,5.25,13874.80
4553,3.442468e-03,3.313386e+01,9.650681e-06,6.514996e-06,2997921.205,3.422601e-03,3.316591e+01,8.052248e-06,5.097553e-06,2997745.492,6.250000e-05,5.32,13880.12
4554,3.474322e-03,3.312138e+01,9.668034e-06,1.310078e-05,2997897.158,3.453808e-03,3.331218e+01,9.366707e-06,5.784650e-06,3004269.961,6.250000e-05,5.30,13885.43
4555,3.454658e-03,3.313358e+01,1.008423e-05,8.091563e-06,2997884.213,3.471813e-03,3.295548e+01,8.603123e-06,1.804676e-05,2990148.227,6.250000e-05,5.83,13891.25
4556,3.466184e-03,3.313124e+01,9.620267e-06,1.137161e-05,2997913.938,3.472044e-03,3.324807e+01,1.033409e-05,8.779241e-06,3004242.938,6.250000e-05,5.63,13896.88
4557,3.446687e-03,3.313116e+01,9.258876e-06,8.196551e-06,2998089.158,3.502877e-03,3.290175e+01,1.085571e-05,2.082893e-05,2988956.781,6.250000e-05,5.41,13902.29
4558,3.454757e-03,3.312483e+01,9.909189e-06,8.636359e-06,2997733.838,3.486170e-03,3.312964e+01,9.193029e-06,1.625501e-05,3003330.781,6.250000e-05,5.29,13907.58
4559,3.461325e-03,3.312031e+01,9.902382e-06,1.005409e-05,2997841.926,3.465792e-03,3.327977e+01,9.990071e-06,7.582954e-06,3004993.594,6.250000e-05,6.01,13913.58
4560,3.455767e-03,3.313216e+01,1.015399e-05,8.202103e-06,2997965.801,3.457143e-03,3.312412e+01,1.201866e-05,4.909010e-06,2998879.695,6.250000e-05,5.64,13919.22
4561,3.466287e-03,3.313150e+01,9.391699e-06,1.184383e-05,2997914.189,3.564159e-03,3.348728e+01,1.059023e-05,2.190582e-05,3012859.805,6.250000e-05,5.67,13924.89
4562,3.464239e-03,3.313293e+01,1.011266e-05,9.963894e-06,2997945.760,3.450732e-03,3.317371e+01,1.027091e-05,6.130438e-06,3002324.430,6.250000e-05,5.33,13930.22
4563,3.442058e-03,3.312898e+01,9.312980e-06,7.205981e-06,2997974.094,3.515997e-03,3.304718e+01,9.837656e-06,2.258054e-05,2988245.672,6.250000e-05,5.30,13935.52
4564,3.458631e-03,3.312044e+01,8.885395e-06,1.154665e-05,2997811.363,3.467145e-03,3.341509e+01,8.917410e-06,7.292382e-06,3004482.078,6.250000e-05,5.26,13940.78
4565,3.452188e-03,3.312836e+01,9.444956e-06,8.980374e-06,2997910.830,3.434228e-03,3.320129e+01,9.192565e-06,4.434691e-06,2997108.703,6.250000e-05,5.25,13946.04
4566,3.492951e-03,3.312150e+01,1.036370e-05,1.543293e-05,2997803.260,3.640867e-03,3.340615e+01,1.063223e-05,3.878610e-05,3014392.906,6.250000e-05,5.61,13951.65
4567,3.457563e-03,3.313547e+01,9.343521e-06,1.011618e-05,2998107.705,3.429466e-03,3.303145e+01,8.512196e-06,8.239873e-06,2994319.547,6.250000e-05,5.64,13957.29
4568,3.444103e-03,3.312750e+01,9.692371e-06,6.885975e-06,2997951.400,3.439333e-03,3.310770e+01,8.763272e-06,8.185882e-06,2996535.422,6.250000e-05,5.44,13962.72
4569,3.460488e-03,3.312803e+01,9.983173e-06,9.570754e-06,2997860.580,3.419742e-03,3.314254e+01,8.769434e-06,3.558752e-06,2997816.070,6.250000e-05,5.48,13968.21
4570,3.447734e-03,3.313173e+01,9.901766e-06,7.108756e-06,2997931.215,3.430234e-03,3.322663e+01,8.945195e-06,3.623844e-06,3002079.492,6.250000e-05,5.81,13974.01
4571,3.453540e-03,3.312672e+01,9.242258e-06,9.689030e-06,2998002.711,3.472403e-03,3.290599e+01,9.395616e-06,1.756956e-05,2988991.281,6.250000e-05,5.63,13979.65
4572,3.459365e-03,3.312503e+01,9.469703e-06,1.043293e-05,2997763.865,3.432471e-03,3.316829e+01,9.030522e-06,5.067370e-06,2995891.977,6.250000e-05,5.70,13985.35
4573,3.451695e-03,3.312081e+01,9.598131e-06,8.726666e-06,2997901.215,3.451946e-03,3.316025e+01,1.158027e-05,4.023679e-06,2997726.648,6.250000e-05,5.16,13990.51
4574,3.459515e-03,3.313033e+01,1.013666e-05,9.023170e-06,2998011.730,3.447004e-03,3.327626e+01,8.247698e-06,7.380223e-06,3005660.227,6.250000e-05,5.28,13995.79
4575,3.458202e-03,3.312477e+01,1.009119e-05,8.962757e-06,2997939.271,3.524420e-03,3.294499e+01,1.025694e-05,2.547034e-05,2986179.852,6.250000e-05,5.62,14001.41
4576,3.459575e-03,3.312380e+01,1.005808e-05,9.322919e-06,2997731.688,3.491165e-03,3.338548e+01,1.094989e-05,8.623604e-06,3007656.539,6.250000e-05,5.46,14006.87
4577,3.461729e-03,3.313179e+01,1.045514e-05,8.799702e-06,2998014.631,3.423023e-03,3.306987e+01,8.648155e-06,5.911003e-06,2996801.164,6.250000e-05,5.29,14012.16
4578,3.451813e-03,3.312178e+01,8.929326e-06,1.006851e-05,2997864.699,3.442319e-03,3.306864e+01,9.229083e-06,8.632902e-06,2994852.773,6.250000e-05,5.19,14017.35
4579,3.458078e-03,3.312393e+01,9.657551e-06,9.821795e-06,2997882.174,3.476738e-03,3.338819e+01,7.712062e-06,1.215967e-05,3008529.062,6.250000e-05,5.63,14022.97
4580,3.460262e-03,3.313148e+01,9.325942e-06,1.077091e-05,2998016.297,3.422142e-03,3.310735e+01,8.491788e-06,5.297705e-06,2995118.820,6.250000e-05,5.20,14028.17
4581,3.455739e-03,3.312916e+01,9.592478e-06,9.379630e-06,2997897.309,3.446099e-03,3.314827e+01,9.880650e-06,6.493163e-06,3000430.422,6.250000e-05,5.04,14033.21
4582,3.457751e-03,3.311900e+01,9.022387e-06,1.112540e-05,2997785.244,3.525336e-03,3.334398e+01,1.017438e-05,1.783897e-05,3008636.680,6.250000e-05,5.36,14038.57
4583,3.456977e-03,3.312996e+01,9.741354e-06,9.313467e-06,2997970.600,3.458655e-03,3.310691e+01,1.205593e-05,5.481035e-06,2994604.406,6.250000e-05,5.30,14043.87
4584,3.470521e-03,3.312032e+01,1.016562e-05,1.136651e-05,2997863.863,3.433868e-03,3.325098e+01,9.016618e-06,3.720928e-06,3002094.016,6.250000e-05,5.78,14049.65
4585,3.457049e-03,3.312607e+01,9.779724e-06,9.329131e-06,2997905.674,3.489080e-03,3.332080e+01,9.166242e-06,1.306758e-05,3007193.992,6.250000e-05,5.38,14055.04
4586,3.443862e-03,3.312478e+01,9.450940e-06,7.375019e-06,2997994.654,3.433460e-03,3.318011e+01,8.982734e-06,5.124214e-06,2998438.328,6.250000e-05,5.01,14060.04
4587,3.446157e-03,3.312649e+01,9.351651e-06,7.998288e-06,2997933.365,3.433039e-03,3.301206e+01,8.896249e-06,8.574067e-06,2994207.672,6.250000e-05,5.64,14065.68
4588,3.455270e-03,3.312241e+01,9.940542e-06,8.724660e-06,2997801.299,3.436168e-03,3.321522e+01,9.467427e-06,3.994350e-06,3002430.984,6.250000e-05,6.06,14071.74
4589,3.470334e-03,3.312891e+01,9.681027e-06,1.212655e-05,2998072.002,3.532051e-03,3.297068e+01,1.550510e-05,1.598654e-05,2989966.742,6.250000e-05,5.69,14077.43
4590,3.465925e-03,3.311743e+01,1.015003e-05,1.053649e-05,2997839.713,3.442260e-03,3.314928e+01,1.063615e-05,4.194280e-06,2998637.352,6.250000e-05,5.20,14082.63
4591,3.467733e-03,3.313104e+01,9.993137e-06,1.093962e-05,2997843.938,3.436720e-03,3.315360e+01,8.321867e-06,7.628201e-06,3001577.500,6.250000e-05,5.01,14087.64
4592,3.468548e-03,3.312148e+01,1.012828e-05,1.102350e-05,2997842.848,3.433971e-03,3.296646e+01,8.409769e-06,1.064553e-05,2993235.234,6.250000e-05,5.37,14093.01
4593,3.464326e-03,3.312383e+01,9.551459e-06,1.128559e-05,2998110.096,3.486434e-03,3.300103e+01,9.103849e-06,1.905844e-05,2993130.414,6.250000e-05,5.41,14098.42
4594,3.461190e-03,3.312836e+01,1.007663e-05,9.517718e-06,2997732.076,3.467761e-03,3.322445e+01,9.951669e-06,9.159834e-06,3004085.672,6.250000e-05,5.43,14103.85
4595,3.453427e-03,3.312474e+01,9.281760e-06,9.627006e-06,2997950.299,3.458659e-03,3.320713e+01,8.686262e-06,1.021657e-05,2995215.211,6.250000e-05,5.36,14109.21
4596,3.462878e-03,3.313500e+01,9.413818e-06,1.104798e-05,2998062.396,3.611411e-03,3.289986e+01,1.113021e-05,4.202457e-05,2982051.820,6.250000e-05,5.22,14114.43
4597,3.464437e-03,3.311832e+01,9.288428e-06,1.194429e-05,2997755.871,3.431700e-03,3.319941e+01,8.748981e-06,4.853966e-06,2998043.062,6.250000e-05,4.87,14119.30
4598,3.445713e-03,3.312849e+01,9.054117e-06,8.464559e-06,2997951.672,3.438496e-03,3.320225e+01,7.939561e-06,7.775089e-06,3001365.844,6.250000e-05,5.39,14124.69
4599,3.444331e-03,3.312818e+01,9.387605e-06,7.527405e-06,2997940.389,3.459604e-03,3.320135e+01,1.007630e-05,7.741240e-06,3003620.422,6.250000e-05,5.55,14130.24
4600,3.462990e-03,3.313563e+01,9.929319e-06,1.002684e-05,2997896.662,3.451800e-03,3.324142e+01,8.280151e-06,8.971403e-06,3004737.992,6.250000e-05,5.32,14135.55
4601,3.449658e-03,3.313520e+01,9.416880e-06,8.393987e-06,2998044.344,3.421512e-03,3.308728e+01,8.259084e-06,6.038602e-06,2996278.242,6.250000e-05,5.46,14141.02
4602,3.463220e-03,3.311383e+01,9.746059e-06,1.087530e-05,2997803.742,3.418371e-03,3.319829e+01,8.583882e-06,2.540651e-06,2999104.695,6.250000e-05,5.21,14146.23
4603,3.440462e-03,3.312642e+01,9.326832e-06,6.910487e-06,2997987.850,3.420246e-03,3.306401e+01,8.079833e-06,6.609442e-06,2995586.367,6.250000e-05,5.36,14151.60
4604,3.442738e-03,3.311729e+01,9.388694e-06,7.424332e-06,2997887.150,3.479906e-03,3.328362e+01,1.123007e-05,7.848703e-06,3005357.180,6.250000e-05,5.26,14156.86
4605,3.448979e-03,3.312671e+01,9.679399e-06,7.902628e-06,2997983.178,3.466119e-03,3.297673e+01,1.048764e-05,1.271409e-05,2991255.156,6.250000e-05,5.11,14161.97
4606,3.449242e-03,3.312788e+01,9.822388e-06,7.646024e-06,2997913.812,3.432764e-03,3.314582e+01,9.058158e-06,5.520041e-06,2996034.172,6.250000e-05,5.37,14167.34
4607,3.448890e-03,3.311929e+01,9.891935e-06,7.608366e-06,2997803.883,3.435975e-03,3.309553e+01,9.050560e-06,7.183326e-06,2995879.086,6.250000e-05,5.40,14172.74
4608,3.465102e-03,3.313065e+01,9.813928e-06,1.077970e-05,2998038.379,3.418963e-03,3.309758e+01,8.424044e-06,4.992833e-06,2995567.492,6.250000e-05,5.45,14178.19
4609,3.452795e-03,3.312152e+01,9.714623e-06,8.699488e-06,2998102.123,3.443959e-03,3.304342e+01,9.016314e-06,9.890872e-06,2992494.016,6.250000e-05,5.47,14183.66
4610,3.448419e-03,3.312535e+01,9.394831e-06,8.387118e-06,2997774.645,3.521410e-03,3.318182e+01,1.380785e-05,1.303006e-05,3005566.367,6.250000e-05,5.70,14189.36
4611,3.462182e-03,3.311692e+01,1.022811e-05,9.641890e-06,2997887.672,3.466221e-03,3.308792e+01,1.145691e-05,8.571955e-06,2999282.266,6.250000e-05,5.24,14194.60
4612,3.450212e-03,3.312267e+01,9.384242e-06,8.820507e-06,2997917.980,3.480915e-03,3.305164e+01,1.397481e-05,7.200636e-06,2993684.375,6.250000e-05,4.99,14199.58
4613,3.450771e-03,3.311897e+01,9.884436e-06,8.005842e-06,2997850.234,3.482715e-03,3.317645e+01,1.174288e-05,9.528308e-06,3004120.906,6.250000e-05,4.76,14204.35
4614,3.463341e-03,3.312046e+01,9.785590e-06,1.068770e-05,2997938.887,3.421569e-03,3.322452e+01,8.347243e-06,3.128920e-06,3001441.266,6.250000e-05,5.52,14209.87
4615,3.452852e-03,3.312040e+01,9.670590e-06,8.821292e-06,2997907.037,3.437949e-03,3.311387e+01,9.946654e-06,5.419161e-06,2995333.234,6.250000e-05,5.32,14215.19
4616,3.453865e-03,3.312500e+01,9.042089e-06,1.018889e-05,2997889.711,3.498106e-03,3.327733e+01,1.253204e-05,9.010611e-06,3006576.992,6.250000e-05,5.64,14220.83
4617,3.446029e-03,3.312404e+01,9.654571e-06,7.415912e-06,2997922.719,3.495967e-03,3.337068e+01,9.566328e-06,1.264717e-05,3009137.680,6.250000e-05,5.39,14226.22
4618,3.446814e-03,3.312090e+01,9.287344e-06,8.370238e-06,2997942.020,3.446798e-03,3.325759e+01,8.628767e-06,6.950201e-06,3004892.273,6.250000e-05,5.33,14231.55
4619,3.472809e-03,3.313556e+01,1.058870e-05,1.067324e-05,2998266.889,3.619660e-03,3.274560e+01,1.587435e-05,3.727118e-05,2983705.781,6.250000e-05,5.79,14237.34
4620,3.475638e-03,3.310191e+01,1.058771e-05,1.191401e-05,2997597.410,3.448826e-03,3.298701e+01,8.374585e-06,1.327581e-05,2990375.227,6.250000e-05,5.04,14242.38
4621,3.462668e-03,3.312745e+01,9.929909e-06,1.012483e-05,2997989.797,3.429466e-03,3.317264e+01,9.376400e-06,3.687600e-06,3000190.367,6.250000e-05,5.89,14248.27
4622,3.433334e-03,3.311643e+01,9.132041e-06,6.073992e-06,2997918.111,3.522088e-03,3.298436e+01,1.077664e-05,2.317701e-05,2987505.914,6.250000e-05,5.76,14254.02
4623,3.456931e-03,3.312585e+01,9.554827e-06,9.759473e-06,2997937.533,3.479850e-03,3.296016e+01,9.699624e-06,1.736754e-05,2988989.367,6.250000e-05,5.55,14259.58
4624,3.450768e-03,3.312523e+01,1.015199e-05,7.344885e-06,2997908.701,3.435464e-03,3.311537e+01,9.864513e-06,5.056350e-06,2999223.180,6.250000e-05,4.63,14264.21
4625,3.459985e-03,3.311740e+01,9.164952e-06,1.131904e-05,2997854.363,3.575113e-03,3.279175e+01,8.596956e-06,4.199362e-05,2982481.211,6.250000e-05,5.67,14269.88
4626,3.462217e-03,3.312771e+01,9.695834e-06,1.049756e-05,2997895.158,3.465524e-03,3.325431e+01,8.468062e-06,1.108267e-05,3006517.195,6.250000e-05,5.78,14275.67
4627,3.450453e-03,3.312196e+01,9.943410e-06,7.764481e-06,2998067.270,3.537848e-03,3.292607e+01,1.358519e-05,2.187781e-05,2987666.203,6.250000e-05,4.97,14280.63
4628,3.445088e-03,3.311611e+01,9.312230e-06,8.070832e-06,2997813.154,3.434529e-03,3.313192e+01,1.039035e-05,3.486691e-06,2998353.539,6.250000e-05,5.75,14286.39
4629,3.466569e-03,3.310842e+01,9.553558e-06,1.203831e-05,2997851.799,3.442229e-03,3.333468e+01,8.489326e-06,4.773597e-06,3004114.586,6.250000e-05,5.83,14292.21
4630,3.456068e-03,3.311321e+01,9.502666e-06,9.944213e-06,2997950.033,3.442952e-03,3.316873e+01,1.104564e-05,3.124550e-06,2997727.992,6.250000e-05,5.09,14297.30
4631,3.438739e-03,3.312223e+01,9.265514e-06,6.772135e-06,2997773.768,3.476872e-03,3.321856e+01,1.097743e-05,9.048182e-06,3003147.297,6.250000e-05,5.22,14302.52
4632,3.458088e-03,3.312208e+01,9.763793e-06,9.648443e-06,2998067.150,3.424802e-03,3.308952e+01,8.824008e-06,5.522107e-06,2995829.562,6.250000e-05,5.66,14308.18
4633,3.449221e-03,3.311768e+01,9.631092e-06,8.228507e-06,2997890.771,3.428448e-03,3.310213e+01,9.184814e-06,5.277388e-06,2998262.633,6.250000e-05,4.98,14313.16
4634,3.455002e-03,3.311759e+01,9.910062e-06,8.828513e-06,2997877.945,3.479709e-03,3.323161e+01,1.204885e-05,7.212016e-06,3002549.797,6.250000e-05,5.36,14318.52
4635,3.452741e-03,3.311832e+01,9.609259e-06,8.963331e-06,2997851.584,3.508072e-03,3.341190e+01,1.054679e-05,1.228288e-05,3009049.195,6.250000e-05,5.49,14324.02
4636,3.454500e-03,3.312778e+01,9.454967e-06,9.434366e-06,2998038.250,3.424672e-03,3.311783e+01,8.587772e-06,5.402318e-06,2995778.844,6.250000e-05,5.41,14329.42
4637,3.447861e-03,3.312274e+01,9.125532e-06,8.866264e-06,2997854.723,3.442177e-03,3.309659e+01,1.109363e-05,4.316417e-06,2997825.500,6.250000e-05,5.64,14335.06
4638,3.471930e-03,3.310358e+01,1.012576e-05,1.206285e-05,2997736.008,3.483945e-03,3.333797e+01,1.124873e-05,7.532075e-06,3006050.227,6.250000e-05,5.52,14340.58
4639,3.461660e-03,3.312964e+01,9.818989e-06,1.010128e-05,2998192.133,3.412205e-03,3.308962e+01,8.220826e-06,4.207014e-06,2996204.672,6.250000e-05,5.20,14345.78
4640,3.442277e-03,3.311928e+01,9.478399e-06,7.113081e-06,2997927.529,3.427438e-03,3.315083e+01,9.117211e-06,4.236620e-06,2999488.641,6.250000e-05,5.22,14351.01
4641,3.449831e-03,3.312177e+01,9.672983e-06,8.184823e-06,2997864.994,3.474515e-03,3.320407e+01,9.787888e-06,1.124574e-05,3004520.391,6.250000e-05,5.26,14356.27
4642,3.458768e-03,3.311477e+01,9.980201e-06,9.497929e-06,2997921.729,3.498987e-03,3.328370e+01,1.012285e-05,1.387778e-05,3007225.758,6.250000e-05,5.07,14361.34
4643,3.451407e-03,3.312372e+01,9.157052e-06,9.492966e-06,2998001.670,3.493932e-03,3.300933e+01,1.178024e-05,1.503925e-05,2991789.625,6.250000e-05,5.86,14367.20
4644,3.453662e-03,3.311962e+01,9.201589e-06,9.936822e-06,2997913.322,3.486466e-03,3.287098e+01,9.213278e-06,2.144720e-05,2988494.562,6.250000e-05,5.13,14372.34
4645,3.465997e-03,3.311482e+01,9.978072e-06,1.094680e-05,2997801.734,3.413270e-03,3.316663e+01,8.238225e-06,2.844908e-06,2999328.422,6.250000e-05,5.38,14377.72
4646,3.445680e-03,3.311249e+01,9.308492e-06,8.269206e-06,2997933.570,3.434969e-03,3.325031e+01,8.660463e-06,4.666622e-06,3002488.516,6.250000e-05,5.19,14382.91
4647,3.455302e-03,3.311929e+01,9.615336e-06,9.444088e-06,2997921.631,3.430523e-03,3.311275e+01,8.944545e-06,5.960550e-06,2998569.219,6.250000e-05,5.82,14388.73
4648,3.454093e-03,3.311839e+01,9.521271e-06,9.408283e-06,2997891.889,3.450397e-03,3.328001e+01,8.924556e-06,6.630139e-06,3004445.492,6.250000e-05,5.58,14394.31
4649,3.449112e-03,3.312116e+01,9.591944e-06,8.215275e-06,2997959.934,3.425035e-03,3.315683e+01,8.999594e-06,3.871339e-06,2998334.469,6.250000e-05,5.43,14399.73
4650,3.458603e-03,3.311482e+01,1.012201e-05,9.180059e-06,2997786.090,3.450638e-03,3.316250e+01,9.051188e-06,8.775145e-06,2995687.359,6.250000e-05,5.37,14405.11
4651,3.465196e-03,3.312342e+01,9.322851e-06,1.192514e-05,2998012.969,3.472518e-03,3.301686e+01,9.290221e-06,1.558597e-05,2989958.992,6.250000e-05,5.56,14410.66
4652,3.451665e-03,3.312586e+01,9.538348e-06,8.739112e-06,2998126.613,3.487282e-03,3.302134e+01,8.871260e-06,1.928702e-05,2988693.008,6.250000e-05,5.53,14416.20
4653,3.463639e-03,3.312169e+01,9.624009e-06,1.104592e-05,2997794.938,3.459774e-03,3.298438e+01,8.521969e-06,1.522326e-05,2989754.062,6.250000e-05,5.36,14421.55
4654,3.457851e-03,3.312025e+01,9.427722e-06,1.030975e-05,2997924.438,3.443508e-03,3.300987e+01,8.692297e-06,1.111957e-05,2991660.812,6.250000e-05,5.62,14427.17
4655,3.448153e-03,3.311317e+01,9.269193e-06,8.828716e-06,2997854.424,3.526930e-03,3.293014e+01,9.786857e-06,2.720946e-05,2986497.094,6.250000e-05,6.01,14433.18
4656,3.456152e-03,3.311737e+01,9.511211e-06,9.860555e-06,2997887.131,3.425036e-03,3.318810e+01,9.070575e-06,3.103929e-06,2998928.461,6.250000e-05,5.44,14438.62
4657,3.455264e-03,3.311988e+01,9.678232e-06,9.298830e-06,2997971.131,3.427748e-03,3.317241e+01,8.042239e-06,6.016846e-06,2997608.164,6.250000e-05,5.59,14444.21
4658,3.453543e-03,3.311580e+01,9.417987e-06,9.556616e-06,2997867.303,3.433755e-03,3.320091e+01,9.836371e-06,3.059959e-06,2999049.906,6.250000e-05,5.14,14449.35
4659,3.456985e-03,3.312731e+01,9.554027e-06,9.742826e-06,2997992.084,3.503754e-03,3.332514e+01,1.009868e-05,1.405077e-05,3008778.672,6.250000e-05,5.03,14454.39
4660,3.460126e-03,3.311223e+01,1.006889e-05,9.642822e-06,2997789.836,3.455479e-03,3.315894e+01,1.050395e-05,6.909094e-06,3002201.336,6.250000e-05,5.70,14460.09
4661,3.461237e-03,3.311816e+01,9.933662e-06,1.001691e-05,2997952.490,3.413997e-03,3.320095e+01,7.974531e-06,2.831445e-06,3000422.734,6.250000e-05,5.83,14465.92
4662,3.454928e-03,3.312521e+01,9.362079e-06,9.757270e-06,2998102.043,3.466914e-03,3.304868e+01,8.663457e-06,1.508233e-05,3000630.312,6.250000e-05,5.58,14471.50
4663,3.454709e-03,3.311637e+01,9.853696e-06,8.906986e-06,2997879.902,3.465089e-03,3.298299e+01,1.064205e-05,1.207404e-05,2990986.078,6.250000e-05,5.97,14477.47
4664,3.453947e-03,3.311678e+01,9.892154e-06,8.669540e-06,2997762.986,3.464349e-03,3.332029e+01,8.406713e-06,9.650493e-06,3006860.656,6.250000e-05,5.68,14483.16
4665,3.452833e-03,3.312445e+01,9.367996e-06,9.341682e-06,2997975.430,3.440713e-03,3.315396e+01,1.034020e-05,4.382934e-06,2998191.898,6.250000e-05,5.28,14488.44
4666,3.448308e-03,3.311673e+01,9.368499e-06,8.590046e-06,2997905.477,3.442510e-03,3.320308e+01,1.004349e-05,4.353573e-06,3001232.773,6.250000e-05,5.63,14494.07
4667,3.457617e-03,3.310963e+01,9.796973e-06,9.736986e-06,2997854.031,3.557980e-03,3.340985e+01,1.259682e-05,1.820541e-05,3010110.453,6.250000e-05,5.74,14499.81
4668,3.456615e-03,3.311958e+01,9.841511e-06,9.248395e-06,2997922.180,3.559319e-03,3.352977e+01,1.164705e-05,1.797434e-05,3010589.453,6.250000e-05,5.03,14504.84
4669,3.455036e-03,3.312671e+01,9.709023e-06,9.054885e-06,2997988.352,3.415510e-03,3.309563e+01,7.839761e-06,5.509820e-06,2995123.086,6.250000e-05,5.36,14510.20
4670,3.448339e-03,3.312205e+01,9.045327e-06,9.136134e-06,2998001.598,3.461387e-03,3.306493e+01,1.223626e-05,6.506340e-06,2995221.727,6.250000e-05,4.83,14515.03
4671,3.453802e-03,3.311230e+01,9.817348e-06,8.879712e-06,2997788.654,3.416798e-03,3.319585e+01,8.324421e-06,2.793662e-06,3000161.195,6.250000e-05,5.22,14520.25
4672,3.449509e-03,3.312373e+01,9.318395e-06,8.790563e-06,2998079.135,3.451990e-03,3.311171e+01,1.111176e-05,5.940304e-06,2996234.516,6.250000e-05,4.91,14525.16
4673,3.451194e-03,3.311770e+01,9.206977e-06,9.470844e-06,2997866.166,3.424058e-03,3.308271e+01,8.643566e-06,5.870248e-06,2997016.539,6.250000e-05,5.75,14530.91
4674,3.443305e-03,3.311527e+01,9.904848e-06,6.545838e-06,2997802.410,3.517905e-03,3.323990e+01,1.137937e-05,1.602425e-05,3007434.281,6.250000e-05,5.50,14536.41
4675,3.458392e-03,3.311640e+01,9.419918e-06,1.051064e-05,2998043.330,3.594208e-03,3.292325e+01,9.315238e-06,4.174605e-05,2982906.086,6.250000e-05,5.71,14542.12
4676,3.449401e-03,3.311784e+01,9.262612e-06,8.998282e-06,2997826.592,3.446129e-03,3.326294e+01,9.693183e-06,4.580593e-06,3001432.398,6.250000e-05,5.48,14547.60
4677,3.461386e-03,3.312314e+01,9.694184e-06,1.042612e-05,2997893.875,3.414288e-03,3.315730e+01,8.193613e-06,3.324316e-06,2999604.164,6.250000e-05,4.87,14552.47
4678,3.450571e-03,3.312059e+01,9.581802e-06,8.538818e-06,2998093.023,3.479164e-03,3.296941e+01,1.113490e-05,1.417478e-05,2993067.047,6.250000e-05,5.17,14557.64
4679,3.453863e-03,3.311402e+01,9.883143e-06,8.725839e-06,2997817.145,3.460860e-03,3.326851e+01,8.575127e-06,9.651524e-06,3006380.078,6.250000e-05,5.67,14563.31
4680,3.443052e-03,3.311664e+01,9.482723e-06,7.312199e-06,2997939.219,3.439264e-03,3.324168e+01,8.628358e-06,5.762404e-06,3003250.648,6.250000e-05,5.49,14568.80
4681,3.469858e-03,3.311522e+01,9.543685e-06,1.257984e-05,2997966.088,3.446315e-03,3.306341e+01,9.779941e-06,8.434898e-06,2998367.289,6.250000e-05,5.39,14574.19
4682,3.458207e-03,3.311333e+01,1.049164e-05,8.391511e-06,2997769.531,3.502480e-03,3.329221e+01,1.197051e-05,1.071081e-05,3007301.602,6.250000e-05,5.68,14579.87
4683,3.462929e-03,3.311163e+01,9.328208e-06,1.169687e-05,2998028.289,3.421889e-03,3.307917e+01,9.239143e-06,4.316012e-06,2996957.422,6.250000e-05,5.79,14585.66
4684,3.453017e-03,3.311961e+01,9.755728e-06,8.699756e-06,2997853.732,3.446541e-03,3.325054e+01,9.796328e-06,4.704676e-06,3001278.711,6.250000e-05,5.82,14591.47
4685,3.456730e-03,3.310487e+01,9.193867e-06,1.086102e-05,2997845.895,3.418481e-03,3.318575e+01,8.215018e-06,3.551177e-06,2999568.016,6.250000e-05,5.05,14596.52
4686,3.445230e-03,3.311530e+01,9.394015e-06,7.952164e-06,2997927.467,3.468726e-03,3.321705e+01,1.256419e-05,4.275982e-06,3002155.672,6.250000e-05,5.27,14601.80
4687,3.457890e-03,3.312421e+01,9.711141e-06,9.671712e-06,2998021.816,3.428107e-03,3.304652e+01,9.297074e-06,6.096910e-06,2995928.875,6.250000e-05,5.39,14607.19
4688,3.461000e-03,3.310735e+01,9.810631e-06,1.043173e-05,2997780.646,3.426153e-03,3.310144e+01,8.673356e-06,5.855100e-06,2999268.180,6.250000e-05,5.79,14612.97
4689,3.459948e-03,3.311068e+01,1.019691e-05,9.382129e-06,2997995.979,3.469323e-03,3.290398e+01,9.158551e-06,1.746782e-05,2989381.336,6.250000e-05,5.31,14618.29
4690,3.445184e-03,3.311457e+01,9.533572e-06,7.678267e-06,2997837.809,3.428825e-03,3.318614e+01,9.528963e-06,2.984139e-06,3000315.500,6.250000e-05,5.00,14623.28
4691,3.453885e-03,3.312255e+01,9.849618e-06,8.626874e-06,2997906.297,3.427429e-03,3.315051e+01,8.218568e-06,6.038529e-06,2998271.984,6.250000e-05,5.25,14628.53
4692,3.456920e-03,3.311072e+01,9.439198e-06,1.029132e-05,2997977.604,3.418577e-03,3.306680e+01,8.473016e-06,5.433402e-06,2995315.938,6.250000e-05,5.33,14633.85
4693,3.449465e-03,3.311202e+01,9.080367e-06,9.491915e-06,2997834.697,3.488183e-03,3.325915e+01,9.175280e-06,1.410316e-05,3006307.664,6.250000e-05,5.29,14639.15
4694,3.456757e-03,3.311935e+01,9.494931e-06,9.974603e-06,2997986.549,3.467684e-03,3.330730e+01,1.048575e-05,6.419378e-06,3005622.273,6.250000e-05,5.07,14644.21
4695,3.452745e-03,3.312470e+01,9.929978e-06,8.194922e-06,2997984.293,3.416482e-03,3.303341e+01,8.001985e-06,6.624325e-06,2994986.523,6.250000e-05,5.49,14649.71
4696,3.456173e-03,3.311578e+01,9.266444e-06,1.038616e-05,2997927.066,3.492524e-03,3.298397e+01,1.216009e-05,1.450508e-05,2991169.477,6.250000e-05,5.43,14655.14
4697,3.450720e-03,3.310885e+01,9.446899e-06,9.073361e-06,2997882.414,3.464404e-03,3.333457e+01,9.065557e-06,8.058248e-06,3006778.078,6.250000e-05,5.38,14660.52
4698,3.453931e-03,3.311899e+01,9.842271e-06,8.721969e-06,2997860.938,3.556515e-03,3.339033e+01,1.557887e-05,1.233874e-05,3009209.312,6.250000e-05,5.33,14665.85
4699,3.435510e-03,3.312448e+01,8.897023e-06,6.818401e-06,2998115.326,3.564984e-03,3.276700e+01,9.905475e-06,3.784584e-05,2983832.016,6.250000e-05,5.94,14671.79
4700,3.461774e-03,3.311368e+01,9.349351e-06,1.138249e-05,2997866.801,3.458007e-03,3.310146e+01,8.904374e-06,1.176347e-05,3001082.852,6.250000e-05,5.51,14677.30
4701,3.470420e-03,3.310409e+01,9.909933e-06,1.218234e-05,2997847.055,3.455705e-03,3.325999e+01,8.165056e-06,9.610990e-06,3005029.914,6.250000e-05,5.36,14682.66
4702,3.450126e-03,3.310337e+01,9.584351e-06,8.789159e-06,2997833.990,3.487328e-03,3.333446e+01,1.080068e-05,9.175110e-06,3007210.102,6.250000e-05,5.42,14688.08
4703,3.476875e-03,3.311728e+01,1.052736e-05,1.197468e-05,2997946.752,3.445097e-03,3.305957e+01,1.014139e-05,7.545254e-06,2993998.688,6.250000e-05,5.47,14693.56
4704,3.471909e-03,3.311308e+01,9.597458e-06,1.292533e-05,2997994.387,3.450470e-03,3.301389e+01,1.107807e-05,7.660248e-06,2995908.859,6.250000e-05,5.28,14698.84
4705,3.458245e-03,3.310005e+01,1.017560e-05,9.296839e-06,2997735.098,3.494449e-03,3.317640e+01,1.023779e-05,1.488613e-05,3005026.344,6.250000e-05,5.70,14704.54
4706,3.468861e-03,3.310690e+01,9.690580e-06,1.225296e-05,2998023.014,3.446159e-03,3.296547e+01,8.890384e-06,1.214173e-05,2991666.750,6.250000e-05,5.58,14710.12
4707,3.459228e-03,3.312290e+01,9.470266e-06,1.044715e-05,2997937.932,3.429907e-03,3.299706e+01,9.202637e-06,7.634898e-06,2993738.594,6.250000e-05,5.85,14715.96
4708,3.442072e-03,3.311086e+01,9.628098e-06,6.941166e-06,2997840.852,3.464409e-03,3.321858e+01,9.764158e-06,8.981909e-06,3004865.664,6.250000e-05,5.27,14721.24
4709,3.458416e-03,3.311732e+01,9.899690e-06,9.537335e-06,2997992.773,3.517636e-03,3.282420e+01,1.057931e-05,2.588476e-05,2987137.219,6.250000e-05,5.76,14727.00
4710,3.459411e-03,3.309896e+01,9.583134e-06,1.073685e-05,2997846.301,3.431027e-03,3.318421e+01,9.275857e-06,3.969667e-06,2999494.297,6.250000e-05,5.14,14732.14
4711,3.460324e-03,3.311257e+01,9.749807e-06,1.031362e-05,2997925.803,3.448810e-03,3.313570e+01,1.047018e-05,6.107534e-06,2999521.672,6.250000e-05,5.18,14737.32
4712,3.450602e-03,3.310762e+01,9.630176e-06,8.707629e-06,2997928.795,3.427857e-03,3.322315e+01,9.353329e-06,2.401786e-06,3001531.578,6.250000e-05,5.15,14742.47
4713,3.444120e-03,3.311361e+01,9.471787e-06,7.608170e-06,2997925.223,3.444638e-03,3.292577e+01,8.473461e-06,1.346529e-05,2991702.883,6.250000e-05,5.30,14747.77
4714,3.470454e-03,3.309863e+01,9.585808e-06,1.294644e-05,2997845.779,3.417586e-03,3.316799e+01,8.645879e-06,2.865503e-06,2998527.898,6.250000e-05,4.89,14752.67
4715,3.449949e-03,3.310509e+01,9.549665e-06,8.788699e-06,2997974.939,3.479985e-03,3.312007e+01,9.770688e-06,1.405437e-05,2992940.961,6.250000e-05,5.42,14758.09
4716,3.463261e-03,3.311116e+01,9.410436e-06,1.160817e-05,2997908.592,3.460326e-03,3.301792e+01,9.624752e-06,1.245731e-05,2991492.133,6.250000e-05,5.52,14763.61
4717,3.461563e-03,3.310688e+01,1.028461e-05,9.605707e-06,2997818.193,3.471906e-03,3.327592e+01,9.343926e-06,1.017511e-05,3007046.625,6.250000e-05,5.73,14769.34
4718,3.438931e-03,3.311815e+01,8.974609e-06,7.473990e-06,2998021.748,3.462640e-03,3.301902e+01,1.012907e-05,1.188935e-05,2997968.445,6.250000e-05,4.98,14774.31
4719,3.469469e-03,3.311015e+01,1.026757e-05,1.115567e-05,2997982.621,3.461388e-03,3.297952e+01,1.024862e-05,1.218986e-05,2991387.352,6.250000e-05,5.04,14779.36
4720,3.461010e-03,3.310367e+01,1.054813e-05,9.032402e-06,2997822.162,3.476228e-03,3.301824e+01,8.658331e-06,1.756409e-05,2989936.727,6.250000e-05,4.81,14784.17
4721,3.442800e-03,3.310532e+01,9.075371e-06,8.302902e-06,2997877.494,3.540332e-03,3.339148e+01,1.229269e-05,1.565128e-05,3008244.242,6.250000e-05,5.41,14789.58
4722,3.436350e-03,3.310960e+01,8.861292e-06,7.355448e-06,2997993.029,3.426655e-03,3.317004e+01,8.828747e-06,4.272866e-06,2999243.336,6.250000e-05,5.07,14794.65
4723,3.454139e-03,3.311913e+01,9.899948e-06,8.645302e-06,2997944.926,3.420821e-03,3.310226e+01,9.122314e-06,3.874408e-06,2996839.992,6.250000e-05,5.53,14800.18
4724,3.448686e-03,3.310369e+01,9.806335e-06,8.050748e-06,2997873.961,3.438029e-03,3.313252e+01,8.821589e-06,7.312208e-06,2995552.422,6.250000e-05,5.10,14805.28
4725,3.462677e-03,3.310556e+01,9.967804e-06,1.048869e-05,2997789.926,3.467860e-03,3.329709e+01,8.390725e-06,1.084872e-05,3007431.484,6.250000e-05,5.38,14810.66
4726,3.467697e-03,3.312326e+01,9.833707e-06,1.140682e-05,2998200.652,3.422907e-03,3.305651e+01,7.990127e-06,7.470962e-06,2996995.594,6.250000e-05,5.79,14816.46
4727,3.449081e-03,3.309753e+01,9.300173e-06,9.265332e-06,2997778.518,3.474690e-03,3.312145e+01,1.399444e-05,4.520071e-06,3000222.648,6.250000e-05,5.59,14822.05
4728,3.455234e-03,3.311570e+01,1.133075e-05,6.071483e-06,2997889.078,3.445184e-03,3.321416e+01,8.730191e-06,7.293246e-06,3004571.812,6.250000e-05,4.95,14827.01
4729,3.450192e-03,3.310199e+01,9.451379e-06,9.095797e-06,2997960.074,3.425888e-03,3.312846e+01,9.091349e-06,4.425603e-06,2998010.391,6.250000e-05,5.55,14832.56
4730,3.454620e-03,3.310966e+01,9.259124e-06,1.021248e-05,2997960.234,3.448955e-03,3.307904e+01,9.002209e-06,1.020575e-05,2995219.070,6.250000e-05,5.53,14838.09
4731,3.478061e-03,3.310822e+01,1.052619e-05,1.239542e-05,2997734.875,3.424606e-03,3.319580e+01,9.070515e-06,2.864221e-06,3000062.930,6.250000e-05,5.60,14843.69
4732,3.447257e-03,3.310886e+01,9.120813e-06,9.032631e-06,2998047.443,3.467989e-03,3.325403e+01,8.861161e-06,1.079480e-05,3006604.938,6.250000e-05,5.44,14849.13
4733,3.438257e-03,3.310957e+01,9.187412e-06,7.085203e-06,2997874.922,3.431835e-03,3.313740e+01,9.701562e-06,4.215869e-06,2996485.984,6.250000e-05,4.95,14854.09
4734,3.450393e-03,3.309903e+01,9.574893e-06,8.948126e-06,2997951.322,3.521084e-03,3.293471e+01,8.990477e-06,2.754161e-05,2986957.664,6.250000e-05,5.77,14859.86
4735,3.444553e-03,3.310668e+01,8.680336e-06,9.416320e-06,2997880.592,3.419380e-03,3.314941e+01,9.106174e-06,2.675515e-06,2998938.070,6.250000e-05,5.44,14865.30
4736,3.470146e-03,3.310633e+01,1.070249e-05,1.049762e-05,2997742.520,3.484511e-03,3.336932e+01,9.568479e-06,1.037872e-05,3008075.922,6.250000e-05,5.68,14870.97
4737,3.461031e-03,3.311251e+01,1.038154e-05,9.192986e-06,2998104.852,3.548521e-03,3.288383e+01,1.140295e-05,2.922172e-05,2984502.398,6.250000e-05,5.39,14876.36
4738,3.453195e-03,3.310584e+01,9.402990e-06,9.716299e-06,2997877.381,3.430959e-03,3.305463e+01,9.691453e-06,5.716335e-06,2996441.367,6.250000e-05,5.46,14881.82
4739,3.461257e-03,3.309883e+01,1.014195e-05,9.990928e-06,2997901.586,3.424371e-03,3.317792e+01,8.541118e-06,4.233675e-06,3001476.930,6.250000e-05,5.65,14887.47
4740,3.446065e-03,3.311340e+01,9.682190e-06,7.580580e-06,2997905.557,3.425497e-03,3.306965e+01,9.154759e-06,5.396972e-06,2997226.148,6.250000e-05,5.47,14892.93
4741,3.454849e-03,3.312054e+01,9.702811e-06,9.153308e-06,2998000.570,3.428286e-03,3.302387e+01,8.336457e-06,8.507039e-06,2996948.570,6.250000e-05,5.12,14898.05
4742,3.447801e-03,3.310337e+01,9.223808e-06,9.045214e-06,2997876.156,3.513040e-03,3.330322e+01,1.081310e-05,1.491737e-05,3007710.969,6.250000e-05,5.47,14903.52
4743,3.454178e-03,3.311086e+01,9.170412e-06,1.027756e-05,2997877.424,3.414376e-03,3.315395e+01,8.543614e-06,2.709029e-06,2998834.922,6.250000e-05,5.54,14909.06
4744,3.454223e-03,3.310478e+01,9.832067e-06,9.084898e-06,2998003.584,3.516490e-03,3.302424e+01,1.290027e-05,1.701282e-05,2989546.398,6.250000e-05,5.24,14914.31
4745,3.453917e-03,3.311327e+01,9.937486e-06,8.643215e-06,2997892.291,3.436962e-03,3.318963e+01,1.023925e-05,3.121211e-06,3001715.336,6.250000e-05,4.98,14919.28
4746,3.455796e-03,3.310207e+01,9.582052e-06,9.953675e-06,2997819.881,3.528195e-03,3.345443e+01,9.193820e-06,1.816271e-05,3011038.820,6.250000e-05,5.31,14924.59
4747,3.455291e-03,3.310988e+01,9.465182e-06,9.930303e-06,2997938.416,3.483588e-03,3.302170e+01,1.434196e-05,7.599847e-06,2994531.664,6.250000e-05,5.47,14930.06
4748,3.458231e-03,3.309775e+01,1.007923e-05,9.532894e-06,2997956.223,3.478741e-03,3.290260e+01,8.665027e-06,2.036603e-05,2990350.328,6.250000e-05,5.79,14935.85
4749,3.443612e-03,3.311488e+01,9.154107e-06,8.116625e-06,2997864.064,3.425295e-03,3.319647e+01,8.162681e-06,4.804277e-06,3002792.930,6.250000e-05,5.90,14941.75
4750,3.470647e-03,3.310499e+01,9.199947e-06,1.362974e-05,2997907.480,3.428881e-03,3.301710e+01,9.338579e-06,6.756993e-06,2996626.625,6.250000e-05,5.26,14947.02
4751,3.447055e-03,3.310757e+01,9.139583e-06,8.980327e-06,2997942.502,3.421096e-03,3.308302e+01,8.429706e-06,5.699530e-06,2994829.648,6.250000e-05,5.04,14952.06
4752,3.456377e-03,3.309285e+01,1.002732e-05,9.363830e-06,2997837.146,3.479085e-03,3.303688e+01,9.238864e-06,1.660164e-05,2990240.219,6.250000e-05,5.04,14957.10
4753,3.444203e-03,3.310984e+01,8.884159e-06,8.875491e-06,2997913.969,3.441841e-03,3.316798e+01,9.883399e-06,5.241901e-06,2998936.844,6.250000e-05,5.63,14962.73
4754,3.455924e-03,3.310862e+01,9.276984e-06,1.045832e-05,2997865.773,3.464633e-03,3.299386e+01,1.200614e-05,9.037077e-06,2995954.945,6.250000e-05,5.44,14968.17
4755,3.447024e-03,3.310134e+01,9.244437e-06,8.889168e-06,2997976.914,3.422544e-03,3.307042e+01,8.430649e-06,6.239122e-06,2997161.219,6.250000e-05,5.44,14973.61
4756,3.449077e-03,3.310912e+01,9.418785e-06,8.795390e-06,2997982.721,3.470114e-03,3.321674e+01,1.085946e-05,7.969064e-06,3004764.227,6.250000e-05,5.19,14978.80
4757,3.448524e-03,3.310174e+01,9.478112e-06,8.713731e-06,2997789.771,3.446279e-03,3.315397e+01,8.883261e-06,8.410017e-06,3002782.578,6.250000e-05,5.45,14984.25
4758,3.446423e-03,3.310941e+01,8.860218e-06,9.375870e-06,2998089.021,3.460329e-03,3.306304e+01,8.946957e-06,1.291111e-05,2993203.844,6.250000e-05,5.25,14989.50
4759,3.453265e-03,3.310403e+01,9.219162e-06,1.013410e-05,2997857.453,3.430436e-03,3.311132e+01,8.714319e-06,6.432179e-06,2995197.945,6.250000e-05,5.08,14994.58
4760,3.447391e-03,3.311011e+01,9.141851e-06,8.992346e-06,2997984.152,3.425650e-03,3.311336e+01,9.706236e-06,3.450304e-06,2998931.195,6.250000e-05,4.85,14999.44
4761,3.460829e-03,3.309877e+01,9.555835e-06,1.107863e-05,2997842.426,3.421082e-03,3.309852e+01,8.914980e-06,4.415999e-06,2995953.977,6.250000e-05,5.27,15004.71
4762,3.444965e-03,3.310741e+01,9.469106e-06,7.906715e-06,2997910.443,3.419399e-03,3.311806e+01,8.290822e-06,4.937034e-06,2995990.953,6.250000e-05,5.29,15010.00
4763,3.445906e-03,3.311033e+01,9.302448e-06,8.369617e-06,2998019.193,3.504282e-03,3.290322e+01,1.028004e-05,2.223199e-05,2988227.641,6.250000e-05,5.52,15015.53
4764,3.447403e-03,3.311298e+01,9.151804e-06,8.917292e-06,2997909.986,3.505951e-03,3.287255e+01,9.053555e-06,2.563198e-05,2985718.320,6.250000e-05,5.80,15021.33
4765,3.443993e-03,3.310407e+01,8.647942e-06,9.421262e-06,2997746.443,3.533026e-03,3.333112e+01,1.180251e-05,1.637782e-05,3009024.344,6.250000e-05,5.71,15027.04
4766,3.469037e-03,3.311255e+01,9.773266e-06,1.200990e-05,2998166.754,3.554593e-03,3.336360e+01,1.043595e-05,2.277475e-05,3011936.859,6.250000e-05,5.24,15032.27
4767,3.461599e-03,3.310498e+01,1.003951e-05,1.014121e-05,2997729.631,3.446199e-03,3.295133e+01,9.496795e-06,1.121959e-05,2992875.773,6.250000e-05,5.47,15037.75
4768,3.455687e-03,3.310490e+01,9.483033e-06,1.007322e-05,2997992.754,3.454286e-03,3.323194e+01,8.644546e-06,8.929231e-06,3005528.078,6.250000e-05,5.44,15043.19
4769,3.466442e-03,3.310693e+01,9.645759e-06,1.185835e-05,2997949.863,3.434547e-03,3.304275e+01,8.599187e-06,8.856065e-06,2994639.656,6.250000e-05,5.27,15048.46
4770,3.457510e-03,3.310835e+01,9.558830e-06,1.021728e-05,2997880.266,3.417718e-03,3.309497e+01,8.801288e-06,4.041667e-06,2995928.594,6.250000e-05,5.17,15053.64
4771,3.455479e-03,3.310706e+01,9.639677e-06,9.675326e-06,2997913.441,3.426925e-03,3.317361e+01,9.483573e-06,2.945667e-06,3000938.562,6.250000e-05,5.98,15059.62
4772,3.467781e-03,3.310832e+01,1.016889e-05,1.105212e-05,2997997.375,3.442073e-03,3.318868e+01,9.750015e-06,5.140929e-06,3000099.875,6.250000e-05,5.43,15065.04
4773,3.479163e-03,3.309794e+01,9.614793e-06,1.464425e-05,2997814.875,3.464741e-03,3.299578e+01,9.087021e-06,1.485839e-05,2989806.867,6.250000e-05,5.37,15070.42
4774,3.459723e-03,3.311150e+01,9.648541e-06,1.041765e-05,2997863.016,3.420975e-03,3.314251e+01,7.940320e-06,5.464237e-06,3000978.477,6.250000e-05,5.25,15075.67
4775,3.454438e-03,3.310167e+01,9.932512e-06,8.989194e-06,2997846.430,3.433056e-03,3.318984e+01,7.991181e-06,6.831949e-06,2999776.430,6.250000e-05,5.63,15081.30
4776,3.441025e-03,3.310819e+01,8.959117e-06,8.122959e-06,2997972.781,3.416873e-03,3.309295e+01,8.867307e-06,3.781122e-06,2997684.117,6.250000e-05,5.25,15086.54
4777,3.453117e-03,3.310469e+01,9.741399e-06,9.046849e-06,2997953.600,3.490774e-03,3.286024e+01,9.496239e-06,2.195763e-05,2989657.914,6.250000e-05,5.72,15092.26
4778,3.456874e-03,3.309987e+01,9.689330e-06,9.998776e-06,2997935.906,3.423119e-03,3.309722e+01,9.351888e-06,3.975801e-06,2997298.969,6.250000e-05,5.44,15097.70
4779,3.447019e-03,3.309783e+01,9.742038e-06,7.963132e-06,2997803.551,3.424754e-03,3.326755e+01,7.877970e-06,3.843874e-06,3002543.078,6.250000e-05,5.57,15103.26
4780,3.451890e-03,3.311057e+01,9.673524e-06,8.819730e-06,2998076.199,3.538301e-03,3.290644e+01,1.289410e-05,2.374325e-05,2986415.641,6.250000e-05,5.42,15108.68
4781,3.460943e-03,3.310864e+01,9.041931e-06,1.193193e-05,2997823.971,3.487290e-03,3.309788e+01,8.529872e-06,1.844063e-05,3003209.641,6.250000e-05,6.06,15114.75
4782,3.456689e-03,3.310056e+01,9.120200e-06,1.108619e-05,2998018.832,3.469876e-03,3.296214e+01,1.025053e-05,1.423146e-05,2990823.430,6.250000e-05,5.52,15120.27
4783,3.446902e-03,3.310738e+01,9.498820e-06,8.235288e-06,2997889.928,3.452754e-03,3.316741e+01,1.151878e-05,4.165112e-06,3000980.641,6.250000e-05,5.78,15126.05
4784,3.446357e-03,3.309824e+01,9.448299e-06,8.409914e-06,2997842.219,3.418173e-03,3.312016e+01,8.597318e-06,4.036808e-06,2997345.609,6.250000e-05,5.42,15131.47
4785,3.468238e-03,3.311111e+01,9.686621e-06,1.205220e-05,2998079.020,3.502836e-03,3.303898e+01,1.219194e-05,1.540368e-05,2991151.781,6.250000e-05,5.37,15136.84
4786,3.446761e-03,3.310692e+01,9.425340e-06,8.363054e-06,2997854.459,3.540780e-03,3.287056e+01,1.063921e-05,2.946649e-05,2985239.938,6.250000e-05,5.68,15142.51
4787,3.469202e-03,3.310138e+01,9.842473e-06,1.212800e-05,2997993.867,3.493481e-03,3.289748e+01,7.919737e-06,2.490709e-05,2986428.258,6.250000e-05,5.52,15148.04
4788,3.460717e-03,3.310514e+01,9.496890e-06,1.104675e-05,2997825.547,3.430546e-03,3.319116e+01,9.470220e-06,3.345486e-06,2998554.289,6.250000e-05,5.75,15153.79
4789,3.434864e-03,3.310674e+01,8.915263e-06,7.007450e-06,2997946.717,3.440788e-03,3.314485e+01,9.587869e-06,6.084940e-06,3000660.805,6.250000e-05,5.31,15159.10
4790,3.460060e-03,3.309535e+01,9.818791e-06,1.046744e-05,2997789.246,3.529756e-03,3.344285e+01,9.030146e-06,1.903398e-05,3011463.992,6.250000e-05,5.66,15164.76
4791,3.464763e-03,3.311632e+01,9.873700e-06,1.087885e-05,2998020.010,3.421513e-03,3.309478e+01,8.610660e-06,5.185673e-06,2996677.188,6.250000e-05,5.50,15170.26
4792,3.462723e-03,3.309665e+01,9.387221e-06,1.183713e-05,2997862.105,3.590016e-03,3.291650e+01,1.042872e-05,3.881580e-05,2985566.180,6.250000e-05,5.71,15175.97
4793,3.449370e-03,3.310459e+01,9.061885e-06,9.658424e-06,2997868.732,3.425894e-03,3.319121e+01,8.215333e-06,4.923815e-06,2999825.070,6.250000e-05,5.80,15181.77
4794,3.469270e-03,3.310285e+01,9.381126e-06,1.303488e-05,2997931.730,3.428697e-03,3.311625e+01,9.204387e-06,5.005651e-06,3000438.516,6.250000e-05,5.30,15187.07
4795,3.456888e-03,3.309725e+01,9.850511e-06,9.731675e-06,2997853.916,3.456547e-03,3.305453e+01,1.232362e-05,5.571463e-06,2996515.320,6.250000e-05,4.87,15191.94
4796,3.442791e-03,3.310608e+01,9.281829e-06,7.872981e-06,2997991.604,3.422320e-03,3.299552e+01,8.374904e-06,7.803860e-06,2993234.500,6.250000e-05,5.41,15197.35
4797,3.450454e-03,3.310718e+01,8.895069e-06,1.015701e-05,2997900.004,3.433470e-03,3.303794e+01,9.344794e-06,7.245674e-06,2995725.156,6.250000e-05,5.43,15202.77
4798,3.433911e-03,3.310374e+01,9.027513e-06,6.652263e-06,2997826.930,3.486386e-03,3.327223e+01,9.498879e-06,1.283485e-05,3005668.891,6.250000e-05,5.54,15208.31
4799,3.460218e-03,3.310480e+01,9.580581e-06,1.078646e-05,2998095.674,3.483398e-03,3.292167e+01,1.029104e-05,1.766425e-05,2988388.648,6.250000e-05,5.88,15214.19
4800,3.459277e-03,3.309621e+01,9.602513e-06,1.072610e-05,2997740.869,3.443039e-03,3.293330e+01,8.249788e-06,1.344227e-05,2991006.406,6.250000e-05,5.46,15219.65
4801,3.449141e-03,3.310085e+01,9.985968e-06,7.839246e-06,2997910.668,3.446730e-03,3.302678e+01,8.990329e-06,1.082990e-05,2995357.695,6.250000e-05,5.68,15225.33
4802,3.455138e-03,3.310545e+01,9.564295e-06,9.790069e-06,2998021.420,3.464190e-03,3.292527e+01,9.368141e-06,1.559631e-05,2989607.305,6.250000e-05,5.53,15230.86
4803,3.477714e-03,3.309946e+01,1.000771e-05,1.353807e-05,2997652.666,3.441896e-03,3.323234e+01,9.572332e-06,4.587849e-06,2999804.336,6.250000e-05,5.04,15235.89
4804,3.448264e-03,3.310227e+01,9.931813e-06,7.743805e-06,2998041.902,3.439855e-03,3.322419e+01,8.711822e-06,6.063728e-06,3004083.016,6.250000e-05,5.27,15241.16
4805,3.471009e-03,3.309681e+01,9.882742e-06,1.250002e-05,2997886.516,3.463193e-03,3.309954e+01,9.474021e-06,1.169996e-05,3001605.492,6.250000e-05,5.42,15246.58
4806,3.444960e-03,3.310871e+01,9.912812e-06,6.992225e-06,2998034.840,3.493370e-03,3.303779e+01,1.057346e-05,1.677137e-05,2994222.328,6.250000e-05,5.86,15252.44
4807,3.441744e-03,3.309872e+01,9.479570e-06,7.415429e-06,2997890.588,3.471822e-03,3.312898e+01,1.319502e-05,5.394847e-06,2997083.141,6.250000e-05,5.90,15258.34
4808,3.461969e-03,3.310946e+01,1.020554e-05,9.793422e-06,2997918.479,3.420409e-03,3.316072e+01,8.070738e-06,4.725843e-06,2999573.633,6.250000e-05,5.46,15263.80
4809,3.447221e-03,3.309464e+01,9.229795e-06,9.091799e-06,2997925.998,3.424744e-03,3.305443e+01,8.969836e-06,5.920606e-06,2996370.867,6.250000e-05,5.21,15269.01
4810,3.437137e-03,3.310482e+01,9.098342e-06,7.134365e-06,2997852.172,3.450084e-03,3.303624e+01,9.337233e-06,1.061746e-05,2997852.594,6.250000e-05,5.11,15274.13
4811,3.458976e-03,3.309385e+01,9.533983e-06,1.085025e-05,2997852.230,3.440880e-03,3.309341e+01,1.005616e-05,6.195379e-06,2995000.102,6.250000e-05,5.29,15279.42
4812,3.456418e-03,3.310747e+01,1.016010e-05,8.814096e-06,2997828.014,3.459940e-03,3.320315e+01,1.135850e-05,5.207967e-06,3000843.031,6.250000e-05,5.54,15284.96
4813,3.459339e-03,3.310899e+01,9.867521e-06,9.952914e-06,2998112.707,3.484003e-03,3.314457e+01,1.007170e-05,1.376580e-05,3004565.359,6.250000e-05,5.08,15290.04
4814,3.441468e-03,3.309837e+01,9.411784e-06,7.502503e-06,2997880.219,3.418130e-03,3.309641e+01,8.201118e-06,5.295561e-06,2996197.742,6.250000e-05,4.88,15294.92
4815,3.438753e-03,3.310488e+01,9.209518e-06,7.233954e-06,2997809.293,3.457960e-03,3.328515e+01,8.116201e-06,9.656585e-06,3006400.523,6.250000e-05,5.16,15300.08
4816,3.471627e-03,3.310720e+01,9.322107e-06,1.353711e-05,2998031.385,3.433335e-03,3.310644e+01,8.370944e-06,7.796291e-06,3000684.391,6.250000e-05,5.40,15305.48
4817,3.434032e-03,3.309565e+01,9.242404e-06,6.408634e-06,2997910.166,3.455524e-03,3.324084e+01,8.543419e-06,9.201094e-06,3004253.531,6.250000e-05,5.22,15310.71
4818,3.449600e-03,3.310530e+01,1.011253e-05,7.588947e-06,2997918.473,3.464916e-03,3.298980e+01,1.065526e-05,1.187664e-05,2991784.812,6.250000e-05,5.43,15316.13
4819,3.447527e-03,3.310340e+01,9.170602e-06,9.096212e-06,2997889.086,3.438319e-03,3.320005e+01,9.004899e-06,5.652914e-06,3003666.055,6.250000e-05,5.38,15321.52
4820,3.448412e-03,3.310754e+01,9.430286e-06,8.671053e-06,2998084.061,3.448167e-03,3.301253e+01,9.256731e-06,1.086916e-05,2993011.109,6.250000e-05,5.09,15326.61
4821,3.448629e-03,3.309793e+01,9.119907e-06,9.527241e-06,2997841.385,3.522733e-03,3.302879e+01,8.741759e-06,2.648730e-05,2987273.578,6.250000e-05,5.11,15331.72
4822,3.466432e-03,3.310289e+01,1.009410e-05,1.104055e-05,2997870.896,3.469475e-03,3.330889e+01,8.921739e-06,9.873804e-06,3007260.719,6.250000e-05,5.76,15337.49
4823,3.441021e-03,3.309900e+01,9.635865e-06,6.952542e-06,2997833.959,3.456219e-03,3.330326e+01,9.562513e-06,6.053435e-06,3005719.484,6.250000e-05,5.93,15343.41
4824,3.457250e-03,3.310945e+01,9.694286e-06,9.872518e-06,2997989.424,3.453489e-03,3.304518e+01,1.076345e-05,8.267273e-06,2992717.773,6.250000e-05,6.01,15349.42
4825,3.453813e-03,3.309803e+01,9.453285e-06,9.895463e-06,2997964.162,3.512838e-03,3.285272e+01,9.328125e-06,2.685689e-05,2985364.867,6.250000e-05,5.49,15354.91
4826,3.446030e-03,3.310780e+01,9.442053e-06,8.165895e-06,2997804.756,3.469340e-03,3.317065e+01,9.948841e-06,1.055736e-05,3003746.664,6.250000e-05,5.54,15360.46
4827,3.440277e-03,3.309364e+01,8.945062e-06,8.292325e-06,2997998.410,3.458590e-03,3.330074e+01,9.520322e-06,6.662509e-06,3002873.891,6.250000e-05,5.28,15365.73
4828,3.441426e-03,3.311078e+01,9.256034e-06,7.557537e-06,2997899.664,3.419669e-03,3.308713e+01,9.015837e-06,4.159559e-06,2998486.148,6.250000e-05,5.34,15371.07
4829,3.447873e-03,3.310201e+01,9.498637e-06,8.537231e-06,2998053.463,3.442851e-03,3.309704e+01,9.746848e-06,7.135589e-06,2998468.133,6.250000e-05,5.61,15376.68
4830,3.470015e-03,3.309473e+01,1.033609e-05,1.143618e-05,2997796.824,3.475238e-03,3.325986e+01,1.255095e-05,4.748428e-06,3003571.719,6.250000e-05,5.46,15382.14
4831,3.467147e-03,3.310697e+01,9.948998e-06,1.139200e-05,2997923.742,3.467940e-03,3.314537e+01,9.173809e-06,1.233293e-05,3003034.180,6.250000e-05,5.65,15387.79
4832,3.441173e-03,3.309847e+01,8.766902e-06,8.731409e-06,2997964.605,3.415464e-03,3.305492e+01,7.932549e-06,6.129388e-06,2996120.641,6.250000e-05,5.15,15392.94
4833,3.444196e-03,3.310506e+01,9.108494e-06,8.521026e-06,2997941.975,3.448488e-03,3.316230e+01,9.634857e-06,7.181982e-06,2997435.516,6.250000e-05,5.26,15398.20
4834,3.433882e-03,3.309579e+01,8.783236e-06,7.294106e-06,2997988.328,3.461464e-03,3.309707e+01,1.178234e-05,6.786671e-06,2994497.398,6.250000e-05,5.46,15403.65
4835,3.453847e-03,3.309959e+01,1.001331e-05,8.751076e-06,2997840.693,3.452486e-03,3.331384e+01,8.037882e-06,8.144606e-06,3007014.836,6.250000e-05,5.42,15409.08
4836,3.455314e-03,3.310416e+01,9.360626e-06,1.025841e-05,2997943.938,3.409048e-03,3.314274e+01,7.823128e-06,3.308630e-06,2998202.109,6.250000e-05,5.46,15414.54
4837,3.437001e-03,3.310173e+01,9.387377e-06,6.590906e-06,2997878.281,3.504166e-03,3.327182e+01,1.241172e-05,1.057341e-05,3005530.969,6.250000e-05,5.51,15420.04
4838,3.441894e-03,3.309802e+01,9.153279e-06,8.111738e-06,2997941.332,3.418463e-03,3.311582e+01,8.015069e-06,5.346091e-06,2998118.180,6.250000e-05,5.56,15425.60
4839,3.441556e-03,3.310171e+01,9.363165e-06,7.550696e-06,2997940.725,3.429729e-03,3.310786e+01,1.008762e-05,3.613263e-06,2998403.930,6.250000e-05,5.18,15430.78
4840,3.443629e-03,3.310194e+01,9.323496e-06,8.040033e-06,2997928.494,3.446828e-03,3.327941e+01,8.720345e-06,6.336647e-06,3003991.000,6.250000e-05,5.21,15435.99
4841,3.448469e-03,3.310744e+01,9.457113e-06,8.630819e-06,2998004.576,3.459549e-03,3.305735e+01,1.189707e-05,6.968627e-06,2993541.070,6.250000e-05,5.63,15441.62
4842,3.454588e-03,3.309449e+01,1.029020e-05,8.447438e-06,2997789.980,3.425454e-03,3.314465e+01,8.096541e-06,6.004755e-06,2998561.289,6.250000e-05,5.67,15447.29
4843,3.470641e-03,3.310957e+01,9.722523e-06,1.249191e-05,2997945.410,3.489240e-03,3.287527e+01,1.041411e-05,1.951439e-05,2989385.656,6.250000e-05,5.64,15452.94
4844,3.442932e-03,3.309660e+01,8.586028e-06,9.482220e-06,2997907.404,3.429399e-03,3.301244e+01,8.149961e-06,9.331009e-06,2992994.516,6.250000e-05,5.75,15458.69
4845,3.443520e-03,3.309378e+01,9.173460e-06,8.481479e-06,2997784.844,3.498487e-03,3.327094e+01,9.563821e-06,1.515108e-05,3007360.164,6.250000e-05,5.11,15463.81
4846,3.452833e-03,3.309425e+01,9.384781e-06,9.911970e-06,2998094.785,3.441845e-03,3.304579e+01,9.799306e-06,7.854507e-06,2993077.328,6.250000e-05,5.64,15469.44
4847,3.469741e-03,3.311257e+01,1.016814e-05,1.136050e-05,2997971.889,3.438701e-03,3.299576e+01,9.445046e-06,8.935045e-06,2993898.602,6.250000e-05,5.02,15474.47
4848,3.449575e-03,3.309323e+01,9.739143e-06,8.572134e-06,2997725.736,3.441098e-03,3.302270e+01,8.501832e-06,1.076183e-05,2993085.820,6.250000e-05,5.84,15480.30
4849,3.454183e-03,3.309108e+01,9.247782e-06,1.051958e-05,2997800.764,3.425755e-03,3.321039e+01,8.859067e-06,3.225087e-06,2998714.023,6.250000e-05,5.60,15485.90
4850,3.452551e-03,3.310316e+01,9.178705e-06,1.008973e-05,2997925.449,3.423462e-03,3.320754e+01,8.445542e-06,3.650523e-06,3000101.953,6.250000e-05,5.83,15491.73
4851,3.454406e-03,3.311055e+01,9.714413e-06,9.241445e-06,2998107.857,3.416234e-03,3.305966e+01,8.313217e-06,5.427166e-06,2996957.898,6.250000e-05,5.62,15497.35
4852,3.443117e-03,3.310734e+01,9.278709e-06,7.919123e-06,2997940.791,3.412881e-03,3.305950e+01,8.475490e-06,4.435367e-06,2996994.719,6.250000e-05,5.26,15502.61
4853,3.439514e-03,3.309625e+01,8.620647e-06,8.736520e-06,2997978.250,3.484750e-03,3.292284e+01,1.115927e-05,1.617477e-05,2989656.234,6.250000e-05,5.23,15507.84
4854,3.452654e-03,3.310003e+01,9.235092e-06,1.006002e-05,2997871.328,3.422990e-03,3.302888e+01,8.445669e-06,7.129005e-06,2994814.445,6.250000e-05,5.83,15513.67
4855,3.438506e-03,3.309220e+01,9.315676e-06,7.225800e-06,2997890.723,3.419115e-03,3.303236e+01,8.337817e-06,6.500112e-06,2995752.320,6.250000e-05,5.86,15519.53
4856,3.445910e-03,3.310082e+01,9.110405e-06,8.944916e-06,2997886.668,3.443056e-03,3.297607e+01,8.951262e-06,1.118733e-05,2992134.438,6.250000e-05,5.21,15524.73
4857,3.452778e-03,3.309836e+01,1.041318e-05,7.762070e-06,2997842.959,3.489263e-03,3.313156e+01,1.057453e-05,1.407240e-05,3004465.922,6.250000e-05,5.45,15530.18
4858,3.450865e-03,3.309232e+01,9.434432e-06,9.457867e-06,2998003.416,3.446212e-03,3.312752e+01,1.042230e-05,5.847258e-06,2999869.203,6.250000e-05,5.71,15535.89
4859,3.449462e-03,3.309790e+01,9.626533e-06,8.681322e-06,2997951.387,3.443619e-03,3.315475e+01,1.015397e-05,5.320864e-06,3001420.156,6.250000e-05,5.25,15541.14
4860,3.457346e-03,3.311180e+01,9.005994e-06,1.122129e-05,2997901.014,3.447816e-03,3.298802e+01,8.585910e-06,1.263097e-05,2992268.914,6.250000e-05,5.19,15546.33
4861,3.441796e-03,3.309319e+01,9.368774e-06,7.757895e-06,2997942.006,3.478764e-03,3.297451e+01,9.968392e-06,1.632581e-05,2992463.984,6.250000e-05,5.14,15551.47
4862,3.470258e-03,3.310111e+01,9.211842e-06,1.360564e-05,2997958.146,3.435981e-03,3.308907e+01,9.949334e-06,5.516213e-06,2995639.703,6.250000e-05,5.53,15557.00
4863,3.450233e-03,3.309480e+01,9.643986e-06,8.862612e-06,2997832.500,3.491243e-03,3.287449e+01,1.097412e-05,1.881076e-05,2991330.234,6.250000e-05,5.23,15562.23
4864,3.450526e-03,3.309688e+01,9.113639e-06,9.940489e-06,2998002.318,3.440875e-03,3.320370e+01,8.451392e-06,7.198273e-06,3000003.633,6.250000e-05,5.64,15567.87
4865,3.465696e-03,3.310597e+01,9.721883e-06,1.157603e-05,2997950.236,3.549144e-03,3.340863e+01,1.335149e-05,1.495312e-05,3009178.008,6.250000e-05,5.49,15573.36
4866,3.455746e-03,3.309343e+01,9.504088e-06,1.027251e-05,2997983.791,3.513931e-03,3.297788e+01,1.123384e-05,2.076081e-05,2988001.773,6.250000e-05,5.59,15578.95
4867,3.458446e-03,3.310195e+01,9.789190e-06,1.007176e-05,2997891.830,3.491805e-03,3.290208e+01,9.845276e-06,2.062895e-05,2988935.914,6.250000e-05,5.26,15584.20
4868,3.443765e-03,3.310065e+01,8.885680e-06,8.968621e-06,2997984.801,3.430119e-03,3.299879e+01,8.916994e-06,8.214051e-06,2993252.961,6.250000e-05,5.53,15589.74
4869,3.471971e-03,3.309389e+01,1.092732e-05,1.066194e-05,2997884.623,3.426204e-03,3.319465e+01,8.476188e-06,4.395470e-06,2998938.078,6.250000e-05,5.13,15594.87
4870,3.452021e-03,3.309477e+01,9.804110e-06,8.900544e-06,2997860.387,3.446414e-03,3.312457e+01,8.387662e-06,1.001611e-05,2993683.672,6.250000e-05,5.24,15600.11
4871,3.440907e-03,3.310004e+01,8.743877e-06,8.692905e-06,2997941.258,3.437886e-03,3.303662e+01,9.254233e-06,8.336349e-06,2992834.430,6.250000e-05,5.57,15605.68
4872,3.450047e-03,3.310245e+01,1.010441e-05,7.751440e-06,2997963.518,3.439606e-03,3.302176e+01,8.806047e-06,9.873776e-06,2992572.094,6.250000e-05,5.79,15611.47
4873,3.444458e-03,3.310366e+01,9.312415e-06,8.193550e-06,2997846.365,3.421871e-03,3.319081e+01,8.619937e-06,3.318100e-06,3001774.500,6.250000e-05,5.73,15617.20
4874,3.439340e-03,3.309218e+01,9.237732e-06,7.548989e-06,2997992.912,3.443930e-03,3.324673e+01,9.145644e-06,5.560207e-06,3003613.227,6.250000e-05,5.79,15622.99
4875,3.457538e-03,3.308896e+01,1.010057e-05,9.527153e-06,2997878.414,3.450594e-03,3.299941e+01,8.323227e-06,1.348421e-05,2991042.680,6.250000e-05,5.08,15628.07
4876,3.438821e-03,3.309651e+01,8.587009e-06,8.659876e-06,2997891.891,3.490430e-03,3.324909e+01,1.140972e-05,1.028484e-05,3000168.375,6.250000e-05,4.64,15632.70
4877,3.463295e-03,3.310948e+01,9.982125e-06,1.050511e-05,2997934.877,3.415040e-03,3.308121e+01,7.690363e-06,6.003088e-06,2998187.742,6.250000e-05,5.31,15638.01
4878,3.453199e-03,3.309708e+01,9.427844e-06,9.842482e-06,2997972.113,3.428258e-03,3.314643e+01,9.018943e-06,4.685026e-06,3001159.336,6.250000e-05,5.98,15643.99
4879,3.455397e-03,3.309187e+01,9.205377e-06,1.083131e-05,2997851.664,3.604178e-03,3.340585e+01,1.215557e-05,2.840745e-05,3012475.297,6.250000e-05,5.14,15649.13
4880,3.456329e-03,3.309536e+01,8.864454e-06,1.162976e-05,2997919.639,3.464621e-03,3.294975e+01,9.890612e-06,1.414801e-05,2990254.609,6.250000e-05,5.24,15654.37
4881,3.448685e-03,3.309441e+01,9.121402e-06,9.606142e-06,2997793.363,3.455439e-03,3.317446e+01,1.005738e-05,7.483903e-06,2999096.000,6.250000e-05,5.75,15660.13
4882,3.449445e-03,3.309698e+01,9.040636e-06,9.868042e-06,2998100.701,3.459919e-03,3.313778e+01,1.089451e-05,7.439131e-06,2997812.359,6.250000e-05,5.48,15665.61
4883,3.458697e-03,3.310280e+01,1.046549e-05,8.752326e-06,2997798.207,3.483397e-03,3.291152e+01,9.313779e-06,1.982145e-05,2988422.250,6.250000e-05,5.21,15670.82
4884,3.458663e-03,3.309800e+01,9.634276e-06,1.050415e-05,2997972.848,3.454513e-03,3.317789e+01,8.959596e-06,9.425551e-06,3004322.500,6.250000e-05,5.33,15676.16
4885,3.448565e-03,3.308945e+01,9.336729e-06,9.250617e-06,2997931.467,3.465338e-03,3.306854e+01,1.003961e-05,1.161764e-05,3000255.766,6.250000e-05,5.57,15681.73
4886,3.447161e-03,3.309646e+01,9.620128e-06,8.262802e-06,2997941.479,3.423107e-03,3.308181e+01,8.312091e-06,6.361118e-06,2995228.086,6.250000e-05,5.68,15687.41
4887,3.442776e-03,3.309892e+01,9.402532e-06,7.771752e-06,2997958.354,3.423270e-03,3.304306e+01,8.695716e-06,6.401396e-06,2994161.305,6.250000e-05,5.65,15693.06
4888,3.451339e-03,3.310056e+01,9.419466e-06,9.417539e-06,2997999.166,3.436121e-03,3.312882e+01,1.041921e-05,3.809425e-06,2998128.109,6.250000e-05,4.98,15698.04
4889,3.450570e-03,3.308676e+01,9.128804e-06,1.012123e-05,2997780.809,3.426688e-03,3.310372e+01,8.380045e-06,6.503277e-06,2995567.016,6.250000e-05,5.18,15703.23
4890,3.444459e-03,3.309567e+01,9.412061e-06,8.154270e-06,2997919.480,3.443418e-03,3.318419e+01,9.571874e-06,5.856115e-06,3002268.836,6.250000e-05,6.08,15709.31
4891,3.443691e-03,3.309494e+01,9.985757e-06,6.867730e-06,2997886.570,3.446432e-03,3.318348e+01,1.102128e-05,3.574255e-06,3001861.844,6.250000e-05,5.54,15714.84
4892,3.444145e-03,3.309836e+01,9.544929e-06,7.771962e-06,2998019.199,3.571322e-03,3.279936e+01,1.099646e-05,3.628424e-05,2982899.547,6.250000e-05,5.80,15720.65
4893,3.444953e-03,3.308928e+01,9.021472e-06,9.162170e-06,2997745.922,3.463261e-03,3.332165e+01,9.284290e-06,7.650787e-06,3006474.578,6.250000e-05,5.72,15726.37
4894,3.462131e-03,3.309238e+01,9.459796e-06,1.165910e-05,2998006.408,3.424386e-03,3.305221e+01,8.780078e-06,6.272822e-06,2994867.305,6.250000e-05,5.41,15731.78
4895,3.464024e-03,3.310787e+01,9.655040e-06,1.133736e-05,2997849.211,3.428860e-03,3.316481e+01,9.570543e-06,3.334828e-06,2998664.344,6.250000e-05,5.40,15737.19
4896,3.461908e-03,3.309045e+01,9.170154e-06,1.223240e-05,2997995.043,3.481698e-03,3.316307e+01,1.387344e-05,5.331255e-06,2999156.977,6.250000e-05,5.45,15742.63
4897,3.448448e-03,3.310084e+01,9.006486e-06,9.659740e-06,2997778.252,3.451579e-03,3.303853e+01,9.919737e-06,9.705917e-06,2999127.742,6.250000e-05,5.67,15748.31
4898,3.435641e-03,3.309294e+01,9.066324e-06,7.136887e-06,2998058.148,3.450111e-03,3.304068e+01,8.812582e-06,1.158343e-05,2992481.461,6.250000e-05,5.50,15753.81
4899,3.447825e-03,3.310152e+01,9.562262e-06,8.410109e-06,2997911.006,3.416065e-03,3.307858e+01,8.096965e-06,5.447416e-06,2998077.336,6.250000e-05,5.74,15759.55
4900,3.452936e-03,3.308666e+01,8.914815e-06,1.102436e-05,2997870.740,3.417939e-03,3.321314e+01,8.061809e-06,3.201413e-06,3002189.062,6.250000e-05,5.40,15764.95
4901,3.460291e-03,3.309508e+01,9.611775e-06,1.093315e-05,2998038.912,3.604264e-03,3.280438e+01,9.755852e-06,4.525362e-05,2981214.289,6.250000e-05,5.62,15770.57
4902,3.471872e-03,3.308919e+01,9.802806e-06,1.298515e-05,2997853.643,3.465439e-03,3.313361e+01,1.052765e-05,9.360439e-06,3002478.930,6.250000e-05,5.19,15775.76
4903,3.456233e-03,3.309288e+01,9.979699e-06,9.429605e-06,2997859.133,3.438766e-03,3.307094e+01,8.450927e-06,9.432526e-06,2998324.945,6.250000e-05,5.66,15781.42
4904,3.444536e-03,3.308307e+01,8.888887e-06,9.468056e-06,2997714.912,3.452463e-03,3.322108e+01,8.480468e-06,9.110102e-06,3005216.422,6.250000e-05,5.50,15786.92
4905,3.465987e-03,3.309834e+01,8.919145e-06,1.339248e-05,2998077.240,3.425453e-03,3.319979e+01,8.761919e-06,3.571124e-06,3002147.188,6.250000e-05,6.17,15793.09
4906,3.442405e-03,3.309724e+01,9.080440e-06,8.375191e-06,2997887.309,3.501386e-03,3.335640e+01,1.056442e-05,1.202046e-05,3008560.469,6.250000e-05,5.03,15798.13
4907,3.464298e-03,3.310089e+01,9.578717e-06,1.168432e-05,2997980.189,3.449831e-03,3.301459e+01,7.977630e-06,1.371902e-05,2990729.508,6.250000e-05,5.52,15803.65
4908,3.457866e-03,3.310429e+01,9.668448e-06,1.015062e-05,2998056.861,3.667214e-03,3.264745e+01,8.072126e-06,6.434957e-05,2976456.219,6.250000e-05,5.70,15809.35
4909,3.455331e-03,3.308210e+01,8.661777e-06,1.210069e-05,2997823.178,3.420326e-03,3.311467e+01,8.472722e-06,4.826323e-06,2996821.477,6.250000e-05,5.74,15815.09
4910,3.444699e-03,3.309364e+01,9.105853e-06,8.855174e-06,2997837.244,3.569110e-03,3.338683e+01,1.102351e-05,2.403840e-05,3011250.016,6.250000e-05,5.90,15820.99
4911,3.461055e-03,3.308571e+01,9.098509e-06,1.229995e-05,2997884.957,3.436297e-03,3.313593e+01,8.794039e-06,6.952731e-06,3000340.836,6.250000e-05,5.38,15826.36
4912,3.460812e-03,3.309753e+01,9.752903e-06,1.070610e-05,2998041.156,3.507396e-03,3.339501e+01,1.012777e-05,1.332355e-05,3008048.734,6.250000e-05,5.02,15831.38
4913,3.444543e-03,3.308330e+01,8.933614e-06,9.375376e-06,2997884.033,3.470298e-03,3.307447e+01,7.985413e-06,1.659933e-05,2990437.758,6.250000e-05,4.99,15836.37
4914,3.452899e-03,3.310728e+01,9.146319e-06,1.014151e-05,2998074.443,3.519968e-03,3.286601e+01,1.193750e-05,2.279839e-05,2987815.148,6.250000e-05,5.52,15841.89
4915,3.453276e-03,3.309226e+01,9.971627e-06,8.866873e-06,2997631.900,3.463888e-03,3.326753e+01,1.106195e-05,5.303137e-06,3003549.289,6.250000e-05,5.72,15847.61
4916,3.467936e-03,3.308571e+01,1.016899e-05,1.153500e-05,2997915.541,3.460646e-03,3.330713e+01,8.665414e-06,8.655823e-06,3007081.016,6.250000e-05,5.45,15853.06
4917,3.443676e-03,3.309314e+01,8.748664e-06,9.375193e-06,2997975.918,3.408344e-03,3.313183e+01,7.994399e-06,3.043479e-06,2998526.898,6.250000e-05,5.26,15858.33
4918,3.472804e-03,3.309549e+01,9.058575e-06,1.453371e-05,2997986.266,3.415334e-03,3.317261e+01,8.449531e-06,2.715544e-06,3000502.023,6.250000e-05,5.64,15863.96
4919,3.448347e-03,3.309709e+01,9.651502e-06,8.424567e-06,2997995.115,3.450204e-03,3.310679e+01,8.676411e-06,1.055219e-05,2996319.984,6.250000e-05,5.59,15869.56
4920,3.483678e-03,3.308526e+01,1.049139e-05,1.404759e-05,2997775.404,3.467175e-03,3.328998e+01,1.093142e-05,5.772549e-06,3004476.688,6.250000e-05,4.83,15874.39
4921,3.441128e-03,3.309305e+01,8.942186e-06,8.480297e-06,2998004.717,3.482339e-03,3.287112e+01,8.754377e-06,2.153668e-05,2987665.914,6.250000e-05,5.29,15879.68
4922,3.451697e-03,3.309893e+01,9.486944e-06,9.386849e-06,2998130.238,3.638377e-03,3.272155e+01,1.483455e-05,4.357526e-05,2981033.758,6.250000e-05,5.73,15885.41
4923,3.449133e-03,3.308547e+01,9.119222e-06,9.878741e-06,2997812.170,3.471030e-03,3.291274e+01,1.129068e-05,1.336993e-05,2993641.391,6.250000e-05,5.85,15891.26
4924,3.449449e-03,3.308622e+01,1.003005e-05,8.105240e-06,2997742.654,3.438160e-03,3.317488e+01,8.397739e-06,7.338841e-06,3003611.219,6.250000e-05,5.67,15896.93
4925,3.440681e-03,3.309929e+01,8.848511e-06,8.453347e-06,2998038.939,3.448070e-03,3.305023e+01,8.374337e-06,1.186062e-05,2999728.492,6.250000e-05,5.95,15902.87
4926,3.446565e-03,3.308492e+01,8.836876e-06,9.940823e-06,2997881.178,3.424058e-03,3.313449e+01,8.937537e-06,4.246871e-06,3000045.961,6.250000e-05,5.25,15908.12
4927,3.457721e-03,3.308570e+01,9.874640e-06,1.008083e-05,2997870.941,3.430692e-03,3.305594e+01,7.968619e-06,9.082462e-06,2994245.359,6.250000e-05,5.56,15913.68
4928,3.441981e-03,3.308744e+01,9.731790e-06,7.183821e-06,2997950.516,3.437488e-03,3.310661e+01,9.166934e-06,7.031427e-06,2998623.805,6.250000e-05,5.52,15919.20
4929,3.451227e-03,3.309267e+01,1.040731e-05,7.577411e-06,2997848.988,3.416783e-03,3.312654e+01,8.345592e-06,4.134724e-06,2999724.086,6.250000e-05,5.40,15924.60
4930,3.438330e-03,3.309537e+01,9.236214e-06,7.286238e-06,2998042.629,3.436407e-03,3.303726e+01,8.984881e-06,8.566325e-06,2993791.047,6.250000e-05,5.72,15930.32
4931,3.448147e-03,3.308987e+01,9.384218e-06,9.063573e-06,2997791.090,3.433809e-03,3.319047e+01,8.596630e-06,5.759181e-06,2999204.023,6.250000e-05,5.31,15935.63
4932,3.454806e-03,3.309846e+01,9.446030e-06,1.010010e-05,2998050.744,3.457840e-03,3.303130e+01,9.343401e-06,1.225533e-05,2991370.445,6.250000e-05,5.06,15940.69
4933,3.452975e-03,3.308747e+01,9.140955e-06,1.056386e-05,2997963.891,3.516083e-03,3.290713e+01,1.339161e-05,1.829075e-05,2992579.141,6.250000e-05,5.42,15946.11
4934,3.467088e-03,3.308233e+01,9.181385e-06,1.340830e-05,2997654.678,3.439032e-03,3.303866e+01,8.207763e-06,1.061765e-05,2998700.242,6.250000e-05,5.68,15951.79
4935,3.451822e-03,3.309012e+01,9.865084e-06,8.831805e-06,2997987.789,3.439143e-03,3.302157e+01,8.558045e-06,1.028108e-05,2994529.383,6.250000e-05,5.11,15956.90
4936,3.444168e-03,3.309288e+01,9.177525e-06,8.621098e-06,2997912.773,3.481689e-03,3.321115e+01,9.617797e-06,1.287906e-05,3006595.984,6.250000e-05,5.43,15962.33
4937,3.448185e-03,3.309016e+01,8.838103e-06,1.015769e-05,2998033.051,3.460928e-03,3.291898e+01,7.984062e-06,1.783801e-05,2992401.055,6.250000e-05,5.52,15967.85
4938,3.465065e-03,3.309646e+01,9.703705e-06,1.167634e-05,2997971.383,3.425729e-03,3.315074e+01,8.736339e-06,4.658410e-06,2998442.359,6.250000e-05,5.49,15973.34
4939,3.447225e-03,3.308650e+01,8.945601e-06,9.823870e-06,2997721.297,3.486911e-03,3.319850e+01,1.185699e-05,9.698204e-06,3003553.875,6.250000e-05,5.13,15978.47
4940,3.455133e-03,3.309173e+01,9.731952e-06,9.728095e-06,2998002.596,3.441443e-03,3.298000e+01,8.640447e-06,1.140771e-05,2991999.984,6.250000e-05,5.15,15983.62
4941,3.460942e-03,3.308881e+01,9.473839e-06,1.146461e-05,2997943.953,3.427057e-03,3.307394e+01,9.121294e-06,5.689864e-06,2997447.828,6.250000e-05,5.78,15989.40
4942,3.445880e-03,3.309413e+01,9.136665e-06,9.020029e-06,2997817.885,3.495110e-03,3.335056e+01,7.707156e-06,1.659653e-05,3009989.148,6.250000e-05,5.48,15994.88
4943,3.447511e-03,3.309181e+01,9.895560e-06,7.874844e-06,2997933.434,3.422738e-03,3.312436e+01,7.693100e-06,6.674287e-06,3002021.422,6.250000e-05,5.27,16000.15
4944,3.460139e-03,3.308434e+01,9.146333e-06,1.204837e-05,2997981.275,3.460224e-03,3.326944e+01,1.008516e-05,6.485650e-06,3003100.859,6.250000e-05,5.60,16005.76
4945,3.438787e-03,3.309461e+01,9.046966e-06,7.771382e-06,2997894.062,3.411226e-03,3.310241e+01,7.705058e-06,4.787039e-06,2998049.906,6.250000e-05,5.14,16010.89
4946,3.461199e-03,3.310461e+01,9.865532e-06,1.041653e-05,2997903.061,3.437892e-03,3.302896e+01,9.621714e-06,7.755693e-06,2994509.688,6.250000e-05,5.72,16016.62
4947,3.449915e-03,3.308757e+01,9.164637e-06,9.902237e-06,2997908.059,3.458066e-03,3.318861e+01,8.278010e-06,1.128496e-05,3005666.984,6.250000e-05,5.41,16022.03
4948,3.452935e-03,3.309508e+01,9.481468e-06,9.722539e-06,2997944.068,3.434206e-03,3.303453e+01,1.039836e-05,5.353760e-06,2997187.914,6.250000e-05,5.91,16027.94
4949,3.461753e-03,3.309292e+01,9.332254e-06,1.182778e-05,2998069.336,3.525718e-03,3.283169e+01,9.558111e-06,2.939355e-05,2986805.367,6.250000e-05,5.74,16033.68
4950,3.454784e-03,3.309224e+01,1.017133e-05,8.769442e-06,2997795.068,3.425642e-03,3.302731e+01,8.879464e-06,6.823317e-06,2995384.742,6.250000e-05,6.00,16039.68
4951,3.459356e-03,3.307954e+01,9.635249e-06,1.101003e-05,2997845.926,3.418079e-03,3.311325e+01,8.441469e-06,4.467970e-06,2998665.992,6.250000e-05,4.99,16044.67
4952,3.452317e-03,3.309825e+01,1.000373e-05,8.490943e-06,2997812.336,3.447992e-03,3.309614e+01,8.944452e-06,9.786726e-06,3002207.070,6.250000e-05,5.88,16050.55
4953,3.461815e-03,3.309413e+01,8.979100e-06,1.252216e-05,2998143.451,3.459325e-03,3.303804e+01,1.156932e-05,7.965506e-06,2999202.836,6.250000e-05,5.33,16055.88
4954,3.463730e-03,3.308671e+01,9.267204e-06,1.247737e-05,2997891.463,3.463839e-03,3.303318e+01,1.111817e-05,9.867834e-06,2992229.891,6.250000e-05,5.39,16061.27
4955,3.442054e-03,3.308939e+01,9.736673e-06,7.149645e-06,2997906.719,3.432837e-03,3.313829e+01,9.692083e-06,4.417461e-06,3000542.773,6.250000e-05,5.30,16066.57
4956,3.446885e-03,3.308464e+01,9.875102e-06,7.933997e-06,2997832.303,3.439385e-03,3.327578e+01,7.564580e-06,7.232222e-06,3006084.242,6.250000e-05,5.93,16072.51
4957,3.454385e-03,3.309125e+01,9.818283e-06,9.415344e-06,2997918.557,3.429378e-03,3.316941e+01,9.585693e-06,3.316153e-06,3000722.969,6.250000e-05,5.55,16078.05
4958,3.454033e-03,3.310101e+01,9.626695e-06,9.532978e-06,2998033.742,3.446818e-03,3.300484e+01,8.385735e-06,1.249522e-05,2997283.016,6.250000e-05,5.50,16083.56
4959,3.455305e-03,3.307764e+01,8.876415e-06,1.175549e-05,2997750.432,3.502058e-03,3.336154e+01,9.109389e-06,1.496203e-05,3008859.570,6.250000e-05,5.33,16088.89
4960,3.444326e-03,3.309469e+01,9.386030e-06,8.199281e-06,2998055.223,3.437208e-03,3.299731e+01,9.946455e-06,7.602470e-06,2994500.234,6.250000e-05,5.24,16094.13
4961,3.453424e-03,3.309377e+01,9.251360e-06,1.030675e-05,2997857.490,3.451094e-03,3.299971e+01,8.710285e-06,1.280407e-05,2991374.719,6.250000e-05,5.38,16099.52
4962,3.453855e-03,3.308629e+01,1.005322e-05,8.938838e-06,2997965.986,3.454056e-03,3.318985e+01,1.184612e-05,3.322137e-06,3001387.133,6.250000e-05,5.28,16104.80
4963,3.443291e-03,3.309607e+01,8.916765e-06,8.903258e-06,2997962.896,3.420833e-03,3.304225e+01,9.063988e-06,5.193751e-06,2995960.008,6.250000e-05,5.53,16110.33
4964,3.448171e-03,3.308060e+01,9.486519e-06,9.049166e-06,2997784.244,3.484371e-03,3.331479e+01,1.184908e-05,6.880283e-06,3005356.070,6.250000e-05,5.03,16115.36
4965,3.438427e-03,3.308740e+01,9.156172e-06,7.625046e-06,2997991.348,3.434477e-03,3.323102e+01,8.381311e-06,5.512376e-06,3004464.156,6.250000e-05,5.44,16120.81
4966,3.456598e-03,3.308832e+01,9.919685e-06,9.713847e-06,2997988.703,3.427914e-03,3.305110e+01,8.880624e-06,6.799567e-06,2994576.281,6.250000e-05,5.32,16126.12
4967,3.451037e-03,3.308460e+01,9.817204e-06,8.880991e-06,2997753.066,3.417061e-03,3.316691e+01,8.114960e-06,3.843979e-06,3000342.555,6.250000e-05,6.13,16132.25
4968,3.444161e-03,3.308965e+01,9.552744e-06,7.933770e-06,2997905.316,3.454731e-03,3.325875e+01,8.548570e-06,8.674027e-06,3006135.516,6.250000e-05,5.44,16137.69
4969,3.441269e-03,3.308932e+01,9.329563e-06,7.808095e-06,2998022.637,3.423005e-03,3.307385e+01,9.300060e-06,4.523752e-06,2996645.594,6.250000e-05,5.70,16143.39
4970,3.440960e-03,3.308511e+01,9.433754e-06,7.622296e-06,2997842.896,3.442491e-03,3.314181e+01,1.071670e-05,4.228584e-06,3000715.172,6.250000e-05,5.70,16149.09
4971,3.461903e-03,3.309555e+01,9.721603e-06,1.102627e-05,2997922.379,3.443970e-03,3.314017e+01,9.284980e-06,7.420629e-06,3001764.547,6.250000e-05,5.42,16154.51
4972,3.437612e-03,3.308038e+01,8.972836e-06,7.969139e-06,2998049.826,3.463656e-03,3.313330e+01,9.490496e-06,1.108411e-05,2995548.422,6.250000e-05,5.90,16160.42
4973,3.450568e-03,3.308680e+01,9.855694e-06,8.666073e-06,2997934.520,3.449859e-03,3.303027e+01,8.865583e-06,1.163536e-05,2991652.875,6.250000e-05,5.10,16165.52
4974,3.436508e-03,3.308634e+01,9.184068e-06,7.206700e-06,2997850.521,3.446021e-03,3.322421e+01,9.635450e-06,5.449094e-06,3004176.414,6.250000e-05,5.70,16171.22
4975,3.449303e-03,3.309515e+01,9.361423e-06,9.234621e-06,2997978.490,3.412146e-03,3.308052e+01,8.396616e-06,4.025565e-06,2998589.789,6.250000e-05,5.61,16176.83
4976,3.439530e-03,3.308871e+01,9.304452e-06,7.522938e-06,2997888.699,3.425649e-03,3.312884e+01,8.732468e-06,5.087991e-06,3000116.234,6.250000e-05,5.52,16182.36
4977,3.447416e-03,3.308873e+01,9.060177e-06,9.588259e-06,2997997.828,3.423598e-03,3.312699e+01,8.196185e-06,5.787414e-06,2996933.055,6.250000e-05,5.31,16187.67
4978,3.450486e-03,3.308360e+01,9.148864e-06,1.012757e-05,2997852.789,3.434076e-03,3.308481e+01,8.572416e-06,7.974267e-06,2993946.430,6.250000e-05,5.55,16193.21
4979,3.460888e-03,3.308927e+01,1.021157e-05,9.969065e-06,2997938.883,3.411016e-03,3.308022e+01,7.870943e-06,4.857061e-06,2996149.523,6.250000e-05,5.66,16198.87
4980,3.458761e-03,3.307894e+01,9.218645e-06,1.173627e-05,2997772.758,3.483694e-03,3.330058e+01,9.895495e-06,1.093628e-05,3006251.250,6.250000e-05,5.62,16204.49
4981,3.459653e-03,3.309420e+01,1.022320e-05,9.600091e-06,2998009.588,3.454550e-03,3.315090e+01,9.678217e-06,8.535426e-06,2997488.641,6.250000e-05,5.37,16209.86
4982,3.440349e-03,3.308254e+01,9.028995e-06,8.361105e-06,2997962.908,3.432401e-03,3.305310e+01,8.409586e-06,8.599138e-06,2993339.641,6.250000e-05,5.32,16215.18
4983,3.444588e-03,3.309623e+01,9.362814e-06,8.267291e-06,2997967.676,3.489702e-03,3.299740e+01,1.205261e-05,1.388721e-05,2994401.188,6.250000e-05,4.85,16220.04
4984,3.453310e-03,3.308490e+01,9.363966e-06,1.023595e-05,2997963.691,3.423260e-03,3.317963e+01,8.232827e-06,4.593800e-06,3002504.352,6.250000e-05,5.55,16225.58
4985,3.442593e-03,3.308069e+01,8.764748e-06,9.375251e-06,2997744.115,3.538989e-03,3.337979e+01,1.018805e-05,1.982592e-05,3011328.531,6.250000e-05,5.51,16231.09
4986,3.475949e-03,3.308493e+01,9.570091e-06,1.435103e-05,2997943.646,3.427324e-03,3.312779e+01,9.897887e-06,3.113139e-06,2999162.820,6.250000e-05,5.59,16236.68
4987,3.446079e-03,3.308537e+01,9.088495e-06,9.331481e-06,2998026.609,3.418215e-03,3.306006e+01,7.774797e-06,6.892290e-06,2995191.117,6.250000e-05,5.46,16242.14
4988,3.442934e-03,3.309462e+01,9.125053e-06,8.444174e-06,2997779.855,3.489714e-03,3.319344e+01,9.777995e-06,1.451803e-05,3006425.867,6.250000e-05,6.03,16248.17
4989,3.449195e-03,3.308012e+01,9.697167e-06,8.842251e-06,2997912.387,3.496844e-03,3.339033e+01,1.031773e-05,1.092680e-05,3008270.570,6.250000e-05,5.63,16253.80
4990,3.476702e-03,3.309072e+01,1.010600e-05,1.331403e-05,2997972.076,3.556788e-03,3.335848e+01,1.004585e-05,2.409635e-05,3011835.758,6.250000e-05,5.14,16258.94
4991,3.464369e-03,3.309218e+01,1.002654e-05,1.097710e-05,2997892.906,3.455954e-03,3.321705e+01,9.881983e-06,7.085741e-06,2997970.078,6.250000e-05,5.54,16264.49
4992,3.452243e-03,3.308860e+01,9.071055e-06,1.053445e-05,2998058.842,3.460509e-03,3.329603e+01,9.315548e-06,7.550104e-06,3006503.844,6.250000e-05,5.59,16270.07
4993,3.442187e-03,3.307816e+01,9.154257e-06,8.565716e-06,2997769.896,3.488689e-03,3.335825e+01,1.048224e-05,9.608287e-06,3005325.742,6.250000e-05,5.44,16275.52
4994,3.450066e-03,3.310084e+01,9.315962e-06,9.364416e-06,2998065.742,3.454162e-03,3.287710e+01,8.659620e-06,1.597126e-05,2990442.656,6.250000e-05,5.21,16280.73
4995,3.442700e-03,3.308665e+01,9.514565e-06,7.777779e-06,2997927.785,3.522069e-03,3.285902e+01,9.959175e-06,2.731515e-05,2985461.477,6.250000e-05,5.61,16286.33
4996,3.450337e-03,3.308290e+01,9.267275e-06,9.874941e-06,2997866.914,3.430417e-03,3.302756e+01,8.909609e-06,7.712949e-06,2998758.430,6.250000e-05,5.75,16292.08
4997,3.439340e-03,3.307876e+01,9.350973e-06,7.590950e-06,2997883.377,3.450848e-03,3.320555e+01,9.802061e-06,6.454518e-06,3003974.914,6.250000e-05,5.96,16298.05
4998,3.441154e-03,3.309132e+01,9.355770e-06,7.693005e-06,2997974.482,3.478010e-03,3.297019e+01,8.650838e-06,1.889649e-05,2989038.906,6.250000e-05,5.05,16303.09
4999,3.467871e-03,3.307544e+01,9.596983e-06,1.287154e-05,2997842.121,3.422850e-03,3.311658e+01,8.253020e-06,5.732550e-06,2998963.852,6.250000e-05,5.29,16308.39
5000,3.438996e-03,3.308992e+01,8.758633e-06,8.483585e-06,2997874.350,3.420271e-03,3.308901e+01,8.371292e-06,5.531369e-06,2997087.250,6.250000e-05,4.93,16313.31
