time,pitot_p1,pitot_p2,pitot_p3,pitot_p4,static_p,temp_t1,vib_acc_x,vib_acc_y,vib_acc_z
0,112.414,114.593,117.483,113.381,98.7294,301.472,0.512536,-0.275667,0.705854
0.0005,114.511,116.367,117.826,nan,98.5841,301.442,3.18066,0.593279,1.6983
0.001,115.871,117.522,119.436,nan,98.6277,301.439,1.84706,2.33797,1.16993
0.0015,116.326,118.384,119.633,114.21,98.7936,301.398,2.16749,2.20269,1.16149
0.002,117.291,119.084,119.618,114.628,98.7714,301.461,2.87338,2.09928,0.966087
0.0025,117.722,118.744,121.167,113.519,98.8653,301.521,1.75178,0.442804,0.61716
0.003,118.37,118.933,120.602,nan,99.0734,301.6,1.18437,1.98458,-0.491142
0.0035,118.001,118.769,118.803,nan,99.0085,301.462,1.56057,1.7872,0.476927
0.004,118.022,118.159,117.807,111.495,99.1671,301.562,2.80337,2.96076,0.642829
0.0045,116.509,117.153,116.58,nan,99.0788,301.634,1.17609,0.495763,0.725731
0.005,117.522,115.998,115.908,nan,99.2734,301.638,0.28309,0.582527,-0.137959
0.0055,116.504,114.82,114.868,109.388,99.2686,301.574,-1.42371,-0.854776,0.778148
0.006,116.688,115.659,114.098,107.624,99.2571,301.693,-0.787797,-1.06286,1.07737
0.0065,116.418,114.292,112.536,106.808,99.2417,301.658,-1.93983,-1.73398,-0.856779
0.007,116.601,114.441,112.471,106.703,99.1724,301.723,-1.79203,-3.05136,-2.56398
0.0075,117.408,114.686,112.74,107.184,99.319,301.774,-0.429906,-1.88765,-1.71284
0.008,118.102,115.024,112.447,nan,99.404,301.696,-3.14841,-0.850674,-1.25854
0.0085,118.199,115.017,111.827,nan,99.3274,301.699,-2.18938,-0.728029,-1.62899
0.009,118.623,114.797,112.509,105.663,99.3502,301.874,-1.80001,0.284474,-1.57308
0.0095,119.15,115.03,112.885,nan,99.3546,301.788,-3.26693,-1.78309,-1.24912
0.0095,118.361,115.55,111.338,107.334,99.3699,301.825,-0.829369,-1.03463,-1.54887
0.0105,117.6,115.107,112.43,106.554,99.3525,301.823,1.14146,-0.586561,-0.647177
0.011,117.554,113.11,111.004,106.763,99.3148,301.887,3.48663,-0.85351,-1.25152
0.0115,115.941,112.304,110.753,107.398,99.3138,301.875,2.23281,0.451988,-1.35556
0.012,114.014,110.017,109.419,nan,99.3171,301.916,1.64887,0.137801,-0.0777371
0.0125,112.95,109.408,107.968,105.498,99.2779,302.009,0.645536,0.910192,-0.122003
0.013,111.563,108.258,106.587,104.698,99.1496,302.038,1.42598,0.392433,1.28568
0.0135,109.847,106.661,105.493,105.143,99.4164,302.063,2.41544,3.07757,0.224158
0.014,108.536,106.578,104.442,104.974,99.1536,302.027,1.2851,1.01061,0.902042
0.0145,108.293,105.589,104.272,104.463,99.2057,301.968,1.98306,1.26623,1.27342
0.015,108.104,105.227,104.184,104.355,99.2721,302.109,1.55647,1.05722,1.22061
0.0155,107.405,104.014,103.605,104.045,99.079,302.037,-0.230466,-0.203124,0.686539
0.016,107.24,105.189,104.512,105.92,99.1273,302.097,-0.412638,0.900926,2.13677
0.0165,107.954,106.298,104.569,106.315,99.1997,302.074,-0.225666,1.26885,-0.00529244
0.017,108.421,106.496,105.877,106.386,99.1718,302.065,-2.00957,-0.455229,0.222485
0.017,108.3,106.666,107.242,nan,99.1061,302.035,-0.940854,-0.658073,0.375054
0.018,108.844,107.72,108.776,109.354,99.0202,302.046,0.594118,0.122102,1.56569
0.0185,109.057,108.974,109.448,109.883,99.0709,302.165,-2.80451,-1.10499,1.20965
0.019,108.315,108.841,110.162,111.782,99.0262,302.282,-3.64411,-1.71877,-0.158766
0.0195,107.632,108.919,110.37,111.376,99.1324,302.129,-1.59144,-0.344309,0.17205
0.02,107.53,108.488,110.315,nan,99.2235,302.147,-1.34217,-2.10649,-0.789911
0.0205,106.821,108.807,111.178,112.599,99.2715,302.241,-1.91141,-2.38312,-1.98567
0.021,106.539,106.788,111.051,nan,99.2521,302.175,1.51346,-1.90063,-0.841562
0.0215,105.04,107.29,110.181,112.391,99.1731,302.246,-0.590695,-0.59665,-1.91064
0.022,105.049,108.593,110.528,nan,99.1503,302.18,0.88427,-1.77169,-1.55321
0.0225,105.046,108.567,110.961,111.204,99.2145,302.237,0.798042,1.14393,-1.50136
0.023,105.108,108.867,110.73,nan,99.2089,302.22,0.0865008,0.28361,-0.102865
0.0235,106.696,109.557,111.481,110.815,99.3061,302.217,1.34119,-0.208343,-1.32978
0.024,107.993,110.15,112.901,111.858,99.2394,302.218,1.6092,0.20398,-0.531723
0.0245,108.831,112.066,113.883,111.829,99.3115,302.136,4.93519,1.09313,-0.881691
0.025,111.223,113.613,115.489,112.662,99.2304,302.116,3.29795,2.7279,-1.4338
0.0255,112.49,114.688,116.258,113.274,99.3569,302.297,2.58392,1.01959,0.237831
0.026,113.797,116.842,117.875,114.156,99.2534,302.235,1.99202,0.601503,1.02996
0.0265,114.87,117.682,118.874,113.139,99.4338,302.258,-0.987648,2.62749,0.52803
0.027,115.979,117.814,120.229,nan,99.5028,302.31,0.862584,1.93021,1.6631
0.0275,115.574,118.606,119.55,nan,99.455,302.327,-1.83221,1.75277,0.397459
0.028,116.639,118.213,119.927,115.688,99.387,302.273,0.959878,2.85044,1.9748
0.0285,116.627,118.05,119.263,114.293,99.5393,302.31,-0.555114,-0.624115,2.23005
0.029,115.455,117.268,119.365,nan,99.3805,302.346,-1.65001,0.235336,1.53475
0.0295,116.102,117.886,118.615,nan,99.5415,302.222,-1.06856,-2.36826,1.1613
0.03,115.649,115.733,118.105,112.435,99.4831,302.191,-2.69714,-0.480205,0.517552
0.0305,116.015,115.826,116.404,nan,99.514,302.269,-1.44804,-0.541002,1.35815
0.031,115.633,116.022,116.005,110.057,99.4316,302.185,0.540083,-0.990851,0.145154
0.0315,116.166,115.945,115.077,109.655,99.3423,302.174,-0.343238,-1.14444,1.77811
0.032,116.886,115.004,115.232,nan,99.4596,302.336,-2.02033,-2.47998,1.01177
0.0325,117.099,115.55,114.303,109.045,99.3308,302.125,1.05677,-2.55504,0.862356
0.033,118.512,116.239,114.157,108.241,99.3476,302.186,0.475407,-3.14291,0.336103
0.0335,118.97,116.282,114.677,nan,99.3453,302.183,1.3204,-2.86004,0.494161
0.034,119.819,116.536,114.419,107.878,99.3391,302.296,1.10626,0.0309624,-0.928448
0.0345,119.732,116.689,114.25,nan,99.203,302.138,2.34422,0.771572,0.514915
0.035,120.41,116.429,113.741,109.211,99.1347,302.19,2.83481,0.756121,-0.755687
0.0355,119.833,116.317,114.415,108.448,99.1503,302.203,2.14348,-0.257367,-0.826731
0.036,118.755,114.263,114.205,nan,99.1171,302.132,1.55865,1.41225,-0.350719
0.0365,118.017,114.177,112.925,107.311,99.1171,302.195,-0.240341,-0.297459,-0.979605
0.037,116.961,112.286,112.227,108.116,99.029,302.205,0.991658,1.29416,-1.17684
0.0375,115.732,111.161,110.392,nan,98.8937,302.214,1.33688,0.864627,1.20338
0.038,112.861,109.377,109.513,nan,98.7649,302.174,-0.275533,1.26747,-2.26252
0.0385,112.547,109.205,108.215,nan,99.0101,302.265,-0.035925,2.60396,-0.532762
0.039,111.24,106.532,106.466,106.098,98.8149,302.098,-1.15095,2.11532,0.989317
0.0395,110.154,107.035,105.053,nan,98.7728,302.241,-1.47067,0.0751204,0.324153
0.04,109.227,106.018,104.831,103.616,98.6959,302.087,-2.5593,1.48712,0.271218
0.0405,109.925,106.058,104.604,nan,98.6566,302.156,-2.68924,-0.0639645,0.803326
0.0405,108.847,106.936,104.902,104.447,98.4747,302.108,-2.3007,-0.680851,0.425197
0.0415,109.742,106.674,104.127,nan,98.4865,302.102,-2.72297,-0.273321,1.51763
0.042,110.22,107.583,106.139,nan,98.4968,302.102,-1.10007,-0.27439,0.610666
0.0425,109.109,108.24,106.526,105.465,98.3029,301.978,-0.918116,-0.0822977,0.045827
0.043,109.61,107.738,106.985,nan,98.2045,302.149,0.0101782,-0.932393,0.463943
0.0435,108.932,108.933,107.42,107.319,98.3595,302.093,-1.66877,-2.5759,-0.0108703
0.044,109.095,108.565,108.242,108.549,98.3244,302.067,-1.28843,-2.85183,1.15614
0.0445,108.925,107.718,109.139,nan,98.2316,302.175,-0.347644,-3.42144,0.845972
0.0445,108.282,107.504,109.382,109.356,98.1017,302.033,1.74068,-1.18205,2.33284
0.0455,105.766,106.676,109.399,110.448,98.1901,302.033,2.84998,-0.0387313,1.34972
0.046,105.404,106.667,108.476,nan,97.9319,302.046,3.51991,0.772057,0.9588
0.0465,105.24,106.629,108.757,110.798,98.1067,302.046,1.03982,-0.579246,1.0738
0.047,105.177,106.645,108.766,109.923,98.0594,302.078,0.604662,-1.65723,-0.470521
0.0475,104.607,106.595,108.631,110.963,97.9928,302.04,0.368772,0.570646,-0.687271
0.048,104.419,106.89,108.601,110.473,97.8459,301.893,0.74759,-0.0305664,-1.30427
0.0485,105.538,107.754,109.331,109.959,97.9201,302.013,2.2098,0.50889,0.407324
0.049,106.419,108.815,110.469,111.467,98.0606,302.026,0.391752,0.598607,0.28823
0.0495,107.596,110.461,110.399,111.856,97.9735,302.043,-1.13335,1.532,-1.94854
0.05,108.76,112.267,112.657,nan,97.9125,301.999,-0.986937,2.10385,-0.0516491
0.0505,110.625,113.205,113.107,nan,97.9181,301.964,-1.72915,2.11965,-0.820615
0.051,111.876,114.427,114.531,nan,97.9846,302.001,-3.17992,0.653719,-0.631898
0.051,112.785,115.295,115.86,nan,98.064,302.084,-2.88891,-0.215959,-0.829229
0.052,113.537,116.667,117.792,113.771,98.0969,302.021,-1.9499,0.272584,-0.144858
0.0525,113.604,116.729,118.587,114.163,98.1287,302.079,-0.839013,0.466483,-1.11853
0.053,114.182,116.277,119.434,114.769,98.1087,301.977,-0.652889,-0.573547,0.0559965
0.0535,114.923,117.224,118.909,nan,98.1231,302.022,-0.720458,-0.480135,-1.34729
0.054,114.244,116.898,118.656,116.132,98.198,302.033,-2.35758,-0.654364,0.863502
0.0545,113.608,116.117,119.655,nan,98.1116,301.922,0.882944,-0.862497,0.630083
0.055,114.745,115.647,118.425,114.487,98.186,302.079,1.21759,-1.31804,0.416969
0.0555,114.55,115.581,116.479,114.184,98.2013,302.082,3.29134,-0.564678,0.389155
0.056,115.582,115.215,116.392,112.782,98.1229,302.091,3.00279,-3.39245,1.27704
0.0565,115.335,116.187,116.255,nan,98.0252,302.018,2.37524,-0.482301,0.359027
0.057,115.946,116.725,116.407,111.425,98.1728,301.981,2.50533,-0.692606,0.436334
0.0575,116.515,117.098,116.354,111.594,98.1937,301.998,2.13801,-0.534179,0.793251
0.058,118.717,117.344,115.097,nan,98.3199,301.969,1.47422,0.46479,0.593586
0.0585,120.221,117.85,115.968,nan,98.029,301.916,1.72779,0.845225,1.27776
0.059,119.6,118.321,115.849,110.115,98.2568,301.971,2.2586,-1.34093,2.20964
0.0595,120.197,118.893,116.069,110.282,98.1838,302.064,0.203581,-0.173396,0.914654
0.06,120.889,117.675,116.201,109.691,98.115,302.042,-1.05314,1.76172,0.113094
0.0605,120.069,117.431,115.869,108.948,98.0446,301.888,-2.74523,2.37487,0.231023
0.061,119.7,116.276,115.758,109.137,98.0651,302,-2.29963,2.07274,0.428248
0.0615,118.732,114.903,115.445,108.852,97.9278,301.956,-2.603,2.60759,-0.652794
0.062,117.782,114.169,114.94,nan,97.9946,301.971,-2.88788,0.45573,-1.1165
0.0625,116.854,113.054,113.053,109.322,98.0102,301.963,-1.85612,0.961011,-1.58597
0.063,115.089,110.777,112.91,108.277,97.9383,301.98,-2.23409,0.152392,-0.692105
0.0635,114.26,110.346,110.715,108.081,98.0218,302.107,-2.42897,2.22399,-0.305669
0.064,112.693,109.204,109.763,108.086,97.9893,301.99,-1.58451,1.08131,-1.60433
0.064,112.263,108.398,107.696,105.88,97.8997,302.02,-0.687782,1.02424,-1.35228
0.065,110.761,108.342,106.489,106.183,97.9375,302.02,0.948694,1.06486,-1.43786
0.0655,110.837,107.403,106.629,104.498,97.7783,301.99,1.26672,-0.744595,-0.806663
0.0655,111.757,108.408,105.908,nan,97.859,302.004,0.918126,-0.808988,-0.107534
0.0665,111.25,107.851,104.701,nan,97.7623,301.93,1.28252,-2.02366,-1.28315
0.067,111.81,108.483,105.875,104.161,97.7606,302.038,1.14301,-0.821866,0.032635
0.0675,111.757,107.859,105.383,103.675,97.6014,302.067,1.25128,-2.57729,0.751528
0.068,111.857,108.939,106.782,104.777,97.7522,302.073,1.43999,-0.129797,-1.22746
0.0685,111.173,108.438,107.5,104.661,97.5952,302.088,1.75264,-1.9572,0.913869
0.0685,110.535,107.869,107.704,105.826,97.8108,302.085,1.56361,-2.46637,-0.453947
0.0695,109.115,107.166,107.959,nan,97.6822,302.087,2.55302,-2.25679,0.441385
0.07,107.769,107.018,108.227,107.295,97.655,302.03,0.463411,-1.69534,-0.0625544
0.0705,106.603,106.792,108.277,108.733,97.5922,301.993,-0.00291576,-0.977363,-0.444389
0.071,105.618,105.863,107.774,108.656,97.6359,302.217,-1.93784,-0.142402,2.64064
0.0715,104.445,105.077,107.988,108.702,97.6947,302.099,-1.05059,-0.107607,2.21556
0.072,104.072,104.733,107.198,nan,97.7243,302.096,-2.44089,2.72374,0.845699
0.0725,104.006,104.774,106.415,nan,97.8434,301.953,-0.523052,1.15977,2.00079
0.073,104.287,105.567,107.102,108.835,97.7128,302.166,-1.68872,0.971538,2.22835
0.0735,104.558,105.898,107.786,nan,97.7328,302.124,-1.37758,2.46318,1.5231
0.074,104.741,107.514,107.842,109.293,97.7778,302.144,-2.51586,1.51058,-0.141175
0.0745,106.606,109.42,108.002,109.469,97.8186,302.203,-3.61843,2.22891,0.446866
0.075,107.945,110.357,108.745,nan,97.9287,302.145,-1.55239,-0.201735,0.229606
0.0755,109.526,111.685,110.073,nan,97.8617,302.149,-1.32021,0.641346,0.242299
0.076,110.425,112.73,112.255,nan,97.8741,302.146,1.21984,0.632901,-0.487478
0.0765,110.828,114.25,113.485,nan,97.9644,302.258,1.97599,0.410654,-0.0721688
0.077,111.458,114.929,114.231,nan,98.0283,302.181,-0.145697,-0.185464,-1.11111
0.0775,113.008,115.663,115.955,111.614,98.1332,302.217,1.39777,-1.09988,-1.72488
0.078,112.648,114.964,117.502,nan,98.293,302.191,1.53152,-3.8473,-1.11032
0.0785,113.099,114.743,117.62,113.767,98.0179,302.138,2.51935,-1.55994,-2.14992
0.079,113.15,114.773,118.019,nan,98.4046,302.244,2.27011,-0.896685,-1.53787
0.0795,111.868,114.333,117.797,nan,98.4322,302.255,2.24154,-0.329799,-0.201976
0.08,112.46,114.693,117.133,115.071,98.5776,302.238,2.63139,-1.34111,1.41709
0.0805,112.788,114.583,117.822,116.056,98.5741,302.239,0.670479,-1.8081,-0.126036
0.081,113.386,114.658,117.262,nan,98.5519,302.196,-0.0762596,-1.84913,-1.85209
0.0815,114.199,115.443,116.849,nan,98.7711,302.254,-1.5117,-0.447275,-0.861303
0.082,115.106,116.51,116.731,114.754,98.8023,302.266,-0.222003,-0.330913,-1.1083
0.0825,116.299,117.159,115.993,113.457,98.764,302.349,-0.569317,0.302632,0.458316
0.083,116.85,117.412,115.882,111.866,98.9235,302.35,-1.87217,-0.118071,0.384052
0.0835,118.598,118.39,116.456,111.15,98.9,302.358,-2.7462,1.17087,0.399523
0.084,119.351,119.029,116.137,nan,98.8483,302.24,-1.59919,1.13206,0.283805
0.0845,120.425,119.42,116.286,nan,98.9019,302.245,-3.45116,2.46545,1.19662
0.085,120.52,118.933,117.394,111.619,98.9124,302.422,-1.98771,0.2905,1.75004
0.0855,120.926,118.111,117.612,111.649,98.9921,302.336,-1.8062,0.0400228,1.30869
0.086,120.58,117.978,117.635,112.05,99.1198,302.316,-0.0398519,-0.403498,-0.502159
0.0865,119.611,116.381,117.89,111.546,98.8786,302.31,-1.70326,2.5407,0.910135
0.087,118.625,115.357,117.677,110.684,99.051,302.379,0.197193,1.6412,-0.340405
0.0875,117.42,114.048,116.304,nan,99.0796,302.325,0.502283,0.599153,0.81479
0.088,116.081,113.208,114.637,110.555,99.24,302.244,-0.864208,1.19366,1.15968
0.0885,115.195,111.473,113.443,110.119,99.1097,302.305,2.24436,-1.77106,0.513054
0.089,114.245,110.771,112.323,109.449,99.0706,302.461,1.37625,-0.639824,-0.777035
0.0895,114.047,109.936,111.147,108.947,99.0353,302.319,2.62796,-1.86384,0.321305
0.09,113.571,109.397,109.863,nan,99.0444,302.369,2.40808,-2.6238,-0.90431
0.0905,113.705,109.813,108.907,nan,99.0203,302.378,1.78835,-1.71551,-0.101728
0.091,112.944,109.305,108.657,nan,99.0739,302.331,0.340919,-1.5899,-0.819987
0.0915,113.966,109.805,106.807,105.178,99.2181,302.392,1.07401,-0.723606,-0.726216
0.0915,113.308,109.849,107.382,nan,99.1234,302.392,-0.378077,-2.58209,-2.16012
0.0925,113.202,109.018,106.889,nan,99.1703,302.376,-0.620931,-1.13367,-1.63042
0.093,113.078,108.951,107.257,nan,99.0247,302.426,1.40798,-1.02274,-1.13805
0.0935,112.299,107.987,107.39,104.664,98.9976,302.336,-0.190833,-1.42016,0.451017
0.094,111.756,108.783,108.341,nan,99.0558,302.35,-3.20815,-1.69727,-0.523204
0.094,110.255,108.001,108.534,106.032,98.8587,302.317,-2.88586,-1.30386,-1.07348
0.095,108.751,106.804,108.945,105.975,98.9773,302.268,-3.70754,1.3107,-1.85947
0.0955,107.498,105.9,109.145,nan,98.9901,302.273,-2.55798,1.2963,-1.17555
0.096,107.13,105.165,107.469,107.052,99.0303,302.262,-1.00279,0.970577,-1.90471
0.0965,105.514,104.421,107.553,107.819,98.8904,302.406,-1.65139,1.57128,-0.779207
0.097,104.215,104.321,107.429,107.476,98.9941,302.345,1.31107,1.60405,-0.834285
0.0975,104.281,104.331,106.905,107.884,98.9986,302.317,-0.203562,1.81295,0.589609
0.098,103.588,104.363,106.217,108.885,98.9016,302.224,-0.507312,1.95775,-0.794446
0.0985,105.333,106.008,105.376,nan,99.0621,302.267,3.9559,2.37662,0.0438344
0.099,104.599,106.846,106.453,nan,99.1742,302.267,1.41016,1.35478,2.24976
0.0995,106.325,107.479,105.473,108.704,99.0694,302.279,2.14506,2.03824,1.61628
0.1,107.35,109.791,106.839,108.333,98.9766,302.232,2.56624,0.459386,0.850996
0.1005,107.508,111.153,107.183,107.581,98.8484,302.204,4.11032,-0.88695,0.680992
0.101,109.128,111.785,108.431,nan,99.1526,302.136,1.75992,-0.552895,0.825481
0.1015,110.115,112.666,110.288,109.305,99.0602,302.189,1.97205,-1.02521,1.13189
0.102,110.352,112.596,111.025,nan,99.2601,302.228,0.749633,-1.52238,-0.362933
0.1025,110.488,113.079,113.119,nan,99.2201,302.241,0.131434,-1.80822,0.830101
0.103,110.802,112.718,114.106,110.905,99.2716,302.147,0.665052,-2.43388,2.23139
0.1035,110.373,113.164,114.678,nan,99.2901,302.167,1.3293,-0.816053,-0.236964
0.104,110.322,113.63,115.839,112.441,99.3067,302.121,-0.439341,-1.68157,0.967773
0.1045,110.083,113.011,116.42,112.931,99.4663,302.151,-0.680685,-2.22875,-0.876364
0.105,110.534,112.556,116.767,113.523,99.1247,302.113,-2.96109,-1.22155,-1.50399
0.1055,110.258,114.108,116.877,nan,99.5404,302.102,-3.76499,-0.455354,-1.03653
0.106,111.663,114.721,115.624,115.735,99.4744,301.994,-3.75485,0.482521,-1.79455
0.1065,112.084,115.235,115.598,115.423,99.5013,302.099,-3.66105,0.212997,-1.33965
0.107,113.049,114.903,115.38,nan,99.6143,302.016,0.130083,1.26356,-0.433697
0.1075,115.032,116.842,114.992,nan,99.374,302.037,-0.854338,1.1574,-1.5196
0.108,117.012,117.192,116.469,113.708,99.5469,301.998,1.65413,1.90729,-1.44195
0.1085,118.055,118.384,115.744,nan,99.4929,301.892,-2.29233,-0.501952,0.42089
0.109,118.593,119.433,116.287,112.65,99.6168,302.005,-0.413702,3.1415,-1.25153
0.1095,119.968,120.187,116.861,112.254,99.5496,301.982,1.17104,2.7151,-1.3475
0.11,119.989,119.396,117.353,110.958,99.5735,302.004,1.17064,2.85364,-1.0444
0.1105,120.246,119.209,118.757,111.661,99.6292,301.868,3.183,0.805904,-1.1617
0.111,120.085,118.2,118.962,110.852,99.5665,301.745,2.50316,0.647816,-0.0201166
0.1115,118.514,117.781,118.914,nan,99.5258,301.853,3.74416,0.626732,1.66343
0.112,118.792,116.268,119.055,112.523,99.6271,301.867,0.669732,1.29057,1.33767
0.1125,117.398,115.259,119.001,111.97,99.3896,301.887,0.620104,-1.07887,1.89911
0.1125,116.668,114.593,118.263,nan,99.4238,301.792,0.489586,-0.0130768,0.732212
0.1135,115.585,113.247,117.485,112.262,99.339,301.741,0.551755,-0.581637,0.858021
0.1135,115.001,112.473,116.409,nan,99.5334,301.681,1.33154,0.117126,0.477284
0.1145,114.904,111.959,114.287,nan,99.3464,301.601,1.54743,-1.2827,0.828304
0.115,115.534,111.84,112.67,110.599,99.3734,301.681,-1.36993,-2.44972,0.297578
0.1155,115.955,111.956,111.548,110.609,99.2876,301.709,-2.55233,-1.62562,1.14504
0.116,115.416,110.959,110.645,109.353,99.3416,301.64,-2.99388,-1.88765,1.55378
0.1165,116.058,110.854,109.439,107.678,99.1352,301.668,-3.61854,-1.30072,0.886161
0.117,115.559,111.731,109.209,nan,99.2503,301.648,-3.2782,-0.726137,0.546254
0.1175,114.737,111.69,108.249,107.056,99.0546,301.553,0.670462,-0.964637,-0.419856
0.118,115.201,111.65,108.661,nan,98.8569,301.546,-1.37526,-0.504594,-1.22743
0.1185,114.615,110.847,108.914,104.572,98.9566,301.578,-1.46075,0.25151,-0.388299
0.119,113.235,110.431,108.616,104.644,99.0182,301.545,0.145222,-1.43033,-1.77753
0.1195,112.278,108.955,109.455,nan,98.9019,301.52,-1.05781,1.56074,-0.500527
0.12,110.961,107.393,109.901,103.562,98.7559,301.499,0.0491281,2.28665,-0.98781
0.1205,108.875,106.938,107.863,nan,98.7808,301.372,1.69146,1.59173,-0.697831
0.121,107.206,105.166,108.504,nan,98.6753,301.511,4.42952,2.76734,-1.36574
0.1215,106.513,104.446,108.245,107.159,98.7441,301.386,4.14552,1.52851,-0.880546
0.122,105.588,104.379,107.958,nan,98.5757,301.424,0.853006,0.600628,-1.07065
0.1225,104.956,103.961,106.436,106.211,98.4544,301.433,1.14869,0.248632,-1.36574
0.123,105.325,104.655,106.118,107.452,98.5777,301.303,1.26867,0.953305,-1.02457
0.1235,105.801,104.691,105.926,107.764,98.3138,301.244,2.10528,0.378707,-2.01633
0.124,105.365,106.417,104.94,106.184,98.4358,301.342,2.25704,0.0461495,-0.83006
0.1245,106.5,106.304,104.347,nan,98.2604,301.284,1.51159,0.681293,0.277331
0.125,107.362,108.106,104.429,nan,98.3826,301.325,0.534222,0.480154,0.231833
0.1255,108.006,108.712,105.221,nan,98.236,301.144,-1.57876,-0.659559,0.295264
0.126,108.767,110.409,106.098,106.629,98.343,301.174,-1.19044,-2.30819,0.930291
0.1265,108.594,110.351,107.142,nan,98.1702,301.145,-2.83003,-2.95093,1.09889
0.127,109.275,111.39,108.262,106.356,98.2861,301.21,-3.94932,-1.5477,0.611489
0.1275,109.806,110.079,108.724,108.218,98.1367,301.151,0.148221,-1.84817,-0.909473
0.128,109.12,111.128,110.613,nan,98.2114,301.088,-0.73403,-0.72993,1.01224
0.1285,108.265,112.042,112.038,108.918,98.2858,301.093,-2.65975,-0.950753,0.216004
0.129,108.543,111.384,113.236,109.967,98.1843,301.124,-2.10584,0.00231058,0.555556
0.1295,108.707,111.34,114.127,nan,98.1435,301.05,0.297813,0.31776,1.38848
0.13,108.442,111.822,114.103,nan,98.1218,301.131,-0.143873,-0.94548,1.00761
0.1305,108.452,112.817,114.857,nan,98.1809,301.015,2.13286,-1.20521,0.400994
0.131,110.063,112.045,115.217,112.114,98.0573,301.102,4.12535,0.0306551,-0.747278
0.1315,109.93,113.338,114.67,113.036,98.2252,300.963,2.91648,2.0984,-0.673128
0.132,111.966,114.265,114.654,113.982,98.2664,300.875,2.43165,1.64065,-0.614694
0.1325,113.219,115.927,114.097,114.749,98.1733,300.936,2.02165,2.83338,-1.46447
0.133,114.25,116.564,113.951,115.446,98.175,300.97,1.23322,2.59573,-0.684307
0.1335,116.719,117.319,114.86,nan,98.2906,300.851,2.25565,2.69698,-0.0085011
0.134,117.62,118.22,115.335,114.325,98.2793,300.86,2.8188,0.784087,-0.755652
0.1345,117.963,119.686,116.332,nan,98.2372,300.909,2.09828,1.67044,-1.28286
0.135,119.336,119.738,116.619,112.565,98.3263,300.97,1.55724,1.36707,-0.272656
0.1355,119.161,119.864,117.256,nan,98.26,300.948,0.132093,1.19999,-0.589243
0.136,118.456,118.399,118.143,111.719,98.2844,300.832,-0.415893,0.78036,-0.670358
0.1365,118.595,117.929,119.391,112.889,98.2669,300.777,-2.34473,-0.0802195,-0.672447
0.137,118.434,117.14,118.964,113.456,98.3841,300.789,-1.9644,-0.0338103,-1.07113
0.1375,117.951,116.694,120.489,112.512,98.1691,300.791,-0.719472,-0.871268,-1.34668
0.138,117.145,115.563,119.588,112.919,98.3647,300.761,-2.08953,-0.951233,-0.984819
0.1385,116.614,114.477,119.214,113.581,98.15,300.754,-0.704073,-2.24084,-0.83863
0.139,116.504,113.502,118.238,nan,98.1961,300.878,-2.87312,-0.394098,-1.11014
0.1395,116.15,113.573,117.888,112.907,98.0455,300.781,-3.92841,-0.975821,-0.13628
0.14,116.871,113.117,115.435,113.546,98.0835,300.671,-1.31825,-1.56734,1.20435
0.1405,116.728,113.651,114.98,nan,97.9087,300.749,-1.32347,-1.25309,0.905555
0.141,117.144,114.079,113.631,nan,98.1762,300.786,0.779945,0.255137,1.12964
0.1415,117.562,113.512,112.885,nan,97.9232,300.761,0.660881,-0.655842,1.27565
0.142,117.059,113.006,111.924,110.085,98.0728,300.767,2.11434,-1.80358,1.54596
0.1425,117.13,114.226,110.568,nan,98.0171,300.858,1.55054,-0.385195,2.04398
0.143,117.685,113.093,110.022,109.331,98.0587,300.738,1.61867,0.809074,1.32113
0.1435,116.46,112.354,109.7,nan,97.7671,300.738,2.19628,1.97403,0.593509
0.144,115.152,111.23,110.503,nan,97.8546,300.736,1.43947,2.61739,0.500447
0.1445,114.097,110.097,110.925,nan,97.7676,300.65,2.84777,1.84422,-0.343178
0.145,112.259,108.791,110.838,nan,97.757,300.724,1.93146,1.99941,1.23742
0.1455,111.028,107.577,110.523,105.524,97.744,300.75,2.47213,2.1542,-0.557619
0.146,109.149,105.693,110.619,105.454,97.733,300.69,0.64489,0.98402,0.339859
0.1465,108.248,105.047,109.315,nan,97.821,300.764,-0.236925,2.06521,0.480326
0.147,106.454,104.636,109.697,106.463,97.7173,300.779,-0.0877954,2.86393,-1.0667
0.1475,107.003,104.423,108.876,106.71,97.5831,300.648,0.460205,1.05672,-0.678929
0.148,105.914,104.497,107.752,nan,97.5597,300.671,-0.436942,0.393631,-0.881557
0.1485,105.484,104.98,106.522,nan,97.5414,300.603,-2.55572,-0.394782,-0.772892
0.149,106.34,104.731,106.018,107.196,97.5621,300.596,-1.27406,0.0256685,0.188107
0.1495,106.737,105.906,103.976,nan,97.5104,300.731,-2.21378,-2.77107,-1.38389
0.15,107.479,106.922,103.696,nan,97.7271,300.595,-3.57094,-0.79537,-2.1373
0.1505,107.411,108.099,104.05,106.18,97.6647,300.694,-2.1401,-2.81501,-1.2753
0.151,108.399,108.69,104.317,106.395,97.5706,300.769,-0.470953,-1.19235,-0.882264
0.1515,109.898,110.09,104.798,105.048,97.4744,300.698,0.919606,-2.89304,-0.503223
0.152,107.764,109.447,106.06,105.494,97.6418,300.6,2.78014,-0.039803,-0.279852
0.1525,108.168,109.6,106.827,104.747,97.6573,300.728,2.49396,-1.27086,-0.138598
0.1525,107.483,109.017,108.846,105.947,97.6813,300.717,0.0667442,-1.30582,-0.131719
0.1535,107.233,110.236,109.391,106.74,97.737,300.752,1.0664,0.40518,0.264342
0.154,105.988,109.419,109.456,107.55,97.6954,300.73,2.36327,-0.591588,1.01946
0.1545,106.029,109.34,111.15,nan,97.7451,300.623,1.75072,-0.863936,0.214115
0.155,106.731,109.329,111.671,nan,97.8241,300.696,3.37734,2.50465,0.969431
0.1555,106.874,110.085,111.753,109.544,97.7471,300.729,4.04786,1.02482,0.817706
0.156,108.281,110.655,112.93,110.419,97.9135,300.779,2.55609,1.43534,0.732467
0.1565,108.338,112.295,112.127,nan,97.9419,300.697,1.64041,1.59829,1.94686
0.157,110.022,112.701,111.692,112.286,98.0086,300.773,0.185643,3.43123,2.30535
0.1575,112.666,114.189,112.243,112.57,98.0946,300.768,-0.647816,0.754575,1.24649
0.158,112.677,115.498,113.233,113.502,98.087,300.725,0.103854,2.90037,-0.128584
0.1585,114.109,117.19,112.732,112.69,98.0614,300.7,-1.27273,0.390747,-0.598221
0.159,115.783,118.113,113.974,112.556,98.0996,300.709,-1.1888,1.48939,-0.95625
0.1595,116.813,119.103,114.175,112.826,98.2905,300.732,-1.61638,-0.472729,-0.81594
0.16,117.888,119.306,115.594,112.653,98.4079,300.685,-3.92888,0.161088,-0.0835185
0.1605,117.943,119.34,116.186,112.827,98.4705,300.852,-1.39799,-1.65868,-0.0749004
0.161,117.609,118.828,117.294,nan,98.6027,300.764,-3.90271,-0.720612,2.49463
0.1615,117.805,118.609,116.893,112.332,98.3925,300.733,-2.24265,-3.41147,-0.638553
0.162,118.46,117.714,118.489,112.802,98.7049,300.879,0.344267,-0.791811,0.123539
0.1625,117.476,116.872,119.172,112.175,98.5934,300.82,-0.0800826,-0.768249,-1.7681
0.163,115.424,115.36,119.992,112.293,98.5959,300.803,0.597067,-1.59305,-1.10929
0.1635,116.331,115.219,120.521,nan,98.788,300.757,0.96186,-1.72372,-2.29264
0.164,116.024,114.725,120.069,nan,98.8376,300.793,0.537375,-1.91068,-0.566221
0.1645,116.873,114.081,119.333,113.412,98.7065,300.752,3.2249,-3.07017,0.525476
0.165,116.953,115.342,117.343,113.891,98.7867,300.775,2.48195,-1.75941,-0.348182
0.1655,118.379,115.544,116.642,114.051,98.7991,300.819,3.16833,1.11445,-0.266915
0.166,118.534,115.6,115.865,nan,98.8522,300.809,1.63718,1.0793,-0.483058
0.1665,119.018,115.555,115.102,112.979,98.7254,300.807,2.23894,1.67289,0.515089
0.167,119.038,115.946,114.047,113.741,98.8788,300.842,-0.115864,1.4642,0.117788
0.1675,118.98,114.475,112.913,112.951,98.8348,300.786,0.892936,2.08896,-0.125596
0.168,118.835,115.184,112.224,nan,98.7532,300.795,0.917334,1.37526,1.12629
0.1685,118.567,113.084,113.027,nan,98.7731,300.835,0.52318,-0.139922,1.23097
0.169,117.234,112.913,112.152,110.322,98.8712,300.785,1.85988,-0.186056,1.50767
0.1695,115.568,111.632,112.558,109.701,98.9038,300.895,0.274086,2.27542,1.0535
0.17,114.774,110.404,112.702,108.429,98.7809,300.849,-2.51424,3.0104,1.72107
0.1705,112.777,109.063,112.879,107.184,98.8093,300.806,-3.48967,0.114776,0.907595
0.171,111.185,107.794,112.188,108.121,98.7704,300.814,-1.99346,-0.436254,1.5886
0.1715,109.583,106.147,111.593,nan,98.9412,300.821,-2.81002,0.710626,0.534368
0.172,108.643,105.372,111.353,107.326,98.8355,300.836,-0.666897,-1.38329,0.764107
0.1725,107.899,104.868,110.164,nan,98.6989,300.942,-0.988834,0.822563,0.333781
0.173,106.612,105.162,109.496,nan,98.9419,300.834,-1.26913,0.455964,0.143845
0.1735,108.129,105.195,107.588,107.461,98.7011,300.891,-0.52192,-0.750929,1.13862
0.174,108.087,105.163,106.832,106.652,98.7767,300.911,-1.74822,-1.38519,0.493154
0.1745,108.039,106.807,105.344,107.967,98.827,300.882,0.466342,-1.23189,0.530455
0.175,108.875,106.628,105.862,107.918,98.92,300.883,3.20019,-2.73347,-0.425309
0.1755,108.848,107.497,103.571,nan,98.9676,300.843,2.79459,-1.74841,-1.08919
0.176,108.888,107.864,103.826,nan,98.7818,300.794,2.7866,-1.14861,-1.16919
0.1765,107.55,108.137,103.993,105.117,98.8217,300.825,2.37857,-0.0521369,-1.69477
0.177,108.128,108.736,104.32,105.382,98.94,300.869,1.56968,-0.638057,-2.25477
0.1775,107.896,108.107,104.733,nan,98.7346,300.854,0.864174,0.311348,-0.817661
0.178,107.675,107.566,105.783,nan,99.0064,300.866,-0.00647222,0.580544,-0.050869
0.1785,107.077,107.596,107.117,nan,99.0011,300.851,-0.776205,0.115003,-0.67375
0.1785,106.298,107.227,108.817,105.188,98.8094,300.843,0.504225,0.621256,-0.495411
0.1795,104.808,106.962,109.635,104.889,98.9632,300.873,-0.496198,1.96924,-0.439742
0.18,104.263,108.126,110.561,nan,98.9953,300.852,-1.1409,2.83327,-0.349282
0.1805,105.67,108.697,110.081,nan,99.0834,300.708,-1.72754,2.82498,-1.40786
0.181,106.061,108.44,110.64,106.533,99.263,300.78,-2.48824,3.76302,-0.373204
0.1815,107.425,110.718,111.187,108.364,99.155,300.814,-2.13485,2.19548,-1.0635
0.182,108.224,112.115,110.816,109.603,99.1807,300.82,-1.69181,1.70801,1.26326
0.1825,109.812,112.241,110.584,nan,99.2758,300.789,-1.35888,0.232407,0.836263
0.183,110.598,114.397,110.491,110.879,99.3079,300.761,-0.0662855,-1.24904,0.633683
0.1835,112.865,115.444,110.91,111.709,99.2837,300.717,-0.273395,-0.539847,0.765215
0.184,113.767,117.006,110.649,112.088,99.3395,300.776,-1.57254,-0.131996,2.04768
0.1845,115.118,116.321,111.585,111.407,99.425,300.769,-0.84231,-0.0681376,1.85375
0.185,115.872,118.242,111.958,110.93,99.4991,300.693,0.489989,-1.9971,1.74955
0.1855,116.022,117.998,113.693,111.673,99.3494,300.676,1.18907,-2.19846,0.408877
0.186,116.316,118.188,114.853,nan,99.4732,300.73,3.36604,-3.04193,0.863945
0.1865,116.08,117.971,115.917,nan,99.5349,300.789,2.32745,-0.808884,1.72713
0.187,116.196,116.152,116.635,111.928,99.6932,300.711,2.19939,-2.13993,0.368485
0.1875,115.876,116.531,118.261,112.142,99.6098,300.732,0.0518487,-2.9034,-1.0185
0.188,115.318,116.068,119.858,nan,99.6222,300.719,1.03042,-0.873218,-1.40914
0.1885,115.359,115.975,119.494,111.2,99.6919,300.67,1.1719,0.744605,-0.163822
0.189,116.617,116.049,120.052,113.041,99.739,300.66,1.72246,1.58102,-0.577852
0.1895,116.346,115.96,119.013,112.094,99.7999,300.669,3.87036,1.0618,-0.689257
0.19,117.496,115.585,118.819,113.551,99.6254,300.691,0.532182,0.379893,-1.24543
0.1905,118.049,116.528,118.527,114.701,99.6414,300.613,-2.15147,0.859252,-0.516952
0.191,118.462,116.311,118.053,114.464,99.7443,300.629,-1.51034,2.28152,-1.80495
0.1915,119.097,117.214,117.117,nan,99.5971,300.588,-0.80711,1.76604,-0.644203
0.192,119.959,116.948,115.678,nan,99.6556,300.658,-2.27211,2.90876,-1.81559
0.1925,120.208,116.799,116.03,115.323,99.6089,300.683,-1.02342,1.40357,-0.250718
0.193,120.184,116.468,113.576,115.239,99.6139,300.637,-0.388572,1.81365,-0.964196
0.1935,118.837,114.995,113.836,nan,99.5326,300.633,-2.32171,2.54183,-0.363816
0.194,118.205,114.433,114.844,nan,99.4463,300.66,-2.56876,0.723892,-2.8482
0.1945,117.213,112.781,115.01,nan,99.4132,300.6,-1.92889,-0.173186,-0.642248
0.195,116.535,112.201,115.339,nan,99.3484,300.564,-2.57015,-0.420571,-0.201757
0.1955,113.414,110.892,114.358,110.319,99.327,300.553,-0.885404,-0.117331,-0.0618002
0.196,113.189,108.457,114.126,108.963,99.3203,300.509,0.635732,0.214169,0.427678
0.1965,111.545,106.997,113.887,108.843,99.1468,300.466,1.21967,0.038838,1.04706
0.197,110.972,107.137,113.631,107.715,99.0873,300.613,3.47049,-1.69587,1.86133
0.1975,109.9,106.281,113.47,nan,99.2203,300.507,1.30176,-1.82068,1.66567
0.198,109.875,105.933,112.105,nan,99.1293,300.55,2.44438,-2.87145,1.1718
0.1985,110.255,107.307,110.88,108.396,99.0224,300.526,0.296392,-1.17142,1.73768
0.199,109.808,106.522,109.957,nan,98.9813,300.47,3.04633,-2.26845,1.3101
0.199,109.991,106.695,108.233,107.696,99.0329,300.5,1.76747,-1.13794,0.795796
0.2,110.098,107.432,107.116,nan,98.8323,300.478,2.69336,-0.567855,1.00513
0.2005,109.642,108.015,106.586,nan,98.8844,300.499,1.58378,-1.89527,0.933047
0.201,110.011,108.734,104.872,108.084,98.8151,300.48,-0.0439844,-0.50289,1.07786
0.2015,109.289,108.231,104.753,108.065,98.5347,300.48,-2.1589,-0.712833,-0.160211
0.202,108.399,107.409,104.287,106.887,98.6798,300.393,-1.87071,0.209538,0.178715
0.2025,107.9,107.35,105.156,106.003,98.683,300.497,-1.7927,0.38744,0.496032
0.203,106.889,107.822,104.86,105.908,98.5933,300.455,-0.0914787,1.52404,-0.231099
0.2035,106.366,105.918,105.655,nan,98.5923,300.417,-0.962801,0.837963,-0.145666
0.204,105.211,106.225,107.111,nan,98.5704,300.416,-3.64358,1.87561,-1.4597
0.2045,104.412,106.541,106.742,104.467,98.5104,300.447,-2.23114,2.78541,-0.219841
0.205,104.968,106.277,109.024,104.952,98.4232,300.421,-1.66404,1.78682,0.19741
0.2055,104.867,106.508,108.998,nan,98.5913,300.416,-1.95697,2.15576,-0.469097
0.206,105.47,106.997,108.931,105.006,98.4512,300.41,1.01649,0.856769,-1.28368
0.2065,106.037,108.477,108.921,nan,98.5201,300.347,0.183685,0.489795,-2.55735
0.207,106.87,109.916,109.188,105.717,98.4453,300.422,1.84111,2.69485,-1.71492
0.2075,108.062,111.221,108.951,107.104,98.4081,300.396,0.77147,-0.55082,-2.87535
0.208,109.509,112.988,108.162,107.687,98.5966,300.426,1.13439,0.249357,-1.3711
0.2085,111.358,114.005,108.536,107.629,98.3989,300.393,2.55906,-1.81437,-0.815078
0.209,112.178,115.587,108.191,nan,98.4887,300.378,1.50712,-2.61211,-0.415599
0.2095,112.435,115.995,108.667,nan,98.5462,300.342,2.71553,-2.05487,0.152035
0.21,113.684,116.858,109.494,110.526,98.5225,300.359,3.30568,-2.04621,0.882489
0.2105,113.466,116.605,110.446,110.674,98.485,300.427,2.69487,-0.365312,0.691718
0.211,114.25,117.405,111.448,nan,98.4072,300.39,-0.303605,-0.472108,1.55982
0.2115,113.631,116.983,112.879,nan,98.6149,300.397,-0.866251,-0.322522,1.09932
0.212,113.499,116.429,114.169,110.417,98.498,300.334,-0.203235,-1.85541,0.362186
0.2125,114.014,115.427,115.604,nan,98.442,300.319,-0.0553625,-1.04017,1.37006
0.213,114.002,115.664,117.644,110.538,98.4543,300.362,0.472812,0.406975,1.31328
0.2135,113.617,114.338,118.6,110.94,98.4692,300.406,-0.67109,-0.0626544,0.996663
0.214,115.151,115.501,118.324,nan,98.4608,300.425,-0.191036,0.211561,1.1222
0.2145,116.505,116.044,118.141,110.859,98.373,300.412,-3.61226,2.77606,0.839487
0.215,115.923,116.123,119.412,111.226,98.3538,300.374,-2.05111,1.08249,-0.307246
0.2155,118.363,117.116,119.568,112.938,98.5322,300.474,-2.53081,1.12004,0.157369
0.216,118.36,117.892,118.183,112.485,98.4523,300.339,0.222285,2.04256,0.342412
0.216,119.368,118.811,117.8,114.363,98.4416,300.417,0.31331,1.71726,-1.0737
0.217,120.193,118.341,116.985,114.842,98.2915,300.492,-0.327676,0.782748,-1.81974
0.2175,120.029,117.664,116.519,114.506,98.2685,300.434,1.36649,1.1197,-0.849357
0.218,121.17,116.972,115.716,nan,98.3186,300.489,1.03263,2.79015,-0.580212
0.2185,120.427,117.126,115.668,nan,98.3588,300.506,0.505945,1.71593,-0.823777
0.219,119.139,116.522,115.528,nan,98.2595,300.498,1.27631,1.59333,-1.28397
0.2195,118.284,115.344,115.641,nan,98.2409,300.455,1.77078,0.896501,-1.50106
0.22,116.524,113.53,116.083,112.911,98.0961,300.529,3.75571,-0.86804,-1.07078
0.2205,115.71,111.802,115.718,113.111,98.1356,300.451,2.70524,-1.68713,-1.5003
0.2205,114.998,110.455,116.993,111.789,98.147,300.596,2.56157,-2.89347,-1.88895
0.2215,112.794,109.547,116.64,nan,97.9905,300.52,1.10186,-1.60247,-1.00319
0.222,112.476,108.775,116.517,nan,97.9742,300.556,1.65738,-0.67874,-0.775661
0.2225,112.138,108.415,115.678,110.32,98.0264,300.545,0.875902,-2.94421,-0.438459
0.223,112.199,107.959,114.36,nan,97.962,300.604,-0.599175,-1.79314,0.759108
0.2235,112.228,108.704,114.108,109.285,97.7904,300.566,-1.21354,-0.594118,1.41275
0.224,111.51,108.127,112.674,109.089,97.7917,300.601,-1.30573,-2.35329,1.9221
0.2245,111.472,108.51,110.428,110.127,97.7775,300.585,-0.98904,-0.819498,0.616232
0.225,111.987,108.961,110.477,109.497,97.5219,300.576,-2.50447,-0.378175,1.70207
0.2255,111.502,109.043,109.25,109.673,97.6414,300.565,-3.66733,0.0248955,1.49305
0.226,111.155,108.35,107.303,109.816,97.6809,300.626,-2.66734,1.59985,0.625861
0.2265,111.113,107.697,106.709,nan,97.7153,300.674,-1.12642,1.77009,1.70636
0.227,110.497,107.362,106.542,nan,97.5011,300.63,-0.415022,2.16728,2.1125
0.2275,108.836,107.412,105.928,108.59,97.5421,300.611,1.44408,1.51016,1.09349
0.228,107.478,106.801,104.525,108.314,97.5668,300.722,-0.394292,-0.39496,1.29909
0.2285,106.64,106.02,106.559,106.978,97.6573,300.687,-1.27398,0.401923,2.32256
0.229,104.578,105.645,105.748,nan,97.4561,300.813,0.284924,2.49475,-0.164842
0.2295,104.576,105.52,106.878,105.976,97.7007,300.817,0.89694,2.73994,0.385515
0.2295,103.68,104.666,108.255,nan,97.4891,300.741,1.97069,1.25793,-0.68976
0.2305,105.054,106.322,107.655,105.341,97.5031,300.76,4.8885,0.589856,-0.539848
0.231,104.673,107.037,107.59,nan,97.4964,300.87,2.79031,-0.566038,-1.91714
0.2315,105.108,107.262,108.195,105.37,97.4656,300.898,1.93508,0.0582261,0.0477744
0.232,105.931,108.113,107.951,104.463,97.5892,300.889,1.75317,-1.66606,-0.511897
0.2325,106.102,109.649,106.863,105.199,97.5796,300.858,-0.301398,-0.0839253,-1.50435
0.233,108.666,110.37,107.995,nan,97.5189,300.97,-0.880497,-0.651036,-1.73879
0.2335,110.203,112.239,107.008,nan,97.7534,300.956,0.837027,-1.6635,-0.712425
0.234,110.208,113.006,106.724,106.922,97.6083,300.962,-0.316218,0.0319477,-2.95513
0.2345,111.568,114.14,106.803,108.153,97.7064,300.932,-2.3019,-2.22762,-2.03757
0.235,112.091,114.605,107.091,107.416,97.7878,300.996,-2.01888,-2.76348,-0.802759
0.2355,111.394,115.835,108.194,nan,97.863,301.016,-2.85734,-1.16091,-0.979964
0.236,112.496,114.701,108.446,nan,97.875,301.127,-3.79703,-1.04088,-1.17609
0.2365,112.616,115.053,109.445,109.003,98.1069,301.12,-1.68062,-0.221889,-0.406016
0.237,112.072,114.588,111.271,109.493,97.8803,301.168,-3.34719,-0.103443,0.179862
0.2375,111.968,115.245,112.662,109.204,98.0091,301.098,-1.16703,-0.93368,0.260959
0.238,112.525,115.021,114.276,nan,97.9836,301.149,-0.989175,0.29537,0.38287
0.2385,111.991,114.155,114.948,nan,98.1677,301.157,-1.53903,1.8481,-0.367447
0.239,113.392,114.76,116.604,108.719,98.0525,301.221,-1.9008,0.528551,1.001
0.2395,114.764,115.859,117.449,109.136,98.2395,301.166,0.296553,0.322481,1.02246
0.24,114.964,116.245,117.254,nan,98.2878,301.3,1.61895,1.78262,0.815579
0.2405,117.171,117.493,118.059,111.377,98.3189,301.347,1.99874,0.579939,1.96676
0.241,117.835,118.135,117.707,110.081,98.3243,301.249,1.83306,1.66965,1.50709
0.2415,118.26,118.322,117.993,111.813,98.419,301.324,1.59158,1.22145,2.6193
0.242,119.968,119.049,117.671,112.758,98.5347,301.296,1.10632,0.770805,1.58574
0.2425,120.149,119.462,116.673,nan,98.4193,301.345,1.39996,1.73161,0.0368404
0.243,120.852,118.987,115.714,115.162,98.4276,301.381,1.87811,-0.101819,0.554915
0.2435,119.995,118.46,115.978,114.775,98.4362,301.401,0.977272,-0.841875,-0.21912
0.244,120.342,117.625,115.627,nan,98.6972,301.504,1.26817,-1.06189,1.11987
0.2445,118.724,116.257,115.859,114.448,98.6743,301.404,1.36576,-0.655115,0.436949
0.245,118.141,115.538,117.093,115.156,98.5925,301.406,-0.755262,-2.02291,0.69472
0.2455,116.642,113.158,117.272,114.377,98.5624,301.521,-2.43204,-0.684554,0.769566
0.246,115.715,112.612,117.39,114.97,98.5101,301.464,-1.68483,-2.04558,-0.0102344
0.2465,115.465,111.157,117.467,nan,98.6161,301.582,-1.88506,-1.10495,-1.08798
0.247,114.392,110.719,118.2,112.383,98.5411,301.493,-2.76849,-1.48888,-0.870011
0.2475,113.721,110.366,118.615,112.106,98.754,301.587,-2.40772,-1.82396,-1.52891
0.248,113.18,110.017,117.923,nan,98.4535,301.612,0.13471,-1.09101,-1.84047
0.2485,114.19,109.981,117.061,nan,98.5626,301.618,-1.82536,0.875208,-1.52792
0.249,114.1,110.1,116.051,nan,98.4871,301.552,-2.75375,1.13415,0.483327
0.2495,113.733,110.131,115.249,110.938,98.6565,301.686,-0.957453,0.127077,-1.03114
0.25,113.937,109.889,113.622,nan,98.5774,301.73,0.0278008,0.652489,-0.662225
0.2505,113.164,110.197,111.87,110.123,98.3957,301.735,0.448909,1.04736,-0.264488
0.251,112.668,110.012,109.526,111.344,98.5467,301.715,2.09826,1.57773,-0.557889
0.2515,111.961,109.464,109.459,nan,98.6617,301.809,3.82706,1.30656,-0.342825
0.252,111.406,108.515,108.274,nan,98.6406,301.674,2.09457,1.44538,-1.12543
0.2525,110.13,107.648,107.509,nan,98.5646,301.765,-0.318941,2.69973,0.84262
0.253,108.337,105.803,107.642,109.947,98.5728,301.806,1.50227,2.41742,2.27184
0.2535,107.616,105.375,106.773,109.472,98.5891,301.741,1.00591,2.09253,1.37054
0.254,106.428,104.873,107.387,109.653,98.5917,301.808,2.7578,1.53117,1.13704
0.2545,105.21,104.852,107.613,107.44,98.5075,301.856,1.1391,-1.40599,2.101
0.2545,104.947,104.749,107.301,107.921,98.6443,301.809,0.422395,-0.308073,1.03204
0.2555,104.146,104.506,108.105,nan,98.7614,301.758,0.330129,1.21723,0.696851
0.256,104.363,104.539,108.4,105.843,98.5868,301.796,-2.00079,0.99229,1.47878
0.2565,105.102,106.045,108.771,104.8,98.6659,301.804,0.277782,-2.1471,0.61295
0.257,105.654,107.347,108.308,105.083,98.6872,301.98,-2.75367,-2.0809,0.88353
0.2575,106.934,108.496,107.655,nan,98.7477,301.868,-1.11293,-1.81966,-0.293753
0.258,107.057,109.17,107.425,nan,98.7753,301.848,-0.666426,-1.9202,-0.0962715
0.2585,109.102,110.191,105.638,104.706,98.836,301.814,-1.64081,-1.39402,-0.327135
0.259,108.939,111.257,105.78,105.094,98.7461,301.985,-1.90211,0.572732,-0.471583
0.259,109.745,111.939,105.232,106.15,98.8936,301.927,-3.69671,-0.723946,-0.505218
0.26,109.543,113.261,105.608,106.467,99.1078,301.941,-2.88951,-0.606983,-2.00709
0.2605,110.464,113.226,106.267,nan,99.0657,301.968,0.993971,-0.193337,-0.266812
0.261,110.678,114.015,106.334,nan,99.0719,302.023,1.93727,0.162828,-0.50882
0.2615,110.455,113.744,107.266,108.059,99.0235,301.916,0.13817,-0.576283,-2.38742
0.262,110.252,113.406,108.316,107.785,99.118,301.96,1.00999,-0.976786,0.570321
0.2625,109.283,112.725,109.97,nan,99.2442,301.931,0.434611,0.0186614,-1.83232
0.263,109.869,113.426,110.271,107.031,99.0951,301.926,1.65637,2.08983,-1.06407
0.2635,110.545,113.719,112.367,nan,99.3643,302.011,1.57104,2.23,-0.830952
0.264,111.188,113.586,113.132,107.567,99.3115,301.9,1.03871,1.4617,-0.023842
0.2645,113.167,114.465,114.392,nan,99.3258,301.937,2.72631,2.26196,-0.98028
0.265,114.095,115.658,115.725,108.091,99.559,302.002,0.933376,0.496101,-0.0989799
0.2655,115.436,117.504,116.316,nan,99.4997,301.907,2.04206,0.63019,-0.512507
0.266,117.067,117.84,116.164,108.968,99.4513,301.957,2.27134,0.785054,-0.307967
0.2665,117.743,118.286,116.66,108.895,99.4817,301.908,0.0671464,1.93142,0.520467
0.267,118.794,119.468,116.029,nan,99.5844,302.054,-2.67227,0.789348,0.624811
0.2675,119.505,119.938,115.734,111.107,99.5098,302.043,-1.67425,-1.06773,2.17349
0.268,120.406,119.107,115.57,nan,99.66,302.063,-1.963,-0.823108,2.13541
0.2685,120.281,119.898,115.466,nan,99.8063,302.006,-1.60605,-1.10704,2.72644
0.269,119.981,118.047,115.964,nan,99.6667,301.952,-1.69709,-3.9452,-0.0445982
0.2695,119.53,117.752,116.185,nan,99.6418,301.941,-2.57964,-1.90082,0.478877
0.27,117.689,116.446,116.043,nan,99.5691,302.009,-3.99193,-2.38983,0.67635
0.2705,117.164,114.699,116.752,114.349,99.6083,302.024,-0.600002,-2.65165,0.500424
0.271,116.67,113.856,117.338,nan,99.6369,301.975,-0.442256,-1.50204,0.794218
0.2715,115.409,112.995,118.462,114.853,99.6421,301.996,0.848325,-1.32889,-0.33455
0.272,115.333,112.161,118.975,114.308,99.8147,301.955,-0.25586,-2.4782,0.235383
0.2725,115.794,112.177,119.415,114.201,99.5917,302.013,1.48108,0.443278,0.855836
0.273,115.846,111.696,118.858,112.545,99.5346,302.015,3.05161,-1.2428,-0.410875
0.2735,115.989,110.949,119.184,112.441,99.5499,301.986,0.585501,-0.969549,-0.715743
0.274,115.756,111.746,118.224,112.342,99.5898,301.94,1.43312,2.12425,-1.06112
0.2745,115.793,111.303,117.125,112.268,99.5004,301.94,1.85808,1.75264,-1.85277
0.275,116.318,111.624,116.389,nan,99.3028,301.908,2.99009,3.17264,-1.53329
0.2755,115.444,111.583,114.886,nan,99.4884,301.881,2.12014,1.49535,-1.29897
0.276,115.179,110.984,113.816,111.119,99.3984,301.945,2.09916,0.765042,-0.45074
0.2765,114.715,110.732,112.454,111.97,99.2246,301.904,-1.34303,1.03441,0.156414
0.277,112.843,109.365,111.05,nan,99.2109,301.947,0.711747,0.801619,-0.702023
0.2775,111.367,108.105,110.315,nan,99.1475,301.947,-1.19246,1.2109,0.415491
0.278,110.135,107.835,109.537,nan,99.1949,301.986,0.26903,1.68423,-1.54979
0.2785,108.917,106.371,108.993,112.36,99.1677,301.941,-0.411363,0.00223841,-0.548414
0.279,107.53,105.085,108.549,110.524,99.0756,301.898,-2.53391,-0.713608,-0.587367
0.2795,106.301,104.465,109.337,nan,99.0638,301.868,-1.6881,0.58792,-0.616802
0.28,105.706,103.954,109.472,nan,98.9189,301.843,-3.67099,-2.96014,0.871007
0.2805,104.409,104.17,109.694,109.591,98.9391,301.876,-1.12931,-1.8282,-0.382026
0.281,104.701,104.131,108.959,nan,98.9892,301.955,-1.80046,-2.70876,1.35499
0.2815,105.441,105.925,108.894,107.81,98.836,301.918,-1.06288,-1.88027,1.27783
0.282,105.541,106.643,109.111,105.115,98.6874,301.725,0.0258277,-1.49211,0.220793
0.2825,106.07,106.306,108.896,nan,98.8097,301.947,-0.467588,-0.967063,0.888928
0.283,106.859,107.903,107.885,nan,98.7422,301.947,0.178569,0.318792,0.525748
0.2835,107.638,109.264,107.53,105.077,98.7879,301.926,0.604746,-1.18364,1.6194
0.284,108.444,109.843,105.826,nan,98.6879,301.96,1.25416,-1.73875,2.34506
0.2845,108.372,109.842,105.7,105.491,98.7637,301.944,2.25505,-1.79501,1.61359
0.285,108.96,111.337,104.083,105.783,98.7163,301.909,3.82513,0.37879,1.33888
0.2855,109.443,110.722,104.194,nan,98.8436,301.86,3.84718,0.0480621,0.94176
0.286,108.416,111.467,104.072,nan,98.7204,301.933,1.6176,1.52199,1.62988
0.2865,108.733,111.298,105.095,106.286,98.7032,301.89,1.24411,2.63435,1.21452
0.287,108.12,111.681,105.291,107.658,98.7764,301.894,0.530141,1.37289,0.243091
0.2875,107.512,110.788,106.531,nan,98.6856,301.823,0.589205,1.88122,-0.695233
0.288,108.126,112.162,108.099,nan,98.7665,301.871,-0.419775,1.62697,-0.108399
0.2885,108.39,111.461,108.828,106.97,98.5044,301.882,-1.41537,2.18522,-2.45229
0.289,110.02,113.347,110.794,nan,98.7419,301.952,-0.360789,0.937126,-0.779455
0.2895,110.403,114.184,111.274,nan,98.6699,301.814,-1.03756,3.05303,-1.28726
0.29,112.851,115.102,113.244,107.73,98.6395,301.812,-4.90897,1.2698,-1.15068
0.2905,114.06,115.722,113.11,nan,98.8562,301.859,-3.03499,0.308851,-0.627062
0.291,114.481,117.993,113.549,106.128,98.7755,301.864,-3.0521,-0.432891,-0.0758048
0.2915,117.039,118.687,114.467,nan,98.6475,301.906,-2.71828,-0.424205,-0.680177
0.292,118.499,118.45,114.913,nan,98.6625,301.843,-0.930389,-2.06289,-1.79536
0.2925,118.328,118.499,113.538,108.551,98.9438,301.874,-0.467859,-2.58158,-1.22009
0.2925,119.523,119.337,114.547,nan,98.7922,301.897,-1.15442,-1.80591,1.02444
0.2935,118.443,118.959,114.555,nan,98.8108,301.911,-0.513188,-1.67057,-1.01045
0.294,119.078,118.985,114.287,109.958,98.7337,301.958,0.705885,-1.15476,0.567979
0.2945,117.814,117.918,113.841,nan,98.5615,301.96,0.274447,-2.23015,0.354546
0.295,118.125,117.03,114.475,nan,98.6149,301.946,3.70021,-1.79545,3.20811
0.2955,116.565,115.722,115.785,nan,98.6784,301.95,2.93184,-2.19668,1.02195
0.296,115.69,115.427,115.545,113.298,98.6386,301.915,1.68096,-2.8108,0.245873
0.2965,116.609,114.098,117.845,115.237,98.5782,301.931,2.17627,-0.951778,1.34694
0.297,117.263,113.222,119.044,nan,98.5841,301.899,0.520985,0.0711344,-0.81555
0.2975,116.128,112.593,118.592,nan,98.6581,301.93,0.376689,0.582736,-0.0234757
0.2975,116.983,113.701,119.238,nan,98.407,302.051,-0.453127,1.52113,2.42274
0.2985,117.043,113.305,120.284,113.27,98.3965,301.931,1.07219,2.50183,1.96777
0.299,117.23,112.965,119.638,113.286,98.2186,302.027,-1.0039,0.674511,0.800913
0.2995,117.893,113.354,119.768,nan,98.2824,301.963,-0.989932,1.94371,-0.298112
0.3,118.389,113.457,118.54,112.853,98.3585,301.906,0.225391,1.17038,0.204025
0.3005,116.958,113.579,117.48,112.103,98.3038,301.897,-4.38572,1.30591,0.141577
0.301,117.158,111.859,116.425,nan,98.0094,301.909,-3.44213,1.54567,-1.95988
0.3015,116.171,111.704,115.471,nan,98.0786,301.983,-3.16324,1.82518,0.719436
0.302,114.229,111.084,114.212,113.1,97.9346,302.058,-2.67883,0.238841,0.0862199
0.3025,114.083,109.731,112.843,113.14,97.9779,302.042,-2.11231,-0.927482,-0.0223677
0.303,112.683,108.562,112.56,nan,97.9277,301.981,-1.17378,-1.15507,0.325476
0.303,109.93,107.773,111.997,113.423,97.801,302.076,-4.01157,-0.872447,-0.514732
0.304,109.656,105.536,111.327,nan,97.9025,302.02,-1.52402,0.698346,-1.19144
0.3045,107.785,104.808,110.285,113.264,97.7719,301.983,0.243212,-1.55283,-0.0364488
0.305,106.843,104.987,110.605,111.991,97.8272,301.964,1.57909,-1.34689,-1.97299
0.3055,107.048,105.071,110.874,112.365,97.8511,302.138,3.381,-1.59016,-2.58637
0.306,106.364,104.773,111.23,111.08,97.5338,302.081,1.78784,-1.61181,-1.9543
0.3065,106.556,105.024,111.507,110.738,97.7035,301.992,3.95669,0.508085,-1.37866
0.307,107.426,105.424,110.471,109.544,97.5727,302.135,3.83179,-2.19508,-0.682861
0.3075,107.81,106.996,110.767,107.951,97.6221,302.16,1.48851,-2.19747,1.53366
0.308,108.126,107.747,109.064,nan,97.4706,302.165,1.11745,-0.266293,0.686909
0.308,107.547,107.941,108.792,nan,97.6377,302.089,2.78243,0.0601071,0.176294
0.309,107.684,108.76,107.457,nan,97.4272,302.179,1.98897,1.75416,1.04264
0.3095,108.813,108.961,106.47,105.937,97.4574,302.14,1.50565,1.47487,-0.121416
0.31,107.734,109.762,106.098,105.796,97.557,302.159,-1.26167,0.594213,-0.115325
0.3105,107.798,109.454,104.622,106.493,97.587,302.187,-1.34978,1.40802,-0.045185
0.311,106.805,109.888,104.276,106.265,97.6799,302.144,-3.02728,2.30799,1.5999
0.3115,106.71,109.782,104.745,nan,97.7107,302.22,-1.92322,1.18708,1.49681
0.312,105.901,109.296,104.301,106.359,97.651,302.145,-2.52903,3.14654,0.334866
0.3125,106.996,109.739,104.139,106.636,97.6232,302.31,-2.36211,2.81061,0.563793
0.313,106.061,110.017,105.084,107.285,97.5923,302.31,-1.1545,1.08349,0.361271
0.3135,106.965,110.816,106.375,106.114,97.7433,302.304,-1.66159,0.923599,-0.046341
0.314,107.815,110.919,107.848,106.568,97.4924,302.307,-1.8448,-0.0828127,0.13531
0.3145,109.589,112.505,109.053,106.296,97.5928,302.237,-2.67143,0.230289,-0.9407
0.315,109.906,114.305,109.331,106.554,97.7992,302.274,-0.77221,-1.05584,0.309559
0.3155,112.028,115.198,110.488,105.44,97.8498,302.306,1.89256,1.08255,-1.84128
0.316,113.49,116.084,111.116,nan,97.931,302.313,2.05557,-1.57574,-1.38903
0.3165,115.209,117.508,112.079,nan,97.7813,302.383,2.15009,-1.93064,-1.62664
0.317,116.361,119.228,112.456,nan,98.058,302.366,2.02536,-0.15725,-1.87761
0.3175,116.837,118.713,112.25,105.054,97.9332,302.292,1.8369,-1.6111,0.196155
0.3175,117.659,118.825,112.484,nan,98.0206,302.366,1.61299,-2.41475,-1.42674
0.3185,117.595,119.31,112.137,108.168,98.0923,302.328,-0.464004,-1.25338,-1.34338
0.319,117.861,118.366,112.278,107.147,98.1258,302.333,2.00237,-2.88184,-1.3816
0.3195,117.336,117.248,113.045,108.997,98.0646,302.412,2.58906,-2.41791,-1.2162
0.32,116.725,116.501,113.191,109.565,98.2038,302.353,2.20194,0.56437,-0.562118
0.3205,116.626,116.405,113.317,110.916,98.0793,302.444,0.252853,-0.337425,-0.617003
0.321,116.539,115.503,114.295,111.212,98.2371,302.341,-0.105405,0.54588,0.854916
0.3215,117.27,115.878,115.972,nan,98.3287,302.438,-2.38463,-0.120292,0.400448
0.322,116.262,114.779,116.644,nan,98.3636,302.371,-2.34572,-0.383602,1.36761
0.3225,116.957,114.403,117.515,nan,98.3152,302.539,-1.45827,0.551045,0.0544237
0.323,117.965,114.762,118.994,112.3,98.1644,302.438,-1.28342,1.72119,1.71852
0.3235,117.08,114.781,119.074,113.085,98.51,302.427,-1.62676,1.77465,0.781928
0.324,117.797,115.965,120.162,113.576,98.3936,302.537,-3.47365,2.58067,0.0564723
0.3245,118.469,115.286,119.986,nan,98.4263,302.501,-1.82527,1.37187,2.38932
0.325,119.119,116.133,120.087,nan,98.2252,302.466,-1.60977,0.944083,1.70915
0.3255,120.072,115.416,120.276,111.85,98.3612,302.485,-2.38137,1.71342,1.25205
0.326,118.729,115.376,118.622,nan,98.478,302.451,-1.84059,-0.0511897,0.480569
0.3265,118.228,113.584,117.056,112.158,98.2936,302.588,1.60622,-0.877011,0.347092
0.3265,116.466,112.791,115.693,112.656,98.4863,302.51,2.13813,-0.849121,0.938886
0.3275,114.128,110.252,115.39,113.313,98.27,302.45,0.919019,-0.882401,0.719857
0.328,112.671,109.493,114.293,nan,98.4341,302.57,0.133688,-1.38711,0.594856
0.3285,112.551,108.015,113.123,nan,98.3957,302.478,2.17084,-2.27896,-0.263348
0.329,110.805,107.581,112.956,114.42,98.4078,302.554,2.53758,-1.67753,-1.33063
0.3295,109.014,106.117,112.915,114.274,98.3471,302.404,1.85729,-2.23081,1.09828
0.33,109.158,105.821,112.381,114.287,98.3436,302.505,2.7971,-1.82952,-1.0216
0.3305,107.5,104.985,112.826,114.55,98.2801,302.531,-0.0635299,-1.67724,-0.526637
0.331,108.397,104.815,113.167,114.079,98.1537,302.462,1.44552,-2.63657,-1.36678
0.3315,108.567,105.646,112.691,nan,98.3185,302.488,-0.760397,-1.1228,-1.70552
0.332,107.85,106.747,113.397,112.991,98.3355,302.492,-2.35503,0.0941176,-1.40806
0.3325,107.993,106.827,112.128,nan,98.4305,302.5,-2.25752,-1.26265,-1.10727
0.333,109.065,108.105,111.42,111.123,98.2446,302.503,-0.931019,-0.618669,-2.03298
0.3335,108.375,107.847,111.467,nan,98.2743,302.53,0.030847,-0.693151,1.21995
0.334,109.128,108.178,109.771,nan,98.3602,302.505,-0.938254,0.420857,-1.48796
0.3345,107.971,108.314,108.44,107.38,98.3727,302.562,-2.76782,3.26325,-0.827955
0.335,108.31,108.289,107.103,107.465,98.292,302.351,-4.65376,2.10506,-0.507045
0.3355,107.352,107.896,106.484,106.387,98.4885,302.524,-3.53431,1.93445,-0.898129
0.336,106.403,107.781,105.033,107.732,98.6505,302.515,-0.770911,0.764188,1.29396
0.3365,105.52,107.269,104.371,nan,98.5635,302.476,-0.529477,1.52164,-0.958969
0.337,105.46,107.017,103.428,nan,98.5725,302.511,1.85918,-0.629664,1.40833
0.3375,104.284,108.101,103.569,106.819,98.6957,302.497,0.76378,1.0146,-0.780602
0.3375,105.015,108.164,104.296,106.921,98.7626,302.437,1.58115,0.334512,0.608242
0.3385,105.39,108.321,104.5,106.856,98.8172,302.486,-1.105,0.477045,1.0707
0.339,106.637,109.138,105.731,106.836,98.8491,302.482,0.689078,-0.1102,2.22747
0.3395,106.943,109.947,107.346,107.224,98.7607,302.37,1.13285,0.0141163,2.26471
0.34,109.546,112.196,107.928,106.731,98.7579,302.41,4.49115,-1.51473,2.24664
0.3405,110.177,113.128,109.226,107.298,98.8639,302.244,4.01266,-1.55124,1.3222
0.341,111.312,115.581,109.112,nan,98.9938,302.377,2.39333,-2.45638,0.636458
0.3415,113.736,115.328,110.281,105.158,99.0789,302.342,-0.246768,-2.7518,-0.595266
0.342,114.995,117.155,110.146,104.811,99.0756,302.35,0.979482,-0.184604,1.77221
0.3425,115.072,118.175,110.731,105.186,99.186,302.293,-0.0711537,-2.73946,-0.451537
0.343,115.316,117.791,109.909,104.624,99.1132,302.386,-3.15902,1.48759,0.476109
0.3435,115.939,118.836,110.31,nan,99.1778,302.366,-1.64699,-0.963838,0.075191
0.344,115.641,118.159,110.587,105.512,99.4601,302.304,-1.59194,-2.70176,-0.0606703
0.3445,115.645,117.711,110.327,nan,99.1857,302.274,-2.21494,-0.601177,-0.238317
0.345,116.224,116.439,110.627,nan,99.385,302.192,-3.54886,0.179267,-1.96203
0.3455,115.583,116.709,110.912,107.981,99.4001,302.16,-3.87682,0.755191,-1.30272
0.346,115.472,116.319,110.835,108.517,99.409,302.285,-2.73979,0.45984,-0.940662
0.3465,115.756,115.758,112.503,109.216,99.5654,302.147,-0.260349,2.16902,-1.58587
0.347,116.016,116.432,113.768,nan,99.5656,302.19,-0.870699,1.43765,-0.860573
0.3475,117.034,116.031,115.778,112.285,99.6637,302.22,-1.02948,1.49224,-0.863384
0.348,117.842,115.308,116.76,111.494,99.5646,302.198,1.47897,1.16676,-0.894232
0.3485,118.171,116.764,117.476,111.415,99.6517,302.118,-0.87175,1.68612,-0.348643
0.349,119.173,117.699,119.239,111.486,99.4656,301.986,-0.114556,1.33292,-1.22792
0.3495,120.78,116.968,119.679,nan,99.6805,302.001,2.0294,1.04693,-0.00230636
0.35,120.313,117.515,119.145,nan,99.71,302.05,3.33182,0.570017,-0.612974
0.3505,120.083,116.656,120.304,112.9,99.673,301.996,3.84589,-0.0442381,0.736511
0.351,120.665,116.293,119.547,111.989,99.5665,302.145,2.5577,0.545764,0.312332
0.3515,119.075,114.256,119.9,111.787,99.6258,301.951,2.57891,-1.43505,0.387616
0.352,117.55,113.42,118.367,nan,99.5098,301.96,0.676181,-2.02577,0.539553
0.3525,116.995,112.651,116.402,111.509,99.4665,301.885,-1.01596,-3.59868,2.17487
0.353,114.907,111.082,116.689,112.379,99.5157,301.887,-0.193167,-1.39981,1.30823
0.3535,113.648,109.148,115.595,113.209,99.544,301.926,0.724763,-1.35961,2.01531
0.354,112.682,108.941,114.818,nan,99.6042,301.93,-1.17973,-1.87944,0.145646
0.3545,111.394,107.793,114.809,114.364,99.384,301.854,-0.505416,-1.14912,-0.604817
0.355,110.306,106.596,114.848,113.805,99.3816,301.842,-3.24471,-0.714674,0.630247
0.3555,109.876,105.745,114.495,113.703,99.3658,301.75,-1.32011,-1.7353,1.02233
0.356,109.618,106.761,114.405,115.022,99.2317,301.764,-2.71686,-0.902744,1.24383
0.3565,110.337,106.515,115.191,114.592,99.2025,301.73,-1.83701,-0.133848,1.62709
0.357,109.657,107.365,115.125,115.334,99.393,301.729,-0.639349,1.53354,0.916165
0.3575,109.859,107.944,114.334,114.449,99.3277,301.745,-1.40604,0.524733,0.647512
0.358,111.018,107.718,114.965,112.554,99.2749,301.671,-1.62827,1.76004,-0.379357
0.3585,109.83,108.018,113.629,nan,99.0896,301.735,-0.565051,1.62927,0.0318392
0.359,110.368,108.49,113.567,111.249,99.1497,301.59,-0.826469,1.79599,-2.18609
0.3595,109.737,107.94,112.209,109.23,99.1698,301.653,0.182597,1.0025,-0.811798
0.36,108.348,106.917,110.194,111.124,99.006,301.552,3.61972,0.642419,-0.60305
0.39,105.914,108.975,106.825,nan,97.6825,300.91,-3.20239,-2.7581,-1.377
0.3905,107.869,110.233,106.582,nan,97.5951,300.955,-2.15389,-0.717769,-0.992127
0.391,109.13,111.21,107.596,nan,97.7188,300.902,-0.210421,-0.594454,-1.22468
0.3915,110.311,112.85,107.149,109.737,97.6792,300.962,1.10805,0.0479438,0.664993
0.392,110.793,113.449,107.71,108.506,97.6638,301.039,1.13213,0.639021,-0.688259
0.3925,111.88,114.125,108.195,108.984,97.6686,300.933,2.39877,-1.18735,1.22124
0.393,112.312,115.017,108.327,106.757,97.5541,300.978,1.37952,0.131065,0.643438
0.3935,111.417,114.275,108.12,105.298,97.7209,300.993,1.86462,-0.478111,0.99465
0.394,112.439,114.128,107.843,nan,97.7084,300.986,2.49868,2.38229,1.7641
0.3945,111.831,114.574,107.398,105.309,97.8516,300.975,2.92977,4.07724,0.804674
0.3945,111.486,113.944,106.489,nan,97.8258,300.859,2.31033,1.95682,0.791748
0.3955,111.701,114.769,106.551,103.939,97.7252,301.059,0.733955,2.52848,-0.670563
0.396,112.958,114.215,106.505,nan,97.9569,301.01,0.551879,1.91094,1.66047
0.3965,113.183,114.123,107.279,nan,97.8881,301.013,-0.812723,0.432449,1.81863
0.397,112.89,115.191,107.339,105.748,97.9545,301.001,-1.07516,0.914773,1.09787
0.3975,114.778,115.156,108.849,106.907,98.0238,301.005,-2.3589,-1.3164,0.777357
0.398,115.938,117.446,111.104,nan,97.9218,300.991,-0.691014,1.04348,-2.07141
0.3985,117.222,117.721,112.037,nan,98.0384,301.002,-1.57152,-0.36328,0.630247
0.399,118.304,118.766,113.149,107.999,97.9941,300.923,-1.13449,0.0858486,1.57792
0.399,118.937,119.261,115.082,108.364,98.202,301.045,-2.16888,-1.28658,-0.518006
0.4,120.645,119.41,116.079,nan,98.0798,300.992,-2.42285,-0.746308,0.185745
0.4005,120.257,118.84,116.828,nan,98.0148,300.976,-2.75915,-3.5571,0.969203
0.401,120.471,119.158,117.263,108.467,98.3035,300.995,0.268198,-3.5997,0.0293123
0.4015,119.972,117.934,117.24,nan,98.1566,301.071,-0.330275,-3.03315,-0.48986
0.402,119.198,116.708,117.612,109.685,98.1534,301.008,-0.140346,-1.6525,-1.1227
0.4025,118.868,114.948,117.414,nan,98.2645,300.941,1.25172,0.273997,-1.8207
0.403,117.656,114.98,116.99,nan,98.0198,301.018,0.302568,-0.469584,-1.13761
0.4035,116.156,113.079,117.183,109.548,98.1168,300.933,-0.714179,0.0307116,-2.28292
0.404,115.099,111.864,116.219,nan,98.1442,301.021,-0.124083,1.23366,-1.84165
0.4045,114.55,110.334,116.136,109.461,98.0427,300.968,1.29433,-1.52724,-0.761564
0.405,114.644,110.837,116.519,nan,98.2105,301.033,2.62913,0.223557,-0.951287
0.4055,114.025,110.029,116.525,nan,98.1781,301.1,2.83816,0.539923,-0.159112
0.406,114.008,110.341,115.684,112.511,98.0304,301.052,2.10388,1.28807,0.808836
0.4065,113.842,109.943,116.982,113.25,98.0929,300.896,1.97116,2.48144,0.812987
0.407,113.975,109.72,117.098,nan,98.054,301.012,-1.04921,3.90067,-0.583835
0.4075,114.208,110.388,117.651,115.097,98.1749,300.943,-0.0943067,1.40195,0.393081
0.408,113.207,109.498,118.655,114.943,98.0568,301.027,-0.836617,1.16983,-0.461227
0.4085,114.279,109.304,118.956,115.079,98.1054,300.932,-1.0723,0.723203,-0.0762289
0.409,112.608,109.485,118.186,116.055,98.1281,300.978,-1.88839,0.850919,0.975323
0.4095,111.755,109.17,116.416,114.336,98.0926,301.031,-4.00965,1.31873,2.36008
0.41,111.373,108.491,116.252,nan,98.1213,300.956,-2.20278,-0.401699,1.68132
0.4105,109.566,107.059,115.117,113.705,98.0659,301.005,-2.23411,0.0949123,1.53501
0.4105,108.107,106.094,113.658,nan,97.9577,301.052,-4.04621,-0.898072,-0.48424
0.4115,106.538,105.368,113.069,112.244,98.1391,300.918,-2.57657,-0.2878,0.00778859
0.412,105.017,104.546,111.169,112.332,98.0168,300.995,-2.02535,-2.06271,0.383026
0.4125,104.937,104.063,109.974,113.063,98.1249,300.945,-0.017299,-2.05334,0.74376
0.413,104.912,104.456,108.669,111.722,98.0299,301.034,0.737353,-2.24314,0.354144
0.4135,103.972,104.401,108.259,110.702,98.0579,300.983,-0.998189,-1.7797,-0.164231
0.414,105.234,105.216,107.374,110.672,98.1691,300.917,0.243348,0.461452,0.601807
0.4145,104.811,106.769,106.746,nan,98.1854,300.964,1.821,-0.198951,-0.466146
0.415,105.817,107.541,107.383,111.309,98.1352,301.031,3.11505,-0.935161,0.397603
0.4155,107.283,108.487,107.347,nan,98.3544,300.823,3.27594,-0.876374,-1.26607
0.416,108.005,110.191,107.32,111.189,98.36,300.915,4.19836,0.451011,-1.49071
0.4165,109.114,110.923,107.425,nan,98.268,300.937,1.43521,0.330184,-1.53522
0.417,109.138,112.113,108.165,111.629,98.5513,300.912,2.1069,1.15573,-1.74589
0.4175,109.411,112.091,108.292,110.272,98.4622,300.908,-0.0846473,2.17134,-0.570693
0.418,109.224,112.472,108.951,nan,98.5009,300.858,-0.638078,2.30963,-0.689655
0.4185,109.479,112.332,107.521,109.14,98.6159,300.926,-1.54537,1.44968,0.111646
0.419,109.4,113.343,106.926,107.662,98.6518,300.86,1.94717,0.824291,0.347912
0.419,109.108,113.374,106.567,106.66,98.702,300.798,-1.45987,0.681218,0.922542
0.42,109.788,113.247,106.337,105.462,98.8699,300.836,-0.900213,0.623654,-0.491417
0.4205,109.523,112.998,105,104.464,98.9125,300.8,-2.06739,0.315953,-1.28232
0.421,109.373,113.222,105.169,104.469,98.7452,300.853,-3.74135,0.974412,0.45202
0.4215,111.958,113.568,105.856,nan,98.9586,300.855,-2.84453,1.3593,-0.218824
0.4215,111.566,114.653,106.396,104.697,98.9961,300.873,-0.976672,0.509599,1.81379
0.4225,112.636,115.281,106.118,nan,98.9739,300.78,-0.846692,-0.141187,1.11267
0.423,115.09,115.996,106.754,104.291,99.1582,300.843,0.0785894,-0.44849,2.32551
0.4235,116.511,117.868,108.681,nan,99.245,300.829,-0.642063,-1.85551,1.24759
0.424,116.914,118.783,110.056,105.99,99.0444,300.785,-1.51468,-1.91529,1.32411
0.4245,117.957,119.378,112.036,106.883,99.3249,300.722,-0.918247,-3.1901,-0.52082
0.425,119.04,119.586,113.308,nan,99.269,300.752,0.766348,-1.75585,0.379347
0.4255,120.457,119.553,114.125,107.638,99.3421,300.742,2.75066,-1.83685,0.616837
0.426,119.991,119.471,114.657,nan,99.4779,300.689,3.173,-2.90264,0.555653
0.4265,119.558,118.899,115.763,108.327,99.3964,300.67,3.08308,-1.09366,0.0902404
0.427,119.362,117.445,115.586,107.082,99.4554,300.754,1.4016,-2.71868,-0.0337088
0.4275,119.148,116.649,115.613,nan,99.4493,300.632,0.692396,-0.88079,0.93506
0.428,117.233,115.246,115.861,nan,99.5148,300.661,1.4511,0.118845,-0.356393
0.4285,116.85,114.998,116.487,nan,99.5898,300.677,1.72084,2.42261,-1.25624
0.429,115.743,113.017,116.185,nan,99.4143,300.662,0.32549,2.1287,-0.896049
0.4295,116.742,112.296,115.918,108.71,99.5233,300.686,-0.270364,1.57356,-1.3109
0.43,116.326,111.892,114.662,107.977,99.3966,300.64,-2.17272,2.44086,-1.65923
0.4305,115.912,112.02,115.829,nan,99.4859,300.494,-1.98017,1.60661,0.13188
0.431,115.578,111.49,115.69,109.835,99.3843,300.565,-4.28614,1.55731,-1.86509
0.4315,116.123,112.605,116.828,110.65,99.4647,300.559,-1.86649,0.385401,-1.73042
0.432,115.162,112.264,117.721,111.072,99.3548,300.511,-1.67189,2.48605,-0.0843017
0.4325,116.242,111.012,118.384,112.177,99.4126,300.548,-2.21897,1.12749,-0.22299
0.433,115.432,111.922,118.47,112.42,99.4764,300.574,-0.770665,1.12388,-1.0055
0.4335,115.02,111.611,118.795,nan,99.5276,300.493,-1.52777,-0.512122,-0.575563
0.434,114.548,110.353,119.71,113.409,99.2307,300.382,-1.45045,-1.35851,-1.79801
0.4345,113.658,109.978,119.803,nan,99.4653,300.408,-1.94288,-1.99187,0.348187
0.435,112.754,109.009,118.475,114.449,99.3262,300.484,-0.898832,-1.20454,-0.00482257
0.4355,111.351,107.568,117.601,115.527,99.1183,300.424,1.48216,-0.667023,0.551627
0.436,109.662,106.63,116.804,114.39,99.2791,300.489,1.56087,-1.829,0.13493
0.4365,107.726,105.758,115.321,113.867,99.2901,300.387,2.70613,-0.745228,2.75043
0.437,107.172,104.584,114.567,113.438,99.1104,300.386,2.55465,-1.13588,0.513051
0.4375,105.896,104.234,113.236,113.205,99.0906,300.44,0.415555,-1.41907,0.699716
0.438,105.856,103.6,111.904,112.422,99.1323,300.331,1.00769,-2.07957,1.29431
0.4385,104.765,104.528,110.281,111.373,99.28,300.373,0.120418,-0.94649,-1.10652
0.439,104.131,104.554,109.415,111.584,99.1852,300.445,1.29681,-1.11858,1.11681
0.4395,105.52,106.108,109.18,nan,99.1698,300.313,1.21703,-0.879936,1.10844
0.44,107.246,107.438,109.168,112.477,98.971,300.401,1.18327,1.3819,0.311324
0.4405,107.244,108.345,109.477,112.838,99.1886,300.432,-0.895502,2.82942,1.84991
0.441,107.64,108.508,109.431,113.039,99.1668,300.261,-2.60221,2.6573,0.390613
0.4415,108.641,109.755,109.274,112.718,99.0556,300.34,-1.50024,1.8856,-0.0645489
0.442,108.837,110.163,109.76,112.72,99.1935,300.355,-1.95788,0.447052,-0.243994
0.4425,108.952,110.903,109.81,111.799,99.2184,300.323,-1.27757,1.60345,-0.727367
0.443,108.467,110.607,109.187,nan,99.0905,300.333,-0.928356,2.03652,-1.20268
0.4435,108.483,110.574,108.377,110.856,99.1392,300.208,-0.939426,0.700526,-1.24812
0.444,108.233,110.897,108.326,110.166,99.1512,300.196,-0.883425,0.875921,-1.58723
0.4445,107.61,110.519,107.732,109.77,99.1352,300.278,-0.874304,1.83523,-1.42793
0.445,107.281,111.345,106.756,nan,99.0957,300.254,-1.78694,-0.367678,-1.53806
0.4455,107.916,111.327,105.214,107.465,99.1351,300.221,-0.380554,-0.664092,-1.40273
0.446,108.673,111.588,105.144,107.033,99.2201,300.243,0.741879,-0.502237,-0.252215
0.4465,109.279,112.073,104.567,106.565,99.1127,300.265,2.29474,-2.32184,-1.61736
0.447,110.273,112.992,104.304,105.943,99.1684,300.292,1.92217,-2.06571,0.0869458
0.4475,111.596,114.575,104.567,104.353,99.2469,300.332,1.33072,-1.47722,-1.17752
0.448,113.958,115.451,104.989,105.15,99.3417,300.313,2.42918,-0.197665,-0.880385
0.4485,114.521,116.667,105.839,104.552,99.1872,300.198,-0.417303,-1.76677,-0.312968
0.449,116.315,118.544,107.392,nan,99.1663,300.253,1.133,-2.87313,0.677164
0.4495,117.972,118.762,108.561,nan,99.2396,300.265,2.78381,-2.26762,-0.271586
0.45,118.158,119.21,109.949,nan,99.2497,300.224,1.26963,-2.16185,2.01764
0.4505,118.884,119.478,110.68,105.548,99.3003,300.158,1.9753,-0.317858,1.12011
0.451,119.484,119.971,112.348,106.642,99.2013,300.324,0.933324,-0.269311,0.794525
0.4515,119.687,118.812,113.771,nan,99.1502,300.231,-1.69777,0.848536,0.22243
0.452,118.771,118.103,113.259,107.289,99.0462,300.284,-1.51068,-0.385396,1.55036
0.4525,118.275,117.845,114.063,106.726,99.3107,300.261,0.264527,1.60063,1.87991
0.453,117.576,116.917,114.121,nan,99.2687,300.289,-1.49884,2.5886,2.48178
0.4535,116.489,116.104,114.189,106.936,99.2426,300.23,-1.90137,0.529935,0.271587
0.4535,117.057,114.415,114.265,106.698,99.0555,300.245,-3.27038,0.335458,-0.0220735
0.4545,116.27,114.357,113.637,107.602,99.21,300.366,-2.01506,1.23656,1.59352
0.455,115.662,113.6,114.294,107.825,99.0151,300.305,-3.67145,2.3774,0.797668
0.4555,116.532,113.856,114.436,nan,99.0626,300.289,-2.66218,2.92648,0.480453
0.456,116.218,113.077,114.492,nan,98.8245,300.275,1.07472,2.09396,0.744906
0.4565,116.925,113.74,115.552,107.721,99.0424,300.35,1.68073,2.76941,-0.977556
0.457,117.707,114.351,116.647,nan,98.9451,300.297,1.64053,0.294414,0.527616
0.4575,117.503,113.987,117.696,109.274,98.77,300.334,3.15362,-1.61136,-1.5725
0.458,118.275,112.73,117.995,109.671,98.6894,300.378,2.35706,-2.02799,-1.52941
0.4585,116.823,113.642,119.3,110.803,98.7876,300.302,1.63489,0.10464,-0.852308
0.459,116.821,112.653,119.627,111.181,98.7585,300.373,1.66661,-1.55633,-0.145765
0.4595,115.886,111.405,119.698,113.671,98.5989,300.326,2.53589,-1.90532,-0.503481
0.46,114.938,110.318,121.058,nan,98.5431,300.387,1.60218,-1.83817,-1.15058
0.4605,113.212,108.881,120.189,112.972,98.3924,300.351,1.53284,-1.59427,-1.81228
0.461,111.367,108.161,119.414,113.925,98.2462,300.415,1.57859,-2.46106,-1.9288
0.4615,109.82,106.483,118.027,113.124,98.3223,300.437,-0.868208,-0.79753,-0.708512
0.462,108.467,104.87,117.074,nan,98.2457,300.447,-0.740233,0.0836503,-1.07245
0.4625,107.956,104.49,115.544,112.982,98.1442,300.354,-0.401052,-0.836254,0.439033
0.463,106.528,105.16,115.281,112.693,98.2035,300.493,-2.82858,-0.559171,0.503564
0.463,106.701,104.989,113.142,nan,98.264,300.415,-0.620362,-0.422961,1.4512
0.464,106.445,105.219,112.467,113.378,98.0264,300.472,0.369922,-0.540606,0.610318
0.4645,106.844,105.201,112.133,112.375,98.0435,300.556,-2.38849,1.05357,-0.552532
0.465,107.05,106.522,111.296,112.108,97.9957,300.407,-2.19473,-0.250734,0.286177
0.4655,108.525,107.562,111.54,112.657,97.8784,300.509,-3.96606,3.07116,0.913329
0.466,107.765,107.983,111.253,112.735,97.9075,300.475,-0.910771,2.05117,0.758163
0.4665,108.415,108.895,111.184,112.841,97.7478,300.644,-1.06415,3.31514,0.13716
0.467,108.491,109.52,111.282,112.909,97.7665,300.515,0.290761,3.18513,2.3991
0.4675,108.479,109.725,110.423,113.391,97.783,300.632,1.53572,2.86361,1.37851
0.468,108.067,109.535,111.432,nan,97.9021,300.591,-0.883866,0.561326,1.07585
0.4685,107.579,109.438,110.862,113.383,97.8074,300.725,2.00255,0.206116,0.457981
0.469,107.299,108.588,110.106,112.824,97.7627,300.65,0.261274,1.04754,1.50388
0.4695,105.811,108.833,109.15,113.122,97.6124,300.732,2.25526,0.4627,-0.477229
0.47,106.185,109.285,107.627,nan,97.8089,300.727,1.7928,-0.362736,-0.514845
0.4705,105.672,109.848,106.991,nan,97.6967,300.794,1.49731,-0.0251762,-0.733872
0.471,106.633,109.718,105.538,111.002,97.8411,300.816,2.82214,-0.579799,-0.4035
0.4715,106.743,110.854,104.79,nan,97.7777,300.759,1.78238,-2.40262,-0.456329
0.472,107.879,111.463,103.893,nan,97.8075,300.761,-0.182805,-2.74449,-1.76562
0.4725,109.573,112.319,103.908,107.06,97.8086,300.902,-0.900447,-1.87526,-1.18826
0.473,111.679,114.248,104.528,106.076,97.6961,300.919,0.473642,-1.59232,-1.04587
0.4735,112.886,115.63,104.69,106.445,97.9497,300.906,-0.859554,-1.86464,-1.32858
0.474,114.251,116.347,104.852,nan,97.7927,300.836,-0.781745,-0.837382,-0.870683
0.4745,116.014,117.4,105.848,nan,97.7993,300.87,-1.54262,-0.282151,-1.94055
0.475,116.052,118.51,107.786,106.83,98.0107,300.867,-2.59463,0.325595,-0.164801
0.4755,116.266,118.681,108.409,nan,98.0008,300.971,-3.93533,0.422658,-0.121505
0.476,117.323,119.131,109.973,107.064,97.9334,300.96,-3.06962,-0.856627,0.0815847
0.4765,117.434,118.106,111.253,107.112,97.9937,301.014,-2.91688,0.074153,0.555192
0.477,117.883,118.454,111.726,105.412,98.059,301.114,-1.76738,1.31251,-1.22412
0.4775,117.936,117.199,111.357,nan,98.0367,301.002,-1.20352,2.2949,0.815812
0.478,116.12,116.862,111.117,107.047,97.9976,301.031,0.426408,2.30813,-0.928694
0.4785,117.432,115.422,112.778,106.481,98.1548,301.083,1.29131,2.82116,-0.108671
0.479,116.918,115.895,111.507,106.217,98.0403,301.024,0.672762,1.80032,0.799486
0.4795,116.69,115.264,111.413,106.153,97.9394,301.073,0.851847,1.06586,1.32802
0.48,116.789,115.906,111.778,105.292,98.1846,301.141,1.48098,0.846099,0.375846
0.4805,118.14,114.454,112.018,nan,98.0671,301.151,2.71323,1.82355,1.55316
0.481,117.761,114.579,112.785,105.46,98.1974,301.178,3.9481,1.1272,-0.0524275
0.4815,118.159,115.842,112.883,105.497,98.0984,301.237,3.63186,-0.495187,2.26865
0.482,118.959,116.096,113.657,105.095,97.9852,301.242,1.99752,0.492497,0.969545
0.4825,118.672,115.051,115.421,nan,97.9733,301.269,0.301843,-1.02108,0.919254
0.483,119.503,115.779,115.843,nan,97.8718,301.255,0.143692,-2.16419,-0.783179
0.4835,118.966,115.451,118.538,107.834,97.9736,301.261,-0.605315,-3.74607,-1.92799
0.484,118.489,114.849,117.917,109.149,98.0036,301.322,-1.53992,-1.76654,-0.259061
0.4845,117.493,113.265,119.396,nan,97.9939,301.411,0.328177,-2.39153,-0.711381
0.485,115.609,111.305,120.433,nan,98.0481,301.162,-0.320394,-2.41515,-0.677214
0.485,115.139,109.74,120.198,111.934,97.8568,301.342,-2.71049,-0.139591,-0.751172
0.486,112.631,109.949,119.388,nan,97.816,301.416,-3.14407,-0.326817,-0.16456
0.4865,111.968,107.967,119.569,nan,97.8767,301.38,-1.69232,-0.80261,-0.9625
0.487,109.642,107.11,119.263,113.087,97.9245,301.41,-1.1323,0.522569,-0.650802
0.4875,109.451,105.792,117.55,112.307,97.8745,301.38,-2.9091,-1.22296,-1.90838
0.488,108.25,105.375,116.117,nan,97.8709,301.463,1.03323,0.649057,-0.814769
0.4885,108.236,105.276,115.712,111.672,97.8246,301.439,-0.885052,2.19669,-1.51578
0.4885,107.857,105.182,113.906,nan,97.6595,301.389,0.311949,1.06956,-0.883296
0.4895,107.342,105.875,114.224,112.858,97.7699,301.429,-0.18754,2.30733,-1.13749
0.49,108.039,106.119,113.795,112.702,97.8585,301.485,-0.703799,2.44019,0.895649
0.4905,108.795,107.009,113.249,nan,97.7572,301.53,1.6753,2.16799,0.559618
0.491,109.198,108.168,112.612,112.419,97.832,301.518,2.89306,0.993866,0.759323
0.4915,108.318,108.129,113.573,112.912,97.9934,301.599,4.90487,1.63942,0.00213603
0.492,107.826,108.051,113.772,nan,97.7723,301.466,0.849534,2.19221,-0.408072
0.4925,107.913,109.017,113.733,113.688,97.8885,301.586,3.34132,-0.00499538,-0.0452184
0.493,107.566,108.668,112.989,114.57,97.9053,301.505,1.95998,-0.266883,0.703206
0.4935,106.651,107.865,113.062,114.576,97.8336,301.557,0.905401,0.641089,1.59092
0.494,105.827,106.825,112.009,113.966,97.92,301.623,0.495438,0.596354,0.791913
0.4945,105.876,107.8,111.99,113.954,98.1548,301.619,1.63973,-2.39431,0.61128
0.495,105.487,107.731,110.263,113.22,98.0524,301.61,0.460971,-2.63528,0.708967
0.4955,105.259,107.145,108.738,114.288,98.0491,301.585,-1.02985,-1.51924,0.905787
0.496,104.781,108.438,107.879,113.474,98.1644,301.659,-2.30401,-1.35482,0.0865873
0.4965,105.814,108.326,106.969,112.517,98.2001,301.542,-2.20589,-0.568602,0.283801
0.497,106.66,109.637,105.62,110.68,98.1535,301.624,-2.0936,-1.32179,-1.37662
0.4975,107.384,110.864,104.764,nan,98.2294,301.651,-0.995766,-0.687459,0.180004
0.498,109.779,112.552,103.925,108.226,98.4413,301.623,-1.89587,-1.01,0.415558
0.498,110.932,113.862,104.213,nan,98.424,301.699,-1.01434,-2.322,-0.198481
0.499,112.115,115.825,104.351,nan,98.5081,301.605,-1.69996,-0.338695,1.27072
0.4995,114.164,116.228,104.947,106.945,98.6086,301.594,-2.31627,-1.36562,-0.421602
0.5,114.88,117.377,105.626,nan,98.5931,301.705,-0.958904,0.574097,-1.2892
0.5005,115.605,117.715,106.581,106.522,98.713,301.703,1.8788,2.00958,-1.42691
0.5005,116.129,117.961,107.234,107.016,98.7044,301.61,1.01498,2.1455,-2.70521
0.5015,116.036,117.403,109.229,nan,98.7591,301.649,1.42156,1.20122,-1.58075
0.502,115.119,117.373,108.559,nan,98.9349,301.695,3.17346,0.538724,-1.87556
0.5025,115.306,117.472,109.88,108.391,98.921,301.701,1.3317,1.48215,-1.74277
0.503,115.72,116.752,110.595,108.724,99.0811,301.747,0.843386,3.1441,-0.965999
0.5035,114.914,115.53,109.514,106.644,99.0465,301.705,1.83202,1.0157,-1.02111
0.504,115.375,115.574,109.499,107.449,99.0935,301.663,3.60866,2.46389,-1.2224
0.5045,115.876,115.262,110.385,106.573,99.1026,301.804,1.39553,1.63236,-0.568996
0.505,116.89,115.51,111.052,nan,99.23,301.664,1.70376,0.340439,-0.897294
0.505,117.591,115.843,110.445,104.845,99.1573,301.648,-1.86534,-1.22466,-0.167761
0.506,118.29,116.015,110.041,104.079,99.2055,301.681,-1.97012,-2.18307,1.20195
0.5065,118.704,117.109,110.435,104.1,99.3156,301.609,-3.4973,-2.33718,1.07307
0.507,119.922,117.609,111.148,105.347,99.2818,301.674,-2.60546,-0.527947,0.162766
0.5075,120.292,117.438,111.846,103.941,99.343,301.655,-1.39527,-1.1247,1.10875
0.508,120.22,117.046,113.309,105.351,99.3274,301.685,-1.5556,0.122295,1.34712
0.5085,120.705,116.845,115.26,105.351,99.3559,301.75,-2.15133,-1.22252,2.41558
0.509,119.802,115.689,116.097,106.422,99.303,301.801,-1.82325,-0.932107,2.07076
0.5095,118.381,115.335,117.627,106.593,99.3159,301.716,-2.40391,-1.35542,0.437449
0.51,118.048,114.551,118.854,108.376,99.2167,301.748,-1.01359,-1.60122,0.406535
0.5105,116.044,111.099,119.003,nan,99.2465,301.623,-0.679299,-1.20197,0.48772
0.511,114.974,110.885,119.537,109.528,99.2714,301.577,0.275535,-0.262345,1.23269
0.5115,112.718,109.408,119.826,nan,99.4146,301.672,1.08695,-0.559212,0.267331
0.512,112.153,108.332,119.137,nan,99.2257,301.671,0.462829,1.74785,1.03798
0.5125,110.816,107.29,118.951,110.636,99.2291,301.677,2.93109,-0.107243,1.59867
0.513,110.15,106.267,118.422,nan,99.173,301.615,1.56558,0.620704,-1.17828
0.5135,109.392,106.628,117.329,111.817,99.2104,301.645,1.22105,1.52867,-0.0238963
0.514,110.979,106.565,115.8,nan,99.2055,301.767,2.47492,1.57638,-0.724843
0.514,110.072,106.937,115.878,111.134,99.2669,301.654,2.87234,0.597136,-1.31506
0.515,110.363,107.355,115.137,111.266,99.1939,301.647,1.65252,2.47102,-2.4709
0.5155,110.824,107.555,114.872,110.788,99.1701,301.636,1.36483,1.17666,-0.617318
0.516,110.274,108.971,114.277,111.634,99.0763,301.664,-0.23733,1.62915,-1.47996
0.5165,110.306,107.682,114.834,111.403,99.1034,301.551,-0.854352,0.309528,-0.598299
0.517,109.048,107.959,114.914,112.246,99.2581,301.623,-0.607079,0.102181,-1.23606
0.5175,108.996,107.334,114.887,112.744,99.05,301.657,-0.903416,-0.48496,-0.751719
0.5175,107.85,107.353,114.891,113.438,98.9519,301.609,-1.67884,-0.730206,-2.16241
0.5185,107.242,107.521,115.051,nan,99.1237,301.679,-2.22893,-1.95859,-1.94317
0.519,106.121,106.365,114.003,114.487,99.1332,301.57,-2.70584,-0.0808618,0.397482
0.5195,104.599,105.642,114.274,114.173,99.0619,301.633,-3.31722,0.169031,0.590688
0.52,103.773,105.244,113.067,115.528,99.2777,301.622,-1.24793,-1.11778,1.84261
0.5205,103.819,106.083,112.556,115.131,99.1395,301.581,-3.61922,-2.36702,1.53157
0.521,104.627,105.997,110.053,nan,99.1,301.753,-1.36041,-2.08626,1.3994
0.5215,104.959,107.291,109.211,114.505,99.258,301.659,0.514617,-2.73192,2.27347
0.522,105.772,107.818,108.164,114.742,99.1765,301.652,2.22527,-1.58707,0.618817
0.5225,105.862,109.174,106.926,112.706,99.1474,301.672,0.61966,0.640263,1.51506
0.523,106.87,110.785,105.658,113.043,99.2785,301.669,0.888308,1.32882,0.0715654
0.5235,109.089,111.587,105.564,112.788,99.2368,301.63,1.89202,0.0500931,0.467353
0.524,110.503,114.061,104.656,110.496,99.3301,301.67,0.047319,1.20706,0.224446
0.5245,111.516,114.251,105.085,nan,99.1385,301.585,0.454586,0.215199,0.571987
0.5245,112.803,115.628,105.187,108.242,99.3862,301.613,2.54623,1.62018,1.73812
0.5255,113.187,116.296,105.664,nan,99.384,301.658,3.81686,1.70682,1.98247
0.526,113.092,117.305,106.15,108.612,99.4563,301.716,2.38906,1.55193,1.56473
0.5265,113.324,116.532,106.918,107.89,99.3681,301.726,0.454062,2.44364,-0.264908
0.527,113.71,116.477,107.635,108.134,99.3399,301.601,-0.771268,1.21648,-0.275307
0.5275,113.588,115.644,108.516,107.492,99.4278,301.696,-0.991516,1.79105,-0.676865
0.528,113.49,115.513,108.46,nan,99.4303,301.672,-1.0202,1.39616,-1.09413
0.5285,114.588,115.391,108.389,nan,99.5241,301.747,-1.49317,1.0013,-1.20703
0.529,113.859,115.819,108.988,108.324,99.4902,301.655,-0.12861,0.165214,-0.130714
0.5295,114.603,115.194,108.602,108.367,99.5113,301.737,-2.58762,-0.907523,-1.39432
0.53,114.956,116.157,108.525,nan,99.4117,301.766,-2.5107,1.17683,-1.50744
0.5305,116.234,117.7,108.142,nan,99.3835,301.75,-3.30505,-1.16173,-1.13005
0.531,117.714,116.805,108.747,106.25,99.5155,301.751,-2.59362,-0.765331,-0.44833
0.5315,118.831,117.072,108.545,106.021,99.4976,301.721,-0.765698,-1.77708,-0.84431
0.532,119.495,118.1,108.837,104.81,99.3734,301.826,-1.2666,-3.35758,-1.12831
0.5325,120.453,118.531,109.674,104.234,99.5314,301.766,0.971324,-2.29707,-0.298468
0.533,120.706,119.228,110.924,nan,99.3161,301.783,0.634726,-1.58625,0.101282
0.5335,119.906,118.388,111.859,104.232,99.3072,301.863,0.892891,-0.852094,0.316103
0.534,118.94,117.939,113.502,nan,99.252,301.749,0.760273,-0.0407249,0.519209
0.5345,120.547,116.171,114.566,104.952,99.2012,301.796,1.33993,-0.887223,-0.755176
0.535,118.903,115.184,116.641,105.846,99.1956,301.766,2.79018,0.652861,0.925603
0.5355,117.329,113.927,117.106,105.726,99.1342,301.782,2.16178,-0.198541,0.164007
0.536,115.361,112.064,116.744,107.009,99.1712,301.837,2.35085,-0.478807,1.29374
0.5365,114.354,111.208,118.898,107.755,99.0014,301.867,1.69495,1.04387,1.69215
0.537,114.42,109.869,118.717,108.338,98.8847,301.804,1.49052,1.51184,0.391821
0.537,111.874,109.227,118.683,nan,98.9759,301.825,-0.224058,1.92722,2.21679
0.538,112.371,108.025,118.671,nan,98.7439,301.818,0.388265,1.41407,0.999379
0.5385,112.59,107.507,116.723,110.495,98.7282,301.812,-0.154389,1.72496,0.754959
0.539,112.211,108.858,116.507,109.992,98.7103,301.923,-0.945235,0.67373,1.15088
0.5395,112.517,108.474,116.59,nan,98.6696,301.821,-1.09714,0.110484,0.749865
0.54,112.218,108.634,115.637,110.166,98.5319,301.949,-2.84635,0.681987,-0.19698
0.5405,113.27,109.891,116.132,nan,98.5212,301.802,-1.61471,0.302122,-0.603267
0.541,111.653,109.328,115.997,nan,98.6051,301.921,-4.45214,0.300335,-1.41905
0.5415,111.095,108.982,115.713,110.26,98.3841,301.974,-0.281188,0.813235,-1.54747
0.542,111.102,108.208,116.481,110.747,98.2716,301.922,-1.52971,0.13921,-0.649836
0.5425,110.659,108.091,115.675,110.423,98.2518,301.956,-1.24377,-2.10257,-0.941097
0.543,108.917,107.351,116.738,nan,98.2645,301.953,0.116944,-1.37233,-0.749928
0.5435,108.163,106.399,117.332,111.969,98.1924,302,0.501585,-2.12091,-1.50573
0.544,106.297,106.345,117.514,113.162,98.2265,302.049,0.16622,-3.20778,-2.01413
0.5445,104.955,105.484,116.898,112.931,98.1179,302.011,1.24376,-1.80776,-1.35172
0.5445,105.222,105.052,116.682,114.284,98.0737,302.026,0.95275,0.371012,-1.94174
0.5455,104.808,104.45,115.334,114.417,98.0479,301.995,1.84894,-1.0435,-1.71527
0.546,104.694,104.808,113.935,nan,98.0263,302.045,1.84481,-0.54294,-1.1984
0.5465,104.159,106.189,112.754,115.005,98.0663,302.023,2.08848,0.993217,-0.507812
0.547,104.507,106.81,112.158,nan,98.0792,302.139,2.47952,0.690445,0.760879
0.5475,105.429,107.705,110.611,114.901,98.0264,302.173,0.170702,0.97125,-0.410867
0.548,106.928,109.398,108.569,114.375,97.8499,302.105,-1.8708,-0.00675088,0.164198
0.5485,108.426,110.644,107.536,113.677,97.9806,302.098,0.701663,1.23566,0.090224
0.549,109.492,111.726,106.759,112.984,97.9946,302.26,1.67155,1.79621,0.343273
0.5495,109.613,112.904,105.496,nan,98.1147,302.243,-0.866388,2.16211,-1.03592
0.55,111.007,114.099,105.76,112.052,98.078,302.155,0.542954,1.43043,1.28107
0.5505,111.387,114.463,106.189,nan,98.043,302.266,-2.94812,2.57756,0.765768
0.551,111.632,114.246,106.177,nan,98.0007,302.175,-2.59674,0.971209,1.17951
0.551,111.613,114.334,106.885,109.772,97.9511,302.173,-3.62732,1.15437,1.42402
0.552,111.467,114.643,106.969,nan,97.9405,302.274,-2.97234,0.211438,1.50861
0.5525,111.73,113.956,107.837,nan,98.1624,302.244,-0.566331,0.429025,2.01958
0.553,111.569,114.327,108.539,nan,98.173,302.41,0.0689918,1.1954,1.55318
0.5535,111.84,114.263,108.23,nan,98.1744,302.267,-1.7961,0.354111,0.799268
0.554,111.94,114.025,108.404,110.07,97.9542,302.365,-2.20434,0.15029,0.0672714
0.5545,113.158,114.038,107.701,109.214,98.0813,302.395,-0.379968,-1.21972,-1.83743
0.555,113.959,115.318,107.035,108.349,98.0708,302.38,0.887723,-1.41389,-0.913587
0.5555,114.335,116.456,106.985,nan,98.0689,302.426,2.83974,-1.41051,-0.251149
0.556,116.74,117.333,105.865,108.592,98.221,302.383,1.84902,-1.7821,-0.941591
0.5565,117.722,118.674,106.112,nan,98.124,302.432,3.31343,-2.09927,-0.648515
0.557,119.379,118.863,106.374,107.151,98.1456,302.397,3.58303,-1.1651,-1.64718
0.5575,119.828,119.275,106.68,106.339,97.9804,302.433,2.95577,-0.672834,-0.887165
0.558,120.425,119.576,107.789,nan,98.1421,302.496,0.675814,0.516725,-3.22201
0.5585,120.739,119.017,108.353,105.134,98.0487,302.381,2.38928,-0.97498,-2.11532
0.559,120.44,119.287,110.316,104.377,98.1023,302.53,0.519978,-0.972417,-1.49466
0.5595,119.702,117.457,111.707,103.66,98.0763,302.454,0.0348376,0.133256,-2.702
0.56,118.308,116.197,112.895,104.37,98.0554,302.4,2.15118,1.79921,-0.0936345
0.5605,118.84,115.058,113.981,104.53,98.01,302.536,-0.812341,2.26077,-1.25851
0.561,116.357,114.444,115.014,104.497,97.9875,302.524,-1.69591,0.401004,0.172818
0.5615,115.896,112.526,116.697,nan,97.971,302.588,-3.34268,3.91774,1.19839
0.562,115.492,111.427,116.998,106.232,98.0261,302.586,-3.59375,1.28165,-0.189789
0.5625,114.777,111.192,118.544,107.088,98.1516,302.552,-1.29237,1.40423,-0.122185
0.563,114.5,110.926,117.836,108.197,97.8787,302.535,-1.19519,1.39221,0.00470605
0.5635,114.453,110.04,117.865,nan,97.9863,302.602,0.00859381,1.56074,1.30878
0.564,114.694,110.441,116.579,108.907,97.7865,302.568,-1.60465,2.08611,1.21157
0.5645,114.399,109.975,116.527,109.3,97.8051,302.485,-0.80498,-0.842066,1.10887
0.565,115.58,110.897,116.005,108.561,97.7636,302.581,-0.490084,-0.115525,2.9276
0.565,113.889,109.937,115.006,109.537,97.8759,302.488,0.575375,-1.09512,2.019
0.5655,114.15,110.129,116.039,109.839,97.9205,302.609,1.51639,-1.57159,0.565013
0.5665,113.368,109.73,115.935,nan,97.6435,302.597,2.58802,-3.27127,1.22385
0.567,112.464,108.963,116.335,nan,97.691,302.532,1.54312,-1.70509,0.190843
0.5675,111.721,108.527,117.096,108.637,97.6109,302.611,3.52212,-0.967232,0.992275
0.568,110.92,107.901,117.894,109.426,97.8382,302.597,3.74305,-0.854093,-0.318447
0.5685,108.615,106.314,118.217,nan,97.4462,302.626,2.25653,-0.713416,-0.371946
0.569,107.238,106.464,119.037,109.906,97.6848,302.578,2.07576,-2.00061,-0.255964
0.5695,106.605,105.014,118.184,111.898,97.6481,302.692,3.61814,-1.47817,0.397802
0.57,105.546,104.517,118.609,112.404,97.6683,302.627,1.48336,-1.71356,-0.553918
0.5705,105.492,103.867,117.451,113.242,97.7567,302.517,0.104348,-0.571347,-1.92319
0.571,104.835,104.308,116.811,nan,97.6328,302.572,-0.697644,0.717697,-1.52682
0.5715,104.618,105.209,116.222,nan,97.7671,302.616,-1.76809,1.28226,-1.12847
0.572,104.845,105.288,114.644,nan,97.6581,302.542,-2.28152,0.723975,-1.17246
0.5725,105.798,106.484,113.085,nan,97.7447,302.632,-2.73763,1.77147,-0.743922
0.5725,106.517,107.632,111.634,nan,97.9779,302.602,-1.31796,1.77229,-2.15063
0.5735,106.942,108.662,110.488,114.149,97.7548,302.56,-1.19019,0.995475,-1.05485
0.574,108.375,110.568,109.619,115.487,97.7471,302.585,-0.425008,1.08904,-1.44142
0.5745,108.993,110.945,108.517,113.907,97.9376,302.586,-1.30303,-0.230763,-1.17108
0.575,109.447,112.636,107.565,112.728,97.99,302.571,-2.39895,1.56467,-0.443681
0.5755,109.609,111.929,107.847,nan,97.9681,302.534,-1.07488,1.22362,0.191227
0.576,110.534,112.508,107.526,112.447,97.9908,302.561,0.389665,-0.0427479,0.489047
0.5765,110.005,112.697,107.853,nan,97.9736,302.563,-0.462265,1.40608,-0.312105
0.577,109.94,112.217,108.1,112.184,98.1775,302.539,2.18861,-1.84106,-0.366035
0.5775,109.175,111.693,108.702,111.208,98.2681,302.565,2.31556,-1.32894,0.354541
0.578,109.037,112.316,108.59,111.226,98.0873,302.468,3.25693,-0.780765,1.86635
0.5785,109.623,112.77,108.359,nan,98.383,302.487,2.54173,-2.36562,2.49249
0.579,110.411,112.827,107.748,110.81,98.3832,302.446,1.18913,-0.527013,1.07263
0.5795,111.036,113.981,107.397,111.496,98.4279,302.466,1.92267,-0.590684,0.762532
0.5795,112.251,114.013,107.519,nan,98.5389,302.478,1.12121,-1.87668,1.02079
0.5805,114.089,115.909,106.469,nan,98.4892,302.497,2.86918,-2.45185,0.841029
0.581,115.271,117.718,106.44,nan,98.6266,302.382,2.41035,-0.365475,0.228987
0.5815,116.174,118.309,105.568,nan,98.8061,302.354,-1.0578,-1.24839,0.494139
0.582,117.709,119.203,105.326,110.288,98.7327,302.458,-2.69236,0.659243,0.430127
0.5825,118.662,119.282,105.142,nan,98.6542,302.399,-1.78107,-0.496859,-0.133723
0.583,119.732,119.542,106.47,108.126,98.8272,302.371,-0.594814,0.973543,0.479052
0.5835,119.505,120.084,106.457,nan,99.0722,302.389,-2.01317,1.25889,0.751247
0.584,119.884,119.061,107.229,107.278,99.0855,302.321,-0.0862133,2.11042,-1.20974
0.5845,119.881,118.697,108.498,105.235,98.812,302.304,-1.62773,2.11587,-1.65388
0.585,118.982,117.061,108.63,105.191,99.1508,302.284,-2.28684,-0.385963,-1.63787
0.5855,117.818,116.491,110.673,nan,98.9579,302.386,-2.37163,0.964305,-0.713338
0.586,117.144,115.275,112.891,104.953,99.1684,302.302,-2.71643,1.32538,-0.749197
0.5865,116.732,113.275,114.137,nan,98.9215,302.254,-1.47837,2.76215,-0.676632
0.587,116.321,113.253,114.284,104.828,99.1171,302.272,1.21973,0.622896,-0.734388
0.5875,116.123,112.893,114.44,105.954,99.249,302.236,1.36705,1.69468,-0.367833
0.588,115.59,112.494,115.15,105.904,99.0921,302.178,0.87796,0.880503,0.312587
0.5885,115.173,112.258,116.018,106.366,98.9809,302.173,1.17102,-0.197945,-1.61347
0.589,116.527,112.616,115.652,107.74,99.1836,302.128,1.19149,-0.380817,-1.51726
0.5895,116.29,112.145,115.98,nan,98.9345,302.102,3.21284,-0.232783,0.567421
0.59,116.499,111.912,115.23,108.158,98.9886,302.184,3.736,-1.07161,-0.455518
0.5905,116.444,112.512,115.294,108.681,99.1367,302.03,2.43201,-2.71538,0.593654
0.591,115.608,112.734,115.406,nan,99.1246,302.122,2.90294,-1.51697,0.934228
0.5915,115.329,111.243,115.351,nan,99.0739,302.036,1.81242,-0.845536,0.979703
0.592,114.67,111.231,115.637,nan,98.8659,302.019,0.195096,-1.97633,1.99717
0.5925,113.808,109.577,116.168,107.479,99.0849,302.049,-0.908137,-2.97223,0.482735
0.5925,112,107.923,117.074,nan,99.0113,302.076,-2.04861,-1.81939,1.04744
0.5935,109.158,106.972,117.939,nan,99.0646,302.034,-1.04317,-0.196882,1.37983
0.594,108.876,105.852,119.041,106.725,98.9019,301.988,-0.83528,1.17905,0.574652
0.5945,107.774,105.696,119.214,nan,98.8631,301.88,-0.21144,0.814935,0.374122
0.595,107.066,104.567,119.261,107.802,98.9693,301.797,-2.35248,0.884809,0.982358
0.5955,106.047,103.936,119.018,nan,98.9329,301.911,-2.86153,2.1748,1.14073
0.596,106.389,104.205,118.762,110.691,99.0426,301.872,-2.82257,0.0979105,0.715109
0.596,105.903,105.072,118.512,111.671,98.8941,301.798,-0.804987,1.69881,-0.827428
0.597,106.152,105.145,117.37,113.355,98.8963,301.9,-0.947883,1.79721,0.951319
0.5975,106.501,105.782,116.619,nan,99.0966,301.782,0.182903,3.20355,-1.93323
0.598,106.176,107.232,114.657,114.119,99.0999,301.813,0.0898564,1.73764,-2.00892
0.5985,107.785,107.784,113.17,114.901,99.1135,301.714,1.05226,3.30198,-0.0984112
0.599,108.268,109.259,112.638,nan,98.9769,301.796,-1.47112,2.99775,-2.49129
0.5995,108.216,110.219,111.394,nan,99.1238,301.768,2.0459,-0.0862927,-1.86556
0.5995,108.891,110.438,110.66,114.536,99.2227,301.631,1.97337,0.479589,-1.47361
0.6005,108.808,110.499,109.14,nan,99.1975,301.739,3.08146,-1.08113,-1.74191
0.601,108.243,110.824,109.348,nan,99.0146,301.718,3.57442,-0.582216,-0.0458821
0.601,108.081,110.173,109.42,113.091,99.2284,301.726,1.62473,-1.92841,-0.999438
0.602,107.703,111.282,109.507,111.981,99.1195,301.724,2.23668,-1.59892,-0.19007
0.6025,107.686,111.556,108.625,111.294,99.1051,301.578,0.255071,-0.530852,-0.335306
0.6025,107.383,110.711,109.701,112.616,99.3612,301.65,-1.37798,-2.15867,-0.62097
0.6035,108.042,110.185,109.653,nan,99.3981,301.573,0.463142,-2.17752,-0.437112
0.604,107.586,111.307,109.896,112.174,99.2996,301.595,-1.17402,-2.54307,0.584108
0.6045,109.184,111.827,108.932,nan,99.3368,301.579,-1.17949,-1.36912,1.2353
0.605,109.801,112.711,108.414,112.787,99.3909,301.547,-2.17468,-0.67769,1.02825
0.6055,111.73,114.619,107.519,113.092,99.5921,301.426,-2.43302,0.420975,1.3651
0.606,113.685,115.881,106.262,112.853,99.3937,301.53,-3.02361,-0.328128,0.773562
0.6065,115,116.909,106.096,112.604,99.4963,301.504,-3.22801,-0.416516,1.02513
0.607,116.329,118.652,105.853,110.906,99.3791,301.466,-2.21977,-0.160738,2.56373
0.6075,117.545,119.005,104.162,111.049,99.5218,301.483,-0.324056,1.49467,0.700786
0.608,118.994,119.044,104.938,110.867,99.486,301.442,-1.99868,1.78267,0.650563
0.6085,118.328,119.685,105.124,nan,99.706,301.5,0.882362,2.67657,1.56677
0.609,119.27,118.739,104.349,nan,99.6437,301.321,-0.252749,1.31694,0.700429
0.6095,118.061,118.528,105.19,108.336,99.6715,301.344,-0.439111,3.2573,-0.0733892
0.61,118.077,117.539,106.468,107.445,99.6506,301.392,-0.451376,2.89017,-0.131641
0.61,117.802,117.078,107.657,nan,99.686,301.395,3.11324,0.65374,1.48934
0.611,116.83,115.932,109.073,105.55,99.5176,301.354,3.25786,0.924474,-0.380458
0.6115,116.824,114.982,110.216,105.764,99.6685,301.407,2.92503,-0.289424,-1.37824
0.612,116.766,114.669,111.627,nan,99.4534,301.36,2.60852,0.391173,-0.131969
0.6125,115.895,114.315,112.863,nan,99.39,301.407,0.661591,0.852066,-1.20215
0.613,116.514,114.009,113.654,104.394,99.5453,301.357,-0.128014,1.51393,-0.497006
0.6135,116.711,114.332,113.631,104.717,99.4468,301.26,1.45305,-1.36954,-0.126663
0.614,116.473,113.557,113.46,106.643,99.4167,301.377,0.217094,-1.97184,-0.406509
0.6145,117.622,114.261,114.067,105.224,99.3351,301.38,-1.09204,-2.25119,-0.843545
0.615,117.664,114.83,113.997,nan,99.4317,301.343,-2.15411,-1.3176,-0.792975
0.6155,118.643,114.058,113.342,106.725,99.2859,301.358,-1.72054,-2.24828,0.34449
0.616,117.497,112.83,113.847,106.849,99.2161,301.332,-3.64697,-1.85923,-1.87299
0.6165,118.021,113.496,113.43,106.972,99.1929,301.341,-3.28991,-1.97192,-1.06683
0.617,116.18,112.139,114.011,107.065,99.0932,301.31,-3.16043,-0.156172,0.432697
0.6175,116.011,111.36,114.982,nan,99.0102,301.266,-2.80725,-0.641957,-0.306214
0.618,113.993,109.929,115.676,nan,98.9865,301.209,-2.75477,0.0947605,-0.277997
0.6185,112.412,108.727,117.192,nan,98.8546,301.356,0.531973,-0.107993,2.27569
0.619,111.026,107.684,117.679,105.763,98.8147,301.276,-0.0407094,-0.314434,2.36017
0.6195,109.665,106.131,118.778,nan,98.6715,301.228,-1.05476,1.47859,2.20992
0.62,108.714,105.546,119.896,nan,98.819,301.118,0.112659,2.64893,1.38785
0.6205,108.006,104.19,119.301,nan,98.6604,301.249,-0.07365,1.75917,0.263224
0.6205,106.635,104.197,120.35,107.055,98.5484,301.263,1.65964,0.573484,0.765678
0.6215,106.097,104.696,120.354,108.39,98.5899,301.239,3.4417,0.186877,0.88613
0.622,105.63,105.865,119.237,110.291,98.5608,301.225,3.52018,2.2787,1.58588
0.6225,106.924,105.594,118.902,110.977,98.6432,301.273,1.08251,0.498019,1.13828
0.623,107.839,106.589,116.91,111.092,98.6671,301.306,2.6949,1.15031,0.626349
0.6235,108.102,107.798,115.781,111.48,98.5109,301.244,0.0231174,0.688666,0.603811
0.6235,108.306,108.024,114.355,112.182,98.4724,301.205,1.28543,1.42463,-0.625107
0.6245,108.245,108.245,114.413,112.887,98.2047,301.22,0.0243522,0.0653509,-1.48331
0.625,108.041,108.297,112.445,114.854,98.4598,301.298,0.910175,-0.861989,-0.462696
0.6255,107.899,109.512,112.28,113.618,98.3737,301.256,0.263902,-2.01098,-0.616686
0.626,107.725,108.679,110.905,nan,98.3491,301.245,-0.691417,-2.02877,-1.54179
0.6265,106.283,109.107,111.737,nan,98.258,301.211,-3.69899,-1.66021,-1.21923
0.627,106.814,108.999,110.747,nan,98.2591,301.303,-1.82606,-1.11913,-1.5239
0.6275,105.512,108.307,111.064,113.817,98.3997,301.192,-2.40821,-0.704171,0.329098
0.628,105.911,108.984,110.377,113.079,98.2214,301.276,-1.80809,-0.401924,-1.20784
0.6285,105.876,108.296,110.895,112.909,98.3599,301.32,-1.69973,-1.36987,-0.332685
0.629,106.51,109.747,111.645,112.712,98.2697,301.281,-0.699711,-0.895766,-1.34209
0.6295,107.103,110.299,110.297,112.646,98.0854,301.177,-3.14069,-2.39517,-1.84749
0.63,108.247,111.977,110.9,112.408,98.2954,301.249,-0.540045,-0.611078,-0.384331
0.6305,110.052,113.299,110.305,nan,98.316,301.325,-0.343199,0.545605,-0.248583
0.631,111.229,114.686,108.307,nan,98.1851,301.196,1.43167,2.16441,-0.509838
0.6315,114.244,116.202,106.716,114.317,98.3446,301.31,2.2307,2.89246,0.168809
0.632,114.434,116.866,106.039,113.818,98.3037,301.315,3.22459,1.85337,0.124429
0.6325,115.497,117.45,105.335,113.865,98.3412,301.282,1.60596,1.40141,-0.370012
0.633,116.4,118.112,103.655,nan,98.1825,301.338,0.991593,1.38962,-0.110997
0.6335,116.703,119.234,103.798,112.281,98.3442,301.293,2.54127,2.64319,1.2407
0.634,116.32,118.304,104.061,112.189,98.3789,301.372,0.664362,1.72641,0.455636
0.6345,117.173,118.185,104.465,nan,98.2092,301.247,2.75182,1.77761,1.2467
0.635,117.155,117.872,104.133,110.735,98.2668,301.295,2.47236,1.96599,0.69539
0.6355,116.058,116.975,105.795,109.576,98.3322,301.291,2.61236,1.49474,0.395306
0.636,116.385,115.961,106.939,nan,98.2138,301.148,-0.828273,0.675338,1.79433
0.6365,115.69,114.934,108.507,108.106,98.3338,301.268,-1.46196,-2.12298,1.00858
0.637,116.189,115.755,109.285,106.604,98.1135,301.268,-1.60137,-0.812209,1.18656
0.6375,116.581,114.95,110.581,105.94,98.3231,301.237,-1.72855,-1.34329,1.29246
0.638,117.069,114.535,111.149,nan,98.1641,301.236,-1.45297,-1.11849,-1.12302
0.6385,117.639,115.095,111.101,nan,98.1335,301.313,-0.81748,-1.58715,0.162521
0.639,117.822,115.622,112.904,nan,98.2296,301.276,-0.933075,-1.54023,-0.324841
0.6395,119.113,115.053,112.134,nan,98.1075,301.156,-2.29145,-1.19376,-0.785638
0.64,119.031,116.024,111.929,106.385,98.1223,301.333,-3.35521,-1.59619,-0.556357
0.6405,119.591,115.897,111.591,106.083,98.0871,301.289,-3.45788,-0.661807,-1.04859
0.641,119.636,115.73,112.383,nan,97.9415,301.262,0.372708,-1.90017,-0.764359
0.6415,118.741,114.904,111.887,nan,98.0286,301.267,1.03108,-1.13995,-1.69134
0.642,117.492,113.552,112.423,nan,97.9932,301.229,0.896282,0.365812,-0.916716
0.6425,117.134,112.099,112.848,106.707,97.9752,301.23,0.433952,1.00266,-2.09229
0.643,115.02,111.305,113.521,nan,98.0373,301.249,2.64598,2.27731,-1.36598
0.6435,113.609,109.742,113.948,nan,97.7635,301.248,2.3867,1.19635,-2.59411
0.644,112.018,109.188,115.532,106.639,97.9311,301.228,0.520254,1.4755,-0.436278
0.6445,111.46,107.245,117.708,105.97,97.8086,301.178,1.37817,2.31897,-0.907393
0.645,109.889,106.572,118.216,nan,97.7253,301.198,1.55444,0.733322,-0.847489
0.6455,108.16,105.801,118.783,105.865,97.6559,301.269,2.55935,1.64249,-0.663883
0.646,108.884,104.791,119.379,105.211,97.6937,301.24,2.11796,1.02274,1.0177
0.6465,109.221,105.838,119.75,104.585,97.514,301.233,0.139959,1.8677,-0.342857
0.647,109.134,105.662,119.911,nan,97.7662,301.257,-1.44043,1.29349,0.0867771
0.6475,108.328,105.764,119.652,106.805,97.6331,301.211,-2.62631,1.60359,0.333806
0.6475,108.847,107.089,119.653,nan,97.6516,301.211,-2.20307,-0.26895,0.0482355
0.6485,109.228,107.977,118.293,109.855,97.7003,301.241,-2.1111,0.501626,0.887829
0.649,109.45,107.88,117.829,111.313,97.5602,301.247,-3.15933,0.100032,0.0906752
0.6495,108.949,108.084,115.376,111.844,97.5497,301.251,-1.81437,-2.85209,1.58725
0.65,108.108,108.005,115.043,111.689,97.6144,301.186,-3.01677,-1.60084,0.852201
0.65,108.309,107.96,113.521,nan,97.7522,301.063,-2.47185,-1.42739,1.28358
0.651,107.524,108.301,112.845,112.181,97.4337,301.182,-1.09608,-0.0619034,1.94094
0.6515,105.919,107.545,113.503,nan,97.5789,301.152,-1.80333,-2.17908,0.704772
0.652,105.585,107.366,112.525,113.502,97.5507,301.17,0.832664,-2.52311,0.991461
0.6525,105.278,107.244,113.321,111.88,97.7417,301.092,1.7345,-0.628342,-0.0612678
0.653,104.854,105.879,113.014,111.347,97.5407,301.176,2.96757,-2.00489,-0.565212
0.6535,105.107,107.443,113.929,111.784,97.54,301.099,0.974759,-0.616017,0.636741
0.654,105.63,108.248,113.895,112.475,97.8763,301.077,-0.350012,0.0149069,-0.941165
0.6545,106.306,109.061,112.478,nan,97.8636,301.02,2.05875,-0.256498,0.100679
0.655,107.134,109.588,112.962,112.119,97.881,301.167,2.6496,1.0122,-1.09003
0.6555,107.954,111.254,111.874,112.878,97.8615,301.025,2.50352,0.758791,-0.936077
0.656,110.239,113.291,111.095,111.96,98.1563,300.992,2.31505,1.41119,-1.2005
0.6565,112.026,114.587,109.471,114.775,97.8957,300.962,1.93898,1.93826,-1.03749
0.657,113.602,115.836,108.924,nan,98.1443,301.086,0.875871,0.0344194,-1.29807
0.657,113.871,116.182,107.554,115.197,98.2309,301.023,1.01613,1.31307,-1.45278
0.658,114.699,117.417,105.973,113.755,98.1636,300.99,-0.954374,1.09356,-0.891753
0.6585,115.842,118.219,104.404,nan,98.1444,300.959,-1.64232,1.73587,-0.988725
0.659,116.07,117.677,103.451,nan,98.3314,300.973,-0.632024,0.803203,-0.101862
0.6595,115.612,117.963,104.611,114.57,98.2903,300.98,-0.60087,-0.0710851,0.358884
0.66,115.632,117.366,104.375,nan,98.3827,301.019,-1.36392,0.764811,0.580799
0.6605,114.84,116.878,104.121,nan,98.4859,300.87,-4.02918,-1.09042,0.961862
0.661,115.302,115.842,105.019,110.581,98.5816,301.011,-2.36552,-0.679164,0.537731
0.6615,114.762,115.536,107.387,nan,98.4825,300.95,-2.31863,-1.72367,0.492552
0.662,115.314,115.392,106.762,nan,98.6357,300.837,-2.08488,-1.26955,-0.06138
0.6625,115.824,116.189,108.272,nan,98.6161,300.86,-0.192185,0.635788,1.36636
0.6625,116.39,116.488,109.453,108.858,98.6864,300.948,1.14381,-1.82665,1.72172
0.6635,116.558,115.968,110.469,107.006,98.6539,300.829,1.18856,-3.42005,1.18612
0.664,118.009,116.317,109.987,108.585,98.6609,300.81,-0.308416,-2.10149,-0.206789
0.6645,119.348,117.28,110.208,nan,98.8233,300.842,1.86006,-1.71335,2.45441
0.665,119.859,118.004,109.48,nan,98.8271,300.797,1.78002,1.02849,0.638655
0.665,120.119,117.602,110.06,107.769,98.7582,300.648,2.76204,0.753255,0.0423876
0.666,120.513,117.455,109.729,108.197,98.7828,300.701,4.89418,1.76687,-0.235744
0.6665,120.285,116.773,109.257,107.486,98.8656,300.707,3.18086,-0.352803,0.0667203
0.667,119.637,115.87,109.38,nan,98.8451,300.747,1.9935,0.516729,-0.101766
0.6675,117.902,114.38,110.791,107.825,98.9033,300.61,0.637309,1.03999,0.260497
0.668,116.975,113.241,111.377,nan,98.5775,300.655,0.893149,0.911547,0.930219
0.6685,115.429,111.868,112.994,nan,98.8417,300.727,-0.898785,1.73614,-0.672662
0.6685,113.806,110.147,112.882,106.146,98.8589,300.598,-0.334201,1.13315,-1.44854
0.6695,112.272,109.613,113.479,nan,98.9013,300.551,-0.319756,2.15136,-1.18653
0.67,111.798,107.524,116.562,105.175,98.8121,300.586,-0.109851,1.10474,-1.3722
0.6705,110.687,107.103,117.261,105.401,98.8726,300.647,-1.94224,0.470721,-0.429608
0.671,111.465,106.552,118.845,105.234,98.8954,300.555,-3.10864,1.13684,-1.6776
0.6715,110.296,107.243,118.683,105.288,98.7737,300.454,-3.53906,0.104575,-0.497739
0.672,110.226,107.419,119.334,nan,98.7779,300.533,-1.92097,0.562593,-0.0410017
0.6725,110.253,107.008,120.316,nan,98.8553,300.45,-1.37907,-1.05982,-1.184
0.6725,111.32,107.705,119.162,105.366,98.7488,300.432,0.00286956,0.155937,0.208199
0.673,110.157,107.815,119,nan,98.749,300.539,0.48367,-1.6539,-1.29347
0.674,110.331,107.639,118.334,107.955,98.7135,300.467,1.02006,-2.34803,-0.229529
0.674,109.694,107.861,117.921,107.492,98.6379,300.499,-0.642527,-1.35973,0.856457
0.675,109.34,108.108,117.17,109.707,98.9038,300.496,0.218205,-2.37001,0.685291
0.6755,108.539,107.811,115.669,110.257,98.7156,300.459,2.86842,-0.680744,0.846899
0.676,108.031,106.779,115.828,110.233,98.9214,300.452,3.28501,-1.83821,1.98921
0.6765,105.943,106.513,114.975,nan,98.9234,300.447,3.55302,-0.395399,2.06287
0.677,105.566,106.347,114.877,nan,98.6992,300.435,1.76198,0.276772,0.736047
0.6775,105.474,106.24,115.02,111.135,98.9463,300.298,1.40316,1.47475,-0.0461945
0.678,104.089,105.756,115.508,111.178,98.839,300.376,1.26395,0.621298,0.683025
0.6785,104.095,105.539,115.256,110.437,99.1038,300.333,-0.402214,-0.0511185,0.565865
0.679,104.055,105.822,115.629,nan,98.8766,300.294,1.75263,0.662997,-0.164521
0.6795,103.965,107.388,115.069,nan,99.0094,300.306,0.742565,1.13985,1.13373
0.68,105.984,108.422,114.528,nan,99.014,300.378,0.834862,1.30207,-0.541425
0.6805,107.719,109.68,114.121,112.33,99.1742,300.302,0.0321242,1.05544,0.48222
0.681,108.346,111.076,113.873,111.775,99.1248,300.372,-2.41481,2.49906,0.863122
0.6815,109.082,112.519,112.708,112.036,99.2749,300.273,-2.2024,1.58723,0.902423
0.682,111.167,114.04,111.446,112.133,99.1975,300.224,-4.45228,1.04665,0.251842
0.6825,112.078,115.241,109.411,112.972,99.3359,300.272,-2.25284,0.217163,-1.32705
0.683,113.191,115.348,108.254,114.253,99.3029,300.233,-0.971229,-1.40071,-0.950428
0.6835,113.6,116.8,107.31,114.483,99.3533,300.267,-1.18079,0.771993,-2.29254
0.684,113.302,116.733,106.53,nan,99.4229,300.27,-0.150382,-0.40394,-1.05831
0.6845,113.596,115.959,105.677,114.745,99.4756,300.201,-2.7446,-1.18575,-1.01039
0.685,112.593,115.935,104.896,nan,99.5816,300.223,-2.57608,-1.1426,-1.98404
0.6855,113.75,116.14,104.656,113.949,99.5996,300.201,1.14117,-0.0271966,-0.934212
0.686,113.407,114.966,104.553,114.511,99.6161,300.277,1.37883,-1.88878,-0.597584
0.6865,114.026,115.021,105.458,nan,99.5932,300.217,2.92634,-2.86119,-0.451535
0.6865,114.502,115.154,106.816,nan,99.5179,300.146,2.77165,-3.11769,-1.88303
0.6875,114.672,115.336,106.937,111.696,99.7317,300.162,3.57963,-1.02341,-0.518823
0.688,115.685,116.541,107.455,nan,99.6021,300.146,1.07279,0.953155,-0.14162
0.6885,116.482,116.812,108.338,110.312,99.4301,300.183,0.433081,-0.217102,0.609861
0.689,117.126,117.607,109.727,109.798,99.7654,300.107,-0.846607,-0.935464,-0.347635
0.6895,119.009,118.194,108.51,108.476,99.6217,300.258,0.424957,-1.33153,2.30038
0.69,120.007,118.496,108.239,109.02,99.789,300.178,0.943591,-1.23699,1.6282
0.6905,120.072,119.319,107.733,108.04,99.6408,300.159,-0.160726,0.943161,1.05172
0.691,121.048,118.469,107.333,nan,99.6316,300.148,0.229601,-0.0591911,0.940172
0.6915,120.617,117.658,108.129,nan,99.7223,300.197,-3.80685,-0.258507,-0.419782
0.692,120.213,116.581,107.994,109.323,99.6062,300.168,-2.01843,2.62685,1.05675
0.6925,118.822,115.712,107.702,108.769,99.443,300.185,-2.49348,1.47749,0.0436172
0.693,117.297,114.724,108.513,107.713,99.5983,300.177,-1.29424,1.30372,1.44741
0.6935,117.139,113.314,109.281,108.274,99.3767,300.203,-1.3421,2.32548,1.87093
0.694,115.848,111.999,109.685,nan,99.3673,300.26,-0.657925,0.344754,1.14012
0.6945,114.44,110.511,111.351,107.859,99.5015,300.281,-1.92378,0.739728,-0.320917
0.695,113.407,109.875,112.989,107.388,99.261,300.244,-2.36654,1.08358,0.16676
0.6955,112.82,109.193,113.452,106.289,99.3146,300.205,-0.659919,0.437263,-0.0570256
0.696,112.494,108.141,115.418,nan,99.3405,300.251,-0.239748,-0.561526,-0.661841
0.6965,112.184,108.645,116.748,104.139,99.1308,300.298,2.69809,-0.126278,-1.10273
0.697,111.561,108.722,116.93,104.282,99.111,300.241,1.57617,-2.34889,-0.769797
0.6975,112.811,108.63,119.387,103.401,99.1634,300.258,2.27322,-1.63113,-1.94666
0.698,111.892,109.364,119.136,103.81,99.035,300.252,1.6116,-2.23982,0.25517
0.6985,112.282,109.06,119.489,103.751,99.0611,300.302,1.08337,-0.259264,-1.23886
0.699,111.98,108.687,117.785,nan,99.0176,300.259,0.924703,-1.3874,-0.564176
0.6995,111.646,109.102,117.899,106.084,98.8596,300.27,0.474758,-1.35495,-0.28949
0.7,110.023,108.961,117.844,106.221,98.8657,300.339,2.72255,-0.345458,-0.582681
0.7005,110.148,107.153,116.566,107.897,98.7889,300.32,2.76963,-1.59633,-1.3611
0.701,108.709,106.819,117.181,108.117,98.8423,300.408,-0.547793,-1.08018,0.897063
0.7015,107.509,106.413,115.514,nan,98.8479,300.33,-1.67572,-0.954855,-0.194249
0.702,106.549,105.611,115.849,nan,98.5924,300.347,-3.22802,-1.32063,0.221261
0.7025,104.709,105.269,115.788,109.334,98.6845,300.394,-1.22759,1.53357,0.619799
0.703,103.053,105.163,115.488,109.768,98.6412,300.441,-2.97343,1.1706,0.256722
0.7035,104.202,104.053,116.426,110.577,98.6816,300.389,-0.961345,2.69447,1.24383
0.704,104.7,105.511,116.871,nan,98.665,300.433,-1.50667,2.00981,0.86422
0.7045,105.101,105.41,116.665,nan,98.4682,300.472,-2.58641,0.388533,0.418319
0.705,105.172,106.772,116.975,111.542,98.5653,300.48,-2.29743,1.91926,1.9335
0.7055,106.368,107.995,117.385,108.985,98.5536,300.555,-2.47541,2.88632,1.04135
0.706,107.649,109.969,116.834,110.121,98.5321,300.393,-0.724347,2.77088,1.02716
0.7065,107.884,110.433,115.84,110.549,98.577,300.559,1.02766,0.874211,0.765875
0.707,109.361,112.296,114.838,nan,98.6361,300.567,0.557449,3.02143,2.64374
0.7075,110.174,112.595,113.757,111.737,98.4787,300.497,1.47294,-0.0173768,1.34525
0.708,111.661,114.648,111.683,nan,98.5072,300.476,2.28075,0.29111,2.8463
0.7085,111.028,114.032,109.992,113.093,98.5101,300.634,-0.537516,-1.39005,-0.351553
0.709,112.055,114.373,108.979,nan,98.4881,300.536,3.21984,-3.0609,-0.505052
0.7095,111.355,113.871,107.847,nan,98.6101,300.689,2.34558,-2.29779,-1.05933
0.71,110.556,113.979,106.63,115.079,98.5786,300.631,2.12346,-1.75771,0.516261
0.7105,112.165,114.608,106.459,114.429,98.4871,300.672,2.06961,-0.498696,-0.0124369
0.711,110.959,114.168,106.27,115.339,98.4806,300.753,0.528227,-1.05758,-0.658186
0.7115,111.995,113.768,106.661,nan,98.5374,300.748,-0.578335,-2.33445,0.21554
0.712,113.096,114.403,106.114,nan,98.3114,300.657,-0.483704,-2.11885,-2.23889
0.7125,113.074,115.132,107.477,nan,98.5867,300.727,-1.82144,-2.59958,-1.66843
0.713,113.931,116.664,107.344,nan,98.4803,300.787,-1.80597,-1.41917,-1.12538
0.7135,116.185,116.804,107.247,111.668,98.5986,300.712,-2.27669,0.134497,-2.37006
0.714,117.115,117.919,108.58,110.91,98.4822,300.793,-0.951464,1.18511,-2.53821
0.7145,117.831,118.962,108.427,110.904,98.5056,300.908,-2.84226,1.16975,-1.38605
0.715,118.951,120.086,108.147,nan,98.3487,300.804,-3.26394,2.69855,-0.744648
0.7155,120,119.701,107.317,nan,98.4992,300.957,-2.23623,2.93399,-1.76242
0.716,120.96,118.977,107.742,110.503,98.4989,300.85,-2.77672,0.0697424,-0.275477
0.7165,120.434,118.601,106.489,nan,98.3528,300.866,-1.41924,0.104633,-0.18927
0.717,120.456,118.923,106.075,109.586,98.4081,300.883,0.282926,0.467382,0.443068
0.7175,120.19,117.38,106.256,nan,98.2922,300.953,0.820955,2.29388,0.0880342
0.718,119.125,115.24,106.692,110.138,98.3317,300.98,1.15939,2.89834,0.227619
0.7185,118.186,114.512,106.612,110.153,98.2691,300.991,-0.124398,1.63159,1.14749
0.7185,117.103,113.286,107.282,109.463,98.2771,300.991,2.57568,1.59683,0.537017
0.7195,115.03,112.228,107.797,109.66,98.2491,300.952,0.123401,0.14259,2.5753
0.72,115.536,111.737,109.792,108.968,98.248,301.062,0.832372,-1.39559,1.66156
0.7205,114.714,111.127,110.643,108.646,98.153,300.997,2.5388,-2.20885,1.01803
0.721,114.313,111.036,112.525,107.505,97.7868,301.068,1.77294,-1.12735,0.518304
0.7215,113.892,109.622,114.894,105.908,98.0385,301.116,1.78079,-1.36609,-0.148604
0.722,113.781,110.52,115.077,105.167,98.0833,301.133,2.21282,-0.926145,0.273088
0.7225,114.101,110.415,115.593,105.682,98.0097,301.016,-0.733625,-0.381482,0.387163
0.723,114.592,110.136,116.171,nan,97.9096,301.098,-0.429533,-2.23675,-0.895796
0.7235,113.957,110.833,116.791,nan,97.9349,301.174,0.0139927,-3.02494,-0.626601
0.724,113.702,109.717,116.905,104.517,97.7464,301.131,-0.866532,-1.36747,-0.537265
0.7245,113.088,109.212,117.319,105.081,97.7081,301.23,-1.40164,-0.229711,-0.750326
0.7245,112.642,109.705,117.475,nan,97.7874,301.111,-2.11679,0.550421,-1.504
0.7255,111.015,108.334,116.55,nan,97.7287,301.114,-3.95968,0.480451,-1.74731
0.726,109.702,107.503,116.072,106.823,97.5254,301.166,-5.4798,2.83853,-1.0194
0.7265,108.903,106.697,116.231,nan,97.5354,301.213,-3.8347,1.12317,-0.294119
0.727,106.875,104.765,115.549,106.953,97.5766,301.229,-2.02947,-0.0398121,-1.10729
0.7275,106.128,105.135,115.948,108.091,97.586,301.151,-0.333237,0.953196,-0.749023
0.728,104.598,104.24,116.774,nan,97.4111,301.239,0.257323,2.2054,-0.66202
0.728,104.711,104.376,117.386,107.945,97.527,301.175,0.272478,2.853,-0.279702
0.729,104.54,104.816,117.28,nan,97.5367,301.191,-1.20875,4.70728,-1.67596
0.7295,104.847,105.422,117.823,nan,97.4766,301.243,0.626488,1.79215,0.365355
0.73,105.165,105.967,118.196,nan,97.6189,301.328,3.66252,3.25465,-1.29098
0.7305,105.723,107.249,118.734,108.583,97.6792,301.331,2.28459,0.265557,-0.455274
0.731,106.921,108.528,119.175,107.824,97.4439,301.285,4.20902,0.175518,-0.470789
0.7315,107.722,110.051,118.139,nan,97.499,301.257,4.15747,-0.988181,0.0185386
0.7315,109.104,109.774,116.867,nan,97.6057,301.275,2.01614,-2.11047,-0.0947264
0.7325,109.607,112.036,116.756,109.775,97.5833,301.287,0.73114,0.27863,1.47842
0.733,109.048,111.66,115.472,nan,97.7617,301.32,-0.433956,0.306579,0.968871
0.7335,109.919,113.216,114.074,nan,97.7564,301.28,-1.08089,-1.36402,0.777042
0.734,109.38,112.643,112.488,111.014,97.6787,301.28,-1.5674,-1.45137,2.1074
0.7345,109.604,113.121,110.617,111.82,97.8682,301.217,1.51997,-0.389649,2.0348
0.735,109.043,112.255,109.158,112.975,97.928,301.292,-1.54569,-2.45513,2.04421
0.7355,108.572,113.02,108.917,113.941,97.8108,301.272,-1.57819,-2.67785,1.23189
0.736,109.767,112.62,107.948,114.659,97.8961,301.345,-2.04263,-1.4648,1.26363
0.7365,109.956,112.952,107.81,115.911,97.9359,301.319,-4.95397,-0.502121,-0.517571
0.737,109.985,113.542,108.27,115.718,98.0965,301.384,-2.22171,-0.864655,-0.45928
0.7375,110.738,113.17,107.104,115.32,97.9843,301.44,-2.00957,0.127817,-0.403099
0.7375,112.587,114.568,107.405,113.777,98.0995,301.456,-0.503556,1.16403,-0.523915
0.7385,113.751,115.613,107.781,114.04,98.2014,301.403,0.357217,0.140935,-0.8865
0.739,115.573,117.399,108.287,113.563,98.2095,301.42,0.696735,1.2734,-0.993064
0.7395,117.384,118.269,108.57,nan,98.1409,301.419,-0.86392,1.67633,-1.16553
0.74,118.937,119.464,108.583,112.61,98.1769,301.327,0.539288,1.1616,-0.13003
0.7405,119.069,119.749,107.736,nan,98.3857,301.422,0.787498,2.17642,-2.18678
0.741,120.336,120.224,108.015,111.49,98.401,301.404,3.14057,1.87165,-1.05762
0.7415,120.405,119.193,106.743,111.441,98.425,301.368,2.47095,0.762806,-1.53504
0.742,119.536,119.025,106.505,110.822,98.6222,301.492,2.6796,-0.467744,-1.10054
0.7425,118.53,117.816,106.284,111.48,98.4599,301.357,3.8524,0.344599,0.368843
0.7425,118.903,116.503,105.648,111.037,98.5063,301.457,2.57233,-0.781791,0.157419
0.7435,118.031,115.144,104.894,nan,98.4777,301.387,-0.475058,-0.281102,-1.07545
0.744,118.022,114.741,105.168,111.643,98.6148,301.38,-0.29521,-1.77904,-0.784018
0.7445,117.019,113.473,105.933,112.656,98.4822,301.407,-0.98903,-1.58754,-0.765859
0.745,116.326,112.901,106.925,110.49,98.5282,301.464,0.0111352,-0.912051,-0.595986
0.7455,116.511,112.243,107.22,111.607,98.6789,301.39,0.803123,-0.742889,0.174203
0.746,115.378,111.935,108.579,nan,98.5797,301.481,-3.83625,-1.65256,1.22547
0.7465,116.077,113.443,110.214,108.979,98.5158,301.394,-2.81993,-1.41901,0.924396
0.747,116.135,112.378,112.308,108.391,98.6686,301.433,-1.82837,-1.88939,1.55005
0.7475,117.209,111.904,113.201,107.27,98.5593,301.422,-3.22531,-1.78143,0.759443
0.748,116.809,112.343,114.108,107.262,98.4448,301.471,-2.54991,-0.20225,1.32755
0.7485,115.153,112.256,114.311,106.328,98.5218,301.329,-1.41225,0.346337,1.07763
0.749,116.587,111.257,114.8,nan,98.6498,301.365,0.0662734,-1.20214,0.650626
0.7495,114.879,111.619,115.733,105.312,98.5914,301.425,-0.742011,-0.0210913,0.377573
0.75,114.524,109.925,115.107,nan,98.5411,301.321,-0.363334,-0.831934,-0.361608
0.7505,112.681,109.419,115.808,nan,98.5836,301.357,0.0257632,1.30297,2.0596
0.751,111.508,107.828,114.839,105.098,98.5179,301.215,1.02047,1.92567,-0.225864
0.7515,110.149,106.492,115.132,105.061,98.4954,301.387,1.94623,0.934966,-0.779848
0.752,108.521,107.036,115.356,nan,98.4858,301.433,4.24443,2.42859,-1.11671
0.7525,106.795,104.628,115.462,nan,98.6341,301.404,2.46837,3.52668,-1.60154
0.753,106.833,103.705,115.61,107.829,98.6077,301.431,1.87621,0.953708,-1.20566
0.7535,105.815,103.909,117.12,107.889,98.5264,301.307,1.59699,1.60047,-1.8711
0.754,105.416,103.885,116.912,107.263,98.5959,301.469,2.65416,-0.576724,-1.67923
0.7545,105.837,105.23,117.929,108.785,98.526,301.356,0.627876,-0.993014,-2.49651
0.7545,105.711,105.742,118.373,108.549,98.8252,301.349,0.853325,0.912824,-1.97372
0.7555,107.306,106.037,119.572,106.97,98.6407,301.372,-0.0352744,0.71757,-1.90773
0.756,107.257,108.239,120.045,107.66,98.7773,301.44,0.660886,-0.236437,0.373595
0.7565,107.925,108.404,120.118,107.295,98.6712,301.291,-0.830328,-2.10053,-0.298275
0.757,108.393,108.798,119.468,106.609,98.8222,301.438,-2.08974,-2.11836,-1.2493
0.7575,108.143,110.394,119.124,107.549,98.6727,301.398,-3.76914,-2.54599,-0.366603
0.758,108.092,110.615,117.354,107.743,98.8801,301.335,-2.12957,-2.56903,0.741317
0.7585,108.532,110.119,116.436,107.047,98.8401,301.327,-2.18036,-1.49707,-1.54426
0.759,108.298,110.079,115.545,106.87,98.8916,301.337,-1.54417,-0.430326,0.56165
0.7595,108.366,110.387,112.965,108.727,98.9039,301.45,-1.41393,-0.938564,-0.756455
0.76,107.688,110.097,111.925,109.813,99.0662,301.404,-1.60369,0.646051,-0.585716
0.7605,106.893,110.609,111.776,110.526,99.0659,301.408,-1.90129,-0.144806,1.43745
0.761,107.672,110.706,110.675,111.824,98.9794,301.397,-1.54678,-0.374332,2.29193
0.7615,108.212,110.56,109.878,113.606,99.2389,301.376,0.0427224,-0.43425,1.81921
0.762,109.037,111.321,109.572,nan,99.0774,301.397,2.33637,1.10017,0.733978
0.7625,109.829,112.628,110.192,nan,99.1527,301.345,2.12636,1.08937,0.805749
0.763,110.51,114.42,109.819,113.554,99.4493,301.421,2.53147,2.48495,1.8341
0.7635,113.011,114.91,109.607,nan,99.3905,301.477,0.846845,2.84766,0.761082
0.764,113.765,116.685,109.247,113.879,99.4601,301.492,2.55267,2.64282,0.424693
0.7645,115.784,117.34,109.922,nan,99.6718,301.419,1.34649,0.684774,1.19547
0.765,116.158,118.713,109.207,114.061,99.5201,301.432,2.31424,0.405219,-0.259363
0.7655,118.127,118.936,109.21,112.302,99.5114,301.379,3.12638,-0.484693,-0.579025
0.766,118.119,119.613,108.36,112.796,99.431,301.443,1.18432,0.448295,0.453268
0.7665,119.186,118.994,108.426,112.986,99.6462,301.406,0.503497,1.4776,-0.929695
0.767,119.425,118.633,106.69,112.335,99.6928,301.405,-3.71058,0.71194,-0.814317
0.767,118.867,119.037,106.067,112.164,99.7064,301.514,-0.352687,-0.443921,-1.19596
0.768,117.411,117.782,105.86,111.596,99.6635,301.485,-1.76497,-0.745515,-2.67148
0.7685,116.976,115.998,103.697,111.954,99.5237,301.452,-0.46605,-2.06219,-1.4797
0.769,116.53,116.126,104.08,113.418,99.7013,301.51,-3.09381,-2.95648,-0.0041267
0.7695,116.839,114.866,103.626,112.731,99.5804,301.521,-1.88295,-1.45539,-1.30234
0.77,116.571,114.965,105.341,nan,99.8092,301.529,-2.46557,-2.35047,-1.31083
0.7705,116.577,113.58,105.558,nan,99.6561,301.553,-2.62055,-1.22664,-0.189691
0.771,116.92,113.994,106.339,111.466,99.6967,301.523,-1.01599,-0.695176,-0.493305
0.7715,117.446,113.923,107.644,nan,99.6812,301.637,-0.856143,-0.299182,-1.1309
0.772,117.931,113.947,109.198,111.552,99.5063,301.64,3.21404,-1.38187,-0.0883769
0.7725,118.755,113.869,110.399,110.398,99.5495,301.567,3.04748,-0.220692,1.06755
0.773,118.236,115.114,111.368,nan,99.4915,301.583,2.02921,-0.303725,-0.474024
0.7735,118.292,114.104,112.682,109.251,99.5382,301.683,1.76734,-0.72255,-0.0439404
0.774,117.045,113.496,113.151,107.061,99.6292,301.638,2.16891,1.60061,0.126654
0.7745,116.534,112.188,114.263,106.844,99.3719,301.652,2.4739,0.857164,1.32035
0.775,115.732,112.287,113.171,nan,99.3614,301.651,1.62784,2.12492,1.19833
0.7755,114.192,111.06,113.509,105.586,99.1757,301.745,1.57255,1.58469,1.33025
0.776,113.278,109.196,113.896,103.841,99.2622,301.722,2.76418,1.55322,0.584156
0.7765,112.067,107.368,113.833,nan,99.2408,301.721,-0.039542,0.896745,0.556916
0.777,109.966,106.933,113.268,105.47,99.3463,301.711,0.716756,1.94211,0.841421
0.7775,108.656,105.7,114.212,nan,99.165,301.761,-1.0515,1.27667,0.154139
0.778,107.636,104.412,114.432,nan,99.1529,301.688,-2.07029,-0.0843105,0.823367
0.7785,107.234,105.503,115.371,nan,99.1802,301.813,-0.598772,1.16437,1.47855
0.7785,106.623,104.962,115.348,106.699,99.0943,301.679,-0.343568,-1.43911,1.88966
0.7795,107.019,104.598,116.945,107.037,99.0143,301.754,-1.96862,-1.7755,-1.01161
0.78,107.197,105.256,117.425,106.959,98.9595,301.727,-3.64478,-2.09063,-1.69404
0.7805,107.592,106.643,118.603,nan,98.9139,301.915,-2.00013,-2.06747,-0.125759
0.781,108.183,107.598,119.611,106.721,99.0088,301.773,-3.26284,-2.12496,-2.10437
0.7815,108.223,108.089,119.695,nan,98.8403,301.787,-0.492307,-1.17057,-0.292221
0.782,108.466,108.654,120.013,nan,98.8328,301.858,-1.06673,-1.15859,-0.763191
0.7825,109.134,108.687,120.802,105.644,98.9123,301.889,1.46836,-0.376994,-0.349038
0.783,108.146,109.863,119.196,106.712,98.91,301.888,-0.216072,-0.831213,-0.798959
0.7835,108.082,108.899,119.067,105.728,98.8033,301.874,1.53521,-1.66651,-0.157341
0.784,107.229,108.957,118.38,nan,98.6623,301.924,0.83043,-0.402615,-1.43714
0.7845,106.446,108.824,117.271,nan,98.6588,302.009,1.69316,-0.144641,-2.35152
0.785,105.962,108.404,115.336,107.23,98.8273,301.972,1.95231,-0.223819,-0.928319
0.7855,105.518,108.828,113.824,107.694,98.6566,301.984,2.59462,0.984145,-2.85975
0.786,105.86,109.362,113.723,nan,98.9768,302.114,3.91908,2.92777,-0.625442
0.7865,105.937,108.331,112.243,109.919,98.7381,301.997,0.324153,1.24725,-0.65965
0.787,106.714,109.945,111.948,111.097,98.7452,302.021,1.95995,-0.0856783,1.53408
0.7875,108.445,111.608,111.354,111.7,98.6344,302.06,1.16888,0.889015,2.37076
0.788,109.191,112.945,110.983,113.344,98.8329,302.169,0.363629,1.80888,-0.612127
0.7885,111.215,113.575,111.356,113.312,98.7836,302.141,0.136283,2.0783,1.95594
0.789,112.39,115.429,111.574,nan,98.8042,302.124,-0.357915,1.92918,0.464297
0.7895,114.111,116.509,110.947,113.72,98.7512,302.214,-0.626623,1.52531,1.59077
0.79,114.776,117.547,112.162,nan,98.8662,302.171,-3.65487,0.311699,0.979972
0.7905,116.105,117.987,111.111,113.856,98.8137,302.308,-2.39259,0.907292,1.44187
0.791,117.837,119.06,111.329,112.79,98.7683,302.185,-4.71389,0.195319,1.39668
0.7915,117.432,119.201,110.312,nan,98.887,302.241,-3.21965,-2.25473,1.06469
0.792,117.565,119.112,108.584,111.685,98.7091,302.379,-1.33236,-2.28275,0.860516
0.7925,117.076,118.083,107.696,111.369,98.7335,302.324,0.40584,-1.37374,1.22938
0.7925,117.047,117.397,106.392,112.926,98.7916,302.348,-1.5208,-0.878034,0.0802832
0.7935,115.889,117.13,105.546,111.405,98.6247,302.292,0.577173,-1.13529,1.54039
0.7935,115.794,117.412,104.77,113.356,98.7599,302.323,0.367886,-2.02721,-1.21362
0.7945,116.271,115.511,104.358,nan,98.6627,302.413,1.07565,-2.33174,-1.40766
0.795,116.588,115.303,104.188,nan,98.5873,302.402,0.929406,-3.29089,-1.56934
0.7955,116.444,115.996,104.252,nan,98.6846,302.374,1.61139,-3.16521,-0.0640524
0.796,117.095,114.946,104.447,113.504,98.6005,302.367,3.18408,-1.28706,-1.59946
0.7965,117.693,114.622,104.864,nan,98.6246,302.46,3.60916,-1.18928,1.00175
0.797,118.45,116.325,106.633,113.202,98.5156,302.386,0.469514,0.25429,-1.31296
0.7975,118.611,116.7,107.573,114.084,98.4816,302.449,0.664522,0.775495,-0.215317
0.798,118.891,116.714,109.046,nan,98.4457,302.432,-1.10948,1.2561,-0.962809
0.7985,119.537,116.381,109.507,111.887,98.5039,302.511,0.614361,1.88498,-1.40246
0.799,118.563,115.919,110.688,nan,98.445,302.427,0.433001,1.27895,-1.01178
0.7995,118.229,114.384,110.755,109.959,98.376,302.507,0.294044,2.97045,-1.13038
0.8,117.362,114,111.664,109.202,98.2284,302.447,-1.28132,0.851725,-0.901674
0.8005,115.919,111.868,111.523,108.389,98.1759,302.496,-1.00014,0.882924,-0.131666
0.801,115.006,110.214,111.8,106.682,97.9909,302.449,-1.98275,1.76846,-0.257384
0.8015,113.208,109.333,112.642,nan,98.1343,302.533,-2.0236,0.419533,0.84292
0.802,111.919,107.588,111.851,107.012,98.0278,302.496,-2.19285,-0.550264,1.84503
0.8025,110.267,106.569,111.547,106.791,97.8649,302.544,-1.77165,0.333474,1.3349
0.803,109.384,105.953,111.995,nan,97.9515,302.537,-1.28279,0.959063,0.223624
0.8035,109.228,105.584,112.414,106.602,97.8231,302.64,0.205627,0.27224,0.635576
0.804,108.797,105.688,113.162,106.159,97.8287,302.615,-0.41944,-1.22627,1.05402
0.8045,108.359,105.388,114.207,nan,97.743,302.639,-0.59292,-1.17432,1.77391
0.805,108.819,105.959,115.342,nan,97.7836,302.616,1.22637,-1.28714,1.60443
0.8055,108.961,106.668,116.561,nan,97.6712,302.614,1.8343,-1.93069,1.88306
0.806,109.162,107.348,118.169,105.858,97.6402,302.607,3.19694,-2.03439,1.9351
0.8065,109.876,107.955,119.192,106.783,97.48,302.649,1.77668,-2.82083,-0.00528045
0.807,108.97,108.404,120.295,nan,97.5696,302.565,3.20183,-1.87418,0.0255519
0.8075,109.025,108.317,120.231,nan,97.5854,302.566,1.70843,-0.900185,0.124257
0.808,108.513,108.337,120.316,106.779,97.6773,302.622,0.924535,-1.35166,0.0235665
0.8085,107.542,108.183,120.871,105.306,97.4127,302.615,-0.700416,-0.698987,-0.722635
0.809,106.349,107.556,118.694,104.83,97.5653,302.522,0.853966,1.93231,-0.625758
0.8095,106.324,107.274,118.553,nan,97.3826,302.643,1.22667,-0.797581,-0.305922
0.81,105.451,106.556,117.688,nan,97.6851,302.613,1.06892,0.411917,-0.861865
0.8105,104.891,106.927,116.729,105.86,97.627,302.623,1.09482,1.24368,-1.5724
0.811,104.721,107.404,115.236,106.506,97.4704,302.702,-1.33387,3.89669,-1.38377
0.8115,104.928,107.224,114.525,107.194,97.7194,302.568,-4.28054,3.12627,-1.72476
0.812,105.135,108.829,113.473,107.932,97.7068,302.534,-3.08184,2.29503,-3.67757
0.8125,106.577,109.183,113.478,108.626,97.5174,302.568,-2.70785,0.951746,-1.41869
0.813,106.921,111.142,112.738,nan,97.7753,302.621,-0.396343,1.88077,0.000165825
0.8135,109.071,112.822,113.858,111.2,97.6562,302.591,-1.15683,1.43703,0.496009
0.814,109.913,113.677,113.541,111.307,97.8227,302.608,-0.881748,-0.73321,0.625056
0.8145,111.787,114.759,113.277,112.084,97.8259,302.574,-2.2444,0.101522,-0.387064
0.815,113.453,116.217,114.268,nan,97.6999,302.596,-1.31194,-0.689565,0.554514
0.8155,114.005,116.704,113.483,nan,97.8413,302.489,2.53856,-0.349572,1.55806
0.816,114.573,116.999,112.637,112.657,97.9333,302.467,0.384556,-1.73506,-0.543453
0.8165,115.353,117.965,112.533,112.553,97.817,302.535,2.23609,-0.679024,1.48603
0.817,115.129,116.658,111.176,112.628,98.0819,302.501,1.15155,-3.33322,0.789509
0.8175,114.996,117.485,109.414,112.334,98.0548,302.475,3.18005,-1.21049,0.201687
0.818,114.846,116.373,108.965,111.592,98.0208,302.566,0.342844,-2.21113,3.81073
0.8185,115.515,116.626,108.265,111.378,98.1272,302.575,1.52666,-2.44974,0.214229
0.819,115.15,115.689,105.709,nan,98.1908,302.586,0.354206,-0.394926,1.38366
0.8195,115.259,116.439,105.236,nan,98.2697,302.356,2.03712,-0.449822,0.986117
0.82,114.974,115.499,104.991,nan,98.1352,302.407,1.86288,-1.5056,1.14566
0.8205,116.38,114.996,104.447,113.127,98.2106,302.426,-1.08741,-0.431013,0.485697
0.821,116.405,117.459,104.686,nan,98.1593,302.478,-1.38952,0.179825,-0.287978
0.8215,118.078,116.746,104.538,nan,98.2639,302.432,0.890636,-0.347185,-1.53517
0.822,118.33,117.14,105.797,113.992,98.2553,302.456,-2.57947,-0.316205,-0.223089
0.8225,120.419,117.542,106.067,114.135,98.234,302.491,-2.62316,2.63118,-0.294267
0.823,119.458,117.568,106.928,nan,98.3077,302.354,-4.07561,1.42314,0.202835
0.8235,120.923,117.689,108.024,114.564,98.2723,302.342,-0.595355,2.32511,-0.778444
0.824,120.614,116.808,108.524,nan,98.3682,302.319,-0.47012,0.64471,-2.12469
0.8245,119.011,117.214,109.12,113.361,98.2815,302.416,-2.14115,2.56092,-0.869308
0.825,118.78,114.963,109.454,112.645,98.2835,302.302,-2.77853,-0.801716,-1.27764
0.8255,118.33,114.2,109.481,111.295,98.321,302.325,-0.413163,-0.311395,-0.945844
0.826,116.864,113.049,109.52,110.01,98.1793,302.229,-0.330544,1.56169,-1.21961
0.8265,114.297,110.973,109.151,nan,98.3861,302.224,0.865108,-0.958573,0.161187
0.827,113.446,110.083,109.799,nan,98.3919,302.254,1.6837,0.855116,-0.174097
0.8275,112.014,108.384,109.63,109.229,98.3632,302.25,2.11019,-1.80101,-1.1956
0.828,111.168,107.355,108.782,107.729,98.3117,302.26,2.71389,-1.10224,0.333125
0.8285,110.706,106.906,109.74,108.019,98.3224,302.178,2.91285,-1.22904,0.365898
0.829,111.409,107.456,110.543,108.122,98.2431,302.194,1.61216,-2.21772,0.137786
0.8295,110.587,107.493,110.985,108.436,98.1956,302.14,1.83238,-2.14621,-0.245145
0.83,110.489,106.94,112.696,nan,98.2369,302.269,2.11167,0.0485634,0.654021
0.8305,110.553,108.059,113.576,108.003,98.1979,302.142,1.21461,0.55115,1.26715
0.831,111.035,107.609,115.199,nan,98.237,302.111,1.73491,-1.22392,0.961464
0.8315,110.965,108.281,116.134,nan,98.2265,302.179,0.621188,-0.283384,0.528569
0.832,109.996,108.555,117.798,106.209,98.0902,302.089,-1.60046,-0.77991,0.942378
0.8325,110.462,107.296,118.73,106.725,98.225,301.957,-0.973718,-1.02841,1.97153
0.833,108.621,108.046,120.25,nan,98.407,302.029,-1.83002,-1.1233,1.62332
0.8335,108.006,107.175,120.232,106.536,98.4132,302.063,-1.80005,1.64661,1.55934
0.834,107.261,106.12,119.581,105.135,98.3847,302.042,-1.2582,0.953148,-0.069417
0.8345,106.752,106.434,119.156,105.364,98.4127,301.989,-2.37329,2.51941,0.404607
0.835,104.982,105.833,118.546,nan,98.4509,302.017,-2.7011,2.05339,1.77583
0.8355,104.584,105.637,117.866,nan,98.442,302.02,-1.80445,0.691895,0.984745
0.836,104.677,105.451,116.07,104.756,98.7198,301.939,-2.26192,0.765752,0.359152
0.8365,104.441,105.699,116.217,104.377,98.5197,301.951,0.905158,1.96877,1.03094
0.837,105.093,106.188,115.907,104.91,98.6313,301.963,1.51857,0.632394,-0.487819
0.8375,105.852,107.684,115.272,105.984,98.6396,301.851,1.39172,1.24768,-1.10843
0.838,106.603,108.634,114.586,nan,98.7562,301.904,3.77639,1.08785,-2.13008
0.8385,108.014,110.291,114.465,107.631,98.6317,301.917,1.3332,0.655067,-0.490109
0.839,109.444,112.058,114.494,107.858,98.7277,301.827,1.85584,-0.283652,-1.96657
0.8395,110.294,113.535,116.119,109.379,98.7647,301.807,1.85607,0.0792204,-2.49051
0.84,112.056,114.5,115.912,110.561,98.9206,301.828,2.79874,-2.14735,-0.460832
0.8405,111.39,115.286,116.19,111.495,98.9352,301.694,3.45524,-2.32251,-0.495336
0.841,112.402,115.597,115.317,111.219,98.9924,301.794,1.79078,-1.35644,-1.15083
0.8415,113.695,116.333,114.67,111.408,99.038,301.803,2.04448,-1.40443,-0.761663
0.842,113.353,116.418,113.567,nan,99.1394,301.794,1.84845,-1.74124,-0.18016
0.8425,112.855,115.563,113.332,111.512,99.2126,301.731,-1.62197,-1.1468,-1.33072
0.843,113.204,115.331,111.333,111.371,99.1896,301.831,-1.78947,-0.881304,-0.973166
0.843,113.494,114.881,110.199,110.908,99.3613,301.735,-0.4643,-1.2117,-0.874701
0.844,112.958,115.042,109.595,nan,99.344,301.728,-0.332127,-0.254305,1.10332
0.8445,113.9,115.049,108.387,110.877,99.3907,301.688,-1.02649,-2.00919,1.46358
0.845,114.168,116.29,106.527,110.534,99.4107,301.747,-1.23687,0.0879805,1.08258
0.8455,115.054,116.519,106.126,111.614,99.3984,301.766,-3.70221,2.48138,1.97153
0.846,116.141,116.041,105.294,nan,99.3532,301.696,-2.93532,2.5765,1.57844
0.8465,117.801,117.601,105.249,113.306,99.5772,301.631,-2.39585,2.13646,1.35854
0.847,118.01,117.858,104.652,113.204,99.5663,301.595,-2.04886,2.64379,0.559486
0.8475,119.334,117.783,105.719,112.914,99.721,301.599,0.544264,1.12323,-0.0025148
0.848,120.525,118.894,106.294,114.042,99.7419,301.631,1.12945,0.675666,-0.0420477
0.8485,120.158,118.51,107.029,114.778,99.5465,301.72,0.79614,1.61642,0.89001
0.849,120.044,118.557,107.677,114.503,99.6752,301.648,1.60365,1.54323,1.84553
0.8495,120.591,117.94,108.111,114.345,99.454,301.645,0.882812,1.53933,0.800875
0.85,119.643,116.452,108.655,nan,99.5007,301.612,0.790254,0.290023,0.351915
0.8505,118.593,116.079,108.276,113.518,99.5073,301.602,3.31283,1.08001,1.06959
0.851,117.553,114.155,108.703,113.615,99.6066,301.647,3.77662,-2.43193,-1.23627
0.8515,115.871,112.396,107.995,nan,99.5352,301.562,2.00245,-2.1445,0.462772
0.852,116.353,110.766,108.135,111.789,99.4506,301.624,1.21163,-1.8266,-0.644138
0.8525,113.732,111.242,107.641,nan,99.4768,301.506,0.781888,-2.52752,-0.661353
0.853,113.21,109.191,107.372,109.63,99.722,301.514,-0.318791,-2.61711,-0.548416
0.8535,112.306,109.01,107.461,nan,99.5878,301.613,-2.49398,-0.518936,-0.6348
0.854,112.485,108.846,107.771,108.778,99.4387,301.568,-1.8782,-0.292436,-1.01731
0.8545,113.252,109.07,108.938,109.1,99.3527,301.608,-1.27953,-1.70992,-0.0130697
0.855,112.679,108.289,109.222,108.909,99.2881,301.64,-1.26931,-2.43429,-1.62903
0.8555,112.989,108.031,110.845,nan,99.2985,301.561,-0.191942,-1.19792,-0.75611
0.856,112.508,109.2,112.269,107.689,99.2969,301.542,-1.78016,0.239136,-0.884908
0.8565,113.258,108.559,114.409,nan,99.3226,301.502,-2.79213,0.550317,-0.293078
0.857,112.104,108.868,115.337,109.158,99.3844,301.616,-3.59215,0.614,-0.242669
0.8575,110.779,109.42,115.847,108.37,99.176,301.561,-0.518872,0.322836,-0.424317
0.858,110.645,107.742,116.808,108.988,99.0871,301.51,0.387579,0.962805,-0.533579
0.8585,108.995,107.508,118.093,nan,99.1988,301.513,-1.77554,2.36767,0.908375
0.859,108.139,105.968,118.683,nan,99.114,301.537,1.0497,2.28886,0.0857077
0.8595,106.698,106.855,118.309,106.896,99.1273,301.481,-1.70971,0.193444,1.37843
0.86,105.648,104.859,118.777,nan,99.0661,301.521,1.23765,2.47747,1.33571
0.86,104.745,104.787,117.182,nan,99.0901,301.64,1.81034,1.50895,-0.142268
0.861,103.797,104.5,116.587,105.754,99.0469,301.574,1.98573,2.27113,1.15116
0.8615,103.423,104.597,116.568,104.635,99.1013,301.603,2.23821,1.52375,0.665551
0.862,104.73,105.921,116.645,nan,98.9619,301.489,2.80448,-0.450855,0.70248
0.862,104.882,106.348,116.437,104.755,99.0014,301.563,3.01364,-0.312024,1.48641
0.863,105.949,107.256,115.959,105.28,99.0826,301.466,0.621839,-1.35065,0.619506
0.8635,106.692,108.729,116.587,nan,98.9373,301.613,0.369239,-1.97332,1.20655
0.864,107.143,110.154,116.426,nan,99.03,301.565,0.0201403,0.113782,-0.843014
0.8645,108.496,111.549,116.513,107.106,99.0113,301.581,0.590552,-1.01416,0.0706144
0.865,110.494,112.608,117.576,nan,98.9712,301.496,-0.858312,0.367623,-1.39816
0.8655,110.228,113.008,117.393,108.096,98.8249,301.535,-1.71424,-1.71442,-0.0840893
0.866,110.798,113.641,117.055,nan,98.9826,301.499,-3.5734,-0.969744,-0.575204
0.8665,110.511,114.935,117.399,110.08,98.9799,301.55,-1.69904,-2.15935,-0.144172
0.867,110.902,114.024,116.408,nan,99.148,301.557,-2.60094,-1.68736,-0.994666
0.8675,110.877,114.587,116.559,109.778,98.9255,301.621,-1.87487,0.622066,-1.17515
0.868,110.868,113.729,114.968,nan,99.0977,301.648,-0.990529,-0.737966,-1.12174
0.8685,110.978,113.992,113.054,109.276,99.0546,301.549,-0.399007,2.02786,-0.918944
0.869,110.999,113.68,112.885,109.723,99.1082,301.573,-0.821775,-0.824329,-0.500375
0.8695,111.545,113.421,111.049,110.233,99.0632,301.607,0.0910182,0.947058,-1.45065
0.87,112.586,114.516,109.276,110.494,99.0172,301.561,-0.257293,0.117978,-0.242044
0.8705,113.792,115.818,108.332,109.716,98.9991,301.598,1.12175,2.41505,-1.47218
0.871,114.856,116.844,107.585,110.64,99.1195,301.633,2.21888,3.30015,-1.4847
0.8715,117.002,117.694,106.649,111.378,98.9787,301.548,2.80691,2.61229,1.05596
0.872,117.689,117.914,106.443,nan,99.0029,301.511,2.71093,3.16621,0.301879
0.8725,118.858,118.732,106.776,nan,99.0055,301.48,1.56813,2.29414,-0.159888
0.873,119.446,118.872,106.395,113.32,98.836,301.58,2.67507,1.11565,0.919679
0.873,120.745,119.597,106.952,113.633,99.064,301.551,1.08005,0.172671,0.6285
0.874,120.092,119.602,108.147,113.887,98.9536,301.669,1.05035,-1.10488,1.23295
0.8745,119.663,118.787,107.695,nan,98.9211,301.541,0.522155,0.460057,2.93808
0.875,119.409,117.505,107.825,115.498,98.8608,301.47,1.45241,-1.53205,0.971853
0.8755,119.29,116.851,108.253,114.724,98.7935,301.558,-0.597007,1.14324,1.06203
0.876,117.602,115.478,108.527,114.469,98.8974,301.686,-0.633825,-0.0561411,2.00588
0.8765,117.637,114.371,107.516,nan,98.7752,301.509,-1.37503,-0.00204121,0.82686
0.877,116.166,112.935,107.326,112.723,98.5685,301.607,-3.53304,-1.79341,1.0564
0.8775,114.783,112.111,106.688,nan,98.6473,301.552,-4.27795,-1.3801,0.772132
0.878,114.789,111,107.217,112.373,98.5892,301.583,-1.12627,-1.5982,-0.000717859
0.8785,115.339,110.483,106.696,112.074,98.4805,301.526,-2.40824,-1.87744,0.592357
0.879,114.148,109.568,106.245,110.357,98.4747,301.596,-0.734728,-0.224076,-0.57755
0.8795,114.032,110.651,106.787,nan,98.2739,301.531,-1.35174,1.45182,-0.866189
0.8795,114.933,110.702,106.288,nan,98.4039,301.545,-2.88561,0.390812,-1.78702
0.8805,115.36,110.327,107.406,109.922,98.4679,301.529,-0.939719,0.16648,-0.381866
0.881,115.188,111.34,108.988,110.411,98.2933,301.56,1.02405,0.465856,-0.411528
0.8815,114.343,111.038,110.77,nan,98.1704,301.583,0.70208,-0.322004,-1.31793
0.882,113.996,110.851,111.073,110.923,98.1339,301.496,3.18521,0.771732,-2.62086
0.8825,113.191,109.483,113.271,110.108,97.9063,301.578,3.58737,1.72384,-1.87834
0.883,112.417,108.594,114.346,110.468,97.8026,301.557,1.4023,2.49637,-0.527548
0.8835,111.495,107.851,115.462,111.091,98.1268,301.474,1.88971,3.04387,-0.41238
0.884,109.119,107.058,116.462,109.519,97.9819,301.548,2.04453,2.20015,-0.772032
0.8845,108.304,106.31,116.481,nan,97.9155,301.474,0.986568,0.993032,0.477555
0.885,106.353,104.484,117.737,nan,97.9567,301.542,2.13999,1.5852,0.537145
0.8855,105.741,104.244,116.858,107.074,97.708,301.401,-0.151162,1.45979,1.59173
0.886,104.434,103.257,116.993,106.367,97.7402,301.387,0.899472,-1.36574,1.0796
0.8865,104.219,104.113,116.051,nan,97.7847,301.55,-0.281142,-0.450046,0.439181
0.887,104.808,105.088,115.886,nan,97.8999,301.433,-2.35934,-0.503658,0.335902
0.8875,104.687,105.807,115.208,nan,97.6347,301.41,-4.28664,-2.30222,-0.41604
0.888,106.12,107.528,116.46,103.97,97.6784,301.359,-2.90452,-1.89719,1.55781
0.8885,106.349,108.014,117.068,nan,97.6251,301.481,-2.66365,-3.56702,1.68195
0.889,107.478,108.743,116.331,105.428,97.8436,301.399,-1.99611,-1.92253,2.66892
0.8895,108.199,109.692,116.937,104.321,97.5336,301.407,-1.74549,-1.85869,0.944763
0.89,108.72,111.011,118.2,105.27,97.753,301.32,-1.58955,-2.22988,0.742498
0.8905,109.323,112.245,117.686,106.515,97.681,301.349,-2.36044,-0.460786,1.71935
0.891,109.899,111.474,118.55,106.854,97.5621,301.293,-2.03196,-1.31254,0.216259
0.8915,110.728,111.783,118.441,nan,97.6146,301.247,0.418989,-1.12658,0.5322
0.892,108.769,112.224,119.09,108.009,97.7806,301.272,0.712169,0.82724,-0.228902
0.8925,109.196,111.986,118.613,108.222,97.6417,301.347,2.73053,0.728368,-1.08049
0.893,108.865,112.437,118.226,108.519,97.7769,301.255,2.58274,1.15833,0.383911
0.8935,108.591,111.94,117.228,108.57,97.7104,301.252,0.154075,-0.123588,1.09381
0.894,109.381,112.39,115.139,109.009,97.7851,301.347,0.801504,0.887885,0.448781
0.8945,109.481,112.843,113.928,108.392,97.8137,301.3,3.45116,1.32987,-0.789507
0.895,110.717,113.656,112.82,108.976,97.9416,301.278,1.27018,2.81285,-1.08501
0.8955,112.45,115.061,111.584,nan,97.8571,301.232,2.67157,-0.168,-1.61665
0.896,112.466,115.059,110.072,108.466,97.9359,301.264,2.81875,0.4162,-1.10391
0.8965,114.904,116.019,109.385,109.37,97.9832,301.194,1.29422,0.508026,-2.08733
0.897,116.452,117.199,108.767,nan,98.0933,301.177,-1.86741,0.442766,-1.47276
0.8975,117.181,118.602,107.871,110.31,97.867,301.098,-1.60346,0.918525,-1.62807
0.898,118.868,119.416,107.946,nan,97.9845,301.168,-2.04174,-1.60718,-1.55873
0.8985,119.526,119.9,107.856,111.455,98.0732,301.095,-2.65521,-0.284383,0.547699
0.899,119.589,119.753,107.77,111.831,98.1441,301.103,-3.14543,-0.587669,-0.403998
0.8995,120.23,119.264,108.943,113.668,98.2814,301.08,-1.63887,-1.8434,-1.41026
0.9,118.834,117.76,109.468,115.29,98.0342,301.04,-2.63534,-2.51165,0.0724933
0.9005,119.073,117.266,108.687,114.785,98.2061,300.928,-1.2634,-0.216329,0.553924
0.901,117.988,116.637,109.331,115.06,98.2289,300.991,-2.36,-2.08133,-0.0143975
0.9015,116.904,114.873,108.935,114.349,98.1919,301.052,-3.33802,-2.43857,0.882978
0.902,116.619,114.192,107.49,115.58,98.1763,300.773,-0.759438,-0.0427246,1.22149
0.9025,116.059,113.402,106.929,nan,98.1585,300.867,0.487915,-0.691554,0.700751
0.903,116.277,113.196,106.133,113.855,98.2721,300.862,2.61771,0.819531,1.27014
0.9035,115.254,112.294,106.097,nan,98.0322,300.803,2.35694,-1.35684,1.77333
0.904,115.937,111.837,105.751,nan,98.1872,300.75,1.04591,-1.46155,0.783985
0.9045,116.08,112.385,104.747,nan,98.3263,300.84,2.12979,0.106176,-0.217657
0.905,117.204,112.494,104.393,112.07,97.9836,300.849,2.09106,1.33013,0.803843
0.9055,116.259,112.991,105.466,nan,98.1135,300.888,1.1202,1.96471,0.170035
0.906,117.168,112.315,106.724,112.266,98.1337,300.886,4.09519,2.09453,0.553145
0.9065,115.709,112.17,107.419,nan,97.9949,300.796,2.03643,1.7591,-0.35251
0.907,115.996,111.507,108.535,nan,98.0227,300.683,-0.147017,0.129122,0.254028
0.9075,114.873,110.72,109.25,111.427,98.0005,300.752,0.51198,1.57143,-0.578907
0.908,113.88,110.738,111.581,111.729,98.0597,300.744,-2.7343,1.67788,-0.186074
0.9085,112.006,107.682,112.487,nan,98.1084,300.695,-1.7156,1.33359,-0.885885
0.909,109.957,107.73,113.732,111.299,98.0324,300.691,-1.68178,2.1686,-1.28371
0.9095,108.622,105.996,114.602,nan,97.8982,300.635,-1.69884,1.27724,-2.27374
0.91,108.46,105.354,114.906,nan,97.9032,300.755,-2.02349,0.923792,-2.72117
0.9105,106.887,103.966,114.972,110.127,98.0979,300.619,-1.69644,-0.0254864,-1.27973
0.911,105.652,104.283,115.444,109.41,98.1315,300.537,-3.0099,-1.50373,-0.308523
0.9115,105.975,103.847,115.503,108.332,98.1685,300.57,-2.58686,-2.26606,-0.423366
0.912,105.227,104.736,115.801,107.82,98.1048,300.63,-2.40957,-1.7865,-0.949267
0.9125,105.482,105.698,114.831,nan,98.1938,300.477,-1.50667,-1.43544,0.431615
0.913,105.763,105.488,114.486,nan,98.1127,300.479,0.623785,-1.7675,-0.940252
0.9135,107.369,106.315,115.838,104.754,98.1888,300.47,0.172168,-2.07507,-0.0600484
0.914,108.309,108.414,115.872,nan,98.1682,300.466,2.69391,-0.316253,0.959986
0.9145,107.597,109.623,115.696,104.318,98.1765,300.582,1.82268,-0.119866,1.14686
0.915,108.468,109.536,116.636,103.711,98.3466,300.492,1.57083,-0.992996,0.435243
0.9155,108.888,109.173,117.59,104.881,98.2277,300.394,0.754125,0.267285,0.370753
0.916,109.281,109.637,118.967,105.782,98.3121,300.351,3.91082,-0.0793055,0.388704
0.9165,107.125,110.728,119.067,nan,98.3983,300.404,2.68445,0.713203,1.36871
0.917,107.832,110.99,120.147,105.601,98.3024,300.401,2.40251,2.53904,0.121224
0.9175,107.683,110.119,119.84,107.846,98.4175,300.334,-0.81862,2.39592,0.208721
0.918,106.539,109.576,119.281,107.713,98.6421,300.402,-0.00287062,1.4626,0.261336
0.9185,107.29,110.706,119.153,107.044,98.7344,300.367,0.112551,2.39735,1.05864
0.919,107.451,110.016,117.529,106.789,98.6647,300.333,0.042137,2.11734,0.489398
0.9195,108.256,110.892,116.846,nan,98.6717,300.362,-1.05841,0.950505,0.465598
0.92,108.63,111.781,116.065,107.483,98.8936,300.361,-0.675241,2.33862,0.0264898
0.9205,110.27,112.873,114.126,106.978,98.9822,300.343,-1.37487,0.736348,-0.427964
0.921,111.276,114.607,113.016,106.911,98.8223,300.247,-2.66345,2.22693,-0.00795488
0.9215,113.329,115.296,111.468,107.174,99.1302,300.304,-3.61228,-0.625413,-0.944628
0.922,114.668,116.997,111.056,nan,98.9955,300.328,-3.65664,1.14388,-1.70193
0.9225,115.83,118.452,109.677,108.42,98.9967,300.309,-0.994913,-0.907904,-1.40131
0.923,116.535,119.255,109.834,107.596,99.2202,300.268,0.810208,-2.88132,-1.40155
0.9235,118.641,119.827,110.14,108.497,98.9432,300.302,1.29574,-1.51776,-1.98807
0.924,118.879,119.228,109.631,109.789,99.2553,300.214,0.0506995,-1.03948,-1.94131
0.9245,118.901,118.437,110.342,110.538,99.3033,300.269,0.394083,-1.4725,-1.56221
0.925,118.076,118.667,110.248,109.919,99.3671,300.177,-0.608743,-1.01471,-0.267694
0.9255,117.821,117.927,110.36,nan,99.3087,300.213,0.94551,-0.837947,-1.0253
0.926,118.179,117.088,109.647,114.138,99.4145,300.186,2.45083,-0.637356,0.121425
0.9265,117.305,115.95,109.556,nan,99.5019,300.182,2.51324,-1.65889,-0.900517
0.927,116.254,115.531,108.575,115.089,99.5469,300.252,2.39182,-0.369308,-0.881683
0.9275,116.43,114.338,107.919,114.562,99.4789,300.297,1.23112,-1.3403,-0.566752
0.9275,116.484,114.716,107.109,nan,99.4805,300.235,-0.100195,1.1869,-0.488324
0.9285,116.565,114.946,106.591,nan,99.3628,300.215,-0.343257,1.59719,0.398105
0.929,116.643,114.301,106.135,113.073,99.4343,300.176,0.706793,1.78045,0.910831
0.9295,118.042,114.397,104.233,112.973,99.4774,300.201,1.23245,0.805723,-0.219069
0.93,118.221,114.78,104.96,111.526,99.395,300.229,-0.591232,1.04461,0.906253
0.9305,118.221,114.807,103.282,nan,99.5445,300.145,-1.92995,1.77243,1.97846
0.931,117.743,114.704,103.631,112.001,99.4079,300.227,-3.2081,1.87305,0.623114
0.9315,117.952,114.199,105.797,nan,99.3007,300.153,-4.0684,2.07133,0.944455
0.932,117.638,113.365,106.5,112.256,99.3626,300.24,-4.64846,2.91605,1.41216
0.9325,117.098,113.204,107.215,112.538,99.4526,300.253,-3.25627,2.5109,0.486504
0.933,115.367,110.922,108.491,nan,99.4802,300.293,0.360413,0.736067,-0.199316
0.9335,114.554,110.554,109.691,112.414,99.4419,300.219,0.504206,1.09397,1.70842
0.934,112.603,108.38,109.958,112.391,99.3591,300.259,-1.06382,-0.915076,0.559605
0.9345,110.701,107.615,112.147,nan,99.296,300.25,-2.07469,-2.08957,-0.120398
0.935,108.447,105.899,112.428,nan,99.1828,300.314,-2.56103,0.0143024,0.273071
0.9355,107.974,104.791,112.246,112.091,99.2072,300.242,-1.66123,-0.768238,-0.811527
0.936,107,104.466,113.586,111.103,99.1428,300.253,0.00818492,-2.12363,-1.49722
0.9365,107.066,104.315,113.736,111.022,99.2407,300.227,2.36465,-1.29147,-1.68576
0.937,107.103,105.419,113.925,110.485,99.2162,300.322,4.4888,-2.15369,-2.44935
0.9375,107.658,105.083,113.721,109.628,99.1775,300.309,5.29744,-2.71187,-0.404123
0.938,107.37,105.697,113.163,nan,99.0975,300.31,2.42619,-1.16786,-0.543143
0.9385,107.277,106.336,113.687,nan,99.192,300.289,2.16513,-1.11386,-0.588033
0.939,109.116,107.464,113.734,106.605,99.2159,300.314,1.66462,-1.05259,-1.07262
0.9395,108.506,108.105,114.385,nan,99.1439,300.363,1.42099,1.29629,-0.354009
0.94,108.324,108.806,115.883,105.245,99.0589,300.306,1.32493,0.673436,0.198868
0.9405,108.165,108.55,115.946,105.635,98.9803,300.34,1.93397,0.861731,-1.79865
0.941,107.341,108.39,116.096,104.989,99.1098,300.393,-1.50141,2.29344,-0.995459
0.9415,107.652,108.738,117.97,105.858,99.2197,300.346,-0.771134,0.376805,0.110933
0.942,106.945,108.912,118.432,106.526,99.072,300.501,-2.97901,0.495925,-0.20913
0.9425,106.892,108.661,119.332,105.499,99.0248,300.339,-4.50539,1.30164,0.677226
0.943,106.27,107.859,120.724,106.901,99.0136,300.458,-3.57762,1.61896,0.707504
0.9435,106.001,108.156,120.337,106.905,99.1563,300.383,-2.07648,2.59292,1.07845
0.944,106.318,108.855,119.5,nan,99.186,300.439,-1.59747,2.1056,1.54298
0.9445,106.185,109.142,119.077,106.949,99.1331,300.541,-2.00715,1.76,0.267036
0.945,106.993,109.756,118.611,107.352,99.0927,300.62,-0.793387,1.43304,1.01189
0.9455,108.345,111.598,117.149,107.293,99.342,300.409,-2.74662,-0.848472,1.11925
0.946,109.255,112.731,116.574,nan,99.1787,300.532,-0.11163,-0.804403,0.452849
0.9465,111.245,114.41,114.295,106.167,99.2452,300.629,-0.118283,-3.19835,0.406163
0.947,112.682,115.989,113.787,107.032,99.2737,300.544,2.41451,-0.823868,0.831105
0.9475,114.484,116.629,112.91,106.198,99.2988,300.576,3.8677,-0.253987,0.280177
0.948,115.345,117.286,111.92,106.034,99.2448,300.521,1.86335,-1.56424,0.0909286
0.9485,115.396,118.029,112.094,106.589,99.2599,300.579,1.11517,-3.68246,0.913871
0.949,116.725,118.892,112.117,nan,99.2681,300.63,3.21861,-2.77135,-0.539619
0.9495,117.508,118.527,112.337,107.34,99.3886,300.574,2.23413,-1.55608,-0.930777
0.95,116.085,118.437,111.1,107.756,99.4934,300.616,3.03259,-1.26661,-0.226467
0.9505,116.31,117.427,112.014,nan,99.2748,300.704,0.160457,-0.921165,-1.57407
0.951,116.344,117.228,112.11,110.699,99.3854,300.71,-0.156758,-0.330486,-1.31383
0.9515,115.528,116.113,112.051,110.865,99.1855,300.543,-0.344201,-0.0518199,-1.67627
0.9515,115.736,115.54,111.182,nan,99.3215,300.721,-2.97368,0.751759,-0.0756607
0.9525,116.07,115.463,110.264,nan,99.0495,300.633,-2.28894,0.00270671,-0.663626
0.953,115.795,115.29,108.981,114.006,99.1454,300.72,-1.93659,0.987144,-1.49489
0.9535,116.982,115.314,108.744,114.398,99.093,300.702,-2.47463,0.190966,-1.48426
0.954,117.69,115.653,106.955,113.545,99.0497,300.76,-1.06722,2.30581,-1.40828
0.9545,117.707,116.313,106.531,nan,99.1184,300.731,-0.879195,3.92899,-1.5987
0.9545,118.926,115.924,105.044,113.56,99.1686,300.862,-0.721201,1.90761,0.376657
0.9555,119.882,115.632,104.482,112.077,98.9978,300.753,-1.65999,1.74504,-1.04746
0.956,119.606,116.44,103.721,nan,98.9476,300.78,-2.34187,1.03216,1.36056
0.9565,119.778,116.686,103.568,112.575,99.0047,300.849,-0.714127,0.290744,0.569362
0.957,119.406,115.688,104.649,112.351,98.9016,300.819,0.890414,-0.500701,0.653772
0.9575,118.211,113.815,105.181,112.386,98.7749,300.9,1.31551,-0.245529,1.03327
0.958,117.579,113.267,106.756,111.875,98.6335,300.87,1.1116,0.111712,0.0583416
0.9585,115.955,112.151,106.721,113.413,98.7468,300.947,2.26382,-2.05882,0.681823
0.959,113.888,110.62,107.84,113.55,98.6064,300.842,1.1205,-1.48211,1.51014
0.9595,113.044,109.609,109.828,113.298,98.6494,300.931,1.03629,-1.33013,1.26424
0.96,111.837,107.998,109.866,nan,98.4465,300.947,0.96689,-1.96932,0.535914
0.96,110.689,105.569,110.401,113.197,98.4382,301.019,4.00848,-3.12934,0.38097
0.961,109.25,106.294,110.374,114.439,98.3573,301.013,0.985292,-1.69941,1.05195
0.9615,109.199,105.454,111.021,113.711,98.2731,300.905,1.3498,-1.019,1.22248
0.962,109.364,105.416,111.646,113.384,98.3159,300.934,-2.42605,-1.31915,-0.539466
0.9625,108.903,105.38,111.71,112.525,98.125,300.888,-3.04562,-1.14918,-0.779683
0.963,109.471,106.013,110.498,111.963,98.2675,300.986,-0.818939,-2.04032,-0.526476
0.9635,109.73,106.911,111.453,111.263,98.1756,300.994,-3.02921,-0.822333,-1.53566
0.964,109.318,108.002,111.151,nan,97.9807,301.041,-3.56547,-1.64058,-2.3429
0.9645,109.61,108.4,111.723,nan,97.9926,300.946,-2.21496,0.552694,-1.09962
0.965,109,108.405,112.989,nan,98.0799,300.972,-2.01389,0.988344,-1.4026
0.9655,109.132,108.631,113.633,106.584,97.8593,301.055,-3.36095,1.15529,-1.42704
0.966,107.998,107.771,114.967,nan,98.0422,301.048,-4.40556,1.71929,-1.55895
0.9665,107.012,107.256,116.344,nan,97.825,301.155,-2.12693,2.19175,-0.656435
0.967,106.386,107.98,117.562,107.536,97.8817,301.109,0.0135057,0.89329,-2.22689
0.9675,105.58,107.044,118.554,106.772,97.8024,301.047,1.05103,0.101564,-2.8457
0.968,105.157,106.506,119.651,105.957,97.8287,300.972,1.35015,1.26089,-1.14313
0.9685,104.854,106.98,119.658,107.227,97.7729,301.046,0.284827,0.497906,-1.47376
0.969,104.179,106.697,119.709,106.892,97.889,301.038,2.20688,0.172256,0.112456
0.9695,104.787,108.29,119.588,107.573,97.8502,301.08,0.858565,-0.196758,-0.893271
0.97,105.978,108.078,119.466,106.664,97.8583,301.072,0.245908,-1.17793,2.17472
0.9705,107.116,109.61,118.382,107.104,97.7976,301.101,1.73272,-0.24753,-0.0961291
0.971,108.268,111.146,117.87,106.689,97.8693,301.147,2.68947,-1.87903,0.444136
0.9715,110.773,112.597,116.724,nan,97.9687,301.061,3.43819,-1.50871,0.891281
0.972,111.565,113.569,116.449,nan,97.8905,301.091,1.58694,-1.58667,-0.294573
0.9725,112.365,115.662,114.602,nan,97.9105,301.106,0.496259,-2.37171,0.712474
0.973,113.784,116.546,114.853,104.733,97.8671,301.093,-0.839744,-1.79267,1.71835
0.9735,114.839,116.984,114.234,103.989,97.8687,301.173,-1.31342,0.373685,1.19728
0.974,114.929,117.534,114.689,104.42,98.1041,301.111,-0.564808,-0.429854,1.33679
0.9745,114.263,117.145,113.473,105.085,98.0046,301.151,-2.72463,-0.664079,1.5757
0.975,115.042,117.516,114.045,105.751,97.9881,301.047,-2.2502,-2.1774,0.463388
0.9755,114.903,116.522,113.692,106.2,98.0258,301.084,-3.41615,-1.30553,-1.50937
0.976,115.637,115.898,113.784,nan,97.9954,301.067,-3.81863,0.476206,1.16656
0.9765,113.912,115.883,113.914,nan,97.9931,301.07,-2.56483,1.39741,0.433611
0.977,115.444,115.627,113.797,109.216,98.0269,301.19,-1.26266,0.616341,0.55007
0.9775,115.062,115.788,113.368,110.016,98.127,301.056,0.485983,2.13512,-0.803021
0.978,116.089,116.062,111.716,111.13,98.1624,301.189,0.675363,1.50998,-0.535712
0.9785,116.355,116.803,110.443,112.386,97.9442,301.176,1.16338,1.07888,-0.548795
0.979,117.474,116.029,109.501,112.223,97.8816,301.044,1.10744,0.950609,0.083959
0.979,118.845,116.42,108.585,112.454,97.8743,301.018,1.80431,1.09055,-0.901214
0.98,119.305,117.623,107.121,112.475,98.1447,301.062,-0.0906067,1.27741,-2.35132
0.9805,120.428,118.319,106.064,112.835,98.1388,301.175,1.79685,0.0733679,-1.40585
0.981,120.382,118.236,105.357,111.751,98.1288,301.065,3.15415,1.94611,-3.24382
0.9815,120.317,117.492,104.501,111.693,97.9967,301.155,2.97303,0.803073,-1.62278
0.982,120.081,116.819,104.61,nan,98.0255,301.134,3.52118,-0.460494,-1.29928
0.9825,119.268,115.858,105.423,nan,98.0679,301.116,1.69291,-1.65364,1.05332
0.983,118.413,115.489,105.339,nan,98.0242,301.189,-0.818425,-2.40948,0.582428
0.9835,117.789,113.304,105.592,112.018,98.0046,301.129,-0.3174,-1.55756,1.26008
0.984,115.362,112.071,106.56,112.222,98.0823,301.09,-3.03472,-1.97533,0.277918
0.9845,113.801,110.047,107.498,112.548,97.9904,301.067,-1.41575,-1.99626,-0.960015
0.985,113.257,109.682,108.51,112.534,98.0106,301.053,0.176829,-1.41675,0.600889
0.9855,112.953,108.27,109.273,nan,97.9613,301.089,-1.90282,-0.226636,0.142334
0.986,111.937,107.534,108.816,113.414,97.8501,301.239,-3.74026,-2.01537,1.01373
0.9865,111.591,107.152,109.343,113.881,97.8861,300.983,-3.73125,-1.36472,0.0891456
0.987,111.357,107.142,109.504,113.987,97.8086,301.042,-2.43928,-1.47059,2.61829
0.9875,110.515,108.441,109.136,114.476,97.8055,301.165,-0.819868,-1.72004,1.62704
0.988,110.961,107.879,108.573,113.808,97.7819,301.056,-1.88118,1.65768,1.85979
0.9885,109.881,108.223,108.784,113.598,97.7662,301.133,-0.777855,2.59005,2.23707
0.989,110.724,107.911,109.763,111.948,97.8064,301.101,-0.536738,-0.207964,0.968008
0.9895,111.03,107.769,109.055,111.601,97.7718,301.186,-0.618751,2.07965,0.224158
0.99,109.679,107.401,110.78,110.595,97.7885,301.025,0.327729,1.31483,1.34795
0.9905,108.779,107.755,110.961,nan,97.8835,301.043,1.07505,-0.447172,0.533598
0.991,108.197,107.603,112.075,108.87,97.7475,301.052,2.05656,1.34172,-0.165186
0.9915,107.79,107.05,114.052,nan,97.8719,301.039,4.50029,1.74608,-0.0787109
0.992,107.104,105.761,115.463,nan,97.894,301.076,3.21284,1.40894,-0.833259
0.9925,106.692,106.077,115.548,108.087,98.0164,301.055,1.00489,-0.676463,-1.42523
0.993,105.391,105.229,117.706,108.43,97.928,301.066,1.21068,0.998638,-0.938893
0.9935,103.631,105.819,118.574,108.124,97.9587,301.129,3.22642,0.434728,-1.40656
0.994,103.134,105.49,118.768,nan,97.9699,301.109,0.124786,-2.98055,-1.98596
0.994,104.407,106.19,119.313,107.845,98.1006,301.121,2.12393,-1.13619,-2.27084
0.995,105.403,106.784,119.108,108.205,97.9725,301.069,1.20618,-2.15869,-1.60027
0.9955,105.214,107.981,119.887,107.625,98.1867,301.127,-1.5705,-1.28671,0.351763
0.996,106.838,109.629,119.746,107.219,98.082,301.049,-2.79475,-1.60205,-0.28407
0.9965,108.148,111.271,117.363,107.154,98.3462,301.103,-3.34889,-2.24874,-1.11002
0.997,109.622,112.706,116.864,nan,98.3714,301.094,-3.00932,-1.19294,-1.08516
0.9975,110.682,113.348,116.395,106.207,98.2205,301.061,-2.26943,-2.58855,-0.946362
0.998,111.916,114.109,115.475,106.698,98.4037,300.996,-0.183168,-2.12512,0.814134
0.9985,112.825,115.465,115.891,nan,98.5146,301.018,-3.11763,-0.226239,-0.234896
0.999,112.821,116.194,115.346,104.96,98.5248,301.029,-0.308197,-0.508878,0.173683
0.9995,113.277,115.589,115.137,nan,98.6129,301.125,-0.289629,-0.863239,0.201107
1,113.8,115.518,114.698,nan,98.6551,301.128,0.0562241,1.53672,0.107941
1.0005,112.458,115.296,114.942,nan,98.786,301.201,-1.02403,2.31838,1.87042
1.001,112.4,115.377,115.803,nan,98.7902,301.156,1.54956,0.944676,0.484151
1.0015,113.134,115.471,115.078,105.748,98.7854,301.108,3.09096,0.714546,1.15797
1.002,113.986,114.708,116.089,106.155,98.9386,301.126,2.34911,1.13881,0.331247
1.0025,113.817,115.46,115.17,106.55,99.0266,301.191,3.75133,1.1404,0.157294
1.003,115.002,116.273,115.1,107.57,98.9476,301.123,2.05236,3.73157,-0.259963
1.003,115.428,116.524,113.836,109.424,99.03,301.115,0.797825,1.38252,-0.550455
1.004,117.099,116.678,112.738,109.191,99.1734,301.209,3.01187,0.669311,0.433635
1.0045,117.646,117.125,111.284,110.238,99.0159,301.163,0.535376,2.15887,1.05818
1.005,119.306,118.36,109.409,110.452,99.2437,301.19,1.72964,0.170611,-0.50582
1.0055,120.103,119.334,108.054,110.49,99.1766,301.201,0.467333,-1.00024,0.151476
1.006,120.718,119.28,106.936,110.834,99.1493,301.255,1.68495,-1.99167,-0.411388
1.0065,121.378,119.371,106.188,nan,99.3592,301.181,-1.01482,0.718715,0.0158651
1.007,121.101,118.122,105.823,111.996,99.3573,301.229,-4.1813,-1.731,-0.638719
1.007,119.875,117.435,105.118,nan,99.2145,301.282,-2.31727,-2.12816,-1.16394
1.008,119.655,115.954,105.804,110.85,99.331,301.304,-3.19488,-0.802871,-1.79034
1.0085,117.501,115.187,105.401,nan,99.3457,301.294,-0.511178,-2.18393,-2.2374
1.009,117.451,113.505,105.634,111.321,99.2129,301.325,-1.07173,-2.64429,0.0193271
1.0095,117.022,111.931,106.437,nan,99.3145,301.358,-0.0961607,-3.1446,-1.31174
1.01,115.042,110.91,107.119,112.546,99.3071,301.296,-2.22159,-1.74611,0.0268029
1.0105,114.187,110.343,108.515,112.723,99.3793,301.317,-1.82452,0.602779,0.897611
1.011,113.406,109.801,108.662,nan,99.1598,301.347,-1.62191,0.719229,-1.09589
1.0115,113.39,109.383,108.671,114.855,99.335,301.393,1.3861,1.05248,-1.06052
1.012,112.733,109.877,108.454,nan,99.1402,301.3,2.4457,1.07461,-0.336099
1.0125,113.234,109.307,108.42,114.821,99.2196,301.468,3.0954,1.35266,-0.930879
1.013,112.919,108.794,107.517,115.223,99.2849,301.454,1.7208,1.6963,1.42527
1.0135,112.882,109.75,108.731,nan,99.19,301.552,0.680937,1.86314,1.33137
1.014,112.989,109.036,107.745,nan,99.3027,301.489,1.99841,0.657871,0.52374
1.0145,112.561,108.826,107.907,113.178,99.129,301.548,0.327567,2.13465,2.08756
1.015,111.239,109.233,108.19,114.29,99.1216,301.509,0.551735,2.48955,1.6042
1.0155,111.954,108.174,108.204,112.473,99.1741,301.589,2.1824,-0.582861,1.84905
1.016,110.029,107.697,108.997,112.413,99.2222,301.559,1.25434,0.970383,0.940835
1.0165,108.002,106.67,109.776,111.295,99.0762,301.533,-1.86125,0.0436584,0.678855
1.017,107.875,105.963,111.455,nan,98.967,301.587,-1.01372,-2.37034,1.37521
1.0175,106.204,104.608,112.856,nan,99.113,301.612,-3.19699,-0.82194,1.23911
1.018,105.298,105.125,113.621,109.841,99.1502,301.649,-2.42233,-1.3282,1.50205
1.0185,104.808,105.008,115.832,109.547,98.9885,301.691,-3.48676,-0.536431,0.868028
1.019,103.802,104.52,116.373,109.22,98.9903,301.7,-0.292173,-1.16253,1.04173
1.0195,103.003,105.575,117.641,nan,98.981,301.601,-1.41093,-0.795108,-0.405884
1.02,104.634,106.219,119.186,109.353,99.0525,301.678,-0.779366,-2.74835,0.203504
1.0205,105.526,107.428,119.146,nan,99.076,301.793,-1.98317,-2.5082,-0.937614
1.021,106.813,108.797,117.723,nan,99.1506,301.823,-2.58279,-1.22061,-0.398602
1.0215,107.145,109.04,118.063,nan,99.0686,301.748,0.293858,-2.06721,-2.00876
1.022,108.408,111.137,117.641,nan,99.1402,301.892,0.480349,0.464902,-0.349653
1.0225,109.625,111.884,117.609,108.097,99.194,301.806,1.63836,0.563643,-1.33135
1.023,110.062,113.15,117.307,nan,99.2908,301.903,1.35902,0.0542625,-0.0359269
1.0235,110.586,113.376,116.147,106.514,99.3981,301.888,0.564746,1.69847,-0.89666
1.024,111.051,114.671,115.757,105.442,99.2779,301.873,1.93266,1.12794,-0.32271
1.0245,110.578,114.638,116.178,105.313,99.3562,301.875,3.00451,0.977565,-0.0867779
1.025,111.589,113.932,116.45,nan,99.3423,301.975,2.31473,1.99838,0.276215
1.0255,110.435,114.002,115.854,104.913,99.3203,301.935,2.14338,3.30695,-0.983625
1.026,110.815,113.829,117.125,nan,99.2755,301.951,3.84137,1.28272,-0.233888
1.0265,110.814,113.866,117.184,105.463,99.3782,301.995,2.18205,3.14876,-0.218842
1.027,111.053,114.349,118.236,nan,99.3127,302.007,-0.474023,2.02562,1.99357
1.0275,112.259,114.024,117.773,nan,99.4084,302.023,-1.07407,1.01633,1.21372
1.028,113.421,114.499,117.293,nan,99.54,302.031,-0.795617,0.042468,2.16646
1.0285,114.802,116.351,116.879,106.334,99.3741,302.132,-2.96639,2.00804,1.18359
1.029,115.776,116.98,115.508,106.686,99.4596,302.149,-0.547217,-1.30482,0.663044
1.0295,116.721,117.606,114.416,nan,99.635,302.167,-2.29045,-0.469144,0.691249
1.03,118.561,118.355,113.09,108.871,99.5102,302.106,-0.240644,-1.06676,1.91689
1.0305,118.677,118.661,110.732,109.01,99.4608,302.097,-2.52382,-0.932167,1.11458
1.031,120.086,119.473,110.404,110.156,99.4462,302.144,-2.16868,-2.4668,0.554093
1.0315,120.699,118.874,109.18,110.296,99.4653,302.224,-2.77417,-2.21639,2.36572
1.032,120.739,119.233,108.03,nan,99.4639,302.241,-1.99915,-2.14676,-0.440064
1.0325,119.673,118.562,107.443,109.835,99.5099,302.272,1.3113,-0.408006,0.0864956
1.033,118.878,117.176,106.1,109.426,99.4486,302.228,1.3528,-1.41715,-0.0166261
1.0335,119.344,116.666,106.566,108.936,99.3148,302.281,2.01462,0.445705,0.0378877
1.034,117.475,115.309,106.563,111.133,99.3528,302.332,0.702248,-0.155779,-0.400893
1.0345,116.061,113.877,106.88,nan,99.3035,302.219,0.260279,0.121942,-0.673751
1.035,115.419,112.435,106.898,110.124,99.1176,302.268,0.733208,0.572431,-1.82871
1.0355,115.328,111.628,107.419,111.541,99.1298,302.279,2.25825,-0.0820036,-1.18882
1.036,115.435,110.926,108.044,nan,99.1247,302.358,3.70691,1.66414,-0.460046
1.0365,114.785,110.19,107.778,nan,99.1392,302.343,3.62407,1.84396,0.750335
1.037,115.319,110.863,108.001,113.598,99.0395,302.319,2.97751,2.02453,0.993028
1.0375,115.043,111.181,107.4,113.564,98.9449,302.367,0.828983,3.18938,-1.05293
1.038,115.283,110.362,107.651,114.65,98.8809,302.376,-1.33124,2.24297,-2.1004
1.0385,115.533,111.149,107.793,115.032,98.975,302.451,-0.879272,2.9762,-1.29099
1.039,114.799,110.805,106.637,114.508,98.8087,302.412,0.274978,0.847618,-0.809796
1.0395,114.652,110.647,106.055,nan,98.581,302.448,-1.18789,-0.238463,-0.381599
1.04,113.635,110.353,105.355,115.17,98.7083,302.498,-0.905665,1.25606,-0.0217429
1.0405,112.509,109.67,105.746,nan,98.6233,302.486,-2.65402,-0.241325,0.965776
1.041,111.792,108.08,106.751,nan,98.4264,302.457,-3.78844,0.621438,0.468886
1.0415,109.761,107.603,107.324,nan,98.3435,302.569,-3.14942,0.231702,1.51993
1.042,108.691,106.086,108.234,nan,98.3966,302.5,-2.08982,-1.64451,-0.124175
1.0425,106.964,104.289,108.866,111.447,98.3199,302.487,-0.652261,-0.891683,0.66439
1.043,106.103,105.413,110.61,111.059,98.3286,302.461,-1.17224,-4.70707,0.45322
1.0435,105.066,104.194,112.69,nan,98.2007,302.464,1.53305,-1.1466,0.391404
1.044,105.258,103.99,113.491,nan,98.1399,302.511,-0.653858,-2.16169,-0.0120711
1.0445,104.727,104.966,115.418,nan,98.0878,302.532,-1.12881,0.635747,1.01112
1.045,104.982,105.257,116.038,110.321,97.8679,302.575,1.12062,-1.75279,1.28664
1.0455,106.191,105.769,116.195,110.935,98.0068,302.524,1.53823,-1.37125,1.02715
1.046,105.031,107.179,117.647,109.525,98.0988,302.546,1.83492,-0.887393,1.49381
1.0465,106.612,108.391,115.872,109.847,98.1485,302.439,4.18561,-0.196296,-0.432186
1.047,106.736,109.3,116.551,111.317,98.0947,302.562,2.0158,-0.641397,0.100481
1.0475,108.563,109.402,115.811,109.568,98.0783,302.511,1.39229,1.10622,-0.148048
1.048,109.234,111.183,115.959,nan,98.0959,302.441,-1.38384,0.173304,-0.418755
1.0485,109.577,111.262,116.082,109.178,98.1823,302.562,0.261743,1.39634,-1.04057
1.049,109.458,111.497,116.314,109.257,98.1393,302.626,-0.801225,1.13713,-1.84182
1.0495,108.852,112.017,116.032,108.182,98.0091,302.547,-1.14181,1.13745,-1.46517
1.05,109.744,112.822,116.076,nan,97.9364,302.502,-1.39216,1.57929,-1.51188
1.0505,108.945,111.406,116.741,nan,98.0781,302.438,-2.16707,1.39074,-1.40776
1.051,108.642,112.011,116.73,105.77,98.0935,302.531,-2.6644,0.436167,-0.397799
1.0515,108.434,111.448,117.801,104.552,97.9555,302.59,-4.1279,1.9833,-0.450992
1.052,109.522,111.772,118.726,nan,98.0162,302.491,-3.15303,0.632543,-1.2532
1.0525,109.896,112.895,118.894,nan,98.1533,302.533,-2.10577,1.87273,-2.15985
1.053,110.973,114.272,119.167,103.699,98.1951,302.505,-0.647437,0.701814,0.313773
1.0535,112.555,115.061,118.49,nan,98.1317,302.451,-0.493005,-0.91543,-0.43922
1.054,114.021,116.209,118.366,105.648,98.0843,302.493,0.619021,-0.953623,1.10791
1.0545,115.085,117.733,117.179,105.152,98.0784,302.512,-0.330731,-2.09717,-0.206186
1.055,117.371,118.466,115.695,nan,98.0701,302.547,0.871796,-2.58452,-0.0387801
1.0555,117.634,118.839,114.072,nan,98.1924,302.488,0.199856,0.04416,1.09871
1.056,118.496,119.191,112.316,106.501,98.2112,302.476,1.80312,-2.02575,-0.128704
1.0565,119.647,119.592,111.499,107.941,98.0288,302.543,1.92901,-1.48517,0.352487
1.057,119.748,119.63,110.393,nan,98.0527,302.469,4.18058,-1.44053,1.79501
1.0575,119.551,118.792,109.611,108.768,98.039,302.487,2.77605,-1.37706,1.38324
1.058,118.894,117.995,108.446,nan,98.1232,302.45,2.03866,-2.63333,1.60642
1.0585,118.445,116.859,107.811,107.554,98.212,302.441,2.23115,-2.1894,1.69761
1.059,117.477,115.692,108.262,nan,98.063,302.439,-0.2188,0.362579,1.16682
1.0595,116.346,114.512,108.352,107.972,98.1097,302.446,0.174433,-0.185365,0.705284
1.06,116.803,113.794,108.561,108.117,98.0394,302.364,0.540922,1.58499,1.07819
1.0605,115.722,114.158,108.752,nan,98.0964,302.358,1.50468,2.45874,0.671959
1.061,115.928,113.438,108.539,nan,97.9992,302.321,-0.719443,0.592332,0.0639301
1.0615,116.415,113.351,109.032,nan,97.9984,302.407,-3.51057,1.07937,-0.127164
1.062,116.352,112.808,108.94,110.248,97.9207,302.366,-2.44476,0.516413,-0.641109
1.0625,117.791,112.779,108.802,110.467,98.0101,302.354,-2.02622,1.51006,-0.865163
1.063,116.309,113.227,107.782,nan,97.9121,302.298,-2.87345,1.85441,-0.0189908
1.0635,116.691,112.728,106.783,nan,97.7984,302.303,-2.95139,3.43258,-0.730735
1.064,116.912,113.141,106.911,113.14,97.7648,302.328,-1.42128,0.203678,-1.85854
1.0645,117.008,112.299,106.169,113.694,97.8694,302.347,-0.960582,0.631919,-2.29958
1.065,115.567,111.869,105.128,115.185,97.745,302.267,-1.58542,0.206077,-2.86249
1.0655,113.988,110.296,103.951,114.834,97.7862,302.237,-1.59763,0.172018,-0.757314
1.066,113.734,110.208,104.465,nan,97.8227,302.274,0.538153,-1.90753,-0.0726039
1.0665,111.371,108.324,105.539,115.019,97.7494,302.195,2.86174,-1.36937,0.139618
1.067,110.138,107.278,105.498,nan,97.7423,302.227,3.38332,-1.78972,-0.735894
1.0675,109.139,105.598,106.525,114.24,97.6751,302.131,2.57946,-1.81316,-1.25517
1.068,107.236,104.734,108.413,nan,97.638,302.292,2.63137,-1.75941,-0.153606
1.0685,106.371,104.716,109.381,112.152,97.8323,302.161,3.52748,-0.557968,1.18431
1.069,106.16,103.553,110.741,112.014,97.6829,302.127,0.43592,-1.47644,-0.0913523
1.0695,105.629,104.858,111.758,111.622,97.5858,302.24,1.41727,-2.18095,-0.00365989
1.07,105.93,104.596,113.329,nan,97.5467,302.198,2.09228,-0.97032,0.290545
1.0705,105.775,105.963,114.172,111.564,97.7634,302.217,-1.23567,0.799155,2.64262
1.071,106.655,106.217,114.985,111.125,97.7071,302.15,0.814012,1.07705,1.78139
1.0715,106.838,107.424,114.319,111.76,97.6049,302.078,-0.969096,0.64108,1.68348
1.072,107.184,108.388,115.646,111.788,97.8314,302.1,-1.70087,0.991925,1.94095
1.072,108.978,109.493,115.833,111.397,97.7098,302.063,-3.69644,1.33094,0.767703
1.073,108.634,109.349,115.122,112.62,97.8656,302.163,-3.46222,2.40558,2.33395
1.0735,108.811,110.256,114.609,112.338,97.7119,302.053,-2.25896,1.54664,-0.265816
1.074,107.804,110.282,115.215,112.02,97.8478,302.103,-0.75634,2.95095,0.75683
1.0745,107.847,110.445,115.367,111.254,97.8562,302.123,-3.03764,2.52669,-0.279104
1.075,107.375,109.69,114.892,110.554,98.0645,301.999,-0.626858,2.29399,0.303706
1.0755,106.528,109.938,115.706,109.013,97.9849,301.976,-1.74329,-0.715953,0.693592
1.076,107.185,109.665,116.544,109.009,97.9994,301.957,-1.1247,1.41675,-0.608525
1.0765,106.744,110.032,116.924,106.868,98.2292,301.943,0.264514,-1.03469,0.460975
1.077,107.376,111.094,118.094,105.97,98.13,301.983,1.36695,-2.25215,-1.70832
1.0775,107.583,111.894,119.287,nan,98.2933,301.922,3.19354,-2.22201,0.172584
1.078,109.721,112.05,120.324,nan,98.2944,301.935,1.70612,-0.981492,-0.0485897
1.0785,110.968,113.563,119.025,nan,98.294,301.963,2.78661,-2.27576,-2.09162
1.079,112.323,114.908,119.985,105.849,98.4145,301.927,1.94082,-2.03114,-1.8342
1.0795,113.33,115.861,118.718,103.99,98.5122,301.916,1.81768,-2.46569,-0.537759
1.08,114.957,117.268,118.323,104.419,98.8002,301.931,2.11267,-2.1187,-0.403932
1.0805,116.971,117.952,117.801,nan,98.6177,301.968,2.66937,-1.24646,-1.87224
1.081,117.328,119.256,115.873,nan,98.7532,301.836,1.51914,-1.44976,-1.57147
1.0815,118.201,118.945,115.109,106.681,98.7032,301.916,0.491463,-0.475899,-0.213287
1.082,118.439,119.831,113.46,107.723,98.7636,301.905,-0.782316,0.656695,0.0699157
1.0825,117.881,118.084,112.742,107.132,98.8224,301.867,-2.93793,0.758633,-0.210918
1.083,118.711,118.459,110.897,107.429,98.8657,301.857,-2.26192,1.48424,-0.049112
1.083,116.806,117.672,111.55,nan,99.024,301.792,-2.27171,1.19791,0.565618
1.084,117.259,116.316,109.877,nan,98.8574,301.831,-2.16409,2.51703,-0.416306
1.0845,116.718,115.101,109.787,106.547,99.0046,301.9,-1.43725,1.0347,1.19407
1.085,115.813,115.203,109.535,106.673,98.9791,301.892,-2.20621,3.27286,1.54486
1.0855,116.575,114.189,110.671,106.95,99.0809,301.752,-1.96268,2.93732,1.22664
1.086,116.815,114.884,110.416,107.306,98.9635,301.868,-2.66343,2.08129,1.79997
1.0865,116.969,114.455,110.312,nan,98.9183,301.829,-1.61942,2.39447,1.15278
1.087,117.076,114.51,110.768,108.131,99.0741,301.937,-1.19352,1.38798,1.38414
1.0875,118.118,114.724,109.346,107.801,99.0776,301.836,1.16719,0.75033,-0.0495239
1.088,118.825,115.105,108.903,nan,99.0184,301.771,2.06492,-0.165857,-0.548102
1.0885,118.689,114.78,108.632,110.591,99.1525,301.842,1.81201,-2.48801,1.61568
1.089,119.282,114.776,107.279,nan,99.097,301.861,1.46809,0.0287008,2.00812
1.0895,118.542,114.198,106.51,111.451,99.1703,301.877,2.31152,-1.39661,0.920865
1.09,117.77,113.05,105.627,113.359,99.089,301.826,0.610619,-0.505081,0.893108
1.0905,116.962,112.643,104.807,114.346,99.0552,301.813,2.65988,-2.13586,-0.956771
1.091,114.764,111.581,104.492,114.234,98.945,301.793,2.12434,-1.21521,-1.46588
1.0915,113.32,110.017,103.7,nan,99.0663,301.84,1.96018,-1.13357,-1.75318
1.092,112.204,108.257,104.726,nan,98.8679,301.814,2.09856,-2.32204,-1.41514
1.0925,110.733,107.238,104.796,114.866,98.9751,301.752,-1.30009,-2.10607,-1.2732
1.093,109.869,105.521,105.312,nan,99.0354,301.779,-1.86313,-1.10869,-1.76579
1.0935,108.718,104.905,106.454,112.492,99.0191,301.74,-2.62473,1.39841,-0.764788
1.094,107.643,104.519,108.01,nan,99.0384,301.828,-1.30449,0.242509,-0.694893
1.094,107.333,104.627,109.115,113.495,99.0311,301.885,-2.25992,0.103012,0.649225
1.095,107.101,105.498,110.575,112.326,99.0327,301.82,-1.76431,0.93685,-0.175904
1.0955,107.27,105.383,111.994,112.279,98.9282,301.758,-1.81418,0.440022,-0.896879
1.096,107.573,106.151,112.214,nan,98.9025,301.809,-2.59977,1.12217,0.861671
1.0965,108.506,106.534,112.122,111.546,99.1101,301.874,-2.19115,2.48456,0.0120554
1.097,108.213,107.53,113.21,112.857,98.8125,301.816,-2.28875,2.90546,0.0509694
1.0975,108.386,107.665,113.233,nan,99.0044,301.856,-0.469741,2.73528,1.1093
1.098,108.516,109.013,113.195,112.941,99.0056,301.844,1.86378,1.6594,0.832963
1.0985,107.929,108.709,112.982,112.613,99.1213,301.804,0.293708,0.0739938,1.75127
1.099,107.558,109.072,112.356,112.366,99.1632,301.775,2.78519,0.584959,-0.471711
1.0995,106.133,109.051,113.013,113.592,99.2189,301.855,2.07558,0.407246,1.47435
1.1,106.587,108.461,113.497,111.86,98.9689,301.737,3.44654,0.237434,0.922516
1.1005,105.778,108.236,113.894,111.548,99.1208,301.772,3.18641,-0.0798309,0.261293
1.101,105.666,108.142,115.366,111.093,99.373,301.824,3.2205,1.24707,1.48164
1.1015,105.715,108.143,116.372,110.431,99.1993,301.762,2.01763,-1.10102,1.48678
1.102,105.108,107.962,115.939,108.886,99.2636,301.873,2.87254,-1.42691,1.331
1.1025,107.592,109.717,118.609,107.271,99.3302,301.842,0.321779,-2.57084,1.54276
1.103,107.689,110.456,118.295,nan,99.3346,301.818,-0.793388,-1.09639,1.24786
1.1035,109.01,111.636,119.368,nan,99.2081,301.983,-2.18111,-2.61817,1.11548
1.104,109.668,113.21,121.186,105.853,99.4114,301.933,0.53954,-1.8662,-1.00182
1.1045,112.213,114.838,120.846,nan,99.334,301.864,-1.83399,-1.54965,-1.19553
1.105,113.582,116.412,120.353,105.653,99.4978,301.873,0.138547,-0.453724,-1.27918
1.1055,114.528,116.806,118.963,104.961,99.5252,301.865,-2.22801,-0.246229,-1.97912
1.106,115.781,117.464,118.575,105.686,99.5343,301.859,-4.76163,0.182063,-0.236235
1.1065,116.893,118.815,117.674,106.502,99.5359,301.928,-3.41109,-0.836729,-1.54323
1.107,116.567,118.685,115.912,106.974,99.6181,301.886,-3.05231,0.405051,-1.06043
1.1075,116.397,118.558,115.294,105.731,99.4695,301.925,-1.60944,-0.49159,-1.65006
1.108,117.193,117.677,113.534,nan,99.5955,301.845,-0.346119,0.713889,-1.27748
1.1085,116.491,116.645,113.8,106.978,99.6616,301.848,-0.466214,2.2926,-0.0176373
1.109,116.046,117.111,112.577,106.917,99.5286,301.827,0.190221,3.61142,-0.378715
1.1095,116.923,116.536,111.877,106.319,99.5931,301.9,3.29613,2.9299,-1.15419
1.11,116.034,115.41,112.636,105.679,99.573,301.885,1.89522,1.01161,-0.951067
1.1105,116.122,115.618,112.408,106.28,99.556,301.96,2.13535,0.107404,0.545514
1.111,116.754,115.898,112.733,106.654,99.5087,301.748,0.66158,2.16053,-0.0371775
1.1115,117.103,116.638,111.608,104.858,99.5855,301.883,0.710747,0.915311,-0.314843
1.112,118.096,116.424,111.852,nan,99.4116,301.886,4.27307,1.02281,0.160362
1.1125,118.808,116.481,111.808,nan,99.4427,301.85,3.05111,1.23867,1.8637
1.113,119.098,116.408,110.688,106.965,99.3615,301.894,1.24291,0.28053,0.214955
1.1135,119.674,116.368,110.668,106.138,99.5139,301.787,0.0970534,-1.39647,-0.19652
1.114,120.014,116.324,109.694,107.951,99.3962,301.9,-0.360446,-2.67463,0.576279
1.1145,119.782,115.577,108.464,107.746,99.338,301.976,-1.32926,-2.07765,1.08387
1.115,119.225,115.272,107.338,nan,99.273,301.931,1.41168,-2.59891,0.105484
1.1155,118.322,113.972,105.62,110.607,99.1883,301.717,-1.50753,-1.68229,0.436504
1.116,116.831,112.505,105.497,111.911,99.1812,301.836,-2.29743,-1.15011,1.33148
1.1165,115.506,110.764,105.086,nan,99.1608,301.926,-5.25994,-1.52991,-0.356972
1.117,113.639,109.778,103.554,nan,99.0178,301.874,-2.65425,-1.39483,1.32067
1.1175,112.274,108.284,103.56,nan,98.9677,301.792,-3.07293,-2.08716,0.256039
1.118,111.583,107.475,104.352,nan,98.8641,301.909,-1.95266,-1.5346,-1.28019
1.1185,109.347,106.142,104.496,113.119,99.0021,301.776,-1.57555,0.236625,0.114477
1.119,109.668,106.319,105.495,112.007,98.8057,301.84,0.157843,0.238491,-0.45996
1.1195,110.484,105.868,106.729,nan,98.6089,301.769,0.147149,1.84404,-1.09148
1.12,108.287,106.829,107.405,112.038,98.7298,301.812,-1.44893,2.55627,-1.80836
1.1205,109.791,106.13,108.301,nan,98.7102,301.822,-0.587911,2.53803,-1.43444
1.121,108.609,107.702,110.247,112.877,98.6704,301.865,1.88505,1.33779,-0.407055
1.1215,109.667,108.574,110.087,112.99,98.5501,301.903,1.77571,1.91427,-1.9555
1.122,110.25,107.826,111.295,112.315,98.6148,301.768,3.03863,1.84195,-2.09175
1.1225,110.057,108.911,110.812,112.801,98.2941,301.853,2.05393,1.62433,-1.3463
1.123,108.688,108.615,111.454,nan,98.371,301.758,1.78698,1.26622,-0.882458
1.1235,107.936,107.54,110.908,113.595,98.4835,301.817,-0.0938235,1.10435,-0.611587
1.124,107.112,107.496,110.409,112.45,98.4165,301.795,-0.147322,2.09264,-0.241704
1.1245,107.151,107.723,111.244,114.07,98.2767,301.784,-1.23236,-0.358703,-0.292356
1.125,105.826,107.038,111.167,nan,98.225,301.739,-0.117085,-1.22601,1.08638
1.1255,105.255,106.961,111.354,114.13,98.4664,301.744,1.34343,-2.0105,0.0227629
1.126,104.856,106.676,113.217,nan,98.2948,301.654,-0.925405,-2.54897,1.36403
1.1265,104.734,107.253,113.971,112.749,98.3152,301.696,-1.26842,-2.00101,0.944827
1.127,104.975,107.062,113.9,112.02,98.2371,301.65,-4.92528,-1.77502,0.146279
1.1275,105.375,107.548,115.57,111.13,98.1488,301.634,-4.24131,-1.60196,1.17554
1.128,105.575,108.806,116.709,109.514,98.2053,301.627,-2.52916,-1.08939,1.78051
1.1285,108.064,110.381,117.689,nan,98.1798,301.614,-0.710472,-2.6405,-0.158759
1.129,107.677,111.471,119.207,108.505,98.3134,301.667,-1.90335,-1.6564,1.00506
1.1295,110.78,113.261,120.006,109.105,98.2706,301.66,0.317998,-0.0244386,0.760699
1.13,111.367,114.517,120.46,106.955,98.2839,301.544,-0.897775,-0.860477,1.49304
1.1305,112.72,115.589,119.498,107.171,98.2394,301.551,0.0529253,-0.417687,0.929012
1.131,113.511,116.523,119.833,106.745,98.4182,301.504,-0.260626,2.58274,-0.0423613
1.1315,114.208,116.887,119.457,107.256,98.2158,301.518,1.98089,1.44591,-0.900678
1.132,114.697,117.619,117.233,105.538,98.2711,301.466,3.95835,1.92199,-1.76957
1.1325,114.686,117.176,116.968,nan,98.3326,301.463,2.94545,2.33121,-0.630931
1.133,114.275,117.156,115.827,nan,98.0863,301.43,1.58107,1.78469,-1.40216
1.1335,114.96,115.89,115.605,106.919,98.2873,301.399,1.84081,1.43284,-0.731673
1.134,114.267,116.088,114.039,106.832,98.2957,301.371,0.206449,1.645,-0.873932
1.1345,115.117,115.597,114.159,106.912,98.3987,301.408,-0.944127,3.03989,0.0312351
1.1345,114.735,114.885,113.875,107.231,98.4313,301.402,1.53533,1.77671,-0.564248
1.1355,114.987,116.548,113.595,107.732,98.0519,301.427,2.00463,1.38099,-1.69255
1.136,116.181,115.487,113.984,nan,98.1923,301.411,1.26093,0.679215,-0.69146
1.1365,117.265,116.77,113.459,105.193,98.2503,301.313,-0.75645,-0.191729,-1.10071
1.137,117.493,117.259,113.687,105.448,98.2462,301.321,-2.02949,0.0987318,-0.6307
1.1375,118.736,117.924,113.675,104.285,98.1683,301.234,-4.38405,-0.147365,-0.322011
1.138,120.297,117.677,114.068,104.77,98.1113,301.296,-2.18553,-1.41649,1.2814
1.1385,119.879,117.009,113.733,104.683,98.1427,301.244,-1.83602,-1.56963,0.616583
1.139,120.214,118.162,112.212,104.932,98.2193,301.245,-1.9445,-0.873434,0.266819
1.1395,120.531,117.422,111.04,105.934,98.1455,301.179,-1.3351,-0.90363,0.92805
1.1395,119.453,116.941,109.287,106.294,98.0391,301.152,-1.83002,-1.07494,1.31996
1.1405,118.075,115.534,108.023,107.744,97.9457,301.046,-2.69584,-3.42277,-0.125604
1.141,117.278,114.805,107.372,109.464,97.9456,301.09,0.742895,-0.873568,0.089744
1.1415,116.832,113.07,106.595,109.016,97.9051,301.089,-0.512376,-0.084504,1.99279
1.142,115.594,111.292,105.065,nan,98.0546,301.01,3.12122,-0.122564,1.72366
1.1425,114.281,111.067,104.346,110.873,97.9511,300.971,2.78981,-0.104127,1.21941
1.143,113.082,108.761,104.156,111.202,97.7541,300.942,2.15685,0.29468,2.99517
1.1435,111.533,107.293,104.768,112.334,97.7908,300.921,2.49403,1.38,1.87858
1.144,111.749,107.69,105.463,112.463,97.8565,301.037,1.08373,1.05636,0.30542
1.1445,111.635,107.616,105.609,nan,97.6743,300.92,1.88505,0.601127,-0.673451
1.145,110.769,107.691,106.282,112.492,97.7373,300.939,1.42193,-0.203906,0.620036
1.1455,111.51,107.466,107.39,nan,97.5298,300.955,-0.096134,2.50746,0.309885
1.1455,111.054,107.973,107.849,nan,97.7571,300.896,0.34636,0.51793,-0.927763
1.1465,111.318,107.924,108.713,111.827,97.627,300.863,1.65403,2.40197,-0.399798
1.147,111.267,108.263,109.658,110.723,97.583,300.812,-1.22202,2.12532,0.0712107
1.1475,110.141,108.689,109.625,nan,97.6345,300.829,-2.45119,-0.018844,-0.421599
1.148,110.784,108.007,108.836,112.101,97.6258,300.768,-1.96709,-1.59914,-1.55769
1.1485,108.975,108.092,110.181,112.534,97.5888,300.81,-2.9836,-0.835565,-0.340235
1.149,108.277,107.147,110.384,113.732,97.5655,300.707,-2.3434,-1.08726,-0.0717028
1.1495,107.006,106.646,108.467,nan,97.6198,300.846,-1.38081,-2.40449,-1.52566
1.15,106.319,105.874,108.871,114.413,97.5752,300.668,-0.987387,-2.13425,-1.9352
1.1505,105.362,105.981,109.513,114.776,97.6406,300.765,-1.05954,-1.27457,-1.53235
1.151,104.492,105.322,110.236,nan,97.6697,300.641,-2.77429,-2.09431,-1.18782
1.1515,104.716,105.019,109.713,113.777,97.5329,300.626,-1.47765,-4.02582,0.31002
1.152,104.265,105.779,112.176,113.527,97.5611,300.615,-0.25122,-1.48165,-0.229648
1.1525,104.395,106.943,113.232,113.725,97.7468,300.588,1.48433,-2.16653,1.3627
1.153,104.123,107.625,114.377,113.872,97.6295,300.563,0.878613,-1.60684,0.133393
1.1535,106.26,108.374,115.461,111.676,97.7088,300.542,0.981877,-1.52343,-0.422466
1.154,107.473,109.891,116.022,nan,97.8122,300.55,1.4608,-0.172727,-0.480852
1.1545,108.496,111.185,117.987,nan,97.8802,300.588,2.22905,1.1994,0.188585
1.155,109.698,113.434,118.428,109.609,97.8381,300.579,2.58939,1.68691,0.49571
1.1555,111.337,114.06,119.408,109.647,97.8693,300.445,2.60673,2.53013,0.940846
1.156,112.316,115.159,119.221,nan,98.1257,300.476,3.36806,1.52353,1.4984
1.1565,113.194,115.664,118.709,106.72,98.11,300.463,1.49414,2.1226,2.50907
1.157,113.144,115.443,119.609,nan,98.06,300.404,1.54222,3.16167,2.11054
1.1575,112.43,116.01,119.177,107.201,98.0764,300.427,0.520288,2.46872,1.82753
1.158,112.78,115.368,116.753,108.866,98.236,300.533,-0.914544,3.90103,0.645334
1.1585,112.029,115.321,116.767,108.74,98.2536,300.388,-1.55903,1.91258,-0.481405
1.159,112.925,114.205,115.607,109.005,98.4341,300.441,-2.10283,0.576324,0.771786
1.1595,112.963,114.91,115.923,108.088,98.4533,300.452,-1.36263,0.766251,-0.329485
1.16,112.989,114.911,115.007,nan,98.4552,300.397,-0.794317,0.810611,-1.08233
1.1605,113.897,115.109,115.553,107.448,98.614,300.308,-2.26004,-0.604223,0.826848
1.161,114.777,116.033,115.265,nan,98.4366,300.367,-3.61455,-2.88477,0.124747
1.1615,115.739,116.132,115.99,106.556,98.5181,300.343,-3.43699,-0.928306,-1.36266
1.162,117.776,117.281,115.195,106.471,98.6187,300.322,-1.91458,-1.33146,-0.265484
1.1625,119.716,117.085,116.264,106.064,98.7225,300.383,-1.51442,-1.84466,-0.26102
1.163,119.803,118.58,116.114,104.765,98.6975,300.367,1.68911,-2.52904,-2.59395
1.163,120.692,118.721,115.884,nan,98.8762,300.229,2.20171,-2.38967,-0.901601
1.164,120.764,119.702,115.173,104.623,98.6158,300.314,1.96944,-2.61045,-0.612356
1.1645,120.613,118.748,114.768,104.542,98.7223,300.321,-0.804104,-0.371067,0.321938
1.165,121.352,118.22,113.561,104.734,98.7376,300.303,0.758939,-0.462968,-1.67183
1.1655,119.597,115.819,111.427,105.593,98.7352,300.297,3.53671,1.4801,1.03597
1.166,118.965,115.582,110.258,nan,98.665,300.254,2.04522,0.376274,-0.621204
1.1665,117.631,113.938,108.496,105.575,98.8365,300.37,4.41807,0.990548,-0.442233
1.167,116.765,113.565,107.345,106.681,98.7154,300.27,3.23736,-1.44334,0.238863
1.1675,115.402,112.169,107.241,108.047,98.8414,300.271,2.43547,1.69338,-1.03246
1.168,114.744,110.772,105.366,nan,98.9089,300.284,-0.475332,-1.10293,0.0917088
1.1685,113.268,109.991,105.741,109.764,98.9677,300.183,-0.606047,1.76579,1.13027
1.169,113.318,109.453,105.992,110.343,98.9062,300.389,-0.145107,1.69746,-0.41847
1.1695,113.734,109.148,105.861,nan,98.8389,300.282,-0.901215,2.45603,0.996605
1.17,112.704,109.404,106.491,nan,98.8096,300.386,0.0531644,0.773175,2.05376
1.1705,112.932,109.494,106.188,nan,98.7422,300.342,-1.86253,1.29525,0.863359
1.171,113.853,109.352,107.074,109.813,98.7451,300.342,-1.88341,-1.2985,0.674387
1.1715,113.401,109.219,107.444,111.161,98.8373,300.409,-4.42694,-0.660291,0.25017
1.172,113.435,110.106,108.783,110.585,98.8103,300.39,-4.67848,-0.0786458,1.62471
1.1725,111.543,109.048,108.357,111.099,98.9391,300.277,-2.18449,0.52374,0.586453
1.173,111.764,108.466,108.086,111.479,98.7341,300.333,-1.44272,-0.171921,1.24276
1.1735,110.135,109.016,108.204,nan,98.8057,300.293,0.467848,-1.3539,0.198443
1.174,108.866,107.325,108.409,nan,98.7867,300.407,1.02725,-2.68728,-0.495635
1.1745,108.312,106.354,107.08,113.584,98.7373,300.4,0.235104,-2.15748,-2.04928
1.175,107.353,105.053,107.685,113.864,98.7775,300.36,1.60745,-2.49303,-0.670132
1.1755,105.091,104.512,107.313,nan,98.7949,300.365,1.45899,-0.559086,-0.904094
1.176,104.377,105.059,107.324,114.654,98.8912,300.399,1.60898,-1.64988,-1.589
1.1765,104.062,104.293,107.981,115.224,98.9541,300.41,2.12591,-2.12769,-2.33284
1.177,104.106,105.152,108.298,115.535,98.8233,300.412,2.43159,-1.39874,-0.792272
1.1775,103.84,104.89,109.205,114.761,98.8362,300.419,1.01467,-1.40154,-1.95257
1.178,105.936,106.585,110.306,115.043,99.0014,300.473,1.55782,-1.00387,-0.975108
1.1785,106.084,107.486,112.472,nan,99.0415,300.449,1.03269,0.976741,-0.177039
1.179,106.696,108.556,113.185,nan,98.9415,300.417,0.310602,1.80976,-1.39322
1.1795,107.68,109.316,114.939,112.986,99.0789,300.395,0.0530578,2.11817,-0.390236
1.18,109.855,111.758,116.058,nan,99.1606,300.455,0.257927,1.72655,-0.139648
1.1805,110.633,112.287,117.716,112.388,99.1997,300.428,-0.166435,2.94987,-1.15821
1.181,110.071,112.98,116.873,nan,99.2021,300.449,-2.0084,2.14508,-1.12185
1.1815,110.766,113.828,118.09,nan,99.2328,300.441,-1.04765,1.67962,-1.5153
1.182,111.27,113.304,118.224,109.665,99.2247,300.484,-3.73164,1.46368,0.770304
1.1825,110.201,114.304,118.044,109.687,99.2832,300.493,-2.4593,1.17658,1.28299
1.183,110.342,113.98,117.493,108.655,99.282,300.514,-1.50467,1.51712,1.16351
1.183,111.081,113.782,117.372,109.914,99.4729,300.437,-0.952473,-0.423117,1.9474
1.184,110.278,113.778,116.478,109.661,99.4241,300.544,0.487553,1.04724,0.45698
1.1845,110.668,113.411,115.988,109.689,99.5079,300.474,0.558887,-1.39921,1.65562
1.185,110.837,113.96,116.087,108.793,99.4948,300.467,-1.46541,-0.793617,0.234479
1.1855,111.93,114.782,116.151,108.599,99.5947,300.483,-0.578675,-2.27338,0.892097
1.186,113.647,115.186,116.334,nan,99.5926,300.603,1.06524,-1.33251,1.74835
1.1865,114.311,116.858,116.749,nan,99.5863,300.489,2.11769,-3.94587,0.326556
1.187,115.5,117.627,117.474,nan,99.7258,300.526,3.15264,-1.71352,1.39639
1.1875,117.151,118.783,117.984,107.352,99.6854,300.605,4.34967,-1.30699,1.12662
1.188,119.378,118.391,117.23,106.741,99.6423,300.621,0.503262,-0.219065,0.469932
1.1885,119.66,120.111,117.39,nan,99.6077,300.697,1.5124,-1.75937,0.36556
1.189,119.962,119.471,118.343,nan,99.6796,300.604,1.36855,-1.48582,-1.78459
1.1895,120.493,119.168,116.765,104.95,99.7663,300.614,0.530496,-1.96423,-0.956095
1.19,120.461,118.806,115.18,103.675,99.7251,300.689,0.323952,-0.20542,-1.89511
1.1905,119.834,118.624,114.821,105.165,99.715,300.681,0.209208,-0.0292844,-1.28371
1.191,118.272,117.151,113.684,nan,99.4977,300.754,1.39382,0.56725,-0.647137
1.1915,118.263,115.914,112.535,104.686,99.6015,300.717,-2.00318,2.6524,-0.319979
1.192,117.116,114.943,110.768,104.996,99.4824,300.664,-2.34036,1.3988,-1.08494
1.1925,116.708,113.837,109.516,105.749,99.4783,300.578,-2.3566,2.29627,-1.90496
1.193,115.093,112.928,108.259,107.015,99.5958,300.765,-3.04343,2.23704,0.253906
1.1935,115.64,112.149,107.789,106.535,99.5504,300.817,-0.278162,2.41318,-1.47296
1.194,114.755,111.46,106.188,nan,99.5323,300.755,-1.87938,2.23065,-0.315013
1.1945,114.216,111.343,106.671,nan,99.3632,300.818,-0.320434,1.16321,-0.26749
1.195,115.614,110.571,106.856,nan,99.3009,300.805,-1.79238,1.85036,-0.686797
1.1955,114.996,111.12,107.097,108.875,99.3064,300.679,0.32612,0.7262,0.802635
1.196,115.477,110.366,107.88,108.644,99.3516,300.797,0.721932,-0.280262,1.89099
1.1965,115.196,111.168,107.283,108.934,99.1597,300.78,-0.00353833,-1.32104,1.23139
1.197,115.43,111.03,108.613,109.556,99.1721,300.773,2.15585,-0.858408,0.67201
1.1975,114.845,110.244,108.579,109.746,99.269,300.75,3.39363,-1.5142,0.0514044
1.198,113.954,109.656,107.722,109.727,99.0632,300.882,2.26105,-2.7477,0.273342
1.1985,112.619,109.392,107.87,nan,98.9936,300.922,3.15633,-1.69125,1.28671
1.1985,110.269,107.796,107.496,nan,98.8922,300.852,2.07524,-2.35137,1.0024
1.1995,108.781,106.856,106.117,109.579,98.9733,300.902,0.210892,-1.25587,1.90259
1.2,108.145,106.579,106.485,110.678,98.7513,300.913,1.35642,-0.187199,1.15471
1.2005,106.375,105.093,105.802,111.093,98.7539,300.851,0.95887,-0.56426,1.25512
1.201,105.953,104.738,105.552,nan,98.6933,300.806,2.49914,-1.25529,-0.0581447
1.2015,105.142,104.296,105.024,nan,98.6943,300.869,-0.864607,-0.354871,0.0819598
1.202,104.168,104.455,106.284,113.725,98.6859,300.847,-1.63436,0.296298,0.187646
1.2025,104.398,105.152,107.399,114.52,98.4756,300.828,-0.174318,0.855196,-2.19709
1.203,104.754,105.393,108.38,115.201,98.6797,300.926,-2.66213,1.34026,-1.60463
1.2035,105.501,106.784,109.584,114.683,98.6673,300.895,-3.00596,1.20606,-0.742665
1.2035,106.57,107.419,110.666,115.714,98.6458,300.825,-2.01768,0.999413,-0.997511
1.2045,107.751,108.581,112.333,nan,98.5379,300.965,-2.51183,-0.658633,-2.44102
1.205,108.75,110.024,112.793,114.593,98.3986,300.965,-2.01424,0.302913,-0.508899
1.2055,108.326,110.386,114.385,112.63,98.7467,300.894,-1.46252,2.28578,-1.59114
1.206,108.834,110.208,115.508,113.141,98.4693,300.849,-2.05592,1.22557,-2.02703
1.2065,109.842,111.526,116.289,nan,98.6214,300.839,-1.94583,2.03759,-0.949201
1.207,109.481,112.284,116.434,112.256,98.417,300.914,0.860327,0.358866,-2.89076
1.2075,108.998,111.371,116.702,110.581,98.2963,300.891,1.81364,0.231247,-1.30331
1.208,107.674,111.933,116.974,110.633,98.5669,300.843,2.67221,-1.15339,-1.56878
1.2085,108.092,111.509,115.825,110.176,98.6269,300.965,2.23813,-1.80493,-0.965882
1.2085,108.618,111.135,116.293,nan,98.5428,300.953,1.5088,-2.24948,-0.715061
1.2095,108.597,111.886,115.779,110.28,98.6247,300.862,-0.160237,-1.60798,0.877239
1.21,110.297,111.624,115.86,110.519,98.586,300.95,1.41567,-1.46997,1.17335
1.2105,110.417,113.773,115.848,nan,98.4667,300.918,1.12265,-0.803744,1.70272
1.211,111.704,114.131,116.178,nan,98.5467,300.808,3.27088,-2.01516,-0.141984
1.2115,112.528,115.566,116.383,111.026,98.5922,300.95,1.70603,-0.849257,0.191737
1.212,114.059,116.595,117.522,nan,98.5127,300.851,0.601316,-2.18632,0.806574
1.2125,115.701,117.127,118.201,nan,98.6034,300.887,-0.82939,-2.04844,1.62859
1.213,117.051,118.502,118.646,nan,98.4804,300.847,-2.63867,0.395575,1.21195
1.2135,118.294,119.8,118.489,107.91,98.4667,300.856,-2.81516,0.484598,1.11054
1.214,119.294,119.988,118.925,nan,98.5466,300.951,-1.78781,1.71579,2.24794
1.2145,119.607,119.486,119.004,105.543,98.6502,300.939,-1.31783,1.14467,0.206036
1.215,119.938,118.958,119.258,105.244,98.518,300.868,-1.97889,0.325312,0.310732
1.2155,118.631,118.52,117.976,105.68,98.5237,300.892,-3.11051,0.359837,-0.570906
1.216,118.754,117.122,116.804,nan,98.4418,300.889,-2.68564,0.919696,0.290198
1.2165,118.101,116.706,115.76,104.294,98.4955,300.837,-2.58812,0.946478,-0.248707
1.217,117.997,114.925,113.344,nan,98.2618,300.873,-2.27427,2.59461,1.32631
1.2175,116.646,114.343,112.692,104.606,98.3233,300.802,0.987966,1.73412,-0.495112
1.218,116.464,114.219,109.943,105.033,98.1518,300.862,0.238325,2.32346,-0.546087
1.2185,115.781,113.355,109.815,nan,98.2224,300.931,1.61579,1.66504,-1.17227
1.2185,116.327,112.801,109.239,106.099,98.2308,300.863,1.76926,-0.0528364,-0.739394
1.2195,116.516,113.023,108.024,nan,98.2498,300.788,1.03693,-0.171514,-1.34375
1.22,116.385,112.901,107.406,107.892,98.1623,300.88,0.877173,-0.0214499,-0.732409
1.2205,116.776,113.192,107.762,107.635,98.16,300.886,1.01608,-0.135033,-1.98607
1.221,117.157,113.557,108.656,108.14,98.0819,300.813,2.60776,-1.74941,-0.83548
1.2215,117.422,112.98,108.853,106.672,97.9903,300.845,2.30781,0.66981,-1.36063
1.222,116.41,112.022,109.034,108.38,97.7633,300.855,0.804994,-0.368099,0.359933
1.2225,116.667,112.277,108.903,nan,97.8215,300.815,0.616537,-2.1062,0.249376
1.223,115.214,110.949,109.3,nan,97.8862,300.843,-1.38164,-1.28424,0.508018
1.2235,114.934,110.651,108.801,108.828,97.8336,300.847,-1.54617,-1.94261,0.260229
1.224,113.312,109.368,107.841,108.06,97.7867,300.874,0.38029,-0.390304,1.45751
1.224,110.982,107.709,107.402,nan,97.7182,300.802,-1.37502,-0.598666,0.791106
1.225,109.374,106.695,107.448,nan,97.698,300.765,-2.47929,-0.696264,0.59282
1.2255,109.315,104.912,105.69,nan,97.6792,300.729,-2.32916,0.543937,0.500785
1.226,107.424,104.051,104.777,109.569,97.5594,300.82,-2.00184,2.08786,0.645727
1.2265,106.61,104.188,104.274,111.067,97.6701,300.771,-0.325415,0.787254,0.362942
1.227,105.763,104.412,103.875,112.317,97.5571,300.786,-2.18382,0.587029,1.37179
1.2275,105.814,105.117,104.34,112.897,97.4979,300.797,-1.68263,1.48023,1.52009
1.228,106.437,104.92,105.967,114.284,97.5632,300.682,0.450446,2.79819,1.57893
1.2285,106.799,105.635,106.575,113.645,97.6744,300.823,1.4081,3.64935,0.806653
1.229,106.737,106.588,107.676,113.752,97.4356,300.611,1.92797,2.85183,2.20048
1.2295,108.165,107.552,109.113,115.071,97.4208,300.802,-0.654575,1.20862,0.737648
1.23,108.215,108.736,109.901,115.338,97.5513,300.73,0.963954,0.87036,-0.00430384
1.2305,107.951,108.748,111.349,114.603,97.5147,300.773,2.06253,1.16691,0.0715215
1.231,108.831,110.035,112.742,114.57,97.5359,300.804,0.69333,0.796528,0.576335
1.2315,108.176,109.421,114.246,113.518,97.4097,300.765,2.66252,-0.599225,-1.35231
1.232,108.257,110.851,114.158,nan,97.6609,300.798,2.6502,-0.35905,-0.944959
1.2325,107.275,109.812,114.2,112.962,97.5845,300.787,3.31489,-0.19348,-0.250135
1.233,107.261,109.78,114.542,112.313,97.6899,300.796,0.539874,-1.29521,0.225065
1.2335,106.139,109.044,115.469,112.763,97.6585,300.892,-0.354858,-0.290862,-2.71585
1.234,106.929,109.932,114.696,112.114,97.731,300.869,-1.20689,-2.54293,-1.31365
1.2345,106.371,109.422,114.075,111.408,97.6431,300.827,-2.05819,-2.69287,-1.67018
1.235,107.673,111.138,114.651,111.059,97.9032,300.812,-2.12148,-1.48226,-1.43837
1.2355,107.458,111.456,114.933,112.442,97.8323,300.846,-1.20493,-0.284429,0.147898
1.236,109.735,112.941,114.612,110.93,97.9081,300.861,-0.54025,-0.556037,0.314094
1.2365,111.514,114.33,115.194,111.528,98.0161,300.82,-1.92776,0.0519795,0.980186
1.237,112.962,115.834,115.768,112.035,98.0792,300.933,-3.46251,0.0286926,0.240494
1.2375,114.791,117.269,116.343,111.035,98.1623,300.819,-2.55246,-0.883228,0.633063
1.238,115.213,118.275,117.732,111.336,98.1377,300.825,-2.89208,-0.723652,0.171356
1.2385,117.471,118.945,119.009,nan,98.1255,300.78,-0.72101,0.563683,0.332104
1.239,118.305,118.896,119.615,110.705,98.3396,300.822,1.02818,1.28716,0.422277
1.2395,117.582,118.812,119.728,109.122,98.3214,300.797,1.54409,1.67343,0.396529
1.24,117.884,119.333,119.251,108.584,98.2687,300.781,0.465912,3.04437,1.01446
1.2405,117.825,118.658,119.584,107.66,98.3867,300.882,0.649231,3.24457,1.14094
1.241,117.706,117.609,119.302,107.376,98.3195,300.817,2.44212,2.45097,2.29746
1.2415,117.352,116.979,118.379,nan,98.3195,300.895,2.80445,0.799588,0.278899
1.242,115.802,116.566,116.535,104.769,98.4375,301.009,4.59983,-0.124517,1.49807
1.2425,116.789,115.853,115.087,104.976,98.5999,300.899,0.887315,1.00963,1.88644
1.243,116.304,114.736,114.536,104.913,98.4448,300.871,1.75364,0.4391,1.21206
1.2435,116.071,114.146,112.974,103.557,98.5107,300.977,1.0459,-0.419707,0.592102
1.244,117.205,113.808,112.475,nan,98.427,301.007,-1.21983,-0.224084,0.406542
1.2445,117.114,114.451,111.47,104.963,98.5892,300.974,-0.0110344,-0.149019,-0.347734
1.245,118.274,114.674,111.037,nan,98.6927,300.943,0.779833,-1.89972,0.761826
1.2455,118.522,114.443,110.329,106.098,98.6178,300.988,1.166,0.251879,-0.617574
1.246,118.523,115.455,109.763,107.089,98.4894,301.036,-0.192395,-3.29809,-0.723916
1.2465,119.276,115.668,110.502,106.008,98.3891,301.021,-2.00168,-2.6302,-1.98394
1.247,118.924,114.247,110.327,106.938,98.5644,301.155,-2.35739,-1.7312,-1.24435
1.2475,117.815,114.18,110.735,107.025,98.4197,300.999,-2.75246,-2.26226,-1.80678
1.248,116.439,112.899,110.312,106.458,98.5697,301.005,-3.77899,-0.587202,-1.30173
1.2485,115.677,111.987,110.345,nan,98.6258,301.168,-1.18785,-1.3851,-0.975809
1.249,114.737,110.491,109.322,106.936,98.5451,301.133,-0.634714,-1.36216,-1.57318
1.2495,112.834,108.999,108.872,105.744,98.544,301.134,-2.17794,-1.67324,-1.57202
1.25,112.16,108.077,108.341,107.035,98.4321,301.081,0.85828,-0.134536,-1.08658
1.2505,110.14,106.831,107.525,nan,98.5551,301.168,-2.04272,0.939767,-0.684576
1.251,108.97,105.513,105.459,107.848,98.5252,301.206,0.0995779,2.43161,-0.964607
1.2515,108.227,105.319,105.234,107.708,98.4847,301.22,1.45569,3.35281,-0.346669
1.252,107.188,104.698,104.583,109.084,98.5179,301.235,3.29748,0.898664,0.992894
1.2525,107.338,105.062,104.229,nan,98.6627,301.245,3.00377,-0.00772497,0.651968
1.253,107.202,105.738,104.162,109.734,98.6378,301.283,2.75588,1.68787,1.65384
1.2535,106.758,106.296,104.621,nan,98.4747,301.247,1.44432,1.4806,1.45873
1.254,107.342,106.202,105.095,112.176,98.667,301.327,-0.220943,1.2789,1.12993
1.2545,108.715,107.727,106.469,nan,98.4107,301.297,0.77705,0.0556596,1.15963
1.255,108.393,107.597,108.022,113.758,98.4874,301.313,1.18983,1.52121,0.58521
1.2555,108.514,108.55,108.022,114.412,98.5139,301.404,0.508155,1.24085,0.405332
1.256,107.704,108.927,110.468,nan,98.6208,301.387,-1.01274,0.556855,0.695928
1.2565,107.639,108.046,110.432,nan,98.8251,301.477,-1.34015,-1.85177,0.766274
1.257,107.627,108.045,111.665,nan,98.6977,301.431,-2.85799,-2.27461,0.441369
1.2575,106.681,108.541,112.062,nan,98.653,301.459,-3.4508,-2.44746,1.66147
1.258,105.809,108.115,113.056,nan,98.9124,301.54,-2.79139,-2.3478,1.26545
1.2585,106.223,107.061,112.829,112.946,98.8319,301.476,-2.23071,-0.785023,1.85786
1.259,105.354,108.352,113.143,112.848,98.9354,301.519,-3.72911,-1.12399,-0.386137
1.2595,105.367,108.102,112.044,nan,98.9405,301.612,-0.787918,-1.16968,0.0847651
1.26,106.506,108.556,112.776,nan,98.9859,301.671,-2.47423,-1.12427,-0.709503
1.2605,106.154,110.088,113.207,112.491,99.0859,301.583,-1.56323,-0.739218,-3.38132
1.261,108.301,110.952,113.12,112.163,99.1138,301.541,0.0866652,-1.04124,-1.16557
1.2615,108.999,112.594,113.204,112.156,99.1075,301.605,-0.174056,-1.61366,-1.51948
1.262,110.651,114.11,114.379,112.897,99.2942,301.653,0.831319,2.72757,-2.11062
1.2625,112.192,116.331,115.936,113.154,99.2502,301.632,2.10007,1.71752,-2.35635
1.2625,113.899,116.932,116.731,114.744,99.3205,301.753,1.28246,1.68552,0.860581
1.2635,115.018,117.595,117.945,112.907,99.2073,301.754,2.74087,0.126951,0.0373679
1.264,115.929,118.132,118.119,111.717,99.6224,301.848,1.97069,2.14424,-1.18279
1.2645,116.393,118.484,119.332,112.053,99.5018,301.836,2.40888,1.34464,-1.06172
1.265,117.097,118.469,119.699,nan,99.5667,301.85,0.644071,0.956035,-1.81775
1.2655,117.174,117.694,120.118,110.301,99.6538,301.838,1.0476,0.898444,0.476736
1.266,116.557,117.628,119.691,nan,99.5089,301.873,1.41322,1.41687,0.0964587
1.2665,116.325,116.567,119.334,nan,99.5571,301.894,0.175865,1.89824,-0.461306
1.267,115.648,116.056,119.383,108.313,99.5556,301.899,-0.797292,2.08504,0.237385
1.2675,115.288,115.802,117.345,107.376,99.6173,301.955,-0.661228,-0.70376,2.23421
1.268,116.155,115.976,116.986,106.275,99.8099,301.943,-3.82054,-0.424407,0.87057
1.268,116.296,115.844,115.493,106.661,99.6889,302.023,-2.2094,-1.3995,2.21935
1.269,117.226,114.489,114.255,nan,99.8934,302.062,-1.97528,-1.94948,0.650853
1.2695,116.818,116.41,113.892,105.891,99.6839,301.968,-1.58532,-1.2668,0.120129
1.27,119.504,116.296,113.003,103.811,99.7317,302.078,-0.226147,-1.51943,-0.126779
1.2705,118.555,116.607,113.049,105.476,99.7467,301.981,-0.474988,-0.531034,1.62827
1.271,119.66,117.315,113.152,nan,99.4911,302.098,0.16752,-0.732605,0.0418909
1.2715,120.344,116.395,112.55,nan,99.5356,302.123,-0.997595,-3.5277,0.195889
1.272,119.273,115.916,112.193,nan,99.6825,302.079,1.29796,-0.953915,1.03583
1.2725,119.18,114.876,112.152,nan,99.387,302.194,2.98922,-0.769872,0.254817
1.273,117.745,114.216,111.693,106.465,99.4966,302.109,2.56012,-0.16348,-0.151713
1.2735,116.865,113.775,112.181,nan,99.4442,302.148,4.34294,1.93857,-0.290424
1.274,115.294,111.737,111.462,105.932,99.4742,302.129,2.77671,2.281,-0.341054
1.2745,114.691,110.196,111.905,105.812,99.269,302.166,2.54559,2.24591,-1.81867
1.275,113.317,109.367,109.871,nan,99.4222,302.219,2.7225,-0.113276,-2.14374
1.2755,111.735,107.595,108.737,106.827,99.322,302.174,1.43238,1.43384,-1.90519
1.276,111.309,106.737,107.415,106.302,99.2695,302.281,2.5362,-0.560287,-0.302114
1.2765,110.557,106.078,106.581,105.227,99.269,302.184,0.839017,0.180942,-1.44419
1.277,109.469,106.248,105.334,nan,99.1726,302.142,0.238174,2.75692,-1.56823
1.2775,109.168,105.825,104.014,nan,99.2033,302.228,0.970107,1.48677,-1.072
1.278,109.159,106.156,104.66,nan,99.079,302.252,-1.36392,3.62715,-1.26706
1.2785,109.229,106.7,104.23,nan,99.0792,302.249,-3.13672,1.08286,-2.042
1.279,110.148,106.527,104.907,109.422,99.0955,302.283,-2.24863,-0.24525,-0.376138
1.2795,109.796,107.588,105.04,109.702,98.9773,302.372,-2.41436,-0.984035,-0.0465348
1.28,109.493,107.285,105.568,109.854,98.9527,302.296,-2.60981,-1.05581,0.123111
1.2805,109.259,107.65,106.932,nan,99.0225,302.366,-1.72281,-1.20254,1.50795
1.281,109.076,107.855,107.58,113.011,98.9046,302.361,-1.74754,-1.34033,2.59387
1.2815,107.958,107.823,109.078,113.191,98.9138,302.377,-1.21581,-1.64502,1.72846
1.282,107.401,107.281,109.51,112.672,98.9926,302.422,-2.54691,-0.692665,0.800595
1.2825,106.349,107.356,110.314,113.854,98.8424,302.305,1.12269,-2.02108,0.519927
1.283,106.102,106.599,109.94,nan,98.6648,302.443,0.994195,-2.30922,1.09424
1.2835,105.368,106.546,110.744,112.884,98.7862,302.398,2.12652,-2.24836,0.495929
1.284,103.91,106.147,111.106,112.541,98.807,302.353,2.20777,-1.1613,0.602578
1.2845,104.428,106.401,110.96,112.21,98.8719,302.396,1.95253,0.733109,1.13641
1.285,105.17,107.964,110.789,112.799,98.7372,302.382,2.39471,1.06068,0.851547
1.2855,105.427,107.624,111.276,nan,98.6848,302.461,1.60584,1.13373,1.63066
1.286,107.026,109.954,111.427,111.947,98.7342,302.413,2.20539,0.913525,1.00479
1.2865,108.118,110.593,110.791,112.597,98.7922,302.484,2.33187,1.91256,0.351702
1.287,109.632,112.606,111.955,nan,98.793,302.494,2.23141,1.01433,-1.15193
1.2875,110.748,113.232,113,nan,98.9341,302.448,1.32081,1.50165,-0.840122
1.288,112.168,115.163,114.758,113.258,98.743,302.441,0.351712,2.56118,-0.244077
1.2885,113.305,116.066,115.265,nan,98.9117,302.435,-2.85446,1.90224,-0.0429338
1.289,113.227,115.776,116.243,113.623,98.833,302.458,-2.23371,2.17483,-2.06663
1.2895,113.933,116.694,117.605,114.369,98.7717,302.376,-1.30704,2.96051,0.226484
1.29,114.095,117.246,119.189,113.721,98.7477,302.475,0.119391,0.470542,-1.7628
1.2905,115.24,117.204,118.476,nan,98.879,302.369,-0.710726,0.35676,-0.83784
1.291,114.55,116.589,120.31,112.036,98.7734,302.4,-0.714744,-0.585082,-1.36884
1.2915,114.468,115.875,120.469,112.808,98.7438,302.397,-2.42472,-0.757187,-1.81624
1.292,114.37,115.758,119.65,110.177,98.7983,302.376,-3.53901,-1.34773,-1.49516
1.2925,114.243,115.087,119.614,109.894,98.6713,302.286,-1.43644,-1.60116,-0.18883
1.293,114.542,115.215,118.052,108.103,98.7234,302.317,-0.749832,0.231703,-0.0997173
1.2935,115.852,115.908,116.985,107.696,98.6603,302.314,1.01657,-1.41071,0.512164
1.294,116.182,116.214,115.833,nan,98.6743,302.425,1.0974,-1.51706,0.534369
1.2945,117.992,117.008,115.558,nan,98.7078,302.316,0.504661,-2.58132,1.87667
1.295,118.431,117.351,115.104,107.03,98.7015,302.345,0.831559,-1.08138,0.00780202
1.2955,119.333,117.988,114.513,106.65,98.5437,302.363,1.52507,-1.09733,0.696315
1.296,119.955,118.025,113.631,107.293,98.588,302.33,2.487,-0.215843,0.961738
1.2965,120.477,118.352,114.142,nan,98.5836,302.377,3.36409,1.46678,1.04168
1.297,120.621,118.804,114.424,nan,98.554,302.385,3.37386,1.52748,0.499517
1.2975,120.955,116.837,114.5,107.954,98.4794,302.369,2.67933,0.0502207,2.22169
1.298,120.628,116.339,114.992,107.06,98.3981,302.287,0.794597,0.331695,1.58942
1.2985,118.163,114.899,113.928,107.012,98.5246,302.365,0.56508,2.09891,0.819813
1.299,117.542,113.9,114.247,107.116,98.1936,302.223,-2.03976,1.74001,1.81232
1.2995,116.407,112.448,113.51,106.953,98.2651,302.311,-1.19361,0.177529,1.37805
1.3,114.412,110.564,112.815,105.949,98.1602,302.331,-0.860475,2.52098,1.65566
1.3005,113.337,109.723,111.5,105.346,98.1273,302.296,-0.0745617,1.05135,-0.610023
1.301,112.437,108.773,110.504,nan,98.0472,302.228,-1.27501,1.84027,-1.24897
1.3015,110.907,107.974,108.585,104.789,98.0505,302.181,-1.97742,0.766244,0.0963314
1.302,111.769,107.778,107.559,nan,97.951,302.349,-4.13764,0.706372,0.278532
1.3025,111.293,108.115,106.975,104.533,97.9725,302.308,-2.04864,-1.39875,0.54511
1.303,111.271,107.94,105.344,nan,97.7737,302.18,-1.72983,-0.327491,-1.50486
1.3035,111.428,107.854,104.753,nan,97.8115,302.199,-1.02044,-0.52402,-1.64297
1.304,111.562,108.33,104.681,nan,97.956,302.26,0.24063,0.311707,-0.942963
1.3045,112.377,109.229,104.755,106.386,97.7386,302.144,0.809619,-1.82024,-1.37458
1.305,111.223,108.258,105.365,nan,97.8229,302.307,-0.119541,-0.397888,-1.98344
1.3055,110.999,108.801,105.136,108.641,97.6606,302.236,0.247195,-3.71644,-1.80163
1.306,109.678,107.751,106.125,110.567,97.6415,302.19,1.39818,-2.4922,-1.83959
1.3065,109.082,106.858,106.529,nan,97.6133,302.215,3.03193,-3.32799,0.0190211
1.307,107.698,106.576,108.025,111.899,97.5857,302.18,3.49009,-0.675513,0.532757
1.3075,106.631,106.321,108.538,nan,97.4473,302.156,3.09686,-2.09574,-0.176701
1.308,105.26,105.518,109.064,nan,97.5433,302.237,3.68061,-0.0941858,-0.0559771
1.3085,104.445,104.945,108.819,nan,97.6428,302.061,1.76406,-0.269601,1.89423
1.309,104.429,104.797,109.594,111.859,97.7123,302.213,-0.302001,-0.0382446,-0.534155
1.309,104.366,104.944,108.741,112.099,97.5856,302.178,0.279563,0.235634,-0.711914
1.31,104.456,105.472,108.536,111.658,97.6281,302.128,-0.0719594,0.667248,0.418127
1.3105,104.566,106.549,108.661,nan,97.5962,302.099,-0.647604,0.0730307,0.243405
1.311,105.887,106.976,108.457,112.219,97.7553,302.079,-1.05074,0.854939,1.76091
1.3115,105.812,109.467,109.178,112.852,97.5981,302.098,-1.07835,2.88318,0.84819
1.312,108.514,110.818,109.391,nan,97.7219,302.046,-4.59018,1.86881,1.41511
1.3125,109.322,112.098,109.716,nan,97.6882,302.024,-2.3305,3.1761,0.385942
1.313,110.55,113.612,111.387,nan,97.7243,302.064,-2.14235,1.76119,0.251966
1.3135,111.816,113.975,112.444,113.681,97.7589,302.076,-2.45581,0.394701,-0.322248
1.314,111.779,114.872,113.429,nan,97.9099,302.065,-0.858828,0.649928,0.838642
1.3145,112.729,114.225,114.62,nan,97.7849,301.979,0.363299,-0.996458,-0.501344
1.315,112.281,115.431,115.866,115.33,97.6871,301.959,-1.79456,-0.216347,-0.470846
1.3155,112.68,115.115,117.589,115.336,97.831,302.001,-0.85106,-1.12997,-0.148328
1.316,112.203,115.322,118.392,114.458,97.9475,301.941,0.172665,-2.07739,0.206653
1.3165,112.471,115.224,119.132,114.197,97.9859,302.04,2.97705,-1.34872,-1.48021
1.317,113.065,114.718,119.415,nan,98.0394,301.962,2.95196,-2.66304,-0.968048
1.3175,112.509,114.351,119.299,nan,97.9731,301.981,4.46369,-1.32553,-0.863683
1.318,113.115,115.247,118.535,nan,98.21,301.997,1.26924,-1.94786,-0.607124
1.3185,114.085,115.924,118.365,111.163,98.142,301.936,3.1081,-1.65708,-2.21295
1.319,115.419,116.605,117.515,108.769,98.1657,301.95,1.31539,-0.711775,-1.33615
1.3195,117.66,116.802,115.94,nan,98.1743,302,1.33032,-0.733547,-1.00082
1.32,117.499,117.419,116.007,109.201,98.2007,302.017,0.755989,-0.588805,-1.16101
1.3205,118.036,118.351,116.211,nan,98.1818,301.957,2.20671,-1.74298,0.0369357
1.321,119.567,118.527,115.652,nan,98.3108,302.026,1.60671,-1.51817,-0.655856
1.3215,119.818,118.28,115.274,nan,98.2383,302.005,0.0273641,0.443512,-0.162031
1.322,120.521,119.119,115.365,108.387,98.2968,301.983,-1.03218,2.14538,-0.121018
1.3225,120.641,118.638,115.966,107.922,98.1668,301.898,-2.81716,0.987539,0.57832
1.323,119.732,117.879,115.907,108.679,98.2937,301.979,-3.13183,2.58389,-0.957654
1.3235,119.038,116.17,115.62,108.97,98.4118,302.006,-3.51435,1.88511,0.414387
1.3235,117.51,115.197,115.708,nan,98.2317,301.97,-1.53021,1.9721,1.63886
1.3245,117.241,113.377,116.967,107.752,98.3861,301.968,-1.10883,1.39156,1.20509
1.325,115.735,111.964,115.369,106.968,98.2811,302.035,-1.04373,1.76423,2.54075
1.3255,115.516,111.577,114.673,nan,98.2653,301.934,-0.178928,0.449549,1.80122
1.326,114.714,109.756,113.627,107.162,98.4605,301.964,-1.40183,1.94518,0.649023
1.3265,113.366,109.695,112.378,105.264,98.2163,301.928,0.814082,1.22346,0.426501
1.327,113.285,110.391,111.089,105.241,98.2548,301.94,0.76149,0.712821,0.846401
1.3275,113.381,109.823,109.404,nan,98.2793,301.987,1.54609,-0.603688,-0.072662
1.328,113.728,109.664,107.878,nan,98.3539,301.921,1.47881,-3.32698,-0.246496
1.3285,112.792,109.773,106.833,104.097,98.0743,301.913,2.91741,-2.46745,-0.0897946
1.329,113.484,109.575,106.056,104.896,98.2784,301.893,1.52836,-2.04965,0.425128
1.3295,114.151,109.432,106.252,105.129,98.2649,301.981,1.78573,-0.932814,0.822034
1.33,112.943,110.289,106.121,106.638,98.2298,302.093,1.10663,-1.51196,-0.740945
1.3305,112.411,109.035,105.876,nan,98.2525,301.922,1.89552,-1.2853,-1.51986
1.331,111.384,108.278,106.668,nan,98.2921,301.981,0.750307,-0.722434,-0.711239
1.3315,109.721,107.995,106.308,108.252,98.2685,302.037,0.590808,-0.251847,-1.2624
1.332,109.322,106.83,106.791,108.948,98.1146,301.967,-1.71411,-1.47922,-1.51156
1.3325,107.702,106.48,106.749,109.379,98.2999,302.019,-0.64778,-1.33501,-2.78428
1.333,106.416,104.941,108.415,nan,98.3142,302.062,-1.52921,-1.26936,-0.487831
1.3335,105.621,104.296,108.476,nan,98.2998,302.046,-3.54131,1.81025,-1.43217
1.334,104.92,104.189,107.831,110.846,98.4343,302.074,-3.0983,0.800899,-0.320318
1.3345,103.435,105.054,108.388,nan,98.3387,302.041,-1.89215,2.89163,0.0659774
1.335,104.473,105.232,107.753,112.029,98.3583,302.007,-1.54541,2.52023,-1.45181
1.3355,104.431,105.749,107.619,111.091,98.4009,302.085,-3.15314,1.00348,-0.619264
1.336,105.457,106.733,107.628,111.01,98.5202,302.014,-3.50399,1.42504,-0.422356
1.3365,106.013,108.061,107.31,nan,98.521,302.135,-2.25259,0.584735,0.334793
1.337,106.969,108.837,107.095,nan,98.7179,301.988,-0.156665,0.903256,1.30258
1.3375,108.733,110.664,107.297,109.744,98.6315,302.12,0.81381,1.89817,1.55034
1.338,109.202,111.363,108.531,nan,98.5757,301.99,2.38122,0.0513047,2.4745
1.3385,109.76,112.516,108.648,nan,98.8216,302.077,1.53126,-1.13386,0.116297
1.339,110.192,113.036,110.457,nan,98.9037,302.017,1.5998,-0.933685,3.09421
1.3395,110.546,113.486,112.097,113.116,98.8732,301.988,1.9923,-2.35935,0.799361
1.34,110.515,113.3,113.754,nan,99.0024,302.093,1.3504,-0.234388,0.842691
1.3405,109.424,113.818,114.008,115.749,99.0495,302.064,0.748532,-0.575896,0.151944
1.341,109.939,113.488,116.104,nan,99.0355,302.11,2.55872,-0.867604,1.2701
1.3415,110.187,112.986,116.821,nan,99.2311,302.121,1.77538,-0.391709,1.34651
1.342,110.769,113.532,117.55,114.215,99.3038,302.052,2.28502,-2.6864,0.345636
1.3425,111.455,113.49,118.39,nan,99.2618,302.068,-1.76645,-0.0688639,0.805879
1.343,111.208,114.268,118.19,114.044,99.3187,302.126,-0.403038,-3.001,0.503136
1.3435,113.42,115.167,116.839,113.969,99.3324,302.169,-1.93005,-2.8074,0.150214
1.344,113.881,115.537,117.801,nan,99.5336,302.075,-2.75945,0.713758,-0.488472
1.3445,115.427,116.71,116.608,112.443,99.4637,302.127,-2.28981,-0.673223,-0.779986
1.345,116.409,117.741,116.798,nan,99.455,302.196,-1.63026,1.71234,-1.22989
1.345,117.699,118.609,115.981,111.335,99.3924,302.154,-1.14245,2.81164,-0.803522
1.346,119.668,120.053,115.721,nan,99.4808,302.161,-1.89375,0.942035,-1.12803
1.3465,119.774,119.751,116.017,nan,99.5912,302.201,-0.944218,0.855374,-2.34756
1.347,120.258,119.168,116.427,109.129,99.6169,302.231,-2.55594,0.640059,-0.979102
1.347,120.836,119.295,116.178,nan,99.5538,302.109,0.0454138,1.22899,-1.27202
1.348,120.759,118.333,117.502,110.289,99.5376,302.202,0.86494,2.04436,-0.678643
1.3485,118.79,118.532,117.208,nan,99.5947,302.169,3.50929,1.4812,-1.42774
1.349,118.528,116.176,117.932,108.621,99.6182,302.163,1.99199,1.05732,-0.546766
1.3495,117.703,114.776,118.61,109.248,99.6492,302.224,0.00624435,1.84986,-0.739845
1.35,117.598,114.334,117.598,109.212,99.6156,302.102,1.05792,1.65018,-1.1845
1.35,117.128,112.825,117.393,108.544,99.3854,302.243,1.72058,-0.789714,0.684059
1.351,115.523,112.082,116.769,107.989,99.547,302.163,2.42297,-1.77942,1.28853
1.3515,115.387,111.595,115.751,nan,99.6468,302.109,3.18387,-3.5419,1.91394
1.352,115.502,111.125,114.49,107.2,99.4683,302.142,3.2396,-0.152824,1.82895
1.3525,115.702,111.135,112.702,106.719,99.4652,302.077,1.81527,-2.0283,1.02724
1.353,115.253,110.473,111.207,nan,99.3569,302.068,-0.249892,-0.606469,0.467611
1.3535,115.907,111.371,109.891,104.978,99.3644,302.103,0.0407391,-2.00156,0.0215023
1.354,115.293,111.677,108.443,104.847,99.4467,302.149,-2.28961,-1.31405,0.1216
1.3545,114.291,112.022,107.003,103.568,99.3474,302.142,-0.642668,-2.03429,1.07349
1.355,114.388,110.967,107.258,nan,99.3926,302.093,-2.60647,-1.8314,1.42191
1.3555,114.303,110.678,106.864,105.19,99.3794,302.056,-2.28545,-0.0334341,0.553442
1.356,113.49,109.251,107.92,104.535,99.1964,302.105,-2.76454,1.30846,0.953904
1.3565,110.917,109.108,106.893,nan,99.0399,302.049,-3.83657,0.893223,1.2988
1.357,109.668,108.317,106.94,106.308,99.2615,302.217,-1.56474,0.444289,-0.562201
1.3575,108.942,106.476,107.546,107.578,99.1231,302.054,-3.33358,0.507261,0.416535
1.358,106.152,105.238,107.888,nan,99.0137,302.102,-0.464984,1.64193,-1.07757
1.3585,106.637,104.643,108.473,107.771,99.0325,302.062,1.19538,2.60044,-0.675975
1.359,105.97,104.789,108.047,109.466,99.0542,302.091,3.8056,2.35974,-1.6681
1.3595,103.776,103.61,108.231,nan,99.0506,302.123,-0.135391,0.882448,-1.52297
1.36,105.231,104.885,107.367,108.921,99.0242,302.035,0.904477,2.79296,-0.737377
1.3605,105.056,104.615,106.863,nan,98.9414,302.03,1.55396,2.06389,-0.713152
1.361,106.25,105.571,106.574,107.496,98.9738,302.044,0.330034,2.02021,-0.256495
1.3615,106.475,107.062,106.057,nan,99.0928,301.958,1.74652,1.18625,-0.343847
1.362,107.036,108.332,105.131,110.146,99.0014,301.957,3.09676,0.411188,-1.47863
1.3625,107.93,109.53,105.804,109.305,98.9465,302.007,3.29535,0.918279,-2.0718
1.363,108.885,110.637,105.777,108.349,99.1431,301.923,1.47374,0.0797013,-1.07599
1.3635,108.982,110.347,107.218,nan,99.0609,301.969,-0.0464286,0.33581,0.142834
1.364,109.106,111.292,107.275,110.504,99.0362,302.058,-0.738244,-0.319899,-0.148597
1.3645,108.458,111.806,108.663,112.284,99.0737,302.008,-1.49295,0.730746,-0.222905
1.365,109.089,111.665,109.525,112.007,99.1402,301.981,0.623391,-2.91278,1.10168
1.3655,108.649,111.946,111.576,112.896,99.1967,301.881,-1.88092,-2.53064,1.7086
1.366,109.194,111.452,112.564,114.099,98.9797,301.87,-1.55944,-2.37751,1.11737
1.3665,108.338,111.338,114.142,113.933,99.1255,301.892,-0.865119,-2.19568,0.136778
1.367,108.464,110.761,115.473,115.289,99.1749,301.712,-4.05478,-1.07164,0.871691
1.3675,108.691,111.319,115.36,114.101,99.1487,301.836,-2.86281,-1.10013,2.2113
1.368,110.037,113.036,115.525,114.985,99.0738,301.82,-0.593889,1.06199,1.38294
1.3685,110.73,113.184,116.428,114.717,99.0392,301.756,-1.45893,0.184024,1.99659
1.369,111.851,114.85,116.515,114.356,98.9825,301.834,0.0741026,-0.389763,1.55844
1.3695,114.307,116.177,116.466,nan,99.2171,301.741,-1.76288,0.349885,2.01488
1.37,115.901,117.06,116.475,113.152,99.175,301.692,-0.472848,0.529167,0.99723
1.3705,116.39,118.565,115.544,113.107,99.0126,301.684,1.11288,1.09068,0.127439
1.371,117.371,118.748,115.454,111.668,99.009,301.792,-0.392025,0.811542,2.04012
1.3715,119.199,119.756,115.24,nan,99.0309,301.738,1.51756,1.83865,-0.613385
1.372,118.936,119.64,116.083,nan,98.9677,301.599,1.90764,2.12684,-1.80026
1.3725,120.671,118.902,116.802,nan,99.027,301.677,1.97292,2.37876,-1.14474
1.373,119.277,118.163,116.931,109.56,98.9169,301.572,3.50163,-0.113324,-2.22421
1.3735,119.321,118.075,117.998,111.054,98.8731,301.575,1.64982,0.250972,-1.25928
1.374,117.775,117.826,118.07,110.845,98.9469,301.624,1.73645,0.211795,-1.44639
1.3745,117.652,116.624,118.615,111.413,98.8441,301.506,0.55776,-0.615122,-0.749624
1.375,117.518,115.387,119.626,110.218,98.9453,301.552,0.158615,-0.58622,-1.68046
1.3755,116.773,114.69,119.592,110.684,98.8557,301.447,0.992588,-0.589215,-1.44226
1.376,116.091,114.116,118.792,111.102,98.7919,301.507,-0.961116,-0.466976,-1.90596
1.3765,117.303,113.281,117.65,109.932,98.8653,301.452,-1.74827,-0.541843,-1.23807
1.377,116.732,113.726,117.152,109.289,98.5031,301.461,-2.00538,-1.64305,-0.165139
1.3775,116.616,113.314,115.336,107.819,98.4969,301.399,-2.76689,-2.94072,-0.579155
1.378,116.802,113.096,114.631,108.632,98.6018,301.385,-3.21152,-1.03139,0.641259
1.3785,117.232,114.892,112.84,nan,98.5375,301.266,-2.44318,-1.22707,-0.341975
1.379,118.043,113.604,111.281,105.479,98.3248,301.261,-3.76718,-0.503353,1.26814
1.3795,117.022,113.074,110.455,105.977,98.3856,301.307,-1.16875,-1.259,1.81281
1.3795,116.92,112.955,110.569,nan,98.197,301.193,-1.96284,0.808814,3.21368
1.3805,115.782,111.439,109.161,104.983,98.0931,301.291,1.26305,-0.205227,1.65881
1.381,115.56,110.45,108.84,104.345,98.0483,301.227,0.949586,0.609317,1.57883
1.3815,113.612,110.515,108.064,nan,98.3093,301.291,0.448145,0.410997,1.41284
1.382,112.536,108.73,108.898,nan,97.966,301.253,1.59535,-0.312871,1.8195
1.3825,110.865,106.793,108.199,105.083,98.0372,301.137,1.67279,2.27949,2.19398
1.383,108.923,105.438,108.782,105.641,98.0582,301.121,3.04751,2.46638,1.10468
1.383,108.21,105.125,109.208,105.694,98.0358,301.1,2.38534,1.21813,1.92508
1.384,107.351,104.154,109.907,107.485,97.84,301.197,3.26544,2.17691,-0.705906
1.3845,105.86,104.846,108.481,107.375,97.8704,301.103,2.19703,-0.337311,0.376308
1.385,106.389,103.683,108.497,108.272,97.9032,300.998,2.14116,0.55295,-0.139252
1.3855,107.67,105.374,107.515,107.775,97.7987,300.955,0.0999788,1.62668,-1.09935
1.386,106.373,105.189,106.095,nan,97.681,300.927,0.611353,0.450769,-0.525377
1.3865,107.257,105.957,106.317,108.171,97.626,300.994,-0.383543,-0.350078,-0.951013
1.387,106.959,107.377,106.331,107.873,97.6189,301.027,-1.51524,-1.86421,-0.0896425
1.3875,108.193,107.711,105.157,108.342,97.6217,301.02,-2.70096,-1.99043,0.213708
1.3875,108.078,108.688,104.279,107.925,97.6413,300.92,-3.2751,-1.9328,-2.29102
1.3885,108.777,109.204,104.647,nan,97.6973,300.905,-2.86786,-3.33267,-0.788644
1.389,108.338,108.746,105.345,107.983,97.5421,300.856,-1.08741,-3.37896,-1.42109
1.389,107.577,109.315,105.514,nan,97.6668,300.84,-1.59706,-1.37148,-1.29175
1.39,108.127,109.852,107.062,nan,97.71,300.781,-1.08844,0.108959,-1.11456
1.3905,107.123,108.76,108.014,110.773,97.744,300.856,-0.540055,0.124178,-1.60678
1.391,106.413,108.94,109.632,110.267,97.8963,300.83,-0.908551,-0.34354,-0.698313
1.3915,106.678,109.144,110.808,112.392,97.5733,300.819,-0.0586903,-1.03817,-0.0373441
1.392,106.322,110.113,112.23,nan,97.7625,300.679,-0.515267,0.239033,1.21621
1.3925,107.311,110.617,113.372,nan,97.8036,300.696,1.35344,0.0556848,0.648356
1.393,107.88,111.629,113.686,113.892,97.9483,300.697,3.27679,-0.449419,-1.16418
1.3935,108.841,111.697,115.073,nan,97.8829,300.673,2.27329,1.50331,0.11704
1.394,110.632,113.642,114.238,113.899,97.8801,300.693,3.39033,0.821807,1.09852
1.394,111.322,114.753,114.878,nan,97.7438,300.682,1.26474,2.25359,0.0799156
1.395,113.828,115.474,115.357,115.093,97.9897,300.606,0.140113,1.76835,1.99834
1.3955,114.037,117.403,115.019,114.601,97.9352,300.656,1.46624,2.79252,0.732679
1.396,116.836,118.169,114.29,nan,97.9615,300.688,1.91068,0.253453,1.89627
1.3965,117.214,118.575,114.638,nan,97.9614,300.626,2.26011,0.219279,1.72913
1.397,117.668,118.722,114.35,112.769,97.975,300.644,0.769386,0.939257,1.80922
1.3975,117.765,118.467,115.363,nan,98.0814,300.617,-1.48486,0.201059,0.185876
1.398,118.295,118.948,115.511,111.929,98.0534,300.561,-1.0739,1.82516,-0.181689
1.3985,117.745,118.319,117.222,111.7,97.9848,300.615,-2.93379,0.584116,-0.254995
1.399,117.346,117.273,117.801,nan,98.0874,300.576,-2.91282,-0.764569,1.19664
1.3995,117.439,116.441,118.27,nan,98.0442,300.585,-1.48789,-1.57268,-0.302462
1.4,116.472,115.624,119.575,nan,98.0926,300.508,-2.19658,-1.95155,-0.409081
1.4005,116.367,115.58,119.523,nan,98.0468,300.628,-0.642733,-1.37548,-0.6263
1.401,116.669,114.97,120.021,111.196,98.2224,300.566,-1.59997,-1.63709,-0.936194
1.4015,117.179,114.011,119.422,nan,98.346,300.573,-0.949739,-0.484624,-0.370364
1.402,117.084,114.775,118.975,112.766,98.1856,300.521,-2.24161,-0.77499,-1.21521
1.4025,117.754,115.079,118.708,111.719,98.0019,300.466,2.04002,-1.00438,-2.56495
1.4025,118.264,114.846,118.01,111.214,98.0598,300.484,2.66206,-0.826682,-1.24575
1.4035,119.026,115.037,116.659,110.53,98.0895,300.566,2.71093,-1.03718,-0.737972
1.404,119.61,114.98,115.107,108.854,98.0428,300.523,2.65135,-1.21022,-1.30682
1.4045,118.559,115.226,113.51,107.952,98.1673,300.408,2.18021,0.0917062,-0.174445
1.405,118.53,114.29,112.706,nan,97.9814,300.55,1.72231,0.317559,0.18228
1.4055,117.835,113.621,111.469,106.948,98.1849,300.497,2.72118,1.73043,-0.594356
1.406,117.038,112.583,110.896,nan,98.1411,300.556,2.29259,3.10653,0.152954
1.4065,116.09,111.879,110.514,104.889,98.0503,300.489,2.4399,0.684533,-0.260867
1.407,113.947,109.27,110.877,104.753,98.2377,300.449,3.00877,1.09991,0.833755
1.4075,112.502,109.418,110.667,105.696,97.9383,300.473,0.410836,-0.16008,0.554801
1.408,111.432,106.747,110.089,105.02,98.0155,300.532,-0.515158,0.943109,1.02522
1.4085,109.156,106.111,110.818,105.209,97.8629,300.458,-2.19991,2.23689,0.499064
1.409,108.372,105.15,111.138,105.955,97.9677,300.509,-1.15258,2.22299,0.632993
1.4095,107.848,105.148,110.591,nan,98.1182,300.5,-2.50475,2.03264,0.579776
1.41,107.709,105.286,109.637,106.333,98.0393,300.428,-1.59753,-0.357032,1.54271
1.4105,107.774,106.275,109.189,107.465,98.0444,300.532,-2.96459,0.471677,-0.016452
1.411,107.638,106.332,108.287,nan,97.9096,300.55,-0.666778,-2.22113,1.52766
1.4115,108.905,106.231,107.646,nan,98.146,300.465,-3.66838,-1.40709,1.38299
1.412,108.172,107.267,106.504,107.349,97.9492,300.491,-2.32312,-0.236804,-0.887559
1.4125,108.608,107.832,105.234,107.487,97.8806,300.455,0.288863,-2.75999,0.476423
1.413,109.208,107.974,104.985,106.037,98.0683,300.458,0.542591,-2.01631,-0.533925
1.4135,108.912,108.734,103.439,105.739,98.1682,300.546,1.55448,-0.865918,0.699264
1.414,108.196,108.654,103.332,nan,98.2556,300.516,3.50699,-0.219766,-0.0763643
1.4145,107.8,108.24,104.654,nan,98.2591,300.566,2.20823,-1.40427,-0.630766
1.415,107.32,107.899,104.196,nan,98.1525,300.455,0.79392,-1.08069,-0.0115804
1.4155,106.292,108.189,106.492,nan,98.181,300.53,2.20373,-0.38896,-1.86076
1.416,106.006,107.665,107.105,nan,98.2598,300.529,1.2867,0.554308,-0.723796
1.4165,104.988,108.166,108.267,nan,98.315,300.533,1.95619,0.97548,-2.32
1.417,105.36,108.263,109.919,nan,98.4376,300.526,2.30151,2.38906,-1.23536
1.4175,104.943,107.959,111.325,111.632,98.5078,300.545,1.09028,0.888107,0.269527
1.418,105.946,108.435,111.454,nan,98.5938,300.53,0.302927,1.4579,-1.48203
1.4185,106.868,110.402,112.264,nan,98.6648,300.613,-0.936025,1.80565,-1.24318
1.419,109.184,111.43,112.11,113.94,98.5987,300.609,-0.399451,1.18989,0.451645
1.4195,109.921,112.711,112.172,114.158,98.7559,300.586,-1.29734,2.64384,-0.342853
1.42,111.757,114.256,112.176,nan,98.7727,300.639,-1.01334,3.53611,0.368497
1.4205,112.669,116.42,113.164,113.779,98.9616,300.644,0.0236356,2.51893,-0.153221
1.421,114.22,116.824,112.407,113,98.9107,300.614,-0.86715,0.65752,0.493518
1.4215,115.159,118.444,113.241,nan,99.037,300.61,-3.50156,1.57736,1.05564
1.422,115.571,118.428,112.375,112.792,99.063,300.574,-2.00079,-0.31,-0.171064
1.4225,116.643,117.514,112.929,113.242,99.1738,300.539,-2.7394,-1.85584,1.533
1.423,115.638,118.188,114.04,112.915,99.1767,300.732,-1.07419,-3.0046,1.85928
1.4235,116.485,118.187,115.288,112.373,99.2261,300.621,-0.377162,-1.82028,1.81367
1.424,117.127,116.337,115.575,nan,99.3151,300.633,1.03108,-0.139603,1.35254
1.4245,115.429,115.984,116.862,113.003,99.315,300.601,1.42516,-0.555424,0.940374
1.425,115.685,115.97,117.856,112.346,99.3101,300.721,0.089333,-1.28726,1.48925
1.4255,115.083,115.472,119.823,113.785,99.4527,300.719,1.49902,-3.03249,0.241961
1.426,116.035,116.246,119.936,113.291,99.4524,300.625,1.49594,-3.05231,0.038727
1.4265,115.826,115.302,120.329,nan,99.4972,300.783,2.59545,-3.04453,1.93533
1.427,117.533,116.576,119.865,nan,99.3758,300.678,2.64341,-0.610659,0.3642
1.4275,117.851,115.68,119.734,nan,99.4412,300.727,2.17217,-0.80087,-0.539612
1.428,118.065,116.252,118.805,113.214,99.511,300.758,2.0477,1.3947,0.982534
1.4285,118.971,116.988,119.106,nan,99.4528,300.714,0.645031,1.17596,-0.93618
1.429,119.288,117.133,117.036,112.074,99.4817,300.84,0.0117621,0.427888,-1.09408
1.4295,119.968,116.788,115.127,112.079,99.3516,300.773,0.24262,0.844677,-1.68143
1.43,120.208,116.861,114.389,110.32,99.2938,300.758,-0.620011,0.879349,-2.62042
1.4305,119.047,116.113,113.037,nan,99.3696,300.803,0.310401,1.67861,-0.106656
1.431,117.739,115.06,112.706,nan,99.4021,300.779,-1.00492,2.85604,-0.291848
1.4315,116.637,112.903,112.039,nan,99.4528,300.853,-3.26168,3.23431,-0.47577
1.432,115.626,111.853,112.993,106.194,99.2886,300.746,-2.04364,1.09339,-1.2418
1.4325,113.071,109.955,112.358,nan,99.3403,300.739,-3.47052,2.57788,-0.971866
1.433,112.973,109.322,112.023,nan,99.3903,300.787,-0.575553,0.748778,-0.909274
1.4335,111.691,106.722,113.423,106.751,99.2826,300.833,-0.539097,0.316326,-0.862249
1.434,109.526,106.588,112.402,105.963,99.3212,300.847,-0.125042,-1.37943,-1.38386
1.4345,110.442,106.29,113.134,105.035,99.2132,300.734,-1.39741,-1.59027,0.52433
1.435,108.895,106.032,111.935,106.009,99.3467,300.727,1.6571,-2.27741,0.558693
1.4355,109.414,106.998,111.415,nan,99.4202,300.755,1.16357,-0.47699,0.769331
1.436,110.096,106.136,110.764,106.19,99.2705,300.774,1.25546,-1.32056,1.33705
1.4365,109.05,106.806,110.087,nan,99.0883,300.835,3.30387,-0.63241,1.37488
1.437,109.087,107.094,108.236,107.409,99.0509,300.871,2.24182,-2.52226,1.90875
1.4375,109.399,107.911,107.675,nan,99.1961,300.841,3.63,-2.33055,1.17382
1.438,109.217,107.751,105.562,nan,99.0791,300.8,3.21613,-2.19714,0.720232
1.438,109.191,108.482,105.887,105.921,98.9652,300.806,1.56486,-0.449482,2.50494
1.439,108.369,108.251,104.514,nan,99.0572,300.824,1.6997,0.157477,1.29201
1.4395,107.548,106.674,104.126,106.318,99.0869,300.87,-0.106603,-0.30892,1.58051
1.4395,106.629,106.21,104.074,nan,99.0168,300.748,-0.899268,1.27317,1.9057
1.4405,105.846,106.945,104.687,105.771,98.9438,300.817,-0.2574,-0.452534,0.0478708
1.441,104.779,106.436,105.537,105.711,99.255,300.781,-0.0548085,0.940253,1.51271
1.4415,104.748,105.511,106.303,106.408,99.2068,300.854,-0.767762,0.212195,-0.921469
1.442,104.395,106.293,106.662,nan,98.9727,300.811,-2.00349,2.89692,-0.27575
1.4425,104.128,106.292,109.037,107.017,98.9677,300.788,-3.59858,1.86431,-0.956753
1.443,105.901,107.925,108.893,107.68,99.1252,300.762,-2.75798,1.04654,-2.39424
1.4435,105.48,108.178,109.52,nan,99.1111,300.835,-2.18338,3.24126,-0.0512202
1.444,107.522,109.783,109.975,nan,99.1884,300.903,-1.25047,0.306293,-0.844602
1.4445,108.237,111.66,110.949,111.242,99.2832,300.791,-1.05454,1.3729,-0.856498
1.445,110.108,112.927,110.418,112.711,99.2629,300.662,0.419428,-0.5317,-1.12518
1.4455,111.501,114.651,110.574,nan,99.2442,300.815,-0.100393,-0.333062,1.24561
1.446,112.791,115.501,111.231,nan,99.041,300.719,0.428285,-1.21222,-2.17546
1.4465,113.922,115.551,110.907,113.682,99.3135,300.786,-0.298243,-0.67972,-0.893031
1.447,113.554,116.748,110.636,112.928,99.2765,300.827,0.0434002,-0.667463,-1.4869
1.4475,115.462,116.39,110.532,112.725,99.3996,300.72,2.56263,-1.50503,-0.359205
1.448,114.499,117.352,111.479,nan,99.3139,300.68,3.06711,-1.58804,-1.91371
1.4485,113.916,117.147,112.543,nan,99.345,300.615,2.16466,-2.21355,-0.0258828
1.449,113.571,116.623,112.994,nan,99.2132,300.801,2.32739,-2.00823,0.329388
1.4495,115.103,116.717,114.328,111.825,99.2225,300.723,0.11387,-2.60436,1.49341
1.45,114.894,115.929,116.169,111.837,99.2942,300.667,0.647022,-0.898381,0.990092
1.4505,114.488,116.144,117.073,nan,99.4785,300.747,1.66966,-0.292606,0.258693
1.451,115.372,116.079,118.9,113.22,99.1734,300.671,1.31599,-0.170759,1.11159
1.4515,116.391,116.4,118.64,114.045,99.3233,300.768,1.69403,0.417704,1.03064
1.452,116.827,116.891,119.519,nan,99.223,300.703,1.2128,0.245001,2.04104
1.4525,117.65,117.232,119.607,113.176,99.1652,300.711,-3.34688,0.413698,0.824973
1.453,118.843,118.389,119.898,nan,99.2071,300.85,-1.56182,-0.288776,1.18909
1.4535,120.102,117.648,119.017,nan,99.0285,300.702,-1.77564,1.5845,0.873817
1.454,120.386,117.653,118.962,nan,99.1243,300.674,-2.83447,2.62083,0.756578
1.454,120.149,117.873,118.46,113.297,99.0818,300.702,-2.93042,2.54781,0.712724
1.455,120.915,118.379,116.769,113.131,99.0279,300.642,-0.195145,1.73976,0.878561
1.4555,119.374,116.854,116.104,111.938,98.9904,300.689,-3.71733,0.482731,0.221134
1.456,118.966,115.555,114.986,111.543,98.8561,300.71,-0.426289,0.590865,0.167425
1.4565,118.718,114.241,115.152,110.169,98.9216,300.634,1.61552,0.855038,0.375491
1.457,117.02,113.349,114.062,nan,98.9106,300.654,1.54657,0.806462,-0.174847
1.4575,115.703,111.72,114.254,nan,98.7561,300.611,-0.65157,0.888674,-0.114839
1.458,114.407,110.918,114.555,nan,98.6293,300.706,3.25264,2.18879,-0.383808
1.4585,113.737,109.209,114.098,106.869,98.5701,300.765,1.95936,-0.761422,-0.341443
1.4585,112.45,108.885,114.907,107.291,98.5749,300.667,2.20951,-0.232581,-0.956898
1.4595,111.088,107.659,114.536,nan,98.5819,300.614,1.93809,-1.51727,-1.74632
1.4595,111.748,108.005,114.552,107.099,98.3978,300.603,1.40835,-3.37775,-2.21555
1.4605,110.253,109.037,113.816,106.821,98.363,300.636,0.726608,-1.63267,-1.30611
1.461,110.743,107.929,112.728,107.506,98.2613,300.574,0.176066,-0.611877,-0.696171
1.4615,112.383,108.219,112.503,nan,98.3632,300.713,1.01092,-2.46687,-1.41582
1.462,112.151,108.89,111.093,107.346,98.1104,300.644,0.396628,-0.709475,0.260635
1.4625,111.337,108.212,109.742,107.852,98.1357,300.471,-2.08387,0.233276,0.80967
1.463,111.104,108.353,108.162,106.887,98.0532,300.619,-0.677281,-0.407306,0.320962
1.4635,110.517,108.038,107.253,107.832,98.0105,300.508,-1.5046,-0.406958,0.294504
1.464,110.016,107.881,105.778,nan,98.0874,300.631,-1.43631,-0.463947,1.10752
1.4645,108.18,106.604,105.222,106.133,97.8919,300.561,-2.15326,1.23887,1.62415
1.465,106.973,107.038,105.345,106.026,98.007,300.589,-2.88486,0.796835,0.548369
1.4655,105.949,105.864,104.434,nan,97.7919,300.584,-0.299228,1.82129,0.590329
1.466,105.292,105.37,104.994,105.236,97.9077,300.546,-2.10773,1.76492,0.774474
1.4665,104.617,104.955,105.155,104.591,97.7995,300.569,-0.980262,2.50296,1.3553
1.467,103.946,105.044,106.153,105.368,97.8328,300.547,-2.20272,1.56204,1.61783
1.4675,104.441,104.515,106.733,nan,97.9638,300.521,1.14123,-0.535965,2.35823
1.468,104.066,106.688,107.919,105.115,97.8145,300.476,-0.321484,0.833081,1.35834
1.4685,105.213,106.86,108.036,nan,97.809,300.53,3.45889,0.0587601,-0.164375
1.469,105.961,108.806,108.636,nan,97.8036,300.591,3.80341,-0.0890066,1.48226
1.4695,107.001,109.795,109.731,nan,97.9212,300.646,2.62672,0.254248,-0.85498
1.47,109.179,111.157,109.239,nan,97.9263,300.584,0.880735,-0.902917,-0.543336
1.4705,109.661,112.716,109.803,nan,97.9181,300.574,1.46275,-1.55432,-1.12011
1.471,110.34,114.262,108.83,110.061,97.8393,300.556,2.95387,-1.93941,-0.391615
1.4715,111.526,114.352,108.271,111.548,97.7505,300.495,3.36942,-1.10139,0.0305536
1.472,111.553,114.667,108.583,111.583,97.9765,300.529,2.55505,-2.02309,-0.635872
1.4725,112.468,115.318,108.838,112.177,97.8412,300.513,0.703104,-1.24817,-1.56544
1.4725,112.616,114.143,108.909,111.449,97.9364,300.517,0.473985,-0.892284,-0.175254
1.4735,112.628,114.65,109.035,nan,98.0564,300.546,-1.87489,-0.801241,-0.451302
1.474,111.669,114.411,109.808,111.641,98.0114,300.526,-3.75885,-1.65215,-1.08125
1.4745,112.099,114.526,112.359,nan,97.8539,300.57,-2.8428,-1.61422,-1.32571
1.475,113.184,114.122,112.645,111.156,98.1379,300.532,-2.37031,-1.95368,-1.09995
1.4755,112.778,115.202,114.584,nan,97.9509,300.606,-0.901152,0.481228,0.3357
1.476,114.162,115.148,116.165,nan,98.0632,300.607,-2.27601,-0.344187,-0.865225
1.4765,115.268,115.934,117.391,nan,97.9828,300.578,-2.15155,0.255877,0.694183
1.477,115.197,116.634,116.765,nan,97.9662,300.58,-1.5747,2.27168,-0.55257
1.4775,117.574,117.31,118.109,113.233,98.0524,300.588,-1.72499,2.54022,-0.460274
1.478,118.609,117.935,118.567,nan,98.0597,300.605,-0.639113,0.15122,1.37964
1.4785,119.743,119.325,119.365,114.661,98.1085,300.626,1.9003,-0.0771783,0.782562
1.479,120.912,119.498,118.636,114.164,98.0977,300.588,1.33703,1.089,0.655413
1.479,120.86,119.802,117.802,113.88,98.2523,300.65,3.21228,1.83974,0.34275
1.4795,120.783,118.816,117.917,nan,98.0707,300.607,1.43184,1.26537,1.35707
1.4805,120.709,118.318,117.3,115.015,98.0244,300.679,3.1115,1.73414,1.61296
1.481,119.65,117.369,116.393,113.967,98.167,300.731,2.89561,0.868916,2.4408
1.4815,119.096,115.887,115.349,nan,98.0202,300.596,3.03896,0.10179,-0.191525
1.482,116.947,114.676,115.757,nan,98.0791,300.687,3.50968,-1.96351,2.03682
1.4825,117.442,112.709,115.19,nan,98.1077,300.761,1.81861,-3.75018,0.112091
1.483,115.436,111.656,115.601,nan,97.927,300.722,2.14584,-3.17565,-0.22686
1.4835,115.029,110.736,116.007,109.439,97.8905,300.683,0.396217,-1.32345,-0.259202
1.484,114.294,109.878,116.26,109.282,97.9365,300.656,-3.40378,-1.90066,-1.02997
1.4845,113.819,110.021,116.31,107.861,97.935,300.763,-0.265646,-0.998598,0.755671
1.485,113.665,109.765,116.44,nan,97.8209,300.799,0.235116,-2.50117,-0.233684
1.4855,113.656,109.76,116.582,nan,97.8322,300.79,-0.845947,-0.643902,-0.668739
1.486,113.014,109.593,115.92,108.205,97.7635,300.769,-0.68767,-1.75376,-1.02208
1.4865,113.549,110.229,114.102,107.698,97.7403,300.867,-0.774436,-1.17058,-2.16761
1.487,114.235,110.246,113.756,107.728,97.8895,300.774,-1.34039,-1.26915,-1.50625
1.4875,113.01,110.01,112.806,108.308,97.8064,300.883,-1.13446,0.633995,-0.554179
1.488,112.454,109.343,111.809,108.261,97.8711,300.903,0.124928,3.10806,-1.2985
1.4885,112.991,109.568,109.724,107.88,97.7189,300.879,0.19684,1.89769,-0.861607
1.489,111.523,107.743,108.31,107.726,97.8256,300.902,1.18422,-0.146778,0.818971
1.4895,110.409,106.694,107.545,107.879,97.9286,300.867,-0.357387,0.576261,-0.639178
1.49,108.38,105.904,106,106.477,97.7413,300.927,0.0618403,0.662806,-0.188832
1.4905,107.18,106.042,106.097,106.832,97.7778,300.977,0.825736,1.59339,-0.377012
1.491,106.225,104.891,105.322,105.643,97.7867,301.008,1.59707,0.979138,0.131427
1.4915,105.237,104.172,105.713,105.236,97.6798,301.046,3.32912,2.22241,0.777769
1.492,104.4,103.361,106.092,103.72,97.7999,301.028,3.46711,2.22245,0.806034
1.4925,103.638,104.451,106.608,nan,97.8735,301.066,1.94333,0.842907,0.312192
1.493,104.165,104.749,107.461,nan,97.943,301.061,1.65173,-1.31638,1.3192
1.4935,104.386,105.222,107.461,104.048,98.1087,301.111,2.2,-1.73609,0.373992
1.494,106.518,107.637,107.667,nan,97.8799,301.209,1.33002,-0.275824,0.8556
1.4945,106.632,108.471,108.237,106.226,98.1909,301.18,-1.35964,-2.4534,1.31465
1.495,107.72,110.279,109.144,nan,98.1515,301.201,-1.19601,-0.841763,1.77238
1.4955,108.834,110.875,108.573,107.175,98.0905,301.272,0.236076,-0.950066,0.225765
1.496,109.466,112.074,107.448,nan,98.2987,301.253,-0.104788,0.0868737,0.742743
1.4965,110.207,112.29,106.972,107.654,98.1624,301.306,-1.56864,-0.760079,1.43683
1.497,109.996,113.27,107.054,nan,98.4385,301.34,-1.68243,-1.94051,1.11833
1.4975,109.68,113.067,106.316,109.73,98.2227,301.228,-5.04624,-1.99341,0.850529
1.498,111.006,113.497,106.356,109.415,98.4247,301.418,-3.39377,-1.9827,-0.756145
1.4985,109.817,113.261,107.598,110.301,98.6169,301.284,-1.57481,-1.79369,0.011626
1.499,109.833,112.657,108.151,111.438,98.4319,301.433,-1.22826,-0.104447,-0.526826
1.4995,109.762,113.119,109,110.45,98.5841,301.42,-0.685217,0.262781,-0.504957
1.5,110.168,113.361,110.444,110.293,98.8331,301.371,-0.498917,0.275933,-1.97389
1.5005,110.997,113.417,110.32,110.894,98.7384,301.417,-0.752601,2.42058,-0.775451
1.501,112.19,114.29,112.67,110.634,98.8179,301.459,-0.632786,0.158363,-1.2798
1.5015,112.566,115.551,113.799,110.58,98.9687,301.392,2.0074,1.83718,-0.850225
1.502,114.479,116.656,115.805,nan,98.8673,301.511,2.45994,1.56635,-1.10076
1.5025,115.494,117.219,116.083,nan,98.7789,301.538,2.3565,2.68466,-1.29332
1.503,117.69,117.253,117.475,nan,99.156,301.565,2.11362,2.61543,0.010873
1.503,117.889,119.265,118.134,nan,99.0458,301.633,2.231,1.86144,0.62149
1.504,119.434,120.234,118.349,114.555,99.1182,301.63,2.29655,0.439977,-0.324328
1.5045,120.329,119.6,118.48,114.871,99.2875,301.689,-0.769919,0.912092,0.0205248
1.505,119.693,119.179,118.12,nan,99.1175,301.668,-0.120814,0.126155,1.15604
1.5055,120.192,119.116,117.121,115.571,99.2781,301.71,0.704668,-0.63309,0.927209
1.506,119.748,118.243,115.994,nan,99.2055,301.648,0.774275,-0.456775,0.109057
1.5065,118.639,117.452,116.423,115.029,99.2725,301.686,-2.21826,-0.532251,-0.202988
1.507,118.04,115.67,116.649,114.906,99.1225,301.792,-3.76533,-1.71731,2.09854
1.5075,117.684,115.441,116.497,113.47,99.1784,301.753,-2.62562,-1.17209,0.541674
1.508,116.579,114.03,115.379,nan,99.2777,301.849,-3.75122,-1.98495,0.615471
1.508,115.68,112.367,116.161,111.507,99.4374,301.839,-2.63021,-2.73455,-0.419508
1.509,115.371,112.537,117.258,112.474,99.3946,301.834,-1.88175,-2.29171,2.22636
1.5095,115.482,111.672,117.697,112.023,99.1425,301.857,-0.235837,-1.7364,0.662531
1.51,115.862,111.828,117.898,nan,99.1915,301.844,-1.78584,-0.815583,0.238251
1.5105,115.818,111.688,118.116,nan,99.285,301.897,-0.489881,0.370999,1.35254
1.511,115.982,111.632,117.686,nan,99.2129,301.909,0.517193,-0.491593,0.946427
1.5115,116.455,111.785,117.848,109.112,99.1817,301.849,2.4257,-0.292312,0.700897
1.512,115.078,111.423,117.658,109.394,99.2863,301.989,1.86033,1.55578,-0.17587
1.5125,114.814,111.042,115.96,nan,99.1319,301.94,4.0365,1.50075,-0.0397272
1.513,113.845,110.752,113.98,109.358,99.0243,301.908,4.25731,1.70724,-0.389073
1.5135,114.242,109.998,112.965,nan,99.1981,302.042,4.07929,2.86813,-1.25666
1.514,111.719,109.324,111.988,110.902,99.2939,301.928,1.72456,3.1475,-2.60679
1.5145,111.277,108.155,110.593,110.078,99.0706,302.001,0.751257,3.27572,-1.24499
1.515,110.13,106.298,108.82,109.141,99.2201,302.027,1.71107,1.98908,-0.510755
1.5155,107.763,106.215,107.793,nan,99.1806,302.034,0.747639,1.28604,-1.71512
1.516,106.775,104.973,107.532,107.673,99.2116,302.051,0.74555,-0.875979,0.312439
1.5165,105.907,104.715,107.209,105.684,99.163,302.089,0.684524,-0.48958,-0.123866
1.517,105.629,104.366,107.086,105.517,99.1267,302.124,0.0977531,-0.251863,-1.94273
1.517,104.354,104.293,107.174,106.556,99.0888,301.985,-2.39304,-0.360684,-2.01295
1.518,105.179,104.858,107.473,nan,98.9821,301.983,-3.87445,0.541946,-1.73049
1.5185,105.705,104.808,107.549,105.084,99.0604,302.085,-2.39026,-0.308189,-1.10764
1.519,106.072,106.974,107.366,nan,99.0847,302.073,-3.51994,-2.40573,-0.311619
1.5195,106.807,108.213,107.811,103.983,99.0607,302.181,-1.66671,-3.09322,0.0330872
1.52,108.012,108.778,108.153,nan,99.1083,302.211,-0.0645047,-3.89289,2.0966
1.5205,108.228,109.301,108.414,nan,99.1238,302.146,-2.38083,-2.16177,2.56239
1.521,108.605,110.585,107.337,105.855,99.1119,302.135,-2.50218,-1.47698,2.0452
1.5215,108.735,110.74,108.007,106.46,99.2747,302.128,-1.87564,-1.86163,2.07612
1.522,109.193,111.856,106.52,106.912,99.3283,302.192,-0.664073,-0.371387,1.41923
1.5225,108.654,111.151,105.714,107.42,99.26,302.203,0.532161,-0.534019,1.8479
1.523,108.8,110.841,105.947,108.928,99.4046,302.25,2.58707,-0.141731,1.20213
1.5235,108.301,110.898,105.972,108.243,99.2809,302.169,3.99485,0.386785,0.685828
1.524,108.566,110.899,106.23,108.796,99.2865,302.179,1.68725,-0.638144,1.7979
1.5245,107.781,111.588,106.455,nan,99.3198,302.255,3.27123,1.6569,1.2813
1.525,108.448,111.594,107.149,109.611,99.3158,302.228,0.0628119,2.84755,0.131557
1.5255,109.186,112.286,107.888,109.222,99.3856,302.19,1.74724,1.22246,-0.245409
1.526,110.158,112.856,109.428,109.736,99.3172,302.138,1.27144,3.66533,-0.778228
1.5265,111.689,114.553,110.917,108.367,99.5353,302.146,1.1235,1.32416,-0.78857
1.527,112.809,115.211,111.941,109.711,99.4444,302.231,1.30873,0.505951,-1.61581
1.5275,114.55,116.517,113.733,109.883,99.4426,302.215,-2.08046,0.497853,-1.61956
1.528,116.491,118.212,113.926,111.015,99.5058,302.207,0.206236,0.991327,-0.611114
1.5285,117.363,118.677,115.246,110.759,99.4742,302.179,-1.47842,0.105631,0.275437
1.529,117.645,119.048,115.882,110.902,99.5684,302.178,-1.58161,-0.0357079,-0.341674
1.5295,118.241,119.518,116.341,112.567,99.4356,302.261,-2.48514,-0.494843,0.476145
1.53,119.509,120.061,116.505,nan,99.5198,302.268,-1.20696,0.619426,-1.12832
1.5305,119.093,119.396,116.299,nan,99.5339,302.1,-1.33726,-1.75535,-1.10652
1.531,119.095,118.273,116.01,114.021,99.3174,302.15,-1.23833,-3.69474,-0.865207
1.5315,118.399,118.176,115.054,nan,99.4085,302.201,-3.76939,-1.79304,-1.94245
1.532,118.41,116.143,116.393,nan,99.3863,302.261,-1.23883,-1.29568,-0.384777
1.5325,117.75,114.887,115.333,114.492,99.3269,302.19,-0.61111,-1.78177,0.251048
1.533,116.256,114.478,116.271,nan,99.5175,302.147,0.361988,-0.564832,0.525758
1.5335,116.508,113.419,116.313,114.138,99.3818,302.151,3.76287,-1.17626,0.923191
1.534,116.144,113.624,116.868,113.092,99.3058,302.118,3.75125,-0.342822,1.13274
1.5345,115.812,113.471,117.396,113.53,99.19,302.143,2.45331,-0.562279,0.952488
1.535,116.9,113.295,118.166,112.406,99.1101,302.153,1.81348,-1.12538,-1.23942
1.5355,116.924,113.241,118.122,nan,99.0615,302.207,1.35417,-0.00968136,0.162436
1.536,117.521,113.149,119.011,111.467,99.0282,302.107,1.74474,0.0444919,0.833302
1.5365,118.611,113.975,120.156,110.897,98.9196,302.046,3.36458,2.26262,-0.416518
1.537,118.144,112.694,119.3,110.571,98.8095,302.104,2.94235,2.79088,1.8949
1.5375,117.773,113.417,118.194,110.138,98.9636,302.15,1.75483,1.60843,0.0395795
1.538,116.523,112.61,117.352,nan,98.8692,302.146,1.45182,1.09465,1.8489
1.5385,115.248,111.594,116.143,nan,98.7524,302.078,-0.507528,1.8321,1.94894
1.539,115.031,110.692,114.916,110.996,98.6875,302.071,-1.01212,1.74509,1.14009
1.5395,112.929,108.636,114.11,nan,98.7484,302.125,-1.15306,0.947034,0.250344
1.54,111.528,108.348,112.415,nan,98.477,302.166,-1.85059,0.275266,1.30886
1.5405,109.831,106.93,110.78,109.86,98.5162,302.002,-2.05568,1.70934,-0.0836845
1.541,108.662,106.122,109.135,110.017,98.4718,302.075,-1.5275,0.155682,-0.995159
1.5415,108.517,104.08,110.006,109.466,98.3984,302.075,-4.5699,-1.16368,-0.424432
1.542,106.581,104.57,109.374,nan,98.3578,302.164,-3.11376,-1.66267,-1.05792
1.5425,106.162,104.347,108.753,107.839,98.385,302.13,-1.84364,-1.37764,0.0295681
1.543,106.277,103.758,108.971,105.942,98.1491,302.123,0.275755,-3.27464,-0.209889
1.5435,106.513,105.114,108.824,nan,98.1624,302.001,-1.6167,-2.20465,-0.438215
1.544,106.292,106.043,108.896,104.662,98.1834,302.029,2.80446,-2.44222,-2.3241
1.5445,106.551,106.581,110.279,105.242,98.1247,301.971,1.18722,-1.77842,-1.17922
1.545,107.54,107.914,108.268,nan,98.0685,302.044,2.09283,-1.61169,-1.89253
1.5455,108.071,108.745,108.862,nan,98.0885,302.056,3.13836,0.919757,-0.559635
1.546,108.022,108.919,108.697,nan,98.1227,301.955,1.18089,-1.95325,-2.03363
1.5465,107.908,109.323,108.092,nan,98.1313,302.024,2.29122,-1.15753,-0.508509
1.547,107.701,109.917,107.112,105.992,97.9999,302.061,1.89428,-0.172921,-0.43214
1.5475,107.537,109.191,106.171,106.281,98.0356,302.068,2.4706,0.0126077,1.73832
1.548,107.181,109.654,105.642,107.529,98.0333,302.021,1.46187,0.934067,1.17588
1.5485,106.099,109.846,104.463,107.301,98.0629,302.02,-1.56123,1.78655,0.654988
1.549,106.243,109.252,104.117,nan,98.0842,302,-2.09442,2.93794,0.116333
1.5495,106.548,109.543,104.79,108.339,98.0464,302.008,-1.73662,1.5372,1.44436
1.55,106.583,109.781,104.565,108.922,97.8988,302.028,-0.667177,1.28952,0.104178
1.5505,106.652,110.758,105.852,107.616,98,302.04,1.57748,1.16695,1.90097
1.551,108.008,110.763,107.015,nan,97.9972,302.013,-0.484861,1.33178,1.73883
1.5515,109.383,111.848,108.347,108.009,98.0411,301.953,-1.6883,1.63616,1.58215
1.5515,111.162,113.506,109.582,nan,98.0535,301.973,-4.16983,0.882183,0.838441
1.5525,111.704,114.966,110.038,nan,98.131,302.009,-3.40712,0.582888,0.768393
1.553,114.199,116.895,111.738,108.137,98.1919,301.95,-0.97552,-1.69999,-0.203462
1.5535,115.095,118.167,112.773,108.433,98.0367,302.002,-1.36617,-1.72135,0.0681297
1.554,116.505,118.689,114.027,108.469,98.1011,301.93,1.36226,-2.30495,-0.485537
1.5545,117.519,119.457,114.015,nan,98.0333,302.001,0.189951,-2.72617,-1.17521
1.555,117.335,118.938,114.96,110.77,98.1684,302.027,0.567182,-1.71883,-1.03141
1.5555,117.5,118.689,114.534,111.66,98.1874,302.006,1.43074,-0.822383,1.05075
1.556,117.658,117.81,114.933,111.323,98.2078,301.959,0.500356,-1.16478,-0.678139
1.5565,117.693,118.217,114.309,113.349,98.153,301.957,1.12724,-2.12092,0.104605
1.557,116.764,117.205,114.223,nan,98.1575,301.952,3.1171,-1.2052,-1.43732
1.5575,116.034,116.229,113.792,114.683,98.0339,301.99,3.28219,-3.20063,-1.35159
1.558,116.093,115.072,114.315,114.125,98.096,302.051,1.43246,-0.703772,-2.10367
1.5585,116.495,114.747,115.58,114.406,97.9385,302.103,0.757205,0.295479,-1.28366
1.559,116.988,115.106,116.236,nan,98.2025,302.005,0.541404,0.843279,-1.62918
1.5595,116.663,114.868,115.496,114.52,98.0154,301.966,-1.79935,0.948532,-0.769501
1.56,117.264,115.429,118.349,114.049,98.1569,302.006,-0.011267,2.17565,-0.685411
1.5605,117.916,115.268,119.009,113.502,98.0006,301.971,-0.802592,1.18307,0.283168
1.561,118.484,115.105,118.811,nan,97.9609,301.966,-1.95418,0.371191,0.839677
1.5615,118.539,114.996,119.993,nan,97.9582,302.025,-1.10795,2.14839,0.85918
1.562,118.894,115.348,120.356,nan,97.8912,301.982,-1.68491,1.75525,0.532977
1.5625,118.985,115.619,118.881,111.712,98.0232,301.935,-3.38206,1.39636,-1.1252
1.5625,118.39,115.077,119.414,112.363,97.9281,301.971,-3.85463,2.21898,0.587949
1.5635,117.452,113.02,118.773,111.603,97.8341,302.03,-1.69598,0.599931,1.88316
1.564,115.811,112.312,117.598,112.178,97.833,302.07,-0.825207,0.228602,0.634351
1.5645,114.575,110.454,115.896,nan,97.7742,302.104,-0.346787,-1.42688,2.29237
1.565,112.974,109.436,115.119,111.893,97.6508,302.004,0.0335675,-0.18353,1.30012
1.5655,112.203,106.857,114.148,nan,97.6244,302.047,-1.14836,-2.74788,2.18466
1.566,111.003,106.573,112.983,112.588,97.6247,302.087,0.500649,-1.18408,0.796824
1.5665,109.412,105.212,111.468,nan,97.7104,302.108,2.00184,-1.6199,-0.521973
1.567,109.117,105.956,112.224,111.638,97.6601,302.034,1.80773,-1.61418,0.0447805
1.5675,107.84,105.009,110.457,110.201,97.6377,302.059,2.98876,-1.27875,0.471003
1.568,107.666,105.47,110.484,nan,97.6752,302.128,3.69371,-2.4123,-0.506156
1.5685,107.322,105.688,110.967,108.711,97.6447,302.064,3.216,-2.45299,-0.398372
1.569,108.202,105.711,110.628,nan,97.6544,302.034,2.8443,-2.24263,0.0190936
1.5695,108.215,107.143,110.671,107.201,97.7136,302.163,1.56301,-1.83782,-0.380053
1.57,108.694,107.949,110.645,106.082,97.7122,302.078,-0.540675,-0.942255,-0.30823
1.5705,108.971,108.111,110.589,105.439,97.6963,302.139,2.26171,1.15999,-0.823084
1.571,108.578,108.567,111.172,105.353,97.6004,302.232,-0.417614,0.409139,-1.21174
1.5715,107.899,108.908,109.394,nan,97.7574,302.178,-0.711793,1.18843,-1.35104
1.572,107.834,108.615,108.414,104.78,97.7938,302.154,-0.533331,0.862214,-1.95585
1.5725,107.162,108.115,107.158,105.813,97.6442,302.148,-2.20833,0.88876,-1.20853
1.573,106.49,107.221,106.67,106.059,97.883,302.123,-3.17849,0.934491,-1.03995
1.5735,106.101,107.274,105.841,106.681,97.8187,302.155,-4.82039,2.36978,-0.62909
1.574,105.24,107.18,104.448,106.684,97.8126,302.252,-1.53772,3.10055,0.96091
1.5745,104.997,107.881,104.063,nan,97.9716,302.199,-0.0662446,2.32874,0.929892
1.575,105.95,108.49,104.194,107.056,98.0874,302.239,-1.32352,1.1846,-1.41328
1.5755,106.169,108.651,103.95,105.992,98.0005,302.192,0.384848,0.697106,-0.0640115
1.576,106.542,110.024,104.371,nan,98.2169,302.15,-0.781148,0.11584,-1.64133
1.5765,107.36,109.902,105.819,107.448,98.1088,302.217,-0.33588,-1.29417,0.205542
1.577,108.954,112.362,107.101,nan,98.2593,302.29,-0.334807,-1.04023,-0.608289
1.5775,110.795,113.222,107.616,106.145,98.379,302.302,1.57485,-0.383023,1.50778
1.578,112.464,115.446,108.127,nan,98.3761,302.25,3.56684,-1.73194,1.91689
1.5785,114.454,116.773,110.25,105.974,98.4756,302.272,3.09599,-1.69175,1.30669
1.579,114.455,117.65,110.376,nan,98.2502,302.248,3.21325,-2.04031,2.04415
1.5795,115.428,118.126,112.483,nan,98.4107,302.289,1.80852,-2.28995,1.22757
1.58,115.708,118.531,112.293,nan,98.5103,302.211,0.0718294,-2.93533,1.32181
1.5805,116.086,118.743,112.67,108.715,98.6318,302.279,1.70314,-3.43489,0.250801
1.581,115.858,117.514,112.568,109.938,98.6209,302.219,0.865292,-1.64772,0.650301
1.5815,115.396,117.878,112.807,110.544,98.7337,302.427,1.10627,-0.748971,-0.479647
1.582,116.053,116.585,112.621,111.228,98.8058,302.335,-0.859016,0.576233,0.155559
1.5825,115.536,115.669,112.528,nan,98.7832,302.288,-1.30345,-0.459577,0.684656
1.583,116.027,116.084,112.627,112.558,98.7514,302.318,-3.75367,-1.21936,0.448963
1.5835,115.505,115.961,112.313,112.981,99.0258,302.391,-2.42918,0.467316,0.912721
1.584,116.274,115.801,113.862,nan,99.0118,302.271,-2.15304,-0.587374,-1.22177
1.5845,117.093,115.62,114.35,113.865,98.9009,302.387,-1.89756,0.38877,-1.66184
1.585,116.834,116.458,115.624,nan,98.9518,302.293,-1.34638,1.64064,-1.92774
1.5855,117.904,116.51,117.049,113.808,98.984,302.341,-1.40489,2.6838,-1.55493
1.586,119.536,117.92,117.445,113.311,98.9853,302.294,-1.5009,1.42132,-0.941949
1.5865,119.855,117.268,118.476,nan,99.0075,302.26,-0.949483,2.73774,-1.57329
1.587,119.359,117.24,119.917,112.678,99.0634,302.395,0.204537,0.695114,0.509669
1.5875,119.771,116.52,119.767,112.39,99.0686,302.263,1.25167,0.567225,0.10553
1.588,119.214,116.29,119.985,112.498,98.9756,302.313,1.70644,0.137714,-0.157006
1.5885,118.652,115.733,119.763,112.517,99.02,302.429,3.51785,-0.487849,0.508749
1.589,118.382,113.543,119.621,112.231,99.0779,302.349,3.76354,0.653125,-0.825252
1.5895,116.168,112.283,118.395,nan,99.0541,302.322,1.95758,-0.178668,-1.22212
1.59,115.806,110.209,117.562,113.463,98.972,302.361,0.547351,-0.954595,0.049206
1.5905,113.436,109.549,116.928,112.846,98.8636,302.448,0.142063,-2.61892,0.626024
1.591,111.946,109.004,115.525,112.901,98.9546,302.463,0.478674,-2.82924,0.717139
1.5915,111.839,106.928,114.555,nan,99.0257,302.345,2.45535,-1.58738,2.07004
1.592,110.805,106.606,113.583,nan,98.9708,302.455,1.84813,-0.933323,1.24492
1.5925,110.51,106.152,112.927,nan,99.0389,302.404,0.0826913,-0.502815,0.971409
1.593,110.545,106.33,112.199,112.2,98.8883,302.349,-0.808954,-2.44128,1.58329
1.5935,110.19,106.361,112.638,111.599,98.9412,302.475,-1.38506,-0.0106025,1.86572
1.5935,110.385,106.908,113.212,110.765,99.069,302.35,-2.6981,0.751532,-0.691054
1.5945,109.307,107.033,113.601,nan,98.8927,302.407,-1.54291,-0.338966,0.326498
1.595,109.731,107.939,112.628,107.752,99.0271,302.317,-1.34013,-0.617083,0.87368
1.5955,110.138,108.485,112.742,108.627,98.8961,302.289,-2.79941,0.99905,0.528567
1.596,109.695,108.457,112.602,107.943,98.8503,302.25,-1.7619,0.609716,1.28478
1.5965,109.33,107.257,111.928,106.075,99.0391,302.289,-1.25567,1.77458,0.30283
1.597,108.047,108.196,110.796,106.26,99.0044,302.255,-1.92472,1.62907,0.284849
1.5975,107.785,107.501,108.935,105.351,98.9357,302.249,-1.9721,1.90622,-0.0869956
1.598,107.202,107.178,108.517,nan,99.1391,302.273,1.33323,2.08372,-1.71356
1.5985,105.725,105.949,107.187,nan,98.9265,302.26,2.76712,0.398353,-4.2686
1.599,105.141,105.806,106.153,nan,99.0466,302.258,1.6247,-0.258727,-1.85523
1.5995,104.606,106.312,105.218,106.555,99.2464,302.29,2.75585,1.32913,-1.35321
1.6,104.745,107.052,104.26,108.165,99.092,302.202,2.79725,0.215603,0.22167
1.6005,104.802,106.626,104.241,nan,99.2427,302.163,1.59913,1.29912,-1.4717
1.601,105.231,108.083,103.84,nan,99.279,302.213,1.98591,0.0237119,-1.3013
1.6015,106.566,109.372,103.85,106.922,99.3146,302.13,1.98538,-1.29147,-1.79923
1.602,107.795,110.451,105.204,107.907,99.1983,302.167,2.64731,-1.4989,-2.05807
1.6025,108.488,112.18,105.873,106.719,99.6016,302.167,2.20779,-3.03621,-0.625776
1.603,110.574,113.227,107.05,107.028,99.3958,302.094,0.108176,-1.55563,-0.533264
1.6035,111.712,115.159,108.294,nan,99.4387,302.236,-1.9865,-1.39154,-1.69442
1.604,112.791,114.967,108.181,106.028,99.3701,302.049,-2.07402,-1.50955,-0.527344
1.6045,113.205,116.392,109.45,106.727,99.476,302.103,-1.13698,0.265106,0.932684
1.605,114.076,116.407,109.576,105.649,99.4008,302.066,-0.799844,-0.485552,1.43382
1.6055,114.321,116.64,110.493,105.948,99.5511,302.035,-0.15754,0.187721,0.704059
1.606,113.767,116.137,109.967,nan,99.6906,302.018,-2.16597,-0.394358,1.26123
1.6065,114.1,115.005,109.394,108.106,99.706,301.982,-1.30643,1.13544,0.406195
1.607,114.206,116.479,110.901,109.299,99.6203,302.114,-3.49071,0.336587,0.439943
1.6075,114.217,115.903,109.854,109.532,99.5657,301.988,-3.45573,0.800943,0.510613
1.608,113.743,115.667,110.124,110.867,99.6715,301.979,0.148714,0.707456,1.15234
1.6085,114.156,115.568,110.758,109.599,99.6177,301.971,0.00156922,2.03458,1.04915
1.609,115.291,115.99,111.471,111.544,99.5064,301.966,1.41579,2.27702,0.357826
1.6095,115.754,116.206,111.938,112.272,99.565,301.847,2.47346,1.62305,1.61313
1.61,118.271,116.954,112.74,113.466,99.5309,302.027,0.428768,0.545065,1.65857
1.6105,117.972,118.063,114.897,nan,99.6478,301.875,0.809704,-0.142254,-0.153982
1.611,118.968,117.779,115.294,113.091,99.5181,301.85,2.12074,1.76451,0.331673
1.6115,120.355,118.02,116.358,111.626,99.5457,301.848,1.61398,0.436714,-0.17022
1.612,120.381,119.174,118.004,112.862,99.5668,301.818,2.72305,1.62113,-1.22287
1.6125,119.723,117.974,118.607,113.429,99.3961,301.784,3.9051,0.261355,-1.37199
1.613,120.364,117.648,119.656,111.747,99.45,301.792,1.70959,-1.69888,-1.23622
1.6135,119.366,116.557,119.464,112.151,99.4399,301.764,2.52059,-2.21826,-0.425714
1.614,118.595,115.665,119.962,111.809,99.1626,301.756,1.18718,-2.28388,-1.87672
1.6145,116.957,114.316,118.737,112.624,99.3249,301.706,-2.57752,-1.5829,-1.31126
1.615,115.963,112.681,118.835,111.849,99.2367,301.706,-3.30039,-0.0694598,-0.897827
1.6155,114.999,110.879,118.227,nan,99.0782,301.596,-1.00485,-0.807145,-0.709584
1.616,113.892,109.686,117.134,113.634,99.1563,301.72,0.0536117,-0.570115,-1.85658
1.6165,112.534,109.136,116.187,113.123,99.1519,301.639,-2.83429,-1.27054,-0.572123
1.617,112.034,109.172,116.394,114.713,98.9481,301.508,-4.44659,-0.335414,-1.44279
1.6175,111.584,107.378,114.948,nan,98.8777,301.559,-2.97577,-2.17678,-0.304951
1.618,111.838,107.957,114.285,114.359,98.9004,301.542,-3.37183,-1.28074,1.59738
1.6185,111.726,108.296,114.5,114.46,98.9741,301.54,-1.27238,1.54976,2.11592
1.6185,111.347,108.108,115.078,nan,98.9005,301.478,-1.98832,0.468112,0.556004
1.6195,112.173,108.662,114.475,112.674,98.7881,301.528,2.37699,2.84571,-0.226469
1.62,111.525,108.68,114.118,112.839,98.6875,301.401,0.234017,3.52576,0.780358
1.62,111.674,109.031,114.721,110.942,98.7627,301.368,0.338502,1.74849,0.290783
1.621,110.578,109.164,114.198,nan,98.5545,301.434,0.252201,0.934733,0.0166859
1.6215,110.271,107.961,114.21,nan,98.4832,301.369,2.49936,1.03707,2.00329
1.622,109.075,107.612,113,nan,98.5778,301.373,2.24313,0.9054,-0.404865
1.6225,107.99,106.971,113.325,nan,98.4926,301.352,3.42287,2.56453,1.74364
1.623,106.989,106.145,111.511,nan,98.4019,301.383,2.2026,1.64031,0.308625
1.6235,105.867,105.466,110.461,106.724,98.4326,301.239,2.44617,0.973158,2.02345
1.624,104.867,104.191,108.828,nan,98.3693,301.339,0.922022,2.8811,-1.13385
1.6245,104.284,104.94,107.817,107.409,98.3102,301.163,-0.569867,-0.847873,-0.980462
1.625,103.479,104.679,106.222,106.675,98.3153,301.178,-1.31941,-0.711613,-0.642647
1.6255,104.162,105.484,105.259,107.228,98.4076,301.237,-0.603674,-2.72498,-0.76566
1.626,103.843,106.715,104.491,107.31,98.2484,301.178,0.20422,-0.393744,-1.12078
1.6265,104.694,107.921,104.401,107.648,98.3127,301.112,-0.0809928,-0.272314,-1.60298
1.627,106.582,108.843,105.123,107.689,98.2867,301.176,-2.10199,-3.64313,-0.506164
1.6275,107.808,110.222,105.608,nan,98.3432,301.079,-3.02509,-1.49186,-0.356447
1.628,109.69,111.624,105.618,nan,98.2146,301.091,-2.3014,-0.435744,-1.24789
1.6285,110.389,112.488,105.954,106.341,98.3231,301.068,-1.78775,-1.11224,-0.42755
1.629,111.406,114.449,107.722,106.522,98.3666,301.008,-2.4568,-0.77737,-1.28531
1.6295,111.399,115.171,107.672,105.986,98.3461,300.95,-0.705959,-1.11449,-1.36018
1.63,112.036,114.764,108.269,103.845,98.3827,300.944,-2.17493,0.617264,-1.43709
1.6305,112.443,115.585,108.772,nan,98.5367,300.927,0.173734,0.305852,-0.636766
1.631,112.146,115.18,109.393,nan,98.3235,300.88,-0.472806,1.23371,0.428307
1.631,111.996,114.282,109.08,105.295,98.3781,300.956,2.60166,0.959242,-1.56205
1.632,111.874,114.919,108.633,nan,98.21,300.881,2.14921,2.32072,1.12675
1.6325,111.589,114.767,107.922,106.302,98.455,300.856,2.22969,1.73256,0.503129
1.633,111.969,114.684,108.394,107.334,98.244,301.01,1.28272,1.01378,1.28805
1.6335,112.384,114.376,108.865,107.692,98.4176,300.828,2.20953,2.70604,0.712878
1.634,114.05,115.262,108.706,nan,98.3472,300.829,2.13722,1.08185,0.793402
1.6345,114.89,115.304,109.454,110.128,98.4489,300.799,2.41406,3.46217,0.588099
1.635,115.981,117.026,110.038,nan,98.4679,300.885,0.104761,0.104973,1.18037
1.6355,117.694,117.747,111.003,111.567,98.1846,300.87,0.0097873,1.63938,0.744742
1.636,118.499,118.138,112.467,111.779,98.4019,300.815,0.872298,-1.02388,1.59178
1.6365,120.148,118.595,113.819,nan,98.3159,300.879,-0.72904,-0.937489,1.55003
1.637,121.176,119.837,116.226,111.172,98.2491,300.847,-1.67816,-2.54764,1.37445
1.6375,120.868,118.575,116.641,111.952,98.1814,300.796,-1.83569,-2.51162,-0.183645
1.6375,120.297,118.975,117.623,111.94,98.2199,300.824,-2.00875,-1.20779,-0.0717445
1.6385,119.495,117.9,118.463,nan,98.228,300.802,-3.63599,-1.79288,-1.21623
1.639,120.174,117.253,119.032,111.601,98.0763,300.754,-4.17559,-1.19747,-0.270925
1.6395,118.54,114.848,119.165,110.972,98.1225,300.744,-2.41671,-2.6345,-0.67051
1.64,116.785,114.206,119.204,110.247,98.0497,300.761,-1.5881,-1.27004,-0.771613
1.6405,116.66,113.383,118.752,111.046,98.0117,300.77,-0.986713,-1.58883,-1.33022
1.641,114.592,111.704,117.928,113.051,98.0003,300.745,-0.548651,-1.34607,-1.72195
1.6415,114.376,110.322,116.351,nan,97.9499,300.752,-1.08044,-0.559318,-1.10069
1.642,113.978,109.493,116.889,114.106,97.8523,300.69,1.6135,1.85373,-0.989192
1.6425,113.687,109.646,116.182,113.964,97.8449,300.723,1.27506,0.364505,-2.68193
1.643,113.32,110.216,116.35,114.947,97.6819,300.686,2.20526,0.727933,-1.52294
1.6435,114.864,110.469,114.706,nan,97.8711,300.759,2.39553,1.09246,-0.812696
1.644,113.801,110.002,116.09,nan,97.7332,300.789,2.24991,1.08183,-1.63196
1.6445,114.137,110.417,115.074,115.113,97.6594,300.758,1.90007,2.88031,-0.0335205
1.645,113.824,110.428,116.322,114.554,97.6137,300.788,1.68686,2.49155,-0.775916
1.6455,112.727,110.046,116.431,113.154,97.4135,300.826,2.20815,2.47943,1.11289
1.646,112.46,109.026,117.056,113.199,97.6201,300.735,2.42692,2.64872,-0.830053
1.6465,111.796,108.983,115.767,112.768,97.5625,300.677,-0.0728086,3.22314,0.393084
1.647,110.891,107.455,116.554,nan,97.5204,300.687,0.606751,0.295466,0.796089
1.6475,109.017,106.963,114.9,111.518,97.5129,300.702,-2.56526,-0.673677,0.515493
1.648,107.942,106.301,114.411,109.473,97.6663,300.655,-1.48458,-1.10687,0.474315
1.6485,106.376,105.595,113.113,109.053,97.4664,300.662,-2.25975,-1.81971,0.302447
1.649,105.702,104.517,112.213,108.364,97.5576,300.704,-3.50659,-1.29583,1.81303
1.6495,103.679,104.715,110.34,108.615,97.3939,300.686,-1.35729,-1.21016,1.10373
1.6495,104.58,104.926,109.153,nan,97.5252,300.66,-2.23109,1.14781,1.51996
1.6505,104.084,105.127,107.551,nan,97.6601,300.663,-1.9005,-2.31999,2.01948
1.651,104.479,105.481,106.637,nan,97.554,300.781,-1.10311,-1.61497,0.992971
1.6515,104.213,106.649,105.812,108.86,97.5371,300.803,-1.58307,-1.72821,0.658848
1.652,105.832,107.733,105.942,109.307,97.6236,300.651,-1.56742,-3.24882,-1.37334
1.6525,107.496,109.003,105.474,108.293,97.7023,300.678,0.248491,-2.15819,0.225558
1.653,109.14,110.475,105.569,107.599,97.6846,300.63,1.08841,0.559367,0.30326
1.6535,108.692,111.673,106.684,nan,97.6635,300.753,1.7595,1.06066,0.207964
1.654,109.316,112.071,107.111,107.143,97.6255,300.705,1.81859,0.727536,0.335531
1.6545,110.166,112.928,108.118,nan,97.8352,300.799,3.52182,2.05976,-1.16174
1.655,110.223,113.045,107.87,106.517,97.8641,300.727,1.63497,1.9274,-0.743346
1.6555,109.822,113.106,108.491,nan,97.9523,300.864,0.871909,0.542577,-1.69952
1.656,109.863,112.617,107.987,nan,98.055,300.801,1.79414,0.898005,-1.5624
1.6565,109.643,113.071,108.52,nan,98.0716,300.748,2.89976,3.06862,-2.56945
1.657,110.04,112.844,108.431,nan,98.2532,300.753,2.12612,3.39308,-1.64891
1.6575,110.294,113.114,108.038,105.363,98.2006,300.839,1.20328,2.17016,-1.7909
1.6575,111.148,113.713,106.338,nan,98.3168,300.786,-2.52799,1.37577,-0.152631
1.6585,111.548,114.161,106.289,105.953,98.2285,300.741,-1.91477,1.54382,-0.516763
1.659,112.483,114.921,105.869,nan,98.2421,300.87,-2.053,0.216191,0.354918
1.6595,113.543,115.388,107.282,107.239,98.3687,300.701,-4.33891,-0.706474,0.726164
1.66,115.283,115.998,107.844,107.962,98.3377,300.768,-1.42718,0.394015,-0.495694
1.6605,115.923,117.517,107.994,109.044,98.4154,300.782,-0.870547,0.604903,-0.666999
1.661,118.579,118.581,108.879,109.845,98.5304,300.893,-1.83156,0.35024,1.34794
1.6615,118.926,119.357,110.301,nan,98.5536,300.808,-2.17161,-1.70401,0.546636
1.662,120.219,120.2,111.631,110.115,98.5503,300.84,-2.23123,-0.967338,1.59184
1.6625,119.751,119.809,113.226,nan,98.6853,300.844,0.489646,-2.6864,0.81165
1.663,120.583,119.914,114.522,nan,98.5373,300.788,0.442454,-3.67669,2.0005
1.6635,120.032,118.51,116.324,110.815,98.7206,300.774,0.787712,-3.0495,0.440234
1.664,119.211,117.296,117.754,110.196,98.8081,300.924,0.813965,-1.71044,0.935696
1.6645,118.242,116.953,117.44,nan,98.6845,300.78,2.42874,-1.06647,0.421776
1.665,117.309,114.993,118.087,110.472,98.8199,300.901,0.810127,0.297632,0.420986
1.6655,117.62,113.699,118.353,nan,98.8608,300.775,1.47853,0.319198,-0.0202359
1.666,116.703,113.131,118.041,nan,98.9677,300.827,0.464445,0.999985,0.131031
1.6665,115.767,112.733,116.979,111.27,98.8514,300.833,2.7118,-0.946176,-0.754786
1.667,115.554,112.532,116.85,nan,98.6023,300.815,1.6395,-0.443704,1.04345
1.6675,115.138,111.839,116.813,nan,98.653,300.866,1.67662,1.4741,-0.71399
1.668,114.804,112.123,116.5,113.849,98.7524,300.874,1.9796,2.17565,-0.427786
1.6685,115.03,111.803,116.572,nan,98.811,300.791,-0.991092,2.50576,-1.13128
1.669,115.705,111.235,115.886,114.537,98.6996,300.829,-2.46886,2.69756,-1.94739
1.6695,115.943,111.435,116.502,115.344,98.7852,300.829,-2.45848,1.23841,-1.53474
1.67,115.341,111.041,117.323,nan,98.7993,300.923,-2.34147,-0.31711,-1.49498
1.6705,115.699,111.229,117.382,114.79,98.7139,300.89,-0.371144,-1.14865,-2.48145
1.671,114.8,109.844,118.746,115.178,98.8043,300.929,-0.810137,1.82856,-0.736681
1.6715,113.571,109.232,119.208,nan,98.834,300.833,-2.58061,0.338466,-0.447835
1.672,111.446,108.415,117.872,113.771,98.9634,300.767,-1.54529,0.0514297,-0.80054
1.6725,110.625,107.951,117.692,112.873,98.7634,300.773,-1.08034,-1.00812,-0.185332
1.673,109.206,106.672,117.307,111.669,98.7406,300.86,-1.85493,-0.693651,-2.05295
1.6735,107.291,105.301,116.544,nan,98.7945,300.933,-0.793415,-1.16751,-0.323584
1.674,105.717,104.75,115.677,nan,98.7196,300.865,0.339159,-1.79225,-0.456875
1.6745,106.553,104.106,114.601,nan,98.7074,300.81,0.609312,-2.76536,-0.620856
1.675,105.492,105.176,112.06,110.244,98.8738,300.829,-0.331438,-2.06755,0.119983
1.6755,104.928,103.7,110.899,109.628,98.7832,300.82,1.75312,-0.910035,1.99559
1.676,105.961,104.148,109.977,nan,98.7868,300.901,2.54808,-0.622439,3.36249
1.676,106.235,105.045,108.356,109.019,98.8134,300.853,0.955075,-1.66517,1.14808
1.677,106.613,106.261,108.034,109.412,98.7928,300.771,3.34172,-1.3756,1.06723
1.6775,107.242,107.759,106.787,nan,98.91,300.861,3.33396,-0.210347,0.814133
1.678,108.15,109.284,107.352,109.73,99.022,300.856,2.82165,-0.376351,1.63474
1.6785,108.974,109.691,107.246,108.876,98.998,300.873,1.02695,1.01473,0.645068
1.679,108.727,110.339,107.739,109.501,99.0415,300.821,-0.448586,0.802428,0.206852
1.679,108.714,110.806,107.434,nan,99.0941,300.846,-2.70918,2.54713,0.901174
1.68,108.965,111.138,107.86,108.053,99.2213,300.796,-2.27164,1.81793,1.78591
1.6805,107.302,110.725,108.145,106.397,99.1366,300.83,-0.501811,2.13369,1.40641
1.681,108.228,111.263,107.82,nan,99.2658,300.76,-1.29614,1.69263,1.45252
1.6815,107.775,110.927,107.415,105.675,99.2068,300.861,-0.927766,0.839466,-1.63702
1.682,107.848,111.073,107.342,105.102,99.2397,300.761,-2.12584,0.573478,-0.414638
1.6825,107.933,111.406,107.5,104.865,99.3074,300.66,-3.28802,3.0593,-1.03326
1.683,108.615,111.867,106.569,104.289,99.5029,300.836,-3.55282,-0.394592,-1.74934
1.6835,109.311,112.666,106.173,104.063,99.4467,300.792,-1.0262,1.03262,-2.2218
1.684,110.399,112.969,105.575,nan,99.4971,300.819,-0.717057,1.22833,-2.04401
1.6845,111.666,114.635,106.065,105.151,99.4364,300.724,0.984005,-1.05728,-1.85616
1.685,113.414,115.074,105.211,105.492,99.4415,300.746,2.39976,-0.635296,0.26387
1.6855,114.543,116.08,105.719,106.117,99.4506,300.695,2.14003,-3.15256,-0.522802
1.686,116.607,117.847,106.834,107.139,99.6929,300.674,-0.573613,-3.02551,-0.75033
1.6865,116.717,119.014,107.563,107.348,99.5353,300.719,2.20065,-0.792964,-0.662033
1.687,118.437,119.588,108.902,108.466,99.5225,300.639,2.2497,-0.932961,-1.52013
1.687,119.114,119.726,110.411,108.947,99.5163,300.693,0.400863,-0.352011,-0.674465
1.6875,118.598,119.74,111.246,109.142,99.5716,300.707,3.25597,0.132444,-0.15174
1.6885,118.827,118.206,112.512,nan,99.5332,300.691,0.94121,-2.34135,-0.466908
1.689,119.178,117.921,113.917,nan,99.7029,300.607,0.597217,-1.55076,-0.981912
1.6895,118.019,117.126,115.478,109.153,99.6473,300.629,-0.976776,-2.3444,1.93349
1.69,117.105,115.929,116.772,109.01,99.6438,300.658,0.690135,-0.205893,1.25452
1.6905,115.682,115.464,115.616,109.168,99.8006,300.627,0.518688,1.75631,0.501411
1.691,116.68,114.801,116.278,nan,99.7462,300.654,-0.859061,1.04592,1.1127
1.6915,116.387,114.139,115.142,109.055,99.6047,300.68,-0.892822,1.14519,-0.635831
1.692,116.626,113.734,115.708,nan,99.4951,300.606,-1.28916,0.530474,1.02366
1.6925,117.451,114.476,115.676,109.976,99.4221,300.554,-2.69858,1.32178,-0.134296
1.693,116.94,113.635,115.43,110.588,99.4353,300.582,-2.63442,2.62244,2.44877
1.6935,117.389,113.723,114.868,112.353,99.3692,300.554,-2.78188,1.50979,1.52974
1.694,117.367,114.273,115.451,nan,99.3366,300.578,-0.899412,0.249232,1.48241
1.6945,117.776,114.471,116.688,nan,99.3649,300.656,-1.52232,1.13248,0.738793
1.695,117.672,113.162,116.675,114.763,99.2061,300.598,-1.829,0.456627,0.0239173
1.6955,117.558,112.632,117.048,nan,99.3186,300.488,0.459773,0.128934,-0.188583
1.696,116.686,112.777,118.125,nan,99.246,300.533,1.93681,1.46871,-0.534505
1.6965,115.024,111.666,118.368,115.956,99.2526,300.579,0.12697,-3.25826,-0.509626
1.697,113.783,110.346,118.984,nan,99.0606,300.497,0.452336,-0.0562883,-1.72509
1.6975,113.045,108.606,119.242,nan,99.1438,300.555,1.93205,-0.592439,-1.04097
1.6975,110.512,107.669,119.213,114.259,98.9645,300.456,3.42711,0.391956,-0.244269
1.6985,109.769,105.696,118.609,nan,98.7509,300.396,3.4052,-1.27291,0.431415
1.699,108.884,104.866,118.16,112.43,98.8663,300.474,2.25548,-1.90847,-0.720023
1.699,107.518,105.305,116.254,112.232,98.9679,300.511,1.86037,-2.03403,-1.75226
1.7,106.736,103.943,115.055,112.084,98.8075,300.353,-0.198847,-1.35168,-1.15648
1.7005,106.942,104.47,114.504,nan,98.9126,300.442,0.0941559,-1.6778,-1.39586
1.701,106.573,105.197,112.566,109.887,98.7029,300.448,1.67656,-0.500251,-1.22037
1.7015,106.721,105.739,111.435,nan,98.8173,300.337,-0.651938,-1.12473,-0.431554
1.702,107.084,106.004,110.263,nan,98.7249,300.437,-1.37566,0.898083,2.1196
1.7025,108.132,107.055,109.493,nan,98.6177,300.476,-1.81599,2.32842,0.650645
1.703,108.351,108.305,108.753,111.611,98.4621,300.478,-3.14052,2.65815,0.771561
1.7035,108.962,108.551,109.035,111.357,98.6509,300.373,-2.91355,1.7843,1.38715
1.704,108.221,109.806,108.983,111.182,98.613,300.333,-2.30164,2.44857,0.769291
1.7045,108.062,109.331,108.754,109.726,98.4586,300.323,-2.14531,0.714466,0.7935
1.705,107.654,110.122,109.328,nan,98.6026,300.324,-2.09941,2.06053,0.347545
1.7055,107.48,109.295,109.865,109.147,98.5371,300.408,-1.44213,1.93539,1.68684
1.7055,106.574,109.622,108.609,nan,98.463,300.305,-1.7469,2.49759,1.37112
1.7065,106.843,109.198,109.571,nan,98.4065,300.324,0.50711,0.375641,1.29444
1.707,106.381,109.083,108.496,nan,98.6047,300.433,-2.05668,-0.24613,0.740714
1.7075,105.894,108.78,107.949,106.364,98.677,300.255,0.629194,0.236145,1.81689
1.708,105.468,110.06,107.443,105.529,98.6211,300.399,2.44546,-1.59343,1.49146
1.7085,106.711,110.678,106.805,104.98,98.4748,300.404,3.12453,-0.707737,1.66524
1.709,109.177,111.861,105.733,105.111,98.639,300.378,0.814764,0.0256935,-0.235425
1.7095,109.901,112.779,105.219,nan,98.7338,300.347,1.60827,-0.170474,-0.0854245
1.71,111.502,113.991,104.009,104.965,98.4345,300.417,1.043,-1.00531,-0.812148
1.7105,112.812,115.335,103.894,nan,98.543,300.347,-0.252775,-2.43574,-0.788455
1.711,114.617,116.895,104.213,nan,98.7123,300.439,2.48872,-1.41052,-0.856445
1.7115,114.905,118.284,105.072,106.328,98.6207,300.317,1.07825,-3.88737,0.907596
1.712,115.844,118.475,105.703,nan,98.5329,300.365,3.39569,-0.576515,-0.73979
1.7125,116.636,118.505,106.814,106.833,98.6409,300.422,-1.03054,-1.44531,-1.42701
1.713,117.651,118.59,108.868,107.504,98.5482,300.362,-3.11389,0.248651,-0.689023
1.7135,117.919,118.135,109.841,108.771,98.6045,300.423,-1.57587,0.941013,-1.41512
1.714,117.598,117.375,110.646,108.176,98.5453,300.35,-3.13403,0.378772,-1.13276
1.7145,116.996,117.155,112.812,nan,98.4408,300.355,-3.13544,0.641907,-1.52737
1.715,116.144,116.308,113.683,nan,98.3363,300.474,-1.3164,-0.0927089,-0.430544
1.715,116.735,115.754,114.254,108.44,98.4492,300.27,-1.2937,0.963312,-0.801927
1.716,116.166,116.116,113.164,106.848,98.5028,300.452,-1.66266,2.55478,-0.101814
1.7165,116.372,115.431,113.7,106.614,98.3542,300.454,-1.55468,1.38393,0.0362754
1.717,116.663,115.524,113.709,107.006,98.4003,300.456,-2.269,3.15456,-0.189892
1.7175,116.991,115.046,114.122,nan,98.3736,300.327,-0.549788,2.60556,0.724874
1.718,117.487,115.337,114.193,nan,98.2926,300.445,1.28416,1.64237,-0.274188
1.7185,118.153,115.148,114.199,108.48,98.1904,300.494,2.4604,0.800852,1.17133
1.719,118.365,114.932,113.933,109.803,98.1628,300.525,3.96792,-0.777706,1.40893
1.7195,119.307,114.998,115.078,111.093,98.11,300.514,3.17568,0.585832,0.4957
1.72,119.126,115.224,116.144,112.056,98.2128,300.5,1.87991,-1.18418,1.20744
1.7205,119.268,115.014,116.168,112.348,97.973,300.527,0.30579,-0.84358,1.47186
1.7205,117.353,114.864,117.526,113.894,98.0531,300.56,1.81431,-0.951746,2.31191
1.7215,117.543,112.852,118.073,nan,97.9174,300.499,1.30062,-1.22044,0.989954
1.722,115.692,110.975,117.835,nan,97.8195,300.53,2.5534,-1.8569,1.37659
1.7225,114.164,110.014,119.302,114.665,97.8111,300.554,0.663108,-3.21139,0.513318
1.723,112.364,108.96,119.807,114.925,97.859,300.549,-1.65307,-2.23567,-0.254353
1.7235,110.915,107.038,120.237,115.158,97.7747,300.553,-3.24314,-2.63628,1.19723
1.724,109.382,106.262,120.034,nan,97.6458,300.553,-3.62383,-1.43338,0.198834
1.7245,109.418,105.913,118.787,nan,97.5816,300.577,-3.5035,-0.906607,-0.538132
1.725,108.303,105.373,117.651,nan,97.6032,300.684,-0.954296,1.09941,-0.501734
1.7255,108.37,105.45,116.54,nan,97.4736,300.719,0.169472,0.227098,0.532661
1.726,108.373,105.557,115.588,nan,97.6344,300.686,-2.45048,-0.041902,-1.41321
1.7265,107.977,106,114.272,111.475,97.5639,300.638,-1.2384,-0.72874,-1.86297
1.727,108.352,107.142,113.297,nan,97.6623,300.703,-1.85276,0.771173,-2.75526
1.7275,108.57,107.581,112.73,nan,97.4402,300.752,-1.63779,1.53354,-1.23342
1.728,109.307,107.87,111.163,113.15,97.6539,300.799,-0.715088,0.765569,-1.29269
1.7285,108.913,108.364,111.968,112.993,97.5181,300.792,1.23946,1.65858,-1.32241
1.729,108.692,108.324,110.832,112.631,97.4957,300.808,1.68295,1.58516,-0.560198
1.7295,108.468,108.307,111.491,112.045,97.4567,300.902,1.64426,0.979817,0.158996
1.73,107.5,108.3,111.052,111.357,97.6452,300.851,2.40875,1.10998,-1.12916
1.73,107.659,107.929,111.354,112.672,97.4135,300.821,1.19323,-0.814971,0.513528
1.731,105.683,108.539,110.799,110.115,97.6614,300.947,2.13782,1.54859,-1.73569
1.7315,105.991,107.425,111.269,nan,97.5656,300.935,2.94318,-0.423171,-0.75613
1.732,105.671,107.459,110.478,109.514,97.5889,300.981,2.51488,-0.707176,0.532011
1.7325,104.532,108.358,109.271,109.575,97.5634,300.997,5.00784,0.213308,2.41511
1.733,105.671,107.7,108.879,108.534,97.6709,301.038,1.08458,0.474038,1.71694
1.7335,106.1,108.952,107.632,107.754,97.6916,301.045,-0.168232,-1.5406,2.52568
1.734,107.365,110.527,107.179,106.613,97.899,301.07,-1.27383,-1.43011,1.48445
1.7345,107.78,111.45,105.656,105.67,97.9008,301.071,-1.47922,-2.30583,1.22216
1.735,109.836,112.787,105.345,nan,97.7485,301.009,-1.06877,-1.89499,0.886769
1.7355,110.813,113.906,104.663,nan,97.7737,301.114,-0.51758,-0.499836,0.540139
1.736,112.494,115.54,104.282,104.431,98.0715,301.101,-1.74542,0.693401,1.65854
1.7365,114.447,116.331,103.85,104.813,98.0632,301.044,-0.873054,1.4202,-0.570837
1.737,114.742,117.79,104.94,105.796,98.0364,301.155,-2.61706,-0.175052,-0.407919
1.7375,114.491,118.042,105.162,106.337,97.9974,301.196,-2.8485,-1.48614,-0.185231
1.738,115.181,117.818,106.113,nan,98.0584,301.173,-1.62215,0.807638,-1.6009
1.7385,115.361,118.204,107.753,nan,98.1371,301.202,-1.40933,0.812017,0.130495
1.739,116.154,116.972,108.316,nan,98.1855,301.276,0.231026,2.13332,0.351554
1.7395,115.241,116.538,110.131,107.064,98.27,301.247,0.426475,1.10911,-0.530637
1.74,114.71,116.662,110.944,nan,98.2966,301.239,1.29859,2.59332,-2.00677
1.7405,115.784,116.068,111.619,107.864,98.2333,301.31,1.54651,0.06056,-1.36497
1.741,115.564,115.262,111.832,107.17,98.5745,301.424,1.09808,1.83003,-1.19526
1.7415,115.974,115.364,111.906,106.77,98.4011,301.426,3.09899,2.18859,-1.4357
1.742,116.088,115.713,112.395,nan,98.3715,301.322,1.92201,-0.420827,-1.48987
1.7425,117.792,115.863,111.702,106.529,98.4749,301.432,2.69613,0.712334,-0.753711
1.743,118.001,116.593,112.223,107.444,98.4875,301.41,1.39038,-0.276941,-0.737918
1.7435,118.069,116.865,111.725,106.13,98.3298,301.383,2.37767,0.704192,-0.359014
1.744,119.135,117.386,112.729,106.967,98.494,301.454,2.00939,-1.71524,-0.362292
1.7445,119.735,117.256,112.65,108.284,98.466,301.483,0.880426,-0.868571,-0.364519
1.745,120.172,117.227,113.63,nan,98.3914,301.565,-1.7773,-2.60794,0.754919
1.7455,120.336,116.408,113.636,nan,98.5303,301.435,-0.846202,-2.3895,0.0180963
1.7455,119.101,115.888,115.083,110.508,98.437,301.584,-0.469918,-0.951174,-0.493611
1.7465,118.198,114.75,115.971,111.792,98.517,301.547,-3.26361,-1.61673,0.817822
1.747,118.149,113.553,117.33,112.495,98.5511,301.638,-2.98522,-1.6487,1.84999
1.7475,115.867,111.97,117.998,112.446,98.4404,301.638,-2.91182,-1.2762,2.3528
1.748,114.177,110.246,119.735,nan,98.4133,301.609,-2.32861,-0.190723,0.615497
1.7485,113.059,109.059,119.594,114.583,98.6075,301.667,-2.34607,-0.684142,0.152094
1.749,111.351,108.496,120.364,113.908,98.4553,301.656,-0.75981,-1.02616,2.08432
1.7495,111.194,107.089,120.275,113.998,98.566,301.7,0.797192,0.631629,1.48403
1.7495,110.765,106.743,120.144,113.043,98.5859,301.767,2.05887,-0.147842,0.11575
1.7505,109.791,107.174,119.066,113.571,98.4881,301.689,0.897166,1.88084,1.06522
1.751,110.375,106.92,117.155,112.88,98.4774,301.777,1.4545,1.56099,2.80002
1.7515,109.91,107.241,116.442,112.662,98.4906,301.716,0.1918,2.87364,0.635313
1.752,110.289,107.029,115.191,111.786,98.3347,301.743,3.02615,1.12212,-0.0934319
1.7525,109.946,107.411,114.206,111.691,98.5744,301.757,2.07255,1.21955,-1.60361
1.753,109.87,108.155,113.515,112.158,98.4393,301.802,0.923574,0.712868,-0.391749
1.7535,109.318,108.986,113.69,112.867,98.6359,301.755,4.17666,-0.0110832,-2.33707
1.754,109.543,107.381,113.345,112.445,98.723,301.772,0.252415,2.21875,-1.49224
1.7545,108.608,107.143,113.081,nan,98.6253,301.902,0.726985,1.36818,-1.60443
1.755,107.723,107.579,112.534,nan,98.4487,301.826,-0.607589,1.59537,-1.53408
1.7555,106.37,106.947,112.847,113.071,98.6535,301.81,0.225805,0.810205,0.304729
1.756,105.392,105.975,113.358,114.323,98.653,301.856,0.154047,-1.81933,-0.167569
1.7565,104.796,106.335,113.133,113.069,98.6749,301.806,0.423187,-2.59055,-2.50513
1.757,104.687,105.909,112.26,nan,98.6589,301.921,-0.681455,-2.30045,-0.946377
1.7575,104.379,105.794,112.249,nan,98.9666,301.896,-2.44967,-2.10284,-0.145702
1.758,104.112,106.425,111.427,111.026,98.8319,301.91,-2.30372,-0.777897,-1.52819
1.7585,105.055,107.06,111.014,nan,98.9686,301.849,-1.58356,-1.07034,-1.45655
1.759,106.553,108.492,109.072,nan,98.8784,301.864,-2.80484,-1.45524,-0.410215
1.7595,107.013,109.424,106.842,nan,99.0183,301.906,0.00311525,-1.70593,-0.336218
1.76,109.136,110.691,106.848,107.364,99.1047,301.923,-0.716839,-1.84325,0.573004
1.7605,109.828,112.279,106.09,107.604,99.1104,301.834,-0.343457,-0.491446,1.31186
1.761,111.487,114.008,104.143,nan,99.2899,301.899,0.473036,-0.197389,-0.21422
1.7615,111.806,115.394,104.661,106.072,99.2537,301.865,-1.18628,-0.541993,1.53082
1.762,113.371,115.523,104.619,106.009,99.2841,301.918,1.97076,1.27913,1.90066
1.7625,112.946,115.87,104.434,nan,99.4205,301.996,1.50765,0.611951,1.17307
1.763,113.841,116.572,104.652,106.376,99.1924,302.035,3.73719,3.11959,1.51627
1.7635,113.674,116.83,105.679,nan,99.5608,301.939,5.0887,0.29527,-0.701574
1.764,112.916,116.022,106.464,nan,99.3777,301.906,3.78335,1.48021,0.824941
1.7645,113.087,116.447,107.684,107.678,99.5284,301.984,1.70926,0.312084,-0.815216
1.765,114.112,115.284,108.998,nan,99.4299,301.931,-0.251955,1.88931,0.886839
1.7655,113.979,115.971,109.356,105.915,99.625,301.968,0.465794,1.29939,0.166348
1.766,114.679,115.699,109.643,107.54,99.6252,301.887,0.258967,1.43499,0.31552
1.7665,114.828,114.998,110.49,106.373,99.5414,301.869,-0.598477,1.45769,-0.70751
1.7665,114.37,116.272,110.207,107.056,99.702,302.024,0.515074,-1.3344,-1.77172
1.7675,116.714,116.543,109.666,105.35,99.6766,301.934,-2.00413,-1.23026,-1.1573
1.7675,117.472,117.19,110.319,105.341,99.606,301.933,-2.1582,-2.68209,-1.45402
1.7685,118.573,117.571,110.887,nan,99.5743,302.011,-3.53652,-1.29182,-1.65927
1.769,119.52,118.317,109.954,nan,99.705,301.945,-1.0029,-2.04053,-2.19835
1.7695,120.054,118.28,110.4,104.101,99.6485,302,-1.94778,-1.81832,-0.184617
1.77,120.299,118.499,110.172,nan,99.5488,302.006,-1.07165,-0.552099,-0.651374
1.7705,121.162,118.427,111.421,107.414,99.6639,301.942,-2.27551,-0.806199,-0.0822434
1.771,120.377,117.774,112.304,108.324,99.6367,301.898,-1.29853,-0.711203,-0.486443
1.7715,119.114,116.6,113.716,108.415,99.6467,301.983,1.26515,-2.18628,-0.972249
1.772,118.142,115.22,114.94,109.642,99.5884,301.978,-0.686589,-1.29717,-0.415259
1.7725,117.497,113.645,116.19,109.532,99.4249,301.989,0.884737,-0.116413,-2.10823
1.773,115.978,111.996,117.84,111.557,99.3459,301.92,0.756026,0.454011,1.63562
1.7735,114.706,110.355,118.288,111.896,99.4147,301.886,2.85514,2.69955,0.736864
1.774,113.093,110.099,118.887,nan,99.5032,301.871,1.57365,2.22576,1.21625
1.7745,112.652,108.738,120.192,113.151,99.36,301.892,1.66002,0.516933,0.640209
1.775,111.854,108.478,120.046,112.714,99.248,301.917,2.24291,0.663948,0.775055
1.7755,111.275,107.663,119.144,nan,99.1041,301.958,1.4913,0.0155714,-0.581846
1.776,112.403,108.378,118.465,112.335,99.2295,301.884,3.34913,1.45962,1.21733
1.7765,111.949,108.911,117.733,nan,99.1286,302.032,0.890406,2.63498,1.51232
1.777,111.982,108.568,118.273,nan,99.1264,301.857,0.862346,2.27194,1.60496
1.7775,111.726,109.132,116.8,112.535,99.2232,301.839,-0.392421,2.03814,1.18799
1.778,112.239,108.777,115.875,111.203,98.982,301.822,-1.83466,1.36208,1.16336
1.7785,112.351,108.76,115.49,111.905,99.0075,301.891,-2.57322,0.700729,-0.121169
1.779,111.006,108.163,115.076,nan,99.0574,301.92,-2.95673,-0.88581,1.26434
1.7795,110.199,106.772,115.696,112.537,98.9576,301.853,-2.39571,-1.46012,-0.143005
1.78,108.156,107.252,114.977,112.319,98.8944,301.916,-1.0888,-1.53487,0.386087
1.7805,107.542,106.553,115.077,nan,99.0508,301.884,-1.4009,0.360043,-1.75125
1.7805,106.382,105.887,114.918,115.051,99.0586,301.951,-1.33222,-1.09127,-0.551391
1.7815,105.893,105.771,115.497,114.833,98.8672,301.867,-3.81917,-0.811387,-0.864296
1.782,104.511,105.167,115.191,114.111,98.844,301.799,-0.352671,-2.64622,0.0464849
1.7825,103.696,105.008,114.795,114.037,98.6968,301.823,-1.54346,-2.23932,-0.984745
1.783,104.039,104.947,113.005,nan,98.9327,301.905,0.0535485,-2.58907,-0.306171
1.7835,104.249,107.045,113.151,113.808,98.9313,301.796,1.77809,-1.90559,-0.797111
1.784,105.75,106.424,111.733,112.543,98.8776,301.902,3.28924,-0.500248,-1.19877
1.7845,106.397,108.042,111.083,nan,98.9368,301.896,2.13324,0.612275,-0.910457
1.785,107.393,109.36,108.571,111.022,98.8975,301.904,2.0848,0.969722,-2.21772
1.7855,108.494,111.324,107.779,109.798,98.8226,301.837,2.85207,-0.649678,-0.469114
1.786,109.863,112.287,106.345,109.588,98.8629,301.801,2.67214,2.12508,-0.239389
1.7865,110.22,113.409,105.826,nan,98.9498,301.917,0.667161,2.43997,-0.386475
1.787,110.721,113.303,105.214,108.318,98.7537,301.841,1.81268,0.513958,0.735103
1.7875,110.741,114.267,104.992,107.353,98.872,301.857,1.93803,1.18629,1.45311
1.788,112.218,115.092,104.6,nan,98.7022,301.777,1.42368,2.84904,2.12275
1.7885,111.944,114.504,105.035,106.966,98.8752,301.802,-2.14949,2.05883,0.100629
1.789,111.925,114.096,105.224,106.901,98.8384,301.786,-1.64419,2.34648,0.37628
1.7895,111.613,114.5,106.52,106.887,98.8713,301.84,-2.90217,1.15885,0.171581
1.79,112.351,114.102,106.92,nan,98.8528,301.736,-1.11699,-0.502801,0.537962
1.7905,111.503,114.384,108.362,106.779,98.6665,301.874,-2.35596,0.548249,0.7305
1.791,112.941,114.777,109.288,107.79,98.8145,301.764,-1.72139,0.602001,1.26094
1.7915,112.878,114.733,108.121,nan,98.7426,301.898,-2.39183,-1.1327,1.34825
1.792,114.087,115.769,108.865,nan,98.9024,301.858,-3.01396,-1.04954,0.144557
1.7925,114.992,117.121,108.33,105.671,98.839,301.826,-2.19353,-0.0178404,2.79031
1.793,116.849,117.361,108.171,nan,98.6999,301.86,-2.14242,-1.59759,-0.0932994
1.7935,117.961,118.186,108.493,105.162,98.6347,301.841,0.336501,-0.445765,-0.624319
1.794,119.377,118.697,108.431,104.632,98.7573,301.892,1.38652,-2.04212,-0.614004
1.7945,119.797,119.433,108.067,nan,98.7328,301.934,2.28082,-2.77452,-1.26925
1.795,119.958,119.563,108.707,105.138,98.7532,301.976,4.48285,-1.60391,-1.19627
1.7955,120.892,118.721,108.829,105.14,98.9298,301.748,1.78075,-1.11681,0.0260719
1.796,120.918,118.454,109.334,105.573,98.5179,301.938,2.55526,0.2098,-0.689289
1.7965,120.07,118.09,111.302,105.236,98.6085,301.997,1.89658,-0.740679,-0.868912
1.797,118.863,115.623,112.097,106.955,98.469,301.951,3.45361,0.033879,-1.06563
1.7975,118.03,115.348,113.279,nan,98.3335,301.868,2.4496,-0.203737,-1.32591
1.798,116.091,114.008,115.029,108.125,98.4383,301.955,1.19704,1.11584,-0.545268
1.7985,115.688,111.879,116.425,109.112,98.3854,301.912,1.14868,0.0756195,-2.49953
1.799,115.512,110.84,117.173,109.254,98.2079,301.978,-2.57531,2.0682,-1.06377
1.7995,114.643,110.522,118.577,110.788,98.1139,301.991,-3.04593,2.98976,0.322016
1.7995,113.762,110.815,118.055,111.249,98.2484,301.994,-1.31169,2.09145,-1.02
1.8005,114.369,109.817,118.43,111.06,98.2189,302.008,-1.63654,2.0623,1.33118
1.801,113.999,110.058,118.904,nan,98.0346,301.986,-1.86756,1.11787,1.08069
1.8015,114.47,110.181,117.938,111.922,98.1545,302.03,-2.18146,-0.257477,0.497441
1.802,113.641,110.203,118.572,111.491,97.9638,301.977,-2.99281,0.555515,-0.699013
1.8025,113.938,111.024,117.285,112.257,97.89,301.981,-1.93461,-0.107003,-0.70884
1.803,113.997,110.213,117.107,111.181,97.9243,302.062,-3.6662,0.444973,0.829188
1.8035,113.411,109.287,116.243,110.962,97.6036,302.124,-2.40571,0.119996,-0.113351
1.804,112.651,109.267,115.694,nan,97.8531,302.09,0.641597,0.0500219,1.1407
1.8045,111.292,108.613,115.675,nan,97.6865,302.101,3.21308,-2.66306,2.70148
1.805,109.905,107.015,116.206,112.071,97.7452,302.153,0.684889,-1.95502,1.33759
1.8055,108.795,106.531,115.961,nan,97.615,302.076,1.63458,-2.83138,1.87984
1.806,107.607,105.311,115.577,114.032,97.6045,302.033,0.915923,-3.0326,1.9584
1.8065,105.414,104.295,117.269,113.35,97.6422,302.012,1.77612,-0.45468,0.792804
1.8065,104.99,103.976,116.738,nan,97.6048,302.03,3.50819,-0.510561,0.0656854
1.8075,104.46,104.505,116.762,114.471,97.5984,302.072,2.8746,-0.155173,-0.41773
1.808,104.418,104.353,116.513,114.203,97.472,302.131,2.73909,-0.0704594,-0.296958
1.8085,104.964,104.36,115.604,114.315,97.5881,302.068,1.06322,-1.94323,-0.428823
1.809,104.503,106.172,114.025,114.518,97.4608,302.27,0.76024,0.265809,0.756807
1.8095,106.054,106.879,113.71,114.037,97.656,302.21,0.203988,-0.0926546,-0.155058
1.81,106.016,107.074,112.308,113.305,97.6533,302.268,-1.63859,2.55046,-0.856537
1.8105,107.361,109.024,111.192,nan,97.4545,302.212,0.811287,0.901693,-1.43834
1.811,108.309,109.642,109.738,110.833,97.5676,302.297,0.0276239,3.39427,-1.7943
1.8115,109.093,111.243,108.182,nan,97.568,302.161,-1.70317,1.82982,-0.580454
1.812,109.405,113.239,106.949,110.503,97.6524,302.187,-1.94508,2.42088,-2.10826
1.8125,109.668,113.379,107.164,108.406,97.7902,302.24,-1.98691,1.01209,-0.581636
1.813,109.758,112.876,106.197,107.896,97.813,302.308,-3.07422,-0.731155,0.244078
1.8135,109.67,112.452,105.876,108.716,97.8373,302.269,-2.70443,0.414399,0.549357
1.814,108.852,112.252,105.458,nan,97.8458,302.285,-0.24368,0.217169,-1.1431
1.8145,108.944,112.359,106.162,108.022,97.8476,302.362,1.50594,1.19691,0.437716
1.815,109.419,112.792,106.907,108.522,97.9371,302.314,-0.508409,0.432921,-0.605123
1.815,110.141,113.417,106.956,nan,97.7776,302.381,1.31368,-0.244605,0.145206
1.816,110.954,113.403,107.517,108.68,97.8988,302.381,0.522384,-0.471216,-0.294131
1.8165,112.644,114.565,107.703,nan,97.9623,302.471,2.27916,-1.60877,1.25273
1.817,112.677,114.926,108.111,107.768,97.9294,302.359,1.15955,-2.76529,0.845798
1.8175,113.675,115.194,108.237,nan,97.9193,302.425,1.91115,-3.08587,1.52064
1.818,115.537,117.219,107.75,107.543,97.9821,302.44,3.54256,-0.865026,1.26024
1.8185,117.169,118.505,107.315,107.181,98.0188,302.384,3.5402,-0.211614,2.61975
1.819,118.203,119.17,107.163,nan,97.9614,302.477,3.54378,0.416874,1.64476
1.8195,118.695,119.933,107.014,nan,98.1126,302.411,0.496961,-0.84845,0.402347
1.82,119.747,119.361,105.317,104.291,98.3204,302.381,0.227896,-0.826417,1.56943
1.8205,120.041,119.471,106.167,nan,98.2414,302.477,-0.207933,-1.28974,1.76125
1.821,119.366,119.083,106.857,104.119,98.2495,302.451,0.232871,-1.17111,-0.470182
1.8215,119.024,118.403,107.828,104.131,98.2809,302.497,-0.449545,0.303613,-0.205312
1.822,119.366,117.464,107.793,104.603,98.2411,302.448,-0.300871,1.70159,0.145576
1.8225,117.139,116.488,109.81,104.56,98.2021,302.416,-1.60965,1.32139,0.981942
1.823,117.332,114.809,111.923,nan,98.312,302.563,-3.19913,1.63069,0.580401
1.8235,116.434,113.524,112.868,106.222,98.2524,302.459,-4.04585,1.54886,-0.483704
1.824,116.578,112.924,114.349,107.367,98.1992,302.493,-3.02914,2.54242,-0.650704
1.8245,115.927,112.416,115.907,107.956,98.2024,302.458,-0.945716,1.54791,-1.82902
1.825,115.21,111.96,116.781,108.7,98.2969,302.525,-0.144957,0.755939,-0.795654
1.8255,116.186,111.628,116.886,109.991,98.2237,302.445,-0.813878,0.349491,-1.48381
1.826,115.629,112.343,117.604,109.012,98.3484,302.502,-0.584888,0.0321204,-0.189102
1.8265,116.918,112.452,117.266,110.169,98.4122,302.569,-1.6021,0.621044,-1.63211
1.827,116.914,112.495,117.587,108.852,98.1837,302.562,1.02102,-1.07117,-0.340048
1.8275,116.136,112.32,117.325,nan,98.2335,302.474,1.35014,-1.35364,-0.0415714
1.828,116.173,111.933,117.032,109.728,98.198,302.58,4.2133,-1.70004,-0.3123
1.8285,115.295,111.008,116.423,110.35,98.2558,302.497,4.11209,-0.993524,-0.848636
1.829,113.893,110.242,114.954,110.245,98.1758,302.545,2.59305,-1.14369,-0.92287
1.8295,113.491,109.517,115.917,nan,98.1887,302.516,0.615365,-2.2405,0.542194
1.83,111.805,107.545,115.755,110.891,98.3843,302.592,-0.12985,-1.98768,1.31395
1.8305,110.474,107.189,116.727,111.456,98.0821,302.492,-0.93906,-0.74861,0.513159
1.831,109.094,105.215,117.352,112.247,98.2829,302.471,1.38415,-1.08363,2.3607
1.8315,107.925,105.786,117.547,111.983,98.1088,302.436,-1.25169,-1.45595,0.916214
1.832,106.719,104.67,117.709,113.689,98.3044,302.521,-2.06881,-0.245964,0.364114
1.8325,105.539,103.874,118.453,nan,98.3285,302.505,-0.828865,-1.22485,1.35028
1.833,105.276,104.178,118.725,115.357,98.2093,302.466,-2.15211,0.884016,1.23891
1.8335,105.437,104.408,118.687,114.247,98.2288,302.527,-2.39737,1.63187,1.21231
1.834,105.551,105.934,118.132,nan,98.4864,302.44,-2.3807,2.23201,0.940271
1.8345,106.064,106.699,116.77,115.117,98.4982,302.494,-1.69553,2.81297,-1.03107
1.835,107.615,107.34,115.821,114.813,98.529,302.475,0.318183,3.14409,0.281125
1.8355,107.724,108.141,114.417,nan,98.6123,302.39,-0.337154,0.241364,-0.0456098
1.836,108.891,109.499,113.447,nan,98.4908,302.504,-2.10204,0.700528,-1.09329
1.8365,108.186,110.115,110.897,113,98.5878,302.531,-1.44219,1.4316,-0.531274
1.837,108.678,110.51,109.534,112.499,98.5798,302.399,-0.0718038,0.809736,-0.764852
1.8375,108.485,110.608,109.491,nan,98.5109,302.429,0.601649,2.5119,-0.514604
1.838,108.3,110.289,108.641,nan,98.704,302.375,2.67297,1.06169,-2.05467
1.8385,108.039,110.315,107.934,110.714,98.815,302.487,2.89958,-0.515095,-1.20264
1.8385,107.808,110.478,107.362,110.96,98.8283,302.405,4.47105,-0.814291,-1.21143
1.8395,107.486,110.097,107.836,109.698,98.9334,302.463,1.24532,-1.54034,-0.518338
1.84,108.436,110.489,107.618,108.895,99.048,302.344,1.56809,-1.69552,0.663254
1.8405,108.271,111.9,107.682,nan,99.1564,302.411,-0.499683,-1.91336,-0.263175
1.841,108.314,111.815,108.507,nan,99.0364,302.345,2.12869,-1.31825,1.26432
1.8415,109.358,112.938,107.978,109.688,99.21,302.323,2.615,-1.19544,-0.447084
1.842,111.142,113.512,108.611,nan,99.2537,302.271,1.15565,-1.86656,-0.828649
1.8425,112.506,115.488,108.206,nan,99.3386,302.329,-0.157216,-1.5508,-0.50742
1.8425,113.566,116.275,107.983,110.028,99.3539,302.371,-2.64108,-2.2486,0.663716
1.8435,115.71,117.726,108.144,107.732,99.3005,302.25,-1.53287,-0.887245,1.34575
1.844,116.079,118.845,106.213,107.943,99.3852,302.244,-3.39643,-0.561722,0.207144
1.8445,117.567,119.308,106.281,106.324,99.4592,302.204,-3.8343,0.596338,-0.705879
1.845,119.239,120.273,106.105,nan,99.6447,302.302,-2.00829,1.98168,1.19891
1.845,117.831,119.166,105.64,106.372,99.4692,302.195,-1.37299,1.2167,1.11421
1.846,118.874,119.064,105.388,105.478,99.4834,302.1,-1.00791,1.59966,0.59122
1.8465,119.117,118.76,105.131,nan,99.5566,302.143,-1.4174,-0.937794,0.931316
1.847,118.186,117.694,106.673,104.088,99.5711,302.103,-2.10455,0.547181,0.0389918
1.8475,117.36,116.976,106.888,103.602,99.5915,302.091,-1.33708,0.0324249,1.89317
1.848,116.763,116.725,109.067,104.194,99.5012,302.218,0.580823,1.98014,2.39205
1.8485,115.824,114.94,109.632,104.453,99.5852,302.019,0.940402,3.24557,0.711203
1.849,115.877,114.53,111.485,105.672,99.6602,301.986,3.42884,1.52825,1.0188
1.8495,116.41,113.806,112.823,105.339,99.3931,302.074,3.97875,1.2257,2.03767
1.85,116.312,113.496,113.48,nan,99.6512,301.958,1.88394,-0.548291,0.990518
1.8505,116.872,113.054,114.644,107.636,99.4168,301.976,1.78361,-1.69723,-0.866378
1.851,117.226,114.09,115.848,107.947,99.4526,301.95,-0.354865,-1.97828,-0.139234
1.8515,117.798,114.567,115.616,109.14,99.5105,301.93,2.18917,-0.720308,-1.92764
1.852,117.25,114.067,116.26,nan,99.5331,301.927,1.81087,-0.156358,-0.59165
1.8525,117.844,114.39,115.747,109.342,99.4655,301.846,1.99583,-0.478829,-0.159857
1.853,117.558,113.017,115.918,nan,99.3978,301.843,0.594302,-3.42379,-2.13682
1.8535,116.952,112.815,115.503,109.434,99.3863,301.815,-0.162589,-0.913061,-1.90445
1.854,115.754,111.907,115.38,109.087,99.4202,301.899,-1.22513,-2.08043,-1.02289
1.8545,113.962,111.109,115.8,109.93,99.215,301.78,-2.23356,-2.10946,-0.153722
1.855,113.679,109.548,115.093,nan,99.1894,301.811,-2.31775,-0.719703,-0.711745
1.8555,112.203,108.409,115.45,109.099,99.2894,301.794,-2.2301,1.00288,-1.79044
1.856,111.33,107.519,115.665,nan,99.2077,301.812,-1.70792,0.875571,-0.911619
1.8565,109.28,105.434,118.384,110.276,99.2707,301.679,-2.11499,0.774933,0.360501
1.8565,108.546,105.031,117.723,111.585,99.1579,301.783,-3.05863,1.31454,-0.566765
1.857,107.322,104.778,119.07,111.328,99.1882,301.741,-1.98328,1.6696,1.15078
1.858,106.479,104.272,119.018,111.848,99.1168,301.682,-1.7141,0.914739,0.503179
1.8585,106.742,104.93,119.247,113.49,99.0996,301.649,0.0698004,0.895737,0.541464
1.859,106.228,104.632,119.099,113.549,99.2203,301.671,0.931886,1.0944,1.02825
1.8595,107.182,105.655,119.904,115.011,99.0854,301.608,2.23055,1.66702,0.285039
1.86,107.487,106.773,118.004,114.963,99.0396,301.54,1.24838,1.58508,1.46822
1.8605,107.52,106.971,116.899,115.757,99.0349,301.509,1.7712,2.49789,0.596201
1.861,108.773,109.222,116.229,115.543,99.1889,301.514,2.45042,-0.555798,0.530284
1.8615,108.847,109.621,114.937,nan,98.9615,301.517,1.94803,1.2979,-0.0762312
1.862,108.474,109.68,113.463,nan,99.0698,301.429,2.05908,0.0613825,1.93989
1.8625,108.315,109.607,111.615,113.224,99.0747,301.583,1.45112,-0.862801,1.49033
1.863,108.202,109.562,110.975,113.425,99.0728,301.455,2.99985,-0.717122,1.33567
1.8635,106.934,108.935,110.45,112.402,99.2376,301.561,-0.42965,-0.857707,0.78527
1.864,105.937,108.789,109.26,112.069,99.0214,301.404,-1.55899,-0.277492,-0.245238
1.8645,105.762,108.02,109.931,nan,99.0366,301.266,-0.80237,-1.8585,-0.0240253
1.865,106.354,109.321,109.011,110.833,99.0702,301.332,-1.77414,-0.995134,-1.1193
1.8655,106.388,109.276,109.515,111.272,98.9823,301.461,-0.98226,-3.22648,-0.485435
1.866,106.259,109.257,109.561,111.288,98.9039,301.365,-1.75223,-2.43176,-0.359107
1.8665,108.363,110.668,109.469,nan,98.9032,301.431,-0.613856,-1.82399,-0.270637
1.867,109.139,112.389,110.021,111.079,98.96,301.201,-3.12575,-0.737695,-0.734653
1.8675,111.168,112.9,108.832,nan,99.1737,301.233,-3.3839,0.169478,-1.79808
1.868,112.512,114.719,108.973,112.05,99.0122,301.232,-1.44468,0.794388,0.493152
1.8685,113.377,115.382,107.893,110.59,99.0971,301.241,-1.98101,-0.3421,-1.76636
1.869,114.966,117.173,107.788,110.313,98.9475,301.243,0.210142,0.182404,-2.70821
1.8695,115.74,118.184,105.994,110.377,99.129,301.253,0.708816,1.40911,-1.39716
1.87,116.501,117.784,106.15,110.021,99.1149,301.323,0.0361546,0.660207,-2.52488
1.8705,117.193,118.585,104.878,108.405,98.9763,301.111,0.966433,1.35683,-1.05763
1.871,117.671,118.889,104.978,107.845,99.1178,301.211,-0.684197,1.82984,0.0658845
1.8715,117.919,118.125,104.204,nan,98.9553,301.149,2.94299,2.21487,-0.487461
1.872,116.694,118.219,105.123,105.144,99.1527,301.113,2.59923,1.68876,0.364919
1.8725,117.008,117.272,104.851,nan,99.1129,301.195,4.05746,0.917027,0.911317
1.873,116.427,116.698,105.607,105.789,98.963,301.128,3.34541,0.805773,0.134165
1.8735,116.147,115.193,106.581,106.001,99.0911,301.132,2.33595,1.189,1.53044
1.874,116.733,114.923,107.903,nan,98.9091,301.121,1.05604,0.893122,1.00193
1.8745,116.361,115.245,108.808,nan,98.9178,301.096,0.402241,0.531013,0.385285
1.875,117.531,115.339,110.753,105.472,98.8691,301.188,-0.279001,0.0312916,0.409615
1.8755,117.412,115.1,111.118,nan,98.7956,301.157,-1.05345,-0.951536,1.73766
1.876,117.816,115.466,112.715,106.122,98.6393,301.134,-0.926394,-1.22261,1.20757
1.8765,119.117,115.391,113.214,106.812,98.6746,301.135,-1.5345,-2.24962,0.135806
1.877,118.621,115.679,113.673,nan,98.6495,301.06,-1.76926,-2.76772,1.20435
1.8775,118.902,115.905,113.635,nan,98.4724,301.122,-0.982841,-2.32083,0.220188
1.8775,119.149,115.922,113.84,107.06,98.5268,301.063,-3.31051,-2.2246,-1.63225
1.8785,118.69,114.88,113.812,107.378,98.509,301.027,-2.59533,-0.587694,-1.49474
1.879,117.679,114.019,113.845,107.681,98.3247,300.985,-1.74469,-1.3378,-1.18351
1.8795,115.765,112.47,114.373,106.764,98.2062,301.059,-0.625716,-0.173795,0.490443
1.88,114.613,111.261,113.823,106.953,98.3407,300.992,1.50632,-0.907018,-0.761807
1.8805,113.865,110.015,114.659,107.507,98.1694,301.037,1.30454,-1.11485,-0.114471
1.8805,112.383,107.921,115.337,nan,98.0937,301.048,0.0986245,0.128889,-2.02138
1.8815,110.389,107.488,116.129,nan,98.07,300.87,1.88212,2.26173,-2.12961
1.882,109.815,106.443,116.665,108.602,98.0466,301.044,0.71298,3.2574,-1.42229
1.8825,108.987,106.037,118.56,108.329,97.9694,301.03,3.14149,3.34903,-1.18651
1.883,108.847,105.589,118.074,109.881,97.9361,301.08,4.39283,1.46026,-1.15758
1.8835,107.941,105.249,119.184,110.276,98.0424,301.01,3.43237,2.34942,-1.42958
1.884,108.92,105.7,120.043,nan,97.7588,300.942,3.44731,-0.576631,-1.379
1.8845,108.398,106.414,119.805,nan,97.8949,300.991,1.55914,0.201748,1.10066
1.885,109.384,106.005,119.937,nan,97.7837,301.031,-0.609008,0.298287,0.981898
1.8855,109.364,107.231,119.585,113.591,97.6041,300.996,1.57793,-0.144079,0.0393315
1.886,108.602,107.751,118.435,114.424,97.6207,300.938,-0.496672,1.78113,0.371979
1.8865,108.734,108.03,117.231,114.933,97.767,301.032,1.28245,-0.502746,0.0588124
1.887,108.596,107.9,116.33,nan,97.6263,300.969,1.74921,-1.1869,0.204999
1.8875,108.313,107.725,114.74,114.875,97.6284,301.004,-2.69739,-0.520229,0.0375512
1.888,106.583,107.756,113.496,113.558,97.7485,300.989,-4.07803,-2.39313,1.66127
1.8885,106.18,107.284,112.036,113.767,97.7331,300.917,-3.86325,-2.21632,1.48396
1.889,105.943,107.753,112.259,113.504,97.6893,300.979,-2.17061,-2.98145,2.00135
1.8895,105.356,107.086,112.2,nan,97.5907,301.019,-2.48654,-0.752003,1.4563
1.89,104.468,107.146,110.846,112.446,97.7088,301.036,-2.2816,-0.876532,2.17778
1.8905,104.631,107.879,110.944,112.01,97.6882,300.96,-0.65659,-0.874958,1.36565
1.891,105.665,108.218,111.786,nan,97.6896,300.991,0.0116929,-0.564205,0.30925
1.8915,105.903,109.239,110.822,nan,97.7361,301.064,-0.492568,0.551043,-1.50085
1.892,107.583,110.952,110.927,nan,97.7981,301.038,-0.270213,-0.670523,-0.222016
1.8925,109.242,112.275,111.379,112.041,97.7967,300.961,0.0878781,-0.702173,-0.416929
1.893,110.34,113.267,110.825,nan,97.7895,301.024,1.88163,2.2554,0.512133
1.8935,110.663,114.215,110.469,nan,97.8923,301.044,3.00028,2.03355,0.980998
1.894,113.585,115.69,108.8,112.327,98.0318,301.022,2.83423,2.22979,-1.63234
1.8945,114.652,117.076,108.694,nan,97.9767,301.125,2.26853,2.08952,-1.29093
1.895,115.546,116.831,107.018,nan,97.8629,301.061,1.96735,2.59179,-2.66233
1.8955,115.786,117.623,106.682,111.236,97.9923,301.019,1.23291,1.99893,-1.53829
1.896,114.913,117.693,105.591,109.624,98.0718,301.053,0.130074,2.80498,-0.755895
1.8965,116.179,116.848,104.309,nan,98.0468,301.012,0.325914,0.166296,-1.24015
1.897,115.576,117.47,104.545,nan,98.1366,301.002,-0.291052,1.92423,-1.25791
1.8975,115.648,116.419,103.926,nan,98.0416,301.05,-1.95045,2.7494,-0.410293
1.898,115.094,115.481,103.89,106.354,98.2287,300.992,-1.13742,1.71658,-0.616474
1.8985,115.129,115.384,104.753,106.05,98.2344,301.04,-3.14436,0.00206981,0.578733
1.899,115.422,115.821,105.269,nan,98.1428,301.136,-3.17032,-1.64367,1.1727
1.899,116.71,116.277,106.815,106.175,98.0632,301.051,-3.17434,-2.07345,0.407412
1.9,116.882,116.128,107.674,104.802,98.223,301.041,-0.835593,0.666129,-0.25293
1.9005,117.541,116.482,109.674,nan,98.1508,301.098,-1.39608,0.128984,0.117117
1.901,117.986,116.768,109.771,106.422,98.0775,301.057,-2.46306,0.43826,-0.0462574
1.9015,119.536,117.844,111.5,nan,98.2493,301.066,-1.20401,-0.828771,0.487211
1.902,119.971,117.929,111.853,106.184,98.1784,301.128,-0.907931,-0.96113,1.73163
1.9025,120.368,116.765,111.195,106.984,97.9554,301.061,-0.960298,-2.10019,1.87719
1.903,120.694,117.05,111.922,106.802,98.0576,300.977,0.911166,-0.453558,3.19387
1.903,120.175,116.587,111.846,107.691,98.2636,300.978,0.130857,-0.39798,1.44664
1.904,119.094,115.298,111.633,nan,98.0887,301.052,4.13969,-0.0313215,0.463959
1.9045,118.09,114.304,111.776,nan,98.017,301.077,4.75871,2.02369,0.452781
1.905,116.727,112.983,112.788,106.657,98.191,301.07,2.95909,1.02144,1.52244
1.905,115.576,110.92,112.21,nan,98.0449,300.97,2.50747,1.83612,0.877325
1.906,114.175,110.385,112.342,nan,98.1305,301.043,0.321665,1.5053,0.0362836
1.9065,112.691,108.734,113.262,106.084,98.0005,301.095,1.41415,1.89555,0.479781
1.907,111.247,108.142,114.435,106.3,97.9892,301.002,2.80155,2.65022,0.656471
1.9075,111.214,107.196,116.72,106.868,98.0147,300.977,-0.233483,1.00621,-0.340288
1.908,110.787,106.741,116.787,107.879,97.7045,301.054,-1.0582,2.31683,-0.690022
1.9085,109.776,107.277,118.711,nan,97.941,301.04,-0.864342,1.52741,-2.45725
1.909,110.395,107.108,118.482,106.954,97.9915,300.89,-2.85875,1.3066,-1.53119
1.9095,110.184,107.919,119.569,109.168,97.9632,300.994,-1.43682,1.39107,-1.58083
1.91,109.541,107.922,119.957,109.28,97.8839,300.966,-0.717022,0.522723,-1.99292
1.9105,110.444,108.85,119.929,110.61,97.9368,300.928,-1.7362,-1.4014,0.0785884
1.911,110.684,107.874,119.855,111.433,98.0409,301.142,-0.270312,-0.848258,-0.0952418
1.9115,109.571,108.194,119.238,nan,98.0603,300.947,-0.549324,-2.14173,-1.1593
1.912,108.934,107.643,118.095,113.377,98.0487,301.054,-1.8615,-1.81369,-1.33812
1.9125,108.803,107.116,116.58,114.22,98.118,301.025,-2.47846,-2.02002,0.159627
1.913,106.93,107.099,116.147,nan,98.099,301.047,-0.512492,-2.28791,-0.60016
1.9135,105.981,105.911,115.081,nan,98.1532,300.953,1.26269,-0.332088,-0.444781
1.914,105.313,105.982,114.556,nan,98.232,300.966,3.49355,-1.27552,-0.088392
1.9145,104.98,106.24,113.321,nan,98.1242,300.983,2.54271,-1.53735,-0.00957299
1.9145,104.554,105.928,113.853,113.441,98.2819,300.954,3.86334,-1.7739,0.0865539
1.9155,104.008,105.815,113.312,112.033,98.3941,300.988,1.96375,-0.382637,2.64315
1.916,104.43,106.569,112.687,112.622,98.2188,300.965,1.82547,1.29548,1.30269
1.9165,105.301,107.911,113.605,111.595,98.4108,300.889,2.10498,-0.914093,1.69056
1.917,106.118,109.463,112.929,nan,98.5984,300.982,1.75746,0.802778,1.66222
1.9175,107.153,110.146,113.001,nan,98.4966,300.932,2.89701,-0.383601,0.921211
1.918,108.393,111.734,112.933,113.069,98.494,300.855,1.94264,-0.168472,1.00406
1.9185,110.462,113.252,112.687,113.471,98.7045,300.947,1.71134,2.71718,0.333767
1.919,111.251,114.195,112.772,nan,98.7717,300.922,-1.15309,1.62843,0.0360938
1.9195,113.501,115.355,110.746,nan,98.8162,300.835,-2.9729,4.02723,1.42942
1.92,113.252,115.971,109.886,nan,98.8885,300.887,-1.85459,2.26241,1.27245
1.9205,113.086,116.716,108.589,nan,99.0316,300.876,-0.999942,1.40742,0.431296
1.921,113.567,116.038,107.034,113.043,98.8978,300.788,-2.1968,1.83122,-0.11783
1.921,113.701,116.151,105.371,113.073,98.8806,300.793,-2.00848,0.00184021,-0.925093
1.922,113.639,115.99,105.088,nan,99.0392,300.714,-1.73642,-1.1886,-1.03509
1.9225,113.599,115.293,103.62,111.08,98.9598,300.803,-1.7435,-0.99199,-1.77189
1.923,113.668,115.242,104.339,nan,99.2184,300.703,-2.02531,-1.4025,-0.483339
1.9235,113.689,115.312,103.688,109.565,99.2651,300.742,-0.671764,-1.92676,-2.16779
1.924,114.533,114.908,104.832,nan,99.2548,300.789,1.52415,-1.60747,-0.144382
1.9245,115.939,115.638,105.834,nan,99.2382,300.735,1.54081,-2.27556,-1.00057
1.925,115.811,115.919,105.985,107.133,99.2784,300.651,1.25212,-0.509264,-1.11546
1.9255,116.938,116.797,107.479,105.985,99.3757,300.64,0.181585,-2.78413,-0.291974
1.926,118.523,117.381,108.627,nan,99.4334,300.648,-1.0843,-1.93249,-0.957753
1.9265,119.783,118.014,108.504,106.735,99.4299,300.689,3.14006,-1.10903,-1.67137
1.927,120.429,118.839,108.689,106.223,99.3007,300.582,1.81078,0.292874,-1.22794
1.9275,121.116,119.133,109.678,107.261,99.3386,300.736,1.24637,0.446635,-0.510015
1.928,120.734,118.726,110.216,106.759,99.306,300.567,2.67013,0.333298,-0.196178
1.928,120.412,117.496,109.676,107.219,99.3853,300.65,1.85913,1.46955,0.267797
1.929,120.161,117.006,109.987,106.751,99.5587,300.624,1.36045,0.155483,1.60282
1.9295,119.238,115.203,109.966,107.035,99.4157,300.607,-2.39574,0.704881,2.1865
1.93,118.51,114.554,110.137,nan,99.4041,300.619,-1.1509,0.193037,1.46658
1.9305,117.218,113.211,110.463,105.896,99.4912,300.52,-1.06774,1.52263,2.32008
1.931,114.581,111.446,110.527,nan,99.4343,300.425,-0.634762,1.8332,2.08239
1.9315,114.581,110.414,110.674,105.456,99.3136,300.498,-1.25587,2.31302,0.98338
1.932,113.1,109.779,111.814,105.255,99.2939,300.459,-0.865575,0.570885,1.10851
1.9325,111.883,109.102,112.425,105.878,99.3218,300.557,-1.41724,0.868502,0.657668
1.933,112.577,108.256,114.657,106.416,99.3174,300.557,-3.44523,0.314438,1.75588
1.9335,112.215,108.098,116.583,105.634,99.2015,300.499,-2.63018,0.574597,0.579707
1.934,112.162,107.828,116.478,105.964,99.1539,300.395,-2.4106,-0.15786,0.531546
1.9345,111.847,108.541,118.369,nan,99.2176,300.443,0.582117,-1.12385,-0.348468
1.935,111.984,108.638,119.312,nan,99.1006,300.4,2.10614,-0.532635,0.172675
1.9355,112.196,108.961,120.777,106.724,99.2924,300.387,-0.449987,-0.488033,-0.954031
1.936,111.315,109.11,120.562,nan,99.25,300.487,0.79748,-0.491425,-0.706061
1.9365,111.289,108.078,119.394,109.464,99.2049,300.518,0.21936,-1.33161,-1.47917
1.937,110.517,107.837,119.498,111.521,99.0606,300.419,2.18738,-1.61541,-0.952612
1.9375,109.327,107.338,118.709,111.575,99.1134,300.382,2.83814,-1.95713,-1.37906
1.938,108.307,106.095,116.859,nan,99.2087,300.508,2.97741,-1.22012,0.581219
1.9385,106.92,105.872,116.81,112.501,99.2442,300.28,1.62422,-2.29229,-0.454641
1.939,105.328,105.096,115.894,112.854,99.1041,300.319,0.46528,0.398024,-0.437059
1.9395,104.461,104.971,116.094,112.259,99.1605,300.263,0.228041,-0.741151,-0.952572
1.94,104.341,104.93,114.929,113.07,99.0189,300.34,0.303466,0.206754,-1.5186
1.9405,104.453,105.124,115.05,111.141,99.0141,300.235,-0.925157,0.0233652,-0.962816
1.941,104.271,105.299,115.474,nan,99.1698,300.33,-2.2619,0.667138,-0.498215
1.941,104.529,106.363,115.424,nan,99.0578,300.219,-1.40334,0.640901,0.21165
1.942,105.647,107.486,114.675,111.194,99.0838,300.342,-1.59962,1.5416,-0.151346
1.9425,105.868,109.115,115.301,113.043,99.1112,300.293,-1.76508,3.08031,1.17483
1.943,107.349,109.367,115.436,113.357,99.2088,300.293,-2.0506,4.07912,0.625335
1.9435,108.723,111.279,115.249,nan,99.1434,300.295,-2.75806,0.465864,-0.0327357
1.944,109.838,112.222,114.406,112.774,99.1663,300.343,-0.936809,-0.238898,1.47612
1.9445,110.503,113.456,114.089,nan,99.2947,300.202,-1.19262,-0.547867,0.832699
1.945,111.051,114.438,112.314,nan,99.2926,300.242,-0.475992,1.72591,0.339715
1.9455,110.944,114.462,111.155,114.632,99.2399,300.252,0.652818,0.867686,1.48517
1.946,111.274,114.536,110.538,115.036,99.2856,300.203,-0.112531,0.807778,1.05889
1.9465,111.563,114.15,108.428,114.776,99.3081,300.235,2.82486,0.0273482,1.65844
1.947,110.603,114.4,106.686,114.791,99.4379,300.216,0.653452,0.630293,1.26241
1.9475,110.863,114.251,106.771,113.704,99.3148,300.247,2.21646,-1.73961,1.35074
1.948,111.383,113.772,104.881,112.404,99.3133,300.276,4.07586,-1.71003,0.422325
1.9485,112.554,114.579,104.692,111.923,99.2451,300.202,2.69787,-3.32839,-0.324889
1.949,112.898,114.553,104.997,110.355,99.2753,300.374,2.94992,-2.47932,0.794564
1.9495,114.22,114.529,105.46,109.344,99.345,300.266,1.67297,-2.71795,-1.83169
1.95,115.298,116.052,105.938,109.66,99.383,300.221,-0.739386,-2.18272,0.0284872
1.9505,115.852,117.196,106.687,108.873,99.2106,300.234,0.0368028,0.716502,-0.341979
1.951,117.336,118.048,107.319,107.87,99.323,300.291,0.644481,-1.75583,-0.960937
1.9515,118.097,118.685,107.92,108.169,99.2952,300.212,0.0768938,-0.24817,-1.16762
1.952,120.088,119.159,108.257,nan,99.1813,300.252,-1.46562,-1.02531,-1.63337
1.9525,120.595,119.673,108.48,107.663,99.2952,300.228,-1.72659,0.0429313,-1.44629
1.953,120.857,119.529,108.538,106.432,99.1918,300.324,-3.91344,3.21509,-1.19351
1.9535,120.814,118.135,109.667,108.088,99.2207,300.23,-4.27525,1.67071,-2.10884
1.954,120.289,117.751,108.919,106.909,99.072,300.241,-2.38697,2.81283,-0.141884
1.9545,119.444,116.991,108.414,108.221,99.1193,300.201,-1.35173,3.54224,-1.12746
1.9545,118.53,115.685,108.564,107.876,99.0417,300.328,-1.66972,1.74787,-0.372826
1.9555,117.893,114.733,108.192,109.008,98.9099,300.221,-0.581307,-0.0376939,-0.502402
1.956,116.058,113.562,108.321,107.414,98.9636,300.249,-1.28742,0.665458,0.0277916
1.9565,115.083,112.154,108.548,107.075,98.8276,300.271,-2.09266,2.54045,1.34291
1.957,114.861,111.101,109.367,105.426,98.9436,300.319,-1.30775,0.0526191,-0.767429
1.9575,114.924,111.323,110.167,nan,98.7202,300.339,0.214353,-0.364224,0.950009
1.958,114.352,110.017,110.776,104.936,98.7014,300.27,1.88557,-0.0298758,1.5948
1.9585,114.164,110.204,112.794,104.619,98.5743,300.426,2.31574,0.0892235,1.27775
1.959,114.703,111.07,114.391,nan,98.5335,300.408,2.42288,-0.66681,1.88175
1.9595,114.509,110.634,115.552,104.662,98.4607,300.297,3.86724,-2.21428,0.710698
1.96,113.676,110.677,116.678,105.023,98.4987,300.386,0.547931,-1.98759,2.88427
1.9605,113.864,110.365,117.854,104.194,98.4242,300.36,1.24128,-0.414019,1.78722
1.961,112.963,110.554,118.419,nan,98.2905,300.397,0.21396,-0.335048,1.29193
1.9615,113.006,110.709,118.311,107.857,98.3031,300.381,1.10755,-0.862402,0.233991
1.962,111.891,108.983,118.743,108.278,98.1822,300.381,0.913331,0.145587,-0.312324
1.9625,111.015,107.874,118.181,108.072,98.0152,300.46,-0.163591,-0.778264,-0.293723
1.963,110.333,107.421,117.486,109.545,98.1012,300.62,-1.04992,-1.4027,-0.532685
1.9635,107.795,106.725,117.583,110.665,98.0519,300.474,-2.25821,-1.01137,0.18387
1.964,106.746,105.274,116.935,110.368,97.943,300.456,-3.95725,1.80157,0.111112
1.9645,105.5,104.181,116.677,111.061,97.9641,300.569,-0.801205,2.24423,-0.36992
1.965,103.713,104.307,115.871,nan,97.8438,300.541,-0.746596,2.20109,0.268485
1.9655,104.172,103.904,116.032,112.555,98.1135,300.488,-0.810437,1.78907,-1.66009
1.966,104.178,104.975,115.956,110.511,97.8902,300.53,-3.30518,1.86492,-0.83235
1.9665,104.942,105.258,116.365,111.696,97.9581,300.697,-0.895419,1.05636,-1.26146
1.967,105.116,106.536,116.126,110.969,97.8021,300.649,-1.77697,1.54593,-0.819739
1.9675,105.758,107.531,117.168,nan,97.8023,300.628,-0.36613,0.701743,-1.54687
1.968,107.455,109.037,116.749,111.337,97.8308,300.71,1.67218,0.825959,-0.649778
1.9685,108.055,109.102,116.28,nan,97.7885,300.776,3.26679,0.738684,-0.732631
1.969,108.447,111.015,116.875,112.674,97.9667,300.686,1.80625,1.07877,0.102015
1.9695,109.041,111.743,115.79,112.109,97.9603,300.644,1.7447,-0.0867091,0.0274136
1.97,109.536,112.31,115.983,112.938,97.7776,300.671,0.3206,-0.665007,0.570047
1.9705,110.087,111.921,113.978,113.795,97.8245,300.794,1.51107,-0.848568,0.463893
1.971,110.255,113.083,113.195,113.989,98.0283,300.778,2.95468,-3.09811,0.874079
1.9715,108.946,112.265,111.039,nan,97.8542,300.823,1.88027,-2.3275,0.587014
1.972,109.831,112.621,110.413,nan,97.9054,300.835,3.07116,-3.13584,1.31694
1.9725,109.341,112.237,109.474,116.072,98.0121,300.702,1.60604,-1.28329,2.04088
1.973,109.66,112.506,107.59,115.067,98.0605,300.849,-0.00581419,-2.01018,1.21609
1.9735,110.388,112.771,107.334,114.849,97.9507,300.847,-1.22472,-0.498781,1.53906
1.974,110.358,112.924,106.222,nan,97.9531,300.862,-0.886146,-2.01007,1.42611
1.9745,112.193,114.131,105.599,114.01,98.0015,300.951,-1.99763,-2.44188,1.39962
1.975,112.593,115.889,106.016,111.472,98.0684,300.999,-4.63477,-0.323602,1.00373
1.9755,114.389,116.043,106.101,111.918,97.9444,301.001,-2.4403,-0.175459,0.332249
1.976,115.696,117.611,107.124,110.977,98.0347,301.045,-1.23362,-0.233608,-1.10841
1.9765,118.123,117.839,107.587,110.275,97.9359,300.923,-0.779581,1.65096,0.0499905
1.977,119.252,119.659,108.488,108.896,98.0474,301.042,-1.01102,2.69316,-0.619629
1.9775,119.72,119.118,107.772,109.249,97.8275,301.095,-3.07375,1.61176,0.0632149
1.978,120.089,119.252,108.161,nan,98.1563,301.016,-0.925878,1.54122,-0.560848
1.9785,119.741,119.321,107.878,108.731,98.0859,301.017,1.62065,0.914612,0.638511
1.979,120.432,118.939,107.521,109.067,98.0186,301.221,0.553703,1.73795,0.298555
1.9795,119.749,117.311,107.312,108.216,98.061,301.124,1.98665,0.427008,-1.46132
1.98,118.822,116.704,107.23,nan,97.9709,301.162,3.34444,1.3895,-1.46539
1.9805,117.612,115.821,106.882,nan,98.0021,301.198,2.7135,1.53293,-1.60566
1.981,116.77,114.55,106.806,nan,97.8943,301.257,0.356462,0.893683,-0.388881
1.9815,116.277,113.332,106.241,nan,98.079,301.252,2.18153,0.167237,-0.869288
1.982,116.466,113.101,106.611,108.468,98.0373,301.272,1.64291,-1.2689,-0.97732
1.9825,115.341,112.903,107.123,106.797,98.0095,301.227,1.76797,-0.989734,-0.603749
1.983,115.817,113.14,106.837,106.772,97.8873,301.283,0.639245,-0.939876,-0.582585
1.9835,116.635,112.699,109.456,nan,97.9059,301.285,2.03946,-0.943387,-0.12308
1.984,116.569,111.603,110.858,104.715,97.9685,301.231,-0.390151,-0.913536,-0.722378
1.9845,117.133,112.825,112.091,105.271,97.8664,301.409,-0.582588,-1.95047,-0.242232
1.985,116.638,112.697,113.819,nan,97.8662,301.402,-2.31041,-3.88174,-0.0139654
1.9855,116.465,112.215,115.485,nan,97.7805,301.408,-2.5934,-2.72112,3.33023
1.986,116.384,111.934,115.587,103.511,97.7821,301.452,-1.86657,-1.01032,0.228146
1.9865,115.278,111.414,117.012,105.055,97.8278,301.373,0.338043,-2.15323,1.78266
1.987,114.044,109.959,117.027,nan,97.7181,301.358,-2.98506,-0.384686,1.73918
1.987,112.343,108.484,117.359,nan,97.7979,301.374,-2.37428,-0.422127,0.639047
1.988,110.449,107.668,117.22,nan,97.7718,301.447,-0.849066,1.00118,1.01494
1.9885,110.175,106.853,116.897,nan,97.7295,301.454,-0.93406,0.959345,0.714314
1.989,107.967,105.336,117.239,nan,97.7262,301.383,0.634731,-1.04469,1.18996
1.9895,106.632,104.495,116.218,108.012,97.6854,301.504,1.58481,1.49753,1.91443
1.9895,106.414,103.766,115.907,nan,97.8597,301.453,0.859021,0.848631,0.480448
1.9905,105.152,104.335,115.482,nan,97.9024,301.605,2.64347,1.37789,0.140566
1.991,104.799,103.948,116.712,110.601,97.9282,301.487,0.67556,1.06735,0.123121
1.9915,105.302,104.846,116.552,110.649,97.893,301.533,0.817861,2.14752,-0.426635
1.992,105.957,105.467,116.842,110.043,97.8458,301.444,3.25051,1.19988,-0.654853
1.9925,106.706,107.232,117.031,109.531,97.8446,301.576,2.65517,1.54017,-0.433452
1.993,107.469,108.145,117.772,110.19,97.9201,301.619,1.64839,0.754777,-2.03267
1.9935,108.269,109.612,119.004,110.437,98.0024,301.583,0.935982,-0.650422,-1.56469
1.994,108.281,109.262,118.183,110.896,98.0098,301.582,0.108105,-0.418671,-1.04594
1.9945,108.743,109.756,118.055,nan,97.97,301.687,-0.0113802,-1.92703,-1.63962
1.995,108.585,110.611,118.623,nan,98.1603,301.57,-2.23179,-0.739007,0.404114
1.9955,108.207,110.13,116.898,111.623,98.121,301.541,-0.316188,-0.319421,-0.991696
1.996,108.348,110.465,116.544,112.592,98.124,301.563,-0.734242,-1.06698,-1.49799
1.9965,107.99,110.835,115.764,113.768,98.1732,301.587,-1.83079,-2.92259,-1.33287
1.9965,108.339,110.522,113.041,113.323,98.2354,301.67,-1.75983,-3.37564,-0.610361
1.9975,107.71,110.875,111.68,114.246,98.3595,301.582,-1.75097,-1.70715,-0.206771
1.998,107.323,110.493,111.243,115.407,98.4919,301.697,-1.80268,-1.07522,-0.478894
1.9985,108.33,111.087,110.078,114.732,98.558,301.624,-3.48307,-0.350348,0.278919
1.999,108.784,111.97,109.435,113.983,98.6665,301.614,-1.62171,-0.785212,0.289815
1.9995,110.664,113.347,108.092,nan,98.5633,301.689,-0.166211,0.740631,0.792463
2,110.667,114.633,107.745,nan,98.8237,301.627,1.58168,0.632396,1.83942
2.0005,112.615,115.946,107.146,114.359,98.6704,301.695,2.2796,1.38006,2.19743
2.001,114.159,116.772,107.663,113.077,98.8889,301.627,-0.0702874,2.26837,3.67875
2.0015,115.927,117.571,108.023,nan,98.8091,301.644,2.02042,1.40163,1.4826
2.002,117.055,118.573,108.443,110.825,98.8399,301.576,1.37644,1.97299,0.646409
2.0025,117.38,119.304,108.169,111.01,99.0728,301.685,2.38192,2.45832,-0.188405
2.003,117.846,118.911,108.484,109.52,99.0753,301.65,2.26006,2.63396,0.734079
2.0035,118.916,118.993,108.847,110.377,98.9836,301.778,1.25153,1.10135,1.2728
2.0035,119.346,118.204,108.743,111.22,99.1234,301.697,0.755258,-0.0723889,0.542394
2.0045,118.989,118.266,107.814,110.231,99.2085,301.733,-1.2126,0.719278,0.600436
2.005,117.717,117.364,107.265,109.708,99.1759,301.618,0.104242,-0.10376,1.13317
2.0055,117.532,116.005,106.886,109.878,99.1587,301.632,-1.18627,0.151659,-2.2637
2.006,116.507,115.883,104.857,108.899,99.184,301.689,-0.0782331,0.5104,-0.661128
2.0065,115.945,114.847,106.033,110.381,99.3154,301.693,-0.831479,-1.06609,-0.942533
2.007,116.937,114.268,105.081,109.418,99.1883,301.659,-2.16921,-0.242379,-2.24703
2.0075,116.81,114.304,104.576,109.431,99.2733,301.714,-0.858419,-1.81968,-1.74308
2.008,116.682,114.106,105.908,nan,99.2997,301.603,-2.3342,-2.23376,-0.898974
2.0085,117.077,113.637,106.923,107.431,99.2068,301.596,-4.14183,-3.16378,-1.03552
2.009,118.052,113.918,107.521,106.941,99.1659,301.627,-2.00095,-2.78949,-0.86837
2.0095,118.162,113.715,109.584,106.766,99.2842,301.598,0.704262,-1.06015,-0.762104
2.01,118.058,114.464,110.879,104.371,99.2232,301.572,0.269947,-0.94924,0.359308
2.0105,118.206,113.926,112.863,105.085,99.1422,301.661,0.24049,-0.21653,-2.08281
2.011,117.643,113.795,113.162,104.335,99.1047,301.754,-0.277292,-0.160783,-0.400371
2.0115,116.685,112.364,114.237,103.59,99.2267,301.676,0.24898,0.47826,-0.0975605
2.012,115.441,111.12,114.813,103.794,99.2577,301.686,0.319752,0.399228,0.145539
2.0125,114.752,110.764,115.062,104.676,99.2371,301.721,0.558832,2.09004,0.566243
2.013,112.652,109.314,115.858,104.198,99.0012,301.598,3.01003,0.858101,0.588493
2.0135,110.808,107.105,116.574,105.621,99.1478,301.716,3.14019,2.13415,1.0017
2.014,110.589,106.891,115.269,105.898,99.0384,301.654,3.65874,3.11173,0.193233
2.0145,109.108,105.253,114.976,107.343,99.1195,301.667,4.25239,2.91278,0.403925
2.015,107.853,105.481,115.213,nan,99.2676,301.595,-0.536915,0.690413,0.952134
2.0155,106.996,104.808,114.839,107.535,99.1611,301.571,0.858383,0.602776,0.48646
2.016,106.837,104.453,115.489,108.418,99.1838,301.649,-0.426469,-1.7697,1.15904
2.0165,106.194,104.986,115.547,109.564,99.1716,301.54,0.994623,-0.190357,0.193552
2.017,107.057,105.641,116.009,nan,99.17,301.573,-1.65902,-0.566059,0.952098
2.0175,107.581,105.332,116.718,nan,99.0994,301.608,-1.41925,0.48515,0.864036
2.018,107.808,107.534,117.742,nan,99.0146,301.649,-2.61214,-1.14436,2.42948
2.0185,108.415,107.883,119.066,109.776,99.0419,301.695,-0.644918,-1.31377,1.91419
2.019,108.098,108.872,118.295,109.312,99.4065,301.659,-2.99585,-2.60567,0.712471
2.0195,108.461,107.861,120.265,109.111,99.1615,301.655,-3.45576,-2.1894,-0.130282
2.02,107.492,109.392,119.727,109.887,99.1297,301.545,-0.984144,-2.29087,-0.609171
2.0205,107.702,109.1,119.904,nan,99.2847,301.543,0.0550184,-1.08168,0.353894
2.021,106.921,108.501,119.065,109.384,99.0873,301.616,0.888769,-1.34041,-1.12186
2.0215,106.078,109.511,118.005,nan,99.2651,301.518,0.52821,-1.35122,-0.345978
2.022,106.013,108.937,116.228,111.392,99.3053,301.602,-1.57689,-1.03816,-1.43619
2.0225,105.943,108.283,114.888,112.799,99.211,301.612,0.724496,-1.04013,-1.4222
2.023,105.74,108.598,114.192,113.601,99.3644,301.575,1.77513,-1.74039,-0.143237
2.0235,106.77,109.683,112.788,115.099,99.2699,301.581,2.76338,0.0143091,0.328273
2.024,106.861,110.988,112.273,nan,99.3828,301.651,3.55044,1.39455,-1.04769
2.0245,108.629,111.599,109.193,113.792,99.3335,301.675,2.45982,2.48042,-1.68778
2.025,109.896,112.527,109.648,114.908,99.5161,301.565,2.41811,1.51022,-2.2838
2.0255,110.854,114.787,108.481,nan,99.5088,301.712,1.77822,1.53185,-1.73039
2.0255,113.236,115.232,110.265,115.099,99.589,301.599,0.569214,0.0882983,-0.759784
2.0265,113.533,117.218,109.218,113.395,99.3907,301.706,1.89305,1.57178,-0.906543
2.027,115.561,117.973,109.039,112.315,99.5246,301.597,0.254008,1.98779,0.876415
2.0275,116.329,118.358,110.039,nan,99.5048,301.674,-1.69688,0.642473,1.36255
2.028,117.248,118.518,110.089,nan,99.4783,301.71,-2.30002,0.420594,0.266864
2.0285,116.588,118.53,109.099,111.253,99.5254,301.639,-2.58721,0.0518215,1.68898
2.029,116.754,118.437,108.954,nan,99.4944,301.724,-2.87082,1.05593,-0.0680546
2.0295,116.702,118.452,108.569,109.57,99.4077,301.762,-3.1116,0.11558,-0.665679
2.03,116.74,117.232,108.515,nan,99.4817,301.725,-3.80182,-1.13672,0.0870833
2.0305,116.451,116.234,106.684,110.412,99.5017,301.787,0.0826058,-0.618861,0.943561
2.031,116.205,116.491,106.081,112.191,99.4235,301.764,0.307849,-1.17952,0.893512
2.0315,116.046,115.924,105.701,110.52,99.4337,301.755,-1.4022,-1.73729,1.08021
2.032,116.033,115.309,104.722,111.524,99.5033,301.645,-1.46894,-1.09563,2.03799
2.0325,116.149,115.719,104.172,nan,99.4038,301.786,-0.717601,0.210774,0.546936
2.033,117.101,115.444,104.364,nan,99.3655,301.772,-0.135732,-1.49319,-0.92097
2.0335,118.161,116.323,105.228,nan,99.22,301.727,1.59343,-1.69265,-1.5665
2.034,119.024,115.835,105.385,111.378,99.3505,301.691,0.443491,-0.6039,-0.706027
2.0345,118.944,115.771,106.799,110.008,99.1611,301.877,1.18765,-1.80424,0.117594
2.035,119.919,115.889,107.176,107.902,99.027,301.799,2.37849,0.676208,-0.659337
2.0355,118.936,115.856,108.762,nan,98.9605,301.745,-0.578218,0.156662,-1.31263
2.036,119.466,115.316,109.914,105.942,98.9994,301.738,1.57996,2.39653,-2.2241
2.0365,117.982,114.18,111.778,105.493,98.9844,301.749,0.606746,1.4647,0.0534885
2.037,117.473,113.07,111.872,103.875,98.9497,301.812,1.55093,1.28455,-1.50385
2.0375,115.66,111.438,112.365,104.308,98.7659,301.753,1.62851,1.76327,-2.74449
2.038,114.177,110.307,113.697,105.522,98.7457,301.763,1.45452,0.176006,-0.353376
2.0385,112.839,109.736,114.187,104.449,98.7831,301.869,-0.808751,0.702619,-0.557733
2.039,112.224,107.749,114.631,105.12,98.5947,301.884,-3.8356,1.62721,-0.608286
2.0395,110.139,106.396,112.997,104.365,98.8075,301.901,-4.33868,0.317728,-0.229296
2.04,109.719,105.773,113.049,104.667,98.5108,302.014,-2.96733,0.59115,-0.694904
2.0405,108.895,105.333,114.099,106.176,98.5573,301.874,-1.17204,1.03401,-0.373828
2.041,108.637,105.52,113.979,107.009,98.6045,301.898,-1.7834,-1.00438,1.33444
2.0415,108.593,105.461,113.882,107.568,98.3311,301.996,-1.63419,-1.25571,1.01737
2.042,108.865,106.68,114.779,107.503,98.3961,301.916,-1.82204,-1.53052,0.416726
2.0425,108.345,106.456,115.926,nan,98.423,302.05,-1.99822,-1.69144,1.56094
2.043,109.071,107.241,116.66,nan,98.2036,302.033,-1.95689,-1.42622,1.55595
2.0435,109.297,108.383,116.685,nan,98.2664,301.983,-0.718288,-1.66782,0.93561
2.044,108.827,108.119,118.395,nan,98.1981,302.127,1.39607,0.0889601,1.96809
2.0445,108.903,108.736,119.318,nan,98.0585,301.989,2.46503,-1.64261,1.60101
2.045,107.808,108.085,120.296,107.324,98.0151,302.097,2.77649,-1.64959,1.16016
2.0455,107.822,108.215,120.618,nan,98.1395,302.216,3.08412,-1.48623,1.06379
2.046,106.442,108.407,120.076,108.156,98.2919,302.117,-0.281865,-1.70544,-0.332635
2.0465,105.835,106.862,119.802,108.676,98.1547,302.143,2.27405,-0.579459,-1.16978
2.047,105.624,107.18,118.65,108.938,97.943,302.189,2.75464,0.859901,-0.822163
2.0475,105.328,106.5,117.418,108.238,98.0653,302.197,2.39866,1.46226,-0.564271
2.048,104.558,107.138,116.692,111.772,98.0185,302.155,3.05145,1.61255,0.932657
2.0485,104.808,107.43,114.773,111.453,98.1244,302.185,0.902425,2.53577,0.119492
2.049,106.136,108.595,113.335,112.465,98.1007,302.24,0.785779,1.58464,0.0653594
2.0495,105.549,109.218,112.607,112.787,98.1547,302.269,-2.00569,1.18021,-0.230213
2.0495,108.55,110.2,112.622,113.422,98.0307,302.24,-3.63836,0.747366,-1.34095
2.0505,109.959,112.693,111.871,114.819,98.224,302.263,-2.94529,1.84433,-1.34934
2.051,110.455,113.94,111.494,114.254,98.0992,302.324,-1.22115,1.98625,-1.73335
2.0515,112.761,115.706,112.079,nan,98.1137,302.345,-0.0314626,1.522,-1.58942
2.052,113.608,116.354,111.629,114.207,98.1538,302.303,-1.70146,1.60033,-1.99626
2.0525,114.567,117.09,111.419,113.433,98.0921,302.312,-2.0715,1.33282,-0.383488
2.053,114.043,117.159,112.076,nan,98.1667,302.411,-3.09685,-1.43665,-0.530767
2.053,115.11,117.078,111.45,112.808,98.0505,302.361,-2.1253,-0.175471,-0.275153
2.0535,115.302,117.514,110.457,112.24,98.2479,302.268,0.522699,-2.12402,0.328051
2.0545,115.114,116.653,110.307,nan,98.1423,302.356,-0.0708069,-2.50602,1.34468
2.0545,114.958,117.2,109.543,112.222,98.2123,302.438,0.948171,-1.2786,1.34771
2.0555,114.873,116.771,108.9,112.105,98.2099,302.348,1.005,-2.54774,0.30633
2.056,113.82,116.077,107.641,nan,98.1059,302.474,1.16579,-1.58838,0.184859
2.0565,115.123,116.163,106.786,112.427,98.2848,302.488,0.386566,-2.11407,1.11592
2.057,115.361,115.675,105.554,112.831,98.2127,302.452,2.87281,-2.56073,-0.201683
2.0575,116.274,115.716,104.615,113.128,97.9466,302.402,2.8837,-1.67363,0.451898
2.058,116.942,117.243,104.048,nan,98.082,302.543,2.01549,-2.84253,1.78794
2.0585,118.065,116.657,103.92,113.501,98.0856,302.457,3.17652,0.113027,2.2093
2.059,119.08,117.69,103.998,nan,98.013,302.556,1.25987,0.517619,0.976873
2.0595,120.45,117.194,104.087,111.698,98.0854,302.544,0.691946,0.545011,1.06633
2.06,119.891,117.77,105.163,109.509,97.9906,302.463,-2.05155,0.870908,-0.347098
2.0605,121.1,117.764,106.75,nan,98.0063,302.567,-0.417566,1.32944,-0.297541
2.061,120.102,116.26,107.187,nan,97.9506,302.458,-1.77897,1.86262,-0.59249
2.0615,119.244,115.484,109.334,108.759,97.9388,302.609,-0.339234,1.85418,-0.901553
2.062,118.081,114.671,109.946,106.031,97.9583,302.615,-2.30926,3.45799,-0.331985
2.0625,117.828,113.47,110.553,nan,97.9331,302.611,-4.16046,1.34478,0.356957
2.063,115.487,112.188,110.574,105.659,97.9332,302.539,-4.34208,1.2705,0.197886
2.0635,115.086,110.437,111.51,nan,97.7877,302.577,-4.12886,1.48965,0.852384
2.064,113.537,109.135,111.598,105.2,97.7244,302.586,-1.46599,0.0760907,-0.14861
2.0645,112.031,107.934,111.95,nan,97.7745,302.564,-0.0433292,-0.695667,-1.38333
2.065,111.119,107.142,112.148,nan,97.8242,302.554,1.81413,0.102059,-2.8114
2.0655,111.012,107.218,112.036,105.534,97.8043,302.55,1.15041,-1.479,-0.385845
2.066,110.575,106.705,111.988,nan,97.7009,302.546,0.768817,-1.75693,-0.88931
2.0665,110.743,106.575,112.332,106.487,97.5518,302.565,2.28227,-0.024248,-0.430236
2.067,110.509,106.814,113.195,106.43,97.5066,302.585,0.22219,-1.25574,-0.0440373
2.0675,110.412,107.315,113.516,107.705,97.5599,302.637,2.34673,-1.51057,0.305246
2.0675,110.896,107.329,114.466,nan,97.5657,302.604,3.78097,-1.97175,0.569213
2.0685,110.082,108.263,115.121,106.889,97.5229,302.584,0.876261,-2.02576,-0.213912
2.069,110.604,108.39,116.609,nan,97.5553,302.528,2.46042,-2.21281,0.20304
2.0695,109.716,107.552,117.986,105.839,97.6011,302.575,-0.316713,-0.166977,-0.173254
2.07,108.444,107.511,118.081,107.061,97.702,302.647,1.52802,-0.324627,-0.387718
2.0705,107.524,107.08,120.362,nan,97.5875,302.576,-1.49,0.588243,0.443436
2.071,106.766,106.971,119.971,106.337,97.694,302.596,0.488721,0.312818,1.50618
2.0715,105.14,105.827,120.416,106.481,97.6291,302.59,-0.317746,1.91998,2.13139
2.072,105.599,105.583,118.969,nan,97.6316,302.59,-2.89462,0.965627,1.69265
2.0725,104.82,105.14,119.354,107.386,97.7498,302.649,-1.30612,2.53673,1.57377
2.073,103.707,105.295,118.005,107.093,97.801,302.577,-2.87819,1.94189,0.704573
2.073,104.233,105.886,117.441,107.68,97.7685,302.529,-2.08362,2.81194,0.802443
2.074,105.489,108.248,115.977,nan,97.9504,302.614,-4.4013,2.54936,0.306474
2.0745,105.814,108.502,115.019,109.841,97.926,302.466,-1.21681,1.69844,0.65172
2.075,106.354,109.514,113.931,110.777,97.9718,302.504,-0.827158,1.64152,0.151404
2.0755,107.165,110.908,114.52,111.699,98.0209,302.479,0.0198861,0.404995,0.344172
2.0755,108.697,111.614,113.296,113.261,97.94,302.464,-0.809993,1.62933,0.81213
2.0765,111.101,113.126,112.957,114.277,98.1161,302.523,0.427837,-0.0887769,-0.243793
2.077,111.795,114.886,112.769,113.138,98.2673,302.565,1.14765,0.789403,-0.880358
2.0775,111.928,115.394,113.422,113.856,98.3618,302.508,-0.131074,0.321417,-0.749826
2.078,113.289,116.307,114.221,nan,98.274,302.523,3.36199,0.250379,-1.82804
2.0785,113.113,116.073,113.519,113.757,98.58,302.498,3.05966,-2.085,-1.22571
2.079,113.047,116.24,112.997,nan,98.5093,302.46,2.16221,-2.37746,-1.16067
2.0795,113.047,115.865,112.891,112.594,98.637,302.418,2.01307,-4.3605,-1.91736
2.08,112.992,115.763,111.968,nan,98.5759,302.34,-0.322883,-1.94261,-2.19341
2.0805,113.882,115.471,111.214,112.745,98.5949,302.44,-0.277278,-1.8755,-0.20924
2.081,112.98,115.652,109.852,112.199,98.8155,302.38,0.351521,-1.08008,-1.49924
2.0815,113.619,115.096,109.482,112.099,98.7159,302.36,1.34805,1.0712,0.708513
2.082,115.009,115.503,108.505,113.364,98.8552,302.483,1.51514,-1.79609,-0.480279
2.0825,115.985,115.805,106.245,nan,98.7633,302.323,-1.61294,-0.790222,-0.603358
2.083,116.032,116.697,105.003,114.591,98.9468,302.357,-2.06324,-0.662053,0.345867
2.0835,118.452,117.567,104.761,114.037,98.9929,302.386,-2.0834,-0.844359,-0.652934
2.084,119.172,118.057,104.337,113.398,98.8263,302.344,-3.29837,1.4337,2.68738
2.0845,119.062,117.752,104.681,114.605,98.987,302.237,-3.09725,2.18673,1.73241
2.0845,121.127,118.492,104.374,113.584,98.8502,302.342,-3.20333,1.01902,1.76542
2.0855,120.116,118.486,105.137,112.508,99.078,302.25,-2.56747,3.45997,0.93652
2.086,120.976,118.152,106.028,113.357,98.8283,302.305,0.00504442,1.83455,1.2609
2.0865,119.789,117.266,106.875,111.433,99.0258,302.23,-0.0615689,1.11777,0.890144
2.087,118.756,116.312,108.016,110.059,99.0822,302.211,1.18417,0.587379,0.986778
2.0875,118.815,115.539,108.858,109.677,98.8794,302.108,-1.14983,0.906637,0.035269
2.088,117.447,114.026,109.47,109.034,99.0529,302.05,2.10159,-0.0829991,-0.11463
2.0885,116.014,112.97,108.964,nan,98.9919,302.119,2.85935,0.176006,1.71737
2.089,114.987,110.503,110.129,nan,98.842,302.129,3.41399,-1.33077,0.32583
2.0895,113.902,109.678,110.001,107.146,99.0347,302.081,3.91471,0.695233,-0.00798725
2.09,113.115,108.812,109.029,nan,98.9424,301.997,2.3325,-0.42166,-0.764584
2.0905,112.32,109.221,109.711,105.342,99.0805,302.03,0.863987,-0.39134,-1.42091
2.091,112.794,108.893,109.331,106.211,98.9219,301.968,0.884396,-0.684425,0.451832
2.0915,112.53,108.397,109.649,106.647,98.9158,302.074,0.79642,-3.3115,-1.87349
2.0915,112.486,108.562,109.537,106.326,98.9258,302,2.6634,-0.92261,-2.66098
2.0925,112.412,109.073,110.928,107.965,98.9592,302.019,0.388914,-2.02918,-1.22779
2.093,112.482,109.618,111.741,nan,98.8166,302.011,-1.8189,0.294581,-1.22374
2.093,111.723,109.704,112.989,nan,98.9091,301.884,-2.72874,-1.41532,-1.81069
2.094,111.73,108.636,114.064,nan,98.9126,301.966,-1.98182,-0.413481,-1.55854
2.0945,110.684,108.826,115.435,105.66,98.989,301.863,-3.00858,-0.100339,-0.95805
2.095,110.623,107.784,116.79,nan,98.9999,301.873,-3.21293,0.748791,-1.19674
2.095,108.509,107.74,118.259,105.783,98.8347,301.854,-1.49768,0.812476,-0.249033
2.096,107.459,107.336,118.717,nan,98.9954,301.815,-0.602486,2.52272,-0.954703
2.0965,106.434,105.778,119.7,104.753,98.8635,301.876,-1.32585,1.99309,-0.0349963
2.097,105.7,105.217,119.143,105.741,98.9226,301.789,-0.516575,3.24047,0.198444
2.0975,104.772,103.627,119.888,104.756,99.2616,301.841,-1.22929,2.15331,0.332879
2.098,104.146,104.865,119.115,nan,99.168,301.825,-1.10854,0.757546,0.613119
2.0985,104.989,104.318,119.232,107.015,98.9884,301.637,1.97172,1.4158,2.16206
2.099,104.421,105.464,118.01,106.236,99.1274,301.729,3.01629,0.421856,2.2357
2.099,105.241,107.05,116.633,108.675,99.176,301.737,3.45249,0.00795107,2.45184
2.1,107.182,107.301,116.424,108.664,99.2809,301.705,3.5801,1.62652,1.13533
2.1005,106.759,110.2,115.458,110.025,99.1679,301.689,1.29199,0.28158,1.53278
2.101,108.647,110.382,115.694,nan,99.3058,301.63,1.29222,-1.94915,0.00176605
2.1015,109.463,112.123,115.045,111.777,99.204,301.581,1.25185,-1.27741,2.10987
2.102,109.587,112.609,114.968,nan,99.3605,301.666,2.67505,-1.73207,0.217162
2.1025,110.498,113.848,115.153,113.052,99.249,301.719,1.88984,-2.39794,1.91187
2.103,111.477,113.81,114.884,112.085,99.3115,301.665,0.821933,-1.57866,-0.215071
2.1035,110.671,114.229,115.549,112.015,99.5319,301.54,1.2291,-1.42201,0.475224
2.104,111.18,113.335,115.439,112.236,99.4048,301.576,-2.15214,-1.46946,0.871291
2.1045,111.556,114.533,115.385,nan,99.5763,301.489,-3.59521,-1.32457,-0.726997
2.105,111.009,114.297,115.349,nan,99.4533,301.639,-2.7161,-1.81181,-1.94833
2.1055,111.294,113.835,113.663,112.054,99.4853,301.574,-0.69172,-0.75644,-1.20868
2.106,111.196,113.958,113.093,111.649,99.5497,301.475,-0.395239,0.0286289,-0.172588
2.1065,111.775,113.963,112.504,112.273,99.5397,301.51,-1.48128,-1.11766,-0.991985
2.107,112.621,114.642,110.432,112.398,99.467,301.435,-3.51553,-0.423961,-0.804251
2.1075,113.823,115.765,108.933,113.055,99.6133,301.432,-2.52347,0.723258,-0.659202
2.108,115.505,116.662,107.834,113.572,99.6236,301.464,-2.16755,1.72508,-1.71659
2.1085,116.623,117.75,107.096,113.709,99.6037,301.467,-1.14395,2.37107,0.543746
2.109,118.721,118.771,105.762,114.294,99.6918,301.458,1.13169,0.658712,-0.278341
2.1095,119.273,119.388,105.666,113.895,99.4912,301.365,1.2078,0.539163,-1.69906
2.11,120.031,119.57,104.58,114.021,99.6544,301.478,3.12727,1.22849,-0.446561
2.1105,121.375,119.627,105.695,115.193,99.6092,301.552,2.52188,1.59092,0.329201
2.111,120.528,119.128,105.422,nan,99.6329,301.303,1.88014,-0.987992,0.976418
2.1115,119.988,119.063,106.407,113.646,99.4556,301.415,0.600224,2.21378,-0.746427
2.112,119.805,117.342,107.261,113.705,99.5457,301.386,0.988582,1.54258,1.3576
2.1125,118.453,116.161,107.232,112.575,99.4899,301.378,1.68582,-1.61457,1.71844
2.113,118.147,115.343,108.876,nan,99.3645,301.345,2.04455,-1.00518,0.247484
2.1135,117.501,113.375,108.552,nan,99.3647,301.362,2.28931,-1.50636,0.755624
2.114,116.286,112.666,108.473,109.492,99.1931,301.367,0.240814,-0.482779,0.0942989
2.1145,115.112,111.238,109.312,108.789,99.2591,301.348,-3.06425,-1.41022,1.32395
2.115,114.712,110.799,108.766,nan,99.3639,301.318,-3.4414,-1.04399,1.96438
2.1155,114.703,112.096,109.115,108.549,99.2364,301.385,-1.40584,-1.91087,2.18071
2.116,114.932,109.86,107.957,108.674,99.0675,301.333,-1.2203,-1.02102,0.560601
2.1165,114.355,110.893,107.25,108.231,99.016,301.406,-2.29876,-2.01409,-0.291202
2.117,114.479,110.345,107.97,107.326,98.9278,301.351,-1.35295,-2.0747,1.25065
2.1175,115.179,110.204,107.367,nan,98.97,301.214,-2.72534,-1.46779,-0.56683
2.118,114.735,110.047,109.039,108.055,98.8854,301.246,-2.30486,-0.774837,-0.952464
2.1185,114.467,110.685,109.622,nan,98.8476,301.343,-2.70234,-0.311603,-2.43786
2.119,113.917,109.874,109.783,108.552,98.6448,301.153,-1.54464,0.470279,0.0206871
2.1195,112.49,109.38,112.042,107.788,98.7678,301.335,2.62406,2.21171,-1.25765
2.12,111.589,109.181,113.164,108.526,98.6909,301.216,1.32072,2.08073,-0.153018
2.12,110.747,106.999,114.212,107.45,98.5439,301.373,2.19103,-0.20167,-1.14291
2.121,108.814,105.668,115.893,107.39,98.483,301.297,2.08014,1.5921,-0.333474
2.1215,107.414,105.613,116.993,nan,98.504,301.362,2.05167,0.49817,-1.05125
2.122,106.403,105.329,118.156,nan,98.5398,301.256,0.773563,2.08023,-1.19667
2.1225,105.494,104.347,118.15,105.281,98.6532,301.363,2.33163,1.0012,-1.88554
2.123,105.792,104.678,119.159,105.297,98.4393,301.258,3.72425,0.916494,-0.441146
2.1235,104.181,104.778,119.358,103.533,98.4565,301.258,3.85807,1.62802,-0.272269
2.124,104.739,105.026,118.268,104.38,98.3757,301.287,-0.297285,0.268797,-1.3896
2.1245,106.009,105.451,117.138,106.222,98.5293,301.262,1.40719,-0.64611,0.547173
2.125,105.911,106.889,116.908,106.106,98.3306,301.271,-1.49013,-0.672323,-0.0504782
2.1255,106.914,108.474,116.416,105.737,98.4008,301.235,-1.38783,-0.549968,0.347993
2.126,107.025,109.401,115.695,105.779,98.346,301.249,-1.63038,-0.891941,1.21211
2.1265,108.82,110.268,115.778,108.265,98.2879,301.309,-2.17649,0.0426589,0.759953
2.127,109.387,111.304,116.465,109.339,98.1953,301.285,-1.44499,-1.95012,1.97979
2.1275,109.752,111.783,115.819,110.597,98.2781,301.305,-1.64017,-2.18177,1.64845
2.128,109.491,112.497,116.856,111.47,98.3712,301.262,-3.97279,-1.68502,1.82021
2.1285,109.684,112.239,116.751,nan,98.2542,301.361,-3.14213,-2.37119,1.649
2.129,109.342,112.981,116.735,nan,98.3079,301.306,-1.78576,-2.17715,2.27795
2.1295,109.539,112.42,117.16,nan,98.398,301.296,-0.353034,0.032981,1.14444
2.13,109.072,112.293,117.53,112.024,98.365,301.272,-1.58678,1.47032,2.03559
2.1305,109.479,111.589,116.717,nan,98.3635,301.315,0.646345,0.307172,0.315061
2.131,108.927,111.709,115.78,nan,98.3792,301.329,0.083034,1.45693,-0.461791
2.1315,109.984,112.999,114.901,nan,98.2862,301.384,1.18287,0.687911,-0.479511
2.132,109.878,113.639,113.305,110.998,98.3387,301.392,-0.393164,1.72463,-0.966552
2.1325,112.218,115.537,112.378,111.752,98.3021,301.273,2.0408,1.56698,-0.615319
2.133,114.004,115.564,111.207,nan,98.3797,301.319,1.12743,0.866733,-2.09281
2.1335,115.06,116.6,109.845,112.294,98.449,301.334,3.142,1.33078,0.554209
2.134,117.591,118.351,108.942,113.331,98.2003,301.34,2.08878,2.01538,-0.412078
2.1345,117.475,118.091,107.497,112.762,98.2559,301.264,3.1494,3.26565,-0.8387
2.135,118.757,119.519,105.654,113.856,98.3217,301.332,-0.323995,1.5739,-0.41868
2.1355,119.178,119.214,106.407,114.948,98.524,301.344,0.764143,2.04542,-1.52835
2.136,119.641,118.495,105.659,115.064,98.1878,301.344,1.25555,-0.103722,-2.45077
2.1365,119.575,118.406,106.288,113.768,98.2351,301.343,0.0879269,0.384699,-2.35901
2.137,118.762,118.283,106.557,114.957,98.28,301.31,-0.394598,-0.626363,-0.226048
2.1375,118.346,117.347,107.523,114.153,98.2559,301.283,-3.15771,-1.67779,0.514753
2.138,118.86,116.15,107.725,114.243,98.0613,301.289,-2.53108,-1.73523,0.175984
2.1385,117.157,114.801,107.862,113.542,98.0844,301.301,-3.82446,-2.50608,0.865875
2.139,116.998,114.209,108.22,nan,98.1073,301.344,-1.40283,-2.68189,0.45631
2.1395,115.616,113.51,107.469,nan,98.048,301.414,-1.97833,-2.06152,0.0135297
2.14,115.844,112.866,107.457,111.289,97.9866,301.321,-0.335291,-1.88234,0.284333
2.1405,116.084,113.175,107.709,111.547,98.0223,301.305,-2.76013,-1.63719,0.674885
2.141,115.936,112.802,107.742,nan,97.7992,301.325,-1.60388,1.58792,0.180187
2.1415,116.045,112.075,106.31,nan,97.9079,301.287,-1.81824,-0.208099,0.696223
2.142,116.437,112.258,106.774,108.696,98.0186,301.228,0.887883,1.66015,2.22567
2.1425,116.681,112.169,106.065,108.896,97.801,301.311,1.5049,1.48022,0.76328
2.143,116.969,112.485,106.85,108.667,97.8292,301.296,1.92376,0.665629,3.04556
2.143,116.797,112.508,106.398,108.629,97.7179,301.36,2.79798,0.880444,-0.146479
2.144,115.095,112.145,107.853,108.221,97.7173,301.284,1.90394,1.91931,1.48722
2.1445,113.818,110.755,109.372,109.14,97.7264,301.332,2.29209,1.94086,-0.0597503
2.145,113.35,109.402,109.754,108.745,97.6701,301.308,0.555462,2.90924,-1.33745
2.1455,111.99,108.039,111.703,108.162,97.7541,301.262,1.57998,3.06495,0.711037
2.146,110.761,106.595,112.765,nan,97.5073,301.298,0.801908,-0.0538885,-0.446809
2.1465,109.422,106.794,114.365,108.627,97.6682,301.286,0.337936,1.24696,0.825637
2.147,107.375,105.021,115.764,106.255,97.4474,301.255,1.49964,-0.541005,-0.544734
2.1475,107.455,104.288,116.33,106.258,97.7393,301.193,1.19161,0.451831,0.519975
2.148,105.982,104.894,116.721,105.571,97.5508,301.254,-1.24379,-0.260245,-0.977493
2.1485,104.787,103.957,117.279,nan,97.3762,301.2,-1.86494,-0.243636,-0.753469
2.1485,105.93,104.568,116.85,105.004,97.5818,301.189,-2.55349,-1.07338,-1.8416
2.1495,105.952,105.463,116.761,102.925,97.4845,301.216,-2.21739,-0.432682,-1.00075
2.15,106.475,105.454,116.258,103.991,97.5271,301.166,-1.99732,-1.30771,-0.487957
2.1505,106.315,106.644,116.308,nan,97.6735,301.187,0.0218748,-1.47134,-0.961904
2.151,107.47,109.455,115.625,105.595,97.5107,301.205,1.22368,-2.47008,-0.338763
2.1515,108.173,109.178,115.468,nan,97.6599,301.105,-0.206058,-2.50219,0.415407
2.152,108.372,108.936,115.552,nan,97.61,301.099,-1.40037,-1.00726,-1.49579
2.1525,108.836,109.948,115.76,nan,97.7201,301.154,-2.27781,-0.980756,0.0643708
2.153,108.973,110.372,116.875,107.264,97.8826,301.156,1.05637,0.152383,-0.582504
2.1535,108.818,110.699,117.667,nan,97.8369,301.102,-0.0965147,0.992388,0.059483
2.154,108.349,110.35,117.784,108.521,97.8096,301.124,3.76883,0.223479,1.83478
2.1545,107.426,109.824,117.831,109.46,97.949,301.072,3.55417,0.641151,0.351262
2.155,107.989,110.269,117.965,109.644,97.9451,301.041,4.26523,-0.220362,0.929974
2.1555,107.388,110.852,118.446,nan,97.9419,301.106,-1.48277,0.00544843,0.880637
2.156,107.941,110.542,118.158,nan,98.0024,300.916,1.61417,1.53064,1.01853
2.1565,108.124,110.961,117.687,109.505,98.0534,301.089,0.969076,2.95909,2.63968
2.157,108.618,111.885,116.684,109.623,98.104,301.07,2.20224,3.14626,0.76141
2.1575,109.514,112.524,115.714,110.601,98.0776,300.985,1.79028,1.73867,0.158237
2.158,111.999,115.192,113.764,109.979,98.3272,300.954,2.5048,1.78627,0.724816
2.1585,113.187,116.125,113.441,110.409,98.3561,300.975,-0.657813,0.00238414,-0.156681
2.159,114.978,117.174,110.826,nan,98.399,300.95,-3.18124,0.360356,0.422256
2.1595,116.706,118.304,109.873,nan,98.3624,300.928,-3.77526,0.789116,0.386518
2.16,116.785,119.478,108.937,112.09,98.4491,300.932,-2.32366,-0.078618,0.775548
2.1605,117.448,119.231,107.981,112.9,98.439,300.897,-0.274388,-0.0900109,0.0292818
2.161,118.694,118.888,107.026,nan,98.606,300.899,-1.54479,-1.1696,-0.572626
2.1615,118.797,119.541,108.221,nan,98.5108,300.834,-1.76771,-1.58426,-0.926091
2.162,118.305,117.598,109.291,115.287,98.4996,300.784,0.212868,-1.77392,-1.10913
2.1625,117.778,117.577,108.573,nan,98.7466,300.867,-2.06992,-1.72045,-1.01675
2.163,116.822,117.301,107.639,115.298,98.6605,300.779,-1.77442,-1.25965,-1.96042
2.1635,116.962,116.58,108.598,114.002,98.557,300.8,-0.122808,-1.03377,-3.12483
2.164,116.315,115.186,108.559,nan,98.635,300.814,1.55058,-1.97777,-1.88335
2.1645,116.62,114.612,109.034,113.495,98.6348,300.759,1.00356,0.977807,-1.61933
2.165,116.868,114.243,108.271,112.49,98.8231,300.78,2.319,-0.279201,0.220199
2.1655,116.479,114.049,107.622,113.586,98.8105,300.654,2.93816,-1.89581,0.587256
2.166,117.279,114.142,106.731,111.651,98.7655,300.673,2.47396,0.412267,0.35716
2.1665,117.649,114.871,106.529,nan,98.7288,300.774,1.90813,-0.464009,-2.70583
2.167,118.297,114.646,105.563,nan,98.6357,300.608,1.01764,1.55388,-0.0781102
2.1675,118.935,115.171,105.331,nan,98.6612,300.677,0.328792,2.90146,-0.556414
2.168,118.618,114.568,105.126,110.518,98.7997,300.711,1.27428,2.09192,0.405753
2.1685,118.372,113.799,105.043,nan,98.756,300.566,2.23602,3.11241,0.0582201
2.169,117.789,113.158,105.418,nan,98.7359,300.556,-1.4856,2.417,1.31801
2.1695,116.316,113.181,106.054,nan,98.7177,300.545,-1.70933,1.39297,1.72936
2.17,115.236,110.889,107.215,nan,98.7997,300.567,-3.08708,0.177202,0.534997
2.1705,113.922,110.221,107.962,nan,98.7403,300.637,-1.87754,0.991208,2.05751
2.171,112.743,108.069,109.025,111.059,98.7997,300.546,-2.29996,1.91096,0.465297
2.1715,111.249,107.389,111.231,109.104,98.6059,300.49,-0.178917,1.33102,-0.739402
2.172,110.295,105.939,112.903,nan,98.5898,300.459,-0.789139,1.27325,1.16362
2.1725,107.784,105.099,113.553,108.401,98.6667,300.367,-0.634446,-0.242302,1.88504
2.173,107.438,104.459,114.258,nan,98.8143,300.428,-2.52781,-0.459408,0.415416
2.1735,106.296,104.393,115.159,106.597,98.8727,300.465,-0.627977,-1.57659,0.5109
2.174,106.68,104.981,114.989,105.9,98.6175,300.417,-0.647687,-2.07178,0.784826
2.1745,106.373,105.97,115.038,105.054,98.6911,300.415,-0.573962,-2.54231,-0.0772093
2.175,107.88,106.266,115.157,104.713,98.777,300.366,1.02276,-1.21525,-0.0360511
2.1755,108.11,106.528,115.181,104.438,98.8849,300.32,1.80732,0.102952,-0.551015
2.176,107.712,107.805,114.97,103.855,98.7932,300.389,1.76534,-0.888383,-2.21587
2.1765,108.537,107.256,115.455,105.283,98.8847,300.328,1.02645,0.00351774,-1.43918
2.1765,108.747,108.671,114.931,104.606,99.0242,300.272,2.0641,-2.18025,-1.89302
2.1775,108.987,109.835,114.801,105.338,98.8644,300.291,1.62055,-1.06992,0.390819
2.178,108.227,108.009,115.532,nan,98.9819,300.342,4.36802,0.468267,0.12281
2.1785,107.407,108.714,116.401,107.159,99.0561,300.252,1.65905,1.88625,-1.86373
2.179,106.731,109.037,117.383,107.809,99.1731,300.273,-0.275583,2.43374,-0.712908
2.1795,106.496,109.211,117.77,nan,99.054,300.314,-0.743984,1.36126,-1.9719
2.18,105.987,108.893,119.181,108.428,99.1492,300.332,-2.28979,0.653257,-1.91019
2.1805,105.546,108.356,119.654,108.873,99.3556,300.281,-2.60467,0.371404,-1.98211
2.181,105.452,109.6,119.308,108.91,99.2629,300.185,-2.45566,0.832297,0.0781168
2.1815,106.982,110.276,119.961,nan,99.2582,300.233,-0.476952,1.87985,0.333916
2.182,107.173,110.501,118.921,nan,99.3361,300.22,-1.71286,0.434102,0.135377
2.1825,108.595,111.891,117.748,108.374,99.4169,300.197,-1.2991,1.47241,0.887165
2.183,110.484,112.868,116.803,nan,99.5258,300.208,-2.8879,0.983245,2.31277
2.1835,111.663,114.513,115.445,108.346,99.5024,300.236,-3.00021,-0.377027,1.90775
2.184,113.664,116.518,114.784,nan,99.742,300.296,-1.85148,0.487563,0.899693
2.1845,114.075,116.639,112.798,nan,99.5529,300.248,0.731283,-1.59023,0.941673
2.185,115.966,118.448,112.375,nan,99.6886,300.214,2.13977,-2.43318,-0.35169
2.1855,115.885,118.64,111.082,109.789,99.5186,300.181,2.43365,0.650925,0.638944
2.186,116.273,118.826,110.219,nan,99.5567,300.15,0.514269,-0.74878,1.49162
2.1865,116.616,118.29,110.031,nan,99.7027,300.22,0.899298,-1.28921,0.839899
2.187,117.003,118.421,109.577,112.764,99.6817,300.093,0.322675,0.260502,0.900661
2.1875,116.418,117.474,109.514,nan,99.6129,300.275,3.37935,-2.84876,0.593745
2.188,115.82,116.795,109.287,115.021,99.8962,300.215,3.37809,-1.41334,1.03235
2.1885,116.648,115.607,110.316,nan,99.6481,300.192,1.97086,-1.88403,-0.990769
2.189,115.64,115.759,110.974,114.606,99.6093,300.174,1.86301,0.624407,-1.21508
2.1895,116.093,115.278,109.418,114.837,99.853,300.148,-0.824427,0.0288889,-1.0313
2.19,116.567,115.667,109.5,114.732,99.7197,300.22,-0.354717,0.597094,-1.17204
2.1905,116.784,115.458,109.673,nan,99.6689,300.088,-4.18229,1.28195,-0.81203
2.191,117.794,115.6,108.973,113.543,99.6609,300.231,-1.29057,1.45829,-0.629591
2.1915,118.608,115.707,107.956,113.415,99.6626,300.28,-0.0107901,0.999538,-0.435628
2.192,118.95,115.921,106.334,112.335,99.3856,300.309,-1.44828,1.29056,-1.48152
2.192,119.894,115.984,106.055,nan,99.4299,300.176,-0.801749,0.916966,-1.08205
2.193,119.404,116.439,104.825,111.698,99.4262,300.189,-2.88161,3.10894,-0.439801
2.193,119.056,115.173,103.935,110.931,99.4994,300.213,-3.23656,2.83318,-2.21606
2.1935,119.057,114.455,104.368,nan,99.5186,300.184,-1.24218,1.29762,-0.485154
2.1945,117.679,114.141,104.662,110.599,99.3226,300.182,-1.0889,1.63782,-1.17289
2.195,117.047,113.363,105.692,111.642,99.2343,300.246,0.248694,-0.707258,1.33017
2.1955,115.441,111.522,105.757,111.404,99.2295,300.216,0.947045,0.0707409,-0.31698
2.196,113.787,109.878,106.769,nan,99.2052,300.367,-0.28389,-0.886075,1.66503
2.1965,112.752,109.434,108.542,111.283,99.2174,300.269,0.126015,-0.820516,-0.0295086
2.197,111.409,107.535,109.931,110.322,99.218,300.211,-0.381876,-0.472396,1.68316
2.1975,108.864,106.275,111.577,110.576,98.8952,300.218,1.33693,-0.13672,1.43578
2.198,109.185,105.996,112.055,nan,99.0528,300.329,2.466,-0.405592,1.22263
2.1985,108.911,106.095,112.482,nan,98.9881,300.326,3.12749,-0.474099,0.302834
2.199,108.884,105.614,113.216,108.817,98.98,300.339,4.4107,-1.798,0.496779
2.1995,108.504,106.417,114.656,107.34,98.8392,300.34,2.23436,-2.62106,1.1246
2.2,108.44,106.444,112.747,107.219,98.9797,300.386,0.812348,-2.1435,1.90468
2.2,109.188,107.183,113.462,nan,98.6983,300.403,-0.95854,-2.17626,2.34282
2.201,109.563,107.748,114.086,105.82,98.7425,300.389,0.773097,0.701923,0.177655
2.2015,108.4,107.002,113.421,103.677,98.782,300.435,-0.790822,0.162421,0.84907
2.202,108.4,108.666,113.105,105.335,98.7748,300.351,-1.47663,1.05082,-0.660712
2.2025,108.323,108.381,113.557,104.342,98.7288,300.455,-0.613529,-0.567023,-0.64039
2.203,106.826,108.112,114.673,104.725,98.5029,300.448,-1.4524,0.731777,0.876457
2.2035,106.865,107.669,114.724,105.231,98.5885,300.456,-3.43043,2.0384,-0.681578
2.204,106.628,107.117,116.164,nan,98.5117,300.448,-3.15452,1.66395,-0.148738
2.2045,105.086,107.429,117.114,106.75,98.6681,300.529,-3.33928,2.05567,-0.373927
2.205,105.025,106.72,118.385,107.33,98.6462,300.507,-2.2635,2.62962,-1.11507
2.205,104.319,107.142,119.353,107.031,98.6236,300.512,-0.483314,3.51506,-0.418145
2.206,104.946,106.489,120.047,107.207,98.5773,300.605,0.964775,1.49063,-0.563478
2.2065,105.504,108.667,120.201,nan,98.4716,300.478,0.605517,0.297624,-2.33941
2.207,106.608,108.967,120.428,107.395,98.6491,300.521,-0.304151,-0.334228,-2.36771
2.2075,107.232,110.251,119.766,nan,98.7452,300.633,0.219209,0.353085,-2.58
2.208,108.992,111.135,118.752,nan,98.4795,300.527,2.03625,-0.413385,-1.51024
2.2085,110.169,112.637,118.129,107.747,98.5928,300.598,1.4261,0.24813,-0.67855
2.209,111.224,114.542,117.273,106.921,98.599,300.661,2.30254,-1.48401,0.292259
2.2095,113.318,114.257,116.22,107.62,98.5586,300.724,3.61856,-1.404,-0.271884
2.21,113.495,117.001,115.415,nan,98.7304,300.772,2.31279,-1.66726,0.454539
2.2105,114.571,116.807,113.469,108.105,98.724,300.705,0.78388,-3.01367,1.36889
2.211,115.977,117.066,112.358,108.444,98.5605,300.734,0.681175,-2.39519,0.389207
2.2115,115.497,117.38,111.762,nan,98.5408,300.713,0.332602,-1.69455,-0.584124
2.212,114.764,117.877,111.919,nan,98.6142,300.782,-0.459108,-2.07809,0.800684
2.2125,115.096,116.809,110.874,nan,98.5944,300.731,1.42049,-0.056442,1.4866
2.213,114.6,116.725,111.13,111.764,98.6165,300.756,-1.54559,-0.964763,2.25141
2.2135,114.724,115.404,111.877,nan,98.5392,300.79,-1.91675,0.38039,1.00812
2.214,114.285,115.43,111.935,nan,98.4584,300.848,-3.32235,0.849049,1.81496
2.2145,115.363,115.977,111.102,114.39,98.4539,300.804,-4.79212,0.675748,1.99797
2.215,115.213,115.321,111.7,nan,98.5,300.835,-2.28016,2.40788,0.169113
2.2155,116.81,115.062,110.959,114.488,98.5759,300.857,-2.02464,1.53696,1.45603
2.216,117.734,116.292,110.476,nan,98.3965,300.997,-1.12618,2.07999,0.278012
2.2165,118.883,116.902,109.641,nan,98.4627,300.935,-1.04358,2.69176,0.15827
2.217,120.327,117.372,108.053,113.243,98.3813,300.987,-1.0816,1.84817,0.508584
2.2175,119.364,117.983,106.976,nan,98.2527,300.885,-0.905023,2.25759,-0.416748
2.218,119.923,117.927,106.081,113.587,98.2376,300.971,-0.669386,0.448804,-0.779924
2.2185,120.007,117.154,104.545,112.832,98.1975,301.125,3.34051,1.06878,-0.229834
2.219,119.798,116.875,104.557,112.703,98.2644,300.997,3.14907,-1.41397,-0.271622
2.2195,119.645,115.61,103.396,nan,98.2615,300.969,3.93531,0.0248348,-2.3616
2.22,118.066,114.463,104.536,112.266,98.0308,301.043,3.28283,0.326378,-1.11207
2.22,116.679,112.631,104.722,112.375,98.0668,301.036,2.13533,0.416384,-2.83555
2.221,115.072,111.829,104.948,112.987,98.0241,300.991,0.412559,-0.0145651,-0.97302
2.2215,113.928,110.051,106.179,112.55,97.8956,301.174,2.26746,-2.65399,-0.641999
2.222,112.794,109.479,107.042,113.106,97.826,301.071,-0.319632,-3.26224,-0.855687
2.2225,111.948,107.482,108.529,112.651,97.8377,301.094,1.68202,-3.23699,1.1683
2.223,110.682,107.868,109.922,nan,97.87,301.084,1.68629,-2.92521,-0.0438969
2.2235,110.828,106.63,110.175,111.488,97.85,301.101,-1.40844,-1.17802,-0.0345199
2.224,110.927,107.243,111.03,111.848,97.7999,301.231,-3.74518,-0.572125,0.548217
2.2245,110.848,106.809,111.821,110.53,97.7512,301.249,-2.98829,0.10624,-0.176915
2.225,110.279,107.197,111.471,nan,97.5677,301.181,-2.67401,-0.542866,0.525469
2.2255,111.228,108.18,111.91,nan,97.4944,301.232,-3.22835,0.568972,-0.106343
2.226,111.185,107.498,111.152,nan,97.5447,301.176,-1.06065,0.583936,0.921226
2.2265,110.743,108.631,111.297,106.819,97.5044,301.211,-1.77657,-0.116568,1.11037
2.227,109.634,109.021,111.767,106.542,97.4823,301.185,-0.978495,0.25864,1.44723
2.2275,108.818,108.168,112.153,106.255,97.76,301.187,-2.35898,0.857158,1.83331
2.228,108.535,106.795,111.614,104.734,97.4685,301.251,-1.05994,0.923135,0.82647
2.2285,107.043,107.099,112.785,105.345,97.4869,301.259,-1.67414,1.76954,-0.515786
2.229,105.845,106.212,114.312,105.598,97.5185,301.256,1.70508,2.36493,0.718574
2.2295,105.807,105.819,115.054,nan,97.5638,301.193,2.02952,-0.0817913,-0.138243
2.23,105.051,105.433,115.803,105.128,97.6401,301.197,2.87047,0.579795,-0.691455
2.2305,104.481,105.834,117.499,nan,97.5584,301.178,0.187718,1.39359,-0.497597
2.231,104.674,106.383,118.234,nan,97.6681,301.284,1.55036,1.59132,-0.39652
2.2315,104.811,106.474,119.857,nan,97.7291,301.357,2.35081,0.849764,-1.16458
2.232,104.627,107.873,119.574,nan,97.5723,301.37,0.510844,-1.11952,0.0566252
2.2325,106.582,108.329,119.695,nan,97.6477,301.18,1.34359,-0.694429,-0.475818
2.233,107.352,110.858,120.029,nan,97.7166,301.288,1.4795,-3.16247,-0.579224
2.2335,108.783,110.95,119.493,105.806,97.6762,301.244,0.352302,-3.54479,-1.67069
2.234,110.523,112.257,118.742,106.405,97.8816,301.312,0.750673,-3.24439,-1.63025
2.2345,111.183,113.733,117.46,106.714,97.9641,301.252,-1.75991,-0.782569,-1.11923
2.235,112.569,115.145,117.107,106.408,97.8456,301.375,-2.80267,-1.57882,0.0167842
2.2355,112.578,115.852,115.762,105.467,97.9704,301.317,-1.45506,-2.37625,-0.447119
2.236,112.768,115.16,114.528,nan,98.0652,301.32,-0.0161726,-0.507717,0.255721
2.2365,112.774,115.954,115.566,nan,98.0154,301.336,-1.09515,-1.49977,-0.773489
2.237,112.996,115.892,114.098,108.314,98.0636,301.403,-0.741912,-1.07034,0.195782
2.2375,112.267,116.525,113.452,107.725,98.0358,301.233,-2.92061,-0.770496,-1.27066
2.238,112.909,115.142,113.986,nan,98.1034,301.314,-1.86794,0.908071,0.0266014
2.2385,112.986,114.553,113.328,110.378,98.2834,301.406,-1.70639,3.17268,-0.393537
2.239,113.128,114.459,114.294,nan,98.3004,301.361,0.739222,2.72074,0.679947
2.2395,112.986,115.27,114.408,111.836,98.4203,301.378,1.543,0.883465,1.13891
2.24,113.843,115.982,113.999,112.709,98.2904,301.347,2.69297,1.30701,2.18362
2.2405,116.071,116.464,113.732,nan,98.3824,301.326,2.48264,0.957272,2.08379
2.241,116.531,117.039,113.165,114.576,98.3457,301.386,2.38666,0.933016,1.60012
2.2415,118.685,117.455,112.666,113.551,98.3707,301.421,1.7059,1.6853,1.9521
2.242,118.886,118.357,112.152,114.001,98.5744,301.273,-0.00725612,0.432293,0.55262
2.2425,120.197,118.784,108.5,nan,98.3931,301.368,1.46576,0.145039,1.4509
2.243,119.988,119.894,108.424,112.751,98.5585,301.405,1.02225,0.875411,0.537951
2.2435,120.5,118.607,106.865,112.768,98.3734,301.449,2.90398,-1.69012,-0.650718
2.244,120.454,117.617,106.536,nan,98.4044,301.276,-0.283089,0.588182,0.533558
2.2445,120.197,116.958,105.07,nan,98.4798,301.445,0.375587,-1.21028,0.107309
2.245,119.761,115.873,104.712,112.632,98.4536,301.311,-2.0181,-1.64988,-0.10103
2.2455,118.352,113.772,104.208,113.272,98.5373,301.3,-0.410756,-2.19188,1.37627
2.246,116.14,113.22,105.043,112.199,98.4102,301.365,-0.304833,-2.71585,0.451031
2.2465,115.583,111.98,105.423,nan,98.5086,301.377,-0.689648,-2.53157,-1.16453
2.247,114.475,110.811,105.906,114.455,98.4255,301.355,-2.41284,-0.966815,-1.31387
2.2475,113.459,109.44,107.462,nan,98.4125,301.399,-3.26533,0.110296,-1.56226
2.248,113.409,109.113,108.464,nan,98.3676,301.408,-2.41806,-1.71716,-1.86546
2.2485,113.516,108.995,108.654,114.518,98.4859,301.406,-3.14818,-1.40321,-1.64721
2.249,112.564,109.127,109.044,114.186,98.286,301.33,-2.64187,-0.628752,-0.741105
2.2495,113.265,109.001,109.275,113.699,98.462,301.327,-2.28207,-0.135737,-0.846682
2.25,113.46,108.522,110.673,nan,98.6464,301.353,1.81652,1.47511,-0.596202
2.2505,112.438,109.484,109.459,nan,98.3922,301.37,1.89832,2.09198,-0.617334
2.2505,113.477,109.877,109.875,nan,98.3598,301.237,2.13828,2.34001,-0.67215
2.2515,113.055,109.023,109.245,109.615,98.3905,301.311,-0.289009,2.01237,-0.721735
2.252,111.816,107.737,109.124,nan,98.4928,301.36,1.68992,0.753446,0.464888
2.2525,111.493,108.57,109.147,nan,98.605,301.334,0.766255,2.42105,-0.391308
2.253,109.75,107.93,110.361,108.08,98.3601,301.437,3.41524,0.653482,2.14857
2.2535,108.87,106.703,110.082,107.102,98.4977,301.3,0.591466,2.15565,1.87173
2.254,107.383,105.717,110.341,106.43,98.5851,301.289,2.1118,1.85347,1.21125
2.2545,105.576,105.646,111.673,106.645,98.782,301.267,1.77351,2.56358,1.97904
2.2545,105.097,105.035,112.771,107.128,98.539,301.32,0.815776,0.0868851,1.83114
2.2555,104.281,104.516,114.544,nan,98.6515,301.456,-1.11755,-0.692047,2.42281
2.256,103.884,104.619,115.867,107.154,98.8382,301.361,-2.77215,0.0198334,-0.259721
2.2565,103.742,105.29,117.954,106.941,98.8033,301.336,0.279562,-0.993011,1.14472
2.257,104.401,106.484,117.995,106.959,98.7373,301.357,-0.91732,-2.18904,0.273917
2.2575,105.013,107.241,118.642,107.278,98.8503,301.361,-2.4959,-0.981374,0.822102
2.258,107.014,107.993,119.602,107.877,98.9341,301.326,-3.38003,-0.672737,1.31119
2.2585,106.803,109.552,120.337,107.308,98.7654,301.361,-2.67231,0.523027,-0.606481
2.259,108.717,111.133,119.129,107.396,98.9513,301.373,-1.0907,-1.57413,-0.18256
2.2595,109.351,112.329,118.433,106.43,99.1779,301.329,-0.774295,-1.9474,-0.756996
2.26,109.796,112.813,118.595,nan,99.1325,301.409,-0.858776,-1.41101,-1.41529
2.2605,111.094,113.938,116.545,nan,99.0689,301.311,1.2012,-1.48803,-2.33575
2.261,110.682,113.706,116.48,104.859,99.3253,301.354,1.81897,1.05504,-0.549192
2.2615,111.559,114.449,115.696,104.891,99.3859,301.403,0.581311,1.13481,-1.04106
2.262,110.898,114.674,115.698,nan,99.5231,301.396,1.74379,1.81513,-0.449975
2.2625,111.021,114.208,115.401,105.641,99.3512,301.322,2.0212,1.22924,-1.66316
2.263,110.826,113.83,115.112,nan,99.3442,301.425,1.89696,0.919451,-1.98768
2.2635,111.338,114.066,115.156,107.001,99.5194,301.38,2.99568,0.63779,0.133286
2.264,111.898,113.207,115.529,107.974,99.4496,301.432,2.86657,1.79751,-0.873671
2.2645,112.037,115.108,115.571,109.456,99.5005,301.477,4.29567,0.991792,0.220976
2.265,113.218,114.841,115.56,109.285,99.5596,301.457,-0.258308,1.06206,-0.301999
2.2655,115.176,115.629,115.686,nan,99.5283,301.423,0.797232,3.23799,-0.020274
2.266,115.542,116.788,115.363,nan,99.7344,301.437,-2.04613,0.58276,0.897217
2.266,117.906,117.48,115.317,112.154,99.6269,301.428,-1.70658,0.441967,0.193333
2.267,118.237,118.654,113.829,112.018,99.5107,301.446,0.522657,-1.03325,1.2774
2.2675,119.201,119.114,112.086,111.329,99.5878,301.38,-0.581131,-1.48506,0.916517
2.268,119.443,119.469,111.196,nan,99.7831,301.491,-1.20502,-1.28122,0.749383
2.2685,120.138,119.872,109.384,112.381,99.6623,301.394,-2.07919,-1.93986,1.59592
2.269,119.714,119.112,109.009,nan,99.5164,301.523,-2.4128,-0.987961,0.598943
2.269,119.796,117.921,107.213,nan,99.5762,301.552,-4.3493,-1.92379,0.90767
2.27,119.624,117.037,105.852,nan,99.5562,301.489,-2.99888,-0.997247,0.358619
2.2705,118.411,115.565,105.06,112.269,99.5993,301.525,-0.806815,-2.72367,0.117464
2.271,117.209,115.042,105.443,nan,99.5453,301.588,-0.284029,-3.50077,1.90766
2.2715,116.094,112.992,104.847,nan,99.502,301.565,-2.00207,-2.87607,0.576489
2.272,115.436,112.229,105.019,nan,99.5758,301.6,0.889194,0.36955,-0.221976
2.2725,114.519,112.244,106.013,114.286,99.6347,301.605,0.0723433,-0.749664,0.0139549
2.273,114.239,110.913,106.351,114.128,99.5694,301.702,2.66013,0.838923,-0.942205
2.2735,115.459,110.804,107.349,nan,99.1951,301.548,2.07545,-0.0513846,-0.507932
2.274,114.785,110.857,108.048,115.112,99.4962,301.662,1.81413,1.19282,-1.33341
2.2745,114.433,110.046,109.064,113.781,99.3687,301.707,2.80023,1.82956,-1.79651
2.275,115.223,110.867,109.135,nan,99.2574,301.76,3.09638,0.121345,-0.874656
2.2755,115.579,111.208,109.076,nan,99.313,301.759,0.847856,-0.0145761,-1.51252
2.276,114.48,110.767,108.094,114.31,99.2096,301.74,-0.29671,2.32639,-1.49919
2.2765,114.23,110.608,108.336,113.215,99.1287,301.755,-0.695727,2.27565,-0.711654
2.277,112.974,109.445,107.44,nan,99.1023,301.672,0.377391,2.86052,-1.80999
2.2775,111.774,109.039,107.406,nan,99.2439,301.792,0.561449,1.78834,-1.43529
2.278,111.74,107.94,107.343,110.164,99.1553,301.661,-0.42927,1.61019,-2.18147
2.2785,111.182,107.025,107.303,109.64,98.9076,301.802,-1.2941,0.396087,-2.353
2.279,107.998,105.462,107.483,107.803,98.8734,301.913,-3.04573,0.685307,-0.370758
2.2795,106.298,104.847,109.477,108.209,99.0821,301.834,-3.55904,0.147443,0.219949
2.28,106.473,104.624,110.241,nan,98.995,301.812,-1.47994,-1.41465,1.12581
2.2805,105.532,103.825,111.196,nan,98.9545,301.963,-0.147126,-0.0918066,0.726994
2.281,104.869,104.305,113.079,107.146,99.0238,301.886,-2.02008,-1.87162,1.15661
2.281,105.254,105.076,114.316,108.139,98.7828,301.941,-0.593638,-1.9879,-0.014101
2.282,104.812,105.281,116.081,108.478,98.8641,301.916,-0.471786,-1.46225,1.49373
2.2825,105.672,106.18,116.765,108.224,98.819,301.936,0.176954,-2.05938,1.29876
2.283,106.673,107.518,117.993,107.647,98.8712,301.958,-1.70843,-3.15505,0.834139
2.2835,107.062,108.092,117.343,106.91,98.9184,301.921,0.99279,-2.04296,2.13408
2.284,108.203,109.362,119.311,107.797,98.8915,302.012,2.7872,-0.471197,2.14754
2.2845,108.572,110.095,118.709,107.107,98.8946,301.956,4.36492,0.710826,0.889232
2.285,109.328,110.923,117.8,106.191,98.7313,302.015,3.0124,0.0515498,0.824368
2.2855,109.44,112.426,117.063,nan,99.0195,302.094,2.21384,0.0726496,2.30462
2.286,108.563,111.69,116.081,nan,98.8587,302.109,0.892494,0.302363,0.656141
2.2865,109.298,112.055,116.31,106.193,98.832,302.179,0.985551,0.522127,-1.18116
2.287,108.455,111.87,115.852,102.908,98.7636,302.158,1.06099,0.841298,-1.01693
2.2875,108.527,111.77,115.822,nan,98.957,302.16,0.397514,1.86014,-0.76678
2.288,108.154,111.841,115.838,105.38,98.9037,302.149,0.192836,2.08163,-1.68047
2.2885,109.394,112.054,116.201,105.098,98.8411,302.072,-0.119648,3.3288,0.185672
2.289,109.404,112.683,115.746,105.202,98.7945,302.216,-1.57775,1.82089,0.123447
2.2895,110.185,113.082,116.142,106.679,98.9551,302.168,-3.08129,1.49845,0.255429
2.29,111.972,114.245,117.597,106.101,98.829,302.177,-3.66772,-0.529264,-0.707485
2.2905,113.081,115.081,117.428,nan,98.9032,302.279,-3.2991,0.282003,0.887522
2.291,114.163,116.171,117.915,108.333,98.8953,302.205,-1.64738,-0.149894,-1.50718
2.2915,114.87,117.332,116.579,108.94,98.8878,302.232,-0.0819369,-0.781661,-1.21953
2.292,117.405,119.071,116.296,109.886,99.0115,302.242,-0.52736,-0.244452,-0.742303
2.2925,118.179,118.682,114.995,110.596,98.8977,302.317,-1.06999,-1.75818,-1.14036
2.293,118.987,119.529,115.374,110.032,98.866,302.317,-3.42066,-2.84262,-0.067414
2.2935,119.934,119.934,112.123,nan,98.7767,302.391,-0.168634,-2.07064,-0.67342
2.294,119.47,119.582,110.962,nan,98.7508,302.348,1.47381,0.351041,2.14711
2.2945,119.468,118.358,110.153,nan,98.6351,302.374,2.28551,-1.36868,0.313872
2.295,119.373,117.437,109.136,nan,98.7094,302.392,0.811411,-1.91747,-0.312932
2.2955,118.568,116.807,106.781,nan,98.4497,302.433,3.10188,0.230981,0.829069
2.296,117.341,116.207,106.503,nan,98.5731,302.455,2.0932,-0.366939,-0.695328
2.2965,117.533,115.025,105.534,110.912,98.6282,302.46,1.35957,0.342198,0.0273526
2.297,116.874,113.845,106.737,110.413,98.3699,302.469,2.50576,-1.34042,1.73485
2.297,116.858,113.087,106.784,nan,98.3443,302.443,1.79001,-0.271487,1.58922
2.298,115.938,112.729,106.784,112.373,98.5037,302.558,2.56527,1.6181,0.75619
2.2985,116.149,112.566,106.839,nan,98.311,302.528,1.16135,1.46353,1.28388
2.299,116.739,112.066,107.7,nan,98.1236,302.515,-0.591104,1.7284,0.74289
2.2995,116.77,112.14,107.959,113.577,98.222,302.49,-0.395655,1.8358,0.729491
2.3,116.876,112.716,108.3,115.009,98.0877,302.551,-2.91011,2.04448,0.826447
2.3,116.846,113.445,107.704,nan,98.0188,302.539,-1.99888,1.84743,-0.49792
2.301,116.582,112.565,108.381,115.254,98.1782,302.635,-2.83909,0.926618,-0.103723
2.3015,115.946,111.321,107.07,114.656,98.0663,302.54,-1.37122,0.502801,0.304664
2.302,115.129,110.845,106.8,113.644,97.928,302.586,-2.11357,0.659558,-0.237192
2.3025,114.445,110.277,106.433,113.749,97.7966,302.581,-2.77605,0.673601,-0.302168
2.303,112.78,108.77,106.54,nan,97.8535,302.615,-3.20552,0.0722233,-0.590466
2.3035,110.809,108.016,105.97,112.227,97.8092,302.581,-3.47847,-1.67236,-0.372182
2.3035,109.895,106.431,106.819,nan,97.5964,302.634,-1.20871,-0.352226,-2.0388
2.3045,109.145,105.336,107.059,110.376,97.7672,302.593,0.745683,-1.17368,-1.51989
2.3045,107.815,104.297,107.085,nan,97.7286,302.57,2.61719,-3.13017,-1.31612
2.3055,105.502,104.463,108.802,108.796,97.5743,302.595,4.73313,-3.03177,-0.446039
2.306,105.45,104.275,109.226,108.208,97.5997,302.586,3.7035,0.0313372,-0.799968
2.3065,105.956,104.512,110.577,108.601,97.6051,302.618,1.53383,-2.09969,-0.22427
2.307,105.816,105.157,113.307,nan,97.5275,302.507,-0.472204,-0.909176,0.314849
2.3075,106.22,105.629,114.214,nan,97.5711,302.641,1.53616,0.669666,0.510831
2.3075,106.698,107.084,115.871,nan,97.5178,302.615,2.98893,-0.435241,1.81913
2.3085,107.383,107.191,116.028,109.292,97.6506,302.577,2.88173,-1.16977,1.90965
2.309,107.473,108.789,116.49,108.701,97.6131,302.527,1.33825,0.320988,-0.31841
2.3095,108.786,109.094,116.684,nan,97.5274,302.517,0.803609,0.804763,0.169764
2.31,108.037,109.611,117.727,108.617,97.6742,302.638,0.744618,3.13053,0.493934
2.3105,108.38,109.852,117.124,108.108,97.432,302.554,-1.41053,3.05968,1.16253
2.311,108.857,110.448,115.855,107.603,97.6917,302.534,-0.86809,3.23467,1.70766
2.3115,108.317,110.267,115.802,106.029,97.599,302.605,-0.113999,0.53996,1.35032
2.312,107.476,110.51,115.595,106.14,97.6908,302.579,-1.85934,1.32462,1.45093
2.3125,107.169,109.658,115.268,106.311,97.7417,302.549,-2.61154,1.06897,1.36604
2.313,106.797,110.146,116.329,nan,97.8665,302.625,-2.17422,0.107684,-0.0270494
2.3135,106.983,109.954,116.093,104.81,97.871,302.473,-2.05024,2.04941,1.01583
2.314,107.565,111.048,116.896,nan,97.7933,302.515,-1.13606,1.98349,-0.0233095
2.3145,109.041,112.185,117.268,104.168,97.7848,302.545,-1.0289,-0.264856,-0.015591
2.315,109.431,112.307,117.105,104.836,98.1339,302.595,1.6144,0.361402,1.36175
2.3155,111.228,114.322,118.096,104.827,98.0439,302.636,1.95714,-1.08351,-0.12486
2.316,112.696,114.813,118.276,nan,98.1188,302.625,0.425054,-3.4323,0.326451
2.3165,114.234,117.068,119.212,nan,98.0431,302.558,1.25919,-1.48378,-1.73289
2.3165,115.393,117.7,118.785,106.521,98.0811,302.498,2.07122,-2.59108,-1.07181
2.3175,117.049,118.762,117.826,108.332,98.1408,302.435,2.3597,-1.49331,-1.56955
2.318,117.741,118.71,117.793,nan,98.1778,302.42,3.34384,-1.45189,-2.52206
2.3185,118.298,119.988,117.076,108.825,98.1245,302.487,4.46853,-0.881996,-1.07708
2.319,118.29,119.194,114.284,109.577,98.0765,302.546,5.09018,-1.16273,-1.09693
2.3195,117.506,118.61,112.469,109.385,98.2982,302.541,1.71047,-0.781788,-0.274776
2.32,118.391,118.481,111.936,110.817,98.3114,302.451,0.427755,-1.29293,0.153725
2.3205,117.944,116.974,110.743,nan,98.2562,302.467,-0.142345,-0.0586142,-0.0405976
2.321,116.933,116.308,108.721,110.181,98.1737,302.488,1.20069,-1.7619,0.0375297
2.3215,116.662,115.477,108.169,109.32,98.1561,302.3,-2.43579,1.79692,-0.250233
2.322,116.609,114.683,107.843,109.887,98.1809,302.437,-0.531593,1.63859,0.473186
2.322,116.043,114.978,108.283,nan,98.4439,302.341,-1.62563,1.58731,-0.359994
2.323,116.923,114.998,108.17,110.237,98.2294,302.313,-1.04084,1.5138,1.11383
2.3235,117.286,113.959,107.688,nan,98.2093,302.324,-3.01069,1.25619,0.532812
2.324,117.818,115.049,108.088,nan,98.222,302.399,-5.29688,1.95656,0.919964
2.3245,118.335,115.02,108.216,112.877,98.224,302.384,-2.62904,2.64561,0.531958
2.325,117.55,114.561,108.797,nan,98.0737,302.307,-1.74365,2.35229,2.2718
2.3255,118.754,114.906,109.575,114.009,98.2694,302.279,-0.320433,0.0875005,1.84112
2.326,118.256,115.159,109.009,114.727,98.3387,302.199,-0.0310478,1.39136,1.17946
2.3265,118.465,113.59,108.261,115.163,98.1649,302.253,1.04721,-0.481977,1.13909
2.327,117.648,112.785,106.759,115.454,98.247,302.18,0.102024,0.0132246,1.71887
2.3275,116.428,111.527,106.98,nan,98.1551,302.245,2.06219,-2.275,0.928586
2.328,114.68,111.441,105.516,nan,98.1177,302.16,0.958945,-0.300015,0.846887
2.3285,114.362,109.661,104.927,113.921,98.1831,302.131,2.8051,-1.96551,0.552711
2.329,111.624,107.614,105.376,113.703,98.2381,302.216,2.18165,-1.93123,1.18975
2.3295,109.761,106.66,104.784,nan,98.0653,302.112,2.2945,-1.09872,0.720771
2.33,109.362,106.007,105.504,111.668,98.2676,302.168,1.37347,-1.24393,0.0193043
2.3305,107.406,104.999,106.071,112.666,98.2164,302.141,0.513272,-1.68172,-0.874066
2.331,108.203,105.253,106.535,110.796,98.1861,302.092,1.40274,-0.311502,-1.67824
2.3315,107.553,104.88,108.087,110.139,98.2214,301.993,-0.162994,-1.58886,-2.40024
2.332,107.707,105.703,109.622,111.152,98.3041,301.993,0.334065,0.478713,-1.8903
2.3325,107.834,105.941,110.752,109.745,98.3182,302.091,-0.903971,-0.00705115,-1.16131
2.333,107.927,106.615,111.611,110.504,98.349,302.048,-2.77762,1.45439,-0.699991
2.3335,107.579,107.044,113.806,109.492,98.1606,301.996,-2.54342,1.87977,-1.38302
2.334,108.158,108.073,113.949,nan,98.3732,301.947,-3.95935,0.442291,-0.0030252
2.3345,108.752,108.77,114.489,109.658,98.2584,301.94,-1.72062,0.633801,-1.52071
2.335,108.327,108.154,114.936,109.637,98.4991,301.926,-2.70325,1.90825,-0.919253
2.3355,108.245,109.081,115.655,111.188,98.5539,301.897,-2.01474,0.746434,-2.03698
2.336,107.308,109.278,115.283,nan,98.5249,301.934,-2.28537,3.22787,-1.16066
2.3365,106.665,108.944,115.775,nan,98.5663,301.892,-0.494378,3.34846,-0.363086
2.337,106.518,108.525,114.236,nan,98.4963,301.891,0.997804,2.97612,0.175261
2.3375,106.214,108.146,114.613,nan,98.6409,301.785,-0.123374,1.14276,-0.723667
2.338,105.638,107.832,114.955,106.447,98.6993,301.89,1.11734,0.270858,1.84753
2.3385,105.264,108.169,115.105,104.109,98.8621,301.853,0.939421,-0.373945,1.95299
2.339,105.369,108.942,115.133,104.783,98.8728,301.879,3.28923,-0.95321,1.19799
2.3395,107.662,109.535,116.021,105.359,98.9897,301.829,2.21475,-0.28043,0.919213
2.34,107.434,111.111,117.032,103.279,99.0042,301.887,2.21825,0.752886,0.629427
2.3405,108.893,112.2,117.893,103.813,99.0557,301.755,0.934621,-0.401218,0.950485
2.341,110.453,113.688,118.779,105.282,99.2458,301.789,0.335344,-1.42444,1.21129
2.3415,112.657,115.669,119.299,nan,99.1864,301.82,1.4434,-2.30851,1.06706
2.342,113.403,116.527,119.272,105.168,99.1957,301.775,1.23283,-2.22296,0.776365
2.3425,115.175,117.737,118.965,106.171,99.2488,301.801,1.13053,-2.0896,1.33754
2.343,116.015,117.518,119.83,nan,99.3629,301.697,0.771505,-1.27435,1.09276
2.3435,116.037,118.754,119.163,nan,99.3306,301.703,-1.57359,0.283585,-0.19439
2.344,116.876,118.238,117.513,107.967,99.4755,301.731,-1.24308,0.23738,0.126818
2.3445,116.322,118.893,116.707,108.659,99.4062,301.741,-1.08905,-0.126488,-0.682416
2.3445,116.586,117.211,115.312,108.482,99.5065,301.704,-2.04069,-0.180631,-1.32931
2.3455,116.687,116.876,113.973,108.663,99.5585,301.651,-0.37128,0.74777,-1.2874
2.346,116.016,116.862,112.121,109.142,99.5447,301.695,-0.697871,1.05085,-0.417827
2.3465,115.579,116.801,111.434,108.679,99.5651,301.69,0.122366,0.676745,-0.133584
2.347,115.811,115.071,110.429,107.641,99.6082,301.694,-1.86165,0.357166,-0.189746
2.3475,116.154,115.37,109.49,107.866,99.4869,301.52,-1.73119,2.76591,-1.23565
2.348,116.834,115.196,109.39,108.284,99.5058,301.679,0.0183545,2.23322,-0.916521
2.3485,116.375,116.292,110.01,109.717,99.6301,301.687,-1.01698,3.09137,-1.09415
2.349,117.289,116.761,110.009,108.85,99.694,301.661,0.288,1.72264,-0.722081
2.3495,118.975,116.39,110.322,110.016,99.5917,301.634,3.86254,1.09484,-1.35532
2.35,119.31,116.834,110.204,109.353,99.4437,301.573,3.11121,-1.28123,0.258507
2.3505,119.717,116.26,110.14,111.275,99.4265,301.577,2.18163,-1.76907,0.337714
2.351,119.838,115.813,109.889,nan,99.452,301.628,2.61209,-0.510843,1.75966
2.3515,119.349,115.888,108.784,114.132,99.4898,301.6,1.78415,-1.43893,0.635895
2.352,118.522,114.65,108.177,114.717,99.433,301.619,1.64147,-1.22914,0.476485
2.3525,117.71,113.967,108.556,nan,99.3373,301.539,1.59669,-1.19425,0.928885
2.353,116.635,112.227,106.807,116.073,99.5228,301.661,0.303539,-1.94485,-0.558393
2.3535,115.039,111.394,106.251,114.89,99.2665,301.653,0.274158,-1.48407,0.872611
2.354,113.414,109.412,104.734,nan,99.2109,301.644,-0.922799,-2.35053,0.637776
2.3545,111.573,108.183,104.437,114.218,99.339,301.621,-2.28208,-2.51084,1.39917
2.355,110.903,107.501,104.755,114.781,99.2736,301.568,-2.39749,-1.8939,1.18795
2.3555,109.399,106.456,104.444,nan,99.2578,301.632,-1.61007,-0.656839,2.25475
2.356,108.986,106.502,105.033,nan,99.3441,301.63,-2.76167,1.33368,1.52029
2.3565,109.019,105.668,105.995,112.55,99.1422,301.617,-2.93453,0.464743,0.574532
2.357,108.954,105.743,106.674,nan,99.1798,301.598,-0.0995918,2.09791,0.764296
2.3575,109.484,106.843,107.397,nan,99.0511,301.57,-2.32141,0.808915,-1.24882
2.358,109.596,107.195,108.636,110.984,99.2397,301.598,-2.93413,1.46151,-0.400592
2.3585,109.601,107.284,109.856,111.331,99.0696,301.517,-2.05828,1.5012,-1.46256
2.359,109.306,107.488,110.859,112.349,99.1079,301.579,0.674044,3.69697,-1.32352
2.3595,109.281,107.897,111.409,111.621,99.0035,301.651,3.13351,1.42339,-0.607719
2.36,108.803,108.179,112.367,111.268,99.0425,301.443,2.39167,1.80671,-0.483542
2.3605,109.022,107.94,112.889,111.054,99.0219,301.48,3.56893,0.650389,-0.204242
2.361,107.721,107.305,113.99,111.669,99.0028,301.567,3.10051,1.0394,-0.820182
2.3615,106.405,106.994,112.904,nan,99.04,301.658,2.72294,1.09805,-0.23439
2.362,105.492,107.142,113.21,nan,99.0517,301.596,1.35513,0.591835,-2.05886
2.3625,105.665,107.087,113.049,110.224,99.0721,301.518,2.40596,0.894766,-1.03181
2.363,104.342,107.177,113.156,109.034,99.0508,301.636,2.15553,0.339319,-1.67522
2.3635,104.738,106.523,112.989,108.528,99.0722,301.724,-1.15087,-0.964919,0.715756
2.364,104.921,106.944,114.226,nan,99.0711,301.65,0.124775,-0.425113,0.890473
2.3645,105.932,108.437,114.529,107.097,98.9717,301.606,-1.69344,-2.41268,0.285425
2.365,106.111,109.242,116.155,105.562,99.1109,301.744,-3.13317,-2.88648,-0.0956435
2.3655,107.914,110.997,116.843,nan,99.0648,301.649,-2.56531,-1.04282,1.69351
2.366,109.21,112.502,117.228,nan,99.0961,301.656,-1.70232,-2.02106,1.75445
2.3665,110.892,113.436,119.121,105.605,99.2373,301.668,-1.66969,-1.28264,1.05395
2.367,112.471,114.83,119.014,105.173,98.9608,301.586,-1.53544,0.575503,0.293237
2.3675,113.103,115.345,119.301,nan,99.1142,301.559,-1.78151,-0.586529,0.886261
2.368,113.855,116.13,121.037,106.206,99.216,301.586,-2.64321,0.837356,2.84671
2.3685,114.902,117.434,120.215,106.571,99.1082,301.524,-2.14278,0.842954,0.209686
2.369,114.255,118.082,119.833,nan,99.1217,301.555,-0.720207,-0.0465655,1.92026
2.3695,114.983,116.516,118.374,nan,99.0536,301.625,0.525421,0.0990782,2.22583
2.37,114.41,116.291,117.285,107.062,99.2778,301.59,1.12554,1.05568,0.198909
2.37,114.177,116.244,115.887,107.195,99.0709,301.495,3.1855,3.0687,0.948948
2.371,113.937,116.311,114.882,107.935,99.1747,301.607,0.863367,2.18908,-1.28626
2.3715,113.966,115.046,113.782,108.56,99.283,301.54,1.32175,1.12954,-0.902099
2.372,115.268,115.649,112.501,107.935,98.9317,301.638,2.38127,0.915274,-1.86879
2.3725,115.795,116.246,113.061,107.247,99.1084,301.558,2.53791,0.531676,-0.186134
2.373,116.209,115.161,111.703,106.455,98.9757,301.51,1.71845,0.682626,-1.55586
2.3735,117.497,116.016,112.313,nan,99.0725,301.513,2.73203,1.31934,-0.392443
2.374,118.06,117.228,111.444,106.777,98.8601,301.631,2.23365,0.590204,-0.732816
2.3745,118.79,117.866,112.042,108.246,98.7829,301.581,1.5152,-1.76264,-2.03191
2.375,119.346,117.483,111.647,nan,98.85,301.596,-0.927107,-2.15887,0.143996
2.3755,120.655,118.248,111.784,109.318,98.8073,301.6,-0.166201,-1.34471,-1.37182
2.376,120.877,118.1,111.681,110.196,98.7393,301.612,-2.92127,-1.50789,-1.63136
2.3765,120.881,116.708,111.043,110.875,98.6903,301.672,-1.4718,-2.63764,-2.22735
2.377,119.458,116.357,110.505,112.896,98.7436,301.585,-2.31846,-1.28493,-0.034106
2.3775,118.759,115.049,109.493,111.354,98.6934,301.675,-0.655434,-1.56152,0.169306
2.378,117.141,113.816,108.142,113.889,98.4529,301.496,-3.80749,-1.52848,0.975469
2.3785,116.846,112.574,107.348,nan,98.4345,301.59,-3.98337,-1.80464,-0.657707
2.379,115.303,110.646,106.249,114.076,98.4544,301.55,-2.54857,-2.12169,1.02947
2.3795,113.947,109.054,105.59,114.563,98.2569,301.591,-0.884418,-1.27262,1.53706
2.38,112.641,108.168,104.402,nan,98.164,301.618,0.297331,-0.91422,0.445388
2.3805,111.755,107.411,103.576,nan,98.104,301.555,0.390251,0.00318148,0.365133
2.381,111.119,107.362,103.75,113.158,98.2474,301.513,2.26248,2.32577,1.05922
2.3815,111.446,107.622,104.295,112.828,98.0874,301.573,0.876049,2.28927,0.962882
2.382,110.67,107.15,104.856,113.936,97.9065,301.501,0.453279,2.2376,1.55987
2.3825,111.368,107.322,106.142,113.495,97.8975,301.497,2.22109,1.25795,0.707941
2.383,111.213,107.711,107.527,112.206,97.8527,301.542,3.97423,2.17401,1.29949
2.3835,110.695,108.473,108.156,112.432,97.8982,301.583,2.24649,0.697277,0.029012
2.384,110.363,108.294,109.204,111.35,97.8376,301.55,2.58678,1.80274,-0.274237
2.3845,110.264,108.339,110.173,nan,97.8181,301.434,2.88329,1.61648,0.714398
2.385,109.948,107.838,110.481,112.028,97.7281,301.44,1.48513,1.18715,1.01039
2.3855,108.574,107.656,111.078,112.803,97.6147,301.444,-0.773856,1.98784,-1.17437
2.386,108.347,106.962,111.618,113.858,97.8782,301.502,-0.511698,0.19455,0.736155
2.3865,107.461,106.923,111.589,112.703,97.7687,301.46,-2.57965,0.245549,-1.11716
2.387,106.155,105.925,110.581,113.307,97.5573,301.48,0.177764,-2.33555,-0.618741
2.3875,104.326,105.929,111.1,112.098,97.5521,301.48,0.0612323,-1.54857,-0.0504567
2.388,103.416,105.444,111.081,112.234,97.6788,301.357,-2.79423,-3.46826,-0.373654
2.3885,104.461,105.489,111.453,nan,97.7236,301.239,-3.34534,-0.79003,-1.96396
2.389,104.817,105.192,112.394,110.958,97.703,301.377,-3.92854,-0.444846,-1.29276
2.3895,104.52,106.573,113.029,109.844,97.7324,301.345,-3.15751,-1.08255,-2.41828
2.39,105.733,107.391,112.999,108.549,97.7382,301.397,-0.19884,-2.6458,-2.04142
2.3905,106.496,109.435,115.076,107.489,97.8395,301.369,-0.0233705,-2.29846,-0.353471
2.391,107.587,110.596,115.478,107.077,97.6922,301.332,-0.911947,-1.37,-0.154828
2.391,109.539,112.016,117.321,106.472,97.8881,301.305,-0.179241,-2.23668,0.289844
2.3915,110.085,113.077,118.238,nan,97.8258,301.226,-0.315209,-1.1467,0.95998
2.3925,111.672,114.712,119.065,nan,97.8315,301.286,0.959437,0.360974,-0.397563
2.393,112.791,114.21,119.426,nan,97.9067,301.28,1.61079,0.550933,0.28794
2.3935,112.511,115.726,120.476,106.036,97.9204,301.229,3.91485,1.76728,-0.0652489
2.394,113.575,115.494,120.332,nan,98.0753,301.24,4.12456,0.27597,0.346133
2.3945,112.292,115.221,119.046,106.069,97.8695,301.195,3.27574,0.977822,0.650429
2.395,113.156,115.15,119.569,nan,97.9808,301.248,2.64379,0.304972,1.11702
2.3955,112.712,115.176,118.08,106.59,97.9444,301.161,0.981888,1.8868,0.994018
2.396,113.811,115.129,117.397,nan,98.1065,301.095,-0.749555,0.973831,0.949935
2.3965,112.982,115.392,115.869,nan,98.141,301.127,0.464534,2.62749,0.467079
2.397,113.099,114.863,115.298,106.24,98.0526,301.143,-0.55199,-0.220252,1.91073
2.3975,114.834,115.193,114.582,106.9,98.06,301.178,-0.132286,1.2522,0.60276
2.398,114.482,116.422,112.946,nan,98.0964,301.012,-1.19111,1.23317,-0.64701
2.3985,116.438,117.151,114.519,106.153,98.1046,301.078,-1.54665,-1.83563,0.00177587
2.399,117.142,117.068,114.079,106.067,98.0162,301.101,-2.65106,-0.470035,-0.851391
2.3995,119.2,117.875,113.849,106.203,98.1466,301.016,-3.87395,-1.2895,0.198959
2.4,119.581,118.794,114.787,nan,98.3273,301.022,-1.50088,-0.859426,0.470658
2.4005,120.711,118.834,114.694,nan,98.0947,300.905,-1.81377,-0.959744,0.373863
2.401,120.717,119.158,114.528,107.015,97.9953,300.943,-1.07926,-1.93774,-1.31509
2.4015,120.261,118.202,113.225,108.597,98.091,300.946,-0.961702,-2.79352,-0.617657
2.402,119.422,117.491,113.958,nan,98.1558,300.948,0.457443,-2.65654,-1.81383
2.4025,120.326,117.87,112.462,109.207,98.055,300.92,-0.432452,-0.874296,-1.44259
2.403,118.679,115.865,111.877,109.91,98.1595,300.892,2.58876,-0.66939,-1.47019
2.4035,116.955,114.689,109.594,111.442,98.0204,300.788,1.40733,0.99927,-1.43703
2.404,116.132,112.872,108.583,112.787,98.258,300.911,2.39803,0.597783,-0.809872
2.4045,115.589,111.233,106.983,113.939,98.0926,300.784,5.10186,1.65473,0.498451
2.405,113.648,110.916,105.939,nan,97.9145,300.825,1.76817,1.14237,-0.860857
2.4055,114.552,110.296,104.877,113.064,97.9773,300.758,2.29871,0.929246,0.22793
2.406,113.091,109.163,104.258,113.12,97.8033,300.75,1.93711,-0.0771649,-0.135119
2.4065,112.866,108.927,104.772,113.37,97.7689,300.853,1.6152,2.38369,-0.806748
2.407,113.552,109.258,104.441,nan,98.0099,300.779,0.929287,0.69072,-1.71455
2.4075,113.179,109.135,104.817,nan,97.9963,300.737,1.09724,2.92161,-0.658087
2.408,112.727,108.744,104.797,112.73,97.9554,300.688,1.40875,0.964326,0.296227
2.4085,113.459,109.682,106.475,112.438,98.0259,300.591,0.48566,1.915,2.16327
2.4085,112.985,109.667,106.804,111.994,97.8287,300.592,-3.71925,1.25645,1.40916
2.4095,112.728,108.4,108.5,nan,97.9718,300.586,-3.74712,0.420887,1.09605
2.41,111.058,109.296,108.627,nan,98.0131,300.529,-2.11124,1.02397,1.33075
2.4105,109.914,107.482,109.443,113.237,97.9807,300.589,-1.66587,-1.18047,1.8234
2.411,109.415,106.626,109.376,113.276,97.9595,300.557,-1.97546,-1.47517,0.812189
2.4115,107.667,105.894,109.21,113.723,97.9868,300.54,-0.785226,0.582447,0.554992
2.412,105.689,105.443,108.95,112.969,97.9583,300.507,-1.41447,-1.3919,1.63465
2.4125,105.254,104.794,109.696,113.212,98.0126,300.46,0.121027,-2.65102,1.05802
2.413,104.945,103.808,109.214,nan,98.2055,300.543,-0.999872,-3.25145,1.67872
2.4135,103.913,104.485,108.695,113.678,98.1828,300.49,0.693221,-1.34134,0.951306
2.414,104.678,104.945,109.437,113.534,98.1603,300.482,1.5176,-1.98664,0.488592
2.4145,104.242,105.192,110.223,112.872,98.2551,300.444,1.28898,-1.27026,-0.358315
2.415,105.059,105.544,110.578,111.204,98.2956,300.456,2.47166,0.700611,-1.55943
2.4155,105.316,107.205,111.862,111.01,98.2041,300.336,1.44905,0.258604,-1.02492
2.416,106.699,108.679,112.598,108.898,98.4914,300.421,3.21006,0.289515,-1.24395
2.4165,108.016,110.541,113.326,108.44,98.5671,300.416,2.11991,1.38392,-2.69187
2.417,109.307,111.245,114.964,107.779,98.4652,300.33,1.13659,-0.201562,-1.58089
2.4175,109.937,112.583,116.69,nan,98.5981,300.423,2.07677,-0.276927,-0.443259
2.418,110.865,114.236,118.029,nan,98.6109,300.318,1.25276,1.21223,-1.42431
2.4185,109.825,113.571,119.153,nan,98.6955,300.337,-1.02229,-0.482124,0.810207
2.419,110.847,113.689,120.094,105.619,98.9765,300.379,0.458884,1.13879,-1.10035
2.4195,110.725,114.125,119.446,nan,98.8279,300.281,-3.04845,1.70463,-0.600959
2.42,110.241,114.167,119.295,106.664,98.9132,300.174,-1.58351,2.65941,-0.133835
2.4205,110.601,114.104,119.145,108.602,98.8409,300.239,-2.43622,1.21215,-0.2743
2.421,110.394,113.584,118.239,106.597,98.8966,300.241,-2.45785,-0.710583,0.239173
2.4215,111.204,113.233,117.269,107.505,99.048,300.281,-1.38441,-1.05737,-0.25463
2.422,111.476,113.352,116.709,nan,99.1299,300.227,-0.0401622,-0.134113,0.907907
2.4225,112.717,114.357,116.692,nan,99.312,300.173,-2.23027,0.743707,0.455581
2.423,113.26,115.361,115.547,106.108,99.193,300.174,-3.30048,-1.36081,1.30643
2.4235,115.488,115.947,114.63,106.349,99.1493,300.285,-0.704242,-1.35371,1.56753
2.424,116.511,116.806,115.918,106.034,99.4369,300.258,0.0953991,-2.32835,0.412102
2.4245,118.433,118.147,115.344,105.64,99.2984,300.103,1.38978,-4.17829,0.162191
2.425,118.8,118.817,116.133,nan,99.4125,300.244,1.85542,-2.21525,0.759906
2.4255,119.542,119.211,115.592,nan,99.3732,300.171,1.50665,-2.77154,0.502624
2.426,120.354,120.257,115.111,103.812,99.5255,300.302,2.30279,0.0103187,1.50783
2.4265,120.258,119.654,115.652,nan,99.4023,300.264,1.9568,-1.17694,0.562564
2.4265,119.796,118.154,114.993,104.6,99.5096,300.219,1.6726,0.51707,0.794159
2.4275,119.688,118.115,115.08,106.595,99.2881,300.134,2.61398,0.61826,1.27718
2.428,118.863,116.567,114.189,107.411,99.4911,300.18,3.45631,1.09669,0.954735
2.4285,117.693,115.072,112.795,108.042,99.369,300.235,1.18468,0.309101,0.261324
2.429,116.865,113.933,112.333,nan,99.4144,300.203,0.619676,0.607166,-0.66641
2.4295,115.77,114.112,109.734,nan,99.3017,300.159,-0.790206,0.455481,-0.995376
2.43,115.57,112.096,108.233,110.857,99.2345,300.171,-2.24541,1.51828,-0.449117
2.4305,114.501,111.128,107.561,111.191,99.455,300.261,-1.47388,3.04256,-1.06494
2.431,115.569,111.013,106.75,nan,99.4285,300.314,-1.95753,0.304755,-0.583316
2.4315,114.859,111.201,105.754,nan,99.2931,300.285,-1.28713,1.70524,0.165143
2.432,115.363,110.955,104.983,112.268,99.2823,300.293,-1.42665,0.206334,-0.470292
2.4325,114.615,110.894,105.638,nan,99.3117,300.26,-0.856932,-0.324217,-0.597775
2.4325,115.348,110.663,104.615,112.508,99.2847,300.268,-2.44966,-0.105533,-1.69406
2.4335,115.058,110.715,105.416,112.735,99.2179,300.162,-2.51489,0.533217,-2.23864
2.434,115.187,110.194,106.411,nan,99.2569,300.283,-1.09629,0.640018,-0.528127
2.4345,114.505,110.275,106.404,112.734,99.3188,300.209,-0.940129,-0.197763,1.06887
2.435,112.512,109.761,107.727,112.485,99.1501,300.334,2.18185,-0.96218,0.973557
2.4355,112.487,108.836,107.98,nan,99.073,300.251,-0.325611,-2.50428,0.544826
2.436,109.995,107.594,108.317,nan,99.1644,300.328,1.98623,-2.30832,1.6233
2.4365,109.73,107.075,108.462,114.153,99.0709,300.365,1.22031,-2.1072,0.757261
2.437,107.735,105.719,108.495,113.331,99.1082,300.299,0.512832,-1.73903,0.503499
2.4375,106.015,104.981,108.068,nan,99.2185,300.295,3.01496,-0.858066,-0.313447
2.438,105.85,103.793,107.721,114.148,98.9532,300.413,2.1178,-0.477854,0.102208
2.4385,104.953,103.884,106.643,114.884,99.1613,300.347,0.965511,-1.05964,1.35051
2.439,104.285,104.036,107.208,116.006,99.2399,300.364,2.10162,-0.290032,0.897711
2.4395,104.527,105.179,107.072,114.932,99.092,300.34,0.922255,0.941635,2.19644
2.44,105.494,105.538,107.594,113.968,98.9771,300.392,-0.788159,0.508823,-0.0909255
2.4405,105.401,106.568,107.563,nan,99.0252,300.32,0.612393,0.448411,1.02082
2.441,106.422,107.689,109.186,113.12,99.1914,300.368,-1.75754,1.97208,0.832125
2.4415,108.379,109.526,110.761,111.877,99.066,300.456,-3.26088,3.21869,0.11382
2.442,107.99,109.724,112.869,111.751,99.0819,300.446,-1.01643,0.641807,-0.797005
2.4425,109.006,110.466,113.299,nan,99.2277,300.451,-1.85387,2.72633,-0.58846
2.443,109.354,111.454,114.468,109.22,99.3738,300.479,-3.57587,2.36705,-0.754125
2.4435,109.661,111.676,116.431,108.846,99.1504,300.531,-1.80693,0.306575,0.0236479
2.444,109.533,112.386,118.092,108.614,99.3139,300.521,-3.20938,-0.965089,-1.01218
2.4445,107.895,112.283,118.317,106.656,99.2245,300.565,-2.66219,1.84234,-0.331028
2.445,108.538,111.882,118.166,108.246,99.3408,300.547,-1.37951,2.41271,-1.01184
2.445,109.121,111.672,118.428,nan,99.1707,300.509,1.42493,1.23114,-0.756474
2.446,108.361,111.849,117.694,nan,99.4033,300.517,2.92421,-0.278022,-2.00675
2.4465,109.807,112.687,117.668,108.045,99.2571,300.58,1.00084,-0.353918,-1.00407
2.447,109.801,112.871,116.927,107.406,99.2913,300.569,1.6856,-0.672179,-2.24178
2.4475,110.152,113.756,117.389,107.213,99.3175,300.587,1.72287,-1.38989,-1.00823
2.448,112.147,113.555,115.828,108.475,99.4142,300.598,1.65761,-2.0889,-1.72746
2.4485,114.158,115.186,116.18,107.06,99.3215,300.583,2.59768,-0.827726,-0.524561
2.449,114.562,116.743,116.143,nan,99.2431,300.629,2.04436,-0.691649,-0.790153
2.4495,116.541,118.148,116.113,106.336,99.4358,300.601,1.43587,-1.68608,0.495255
2.45,117.226,119.051,116.583,106.189,99.4063,300.619,0.703573,-0.300031,1.46423
2.4505,118.373,119.448,117.871,nan,99.3106,300.584,0.677687,0.161679,0.175053
2.451,119.346,118.973,116.739,nan,99.2295,300.716,-0.575482,-0.00171067,-0.389434
2.4515,119.818,119.611,117.661,nan,99.2615,300.712,-0.503113,0.776756,2.24712
2.452,119.693,118.796,118.009,104.826,99.1435,300.781,-1.84998,0.718423,0.388299
2.4525,119.271,117.507,116.993,105.515,99.1675,300.701,-1.14487,0.918379,1.23809
2.453,119.619,117.052,116.337,nan,99.102,300.767,-1.54278,0.931186,0.941098
2.4535,117.456,116.197,115.263,104.783,99.0578,300.854,-4.21301,2.65616,0.685847
2.454,116.444,115.398,115.601,106.866,99.177,300.734,-2.69499,2.66696,1.30449
2.4545,116.889,114.709,113.684,107.323,99.0768,300.81,-1.87016,1.59513,0.517665
2.455,116.335,113.743,111.734,107.933,98.8842,300.768,-2.54119,2.16503,0.73668
2.4555,115.47,113.171,110.317,nan,98.9315,300.894,-0.636437,-0.349123,-0.287353
2.456,116.843,112.698,109.079,nan,98.8431,300.913,1.37815,1.61103,-0.23408
2.4565,116.026,112.818,108.235,nan,98.5999,300.848,0.137154,1.13482,-1.01268
2.457,116.027,112.433,106.893,110.672,98.666,300.82,0.299036,0.965437,-0.00799642
2.4575,117.093,113.244,107.017,110.837,98.7458,300.961,-0.584052,0.191072,-0.61861
2.458,117.361,112.984,106.837,nan,98.5698,300.893,1.18055,0.470198,-0.994143
2.458,118.045,113.259,107.213,nan,98.5392,301.025,4.29581,-0.476756,-0.35959
2.459,116.068,112.711,107.122,111.842,98.4103,300.958,2.75893,-1.98834,-1.05306
2.4595,115.518,111.717,107.611,111.03,98.4431,300.875,4.89133,-2.70331,-2.74496
2.46,114.954,110.957,107.904,nan,98.3811,300.892,1.93496,-0.0537079,-2.17207
2.4605,113.62,109.891,108.521,nan,98.3649,300.983,1.75597,-0.688631,-0.9977
2.461,112.315,108.699,108.453,nan,98.3334,300.946,1.05709,-0.855722,-1.54856
2.4615,110.506,106.416,108.092,112.098,98.1025,300.952,1.52624,-1.29484,-1.44408
2.462,108.651,105.884,107.72,nan,98.0777,300.986,-0.342724,-1.95964,0.977107
2.4625,107.791,106.053,107.329,nan,98.2082,300.959,0.474695,-1.95231,-0.828963
2.463,107.218,104.632,107.105,113.581,97.9883,301.042,-0.946495,-1.80826,0.567898
2.4635,106.526,104.814,106.212,114.752,98.016,301.075,-0.754985,0.716855,0.601899
2.464,105.552,104.057,106.092,114.746,97.9434,301.068,-2.35149,2.05273,0.298075
2.4645,106.044,104.024,105.554,114.61,97.9516,301.05,-2.51706,2.98851,0.568128
2.465,106.269,105.17,105.908,114.813,97.6798,301.008,-0.387772,0.998923,-0.124643
2.4655,106.364,106,106.189,nan,97.9167,300.97,-2.74499,1.22945,0.869563
2.466,106.996,106.776,106.993,nan,97.9098,301.044,-0.534091,1.2371,1.40013
2.4665,107.718,108.489,108.36,114.985,97.8927,301.045,0.802413,0.836786,2.99705
2.467,109.322,109.396,109.149,113.211,97.8053,300.978,-1.14587,1.55094,0.847298
2.4675,108.461,109.175,109.814,112.255,97.8049,301.002,-0.657074,2.05226,1.28716
2.468,108.05,110.63,112.27,111.797,97.992,301.126,-0.0650113,2.01772,0.283029
2.468,108.186,110.4,113.457,nan,97.8511,301.048,0.57441,0.714438,0.952501
2.469,107.687,109.571,114.751,110.798,97.8526,301.061,1.14815,-0.761382,0.181282
2.4695,107.998,110.354,115.615,109.082,98.0311,301.072,3.98,-1.47639,-0.336039
2.47,106.221,109.981,116.062,nan,97.9114,301.027,3.69201,-1.98133,-0.616347
2.4705,106.431,109.817,116.177,109.652,98.0439,301.108,3.77034,-1.7428,-0.147247
2.471,107.241,109.327,117.039,nan,98.0612,301.065,2.55106,-2.23324,-0.539134
2.4715,107.369,110.534,117.048,109.258,97.9739,301.02,0.532256,-2.72974,1.35529
2.472,107.851,110.725,115.749,109.448,97.927,301.134,0.63954,-1.00754,-0.163503
2.4725,109.128,112.68,115.903,107.776,97.952,301.021,1.73745,-1.54876,-1.76821
2.473,109.53,112.708,115.065,nan,97.9279,300.984,0.69033,-1.82209,-2.05257
2.4735,111.718,113.823,115.029,109.211,98.0101,301.081,0.36002,-3.08093,-1.65219
2.474,112.633,115.924,116.168,108.523,98.0527,301.051,-1.29168,-1.89217,-2.84279
2.4745,114.084,116.521,115.98,108.401,98.028,301.068,-2.94451,-1.64003,-0.987818
2.475,116.19,118.627,117.09,nan,98.0749,301.088,-2.1787,-0.470755,-1.37713
2.4755,116.728,118.435,116.433,107.207,98.0256,301.108,-0.94047,1.31251,0.0540408
2.476,117.675,119.506,117.762,nan,98.1274,301.063,-1.96072,2.48372,0.339498
2.4765,118.499,118.88,118.699,nan,98.1546,301.08,-1.45537,2.39555,0.298207
2.477,117.864,118.787,119.118,nan,97.9711,301.124,-0.407207,0.0795138,1.2578
2.4775,118.365,118.491,119.751,nan,98.0842,300.986,-0.781699,0.922356,-0.870374
2.478,118.676,117.404,119.025,nan,98.0741,301.09,-1.35081,2.73785,0.737055
2.4785,117.179,117.126,118.592,nan,98.036,301.031,-0.539365,1.77605,0.138515
2.479,117.244,115.765,117.803,nan,98.0094,301.064,-0.314046,1.35421,1.22511
2.4795,116.863,115.92,116.838,nan,98.0316,301.093,3.05675,1.93793,0.346918
2.48,115.889,115.205,115.373,105.422,98.0303,301.137,4.49389,0.93711,2.43792
2.4805,115.956,113.919,113.822,nan,98.0199,301.09,3.69193,-0.414682,1.94428
2.481,116.85,115.279,112.323,nan,97.9314,301.155,1.78258,-0.576645,1.51463
2.4815,116.404,114.689,111.356,108.573,98.1265,301.103,1.26938,0.233106,0.381889
2.482,117.85,114.393,109.765,107.821,98.0336,301.03,1.25484,-0.0657149,0.934609
2.482,118.418,114.993,108.744,nan,97.9352,301.046,-0.122609,-1.27811,0.0248975
2.483,118.827,114.97,108.927,109.641,98.0423,301.061,1.37022,-1.03921,-0.274522
2.4835,118.886,115.093,108.155,109.379,97.9758,301.137,0.744828,-1.81847,-0.0168302
2.484,119.003,114.695,108.103,nan,97.8561,301.013,-0.467907,-2.45439,0.924033
2.4845,117.679,114.125,108.513,nan,97.6837,301.01,-1.18765,-2.92045,-0.268237
2.485,117.43,112.164,108.404,109.487,97.7518,301.083,-2.63187,-1.27917,0.331279
2.4855,115.824,111.564,108.434,110.042,97.7301,301.011,-3.11194,-2.55579,-0.660428
2.486,114.363,109.859,109.302,109.462,97.7247,301.06,-2.75419,-1.75485,-1.35608
2.4865,112.525,108.101,109.327,110.035,97.7161,301.001,-2.60057,0.668291,-1.50596
2.487,111.488,107.105,108.186,nan,97.7687,300.984,-1.83565,0.56359,-1.7165
2.4875,109.411,105.894,108.005,nan,97.7703,301.113,-1.59567,0.659535,-1.59413
2.488,108.943,105.644,107.651,111.484,97.8019,301.061,-1.61336,-0.358822,-1.69153
2.4885,108.332,104.888,107.207,112.581,97.7849,300.986,-1.43517,-0.571424,-0.721874
2.489,107.136,105.021,106.274,112.33,97.7926,301.045,-1.26643,0.641164,-0.0653034
2.4895,106.896,105.046,105.638,113.927,97.8095,300.989,0.84489,1.54847,-0.352623
2.49,107.113,105.602,104.728,114.06,97.6833,301.088,2.35196,1.34249,-1.27516
2.4905,107.717,106.386,104.841,nan,97.8399,301.02,1.90652,1.82285,-0.0155579
2.491,108.244,106.593,105.378,114.512,98.0027,301.011,2.21434,2.9921,0.783927
2.4915,108.768,107.538,105.032,115.747,97.8718,301.016,2.2397,2.53179,0.835779
2.492,109.367,108.095,106.743,nan,97.8131,300.977,1.962,1.32279,0.477727
2.4925,109.219,108.331,107.61,nan,97.9617,301.058,0.994732,0.551595,-0.224563
2.493,108.391,108.307,108.59,114.583,97.968,301.063,1.92659,-1.11338,1.74924
2.4935,107.656,108.79,110.48,113.862,97.8892,301.118,2.77246,-0.0296128,1.28185
2.494,106.714,108.753,111.767,111.528,98.107,300.975,1.11798,1.30335,1.76522
2.4945,106.936,109,112.538,112.055,98.0756,301.018,0.801097,0.481524,1.44553
2.495,106.225,108.132,113.684,nan,98.1863,300.943,-0.279895,-0.231821,0.584298
2.4955,105.478,108.076,114.129,111.41,98.0908,301.104,-0.966967,0.0247558,0.15639
2.496,105.389,107.676,114.784,111.109,98.2391,301.095,-2.26272,-1.29652,0.299457
2.4965,105.611,108.506,114.584,nan,98.2302,301.087,-1.31531,-2.05969,-0.650057
2.497,105.137,109.755,114.411,110.074,98.2732,301.014,-0.774421,-1.99825,0.0756199
2.4975,107.136,111.063,115.208,nan,98.3764,301.002,-2.5674,-1.00482,0.211392
2.498,108.526,111.711,114.064,nan,98.4912,301.119,-1.49213,0.78032,-1.09248
2.4985,109.768,113.564,114.065,111.393,98.5264,301.059,-1.87958,0.469423,0.177623
2.499,110.892,115.002,114.306,110.091,98.5136,301.084,-1.35882,0.304259,0.286329
2.4995,112.851,116.521,115.863,110.496,98.6245,301.126,-1.76142,1.8026,-2.06513
2.5,114.369,117.134,114.89,nan,98.7933,301.098,0.0473639,1.37682,-1.90343
2.5005,116.016,117.46,116.01,108.166,98.7931,301.064,3.01358,1.18705,-1.23398
2.501,116.479,118.312,116.726,nan,98.9941,301.081,2.21004,1.25251,-1.67941
2.5015,116.732,118.922,118.214,107.552,98.9692,301.096,2.5833,1.39567,-1.77206
2.502,116.611,118.084,118.392,107.947,98.9522,301.076,1.26869,1.45859,-1.77685
2.5025,115.981,117.914,119.862,107.002,98.9963,301.109,1.5321,1.33474,-1.17618
2.503,116.126,117.048,119.737,104.928,99.0448,301.09,1.91597,2.33853,0.0606501
2.503,115.483,116.552,120.364,104.968,99.0197,301.12,1.14843,0.467929,-0.333386
2.504,115.829,115.64,119.66,104.011,99.2129,301.168,2.18573,1.21689,-0.294122
2.5045,116.287,116.248,118.868,104.759,99.1117,301.213,1.3917,-0.971074,-0.812069
2.505,116.451,115.268,117.427,104.58,99.2443,301.214,-2.09103,0.746598,0.418786
2.5055,116.786,115.538,116.514,nan,99.0958,301.224,-2.71785,0.378477,0.694927
2.506,117.004,115.85,115.384,105.435,99.2064,301.218,-1.35844,0.0709881,1.24199
2.5065,118.144,115.806,114,nan,99.1887,301.208,-0.559897,-0.392167,0.425254
2.507,118.371,115.819,113.13,107.502,99.3162,301.187,-1.7777,-0.647934,2.0657
2.5075,118.343,116.289,111.818,106.799,99.2957,301.255,-2.12382,-1.79116,2.02338
2.508,119.737,116.233,111.367,107.212,99.2246,301.22,1.03839,-1.64232,0.874926
2.5085,119.912,116.591,110.424,108.361,99.2676,301.281,-3.13103,-2.59081,1.07655
2.509,119.021,115.892,110.089,107.629,99.1782,301.315,-1.30248,-1.08365,-0.120742
2.5095,119.023,115.864,110.505,108.543,99.1016,301.388,-2.35311,-0.607672,0.515757
2.51,117.332,114.253,110.335,108.509,99.2312,301.378,-2.11324,-1.78232,0.882342
2.5105,116.99,113.342,110.663,nan,99.0125,301.325,0.770297,-0.146188,-0.0173003
2.511,116.318,111.351,110.548,108.997,99.1509,301.356,0.289884,0.174251,0.678746
2.5115,114.049,109.559,110.091,107.948,99.2234,301.49,1.26347,-0.654707,1.34733
2.512,113.435,108.768,110.124,107.958,99.2035,301.482,0.312267,-1.18678,-0.574415
2.5125,111.676,108.106,109.711,108.476,99.1588,301.391,1.65848,1.17889,0.135025
2.513,110.208,107.209,108.867,109.641,99.1513,301.506,1.06272,1.3681,-0.504231
2.5135,109.008,106.715,108.541,109.685,99.1491,301.5,1.34376,3.08634,0.303181
2.514,109.633,105.826,106.116,110.206,99.1242,301.497,5.39506,1.45384,-0.741435
2.5145,109.428,105.906,106.094,110.819,99.0337,301.519,3.11402,2.39989,-1.09555
2.515,108.557,106.398,105.189,112.234,99.1222,301.524,2.0531,0.60115,-1.84909
2.5155,109.174,106.659,104.903,nan,99.0341,301.503,1.61565,2.21486,-0.834958
2.516,110.003,107.502,103.967,113.995,99.2234,301.62,1.05732,2.60036,-0.345634
2.5165,109.304,108.056,104.291,114.785,98.9708,301.645,-2.11086,1.0969,0.0419842
2.517,109.709,108.398,104.282,nan,99.0047,301.651,0.234233,0.890146,-0.316054
2.5175,108.41,107.813,104.664,nan,99.087,301.571,0.825691,1.16697,-1.36498
2.518,108.316,108.623,105.858,nan,99.1319,301.691,-1.26751,-1.28284,-0.951573
2.5185,108.287,106.998,107.992,114.845,99.3028,301.587,-2.92012,-3.18754,-1.39673
2.519,106.617,107.231,108.126,113.757,99.175,301.717,-1.59089,-2.60928,0.104955
2.5195,105.62,106.717,110.077,114.22,99.1374,301.692,-2.94663,-2.23881,-0.0755805
2.52,104.841,106.557,110.414,nan,99.0439,301.777,-1.57955,-0.689593,1.04767
2.5205,104.671,106.274,112.193,112.975,99.2172,301.785,-2.48721,-2.46955,0.895535
2.521,103.857,106.898,112.765,112.77,99.3039,301.828,-0.806987,-0.976996,-0.174321
2.5215,104.537,106.518,112.938,111.492,99.2532,301.852,0.281673,-0.0810305,2.10795
2.522,105.267,107.824,112.814,nan,99.3448,301.843,0.76976,-1.80299,1.82299
2.5225,106.493,108.092,113.03,111.89,99.3371,301.888,1.02893,-1.60099,0.66735
2.523,106.789,109.793,113.082,nan,99.369,301.879,1.35505,-0.849256,0.444209
2.5235,108.974,111.365,112.752,112.153,99.3828,301.848,0.104985,0.915296,1.66645
2.524,109.945,113.06,112.108,111.326,99.3828,301.824,2.77534,-0.0478046,1.861
2.5245,111,113.58,113.491,112.572,99.3783,301.847,3.94464,2.04118,1.74719
2.525,112.558,114.364,113.695,110.415,99.4916,301.888,1.53514,3.06122,0.1443
2.5255,113.991,116.845,114.33,111.497,99.5204,301.958,1.40327,2.15292,-0.381778
2.526,114.705,116.405,115.107,nan,99.4235,301.939,1.49482,1.41767,-0.518799
2.5265,114.819,116.947,114.932,nan,99.6697,302.048,0.0875129,-0.157627,-0.123544
2.527,114.627,116.991,117.367,110.126,99.5946,302.018,1.52876,1.05818,-0.268849
2.5275,114.998,117.393,118.3,nan,99.6113,302.102,0.461805,1.6614,-0.0268538
2.528,114.617,116.768,119.521,nan,99.5197,302.026,-0.019974,0.531619,-1.46644
2.5285,114.488,116.575,120.017,nan,99.5336,302.194,-1.51468,1.10741,-0.362643
2.529,114.526,116.311,119.864,nan,99.5904,302.161,-1.77223,0.851826,-0.831673
2.5295,115.376,115.814,120.284,105.695,99.4357,302.187,-4.56942,0.0465265,-0.547719
2.5295,114.515,115.551,119.53,104.277,99.4501,302.201,-3.82271,-1.9909,-0.811291
2.5305,115.651,116.407,118.926,104.635,99.4624,302.132,-2.05108,-2.016,-1.66223
2.5305,116.079,116.675,117.769,105.253,99.5462,302.23,-1.00274,-0.711055,-0.841961
2.5315,117.896,116.913,116.926,nan,99.4325,302.207,-0.153322,-0.730291,-0.464351
2.532,119.006,116.591,115.794,105.321,99.2854,302.23,0.143783,-1.52918,0.290133
2.5325,120.02,117.532,114.648,105.389,99.3574,302.257,-2.37646,-1.4537,-0.71684
2.533,119.993,118.206,114.181,106.274,99.2167,302.313,1.52225,-0.0598113,0.120387
2.5335,120.562,117.83,113.312,106.991,99.169,302.329,0.656947,-1.66092,2.5587
2.534,120.892,118.064,112.613,108.247,99.2776,302.277,2.37586,-1.76945,0.376325
2.5345,120.276,118.071,112.013,nan,99.1438,302.283,2.81185,-0.746597,1.79228
2.535,119.586,116.064,112.048,106.588,98.9919,302.367,2.08773,0.98092,1.22963
2.5355,118.503,114.929,112.253,nan,99.0272,302.364,3.88657,2.41514,0.589719
2.536,117.282,113.731,112.315,106.924,98.8278,302.375,2.46146,2.69995,1.77862
2.5365,115.775,112.656,111.926,106.436,99.005,302.372,0.602955,3.22232,2.11999
2.537,114.7,109.725,111.615,107.929,98.7246,302.348,0.297681,0.423568,1.75363
2.5375,112.721,109.19,111.832,106.944,98.787,302.334,2.84491,1.51748,1.52253
2.538,112.222,109.029,110.992,107.69,98.8214,302.376,0.895338,1.60459,0.811259
2.5385,111.166,107.822,110.112,108.008,98.5758,302.436,0.0214777,0.988894,1.03573
2.539,111.302,106.835,108.269,107.429,98.5593,302.504,-1.01064,1.37328,0.266997
2.5395,110.878,107.697,107.101,108.481,98.6535,302.578,-2.83856,1.94815,0.558832
2.54,111.435,107.117,106.735,109.429,98.4901,302.465,-2.64672,2.1129,-0.194409
2.5405,111.832,108.288,105.982,nan,98.4681,302.462,-2.24771,0.472756,0.448765
2.541,110.825,108.599,105.161,110.753,98.3058,302.465,-1.30139,1.12942,-0.792054
2.5415,110.945,108.256,104.412,112.137,98.4262,302.524,-0.963989,-1.50672,0.31312
2.542,111.135,107.982,104.338,nan,98.376,302.462,-1.16552,-2.07394,-0.135681
2.5425,111.079,108.496,103.615,113.811,98.26,302.443,-0.145152,-3.06302,0.176503
2.543,110.02,107.783,105.113,nan,98.2803,302.526,-0.524519,-3.03805,-2.37148
2.5435,108.9,107.275,105.756,nan,98.0566,302.51,0.608792,0.795382,-1.48633
2.544,107.585,106.519,105.598,114.945,98.0524,302.604,-0.0526999,-1.61725,-2.16429
2.5445,106.303,105.919,108.124,nan,98.3494,302.544,0.780293,-2.95947,-1.39122
2.545,105.638,105.183,109.14,113.962,98.2518,302.57,2.01658,-1.49016,-0.95487
2.5455,104.889,105.569,109.387,nan,98.1549,302.527,2.41678,-1.58148,0.120483
2.5455,104.258,105.634,109.765,113.71,98.0986,302.536,1.86436,0.805002,-0.451925
2.5465,103.831,105.115,111.302,nan,98.183,302.588,1.51461,0.417925,0.203264
2.547,103.679,105.573,111.048,nan,98.0916,302.473,0.242762,-0.226353,0.990856
2.5475,104.653,107.344,110.572,113.214,98.1211,302.52,1.91587,0.987815,0.220457
2.548,105.813,108.765,110.729,112.562,98.1533,302.486,1.86063,1.89509,-0.179851
2.5485,106.643,109.833,111.163,112.728,98.0389,302.486,1.51884,0.941218,0.248454
2.549,108.526,111.486,110.724,112.567,98.0309,302.553,1.30025,1.95117,-0.64614
2.549,109.004,112.685,111.721,112.969,98.0904,302.526,-0.170059,1.91296,-0.988332
2.55,110.559,113.561,111.087,112.799,98.2219,302.533,-2.31189,1.38692,1.52784
2.5505,111.698,114.341,112.332,113.704,98.1347,302.605,-3.33538,2.10015,0.169893
2.551,112.493,114.76,113.337,nan,98.0987,302.505,-2.47904,1.75625,1.55326
2.5515,112.586,115.356,114.019,113.711,98.1211,302.508,-2.17066,1.84569,2.00722
2.552,113.11,114.755,115.417,113.056,97.9708,302.569,0.211117,2.91655,2.34137
2.5525,112.316,115.939,116.174,111.622,98.2171,302.471,-2.10097,0.270658,1.57053
2.553,112.162,114.696,118.202,nan,98.2797,302.504,-2.31171,0.264628,-0.980522
2.5535,112.935,115.059,118.754,109.946,98.2054,302.472,-1.73762,-0.858537,-0.285799
2.554,112.235,115.005,119.23,109.236,98.1775,302.507,0.376775,-1.53759,-1.01043
2.5545,112.902,114.901,119.952,108.118,98.2669,302.529,1.18903,-0.850049,-0.0201241
2.555,112.856,115.208,120.516,107.433,98.2034,302.451,0.739493,-1.15531,-0.321841
2.5555,114.945,115.402,119.689,105.895,98.0809,302.513,0.382151,-3.045,-1.28061
2.556,115.86,116.214,118.562,106.282,98.2172,302.411,1.4964,-2.28665,-0.639108
2.5565,116.446,117.438,117.977,105.251,98.2056,302.524,2.03538,-1.87468,-0.58678
2.557,117.247,118.167,117.961,nan,98.1276,302.435,1.49756,-1.38,-1.75729
2.5575,119.211,117.995,116.446,105.856,98.0855,302.475,1.8499,-1.92964,-1.74174
2.558,120.112,118.928,115.236,106.374,98.064,302.317,1.38061,1.07775,-2.64914
2.5585,121.067,118.38,115.004,nan,98.1698,302.438,2.17581,0.281539,-0.444808
2.559,121.557,118.834,114.57,106.682,98.0762,302.371,-0.0371971,-0.558509,-0.124432
2.5595,120.674,118.323,114.345,107.367,97.9862,302.298,0.148045,0.0397824,-0.558306
2.56,119.917,116.851,113.827,107.206,98.0577,302.365,0.697466,0.605312,-1.76073
2.5605,119.045,116.812,114.137,nan,98.0535,302.279,-1.05358,1.22967,1.21313
2.561,117.952,114.372,114.28,107.588,97.8664,302.387,-2.52664,3.48506,1.84258
2.5615,116.349,114.041,114.349,nan,97.9942,302.319,-2.14901,2.16309,0.155304
2.562,115.434,111.593,114.34,nan,97.7516,302.343,-1.15781,1.38926,-0.154281
2.5625,114.801,111.42,114.025,nan,97.7999,302.272,0.526669,2.19215,0.0085459
2.563,113.378,109.482,113.528,nan,97.8536,302.334,-0.868608,1.64318,0.0347024
2.5635,113.008,109.443,112.167,105.187,97.8308,302.274,-3.83744,0.166931,2.07013
2.564,113.819,108.799,111.292,106.043,97.5361,302.281,-2.60132,0.708935,1.03017
2.5645,112.954,109.357,110.954,nan,97.686,302.237,-1.18169,0.436881,1.80092
2.565,113.637,108.981,109.096,107.723,97.5492,302.346,0.59232,-0.0472663,1.39581
2.5655,113.844,109.369,107.555,nan,97.8541,302.149,0.639748,-1.5828,1.89624
2.5655,113.381,109.66,106.939,nan,97.5817,302.163,1.08952,-1.24782,0.899074
2.5665,113.551,109.165,106.558,108.443,97.6783,302.163,-0.38339,-1.80574,1.3653
2.567,112.7,109.134,105.841,nan,97.6553,302.211,2.73487,-0.883642,0.466197
2.5675,111.706,109.063,104.508,110.099,97.6085,302.26,1.75456,-1.73192,-0.835549
2.568,111.064,107.962,104.633,112.35,97.6787,302.131,2.72605,-2.80758,1.44601
2.5685,109.96,107.714,104.483,112.751,97.6352,302.149,2.27521,-2.31411,0.564894
2.569,108.678,105.969,105.803,112.434,97.5053,302.087,3.86558,-1.89622,0.768732
2.5695,107.34,106.633,106.648,nan,97.7438,302.101,0.545529,-1.81647,1.09063
2.57,105.937,105.52,106.855,113.094,97.5784,302.177,2.30012,-0.430548,-1.04102
2.5705,105.574,103.975,107.272,112.86,97.7465,302.11,-0.273961,-1.16285,-0.427247
2.571,104.38,104.029,108.194,112.644,97.7497,302,0.692512,-0.17791,-1.89076
2.5715,104.005,104.351,109.14,nan,97.8802,302.095,-1.11159,-0.529103,-1.56573
2.572,104.683,105.224,108.718,112.885,97.6146,301.989,-2.54708,1.4572,-1.49493
2.5725,104.34,106.133,109.812,nan,97.7558,302.054,-0.593045,1.74945,-1.18545
2.573,105.527,107.357,109.313,nan,97.7925,302.115,-1.32693,3.13935,-0.672308
2.5735,107.113,108.651,108.922,112.062,97.8782,302.039,-3.06486,3.08301,0.0763762
2.574,107.554,109.038,109.008,nan,97.7618,302.018,0.22763,1.92126,-0.615462
2.5745,109.127,110.784,108.594,113.073,97.9078,302.019,-2.43743,1.48454,-1.68914
2.575,109.278,111.723,109.388,nan,98.122,302.096,-0.906186,0.30614,-1.39636
2.5755,109.821,112.862,109.359,113.815,98.1538,301.896,-0.0207116,0.441802,-1.15492
2.576,110.376,113.123,110.368,nan,98.0265,301.978,0.799731,-0.932453,1.43258
2.5765,110.384,112.772,111.711,114.405,98.086,302.067,2.41537,1.10776,0.308014
2.577,110.464,113.378,112.144,nan,98.2391,301.898,0.9266,-0.195563,1.06741
2.5775,110.325,114.514,113.643,114.261,98.311,301.947,1.60817,-0.467518,0.949544
2.578,110.746,113.423,114.03,112.945,98.4548,301.948,2.01943,-0.133665,2.29462
2.5785,110.581,113.848,116.638,nan,98.4499,301.87,3.22249,-1.691,1.02361
2.579,110.528,113.427,117.724,111.869,98.4609,301.886,3.26136,-1.46751,0.804992
2.5795,110.769,113.631,118.667,nan,98.5546,301.957,2.87262,-2.22868,1.65704
2.58,113.2,114.271,118.853,nan,98.4954,301.817,2.25998,-2.93764,0.624283
2.5805,112.799,114.909,119.115,nan,98.7408,301.904,0.674242,-1.28905,0.71977
2.581,114.733,116.245,118.236,nan,98.7446,301.892,-0.317146,-0.912432,1.99183
2.5815,115.028,116.709,118.906,107.772,98.8104,301.934,-0.676628,-0.731825,1.41947
2.582,116.61,117.114,118.009,106.526,98.859,301.926,0.22456,0.0800002,1.15527
2.5825,118.724,119.049,117.651,107.677,98.9825,301.909,0.248699,1.18061,-0.169878
2.583,118.8,119.518,116.935,nan,98.6399,301.884,-0.250005,0.162315,0.838074
2.5835,119.55,119.432,116.33,106.881,98.9226,301.851,-1.36652,1.2399,-0.352384
2.584,120.341,119.472,115.311,nan,98.8512,301.858,-3.96198,2.281,-0.204696
2.5845,120.033,119.405,115.794,106.775,98.911,301.831,-2.97781,1.37837,-0.899952
2.585,119.837,118.491,115.598,nan,98.9232,301.785,-4.0503,2.37639,-0.544878
2.5855,119.361,116.926,115.304,107.24,98.8973,301.896,-0.996308,0.678914,-0.932859
2.586,118.814,116.686,115.195,nan,98.9244,301.917,-1.33607,2.68328,-0.283382
2.5865,117.606,115.94,115.76,106.836,99.0117,301.813,0.629458,1.71689,-1.42086
2.587,116.779,113.769,115.52,nan,98.8931,301.892,-0.201669,1.58979,-0.377706
2.5875,116.481,112.368,116.211,105.798,99.0313,301.834,1.23386,0.433559,-0.587499
2.588,115.994,112.426,115.729,106.453,99.0058,301.846,0.0973531,2.43982,-0.124135
2.5885,114.956,112.048,116.107,105.941,98.8966,301.829,3.26595,0.697559,0.269554
2.589,114.249,110.869,114.997,nan,99.1069,301.805,2.91539,-0.787315,0.0856669
2.5895,114.695,110.553,113.237,105.279,98.8938,301.837,2.834,-0.401519,0.965695
2.59,115.739,110.665,111.997,105.374,98.9613,301.752,1.68752,-1.79032,-0.244255
2.5905,115.226,111.078,110.625,nan,98.8952,301.885,2.89196,-2.24629,-0.392067
2.591,115.139,110.835,108.977,105.028,98.9948,301.982,1.22706,-2.68797,0.434455
2.5915,115.036,110.929,108.368,105.752,98.9419,301.793,0.882141,-1.96186,1.01028
2.592,115.402,110.555,106.696,nan,98.9093,301.719,-0.478445,-3.24773,2.4165
2.5925,113.952,109.455,105.059,108.408,98.9032,301.789,0.572528,-1.24338,0.758453
2.593,112.678,109.396,105.346,107.91,98.8745,301.842,0.842915,-1.67019,1.79043
2.5935,111.224,108.809,104.322,109.906,98.7732,301.781,0.550586,-1.26762,0.845375
2.594,109.609,106.342,105.461,nan,98.7847,301.914,-3.65342,-0.279251,0.970185
2.5945,109.8,105.985,106.162,110.277,98.9136,301.732,-4.52347,-1.08975,0.109054
2.595,107.245,104.962,106.27,111.32,98.9495,301.904,-1.7644,1.73307,0.82552
2.5955,106.203,104.141,106.362,112.144,98.9648,301.818,-3.13049,0.368277,1.93146
2.596,105.2,104.094,107.471,112.624,98.8914,301.827,-2.22197,1.19822,0.48368
2.5965,105.349,103.627,108.431,112.207,99.0944,301.827,-1.16375,1.71862,1.3205
2.597,104.418,104.724,108.28,111.298,99.0531,301.869,-0.695689,3.20549,0.349506
2.5975,104.323,104.94,107.655,111.935,98.9893,301.86,0.164256,1.72835,-0.374499
2.598,105.454,105.599,107.751,nan,98.9634,301.895,-1.66577,0.578713,-1.04111
2.5985,106.575,107.265,107.942,111.624,99.1072,301.849,-0.205394,1.09471,-0.614056
2.599,108.182,108.268,107.587,112.133,99.2001,301.854,1.81212,1.4161,-0.692031
2.5995,107.939,109.864,107.437,111.843,99.19,301.909,1.26706,2.25227,-0.149236
2.6,108.205,110.264,106.835,111.911,99.2309,301.872,3.71407,1.36363,-0.072402
2.6005,108.865,110.735,105.875,113.147,99.0731,301.978,3.28201,-0.00554049,-2.23566
2.6005,108.797,112.09,107.425,113.32,99.2815,301.884,1.10398,-1.02205,-1.26666
2.6015,108.755,111.626,108.742,113.403,99.3146,301.888,-0.157791,-1.23476,-2.37241
2.602,108.939,111.721,109.509,114.824,99.3622,301.844,2.22603,-0.626828,-0.784324
2.6025,108.783,112.099,109.634,115.822,99.4489,301.904,-0.856336,-2.38524,-0.957698
2.603,108.186,111.232,111.471,nan,99.4033,301.952,-0.176988,-1.12975,-0.98601
2.6035,108.888,111.451,112.898,nan,99.6041,301.814,1.82287,-0.417974,1.35335
2.604,108.595,111.396,115.293,114.151,99.4679,301.914,-0.0373581,-1.34855,0.620482
2.6045,109.18,112.931,116.04,114.213,99.5881,301.929,-3.41735,-2.02656,1.68769
2.605,109.742,112.508,116.269,112.586,99.6801,301.89,-2.59251,-0.762305,0.535184
2.605,111.241,113.339,117.394,112.584,99.3686,301.851,-4.03653,-0.733509,2.05119
2.606,112.618,114.434,118.67,111.606,99.6648,301.837,-3.61759,-1.43047,-0.142363
2.6065,114.219,116.804,118.425,nan,99.5457,301.965,-2.50483,-0.205532,0.227621
2.607,115.103,117.67,117.947,nan,99.6643,301.869,-1.08381,1.57533,1.06902
2.6075,117.113,117.984,116.916,108.131,99.7107,301.84,-2.6376,1.53854,0.364688
2.608,117.779,118.746,116.397,108.726,99.6357,301.896,-2.61998,0.887675,1.99987
2.6085,118.922,120.432,117.646,106.851,99.6954,301.863,-1.2322,0.881381,2.16348
2.6085,119.694,119.348,116.071,107.442,99.6164,302.001,-0.471809,1.88696,0.776444
2.6095,120.147,119.347,115.518,107.997,99.5859,301.939,0.237338,0.771671,1.63776
2.61,119.111,118.453,115.812,107.782,99.5802,301.976,1.90663,2.14761,0.870107
2.6105,118.367,118.892,117.129,nan,99.6456,301.972,2.18994,2.20126,-1.49213
2.611,118.27,116.617,117.142,nan,99.3479,301.877,2.66328,2.6429,-1.61559
2.6115,118.057,115.301,117.216,107.647,99.5506,301.825,3.38503,0.158689,-1.8021
2.612,116.794,114.984,117.153,nan,99.5629,301.947,1.67714,0.827597,-1.8586
2.6125,117.502,114.221,118.056,nan,99.2751,301.91,2.29212,-1.8208,-1.65496
2.613,115.427,113.391,118.412,107.674,99.6045,301.83,0.328735,-1.27766,-0.108258
2.6135,116.828,112.866,117.651,106.586,99.1609,301.901,1.36092,-2.00799,-2.10701
2.614,116.85,112.275,117.036,105.301,99.2838,301.874,1.47049,8.03428e-05,0.230319
2.6145,117.121,112.665,116.491,nan,99.2638,301.855,-0.578842,-0.937144,-1.36167
2.615,116.631,113.866,115.543,nan,99.2648,301.925,-2.31049,-1.29043,-2.59212
2.6155,117.818,112.515,113.813,103.898,99.132,301.857,-3.60034,-0.838577,-1.21906
2.616,117.824,113.639,111.705,104.605,99.1083,301.814,-5.1434,-1.64852,-0.779704
2.6165,117.681,113.794,111.848,nan,98.978,301.803,-1.56089,-1.12239,-1.39865
2.617,116.56,112.908,110.037,104.705,98.8465,301.902,-1.33951,-1.31946,-1.13422
2.6175,115.72,111.752,108.248,104.574,98.8756,301.833,-2.76398,-0.155051,0.778011
2.618,115.228,111.118,107.767,nan,98.6213,301.878,-1.63157,0.819635,-0.0434442
2.6185,113.446,109.919,107.395,106.068,98.8693,301.9,-2.85174,-0.300899,0.626014
2.619,111.625,107.606,107.203,nan,98.7536,301.844,-0.780998,1.52249,-0.0175948
2.6195,109.887,107.132,106.615,107.803,98.6162,301.845,0.212242,1.23589,1.3174
2.62,108.921,105.407,106.795,nan,98.7042,301.827,0.43849,1.76936,0.21902
2.6205,107.028,104.117,107.234,109.443,98.5878,301.861,3.35485,1.85994,0.105854
2.621,106.943,104.809,107.917,110.459,98.6364,301.761,2.84296,0.938822,0.988557
2.6215,106.217,103.921,107.077,110.253,98.5078,301.807,3.1,0.847545,1.16644
2.622,105.305,104.537,108.962,111.108,98.4915,301.835,2.04621,1.09523,0.952583
2.6225,106.284,104.414,108.111,nan,98.5193,301.81,-0.264745,2.25871,0.995475
2.6225,106.974,106.091,108.015,nan,98.3787,301.779,1.55886,1.14722,0.478351
2.6235,107.087,106.811,107.333,110.39,98.3269,301.614,3.45369,0.819962,0.421756
2.624,106.966,107.361,106.816,nan,98.4803,301.735,1.64514,-0.651353,-0.352923
2.6245,107.745,107.969,106.653,110.399,98.4997,301.709,1.10662,-0.697147,-1.76813
2.625,108.671,108.739,105.981,111.389,98.399,301.715,-0.0535642,-0.931307,-1.18052
2.6255,107.875,109.574,105.767,nan,98.2999,301.629,-1.02295,-0.416213,-0.0809341
2.626,108.156,109.507,105.388,nan,98.3588,301.686,-1.47904,-0.733673,-1.254
2.6265,108.503,109.421,106.339,112.22,98.3791,301.669,-1.86228,-1.64859,-0.948952
2.6265,107.487,109.986,106.26,114.278,98.3203,301.619,-1.93018,-2.17719,-0.786244
2.6275,106.931,109.766,107.568,114.335,98.4269,301.598,-2.60875,-3.87057,-0.34615
2.628,107.177,109.952,108.16,114.176,98.4522,301.639,-2.87404,-1.98657,-1.90137
2.6285,107.372,109.951,110.213,114.464,98.5317,301.649,-3.61568,-0.454693,-1.76654
2.629,106.995,109.399,111.65,115.09,98.4674,301.55,-2.02435,0.456337,-2.21861
2.6295,106.738,110.469,113.093,114.525,98.4462,301.524,-0.878762,-0.198189,-1.38425
2.63,107.439,110.891,113.807,114.184,98.3997,301.459,-0.347354,0.768701,-1.30875
2.6305,109.155,111.77,115.194,nan,98.3567,301.514,1.11968,1.02623,-1.96533
2.631,109.883,113.628,116.125,nan,98.3447,301.545,1.79951,-0.776898,0.145841
2.6315,112.139,114.805,117.006,nan,98.334,301.391,1.38956,1.06503,0.718711
2.632,114.109,116.396,116.58,nan,98.3068,301.343,0.410135,1.29587,0.719232
2.6325,114.043,117.227,116.763,nan,98.4249,301.456,1.09913,3.07351,0.284742
2.633,116.319,118.593,116.353,111.825,98.3437,301.411,5.14387,2.63153,0.322993
2.6335,117.459,118.861,115.665,110.803,98.3614,301.443,1.47611,2.84706,-0.674377
2.634,117.676,119.277,115.207,110.382,98.3598,301.437,3.36354,2.72286,-0.196078
2.6345,118.31,119.492,115.101,nan,98.2801,301.334,2.20153,0.879636,1.45167
2.635,118.291,119.355,116.022,109.164,98.2932,301.29,1.18226,0.46456,1.4127
2.6355,118.234,117.859,115.027,nan,98.3099,301.44,-0.222704,-1.58289,1.2922
2.636,118.519,116.421,116.215,109.124,98.2617,301.313,-0.870945,0.0430613,1.33905
2.6365,117.083,115.795,116.375,109.805,98.2387,301.324,-0.470787,0.641211,1.87894
2.637,116.226,116.189,117.569,nan,98.2686,301.277,-1.68166,-1.97106,0.623486
2.6375,115.998,115.832,118.075,108.231,98.3333,301.193,-2.48309,-0.368964,0.360173
2.638,115.947,115.108,119.178,108.989,98.2779,301.092,-0.757887,-2.32861,0.279891
2.6385,117.025,115.216,119.133,nan,98.357,301.153,-1.48052,-2.34807,-1.24466
2.639,117.299,114.509,118.656,nan,98.0497,301.264,-4.66707,-2.07224,0.0592201
2.6395,117.886,114.589,118.991,107.128,98.1104,301.098,-2.91926,-3.45903,-0.360508
2.64,118.311,115.51,117.814,nan,98.0845,301.094,-1.68146,-2.19197,-0.696613
2.64,119.333,115.421,117.267,nan,97.8354,301.155,-0.399082,-0.561955,-0.388404
2.641,119.337,115.289,115.543,105.739,97.8247,301.116,-0.0827819,-0.421827,-0.109684
2.6415,119.22,115.034,113.559,105.587,97.8493,301.007,-0.760458,-0.164633,-0.676625
2.642,118.071,114.208,113.221,104.119,97.7754,300.947,1.98553,-0.455367,-1.44318
2.642,117.428,112.694,111.463,nan,97.7409,300.948,0.838741,0.487607,-2.06538
2.643,115.893,112.695,111.373,104.02,97.73,300.993,1.99687,1.51699,-0.0223773
2.6435,114.798,111.04,109.569,nan,97.645,300.947,4.28624,1.01579,-0.622357
2.644,113.594,109.252,108.28,105.191,97.5751,300.982,3.26397,0.793907,-0.223858
2.6445,111.498,107.984,108.332,nan,97.6397,300.894,2.61835,3.09165,-1.42471
2.645,110.308,107.302,109.058,nan,97.6151,300.885,3.09876,2.03843,0.178465
2.6455,110.207,105.713,108.463,106.96,97.5319,300.924,1.32233,0.872733,0.0993
2.6455,108.337,104.859,108.483,108.174,97.5738,300.846,-0.602272,1.21142,0.16053
2.6465,107.176,105.155,108.84,108.613,97.6495,300.782,-0.713967,0.0669145,0.117786
2.647,107.01,105.371,109.067,108.836,97.4461,300.806,-1.46837,1.26208,0.71719
2.647,107.512,105.734,108.774,nan,97.5343,300.71,-0.461151,-0.656107,1.26064
2.648,108.123,106.249,108.285,109.279,97.476,300.729,-0.497015,1.37757,1.06224
2.648,108.049,106.708,107.683,108.758,97.5908,300.721,-0.730574,-0.408575,1.41729
2.649,108.771,107.2,108.042,109.189,97.6189,300.707,-2.81051,-2.51254,0.32957
2.6495,108.75,107.111,108.018,nan,97.5811,300.657,-3.07521,-1.87326,2.02686
2.65,108.181,108.258,106.302,nan,97.5831,300.696,-3.82177,-2.04508,1.25404
2.6505,108.908,108.311,105.987,109.209,97.576,300.602,-0.445861,-0.872647,1.98686
2.651,107.882,109.245,105.186,108.213,97.7763,300.586,-1.03789,-2.47915,1.3801
2.6515,108.303,108.248,104.775,109.873,97.4698,300.68,0.628228,-2.66462,0.784867
2.652,106.594,108.335,104.151,nan,97.6957,300.517,-0.595519,-0.471999,-0.960485
2.6525,106.132,108.271,105.193,111.969,97.6022,300.515,-0.6186,-2.10473,0.0161943
2.653,105.435,107.335,106.059,nan,97.821,300.565,0.0630841,-0.969475,-1.01804
2.6535,105.254,107.337,106.954,113.518,97.8197,300.54,0.562248,-1.1057,0.204202
2.654,105.578,108.585,108.14,nan,97.8712,300.564,2.05087,-2.12913,-0.760587
2.6545,105.684,109.136,109.704,114.065,97.9124,300.503,2.56121,0.413528,-0.548078
2.655,107.015,108.865,111.028,114.983,98.0536,300.479,0.970677,1.14821,-2.88737
2.6555,107.777,110.708,112.149,116.114,98.1539,300.535,1.80645,1.88798,-2.73487
2.656,109.606,112.554,113.097,115.305,98.0683,300.459,2.871,0.605397,-2.81974
2.6565,110.452,113.125,114.031,114.359,98.0315,300.381,0.151602,3.84731,-1.76033
2.657,112.482,114.865,114.676,nan,98.0878,300.471,1.2309,1.63177,-0.878254
2.6575,113.858,116.15,114.91,115.008,98.2562,300.504,0.942057,0.599421,0.0284131
2.658,114.497,116.99,114.952,112.774,98.2307,300.463,-0.418097,0.802758,-1.31233
2.6585,116.559,117.635,115.119,111.077,98.3882,300.47,0.0736018,0.883876,-0.138511
2.659,116.732,117.147,114.768,111.476,98.6232,300.337,-0.769085,-0.372705,-0.120417
2.6595,116.616,117.791,114.941,nan,98.5188,300.437,-2.77187,1.91122,-0.662163
2.66,116.33,117.85,115.037,nan,98.5753,300.458,-4.27597,1.00821,-0.560479
2.6605,116.224,117.614,114.44,110.828,98.5581,300.294,-2.75525,-0.0923446,-0.849201
2.661,115.948,117.68,115.243,111.329,98.5006,300.452,-2.00972,-0.31188,0.637615
2.661,115.927,117.389,115.923,nan,98.5912,300.348,0.123722,-1.16519,1.14798
2.662,115.233,116.485,116.812,111.593,98.598,300.266,-1.81156,-1.49763,0.976557
2.6625,115.833,115.703,117.331,110.944,98.6109,300.445,-1.26817,-3.03032,0.912724
2.663,115.874,115.082,119.388,nan,98.6593,300.368,-2.86721,-1.6937,0.664016
2.6635,117.373,115.537,118.451,nan,98.6461,300.345,-1.98,-0.861795,1.2411
2.664,117.698,116.298,119.475,109.484,98.7598,300.342,0.821252,-1.2605,0.493964
2.6645,118.871,116.155,120.132,110.218,98.6999,300.45,2.94286,-0.383649,0.530335
2.665,119.94,116.649,119.044,108.657,98.7594,300.29,1.20532,-2.22243,1.289
2.6655,119.765,117.285,119.051,108.593,98.603,300.271,2.13104,-1.52809,0.680997
2.666,120.802,116.434,118.383,107.559,98.5651,300.29,2.60176,-0.410503,1.01568
2.6665,120.168,116.27,116.924,107.145,98.6338,300.32,1.98189,0.607546,1.37848
2.667,119.962,116.584,116.195,105.625,98.772,300.225,0.957646,2.53348,1.03727
2.6675,118.602,115.332,113.917,nan,98.6291,300.381,1.74121,0.953396,0.198859
2.668,118.008,114.336,112.897,105.218,98.6432,300.204,1.55831,2.24373,-2.21361
2.6685,117.289,112.711,113.004,105.713,98.6843,300.267,0.343428,1.45682,-1.16131
2.669,115.455,110.751,111.48,nan,98.7207,300.36,-0.357792,1.2922,-1.20581
2.6695,113.621,110.263,110.914,nan,98.618,300.261,-2.22836,0.937732,-2.52605
2.67,112.412,108.288,109.709,nan,98.7452,300.242,-3.54439,1.63592,-1.56288
2.6705,110.927,107.599,110.117,nan,98.7633,300.276,-3.97672,0.64453,-0.271795
2.671,110.056,106.883,110.621,106.68,98.7244,300.4,-2.86531,1.99329,0.971955
2.6715,109.141,106.423,110.033,107.409,98.7688,300.317,-1.03353,0.512535,-0.0518415
2.672,109.922,105.689,110.222,106.84,98.6699,300.392,-1.57504,0.601505,0.467276
2.6725,109.864,106.52,110.902,nan,98.7403,300.446,-1.19946,-2.06304,-1.47787
2.673,109.465,106.177,109.817,107.278,98.6578,300.292,-0.207911,-1.02368,-0.358198
2.6735,109.113,107.281,109.83,108.319,98.8342,300.368,-1.86092,-0.809643,0.244599
2.674,109.704,107.437,108.989,107.879,98.6266,300.367,-1.27484,-0.666805,-0.512711
2.6745,110.64,108.544,107.736,108.394,98.8904,300.432,2.16825,-0.10295,-0.103836
2.675,109.009,107.877,107.284,107.453,98.6882,300.436,0.787646,-1.76871,-0.327152
2.6755,108.905,108.023,106.381,109.409,98.7503,300.481,1.65906,-1.8203,2.01902
2.676,108.246,107.792,104.531,nan,98.7857,300.305,2.4708,-1.85004,0.688532
2.6765,107.945,106.711,105.048,nan,98.915,300.481,1.80785,-2.78939,1.08222
2.677,106.154,106.934,103.808,109.447,98.9518,300.485,2.04214,-1.05679,0.964916
2.6775,105.919,106.582,103.761,108.909,98.8976,300.422,2.36781,0.266254,-0.583719
2.678,104.725,105.987,104.423,109.782,99.0002,300.457,2.17334,0.528494,0.740162
2.6785,104.443,106.154,105.256,nan,99.0389,300.511,1.57755,1.29505,0.875852
2.679,103.938,106.539,106.281,111.412,99.0982,300.508,0.971943,0.261589,0.0381598
2.6795,104.915,107.123,106.378,112.351,99.0848,300.432,-0.313954,1.1896,1.03521
2.68,105.107,108.056,108.201,112.561,99.3381,300.556,-2.67723,0.337406,1.21
2.6805,106.03,109.407,109.802,113.644,99.2513,300.554,0.246265,0.116134,1.96259
2.681,107.968,110.791,110.292,114.107,99.2878,300.574,-3.40618,0.806279,-0.216646
2.6815,109.026,111.67,111.196,115.072,99.269,300.533,-2.55625,2.32876,0.658699
2.682,111.279,113.342,112.131,nan,99.3891,300.515,-1.78505,2.63263,-0.2935
2.6825,111.768,114.492,112.978,114.162,99.3937,300.493,-1.22004,1.32145,-0.887835
2.683,112.741,115.382,113.119,nan,99.3637,300.458,-2.01568,1.50299,-1.11896
2.6835,113.61,116.134,112.956,113.654,99.5425,300.581,-2.43951,0.36796,-0.160623
2.684,115.28,116.349,112.68,113.383,99.4573,300.582,-2.37911,0.924199,-0.735275
2.6845,114.927,116.993,112.235,nan,99.5951,300.579,-1.17388,-3.44474,-1.06233
2.685,114.338,117.183,112.393,111.86,99.5344,300.497,-1.21279,0.106859,-0.753051
2.6855,114.513,116.346,112.209,112.261,99.5401,300.568,0.999766,-1.34363,-0.578298
2.686,114.045,115.96,113.878,112.046,99.6434,300.686,0.910876,-1.28373,-2.74324
2.6865,114.496,115.453,114.192,111.604,99.6751,300.605,2.37434,-1.13614,-0.282045
2.687,114.115,115.077,114.886,nan,99.7413,300.66,0.590731,-2.59994,-0.665872
2.6875,114.423,115.123,115.854,111.733,99.7312,300.653,1.0384,-2.75934,0.250945
2.688,115.42,115.795,117.209,112.128,99.5926,300.643,3.24006,-3.05616,-0.0999376
2.6885,116.605,115.419,117.356,111.742,99.7038,300.742,2.08174,-1.71245,0.286494
2.689,117.358,117.218,119.639,nan,99.6223,300.611,2.38536,-1.06469,0.462059
2.689,118.35,117.462,120.043,nan,99.7115,300.711,-0.669882,1.29031,1.69678
2.69,119.049,117.685,119.822,111.59,99.6824,300.653,1.46807,0.125372,1.31411
2.6905,118.85,117.809,120.089,111.486,99.4957,300.757,-0.972308,0.0205364,0.678177
2.691,120.373,118.552,120.663,111.815,99.5383,300.695,-2.29366,0.366492,0.218617
2.6915,120.584,117.9,119.455,nan,99.5728,300.719,-2.313,0.644225,1.76878
2.692,120.739,118.304,118.801,nan,99.5569,300.656,-2.72628,1.24455,-0.231602
2.6925,120.709,116.642,117.151,107.487,99.4982,300.793,-0.29238,0.715796,1.00904
2.693,119.4,115.753,115.616,nan,99.4874,300.822,0.0553825,1.54798,2.1285
2.6935,117.196,113.91,114.718,104.284,99.4813,300.709,-3.22852,1.63971,1.03058
2.694,116.647,113.244,114.356,105.599,99.3276,300.736,-2.99086,1.33045,1.26129
2.6945,115.216,111.598,113.296,nan,99.4361,300.791,-2.83579,1.13051,0.277294
2.695,114.389,110.32,112.48,nan,99.3364,300.793,0.200045,0.916742,1.12656
2.6955,113.018,109.73,111.356,nan,99.0161,300.777,-0.437709,-0.480264,-1.18157
2.696,111.447,107.95,112.705,nan,99.2313,300.794,2.13805,-0.0602726,-0.971034
2.6965,111.363,107.1,112.83,105.174,99.1799,300.887,2.41397,-0.0292138,-1.26835
2.697,111.36,106.878,112.493,106.433,98.9024,300.777,1.0436,-1.29636,-1.39795
2.6975,110.58,107.448,112.527,106.946,99.0859,300.8,0.868086,-0.68062,-2.02105
2.698,111.46,107.803,112.308,107.786,98.8015,300.873,3.2212,-0.937058,0.570971
2.6985,111.468,108.066,111.458,nan,98.9704,300.825,1.91402,-1.66813,-1.24053
2.699,112.028,108.635,111.468,107.134,98.8214,300.702,2.54488,-2.97901,-0.700755
2.6995,111.33,108.968,109.979,107.023,98.9095,300.877,2.33552,-2.04924,-1.77635
2.7,110.685,108.16,109.389,107.156,98.8073,300.81,1.86255,-1.34867,-1.47208
2.7005,110.211,108.639,108.319,107.803,98.8288,300.777,0.917722,-0.00327824,-0.425502
2.701,109.356,107.446,107.028,105.991,98.6928,300.934,-0.67353,1.45916,-0.286063
2.7015,108.679,106.647,105.461,105.98,98.7322,300.87,-0.677688,0.886267,-1.78467
2.702,106.71,106.651,104.606,107.967,98.6435,300.954,-2.15082,0.328885,-0.655068
2.7025,105.054,106.073,104.491,106.748,98.6931,300.869,0.0356918,-0.423536,0.137774
2.703,106.238,105.532,103.511,106.769,98.6457,300.832,-1.50746,0.0334237,0.118008
2.7035,104.722,104.646,103.726,108.38,98.6827,300.939,-2.28867,0.429614,-0.572799
2.704,104.1,105.69,104.755,108.726,98.5816,300.817,-2.87145,3.93497,-0.722043
2.7045,105.184,105.753,105.053,nan,98.5275,300.889,-3.30542,1.66356,0.589639
2.705,104.133,106.077,106.366,nan,98.6379,300.912,-1.66193,1.78652,2.21963
2.7055,105.082,107.486,107.194,111.729,98.6569,300.848,-1.28021,2.518,-0.116225
2.706,106.289,108.843,108.312,112.205,98.7247,300.875,-0.116717,1.55093,1.35922
2.7065,107.885,110.146,109.043,nan,98.7228,300.857,-0.912207,0.471194,0.0496912
2.707,108.708,111.31,109.475,113.587,98.685,300.838,-0.19088,-0.385536,0.605578
2.7075,110.372,113.454,109.859,113.075,98.5841,300.878,1.56646,1.03009,1.5564
2.708,110.841,113.633,111.016,nan,98.6239,300.88,0.698814,-1.33929,0.656471
2.7085,112.248,114.735,111.031,114.817,98.6228,300.952,1.21583,-0.251682,-0.343757
2.709,112.335,115.029,110.483,113.788,98.6491,300.869,2.86074,-0.742165,0.120825
2.7095,111.633,115.342,111.429,nan,98.6172,300.845,1.77412,-0.511808,0.115467
2.71,112.344,114.573,110.787,113.469,98.6027,300.841,4.45766,-2.7763,-0.117358
2.7105,111.802,115.842,110.797,nan,98.4597,300.949,1.50602,-1.84389,-1.21226
2.711,112.173,115.451,111.283,112.554,98.7852,300.831,1.63651,-1.64514,-0.11828
2.7115,112.291,114.709,111.268,nan,98.6964,300.907,-0.448611,-0.591337,0.218683
2.712,113.504,115.194,112.134,nan,98.5245,300.826,-0.597929,-0.890819,0.000602817
2.7125,112.963,114.992,113.202,112.646,98.5519,300.793,-0.221644,0.865468,0.388005
2.713,113.157,115.707,114.61,nan,98.7097,300.831,-0.43159,1.47029,-1.63665
2.7135,114.906,115.967,116.329,nan,98.4472,300.843,-2.54474,0.484366,-0.931208
2.7135,115.55,116.145,117.488,nan,98.5867,300.799,-3.04496,-0.119378,-0.590181
2.7145,118.08,117.315,117.974,112.637,98.542,300.87,-2.73,-0.558038,0.0923367
2.715,118.808,118.057,119.629,nan,98.5151,300.833,-4.57606,0.563486,-1.50863
2.7155,120.21,118.572,120.943,112.202,98.4478,300.902,-1.95662,1.75783,-0.972966
2.716,120.128,118.349,119.641,112.727,98.3264,300.816,-1.77518,2.90587,0.6475
2.7165,120.258,119.025,120.434,112.707,98.5498,300.868,-0.54694,1.87763,1.39876
2.717,120.84,118.954,118.814,nan,98.3594,300.761,0.786505,1.72165,-0.32717
2.7175,119.756,118.142,118.407,nan,98.4207,300.883,0.431951,0.711364,0.162297
2.718,119.221,116.643,117.784,nan,98.2986,300.903,0.235067,1.53069,-0.0270707
2.7185,118.349,116.377,115.859,nan,98.1753,300.921,2.12759,0.242393,1.36826
2.719,117.512,114.293,115.822,nan,98.3199,300.852,1.19222,-0.445231,1.74341
2.7195,115.804,113.192,115.336,107.296,98.0325,300.756,2.53267,0.0354186,1.64113
2.72,114.546,111.759,115.117,105.9,98.0753,300.813,3.50283,0.903755,2.20535
2.7205,115.189,110.528,114.491,106.164,97.9951,300.801,3.45198,-0.565669,2.55056
2.721,113.739,110.171,114.405,nan,97.8914,300.743,0.414064,-0.636963,2.9507
2.7215,113.535,109.298,113.373,105.87,97.9517,300.701,1.22296,-2.15567,0.836384
2.722,113.733,109.042,114.368,105.257,97.7779,300.792,1.09847,-1.65722,-0.109985
2.7225,113.691,108.742,114.391,106.672,97.7382,300.801,0.766376,-1.52443,0.0966265
2.723,113.314,109.665,115.484,nan,97.659,300.746,1.85254,-1.1662,0.258517
2.7235,113.454,109.965,114.847,nan,97.6422,300.784,0.394969,-0.972094,-0.293994
2.724,114.246,109.75,113.559,106.7,97.5819,300.85,-0.77341,-0.452601,-0.283129
2.7245,113.786,109.5,113.674,106.786,97.6292,300.727,-2.8838,-1.91375,0.0253306
2.725,112.989,109.241,111.714,107.047,97.5581,300.72,-3.15934,-0.416366,-0.684787
2.7255,112.521,109.099,111.21,106.726,97.5902,300.805,-4.57673,-0.432078,-0.119824
2.726,109.9,107.835,109.237,nan,97.5171,300.72,-4.04301,0.676453,-1.52511
2.7265,109.485,107.139,108.832,107.168,97.5284,300.734,-0.493405,0.647764,-2.602
2.727,107.964,106.395,107.228,106.591,97.5535,300.72,0.592924,2.93961,-1.66433
2.7275,105.967,105.37,106.463,nan,97.4009,300.731,-0.309747,2.57277,-1.94799
2.728,105.814,104.887,105.435,106.047,97.4909,300.786,-0.672318,2.22346,-1.09431
2.7285,105.103,104.631,104.628,nan,97.5001,300.746,-1.46584,0.774956,-0.306083
2.729,104.451,104.215,104.259,nan,97.466,300.8,0.741977,1.9013,0.39682
2.7295,103.468,105.394,104.667,106.893,97.5857,300.721,1.1643,0.423387,0.46281
2.73,104.433,105.045,105.309,nan,97.4671,300.723,2.08893,1.41054,0.419467
2.7305,105.23,106.278,106.194,nan,97.6764,300.686,2.76115,1.30966,-0.121541
2.731,105.893,107.55,107.019,109.513,97.7447,300.823,2.54811,-0.0289224,0.162099
2.7315,107.104,108.711,107.591,110.059,97.6161,300.768,3.10823,0.424859,-0.362095
2.732,108.201,109.548,108.573,nan,97.5646,300.751,1.56545,-0.354493,1.02917
2.7325,109.504,111.144,108.46,112.296,97.6043,300.781,1.33335,-1.24964,1.4475
2.733,109.725,111.696,109.217,112.553,97.863,300.779,0.124161,-1.65113,0.961342
2.733,111.251,112.687,108.643,112.749,97.7789,300.711,-0.0213974,-2.28115,1.59209
2.734,110.475,113.373,109.295,nan,97.85,300.778,-0.376793,-0.789202,1.58809
2.7345,110.557,113.638,108.929,nan,97.9341,300.846,-2.08041,0.0616458,0.665053
2.735,110.685,113.335,109.418,113.49,98.0516,300.856,-2.27116,-1.01212,2.73775
2.7355,110.193,113.071,108.502,112.704,98.0738,300.768,-3.87354,-1.34013,1.00305
2.736,110.021,114.02,108.543,112.294,98.0282,300.834,-1.06565,-2.90951,-0.333231
2.7365,110.791,113.168,108.408,112.175,98.0583,300.724,-0.862934,-1.42397,-0.50141
2.737,109.685,114.125,109.983,112.8,98.1106,300.812,-2.00865,-2.43317,1.45137
2.7375,110.473,113.545,109.993,112.503,98.2422,300.87,-1.06196,1.1117,-0.385744
2.738,113.043,114.602,112.262,113.21,98.265,300.794,-1.05862,1.06216,0.611665
2.7385,113.646,115.985,112.473,111.743,98.2545,300.799,-1.76161,1.11207,-0.149499
2.739,114.916,116.01,114.096,113.477,98.2531,300.765,-0.333432,1.20497,-0.644414
2.7395,116.237,116.905,114.947,nan,98.3857,300.894,0.180603,2.41058,-0.0124748
2.74,117.598,118.687,117.069,114.287,98.4992,300.841,2.65653,2.76113,-3.30563
2.7405,118.268,119.679,118.304,nan,98.4101,300.831,2.85622,1.29969,-2.10139
2.741,119.469,119.854,119.508,114.6,98.3839,300.994,1.47896,0.409682,-1.11792
2.7415,119.717,119.838,119.486,113.656,98.3469,300.821,1.92814,1.25952,-0.479773
2.742,120.829,119.219,119.234,114.299,98.408,300.93,1.09242,1.53635,-0.817805
2.7425,120.412,118.971,118.655,nan,98.3671,300.981,0.65546,2.38752,-0.477884
2.743,119.726,118.285,118.302,nan,98.4524,300.902,2.02133,0.795922,-0.947864
2.743,119.041,116.699,118.664,111.142,98.4122,300.9,2.37937,-0.194905,1.0527
2.744,117.946,115.017,117.834,111.108,98.5174,301.082,2.12689,-1.15926,0.304552
2.7445,116.631,114.905,116.747,109.364,98.5203,300.965,2.22461,-1.28402,1.06878
2.745,117.075,112.951,115.407,108.977,98.4615,301.064,0.188704,-1.69324,-0.55866
2.7455,116.024,112.02,115.726,nan,98.4502,300.95,-2.37321,-1.90495,0.799565
2.746,115.296,111.74,115.836,107.443,98.4568,300.979,-2.11841,-1.88908,0.862801
2.7465,115.478,111.982,115.168,106.96,98.2965,301.075,-2.63042,-1.51297,2.15782
2.747,115.813,110.906,116.048,108.054,98.4717,301.131,0.839993,-2.16865,1.16229
2.7475,115.935,111.434,116.346,107.03,98.5,301.064,-0.197662,-2.87292,1.7524
2.748,115.893,112.216,116.317,nan,98.5027,301.082,-1.41547,-0.613936,1.35902
2.7485,116.057,111.687,116.111,nan,98.4685,301.135,-0.303968,-1.35625,2.40122
2.749,115.513,111.359,116.792,nan,98.4581,301.176,-1.89951,-0.601568,1.06909
2.7495,115.835,110.844,115.589,107.664,98.3502,301.061,-1.94967,2.13252,0.848716
2.75,115.001,110.031,115.306,nan,98.3447,301.215,-1.31174,0.568295,1.2295
2.7505,114.035,110.416,114.412,nan,98.512,301.11,0.350852,1.04283,2.7451
2.751,111.842,108.394,112.503,107.324,98.355,301.238,2.10298,-0.00440683,0.920316
2.7515,111.263,107.878,111.607,nan,98.3389,301.273,3.60129,1.14602,-0.151336
2.752,109.791,107.087,110.476,106.176,98.393,301.354,1.49646,1.04733,0.624178
2.7525,108.416,105.442,108.813,105.923,98.5318,301.333,-0.0333822,0.951275,-1.26807
2.753,105.702,104.75,107.23,105.419,98.671,301.272,2.02528,2.5755,-1.20607
2.7535,105.032,104.67,106.532,105.864,98.5591,301.354,2.24266,2.28664,-2.13886
2.754,105.32,104.11,105.723,nan,98.5773,301.338,2.43139,0.540677,-1.07146
2.7545,104.541,104.693,105.294,104.966,98.6014,301.334,2.61288,1.1572,-1.08377
2.755,105.224,105.172,105.59,104.905,98.6268,301.404,0.92609,0.125453,-1.29837
2.7555,105.44,106.116,105.807,105.371,98.5102,301.379,-1.54314,-1.85129,0.105559
2.756,106.49,105.99,106.155,106.289,98.6681,301.395,-2.39935,-0.608986,-0.347476
2.7565,106.633,107.766,106.651,107.623,98.7619,301.51,-2.34622,0.844128,-0.155929
2.757,107.165,108.764,106.962,108.181,98.7765,301.527,-1.41386,-1.30142,-0.913934
2.7575,108.491,109.629,108.147,nan,98.8941,301.531,-1.54881,-0.86031,-0.846939
2.758,108.61,109.816,108.01,nan,98.9902,301.499,-2.24921,-0.942355,-1.8505
2.7585,108.466,110.958,108.74,nan,98.9596,301.619,-1.38313,-1.31022,-0.583394
2.759,108.142,111.814,108.187,111.444,99.0066,301.628,-3.21406,-0.968124,1.36595
2.7595,110.192,111.794,108.001,nan,99.1714,301.541,-3.09714,-2.03723,0.238249
2.76,108.435,111.113,107.449,nan,99.1534,301.569,-1.82361,-1.46933,1.00787
2.7605,108.238,111.27,107.685,112.599,99.2163,301.592,-0.402196,-1.25839,0.799808
2.761,107.358,111.249,106.416,nan,99.2842,301.778,0.70796,-1.70814,1.7531
2.7615,107.834,111.737,106.972,111.731,99.3208,301.759,2.83178,1.18931,1.58314
2.762,108.556,111.5,107.402,nan,99.2554,301.748,4.12786,-2.03942,0.496848
2.7625,109.439,112.113,107.428,111.202,99.3755,301.749,1.37049,1.79091,-0.0917873
2.763,110.626,112.657,108.503,nan,99.5758,301.826,0.223963,2.03667,1.75724
2.7635,111.233,114.57,109.709,nan,99.537,301.756,2.09153,0.702828,1.02622
2.764,113.213,116.18,112.193,112.224,99.3269,301.768,2.50057,1.37038,2.77591
2.7645,115.027,116.812,113.248,112.04,99.4181,301.874,2.08805,2.7345,1.79256
2.765,115.785,118.014,114.434,112.876,99.4393,301.837,3.30443,2.19799,1.27144
2.7655,117.279,119.017,116.39,nan,99.6905,301.875,0.617526,2.69235,0.399631
2.766,117.562,118.904,117.401,nan,99.6379,301.841,-0.355515,2.06371,-0.657934
2.7665,118.674,119.875,117.723,nan,99.5835,301.891,-1.14535,-0.135639,-0.812058
2.767,118.748,120.148,117.928,nan,99.7184,301.927,-2.06266,-0.522373,-1.68028
2.7675,119.596,119.537,117.476,nan,99.7382,301.957,-1.10974,0.0442965,-1.90796
2.768,118.897,118.346,117.456,115.283,99.5126,301.893,-2.34533,0.0757342,-1.9829
2.7685,119.124,117.214,117.446,112.621,99.4753,301.994,-1.1697,-1.48001,-0.614423
2.769,117.885,116.246,117.01,114.402,99.76,302.012,-4.54714,-0.813488,-1.49222
2.7695,117.529,115.986,116.936,nan,99.5959,302.048,-4.01544,-2.55205,0.122531
2.77,116.9,114.426,115.887,111.354,99.6502,302.077,-3.88023,-1.47364,-0.55114
2.7705,116.444,114.033,116.44,nan,99.4232,302.07,-1.89824,-2.31054,-1.87328
2.771,115.791,113.634,115.711,nan,99.5513,302.137,-0.071058,-2.3794,-0.0406964
2.7715,117.076,113.209,116.161,109.833,99.6579,302.102,1.21481,-1.33426,-1.15826
2.772,116.593,112.927,116.014,109.261,99.3802,302.057,1.10061,-0.915989,0.777216
2.7725,116.188,113.527,116.996,107.752,99.3738,302.112,0.558307,-0.0944559,0.348477
2.773,117.062,113.157,116.619,108.609,99.3395,302.229,0.904618,-0.439174,1.52437
2.7735,117.032,113.299,117.73,107.136,99.4054,302.192,1.98861,0.65436,-0.367138
2.774,117.987,113.755,118.287,108.472,99.1868,302.22,2.79937,-0.361952,0.987988
2.7745,117.598,113.199,117.182,108.212,99.4169,302.288,3.47358,1.20233,2.25552
2.775,117.137,111.419,117.44,107.511,99.3447,302.244,3.80897,1.31763,1.50828
2.7755,116.42,110.911,116.451,nan,99.0791,302.255,2.68576,1.47782,1.05343
2.776,113.914,110.512,115.689,107.836,99.2743,302.316,2.31246,4.77071,0.897237
2.776,111.905,108.597,114.313,nan,98.9752,302.255,1.52065,3.61953,2.28616
2.777,110.766,107.976,113.468,107.932,99.0558,302.183,-1.26311,1.77018,0.935041
2.7775,109.849,106.874,112.495,106.775,99.1868,302.295,0.0132518,1.40676,2.12249
2.778,107.166,105.869,110.496,105.53,99.0589,302.404,-1.08376,-0.827899,1.0854
2.7785,107.014,105.432,109.004,105.957,99.0641,302.318,-1.88261,0.11816,1.58209
2.779,106.911,103.882,106.583,105.681,98.9953,302.397,-2.00269,-0.600908,1.08222
2.7795,105.805,104.037,106.951,104.237,99.0918,302.36,-4.49282,-0.731967,-0.593938
2.78,106.092,104.53,107.092,104.488,98.9325,302.33,-3.32072,-0.691575,-1.26835
2.7805,106,105.16,106.594,nan,99.1056,302.324,-2.77137,-0.894091,-1.63017
2.781,107.591,106.523,107.358,nan,99.033,302.372,-2.49005,-1.90854,-1.26094
2.7815,108.199,107.232,107.528,104.796,98.905,302.383,-0.35173,-2.3369,0.184199
2.782,107.401,107.597,107.777,nan,98.8901,302.353,1.32772,-1.87339,-0.63172
2.7825,107.842,108.491,108.063,106.874,98.9017,302.316,-1.0743,-2.77371,-1.53671
2.783,108.445,108.754,108.494,107.17,98.7759,302.362,-0.259193,-0.879042,-0.658768
2.7835,108.652,109.427,108.583,nan,98.9198,302.344,0.664786,-0.0785424,-1.97386
2.784,108.294,109.174,107.83,108.718,98.9408,302.408,0.645057,0.587289,-1.25811
2.7845,107.999,110.393,107.85,nan,98.887,302.327,2.24083,-1.42294,-1.69142
2.785,107.688,109.847,106.561,109.816,98.8941,302.355,2.75113,-0.894028,-0.548318
2.7855,107.369,109.268,106.875,nan,98.8194,302.421,3.32859,0.885935,-0.688565
2.786,107.397,109.322,106.627,nan,99.096,302.43,1.50212,0.729449,0.528045
2.7865,106.642,109.854,106.035,111.045,98.8215,302.33,1.07658,1.46777,-0.072557
2.787,106.66,109.959,105.586,111.182,99.014,302.404,0.700916,1.47303,1.27087
2.7875,107.485,111.157,105.846,110.761,98.9456,302.356,0.943689,2.46861,0.664263
2.788,109.482,111.704,106.424,110.713,98.8294,302.442,1.48941,2.55314,1.2969
2.7885,110.155,113.729,106.893,111.078,98.8489,302.425,0.0421991,1.3179,1.42754
2.789,111.576,114.417,109.087,nan,98.8318,302.383,-0.920572,1.61267,0.886563
2.7895,113.407,115.082,109.506,110.331,98.8907,302.415,-1.10111,0.105409,0.218462
2.79,114.87,116.381,110.925,111.385,98.994,302.36,-1.66428,0.76169,1.33787
2.7905,116.706,117.637,112.056,nan,98.8994,302.35,-1.93461,-0.705522,1.83196
2.791,116.408,119.312,113.92,112.567,98.8732,302.443,-1.91284,0.000484549,0.66791
2.7915,117.604,118.934,114.714,113.491,98.7909,302.271,-1.76474,-0.272012,2.02441
2.792,118.254,119.499,115.952,113.765,98.7087,302.299,-1.31881,-0.306566,-0.367498
2.7925,118.368,118.322,116.379,114.501,98.8676,302.425,-0.676987,-1.85671,-0.673473
2.793,117.664,118.561,115.853,114.879,98.9252,302.448,-2.59273,-1.04766,-0.565595
2.7935,116.775,117.226,116.458,nan,98.7932,302.313,-1.28943,-3.24796,-0.43049
2.794,116.954,116.682,116.601,nan,98.8447,302.413,-0.475602,-2.43688,-1.08232
2.7945,116.404,116.116,116.379,115.161,98.7007,302.298,1.87923,-1.25817,-0.237364
2.795,116.429,114.951,115.8,114.941,98.6495,302.273,3.23194,-2.42519,-0.995586
2.7955,116.922,115.972,114.918,113.807,98.6987,302.341,2.6024,-1.53272,-0.448371
2.796,116.933,114.392,115.215,113.679,98.5604,302.354,2.3813,-0.659716,0.412221
2.7965,116.513,114.614,116.602,111.762,98.3476,302.298,2.15018,-0.170408,-2.00749
2.797,117.211,115.601,116.483,111.645,98.4356,302.366,2.03061,-0.902824,-1.5202
2.7975,118.199,115.503,117.265,111.283,98.5421,302.277,1.72275,-0.363001,-1.92474
2.798,119.131,114.361,116.4,111.037,98.2958,302.275,0.562183,0.85198,-1.20563
2.7985,118.957,115.526,118.163,nan,98.2022,302.238,1.01409,1.74659,-1.18253
2.799,119.165,115.623,118.914,109.554,98.2823,302.278,0.0113364,1.97026,-0.414361
2.7995,118.159,114.376,119.139,109.711,98.1783,302.337,0.635626,0.871012,-0.142504
2.8,117.993,114.049,119.547,nan,98.0645,302.194,-3.6512,1.70291,-0.657513
2.8005,116.896,112.749,119.469,nan,98.1148,302.222,-2.2219,0.944534,1.11237
2.801,116.072,111.51,118.691,109.429,98.0984,302.162,-2.06349,0.268992,0.37508
2.8015,114.408,111.106,117.071,109.305,97.8261,302.213,-1.69288,-0.364969,0.466018
2.802,112.601,109.413,115.652,nan,97.8579,302.132,-2.6637,0.907739,1.18313
2.8025,111.01,107.389,114.877,109.027,97.805,302.221,-0.917276,-0.908618,0.278797
2.803,110.237,106.112,112.86,108.556,97.7309,302.165,-1.66631,0.594918,0.718882
2.8035,108.777,106.056,112.155,nan,97.7061,302.116,-1.0211,-1.02925,1.87385
2.804,108.79,105.355,111.616,105.933,97.8097,302.074,-0.59349,-1.66471,0.410811
2.8045,107.925,104.992,109.624,107.227,97.6939,302.126,1.43797,-0.84517,2.25226
2.805,107.615,105.392,109.6,nan,97.7943,302.123,1.09961,-1.72249,1.90169
2.8055,108.243,105.221,109.063,nan,97.8281,302.073,2.32772,-1.66451,1.96378
2.806,107.59,106.042,108.482,104.033,97.8058,302.121,2.3316,-1.56535,1.172
2.8065,108.819,106.711,108.701,nan,97.667,302.134,1.26803,-1.10209,0.440093
2.807,108.352,108.111,108.45,104.943,97.6843,302.083,1.9917,-0.0186065,-0.00530199
2.8075,109.08,108.112,109.063,104.214,97.4289,302.184,2.52347,-1.77092,-0.315303
2.8075,108.357,108.032,109.469,105.869,97.5543,302.115,0.92169,-2.37188,-0.532418
2.8085,107.91,108.236,108.882,105.056,97.6112,302.077,2.12348,-2.02833,-1.12585
2.8085,106.99,108.861,108.922,107.198,97.6476,302.085,-0.0876729,0.597757,0.000515021
2.8095,107.152,108.35,108.375,106.749,97.7223,302.05,1.17653,0.519334,0.460581
2.81,106.644,107.718,108.259,nan,97.7753,302.071,0.0506461,1.54839,-0.907844
2.8105,105.197,107.552,107.699,nan,97.7781,302.025,-2.28977,1.20487,-1.05114
2.811,106.137,107.89,106.055,109.148,97.7402,302.014,-3.49349,1.26103,-1.69989
2.8115,105.194,107.619,105.117,108.852,97.7784,302.065,-2.7744,0.472171,-0.605844
2.812,104.895,108.066,105.131,108.788,97.6426,301.999,-1.5167,1.67983,-1.97999
2.8125,106.799,108.632,104.536,nan,97.7124,302.031,-0.771395,1.14709,-1.81279
2.813,106.688,108.972,104.692,109.273,97.776,302.009,-1.69534,2.26956,-1.67438
2.8135,108.718,111.422,105.306,109.174,97.7064,301.978,-1.81484,1.6717,0.209205
2.814,108.274,112.531,105.658,109.562,97.8942,302.061,-2.15907,1.53363,0.808363
2.8145,111.946,114.355,106.833,110.033,97.8739,301.919,-4.0215,-0.667379,-0.223534
2.815,112.557,116.602,107.189,109.179,97.8952,302.046,0.279688,-0.39241,0.529162
2.8155,113.783,116.403,109.011,109.721,98.0751,302.009,1.24719,0.040809,1.30729
2.816,114.987,117.647,110.393,nan,98.128,302.043,1.49893,-0.683485,0.157236
2.8165,115.102,117.819,111.872,nan,97.9777,302.085,2.2472,-1.39106,1.91879
2.817,116.448,117.876,112.896,112.614,97.9456,302.026,2.99609,-1.03051,0.905131
2.8175,116.388,117.745,113.593,113.862,98.0835,302.073,1.14242,-0.157192,0.586291
2.818,116.266,117.566,113.624,113.642,98.1154,301.956,1.52886,-1.40484,0.478908
2.8185,115.681,117.225,114.66,114.477,98.1676,302.024,2.10762,-1.9341,2.0669
2.819,115.202,117.342,114.843,113.945,98.183,302.019,2.1079,-0.629615,1.50197
2.8195,115.728,116.304,114.374,nan,98.0809,302.022,3.41988,-2.24659,2.02629
2.82,115.954,115.576,114.435,114.975,98.3031,301.925,1.5793,-0.532475,1.99624
2.8205,115.9,116.01,114.073,114.718,98.233,301.91,0.00385348,0.639342,1.5313
2.821,116.222,115.3,113.938,nan,98.1912,302.025,-2.24859,1.70049,-0.795599
2.8215,116.747,116.146,114.295,113.361,98.325,301.965,-1.39395,-0.228527,-0.573948
2.822,118.077,116.298,114.429,113.034,98.0904,301.951,-2.77231,1.66482,0.0931296
2.822,119.218,116.37,115.377,113.236,98.094,301.847,-1.9881,2.77321,0.906962
2.8225,119.256,117.068,115.628,nan,98.2491,301.905,-2.30982,1.67256,0.270689
2.8235,119.49,117.479,117.42,111.495,98.2477,301.964,-1.80797,1.55344,-0.462859
2.824,121.176,117.188,118.777,111.642,98.1909,301.883,-3.38196,2.97427,-1.24015
2.8245,119.316,115.793,119.313,nan,98.2504,301.948,-2.57251,1.97522,-1.9225
2.825,119.606,115.108,119.585,nan,98.0622,301.999,-1.61658,2.46637,-0.22935
2.8255,118.588,114.72,119.741,nan,98.2123,301.917,-0.332053,0.912772,-1.4613
2.826,118.039,113.376,119.232,110.813,98.189,302.056,0.279266,-0.428889,-1.76381
2.8265,116.042,111.511,119.351,111.073,98.0876,301.973,-0.434506,-2.49928,-1.80675
2.8265,113.925,110.916,119.195,110.743,98.2006,302.007,0.961991,-0.962621,-0.154638
2.8275,112.737,109.442,117.868,110.225,98.1162,301.935,0.524712,-0.12571,-1.52698
2.828,112.01,108.549,115.725,nan,98.2195,302.028,1.40057,-2.73489,-1.22018
2.8285,110.928,107.28,114.461,nan,98.0767,302.045,1.76004,-0.497811,0.7316
2.829,109.918,107.263,113.955,nan,98.1543,301.953,3.34078,-1.13407,-0.0833147
2.8295,109.532,106.076,112.14,108.695,98.2223,302.007,3.18878,-0.606334,-2.22754
2.83,108.937,106.22,111.153,nan,98.1448,302.056,3.01952,-2.9536,0.760753
2.8305,109.01,106.902,111.577,106.455,98.0912,301.919,1.8041,-1.97241,0.885816
2.831,109.523,107.202,110.049,nan,98.1768,301.983,-0.365218,-3.25924,1.47717
2.8315,109.639,106.893,110.551,105.371,98.198,301.966,-0.277006,-0.495941,2.07565
2.832,109.917,107.555,110.8,104.469,98.2131,302.012,-2.09864,-0.0192722,0.738871
2.8325,109.326,108.329,111.128,nan,98.2946,301.983,-1.42628,1.24914,1.52739
2.833,110.147,108.183,110.191,104.343,98.4156,302.082,-1.27415,-1.10028,2.42885
2.833,108.108,107.682,110.714,104.742,98.2475,302.009,-2.43719,3.11156,1.54237
2.834,108.446,107.511,111.057,104.346,98.3365,301.956,-2.86468,1.28201,1.15615
2.8345,107.387,107.113,109.337,105.57,98.3287,302.08,-2.39641,2.59686,1.00951
2.835,106.895,106.614,109.054,nan,98.3911,302.061,-2.49651,2.71952,0.456193
2.8355,105.963,106.484,108.515,106.436,98.5079,301.967,-1.31176,2.3249,2.4032
2.836,104.156,106.349,107.472,106.463,98.5064,302.085,-1.361,2.98833,1.85321
2.8365,104.549,105.839,106.391,107.448,98.6479,302.093,-0.289417,1.31038,-0.194742
2.837,104.761,107.424,105.945,108.333,98.7486,302.068,1.02773,1.55021,-0.496015
2.8375,105.264,107.342,104.739,107.034,98.7588,301.935,-0.226763,-0.255198,-1.64416
2.838,105.872,108.189,104.077,107.679,98.7885,302.077,1.2446,-1.00658,-0.352888
2.8385,106.498,110.24,103.46,107.331,98.8539,302.055,1.0132,-0.278291,-1.73871
2.839,108.604,110.919,104.409,nan,98.7878,302.138,2.03451,-0.345862,-0.0752878
2.8395,109.381,111.903,105.011,108.03,98.9987,302.074,2.83633,-0.414873,-1.51318
2.84,110.572,113.216,105.217,107.978,99.0117,302.108,2.14859,-0.647004,0.0614439
2.8405,112.066,114.683,107.2,107.874,99.2073,302.082,3.13109,-0.63797,-0.361301
2.841,112.763,115.584,107.631,nan,99.2554,302.156,-1.04097,-2.8634,-1.64621
2.8415,113.356,115.748,109.027,109.138,99.255,302.134,0.156039,-3.63785,0.112911
2.842,114.1,116.57,110.062,108.817,99.2448,302.131,-0.911232,-1.93898,-0.954691
2.842,115.339,116.394,111.139,nan,99.2652,302.137,-0.942476,-2.71093,-1.91163
2.843,114.318,117.032,111.79,111.843,99.3866,302.1,-0.482052,-2.11973,0.462594
2.8435,114.11,116.385,113.331,nan,99.374,302.162,-0.0284669,-0.0522361,-0.348146
2.844,113.802,115.546,112.524,113.383,99.3216,302.214,-1.69894,0.339598,0.877974
2.8445,114.192,116.023,112.7,nan,99.6247,302.174,-4.13866,0.706536,1.38556
2.845,113.774,115.444,113.355,113.383,99.6329,302.178,-2.21476,-0.279748,1.96674
2.8455,114.978,114.834,113.517,114.348,99.482,302.101,-1.26807,-0.814601,1.13964
2.846,115.609,115.907,112.088,114.188,99.5812,302.161,-3.07877,1.27207,1.71701
2.8465,116.454,116.954,112.952,nan,99.5235,302.191,-1.03352,1.81218,-0.116118
2.847,117.665,116.992,113.054,114.33,99.549,302.184,-0.637961,1.51182,0.193046
2.847,118.433,117.3,113.73,nan,99.6146,302.199,-0.873209,2.04872,0.685583
2.848,119.759,118.058,114.434,113.579,99.6772,302.122,-0.676865,3.04908,1.48409
2.8485,120.441,118.087,115.479,112.672,99.5805,302.106,-1.33608,1.42884,0.417209
2.849,120.874,118.555,116.785,113.043,99.4205,302.173,1.06737,0.94271,1.94415
2.8495,120.684,118.11,117.689,111.881,99.5967,302.108,1.34801,0.644374,1.61136
2.85,120.72,117.206,119.065,112.5,99.5051,302.096,2.36402,-0.265606,0.219316
2.8505,119.548,116.668,120.233,112.979,99.6003,302.171,2.61169,-1.51342,-0.673551
2.851,119.167,115.777,119.875,111.888,99.4516,302.161,2.7217,-0.35539,-0.956447
2.8515,117.346,113.854,119.916,111.234,99.3605,302.196,0.905353,0.150798,-2.24595
2.852,116.642,112.801,119.923,nan,99.331,302.171,1.88969,-2.23111,-1.49737
2.8525,114.935,111.271,120.654,nan,99.4422,302.104,-0.579116,-2.24434,-0.797078
2.853,113.69,109.703,118.715,nan,99.2086,302.165,0.885143,-3.2629,-1.10144
2.8535,112.374,108.885,116.47,112.518,99.3854,302.068,-0.429273,-4.58735,-0.381669
2.854,112.453,108.837,116.046,111.718,99.1841,302.218,-0.889634,-2.78699,-0.737309
2.8545,111.979,108.1,114.734,110.972,99.277,302.174,-2.07658,-0.969378,-2.0716
2.855,111.716,108.278,114.384,nan,99.2991,302.046,-3.23984,-0.593483,-1.06634
2.8555,111.898,107.429,113.673,110.646,99.2196,302.15,-2.48869,0.793367,-2.27204
2.856,111.86,108.584,112.867,nan,99.0353,302.163,-2.60502,-0.879353,-1.79741
2.8565,111.44,107.842,112.385,nan,99.0599,302.126,-1.57688,-0.974229,-0.578932
2.857,111.216,109.44,112.239,107.208,99.0919,302.079,-1.63174,-0.332677,-0.604863
2.8575,111.664,108.77,113.38,107.072,99.1467,302.033,-2.18832,0.486775,0.913312
2.858,110.885,108.764,112.58,105.647,99.0623,302.12,-1.82739,0.917928,0.502532
2.8585,110.627,107.72,112.561,nan,99.1104,302.131,1.72897,2.94122,0.575362
2.859,109.801,107.357,112.701,104.955,98.9964,302.097,-0.826572,2.68418,0.0121841
2.8595,108.134,106.261,112.123,104.93,99.0423,302.085,0.453154,3.26063,0.85604
2.86,106.886,105.621,112.075,nan,99.1965,302.047,1.07499,1.03142,0.744683
2.8605,105.797,105.499,110.612,nan,98.8975,302.101,2.1445,1.40251,-0.856468
2.861,104.765,104.91,109.339,106.281,99.0546,301.967,2.20974,1.24975,1.92234
2.8615,103.931,104.849,108.899,106.1,98.9857,302.033,3.21237,0.278177,1.46502
2.862,102.936,105.164,107.442,106.909,99.12,302.007,0.92624,0.98539,-0.403255
2.8625,104.656,106.387,106.15,107.894,99.0421,302.053,1.67269,0.361795,1.44858
2.863,105.206,107.187,104.764,106.608,99.2093,301.977,2.07222,-0.152066,0.877168
2.8635,105.893,108.731,104.161,nan,98.9261,301.914,2.4601,0.237838,1.73318
2.8635,107.059,109.245,104.222,106.722,98.9965,301.92,0.0621411,-3.24809,0.159565
2.8645,108.628,110.502,104.019,108.232,99.1757,301.933,-0.171238,-3.44283,-0.0555547
2.865,109.773,112.14,104.738,107.123,99.0953,301.948,-0.651304,-1.88748,-0.76839
2.8655,110.487,113.486,104.789,106.875,99.1937,301.785,-3.47238,-0.958285,-0.551839
2.8655,111.103,113.527,105.125,nan,99.1176,301.836,-1.59686,-1.47245,-0.521743
2.8665,112.017,114.936,106.897,nan,99.0739,301.835,-2.72967,-0.852295,-1.20667
2.867,112.397,114.881,107.992,nan,99.1453,301.952,-2.16856,-2.24144,-1.21167
2.8675,113.089,115.257,108.979,106.604,99.1687,301.849,-1.68632,-1.3402,-1.8193
2.868,111.701,115.094,109.644,107.849,99.1863,301.735,-1.21705,-2.16649,-0.724877
2.8685,112.231,114.686,109.498,nan,99.2144,301.719,-1.31417,0.591804,-1.0977
2.869,111.636,114.334,110.702,109.857,99.3138,301.66,-1.1598,-1.40946,-1.7369
2.8695,111.985,114.499,109.588,110.596,99.0332,301.756,0.121104,2.25809,-0.585856
2.87,113.595,115.173,110.993,nan,99.2726,301.659,0.154144,2.74607,-0.653285
2.8705,113.077,114.418,110.519,nan,99.1105,301.675,2.6421,1.01437,0.12373
2.8705,114.133,115.723,110.796,112.997,99.0621,301.695,3.01913,2.27448,0.749497
2.871,115.077,116.322,109.81,nan,99.1959,301.698,3.555,2.03905,-0.637466
2.872,116.956,117.12,110.74,114.156,98.978,301.646,0.969107,0.638828,-0.204188
2.8725,117.67,118.075,110.486,nan,98.9713,301.613,0.791896,1.79896,0.908886
2.873,118.285,118.847,112.346,113.805,98.8461,301.626,1.08259,0.231116,0.52704
2.8735,119.987,119.135,112.96,113.789,98.9325,301.599,0.465399,1.56054,0.7626
2.874,120.885,119.807,113.614,nan,98.996,301.467,1.49805,0.519253,1.87296
2.8745,120.74,118.976,116.218,nan,98.9181,301.488,0.915145,-0.460294,1.72935
2.875,120.648,119.393,116.616,112.126,98.6619,301.504,0.139998,-3.13894,1.41124
2.8755,119.744,116.906,117.47,112.166,98.8606,301.385,-1.77822,-2.66909,1.23902
2.876,118.811,117.148,118.18,nan,98.6958,301.371,-0.967293,-2.77102,2.67035
2.8765,118.195,115.078,120.213,112.597,98.7362,301.293,-3.2966,-0.755596,0.994023
2.8765,116.604,113.404,119.845,111.869,98.5865,301.331,-0.665,-2.67526,1.26382
2.8775,115.845,112.262,119.723,nan,98.4653,301.356,-0.801116,-1.85243,-0.216049
2.878,114.692,111.326,119.594,113.974,98.5117,301.263,-0.372322,0.0593782,0.213051
2.8785,114.315,110.736,118.72,nan,98.3411,301.304,-2.61181,-1.61235,-1.06464
2.879,114.306,110.066,118.397,nan,98.3158,301.244,-1.80658,-2.85722,-0.387078
2.8795,113.732,110.309,116.599,nan,98.3661,301.237,-1.49981,-1.6935,-0.598214
2.88,114.21,109.653,116.303,113.144,98.1253,301.197,-0.237979,-0.280075,-0.870335
2.8805,113.958,109.665,115.791,112.971,98.1887,301.211,2.15759,0.302942,-0.305709
2.881,113.831,109.766,114.39,111.754,98.1035,301.149,2.67092,1.99119,-1.89194
2.8815,113.485,110.196,114.615,110.634,98.0694,301.209,4.08483,0.516229,-0.503358
2.882,113.718,109.953,114.947,nan,97.9627,301.15,1.62408,1.50749,-2.24257
2.8825,112.714,110.288,113.898,nan,97.8301,301.022,3.47915,-0.918296,-0.913507
2.883,112.8,108.993,114.979,108.786,97.8588,301.055,2.14321,1.8275,-0.710293
2.8835,110.88,108.387,114.893,107.688,97.9033,301.047,2.95509,0.0922645,-1.82455
2.884,109.634,107.494,114.808,106.798,97.6946,301.012,3.84634,1.64588,-0.813881
2.8845,108.518,106.437,114.77,105.764,97.7409,301.049,2.15535,2.52107,-0.100474
2.885,106.81,105.669,114.381,106.375,97.6759,301.067,0.984197,1.04171,-0.161851
2.8855,106.341,104.699,114.014,106.305,97.7861,300.97,-0.918363,0.72815,0.950432
2.886,104.955,103.627,113.019,nan,97.9409,300.906,-1.04452,0.480762,1.19696
2.8865,104.405,103.575,111.014,nan,97.7103,300.897,-1.16374,-0.10188,-0.301186
2.887,104.565,103.923,110.074,106.608,97.7819,300.966,-2.86876,-0.649098,-0.124591
2.8875,103.429,103.821,108.158,105.814,97.7745,300.941,-2.28451,-1.21306,0.758081
2.888,104.717,105.327,107.705,107.165,97.7986,300.917,-2.35902,-1.47727,1.44621
2.8885,105.705,106.963,106.547,106.952,97.621,300.934,-1.46388,0.702292,1.54726
2.889,106.905,108.05,105.225,nan,97.6816,300.834,-3.1838,-0.481219,0.705393
2.8895,107.504,108.559,104.827,107.431,97.8052,300.845,-2.8927,-0.0414431,0.94847
2.89,108.095,109.787,104.973,105.951,97.7351,300.864,-3.6645,-1.45547,0.868677
2.8905,109.581,111.198,105.004,106.118,97.763,300.789,-0.77533,-2.3263,0.576668
2.891,110.161,111.891,105.287,105.826,97.7139,300.842,-0.298461,-1.35624,-0.0107248
2.8915,111.062,112.961,106.233,105.244,97.9797,300.824,1.06297,-0.260833,-0.277511
2.8915,111.156,113.062,105.929,105.957,97.8066,300.773,2.40912,1.33938,-0.728104
2.8925,110.091,113.184,107.147,104.784,97.8018,300.849,0.350876,0.451221,-0.882746
2.893,110.638,112.924,108.715,105.122,97.9374,300.741,1.44967,2.40299,0.300551
2.8935,110.021,113.313,108.41,106.19,97.8783,300.741,2.12289,0.631535,0.386555
2.894,109.498,113.006,108.214,106.131,97.9867,300.706,2.28353,0.500053,-0.383345
2.8945,110.462,114.104,109.047,107.908,97.8913,300.724,3.2893,0.703164,-2.22342
2.895,111.216,113.715,108.944,109.184,97.9339,300.667,0.681972,2.32152,-1.70395
2.8955,110.433,114.071,109.003,108.773,98.1177,300.632,2.53242,2.18021,-1.92533
2.896,113.097,114.715,108.258,nan,98.0755,300.582,1.90046,2.62784,-1.58886
2.8965,113.459,115.534,108.694,110.89,98.0849,300.679,0.576404,1.36978,-0.555939
2.897,115.931,116.402,108.135,111.793,98.1177,300.625,-0.944229,2.30986,-0.865674
2.8975,116.766,117.893,109.001,112.471,98.0401,300.704,-0.306566,0.782724,-0.833053
2.898,118.038,118.907,109.442,113.073,98.0352,300.566,-0.435111,-0.373516,-0.484734
2.8985,119.654,119.952,109.22,nan,97.9896,300.589,-0.771166,-1.20275,-0.712473
2.899,119.665,119.783,110.735,113.062,98.2095,300.632,-2.69312,-0.716334,-0.448072
2.8995,121.093,119.987,112.696,113.16,98.1947,300.491,-2.36313,-0.63188,-0.10798
2.9,119.775,119.341,113.962,nan,98.1193,300.599,-2.58229,0.185699,0.384989
2.9005,119.58,118.398,115.146,112.153,98.1431,300.502,-2.54963,-0.481529,0.574513
2.901,118.744,117.708,116.371,nan,98.1037,300.512,-0.250932,-1.64034,-0.206932
2.9015,118.644,116.587,117.745,nan,97.9874,300.475,0.275746,-3.24106,1.61756
2.902,117.519,115.076,119.098,nan,97.916,300.444,-0.691386,-2.14346,3.48349
2.9025,117.086,113.962,119.3,113.147,98.0806,300.568,-0.918656,-3.13734,2.37294
2.903,116.55,113.064,119.525,114.472,97.9358,300.591,1.69891,-1.7346,0.204733
2.9035,115.965,111.579,119.679,114.158,97.9171,300.472,0.506316,1.34175,2.15999
2.904,115.863,112.044,118.124,nan,98.0018,300.543,3.4948,0.372233,0.808032
2.9045,115.853,111.123,117.377,nan,98.0029,300.472,2.79018,1.02625,0.925539
2.905,115.483,112.555,117.096,113.529,97.9145,300.511,2.67803,1.00835,0.12674
2.9055,115.401,111.638,116.819,nan,97.9663,300.523,4.45519,0.982692,0.00445074
2.906,115.456,111.874,115.527,113.376,98.0705,300.556,3.8871,0.607967,-0.566885
2.9065,116.215,111.884,115.611,113.599,98.0104,300.518,1.81858,0.926719,-0.443828
2.907,115.442,110.859,115.593,113.093,98.1016,300.585,0.930276,1.2962,-1.72753
2.9075,114.737,111.736,115.936,111.59,97.9921,300.526,-0.0997041,2.99753,-0.544029
2.908,113.963,110.215,115.451,nan,98.0026,300.533,-0.0134716,2.16315,-0.970181
2.9085,113.11,110.008,117.389,111.177,97.7816,300.471,1.29248,2.03959,-1.8532
2.909,111.955,109.046,116.697,nan,97.9215,300.484,-1.48774,0.601985,-0.816047
2.9095,110.271,107.742,116.949,108.632,97.9395,300.51,-3.45438,2.77875,-1.52974
2.91,108.453,105.115,116.486,nan,97.9724,300.503,-3.37703,0.31223,-1.91671
2.9105,107.761,104.835,116.379,nan,98.0426,300.54,-4.33904,-0.721149,-0.484756
2.911,105.428,104.389,116.323,107.474,97.892,300.499,-2.60757,-0.965909,-0.541912
2.9115,105.429,103.661,114.284,nan,98.2184,300.486,-0.900794,-0.461759,0.293928
2.912,105.563,104.108,113.227,106.715,98.0565,300.522,-1.34813,-2.72451,0.789991
2.9125,105.153,105.084,111.356,nan,98.1703,300.576,-0.280314,-2.08806,-1.20827
2.913,105.812,105.604,110.183,nan,97.9946,300.447,-0.24835,-3.08321,-0.992724
2.9135,105.87,105.843,108.773,nan,98.1302,300.583,-0.880079,-3.47728,-0.58877
2.914,106.761,106.614,107.831,106.108,98.2368,300.625,1.70853,-1.77947,-0.505203
2.9145,107.265,108.452,106.891,nan,98.1824,300.498,3.13866,-1.38542,0.284428
2.915,107.736,109.454,106.003,107.457,98.2647,300.514,4.01142,-0.359746,0.471837
2.9155,108.608,109.9,105.336,106.846,98.3943,300.631,3.65078,1.11834,0.100364
2.916,109.18,110.296,105.238,106.961,98.4458,300.622,1.90646,-0.526556,0.926168
2.916,108.007,111.668,105.906,nan,98.4607,300.619,0.593534,0.313221,0.890536
2.917,108.399,111.902,106.199,105.918,98.5871,300.626,1.06516,0.457036,0.600798
2.9175,107.605,111.738,106.407,105.324,98.6327,300.589,1.32693,1.03535,2.18416
2.918,107.821,111.48,107.622,104.962,98.6837,300.559,1.08566,1.5147,0.75658
2.9185,107.449,110.928,108.195,nan,98.7282,300.668,0.43931,2.87849,2.59139
2.919,107.742,111.261,108.262,nan,98.7741,300.748,1.51568,0.866518,1.06901
2.9195,108.024,110.948,108.127,104.972,98.9187,300.65,-1.663,2.4673,1.04005
2.92,109.079,112.511,108.089,106.577,98.8615,300.585,-1.44897,1.47032,0.667064
2.9205,110.042,112.185,107.624,106.136,99.16,300.607,-2.52663,0.923086,-0.0219627
2.921,110.311,113.29,107.848,107.359,99.0559,300.683,-3.99085,0.675965,-0.762462
2.9215,111.824,114.638,106.761,108.54,99.1596,300.666,-1.38861,-0.149391,-0.722827
2.922,113.816,115.915,107.368,109.456,98.9735,300.689,0.246626,-0.382067,-0.111145
2.9225,114.793,117.775,106.854,nan,99.1724,300.719,-0.515346,1.3667,-0.789638
2.923,116.303,118.569,105.925,109.939,99.2519,300.655,-1.48899,-0.751127,0.018506
2.9235,116.862,118.722,108.295,111.638,99.2187,300.699,-0.796404,-1.59499,-1.85097
2.924,118.84,119.653,107.901,nan,99.217,300.612,-1.97604,-1.40203,-0.373674
2.9245,119.147,119.756,109.424,112.666,99.2615,300.759,-0.33786,-3.47474,-0.346512
2.925,118.765,120.003,110.374,nan,99.3226,300.806,3.15531,-0.98431,-0.25208
2.9255,118.428,118.17,111.658,111.137,99.4733,300.712,2.22449,-2.40557,0.346582
2.926,118.11,117.799,113.888,112.213,99.5137,300.644,3.47941,-0.940986,-0.730123
2.9265,118.179,116.657,115.141,112.361,99.4502,300.764,2.45785,0.0294625,-0.0195899
2.927,117.171,116.176,116.237,112.161,99.3666,300.822,1.52985,0.523843,0.357174
2.927,116.315,115.56,117.049,111.456,99.4434,300.804,1.87883,0.859206,-1.08811
2.928,116.316,114.368,117.575,110.917,99.2847,300.632,1.20837,0.73415,0.848202
2.9285,116.65,114.801,117.574,112.527,99.3753,300.772,-0.345673,0.32115,0.506527
2.929,116.863,113.223,117.536,nan,99.2839,300.695,1.90587,-0.364188,0.666544
2.9295,117.135,113.57,117.281,113.277,99.3702,300.754,-0.699329,0.917144,1.62562
2.93,116.967,113.284,117.246,113.371,99.3347,300.824,-1.47595,1.19102,0.883987
2.9305,117.402,113.091,116.711,114.482,99.3851,300.856,-1.76796,1.76173,0.720527
2.931,117.71,113.551,116.511,114.14,99.317,300.736,-3.49836,1.69446,0.811866
2.9315,117.975,113.681,115.746,nan,99.1047,300.684,-2.00861,0.752825,1.00183
2.932,117.771,113.103,116.329,114.567,99.2028,300.778,-1.9052,0.259622,1.49662
2.9325,116.603,112.573,116.279,nan,99.2463,300.815,-1.95541,0.379791,1.52978
2.933,115.858,112.013,115.6,nan,99.2753,300.804,-0.753272,0.341512,0.524478
2.9335,114.854,110.707,116.861,113.111,99.18,300.752,-2.0461,2.40819,0.287163
2.934,113.928,110.136,118.213,112.806,99.2892,300.849,-2.31554,0.756069,-1.48117
2.9345,111.876,108.698,117.774,111.645,99.1243,300.842,-1.75176,-0.241834,0.152921
2.935,110.222,107.203,117.952,nan,99.1996,300.782,0.225981,-0.407663,0.652124
2.9355,109.558,106.468,117.878,nan,99.2199,300.823,0.494975,-1.97106,-1.14215
2.936,108.537,104.269,117.999,nan,99.041,300.868,3.36729,-2.91299,-1.27935
2.9365,106.62,104.228,117.298,nan,99.1438,300.821,2.38576,-1.47155,-1.39353
2.937,106.398,104.943,116.456,nan,99.0961,300.787,2.04026,-1.81794,-1.34047
2.9375,106.752,104.223,115.265,108.955,99.0414,300.828,2.209,-2.54933,-0.821916
2.938,106.194,105.449,113.331,107.268,98.9858,300.828,0.778537,-1.28972,-3.20594
2.9385,107.1,105.948,112.141,109.141,99.0495,300.956,3.0678,-0.773109,-0.515451
2.939,106.569,106.659,111.093,nan,99.1394,300.893,1.29315,-2.24836,0.0411363
2.939,107.572,107.4,109.183,109.116,99.2058,300.865,2.01558,-1.68089,-1.02136
2.94,108.353,107.785,108.564,nan,99.1699,300.826,0.56626,-0.0947917,-1.23717
2.9405,108.968,108.279,108.012,107.346,99.2862,300.796,-0.894868,0.0762307,-1.56937
2.941,108.749,108.61,107.084,108.147,99.0971,300.831,-2.34684,0.99468,-0.742995
2.9415,107.462,109.688,107.357,nan,98.9341,300.787,-2.01686,2.12952,-0.604367
2.942,107.134,109.508,106.761,nan,99.2165,300.817,-1.61015,1.22631,0.629981
2.9425,106.948,109.534,106.97,106.119,99.1759,300.905,-0.690133,3.02415,0.304784
2.943,107.197,108.793,107.219,105.673,99.4556,300.839,-1.04138,0.493792,1.68596
2.9435,106.778,109.177,108.376,105.445,99.3135,300.733,-1.86367,0.689435,1.88683
2.944,106.764,109.664,108.149,104.902,99.2734,300.715,-2.28748,1.42396,1.31611
2.9445,106.72,109.205,108.539,103.752,99.3554,300.766,-2.61866,1.81527,0.657161
2.945,106.649,109.882,107.682,104.351,99.3894,300.752,-1.77096,1.8862,-0.340021
2.9455,107.556,110.788,108.133,103.445,99.3331,300.807,0.604751,0.763336,1.75133
2.946,108.48,112.882,107.114,nan,99.3963,300.764,2.5873,0.119507,-0.43629
2.9465,110.608,113.79,106.835,105.763,99.4261,300.757,1.62122,-1.84874,-0.502686
2.947,111.24,115.49,106.113,107.494,99.3507,300.815,3.91768,-2.4291,0.445488
2.9475,113.352,117.11,105.568,nan,99.4669,300.777,1.73679,-1.22359,1.08625
2.948,114.867,117.125,105.092,108.479,99.4175,300.763,1.22642,-1.36843,-0.317887
2.9485,116.508,118.293,105.457,108.798,99.4707,300.665,1.67627,-0.897196,-0.922325
2.949,116.574,117.817,105.411,109.02,99.4053,300.785,2.9447,-1.06695,-1.01861
2.9495,117.653,119.091,107.454,nan,99.2722,300.61,3.74084,-1.8209,-0.426438
2.95,117.297,118.753,108.211,nan,99.3649,300.776,-0.320663,-0.274838,-0.812996
2.9505,118.118,118.594,109.86,nan,99.3175,300.789,-0.227089,-2.27138,0.144527
2.951,117.262,118.013,109.904,111.36,99.3125,300.694,-1.48626,-0.69176,-2.19659
2.9515,116.915,116.348,111.634,110.698,99.2761,300.696,-2.48211,0.105615,-0.0875162
2.952,116.266,116.613,112.574,110.844,99.2228,300.65,-3.02505,0.260495,-1.0013
2.9525,116.139,115.631,114.451,110.527,99.202,300.67,-1.80191,1.11998,-0.585895
2.953,116.021,114.79,115.349,nan,99.163,300.632,-1.01515,-0.0464195,-1.4153
2.9535,116.152,114.759,116.2,111.109,99.1333,300.648,-1.09424,1.72418,-0.933005
2.954,117.239,115.241,116.399,110.715,99.1343,300.713,-3.87374,1.24638,-1.79547
2.9545,116.822,114.731,115.542,nan,99.0993,300.598,-1.94432,1.2695,0.0181182
2.955,117.945,115.768,116.047,111.981,99.0203,300.637,-2.63403,0.499538,-0.469601
2.9555,118.787,115.621,116.819,113.021,98.8874,300.558,-1.59269,2.71239,0.22743
2.956,118.412,115.533,115.503,112.986,98.8438,300.64,-0.285977,1.30646,0.509608
2.9565,118.22,115.105,115.728,114.137,98.8038,300.537,0.487283,1.78899,-0.674758
2.957,119.275,114.842,115.311,114.987,98.6224,300.605,2.40927,1.0569,1.09445
2.9575,117.944,115.066,115.978,nan,98.657,300.59,1.91213,1.12133,0.426226
2.958,117.529,113.719,116.163,115.002,98.565,300.552,0.450872,-0.934591,1.06184
2.9585,116.703,112.677,116.638,115.184,98.3615,300.545,1.21491,-1.95742,0.402896
2.959,115.496,111.358,117.572,114.731,98.396,300.674,2.50909,-1.80365,0.743735
2.9595,113.755,110.181,117.831,nan,98.3297,300.485,3.22348,-1.31219,0.462974
2.96,112.042,108.758,118.81,nan,98.3502,300.624,1.48127,-2.12795,2.54961
2.9605,111.344,107.072,119.147,112.25,98.2743,300.579,2.50835,-1.69059,2.32717
2.961,109.805,106.352,119.561,nan,98.2471,300.517,-0.853727,-0.865452,-0.069676
2.9615,109.61,105.478,119.16,111.485,98.134,300.618,-0.843002,-2.83139,0.560296
2.962,107.81,105.441,117.876,110.195,98.0695,300.592,-0.32658,-1.69102,0.160214
2.9625,107.883,104.619,117.781,109.73,98.0418,300.537,-0.826459,-2.1132,-0.166751
2.963,107.904,105.449,116.516,108.883,97.9651,300.496,-0.283984,-2.31226,-0.385674
2.9635,108.346,106.583,115.095,nan,98.0878,300.588,-2.3905,1.64568,1.01355
2.964,108.496,106.155,114.338,110.854,97.8489,300.506,-1.17099,2.01418,-1.18495
2.9645,108.673,107.019,111.914,110.248,98.1194,300.575,-2.89785,-0.342833,1.19006
2.965,109.649,107.918,111.477,109.688,97.8687,300.478,-3.5933,0.800559,-0.934614
2.9655,108.709,107.701,110.568,nan,97.8081,300.45,-2.5942,0.292144,-1.46482
2.966,108.709,108.396,109.82,109.111,97.9896,300.475,-0.17957,2.00479,-1.09491
2.9665,108.129,108.455,109.475,108.896,97.9758,300.582,-1.435,1.05551,-2.01624
2.967,107.15,108.446,108.89,nan,97.9729,300.497,0.921956,3.12121,-0.94868
2.9675,107.004,107.916,108.563,107.853,97.9973,300.55,1.45577,3.02095,-1.03196
2.968,105.189,107.673,109.509,108.86,97.8329,300.464,0.835555,1.20014,-0.365227
2.9685,105.904,107.189,109.263,107.496,97.8284,300.435,1.82467,0.0516196,-0.109802
2.969,104.427,107.477,109.454,105.708,98.0335,300.432,1.92702,1.0234,-0.0391332
2.9695,104.951,107.761,109.304,105.432,97.8797,300.609,0.644041,-0.790128,-0.138356
2.97,105.494,108.433,109.145,105.125,97.9097,300.457,4.18243,-0.961423,-0.465839
2.9705,105.98,109.438,109.131,nan,97.9329,300.484,3.41364,-0.932042,0.0627635
2.971,107.04,110.605,108.246,103.844,97.9428,300.633,2.10928,-0.715292,-0.921294
2.9715,109.098,111.934,107.305,105.732,97.9631,300.448,0.490578,-2.03625,0.479007
2.972,111.078,113.203,106.976,105,98.1431,300.534,-0.152832,-1.30432,-0.656133
2.9725,111.993,114.542,105.986,105.805,98.0939,300.57,0.387639,-2.81588,0.973674
2.973,113.007,115.573,105.14,105.911,98.1395,300.432,-0.927467,-1.20062,0.688781
2.9735,113.854,117.075,104.624,107.619,98.1475,300.559,0.0474825,-2.80826,2.32982
2.9735,114.697,118.026,104.834,107.044,98.0609,300.498,-0.162446,-3.4979,1.56887
2.9745,116.129,117.709,104.183,108.796,98.0303,300.602,-1.50711,-0.774432,1.995
2.975,116.28,118.213,104.998,nan,98.1144,300.548,-3.08388,-1.54918,-0.636985
2.9755,116.494,117.682,106.646,nan,98.0572,300.598,-4.12065,0.381221,0.487093
2.976,116.221,117.239,107.243,108.365,98.1162,300.56,-4.43244,0.459132,-0.227899
2.9765,116.154,116.383,108.492,nan,97.9929,300.602,-2.45554,0.428714,0.0193208
2.977,115.166,116.181,110.527,109.403,98.2113,300.55,-1.61103,0.968711,-0.494907
2.9775,115.052,116.137,111.671,108.764,98.0512,300.594,-1.37929,2.13007,1.07581
2.978,115.119,115.846,112.472,109.748,98.0009,300.615,0.322579,3.12911,0.191223
2.9785,115.932,115.952,113.564,108.709,98.079,300.596,-0.959455,3.67764,-0.712389
2.979,116.472,115.499,114.011,109.485,98.0139,300.605,0.188037,4.43323,-0.361766
2.9795,117.375,115.189,114.229,nan,98.0162,300.617,1.09746,1.57974,-1.00412
2.98,117.666,116.772,114.733,109.354,97.9351,300.679,2.94625,1.08907,-0.889001
2.9805,119.07,116.837,114.693,nan,97.965,300.649,1.97391,0.645574,-1.47515
2.981,120.011,117.385,114.194,111.27,97.9095,300.73,3.30655,0.87616,-0.516046
2.9815,120.118,117.901,114.147,nan,98.0892,300.754,2.7591,-1.30454,-1.07768
2.982,119.021,117.337,113.583,nan,97.9221,300.713,2.61604,-0.657763,0.202919
2.9825,119.862,115.467,114.049,nan,97.8165,300.709,0.28475,-0.967804,1.21011
2.983,119.043,115.24,114.298,nan,97.8423,300.783,-0.784426,-1.41821,-0.812512
2.9835,118.572,114.141,115.746,114.347,97.8941,300.734,0.786573,-1.49938,-0.670806
2.984,116.846,113.57,116.632,nan,97.8247,300.733,1.57439,-2.04566,-0.347849
2.9845,115.769,111.155,116.642,nan,97.6671,300.751,-1.46593,-1.57197,0.470124
2.985,113.899,109.902,118.193,nan,97.659,300.775,-0.470832,-3.56912,0.202644
2.9855,112.865,109.2,119.397,114.167,97.8285,300.855,-3.48667,-1.02698,0.200973
2.986,112.002,106.97,119.777,nan,97.8325,300.924,-3.99173,-0.491905,0.15674
2.9865,110.607,106.728,119.457,113.086,97.8571,300.945,-3.34904,-1.59261,2.7982
2.987,110.286,105.97,119.783,112.912,97.79,300.886,-2.11374,0.289342,2.23805
2.9875,109.943,105.987,119.87,nan,97.8141,300.951,-0.660944,-0.151749,-0.045898
2.988,110.085,106.776,119.375,110.862,97.6504,300.841,0.41468,-0.727174,1.59039
2.9885,109.872,106.938,118.262,111.509,97.6865,300.893,-2.2854,-0.407079,1.0785
2.989,110.267,107.278,117.09,110.79,97.6362,300.901,-0.232598,-0.211891,0.756946
2.9895,109.371,107.7,115.677,110.813,97.8067,301.06,-2.41563,1.08921,-0.513639
2.99,109.979,107.824,114.688,nan,97.8616,301.031,1.15945,3.45454,0.702497
2.9905,110.145,108.078,113.026,111.341,97.8122,300.968,0.442014,2.55354,1.58285
2.991,109.557,108.213,112.454,111.957,97.7306,301.141,1.81881,1.55849,0.350244
2.9915,108.123,107.39,111.403,nan,97.8853,301.071,3.17986,0.865057,0.511659
2.992,107.289,107.334,111.29,nan,97.8966,300.99,1.13651,0.674194,0.111191
2.9925,106.821,106.584,109.948,nan,97.9431,301.215,0.780603,0.816285,-0.922622
2.993,105.871,106.693,111.022,nan,97.9762,301.096,1.47796,0.256403,-0.546238
2.9935,105.14,106.482,110.648,108.249,98.1129,301.189,1.83952,-0.400814,-0.844854
2.994,104.459,106.156,111.25,108.843,98.1132,301.22,1.39716,-0.79202,-0.484055
2.9945,104.31,106.511,110.309,107.241,98.1393,301.251,0.636542,-0.0480771,-0.814217
2.995,104.922,106.436,110.939,nan,98.0706,301.156,-1.4033,-2.55516,-0.0677841
2.995,104.691,107.366,110.075,105.89,98.2668,301.268,-0.867281,-2.66822,-1.03559
2.996,105.442,108.734,109.777,nan,98.4095,301.187,-1.7292,-1.94875,0.0481548
2.9965,107.652,109.882,108.728,105.29,98.3658,301.299,-1.59721,-2.03892,-0.657797
2.997,108.244,111.69,107.184,nan,98.5406,301.411,-2.19294,-0.688173,-0.241853
2.9975,110.222,112.797,107.516,103.986,98.5095,301.249,-1.19307,-1.06208,-0.489474
2.998,110.912,113.63,105.997,104.465,98.4873,301.381,-0.899135,-0.850736,-0.495447
2.9985,111.805,114.787,104.81,105.056,98.6492,301.393,-1.63162,-0.713861,0.779947
2.999,113.736,116.069,104.645,106.333,98.7117,301.468,-0.220497,-1.44283,1.33427
2.9995,113.581,117.377,103.392,105.458,98.7148,301.372,-2.76159,-1.15879,0.593197
