ply
format ascii 1.0
comment AI4E VizReport sample: wing surface geometry (GEO · mesh, pure geometry)
element vertex 2880
property float x
property float y
property float z
element face 5520
property list uchar int vertex_indices
end_header
-0.400000 0.000000 0.000000
-0.400000 0.000000 0.000000
-0.372881 0.020304 0.000000
-0.372881 -0.018153 0.000000
-0.345763 0.028532 0.000000
-0.345763 -0.024267 0.000000
-0.318644 0.034677 0.000000
-0.318644 -0.028334 0.000000
-0.291525 0.039692 0.000000
-0.291525 -0.031308 0.000000
-0.264407 0.043947 0.000000
-0.264407 -0.033559 0.000000
-0.237288 0.047635 0.000000
-0.237288 -0.035280 0.000000
-0.210169 0.050873 0.000000
-0.210169 -0.036587 0.000000
-0.183051 0.053736 0.000000
-0.183051 -0.037557 0.000000
-0.155932 0.056280 0.000000
-0.155932 -0.038243 0.000000
-0.128814 0.058543 0.000000
-0.128814 -0.038687 0.000000
-0.101695 0.060558 0.000000
-0.101695 -0.038919 0.000000
-0.074576 0.062350 0.000000
-0.074576 -0.038964 0.000000
-0.047458 0.063938 0.000000
-0.047458 -0.038842 0.000000
-0.020339 0.065341 0.000000
-0.020339 -0.038571 0.000000
0.006780 0.066571 0.000000
0.006780 -0.038165 0.000000
0.033898 0.067642 0.000000
0.033898 -0.037636 0.000000
0.061017 0.068564 0.000000
0.061017 -0.036996 0.000000
0.088136 0.069347 0.000000
0.088136 -0.036253 0.000000
0.115254 0.070000 0.000000
0.115254 -0.035417 0.000000
0.142373 0.070530 0.000000
0.142373 -0.034494 0.000000
0.169492 0.070943 0.000000
0.169492 -0.033492 0.000000
0.196610 0.071247 0.000000
0.196610 -0.032417 0.000000
0.223729 0.071446 0.000000
0.223729 -0.031274 0.000000
0.250847 0.071547 0.000000
0.250847 -0.030069 0.000000
0.277966 0.071553 0.000000
0.277966 -0.028806 0.000000
0.305085 0.071468 0.000000
0.305085 -0.027490 0.000000
0.332203 0.071298 0.000000
0.332203 -0.026125 0.000000
0.359322 0.071045 0.000000
0.359322 -0.024713 0.000000
0.386441 0.070713 0.000000
0.386441 -0.023260 0.000000
0.413559 0.070305 0.000000
0.413559 -0.021767 0.000000
0.440678 0.069823 0.000000
0.440678 -0.020237 0.000000
0.467797 0.069271 0.000000
0.467797 -0.018674 0.000000
0.494915 0.068650 0.000000
0.494915 -0.017079 0.000000
0.522034 0.067963 0.000000
0.522034 -0.015454 0.000000
0.549153 0.067212 0.000000
0.549153 -0.013802 0.000000
0.576271 0.066398 0.000000
0.576271 -0.012124 0.000000
0.603390 0.065523 0.000000
0.603390 -0.010422 0.000000
0.630508 0.064589 0.000000
0.630508 -0.008697 0.000000
0.657627 0.063596 0.000000
0.657627 -0.006950 0.000000
0.684746 0.062546 0.000000
0.684746 -0.005183 0.000000
0.711864 0.061439 0.000000
0.711864 -0.003396 0.000000
0.738983 0.060277 0.000000
0.738983 -0.001590 0.000000
0.766102 0.059059 0.000000
0.766102 0.000234 0.000000
0.793220 0.057786 0.000000
0.793220 0.002077 0.000000
0.820339 0.056460 0.000000
0.820339 0.003937 0.000000
0.847458 0.055078 0.000000
0.847458 0.005814 0.000000
0.874576 0.053643 0.000000
0.874576 0.007710 0.000000
0.901695 0.052153 0.000000
0.901695 0.009622 0.000000
0.928814 0.050608 0.000000
0.928814 0.011553 0.000000
0.955932 0.049009 0.000000
0.955932 0.013502 0.000000
0.983051 0.047353 0.000000
0.983051 0.015470 0.000000
1.010170 0.045641 0.000000
1.010170 0.017458 0.000000
1.037288 0.043872 0.000000
1.037288 0.019466 0.000000
1.064407 0.042046 0.000000
1.064407 0.021495 0.000000
1.091525 0.040160 0.000000
1.091525 0.023546 0.000000
1.118644 0.038214 0.000000
1.118644 0.025621 0.000000
1.145763 0.036206 0.000000
1.145763 0.027721 0.000000
1.172881 0.034135 0.000000
1.172881 0.029846 0.000000
1.200000 0.032000 0.000000
1.200000 0.032000 0.000000
-0.358260 0.000887 0.347826
-0.358260 0.000887 0.347826
-0.331804 0.020601 0.347826
-0.331889 -0.016853 0.347826
-0.305374 0.028555 0.347826
-0.305491 -0.022867 0.347826
-0.278950 0.034479 0.347826
-0.279089 -0.026889 0.347826
-0.252527 0.039302 0.347826
-0.252685 -0.029845 0.347826
-0.226107 0.043386 0.347826
-0.226279 -0.032097 0.347826
-0.199687 0.046919 0.347826
-0.199871 -0.033834 0.347826
-0.173269 0.050012 0.347826
-0.173463 -0.035167 0.347826
-0.146852 0.052740 0.347826
-0.147054 -0.036171 0.347826
-0.120435 0.055157 0.347826
-0.120644 -0.036900 0.347826
-0.094019 0.057302 0.347826
-0.094234 -0.037392 0.347826
-0.067603 0.059204 0.347826
-0.067824 -0.037678 0.347826
-0.041188 0.060889 0.347826
-0.041413 -0.037782 0.347826
-0.014773 0.062376 0.347826
-0.015001 -0.037724 0.347826
0.011641 0.063681 0.347826
0.011410 -0.037520 0.347826
0.038055 0.064819 0.347826
0.037823 -0.037184 0.347826
0.064468 0.065802 0.347826
0.064235 -0.036730 0.347826
0.090881 0.066640 0.347826
0.090647 -0.036166 0.347826
0.117294 0.067342 0.347826
0.117060 -0.035503 0.347826
0.143707 0.067918 0.347826
0.143473 -0.034748 0.347826
0.170119 0.068374 0.347826
0.169886 -0.033910 0.347826
0.196531 0.068717 0.347826
0.196300 -0.032994 0.347826
0.222943 0.068952 0.347826
0.222713 -0.032007 0.347826
0.249355 0.069086 0.347826
0.249127 -0.030954 0.347826
0.275766 0.069124 0.347826
0.275541 -0.029841 0.347826
0.302177 0.069069 0.347826
0.301955 -0.028671 0.347826
0.328588 0.068927 0.347826
0.328369 -0.027449 0.347826
0.354999 0.068701 0.347826
0.354783 -0.026180 0.347826
0.381409 0.068395 0.347826
0.381197 -0.024865 0.347826
0.407820 0.068011 0.347826
0.407611 -0.023510 0.347826
0.434230 0.067554 0.347826
0.434026 -0.022116 0.347826
0.460640 0.067024 0.347826
0.460440 -0.020686 0.347826
0.487050 0.066426 0.347826
0.486855 -0.019224 0.347826
0.513460 0.065762 0.347826
0.513270 -0.017731 0.347826
0.539869 0.065033 0.347826
0.539684 -0.016208 0.347826
0.566279 0.064241 0.347826
0.566099 -0.014660 0.347826
0.592688 0.063388 0.347826
0.592514 -0.013086 0.347826
0.619097 0.062476 0.347826
0.618929 -0.011488 0.347826
0.645506 0.061506 0.347826
0.645344 -0.009868 0.347826
0.671915 0.060479 0.347826
0.671759 -0.008227 0.347826
0.698324 0.059396 0.347826
0.698174 -0.006566 0.347826
0.724733 0.058258 0.347826
0.724589 -0.004886 0.347826
0.751141 0.057066 0.347826
0.751004 -0.003187 0.347826
0.777550 0.055820 0.347826
0.777419 -0.001470 0.347826
0.803958 0.054520 0.347826
0.803835 0.000264 0.347826
0.830366 0.053168 0.347826
0.830250 0.002015 0.347826
0.856774 0.051763 0.347826
0.856665 0.003784 0.347826
0.883182 0.050304 0.347826
0.883080 0.005569 0.347826
0.909590 0.048793 0.347826
0.909496 0.007372 0.347826
0.935998 0.047229 0.347826
0.935911 0.009192 0.347826
0.962405 0.045610 0.347826
0.962327 0.011031 0.347826
0.988813 0.043938 0.347826
0.988742 0.012887 0.347826
1.015220 0.042211 0.347826
1.015158 0.014763 0.347826
1.041627 0.040428 0.347826
1.041573 0.016658 0.347826
1.068035 0.038589 0.347826
1.067989 0.018574 0.347826
1.094442 0.036692 0.347826
1.094405 0.020512 0.347826
1.120848 0.034736 0.347826
1.120820 0.022472 0.347826
1.147255 0.032721 0.347826
1.147236 0.024457 0.347826
1.173661 0.030644 0.347826
1.173652 0.026467 0.347826
1.200068 0.028505 0.347826
1.200068 0.028505 0.347826
-0.316518 0.001726 0.695652
-0.316518 0.001726 0.695652
-0.290727 0.020854 0.695652
-0.290893 -0.015597 0.695652
-0.264988 0.028536 0.695652
-0.265216 -0.021509 0.695652
-0.239258 0.034243 0.695652
-0.239530 -0.025481 0.695652
-0.213533 0.038878 0.695652
-0.213839 -0.028416 0.695652
-0.187811 0.042794 0.695652
-0.188145 -0.030667 0.695652
-0.162091 0.046174 0.695652
-0.162449 -0.032415 0.695652
-0.136374 0.049125 0.695652
-0.136751 -0.033771 0.695652
-0.110658 0.051722 0.695652
-0.111052 -0.034807 0.695652
-0.084944 0.054016 0.695652
-0.085351 -0.035575 0.695652
-0.059230 0.056044 0.695652
-0.059650 -0.036112 0.695652
-0.033518 0.057837 0.695652
-0.033947 -0.036449 0.695652
-0.007807 0.059418 0.695652
-0.008244 -0.036609 0.695652
0.017904 0.060807 0.695652
0.017460 -0.036610 0.695652
0.043613 0.062019 0.695652
0.043165 -0.036471 0.695652
0.069322 0.063068 0.695652
0.068870 -0.036203 0.695652
0.095030 0.063966 0.695652
0.094576 -0.035819 0.695652
0.120737 0.064723 0.695652
0.120282 -0.035329 0.695652
0.146444 0.065348 0.695652
0.145989 -0.034742 0.695652
0.172151 0.065850 0.695652
0.171696 -0.034066 0.695652
0.197856 0.066235 0.695652
0.197403 -0.033308 0.695652
0.223562 0.066510 0.695652
0.223111 -0.032476 0.695652
0.249266 0.066680 0.695652
0.248819 -0.031574 0.695652
0.274971 0.066753 0.695652
0.274528 -0.030607 0.695652
0.300675 0.066731 0.695652
0.300236 -0.029582 0.695652
0.326378 0.066619 0.695652
0.325945 -0.028503 0.695652
0.352081 0.066422 0.695652
0.351654 -0.027372 0.695652
0.377784 0.066144 0.695652
0.377364 -0.026195 0.695652
0.403487 0.065787 0.695652
0.403073 -0.024974 0.695652
0.429189 0.065355 0.695652
0.428783 -0.023714 0.695652
0.454890 0.064851 0.695652
0.454493 -0.022416 0.695652
0.480592 0.064278 0.695652
0.480203 -0.021083 0.695652
0.506293 0.063637 0.695652
0.505913 -0.019718 0.695652
0.531994 0.062932 0.695652
0.531624 -0.018323 0.695652
0.557694 0.062164 0.695652
0.557334 -0.016901 0.695652
0.583394 0.061335 0.695652
0.583045 -0.015452 0.695652
0.609094 0.060446 0.695652
0.608756 -0.013978 0.695652
0.634794 0.059500 0.695652
0.634466 -0.012482 0.695652
0.660494 0.058498 0.695652
0.660177 -0.010964 0.695652
0.686193 0.057439 0.695652
0.685888 -0.009426 0.695652
0.711892 0.056327 0.695652
0.711599 -0.007868 0.695652
0.737590 0.055161 0.695652
0.737311 -0.006291 0.695652
0.763289 0.053942 0.695652
0.763022 -0.004696 0.695652
0.788987 0.052671 0.695652
0.788733 -0.003084 0.695652
0.814685 0.051348 0.695652
0.814445 -0.001455 0.695652
0.840383 0.049973 0.695652
0.840156 0.000191 0.695652
0.866081 0.048547 0.695652
0.865868 0.001854 0.695652
0.891778 0.047069 0.695652
0.891580 0.003533 0.695652
0.917475 0.045540 0.695652
0.917291 0.005229 0.695652
0.943172 0.043959 0.695652
0.943003 0.006942 0.695652
0.968868 0.042326 0.695652
0.968715 0.008672 0.695652
0.994565 0.040640 0.695652
0.994427 0.010421 0.695652
1.020261 0.038900 0.695652
1.020139 0.012187 0.695652
1.045957 0.037107 0.695652
1.045851 0.013973 0.695652
1.071652 0.035258 0.695652
1.071563 0.015780 0.695652
1.097347 0.033354 0.695652
1.097276 0.017607 0.695652
1.123043 0.031392 0.695652
1.122988 0.019457 0.695652
1.148737 0.029372 0.695652
1.148701 0.021330 0.695652
1.174432 0.027292 0.695652
1.174414 0.023227 0.695652
1.200126 0.025152 0.695652
1.200126 0.025152 0.695652
-0.274774 0.002518 1.043478
-0.274774 0.002518 1.043478
-0.249650 0.021062 1.043478
-0.249893 -0.014385 1.043478
-0.224603 0.028475 1.043478
-0.224935 -0.020191 1.043478
-0.199569 0.033968 1.043478
-0.199965 -0.024110 1.043478
-0.174541 0.038420 1.043478
-0.174988 -0.027022 1.043478
-0.149519 0.042171 1.043478
-0.150007 -0.029267 1.043478
-0.124500 0.045400 1.043478
-0.125022 -0.031025 1.043478
-0.099484 0.048214 1.043478
-0.100034 -0.032400 1.043478
-0.074470 0.050682 1.043478
-0.075045 -0.033465 1.043478
-0.049458 0.052856 1.043478
-0.050053 -0.034268 1.043478
-0.024448 0.054771 1.043478
-0.025060 -0.034848 1.043478
0.000560 0.056458 1.043478
-0.000066 -0.035232 1.043478
0.025567 0.057939 1.043478
0.024930 -0.035444 1.043478
0.050573 0.059232 1.043478
0.049926 -0.035503 1.043478
0.075578 0.060354 1.043478
0.074923 -0.035424 1.043478
0.100581 0.061317 1.043478
0.099922 -0.035220 1.043478
0.125584 0.062133 1.043478
0.124921 -0.034904 1.043478
0.150585 0.062812 1.043478
0.149921 -0.034484 1.043478
0.175586 0.063364 1.043478
0.174921 -0.033970 1.043478
0.200586 0.063795 1.043478
0.199922 -0.033370 1.043478
0.225585 0.064112 1.043478
0.224924 -0.032690 1.043478
0.250583 0.064323 1.043478
0.249926 -0.031937 1.043478
0.275581 0.064432 1.043478
0.274928 -0.031117 1.043478
0.300578 0.064445 1.043478
0.299931 -0.030234 1.043478
0.325574 0.064367 1.043478
0.324934 -0.029294 1.043478
0.350570 0.064201 1.043478
0.349938 -0.028301 1.043478
0.375565 0.063953 1.043478
0.374942 -0.027259 1.043478
0.400560 0.063625 1.043478
0.399946 -0.026171 1.043478
0.425554 0.063221 1.043478
0.424951 -0.025041 1.043478
0.450547 0.062745 1.043478
0.449956 -0.023872 1.043478
0.475541 0.062198 1.043478
0.474961 -0.022666 1.043478
0.500533 0.061583 1.043478
0.499966 -0.021427 1.043478
0.525526 0.060903 1.043478
0.524972 -0.020157 1.043478
0.550517 0.060161 1.043478
0.549978 -0.018857 1.043478
0.575509 0.059357 1.043478
0.574984 -0.017531 1.043478
0.600500 0.058494 1.043478
0.599990 -0.016179 1.043478
0.625490 0.057573 1.043478
0.624996 -0.014803 1.043478
0.650481 0.056596 1.043478
0.650002 -0.013404 1.043478
0.675470 0.055564 1.043478
0.675009 -0.011985 1.043478
0.700460 0.054478 1.043478
0.700016 -0.010546 1.043478
0.725449 0.053339 1.043478
0.725023 -0.009088 1.043478
0.750438 0.052148 1.043478
0.750030 -0.007611 1.043478
0.775426 0.050906 1.043478
0.775037 -0.006117 1.043478
0.800414 0.049613 1.043478
0.800044 -0.004607 1.043478
0.825402 0.048269 1.043478
0.825051 -0.003079 1.043478
0.850389 0.046876 1.043478
0.850059 -0.001535 1.043478
0.875376 0.045432 1.043478
0.875066 0.000025 1.043478
0.900363 0.043938 1.043478
0.900074 0.001601 1.043478
0.925349 0.042394 1.043478
0.925082 0.003193 1.043478
0.950335 0.040800 1.043478
0.950090 0.004802 1.043478
0.975321 0.039154 1.043478
0.975098 0.006428 1.043478
1.000306 0.037458 1.043478
1.000106 0.008071 1.043478
1.025291 0.035709 1.043478
1.025114 0.009732 1.043478
1.050276 0.033908 1.043478
1.050122 0.011412 1.043478
1.075260 0.032054 1.043478
1.075131 0.013112 1.043478
1.100244 0.030145 1.043478
1.100139 0.014832 1.043478
1.125228 0.028180 1.043478
1.125148 0.016573 1.043478
1.150211 0.026159 1.043478
1.150157 0.018338 1.043478
1.175193 0.024080 1.043478
1.175166 0.020127 1.043478
1.200176 0.021941 1.043478
1.200176 0.021941 1.043478
-0.233029 0.003262 1.391304
-0.233029 0.003262 1.391304
-0.208575 0.021226 1.391304
-0.208889 -0.013217 1.391304
-0.184220 0.028374 1.391304
-0.184651 -0.018914 1.391304
-0.159882 0.033656 1.391304
-0.160396 -0.022778 1.391304
-0.135553 0.037926 1.391304
-0.136132 -0.025662 1.391304
-0.111231 0.041516 1.391304
-0.111863 -0.027899 1.391304
-0.086913 0.044598 1.391304
-0.087589 -0.029662 1.391304
-0.062599 0.047277 1.391304
-0.063312 -0.031054 1.391304
-0.038287 0.049620 1.391304
-0.039032 -0.032144 1.391304
-0.013979 0.051677 1.391304
-0.014750 -0.032980 1.391304
0.010327 0.053483 1.391304
0.009535 -0.033598 1.391304
0.034632 0.055066 1.391304
0.033820 -0.034027 1.391304
0.058934 0.056450 1.391304
0.058108 -0.034288 1.391304
0.083235 0.057651 1.391304
0.082397 -0.034401 1.391304
0.107534 0.058686 1.391304
0.106687 -0.034379 1.391304
0.131832 0.059566 1.391304
0.130978 -0.034237 1.391304
0.156129 0.060304 1.391304
0.155270 -0.033984 1.391304
0.180424 0.060909 1.391304
0.179563 -0.033632 1.391304
0.204719 0.061390 1.391304
0.203857 -0.033188 1.391304
0.229012 0.061753 1.391304
0.228152 -0.032660 1.391304
0.253304 0.062006 1.391304
0.252447 -0.032054 1.391304
0.277595 0.062155 1.391304
0.276743 -0.031378 1.391304
0.301885 0.062206 1.391304
0.301040 -0.030636 1.391304
0.326175 0.062164 1.391304
0.325337 -0.029834 1.391304
0.350464 0.062032 1.391304
0.349635 -0.028976 1.391304
0.374752 0.061817 1.391304
0.373933 -0.028066 1.391304
0.399039 0.061520 1.391304
0.398232 -0.027109 1.391304
0.423325 0.061146 1.391304
0.422531 -0.026107 1.391304
0.447611 0.060698 1.391304
0.446830 -0.025064 1.391304
0.471896 0.060180 1.391304
0.471130 -0.023984 1.391304
0.496181 0.059593 1.391304
0.495430 -0.022868 1.391304
0.520465 0.058941 1.391304
0.519730 -0.021719 1.391304
0.544748 0.058225 1.391304
0.544031 -0.020540 1.391304
0.569031 0.057448 1.391304
0.568332 -0.019332 1.391304
0.593313 0.056611 1.391304
0.592633 -0.018099 1.391304
0.617595 0.055717 1.391304
0.616934 -0.016840 1.391304
0.641876 0.054767 1.391304
0.641236 -0.015559 1.391304
0.666157 0.053763 1.391304
0.665537 -0.014255 1.391304
0.690437 0.052705 1.391304
0.689839 -0.012931 1.391304
0.714717 0.051594 1.391304
0.714141 -0.011588 1.391304
0.738996 0.050432 1.391304
0.738444 -0.010227 1.391304
0.763275 0.049220 1.391304
0.762746 -0.008847 1.391304
0.787553 0.047958 1.391304
0.787049 -0.007451 1.391304
0.811831 0.046646 1.391304
0.811351 -0.006038 1.391304
0.836109 0.045285 1.391304
0.835654 -0.004609 1.391304
0.860386 0.043876 1.391304
0.859957 -0.003165 1.391304
0.884662 0.042417 1.391304
0.884261 -0.001704 1.391304
0.908939 0.040911 1.391304
0.908564 -0.000228 1.391304
0.933214 0.039355 1.391304
0.932867 0.001264 1.391304
0.957490 0.037750 1.391304
0.957171 0.002772 1.391304
0.981764 0.036096 1.391304
0.981475 0.004296 1.391304
1.006039 0.034393 1.391304
1.005779 0.005838 1.391304
1.030313 0.032638 1.391304
1.030083 0.007397 1.391304
1.054586 0.030833 1.391304
1.054387 0.008974 1.391304
1.078859 0.028976 1.391304
1.078691 0.010570 1.391304
1.103132 0.027065 1.391304
1.102996 0.012186 1.391304
1.127403 0.025101 1.391304
1.127301 0.013823 1.391304
1.151675 0.023082 1.391304
1.151606 0.015482 1.391304
1.175946 0.021006 1.391304
1.175911 0.017165 1.391304
1.200216 0.018873 1.391304
1.200216 0.018873 1.391304
-0.191282 0.003959 1.739130
-0.191282 0.003959 1.739130
-0.167501 0.021345 1.739130
-0.167882 -0.012094 1.739130
-0.143840 0.028231 1.739130
-0.144362 -0.017678 1.739130
-0.120199 0.033306 1.739130
-0.120823 -0.021483 1.739130
-0.096569 0.037398 1.739130
-0.097272 -0.024337 1.739130
-0.072947 0.040829 1.739130
-0.073714 -0.026563 1.739130
-0.049331 0.043768 1.739130
-0.050152 -0.028328 1.739130
-0.025719 0.046315 1.739130
-0.026585 -0.029733 1.739130
-0.002111 0.048536 1.739130
-0.003014 -0.030844 1.739130
0.021494 0.050479 1.739130
0.020559 -0.031710 1.739130
0.045097 0.052179 1.739130
0.044134 -0.032364 1.739130
0.068696 0.053663 1.739130
0.067712 -0.032834 1.739130
0.092294 0.054952 1.739130
0.091291 -0.033141 1.739130
0.115890 0.056065 1.739130
0.114872 -0.033304 1.739130
0.139484 0.057015 1.739130
0.138455 -0.033337 1.739130
0.163076 0.057817 1.739130
0.162039 -0.033252 1.739130
0.186666 0.058479 1.739130
0.185624 -0.033061 1.739130
0.210255 0.059013 1.739130
0.209210 -0.032772 1.739130
0.233843 0.059426 1.739130
0.232798 -0.032395 1.739130
0.257429 0.059725 1.739130
0.256386 -0.031936 1.739130
0.281014 0.059917 1.739130
0.279975 -0.031402 1.739130
0.304598 0.060008 1.739130
0.303565 -0.030799 1.739130
0.328181 0.060004 1.739130
0.327155 -0.030133 1.739130
0.351763 0.059909 1.739130
0.350746 -0.029407 1.739130
0.375344 0.059728 1.739130
0.374338 -0.028628 1.739130
0.398924 0.059464 1.739130
0.397931 -0.027798 1.739130
0.422503 0.059123 1.739130
0.421524 -0.026923 1.739130
0.446081 0.058706 1.739130
0.445117 -0.026004 1.739130
0.469659 0.058218 1.739130
0.468711 -0.025045 1.739130
0.493235 0.057661 1.739130
0.492305 -0.024050 1.739130
0.516811 0.057037 1.739130
0.515900 -0.023020 1.739130
0.540386 0.056350 1.739130
0.539495 -0.021958 1.739130
0.563961 0.055602 1.739130
0.563090 -0.020867 1.739130
0.587534 0.054793 1.739130
0.586686 -0.019749 1.739130
0.611108 0.053928 1.739130
0.610282 -0.018605 1.739130
0.634680 0.053006 1.739130
0.633878 -0.017436 1.739130
0.658252 0.052030 1.739130
0.657475 -0.016246 1.739130
0.681823 0.051001 1.739130
0.681071 -0.015034 1.739130
0.705394 0.049920 1.739130
0.704668 -0.013803 1.739130
0.728964 0.048788 1.739130
0.728266 -0.012552 1.739130
0.752533 0.047607 1.739130
0.751863 -0.011284 1.739130
0.776102 0.046376 1.739130
0.775461 -0.009999 1.739130
0.799671 0.045097 1.739130
0.799058 -0.008697 1.739130
0.823238 0.043770 1.739130
0.822656 -0.007379 1.739130
0.846806 0.042395 1.739130
0.846254 -0.006045 1.739130
0.870373 0.040973 1.739130
0.869853 -0.004696 1.739130
0.893939 0.039503 1.739130
0.893451 -0.003332 1.739130
0.917504 0.037987 1.739130
0.917050 -0.001953 1.739130
0.941070 0.036423 1.739130
0.940649 -0.000558 1.739130
0.964634 0.034811 1.739130
0.964248 0.000852 1.739130
0.988198 0.033152 1.739130
0.987847 0.002279 1.739130
1.011762 0.031444 1.739130
1.011446 0.003722 1.739130
1.035325 0.029687 1.739130
1.035046 0.005181 1.739130
1.058887 0.027881 1.739130
1.058646 0.006659 1.739130
1.082449 0.026024 1.739130
1.082246 0.008155 1.739130
1.106010 0.024116 1.739130
1.105846 0.009670 1.739130
1.129571 0.022155 1.739130
1.129446 0.011206 1.739130
1.153131 0.020141 1.739130
1.153047 0.012763 1.739130
1.176690 0.018072 1.739130
1.176648 0.014343 1.739130
1.200249 0.015947 1.739130
1.200249 0.015947 1.739130
-0.149534 0.004608 2.086957
-0.149534 0.004608 2.086957
-0.126428 0.021420 2.086957
-0.126871 -0.011014 2.086957
-0.103461 0.028048 2.086957
-0.104070 -0.016483 2.086957
-0.080519 0.032918 2.086957
-0.081245 -0.020226 2.086957
-0.057589 0.036834 2.086957
-0.058407 -0.023046 2.086957
-0.034668 0.040111 2.086957
-0.035561 -0.025257 2.086957
-0.011754 0.042909 2.086957
-0.012709 -0.027022 2.086957
0.011155 0.045328 2.086957
0.010148 -0.028436 2.086957
0.034060 0.047430 2.086957
0.033008 -0.029567 2.086957
0.056961 0.049263 2.086957
0.055872 -0.030458 2.086957
0.079859 0.050859 2.086957
0.078739 -0.031145 2.086957
0.102754 0.052247 2.086957
0.101608 -0.031652 2.086957
0.125647 0.053445 2.086957
0.124480 -0.032003 2.086957
0.148537 0.054472 2.086957
0.147353 -0.032213 2.086957
0.171425 0.055342 2.086957
0.170228 -0.032297 2.086957
0.194311 0.056068 2.086957
0.193104 -0.032267 2.086957
0.217195 0.056658 2.086957
0.215982 -0.032133 2.086957
0.240078 0.057124 2.086957
0.238862 -0.031905 2.086957
0.262959 0.057472 2.086957
0.261742 -0.031591 2.086957
0.285838 0.057710 2.086957
0.284623 -0.031198 2.086957
0.308716 0.057844 2.086957
0.307506 -0.030732 2.086957
0.331593 0.057881 2.086957
0.330389 -0.030200 2.086957
0.354468 0.057824 2.086957
0.353274 -0.029605 2.086957
0.377342 0.057680 2.086957
0.376159 -0.028954 2.086957
0.400215 0.057452 2.086957
0.399044 -0.028250 2.086957
0.423087 0.057145 2.086957
0.421931 -0.027498 2.086957
0.445958 0.056762 2.086957
0.444818 -0.026700 2.086957
0.468828 0.056305 2.086957
0.467705 -0.025861 2.086957
0.491697 0.055780 2.086957
0.490593 -0.024983 2.086957
0.514565 0.055187 2.086957
0.513482 -0.024069 2.086957
0.537432 0.054530 2.086957
0.536371 -0.023123 2.086957
0.560298 0.053812 2.086957
0.559261 -0.022145 2.086957
0.583164 0.053034 2.086957
0.582150 -0.021139 2.086957
0.606028 0.052198 2.086957
0.605041 -0.020106 2.086957
0.628892 0.051306 2.086957
0.627931 -0.019048 2.086957
0.651755 0.050360 2.086957
0.650822 -0.017967 2.086957
0.674618 0.049361 2.086957
0.673713 -0.016865 2.086957
0.697480 0.048311 2.086957
0.696605 -0.015741 2.086957
0.720341 0.047210 2.086957
0.719496 -0.014599 2.086957
0.743201 0.046061 2.086957
0.742388 -0.013438 2.086957
0.766061 0.044862 2.086957
0.765281 -0.012260 2.086957
0.788920 0.043616 2.086957
0.788173 -0.011065 2.086957
0.811778 0.042324 2.086957
0.811066 -0.009855 2.086957
0.834636 0.040984 2.086957
0.833959 -0.008628 2.086957
0.857494 0.039599 2.086957
0.856852 -0.007387 2.086957
0.880350 0.038167 2.086957
0.879745 -0.006131 2.086957
0.903206 0.036690 2.086957
0.902638 -0.004859 2.086957
0.926061 0.035167 2.086957
0.925532 -0.003574 2.086957
0.948916 0.033598 2.086957
0.948426 -0.002273 2.086957
0.971770 0.031982 2.086957
0.971320 -0.000957 2.086957
0.994624 0.030321 2.086957
0.994214 0.000375 2.086957
1.017476 0.028612 2.086957
1.017109 0.001722 2.086957
1.040328 0.026856 2.086957
1.040004 0.003086 2.086957
1.063180 0.025052 2.086957
1.062899 0.004467 2.086957
1.086031 0.023198 2.086957
1.085794 0.005866 2.086957
1.108881 0.021295 2.086957
1.108689 0.007284 2.086957
1.131730 0.019342 2.086957
1.131585 0.008721 2.086957
1.154579 0.017336 2.086957
1.154481 0.010179 2.086957
1.177427 0.015277 2.086957
1.177378 0.011660 2.086957
1.200274 0.013164 2.086957
1.200274 0.013164 2.086957
-0.107785 0.005210 2.434783
-0.107785 0.005210 2.434783
-0.085356 0.021451 2.434783
-0.085857 -0.009979 2.434783
-0.063085 0.027823 2.434783
-0.063773 -0.015330 2.434783
-0.040842 0.032492 2.434783
-0.041662 -0.019007 2.434783
-0.018613 0.036237 2.434783
-0.019537 -0.021790 2.434783
0.003606 0.039361 2.434783
0.002597 -0.023983 2.434783
0.025818 0.042022 2.434783
0.024738 -0.025743 2.434783
0.048024 0.044315 2.434783
0.046885 -0.027165 2.434783
0.070225 0.046302 2.434783
0.069036 -0.028311 2.434783
0.092422 0.048028 2.434783
0.091191 -0.029225 2.434783
0.114615 0.049525 2.434783
0.113349 -0.029941 2.434783
0.136805 0.050818 2.434783
0.135510 -0.030483 2.434783
0.158992 0.051929 2.434783
0.157673 -0.030873 2.434783
0.181177 0.052874 2.434783
0.179838 -0.031127 2.434783
0.203359 0.053667 2.434783
0.202005 -0.031259 2.434783
0.225538 0.054319 2.434783
0.224174 -0.031280 2.434783
0.247716 0.054841 2.434783
0.246345 -0.031201 2.434783
0.269892 0.055242 2.434783
0.268517 -0.031031 2.434783
0.292066 0.055529 2.434783
0.290690 -0.030777 2.434783
0.314238 0.055709 2.434783
0.312865 -0.030447 2.434783
0.336409 0.055788 2.434783
0.335041 -0.030046 2.434783
0.358578 0.055773 2.434783
0.357218 -0.029580 2.434783
0.380745 0.055668 2.434783
0.379395 -0.029055 2.434783
0.402912 0.055478 2.434783
0.401574 -0.028474 2.434783
0.425077 0.055207 2.434783
0.423753 -0.027842 2.434783
0.447241 0.054858 2.434783
0.445933 -0.027163 2.434783
0.469403 0.054436 2.434783
0.468114 -0.026441 2.434783
0.491565 0.053944 2.434783
0.490296 -0.025678 2.434783
0.513725 0.053384 2.434783
0.512478 -0.024878 2.434783
0.535885 0.052759 2.434783
0.534661 -0.024043 2.434783
0.558043 0.052072 2.434783
0.556844 -0.023176 2.434783
0.580200 0.051326 2.434783
0.579027 -0.022280 2.434783
0.602357 0.050521 2.434783
0.601212 -0.021355 2.434783
0.624513 0.049661 2.434783
0.623396 -0.020405 2.434783
0.646667 0.048746 2.434783
0.645581 -0.019430 2.434783
0.668821 0.047779 2.434783
0.667766 -0.018433 2.434783
0.690975 0.046760 2.434783
0.689952 -0.017415 2.434783
0.713127 0.045692 2.434783
0.712138 -0.016377 2.434783
0.735278 0.044575 2.434783
0.734324 -0.015320 2.434783
0.757429 0.043411 2.434783
0.756510 -0.014246 2.434783
0.779579 0.042199 2.434783
0.778697 -0.013155 2.434783
0.801729 0.040941 2.434783
0.800884 -0.012048 2.434783
0.823877 0.039638 2.434783
0.823071 -0.010925 2.434783
0.846025 0.038290 2.434783
0.845259 -0.009787 2.434783
0.868172 0.036896 2.434783
0.867447 -0.008634 2.434783
0.890319 0.035459 2.434783
0.889635 -0.007467 2.434783
0.912464 0.033977 2.434783
0.911823 -0.006286 2.434783
0.934609 0.032450 2.434783
0.934011 -0.005090 2.434783
0.956754 0.030879 2.434783
0.956200 -0.003880 2.434783
0.978897 0.029264 2.434783
0.978389 -0.002656 2.434783
1.001040 0.027603 2.434783
1.000578 -0.001416 2.434783
1.023182 0.025897 2.434783
1.022767 -0.000161 2.434783
1.045324 0.024145 2.434783
1.044957 0.001110 2.434783
1.067464 0.022346 2.434783
1.067147 0.002398 2.434783
1.089604 0.020499 2.434783
1.089337 0.003703 2.434783
1.111744 0.018605 2.434783
1.111527 0.005027 2.434783
1.133882 0.016661 2.434783
1.133718 0.006369 2.434783
1.156020 0.014667 2.434783
1.155909 0.007732 2.434783
1.178156 0.012621 2.434783
1.178100 0.009116 2.434783
1.200292 0.010523 2.434783
1.200292 0.010523 2.434783
-0.066034 0.005764 2.782609
-0.066034 0.005764 2.782609
-0.044286 0.021438 2.782609
-0.044841 -0.008989 2.782609
-0.022712 0.027557 2.782609
-0.023473 -0.014217 2.782609
-0.001168 0.032028 2.782609
-0.002076 -0.017825 2.782609
0.020360 0.035604 2.782609
0.019337 -0.020569 2.782609
0.041877 0.038580 2.782609
0.040760 -0.022741 2.782609
0.063385 0.041107 2.782609
0.062190 -0.024493 2.782609
0.084887 0.043278 2.782609
0.083627 -0.025918 2.782609
0.106384 0.045153 2.782609
0.105069 -0.027076 2.782609
0.127876 0.046774 2.782609
0.126514 -0.028010 2.782609
0.149365 0.048174 2.782609
0.147963 -0.028752 2.782609
0.170849 0.049378 2.782609
0.169416 -0.029326 2.782609
0.192331 0.050404 2.782609
0.190871 -0.029752 2.782609
0.213809 0.051270 2.782609
0.212328 -0.030047 2.782609
0.235285 0.051989 2.782609
0.233787 -0.030223 2.782609
0.256758 0.052571 2.782609
0.255249 -0.030293 2.782609
0.278229 0.053028 2.782609
0.276712 -0.030265 2.782609
0.299698 0.053367 2.782609
0.298177 -0.030149 2.782609
0.321165 0.053595 2.782609
0.319643 -0.029953 2.782609
0.342630 0.053721 2.782609
0.341110 -0.029682 2.782609
0.364093 0.053749 2.782609
0.362579 -0.029342 2.782609
0.385554 0.053686 2.782609
0.384049 -0.028940 2.782609
0.407014 0.053535 2.782609
0.405520 -0.028480 2.782609
0.428473 0.053302 2.782609
0.426992 -0.027967 2.782609
0.449930 0.052991 2.782609
0.448465 -0.027405 2.782609
0.471385 0.052605 2.782609
0.469939 -0.026796 2.782609
0.492840 0.052147 2.782609
0.491413 -0.026146 2.782609
0.514293 0.051622 2.782609
0.512889 -0.025456 2.782609
0.535744 0.051031 2.782609
0.534365 -0.024731 2.782609
0.557195 0.050377 2.782609
0.555841 -0.023971 2.782609
0.578645 0.049664 2.782609
0.577318 -0.023181 2.782609
0.600094 0.048892 2.782609
0.598796 -0.022362 2.782609
0.621541 0.048064 2.782609
0.620274 -0.021516 2.782609
0.642988 0.047182 2.782609
0.641752 -0.020644 2.782609
0.664433 0.046248 2.782609
0.663231 -0.019750 2.782609
0.685878 0.045263 2.782609
0.684711 -0.018833 2.782609
0.707322 0.044228 2.782609
0.706190 -0.017897 2.782609
0.728765 0.043145 2.782609
0.727670 -0.016941 2.782609
0.750207 0.042015 2.782609
0.749151 -0.015967 2.782609
0.771648 0.040839 2.782609
0.770632 -0.014976 2.782609
0.793089 0.039617 2.782609
0.792113 -0.013968 2.782609
0.814528 0.038351 2.782609
0.813594 -0.012945 2.782609
0.835967 0.037040 2.782609
0.835075 -0.011907 2.782609
0.857405 0.035686 2.782609
0.856557 -0.010854 2.782609
0.878842 0.034288 2.782609
0.878039 -0.009788 2.782609
0.900279 0.032848 2.782609
0.899522 -0.008707 2.782609
0.921714 0.031364 2.782609
0.921004 -0.007612 2.782609
0.943149 0.029838 2.782609
0.942487 -0.006504 2.782609
0.964583 0.028268 2.782609
0.963970 -0.005381 2.782609
0.986016 0.026655 2.782609
0.985454 -0.004244 2.782609
1.007449 0.024999 2.782609
1.006937 -0.003093 2.782609
1.028881 0.023298 2.782609
1.028421 -0.001927 2.782609
1.050311 0.021553 2.782609
1.049905 -0.000745 2.782609
1.071741 0.019763 2.782609
1.071390 0.000453 2.782609
1.093171 0.017927 2.782609
1.092875 0.001667 2.782609
1.114599 0.016044 2.782609
1.114360 0.002900 2.782609
1.136027 0.014113 2.782609
1.135845 0.004150 2.782609
1.157453 0.012134 2.782609
1.157331 0.005421 2.782609
1.178879 0.010105 2.782609
1.178817 0.006712 2.782609
1.200304 0.008025 2.782609
1.200304 0.008025 2.782609
-0.024284 0.006271 3.130435
-0.024284 0.006271 3.130435
-0.003218 0.021380 3.130435
-0.003821 -0.008042 3.130435
0.017658 0.027250 3.130435
0.016831 -0.013145 3.130435
0.038502 0.031526 3.130435
0.037514 -0.016682 3.130435
0.059328 0.034937 3.130435
0.058215 -0.019382 3.130435
0.080142 0.037767 3.130435
0.078927 -0.021529 3.130435
0.100947 0.040164 3.130435
0.099647 -0.023271 3.130435
0.121745 0.042216 3.130435
0.120374 -0.024697 3.130435
0.142537 0.043981 3.130435
0.141106 -0.025864 3.130435
0.163324 0.045502 3.130435
0.161843 -0.026814 3.130435
0.184107 0.046808 3.130435
0.182583 -0.027578 3.130435
0.204886 0.047925 3.130435
0.203327 -0.028181 3.130435
0.225662 0.048870 3.130435
0.224073 -0.028640 3.130435
0.246434 0.049661 3.130435
0.244822 -0.028972 3.130435
0.267203 0.050308 3.130435
0.265574 -0.029190 3.130435
0.287970 0.050824 3.130435
0.286328 -0.029305 3.130435
0.308734 0.051218 3.130435
0.307083 -0.029325 3.130435
0.329495 0.051499 3.130435
0.327841 -0.029261 3.130435
0.350255 0.051673 3.130435
0.348600 -0.029117 3.130435
0.371013 0.051747 3.130435
0.369360 -0.028903 3.130435
0.391768 0.051727 3.130435
0.390122 -0.028622 3.130435
0.412522 0.051618 3.130435
0.410885 -0.028280 3.130435
0.433274 0.051426 3.130435
0.431649 -0.027883 3.130435
0.454024 0.051153 3.130435
0.452414 -0.027434 3.130435
0.474773 0.050805 3.130435
0.473180 -0.026937 3.130435
0.495521 0.050384 3.130435
0.493947 -0.026396 3.130435
0.516267 0.049894 3.130435
0.514715 -0.025814 3.130435
0.537011 0.049339 3.130435
0.535484 -0.025195 3.130435
0.557755 0.048720 3.130435
0.556253 -0.024540 3.130435
0.578497 0.048041 3.130435
0.577024 -0.023853 3.130435
0.599238 0.047304 3.130435
0.597794 -0.023136 3.130435
0.619977 0.046510 3.130435
0.618566 -0.022391 3.130435
0.640716 0.045662 3.130435
0.639337 -0.021620 3.130435
0.661454 0.044762 3.130435
0.660110 -0.020825 3.130435
0.682190 0.043812 3.130435
0.680882 -0.020007 3.130435
0.702926 0.042812 3.130435
0.701656 -0.019169 3.130435
0.723660 0.041764 3.130435
0.722429 -0.018310 3.130435
0.744394 0.040670 3.130435
0.743203 -0.017433 3.130435
0.765126 0.039530 3.130435
0.763978 -0.016538 3.130435
0.785858 0.038345 3.130435
0.784752 -0.015627 3.130435
0.806589 0.037116 3.130435
0.805527 -0.014700 3.130435
0.827319 0.035844 3.130435
0.826303 -0.013758 3.130435
0.848048 0.034530 3.130435
0.847078 -0.012802 3.130435
0.868776 0.033173 3.130435
0.867854 -0.011831 3.130435
0.889504 0.031774 3.130435
0.888630 -0.010847 3.130435
0.910230 0.030334 3.130435
0.909407 -0.009849 3.130435
0.930956 0.028852 3.130435
0.930183 -0.008837 3.130435
0.951681 0.027329 3.130435
0.950961 -0.007813 3.130435
0.972405 0.025764 3.130435
0.971738 -0.006774 3.130435
0.993128 0.024157 3.130435
0.992515 -0.005722 3.130435
1.013850 0.022508 3.130435
1.013293 -0.004656 3.130435
1.034571 0.020816 3.130435
1.034071 -0.003576 3.130435
1.055292 0.019082 3.130435
1.054850 -0.002480 3.130435
1.076011 0.017303 3.130435
1.075629 -0.001369 3.130435
1.096730 0.015480 3.130435
1.096408 -0.000242 3.130435
1.117448 0.013612 3.130435
1.117187 0.000902 3.130435
1.138164 0.011698 3.130435
1.137967 0.002064 3.130435
1.158880 0.009737 3.130435
1.158747 0.003246 3.130435
1.179595 0.007728 3.130435
1.179528 0.004447 3.130435
1.200309 0.005669 3.130435
1.200309 0.005669 3.130435
0.017468 0.006730 3.478261
0.017468 0.006730 3.478261
0.037849 0.021277 3.478261
0.037202 -0.007140 3.478261
0.058026 0.026901 3.478261
0.057138 -0.012114 3.478261
0.078168 0.030986 3.478261
0.077108 -0.015576 3.478261
0.098292 0.034235 3.478261
0.097097 -0.018230 3.478261
0.118402 0.036923 3.478261
0.117098 -0.020349 3.478261
0.138504 0.039192 3.478261
0.137108 -0.022078 3.478261
0.158597 0.041128 3.478261
0.157125 -0.023500 3.478261
0.178684 0.042788 3.478261
0.177148 -0.024673 3.478261
0.198766 0.044211 3.478261
0.197176 -0.025636 3.478261
0.218843 0.045427 3.478261
0.217207 -0.026420 3.478261
0.238916 0.046460 3.478261
0.237242 -0.027048 3.478261
0.258985 0.047328 3.478261
0.257281 -0.027537 3.478261
0.279051 0.048045 3.478261
0.277322 -0.027904 3.478261
0.299114 0.048625 3.478261
0.297365 -0.028160 3.478261
0.319173 0.049078 3.478261
0.317411 -0.028316 3.478261
0.339230 0.049413 3.478261
0.337459 -0.028381 3.478261
0.359285 0.049638 3.478261
0.357509 -0.028364 3.478261
0.379337 0.049760 3.478261
0.377560 -0.028272 3.478261
0.399387 0.049786 3.478261
0.397613 -0.028110 3.478261
0.419435 0.049722 3.478261
0.417668 -0.027884 3.478261
0.439481 0.049571 3.478261
0.437724 -0.027600 3.478261
0.459525 0.049339 3.478261
0.457781 -0.027262 3.478261
0.479567 0.049030 3.478261
0.477839 -0.026874 3.478261
0.499608 0.048648 3.478261
0.497899 -0.026440 3.478261
0.519647 0.048196 3.478261
0.517959 -0.025963 3.478261
0.539685 0.047678 3.478261
0.538020 -0.025447 3.478261
0.559721 0.047095 3.478261
0.558082 -0.024894 3.478261
0.579756 0.046452 3.478261
0.578145 -0.024307 3.478261
0.599789 0.045751 3.478261
0.598208 -0.023689 3.478261
0.619821 0.044993 3.478261
0.618272 -0.023043 3.478261
0.639852 0.044181 3.478261
0.638337 -0.022369 3.478261
0.659882 0.043316 3.478261
0.658402 -0.021670 3.478261
0.679911 0.042401 3.478261
0.678468 -0.020947 3.478261
0.699938 0.041438 3.478261
0.698535 -0.020203 3.478261
0.719965 0.040426 3.478261
0.718601 -0.019438 3.478261
0.739990 0.039368 3.478261
0.738669 -0.018655 3.478261
0.760014 0.038266 3.478261
0.758736 -0.017853 3.478261
0.780037 0.037119 3.478261
0.778804 -0.017035 3.478261
0.800060 0.035929 3.478261
0.798873 -0.016200 3.478261
0.820081 0.034697 3.478261
0.818942 -0.015351 3.478261
0.840101 0.033423 3.478261
0.839011 -0.014487 3.478261
0.860121 0.032107 3.478261
0.859080 -0.013608 3.478261
0.880139 0.030751 3.478261
0.879150 -0.012716 3.478261
0.900157 0.029355 3.478261
0.899220 -0.011811 3.478261
0.920174 0.027918 3.478261
0.919290 -0.010893 3.478261
0.940190 0.026441 3.478261
0.939361 -0.009962 3.478261
0.960204 0.024924 3.478261
0.959432 -0.009018 3.478261
0.980218 0.023367 3.478261
0.979503 -0.008061 3.478261
1.000232 0.021769 3.478261
0.999574 -0.007090 3.478261
1.020244 0.020131 3.478261
1.019646 -0.006106 3.478261
1.040255 0.018451 3.478261
1.039718 -0.005108 3.478261
1.060265 0.016730 3.478261
1.059791 -0.004096 3.478261
1.080274 0.014967 3.478261
1.079864 -0.003068 3.478261
1.100282 0.013161 3.478261
1.099937 -0.002025 3.478261
1.120290 0.011311 3.478261
1.120010 -0.000966 3.478261
1.140296 0.009416 3.478261
1.140084 0.000111 3.478261
1.160301 0.007476 3.478261
1.160159 0.001206 3.478261
1.180305 0.005490 3.478261
1.180233 0.002321 3.478261
1.200309 0.003456 3.478261
1.200309 0.003456 3.478261
0.059220 0.007142 3.826087
0.059220 0.007142 3.826087
0.078913 0.021131 3.826087
0.078226 -0.006282 3.826087
0.098391 0.026512 3.826087
0.097448 -0.011125 3.826087
0.117831 0.030408 3.826087
0.116706 -0.014508 3.826087
0.137251 0.033498 3.826087
0.135984 -0.017112 3.826087
0.156658 0.036047 3.826087
0.155274 -0.019201 3.826087
0.176055 0.038192 3.826087
0.174574 -0.020912 3.826087
0.195443 0.040016 3.826087
0.193882 -0.022328 3.826087
0.214825 0.041573 3.826087
0.213195 -0.023503 3.826087
0.234201 0.042901 3.826087
0.232513 -0.024477 3.826087
0.253572 0.044031 3.826087
0.251836 -0.025277 3.826087
0.272939 0.044983 3.826087
0.271163 -0.025926 3.826087
0.292302 0.045776 3.826087
0.290493 -0.026443 3.826087
0.311661 0.046424 3.826087
0.309826 -0.026840 3.826087
0.331016 0.046939 3.826087
0.329161 -0.027131 3.826087
0.350369 0.047332 3.826087
0.348499 -0.027326 3.826087
0.369719 0.047611 3.826087
0.367839 -0.027433 3.826087
0.389066 0.047784 3.826087
0.387181 -0.027461 3.826087
0.408411 0.047858 3.826087
0.406525 -0.027416 3.826087
0.427753 0.047840 3.826087
0.425871 -0.027303 3.826087
0.447093 0.047733 3.826087
0.445218 -0.027130 3.826087
0.466431 0.047544 3.826087
0.464567 -0.026900 3.826087
0.485768 0.047276 3.826087
0.483917 -0.026618 3.826087
0.505102 0.046934 3.826087
0.503268 -0.026287 3.826087
0.524434 0.046521 3.826087
0.522620 -0.025912 3.826087
0.543765 0.046041 3.826087
0.541973 -0.025496 3.826087
0.563094 0.045497 3.826087
0.561328 -0.025042 3.826087
0.582422 0.044891 3.826087
0.580683 -0.024553 3.826087
0.601748 0.044227 3.826087
0.600038 -0.024032 3.826087
0.621073 0.043506 3.826087
0.619395 -0.023480 3.826087
0.640396 0.042731 3.826087
0.638753 -0.022900 3.826087
0.659718 0.041903 3.826087
0.658111 -0.022293 3.826087
0.679039 0.041026 3.826087
0.677469 -0.021663 3.826087
0.698359 0.040099 3.826087
0.696828 -0.021010 3.826087
0.717677 0.039125 3.826087
0.716188 -0.020336 3.826087
0.736995 0.038106 3.826087
0.735548 -0.019643 3.826087
0.756311 0.037041 3.826087
0.754909 -0.018931 3.826087
0.775626 0.035934 3.826087
0.774270 -0.018202 3.826087
0.794940 0.034783 3.826087
0.793632 -0.017456 3.826087
0.814253 0.033591 3.826087
0.812993 -0.016696 3.826087
0.833565 0.032358 3.826087
0.832356 -0.015920 3.826087
0.852876 0.031085 3.826087
0.851718 -0.015130 3.826087
0.872186 0.029773 3.826087
0.871081 -0.014327 3.826087
0.891495 0.028420 3.826087
0.890445 -0.013511 3.826087
0.910803 0.027029 3.826087
0.909808 -0.012682 3.826087
0.930110 0.025599 3.826087
0.929172 -0.011840 3.826087
0.949416 0.024131 3.826087
0.948536 -0.010986 3.826087
0.968721 0.022623 3.826087
0.967901 -0.010119 3.826087
0.988025 0.021077 3.826087
0.987266 -0.009240 3.826087
1.007328 0.019492 3.826087
1.006631 -0.008348 3.826087
1.026630 0.017867 3.826087
1.025996 -0.007442 3.826087
1.045931 0.016203 3.826087
1.045362 -0.006524 3.826087
1.065232 0.014499 3.826087
1.064728 -0.005591 3.826087
1.084531 0.012754 3.826087
1.084095 -0.004644 3.826087
1.103829 0.010967 3.826087
1.103462 -0.003682 3.826087
1.123126 0.009139 3.826087
1.122829 -0.002704 3.826087
1.142422 0.007267 3.826087
1.142197 -0.001709 3.826087
1.161717 0.005352 3.826087
1.161565 -0.000697 3.826087
1.181010 0.003392 3.826087
1.180934 0.000335 3.826087
1.200303 0.001386 3.826087
1.200303 0.001386 3.826087
0.100972 0.007506 4.173913
0.100972 0.007506 4.173913
0.119975 0.020940 4.173913
0.119254 -0.005469 4.173913
0.138752 0.026081 4.173913
0.137762 -0.010176 4.173913
0.157490 0.029792 4.173913
0.156308 -0.013478 4.173913
0.176206 0.032726 4.173913
0.174874 -0.016029 4.173913
0.194909 0.035140 4.173913
0.193454 -0.018084 4.173913
0.213600 0.037164 4.173913
0.212044 -0.019774 4.173913
0.232283 0.038878 4.173913
0.230642 -0.021181 4.173913
0.250959 0.040336 4.173913
0.249246 -0.022356 4.173913
0.269630 0.041573 4.173913
0.267856 -0.023336 4.173913
0.288294 0.042619 4.173913
0.286470 -0.024149 4.173913
0.306955 0.043494 4.173913
0.305088 -0.024817 4.173913
0.325611 0.044215 4.173913
0.323710 -0.025357 4.173913
0.344263 0.044797 4.173913
0.342334 -0.025782 4.173913
0.362911 0.045251 4.173913
0.360962 -0.026105 4.173913
0.381557 0.045587 4.173913
0.379592 -0.026335 4.173913
0.400199 0.045813 4.173913
0.398224 -0.026481 4.173913
0.418839 0.045938 4.173913
0.416858 -0.026550 4.173913
0.437476 0.045967 4.173913
0.435495 -0.026549 4.173913
0.456111 0.045906 4.173913
0.454133 -0.026483 4.173913
0.474743 0.045761 4.173913
0.472772 -0.026358 4.173913
0.493373 0.045536 4.173913
0.491414 -0.026179 4.173913
0.512001 0.045236 4.173913
0.510056 -0.025950 4.173913
0.530627 0.044864 4.173913
0.528700 -0.025674 4.173913
0.549252 0.044424 4.173913
0.547345 -0.025355 4.173913
0.567874 0.043919 4.173913
0.565991 -0.024997 4.173913
0.586495 0.043353 4.173913
0.584638 -0.024602 4.173913
0.605114 0.042727 4.173913
0.603286 -0.024173 4.173913
0.623732 0.042044 4.173913
0.621935 -0.023713 4.173913
0.642348 0.041307 4.173913
0.640585 -0.023224 4.173913
0.660963 0.040518 4.173913
0.659235 -0.022707 4.173913
0.679576 0.039679 4.173913
0.677886 -0.022166 4.173913
0.698188 0.038791 4.173913
0.696538 -0.021601 4.173913
0.716799 0.037855 4.173913
0.715190 -0.021015 4.173913
0.735408 0.036875 4.173913
0.733843 -0.020408 4.173913
0.754017 0.035850 4.173913
0.752496 -0.019782 4.173913
0.772624 0.034782 4.173913
0.771150 -0.019139 4.173913
0.791230 0.033673 4.173913
0.789805 -0.018479 4.173913
0.809834 0.032522 4.173913
0.808459 -0.017803 4.173913
0.828438 0.031332 4.173913
0.827114 -0.017113 4.173913
0.847041 0.030102 4.173913
0.845770 -0.016408 4.173913
0.865642 0.028833 4.173913
0.864426 -0.015690 4.173913
0.884243 0.027526 4.173913
0.883082 -0.014958 4.173913
0.902843 0.026181 4.173913
0.901739 -0.014214 4.173913
0.921441 0.024798 4.173913
0.920396 -0.013458 4.173913
0.940039 0.023378 4.173913
0.939053 -0.012689 4.173913
0.958635 0.021921 4.173913
0.957711 -0.011909 4.173913
0.977230 0.020426 4.173913
0.976369 -0.011116 4.173913
0.995825 0.018894 4.173913
0.995027 -0.010312 4.173913
1.014418 0.017324 4.173913
1.013685 -0.009495 4.173913
1.033011 0.015717 4.173913
1.032344 -0.008665 4.173913
1.051602 0.014071 4.173913
1.051004 -0.007823 4.173913
1.070192 0.012387 4.173913
1.069663 -0.006967 4.173913
1.088781 0.010663 4.173913
1.088323 -0.006097 4.173913
1.107369 0.008900 4.173913
1.106984 -0.005212 4.173913
1.125956 0.007096 4.173913
1.125645 -0.004312 4.173913
1.144542 0.005251 4.173913
1.144306 -0.003396 4.173913
1.163127 0.003363 4.173913
1.162968 -0.002463 4.173913
1.181711 0.001433 4.173913
1.181630 -0.001512 4.173913
1.200293 -0.000542 4.173913
1.200293 -0.000542 4.173913
0.142724 0.007822 4.521739
0.142724 0.007822 4.521739
0.161036 0.020704 4.521739
0.160284 -0.004700 4.521739
0.179110 0.025609 4.521739
0.178078 -0.009269 4.521739
0.197145 0.029138 4.521739
0.195912 -0.012486 4.521739
0.215157 0.031920 4.521739
0.213768 -0.014980 4.521739
0.233154 0.034201 4.521739
0.231638 -0.016998 4.521739
0.251140 0.036107 4.521739
0.249519 -0.018665 4.521739
0.269118 0.037716 4.521739
0.267407 -0.020059 4.521739
0.287088 0.039077 4.521739
0.285302 -0.021230 4.521739
0.305051 0.040227 4.521739
0.303203 -0.022214 4.521739
0.323010 0.041192 4.521739
0.321108 -0.023037 4.521739
0.340963 0.041992 4.521739
0.339018 -0.023720 4.521739
0.358912 0.042646 4.521739
0.356931 -0.024280 4.521739
0.376857 0.043165 4.521739
0.374847 -0.024730 4.521739
0.394799 0.043560 4.521739
0.392767 -0.025082 4.521739
0.412737 0.043843 4.521739
0.410689 -0.025344 4.521739
0.430672 0.044020 4.521739
0.428613 -0.025525 4.521739
0.448604 0.044099 4.521739
0.446540 -0.025632 4.521739
0.466533 0.044086 4.521739
0.464468 -0.025672 4.521739
0.484460 0.043987 4.521739
0.482399 -0.025649 4.521739
0.502384 0.043806 4.521739
0.500331 -0.025570 4.521739
0.520307 0.043549 4.521739
0.518264 -0.025439 4.521739
0.538227 0.043219 4.521739
0.536199 -0.025259 4.521739
0.556144 0.042821 4.521739
0.554136 -0.025034 4.521739
0.574060 0.042357 4.521739
0.572073 -0.024768 4.521739
0.591975 0.041830 4.521739
0.590012 -0.024465 4.521739
0.609887 0.041244 4.521739
0.607952 -0.024125 4.521739
0.627798 0.040602 4.521739
0.625893 -0.023754 4.521739
0.645707 0.039904 4.521739
0.643834 -0.023352 4.521739
0.663614 0.039155 4.521739
0.661777 -0.022922 4.521739
0.681520 0.038355 4.521739
0.679720 -0.022466 4.521739
0.699425 0.037506 4.521739
0.697664 -0.021986 4.521739
0.717328 0.036611 4.521739
0.715609 -0.021484 4.521739
0.735230 0.035671 4.521739
0.733554 -0.020960 4.521739
0.753131 0.034687 4.521739
0.751500 -0.020417 4.521739
0.771030 0.033660 4.521739
0.769446 -0.019856 4.521739
0.788928 0.032592 4.521739
0.787393 -0.019278 4.521739
0.806825 0.031484 4.521739
0.805340 -0.018684 4.521739
0.824721 0.030336 4.521739
0.823288 -0.018075 4.521739
0.842616 0.029150 4.521739
0.841236 -0.017451 4.521739
0.860509 0.027926 4.521739
0.859185 -0.016814 4.521739
0.878402 0.026665 4.521739
0.877134 -0.016164 4.521739
0.896293 0.025366 4.521739
0.895083 -0.015501 4.521739
0.914183 0.024032 4.521739
0.913033 -0.014827 4.521739
0.932072 0.022661 4.521739
0.930983 -0.014140 4.521739
0.949960 0.021254 4.521739
0.948933 -0.013441 4.521739
0.967847 0.019811 4.521739
0.966884 -0.012731 4.521739
0.985733 0.018333 4.521739
0.984835 -0.012010 4.521739
1.003618 0.016818 4.521739
1.002787 -0.011277 4.521739
1.021502 0.015268 4.521739
1.020738 -0.010532 4.521739
1.039385 0.013680 4.521739
1.038690 -0.009774 4.521739
1.057266 0.012057 4.521739
1.056643 -0.009005 4.521739
1.075147 0.010396 4.521739
1.074596 -0.008222 4.521739
1.093026 0.008697 4.521739
1.092549 -0.007426 4.521739
1.110905 0.006960 4.521739
1.110503 -0.006616 4.521739
1.128782 0.005183 4.521739
1.128457 -0.005791 4.521739
1.146658 0.003368 4.521739
1.146412 -0.004951 4.521739
1.164533 0.001511 4.521739
1.164367 -0.004094 4.521739
1.182406 -0.000387 4.521739
1.182322 -0.003220 4.521739
1.200279 -0.002328 4.521739
1.200279 -0.002328 4.521739
0.184477 0.008091 4.869565
0.184477 0.008091 4.869565
0.202093 0.020425 4.869565
0.201315 -0.003975 4.869565
0.219465 0.025097 4.869565
0.218397 -0.008402 4.869565
0.236795 0.028447 4.869565
0.235521 -0.011531 4.869565
0.254102 0.031080 4.869565
0.252666 -0.013967 4.869565
0.271394 0.033231 4.869565
0.269826 -0.015943 4.869565
0.288675 0.035023 4.869565
0.286997 -0.017584 4.869565
0.305946 0.036528 4.869565
0.304177 -0.018962 4.869565
0.323209 0.037796 4.869565
0.321363 -0.020126 4.869565
0.340466 0.038861 4.869565
0.338555 -0.021110 4.869565
0.357718 0.039749 4.869565
0.355751 -0.021940 4.869565
0.374964 0.040479 4.869565
0.372952 -0.022635 4.869565
0.392206 0.041067 4.869565
0.390157 -0.023212 4.869565
0.409444 0.041526 4.869565
0.407365 -0.023684 4.869565
0.426678 0.041867 4.869565
0.424576 -0.024060 4.869565
0.443909 0.042099 4.869565
0.441790 -0.024351 4.869565
0.461136 0.042230 4.869565
0.459007 -0.024565 4.869565
0.478361 0.042267 4.869565
0.476225 -0.024707 4.869565
0.495582 0.042215 4.869565
0.493446 -0.024784 4.869565
0.512801 0.042081 4.869565
0.510669 -0.024802 4.869565
0.530017 0.041868 4.869565
0.527893 -0.024765 4.869565
0.547232 0.041582 4.869565
0.545119 -0.024678 4.869565
0.564443 0.041226 4.869565
0.562346 -0.024544 4.869565
0.581653 0.040804 4.869565
0.579575 -0.024368 4.869565
0.598861 0.040319 4.869565
0.596805 -0.024152 4.869565
0.616067 0.039775 4.869565
0.614037 -0.023899 4.869565
0.633271 0.039173 4.869565
0.631269 -0.023613 4.869565
0.650473 0.038516 4.869565
0.648502 -0.023295 4.869565
0.667674 0.037807 4.869565
0.665736 -0.022948 4.869565
0.684873 0.037048 4.869565
0.682972 -0.022574 4.869565
0.702070 0.036240 4.869565
0.700208 -0.022176 4.869565
0.719266 0.035386 4.869565
0.717444 -0.021754 4.869565
0.736460 0.034487 4.869565
0.734681 -0.021310 4.869565
0.753654 0.033545 4.869565
0.751919 -0.020847 4.869565
0.770845 0.032560 4.869565
0.769158 -0.020365 4.869565
0.788036 0.031535 4.869565
0.786397 -0.019865 4.869565
0.805225 0.030470 4.869565
0.803637 -0.019349 4.869565
0.822413 0.029367 4.869565
0.820877 -0.018818 4.869565
0.839600 0.028225 4.869565
0.838117 -0.018272 4.869565
0.856786 0.027047 4.869565
0.855359 -0.017712 4.869565
0.873970 0.025832 4.869565
0.872600 -0.017139 4.869565
0.891153 0.024581 4.869565
0.889842 -0.016554 4.869565
0.908336 0.023295 4.869565
0.907084 -0.015957 4.869565
0.925517 0.021974 4.869565
0.924327 -0.015348 4.869565
0.942697 0.020618 4.869565
0.941570 -0.014728 4.869565
0.959875 0.019228 4.869565
0.958813 -0.014096 4.869565
0.977053 0.017803 4.869565
0.976057 -0.013453 4.869565
0.994230 0.016343 4.869565
0.993301 -0.012799 4.869565
1.011405 0.014850 4.869565
1.010545 -0.012134 4.869565
1.028580 0.013321 4.869565
1.027790 -0.011458 4.869565
1.045753 0.011757 4.869565
1.045035 -0.010770 4.869565
1.062925 0.010159 4.869565
1.062280 -0.010070 4.869565
1.080096 0.008524 4.869565
1.079526 -0.009357 4.869565
1.097266 0.006853 4.869565
1.096773 -0.008632 4.869565
1.114435 0.005146 4.869565
1.114019 -0.007893 4.869565
1.131603 0.003400 4.869565
1.131267 -0.007140 4.869565
1.148769 0.001617 4.869565
1.148514 -0.006372 4.869565
1.165934 -0.000205 4.869565
1.165762 -0.005589 4.869565
1.183098 -0.002068 4.869565
1.183011 -0.004789 4.869565
1.200260 -0.003971 4.869565
1.200260 -0.003971 4.869565
0.226229 0.008313 5.217391
0.226229 0.008313 5.217391
0.243148 0.020101 5.217391
0.242349 -0.003294 5.217391
0.259817 0.024543 5.217391
0.258719 -0.007577 5.217391
0.276442 0.027717 5.217391
0.275132 -0.010615 5.217391
0.293043 0.030204 5.217391
0.291568 -0.012987 5.217391
0.309629 0.032229 5.217391
0.308018 -0.014920 5.217391
0.326203 0.033910 5.217391
0.324480 -0.016531 5.217391
0.342768 0.035316 5.217391
0.340950 -0.017890 5.217391
0.359325 0.036494 5.217391
0.357427 -0.019043 5.217391
0.375875 0.037478 5.217391
0.373911 -0.020025 5.217391
0.392419 0.038291 5.217391
0.390399 -0.020858 5.217391
0.408959 0.038954 5.217391
0.406891 -0.021562 5.217391
0.425493 0.039480 5.217391
0.423388 -0.022153 5.217391
0.442024 0.039883 5.217391
0.439888 -0.022643 5.217391
0.458550 0.040172 5.217391
0.456391 -0.023042 5.217391
0.475073 0.040357 5.217391
0.472896 -0.023358 5.217391
0.491593 0.040445 5.217391
0.489405 -0.023600 5.217391
0.508109 0.040442 5.217391
0.505915 -0.023774 5.217391
0.524623 0.040355 5.217391
0.522428 -0.023886 5.217391
0.541134 0.040189 5.217391
0.538943 -0.023941 5.217391
0.557642 0.039947 5.217391
0.555460 -0.023943 5.217391
0.574148 0.039635 5.217391
0.571978 -0.023897 5.217391
0.590652 0.039257 5.217391
0.588498 -0.023806 5.217391
0.607153 0.038814 5.217391
0.605019 -0.023675 5.217391
0.623653 0.038312 5.217391
0.621541 -0.023505 5.217391
0.640150 0.037752 5.217391
0.638065 -0.023301 5.217391
0.656646 0.037137 5.217391
0.654589 -0.023064 5.217391
0.673140 0.036470 5.217391
0.671115 -0.022796 5.217391
0.689632 0.035752 5.217391
0.687642 -0.022501 5.217391
0.706122 0.034987 5.217391
0.704169 -0.022181 5.217391
0.722611 0.034175 5.217391
0.720698 -0.021836 5.217391
0.739099 0.033318 5.217391
0.737227 -0.021469 5.217391
0.755585 0.032419 5.217391
0.753757 -0.021082 5.217391
0.772069 0.031478 5.217391
0.770287 -0.020675 5.217391
0.788552 0.030496 5.217391
0.786819 -0.020250 5.217391
0.805034 0.029476 5.217391
0.803350 -0.019809 5.217391
0.821514 0.028417 5.217391
0.819883 -0.019351 5.217391
0.837994 0.027321 5.217391
0.836415 -0.018880 5.217391
0.854472 0.026189 5.217391
0.852948 -0.018394 5.217391
0.870948 0.025022 5.217391
0.869482 -0.017895 5.217391
0.887424 0.023819 5.217391
0.886016 -0.017383 5.217391
0.903898 0.022582 5.217391
0.902551 -0.016860 5.217391
0.920371 0.021311 5.217391
0.919086 -0.016324 5.217391
0.936843 0.020007 5.217391
0.935621 -0.015778 5.217391
0.953314 0.018670 5.217391
0.952157 -0.015221 5.217391
0.969784 0.017299 5.217391
0.968693 -0.014653 5.217391
0.986253 0.015895 5.217391
0.985229 -0.014074 5.217391
1.002720 0.014458 5.217391
1.001766 -0.013485 5.217391
1.019187 0.012988 5.217391
1.018303 -0.012885 5.217391
1.035652 0.011485 5.217391
1.034840 -0.012274 5.217391
1.052116 0.009948 5.217391
1.051378 -0.011652 5.217391
1.068579 0.008377 5.217391
1.067917 -0.011018 5.217391
1.085041 0.006773 5.217391
1.084455 -0.010373 5.217391
1.101502 0.005133 5.217391
1.100994 -0.009715 5.217391
1.117961 0.003458 5.217391
1.117534 -0.009044 5.217391
1.134419 0.001747 5.217391
1.134074 -0.008360 5.217391
1.150876 -0.000000 5.217391
1.150615 -0.007661 5.217391
1.167332 -0.001785 5.217391
1.167156 -0.006947 5.217391
1.183786 -0.003608 5.217391
1.183697 -0.006217 5.217391
1.200239 -0.005471 5.217391
1.200239 -0.005471 5.217391
0.267981 0.008487 5.565217
0.267981 0.008487 5.565217
0.284201 0.019733 5.565217
0.283385 -0.002658 5.565217
0.300164 0.023948 5.565217
0.299044 -0.006793 5.565217
0.316084 0.026950 5.565217
0.314747 -0.009736 5.565217
0.331979 0.029294 5.565217
0.330473 -0.012043 5.565217
0.347858 0.031197 5.565217
0.346214 -0.013929 5.565217
0.363726 0.032769 5.565217
0.361967 -0.015507 5.565217
0.379584 0.034078 5.565217
0.377728 -0.016843 5.565217
0.395433 0.035170 5.565217
0.393496 -0.017983 5.565217
0.411276 0.036076 5.565217
0.409271 -0.018958 5.565217
0.427114 0.036818 5.565217
0.425051 -0.019791 5.565217
0.442945 0.037416 5.565217
0.440835 -0.020502 5.565217
0.458772 0.037884 5.565217
0.456623 -0.021103 5.565217
0.474595 0.038233 5.565217
0.472415 -0.021608 5.565217
0.490414 0.038474 5.565217
0.488209 -0.022025 5.565217
0.506229 0.038615 5.565217
0.504007 -0.022364 5.565217
0.522041 0.038663 5.565217
0.519807 -0.022632 5.565217
0.537850 0.038625 5.565217
0.535610 -0.022834 5.565217
0.553655 0.038506 5.565217
0.551415 -0.022977 5.565217
0.569458 0.038310 5.565217
0.567222 -0.023066 5.565217
0.585259 0.038043 5.565217
0.583030 -0.023104 5.565217
0.601056 0.037709 5.565217
0.598841 -0.023096 5.565217
0.616852 0.037310 5.565217
0.614653 -0.023045 5.565217
0.632645 0.036851 5.565217
0.630466 -0.022955 5.565217
0.648436 0.036334 5.565217
0.646281 -0.022829 5.565217
0.664226 0.035762 5.565217
0.662096 -0.022669 5.565217
0.680013 0.035138 5.565217
0.677913 -0.022478 5.565217
0.695798 0.034463 5.565217
0.693731 -0.022259 5.565217
0.711582 0.033740 5.565217
0.709550 -0.022012 5.565217
0.727364 0.032972 5.565217
0.725370 -0.021741 5.565217
0.743145 0.032159 5.565217
0.741191 -0.021447 5.565217
0.758923 0.031303 5.565217
0.757013 -0.021132 5.565217
0.774701 0.030406 5.565217
0.772835 -0.020797 5.565217
0.790477 0.029469 5.565217
0.788658 -0.020444 5.565217
0.806251 0.028494 5.565217
0.804481 -0.020073 5.565217
0.822024 0.027481 5.565217
0.820306 -0.019687 5.565217
0.837796 0.026432 5.565217
0.836130 -0.019285 5.565217
0.853567 0.025347 5.565217
0.851955 -0.018870 5.565217
0.869336 0.024228 5.565217
0.867781 -0.018441 5.565217
0.885104 0.023075 5.565217
0.883607 -0.017999 5.565217
0.900871 0.021888 5.565217
0.899434 -0.017545 5.565217
0.916636 0.020668 5.565217
0.915261 -0.017080 5.565217
0.932401 0.019416 5.565217
0.931088 -0.016604 5.565217
0.948164 0.018131 5.565217
0.946916 -0.016117 5.565217
0.963926 0.016815 5.565217
0.962744 -0.015620 5.565217
0.979687 0.015467 5.565217
0.978573 -0.015113 5.565217
0.995447 0.014088 5.565217
0.994402 -0.014595 5.565217
1.011205 0.012677 5.565217
1.010231 -0.014067 5.565217
1.026963 0.011234 5.565217
1.026061 -0.013528 5.565217
1.042719 0.009759 5.565217
1.041891 -0.012980 5.565217
1.058474 0.008252 5.565217
1.057721 -0.012420 5.565217
1.074228 0.006713 5.565217
1.073552 -0.011850 5.565217
1.089981 0.005141 5.565217
1.089383 -0.011268 5.565217
1.105733 0.003536 5.565217
1.105215 -0.010674 5.565217
1.121483 0.001897 5.565217
1.121047 -0.010068 5.565217
1.137232 0.000224 5.565217
1.136880 -0.009449 5.565217
1.152980 -0.001485 5.565217
1.152713 -0.008816 5.565217
1.168726 -0.003229 5.565217
1.168546 -0.008169 5.565217
1.184471 -0.005010 5.565217
1.184380 -0.007507 5.565217
1.200215 -0.006829 5.565217
1.200215 -0.006829 5.565217
0.309732 0.008613 5.913043
0.309732 0.008613 5.913043
0.325250 0.019320 5.913043
0.324422 -0.002066 5.913043
0.340508 0.023312 5.913043
0.339371 -0.006050 5.913043
0.355721 0.026145 5.913043
0.354364 -0.008896 5.913043
0.370910 0.028350 5.913043
0.369381 -0.011133 5.913043
0.386082 0.030132 5.913043
0.384413 -0.012969 5.913043
0.401242 0.031600 5.913043
0.399457 -0.014510 5.913043
0.416393 0.032816 5.913043
0.414510 -0.015821 5.913043
0.431535 0.033825 5.913043
0.429570 -0.016944 5.913043
0.446671 0.034655 5.913043
0.444636 -0.017910 5.913043
0.461801 0.035330 5.913043
0.459707 -0.018740 5.913043
0.476925 0.035867 5.913043
0.474783 -0.019453 5.913043
0.492044 0.036279 5.913043
0.489863 -0.020062 5.913043
0.507159 0.036578 5.913043
0.504946 -0.020578 5.913043
0.522270 0.036774 5.913043
0.520033 -0.021012 5.913043
0.537378 0.036874 5.913043
0.535122 -0.021370 5.913043
0.552481 0.036886 5.913043
0.550215 -0.021660 5.913043
0.567582 0.036815 5.913043
0.565309 -0.021887 5.913043
0.582680 0.036667 5.913043
0.580406 -0.022058 5.913043
0.597775 0.036446 5.913043
0.595505 -0.022177 5.913043
0.612867 0.036156 5.913043
0.610605 -0.022248 5.913043
0.627957 0.035802 5.913043
0.625708 -0.022275 5.913043
0.643044 0.035387 5.913043
0.640812 -0.022261 5.913043
0.658129 0.034914 5.913043
0.655917 -0.022209 5.913043
0.673212 0.034386 5.913043
0.671024 -0.022123 5.913043
0.688293 0.033805 5.913043
0.686132 -0.022005 5.913043
0.703372 0.033175 5.913043
0.701241 -0.021857 5.913043
0.718449 0.032496 5.913043
0.716351 -0.021681 5.913043
0.733525 0.031771 5.913043
0.731463 -0.021480 5.913043
0.748598 0.031003 5.913043
0.746575 -0.021256 5.913043
0.763670 0.030192 5.913043
0.761688 -0.021010 5.913043
0.778741 0.029340 5.913043
0.776801 -0.020743 5.913043
0.793810 0.028449 5.913043
0.791916 -0.020457 5.913043
0.808877 0.027520 5.913043
0.807031 -0.020154 5.913043
0.823943 0.026554 5.913043
0.822147 -0.019835 5.913043
0.839008 0.025552 5.913043
0.837263 -0.019500 5.913043
0.854071 0.024516 5.913043
0.852380 -0.019151 5.913043
0.869133 0.023445 5.913043
0.867498 -0.018788 5.913043
0.884194 0.022342 5.913043
0.882616 -0.018413 5.913043
0.899253 0.021206 5.913043
0.897734 -0.018025 5.913043
0.914311 0.020038 5.913043
0.912853 -0.017627 5.913043
0.929368 0.018838 5.913043
0.927972 -0.017217 5.913043
0.944424 0.017608 5.913043
0.943092 -0.016796 5.913043
0.959479 0.016347 5.913043
0.958212 -0.016366 5.913043
0.974532 0.015055 5.913043
0.973332 -0.015925 5.913043
0.989584 0.013734 5.913043
0.988453 -0.015475 5.913043
1.004635 0.012382 5.913043
1.003575 -0.015014 5.913043
1.019685 0.010999 5.913043
1.018696 -0.014544 5.913043
1.034734 0.009587 5.913043
1.033818 -0.014065 5.913043
1.049782 0.008144 5.913043
1.048941 -0.013575 5.913043
1.064828 0.006670 5.913043
1.064063 -0.013075 5.913043
1.079873 0.005166 5.913043
1.079187 -0.012564 5.913043
1.094917 0.003630 5.913043
1.094310 -0.012043 5.913043
1.109960 0.002062 5.913043
1.109434 -0.011510 5.913043
1.125001 0.000462 5.913043
1.124559 -0.010966 5.913043
1.140041 -0.001170 5.913043
1.139684 -0.010409 5.913043
1.155080 -0.002836 5.913043
1.154809 -0.009839 5.913043
1.170118 -0.004537 5.913043
1.169935 -0.009255 5.913043
1.185154 -0.006272 5.913043
1.185062 -0.008657 5.913043
1.200189 -0.008044 5.913043
1.200189 -0.008044 5.913043
0.351482 0.008692 6.260870
0.351482 0.008692 6.260870
0.366296 0.018864 6.260870
0.365461 -0.001518 6.260870
0.380848 0.022635 6.260870
0.379700 -0.005348 6.260870
0.395354 0.025303 6.260870
0.393985 -0.008093 6.260870
0.409835 0.027371 6.260870
0.408293 -0.010258 6.260870
0.424300 0.029037 6.260870
0.422616 -0.012040 6.260870
0.438753 0.030402 6.260870
0.436951 -0.013542 6.260870
0.453196 0.031529 6.260870
0.451296 -0.014824 6.260870
0.467631 0.032457 6.260870
0.465647 -0.015927 6.260870
0.482059 0.033216 6.260870
0.480005 -0.016880 6.260870
0.496481 0.033826 6.260870
0.494368 -0.017705 6.260870
0.510897 0.034305 6.260870
0.508735 -0.018417 6.260870
0.525308 0.034665 6.260870
0.523107 -0.019030 6.260870
0.539716 0.034918 6.260870
0.537482 -0.019555 6.260870
0.554119 0.035072 6.260870
0.551861 -0.020000 6.260870
0.568518 0.035134 6.260870
0.566242 -0.020374 6.260870
0.582914 0.035113 6.260870
0.580626 -0.020684 6.260870
0.597306 0.035012 6.260870
0.595013 -0.020933 6.260870
0.611696 0.034838 6.260870
0.609401 -0.021129 6.260870
0.626083 0.034595 6.260870
0.623792 -0.021275 6.260870
0.640467 0.034286 6.260870
0.638185 -0.021375 6.260870
0.654849 0.033916 6.260870
0.652579 -0.021433 6.260870
0.669228 0.033488 6.260870
0.666975 -0.021453 6.260870
0.683605 0.033004 6.260870
0.681373 -0.021436 6.260870
0.697979 0.032468 6.260870
0.695771 -0.021387 6.260870
0.712352 0.031882 6.260870
0.710171 -0.021307 6.260870
0.726723 0.031248 6.260870
0.724573 -0.021199 6.260870
0.741092 0.030568 6.260870
0.738975 -0.021064 6.260870
0.755459 0.029845 6.260870
0.753378 -0.020906 6.260870
0.769824 0.029080 6.260870
0.767782 -0.020725 6.260870
0.784188 0.028274 6.260870
0.782187 -0.020523 6.260870
0.798550 0.027430 6.260870
0.796593 -0.020301 6.260870
0.812911 0.026548 6.260870
0.811000 -0.020062 6.260870
0.827270 0.025630 6.260870
0.825407 -0.019806 6.260870
0.841628 0.024676 6.260870
0.839815 -0.019534 6.260870
0.855984 0.023689 6.260870
0.854223 -0.019248 6.260870
0.870339 0.022668 6.260870
0.868632 -0.018948 6.260870
0.884692 0.021615 6.260870
0.883042 -0.018635 6.260870
0.899045 0.020531 6.260870
0.897452 -0.018310 6.260870
0.913396 0.019415 6.260870
0.911863 -0.017974 6.260870
0.927745 0.018269 6.260870
0.926274 -0.017626 6.260870
0.942094 0.017093 6.260870
0.940685 -0.017268 6.260870
0.956441 0.015888 6.260870
0.955097 -0.016901 6.260870
0.970787 0.014653 6.260870
0.969509 -0.016523 6.260870
0.985132 0.013390 6.260870
0.983922 -0.016136 6.260870
0.999476 0.012097 6.260870
0.998335 -0.015739 6.260870
1.013819 0.010776 6.260870
1.012748 -0.015333 6.260870
1.028160 0.009426 6.260870
1.027162 -0.014918 6.260870
1.042500 0.008047 6.260870
1.041576 -0.014494 6.260870
1.056839 0.006639 6.260870
1.055991 -0.014060 6.260870
1.071177 0.005202 6.260870
1.070406 -0.013616 6.260870
1.085514 0.003735 6.260870
1.084821 -0.013162 6.260870
1.099849 0.002239 6.260870
1.099237 -0.012698 6.260870
1.114183 0.000712 6.260870
1.113653 -0.012223 6.260870
1.128516 -0.000846 6.260870
1.128070 -0.011737 6.260870
1.142848 -0.002434 6.260870
1.142487 -0.011239 6.260870
1.157178 -0.004055 6.260870
1.156905 -0.010729 6.260870
1.171507 -0.005708 6.260870
1.171323 -0.010205 6.260870
1.185835 -0.007395 6.260870
1.185742 -0.009668 6.260870
1.200161 -0.009116 6.260870
1.200161 -0.009116 6.260870
0.393232 0.008723 6.608696
0.393232 0.008723 6.608696
0.407339 0.018363 6.608696
0.406501 -0.001015 6.608696
0.421183 0.021917 6.608696
0.420032 -0.004687 6.608696
0.434982 0.024422 6.608696
0.433608 -0.007328 6.608696
0.448756 0.026357 6.608696
0.447207 -0.009418 6.608696
0.462513 0.027910 6.608696
0.460822 -0.011143 6.608696
0.476258 0.029177 6.608696
0.474449 -0.012602 6.608696
0.489993 0.030217 6.608696
0.488085 -0.013852 6.608696
0.503720 0.031068 6.608696
0.501729 -0.014932 6.608696
0.517439 0.031759 6.608696
0.515378 -0.015869 6.608696
0.531153 0.032308 6.608696
0.529033 -0.016684 6.608696
0.544862 0.032732 6.608696
0.542692 -0.017392 6.608696
0.558565 0.033043 6.608696
0.556356 -0.018006 6.608696
0.572264 0.033252 6.608696
0.570023 -0.018537 6.608696
0.585959 0.033367 6.608696
0.583693 -0.018992 6.608696
0.599651 0.033396 6.608696
0.597366 -0.019378 6.608696
0.613338 0.033344 6.608696
0.611042 -0.019703 6.608696
0.627023 0.033217 6.608696
0.624721 -0.019972 6.608696
0.640704 0.033020 6.608696
0.638401 -0.020189 6.608696
0.654383 0.032758 6.608696
0.652084 -0.020359 6.608696
0.668059 0.032433 6.608696
0.665769 -0.020486 6.608696
0.681732 0.032050 6.608696
0.679455 -0.020572 6.608696
0.695404 0.031612 6.608696
0.693143 -0.020622 6.608696
0.709072 0.031121 6.608696
0.706832 -0.020637 6.608696
0.722739 0.030580 6.608696
0.720523 -0.020622 6.608696
0.736404 0.029992 6.608696
0.734215 -0.020577 6.608696
0.750066 0.029358 6.608696
0.747908 -0.020505 6.608696
0.763727 0.028681 6.608696
0.761602 -0.020408 6.608696
0.777386 0.027962 6.608696
0.775297 -0.020289 6.608696
0.791043 0.027203 6.608696
0.788994 -0.020148 6.608696
0.804698 0.026406 6.608696
0.802691 -0.019987 6.608696
0.818352 0.025572 6.608696
0.816388 -0.019808 6.608696
0.832005 0.024702 6.608696
0.830087 -0.019611 6.608696
0.845656 0.023798 6.608696
0.843786 -0.019399 6.608696
0.859305 0.022860 6.608696
0.857486 -0.019172 6.608696
0.872953 0.021891 6.608696
0.871186 -0.018931 6.608696
0.886600 0.020889 6.608696
0.884887 -0.018677 6.608696
0.900245 0.019857 6.608696
0.898589 -0.018410 6.608696
0.913889 0.018795 6.608696
0.912291 -0.018132 6.608696
0.927532 0.017703 6.608696
0.925994 -0.017844 6.608696
0.941174 0.016582 6.608696
0.939697 -0.017545 6.608696
0.954814 0.015433 6.608696
0.953400 -0.017236 6.608696
0.968453 0.014256 6.608696
0.967104 -0.016917 6.608696
0.982091 0.013051 6.608696
0.980808 -0.016589 6.608696
0.995728 0.011819 6.608696
0.994513 -0.016252 6.608696
1.009363 0.010559 6.608696
1.008218 -0.015906 6.608696
1.022997 0.009271 6.608696
1.021923 -0.015552 6.608696
1.036631 0.007956 6.608696
1.035629 -0.015188 6.608696
1.050262 0.006614 6.608696
1.049335 -0.014816 6.608696
1.063893 0.005245 6.608696
1.063042 -0.014434 6.608696
1.077523 0.003847 6.608696
1.076748 -0.014044 6.608696
1.091151 0.002422 6.608696
1.090456 -0.013643 6.608696
1.104778 0.000968 6.608696
1.104164 -0.013233 6.608696
1.118404 -0.000515 6.608696
1.117872 -0.012813 6.608696
1.132029 -0.002027 6.608696
1.131580 -0.012382 6.608696
1.145652 -0.003569 6.608696
1.145290 -0.011940 6.608696
1.159274 -0.005141 6.608696
1.158999 -0.011486 6.608696
1.172895 -0.006744 6.608696
1.172710 -0.011019 6.608696
1.186514 -0.008379 6.608696
1.186420 -0.010539 6.608696
1.200132 -0.010046 6.608696
1.200132 -0.010046 6.608696
0.434981 0.008707 6.956522
0.434981 0.008707 6.956522
0.448379 0.017817 6.956522
0.447542 -0.000556 6.956522
0.461515 0.021158 6.956522
0.460365 -0.004067 6.956522
0.474605 0.023504 6.956522
0.473233 -0.006601 6.956522
0.487670 0.025309 6.956522
0.486125 -0.008612 6.956522
0.500719 0.026752 6.956522
0.499032 -0.010278 6.956522
0.513756 0.027924 6.956522
0.511951 -0.011690 6.956522
0.526783 0.028880 6.956522
0.524879 -0.012905 6.956522
0.539801 0.029658 6.956522
0.537814 -0.013959 6.956522
0.552813 0.030283 6.956522
0.550756 -0.014877 6.956522
0.565819 0.030774 6.956522
0.563702 -0.015679 6.956522
0.578819 0.031146 6.956522
0.576653 -0.016380 6.956522
0.591814 0.031412 6.956522
0.589609 -0.016992 6.956522
0.604805 0.031581 6.956522
0.602568 -0.017524 6.956522
0.617792 0.031660 6.956522
0.615530 -0.017985 6.956522
0.630775 0.031658 6.956522
0.628495 -0.018382 6.956522
0.643755 0.031579 6.956522
0.641463 -0.018719 6.956522
0.656731 0.031429 6.956522
0.654433 -0.019004 6.956522
0.669705 0.031213 6.956522
0.667406 -0.019239 6.956522
0.682675 0.030935 6.956522
0.680380 -0.019430 6.956522
0.695643 0.030597 6.956522
0.693357 -0.019579 6.956522
0.708608 0.030205 6.956522
0.706335 -0.019691 6.956522
0.721571 0.029760 6.956522
0.719315 -0.019767 6.956522
0.734532 0.029264 6.956522
0.732296 -0.019812 6.956522
0.747491 0.028722 6.956522
0.745279 -0.019826 6.956522
0.760447 0.028135 6.956522
0.758262 -0.019813 6.956522
0.773402 0.027504 6.956522
0.771247 -0.019775 6.956522
0.786354 0.026832 6.956522
0.784234 -0.019713 6.956522
0.799305 0.026121 6.956522
0.797221 -0.019629 6.956522
0.812254 0.025372 6.956522
0.810209 -0.019525 6.956522
0.825202 0.024587 6.956522
0.823197 -0.019402 6.956522
0.838147 0.023766 6.956522
0.836187 -0.019261 6.956522
0.851092 0.022912 6.956522
0.849177 -0.019105 6.956522
0.864035 0.022025 6.956522
0.862168 -0.018933 6.956522
0.876976 0.021107 6.956522
0.875160 -0.018747 6.956522
0.889916 0.020158 6.956522
0.888152 -0.018548 6.956522
0.902855 0.019179 6.956522
0.901145 -0.018337 6.956522
0.915792 0.018170 6.956522
0.914139 -0.018114 6.956522
0.928728 0.017134 6.956522
0.927133 -0.017880 6.956522
0.941663 0.016069 6.956522
0.940127 -0.017636 6.956522
0.954596 0.014977 6.956522
0.953122 -0.017382 6.956522
0.967528 0.013858 6.956522
0.966117 -0.017118 6.956522
0.980459 0.012712 6.956522
0.979113 -0.016846 6.956522
0.993389 0.011540 6.956522
0.992109 -0.016564 6.956522
1.006318 0.010342 6.956522
1.005105 -0.016274 6.956522
1.019245 0.009117 6.956522
1.018102 -0.015976 6.956522
1.032172 0.007867 6.956522
1.031099 -0.015669 6.956522
1.045097 0.006591 6.956522
1.044097 -0.015354 6.956522
1.058021 0.005289 6.956522
1.057095 -0.015031 6.956522
1.070943 0.003961 6.956522
1.070093 -0.014699 6.956522
1.083865 0.002606 6.956522
1.083092 -0.014358 6.956522
1.096785 0.001225 6.956522
1.096091 -0.014008 6.956522
1.109704 -0.000183 6.956522
1.109091 -0.013649 6.956522
1.122622 -0.001619 6.956522
1.122091 -0.013280 6.956522
1.135539 -0.003082 6.956522
1.135091 -0.012900 6.956522
1.148454 -0.004573 6.956522
1.148092 -0.012511 6.956522
1.161368 -0.006093 6.956522
1.161094 -0.012110 6.956522
1.174281 -0.007643 6.956522
1.174096 -0.011697 6.956522
1.187192 -0.009223 6.956522
1.187099 -0.011272 6.956522
1.200102 -0.010833 6.956522
1.200102 -0.010833 6.956522
0.476728 0.008644 7.304348
0.476728 0.008644 7.304348
0.489415 0.017228 7.304348
0.488584 -0.000141 7.304348
0.501842 0.020358 7.304348
0.500701 -0.003489 7.304348
0.514223 0.022548 7.304348
0.512861 -0.005912 7.304348
0.526579 0.024226 7.304348
0.525045 -0.007841 7.304348
0.538920 0.025562 7.304348
0.537245 -0.009444 7.304348
0.551248 0.026642 7.304348
0.549456 -0.010807 7.304348
0.563566 0.027519 7.304348
0.561676 -0.011983 7.304348
0.575876 0.028226 7.304348
0.573904 -0.013007 7.304348
0.588180 0.028789 7.304348
0.586137 -0.013903 7.304348
0.600477 0.029225 7.304348
0.598376 -0.014690 7.304348
0.612769 0.029549 7.304348
0.610619 -0.015380 7.304348
0.625056 0.029772 7.304348
0.622866 -0.015987 7.304348
0.637338 0.029904 7.304348
0.635117 -0.016518 7.304348
0.649617 0.029951 7.304348
0.647372 -0.016981 7.304348
0.661892 0.029921 7.304348
0.659629 -0.017384 7.304348
0.674163 0.029818 7.304348
0.671888 -0.017731 7.304348
0.686432 0.029649 7.304348
0.684151 -0.018028 7.304348
0.698697 0.029417 7.304348
0.696415 -0.018279 7.304348
0.710959 0.029125 7.304348
0.708681 -0.018487 7.304348
0.723219 0.028779 7.304348
0.720950 -0.018656 7.304348
0.735476 0.028379 7.304348
0.733220 -0.018789 7.304348
0.747731 0.027931 7.304348
0.745491 -0.018890 7.304348
0.759984 0.027435 7.304348
0.757764 -0.018960 7.304348
0.772234 0.026894 7.304348
0.770039 -0.019001 7.304348
0.784483 0.026311 7.304348
0.782314 -0.019017 7.304348
0.796729 0.025687 7.304348
0.794591 -0.019009 7.304348
0.808974 0.025024 7.304348
0.806869 -0.018978 7.304348
0.821217 0.024323 7.304348
0.819148 -0.018927 7.304348
0.833458 0.023587 7.304348
0.831427 -0.018856 7.304348
0.845698 0.022817 7.304348
0.843708 -0.018768 7.304348
0.857935 0.022014 7.304348
0.855989 -0.018663 7.304348
0.870172 0.021178 7.304348
0.868272 -0.018543 7.304348
0.882407 0.020312 7.304348
0.880554 -0.018408 7.304348
0.894640 0.019416 7.304348
0.892838 -0.018261 7.304348
0.906872 0.018490 7.304348
0.905122 -0.018100 7.304348
0.919103 0.017537 7.304348
0.917406 -0.017928 7.304348
0.931333 0.016556 7.304348
0.929691 -0.017746 7.304348
0.943561 0.015548 7.304348
0.941977 -0.017553 7.304348
0.955788 0.014513 7.304348
0.954263 -0.017350 7.304348
0.968013 0.013453 7.304348
0.966550 -0.017137 7.304348
0.980238 0.012367 7.304348
0.978837 -0.016916 7.304348
0.992461 0.011256 7.304348
0.991124 -0.016687 7.304348
1.004683 0.010120 7.304348
1.003412 -0.016449 7.304348
1.016904 0.008959 7.304348
1.015700 -0.016203 7.304348
1.029123 0.007774 7.304348
1.027988 -0.015948 7.304348
1.041342 0.006564 7.304348
1.040277 -0.015686 7.304348
1.053559 0.005330 7.304348
1.052567 -0.015416 7.304348
1.065775 0.004071 7.304348
1.064856 -0.015138 7.304348
1.077990 0.002787 7.304348
1.077146 -0.014852 7.304348
1.090204 0.001479 7.304348
1.089437 -0.014558 7.304348
1.102417 0.000145 7.304348
1.101728 -0.014255 7.304348
1.114628 -0.001214 7.304348
1.114019 -0.013944 7.304348
1.126838 -0.002599 7.304348
1.126311 -0.013623 7.304348
1.139047 -0.004010 7.304348
1.138603 -0.013292 7.304348
1.151255 -0.005448 7.304348
1.150895 -0.012952 7.304348
1.163461 -0.006913 7.304348
1.163189 -0.012601 7.304348
1.175666 -0.008406 7.304348
1.175482 -0.012238 7.304348
1.187869 -0.009927 7.304348
1.187777 -0.011864 7.304348
1.200072 -0.011477 7.304348
1.200072 -0.011477 7.304348
0.518475 0.008532 7.652174
0.518475 0.008532 7.652174
0.530448 0.016594 7.652174
0.529628 0.000229 7.652174
0.542164 0.019517 7.652174
0.541038 -0.002951 7.652174
0.553836 0.021554 7.652174
0.552491 -0.005261 7.652174
0.565483 0.023109 7.652174
0.563968 -0.007105 7.652174
0.577114 0.024342 7.652174
0.575461 -0.008641 7.652174
0.588733 0.025333 7.652174
0.586964 -0.009952 7.652174
0.600343 0.026132 7.652174
0.598477 -0.011087 7.652174
0.611944 0.026772 7.652174
0.609997 -0.012078 7.652174
0.623539 0.027276 7.652174
0.621522 -0.012948 7.652174
0.635127 0.027661 7.652174
0.633053 -0.013716 7.652174
0.646711 0.027940 7.652174
0.644589 -0.014393 7.652174
0.658289 0.028124 7.652174
0.656128 -0.014990 7.652174
0.669864 0.028221 7.652174
0.667671 -0.015517 7.652174
0.681434 0.028240 7.652174
0.679218 -0.015980 7.652174
0.693001 0.028185 7.652174
0.690767 -0.016386 7.652174
0.704564 0.028062 7.652174
0.702318 -0.016739 7.652174
0.716124 0.027876 7.652174
0.713872 -0.017045 7.652174
0.727681 0.027631 7.652174
0.725429 -0.017308 7.652174
0.739236 0.027330 7.652174
0.736987 -0.017530 7.652174
0.750787 0.026977 7.652174
0.748547 -0.017716 7.652174
0.762336 0.026575 7.652174
0.760109 -0.017868 7.652174
0.773883 0.026125 7.652174
0.771672 -0.017989 7.652174
0.785428 0.025632 7.652174
0.783237 -0.018081 7.652174
0.796971 0.025096 7.652174
0.794803 -0.018147 7.652174
0.808511 0.024520 7.652174
0.806370 -0.018188 7.652174
0.820050 0.023906 7.652174
0.817939 -0.018206 7.652174
0.831587 0.023255 7.652174
0.829508 -0.018204 7.652174
0.843122 0.022569 7.652174
0.841079 -0.018182 7.652174
0.854655 0.021849 7.652174
0.852650 -0.018141 7.652174
0.866187 0.021097 7.652174
0.864223 -0.018085 7.652174
0.877717 0.020313 7.652174
0.875796 -0.018012 7.652174
0.889245 0.019500 7.652174
0.887369 -0.017925 7.652174
0.900773 0.018657 7.652174
0.898944 -0.017825 7.652174
0.912298 0.017786 7.652174
0.910519 -0.017712 7.652174
0.923823 0.016888 7.652174
0.922095 -0.017587 7.652174
0.935346 0.015964 7.652174
0.933671 -0.017452 7.652174
0.946867 0.015013 7.652174
0.945248 -0.017306 7.652174
0.958388 0.014037 7.652174
0.956825 -0.017150 7.652174
0.969907 0.013036 7.652174
0.968402 -0.016986 7.652174
0.981425 0.012010 7.652174
0.979980 -0.016812 7.652174
0.992942 0.010961 7.652174
0.991559 -0.016630 7.652174
1.004458 0.009888 7.652174
1.003138 -0.016440 7.652174
1.015972 0.008791 7.652174
1.014717 -0.016242 7.652174
1.027485 0.007671 7.652174
1.026297 -0.016036 7.652174
1.038997 0.006528 7.652174
1.037877 -0.015823 7.652174
1.050508 0.005362 7.652174
1.049458 -0.015603 7.652174
1.062018 0.004172 7.652174
1.061038 -0.015375 7.652174
1.073527 0.002960 7.652174
1.072620 -0.015139 7.652174
1.085034 0.001724 7.652174
1.084201 -0.014896 7.652174
1.096541 0.000465 7.652174
1.095783 -0.014645 7.652174
1.108046 -0.000818 7.652174
1.107366 -0.014386 7.652174
1.119550 -0.002125 7.652174
1.118948 -0.014119 7.652174
1.131052 -0.003456 7.652174
1.130532 -0.013843 7.652174
1.142554 -0.004812 7.652174
1.142115 -0.013558 7.652174
1.154054 -0.006193 7.652174
1.153700 -0.013263 7.652174
1.165553 -0.007600 7.652174
1.165284 -0.012959 7.652174
1.177050 -0.009033 7.652174
1.176869 -0.012644 7.652174
1.188547 -0.010492 7.652174
1.188455 -0.012317 7.652174
1.200041 -0.011979 7.652174
1.200041 -0.011979 7.652174
0.560219 0.008374 8.000000
0.560219 0.008374 8.000000
0.571477 0.015917 8.000000
0.570672 0.000555 8.000000
0.582482 0.018636 8.000000
0.581376 -0.002455 8.000000
0.593443 0.020523 8.000000
0.592124 -0.004648 8.000000
0.604381 0.021958 8.000000
0.602894 -0.006403 8.000000
0.615302 0.023090 8.000000
0.613680 -0.007870 8.000000
0.626212 0.023995 8.000000
0.624476 -0.009125 8.000000
0.637112 0.024721 8.000000
0.635282 -0.010215 8.000000
0.648005 0.025297 8.000000
0.646094 -0.011170 8.000000
0.658891 0.025745 8.000000
0.656912 -0.012012 8.000000
0.669771 0.026082 8.000000
0.667735 -0.012757 8.000000
0.680646 0.026319 8.000000
0.678563 -0.013417 8.000000
0.691516 0.026467 8.000000
0.689395 -0.014003 8.000000
0.702381 0.026534 8.000000
0.700230 -0.014522 8.000000
0.713243 0.026526 8.000000
0.711068 -0.014982 8.000000
0.724102 0.026450 8.000000
0.721909 -0.015387 8.000000
0.734957 0.026310 8.000000
0.732753 -0.015744 8.000000
0.745809 0.026111 8.000000
0.743599 -0.016055 8.000000
0.756658 0.025856 8.000000
0.754447 -0.016326 8.000000
0.767504 0.025549 8.000000
0.765297 -0.016560 8.000000
0.778348 0.025193 8.000000
0.776149 -0.016759 8.000000
0.789189 0.024790 8.000000
0.787003 -0.016927 8.000000
0.800028 0.024344 8.000000
0.797858 -0.017065 8.000000
0.810865 0.023856 8.000000
0.808714 -0.017176 8.000000
0.821699 0.023328 8.000000
0.819572 -0.017262 8.000000
0.832532 0.022763 8.000000
0.830431 -0.017326 8.000000
0.843363 0.022161 8.000000
0.841291 -0.017368 8.000000
0.854192 0.021526 8.000000
0.852152 -0.017390 8.000000
0.865019 0.020857 8.000000
0.863014 -0.017394 8.000000
0.875845 0.020156 8.000000
0.873878 -0.017381 8.000000
0.886669 0.019426 8.000000
0.884741 -0.017352 8.000000
0.897491 0.018666 8.000000
0.895606 -0.017309 8.000000
0.908312 0.017877 8.000000
0.906471 -0.017252 8.000000
0.919132 0.017062 8.000000
0.917337 -0.017183 8.000000
0.929950 0.016220 8.000000
0.928204 -0.017102 8.000000
0.940767 0.015352 8.000000
0.939071 -0.017009 8.000000
0.951583 0.014459 8.000000
0.949939 -0.016907 8.000000
0.962397 0.013542 8.000000
0.960807 -0.016795 8.000000
0.973210 0.012601 8.000000
0.971676 -0.016673 8.000000
0.984022 0.011637 8.000000
0.982545 -0.016543 8.000000
0.994832 0.010649 8.000000
0.993414 -0.016405 8.000000
1.005642 0.009640 8.000000
1.004284 -0.016259 8.000000
1.016450 0.008607 8.000000
1.015155 -0.016105 8.000000
1.027257 0.007553 8.000000
1.026026 -0.015944 8.000000
1.038063 0.006477 8.000000
1.036897 -0.015776 8.000000
1.048868 0.005380 8.000000
1.047768 -0.015601 8.000000
1.059672 0.004260 8.000000
1.058640 -0.015418 8.000000
1.070474 0.003119 8.000000
1.069512 -0.015229 8.000000
1.081275 0.001956 8.000000
1.080385 -0.015033 8.000000
1.092076 0.000771 8.000000
1.091258 -0.014829 8.000000
1.102875 -0.000435 8.000000
1.102131 -0.014618 8.000000
1.113673 -0.001664 8.000000
1.113005 -0.014400 8.000000
1.124470 -0.002916 8.000000
1.123880 -0.014174 8.000000
1.135265 -0.004190 8.000000
1.134754 -0.013939 8.000000
1.146059 -0.005487 8.000000
1.145629 -0.013697 8.000000
1.156852 -0.006809 8.000000
1.156505 -0.013445 8.000000
1.167644 -0.008154 8.000000
1.167381 -0.013184 8.000000
1.178435 -0.009523 8.000000
1.178257 -0.012913 8.000000
1.189224 -0.010918 8.000000
1.189134 -0.012631 8.000000
1.200012 -0.012339 8.000000
1.200012 -0.012339 8.000000
3 0 1 121
3 0 121 120
3 1 2 122
3 1 122 121
3 2 3 123
3 2 123 122
3 3 4 124
3 3 124 123
3 4 5 125
3 4 125 124
3 5 6 126
3 5 126 125
3 6 7 127
3 6 127 126
3 7 8 128
3 7 128 127
3 8 9 129
3 8 129 128
3 9 10 130
3 9 130 129
3 10 11 131
3 10 131 130
3 11 12 132
3 11 132 131
3 12 13 133
3 12 133 132
3 13 14 134
3 13 134 133
3 14 15 135
3 14 135 134
3 15 16 136
3 15 136 135
3 16 17 137
3 16 137 136
3 17 18 138
3 17 138 137
3 18 19 139
3 18 139 138
3 19 20 140
3 19 140 139
3 20 21 141
3 20 141 140
3 21 22 142
3 21 142 141
3 22 23 143
3 22 143 142
3 23 24 144
3 23 144 143
3 24 25 145
3 24 145 144
3 25 26 146
3 25 146 145
3 26 27 147
3 26 147 146
3 27 28 148
3 27 148 147
3 28 29 149
3 28 149 148
3 29 30 150
3 29 150 149
3 30 31 151
3 30 151 150
3 31 32 152
3 31 152 151
3 32 33 153
3 32 153 152
3 33 34 154
3 33 154 153
3 34 35 155
3 34 155 154
3 35 36 156
3 35 156 155
3 36 37 157
3 36 157 156
3 37 38 158
3 37 158 157
3 38 39 159
3 38 159 158
3 39 40 160
3 39 160 159
3 40 41 161
3 40 161 160
3 41 42 162
3 41 162 161
3 42 43 163
3 42 163 162
3 43 44 164
3 43 164 163
3 44 45 165
3 44 165 164
3 45 46 166
3 45 166 165
3 46 47 167
3 46 167 166
3 47 48 168
3 47 168 167
3 48 49 169
3 48 169 168
3 49 50 170
3 49 170 169
3 50 51 171
3 50 171 170
3 51 52 172
3 51 172 171
3 52 53 173
3 52 173 172
3 53 54 174
3 53 174 173
3 54 55 175
3 54 175 174
3 55 56 176
3 55 176 175
3 56 57 177
3 56 177 176
3 57 58 178
3 57 178 177
3 58 59 179
3 58 179 178
3 59 60 180
3 59 180 179
3 60 61 181
3 60 181 180
3 61 62 182
3 61 182 181
3 62 63 183
3 62 183 182
3 63 64 184
3 63 184 183
3 64 65 185
3 64 185 184
3 65 66 186
3 65 186 185
3 66 67 187
3 66 187 186
3 67 68 188
3 67 188 187
3 68 69 189
3 68 189 188
3 69 70 190
3 69 190 189
3 70 71 191
3 70 191 190
3 71 72 192
3 71 192 191
3 72 73 193
3 72 193 192
3 73 74 194
3 73 194 193
3 74 75 195
3 74 195 194
3 75 76 196
3 75 196 195
3 76 77 197
3 76 197 196
3 77 78 198
3 77 198 197
3 78 79 199
3 78 199 198
3 79 80 200
3 79 200 199
3 80 81 201
3 80 201 200
3 81 82 202
3 81 202 201
3 82 83 203
3 82 203 202
3 83 84 204
3 83 204 203
3 84 85 205
3 84 205 204
3 85 86 206
3 85 206 205
3 86 87 207
3 86 207 206
3 87 88 208
3 87 208 207
3 88 89 209
3 88 209 208
3 89 90 210
3 89 210 209
3 90 91 211
3 90 211 210
3 91 92 212
3 91 212 211
3 92 93 213
3 92 213 212
3 93 94 214
3 93 214 213
3 94 95 215
3 94 215 214
3 95 96 216
3 95 216 215
3 96 97 217
3 96 217 216
3 97 98 218
3 97 218 217
3 98 99 219
3 98 219 218
3 99 100 220
3 99 220 219
3 100 101 221
3 100 221 220
3 101 102 222
3 101 222 221
3 102 103 223
3 102 223 222
3 103 104 224
3 103 224 223
3 104 105 225
3 104 225 224
3 105 106 226
3 105 226 225
3 106 107 227
3 106 227 226
3 107 108 228
3 107 228 227
3 108 109 229
3 108 229 228
3 109 110 230
3 109 230 229
3 110 111 231
3 110 231 230
3 111 112 232
3 111 232 231
3 112 113 233
3 112 233 232
3 113 114 234
3 113 234 233
3 114 115 235
3 114 235 234
3 115 116 236
3 115 236 235
3 116 117 237
3 116 237 236
3 117 118 238
3 117 238 237
3 118 119 239
3 118 239 238
3 119 0 120
3 119 120 239
3 120 121 241
3 120 241 240
3 121 122 242
3 121 242 241
3 122 123 243
3 122 243 242
3 123 124 244
3 123 244 243
3 124 125 245
3 124 245 244
3 125 126 246
3 125 246 245
3 126 127 247
3 126 247 246
3 127 128 248
3 127 248 247
3 128 129 249
3 128 249 248
3 129 130 250
3 129 250 249
3 130 131 251
3 130 251 250
3 131 132 252
3 131 252 251
3 132 133 253
3 132 253 252
3 133 134 254
3 133 254 253
3 134 135 255
3 134 255 254
3 135 136 256
3 135 256 255
3 136 137 257
3 136 257 256
3 137 138 258
3 137 258 257
3 138 139 259
3 138 259 258
3 139 140 260
3 139 260 259
3 140 141 261
3 140 261 260
3 141 142 262
3 141 262 261
3 142 143 263
3 142 263 262
3 143 144 264
3 143 264 263
3 144 145 265
3 144 265 264
3 145 146 266
3 145 266 265
3 146 147 267
3 146 267 266
3 147 148 268
3 147 268 267
3 148 149 269
3 148 269 268
3 149 150 270
3 149 270 269
3 150 151 271
3 150 271 270
3 151 152 272
3 151 272 271
3 152 153 273
3 152 273 272
3 153 154 274
3 153 274 273
3 154 155 275
3 154 275 274
3 155 156 276
3 155 276 275
3 156 157 277
3 156 277 276
3 157 158 278
3 157 278 277
3 158 159 279
3 158 279 278
3 159 160 280
3 159 280 279
3 160 161 281
3 160 281 280
3 161 162 282
3 161 282 281
3 162 163 283
3 162 283 282
3 163 164 284
3 163 284 283
3 164 165 285
3 164 285 284
3 165 166 286
3 165 286 285
3 166 167 287
3 166 287 286
3 167 168 288
3 167 288 287
3 168 169 289
3 168 289 288
3 169 170 290
3 169 290 289
3 170 171 291
3 170 291 290
3 171 172 292
3 171 292 291
3 172 173 293
3 172 293 292
3 173 174 294
3 173 294 293
3 174 175 295
3 174 295 294
3 175 176 296
3 175 296 295
3 176 177 297
3 176 297 296
3 177 178 298
3 177 298 297
3 178 179 299
3 178 299 298
3 179 180 300
3 179 300 299
3 180 181 301
3 180 301 300
3 181 182 302
3 181 302 301
3 182 183 303
3 182 303 302
3 183 184 304
3 183 304 303
3 184 185 305
3 184 305 304
3 185 186 306
3 185 306 305
3 186 187 307
3 186 307 306
3 187 188 308
3 187 308 307
3 188 189 309
3 188 309 308
3 189 190 310
3 189 310 309
3 190 191 311
3 190 311 310
3 191 192 312
3 191 312 311
3 192 193 313
3 192 313 312
3 193 194 314
3 193 314 313
3 194 195 315
3 194 315 314
3 195 196 316
3 195 316 315
3 196 197 317
3 196 317 316
3 197 198 318
3 197 318 317
3 198 199 319
3 198 319 318
3 199 200 320
3 199 320 319
3 200 201 321
3 200 321 320
3 201 202 322
3 201 322 321
3 202 203 323
3 202 323 322
3 203 204 324
3 203 324 323
3 204 205 325
3 204 325 324
3 205 206 326
3 205 326 325
3 206 207 327
3 206 327 326
3 207 208 328
3 207 328 327
3 208 209 329
3 208 329 328
3 209 210 330
3 209 330 329
3 210 211 331
3 210 331 330
3 211 212 332
3 211 332 331
3 212 213 333
3 212 333 332
3 213 214 334
3 213 334 333
3 214 215 335
3 214 335 334
3 215 216 336
3 215 336 335
3 216 217 337
3 216 337 336
3 217 218 338
3 217 338 337
3 218 219 339
3 218 339 338
3 219 220 340
3 219 340 339
3 220 221 341
3 220 341 340
3 221 222 342
3 221 342 341
3 222 223 343
3 222 343 342
3 223 224 344
3 223 344 343
3 224 225 345
3 224 345 344
3 225 226 346
3 225 346 345
3 226 227 347
3 226 347 346
3 227 228 348
3 227 348 347
3 228 229 349
3 228 349 348
3 229 230 350
3 229 350 349
3 230 231 351
3 230 351 350
3 231 232 352
3 231 352 351
3 232 233 353
3 232 353 352
3 233 234 354
3 233 354 353
3 234 235 355
3 234 355 354
3 235 236 356
3 235 356 355
3 236 237 357
3 236 357 356
3 237 238 358
3 237 358 357
3 238 239 359
3 238 359 358
3 239 120 240
3 239 240 359
3 240 241 361
3 240 361 360
3 241 242 362
3 241 362 361
3 242 243 363
3 242 363 362
3 243 244 364
3 243 364 363
3 244 245 365
3 244 365 364
3 245 246 366
3 245 366 365
3 246 247 367
3 246 367 366
3 247 248 368
3 247 368 367
3 248 249 369
3 248 369 368
3 249 250 370
3 249 370 369
3 250 251 371
3 250 371 370
3 251 252 372
3 251 372 371
3 252 253 373
3 252 373 372
3 253 254 374
3 253 374 373
3 254 255 375
3 254 375 374
3 255 256 376
3 255 376 375
3 256 257 377
3 256 377 376
3 257 258 378
3 257 378 377
3 258 259 379
3 258 379 378
3 259 260 380
3 259 380 379
3 260 261 381
3 260 381 380
3 261 262 382
3 261 382 381
3 262 263 383
3 262 383 382
3 263 264 384
3 263 384 383
3 264 265 385
3 264 385 384
3 265 266 386
3 265 386 385
3 266 267 387
3 266 387 386
3 267 268 388
3 267 388 387
3 268 269 389
3 268 389 388
3 269 270 390
3 269 390 389
3 270 271 391
3 270 391 390
3 271 272 392
3 271 392 391
3 272 273 393
3 272 393 392
3 273 274 394
3 273 394 393
3 274 275 395
3 274 395 394
3 275 276 396
3 275 396 395
3 276 277 397
3 276 397 396
3 277 278 398
3 277 398 397
3 278 279 399
3 278 399 398
3 279 280 400
3 279 400 399
3 280 281 401
3 280 401 400
3 281 282 402
3 281 402 401
3 282 283 403
3 282 403 402
3 283 284 404
3 283 404 403
3 284 285 405
3 284 405 404
3 285 286 406
3 285 406 405
3 286 287 407
3 286 407 406
3 287 288 408
3 287 408 407
3 288 289 409
3 288 409 408
3 289 290 410
3 289 410 409
3 290 291 411
3 290 411 410
3 291 292 412
3 291 412 411
3 292 293 413
3 292 413 412
3 293 294 414
3 293 414 413
3 294 295 415
3 294 415 414
3 295 296 416
3 295 416 415
3 296 297 417
3 296 417 416
3 297 298 418
3 297 418 417
3 298 299 419
3 298 419 418
3 299 300 420
3 299 420 419
3 300 301 421
3 300 421 420
3 301 302 422
3 301 422 421
3 302 303 423
3 302 423 422
3 303 304 424
3 303 424 423
3 304 305 425
3 304 425 424
3 305 306 426
3 305 426 425
3 306 307 427
3 306 427 426
3 307 308 428
3 307 428 427
3 308 309 429
3 308 429 428
3 309 310 430
3 309 430 429
3 310 311 431
3 310 431 430
3 311 312 432
3 311 432 431
3 312 313 433
3 312 433 432
3 313 314 434
3 313 434 433
3 314 315 435
3 314 435 434
3 315 316 436
3 315 436 435
3 316 317 437
3 316 437 436
3 317 318 438
3 317 438 437
3 318 319 439
3 318 439 438
3 319 320 440
3 319 440 439
3 320 321 441
3 320 441 440
3 321 322 442
3 321 442 441
3 322 323 443
3 322 443 442
3 323 324 444
3 323 444 443
3 324 325 445
3 324 445 444
3 325 326 446
3 325 446 445
3 326 327 447
3 326 447 446
3 327 328 448
3 327 448 447
3 328 329 449
3 328 449 448
3 329 330 450
3 329 450 449
3 330 331 451
3 330 451 450
3 331 332 452
3 331 452 451
3 332 333 453
3 332 453 452
3 333 334 454
3 333 454 453
3 334 335 455
3 334 455 454
3 335 336 456
3 335 456 455
3 336 337 457
3 336 457 456
3 337 338 458
3 337 458 457
3 338 339 459
3 338 459 458
3 339 340 460
3 339 460 459
3 340 341 461
3 340 461 460
3 341 342 462
3 341 462 461
3 342 343 463
3 342 463 462
3 343 344 464
3 343 464 463
3 344 345 465
3 344 465 464
3 345 346 466
3 345 466 465
3 346 347 467
3 346 467 466
3 347 348 468
3 347 468 467
3 348 349 469
3 348 469 468
3 349 350 470
3 349 470 469
3 350 351 471
3 350 471 470
3 351 352 472
3 351 472 471
3 352 353 473
3 352 473 472
3 353 354 474
3 353 474 473
3 354 355 475
3 354 475 474
3 355 356 476
3 355 476 475
3 356 357 477
3 356 477 476
3 357 358 478
3 357 478 477
3 358 359 479
3 358 479 478
3 359 240 360
3 359 360 479
3 360 361 481
3 360 481 480
3 361 362 482
3 361 482 481
3 362 363 483
3 362 483 482
3 363 364 484
3 363 484 483
3 364 365 485
3 364 485 484
3 365 366 486
3 365 486 485
3 366 367 487
3 366 487 486
3 367 368 488
3 367 488 487
3 368 369 489
3 368 489 488
3 369 370 490
3 369 490 489
3 370 371 491
3 370 491 490
3 371 372 492
3 371 492 491
3 372 373 493
3 372 493 492
3 373 374 494
3 373 494 493
3 374 375 495
3 374 495 494
3 375 376 496
3 375 496 495
3 376 377 497
3 376 497 496
3 377 378 498
3 377 498 497
3 378 379 499
3 378 499 498
3 379 380 500
3 379 500 499
3 380 381 501
3 380 501 500
3 381 382 502
3 381 502 501
3 382 383 503
3 382 503 502
3 383 384 504
3 383 504 503
3 384 385 505
3 384 505 504
3 385 386 506
3 385 506 505
3 386 387 507
3 386 507 506
3 387 388 508
3 387 508 507
3 388 389 509
3 388 509 508
3 389 390 510
3 389 510 509
3 390 391 511
3 390 511 510
3 391 392 512
3 391 512 511
3 392 393 513
3 392 513 512
3 393 394 514
3 393 514 513
3 394 395 515
3 394 515 514
3 395 396 516
3 395 516 515
3 396 397 517
3 396 517 516
3 397 398 518
3 397 518 517
3 398 399 519
3 398 519 518
3 399 400 520
3 399 520 519
3 400 401 521
3 400 521 520
3 401 402 522
3 401 522 521
3 402 403 523
3 402 523 522
3 403 404 524
3 403 524 523
3 404 405 525
3 404 525 524
3 405 406 526
3 405 526 525
3 406 407 527
3 406 527 526
3 407 408 528
3 407 528 527
3 408 409 529
3 408 529 528
3 409 410 530
3 409 530 529
3 410 411 531
3 410 531 530
3 411 412 532
3 411 532 531
3 412 413 533
3 412 533 532
3 413 414 534
3 413 534 533
3 414 415 535
3 414 535 534
3 415 416 536
3 415 536 535
3 416 417 537
3 416 537 536
3 417 418 538
3 417 538 537
3 418 419 539
3 418 539 538
3 419 420 540
3 419 540 539
3 420 421 541
3 420 541 540
3 421 422 542
3 421 542 541
3 422 423 543
3 422 543 542
3 423 424 544
3 423 544 543
3 424 425 545
3 424 545 544
3 425 426 546
3 425 546 545
3 426 427 547
3 426 547 546
3 427 428 548
3 427 548 547
3 428 429 549
3 428 549 548
3 429 430 550
3 429 550 549
3 430 431 551
3 430 551 550
3 431 432 552
3 431 552 551
3 432 433 553
3 432 553 552
3 433 434 554
3 433 554 553
3 434 435 555
3 434 555 554
3 435 436 556
3 435 556 555
3 436 437 557
3 436 557 556
3 437 438 558
3 437 558 557
3 438 439 559
3 438 559 558
3 439 440 560
3 439 560 559
3 440 441 561
3 440 561 560
3 441 442 562
3 441 562 561
3 442 443 563
3 442 563 562
3 443 444 564
3 443 564 563
3 444 445 565
3 444 565 564
3 445 446 566
3 445 566 565
3 446 447 567
3 446 567 566
3 447 448 568
3 447 568 567
3 448 449 569
3 448 569 568
3 449 450 570
3 449 570 569
3 450 451 571
3 450 571 570
3 451 452 572
3 451 572 571
3 452 453 573
3 452 573 572
3 453 454 574
3 453 574 573
3 454 455 575
3 454 575 574
3 455 456 576
3 455 576 575
3 456 457 577
3 456 577 576
3 457 458 578
3 457 578 577
3 458 459 579
3 458 579 578
3 459 460 580
3 459 580 579
3 460 461 581
3 460 581 580
3 461 462 582
3 461 582 581
3 462 463 583
3 462 583 582
3 463 464 584
3 463 584 583
3 464 465 585
3 464 585 584
3 465 466 586
3 465 586 585
3 466 467 587
3 466 587 586
3 467 468 588
3 467 588 587
3 468 469 589
3 468 589 588
3 469 470 590
3 469 590 589
3 470 471 591
3 470 591 590
3 471 472 592
3 471 592 591
3 472 473 593
3 472 593 592
3 473 474 594
3 473 594 593
3 474 475 595
3 474 595 594
3 475 476 596
3 475 596 595
3 476 477 597
3 476 597 596
3 477 478 598
3 477 598 597
3 478 479 599
3 478 599 598
3 479 360 480
3 479 480 599
3 480 481 601
3 480 601 600
3 481 482 602
3 481 602 601
3 482 483 603
3 482 603 602
3 483 484 604
3 483 604 603
3 484 485 605
3 484 605 604
3 485 486 606
3 485 606 605
3 486 487 607
3 486 607 606
3 487 488 608
3 487 608 607
3 488 489 609
3 488 609 608
3 489 490 610
3 489 610 609
3 490 491 611
3 490 611 610
3 491 492 612
3 491 612 611
3 492 493 613
3 492 613 612
3 493 494 614
3 493 614 613
3 494 495 615
3 494 615 614
3 495 496 616
3 495 616 615
3 496 497 617
3 496 617 616
3 497 498 618
3 497 618 617
3 498 499 619
3 498 619 618
3 499 500 620
3 499 620 619
3 500 501 621
3 500 621 620
3 501 502 622
3 501 622 621
3 502 503 623
3 502 623 622
3 503 504 624
3 503 624 623
3 504 505 625
3 504 625 624
3 505 506 626
3 505 626 625
3 506 507 627
3 506 627 626
3 507 508 628
3 507 628 627
3 508 509 629
3 508 629 628
3 509 510 630
3 509 630 629
3 510 511 631
3 510 631 630
3 511 512 632
3 511 632 631
3 512 513 633
3 512 633 632
3 513 514 634
3 513 634 633
3 514 515 635
3 514 635 634
3 515 516 636
3 515 636 635
3 516 517 637
3 516 637 636
3 517 518 638
3 517 638 637
3 518 519 639
3 518 639 638
3 519 520 640
3 519 640 639
3 520 521 641
3 520 641 640
3 521 522 642
3 521 642 641
3 522 523 643
3 522 643 642
3 523 524 644
3 523 644 643
3 524 525 645
3 524 645 644
3 525 526 646
3 525 646 645
3 526 527 647
3 526 647 646
3 527 528 648
3 527 648 647
3 528 529 649
3 528 649 648
3 529 530 650
3 529 650 649
3 530 531 651
3 530 651 650
3 531 532 652
3 531 652 651
3 532 533 653
3 532 653 652
3 533 534 654
3 533 654 653
3 534 535 655
3 534 655 654
3 535 536 656
3 535 656 655
3 536 537 657
3 536 657 656
3 537 538 658
3 537 658 657
3 538 539 659
3 538 659 658
3 539 540 660
3 539 660 659
3 540 541 661
3 540 661 660
3 541 542 662
3 541 662 661
3 542 543 663
3 542 663 662
3 543 544 664
3 543 664 663
3 544 545 665
3 544 665 664
3 545 546 666
3 545 666 665
3 546 547 667
3 546 667 666
3 547 548 668
3 547 668 667
3 548 549 669
3 548 669 668
3 549 550 670
3 549 670 669
3 550 551 671
3 550 671 670
3 551 552 672
3 551 672 671
3 552 553 673
3 552 673 672
3 553 554 674
3 553 674 673
3 554 555 675
3 554 675 674
3 555 556 676
3 555 676 675
3 556 557 677
3 556 677 676
3 557 558 678
3 557 678 677
3 558 559 679
3 558 679 678
3 559 560 680
3 559 680 679
3 560 561 681
3 560 681 680
3 561 562 682
3 561 682 681
3 562 563 683
3 562 683 682
3 563 564 684
3 563 684 683
3 564 565 685
3 564 685 684
3 565 566 686
3 565 686 685
3 566 567 687
3 566 687 686
3 567 568 688
3 567 688 687
3 568 569 689
3 568 689 688
3 569 570 690
3 569 690 689
3 570 571 691
3 570 691 690
3 571 572 692
3 571 692 691
3 572 573 693
3 572 693 692
3 573 574 694
3 573 694 693
3 574 575 695
3 574 695 694
3 575 576 696
3 575 696 695
3 576 577 697
3 576 697 696
3 577 578 698
3 577 698 697
3 578 579 699
3 578 699 698
3 579 580 700
3 579 700 699
3 580 581 701
3 580 701 700
3 581 582 702
3 581 702 701
3 582 583 703
3 582 703 702
3 583 584 704
3 583 704 703
3 584 585 705
3 584 705 704
3 585 586 706
3 585 706 705
3 586 587 707
3 586 707 706
3 587 588 708
3 587 708 707
3 588 589 709
3 588 709 708
3 589 590 710
3 589 710 709
3 590 591 711
3 590 711 710
3 591 592 712
3 591 712 711
3 592 593 713
3 592 713 712
3 593 594 714
3 593 714 713
3 594 595 715
3 594 715 714
3 595 596 716
3 595 716 715
3 596 597 717
3 596 717 716
3 597 598 718
3 597 718 717
3 598 599 719
3 598 719 718
3 599 480 600
3 599 600 719
3 600 601 721
3 600 721 720
3 601 602 722
3 601 722 721
3 602 603 723
3 602 723 722
3 603 604 724
3 603 724 723
3 604 605 725
3 604 725 724
3 605 606 726
3 605 726 725
3 606 607 727
3 606 727 726
3 607 608 728
3 607 728 727
3 608 609 729
3 608 729 728
3 609 610 730
3 609 730 729
3 610 611 731
3 610 731 730
3 611 612 732
3 611 732 731
3 612 613 733
3 612 733 732
3 613 614 734
3 613 734 733
3 614 615 735
3 614 735 734
3 615 616 736
3 615 736 735
3 616 617 737
3 616 737 736
3 617 618 738
3 617 738 737
3 618 619 739
3 618 739 738
3 619 620 740
3 619 740 739
3 620 621 741
3 620 741 740
3 621 622 742
3 621 742 741
3 622 623 743
3 622 743 742
3 623 624 744
3 623 744 743
3 624 625 745
3 624 745 744
3 625 626 746
3 625 746 745
3 626 627 747
3 626 747 746
3 627 628 748
3 627 748 747
3 628 629 749
3 628 749 748
3 629 630 750
3 629 750 749
3 630 631 751
3 630 751 750
3 631 632 752
3 631 752 751
3 632 633 753
3 632 753 752
3 633 634 754
3 633 754 753
3 634 635 755
3 634 755 754
3 635 636 756
3 635 756 755
3 636 637 757
3 636 757 756
3 637 638 758
3 637 758 757
3 638 639 759
3 638 759 758
3 639 640 760
3 639 760 759
3 640 641 761
3 640 761 760
3 641 642 762
3 641 762 761
3 642 643 763
3 642 763 762
3 643 644 764
3 643 764 763
3 644 645 765
3 644 765 764
3 645 646 766
3 645 766 765
3 646 647 767
3 646 767 766
3 647 648 768
3 647 768 767
3 648 649 769
3 648 769 768
3 649 650 770
3 649 770 769
3 650 651 771
3 650 771 770
3 651 652 772
3 651 772 771
3 652 653 773
3 652 773 772
3 653 654 774
3 653 774 773
3 654 655 775
3 654 775 774
3 655 656 776
3 655 776 775
3 656 657 777
3 656 777 776
3 657 658 778
3 657 778 777
3 658 659 779
3 658 779 778
3 659 660 780
3 659 780 779
3 660 661 781
3 660 781 780
3 661 662 782
3 661 782 781
3 662 663 783
3 662 783 782
3 663 664 784
3 663 784 783
3 664 665 785
3 664 785 784
3 665 666 786
3 665 786 785
3 666 667 787
3 666 787 786
3 667 668 788
3 667 788 787
3 668 669 789
3 668 789 788
3 669 670 790
3 669 790 789
3 670 671 791
3 670 791 790
3 671 672 792
3 671 792 791
3 672 673 793
3 672 793 792
3 673 674 794
3 673 794 793
3 674 675 795
3 674 795 794
3 675 676 796
3 675 796 795
3 676 677 797
3 676 797 796
3 677 678 798
3 677 798 797
3 678 679 799
3 678 799 798
3 679 680 800
3 679 800 799
3 680 681 801
3 680 801 800
3 681 682 802
3 681 802 801
3 682 683 803
3 682 803 802
3 683 684 804
3 683 804 803
3 684 685 805
3 684 805 804
3 685 686 806
3 685 806 805
3 686 687 807
3 686 807 806
3 687 688 808
3 687 808 807
3 688 689 809
3 688 809 808
3 689 690 810
3 689 810 809
3 690 691 811
3 690 811 810
3 691 692 812
3 691 812 811
3 692 693 813
3 692 813 812
3 693 694 814
3 693 814 813
3 694 695 815
3 694 815 814
3 695 696 816
3 695 816 815
3 696 697 817
3 696 817 816
3 697 698 818
3 697 818 817
3 698 699 819
3 698 819 818
3 699 700 820
3 699 820 819
3 700 701 821
3 700 821 820
3 701 702 822
3 701 822 821
3 702 703 823
3 702 823 822
3 703 704 824
3 703 824 823
3 704 705 825
3 704 825 824
3 705 706 826
3 705 826 825
3 706 707 827
3 706 827 826
3 707 708 828
3 707 828 827
3 708 709 829
3 708 829 828
3 709 710 830
3 709 830 829
3 710 711 831
3 710 831 830
3 711 712 832
3 711 832 831
3 712 713 833
3 712 833 832
3 713 714 834
3 713 834 833
3 714 715 835
3 714 835 834
3 715 716 836
3 715 836 835
3 716 717 837
3 716 837 836
3 717 718 838
3 717 838 837
3 718 719 839
3 718 839 838
3 719 600 720
3 719 720 839
3 720 721 841
3 720 841 840
3 721 722 842
3 721 842 841
3 722 723 843
3 722 843 842
3 723 724 844
3 723 844 843
3 724 725 845
3 724 845 844
3 725 726 846
3 725 846 845
3 726 727 847
3 726 847 846
3 727 728 848
3 727 848 847
3 728 729 849
3 728 849 848
3 729 730 850
3 729 850 849
3 730 731 851
3 730 851 850
3 731 732 852
3 731 852 851
3 732 733 853
3 732 853 852
3 733 734 854
3 733 854 853
3 734 735 855
3 734 855 854
3 735 736 856
3 735 856 855
3 736 737 857
3 736 857 856
3 737 738 858
3 737 858 857
3 738 739 859
3 738 859 858
3 739 740 860
3 739 860 859
3 740 741 861
3 740 861 860
3 741 742 862
3 741 862 861
3 742 743 863
3 742 863 862
3 743 744 864
3 743 864 863
3 744 745 865
3 744 865 864
3 745 746 866
3 745 866 865
3 746 747 867
3 746 867 866
3 747 748 868
3 747 868 867
3 748 749 869
3 748 869 868
3 749 750 870
3 749 870 869
3 750 751 871
3 750 871 870
3 751 752 872
3 751 872 871
3 752 753 873
3 752 873 872
3 753 754 874
3 753 874 873
3 754 755 875
3 754 875 874
3 755 756 876
3 755 876 875
3 756 757 877
3 756 877 876
3 757 758 878
3 757 878 877
3 758 759 879
3 758 879 878
3 759 760 880
3 759 880 879
3 760 761 881
3 760 881 880
3 761 762 882
3 761 882 881
3 762 763 883
3 762 883 882
3 763 764 884
3 763 884 883
3 764 765 885
3 764 885 884
3 765 766 886
3 765 886 885
3 766 767 887
3 766 887 886
3 767 768 888
3 767 888 887
3 768 769 889
3 768 889 888
3 769 770 890
3 769 890 889
3 770 771 891
3 770 891 890
3 771 772 892
3 771 892 891
3 772 773 893
3 772 893 892
3 773 774 894
3 773 894 893
3 774 775 895
3 774 895 894
3 775 776 896
3 775 896 895
3 776 777 897
3 776 897 896
3 777 778 898
3 777 898 897
3 778 779 899
3 778 899 898
3 779 780 900
3 779 900 899
3 780 781 901
3 780 901 900
3 781 782 902
3 781 902 901
3 782 783 903
3 782 903 902
3 783 784 904
3 783 904 903
3 784 785 905
3 784 905 904
3 785 786 906
3 785 906 905
3 786 787 907
3 786 907 906
3 787 788 908
3 787 908 907
3 788 789 909
3 788 909 908
3 789 790 910
3 789 910 909
3 790 791 911
3 790 911 910
3 791 792 912
3 791 912 911
3 792 793 913
3 792 913 912
3 793 794 914
3 793 914 913
3 794 795 915
3 794 915 914
3 795 796 916
3 795 916 915
3 796 797 917
3 796 917 916
3 797 798 918
3 797 918 917
3 798 799 919
3 798 919 918
3 799 800 920
3 799 920 919
3 800 801 921
3 800 921 920
3 801 802 922
3 801 922 921
3 802 803 923
3 802 923 922
3 803 804 924
3 803 924 923
3 804 805 925
3 804 925 924
3 805 806 926
3 805 926 925
3 806 807 927
3 806 927 926
3 807 808 928
3 807 928 927
3 808 809 929
3 808 929 928
3 809 810 930
3 809 930 929
3 810 811 931
3 810 931 930
3 811 812 932
3 811 932 931
3 812 813 933
3 812 933 932
3 813 814 934
3 813 934 933
3 814 815 935
3 814 935 934
3 815 816 936
3 815 936 935
3 816 817 937
3 816 937 936
3 817 818 938
3 817 938 937
3 818 819 939
3 818 939 938
3 819 820 940
3 819 940 939
3 820 821 941
3 820 941 940
3 821 822 942
3 821 942 941
3 822 823 943
3 822 943 942
3 823 824 944
3 823 944 943
3 824 825 945
3 824 945 944
3 825 826 946
3 825 946 945
3 826 827 947
3 826 947 946
3 827 828 948
3 827 948 947
3 828 829 949
3 828 949 948
3 829 830 950
3 829 950 949
3 830 831 951
3 830 951 950
3 831 832 952
3 831 952 951
3 832 833 953
3 832 953 952
3 833 834 954
3 833 954 953
3 834 835 955
3 834 955 954
3 835 836 956
3 835 956 955
3 836 837 957
3 836 957 956
3 837 838 958
3 837 958 957
3 838 839 959
3 838 959 958
3 839 720 840
3 839 840 959
3 840 841 961
3 840 961 960
3 841 842 962
3 841 962 961
3 842 843 963
3 842 963 962
3 843 844 964
3 843 964 963
3 844 845 965
3 844 965 964
3 845 846 966
3 845 966 965
3 846 847 967
3 846 967 966
3 847 848 968
3 847 968 967
3 848 849 969
3 848 969 968
3 849 850 970
3 849 970 969
3 850 851 971
3 850 971 970
3 851 852 972
3 851 972 971
3 852 853 973
3 852 973 972
3 853 854 974
3 853 974 973
3 854 855 975
3 854 975 974
3 855 856 976
3 855 976 975
3 856 857 977
3 856 977 976
3 857 858 978
3 857 978 977
3 858 859 979
3 858 979 978
3 859 860 980
3 859 980 979
3 860 861 981
3 860 981 980
3 861 862 982
3 861 982 981
3 862 863 983
3 862 983 982
3 863 864 984
3 863 984 983
3 864 865 985
3 864 985 984
3 865 866 986
3 865 986 985
3 866 867 987
3 866 987 986
3 867 868 988
3 867 988 987
3 868 869 989
3 868 989 988
3 869 870 990
3 869 990 989
3 870 871 991
3 870 991 990
3 871 872 992
3 871 992 991
3 872 873 993
3 872 993 992
3 873 874 994
3 873 994 993
3 874 875 995
3 874 995 994
3 875 876 996
3 875 996 995
3 876 877 997
3 876 997 996
3 877 878 998
3 877 998 997
3 878 879 999
3 878 999 998
3 879 880 1000
3 879 1000 999
3 880 881 1001
3 880 1001 1000
3 881 882 1002
3 881 1002 1001
3 882 883 1003
3 882 1003 1002
3 883 884 1004
3 883 1004 1003
3 884 885 1005
3 884 1005 1004
3 885 886 1006
3 885 1006 1005
3 886 887 1007
3 886 1007 1006
3 887 888 1008
3 887 1008 1007
3 888 889 1009
3 888 1009 1008
3 889 890 1010
3 889 1010 1009
3 890 891 1011
3 890 1011 1010
3 891 892 1012
3 891 1012 1011
3 892 893 1013
3 892 1013 1012
3 893 894 1014
3 893 1014 1013
3 894 895 1015
3 894 1015 1014
3 895 896 1016
3 895 1016 1015
3 896 897 1017
3 896 1017 1016
3 897 898 1018
3 897 1018 1017
3 898 899 1019
3 898 1019 1018
3 899 900 1020
3 899 1020 1019
3 900 901 1021
3 900 1021 1020
3 901 902 1022
3 901 1022 1021
3 902 903 1023
3 902 1023 1022
3 903 904 1024
3 903 1024 1023
3 904 905 1025
3 904 1025 1024
3 905 906 1026
3 905 1026 1025
3 906 907 1027
3 906 1027 1026
3 907 908 1028
3 907 1028 1027
3 908 909 1029
3 908 1029 1028
3 909 910 1030
3 909 1030 1029
3 910 911 1031
3 910 1031 1030
3 911 912 1032
3 911 1032 1031
3 912 913 1033
3 912 1033 1032
3 913 914 1034
3 913 1034 1033
3 914 915 1035
3 914 1035 1034
3 915 916 1036
3 915 1036 1035
3 916 917 1037
3 916 1037 1036
3 917 918 1038
3 917 1038 1037
3 918 919 1039
3 918 1039 1038
3 919 920 1040
3 919 1040 1039
3 920 921 1041
3 920 1041 1040
3 921 922 1042
3 921 1042 1041
3 922 923 1043
3 922 1043 1042
3 923 924 1044
3 923 1044 1043
3 924 925 1045
3 924 1045 1044
3 925 926 1046
3 925 1046 1045
3 926 927 1047
3 926 1047 1046
3 927 928 1048
3 927 1048 1047
3 928 929 1049
3 928 1049 1048
3 929 930 1050
3 929 1050 1049
3 930 931 1051
3 930 1051 1050
3 931 932 1052
3 931 1052 1051
3 932 933 1053
3 932 1053 1052
3 933 934 1054
3 933 1054 1053
3 934 935 1055
3 934 1055 1054
3 935 936 1056
3 935 1056 1055
3 936 937 1057
3 936 1057 1056
3 937 938 1058
3 937 1058 1057
3 938 939 1059
3 938 1059 1058
3 939 940 1060
3 939 1060 1059
3 940 941 1061
3 940 1061 1060
3 941 942 1062
3 941 1062 1061
3 942 943 1063
3 942 1063 1062
3 943 944 1064
3 943 1064 1063
3 944 945 1065
3 944 1065 1064
3 945 946 1066
3 945 1066 1065
3 946 947 1067
3 946 1067 1066
3 947 948 1068
3 947 1068 1067
3 948 949 1069
3 948 1069 1068
3 949 950 1070
3 949 1070 1069
3 950 951 1071
3 950 1071 1070
3 951 952 1072
3 951 1072 1071
3 952 953 1073
3 952 1073 1072
3 953 954 1074
3 953 1074 1073
3 954 955 1075
3 954 1075 1074
3 955 956 1076
3 955 1076 1075
3 956 957 1077
3 956 1077 1076
3 957 958 1078
3 957 1078 1077
3 958 959 1079
3 958 1079 1078
3 959 840 960
3 959 960 1079
3 960 961 1081
3 960 1081 1080
3 961 962 1082
3 961 1082 1081
3 962 963 1083
3 962 1083 1082
3 963 964 1084
3 963 1084 1083
3 964 965 1085
3 964 1085 1084
3 965 966 1086
3 965 1086 1085
3 966 967 1087
3 966 1087 1086
3 967 968 1088
3 967 1088 1087
3 968 969 1089
3 968 1089 1088
3 969 970 1090
3 969 1090 1089
3 970 971 1091
3 970 1091 1090
3 971 972 1092
3 971 1092 1091
3 972 973 1093
3 972 1093 1092
3 973 974 1094
3 973 1094 1093
3 974 975 1095
3 974 1095 1094
3 975 976 1096
3 975 1096 1095
3 976 977 1097
3 976 1097 1096
3 977 978 1098
3 977 1098 1097
3 978 979 1099
3 978 1099 1098
3 979 980 1100
3 979 1100 1099
3 980 981 1101
3 980 1101 1100
3 981 982 1102
3 981 1102 1101
3 982 983 1103
3 982 1103 1102
3 983 984 1104
3 983 1104 1103
3 984 985 1105
3 984 1105 1104
3 985 986 1106
3 985 1106 1105
3 986 987 1107
3 986 1107 1106
3 987 988 1108
3 987 1108 1107
3 988 989 1109
3 988 1109 1108
3 989 990 1110
3 989 1110 1109
3 990 991 1111
3 990 1111 1110
3 991 992 1112
3 991 1112 1111
3 992 993 1113
3 992 1113 1112
3 993 994 1114
3 993 1114 1113
3 994 995 1115
3 994 1115 1114
3 995 996 1116
3 995 1116 1115
3 996 997 1117
3 996 1117 1116
3 997 998 1118
3 997 1118 1117
3 998 999 1119
3 998 1119 1118
3 999 1000 1120
3 999 1120 1119
3 1000 1001 1121
3 1000 1121 1120
3 1001 1002 1122
3 1001 1122 1121
3 1002 1003 1123
3 1002 1123 1122
3 1003 1004 1124
3 1003 1124 1123
3 1004 1005 1125
3 1004 1125 1124
3 1005 1006 1126
3 1005 1126 1125
3 1006 1007 1127
3 1006 1127 1126
3 1007 1008 1128
3 1007 1128 1127
3 1008 1009 1129
3 1008 1129 1128
3 1009 1010 1130
3 1009 1130 1129
3 1010 1011 1131
3 1010 1131 1130
3 1011 1012 1132
3 1011 1132 1131
3 1012 1013 1133
3 1012 1133 1132
3 1013 1014 1134
3 1013 1134 1133
3 1014 1015 1135
3 1014 1135 1134
3 1015 1016 1136
3 1015 1136 1135
3 1016 1017 1137
3 1016 1137 1136
3 1017 1018 1138
3 1017 1138 1137
3 1018 1019 1139
3 1018 1139 1138
3 1019 1020 1140
3 1019 1140 1139
3 1020 1021 1141
3 1020 1141 1140
3 1021 1022 1142
3 1021 1142 1141
3 1022 1023 1143
3 1022 1143 1142
3 1023 1024 1144
3 1023 1144 1143
3 1024 1025 1145
3 1024 1145 1144
3 1025 1026 1146
3 1025 1146 1145
3 1026 1027 1147
3 1026 1147 1146
3 1027 1028 1148
3 1027 1148 1147
3 1028 1029 1149
3 1028 1149 1148
3 1029 1030 1150
3 1029 1150 1149
3 1030 1031 1151
3 1030 1151 1150
3 1031 1032 1152
3 1031 1152 1151
3 1032 1033 1153
3 1032 1153 1152
3 1033 1034 1154
3 1033 1154 1153
3 1034 1035 1155
3 1034 1155 1154
3 1035 1036 1156
3 1035 1156 1155
3 1036 1037 1157
3 1036 1157 1156
3 1037 1038 1158
3 1037 1158 1157
3 1038 1039 1159
3 1038 1159 1158
3 1039 1040 1160
3 1039 1160 1159
3 1040 1041 1161
3 1040 1161 1160
3 1041 1042 1162
3 1041 1162 1161
3 1042 1043 1163
3 1042 1163 1162
3 1043 1044 1164
3 1043 1164 1163
3 1044 1045 1165
3 1044 1165 1164
3 1045 1046 1166
3 1045 1166 1165
3 1046 1047 1167
3 1046 1167 1166
3 1047 1048 1168
3 1047 1168 1167
3 1048 1049 1169
3 1048 1169 1168
3 1049 1050 1170
3 1049 1170 1169
3 1050 1051 1171
3 1050 1171 1170
3 1051 1052 1172
3 1051 1172 1171
3 1052 1053 1173
3 1052 1173 1172
3 1053 1054 1174
3 1053 1174 1173
3 1054 1055 1175
3 1054 1175 1174
3 1055 1056 1176
3 1055 1176 1175
3 1056 1057 1177
3 1056 1177 1176
3 1057 1058 1178
3 1057 1178 1177
3 1058 1059 1179
3 1058 1179 1178
3 1059 1060 1180
3 1059 1180 1179
3 1060 1061 1181
3 1060 1181 1180
3 1061 1062 1182
3 1061 1182 1181
3 1062 1063 1183
3 1062 1183 1182
3 1063 1064 1184
3 1063 1184 1183
3 1064 1065 1185
3 1064 1185 1184
3 1065 1066 1186
3 1065 1186 1185
3 1066 1067 1187
3 1066 1187 1186
3 1067 1068 1188
3 1067 1188 1187
3 1068 1069 1189
3 1068 1189 1188
3 1069 1070 1190
3 1069 1190 1189
3 1070 1071 1191
3 1070 1191 1190
3 1071 1072 1192
3 1071 1192 1191
3 1072 1073 1193
3 1072 1193 1192
3 1073 1074 1194
3 1073 1194 1193
3 1074 1075 1195
3 1074 1195 1194
3 1075 1076 1196
3 1075 1196 1195
3 1076 1077 1197
3 1076 1197 1196
3 1077 1078 1198
3 1077 1198 1197
3 1078 1079 1199
3 1078 1199 1198
3 1079 960 1080
3 1079 1080 1199
3 1080 1081 1201
3 1080 1201 1200
3 1081 1082 1202
3 1081 1202 1201
3 1082 1083 1203
3 1082 1203 1202
3 1083 1084 1204
3 1083 1204 1203
3 1084 1085 1205
3 1084 1205 1204
3 1085 1086 1206
3 1085 1206 1205
3 1086 1087 1207
3 1086 1207 1206
3 1087 1088 1208
3 1087 1208 1207
3 1088 1089 1209
3 1088 1209 1208
3 1089 1090 1210
3 1089 1210 1209
3 1090 1091 1211
3 1090 1211 1210
3 1091 1092 1212
3 1091 1212 1211
3 1092 1093 1213
3 1092 1213 1212
3 1093 1094 1214
3 1093 1214 1213
3 1094 1095 1215
3 1094 1215 1214
3 1095 1096 1216
3 1095 1216 1215
3 1096 1097 1217
3 1096 1217 1216
3 1097 1098 1218
3 1097 1218 1217
3 1098 1099 1219
3 1098 1219 1218
3 1099 1100 1220
3 1099 1220 1219
3 1100 1101 1221
3 1100 1221 1220
3 1101 1102 1222
3 1101 1222 1221
3 1102 1103 1223
3 1102 1223 1222
3 1103 1104 1224
3 1103 1224 1223
3 1104 1105 1225
3 1104 1225 1224
3 1105 1106 1226
3 1105 1226 1225
3 1106 1107 1227
3 1106 1227 1226
3 1107 1108 1228
3 1107 1228 1227
3 1108 1109 1229
3 1108 1229 1228
3 1109 1110 1230
3 1109 1230 1229
3 1110 1111 1231
3 1110 1231 1230
3 1111 1112 1232
3 1111 1232 1231
3 1112 1113 1233
3 1112 1233 1232
3 1113 1114 1234
3 1113 1234 1233
3 1114 1115 1235
3 1114 1235 1234
3 1115 1116 1236
3 1115 1236 1235
3 1116 1117 1237
3 1116 1237 1236
3 1117 1118 1238
3 1117 1238 1237
3 1118 1119 1239
3 1118 1239 1238
3 1119 1120 1240
3 1119 1240 1239
3 1120 1121 1241
3 1120 1241 1240
3 1121 1122 1242
3 1121 1242 1241
3 1122 1123 1243
3 1122 1243 1242
3 1123 1124 1244
3 1123 1244 1243
3 1124 1125 1245
3 1124 1245 1244
3 1125 1126 1246
3 1125 1246 1245
3 1126 1127 1247
3 1126 1247 1246
3 1127 1128 1248
3 1127 1248 1247
3 1128 1129 1249
3 1128 1249 1248
3 1129 1130 1250
3 1129 1250 1249
3 1130 1131 1251
3 1130 1251 1250
3 1131 1132 1252
3 1131 1252 1251
3 1132 1133 1253
3 1132 1253 1252
3 1133 1134 1254
3 1133 1254 1253
3 1134 1135 1255
3 1134 1255 1254
3 1135 1136 1256
3 1135 1256 1255
3 1136 1137 1257
3 1136 1257 1256
3 1137 1138 1258
3 1137 1258 1257
3 1138 1139 1259
3 1138 1259 1258
3 1139 1140 1260
3 1139 1260 1259
3 1140 1141 1261
3 1140 1261 1260
3 1141 1142 1262
3 1141 1262 1261
3 1142 1143 1263
3 1142 1263 1262
3 1143 1144 1264
3 1143 1264 1263
3 1144 1145 1265
3 1144 1265 1264
3 1145 1146 1266
3 1145 1266 1265
3 1146 1147 1267
3 1146 1267 1266
3 1147 1148 1268
3 1147 1268 1267
3 1148 1149 1269
3 1148 1269 1268
3 1149 1150 1270
3 1149 1270 1269
3 1150 1151 1271
3 1150 1271 1270
3 1151 1152 1272
3 1151 1272 1271
3 1152 1153 1273
3 1152 1273 1272
3 1153 1154 1274
3 1153 1274 1273
3 1154 1155 1275
3 1154 1275 1274
3 1155 1156 1276
3 1155 1276 1275
3 1156 1157 1277
3 1156 1277 1276
3 1157 1158 1278
3 1157 1278 1277
3 1158 1159 1279
3 1158 1279 1278
3 1159 1160 1280
3 1159 1280 1279
3 1160 1161 1281
3 1160 1281 1280
3 1161 1162 1282
3 1161 1282 1281
3 1162 1163 1283
3 1162 1283 1282
3 1163 1164 1284
3 1163 1284 1283
3 1164 1165 1285
3 1164 1285 1284
3 1165 1166 1286
3 1165 1286 1285
3 1166 1167 1287
3 1166 1287 1286
3 1167 1168 1288
3 1167 1288 1287
3 1168 1169 1289
3 1168 1289 1288
3 1169 1170 1290
3 1169 1290 1289
3 1170 1171 1291
3 1170 1291 1290
3 1171 1172 1292
3 1171 1292 1291
3 1172 1173 1293
3 1172 1293 1292
3 1173 1174 1294
3 1173 1294 1293
3 1174 1175 1295
3 1174 1295 1294
3 1175 1176 1296
3 1175 1296 1295
3 1176 1177 1297
3 1176 1297 1296
3 1177 1178 1298
3 1177 1298 1297
3 1178 1179 1299
3 1178 1299 1298
3 1179 1180 1300
3 1179 1300 1299
3 1180 1181 1301
3 1180 1301 1300
3 1181 1182 1302
3 1181 1302 1301
3 1182 1183 1303
3 1182 1303 1302
3 1183 1184 1304
3 1183 1304 1303
3 1184 1185 1305
3 1184 1305 1304
3 1185 1186 1306
3 1185 1306 1305
3 1186 1187 1307
3 1186 1307 1306
3 1187 1188 1308
3 1187 1308 1307
3 1188 1189 1309
3 1188 1309 1308
3 1189 1190 1310
3 1189 1310 1309
3 1190 1191 1311
3 1190 1311 1310
3 1191 1192 1312
3 1191 1312 1311
3 1192 1193 1313
3 1192 1313 1312
3 1193 1194 1314
3 1193 1314 1313
3 1194 1195 1315
3 1194 1315 1314
3 1195 1196 1316
3 1195 1316 1315
3 1196 1197 1317
3 1196 1317 1316
3 1197 1198 1318
3 1197 1318 1317
3 1198 1199 1319
3 1198 1319 1318
3 1199 1080 1200
3 1199 1200 1319
3 1200 1201 1321
3 1200 1321 1320
3 1201 1202 1322
3 1201 1322 1321
3 1202 1203 1323
3 1202 1323 1322
3 1203 1204 1324
3 1203 1324 1323
3 1204 1205 1325
3 1204 1325 1324
3 1205 1206 1326
3 1205 1326 1325
3 1206 1207 1327
3 1206 1327 1326
3 1207 1208 1328
3 1207 1328 1327
3 1208 1209 1329
3 1208 1329 1328
3 1209 1210 1330
3 1209 1330 1329
3 1210 1211 1331
3 1210 1331 1330
3 1211 1212 1332
3 1211 1332 1331
3 1212 1213 1333
3 1212 1333 1332
3 1213 1214 1334
3 1213 1334 1333
3 1214 1215 1335
3 1214 1335 1334
3 1215 1216 1336
3 1215 1336 1335
3 1216 1217 1337
3 1216 1337 1336
3 1217 1218 1338
3 1217 1338 1337
3 1218 1219 1339
3 1218 1339 1338
3 1219 1220 1340
3 1219 1340 1339
3 1220 1221 1341
3 1220 1341 1340
3 1221 1222 1342
3 1221 1342 1341
3 1222 1223 1343
3 1222 1343 1342
3 1223 1224 1344
3 1223 1344 1343
3 1224 1225 1345
3 1224 1345 1344
3 1225 1226 1346
3 1225 1346 1345
3 1226 1227 1347
3 1226 1347 1346
3 1227 1228 1348
3 1227 1348 1347
3 1228 1229 1349
3 1228 1349 1348
3 1229 1230 1350
3 1229 1350 1349
3 1230 1231 1351
3 1230 1351 1350
3 1231 1232 1352
3 1231 1352 1351
3 1232 1233 1353
3 1232 1353 1352
3 1233 1234 1354
3 1233 1354 1353
3 1234 1235 1355
3 1234 1355 1354
3 1235 1236 1356
3 1235 1356 1355
3 1236 1237 1357
3 1236 1357 1356
3 1237 1238 1358
3 1237 1358 1357
3 1238 1239 1359
3 1238 1359 1358
3 1239 1240 1360
3 1239 1360 1359
3 1240 1241 1361
3 1240 1361 1360
3 1241 1242 1362
3 1241 1362 1361
3 1242 1243 1363
3 1242 1363 1362
3 1243 1244 1364
3 1243 1364 1363
3 1244 1245 1365
3 1244 1365 1364
3 1245 1246 1366
3 1245 1366 1365
3 1246 1247 1367
3 1246 1367 1366
3 1247 1248 1368
3 1247 1368 1367
3 1248 1249 1369
3 1248 1369 1368
3 1249 1250 1370
3 1249 1370 1369
3 1250 1251 1371
3 1250 1371 1370
3 1251 1252 1372
3 1251 1372 1371
3 1252 1253 1373
3 1252 1373 1372
3 1253 1254 1374
3 1253 1374 1373
3 1254 1255 1375
3 1254 1375 1374
3 1255 1256 1376
3 1255 1376 1375
3 1256 1257 1377
3 1256 1377 1376
3 1257 1258 1378
3 1257 1378 1377
3 1258 1259 1379
3 1258 1379 1378
3 1259 1260 1380
3 1259 1380 1379
3 1260 1261 1381
3 1260 1381 1380
3 1261 1262 1382
3 1261 1382 1381
3 1262 1263 1383
3 1262 1383 1382
3 1263 1264 1384
3 1263 1384 1383
3 1264 1265 1385
3 1264 1385 1384
3 1265 1266 1386
3 1265 1386 1385
3 1266 1267 1387
3 1266 1387 1386
3 1267 1268 1388
3 1267 1388 1387
3 1268 1269 1389
3 1268 1389 1388
3 1269 1270 1390
3 1269 1390 1389
3 1270 1271 1391
3 1270 1391 1390
3 1271 1272 1392
3 1271 1392 1391
3 1272 1273 1393
3 1272 1393 1392
3 1273 1274 1394
3 1273 1394 1393
3 1274 1275 1395
3 1274 1395 1394
3 1275 1276 1396
3 1275 1396 1395
3 1276 1277 1397
3 1276 1397 1396
3 1277 1278 1398
3 1277 1398 1397
3 1278 1279 1399
3 1278 1399 1398
3 1279 1280 1400
3 1279 1400 1399
3 1280 1281 1401
3 1280 1401 1400
3 1281 1282 1402
3 1281 1402 1401
3 1282 1283 1403
3 1282 1403 1402
3 1283 1284 1404
3 1283 1404 1403
3 1284 1285 1405
3 1284 1405 1404
3 1285 1286 1406
3 1285 1406 1405
3 1286 1287 1407
3 1286 1407 1406
3 1287 1288 1408
3 1287 1408 1407
3 1288 1289 1409
3 1288 1409 1408
3 1289 1290 1410
3 1289 1410 1409
3 1290 1291 1411
3 1290 1411 1410
3 1291 1292 1412
3 1291 1412 1411
3 1292 1293 1413
3 1292 1413 1412
3 1293 1294 1414
3 1293 1414 1413
3 1294 1295 1415
3 1294 1415 1414
3 1295 1296 1416
3 1295 1416 1415
3 1296 1297 1417
3 1296 1417 1416
3 1297 1298 1418
3 1297 1418 1417
3 1298 1299 1419
3 1298 1419 1418
3 1299 1300 1420
3 1299 1420 1419
3 1300 1301 1421
3 1300 1421 1420
3 1301 1302 1422
3 1301 1422 1421
3 1302 1303 1423
3 1302 1423 1422
3 1303 1304 1424
3 1303 1424 1423
3 1304 1305 1425
3 1304 1425 1424
3 1305 1306 1426
3 1305 1426 1425
3 1306 1307 1427
3 1306 1427 1426
3 1307 1308 1428
3 1307 1428 1427
3 1308 1309 1429
3 1308 1429 1428
3 1309 1310 1430
3 1309 1430 1429
3 1310 1311 1431
3 1310 1431 1430
3 1311 1312 1432
3 1311 1432 1431
3 1312 1313 1433
3 1312 1433 1432
3 1313 1314 1434
3 1313 1434 1433
3 1314 1315 1435
3 1314 1435 1434
3 1315 1316 1436
3 1315 1436 1435
3 1316 1317 1437
3 1316 1437 1436
3 1317 1318 1438
3 1317 1438 1437
3 1318 1319 1439
3 1318 1439 1438
3 1319 1200 1320
3 1319 1320 1439
3 1320 1321 1441
3 1320 1441 1440
3 1321 1322 1442
3 1321 1442 1441
3 1322 1323 1443
3 1322 1443 1442
3 1323 1324 1444
3 1323 1444 1443
3 1324 1325 1445
3 1324 1445 1444
3 1325 1326 1446
3 1325 1446 1445
3 1326 1327 1447
3 1326 1447 1446
3 1327 1328 1448
3 1327 1448 1447
3 1328 1329 1449
3 1328 1449 1448
3 1329 1330 1450
3 1329 1450 1449
3 1330 1331 1451
3 1330 1451 1450
3 1331 1332 1452
3 1331 1452 1451
3 1332 1333 1453
3 1332 1453 1452
3 1333 1334 1454
3 1333 1454 1453
3 1334 1335 1455
3 1334 1455 1454
3 1335 1336 1456
3 1335 1456 1455
3 1336 1337 1457
3 1336 1457 1456
3 1337 1338 1458
3 1337 1458 1457
3 1338 1339 1459
3 1338 1459 1458
3 1339 1340 1460
3 1339 1460 1459
3 1340 1341 1461
3 1340 1461 1460
3 1341 1342 1462
3 1341 1462 1461
3 1342 1343 1463
3 1342 1463 1462
3 1343 1344 1464
3 1343 1464 1463
3 1344 1345 1465
3 1344 1465 1464
3 1345 1346 1466
3 1345 1466 1465
3 1346 1347 1467
3 1346 1467 1466
3 1347 1348 1468
3 1347 1468 1467
3 1348 1349 1469
3 1348 1469 1468
3 1349 1350 1470
3 1349 1470 1469
3 1350 1351 1471
3 1350 1471 1470
3 1351 1352 1472
3 1351 1472 1471
3 1352 1353 1473
3 1352 1473 1472
3 1353 1354 1474
3 1353 1474 1473
3 1354 1355 1475
3 1354 1475 1474
3 1355 1356 1476
3 1355 1476 1475
3 1356 1357 1477
3 1356 1477 1476
3 1357 1358 1478
3 1357 1478 1477
3 1358 1359 1479
3 1358 1479 1478
3 1359 1360 1480
3 1359 1480 1479
3 1360 1361 1481
3 1360 1481 1480
3 1361 1362 1482
3 1361 1482 1481
3 1362 1363 1483
3 1362 1483 1482
3 1363 1364 1484
3 1363 1484 1483
3 1364 1365 1485
3 1364 1485 1484
3 1365 1366 1486
3 1365 1486 1485
3 1366 1367 1487
3 1366 1487 1486
3 1367 1368 1488
3 1367 1488 1487
3 1368 1369 1489
3 1368 1489 1488
3 1369 1370 1490
3 1369 1490 1489
3 1370 1371 1491
3 1370 1491 1490
3 1371 1372 1492
3 1371 1492 1491
3 1372 1373 1493
3 1372 1493 1492
3 1373 1374 1494
3 1373 1494 1493
3 1374 1375 1495
3 1374 1495 1494
3 1375 1376 1496
3 1375 1496 1495
3 1376 1377 1497
3 1376 1497 1496
3 1377 1378 1498
3 1377 1498 1497
3 1378 1379 1499
3 1378 1499 1498
3 1379 1380 1500
3 1379 1500 1499
3 1380 1381 1501
3 1380 1501 1500
3 1381 1382 1502
3 1381 1502 1501
3 1382 1383 1503
3 1382 1503 1502
3 1383 1384 1504
3 1383 1504 1503
3 1384 1385 1505
3 1384 1505 1504
3 1385 1386 1506
3 1385 1506 1505
3 1386 1387 1507
3 1386 1507 1506
3 1387 1388 1508
3 1387 1508 1507
3 1388 1389 1509
3 1388 1509 1508
3 1389 1390 1510
3 1389 1510 1509
3 1390 1391 1511
3 1390 1511 1510
3 1391 1392 1512
3 1391 1512 1511
3 1392 1393 1513
3 1392 1513 1512
3 1393 1394 1514
3 1393 1514 1513
3 1394 1395 1515
3 1394 1515 1514
3 1395 1396 1516
3 1395 1516 1515
3 1396 1397 1517
3 1396 1517 1516
3 1397 1398 1518
3 1397 1518 1517
3 1398 1399 1519
3 1398 1519 1518
3 1399 1400 1520
3 1399 1520 1519
3 1400 1401 1521
3 1400 1521 1520
3 1401 1402 1522
3 1401 1522 1521
3 1402 1403 1523
3 1402 1523 1522
3 1403 1404 1524
3 1403 1524 1523
3 1404 1405 1525
3 1404 1525 1524
3 1405 1406 1526
3 1405 1526 1525
3 1406 1407 1527
3 1406 1527 1526
3 1407 1408 1528
3 1407 1528 1527
3 1408 1409 1529
3 1408 1529 1528
3 1409 1410 1530
3 1409 1530 1529
3 1410 1411 1531
3 1410 1531 1530
3 1411 1412 1532
3 1411 1532 1531
3 1412 1413 1533
3 1412 1533 1532
3 1413 1414 1534
3 1413 1534 1533
3 1414 1415 1535
3 1414 1535 1534
3 1415 1416 1536
3 1415 1536 1535
3 1416 1417 1537
3 1416 1537 1536
3 1417 1418 1538
3 1417 1538 1537
3 1418 1419 1539
3 1418 1539 1538
3 1419 1420 1540
3 1419 1540 1539
3 1420 1421 1541
3 1420 1541 1540
3 1421 1422 1542
3 1421 1542 1541
3 1422 1423 1543
3 1422 1543 1542
3 1423 1424 1544
3 1423 1544 1543
3 1424 1425 1545
3 1424 1545 1544
3 1425 1426 1546
3 1425 1546 1545
3 1426 1427 1547
3 1426 1547 1546
3 1427 1428 1548
3 1427 1548 1547
3 1428 1429 1549
3 1428 1549 1548
3 1429 1430 1550
3 1429 1550 1549
3 1430 1431 1551
3 1430 1551 1550
3 1431 1432 1552
3 1431 1552 1551
3 1432 1433 1553
3 1432 1553 1552
3 1433 1434 1554
3 1433 1554 1553
3 1434 1435 1555
3 1434 1555 1554
3 1435 1436 1556
3 1435 1556 1555
3 1436 1437 1557
3 1436 1557 1556
3 1437 1438 1558
3 1437 1558 1557
3 1438 1439 1559
3 1438 1559 1558
3 1439 1320 1440
3 1439 1440 1559
3 1440 1441 1561
3 1440 1561 1560
3 1441 1442 1562
3 1441 1562 1561
3 1442 1443 1563
3 1442 1563 1562
3 1443 1444 1564
3 1443 1564 1563
3 1444 1445 1565
3 1444 1565 1564
3 1445 1446 1566
3 1445 1566 1565
3 1446 1447 1567
3 1446 1567 1566
3 1447 1448 1568
3 1447 1568 1567
3 1448 1449 1569
3 1448 1569 1568
3 1449 1450 1570
3 1449 1570 1569
3 1450 1451 1571
3 1450 1571 1570
3 1451 1452 1572
3 1451 1572 1571
3 1452 1453 1573
3 1452 1573 1572
3 1453 1454 1574
3 1453 1574 1573
3 1454 1455 1575
3 1454 1575 1574
3 1455 1456 1576
3 1455 1576 1575
3 1456 1457 1577
3 1456 1577 1576
3 1457 1458 1578
3 1457 1578 1577
3 1458 1459 1579
3 1458 1579 1578
3 1459 1460 1580
3 1459 1580 1579
3 1460 1461 1581
3 1460 1581 1580
3 1461 1462 1582
3 1461 1582 1581
3 1462 1463 1583
3 1462 1583 1582
3 1463 1464 1584
3 1463 1584 1583
3 1464 1465 1585
3 1464 1585 1584
3 1465 1466 1586
3 1465 1586 1585
3 1466 1467 1587
3 1466 1587 1586
3 1467 1468 1588
3 1467 1588 1587
3 1468 1469 1589
3 1468 1589 1588
3 1469 1470 1590
3 1469 1590 1589
3 1470 1471 1591
3 1470 1591 1590
3 1471 1472 1592
3 1471 1592 1591
3 1472 1473 1593
3 1472 1593 1592
3 1473 1474 1594
3 1473 1594 1593
3 1474 1475 1595
3 1474 1595 1594
3 1475 1476 1596
3 1475 1596 1595
3 1476 1477 1597
3 1476 1597 1596
3 1477 1478 1598
3 1477 1598 1597
3 1478 1479 1599
3 1478 1599 1598
3 1479 1480 1600
3 1479 1600 1599
3 1480 1481 1601
3 1480 1601 1600
3 1481 1482 1602
3 1481 1602 1601
3 1482 1483 1603
3 1482 1603 1602
3 1483 1484 1604
3 1483 1604 1603
3 1484 1485 1605
3 1484 1605 1604
3 1485 1486 1606
3 1485 1606 1605
3 1486 1487 1607
3 1486 1607 1606
3 1487 1488 1608
3 1487 1608 1607
3 1488 1489 1609
3 1488 1609 1608
3 1489 1490 1610
3 1489 1610 1609
3 1490 1491 1611
3 1490 1611 1610
3 1491 1492 1612
3 1491 1612 1611
3 1492 1493 1613
3 1492 1613 1612
3 1493 1494 1614
3 1493 1614 1613
3 1494 1495 1615
3 1494 1615 1614
3 1495 1496 1616
3 1495 1616 1615
3 1496 1497 1617
3 1496 1617 1616
3 1497 1498 1618
3 1497 1618 1617
3 1498 1499 1619
3 1498 1619 1618
3 1499 1500 1620
3 1499 1620 1619
3 1500 1501 1621
3 1500 1621 1620
3 1501 1502 1622
3 1501 1622 1621
3 1502 1503 1623
3 1502 1623 1622
3 1503 1504 1624
3 1503 1624 1623
3 1504 1505 1625
3 1504 1625 1624
3 1505 1506 1626
3 1505 1626 1625
3 1506 1507 1627
3 1506 1627 1626
3 1507 1508 1628
3 1507 1628 1627
3 1508 1509 1629
3 1508 1629 1628
3 1509 1510 1630
3 1509 1630 1629
3 1510 1511 1631
3 1510 1631 1630
3 1511 1512 1632
3 1511 1632 1631
3 1512 1513 1633
3 1512 1633 1632
3 1513 1514 1634
3 1513 1634 1633
3 1514 1515 1635
3 1514 1635 1634
3 1515 1516 1636
3 1515 1636 1635
3 1516 1517 1637
3 1516 1637 1636
3 1517 1518 1638
3 1517 1638 1637
3 1518 1519 1639
3 1518 1639 1638
3 1519 1520 1640
3 1519 1640 1639
3 1520 1521 1641
3 1520 1641 1640
3 1521 1522 1642
3 1521 1642 1641
3 1522 1523 1643
3 1522 1643 1642
3 1523 1524 1644
3 1523 1644 1643
3 1524 1525 1645
3 1524 1645 1644
3 1525 1526 1646
3 1525 1646 1645
3 1526 1527 1647
3 1526 1647 1646
3 1527 1528 1648
3 1527 1648 1647
3 1528 1529 1649
3 1528 1649 1648
3 1529 1530 1650
3 1529 1650 1649
3 1530 1531 1651
3 1530 1651 1650
3 1531 1532 1652
3 1531 1652 1651
3 1532 1533 1653
3 1532 1653 1652
3 1533 1534 1654
3 1533 1654 1653
3 1534 1535 1655
3 1534 1655 1654
3 1535 1536 1656
3 1535 1656 1655
3 1536 1537 1657
3 1536 1657 1656
3 1537 1538 1658
3 1537 1658 1657
3 1538 1539 1659
3 1538 1659 1658
3 1539 1540 1660
3 1539 1660 1659
3 1540 1541 1661
3 1540 1661 1660
3 1541 1542 1662
3 1541 1662 1661
3 1542 1543 1663
3 1542 1663 1662
3 1543 1544 1664
3 1543 1664 1663
3 1544 1545 1665
3 1544 1665 1664
3 1545 1546 1666
3 1545 1666 1665
3 1546 1547 1667
3 1546 1667 1666
3 1547 1548 1668
3 1547 1668 1667
3 1548 1549 1669
3 1548 1669 1668
3 1549 1550 1670
3 1549 1670 1669
3 1550 1551 1671
3 1550 1671 1670
3 1551 1552 1672
3 1551 1672 1671
3 1552 1553 1673
3 1552 1673 1672
3 1553 1554 1674
3 1553 1674 1673
3 1554 1555 1675
3 1554 1675 1674
3 1555 1556 1676
3 1555 1676 1675
3 1556 1557 1677
3 1556 1677 1676
3 1557 1558 1678
3 1557 1678 1677
3 1558 1559 1679
3 1558 1679 1678
3 1559 1440 1560
3 1559 1560 1679
3 1560 1561 1681
3 1560 1681 1680
3 1561 1562 1682
3 1561 1682 1681
3 1562 1563 1683
3 1562 1683 1682
3 1563 1564 1684
3 1563 1684 1683
3 1564 1565 1685
3 1564 1685 1684
3 1565 1566 1686
3 1565 1686 1685
3 1566 1567 1687
3 1566 1687 1686
3 1567 1568 1688
3 1567 1688 1687
3 1568 1569 1689
3 1568 1689 1688
3 1569 1570 1690
3 1569 1690 1689
3 1570 1571 1691
3 1570 1691 1690
3 1571 1572 1692
3 1571 1692 1691
3 1572 1573 1693
3 1572 1693 1692
3 1573 1574 1694
3 1573 1694 1693
3 1574 1575 1695
3 1574 1695 1694
3 1575 1576 1696
3 1575 1696 1695
3 1576 1577 1697
3 1576 1697 1696
3 1577 1578 1698
3 1577 1698 1697
3 1578 1579 1699
3 1578 1699 1698
3 1579 1580 1700
3 1579 1700 1699
3 1580 1581 1701
3 1580 1701 1700
3 1581 1582 1702
3 1581 1702 1701
3 1582 1583 1703
3 1582 1703 1702
3 1583 1584 1704
3 1583 1704 1703
3 1584 1585 1705
3 1584 1705 1704
3 1585 1586 1706
3 1585 1706 1705
3 1586 1587 1707
3 1586 1707 1706
3 1587 1588 1708
3 1587 1708 1707
3 1588 1589 1709
3 1588 1709 1708
3 1589 1590 1710
3 1589 1710 1709
3 1590 1591 1711
3 1590 1711 1710
3 1591 1592 1712
3 1591 1712 1711
3 1592 1593 1713
3 1592 1713 1712
3 1593 1594 1714
3 1593 1714 1713
3 1594 1595 1715
3 1594 1715 1714
3 1595 1596 1716
3 1595 1716 1715
3 1596 1597 1717
3 1596 1717 1716
3 1597 1598 1718
3 1597 1718 1717
3 1598 1599 1719
3 1598 1719 1718
3 1599 1600 1720
3 1599 1720 1719
3 1600 1601 1721
3 1600 1721 1720
3 1601 1602 1722
3 1601 1722 1721
3 1602 1603 1723
3 1602 1723 1722
3 1603 1604 1724
3 1603 1724 1723
3 1604 1605 1725
3 1604 1725 1724
3 1605 1606 1726
3 1605 1726 1725
3 1606 1607 1727
3 1606 1727 1726
3 1607 1608 1728
3 1607 1728 1727
3 1608 1609 1729
3 1608 1729 1728
3 1609 1610 1730
3 1609 1730 1729
3 1610 1611 1731
3 1610 1731 1730
3 1611 1612 1732
3 1611 1732 1731
3 1612 1613 1733
3 1612 1733 1732
3 1613 1614 1734
3 1613 1734 1733
3 1614 1615 1735
3 1614 1735 1734
3 1615 1616 1736
3 1615 1736 1735
3 1616 1617 1737
3 1616 1737 1736
3 1617 1618 1738
3 1617 1738 1737
3 1618 1619 1739
3 1618 1739 1738
3 1619 1620 1740
3 1619 1740 1739
3 1620 1621 1741
3 1620 1741 1740
3 1621 1622 1742
3 1621 1742 1741
3 1622 1623 1743
3 1622 1743 1742
3 1623 1624 1744
3 1623 1744 1743
3 1624 1625 1745
3 1624 1745 1744
3 1625 1626 1746
3 1625 1746 1745
3 1626 1627 1747
3 1626 1747 1746
3 1627 1628 1748
3 1627 1748 1747
3 1628 1629 1749
3 1628 1749 1748
3 1629 1630 1750
3 1629 1750 1749
3 1630 1631 1751
3 1630 1751 1750
3 1631 1632 1752
3 1631 1752 1751
3 1632 1633 1753
3 1632 1753 1752
3 1633 1634 1754
3 1633 1754 1753
3 1634 1635 1755
3 1634 1755 1754
3 1635 1636 1756
3 1635 1756 1755
3 1636 1637 1757
3 1636 1757 1756
3 1637 1638 1758
3 1637 1758 1757
3 1638 1639 1759
3 1638 1759 1758
3 1639 1640 1760
3 1639 1760 1759
3 1640 1641 1761
3 1640 1761 1760
3 1641 1642 1762
3 1641 1762 1761
3 1642 1643 1763
3 1642 1763 1762
3 1643 1644 1764
3 1643 1764 1763
3 1644 1645 1765
3 1644 1765 1764
3 1645 1646 1766
3 1645 1766 1765
3 1646 1647 1767
3 1646 1767 1766
3 1647 1648 1768
3 1647 1768 1767
3 1648 1649 1769
3 1648 1769 1768
3 1649 1650 1770
3 1649 1770 1769
3 1650 1651 1771
3 1650 1771 1770
3 1651 1652 1772
3 1651 1772 1771
3 1652 1653 1773
3 1652 1773 1772
3 1653 1654 1774
3 1653 1774 1773
3 1654 1655 1775
3 1654 1775 1774
3 1655 1656 1776
3 1655 1776 1775
3 1656 1657 1777
3 1656 1777 1776
3 1657 1658 1778
3 1657 1778 1777
3 1658 1659 1779
3 1658 1779 1778
3 1659 1660 1780
3 1659 1780 1779
3 1660 1661 1781
3 1660 1781 1780
3 1661 1662 1782
3 1661 1782 1781
3 1662 1663 1783
3 1662 1783 1782
3 1663 1664 1784
3 1663 1784 1783
3 1664 1665 1785
3 1664 1785 1784
3 1665 1666 1786
3 1665 1786 1785
3 1666 1667 1787
3 1666 1787 1786
3 1667 1668 1788
3 1667 1788 1787
3 1668 1669 1789
3 1668 1789 1788
3 1669 1670 1790
3 1669 1790 1789
3 1670 1671 1791
3 1670 1791 1790
3 1671 1672 1792
3 1671 1792 1791
3 1672 1673 1793
3 1672 1793 1792
3 1673 1674 1794
3 1673 1794 1793
3 1674 1675 1795
3 1674 1795 1794
3 1675 1676 1796
3 1675 1796 1795
3 1676 1677 1797
3 1676 1797 1796
3 1677 1678 1798
3 1677 1798 1797
3 1678 1679 1799
3 1678 1799 1798
3 1679 1560 1680
3 1679 1680 1799
3 1680 1681 1801
3 1680 1801 1800
3 1681 1682 1802
3 1681 1802 1801
3 1682 1683 1803
3 1682 1803 1802
3 1683 1684 1804
3 1683 1804 1803
3 1684 1685 1805
3 1684 1805 1804
3 1685 1686 1806
3 1685 1806 1805
3 1686 1687 1807
3 1686 1807 1806
3 1687 1688 1808
3 1687 1808 1807
3 1688 1689 1809
3 1688 1809 1808
3 1689 1690 1810
3 1689 1810 1809
3 1690 1691 1811
3 1690 1811 1810
3 1691 1692 1812
3 1691 1812 1811
3 1692 1693 1813
3 1692 1813 1812
3 1693 1694 1814
3 1693 1814 1813
3 1694 1695 1815
3 1694 1815 1814
3 1695 1696 1816
3 1695 1816 1815
3 1696 1697 1817
3 1696 1817 1816
3 1697 1698 1818
3 1697 1818 1817
3 1698 1699 1819
3 1698 1819 1818
3 1699 1700 1820
3 1699 1820 1819
3 1700 1701 1821
3 1700 1821 1820
3 1701 1702 1822
3 1701 1822 1821
3 1702 1703 1823
3 1702 1823 1822
3 1703 1704 1824
3 1703 1824 1823
3 1704 1705 1825
3 1704 1825 1824
3 1705 1706 1826
3 1705 1826 1825
3 1706 1707 1827
3 1706 1827 1826
3 1707 1708 1828
3 1707 1828 1827
3 1708 1709 1829
3 1708 1829 1828
3 1709 1710 1830
3 1709 1830 1829
3 1710 1711 1831
3 1710 1831 1830
3 1711 1712 1832
3 1711 1832 1831
3 1712 1713 1833
3 1712 1833 1832
3 1713 1714 1834
3 1713 1834 1833
3 1714 1715 1835
3 1714 1835 1834
3 1715 1716 1836
3 1715 1836 1835
3 1716 1717 1837
3 1716 1837 1836
3 1717 1718 1838
3 1717 1838 1837
3 1718 1719 1839
3 1718 1839 1838
3 1719 1720 1840
3 1719 1840 1839
3 1720 1721 1841
3 1720 1841 1840
3 1721 1722 1842
3 1721 1842 1841
3 1722 1723 1843
3 1722 1843 1842
3 1723 1724 1844
3 1723 1844 1843
3 1724 1725 1845
3 1724 1845 1844
3 1725 1726 1846
3 1725 1846 1845
3 1726 1727 1847
3 1726 1847 1846
3 1727 1728 1848
3 1727 1848 1847
3 1728 1729 1849
3 1728 1849 1848
3 1729 1730 1850
3 1729 1850 1849
3 1730 1731 1851
3 1730 1851 1850
3 1731 1732 1852
3 1731 1852 1851
3 1732 1733 1853
3 1732 1853 1852
3 1733 1734 1854
3 1733 1854 1853
3 1734 1735 1855
3 1734 1855 1854
3 1735 1736 1856
3 1735 1856 1855
3 1736 1737 1857
3 1736 1857 1856
3 1737 1738 1858
3 1737 1858 1857
3 1738 1739 1859
3 1738 1859 1858
3 1739 1740 1860
3 1739 1860 1859
3 1740 1741 1861
3 1740 1861 1860
3 1741 1742 1862
3 1741 1862 1861
3 1742 1743 1863
3 1742 1863 1862
3 1743 1744 1864
3 1743 1864 1863
3 1744 1745 1865
3 1744 1865 1864
3 1745 1746 1866
3 1745 1866 1865
3 1746 1747 1867
3 1746 1867 1866
3 1747 1748 1868
3 1747 1868 1867
3 1748 1749 1869
3 1748 1869 1868
3 1749 1750 1870
3 1749 1870 1869
3 1750 1751 1871
3 1750 1871 1870
3 1751 1752 1872
3 1751 1872 1871
3 1752 1753 1873
3 1752 1873 1872
3 1753 1754 1874
3 1753 1874 1873
3 1754 1755 1875
3 1754 1875 1874
3 1755 1756 1876
3 1755 1876 1875
3 1756 1757 1877
3 1756 1877 1876
3 1757 1758 1878
3 1757 1878 1877
3 1758 1759 1879
3 1758 1879 1878
3 1759 1760 1880
3 1759 1880 1879
3 1760 1761 1881
3 1760 1881 1880
3 1761 1762 1882
3 1761 1882 1881
3 1762 1763 1883
3 1762 1883 1882
3 1763 1764 1884
3 1763 1884 1883
3 1764 1765 1885
3 1764 1885 1884
3 1765 1766 1886
3 1765 1886 1885
3 1766 1767 1887
3 1766 1887 1886
3 1767 1768 1888
3 1767 1888 1887
3 1768 1769 1889
3 1768 1889 1888
3 1769 1770 1890
3 1769 1890 1889
3 1770 1771 1891
3 1770 1891 1890
3 1771 1772 1892
3 1771 1892 1891
3 1772 1773 1893
3 1772 1893 1892
3 1773 1774 1894
3 1773 1894 1893
3 1774 1775 1895
3 1774 1895 1894
3 1775 1776 1896
3 1775 1896 1895
3 1776 1777 1897
3 1776 1897 1896
3 1777 1778 1898
3 1777 1898 1897
3 1778 1779 1899
3 1778 1899 1898
3 1779 1780 1900
3 1779 1900 1899
3 1780 1781 1901
3 1780 1901 1900
3 1781 1782 1902
3 1781 1902 1901
3 1782 1783 1903
3 1782 1903 1902
3 1783 1784 1904
3 1783 1904 1903
3 1784 1785 1905
3 1784 1905 1904
3 1785 1786 1906
3 1785 1906 1905
3 1786 1787 1907
3 1786 1907 1906
3 1787 1788 1908
3 1787 1908 1907
3 1788 1789 1909
3 1788 1909 1908
3 1789 1790 1910
3 1789 1910 1909
3 1790 1791 1911
3 1790 1911 1910
3 1791 1792 1912
3 1791 1912 1911
3 1792 1793 1913
3 1792 1913 1912
3 1793 1794 1914
3 1793 1914 1913
3 1794 1795 1915
3 1794 1915 1914
3 1795 1796 1916
3 1795 1916 1915
3 1796 1797 1917
3 1796 1917 1916
3 1797 1798 1918
3 1797 1918 1917
3 1798 1799 1919
3 1798 1919 1918
3 1799 1680 1800
3 1799 1800 1919
3 1800 1801 1921
3 1800 1921 1920
3 1801 1802 1922
3 1801 1922 1921
3 1802 1803 1923
3 1802 1923 1922
3 1803 1804 1924
3 1803 1924 1923
3 1804 1805 1925
3 1804 1925 1924
3 1805 1806 1926
3 1805 1926 1925
3 1806 1807 1927
3 1806 1927 1926
3 1807 1808 1928
3 1807 1928 1927
3 1808 1809 1929
3 1808 1929 1928
3 1809 1810 1930
3 1809 1930 1929
3 1810 1811 1931
3 1810 1931 1930
3 1811 1812 1932
3 1811 1932 1931
3 1812 1813 1933
3 1812 1933 1932
3 1813 1814 1934
3 1813 1934 1933
3 1814 1815 1935
3 1814 1935 1934
3 1815 1816 1936
3 1815 1936 1935
3 1816 1817 1937
3 1816 1937 1936
3 1817 1818 1938
3 1817 1938 1937
3 1818 1819 1939
3 1818 1939 1938
3 1819 1820 1940
3 1819 1940 1939
3 1820 1821 1941
3 1820 1941 1940
3 1821 1822 1942
3 1821 1942 1941
3 1822 1823 1943
3 1822 1943 1942
3 1823 1824 1944
3 1823 1944 1943
3 1824 1825 1945
3 1824 1945 1944
3 1825 1826 1946
3 1825 1946 1945
3 1826 1827 1947
3 1826 1947 1946
3 1827 1828 1948
3 1827 1948 1947
3 1828 1829 1949
3 1828 1949 1948
3 1829 1830 1950
3 1829 1950 1949
3 1830 1831 1951
3 1830 1951 1950
3 1831 1832 1952
3 1831 1952 1951
3 1832 1833 1953
3 1832 1953 1952
3 1833 1834 1954
3 1833 1954 1953
3 1834 1835 1955
3 1834 1955 1954
3 1835 1836 1956
3 1835 1956 1955
3 1836 1837 1957
3 1836 1957 1956
3 1837 1838 1958
3 1837 1958 1957
3 1838 1839 1959
3 1838 1959 1958
3 1839 1840 1960
3 1839 1960 1959
3 1840 1841 1961
3 1840 1961 1960
3 1841 1842 1962
3 1841 1962 1961
3 1842 1843 1963
3 1842 1963 1962
3 1843 1844 1964
3 1843 1964 1963
3 1844 1845 1965
3 1844 1965 1964
3 1845 1846 1966
3 1845 1966 1965
3 1846 1847 1967
3 1846 1967 1966
3 1847 1848 1968
3 1847 1968 1967
3 1848 1849 1969
3 1848 1969 1968
3 1849 1850 1970
3 1849 1970 1969
3 1850 1851 1971
3 1850 1971 1970
3 1851 1852 1972
3 1851 1972 1971
3 1852 1853 1973
3 1852 1973 1972
3 1853 1854 1974
3 1853 1974 1973
3 1854 1855 1975
3 1854 1975 1974
3 1855 1856 1976
3 1855 1976 1975
3 1856 1857 1977
3 1856 1977 1976
3 1857 1858 1978
3 1857 1978 1977
3 1858 1859 1979
3 1858 1979 1978
3 1859 1860 1980
3 1859 1980 1979
3 1860 1861 1981
3 1860 1981 1980
3 1861 1862 1982
3 1861 1982 1981
3 1862 1863 1983
3 1862 1983 1982
3 1863 1864 1984
3 1863 1984 1983
3 1864 1865 1985
3 1864 1985 1984
3 1865 1866 1986
3 1865 1986 1985
3 1866 1867 1987
3 1866 1987 1986
3 1867 1868 1988
3 1867 1988 1987
3 1868 1869 1989
3 1868 1989 1988
3 1869 1870 1990
3 1869 1990 1989
3 1870 1871 1991
3 1870 1991 1990
3 1871 1872 1992
3 1871 1992 1991
3 1872 1873 1993
3 1872 1993 1992
3 1873 1874 1994
3 1873 1994 1993
3 1874 1875 1995
3 1874 1995 1994
3 1875 1876 1996
3 1875 1996 1995
3 1876 1877 1997
3 1876 1997 1996
3 1877 1878 1998
3 1877 1998 1997
3 1878 1879 1999
3 1878 1999 1998
3 1879 1880 2000
3 1879 2000 1999
3 1880 1881 2001
3 1880 2001 2000
3 1881 1882 2002
3 1881 2002 2001
3 1882 1883 2003
3 1882 2003 2002
3 1883 1884 2004
3 1883 2004 2003
3 1884 1885 2005
3 1884 2005 2004
3 1885 1886 2006
3 1885 2006 2005
3 1886 1887 2007
3 1886 2007 2006
3 1887 1888 2008
3 1887 2008 2007
3 1888 1889 2009
3 1888 2009 2008
3 1889 1890 2010
3 1889 2010 2009
3 1890 1891 2011
3 1890 2011 2010
3 1891 1892 2012
3 1891 2012 2011
3 1892 1893 2013
3 1892 2013 2012
3 1893 1894 2014
3 1893 2014 2013
3 1894 1895 2015
3 1894 2015 2014
3 1895 1896 2016
3 1895 2016 2015
3 1896 1897 2017
3 1896 2017 2016
3 1897 1898 2018
3 1897 2018 2017
3 1898 1899 2019
3 1898 2019 2018
3 1899 1900 2020
3 1899 2020 2019
3 1900 1901 2021
3 1900 2021 2020
3 1901 1902 2022
3 1901 2022 2021
3 1902 1903 2023
3 1902 2023 2022
3 1903 1904 2024
3 1903 2024 2023
3 1904 1905 2025
3 1904 2025 2024
3 1905 1906 2026
3 1905 2026 2025
3 1906 1907 2027
3 1906 2027 2026
3 1907 1908 2028
3 1907 2028 2027
3 1908 1909 2029
3 1908 2029 2028
3 1909 1910 2030
3 1909 2030 2029
3 1910 1911 2031
3 1910 2031 2030
3 1911 1912 2032
3 1911 2032 2031
3 1912 1913 2033
3 1912 2033 2032
3 1913 1914 2034
3 1913 2034 2033
3 1914 1915 2035
3 1914 2035 2034
3 1915 1916 2036
3 1915 2036 2035
3 1916 1917 2037
3 1916 2037 2036
3 1917 1918 2038
3 1917 2038 2037
3 1918 1919 2039
3 1918 2039 2038
3 1919 1800 1920
3 1919 1920 2039
3 1920 1921 2041
3 1920 2041 2040
3 1921 1922 2042
3 1921 2042 2041
3 1922 1923 2043
3 1922 2043 2042
3 1923 1924 2044
3 1923 2044 2043
3 1924 1925 2045
3 1924 2045 2044
3 1925 1926 2046
3 1925 2046 2045
3 1926 1927 2047
3 1926 2047 2046
3 1927 1928 2048
3 1927 2048 2047
3 1928 1929 2049
3 1928 2049 2048
3 1929 1930 2050
3 1929 2050 2049
3 1930 1931 2051
3 1930 2051 2050
3 1931 1932 2052
3 1931 2052 2051
3 1932 1933 2053
3 1932 2053 2052
3 1933 1934 2054
3 1933 2054 2053
3 1934 1935 2055
3 1934 2055 2054
3 1935 1936 2056
3 1935 2056 2055
3 1936 1937 2057
3 1936 2057 2056
3 1937 1938 2058
3 1937 2058 2057
3 1938 1939 2059
3 1938 2059 2058
3 1939 1940 2060
3 1939 2060 2059
3 1940 1941 2061
3 1940 2061 2060
3 1941 1942 2062
3 1941 2062 2061
3 1942 1943 2063
3 1942 2063 2062
3 1943 1944 2064
3 1943 2064 2063
3 1944 1945 2065
3 1944 2065 2064
3 1945 1946 2066
3 1945 2066 2065
3 1946 1947 2067
3 1946 2067 2066
3 1947 1948 2068
3 1947 2068 2067
3 1948 1949 2069
3 1948 2069 2068
3 1949 1950 2070
3 1949 2070 2069
3 1950 1951 2071
3 1950 2071 2070
3 1951 1952 2072
3 1951 2072 2071
3 1952 1953 2073
3 1952 2073 2072
3 1953 1954 2074
3 1953 2074 2073
3 1954 1955 2075
3 1954 2075 2074
3 1955 1956 2076
3 1955 2076 2075
3 1956 1957 2077
3 1956 2077 2076
3 1957 1958 2078
3 1957 2078 2077
3 1958 1959 2079
3 1958 2079 2078
3 1959 1960 2080
3 1959 2080 2079
3 1960 1961 2081
3 1960 2081 2080
3 1961 1962 2082
3 1961 2082 2081
3 1962 1963 2083
3 1962 2083 2082
3 1963 1964 2084
3 1963 2084 2083
3 1964 1965 2085
3 1964 2085 2084
3 1965 1966 2086
3 1965 2086 2085
3 1966 1967 2087
3 1966 2087 2086
3 1967 1968 2088
3 1967 2088 2087
3 1968 1969 2089
3 1968 2089 2088
3 1969 1970 2090
3 1969 2090 2089
3 1970 1971 2091
3 1970 2091 2090
3 1971 1972 2092
3 1971 2092 2091
3 1972 1973 2093
3 1972 2093 2092
3 1973 1974 2094
3 1973 2094 2093
3 1974 1975 2095
3 1974 2095 2094
3 1975 1976 2096
3 1975 2096 2095
3 1976 1977 2097
3 1976 2097 2096
3 1977 1978 2098
3 1977 2098 2097
3 1978 1979 2099
3 1978 2099 2098
3 1979 1980 2100
3 1979 2100 2099
3 1980 1981 2101
3 1980 2101 2100
3 1981 1982 2102
3 1981 2102 2101
3 1982 1983 2103
3 1982 2103 2102
3 1983 1984 2104
3 1983 2104 2103
3 1984 1985 2105
3 1984 2105 2104
3 1985 1986 2106
3 1985 2106 2105
3 1986 1987 2107
3 1986 2107 2106
3 1987 1988 2108
3 1987 2108 2107
3 1988 1989 2109
3 1988 2109 2108
3 1989 1990 2110
3 1989 2110 2109
3 1990 1991 2111
3 1990 2111 2110
3 1991 1992 2112
3 1991 2112 2111
3 1992 1993 2113
3 1992 2113 2112
3 1993 1994 2114
3 1993 2114 2113
3 1994 1995 2115
3 1994 2115 2114
3 1995 1996 2116
3 1995 2116 2115
3 1996 1997 2117
3 1996 2117 2116
3 1997 1998 2118
3 1997 2118 2117
3 1998 1999 2119
3 1998 2119 2118
3 1999 2000 2120
3 1999 2120 2119
3 2000 2001 2121
3 2000 2121 2120
3 2001 2002 2122
3 2001 2122 2121
3 2002 2003 2123
3 2002 2123 2122
3 2003 2004 2124
3 2003 2124 2123
3 2004 2005 2125
3 2004 2125 2124
3 2005 2006 2126
3 2005 2126 2125
3 2006 2007 2127
3 2006 2127 2126
3 2007 2008 2128
3 2007 2128 2127
3 2008 2009 2129
3 2008 2129 2128
3 2009 2010 2130
3 2009 2130 2129
3 2010 2011 2131
3 2010 2131 2130
3 2011 2012 2132
3 2011 2132 2131
3 2012 2013 2133
3 2012 2133 2132
3 2013 2014 2134
3 2013 2134 2133
3 2014 2015 2135
3 2014 2135 2134
3 2015 2016 2136
3 2015 2136 2135
3 2016 2017 2137
3 2016 2137 2136
3 2017 2018 2138
3 2017 2138 2137
3 2018 2019 2139
3 2018 2139 2138
3 2019 2020 2140
3 2019 2140 2139
3 2020 2021 2141
3 2020 2141 2140
3 2021 2022 2142
3 2021 2142 2141
3 2022 2023 2143
3 2022 2143 2142
3 2023 2024 2144
3 2023 2144 2143
3 2024 2025 2145
3 2024 2145 2144
3 2025 2026 2146
3 2025 2146 2145
3 2026 2027 2147
3 2026 2147 2146
3 2027 2028 2148
3 2027 2148 2147
3 2028 2029 2149
3 2028 2149 2148
3 2029 2030 2150
3 2029 2150 2149
3 2030 2031 2151
3 2030 2151 2150
3 2031 2032 2152
3 2031 2152 2151
3 2032 2033 2153
3 2032 2153 2152
3 2033 2034 2154
3 2033 2154 2153
3 2034 2035 2155
3 2034 2155 2154
3 2035 2036 2156
3 2035 2156 2155
3 2036 2037 2157
3 2036 2157 2156
3 2037 2038 2158
3 2037 2158 2157
3 2038 2039 2159
3 2038 2159 2158
3 2039 1920 2040
3 2039 2040 2159
3 2040 2041 2161
3 2040 2161 2160
3 2041 2042 2162
3 2041 2162 2161
3 2042 2043 2163
3 2042 2163 2162
3 2043 2044 2164
3 2043 2164 2163
3 2044 2045 2165
3 2044 2165 2164
3 2045 2046 2166
3 2045 2166 2165
3 2046 2047 2167
3 2046 2167 2166
3 2047 2048 2168
3 2047 2168 2167
3 2048 2049 2169
3 2048 2169 2168
3 2049 2050 2170
3 2049 2170 2169
3 2050 2051 2171
3 2050 2171 2170
3 2051 2052 2172
3 2051 2172 2171
3 2052 2053 2173
3 2052 2173 2172
3 2053 2054 2174
3 2053 2174 2173
3 2054 2055 2175
3 2054 2175 2174
3 2055 2056 2176
3 2055 2176 2175
3 2056 2057 2177
3 2056 2177 2176
3 2057 2058 2178
3 2057 2178 2177
3 2058 2059 2179
3 2058 2179 2178
3 2059 2060 2180
3 2059 2180 2179
3 2060 2061 2181
3 2060 2181 2180
3 2061 2062 2182
3 2061 2182 2181
3 2062 2063 2183
3 2062 2183 2182
3 2063 2064 2184
3 2063 2184 2183
3 2064 2065 2185
3 2064 2185 2184
3 2065 2066 2186
3 2065 2186 2185
3 2066 2067 2187
3 2066 2187 2186
3 2067 2068 2188
3 2067 2188 2187
3 2068 2069 2189
3 2068 2189 2188
3 2069 2070 2190
3 2069 2190 2189
3 2070 2071 2191
3 2070 2191 2190
3 2071 2072 2192
3 2071 2192 2191
3 2072 2073 2193
3 2072 2193 2192
3 2073 2074 2194
3 2073 2194 2193
3 2074 2075 2195
3 2074 2195 2194
3 2075 2076 2196
3 2075 2196 2195
3 2076 2077 2197
3 2076 2197 2196
3 2077 2078 2198
3 2077 2198 2197
3 2078 2079 2199
3 2078 2199 2198
3 2079 2080 2200
3 2079 2200 2199
3 2080 2081 2201
3 2080 2201 2200
3 2081 2082 2202
3 2081 2202 2201
3 2082 2083 2203
3 2082 2203 2202
3 2083 2084 2204
3 2083 2204 2203
3 2084 2085 2205
3 2084 2205 2204
3 2085 2086 2206
3 2085 2206 2205
3 2086 2087 2207
3 2086 2207 2206
3 2087 2088 2208
3 2087 2208 2207
3 2088 2089 2209
3 2088 2209 2208
3 2089 2090 2210
3 2089 2210 2209
3 2090 2091 2211
3 2090 2211 2210
3 2091 2092 2212
3 2091 2212 2211
3 2092 2093 2213
3 2092 2213 2212
3 2093 2094 2214
3 2093 2214 2213
3 2094 2095 2215
3 2094 2215 2214
3 2095 2096 2216
3 2095 2216 2215
3 2096 2097 2217
3 2096 2217 2216
3 2097 2098 2218
3 2097 2218 2217
3 2098 2099 2219
3 2098 2219 2218
3 2099 2100 2220
3 2099 2220 2219
3 2100 2101 2221
3 2100 2221 2220
3 2101 2102 2222
3 2101 2222 2221
3 2102 2103 2223
3 2102 2223 2222
3 2103 2104 2224
3 2103 2224 2223
3 2104 2105 2225
3 2104 2225 2224
3 2105 2106 2226
3 2105 2226 2225
3 2106 2107 2227
3 2106 2227 2226
3 2107 2108 2228
3 2107 2228 2227
3 2108 2109 2229
3 2108 2229 2228
3 2109 2110 2230
3 2109 2230 2229
3 2110 2111 2231
3 2110 2231 2230
3 2111 2112 2232
3 2111 2232 2231
3 2112 2113 2233
3 2112 2233 2232
3 2113 2114 2234
3 2113 2234 2233
3 2114 2115 2235
3 2114 2235 2234
3 2115 2116 2236
3 2115 2236 2235
3 2116 2117 2237
3 2116 2237 2236
3 2117 2118 2238
3 2117 2238 2237
3 2118 2119 2239
3 2118 2239 2238
3 2119 2120 2240
3 2119 2240 2239
3 2120 2121 2241
3 2120 2241 2240
3 2121 2122 2242
3 2121 2242 2241
3 2122 2123 2243
3 2122 2243 2242
3 2123 2124 2244
3 2123 2244 2243
3 2124 2125 2245
3 2124 2245 2244
3 2125 2126 2246
3 2125 2246 2245
3 2126 2127 2247
3 2126 2247 2246
3 2127 2128 2248
3 2127 2248 2247
3 2128 2129 2249
3 2128 2249 2248
3 2129 2130 2250
3 2129 2250 2249
3 2130 2131 2251
3 2130 2251 2250
3 2131 2132 2252
3 2131 2252 2251
3 2132 2133 2253
3 2132 2253 2252
3 2133 2134 2254
3 2133 2254 2253
3 2134 2135 2255
3 2134 2255 2254
3 2135 2136 2256
3 2135 2256 2255
3 2136 2137 2257
3 2136 2257 2256
3 2137 2138 2258
3 2137 2258 2257
3 2138 2139 2259
3 2138 2259 2258
3 2139 2140 2260
3 2139 2260 2259
3 2140 2141 2261
3 2140 2261 2260
3 2141 2142 2262
3 2141 2262 2261
3 2142 2143 2263
3 2142 2263 2262
3 2143 2144 2264
3 2143 2264 2263
3 2144 2145 2265
3 2144 2265 2264
3 2145 2146 2266
3 2145 2266 2265
3 2146 2147 2267
3 2146 2267 2266
3 2147 2148 2268
3 2147 2268 2267
3 2148 2149 2269
3 2148 2269 2268
3 2149 2150 2270
3 2149 2270 2269
3 2150 2151 2271
3 2150 2271 2270
3 2151 2152 2272
3 2151 2272 2271
3 2152 2153 2273
3 2152 2273 2272
3 2153 2154 2274
3 2153 2274 2273
3 2154 2155 2275
3 2154 2275 2274
3 2155 2156 2276
3 2155 2276 2275
3 2156 2157 2277
3 2156 2277 2276
3 2157 2158 2278
3 2157 2278 2277
3 2158 2159 2279
3 2158 2279 2278
3 2159 2040 2160
3 2159 2160 2279
3 2160 2161 2281
3 2160 2281 2280
3 2161 2162 2282
3 2161 2282 2281
3 2162 2163 2283
3 2162 2283 2282
3 2163 2164 2284
3 2163 2284 2283
3 2164 2165 2285
3 2164 2285 2284
3 2165 2166 2286
3 2165 2286 2285
3 2166 2167 2287
3 2166 2287 2286
3 2167 2168 2288
3 2167 2288 2287
3 2168 2169 2289
3 2168 2289 2288
3 2169 2170 2290
3 2169 2290 2289
3 2170 2171 2291
3 2170 2291 2290
3 2171 2172 2292
3 2171 2292 2291
3 2172 2173 2293
3 2172 2293 2292
3 2173 2174 2294
3 2173 2294 2293
3 2174 2175 2295
3 2174 2295 2294
3 2175 2176 2296
3 2175 2296 2295
3 2176 2177 2297
3 2176 2297 2296
3 2177 2178 2298
3 2177 2298 2297
3 2178 2179 2299
3 2178 2299 2298
3 2179 2180 2300
3 2179 2300 2299
3 2180 2181 2301
3 2180 2301 2300
3 2181 2182 2302
3 2181 2302 2301
3 2182 2183 2303
3 2182 2303 2302
3 2183 2184 2304
3 2183 2304 2303
3 2184 2185 2305
3 2184 2305 2304
3 2185 2186 2306
3 2185 2306 2305
3 2186 2187 2307
3 2186 2307 2306
3 2187 2188 2308
3 2187 2308 2307
3 2188 2189 2309
3 2188 2309 2308
3 2189 2190 2310
3 2189 2310 2309
3 2190 2191 2311
3 2190 2311 2310
3 2191 2192 2312
3 2191 2312 2311
3 2192 2193 2313
3 2192 2313 2312
3 2193 2194 2314
3 2193 2314 2313
3 2194 2195 2315
3 2194 2315 2314
3 2195 2196 2316
3 2195 2316 2315
3 2196 2197 2317
3 2196 2317 2316
3 2197 2198 2318
3 2197 2318 2317
3 2198 2199 2319
3 2198 2319 2318
3 2199 2200 2320
3 2199 2320 2319
3 2200 2201 2321
3 2200 2321 2320
3 2201 2202 2322
3 2201 2322 2321
3 2202 2203 2323
3 2202 2323 2322
3 2203 2204 2324
3 2203 2324 2323
3 2204 2205 2325
3 2204 2325 2324
3 2205 2206 2326
3 2205 2326 2325
3 2206 2207 2327
3 2206 2327 2326
3 2207 2208 2328
3 2207 2328 2327
3 2208 2209 2329
3 2208 2329 2328
3 2209 2210 2330
3 2209 2330 2329
3 2210 2211 2331
3 2210 2331 2330
3 2211 2212 2332
3 2211 2332 2331
3 2212 2213 2333
3 2212 2333 2332
3 2213 2214 2334
3 2213 2334 2333
3 2214 2215 2335
3 2214 2335 2334
3 2215 2216 2336
3 2215 2336 2335
3 2216 2217 2337
3 2216 2337 2336
3 2217 2218 2338
3 2217 2338 2337
3 2218 2219 2339
3 2218 2339 2338
3 2219 2220 2340
3 2219 2340 2339
3 2220 2221 2341
3 2220 2341 2340
3 2221 2222 2342
3 2221 2342 2341
3 2222 2223 2343
3 2222 2343 2342
3 2223 2224 2344
3 2223 2344 2343
3 2224 2225 2345
3 2224 2345 2344
3 2225 2226 2346
3 2225 2346 2345
3 2226 2227 2347
3 2226 2347 2346
3 2227 2228 2348
3 2227 2348 2347
3 2228 2229 2349
3 2228 2349 2348
3 2229 2230 2350
3 2229 2350 2349
3 2230 2231 2351
3 2230 2351 2350
3 2231 2232 2352
3 2231 2352 2351
3 2232 2233 2353
3 2232 2353 2352
3 2233 2234 2354
3 2233 2354 2353
3 2234 2235 2355
3 2234 2355 2354
3 2235 2236 2356
3 2235 2356 2355
3 2236 2237 2357
3 2236 2357 2356
3 2237 2238 2358
3 2237 2358 2357
3 2238 2239 2359
3 2238 2359 2358
3 2239 2240 2360
3 2239 2360 2359
3 2240 2241 2361
3 2240 2361 2360
3 2241 2242 2362
3 2241 2362 2361
3 2242 2243 2363
3 2242 2363 2362
3 2243 2244 2364
3 2243 2364 2363
3 2244 2245 2365
3 2244 2365 2364
3 2245 2246 2366
3 2245 2366 2365
3 2246 2247 2367
3 2246 2367 2366
3 2247 2248 2368
3 2247 2368 2367
3 2248 2249 2369
3 2248 2369 2368
3 2249 2250 2370
3 2249 2370 2369
3 2250 2251 2371
3 2250 2371 2370
3 2251 2252 2372
3 2251 2372 2371
3 2252 2253 2373
3 2252 2373 2372
3 2253 2254 2374
3 2253 2374 2373
3 2254 2255 2375
3 2254 2375 2374
3 2255 2256 2376
3 2255 2376 2375
3 2256 2257 2377
3 2256 2377 2376
3 2257 2258 2378
3 2257 2378 2377
3 2258 2259 2379
3 2258 2379 2378
3 2259 2260 2380
3 2259 2380 2379
3 2260 2261 2381
3 2260 2381 2380
3 2261 2262 2382
3 2261 2382 2381
3 2262 2263 2383
3 2262 2383 2382
3 2263 2264 2384
3 2263 2384 2383
3 2264 2265 2385
3 2264 2385 2384
3 2265 2266 2386
3 2265 2386 2385
3 2266 2267 2387
3 2266 2387 2386
3 2267 2268 2388
3 2267 2388 2387
3 2268 2269 2389
3 2268 2389 2388
3 2269 2270 2390
3 2269 2390 2389
3 2270 2271 2391
3 2270 2391 2390
3 2271 2272 2392
3 2271 2392 2391
3 2272 2273 2393
3 2272 2393 2392
3 2273 2274 2394
3 2273 2394 2393
3 2274 2275 2395
3 2274 2395 2394
3 2275 2276 2396
3 2275 2396 2395
3 2276 2277 2397
3 2276 2397 2396
3 2277 2278 2398
3 2277 2398 2397
3 2278 2279 2399
3 2278 2399 2398
3 2279 2160 2280
3 2279 2280 2399
3 2280 2281 2401
3 2280 2401 2400
3 2281 2282 2402
3 2281 2402 2401
3 2282 2283 2403
3 2282 2403 2402
3 2283 2284 2404
3 2283 2404 2403
3 2284 2285 2405
3 2284 2405 2404
3 2285 2286 2406
3 2285 2406 2405
3 2286 2287 2407
3 2286 2407 2406
3 2287 2288 2408
3 2287 2408 2407
3 2288 2289 2409
3 2288 2409 2408
3 2289 2290 2410
3 2289 2410 2409
3 2290 2291 2411
3 2290 2411 2410
3 2291 2292 2412
3 2291 2412 2411
3 2292 2293 2413
3 2292 2413 2412
3 2293 2294 2414
3 2293 2414 2413
3 2294 2295 2415
3 2294 2415 2414
3 2295 2296 2416
3 2295 2416 2415
3 2296 2297 2417
3 2296 2417 2416
3 2297 2298 2418
3 2297 2418 2417
3 2298 2299 2419
3 2298 2419 2418
3 2299 2300 2420
3 2299 2420 2419
3 2300 2301 2421
3 2300 2421 2420
3 2301 2302 2422
3 2301 2422 2421
3 2302 2303 2423
3 2302 2423 2422
3 2303 2304 2424
3 2303 2424 2423
3 2304 2305 2425
3 2304 2425 2424
3 2305 2306 2426
3 2305 2426 2425
3 2306 2307 2427
3 2306 2427 2426
3 2307 2308 2428
3 2307 2428 2427
3 2308 2309 2429
3 2308 2429 2428
3 2309 2310 2430
3 2309 2430 2429
3 2310 2311 2431
3 2310 2431 2430
3 2311 2312 2432
3 2311 2432 2431
3 2312 2313 2433
3 2312 2433 2432
3 2313 2314 2434
3 2313 2434 2433
3 2314 2315 2435
3 2314 2435 2434
3 2315 2316 2436
3 2315 2436 2435
3 2316 2317 2437
3 2316 2437 2436
3 2317 2318 2438
3 2317 2438 2437
3 2318 2319 2439
3 2318 2439 2438
3 2319 2320 2440
3 2319 2440 2439
3 2320 2321 2441
3 2320 2441 2440
3 2321 2322 2442
3 2321 2442 2441
3 2322 2323 2443
3 2322 2443 2442
3 2323 2324 2444
3 2323 2444 2443
3 2324 2325 2445
3 2324 2445 2444
3 2325 2326 2446
3 2325 2446 2445
3 2326 2327 2447
3 2326 2447 2446
3 2327 2328 2448
3 2327 2448 2447
3 2328 2329 2449
3 2328 2449 2448
3 2329 2330 2450
3 2329 2450 2449
3 2330 2331 2451
3 2330 2451 2450
3 2331 2332 2452
3 2331 2452 2451
3 2332 2333 2453
3 2332 2453 2452
3 2333 2334 2454
3 2333 2454 2453
3 2334 2335 2455
3 2334 2455 2454
3 2335 2336 2456
3 2335 2456 2455
3 2336 2337 2457
3 2336 2457 2456
3 2337 2338 2458
3 2337 2458 2457
3 2338 2339 2459
3 2338 2459 2458
3 2339 2340 2460
3 2339 2460 2459
3 2340 2341 2461
3 2340 2461 2460
3 2341 2342 2462
3 2341 2462 2461
3 2342 2343 2463
3 2342 2463 2462
3 2343 2344 2464
3 2343 2464 2463
3 2344 2345 2465
3 2344 2465 2464
3 2345 2346 2466
3 2345 2466 2465
3 2346 2347 2467
3 2346 2467 2466
3 2347 2348 2468
3 2347 2468 2467
3 2348 2349 2469
3 2348 2469 2468
3 2349 2350 2470
3 2349 2470 2469
3 2350 2351 2471
3 2350 2471 2470
3 2351 2352 2472
3 2351 2472 2471
3 2352 2353 2473
3 2352 2473 2472
3 2353 2354 2474
3 2353 2474 2473
3 2354 2355 2475
3 2354 2475 2474
3 2355 2356 2476
3 2355 2476 2475
3 2356 2357 2477
3 2356 2477 2476
3 2357 2358 2478
3 2357 2478 2477
3 2358 2359 2479
3 2358 2479 2478
3 2359 2360 2480
3 2359 2480 2479
3 2360 2361 2481
3 2360 2481 2480
3 2361 2362 2482
3 2361 2482 2481
3 2362 2363 2483
3 2362 2483 2482
3 2363 2364 2484
3 2363 2484 2483
3 2364 2365 2485
3 2364 2485 2484
3 2365 2366 2486
3 2365 2486 2485
3 2366 2367 2487
3 2366 2487 2486
3 2367 2368 2488
3 2367 2488 2487
3 2368 2369 2489
3 2368 2489 2488
3 2369 2370 2490
3 2369 2490 2489
3 2370 2371 2491
3 2370 2491 2490
3 2371 2372 2492
3 2371 2492 2491
3 2372 2373 2493
3 2372 2493 2492
3 2373 2374 2494
3 2373 2494 2493
3 2374 2375 2495
3 2374 2495 2494
3 2375 2376 2496
3 2375 2496 2495
3 2376 2377 2497
3 2376 2497 2496
3 2377 2378 2498
3 2377 2498 2497
3 2378 2379 2499
3 2378 2499 2498
3 2379 2380 2500
3 2379 2500 2499
3 2380 2381 2501
3 2380 2501 2500
3 2381 2382 2502
3 2381 2502 2501
3 2382 2383 2503
3 2382 2503 2502
3 2383 2384 2504
3 2383 2504 2503
3 2384 2385 2505
3 2384 2505 2504
3 2385 2386 2506
3 2385 2506 2505
3 2386 2387 2507
3 2386 2507 2506
3 2387 2388 2508
3 2387 2508 2507
3 2388 2389 2509
3 2388 2509 2508
3 2389 2390 2510
3 2389 2510 2509
3 2390 2391 2511
3 2390 2511 2510
3 2391 2392 2512
3 2391 2512 2511
3 2392 2393 2513
3 2392 2513 2512
3 2393 2394 2514
3 2393 2514 2513
3 2394 2395 2515
3 2394 2515 2514
3 2395 2396 2516
3 2395 2516 2515
3 2396 2397 2517
3 2396 2517 2516
3 2397 2398 2518
3 2397 2518 2517
3 2398 2399 2519
3 2398 2519 2518
3 2399 2280 2400
3 2399 2400 2519
3 2400 2401 2521
3 2400 2521 2520
3 2401 2402 2522
3 2401 2522 2521
3 2402 2403 2523
3 2402 2523 2522
3 2403 2404 2524
3 2403 2524 2523
3 2404 2405 2525
3 2404 2525 2524
3 2405 2406 2526
3 2405 2526 2525
3 2406 2407 2527
3 2406 2527 2526
3 2407 2408 2528
3 2407 2528 2527
3 2408 2409 2529
3 2408 2529 2528
3 2409 2410 2530
3 2409 2530 2529
3 2410 2411 2531
3 2410 2531 2530
3 2411 2412 2532
3 2411 2532 2531
3 2412 2413 2533
3 2412 2533 2532
3 2413 2414 2534
3 2413 2534 2533
3 2414 2415 2535
3 2414 2535 2534
3 2415 2416 2536
3 2415 2536 2535
3 2416 2417 2537
3 2416 2537 2536
3 2417 2418 2538
3 2417 2538 2537
3 2418 2419 2539
3 2418 2539 2538
3 2419 2420 2540
3 2419 2540 2539
3 2420 2421 2541
3 2420 2541 2540
3 2421 2422 2542
3 2421 2542 2541
3 2422 2423 2543
3 2422 2543 2542
3 2423 2424 2544
3 2423 2544 2543
3 2424 2425 2545
3 2424 2545 2544
3 2425 2426 2546
3 2425 2546 2545
3 2426 2427 2547
3 2426 2547 2546
3 2427 2428 2548
3 2427 2548 2547
3 2428 2429 2549
3 2428 2549 2548
3 2429 2430 2550
3 2429 2550 2549
3 2430 2431 2551
3 2430 2551 2550
3 2431 2432 2552
3 2431 2552 2551
3 2432 2433 2553
3 2432 2553 2552
3 2433 2434 2554
3 2433 2554 2553
3 2434 2435 2555
3 2434 2555 2554
3 2435 2436 2556
3 2435 2556 2555
3 2436 2437 2557
3 2436 2557 2556
3 2437 2438 2558
3 2437 2558 2557
3 2438 2439 2559
3 2438 2559 2558
3 2439 2440 2560
3 2439 2560 2559
3 2440 2441 2561
3 2440 2561 2560
3 2441 2442 2562
3 2441 2562 2561
3 2442 2443 2563
3 2442 2563 2562
3 2443 2444 2564
3 2443 2564 2563
3 2444 2445 2565
3 2444 2565 2564
3 2445 2446 2566
3 2445 2566 2565
3 2446 2447 2567
3 2446 2567 2566
3 2447 2448 2568
3 2447 2568 2567
3 2448 2449 2569
3 2448 2569 2568
3 2449 2450 2570
3 2449 2570 2569
3 2450 2451 2571
3 2450 2571 2570
3 2451 2452 2572
3 2451 2572 2571
3 2452 2453 2573
3 2452 2573 2572
3 2453 2454 2574
3 2453 2574 2573
3 2454 2455 2575
3 2454 2575 2574
3 2455 2456 2576
3 2455 2576 2575
3 2456 2457 2577
3 2456 2577 2576
3 2457 2458 2578
3 2457 2578 2577
3 2458 2459 2579
3 2458 2579 2578
3 2459 2460 2580
3 2459 2580 2579
3 2460 2461 2581
3 2460 2581 2580
3 2461 2462 2582
3 2461 2582 2581
3 2462 2463 2583
3 2462 2583 2582
3 2463 2464 2584
3 2463 2584 2583
3 2464 2465 2585
3 2464 2585 2584
3 2465 2466 2586
3 2465 2586 2585
3 2466 2467 2587
3 2466 2587 2586
3 2467 2468 2588
3 2467 2588 2587
3 2468 2469 2589
3 2468 2589 2588
3 2469 2470 2590
3 2469 2590 2589
3 2470 2471 2591
3 2470 2591 2590
3 2471 2472 2592
3 2471 2592 2591
3 2472 2473 2593
3 2472 2593 2592
3 2473 2474 2594
3 2473 2594 2593
3 2474 2475 2595
3 2474 2595 2594
3 2475 2476 2596
3 2475 2596 2595
3 2476 2477 2597
3 2476 2597 2596
3 2477 2478 2598
3 2477 2598 2597
3 2478 2479 2599
3 2478 2599 2598
3 2479 2480 2600
3 2479 2600 2599
3 2480 2481 2601
3 2480 2601 2600
3 2481 2482 2602
3 2481 2602 2601
3 2482 2483 2603
3 2482 2603 2602
3 2483 2484 2604
3 2483 2604 2603
3 2484 2485 2605
3 2484 2605 2604
3 2485 2486 2606
3 2485 2606 2605
3 2486 2487 2607
3 2486 2607 2606
3 2487 2488 2608
3 2487 2608 2607
3 2488 2489 2609
3 2488 2609 2608
3 2489 2490 2610
3 2489 2610 2609
3 2490 2491 2611
3 2490 2611 2610
3 2491 2492 2612
3 2491 2612 2611
3 2492 2493 2613
3 2492 2613 2612
3 2493 2494 2614
3 2493 2614 2613
3 2494 2495 2615
3 2494 2615 2614
3 2495 2496 2616
3 2495 2616 2615
3 2496 2497 2617
3 2496 2617 2616
3 2497 2498 2618
3 2497 2618 2617
3 2498 2499 2619
3 2498 2619 2618
3 2499 2500 2620
3 2499 2620 2619
3 2500 2501 2621
3 2500 2621 2620
3 2501 2502 2622
3 2501 2622 2621
3 2502 2503 2623
3 2502 2623 2622
3 2503 2504 2624
3 2503 2624 2623
3 2504 2505 2625
3 2504 2625 2624
3 2505 2506 2626
3 2505 2626 2625
3 2506 2507 2627
3 2506 2627 2626
3 2507 2508 2628
3 2507 2628 2627
3 2508 2509 2629
3 2508 2629 2628
3 2509 2510 2630
3 2509 2630 2629
3 2510 2511 2631
3 2510 2631 2630
3 2511 2512 2632
3 2511 2632 2631
3 2512 2513 2633
3 2512 2633 2632
3 2513 2514 2634
3 2513 2634 2633
3 2514 2515 2635
3 2514 2635 2634
3 2515 2516 2636
3 2515 2636 2635
3 2516 2517 2637
3 2516 2637 2636
3 2517 2518 2638
3 2517 2638 2637
3 2518 2519 2639
3 2518 2639 2638
3 2519 2400 2520
3 2519 2520 2639
3 2520 2521 2641
3 2520 2641 2640
3 2521 2522 2642
3 2521 2642 2641
3 2522 2523 2643
3 2522 2643 2642
3 2523 2524 2644
3 2523 2644 2643
3 2524 2525 2645
3 2524 2645 2644
3 2525 2526 2646
3 2525 2646 2645
3 2526 2527 2647
3 2526 2647 2646
3 2527 2528 2648
3 2527 2648 2647
3 2528 2529 2649
3 2528 2649 2648
3 2529 2530 2650
3 2529 2650 2649
3 2530 2531 2651
3 2530 2651 2650
3 2531 2532 2652
3 2531 2652 2651
3 2532 2533 2653
3 2532 2653 2652
3 2533 2534 2654
3 2533 2654 2653
3 2534 2535 2655
3 2534 2655 2654
3 2535 2536 2656
3 2535 2656 2655
3 2536 2537 2657
3 2536 2657 2656
3 2537 2538 2658
3 2537 2658 2657
3 2538 2539 2659
3 2538 2659 2658
3 2539 2540 2660
3 2539 2660 2659
3 2540 2541 2661
3 2540 2661 2660
3 2541 2542 2662
3 2541 2662 2661
3 2542 2543 2663
3 2542 2663 2662
3 2543 2544 2664
3 2543 2664 2663
3 2544 2545 2665
3 2544 2665 2664
3 2545 2546 2666
3 2545 2666 2665
3 2546 2547 2667
3 2546 2667 2666
3 2547 2548 2668
3 2547 2668 2667
3 2548 2549 2669
3 2548 2669 2668
3 2549 2550 2670
3 2549 2670 2669
3 2550 2551 2671
3 2550 2671 2670
3 2551 2552 2672
3 2551 2672 2671
3 2552 2553 2673
3 2552 2673 2672
3 2553 2554 2674
3 2553 2674 2673
3 2554 2555 2675
3 2554 2675 2674
3 2555 2556 2676
3 2555 2676 2675
3 2556 2557 2677
3 2556 2677 2676
3 2557 2558 2678
3 2557 2678 2677
3 2558 2559 2679
3 2558 2679 2678
3 2559 2560 2680
3 2559 2680 2679
3 2560 2561 2681
3 2560 2681 2680
3 2561 2562 2682
3 2561 2682 2681
3 2562 2563 2683
3 2562 2683 2682
3 2563 2564 2684
3 2563 2684 2683
3 2564 2565 2685
3 2564 2685 2684
3 2565 2566 2686
3 2565 2686 2685
3 2566 2567 2687
3 2566 2687 2686
3 2567 2568 2688
3 2567 2688 2687
3 2568 2569 2689
3 2568 2689 2688
3 2569 2570 2690
3 2569 2690 2689
3 2570 2571 2691
3 2570 2691 2690
3 2571 2572 2692
3 2571 2692 2691
3 2572 2573 2693
3 2572 2693 2692
3 2573 2574 2694
3 2573 2694 2693
3 2574 2575 2695
3 2574 2695 2694
3 2575 2576 2696
3 2575 2696 2695
3 2576 2577 2697
3 2576 2697 2696
3 2577 2578 2698
3 2577 2698 2697
3 2578 2579 2699
3 2578 2699 2698
3 2579 2580 2700
3 2579 2700 2699
3 2580 2581 2701
3 2580 2701 2700
3 2581 2582 2702
3 2581 2702 2701
3 2582 2583 2703
3 2582 2703 2702
3 2583 2584 2704
3 2583 2704 2703
3 2584 2585 2705
3 2584 2705 2704
3 2585 2586 2706
3 2585 2706 2705
3 2586 2587 2707
3 2586 2707 2706
3 2587 2588 2708
3 2587 2708 2707
3 2588 2589 2709
3 2588 2709 2708
3 2589 2590 2710
3 2589 2710 2709
3 2590 2591 2711
3 2590 2711 2710
3 2591 2592 2712
3 2591 2712 2711
3 2592 2593 2713
3 2592 2713 2712
3 2593 2594 2714
3 2593 2714 2713
3 2594 2595 2715
3 2594 2715 2714
3 2595 2596 2716
3 2595 2716 2715
3 2596 2597 2717
3 2596 2717 2716
3 2597 2598 2718
3 2597 2718 2717
3 2598 2599 2719
3 2598 2719 2718
3 2599 2600 2720
3 2599 2720 2719
3 2600 2601 2721
3 2600 2721 2720
3 2601 2602 2722
3 2601 2722 2721
3 2602 2603 2723
3 2602 2723 2722
3 2603 2604 2724
3 2603 2724 2723
3 2604 2605 2725
3 2604 2725 2724
3 2605 2606 2726
3 2605 2726 2725
3 2606 2607 2727
3 2606 2727 2726
3 2607 2608 2728
3 2607 2728 2727
3 2608 2609 2729
3 2608 2729 2728
3 2609 2610 2730
3 2609 2730 2729
3 2610 2611 2731
3 2610 2731 2730
3 2611 2612 2732
3 2611 2732 2731
3 2612 2613 2733
3 2612 2733 2732
3 2613 2614 2734
3 2613 2734 2733
3 2614 2615 2735
3 2614 2735 2734
3 2615 2616 2736
3 2615 2736 2735
3 2616 2617 2737
3 2616 2737 2736
3 2617 2618 2738
3 2617 2738 2737
3 2618 2619 2739
3 2618 2739 2738
3 2619 2620 2740
3 2619 2740 2739
3 2620 2621 2741
3 2620 2741 2740
3 2621 2622 2742
3 2621 2742 2741
3 2622 2623 2743
3 2622 2743 2742
3 2623 2624 2744
3 2623 2744 2743
3 2624 2625 2745
3 2624 2745 2744
3 2625 2626 2746
3 2625 2746 2745
3 2626 2627 2747
3 2626 2747 2746
3 2627 2628 2748
3 2627 2748 2747
3 2628 2629 2749
3 2628 2749 2748
3 2629 2630 2750
3 2629 2750 2749
3 2630 2631 2751
3 2630 2751 2750
3 2631 2632 2752
3 2631 2752 2751
3 2632 2633 2753
3 2632 2753 2752
3 2633 2634 2754
3 2633 2754 2753
3 2634 2635 2755
3 2634 2755 2754
3 2635 2636 2756
3 2635 2756 2755
3 2636 2637 2757
3 2636 2757 2756
3 2637 2638 2758
3 2637 2758 2757
3 2638 2639 2759
3 2638 2759 2758
3 2639 2520 2640
3 2639 2640 2759
3 2640 2641 2761
3 2640 2761 2760
3 2641 2642 2762
3 2641 2762 2761
3 2642 2643 2763
3 2642 2763 2762
3 2643 2644 2764
3 2643 2764 2763
3 2644 2645 2765
3 2644 2765 2764
3 2645 2646 2766
3 2645 2766 2765
3 2646 2647 2767
3 2646 2767 2766
3 2647 2648 2768
3 2647 2768 2767
3 2648 2649 2769
3 2648 2769 2768
3 2649 2650 2770
3 2649 2770 2769
3 2650 2651 2771
3 2650 2771 2770
3 2651 2652 2772
3 2651 2772 2771
3 2652 2653 2773
3 2652 2773 2772
3 2653 2654 2774
3 2653 2774 2773
3 2654 2655 2775
3 2654 2775 2774
3 2655 2656 2776
3 2655 2776 2775
3 2656 2657 2777
3 2656 2777 2776
3 2657 2658 2778
3 2657 2778 2777
3 2658 2659 2779
3 2658 2779 2778
3 2659 2660 2780
3 2659 2780 2779
3 2660 2661 2781
3 2660 2781 2780
3 2661 2662 2782
3 2661 2782 2781
3 2662 2663 2783
3 2662 2783 2782
3 2663 2664 2784
3 2663 2784 2783
3 2664 2665 2785
3 2664 2785 2784
3 2665 2666 2786
3 2665 2786 2785
3 2666 2667 2787
3 2666 2787 2786
3 2667 2668 2788
3 2667 2788 2787
3 2668 2669 2789
3 2668 2789 2788
3 2669 2670 2790
3 2669 2790 2789
3 2670 2671 2791
3 2670 2791 2790
3 2671 2672 2792
3 2671 2792 2791
3 2672 2673 2793
3 2672 2793 2792
3 2673 2674 2794
3 2673 2794 2793
3 2674 2675 2795
3 2674 2795 2794
3 2675 2676 2796
3 2675 2796 2795
3 2676 2677 2797
3 2676 2797 2796
3 2677 2678 2798
3 2677 2798 2797
3 2678 2679 2799
3 2678 2799 2798
3 2679 2680 2800
3 2679 2800 2799
3 2680 2681 2801
3 2680 2801 2800
3 2681 2682 2802
3 2681 2802 2801
3 2682 2683 2803
3 2682 2803 2802
3 2683 2684 2804
3 2683 2804 2803
3 2684 2685 2805
3 2684 2805 2804
3 2685 2686 2806
3 2685 2806 2805
3 2686 2687 2807
3 2686 2807 2806
3 2687 2688 2808
3 2687 2808 2807
3 2688 2689 2809
3 2688 2809 2808
3 2689 2690 2810
3 2689 2810 2809
3 2690 2691 2811
3 2690 2811 2810
3 2691 2692 2812
3 2691 2812 2811
3 2692 2693 2813
3 2692 2813 2812
3 2693 2694 2814
3 2693 2814 2813
3 2694 2695 2815
3 2694 2815 2814
3 2695 2696 2816
3 2695 2816 2815
3 2696 2697 2817
3 2696 2817 2816
3 2697 2698 2818
3 2697 2818 2817
3 2698 2699 2819
3 2698 2819 2818
3 2699 2700 2820
3 2699 2820 2819
3 2700 2701 2821
3 2700 2821 2820
3 2701 2702 2822
3 2701 2822 2821
3 2702 2703 2823
3 2702 2823 2822
3 2703 2704 2824
3 2703 2824 2823
3 2704 2705 2825
3 2704 2825 2824
3 2705 2706 2826
3 2705 2826 2825
3 2706 2707 2827
3 2706 2827 2826
3 2707 2708 2828
3 2707 2828 2827
3 2708 2709 2829
3 2708 2829 2828
3 2709 2710 2830
3 2709 2830 2829
3 2710 2711 2831
3 2710 2831 2830
3 2711 2712 2832
3 2711 2832 2831
3 2712 2713 2833
3 2712 2833 2832
3 2713 2714 2834
3 2713 2834 2833
3 2714 2715 2835
3 2714 2835 2834
3 2715 2716 2836
3 2715 2836 2835
3 2716 2717 2837
3 2716 2837 2836
3 2717 2718 2838
3 2717 2838 2837
3 2718 2719 2839
3 2718 2839 2838
3 2719 2720 2840
3 2719 2840 2839
3 2720 2721 2841
3 2720 2841 2840
3 2721 2722 2842
3 2721 2842 2841
3 2722 2723 2843
3 2722 2843 2842
3 2723 2724 2844
3 2723 2844 2843
3 2724 2725 2845
3 2724 2845 2844
3 2725 2726 2846
3 2725 2846 2845
3 2726 2727 2847
3 2726 2847 2846
3 2727 2728 2848
3 2727 2848 2847
3 2728 2729 2849
3 2728 2849 2848
3 2729 2730 2850
3 2729 2850 2849
3 2730 2731 2851
3 2730 2851 2850
3 2731 2732 2852
3 2731 2852 2851
3 2732 2733 2853
3 2732 2853 2852
3 2733 2734 2854
3 2733 2854 2853
3 2734 2735 2855
3 2734 2855 2854
3 2735 2736 2856
3 2735 2856 2855
3 2736 2737 2857
3 2736 2857 2856
3 2737 2738 2858
3 2737 2858 2857
3 2738 2739 2859
3 2738 2859 2858
3 2739 2740 2860
3 2739 2860 2859
3 2740 2741 2861
3 2740 2861 2860
3 2741 2742 2862
3 2741 2862 2861
3 2742 2743 2863
3 2742 2863 2862
3 2743 2744 2864
3 2743 2864 2863
3 2744 2745 2865
3 2744 2865 2864
3 2745 2746 2866
3 2745 2866 2865
3 2746 2747 2867
3 2746 2867 2866
3 2747 2748 2868
3 2747 2868 2867
3 2748 2749 2869
3 2748 2869 2868
3 2749 2750 2870
3 2749 2870 2869
3 2750 2751 2871
3 2750 2871 2870
3 2751 2752 2872
3 2751 2872 2871
3 2752 2753 2873
3 2752 2873 2872
3 2753 2754 2874
3 2753 2874 2873
3 2754 2755 2875
3 2754 2875 2874
3 2755 2756 2876
3 2755 2876 2875
3 2756 2757 2877
3 2756 2877 2876
3 2757 2758 2878
3 2757 2878 2877
3 2758 2759 2879
3 2758 2879 2878
3 2759 2640 2760
3 2759 2760 2879
