epoch,train_loss,train_pde,train_bc,train_current,train_Ip,val_loss,val_pde,val_bc,val_current,val_Ip,lr,epoch_seconds,elapsed_seconds
1,2.287833e+01,1.095359e+05,5.841369e-02,2.268122e+00,-1209204.265,3.878984e+00,1.635653e+04,2.146919e-03,4.443722e-01,1011503.670,1.000000e-05,9.50,9.50
2,2.571216e+00,1.180633e+04,3.266743e-03,2.715830e-01,1472976.527,2.097641e+00,9.289406e+03,3.114359e-03,2.275114e-01,1610562.477,1.500000e-05,8.62,18.12
3,1.920374e+00,9.279693e+03,4.277779e-03,1.899254e-01,1779188.655,1.666702e+00,7.518662e+03,5.367285e-03,1.722327e-01,1857762.211,2.000000e-05,8.93,27.06
4,1.605056e+00,7.480015e+03,7.795526e-03,1.558198e-01,1964835.914,1.472068e+00,7.849753e+03,9.457956e-03,1.185026e-01,2122225.527,2.500000e-05,8.43,35.50
5,1.445772e+00,6.707263e+03,1.142912e-02,1.321509e-01,2067167.111,1.257808e+00,5.039763e+03,1.312674e-02,1.245130e-01,2092437.523,3.000000e-05,8.37,43.87
6,1.265622e+00,5.880130e+03,1.397181e-02,1.075781e-01,2169483.375,1.092694e+00,5.152104e+03,1.503339e-02,8.542986e-02,2265925.664,3.500000e-05,8.36,52.23
7,1.076264e+00,4.904576e+03,1.560504e-02,8.595118e-02,2278329.175,8.947556e-01,2.652672e+03,1.644113e-02,9.301543e-02,2239400.074,4.000000e-05,8.29,60.52
8,9.804530e-01,4.891904e+03,1.588522e-02,6.648208e-02,2404364.860,7.588236e-01,3.547639e+03,1.587019e-02,4.907156e-02,2489563.539,4.500000e-05,8.96,69.48
9,1.126895e+00,7.018402e+03,1.463266e-02,5.574574e-02,2463918.509,6.267718e-01,2.221594e+03,1.407731e-02,5.276786e-02,2457259.125,5.000000e-05,8.47,77.95
10,9.558303e-01,5.840231e+03,1.332904e-02,4.770336e-02,2540520.380,5.460888e-01,3.041542e+03,1.116643e-02,2.605406e-02,2675984.328,5.500000e-05,8.72,86.67
11,8.574944e-01,5.487244e+03,1.152982e-02,3.869436e-02,2609723.591,1.465083e+00,1.166828e+04,1.095373e-02,3.774352e-02,2557660.148,6.000000e-05,8.23,94.91
12,8.511203e-01,5.514570e+03,9.570225e-03,4.079221e-02,2591364.278,4.689001e-01,2.279195e+03,8.770732e-03,3.065467e-02,2638152.211,6.500000e-05,8.27,103.18
13,7.468188e-01,4.909159e+03,8.566655e-03,3.404727e-02,2645844.501,4.179254e-01,1.943943e+03,8.218634e-03,2.826896e-02,2671188.656,7.000000e-05,8.32,111.50
14,6.150740e-01,3.818733e+03,7.416037e-03,3.180808e-02,2684641.338,4.517153e-01,2.470698e+03,7.439510e-03,2.605007e-02,2708529.172,7.500000e-05,7.94,119.44
15,5.799732e-01,3.696941e+03,6.395296e-03,2.926523e-02,2708444.031,3.527299e-01,1.412140e+03,6.257965e-03,2.978724e-02,2640479.234,8.000000e-05,8.39,127.84
16,9.733773e-01,7.582155e+03,5.733581e-03,3.156520e-02,2666964.362,5.630370e-01,3.570652e+03,4.618331e-03,3.195769e-02,2567376.086,8.500000e-05,8.49,136.33
17,4.832289e-01,2.898343e+03,4.971358e-03,2.873620e-02,2694002.633,5.959662e-01,4.574043e+03,7.204666e-03,1.330306e-02,2998861.273,9.000000e-05,8.42,144.75
18,5.142614e-01,3.405690e+03,4.583522e-03,2.557144e-02,2738320.387,3.590644e-01,2.359817e+03,4.705204e-03,1.520614e-02,2790364.266,9.500000e-05,9.04,153.79
19,5.741558e-01,4.052129e+03,4.370403e-03,2.504777e-02,2706518.212,4.839273e-01,3.691936e+03,3.806652e-03,1.533343e-02,2793307.055,1.000000e-04,8.35,162.15
20,3.836650e-01,2.469569e+03,3.821634e-03,1.969835e-02,2783738.059,3.281715e-01,2.202215e+03,3.403665e-03,1.478266e-02,2804104.156,1.050000e-04,8.52,170.66
21,4.381360e-01,2.975243e+03,3.368119e-03,2.138611e-02,2768106.244,4.693752e-01,3.583596e+03,2.928306e-03,1.634651e-02,2741606.242,1.100000e-04,9.04,179.70
22,3.409681e-01,2.306952e+03,3.092716e-03,1.586917e-02,2802379.027,2.476519e-01,1.546580e+03,3.262117e-03,1.207455e-02,2797451.492,1.150000e-04,8.80,188.50
23,3.824067e-01,2.741958e+03,2.916828e-03,1.580852e-02,2784747.336,2.722452e-01,1.780418e+03,3.119532e-03,1.260163e-02,3219720.953,1.200000e-04,8.48,196.98
24,3.018474e-01,2.132974e+03,2.743931e-03,1.222215e-02,2833937.906,2.477987e-01,1.840436e+03,2.224977e-03,8.301067e-03,2781829.922,1.250000e-04,8.65,205.63
25,3.387648e-01,2.442033e+03,2.687782e-03,1.353672e-02,2807932.277,1.810729e-01,1.283057e+03,2.200635e-03,6.152171e-03,2919921.508,1.300000e-04,8.49,214.12
26,2.716021e-01,1.983118e+03,2.571294e-03,9.515471e-03,2845739.939,2.266097e-01,1.384090e+03,2.314260e-03,1.301163e-02,2699967.547,1.350000e-04,8.53,222.66
27,2.592135e-01,1.943950e+03,2.255183e-03,8.453351e-03,2853702.451,3.014774e-01,2.331996e+03,3.427698e-03,6.800170e-03,2816483.195,1.400000e-04,8.55,231.24
28,2.821597e-01,2.123522e+03,2.566298e-03,8.828901e-03,2846425.506,4.303319e-01,2.755053e+03,4.338723e-03,2.228788e-02,2604530.195,1.450000e-04,8.47,239.73
29,2.817489e-01,2.130703e+03,2.337447e-03,9.060815e-03,2842565.439,5.795695e-01,5.111557e+03,3.799043e-03,6.084682e-03,3132501.211,1.500000e-04,8.43,248.16
30,2.496770e-01,1.878731e+03,2.028648e-03,8.303493e-03,2863520.535,2.262882e-01,1.782751e+03,2.191638e-03,5.219349e-03,2873242.859,1.550000e-04,8.36,256.52
31,2.533690e-01,1.876968e+03,2.175389e-03,8.783664e-03,2856686.031,3.455905e-01,2.910337e+03,1.777267e-03,7.356818e-03,2803802.531,1.600000e-04,8.36,264.88
32,2.552539e-01,1.910513e+03,2.106781e-03,8.626961e-03,2858050.271,1.687134e-01,1.176386e+03,1.761923e-03,6.691118e-03,2807403.672,1.650000e-04,8.08,272.96
33,2.041378e-01,1.501937e+03,2.005648e-03,6.777540e-03,2881911.314,2.128630e-01,1.477306e+03,1.777673e-03,9.471124e-03,2757312.852,1.700000e-04,8.53,281.50
34,2.012679e-01,1.494277e+03,2.004745e-03,6.358533e-03,2885658.193,1.509733e-01,1.191440e+03,2.120115e-03,2.125630e-03,3017701.242,1.750000e-04,8.83,290.33
35,2.179406e-01,1.627186e+03,2.018663e-03,7.007089e-03,2877348.889,4.563885e-01,2.301072e+03,5.606539e-03,3.404319e-02,2463484.180,1.800000e-04,8.57,298.90
36,2.392719e-01,1.734395e+03,2.385874e-03,8.394735e-03,2864407.600,2.317894e-01,1.878689e+03,2.204548e-03,4.375021e-03,3091592.664,1.850000e-04,8.45,307.36
37,1.911629e-01,1.427232e+03,2.087642e-03,5.512654e-03,2892952.537,2.252998e-01,1.357783e+03,2.764629e-03,1.237505e-02,2699582.258,1.900000e-04,8.43,315.79
38,1.907955e-01,1.387637e+03,2.099181e-03,6.208016e-03,2892111.322,2.593208e-01,1.915604e+03,4.141633e-03,5.268820e-03,2839371.305,1.950000e-04,8.53,324.32
39,2.213832e-01,1.681998e+03,2.120127e-03,6.396437e-03,2879299.439,3.228891e-01,2.363106e+03,3.528899e-03,1.025791e-02,2716825.070,2.000000e-04,8.56,332.88
40,1.959455e-01,1.487789e+03,1.817012e-03,5.799281e-03,2886892.697,1.545884e-01,1.206770e+03,1.512305e-03,3.757661e-03,2863295.867,2.050000e-04,8.84,341.72
41,1.864990e-01,1.349536e+03,2.270355e-03,5.768368e-03,2894371.836,2.003619e-01,1.750336e+03,1.701027e-03,1.663603e-03,3035036.242,2.100000e-04,8.56,350.29
42,1.754113e-01,1.287093e+03,1.865711e-03,5.608982e-03,2897942.012,1.446847e-01,1.173887e+03,1.809232e-03,1.840738e-03,2977540.008,2.150000e-04,9.36,359.66
43,1.773751e-01,1.239438e+03,2.236097e-03,6.214081e-03,2896816.994,1.730134e-01,1.345536e+03,2.264614e-03,3.162721e-03,2969587.914,2.200000e-04,9.09,368.76
44,1.644147e-01,1.133418e+03,2.098031e-03,6.018508e-03,2905437.670,2.101340e-01,1.449065e+03,1.587827e-03,9.869838e-03,2734848.391,2.250000e-04,8.50,377.26
45,1.468198e-01,1.070849e+03,1.895354e-03,4.156276e-03,2912513.143,1.617201e-01,1.027622e+03,2.603653e-03,6.584274e-03,2786623.352,2.300000e-04,8.58,385.84
46,2.114984e-01,1.533205e+03,3.067911e-03,5.499765e-03,2885488.396,1.206818e-01,9.571008e+02,1.652655e-03,1.689032e-03,3062071.914,2.350000e-04,8.79,394.63
47,1.357365e-01,9.644925e+02,1.890280e-03,4.076898e-03,2917307.162,1.050450e-01,7.723988e+02,1.649975e-03,2.261079e-03,2970093.938,2.400000e-04,8.53,403.16
48,1.459197e-01,1.033266e+03,2.134641e-03,4.249325e-03,2917342.781,1.210154e-01,7.461436e+02,1.568139e-03,6.143923e-03,2801680.508,2.450000e-04,8.85,412.01
49,1.529868e-01,1.090676e+03,2.077830e-03,4.628174e-03,2913826.475,3.448039e-01,1.844209e+03,8.638564e-03,1.479948e-02,2708776.555,2.500000e-04,8.58,420.60
50,1.492164e-01,1.015208e+03,2.198452e-03,5.142227e-03,2911240.588,1.123256e-01,8.873949e+02,1.609032e-03,1.499149e-03,2981359.789,2.550000e-04,9.22,429.81
51,1.378423e-01,9.305868e+02,2.616779e-03,3.723167e-03,2918940.793,1.015916e-01,7.015996e+02,1.718913e-03,2.848506e-03,3076801.656,2.600000e-04,9.39,439.21
52,1.211066e-01,7.957041e+02,2.249898e-03,3.807452e-03,2929899.443,9.528600e-02,7.166381e+02,1.564482e-03,1.595473e-03,2950833.406,2.650000e-04,8.79,448.01
53,1.181641e-01,7.663983e+02,2.203186e-03,3.898478e-03,2932026.850,1.012334e-01,8.127100e+02,1.421360e-03,1.149769e-03,2955641.812,2.700000e-04,8.27,456.28
54,1.042438e-01,6.148117e+02,2.304425e-03,3.943672e-03,2937303.453,1.384483e-01,8.171145e+02,4.690457e-03,1.966451e-03,2939853.789,2.750000e-04,8.30,464.58
55,1.072438e-01,6.666510e+02,2.241171e-03,3.633394e-03,2938708.422,9.539585e-02,5.572885e+02,1.863117e-03,4.207166e-03,3171826.969,2.800000e-04,8.31,472.91
56,1.152964e-01,7.095798e+02,2.490046e-03,3.887598e-03,2933546.086,8.462930e-02,6.019873e+02,1.353542e-03,2.179029e-03,2965450.734,2.850000e-04,8.50,481.41
57,9.227202e-02,5.563434e+02,2.156000e-03,3.015534e-03,2943006.287,7.062149e-02,4.748062e+02,1.934938e-03,7.582974e-04,2986030.703,2.900000e-04,9.38,490.79
58,9.498078e-02,5.436568e+02,2.245262e-03,3.632496e-03,2944493.973,6.577967e-02,3.348323e+02,1.981753e-03,2.495783e-03,3100482.367,2.950000e-04,7.93,498.74
59,8.800278e-02,4.956386e+02,2.170410e-03,3.346964e-03,2948967.385,7.760480e-02,4.693459e+02,2.120450e-03,1.893143e-03,2915161.383,3.000000e-04,8.29,507.03
60,7.774876e-02,3.964593e+02,2.316070e-03,2.988426e-03,2952149.227,1.046378e-01,6.426209e+02,1.702686e-03,4.669768e-03,3077927.258,3.050000e-04,8.37,515.40
61,7.767961e-02,4.249417e+02,2.051200e-03,2.934690e-03,2955942.846,5.364438e-02,3.498602e+02,9.669405e-04,1.797790e-03,2903548.320,3.100000e-04,8.92,524.32
62,8.268082e-02,4.571867e+02,2.364307e-03,2.663815e-03,2951015.434,6.853355e-02,3.238891e+02,3.031622e-03,1.165684e-03,2942368.414,3.150000e-04,8.72,533.04
63,7.755473e-02,3.764820e+02,2.601803e-03,2.777702e-03,2956909.648,6.250150e-02,2.649154e+02,1.428809e-03,4.344373e-03,2822197.188,3.200000e-04,8.50,541.54
64,6.744906e-02,3.136385e+02,2.227346e-03,2.762350e-03,2960152.766,4.361984e-02,2.613060e+02,1.242939e-03,1.011971e-03,2943349.594,3.250000e-04,8.62,550.16
65,7.133275e-02,3.492513e+02,2.237720e-03,2.806083e-03,2957396.270,6.445765e-02,2.063663e+02,2.330594e-03,4.103018e-03,2816688.492,3.300000e-04,8.78,558.97
66,6.676022e-02,3.500488e+02,2.078164e-03,2.194740e-03,2960254.068,6.381984e-02,3.726116e+02,1.835666e-03,1.640403e-03,2901867.812,3.350000e-04,8.58,567.54
67,6.828831e-02,3.648328e+02,2.095451e-03,2.170105e-03,2956846.121,4.249434e-02,2.307882e+02,1.373544e-03,1.136017e-03,2924374.203,3.400000e-04,8.26,575.81
68,5.731813e-02,2.654013e+02,2.007533e-03,2.140534e-03,2967789.219,4.487951e-02,2.452564e+02,1.565566e-03,9.396408e-04,2930192.758,3.450000e-04,8.68,584.49
69,5.953585e-02,2.447861e+02,2.264626e-03,2.482196e-03,2965653.602,5.836081e-02,2.266577e+02,2.528460e-03,2.082087e-03,3123133.133,3.500000e-04,8.40,592.89
70,5.092571e-02,2.381924e+02,1.866493e-03,1.688309e-03,2970535.109,3.429975e-02,1.838488e+02,1.400288e-03,3.823978e-04,2985987.023,3.550000e-04,8.73,601.62
71,5.324199e-02,2.048571e+02,2.274329e-03,2.002598e-03,2968879.096,4.910225e-02,2.180379e+02,1.929168e-03,1.601355e-03,2906021.953,3.600000e-04,8.38,610.00
72,5.888301e-02,2.217844e+02,2.510533e-03,2.319847e-03,2966896.908,6.263785e-02,3.102327e+02,1.415178e-03,3.492559e-03,3115967.070,3.650000e-04,8.84,618.85
73,6.170881e-02,2.029845e+02,2.897346e-03,2.487381e-03,2968906.227,4.990752e-02,1.848410e+02,1.989270e-03,2.306145e-03,2909144.141,3.700000e-04,8.47,627.34
74,5.765086e-02,2.409861e+02,2.206604e-03,2.297242e-03,2964582.812,7.043145e-02,1.847094e+02,1.474535e-03,7.443033e-03,2747848.906,3.750000e-04,8.54,635.88
75,4.988526e-02,1.870679e+02,2.089884e-03,2.055925e-03,2970919.717,3.380632e-02,1.813326e+02,1.368247e-03,3.981201e-04,3008444.352,3.800000e-04,8.59,644.47
76,5.386450e-02,2.121028e+02,2.295629e-03,1.939587e-03,2968956.846,4.682920e-02,1.630609e+02,1.304742e-03,3.495137e-03,2859338.039,3.850000e-04,8.50,652.97
77,5.575547e-02,1.824152e+02,2.510616e-03,2.481558e-03,2968719.145,2.669363e-02,1.338004e+02,9.503617e-04,7.619949e-04,2941266.078,3.900000e-04,8.20,661.18
78,5.136010e-02,1.778722e+02,2.204935e-03,2.304706e-03,2971292.477,4.338467e-02,1.075957e+02,2.167456e-03,2.190108e-03,2899135.719,3.950000e-04,8.22,669.41
79,4.804682e-02,1.745897e+02,2.102841e-03,1.911886e-03,2973304.342,8.427110e-02,1.580771e+02,3.578538e-03,6.535604e-03,2771076.984,4.000000e-04,8.49,677.90
80,4.434702e-02,1.374048e+02,2.050193e-03,2.020921e-03,2973671.670,2.606312e-02,1.096373e+02,9.648135e-04,1.090252e-03,2929226.867,4.050000e-04,8.49,686.39
81,5.003710e-02,1.769771e+02,2.085744e-03,2.296391e-03,2970550.061,3.745863e-02,1.760432e+02,1.149891e-03,1.671080e-03,2897536.117,4.100000e-04,8.30,694.70
82,5.100314e-02,1.496413e+02,2.278586e-03,2.650630e-03,2971307.908,5.842604e-02,1.864977e+02,3.244299e-03,1.466656e-03,3046686.031,4.150000e-04,7.99,702.69
83,4.919644e-02,1.601173e+02,2.410263e-03,1.816417e-03,2974144.908,2.432007e-02,1.076581e+02,1.129883e-03,4.510850e-04,3007216.695,4.200000e-04,8.31,710.99
84,5.249423e-02,1.776600e+02,2.256293e-03,2.433061e-03,2971940.004,1.995257e-02,9.285344e+01,8.142459e-04,5.049532e-04,2966113.055,4.250000e-04,8.60,719.60
85,5.582042e-02,1.458505e+02,2.693174e-03,2.860726e-03,2969031.357,9.222905e-02,2.931676e+02,2.700063e-03,7.182333e-03,3237220.289,4.300000e-04,8.35,727.95
86,4.294366e-02,1.421172e+02,1.992363e-03,1.761664e-03,2976743.115,2.975682e-02,1.238765e+02,8.372646e-04,1.799305e-03,2916553.688,4.350000e-04,8.49,736.45
87,4.118690e-02,1.405503e+02,1.972280e-03,1.481816e-03,2976388.346,3.456495e-02,9.704945e+01,1.893117e-03,1.185766e-03,2950404.766,4.400000e-04,8.47,744.92
88,3.902265e-02,1.069720e+02,1.841454e-03,1.982180e-03,2978819.410,1.802085e-02,7.658892e+01,8.105128e-04,4.513658e-04,2997761.438,4.450000e-04,8.63,753.59
89,4.306001e-02,1.048882e+02,1.985527e-03,2.543184e-03,2977615.043,4.530433e-02,8.932581e+01,1.786698e-03,3.700954e-03,2831704.734,4.500000e-04,8.66,762.25
90,4.099947e-02,1.224967e+02,1.924184e-03,1.901592e-03,2976081.852,3.957545e-02,1.028834e+02,2.319678e-03,1.218066e-03,3074176.812,4.550000e-04,8.43,770.68
91,4.397898e-02,1.236793e+02,2.130439e-03,2.061332e-03,2975643.121,4.851740e-02,8.453840e+01,8.687566e-04,6.275199e-03,2795156.375,4.600000e-04,8.39,779.07
92,4.081014e-02,1.176910e+02,1.924710e-03,1.958790e-03,2979405.254,8.104572e-02,8.584056e+01,3.596658e-03,7.299017e-03,2781986.445,4.650000e-04,8.76,787.83
93,3.816358e-02,1.031870e+02,1.890625e-03,1.787727e-03,2977054.842,2.421271e-02,9.135812e+01,9.570230e-04,1.101333e-03,2924920.234,4.700000e-04,8.65,796.48
94,4.295514e-02,8.766190e+01,2.218256e-03,2.401278e-03,2978217.951,3.658663e-02,1.324887e+02,1.130445e-03,2.406661e-03,2863461.742,4.750000e-04,8.47,804.95
95,3.877372e-02,1.041765e+02,1.849562e-03,1.972091e-03,2979531.584,6.791487e-02,1.014720e+02,1.872255e-03,7.809024e-03,2741561.578,4.800000e-04,8.73,813.68
96,4.075337e-02,9.280401e+01,2.124212e-03,2.046170e-03,2976226.404,2.860422e-02,9.379314e+01,1.600132e-03,6.447176e-04,2946410.914,4.850000e-04,8.48,822.16
97,3.682922e-02,9.150490e+01,1.865796e-03,1.804155e-03,2979882.453,3.827931e-02,9.079252e+01,2.724396e-03,3.912211e-04,3038075.000,4.900000e-04,8.39,830.55
98,4.108768e-02,9.002551e+01,2.148108e-03,2.120811e-03,2978208.512,2.916292e-02,1.168547e+02,1.291494e-03,9.125020e-04,2991474.148,4.950000e-04,8.31,838.86
99,3.472847e-02,9.200187e+01,1.739580e-03,1.626496e-03,2980739.604,3.384257e-02,1.302502e+02,1.025812e-03,2.111887e-03,3025915.930,5.000000e-04,8.56,847.42
100,3.851251e-02,9.600466e+01,1.982812e-03,1.816785e-03,2980315.289,7.251167e-02,1.080084e+02,4.669637e-03,3.002892e-03,2873823.828,5.000000e-04,8.32,855.75
101,3.638649e-02,9.056072e+01,1.751149e-03,1.963784e-03,2979486.887,2.373225e-02,6.273731e+01,7.591916e-04,1.973321e-03,2877251.781,5.000000e-04,8.28,864.03
102,3.479918e-02,8.016042e+01,1.877406e-03,1.601815e-03,2981307.098,2.731259e-02,7.574226e+01,1.696404e-03,5.548652e-04,2989770.258,5.000000e-04,8.82,872.86
103,3.692631e-02,9.168035e+01,1.697583e-03,2.156489e-03,2981715.676,3.315554e-02,7.001296e+01,1.058086e-03,3.114676e-03,2845634.914,5.000000e-04,8.58,881.43
104,3.817456e-02,8.469575e+01,1.950894e-03,2.039210e-03,2979195.461,4.581126e-02,8.146554e+01,3.236344e-03,1.060253e-03,3070852.742,5.000000e-04,8.57,890.00
105,3.601692e-02,9.150644e+01,1.986527e-03,1.400201e-03,2980135.277,2.308194e-02,7.406297e+01,7.203864e-04,1.694356e-03,2889687.609,5.000000e-04,8.48,898.49
106,3.403413e-02,8.197726e+01,1.584223e-03,1.998835e-03,2980457.121,3.862257e-02,8.139815e+01,1.336179e-03,3.424194e-03,2831105.766,5.000000e-04,8.56,907.06
107,3.102873e-02,9.393051e+01,1.347759e-03,1.631617e-03,2983244.625,6.080388e-02,8.708464e+01,1.439729e-03,7.539625e-03,2760314.023,5.000000e-04,8.48,915.54
108,3.390341e-02,7.747876e+01,1.697225e-03,1.836656e-03,2981690.688,3.462408e-02,7.119049e+01,2.233534e-03,1.033940e-03,2951366.867,5.000000e-04,8.62,924.15
109,3.289990e-02,7.831299e+01,1.872261e-03,1.269198e-03,2981081.924,3.585845e-02,7.822132e+01,2.154765e-03,1.297734e-03,2910865.562,5.000000e-04,8.48,932.63
110,2.978652e-02,8.314070e+01,1.502046e-03,1.290397e-03,2983276.008,3.539975e-02,7.963459e+01,2.204803e-03,1.077651e-03,3075629.039,5.000000e-04,8.27,940.90
111,2.996912e-02,7.252632e+01,1.627376e-03,1.288544e-03,2984296.363,2.974377e-02,7.035612e+01,1.922755e-03,6.961224e-04,3022054.938,5.000000e-04,8.73,949.63
112,2.887976e-02,7.314386e+01,1.447695e-03,1.417685e-03,2983740.000,1.485871e-02,6.583560e+01,6.056423e-04,4.437456e-04,3041748.430,5.000000e-04,8.68,958.31
113,2.701754e-02,7.030539e+01,1.314755e-03,1.367890e-03,2984889.398,5.195075e-02,1.320050e+02,3.347555e-03,1.054941e-03,2978124.602,5.000000e-04,8.84,967.15
114,2.802804e-02,6.938885e+01,1.348914e-03,1.520003e-03,2984887.557,2.270673e-02,6.593757e+01,9.373744e-04,1.347845e-03,3041854.000,5.000000e-04,8.63,975.79
115,3.146123e-02,7.281027e+01,1.615898e-03,1.604245e-03,2983270.199,1.807559e-02,7.426064e+01,6.869502e-04,7.560047e-04,2928812.812,5.000000e-04,8.31,984.10
116,2.842002e-02,7.048872e+01,1.342007e-03,1.590215e-03,2984410.754,3.109639e-02,6.672784e+01,1.182605e-03,2.519511e-03,2879813.977,5.000000e-04,8.36,992.46
117,2.805728e-02,6.915021e+01,1.463380e-03,1.301692e-03,2984278.424,3.914075e-02,9.887680e+01,2.562823e-03,7.249685e-04,3031551.062,5.000000e-04,8.38,1000.85
118,2.749347e-02,7.449633e+01,1.348571e-03,1.311626e-03,2984829.615,3.746774e-02,6.737157e+01,2.673061e-03,7.999946e-04,3044871.586,5.000000e-04,8.46,1009.31
119,2.692788e-02,6.622335e+01,1.366515e-03,1.328079e-03,2984329.076,1.987669e-02,8.281934e+01,9.782800e-04,3.623910e-04,2972524.930,5.000000e-04,8.39,1017.70
120,2.264191e-02,6.611820e+01,1.010815e-03,1.184389e-03,2988230.389,1.429768e-02,6.190392e+01,5.321647e-04,5.571282e-04,2959341.867,5.000000e-04,8.43,1026.14
121,2.696952e-02,6.757259e+01,1.270766e-03,1.500920e-03,2984693.605,2.903507e-02,6.483892e+01,1.445906e-03,1.618425e-03,3086206.992,5.000000e-04,8.23,1034.39
122,2.759898e-02,6.734252e+01,1.179516e-03,1.813913e-03,2984927.656,2.256987e-02,6.021677e+01,1.360062e-03,5.895157e-04,3021188.984,5.000000e-04,8.45,1042.83
123,2.368494e-02,6.255806e+01,1.295174e-03,8.954783e-04,2987929.861,5.583744e-02,6.451347e+01,2.179228e-03,5.518762e-03,2798534.203,5.000000e-04,8.34,1051.17
124,2.586208e-02,6.563019e+01,1.176636e-03,1.506539e-03,2984959.359,3.670666e-02,8.393330e+01,1.408276e-03,2.846113e-03,3126256.609,5.000000e-04,8.33,1059.50
125,2.582387e-02,6.837084e+01,1.221239e-03,1.354879e-03,2985771.527,1.869764e-02,5.646705e+01,1.113229e-03,3.837300e-04,2996967.570,5.000000e-04,8.68,1068.19
126,2.571142e-02,6.835774e+01,1.326315e-03,1.122499e-03,2986207.080,2.655446e-02,5.767448e+01,1.836158e-03,4.850863e-04,3002522.805,5.000000e-04,8.51,1076.70
127,2.336035e-02,6.175188e+01,1.030803e-03,1.375427e-03,2987162.904,1.261927e-02,6.167328e+01,4.115122e-04,4.673646e-04,3049533.875,5.000000e-04,8.80,1085.51
128,2.347570e-02,6.172469e+01,1.086867e-03,1.286912e-03,2987200.117,1.270446e-02,5.639855e+01,2.849911e-04,8.429395e-04,2989651.109,5.000000e-04,8.71,1094.22
129,2.246237e-02,6.259542e+01,9.811434e-04,1.278278e-03,2987731.605,1.514917e-02,6.662698e+01,4.783977e-04,7.404983e-04,2936524.086,5.000000e-04,8.47,1102.69
130,2.215433e-02,6.072673e+01,1.020589e-03,1.175153e-03,2986763.904,1.843907e-02,5.943024e+01,9.788370e-04,5.415358e-04,3028063.648,5.000000e-04,8.40,1111.10
131,2.049090e-02,6.018774e+01,8.684553e-04,1.157514e-03,2988906.908,2.328728e-02,6.514517e+01,1.162174e-03,1.030204e-03,2940538.469,5.000000e-04,8.59,1119.69
132,2.113986e-02,5.922839e+01,9.640305e-04,1.115342e-03,2987755.609,1.563027e-02,6.112722e+01,6.906300e-04,5.222488e-04,2988839.867,5.000000e-04,8.71,1128.40
133,2.508831e-02,6.290727e+01,1.287617e-03,1.184282e-03,2986129.137,1.956861e-02,6.020743e+01,5.390261e-04,1.631522e-03,3108772.594,5.000000e-04,8.67,1137.08
134,2.018428e-02,5.856552e+01,8.805679e-04,1.104410e-03,2990141.510,6.617459e-02,5.775457e+01,2.796744e-03,6.486340e-03,2778297.367,5.000000e-04,8.58,1145.66
135,2.401813e-02,6.129186e+01,1.097793e-03,1.382203e-03,2986501.193,1.477436e-02,5.564774e+01,7.569745e-04,3.279677e-04,3004548.344,5.000000e-04,8.84,1154.50
136,1.990459e-02,5.767602e+01,9.342331e-04,9.589308e-04,2989407.818,2.095778e-02,5.548330e+01,1.147705e-03,7.864803e-04,2946379.625,5.000000e-04,8.81,1163.32
137,1.790515e-02,6.006451e+01,8.309589e-04,7.178214e-04,2990707.674,1.343788e-02,6.307834e+01,4.693848e-04,4.872395e-04,3007486.617,5.000000e-04,9.04,1172.36
138,2.245056e-02,6.145155e+01,1.024650e-03,1.211782e-03,2986498.393,2.002483e-02,5.034206e+01,1.186023e-03,6.260801e-04,2939374.461,5.000000e-04,8.65,1181.02
139,1.991830e-02,5.922863e+01,8.895059e-04,1.020077e-03,2989735.936,2.956071e-02,6.595682e+01,1.330914e-03,1.931177e-03,2953489.406,5.000000e-04,8.75,1189.77
140,1.998017e-02,5.693447e+01,9.155141e-04,1.026316e-03,2987452.932,2.132781e-02,5.513928e+01,5.609493e-04,2.040879e-03,3113127.250,5.000000e-04,8.52,1198.29
141,2.024941e-02,5.548132e+01,9.061336e-04,1.127988e-03,2991306.326,1.647217e-02,5.345904e+01,4.188118e-04,1.387630e-03,2896617.867,5.000000e-04,9.13,1207.42
142,1.789322e-02,5.814537e+01,6.769860e-04,1.061765e-03,2989221.445,1.399844e-02,5.083639e+01,3.369625e-04,1.109035e-03,3047821.758,5.000000e-04,8.21,1215.63
143,2.185575e-02,5.658445e+01,9.412963e-04,1.356868e-03,2988348.758,1.266999e-02,5.129475e+01,5.155592e-04,4.769845e-04,2962604.719,5.000000e-04,8.29,1223.93
144,1.851946e-02,5.658736e+01,8.490094e-04,8.741268e-04,2988940.922,2.383832e-02,5.663282e+01,1.059587e-03,1.515833e-03,3082817.531,5.000000e-04,8.45,1232.37
145,1.742556e-02,5.482824e+01,7.058659e-04,9.768150e-04,2990821.785,2.833517e-02,5.507010e+01,1.593793e-03,1.378047e-03,2946062.797,5.000000e-04,8.55,1240.93
146,1.805829e-02,5.956579e+01,7.861238e-04,8.480948e-04,2990877.787,2.096617e-02,4.799278e+01,7.133545e-04,1.806670e-03,2893378.055,5.000000e-04,8.83,1249.76
147,2.051192e-02,5.477572e+01,9.651089e-04,1.076652e-03,2988330.344,2.272981e-02,4.875416e+01,5.166809e-04,2.537518e-03,2910553.688,5.000000e-04,8.47,1258.23
148,1.906601e-02,5.693756e+01,8.196651e-04,1.035120e-03,2988699.621,1.102552e-02,5.314731e+01,3.144092e-04,5.133401e-04,3027126.906,5.000000e-04,8.40,1266.63
149,1.846248e-02,5.727184e+01,8.495527e-04,8.479537e-04,2989358.854,3.334361e-02,5.237819e+01,1.969259e-03,1.682640e-03,2891386.320,5.000000e-04,8.20,1274.84
150,1.846422e-02,5.534071e+01,8.321700e-04,9.216895e-04,2988929.934,1.872692e-02,5.860952e+01,9.359321e-04,7.013295e-04,3061920.305,5.000000e-04,8.25,1283.09
151,1.976740e-02,5.615466e+01,8.841912e-04,1.062005e-03,2989065.234,3.761114e-02,6.007502e+01,9.627172e-04,4.395293e-03,3157194.477,5.000000e-04,9.05,1292.15
152,1.939889e-02,5.439870e+01,9.179808e-04,9.558423e-04,2990395.721,3.794687e-02,5.618384e+01,2.743819e-03,9.780594e-04,3048611.953,5.000000e-04,7.69,1299.84
153,1.843422e-02,5.692432e+01,7.866255e-04,9.751060e-04,2989932.482,1.044038e-02,5.460311e+01,3.155867e-04,3.648414e-04,3032584.852,5.000000e-04,8.11,1307.94
154,1.888058e-02,5.706451e+01,8.676188e-04,8.995875e-04,2990122.820,1.486091e-02,5.890323e+01,5.036278e-04,7.868610e-04,2929032.867,5.000000e-04,8.24,1316.19
155,1.903435e-02,5.437099e+01,8.357688e-04,1.047913e-03,2989461.010,1.008560e-02,4.947940e+01,3.074070e-04,4.127181e-04,2961081.508,5.000000e-04,8.19,1324.38
156,1.659816e-02,5.407142e+01,7.662388e-04,7.057268e-04,2991994.539,3.294356e-02,4.632977e+01,1.190265e-03,3.281587e-03,2860561.344,5.000000e-04,8.68,1333.07
157,1.657271e-02,5.270013e+01,7.542535e-04,7.520320e-04,2989928.848,1.543565e-02,5.580920e+01,6.621498e-04,6.466472e-04,3048914.773,5.000000e-04,7.09,1340.17
158,1.678350e-02,5.445040e+01,7.271927e-04,8.133075e-04,2990137.510,9.207991e-03,5.121098e+01,1.970186e-04,4.233414e-04,2981406.477,5.000000e-04,8.14,1348.32
159,2.008904e-02,5.577907e+01,9.867552e-04,9.287162e-04,2988983.705,1.312344e-02,5.087498e+01,4.077044e-04,7.917790e-04,3029049.133,5.000000e-04,8.25,1356.57
160,1.733046e-02,5.489300e+01,8.005430e-04,7.671456e-04,2990953.100,1.194175e-02,5.156799e+01,4.432963e-04,4.703978e-04,2962548.961,5.000000e-04,8.45,1365.02
161,1.598296e-02,5.252617e+01,6.735685e-04,7.989310e-04,2990669.154,1.007188e-02,5.064524e+01,2.975577e-04,4.063553e-04,2967658.750,5.000000e-04,8.60,1373.61
162,1.461673e-02,5.134951e+01,5.905412e-04,7.152730e-04,2990579.828,8.252763e-03,4.742006e+01,2.012715e-04,2.996086e-04,3007045.688,5.000000e-04,8.52,1382.13
163,1.512913e-02,5.063988e+01,6.319510e-04,7.491265e-04,2991755.615,9.422868e-03,4.655234e+01,1.890061e-04,5.755146e-04,2958986.914,5.000000e-04,8.53,1390.66
164,1.582093e-02,6.240919e+01,6.299129e-04,6.561759e-04,2991127.631,1.879669e-02,5.265049e+01,5.878732e-04,1.530581e-03,3082330.711,5.000000e-04,8.43,1399.09
165,1.834065e-02,5.211545e+01,7.280586e-04,1.169705e-03,2990115.779,1.823482e-02,5.100466e+01,6.307524e-04,1.365365e-03,3078263.859,5.000000e-04,8.45,1407.53
166,1.956444e-02,5.249434e+01,8.705249e-04,1.121952e-03,2989687.252,1.095031e-02,5.350310e+01,2.822572e-04,5.554857e-04,3038514.156,5.000000e-04,7.94,1415.48
167,1.364471e-02,5.173977e+01,5.479001e-04,5.983456e-04,2992318.234,1.241291e-02,4.457980e+01,4.025944e-04,7.857981e-04,2933480.492,5.000000e-04,8.97,1424.44
168,1.854048e-02,5.158160e+01,8.589129e-04,9.586384e-04,2989100.404,3.321015e-02,5.558605e+01,2.295501e-03,9.393075e-04,2932533.977,5.000000e-04,8.18,1432.62
169,1.407408e-02,5.137883e+01,5.914581e-04,6.043235e-04,2992952.068,1.042954e-02,6.114352e+01,2.986319e-04,2.657736e-04,3002044.422,5.000000e-04,8.37,1441.00
170,1.616393e-02,5.012248e+01,7.116932e-04,8.069499e-04,2992126.840,1.443416e-02,5.726266e+01,6.873077e-04,3.669639e-04,3005349.531,5.000000e-04,8.47,1449.48
171,1.537013e-02,5.241746e+01,6.474998e-04,7.306767e-04,2990652.588,1.939259e-02,5.597049e+01,9.496851e-04,8.597378e-04,3064684.977,5.000000e-04,8.17,1457.65
172,1.657764e-02,5.234430e+01,7.339709e-04,8.006994e-04,2991448.416,1.367933e-02,5.158037e+01,6.161272e-04,4.720036e-04,2972533.773,5.000000e-04,8.66,1466.31
173,1.601918e-02,5.131570e+01,6.487606e-04,8.800015e-04,2991746.975,1.684351e-02,4.946938e+01,7.291444e-04,9.210262e-04,2952860.555,5.000000e-04,8.55,1474.86
174,1.507810e-02,5.026819e+01,6.389075e-04,7.324421e-04,2990164.180,1.872978e-02,4.849420e+01,1.178108e-03,4.198552e-04,3020453.461,5.000000e-04,8.55,1483.42
175,1.560127e-02,5.250130e+01,7.061814e-04,6.578655e-04,2991383.273,3.175971e-02,5.445074e+01,1.648487e-03,1.965952e-03,3096159.516,5.000000e-04,8.48,1491.90
176,1.501821e-02,5.154654e+01,5.956085e-04,7.814940e-04,2992136.213,1.473247e-02,4.666095e+01,4.715165e-04,1.070243e-03,2907844.039,5.000000e-04,8.55,1500.45
177,1.414495e-02,4.988299e+01,5.783857e-04,6.745589e-04,2992524.143,1.357865e-02,4.831204e+01,2.675074e-04,1.214475e-03,2921899.023,5.000000e-04,7.72,1508.17
178,1.702292e-02,5.342528e+01,6.737819e-04,9.885138e-04,2990205.973,1.165245e-02,5.087235e+01,2.774071e-04,7.582279e-04,3060419.984,5.000000e-04,9.06,1517.22
179,1.618821e-02,5.120955e+01,7.129074e-04,7.876367e-04,2991058.676,9.413537e-03,4.802236e+01,2.486573e-04,4.249458e-04,2963182.930,5.000000e-04,8.78,1526.02
180,1.518729e-02,5.029014e+01,6.604409e-04,7.107735e-04,2992122.100,1.388617e-02,4.966106e+01,6.863472e-04,4.113178e-04,2969555.312,5.000000e-04,8.55,1534.58
181,1.462532e-02,5.016149e+01,5.865418e-04,7.487501e-04,2991435.170,2.155545e-02,5.395374e+01,5.381582e-04,2.155700e-03,3129066.555,5.000000e-04,8.47,1543.05
182,1.526883e-02,5.066043e+01,7.059937e-04,6.285693e-04,2991484.916,3.000959e-02,5.503418e+01,1.766172e-03,1.368891e-03,3104852.422,5.000000e-04,8.58,1551.63
183,1.644453e-02,5.079530e+01,7.553629e-04,7.622749e-04,2991881.016,1.639699e-02,4.796628e+01,7.602176e-04,7.996381e-04,2964464.617,5.000000e-04,8.64,1560.27
184,1.391522e-02,5.179622e+01,5.785574e-04,5.900039e-04,2991550.803,1.164158e-02,5.051048e+01,3.466841e-04,6.247381e-04,2991468.797,5.000000e-04,8.43,1568.72
185,1.377634e-02,4.962724e+01,5.530432e-04,6.566375e-04,2992235.953,9.854122e-03,4.581811e+01,4.377630e-04,1.789362e-04,2997844.875,5.000000e-04,8.35,1577.07
186,1.466613e-02,4.965572e+01,6.085828e-04,7.229467e-04,2992514.680,1.696637e-02,4.596379e+01,5.481445e-04,1.377709e-03,2907852.391,5.000000e-04,8.51,1585.58
187,1.617193e-02,4.823816e+01,6.839901e-04,9.016420e-04,2990323.959,2.450497e-02,4.761841e+01,1.314208e-03,1.320211e-03,2911658.094,5.000000e-04,9.57,1595.15
188,1.472636e-02,4.820801e+01,6.542990e-04,6.725141e-04,2992219.682,8.586435e-03,4.814327e+01,2.479498e-04,2.585222e-04,3005497.453,5.000000e-04,8.45,1603.62
189,1.526980e-02,5.227969e+01,6.337763e-04,7.408140e-04,2991113.416,8.636121e-03,5.088081e+01,2.487969e-04,2.120141e-04,2993076.250,5.000000e-04,8.36,1611.97
190,1.294053e-02,4.901204e+01,5.308200e-04,5.462249e-04,2993275.475,8.561902e-03,4.574508e+01,2.922431e-04,2.129927e-04,2975982.844,5.000000e-04,8.45,1620.43
191,1.551756e-02,4.936590e+01,6.333874e-04,8.494186e-04,2991072.447,1.974291e-02,5.031391e+01,6.970865e-04,1.548131e-03,2911904.781,5.000000e-04,8.50,1628.93
192,1.277467e-02,4.968796e+01,5.727631e-04,4.156491e-04,2992581.926,2.237047e-02,5.590786e+01,1.234993e-03,8.859496e-04,2956700.789,5.000000e-04,8.32,1637.25
193,1.359251e-02,4.896270e+01,5.483375e-04,6.425726e-04,2993119.727,3.283470e-02,4.560201e+01,2.075858e-03,1.503184e-03,2891377.492,5.000000e-04,8.95,1646.19
194,1.645312e-02,4.985887e+01,6.726958e-04,9.480558e-04,2990673.105,1.708906e-02,5.285139e+01,1.030928e-03,2.989283e-04,3025154.969,5.000000e-04,8.72,1654.92
195,1.329869e-02,5.004152e+01,5.290454e-04,6.008167e-04,2992581.148,7.741523e-03,4.702627e+01,1.833192e-04,2.411409e-04,2966648.570,5.000000e-04,9.44,1664.38
196,1.332934e-02,4.890210e+01,5.008817e-04,6.860630e-04,2992845.184,1.345127e-02,4.696981e+01,4.079322e-04,9.349932e-04,2994672.562,5.000000e-04,8.62,1673.00
197,1.366606e-02,4.984467e+01,5.224353e-04,6.914485e-04,2994057.996,1.792628e-02,5.484687e+01,5.465102e-04,1.395299e-03,2900943.719,5.000000e-04,8.31,1681.31
198,1.377844e-02,4.979632e+01,5.778228e-04,6.041152e-04,2991540.561,2.181739e-02,4.481363e+01,6.320533e-04,2.203098e-03,2871523.281,5.000000e-04,8.80,1690.11
199,1.421854e-02,4.709727e+01,5.258437e-04,8.500755e-04,2991140.725,1.479243e-02,4.707713e+01,7.400803e-04,5.367831e-04,3024084.891,5.000000e-04,8.53,1698.64
200,1.367624e-02,4.754331e+01,5.470389e-04,6.903047e-04,2992761.158,1.044359e-02,4.913838e+01,4.958045e-04,1.143408e-04,2986373.828,5.000000e-04,9.64,1708.28
201,1.200991e-02,4.816203e+01,4.593140e-04,5.201140e-04,2993968.643,1.152533e-02,4.488826e+01,3.600442e-04,6.872126e-04,2929914.547,5.000000e-04,8.47,1716.75
202,1.267295e-02,4.793986e+01,4.913588e-04,5.930744e-04,2992430.445,1.368719e-02,4.600524e+01,7.501989e-04,3.169347e-04,2973579.500,5.000000e-04,8.70,1725.46
203,1.541109e-02,4.983539e+01,6.880982e-04,7.093132e-04,2991167.531,8.503083e-03,4.617211e+01,2.122533e-04,3.526678e-04,2980240.766,5.000000e-04,8.84,1734.30
204,1.255590e-02,4.838278e+01,4.903899e-04,5.627445e-04,2993121.875,1.565598e-02,4.854409e+01,9.249173e-04,3.104792e-04,3040654.211,5.000000e-04,7.86,1742.16
205,1.338663e-02,4.851472e+01,5.385590e-04,6.299144e-04,2992483.273,7.020853e-03,4.856978e+01,1.576576e-04,1.174598e-04,2988493.648,5.000000e-04,8.69,1750.85
206,1.228860e-02,4.754233e+01,4.795394e-04,5.477942e-04,2993483.131,1.782062e-02,6.617121e+01,4.193133e-04,1.402074e-03,2906051.562,5.000000e-04,8.36,1759.22
207,1.488371e-02,5.234118e+01,6.059408e-04,7.180371e-04,2991691.018,1.022757e-02,4.727211e+01,3.541047e-04,3.918630e-04,2996551.141,5.000000e-04,8.38,1767.59
208,1.286285e-02,4.742293e+01,4.960591e-04,6.319942e-04,2993360.686,8.111044e-03,4.523979e+01,1.579413e-04,4.015302e-04,2962532.234,5.000000e-04,8.76,1776.36
209,1.308937e-02,4.684295e+01,5.203505e-04,6.403138e-04,2992594.096,8.814390e-03,4.994848e+01,2.252866e-04,3.133354e-04,2960695.297,5.000000e-04,8.94,1785.30
210,1.682873e-02,5.214932e+01,6.396981e-04,1.043364e-03,2990304.941,7.899578e-03,4.783951e+01,1.890292e-04,2.450672e-04,2991337.562,5.000000e-04,8.37,1793.69
211,1.353565e-02,4.714176e+01,5.143780e-04,7.355393e-04,2992529.617,8.240690e-03,4.765786e+01,1.892614e-04,3.164579e-04,3033039.141,5.000000e-04,8.98,1802.67
212,1.166232e-02,4.690987e+01,4.628416e-04,4.685833e-04,2993515.859,1.514269e-02,4.843650e+01,6.728957e-04,7.140166e-04,2982381.758,5.000000e-04,8.87,1811.54
213,1.270069e-02,4.839661e+01,5.247853e-04,5.226361e-04,2992850.203,1.042366e-02,4.633267e+01,4.263497e-04,3.053792e-04,2991364.648,5.000000e-04,8.34,1819.89
214,1.154925e-02,4.659762e+01,4.211922e-04,5.355130e-04,2993840.121,1.059814e-02,4.523554e+01,5.049245e-04,2.050685e-04,2982627.438,5.000000e-04,8.44,1828.33
215,1.326223e-02,4.739035e+01,5.414387e-04,6.217626e-04,2992359.855,3.904047e-02,4.942560e+01,3.150394e-03,5.187938e-04,3043049.984,5.000000e-04,8.32,1836.65
216,1.382644e-02,4.774284e+01,5.435047e-04,7.234222e-04,2993199.172,9.139722e-03,4.912173e+01,2.366800e-04,3.721498e-04,2977010.633,5.000000e-04,8.32,1844.97
217,1.365231e-02,4.794178e+01,6.218696e-04,5.278881e-04,2992313.072,1.392578e-02,5.206913e+01,2.434277e-04,1.256918e-03,3087768.531,5.000000e-04,8.54,1853.51
218,1.290787e-02,4.806203e+01,4.931810e-04,6.339723e-04,2992820.920,9.126497e-03,4.741663e+01,2.642879e-04,3.483910e-04,2971196.898,5.000000e-04,8.59,1862.11
219,1.097737e-02,4.655080e+01,3.714441e-04,5.215693e-04,2994277.246,1.061705e-02,4.453596e+01,2.941704e-04,6.443500e-04,2971909.148,5.000000e-04,9.55,1871.66
220,1.266734e-02,4.675652e+01,4.626053e-04,6.731275e-04,2992504.688,1.047695e-02,4.471095e+01,4.027591e-04,3.956522e-04,2959922.766,5.000000e-04,8.40,1880.06
221,1.206885e-02,4.669094e+01,4.245584e-04,6.308341e-04,2992313.584,8.629035e-03,4.833706e+01,3.097198e-04,1.396262e-04,3000250.352,5.000000e-04,8.76,1888.82
222,1.287992e-02,4.751754e+01,4.987440e-04,6.281448e-04,2994200.342,2.868279e-02,4.298731e+01,1.469252e-03,1.938308e-03,2909289.055,5.000000e-04,7.92,1896.74
223,1.260575e-02,4.708666e+01,4.927723e-04,5.938721e-04,2993464.400,1.346173e-02,4.525848e+01,4.110715e-04,9.650342e-04,2994985.234,5.000000e-04,7.86,1904.60
224,1.271400e-02,4.657575e+01,4.963746e-04,6.185366e-04,2991219.510,1.878164e-02,4.831200e+01,1.286054e-03,2.179802e-04,3028081.102,5.000000e-04,7.92,1912.52
225,1.215946e-02,4.770632e+01,4.847240e-04,5.083169e-04,2994810.324,9.127657e-03,4.437472e+01,2.543652e-04,4.293065e-04,2967645.727,5.000000e-04,7.67,1920.19
226,1.117454e-02,4.697569e+01,4.319316e-04,4.315304e-04,2993058.334,9.865676e-03,4.513158e+01,2.990392e-04,4.724252e-04,2960085.828,5.000000e-04,7.86,1928.05
227,1.291228e-02,4.608883e+01,5.267297e-04,6.072203e-04,2992812.773,9.937378e-03,4.442836e+01,3.345944e-04,4.297195e-04,2968639.383,5.000000e-04,7.83,1935.88
228,1.153097e-02,4.605379e+01,4.505196e-04,4.840794e-04,2993275.939,8.721343e-03,4.532231e+01,2.713190e-04,2.951845e-04,2990872.047,5.000000e-04,7.89,1943.77
229,1.314117e-02,4.624957e+01,5.356058e-04,6.320317e-04,2993644.766,1.034281e-02,4.466642e+01,2.592859e-04,6.566624e-04,2936568.930,5.000000e-04,7.87,1951.65
230,1.153231e-02,4.601943e+01,4.571497e-04,4.717742e-04,2993375.389,1.097851e-02,4.452079e+01,2.156553e-04,8.739760e-04,2922765.844,5.000000e-04,7.43,1959.08
231,1.161516e-02,4.614916e+01,4.421622e-04,5.157236e-04,2993255.205,1.623312e-02,4.695465e+01,8.689532e-04,5.696254e-04,3019452.211,5.000000e-04,7.69,1966.77
232,1.210078e-02,4.536498e+01,4.515027e-04,6.098507e-04,2993053.232,1.163345e-02,4.713895e+01,4.483951e-04,4.871215e-04,3042609.312,5.000000e-04,7.69,1974.47
233,1.165069e-02,4.557556e+01,4.609240e-04,4.967794e-04,2993542.736,9.297908e-03,4.361007e+01,3.455127e-04,2.963549e-04,2965367.633,5.000000e-04,7.34,1981.81
234,1.206709e-02,4.545960e+01,4.468006e-04,6.106247e-04,2993473.896,9.131791e-03,4.887911e+01,1.396690e-04,5.694381e-04,3058251.461,5.000000e-04,7.70,1989.51
235,1.124254e-02,4.518648e+01,3.789171e-04,5.869434e-04,2993627.209,8.856332e-03,4.666009e+01,3.030543e-04,2.319560e-04,3033645.242,5.000000e-04,7.72,1997.23
236,1.023892e-02,4.592164e+01,3.756782e-04,3.779943e-04,2994623.971,1.369706e-02,4.251937e+01,3.343129e-04,1.220398e-03,2912385.141,5.000000e-04,7.88,2005.11
237,1.211479e-02,4.507257e+01,4.644412e-04,5.926235e-04,2992853.439,1.344496e-02,4.580450e+01,6.057834e-04,5.613357e-04,2975584.984,5.000000e-04,7.82,2012.93
238,1.137070e-02,4.551039e+01,4.072961e-04,5.493401e-04,2994044.398,9.038118e-03,4.465172e+01,1.645645e-04,5.854601e-04,2945104.406,5.000000e-04,7.79,2020.72
239,1.066384e-02,4.529530e+01,3.789331e-04,4.689967e-04,2992656.826,1.876874e-02,4.858878e+01,9.689616e-04,8.440491e-04,3056891.672,5.000000e-04,7.76,2028.48
240,1.044652e-02,4.473897e+01,3.697052e-04,4.551138e-04,2994617.346,1.401038e-02,4.571445e+01,7.437755e-04,4.002357e-04,2954297.930,5.000000e-04,7.75,2036.23
241,1.117898e-02,4.547409e+01,3.575248e-04,6.112645e-04,2993828.750,1.825771e-02,4.566511e+01,3.906567e-04,1.956927e-03,3099185.828,5.000000e-04,7.78,2044.02
242,1.344168e-02,4.584106e+01,5.107510e-04,7.500119e-04,2992643.609,1.135480e-02,4.576710e+01,5.971100e-04,1.613975e-04,2994795.703,5.000000e-04,7.67,2051.71
243,1.124200e-02,4.589974e+01,4.095263e-04,5.113527e-04,2993508.465,8.796779e-03,4.936626e+01,1.939785e-04,3.840736e-04,3037491.195,5.000000e-04,7.79,2059.49
244,1.192866e-02,4.556641e+01,4.012665e-04,6.718708e-04,2993347.113,1.297773e-02,4.668548e+01,4.092846e-04,8.432680e-04,3070184.805,5.000000e-04,7.93,2067.43
245,1.143788e-02,4.534172e+01,4.229103e-04,5.349212e-04,2993509.781,7.460973e-03,4.553194e+01,2.291109e-04,1.233342e-04,2995796.352,5.000000e-04,7.80,2075.23
246,1.146984e-02,4.566638e+01,4.283545e-04,5.239324e-04,2993691.916,1.038409e-02,4.605686e+01,4.891590e-04,1.773632e-04,3017769.188,5.000000e-04,7.98,2083.21
247,1.108404e-02,4.531264e+01,3.569322e-04,5.966914e-04,2995203.607,9.004889e-03,4.871259e+01,3.181306e-04,1.904648e-04,2998822.070,5.000000e-04,7.90,2091.11
248,1.164609e-02,4.724988e+01,4.239125e-04,5.363953e-04,2992588.518,7.428814e-03,4.401444e+01,1.938935e-04,2.176870e-04,2963978.180,5.000000e-04,7.79,2098.90
249,1.102384e-02,4.566910e+01,4.080390e-04,4.753079e-04,2993851.932,1.034144e-02,4.512116e+01,4.618322e-04,2.421998e-04,3003066.156,5.000000e-04,7.92,2106.83
250,1.074768e-02,4.518772e+01,3.948207e-04,4.561395e-04,2992902.428,1.170366e-02,4.734942e+01,3.465244e-04,7.006953e-04,2941089.727,5.000000e-04,8.03,2114.87
251,1.291943e-02,4.542746e+01,4.387919e-04,7.977521e-04,2993751.746,9.299388e-03,4.739748e+01,2.418449e-04,4.282381e-04,3013399.242,5.000000e-04,7.84,2122.71
252,1.306692e-02,4.550777e+01,5.374371e-04,6.283553e-04,2992838.387,7.838277e-03,4.570683e+01,1.727187e-04,3.080813e-04,2994755.016,5.000000e-04,7.89,2130.60
253,1.190007e-02,4.596738e+01,4.575914e-04,5.454843e-04,2993647.375,7.176048e-03,4.302627e+01,2.151576e-04,1.443689e-04,2979521.125,5.000000e-04,7.92,2138.52
254,1.085645e-02,4.437213e+01,4.054940e-04,4.728602e-04,2993631.117,6.044619e-03,4.309630e+01,1.127482e-04,1.215014e-04,2997060.539,5.000000e-04,7.90,2146.42
255,1.031631e-02,4.418419e+01,3.848370e-04,4.099038e-04,2993586.717,8.305282e-03,4.429999e+01,2.397518e-04,2.955529e-04,3030912.633,5.000000e-04,8.71,2155.12
256,1.021853e-02,4.401341e+01,3.670539e-04,4.293295e-04,2995403.158,1.505380e-02,4.428246e+01,9.108940e-04,3.033223e-04,2961370.953,5.000000e-04,7.51,2162.63
257,1.098655e-02,4.435086e+01,4.070313e-04,4.962301e-04,2993277.725,7.538881e-03,4.328952e+01,1.469632e-04,3.480594e-04,2975807.906,5.000000e-04,7.96,2170.58
258,1.001697e-02,4.439128e+01,3.521207e-04,4.113275e-04,2993802.777,1.495927e-02,4.530331e+01,7.961398e-04,4.935077e-04,3059253.852,5.000000e-04,8.00,2178.59
259,1.322077e-02,4.451605e+01,5.854047e-04,5.830236e-04,2993363.764,1.470174e-02,4.552869e+01,6.615632e-04,7.066478e-04,3023412.344,5.000000e-04,7.75,2186.35
260,1.094908e-02,4.459724e+01,4.024563e-04,4.929577e-04,2993322.074,7.578082e-03,4.306734e+01,2.488728e-04,1.565241e-04,2982574.305,5.000000e-04,7.90,2194.24
261,1.094872e-02,4.397605e+01,3.994112e-04,5.114007e-04,2994967.078,8.153059e-03,4.100319e+01,1.657245e-04,4.790990e-04,2950943.023,5.000000e-04,8.04,2202.29
262,1.223026e-02,4.404507e+01,4.874515e-04,5.902479e-04,2992297.596,7.427317e-03,4.439230e+01,1.632732e-04,2.710710e-04,3005404.633,5.000000e-04,8.04,2210.34
263,1.060807e-02,4.446852e+01,3.969998e-04,4.382451e-04,2994267.902,7.767289e-03,4.423297e+01,2.699292e-04,1.289400e-04,3010026.328,5.000000e-04,8.00,2218.34
264,1.149562e-02,4.402157e+01,4.116035e-04,5.954851e-04,2993692.168,2.322022e-02,4.599798e+01,1.353383e-03,1.017319e-03,2942454.859,5.000000e-04,7.97,2226.31
265,1.371978e-02,4.528535e+01,5.990970e-04,6.400551e-04,2992874.844,1.164366e-02,4.702532e+01,5.184129e-04,3.514008e-04,3021542.188,5.000000e-04,8.13,2234.43
266,1.172166e-02,4.539095e+01,4.139830e-04,6.085477e-04,2993600.205,9.277919e-03,4.237155e+01,1.577049e-04,6.927431e-04,2926851.445,5.000000e-04,7.96,2242.39
267,1.101093e-02,4.452497e+01,4.411163e-04,4.294544e-04,2993795.221,7.024686e-03,4.346374e+01,1.970288e-04,1.416048e-04,3013035.148,5.000000e-04,8.04,2250.43
268,1.088658e-02,4.452582e+01,4.037621e-04,4.792760e-04,2993998.672,7.245458e-03,4.276315e+01,1.160737e-04,3.616814e-04,3027448.367,5.000000e-04,7.92,2258.35
269,9.900187e-03,4.410114e+01,3.372414e-04,4.235319e-04,2994674.486,7.728972e-03,4.295034e+01,2.566015e-04,1.735845e-04,2969325.672,5.000000e-04,8.03,2266.38
270,1.067539e-02,4.372556e+01,4.217412e-04,4.170837e-04,2994253.861,7.211965e-03,4.485741e+01,1.952988e-04,1.546473e-04,2979866.641,5.000000e-04,8.09,2274.47
271,9.946637e-03,4.349042e+01,3.421744e-04,4.351702e-04,2994447.689,8.938972e-03,4.320674e+01,2.490833e-04,4.254929e-04,2958838.211,5.000000e-04,7.91,2282.38
272,9.992928e-03,4.364285e+01,3.164615e-04,4.928054e-04,2993806.246,6.903134e-03,4.321977e+01,1.326593e-04,2.509128e-04,2965616.984,5.000000e-04,8.26,2290.64
273,1.089723e-02,4.250815e+01,3.826991e-04,5.638849e-04,2992619.342,1.946896e-02,4.709820e+01,9.082606e-04,1.135308e-03,3086327.523,5.000000e-04,8.16,2298.80
274,1.177502e-02,4.358507e+01,4.787950e-04,5.257118e-04,2995016.066,7.283935e-03,4.297918e+01,1.518446e-04,2.935141e-04,2991060.344,5.000000e-04,8.14,2306.95
275,9.929750e-03,4.344890e+01,3.265348e-04,4.639022e-04,2993440.490,1.243706e-02,4.732701e+01,2.412983e-04,1.058275e-03,3085167.227,5.000000e-04,8.19,2315.16
276,9.540229e-03,4.317704e+01,3.699031e-04,3.046988e-04,2995721.420,1.638573e-02,4.267030e+01,9.811392e-04,4.614624e-04,2949458.031,5.000000e-04,8.04,2323.21
277,9.628485e-03,4.316284e+01,3.282231e-04,4.059939e-04,2994602.361,7.344990e-03,4.430451e+01,1.986538e-04,1.856003e-04,3026284.805,5.000000e-04,7.93,2331.14
278,1.027969e-02,4.290700e+01,3.344210e-04,5.289556e-04,2993684.158,7.981380e-03,4.226974e+01,2.481252e-04,2.546309e-04,2975356.617,5.000000e-04,7.89,2339.03
279,9.443818e-03,4.278397e+01,3.141373e-04,4.048097e-04,2994577.332,6.966990e-03,4.262557e+01,1.231813e-04,2.945241e-04,2997226.859,5.000000e-04,8.24,2347.26
280,1.106244e-02,4.424460e+01,4.072486e-04,5.130997e-04,2994666.275,1.272677e-02,3.987406e+01,4.352784e-04,8.773167e-04,2924102.227,5.000000e-04,7.99,2355.25
281,1.024285e-02,4.355310e+01,3.321611e-04,5.131862e-04,2993988.336,1.043408e-02,4.310457e+01,4.913541e-04,2.420167e-04,2970854.273,5.000000e-04,7.96,2363.21
282,1.152692e-02,4.404192e+01,4.232296e-04,5.780866e-04,2993147.883,8.541279e-03,4.513470e+01,3.274683e-04,1.506253e-04,2998931.703,5.000000e-04,7.93,2371.15
283,9.592609e-03,4.288517e+01,3.115935e-04,4.376315e-04,2995097.740,7.145749e-03,4.225673e+01,1.261441e-04,3.317270e-04,2955243.172,5.000000e-04,7.81,2378.96
284,1.084516e-02,4.364045e+01,3.981679e-04,4.998877e-04,2994165.188,1.024092e-02,4.411045e+01,5.212119e-04,1.235504e-04,3011599.523,5.000000e-04,7.92,2386.88
285,1.049711e-02,4.319101e+01,3.400816e-04,5.554384e-04,2994361.902,1.458646e-02,4.568684e+01,5.233659e-04,9.568231e-04,3000910.930,5.000000e-04,7.98,2394.87
286,1.125500e-02,4.430489e+01,3.977702e-04,5.693617e-04,2993132.121,6.644387e-03,4.230578e+01,2.040251e-04,7.471161e-05,2984464.227,5.000000e-04,7.73,2402.60
287,1.037471e-02,4.330490e+01,4.096742e-04,3.894958e-04,2994765.756,1.099542e-02,4.038154e+01,1.957553e-04,9.999434e-04,2910046.398,5.000000e-04,8.01,2410.61
288,1.053959e-02,4.229244e+01,3.394834e-04,5.831015e-04,2993449.314,1.174623e-02,4.484883e+01,1.736269e-04,1.105016e-03,3087311.641,5.000000e-04,7.95,2418.56
289,9.063530e-03,4.238175e+01,2.481551e-04,4.687609e-04,2995849.725,6.489867e-03,4.160585e+01,1.500961e-04,1.656643e-04,2986151.148,5.000000e-04,7.99,2426.55
290,9.211533e-03,4.195936e+01,3.089213e-04,3.852767e-04,2994602.996,9.292528e-03,4.286188e+01,3.882368e-04,2.247944e-04,3018641.352,5.000000e-04,7.72,2434.28
291,1.014888e-02,4.325366e+01,3.073166e-04,5.500692e-04,2994507.059,8.514336e-03,4.154797e+01,3.286630e-04,2.145819e-04,2975883.484,5.000000e-04,7.80,2442.08
292,9.567165e-03,4.233236e+01,3.410895e-04,3.846067e-04,2995094.676,9.960235e-03,4.142313e+01,2.853813e-04,5.928218e-04,2941593.141,5.000000e-04,7.75,2449.84
293,9.407968e-03,4.233716e+01,3.112705e-04,4.123095e-04,2994745.002,7.336502e-03,4.329092e+01,2.298113e-04,1.418594e-04,2992379.492,5.000000e-04,7.96,2457.79
294,9.690123e-03,4.195652e+01,3.463950e-04,4.061044e-04,2994369.594,1.141101e-02,4.346072e+01,6.089751e-04,1.950367e-04,3012597.141,5.000000e-04,7.93,2465.72
295,9.662379e-03,4.255703e+01,3.309538e-04,4.194274e-04,2994674.049,7.099936e-03,4.193527e+01,2.291869e-04,1.229081e-04,3003645.445,5.000000e-04,7.62,2473.35
296,1.001124e-02,4.202122e+01,3.759162e-04,4.099906e-04,2995056.256,8.825018e-03,3.996949e+01,1.626368e-04,6.403401e-04,2937934.078,5.000000e-04,7.62,2480.97
297,1.036999e-02,4.233973e+01,3.392427e-04,5.487186e-04,2993399.020,8.092376e-03,4.407966e+01,1.768263e-04,3.832296e-04,3042562.039,5.000000e-04,7.80,2488.78
298,9.121168e-03,4.316069e+01,2.701021e-04,4.208155e-04,2995048.816,1.112064e-02,4.331054e+01,5.640020e-04,2.299139e-04,3028872.094,5.000000e-04,7.96,2496.74
299,9.188101e-03,4.246259e+01,2.896927e-04,4.089830e-04,2995278.658,1.160879e-02,4.403805e+01,6.438172e-04,1.533622e-04,2994459.727,5.000000e-04,7.74,2504.51
300,1.041070e-02,4.229893e+01,3.520255e-04,5.321113e-04,2992647.867,1.255240e-02,4.412532e+01,3.505421e-04,9.268902e-04,2998757.406,5.000000e-04,7.75,2512.26
301,9.505174e-03,4.258260e+01,3.356234e-04,3.781361e-04,2996250.781,6.417382e-03,4.141617e+01,1.496963e-04,1.557604e-04,2975308.703,5.000000e-04,7.84,2520.10
302,1.035709e-02,4.324049e+01,3.592345e-04,4.881396e-04,2994031.992,6.589995e-03,4.319835e+01,1.613149e-04,1.314022e-04,2999262.789,5.000000e-04,7.60,2527.70
303,9.529469e-03,4.209602e+01,3.307541e-04,4.024652e-04,2995347.639,7.028444e-03,4.017427e+01,1.347045e-04,3.327944e-04,2958228.086,5.000000e-04,7.28,2534.98
304,1.033680e-02,4.174453e+01,3.842822e-04,4.639058e-04,2993265.238,8.703418e-03,4.481456e+01,2.739449e-04,2.965026e-04,2971843.695,5.000000e-04,7.81,2542.79
305,1.100933e-02,4.225686e+01,4.247779e-04,5.071731e-04,2994066.680,8.396833e-03,4.177688e+01,3.492264e-04,1.453763e-04,2983665.461,5.000000e-04,7.86,2550.66
306,9.485147e-03,4.159078e+01,3.347115e-04,3.957907e-04,2995398.863,5.897579e-03,4.089054e+01,1.096734e-04,1.423582e-04,2975232.797,5.000000e-04,7.86,2558.53
307,9.515257e-03,4.215164e+01,2.909125e-04,4.781935e-04,2995050.645,6.732917e-03,4.202652e+01,1.749257e-04,1.562016e-04,2977850.555,5.000000e-04,8.09,2566.62
308,9.987437e-03,4.161889e+01,3.734750e-04,4.181598e-04,2994397.170,7.509598e-03,4.153023e+01,2.627414e-04,1.458322e-04,2984645.586,5.000000e-04,8.38,2575.01
309,9.285979e-03,4.206825e+01,2.685574e-04,4.787158e-04,2994588.557,6.652084e-03,4.271891e+01,1.981749e-04,7.968891e-05,3005027.203,5.000000e-04,7.50,2582.52
310,1.000576e-02,4.271208e+01,3.780872e-04,3.907369e-04,2994824.545,7.730086e-03,4.101613e+01,2.038639e-04,3.179668e-04,2954583.703,5.000000e-04,7.77,2590.30
311,9.686184e-03,4.210366e+01,3.098540e-04,4.754554e-04,2994463.123,1.023507e-02,4.296762e+01,3.484623e-04,4.907367e-04,2952917.180,5.000000e-04,7.98,2598.29
312,9.788841e-03,4.194483e+01,3.839616e-04,3.509484e-04,2993363.100,1.276458e-02,4.430321e+01,1.724369e-04,1.321977e-03,3101670.719,5.000000e-04,8.26,2606.55
313,8.784285e-03,4.168098e+01,2.656530e-04,3.919314e-04,2995572.557,6.815831e-03,4.242002e+01,1.725067e-04,1.697523e-04,2999598.102,5.000000e-04,7.89,2614.45
314,9.102166e-03,4.146181e+01,2.915365e-04,4.081239e-04,2996699.713,1.730549e-02,3.852833e+01,4.790084e-04,1.732516e-03,2884904.633,5.000000e-04,8.22,2622.68
315,1.015603e-02,4.141580e+01,3.535483e-04,4.957924e-04,2992284.562,1.358151e-02,4.495944e+01,3.546489e-04,1.107816e-03,3086336.164,5.000000e-04,8.19,2630.88
316,9.135596e-03,4.146778e+01,2.932947e-04,4.111743e-04,2996024.811,1.157135e-02,4.071691e+01,2.374551e-04,1.025023e-03,2915008.344,5.000000e-04,8.40,2639.29
317,8.805371e-03,4.148905e+01,2.657937e-04,3.997057e-04,2994876.799,8.765230e-03,3.998094e+01,2.698312e-04,4.137649e-04,2945506.266,5.000000e-04,8.19,2647.49
318,8.773503e-03,4.182442e+01,2.953147e-04,3.275830e-04,2994221.049,1.677624e-02,3.993329e+01,5.257582e-04,1.505065e-03,2924537.070,5.000000e-04,8.17,2655.67
319,1.050082e-02,4.202018e+01,3.426012e-04,5.745590e-04,2995340.711,8.038327e-03,4.010304e+01,2.099051e-04,3.857944e-04,2948995.398,5.000000e-04,7.96,2663.64
320,1.035289e-02,4.222455e+01,3.791771e-04,4.677324e-04,2993536.354,1.012167e-02,4.412646e+01,4.213569e-04,2.990899e-04,3019319.602,5.000000e-04,7.97,2671.61
321,8.689893e-03,4.132596e+01,2.879168e-04,3.356259e-04,2995813.279,9.044932e-03,4.719003e+01,1.956701e-04,4.738456e-04,2958255.094,5.000000e-04,8.06,2679.67
322,9.043812e-03,4.156325e+01,3.064435e-04,3.646106e-04,2993604.865,1.540411e-02,4.477115e+01,6.372916e-04,9.108152e-04,3071146.844,5.000000e-04,8.12,2687.80
323,9.449842e-03,4.098810e+01,3.028599e-04,4.644868e-04,2995059.236,1.133523e-02,4.220964e+01,5.671307e-04,2.885927e-04,2996090.922,5.000000e-04,8.06,2695.86
324,8.958341e-03,4.097773e+01,2.819197e-04,4.082743e-04,2995460.520,7.239575e-03,3.871769e+01,1.252661e-04,4.230290e-04,2948774.852,5.000000e-04,7.87,2703.73
325,9.252537e-03,4.129612e+01,3.267991e-04,3.709869e-04,2994656.391,6.611237e-03,4.075778e+01,1.756541e-04,1.557838e-04,3004381.711,5.000000e-04,7.90,2711.63
326,9.365218e-03,4.083577e+01,3.142742e-04,4.277798e-04,2994730.645,7.205865e-03,4.038463e+01,2.645217e-04,1.044369e-04,2983491.250,5.000000e-04,8.02,2719.64
327,1.013631e-02,4.180826e+01,3.617605e-04,4.675749e-04,2994380.996,6.430188e-03,4.071833e+01,8.456893e-05,3.025332e-04,2955255.656,5.000000e-04,7.94,2727.58
328,1.002547e-02,4.181117e+01,3.817933e-04,4.052849e-04,2995001.961,9.336435e-03,3.986359e+01,1.501958e-04,7.696237e-04,2923674.656,5.000000e-04,7.97,2735.55
329,9.155126e-03,4.150730e+01,3.164117e-04,3.680559e-04,2993993.768,6.800267e-03,4.077006e+01,1.837098e-04,1.772327e-04,3013663.859,5.000000e-04,7.91,2743.46
330,1.135444e-02,4.192001e+01,3.882994e-04,6.558896e-04,2994462.939,9.678983e-03,4.237091e+01,3.222430e-04,4.438924e-04,2951999.188,5.000000e-04,7.98,2751.45
331,8.284175e-03,4.148790e+01,2.657398e-04,2.955974e-04,2995561.889,8.588763e-03,3.810834e+01,1.301798e-04,6.952261e-04,2937827.219,5.000000e-04,7.73,2759.18
332,8.567663e-03,4.073000e+01,2.647887e-04,3.693552e-04,2994855.229,8.591752e-03,4.193519e+01,2.171885e-04,4.452695e-04,3039975.562,5.000000e-04,7.74,2766.92
333,9.714288e-03,4.093555e+01,3.505181e-04,4.231105e-04,2994008.822,3.164067e-02,4.689675e+01,1.403412e-03,2.583374e-03,3142305.016,5.000000e-04,8.03,2774.95
334,9.001947e-03,4.119699e+01,2.962822e-04,3.838851e-04,2995298.264,8.769136e-03,4.281301e+01,1.756060e-04,5.463551e-04,3061398.859,5.000000e-04,7.91,2782.86
335,8.991175e-03,4.171723e+01,3.194498e-04,3.249909e-04,2995202.875,7.810883e-03,3.902607e+01,2.640941e-04,2.534669e-04,2973514.281,5.000000e-04,7.89,2790.75
336,7.958602e-03,4.021375e+01,2.586328e-04,2.701800e-04,2995953.439,7.421031e-03,4.185629e+01,2.302141e-04,1.866522e-04,2995351.656,5.000000e-04,8.27,2799.04
337,7.943193e-03,4.059246e+01,2.391807e-04,2.984279e-04,2994803.299,7.721548e-03,3.968585e+01,2.045200e-04,3.415525e-04,2995827.031,5.000000e-04,7.91,2806.95
338,9.314426e-03,4.022135e+01,3.595637e-04,3.393310e-04,2994983.152,6.247462e-03,4.141594e+01,1.266572e-04,1.678591e-04,3013466.789,5.000000e-04,8.03,2814.98
339,9.401621e-03,4.066763e+01,2.939308e-04,4.791101e-04,2994273.820,9.488392e-03,4.242372e+01,3.731101e-04,3.029840e-04,3026693.258,5.000000e-04,8.01,2822.99
340,8.531478e-03,4.031981e+01,2.689959e-04,3.619075e-04,2995934.863,1.461248e-02,4.007442e+01,7.532965e-04,6.144157e-04,2937978.203,5.000000e-04,7.72,2830.72
341,8.553926e-03,4.066246e+01,2.625691e-04,3.723979e-04,2993952.381,7.810667e-03,4.290281e+01,1.469428e-04,4.101915e-04,3046659.641,5.000000e-04,7.82,2838.54
342,9.706761e-03,4.118434e+01,3.435903e-04,4.304848e-04,2996095.447,8.405365e-03,4.033862e+01,1.492278e-04,5.758449e-04,2935542.883,5.000000e-04,7.92,2846.46
343,8.876992e-03,4.081504e+01,2.439648e-04,4.711678e-04,2994568.168,6.422484e-03,4.098249e+01,1.327925e-04,1.992619e-04,2987200.578,5.000000e-04,7.37,2853.83
344,8.467631e-03,4.085518e+01,2.467637e-04,3.828953e-04,2994742.799,8.958582e-03,4.093436e+01,4.362816e-04,1.004658e-04,2991647.547,5.000000e-04,9.87,2863.70
345,8.622591e-03,4.062230e+01,2.997440e-04,3.125842e-04,2995402.781,7.093095e-03,4.193236e+01,1.755565e-04,2.288589e-04,3033985.500,5.000000e-04,9.48,2873.18
346,1.028527e-02,4.125864e+01,3.821383e-04,4.676054e-04,2993698.729,7.031835e-03,4.234964e+01,1.832263e-04,1.929216e-04,3024739.039,5.000000e-04,9.07,2882.26
347,8.907081e-03,4.091330e+01,2.990227e-04,3.651048e-04,2995352.066,6.052245e-03,4.128342e+01,1.173802e-04,1.500203e-04,3000599.102,5.000000e-04,9.06,2891.33
348,8.856806e-03,4.083630e+01,3.053566e-04,3.439221e-04,2994307.305,1.108768e-02,4.203073e+01,3.405197e-04,6.958817e-04,3072765.750,5.000000e-04,9.28,2900.61
349,8.262055e-03,4.022051e+01,2.367167e-04,3.745674e-04,2995519.572,5.512676e-03,3.925086e+01,7.536069e-05,1.667966e-04,2975500.445,5.000000e-04,9.00,2909.61
350,9.199087e-03,4.037745e+01,3.137487e-04,4.047710e-04,2995863.164,1.091294e-02,3.837923e+01,1.854496e-04,1.044104e-03,2909063.430,5.000000e-04,9.07,2918.68
351,8.530748e-03,4.038038e+01,2.967379e-04,3.050664e-04,2994313.707,1.052298e-02,4.142727e+01,5.669872e-04,1.420756e-04,3025139.469,5.000000e-04,9.17,2927.85
352,8.876311e-03,4.074849e+01,3.024469e-04,3.553987e-04,2995934.562,5.196561e-03,4.018032e+01,8.226693e-05,7.117191e-05,3010363.516,5.000000e-04,8.80,2936.66
353,8.151431e-03,4.059912e+01,2.452995e-04,3.277048e-04,2995502.951,7.081560e-03,3.951056e+01,2.162362e-04,1.936284e-04,2976496.680,5.000000e-04,9.51,2946.17
354,9.735766e-03,4.044184e+01,3.127178e-04,5.128807e-04,2994269.557,8.169552e-03,4.136641e+01,1.580171e-04,4.905480e-04,3034043.805,5.000000e-04,10.16,2956.34
355,8.393114e-03,4.014909e+01,2.967234e-04,2.821941e-04,2995380.418,8.690094e-03,4.112176e+01,3.184966e-04,2.785905e-04,2985509.398,5.000000e-04,10.13,2966.47
356,9.377534e-03,4.077990e+01,3.170667e-04,4.257755e-04,2995306.439,1.156792e-02,3.840628e+01,4.736913e-04,5.980761e-04,2930369.977,5.000000e-04,10.39,2976.86
357,7.151402e-03,3.962678e+01,2.024956e-04,2.327537e-04,2994878.906,7.499400e-03,3.969317e+01,2.192219e-04,2.675729e-04,3008040.281,5.000000e-04,9.83,2986.70
358,8.470215e-03,3.995642e+01,2.524065e-04,3.901015e-04,2995416.232,6.512242e-03,4.108420e+01,9.715675e-05,2.864510e-04,3043796.695,5.000000e-04,9.57,2996.26
359,8.762464e-03,3.999827e+01,2.981887e-04,3.561500e-04,2995577.668,6.624695e-03,3.964511e+01,1.699263e-04,1.921841e-04,2970126.164,5.000000e-04,9.63,3005.90
360,8.044577e-03,4.040840e+01,2.284381e-04,3.438713e-04,2995480.604,5.848124e-03,4.058369e+01,9.533089e-05,1.672893e-04,2989231.805,5.000000e-04,9.81,3015.71
361,9.735437e-03,4.041941e+01,3.397693e-04,4.591606e-04,2994795.924,6.784140e-03,4.004758e+01,1.566810e-04,2.425142e-04,2963537.258,5.000000e-04,9.61,3025.33
362,9.512978e-03,4.053032e+01,3.179138e-04,4.561616e-04,2994322.486,6.326251e-03,4.048794e+01,1.562347e-04,1.430222e-04,2984041.352,5.000000e-04,9.48,3034.80
363,8.941261e-03,4.047912e+01,2.764316e-04,4.258065e-04,2995233.889,7.266889e-03,4.190537e+01,1.549941e-04,3.052822e-04,3045693.430,5.000000e-04,9.79,3044.59
364,1.022169e-02,4.108764e+01,3.677717e-04,4.870410e-04,2995179.783,8.445059e-03,4.085929e+01,3.145410e-04,2.427439e-04,3025369.227,5.000000e-04,9.69,3054.29
365,8.173457e-03,4.048945e+01,2.892377e-04,2.464270e-04,2994593.006,6.366098e-03,4.072380e+01,1.726662e-04,1.134111e-04,3002800.625,5.000000e-04,9.87,3064.17
366,9.358319e-03,4.031251e+01,3.324577e-04,4.004982e-04,2994777.893,8.750122e-03,4.299011e+01,2.653602e-04,3.595016e-04,3049606.922,5.000000e-04,9.68,3073.85
367,7.509783e-03,4.036847e+01,2.166852e-04,2.612170e-04,2995821.865,6.756649e-03,4.134980e+01,1.046478e-04,3.150382e-04,3041100.594,5.000000e-04,9.58,3083.43
368,9.755919e-03,4.031726e+01,3.168248e-04,5.111892e-04,2994225.195,1.128285e-02,4.262665e+01,3.952399e-04,6.135576e-04,2967870.430,5.000000e-04,9.80,3093.26
369,9.517723e-03,4.103364e+01,3.462471e-04,3.903775e-04,2996183.217,9.056211e-03,3.902662e+01,2.183468e-04,5.940163e-04,2949013.781,5.000000e-04,9.71,3102.97
370,8.090553e-03,4.008338e+01,2.403657e-04,3.357116e-04,2994027.234,1.096553e-02,4.186100e+01,4.627042e-04,4.304776e-04,3054866.016,5.000000e-04,9.54,3112.51
371,8.548096e-03,3.992460e+01,2.978257e-04,3.154759e-04,2995775.271,5.501949e-03,3.938323e+01,8.050677e-05,1.517117e-04,3014739.133,5.000000e-04,9.64,3122.15
372,8.603511e-03,3.978694e+01,2.784105e-04,3.681423e-04,2995569.604,6.450621e-03,3.912855e+01,1.628283e-04,1.818965e-04,2968541.617,5.000000e-04,9.69,3131.84
373,8.982808e-03,4.022648e+01,3.094434e-04,3.731450e-04,2995096.199,7.668205e-03,4.006046e+01,2.798414e-04,1.727490e-04,2998772.070,5.000000e-04,10.00,3141.84
374,8.283395e-03,3.944749e+01,2.989224e-04,2.698844e-04,2995174.158,7.976825e-03,3.941096e+01,2.348174e-04,3.375109e-04,2966551.352,5.000000e-04,9.39,3151.24
375,9.067445e-03,3.997457e+01,2.856895e-04,4.426187e-04,2995056.492,6.019733e-03,4.066808e+01,1.336261e-04,1.233329e-04,3008145.523,5.000000e-04,9.19,3160.43
376,7.959055e-03,4.012514e+01,2.496528e-04,2.900026e-04,2995189.945,5.594454e-03,3.889036e+01,9.266126e-05,1.557612e-04,3003401.219,5.000000e-04,9.54,3169.97
377,8.673998e-03,3.983678e+01,3.109151e-04,3.162338e-04,2994754.990,8.864767e-03,4.384922e+01,2.684248e-04,3.591194e-04,3038110.242,5.000000e-04,9.48,3179.45
378,8.653790e-03,3.969621e+01,2.951103e-04,3.466134e-04,2996168.420,8.491442e-03,3.899204e+01,3.065150e-04,3.054176e-04,2952689.672,5.000000e-04,9.27,3188.72
379,8.386217e-03,3.969472e+01,2.543196e-04,3.747097e-04,2994492.332,7.427015e-03,4.046301e+01,2.411073e-04,1.939283e-04,3001642.539,5.000000e-04,8.27,3196.99
380,8.001073e-03,3.963211e+01,2.313927e-04,3.447870e-04,2995623.539,8.402506e-03,4.190006e+01,3.943790e-04,5.374192e-05,2995958.359,5.000000e-04,8.98,3205.97
381,8.012482e-03,3.997168e+01,2.547018e-04,2.936591e-04,2995888.646,8.129977e-03,4.048170e+01,1.252419e-04,5.658776e-04,2961668.086,5.000000e-04,9.39,3215.36
382,7.867342e-03,3.982381e+01,2.148743e-04,3.472435e-04,2995346.646,8.048521e-03,3.990679e+01,3.404514e-04,1.306657e-04,2992361.906,5.000000e-04,8.81,3224.17
383,8.375551e-03,3.959168e+01,2.398349e-04,4.036068e-04,2995736.605,8.973249e-03,4.101423e+01,3.417552e-04,2.908548e-04,3034543.812,5.000000e-04,9.26,3233.43
384,8.525178e-03,3.997019e+01,3.031818e-04,2.992682e-04,2994701.879,8.244262e-03,4.227913e+01,2.804251e-04,2.424195e-04,3014952.641,5.000000e-04,9.50,3242.92
385,8.703849e-03,3.926758e+01,2.868009e-04,3.818164e-04,2995359.311,6.947581e-03,4.098807e+01,1.680731e-04,2.336088e-04,3014859.711,5.000000e-04,9.64,3252.57
386,8.426295e-03,3.974108e+01,2.943078e-04,3.018217e-04,2995484.762,7.368302e-03,3.907026e+01,1.714933e-04,3.492687e-04,3017748.133,5.000000e-04,9.49,3262.06
387,7.493614e-03,3.917239e+01,2.112345e-04,2.928058e-04,2995664.354,5.176053e-03,3.960727e+01,7.612366e-05,9.081795e-05,3015591.977,5.000000e-04,9.49,3271.56
388,7.762782e-03,3.878041e+01,2.346895e-04,3.075693e-04,2994815.236,8.637283e-03,3.991118e+01,3.581395e-04,2.129540e-04,3002774.461,5.000000e-04,10.13,3281.70
389,7.820680e-03,3.895662e+01,2.580053e-04,2.689930e-04,2996128.701,7.480515e-03,3.849369e+01,2.381176e-04,2.499941e-04,2968909.898,5.000000e-04,9.27,3290.97
390,7.320485e-03,3.880380e+01,2.171945e-04,2.536320e-04,2995929.627,6.498232e-03,3.920161e+01,1.597182e-04,1.961779e-04,2977321.734,5.000000e-04,9.29,3300.26
391,8.280726e-03,3.921302e+01,2.759779e-04,3.199290e-04,2995319.178,7.713387e-03,3.858806e+01,2.019276e-04,3.670610e-04,3026891.117,5.000000e-04,9.72,3310.02
392,9.140483e-03,3.928631e+01,3.298690e-04,3.826326e-04,2995459.920,8.837069e-03,3.829011e+01,2.369967e-04,5.276181e-04,2941581.680,5.000000e-04,10.22,3320.25
393,8.446796e-03,3.933311e+01,2.541418e-04,3.944135e-04,2994814.611,6.665800e-03,3.974202e+01,1.272425e-04,2.838347e-04,3027114.648,5.000000e-04,10.11,3330.36
394,8.272888e-03,3.921300e+01,2.851724e-04,2.999728e-04,2994739.771,9.839450e-03,4.005639e+01,3.723412e-04,4.220798e-04,3057626.438,5.000000e-04,9.75,3340.11
395,7.867920e-03,3.903293e+01,2.302151e-04,3.324952e-04,2995911.082,7.059151e-03,3.874058e+01,1.782407e-04,2.805374e-04,2960217.242,5.000000e-04,9.38,3349.50
396,8.344464e-03,3.910835e+01,2.522436e-04,3.822387e-04,2995456.408,8.963908e-03,3.933280e+01,4.438019e-04,1.185219e-04,3003074.594,5.000000e-04,9.52,3359.02
397,8.027101e-03,3.903081e+01,2.745114e-04,2.757812e-04,2995490.756,5.978267e-03,3.888960e+01,1.388811e-04,1.400993e-04,2970317.461,5.000000e-04,9.51,3368.53
398,8.667192e-03,3.923068e+01,2.845578e-04,3.797092e-04,2994880.641,8.405642e-03,4.171556e+01,3.694025e-04,1.080124e-04,2992471.508,5.000000e-04,9.57,3378.10
399,8.044228e-03,3.937986e+01,2.273091e-04,3.666303e-04,2995578.322,6.167815e-03,3.874611e+01,1.218843e-04,2.148721e-04,2965739.383,5.000000e-04,9.25,3387.37
400,7.992615e-03,3.890321e+01,2.534200e-04,3.136190e-04,2995355.576,7.487779e-03,3.867000e+01,2.893365e-04,1.454829e-04,2996227.383,5.000000e-04,9.88,3397.25
401,8.364155e-03,3.915346e+01,2.439881e-04,4.017858e-04,2994722.666,1.930282e-02,4.238676e+01,2.845896e-04,2.443651e-03,3144867.211,5.000000e-04,10.86,3408.11
402,8.784274e-03,3.950794e+01,2.681457e-04,4.304046e-04,2995656.520,6.650381e-03,3.927914e+01,1.662231e-04,2.120471e-04,2972444.766,5.000000e-04,9.25,3417.36
403,8.152080e-03,3.958345e+01,2.377813e-04,3.631846e-04,2995748.100,5.867392e-03,3.823597e+01,1.530521e-04,1.026549e-04,2997461.000,5.000000e-04,9.26,3426.63
404,7.875597e-03,3.912020e+01,2.561489e-04,2.804176e-04,2995121.783,1.000159e-02,4.122861e+01,2.535122e-04,6.687208e-04,3070381.219,5.000000e-04,9.12,3435.75
405,8.035367e-03,3.901542e+01,2.740481e-04,2.786689e-04,2995844.312,7.601825e-03,4.071527e+01,1.568301e-04,3.923996e-04,2995243.875,5.000000e-04,9.08,3444.84
406,7.489890e-03,3.885763e+01,2.101230e-04,3.005795e-04,2995628.910,6.854801e-03,3.795599e+01,1.728493e-04,2.661419e-04,2975984.625,5.000000e-04,9.52,3454.36
407,7.730283e-03,3.884160e+01,1.938669e-04,3.814909e-04,2996485.840,5.802569e-03,3.911740e+01,1.534856e-04,7.119479e-05,3011424.422,5.000000e-04,8.97,3463.33
408,7.533111e-03,3.898106e+01,2.101452e-04,3.067107e-04,2995898.676,7.030603e-03,4.060825e+01,1.704999e-04,2.529559e-04,2994368.484,5.000000e-04,9.11,3472.44
409,8.312003e-03,3.903841e+01,2.609926e-04,3.596471e-04,2995097.322,9.374611e-03,3.836917e+01,1.344588e-04,8.386213e-04,2919672.531,5.000000e-04,9.14,3481.58
410,7.899553e-03,3.900046e+01,2.019830e-04,3.959356e-04,2995847.492,9.949019e-03,4.325965e+01,1.883743e-04,7.478624e-04,2996983.945,5.000000e-04,9.99,3491.57
411,7.747782e-03,3.909711e+01,2.193147e-04,3.289848e-04,2995167.469,6.006789e-03,3.789718e+01,1.393182e-04,1.647778e-04,3004489.234,5.000000e-04,9.46,3501.03
412,8.006622e-03,3.885865e+01,2.378413e-04,3.484688e-04,2994932.873,9.622322e-03,4.127218e+01,3.548653e-04,3.892902e-04,3041065.867,5.000000e-04,8.88,3509.91
413,8.063187e-03,3.935326e+01,2.726680e-04,2.802363e-04,2995977.447,7.083447e-03,4.092861e+01,1.746900e-04,2.487371e-04,3041859.641,5.000000e-04,8.99,3518.91
414,8.859174e-03,3.945632e+01,2.779873e-04,4.267337e-04,2995110.396,6.565557e-03,3.996719e+01,2.032157e-04,1.073360e-04,2999380.133,5.000000e-04,9.34,3528.29
415,7.757212e-03,3.956325e+01,2.373617e-04,2.854541e-04,2995477.643,6.676787e-03,3.954968e+01,2.395644e-04,6.523508e-05,2986208.570,5.000000e-04,9.44,3537.74
416,6.855318e-03,3.870822e+01,1.795469e-04,2.378053e-04,2996412.053,8.619551e-03,3.897653e+01,4.194197e-04,1.055402e-04,2987867.828,5.000000e-04,9.38,3547.13
417,8.366885e-03,3.873411e+01,2.698330e-04,3.590287e-04,2995331.348,5.696154e-03,4.031721e+01,1.008269e-04,1.312327e-04,3015151.945,5.000000e-04,9.46,3556.59
418,7.617744e-03,3.908301e+01,2.228723e-04,2.961441e-04,2995232.182,5.822227e-03,3.913027e+01,9.776341e-05,1.863132e-04,2978401.359,5.000000e-04,9.13,3565.72
419,8.811799e-03,3.904629e+01,2.416031e-04,4.982277e-04,2996547.559,8.170428e-03,4.168796e+01,9.722525e-05,6.058759e-04,3034120.555,5.000000e-04,9.41,3575.13
420,8.282991e-03,3.961657e+01,2.253540e-04,4.135590e-04,2994553.035,9.399701e-03,3.798986e+01,2.996149e-04,5.209133e-04,2940342.305,5.000000e-04,9.57,3584.70
421,7.312132e-03,3.903361e+01,1.967345e-04,2.882852e-04,2995581.650,6.572307e-03,4.017642e+01,1.459822e-04,2.189686e-04,3015194.469,5.000000e-04,9.78,3594.48
422,7.889708e-03,3.914735e+01,2.107704e-04,3.734538e-04,2995838.064,5.892275e-03,3.736321e+01,8.783227e-05,2.555263e-04,2959523.375,5.000000e-04,9.43,3603.92
423,7.997038e-03,3.940149e+01,2.373529e-04,3.366720e-04,2995572.771,8.854985e-03,3.675995e+01,1.900025e-04,6.557930e-04,2935006.227,5.000000e-04,9.59,3613.51
424,7.973650e-03,3.928177e+01,2.294663e-04,3.501619e-04,2995390.385,1.068314e-02,3.908497e+01,5.407071e-04,2.735152e-04,2996966.586,5.000000e-04,9.67,3623.18
425,7.775052e-03,3.901161e+01,2.519202e-04,2.709379e-04,2995957.291,7.786216e-03,3.812497e+01,9.855983e-05,5.976241e-04,2933321.164,5.000000e-04,9.50,3632.68
426,8.566420e-03,3.924806e+01,3.040222e-04,3.202786e-04,2994367.480,8.881499e-03,4.062062e+01,3.129440e-04,3.379994e-04,3037586.141,5.000000e-04,9.68,3642.37
427,8.004080e-03,3.883520e+01,2.670396e-04,2.900328e-04,2995912.584,8.094814e-03,3.662520e+01,1.785459e-04,5.293670e-04,2940205.797,5.000000e-04,10.02,3652.39
428,7.610451e-03,3.888835e+01,2.536315e-04,2.370602e-04,2995788.623,6.398642e-03,3.789948e+01,1.612854e-04,1.991680e-04,2966287.352,5.000000e-04,9.48,3661.88
429,8.302817e-03,3.885744e+01,2.415573e-04,4.003001e-04,2995295.371,5.227497e-03,3.802233e+01,7.489730e-05,1.352583e-04,2971486.953,5.000000e-04,9.78,3671.67
430,9.439553e-03,3.907340e+01,3.267027e-04,4.530371e-04,2994614.414,6.500163e-03,4.040889e+01,8.010068e-05,3.316536e-04,2997162.938,5.000000e-04,9.05,3680.72
431,9.242431e-03,4.023931e+01,3.084216e-04,4.268570e-04,2994738.123,6.331884e-03,3.990579e+01,1.868680e-04,9.452515e-05,2995900.094,5.000000e-04,9.42,3690.14
432,7.316510e-03,3.880950e+01,2.121829e-04,2.627463e-04,2996459.135,1.068522e-02,3.819149e+01,4.551416e-04,4.629309e-04,2947524.617,5.000000e-04,9.87,3700.01
433,7.818010e-03,3.898249e+01,2.424772e-04,2.989979e-04,2994720.236,5.798575e-03,3.946588e+01,4.840492e-05,2.735876e-04,3037653.086,5.000000e-04,9.41,3709.42
434,8.030987e-03,3.893748e+01,2.292613e-04,3.689252e-04,2995751.055,7.531985e-03,3.992784e+01,2.694612e-04,1.689178e-04,2983304.625,5.000000e-04,9.55,3718.97
435,7.557247e-03,3.882334e+01,2.601478e-04,2.146871e-04,2995541.717,6.818306e-03,4.005700e+01,1.950819e-04,1.723573e-04,3025210.273,5.000000e-04,9.67,3728.66
436,8.526828e-03,3.873568e+01,2.792110e-04,3.722301e-04,2995968.324,6.175165e-03,3.831180e+01,1.087990e-04,2.511989e-04,2990501.008,5.000000e-04,9.82,3738.49
437,7.239924e-03,3.883417e+01,1.859130e-04,2.994754e-04,2996210.168,6.511926e-03,3.797561e+01,1.560317e-04,2.308096e-04,2961116.023,5.000000e-04,9.32,3747.81
438,7.961217e-03,3.902711e+01,1.943357e-04,4.230299e-04,2994027.193,6.163657e-03,4.027613e+01,1.239803e-04,1.792482e-04,3023186.609,5.000000e-04,9.46,3757.27
439,7.325524e-03,3.894404e+01,2.063535e-04,2.735170e-04,2997122.000,6.195058e-03,3.747084e+01,1.943863e-04,1.008224e-04,2988614.008,5.000000e-04,9.43,3766.71
440,7.703092e-03,3.861657e+01,2.635929e-04,2.411014e-04,2995552.623,6.215128e-03,3.814572e+01,4.553395e-05,3.890435e-04,2947302.875,5.000000e-04,9.31,3776.02
441,7.137060e-03,3.838959e+01,2.112780e-04,2.370643e-04,2995937.049,5.539059e-03,3.775934e+01,1.231681e-04,1.062889e-04,2982644.266,5.000000e-04,9.16,3785.18
442,7.986873e-03,3.862878e+01,2.205433e-04,3.837123e-04,2995596.670,4.907188e-03,3.861820e+01,6.028330e-05,8.850695e-05,3018588.383,5.000000e-04,9.34,3794.53
443,7.504775e-03,3.882366e+01,2.281768e-04,2.681283e-04,2995949.279,6.336809e-03,3.719329e+01,1.427846e-04,2.379267e-04,2969841.781,5.000000e-04,9.38,3803.91
444,8.620923e-03,3.866344e+01,2.638836e-04,4.231486e-04,2994995.709,8.982039e-03,4.176024e+01,2.252310e-04,5.107408e-04,3047029.773,5.000000e-04,9.14,3813.05
445,7.814980e-03,3.869593e+01,2.332536e-04,3.225702e-04,2995749.709,6.093324e-03,3.786662e+01,9.869736e-05,2.639378e-04,2962578.195,5.000000e-04,9.64,3822.69
446,7.031428e-03,3.834747e+01,1.991240e-04,2.410881e-04,2995744.033,5.750971e-03,3.783024e+01,1.175990e-04,1.583913e-04,2992958.430,5.000000e-04,9.08,3831.77
447,8.255341e-03,3.857214e+01,2.402372e-04,3.991511e-04,2995372.092,7.937536e-03,3.964206e+01,2.158437e-04,3.629786e-04,2971476.352,5.000000e-04,9.09,3840.86
448,7.576807e-03,3.871486e+01,2.204014e-04,3.002614e-04,2995452.752,7.525518e-03,3.997056e+01,2.299321e-04,2.458281e-04,3033742.477,5.000000e-04,9.36,3850.23
449,8.299271e-03,3.903619e+01,2.791039e-04,3.209227e-04,2995193.570,1.076822e-02,4.031185e+01,2.792030e-04,7.890008e-04,3077900.562,5.000000e-04,9.08,3859.31
450,8.585413e-03,3.915249e+01,2.580048e-04,4.180231e-04,2995278.068,5.360018e-03,3.910971e+01,4.969649e-05,1.904164e-04,3014810.906,5.000000e-04,9.34,3868.65
451,7.415253e-03,3.848195e+01,2.176015e-04,2.782085e-04,2997120.971,4.967429e-03,3.879934e+01,7.338415e-05,7.073058e-05,3006332.156,5.000000e-04,9.17,3877.82
452,7.513246e-03,3.866387e+01,2.284395e-04,2.724928e-04,2995218.357,6.315182e-03,4.038146e+01,1.159324e-04,2.235425e-04,3022475.977,5.000000e-04,9.77,3887.60
453,8.194871e-03,3.842472e+01,2.499913e-04,3.704973e-04,2995357.119,1.329969e-02,3.770645e+01,4.971519e-04,9.115057e-04,2928794.555,5.000000e-04,9.42,3897.02
454,7.815679e-03,3.874191e+01,2.456437e-04,2.970102e-04,2996092.641,8.141979e-03,3.835167e+01,3.191179e-04,2.231267e-04,2989852.195,5.000000e-04,9.34,3906.37
455,7.357781e-03,3.863653e+01,2.201986e-04,2.584283e-04,2995735.205,8.737380e-03,3.887994e+01,4.394248e-04,9.102747e-05,2996777.648,5.000000e-04,9.87,3916.23
456,8.121018e-03,3.885457e+01,2.637004e-04,3.197115e-04,2995186.922,1.368354e-02,3.925968e+01,8.622801e-04,2.269539e-04,2979076.547,5.000000e-04,9.33,3925.57
457,7.724929e-03,3.857905e+01,2.424785e-04,2.884479e-04,2995644.766,7.264140e-03,4.031694e+01,1.242369e-04,3.980157e-04,3045602.523,5.000000e-04,9.78,3935.35
458,7.636245e-03,3.879352e+01,2.189452e-04,3.134883e-04,2996128.605,5.874750e-03,3.932533e+01,1.193499e-04,1.497435e-04,2970197.406,5.000000e-04,9.72,3945.07
459,7.219454e-03,3.886716e+01,2.098702e-04,2.468073e-04,2995724.309,7.889593e-03,3.860932e+01,2.683091e-04,2.691141e-04,2999691.734,5.000000e-04,9.80,3954.88
460,8.050469e-03,3.855170e+01,2.384278e-04,3.622041e-04,2995938.484,6.862574e-03,3.888678e+01,1.695163e-04,2.557466e-04,3034155.508,5.000000e-04,9.60,3964.49
461,7.683774e-03,3.841073e+01,2.375825e-04,2.933753e-04,2996396.209,7.670795e-03,3.902557e+01,2.332291e-04,2.871893e-04,2970989.578,5.000000e-04,9.87,3974.37
462,7.629732e-03,3.848123e+01,2.387987e-04,2.787245e-04,2995170.943,1.080737e-02,3.766990e+01,3.527991e-04,7.024778e-04,2940962.328,5.000000e-04,9.82,3984.20
463,7.277052e-03,3.840120e+01,1.963242e-04,2.947380e-04,2995673.811,6.406299e-03,3.713557e+01,1.542411e-04,2.300662e-04,2980225.422,5.000000e-04,9.89,3994.10
464,7.661886e-03,3.857370e+01,1.803952e-04,4.001129e-04,2994942.117,6.858534e-03,4.019991e+01,1.492148e-04,2.692790e-04,3041763.695,5.000000e-04,9.61,4003.71
465,8.379506e-03,3.861122e+01,2.568092e-04,3.900586e-04,2995219.924,6.408201e-03,3.792869e+01,1.913636e-04,1.403393e-04,2987246.820,5.000000e-04,9.66,4013.38
466,7.765137e-03,3.848076e+01,2.124204e-04,3.585714e-04,2995688.797,5.960784e-03,3.856290e+01,1.504146e-04,1.200698e-04,3023047.750,5.000000e-04,9.84,4023.22
467,7.256882e-03,3.830909e+01,1.939764e-04,2.972416e-04,2996237.490,6.272289e-03,3.802029e+01,1.547355e-04,1.845809e-04,3005233.594,5.000000e-04,9.86,4033.09
468,8.052089e-03,3.806167e+01,2.834357e-04,2.823129e-04,2995653.770,9.249931e-03,3.727335e+01,2.879372e-04,5.286449e-04,2936994.266,5.000000e-04,9.73,4042.83
469,7.386899e-03,3.861333e+01,1.792543e-04,3.466045e-04,2994724.074,7.674593e-03,3.790751e+01,7.112829e-05,6.345117e-04,2940043.742,5.000000e-04,9.90,4052.73
470,7.950870e-03,3.885562e+01,2.325300e-04,3.480016e-04,2996455.834,1.046172e-02,3.646612e+01,1.305351e-04,1.101952e-03,2913683.992,5.000000e-04,9.82,4062.55
471,7.362608e-03,3.841276e+01,1.919809e-04,3.203046e-04,2995051.057,6.081456e-03,3.749345e+01,9.559379e-05,2.752347e-04,2971988.211,5.000000e-04,9.96,4072.51
472,8.308137e-03,3.854510e+01,2.598119e-04,3.711016e-04,2995818.150,1.223859e-02,3.883253e+01,4.517345e-04,7.675993e-04,2938269.680,5.000000e-04,9.59,4082.10
473,7.514679e-03,3.864743e+01,2.192180e-04,2.915513e-04,2995552.625,6.372291e-03,3.693502e+01,1.523983e-04,2.309613e-04,2978262.859,5.000000e-04,9.67,4091.78
474,7.159910e-03,3.813940e+01,1.957368e-04,2.777205e-04,2996079.873,1.530494e-02,3.855656e+01,1.014567e-03,2.607224e-04,3008005.609,5.000000e-04,9.64,4101.42
475,7.214445e-03,3.810364e+01,2.202028e-04,2.404104e-04,2996026.996,6.054051e-03,3.720631e+01,1.626334e-04,1.414172e-04,2992907.430,5.000000e-04,9.83,4111.25
476,7.228018e-03,3.814345e+01,2.410444e-04,2.006457e-04,2995716.232,5.549930e-03,3.877109e+01,1.183971e-04,9.777013e-05,2998876.148,5.000000e-04,9.84,4121.11
477,7.402168e-03,3.845173e+01,2.294299e-04,2.525392e-04,2995383.273,4.736120e-03,3.865692e+01,6.063237e-05,5.282093e-05,3010673.602,5.000000e-04,9.53,4130.65
478,7.940609e-03,3.813406e+01,2.352115e-04,3.550176e-04,2996026.902,1.522893e-02,4.010325e+01,7.877566e-04,6.682081e-04,3051715.906,5.000000e-04,9.70,4140.35
479,7.470813e-03,3.823765e+01,2.161751e-04,2.970593e-04,2996053.617,5.482833e-03,3.726651e+01,8.196832e-05,1.872998e-04,2971193.938,5.000000e-04,9.65,4150.01
480,7.155462e-03,3.802504e+01,2.142273e-04,2.421368e-04,2995723.041,5.578436e-03,3.795451e+01,1.244941e-04,1.076088e-04,2999535.047,5.000000e-04,9.67,4159.68
481,7.575574e-03,3.821740e+01,2.224709e-04,3.058251e-04,2995859.135,9.635346e-03,3.621037e+01,1.402516e-04,9.223588e-04,2914093.102,5.000000e-04,9.46,4169.14
482,7.107151e-03,3.831279e+01,1.780185e-04,2.991374e-04,2996086.578,6.435259e-03,3.810681e+01,1.598032e-04,2.053092e-04,2971393.977,5.000000e-04,9.70,4178.84
483,6.860483e-03,3.817815e+01,1.890621e-04,2.304094e-04,2995569.926,9.907392e-03,3.804809e+01,5.567366e-04,1.070435e-04,3014964.594,5.000000e-04,9.82,4188.69
484,7.735033e-03,3.834227e+01,2.015506e-04,3.770599e-04,2994962.889,6.642096e-03,3.954626e+01,1.389999e-04,2.594941e-04,3029415.203,5.000000e-04,10.07,4198.77
485,8.527261e-03,3.839937e+01,2.460304e-04,4.454040e-04,2996466.291,6.950623e-03,3.971324e+01,2.185486e-04,1.587626e-04,3013073.172,5.000000e-04,9.57,4208.34
486,6.806409e-03,3.819277e+01,1.666184e-04,2.641896e-04,2995782.400,5.143830e-03,3.761409e+01,1.106831e-04,5.511786e-05,3002168.406,5.000000e-04,9.42,4217.77
487,7.524512e-03,3.844924e+01,2.096791e-04,3.165596e-04,2995968.354,5.360964e-03,3.894051e+01,1.185490e-04,5.628455e-05,3006484.312,5.000000e-04,9.51,4227.28
488,7.287233e-03,3.804335e+01,2.222153e-04,2.521492e-04,2995740.391,7.184566e-03,3.759048e+01,2.690860e-04,1.469317e-04,3017026.430,5.000000e-04,9.56,4236.84
489,6.889975e-03,3.794706e+01,2.002292e-04,2.185955e-04,2996567.193,7.184496e-03,3.708858e+01,9.371071e-05,5.077062e-04,2941635.141,5.000000e-04,9.66,4246.51
490,7.038359e-03,3.778368e+01,1.844210e-04,2.831561e-04,2995343.068,6.085812e-03,3.850862e+01,1.122905e-04,2.224088e-04,3035973.547,5.000000e-04,9.92,4256.43
491,6.828056e-03,3.825495e+01,1.649365e-04,2.706393e-04,2996745.053,6.055445e-03,3.615454e+01,9.365316e-05,3.006919e-04,2971946.383,5.000000e-04,8.93,4265.36
492,6.853884e-03,3.772445e+01,1.567970e-04,3.026938e-04,2995563.059,9.554473e-03,3.946687e+01,3.016004e-04,5.183566e-04,3059911.422,5.000000e-04,9.12,4274.48
493,7.214595e-03,3.796477e+01,2.140576e-04,2.555085e-04,2995947.533,9.799553e-03,3.918604e+01,1.825619e-04,8.110659e-04,3075287.570,5.000000e-04,9.20,4283.68
494,7.049555e-03,3.785681e+01,1.850906e-04,2.825936e-04,2996439.822,5.599215e-03,3.728779e+01,8.351803e-05,2.070513e-04,2973177.844,5.000000e-04,10.06,4293.75
495,7.500624e-03,3.797325e+01,2.216842e-04,2.972914e-04,2995960.609,6.268025e-03,3.677548e+01,1.069748e-04,3.041459e-04,2972142.500,5.000000e-04,9.69,4303.45
496,7.117482e-03,3.814133e+01,2.054262e-04,2.498173e-04,2995453.789,6.045440e-03,3.971508e+01,1.452403e-04,1.243056e-04,2987867.906,5.000000e-04,9.57,4313.03
497,7.095695e-03,3.843076e+01,1.836074e-04,2.833090e-04,2995809.848,6.975097e-03,3.914380e+01,1.833099e-04,2.455237e-04,3026687.852,5.000000e-04,9.83,4322.87
498,7.189159e-03,3.825948e+01,1.909330e-04,2.907763e-04,2995843.586,7.555528e-03,3.968412e+01,2.625818e-04,1.922597e-04,2966898.883,5.000000e-04,9.59,4332.46
499,6.477859e-03,3.800609e+01,1.520622e-04,2.313257e-04,2996401.398,4.674858e-03,3.738912e+01,4.686182e-05,9.346547e-05,3003952.625,5.000000e-04,9.80,4342.26
500,7.540666e-03,3.787746e+01,2.421762e-04,2.662315e-04,2995721.713,6.234458e-03,3.800761e+01,1.926740e-04,1.013915e-04,3014131.195,5.000000e-04,9.77,4352.03
501,7.650512e-03,3.834457e+01,2.258594e-04,3.114922e-04,2995415.629,6.517465e-03,3.811725e+01,1.472421e-04,2.466640e-04,3025672.891,5.000000e-04,9.72,4361.76
502,7.262885e-03,3.831520e+01,2.147397e-04,2.567938e-04,2997137.254,7.317385e-03,3.747001e+01,1.785543e-04,3.569681e-04,2955262.742,5.000000e-04,9.46,4371.23
503,8.248654e-03,3.854817e+01,2.680345e-04,3.426984e-04,2994533.682,8.002159e-03,4.019739e+01,3.741987e-04,4.808681e-05,2997849.633,5.000000e-04,9.52,4380.76
504,7.488804e-03,3.846726e+01,2.152850e-04,2.978455e-04,2995691.227,6.460319e-03,3.719461e+01,1.874166e-04,1.733382e-04,2979047.984,5.000000e-04,10.34,4391.10
505,7.807926e-03,3.826037e+01,2.481854e-04,3.000071e-04,2995401.895,5.063821e-03,3.749265e+01,8.349994e-05,9.591133e-05,2979402.039,5.000000e-04,9.72,4400.82
506,7.798826e-03,3.878730e+01,2.151803e-04,3.536586e-04,2996226.545,6.573836e-03,4.068505e+01,1.840784e-04,1.329094e-04,2977238.156,5.000000e-04,9.54,4410.37
507,6.990621e-03,3.865114e+01,1.859100e-04,2.532815e-04,2995291.209,5.297680e-03,3.726944e+01,4.559838e-05,2.229503e-04,2978704.508,5.000000e-04,9.49,4419.86
508,7.583458e-03,3.835341e+01,1.978066e-04,3.540104e-04,2996446.801,7.021147e-03,3.705351e+01,9.902587e-05,4.651073e-04,2940363.164,5.000000e-04,9.73,4429.60
509,6.644215e-03,3.820459e+01,1.668757e-04,2.309998e-04,2995983.424,9.384828e-03,3.851576e+01,4.155477e-04,2.755549e-04,2961190.922,5.000000e-04,10.31,4439.92
510,8.340104e-03,3.825902e+01,2.797343e-04,3.433717e-04,2995735.566,1.590294e-02,4.213640e+01,9.231380e-04,4.915842e-04,2955702.469,5.000000e-04,10.20,4450.13
511,7.160349e-03,3.833923e+01,1.872885e-04,2.907081e-04,2995396.492,4.861357e-03,3.717859e+01,8.571368e-05,5.727241e-05,2991014.297,5.000000e-04,9.80,4459.94
512,7.118506e-03,3.781089e+01,1.873226e-04,2.928384e-04,2995531.824,6.839247e-03,4.012222e+01,1.014995e-04,3.624061e-04,3024858.367,5.000000e-04,9.80,4469.74
513,6.797837e-03,3.800280e+01,1.794554e-04,2.406007e-04,2996506.211,6.576426e-03,3.778130e+01,2.365860e-04,8.648717e-05,2997412.344,5.000000e-04,9.80,4479.54
514,7.569036e-03,3.830558e+01,2.139313e-04,3.198332e-04,2995722.422,5.015217e-03,3.876350e+01,7.165142e-05,8.447039e-05,2993480.062,5.000000e-04,9.82,4489.36
515,7.643584e-03,3.822912e+01,2.034761e-04,3.571823e-04,2995310.639,9.189133e-03,4.106375e+01,1.877046e-04,6.411423e-04,3066241.992,5.000000e-04,9.68,4499.05
516,7.402048e-03,3.821261e+01,2.058278e-04,3.045020e-04,2996443.580,6.276887e-03,3.849262e+01,2.040190e-04,7.748700e-05,2999641.203,5.000000e-04,9.55,4508.61
517,7.370364e-03,3.793292e+01,2.472485e-04,2.209174e-04,2995366.186,9.243535e-03,3.964258e+01,1.950771e-04,6.657011e-04,3068202.047,5.000000e-04,9.64,4518.25
518,7.575585e-03,3.808755e+01,1.883165e-04,3.767331e-04,2995903.689,1.108995e-02,4.003383e+01,3.518459e-04,7.136221e-04,3063228.188,5.000000e-04,9.48,4527.73
519,7.880056e-03,3.856489e+01,2.007077e-04,4.032980e-04,2996224.057,4.933998e-03,3.747310e+01,8.092787e-05,7.548191e-05,3007084.539,5.000000e-04,9.37,4537.11
520,7.066097e-03,3.832341e+01,1.920027e-04,2.627457e-04,2996014.688,5.513861e-03,3.760379e+01,9.999316e-05,1.507101e-04,2979396.578,5.000000e-04,9.99,4547.11
521,7.384919e-03,3.806404e+01,2.119169e-04,2.918691e-04,2995893.248,6.993502e-03,3.911951e+01,1.838249e-04,2.486603e-04,3037875.836,5.000000e-04,9.96,4557.07
522,6.895897e-03,3.804875e+01,1.840463e-04,2.501117e-04,2996331.287,7.697490e-03,3.916666e+01,2.361933e-04,2.837782e-04,2990429.641,5.000000e-04,9.75,4566.83
523,7.107545e-03,3.802013e+01,1.962940e-04,2.685183e-04,2995814.545,8.423516e-03,3.887189e+01,4.245112e-04,5.824307e-05,2985679.680,5.000000e-04,9.31,4576.14
524,6.600188e-03,3.786549e+01,1.652018e-04,2.323241e-04,2996379.914,8.670689e-03,3.725533e+01,1.836660e-04,6.216992e-04,2941634.844,5.000000e-04,9.75,4585.90
525,7.449701e-03,3.773719e+01,2.140554e-04,3.070856e-04,2995680.492,1.657314e-02,3.559782e+01,7.611833e-04,1.080305e-03,2919661.102,5.000000e-04,9.08,4594.99
526,7.271467e-03,3.757568e+01,2.117462e-04,2.792876e-04,2995415.494,5.083099e-03,3.858585e+01,7.477615e-05,9.535054e-05,3023162.609,5.000000e-04,9.56,4604.55
527,7.088991e-03,3.772238e+01,2.000878e-04,2.631750e-04,2996157.900,8.057897e-03,3.945935e+01,3.588517e-04,1.046890e-04,3015431.438,5.000000e-04,9.12,4613.67
528,6.992183e-03,3.800395e+01,1.709923e-04,2.963729e-04,2996280.666,7.196507e-03,3.822851e+01,1.699824e-04,3.347666e-04,2954585.250,5.000000e-04,9.37,4623.05
529,6.782632e-03,3.785354e+01,1.709049e-04,2.576460e-04,2995996.426,8.117917e-03,3.717784e+01,3.658263e-04,1.483741e-04,2975839.562,5.000000e-04,9.53,4632.59
530,8.002370e-03,3.821437e+01,2.782592e-04,2.796682e-04,2995209.270,5.474827e-03,3.685837e+01,1.075009e-04,1.427961e-04,2973401.250,5.000000e-04,9.38,4641.99
531,7.163921e-03,3.795924e+01,1.920853e-04,2.894289e-04,2996816.855,8.216680e-03,3.724325e+01,3.494078e-04,1.996555e-04,2964954.141,5.000000e-04,9.12,4651.12
532,8.041647e-03,3.816757e+01,2.607402e-04,3.234977e-04,2995646.340,6.687250e-03,3.728401e+01,2.259830e-04,1.398039e-04,2974550.172,5.000000e-04,9.31,4660.44
533,7.437624e-03,3.815642e+01,2.354759e-04,2.534445e-04,2995776.904,7.261234e-03,3.691276e+01,1.165976e-04,4.807964e-04,2940856.227,5.000000e-04,9.57,4670.02
534,6.471505e-03,3.784743e+01,1.665625e-04,2.042275e-04,2996014.207,6.834259e-03,3.700354e+01,2.205134e-04,1.857542e-04,2969015.539,5.000000e-04,9.72,4679.74
535,7.779125e-03,3.799262e+01,2.531144e-04,2.897439e-04,2995420.225,1.237879e-02,4.061807e+01,5.511518e-04,5.610931e-04,3060522.305,5.000000e-04,9.35,4689.09
536,6.841943e-03,3.777885e+01,1.951390e-04,2.225336e-04,2996569.908,5.109352e-03,3.680523e+01,9.713968e-05,9.148636e-05,2987355.023,5.000000e-04,9.58,4698.67
537,6.999329e-03,3.779896e+01,1.689764e-04,3.059338e-04,2996409.572,6.444527e-03,3.802016e+01,1.333002e-04,2.619017e-04,2970674.477,5.000000e-04,9.87,4708.54
538,7.516806e-03,3.791090e+01,2.126550e-04,3.198332e-04,2994532.750,7.624696e-03,3.798925e+01,2.536168e-04,2.579208e-04,3028524.984,5.000000e-04,9.56,4718.11
539,7.615990e-03,3.810828e+01,2.220852e-04,3.168619e-04,2996768.254,7.999113e-03,3.705742e+01,3.312805e-04,1.961133e-04,2969769.820,5.000000e-04,9.65,4727.76
540,7.342005e-03,3.797849e+01,2.079314e-04,2.929683e-04,2995395.611,5.135942e-03,3.882219e+01,8.968049e-05,7.138346e-05,2989361.492,5.000000e-04,10.00,4737.76
541,7.105015e-03,3.783795e+01,2.233266e-04,2.175909e-04,2996300.154,4.952573e-03,3.773104e+01,8.222348e-05,7.144686e-05,3007849.898,5.000000e-04,9.99,4747.76
542,6.717904e-03,3.770450e+01,1.718170e-04,2.458567e-04,2996050.973,6.250637e-03,3.722392e+01,2.061307e-04,9.338775e-05,2982108.148,5.000000e-04,9.92,4757.68
543,7.869564e-03,3.791863e+01,2.624644e-04,2.906113e-04,2995596.012,8.654867e-03,3.923761e+01,2.706729e-04,4.048754e-04,3044639.047,5.000000e-04,10.11,4767.80
544,6.426033e-03,3.783775e+01,1.523726e-04,2.237063e-04,2996576.459,5.272591e-03,3.762228e+01,6.866641e-05,1.647398e-04,2981133.031,5.000000e-04,10.03,4777.84
545,6.711641e-03,3.754991e+01,1.642598e-04,2.628103e-04,2996407.887,1.103613e-02,3.963510e+01,4.049198e-04,6.046845e-04,2936856.891,5.000000e-04,9.94,4787.78
546,7.608324e-03,3.860806e+01,2.107768e-04,3.279500e-04,2995262.316,5.187158e-03,3.724889e+01,1.004866e-04,9.148047e-05,2993524.648,5.000000e-04,10.04,4797.83
547,6.936928e-03,3.753093e+01,1.896925e-04,2.573819e-04,2995488.906,6.630375e-03,3.900673e+01,2.213401e-04,1.032603e-04,3020855.000,5.000000e-04,9.82,4807.66
548,7.233738e-03,3.802487e+01,2.014670e-04,2.833161e-04,2996787.992,6.407434e-03,3.719633e+01,1.592165e-04,2.191272e-04,3010596.031,5.000000e-04,10.02,4817.68
549,6.897041e-03,3.730247e+01,1.828516e-04,2.676554e-04,2995705.506,5.817844e-03,3.705171e+01,6.943657e-05,2.836614e-04,2955121.367,5.000000e-04,9.92,4827.60
550,6.830495e-03,3.765649e+01,1.550574e-04,3.028545e-04,2996488.227,1.123910e-02,3.652610e+01,5.227380e-04,4.718213e-04,2943131.016,5.000000e-04,10.30,4837.91
551,7.146674e-03,3.787223e+01,1.765859e-04,3.187185e-04,2995633.807,6.946669e-03,3.802072e+01,1.617978e-04,3.053239e-04,3037621.141,5.000000e-04,12.34,4850.25
552,6.795994e-03,3.762679e+01,1.797716e-04,2.471197e-04,2996431.432,4.930351e-03,3.836372e+01,7.150922e-05,7.577732e-05,2999508.664,5.000000e-04,11.21,4861.47
553,7.551846e-03,3.785508e+01,1.742611e-04,4.047454e-04,2995409.666,4.422162e-03,3.740956e+01,4.850464e-05,3.923184e-05,3002076.062,5.000000e-04,10.34,4871.81
554,6.466487e-03,3.754291e+01,1.508058e-04,2.408277e-04,2996780.855,4.811694e-03,3.770457e+01,6.395748e-05,8.033242e-05,2987454.938,5.000000e-04,9.52,4881.33
555,6.432791e-03,3.745086e+01,1.443096e-04,2.489218e-04,2995951.150,1.004881e-02,3.759737e+01,5.680211e-04,1.217731e-04,2988056.648,5.000000e-04,9.55,4890.89
556,7.164104e-03,3.745960e+01,2.447809e-04,1.940669e-04,2996154.148,9.054839e-03,3.798151e+01,3.615322e-04,3.282733e-04,3031118.234,5.000000e-04,9.29,4900.19
557,6.771760e-03,3.749682e+01,1.750915e-04,2.542327e-04,2996451.365,5.588341e-03,3.771597e+01,1.117035e-04,1.399418e-04,2977205.758,5.000000e-04,10.27,4910.47
558,6.852036e-03,3.773653e+01,1.801017e-04,2.554732e-04,2995497.287,5.920048e-03,3.777853e+01,1.525176e-04,1.234039e-04,3008246.648,5.000000e-04,9.87,4920.35
559,6.567842e-03,3.763342e+01,1.721088e-04,2.166825e-04,2996607.186,8.560595e-03,3.685424e+01,3.388671e-04,2.973000e-04,2969828.000,5.000000e-04,9.39,4929.73
560,6.380690e-03,3.739653e+01,1.698055e-04,1.885962e-04,2996214.432,7.728529e-03,3.663444e+01,3.443332e-04,1.243506e-04,2978713.367,5.000000e-04,9.76,4939.49
561,6.823542e-03,3.741166e+01,1.749404e-04,2.665946e-04,2996430.664,5.384892e-03,3.734229e+01,9.594485e-05,1.382430e-04,2998916.992,5.000000e-04,9.75,4949.24
562,6.436205e-03,3.709516e+01,1.726485e-04,2.000408e-04,2996223.484,5.124689e-03,3.718218e+01,7.054647e-05,1.402013e-04,2983937.516,5.000000e-04,9.71,4958.97
563,6.985586e-03,3.739780e+01,1.978946e-04,2.533721e-04,2996089.029,6.831598e-03,3.833310e+01,1.449827e-04,3.096922e-04,2977457.211,5.000000e-04,9.37,4968.34
564,6.669128e-03,3.743182e+01,1.554220e-04,2.743453e-04,2995527.682,6.991844e-03,3.856675e+01,2.082232e-04,2.105875e-04,3027845.977,5.000000e-04,9.22,4977.56
565,8.140025e-03,3.776524e+01,2.015116e-04,4.696771e-04,2996052.133,6.608201e-03,3.799550e+01,1.839926e-04,1.937449e-04,2983852.891,5.000000e-04,9.70,4987.27
566,6.437150e-03,3.755873e+01,1.604930e-04,2.152694e-04,2996512.625,1.016730e-02,3.760218e+01,4.780884e-04,3.252405e-04,2959863.055,5.000000e-04,9.42,4996.69
567,6.053331e-03,3.739881e+01,1.407605e-04,1.811690e-04,2996396.215,5.113375e-03,3.760878e+01,9.893083e-05,7.263784e-05,3000100.344,5.000000e-04,9.22,5005.91
568,7.437451e-03,3.724737e+01,2.446863e-04,2.531703e-04,2995939.877,6.292391e-03,3.808685e+01,1.605192e-04,1.757028e-04,3034653.453,5.000000e-04,9.24,5015.16
569,6.548612e-03,3.739920e+01,1.782262e-04,2.052859e-04,2996686.133,4.867542e-03,3.790297e+01,4.690798e-05,1.216332e-04,2979099.688,5.000000e-04,9.37,5024.55
570,7.104784e-03,3.773698e+01,1.776807e-04,3.108559e-04,2995267.668,6.615981e-03,3.777850e+01,1.078288e-04,3.519687e-04,3040906.539,5.000000e-04,9.03,5033.59
571,6.960981e-03,3.744481e+01,1.819979e-04,2.793042e-04,2996704.490,5.733984e-03,3.647592e+01,1.405514e-04,1.361757e-04,2973117.508,5.000000e-04,8.98,5042.57
572,6.521985e-03,3.715642e+01,1.764448e-04,2.083790e-04,2995522.211,6.028536e-03,3.797847e+01,1.673961e-04,1.113456e-04,3020149.578,5.000000e-04,9.30,5051.89
573,6.596737e-03,3.744611e+01,1.584848e-04,2.534557e-04,2996980.424,8.814234e-03,3.724401e+01,1.624304e-04,6.931057e-04,2959633.156,5.000000e-04,9.19,5061.09
574,6.568141e-03,3.743562e+01,1.767279e-04,2.114599e-04,2995727.086,5.242711e-03,3.885243e+01,4.486713e-05,1.817592e-04,3026748.641,5.000000e-04,9.27,5070.37
575,7.177790e-03,3.753878e+01,1.897475e-04,3.052872e-04,2995803.705,6.932507e-03,3.851072e+01,2.143191e-04,1.876488e-04,3032239.109,5.000000e-04,9.24,5079.61
576,6.235299e-03,3.730451e+01,1.513900e-04,1.981895e-04,2996216.332,8.800963e-03,3.979538e+01,1.965316e-04,5.712219e-04,3058083.734,5.000000e-04,10.88,5090.50
577,7.511631e-03,3.762698e+01,2.230029e-04,3.037808e-04,2996334.734,1.088493e-02,3.555014e+01,2.972903e-04,8.714032e-04,2919499.367,5.000000e-04,9.04,5099.55
578,7.563830e-03,3.737035e+01,2.530706e-04,2.592179e-04,2996379.582,7.843000e-03,3.536859e+01,9.544433e-05,6.703395e-04,2926589.016,5.000000e-04,9.49,5109.04
579,7.213084e-03,3.731349e+01,1.729293e-04,3.504883e-04,2995816.359,7.287609e-03,3.615428e+01,5.269799e-05,6.290403e-04,2930405.711,5.000000e-04,9.55,5118.60
580,7.147064e-03,3.747272e+01,1.866254e-04,3.067077e-04,2995733.084,5.262449e-03,3.682724e+01,7.518103e-05,1.655830e-04,2995743.500,5.000000e-04,9.17,5127.77
581,6.595297e-03,3.748128e+01,1.590663e-04,2.513012e-04,2996223.664,5.974007e-03,3.763384e+01,1.648330e-04,1.124586e-04,3003926.602,5.000000e-04,9.82,5137.60
582,6.570359e-03,3.731935e+01,1.528707e-04,2.619435e-04,2996033.277,5.234230e-03,3.751309e+01,1.108952e-04,7.479391e-05,3012581.258,5.000000e-04,9.40,5147.00
583,7.452645e-03,3.758910e+01,2.180000e-04,3.027470e-04,2996006.492,4.689699e-03,3.834343e+01,5.346860e-05,6.413417e-05,3001320.555,5.000000e-04,8.95,5155.96
584,6.472105e-03,3.743503e+01,1.503550e-04,2.450105e-04,2996189.531,4.657539e-03,3.684778e+01,4.890971e-05,9.673272e-05,2990156.188,5.000000e-04,8.89,5164.86
585,7.139401e-03,3.755499e+01,1.806983e-04,3.153837e-04,2996531.695,7.270239e-03,3.776957e+01,2.898550e-04,1.189465e-04,2988854.844,5.000000e-04,9.21,5174.07
586,7.360446e-03,3.754926e+01,1.961995e-04,3.287050e-04,2995316.582,7.170088e-03,3.966755e+01,1.580839e-04,3.244988e-04,3044018.445,5.000000e-04,9.72,5183.79
587,6.174705e-03,3.729115e+01,1.576886e-04,1.737408e-04,2996998.400,6.181535e-03,3.693322e+01,1.247955e-04,2.480515e-04,2972057.648,5.000000e-04,9.58,5193.37
588,6.906252e-03,3.751604e+01,1.886609e-04,2.536078e-04,2996249.561,5.589191e-03,3.766104e+01,1.345677e-04,9.548201e-05,2998779.906,5.000000e-04,9.08,5202.46
589,6.738743e-03,3.720919e+01,1.472966e-04,3.089715e-04,2996436.604,7.281827e-03,3.590738e+01,2.175353e-04,3.031472e-04,2968771.773,5.000000e-04,9.50,5211.97
590,7.065727e-03,3.729355e+01,2.286029e-04,2.100685e-04,2995682.521,8.753068e-03,3.629234e+01,1.358931e-04,7.529809e-04,2924270.516,5.000000e-04,9.03,5221.01
591,6.653753e-03,3.732870e+01,1.576637e-04,2.688491e-04,2996469.109,4.738640e-03,3.662081e+01,7.004914e-05,7.521360e-05,2994227.680,5.000000e-04,9.14,5230.15
592,6.704050e-03,3.717621e+01,1.737126e-04,2.498606e-04,2995988.947,6.915438e-03,3.838819e+01,2.113043e-04,1.927152e-04,3013078.672,5.000000e-04,9.20,5239.35
593,6.754535e-03,3.736019e+01,1.746866e-04,2.543299e-04,2997053.500,9.275944e-03,3.582130e+01,9.987081e-05,9.390213e-04,2913175.602,5.000000e-04,9.26,5248.61
594,6.464320e-03,3.733555e+01,1.513353e-04,2.434824e-04,2995342.115,6.240515e-03,3.691612e+01,1.129995e-04,2.837816e-04,2960498.422,5.000000e-04,9.49,5258.10
595,7.845784e-03,3.731094e+01,2.130116e-04,3.969149e-04,2996279.320,1.264596e-02,3.464711e+01,8.401369e-05,1.668223e-03,2895152.828,5.000000e-04,9.32,5267.42
596,7.099769e-03,3.759926e+01,1.889017e-04,2.901650e-04,2995699.062,5.972859e-03,3.650697e+01,8.077553e-05,3.028813e-04,2957043.844,5.000000e-04,9.44,5276.86
597,6.920159e-03,3.768376e+01,1.912733e-04,2.478101e-04,2995909.549,5.052012e-03,3.744586e+01,1.084456e-04,4.459388e-05,3004385.961,5.000000e-04,9.44,5286.31
598,6.365847e-03,3.746085e+01,1.397694e-04,2.444138e-04,2996721.637,6.031627e-03,3.723041e+01,1.590701e-04,1.435770e-04,2986442.984,5.000000e-04,9.38,5295.70
599,6.456419e-03,3.715079e+01,1.622245e-04,2.238190e-04,2995991.922,7.871139e-03,3.891202e+01,3.239522e-04,1.480831e-04,3005390.719,5.000000e-04,9.37,5305.08
600,7.088990e-03,3.759799e+01,1.763072e-04,3.132238e-04,2996965.162,7.171215e-03,3.572602e+01,1.483043e-04,4.231140e-04,2945940.281,5.000000e-04,9.56,5314.64
601,6.761644e-03,3.753368e+01,1.683301e-04,2.649951e-04,2995104.920,6.780447e-03,3.893609e+01,1.394238e-04,2.985200e-04,3042348.891,5.000000e-04,9.45,5324.09
602,6.901779e-03,3.747759e+01,1.890735e-04,2.526571e-04,2996746.678,6.516492e-03,3.660466e+01,1.595382e-04,2.521290e-04,2965108.711,5.000000e-04,9.49,5333.59
603,6.038786e-03,3.702092e+01,1.605866e-04,1.461658e-04,2995894.025,6.691401e-03,3.728141e+01,1.446979e-04,3.032562e-04,3038963.148,5.000000e-04,9.30,5342.89
604,6.962449e-03,3.743141e+01,1.793895e-04,2.850827e-04,2996491.777,1.112113e-02,3.584266e+01,3.348333e-04,8.377063e-04,2921412.219,5.000000e-04,9.27,5352.16
605,6.838467e-03,3.765514e+01,2.047701e-04,2.050503e-04,2995519.793,6.250642e-03,3.650739e+01,1.319623e-04,2.560560e-04,2957311.664,5.000000e-04,9.58,5361.74
606,6.463044e-03,3.713351e+01,1.489994e-04,2.519398e-04,2996350.770,5.598968e-03,3.625351e+01,9.010115e-05,2.145212e-04,2972446.391,5.000000e-04,9.04,5370.78
607,6.357450e-03,3.727099e+01,1.456154e-04,2.348395e-04,2996258.754,6.680381e-03,3.633345e+01,1.759474e-04,2.575126e-04,2961059.328,5.000000e-04,8.89,5379.67
608,7.018148e-03,3.743193e+01,2.040460e-04,2.468990e-04,2996218.904,7.459083e-03,3.745562e+01,1.947732e-04,3.531578e-04,2980901.250,5.000000e-04,9.23,5388.91
609,6.482982e-03,3.721171e+01,1.640233e-04,2.243156e-04,2996080.373,5.047979e-03,3.726488e+01,5.881901e-05,1.466602e-04,3029274.234,5.000000e-04,9.66,5398.57
610,5.971814e-03,3.685855e+01,1.316254e-04,1.939409e-04,2996551.691,6.085617e-03,3.692528e+01,1.154640e-04,2.476898e-04,3005774.445,5.000000e-04,9.38,5407.95
611,7.806830e-03,3.741081e+01,1.885081e-04,4.361336e-04,2996436.119,1.145074e-02,3.666238e+01,6.266217e-04,3.036569e-04,2964787.938,5.000000e-04,9.46,5417.45
612,6.741630e-03,3.754370e+01,1.887749e-04,2.199023e-04,2995757.252,7.069140e-03,3.879684e+01,2.037436e-04,2.304040e-04,3026791.930,5.000000e-04,9.48,5426.92
613,6.628365e-03,3.716357e+01,1.913842e-04,1.996334e-04,2996051.299,4.881094e-03,3.700737e+01,8.941531e-05,5.724082e-05,2992443.336,5.000000e-04,9.46,5436.39
614,6.917164e-03,3.718199e+01,2.009876e-04,2.378178e-04,2996230.225,4.960597e-03,3.685014e+01,8.276996e-05,8.957671e-05,3002139.664,5.000000e-04,9.66,5446.05
615,6.291380e-03,3.700508e+01,1.675355e-04,1.831034e-04,2996759.793,9.629178e-03,3.777395e+01,3.337452e-04,5.028663e-04,2983340.359,5.000000e-04,9.75,5455.80
616,6.772516e-03,3.731870e+01,1.756613e-04,2.568066e-04,2995958.314,5.611763e-03,3.711889e+01,1.448986e-04,9.017779e-05,3016546.328,5.000000e-04,9.26,5465.06
617,6.439002e-03,3.690112e+01,1.640553e-04,2.216674e-04,2996463.887,6.122907e-03,3.562391e+01,1.070736e-04,2.979559e-04,2952711.000,5.000000e-04,9.10,5474.17
618,6.408572e-03,3.692002e+01,1.807540e-04,1.818060e-04,2996022.025,6.470827e-03,3.525676e+01,1.490254e-04,2.909795e-04,2966205.383,5.000000e-04,9.66,5483.84
619,6.809303e-03,3.691946e+01,1.571618e-04,3.091478e-04,2995522.293,7.430721e-03,3.938899e+01,9.736960e-05,5.036252e-04,3063069.242,5.000000e-04,10.06,5493.90
620,6.878307e-03,3.739796e+01,1.785873e-04,2.705275e-04,2996980.479,6.307113e-03,3.735884e+01,2.263514e-04,6.154282e-05,2998487.984,5.000000e-04,9.69,5503.60
621,6.433924e-03,3.712198e+01,1.426877e-04,2.589697e-04,2996929.590,7.703050e-03,3.886291e+01,1.253409e-04,5.126699e-04,2948116.859,5.000000e-04,9.82,5513.42
622,6.227258e-03,3.711143e+01,1.341143e-04,2.349943e-04,2995567.434,5.145917e-03,3.733151e+01,5.587992e-05,1.707933e-04,3006456.789,5.000000e-04,9.63,5523.05
623,7.076942e-03,3.707280e+01,2.116169e-04,2.506987e-04,2996377.932,5.979448e-03,3.659788e+01,1.133509e-04,2.372302e-04,2974875.609,5.000000e-04,9.33,5532.39
624,7.060518e-03,3.746539e+01,2.062898e-04,2.502164e-04,2996322.018,5.115602e-03,3.753500e+01,9.917488e-05,7.407048e-05,3006965.047,5.000000e-04,10.04,5542.43
625,6.958820e-03,3.709321e+01,2.076941e-04,2.345118e-04,2995776.893,6.316284e-03,3.721892e+01,1.837092e-04,1.514600e-04,3023691.938,5.000000e-04,9.46,5551.89
626,6.503841e-03,3.701169e+01,1.681198e-04,2.242948e-04,2997053.711,7.930892e-03,3.596087e+01,3.665202e-04,1.339205e-04,2974245.930,5.000000e-04,9.54,5561.43
627,6.759891e-03,3.712596e+01,1.830356e-04,2.433880e-04,2996567.340,7.035232e-03,3.663880e+01,1.575508e-04,3.591687e-04,2955571.102,5.000000e-04,9.50,5570.93
628,6.563013e-03,3.704635e+01,1.501178e-04,2.714400e-04,2995875.361,5.605952e-03,3.709776e+01,1.507434e-04,7.774838e-05,2999472.656,5.000000e-04,9.54,5580.48
629,6.210185e-03,3.716987e+01,1.605848e-04,1.774699e-04,2996055.074,5.638237e-03,3.789555e+01,1.213573e-04,1.270217e-04,3027767.750,5.000000e-04,9.07,5589.55
630,6.188938e-03,3.699497e+01,1.388908e-04,2.201068e-04,2996587.566,5.900110e-03,3.724720e+01,1.285893e-04,1.778995e-04,3019672.672,5.000000e-04,9.25,5598.80
631,6.992706e-03,3.738044e+01,2.054382e-04,2.400560e-04,2996141.658,5.594542e-03,3.669693e+01,1.303482e-04,1.242736e-04,2992680.359,5.000000e-04,10.15,5608.95
632,6.075424e-03,3.693044e+01,1.499056e-04,1.766648e-04,2996770.709,5.150336e-03,3.637067e+01,1.238482e-04,5.495751e-05,2996734.438,5.000000e-04,8.54,5617.50
633,6.023087e-03,3.684594e+01,1.424525e-04,1.827936e-04,2996442.645,6.868774e-03,3.577051e+01,2.492505e-04,1.598436e-04,2969936.656,5.000000e-04,9.15,5626.66
634,6.513359e-03,3.686247e+01,1.769592e-04,2.115040e-04,2995950.648,5.529439e-03,3.632878e+01,8.571495e-05,2.078822e-04,2963735.188,5.000000e-04,9.18,5635.84
635,6.288643e-03,3.697397e+01,1.676387e-04,1.829716e-04,2996351.600,7.449365e-03,3.806088e+01,2.506408e-04,2.273738e-04,3033934.078,5.000000e-04,9.18,5645.03
636,5.826110e-03,3.681534e+01,1.238238e-04,1.812677e-04,2996701.619,5.996024e-03,3.760707e+01,9.604292e-05,2.549776e-04,3041874.938,5.000000e-04,9.36,5654.40
637,7.033360e-03,3.697056e+01,1.863894e-04,2.944819e-04,2996302.992,5.511523e-03,3.638530e+01,1.645286e-04,4.554150e-05,2996340.867,5.000000e-04,9.38,5663.79
638,6.351619e-03,3.681417e+01,1.449257e-04,2.441892e-04,2996654.377,6.255239e-03,3.695039e+01,1.551061e-04,2.018278e-04,2966856.133,5.000000e-04,9.33,5673.13
639,6.453256e-03,3.685396e+01,1.382222e-04,2.771274e-04,2995972.604,5.647259e-03,3.645493e+01,7.079939e-05,2.587545e-04,2970064.172,5.000000e-04,9.37,5682.51
640,6.005573e-03,3.674921e+01,1.419954e-04,1.821395e-04,2996364.301,6.461393e-03,3.610801e+01,2.123381e-04,1.454421e-04,2973462.344,5.000000e-04,9.73,5692.24
641,6.728399e-03,3.691007e+01,2.084085e-04,1.906615e-04,2996043.184,5.767075e-03,3.744454e+01,1.492956e-04,1.059330e-04,3017459.758,5.000000e-04,9.85,5702.10
642,6.971348e-03,3.700367e+01,1.579376e-04,3.383209e-04,2996027.701,7.039398e-03,3.887359e+01,1.931212e-04,2.441653e-04,3037915.094,5.000000e-04,9.68,5711.80
643,6.912866e-03,3.716628e+01,1.665206e-04,3.062066e-04,2996785.928,6.283508e-03,3.624085e+01,1.948750e-04,1.421347e-04,2974256.227,5.000000e-04,9.34,5721.14
644,6.366971e-03,3.682965e+01,1.632895e-04,2.102222e-04,2995753.504,1.096024e-02,3.708920e+01,5.756874e-04,2.988889e-04,2966351.320,5.000000e-04,8.92,5730.07
645,6.280388e-03,3.701866e+01,1.669650e-04,1.817745e-04,2996562.393,5.016977e-03,3.691302e+01,8.357506e-05,9.798473e-05,2983500.469,5.000000e-04,9.58,5739.66
646,6.540533e-03,3.699883e+01,1.555141e-04,2.571017e-04,2996019.541,7.025190e-03,3.721210e+01,1.694036e-04,3.219888e-04,3032999.633,5.000000e-04,9.11,5748.78
647,6.406359e-03,3.717476e+01,1.647427e-04,2.082912e-04,2996516.805,6.204152e-03,3.603186e+01,5.396982e-05,4.122536e-04,2951663.695,5.000000e-04,9.32,5758.11
648,6.328010e-03,3.672842e+01,1.739965e-04,1.830406e-04,2996417.590,1.014928e-02,3.678448e+01,3.461418e-04,6.018821e-04,2938607.266,5.000000e-04,9.24,5767.35
649,7.032765e-03,3.699540e+01,2.108394e-04,2.449662e-04,2995808.295,6.422739e-03,3.729048e+01,2.460160e-04,4.670620e-05,2993148.711,5.000000e-04,9.03,5776.38
650,6.324586e-03,3.681551e+01,1.686675e-04,1.912720e-04,2996387.477,5.817376e-03,3.762804e+01,8.883230e-05,2.332497e-04,3031241.336,5.000000e-04,9.31,5785.69
651,6.518077e-03,3.685388e+01,1.389140e-04,2.887097e-04,2995871.250,8.916687e-03,3.785773e+01,1.808451e-04,6.644927e-04,3067027.586,5.000000e-04,9.30,5795.00
652,6.534972e-03,3.690757e+01,1.658182e-04,2.372068e-04,2997153.746,5.813378e-03,3.683406e+01,1.837675e-04,5.845932e-05,2990379.570,5.000000e-04,9.01,5804.02
653,6.121824e-03,3.677031e+01,1.405325e-04,2.078936e-04,2996529.445,8.094407e-03,3.620202e+01,3.581712e-04,1.784986e-04,3013979.594,5.000000e-04,9.17,5813.19
654,7.017430e-03,3.693147e+01,1.843301e-04,2.961963e-04,2995456.668,7.809419e-03,3.801749e+01,1.371323e-04,5.272696e-04,3056435.219,5.000000e-04,9.20,5822.39
655,6.292778e-03,3.694045e+01,1.449085e-04,2.299296e-04,2997178.793,4.641278e-03,3.617318e+01,4.428232e-05,1.162274e-04,2979487.641,5.000000e-04,9.27,5831.66
656,6.193966e-03,3.684668e+01,1.712726e-04,1.593145e-04,2996648.891,7.246328e-03,3.599316e+01,2.234748e-04,2.824529e-04,2957470.133,5.000000e-04,8.84,5840.50
657,6.567839e-03,3.688179e+01,1.484278e-04,2.790766e-04,2996138.271,4.918167e-03,3.578724e+01,8.305602e-05,1.017765e-04,2974144.508,5.000000e-04,9.40,5849.91
658,6.358646e-03,3.686809e+01,1.422555e-04,2.498565e-04,2996131.035,4.482144e-03,3.621903e+01,5.006390e-05,7.192032e-05,3005451.383,5.000000e-04,9.84,5859.75
659,6.131699e-03,3.656134e+01,1.360598e-04,2.229935e-04,2996589.428,6.528965e-03,3.795783e+01,1.398261e-04,2.669841e-04,3035125.297,5.000000e-04,9.48,5869.23
660,6.612740e-03,3.702861e+01,1.658972e-04,2.501816e-04,2996413.295,6.790807e-03,3.629909e+01,1.246190e-04,3.829416e-04,2953882.641,5.000000e-04,9.25,5878.48
661,6.338194e-03,3.689843e+01,1.582031e-04,2.132640e-04,2996753.363,8.060827e-03,3.561754e+01,1.248713e-04,6.500720e-04,2931869.930,5.000000e-04,9.83,5888.32
662,6.416142e-03,3.689714e+01,1.420398e-04,2.612060e-04,2996053.619,5.118820e-03,3.668888e+01,8.214129e-05,1.257038e-04,2973694.039,5.000000e-04,10.17,5898.49
663,6.485687e-03,3.684513e+01,1.297572e-04,3.007204e-04,2995887.803,5.729543e-03,3.668229e+01,1.709370e-04,7.038876e-05,2987209.609,5.000000e-04,9.58,5908.07
664,6.722656e-03,3.688228e+01,1.919232e-04,2.230390e-04,2995801.764,7.386362e-03,3.957925e+01,1.605883e-04,3.645107e-04,3053079.258,5.000000e-04,9.67,5917.73
665,6.620702e-03,3.699943e+01,1.859263e-04,2.122993e-04,2996571.113,5.568367e-03,3.723662e+01,1.334858e-04,1.019695e-04,3024564.875,5.000000e-04,9.95,5927.69
666,6.559202e-03,3.687732e+01,1.647096e-04,2.448750e-04,2996396.887,6.472085e-03,3.825063e+01,1.643462e-04,2.007122e-04,3016609.594,5.000000e-04,9.82,5937.51
667,6.326669e-03,3.690840e+01,1.628830e-04,2.013998e-04,2996196.818,5.993392e-03,3.794393e+01,9.929418e-05,2.412115e-04,3040305.836,5.000000e-04,9.70,5947.22
668,6.368912e-03,3.681525e+01,1.435449e-04,2.503876e-04,2996411.568,5.786945e-03,3.654685e+01,1.621166e-04,1.022189e-04,3005071.508,5.000000e-04,9.99,5957.21
669,6.156947e-03,3.657874e+01,1.548918e-04,1.900311e-04,2996292.762,5.634830e-03,3.629209e+01,1.584059e-04,8.431237e-05,2989612.250,5.000000e-04,9.76,5966.97
670,6.631075e-03,3.684097e+01,1.950600e-04,1.992755e-04,2996435.180,6.499926e-03,3.598870e+01,9.904615e-05,3.821191e-04,2947639.016,5.000000e-04,9.51,5976.49
671,6.243075e-03,3.689111e+01,1.405749e-04,2.296431e-04,2996421.406,8.477221e-03,3.780762e+01,1.220950e-04,6.951018e-04,3067864.367,5.000000e-04,10.03,5986.52
672,6.702135e-03,3.689065e+01,1.798793e-04,2.428553e-04,2996284.559,4.633998e-03,3.664475e+01,6.885441e-05,5.619568e-05,2985019.648,5.000000e-04,9.59,5996.13
673,6.275012e-03,3.678321e+01,1.673710e-04,1.845962e-04,2996126.537,5.957758e-03,3.699260e+01,1.445992e-04,1.625011e-04,3009423.250,5.000000e-04,9.36,6005.50
674,6.218852e-03,3.667616e+01,1.453054e-04,2.196363e-04,2997082.273,5.980644e-03,3.483679e+01,6.866688e-05,3.620594e-04,2951485.867,5.000000e-04,9.60,6015.09
675,6.107189e-03,3.650982e+01,1.290345e-04,2.331726e-04,2995804.488,5.738750e-03,3.692255e+01,1.417416e-04,1.258157e-04,3024963.836,5.000000e-04,9.49,6024.58
676,6.568604e-03,3.679270e+01,1.819949e-04,2.138771e-04,2996209.775,9.168588e-03,3.768188e+01,1.627861e-04,7.545079e-04,3046705.242,5.000000e-04,9.71,6034.29
677,6.550075e-03,3.687249e+01,1.579096e-04,2.567460e-04,2996308.152,6.258058e-03,3.732982e+01,2.059673e-04,9.308062e-05,2982833.219,5.000000e-04,9.49,6043.78
678,6.111258e-03,3.679624e+01,1.358646e-04,2.145977e-04,2996739.213,5.010348e-03,3.701952e+01,1.029074e-04,5.586440e-05,3006612.555,5.000000e-04,9.48,6053.26
679,6.637289e-03,3.682842e+01,1.917452e-04,2.073991e-04,2995930.951,8.262032e-03,3.588645e+01,3.568386e-04,2.210002e-04,2987585.078,5.000000e-04,9.52,6062.79
680,6.228364e-03,3.678303e+01,1.738216e-04,1.623689e-04,2996851.918,5.068989e-03,3.617309e+01,1.090928e-04,7.215035e-05,2979253.625,5.000000e-04,9.55,6072.34
681,6.363941e-03,3.647559e+01,1.806747e-04,1.819271e-04,2995978.584,6.740672e-03,3.740702e+01,1.523122e-04,2.953694e-04,3038537.328,5.000000e-04,9.27,6081.61
682,6.079008e-03,3.656500e+01,1.386121e-04,2.072772e-04,2996949.836,5.911647e-03,3.612103e+01,1.187480e-04,2.224129e-04,2968249.000,5.000000e-04,9.47,6091.08
683,6.005946e-03,3.657667e+01,1.269830e-04,2.156897e-04,2996611.062,7.122371e-03,3.598420e+01,2.586532e-04,1.874840e-04,2966341.375,5.000000e-04,9.77,6100.87
684,6.141893e-03,3.664089e+01,1.688543e-04,1.578522e-04,2996474.619,5.486991e-03,3.663706e+01,8.940851e-05,1.858401e-04,2986705.641,5.000000e-04,9.37,6110.24
685,6.810078e-03,3.682690e+01,1.926292e-04,2.402193e-04,2995744.498,5.572221e-03,3.783690e+01,1.141207e-04,1.294649e-04,3028754.750,5.000000e-04,9.28,6119.52
686,6.250472e-03,3.688219e+01,1.693718e-04,1.737071e-04,2996612.873,6.255849e-03,3.618660e+01,1.770101e-04,1.734177e-04,2968501.219,5.000000e-04,9.22,6128.74
687,6.437593e-03,3.676682e+01,1.338735e-04,2.844353e-04,2996211.809,4.845811e-03,3.730539e+01,9.430045e-05,3.445358e-05,2998749.586,5.000000e-04,9.69,6138.43
688,6.399188e-03,3.680509e+01,1.432737e-04,2.571883e-04,2995808.490,6.538122e-03,3.851639e+01,2.049761e-04,1.273442e-04,3028811.812,5.000000e-04,9.44,6147.87
689,7.302384e-03,3.749906e+01,1.859608e-04,3.385739e-04,2996681.947,5.682787e-03,3.614139e+01,1.374480e-04,1.388336e-04,2971533.703,5.000000e-04,8.96,6156.84
690,6.290739e-03,3.684260e+01,1.617976e-04,1.977006e-04,2996330.713,6.796579e-03,3.692526e+01,1.743708e-04,2.720690e-04,3020896.062,5.000000e-04,9.38,6166.22
691,6.032120e-03,3.667598e+01,1.589179e-04,1.550687e-04,2996129.785,6.809380e-03,3.782963e+01,2.053498e-04,1.945837e-04,3009437.258,5.000000e-04,9.27,6175.49
692,6.307234e-03,3.680645e+01,1.525896e-04,2.201387e-04,2996709.734,5.329900e-03,3.556234e+01,7.230382e-05,2.101256e-04,2977752.766,5.000000e-04,9.21,6184.71
693,6.522965e-03,3.657762e+01,1.593123e-04,2.544161e-04,2995951.021,5.445191e-03,3.736349e+01,8.344652e-05,1.748754e-04,3028760.836,5.000000e-04,8.98,6193.70
694,6.176388e-03,3.697445e+01,1.330301e-04,2.297285e-04,2996781.070,5.517885e-03,3.648372e+01,1.341417e-04,1.056191e-04,2984523.281,5.000000e-04,9.45,6203.16
695,6.176394e-03,3.660556e+01,1.544663e-04,1.942348e-04,2996606.699,6.888617e-03,3.603025e+01,1.116910e-04,4.337363e-04,2950741.883,5.000000e-04,8.73,6211.89
696,6.390943e-03,3.664426e+01,1.847694e-04,1.757646e-04,2995897.828,5.941286e-03,3.720525e+01,1.852056e-04,7.374091e-05,3020222.836,5.000000e-04,9.42,6221.31
697,6.214845e-03,3.648237e+01,1.675674e-04,1.781867e-04,2996491.762,6.911480e-03,3.700768e+01,1.577845e-04,3.265736e-04,3037991.547,5.000000e-04,9.17,6230.48
698,6.238851e-03,3.663108e+01,1.684326e-04,1.782834e-04,2996585.570,4.649219e-03,3.667752e+01,5.945187e-05,7.738974e-05,3002204.242,5.000000e-04,9.37,6239.85
699,6.389132e-03,3.676813e+01,1.519911e-04,2.384816e-04,2996305.611,5.907373e-03,3.704392e+01,1.999263e-04,4.074359e-05,3003955.797,5.000000e-04,9.49,6249.35
700,6.386549e-03,3.668331e+01,1.615488e-04,2.205460e-04,2995660.221,4.532374e-03,3.686458e+01,4.703275e-05,7.511775e-05,3015167.141,5.000000e-04,9.39,6258.75
701,6.059110e-03,3.679120e+01,1.206734e-04,2.346512e-04,2997105.889,4.753802e-03,3.657352e+01,6.559540e-05,8.809937e-05,2981584.602,5.000000e-04,9.18,6267.93
702,6.625512e-03,3.696989e+01,1.641018e-04,2.575011e-04,2996400.182,6.318408e-03,3.643293e+01,1.693242e-04,1.963744e-04,2967846.430,5.000000e-04,9.29,6277.22
703,5.891209e-03,3.680916e+01,1.221782e-04,1.977023e-04,2996465.301,4.738712e-03,3.577457e+01,4.200295e-05,1.482451e-04,2970389.531,5.000000e-04,9.52,6286.75
704,7.061091e-03,3.708286e+01,1.785966e-04,3.133678e-04,2995924.961,9.591232e-03,3.666923e+01,5.640193e-04,5.682319e-05,2995260.961,5.000000e-04,9.61,6296.36
705,6.108374e-03,3.679966e+01,1.346262e-04,2.164294e-04,2996618.854,7.728820e-03,3.655446e+01,2.551753e-04,3.043243e-04,3025009.906,5.000000e-04,9.52,6305.88
706,6.864445e-03,3.683766e+01,1.512836e-04,3.335687e-04,2995958.205,1.006005e-02,3.621821e+01,2.106368e-04,8.663727e-04,2933005.031,5.000000e-04,9.67,6315.55
707,6.070079e-03,3.695222e+01,1.459247e-04,1.831221e-04,2996211.285,6.579797e-03,3.772810e+01,9.521324e-05,3.709710e-04,3051561.523,5.000000e-04,9.58,6325.13
708,6.549674e-03,3.709868e+01,1.694702e-04,2.290207e-04,2996673.408,5.221795e-03,3.668088e+01,1.270602e-04,5.662103e-05,2985304.750,5.000000e-04,9.81,6334.94
709,6.458697e-03,3.692951e+01,1.389564e-04,2.752364e-04,2996311.447,4.718955e-03,3.715212e+01,5.265433e-05,9.544001e-05,2983866.055,5.000000e-04,9.55,6344.49
710,6.538249e-03,3.715927e+01,1.655792e-04,2.333061e-04,2996111.295,5.597153e-03,3.763933e+01,1.515590e-04,6.352585e-05,3015012.773,5.000000e-04,9.24,6353.74
711,6.040255e-03,3.672151e+01,1.332037e-04,2.072136e-04,2996803.705,5.805270e-03,3.619841e+01,6.433894e-05,3.084080e-04,3010476.375,5.000000e-04,9.69,6363.44
712,6.505376e-03,3.685024e+01,1.492367e-04,2.655971e-04,2995727.598,5.365422e-03,3.610442e+01,1.188800e-04,1.132362e-04,2992194.578,5.000000e-04,9.67,6373.11
713,5.825961e-03,3.650288e+01,1.318590e-04,1.714165e-04,2996994.824,6.140669e-03,3.788330e+01,1.164546e-04,2.375586e-04,3036569.734,5.000000e-04,9.46,6382.58
714,6.181597e-03,3.663674e+01,1.477327e-04,2.081193e-04,2996585.322,5.104092e-03,3.697732e+01,5.873649e-05,1.637992e-04,3012855.992,5.000000e-04,9.58,6392.16
715,6.140100e-03,3.680276e+01,1.423628e-04,2.072392e-04,2995878.371,5.236781e-03,3.671157e+01,1.171146e-04,7.889555e-05,3003128.016,5.000000e-04,9.62,6401.78
716,6.312343e-03,3.663745e+01,1.677386e-04,1.942423e-04,2996824.379,4.988779e-03,3.616931e+01,8.476215e-05,1.048452e-04,2979650.836,5.000000e-04,9.71,6411.49
717,6.841517e-03,3.690052e+01,2.071154e-04,2.160622e-04,2996008.830,7.288214e-03,3.766305e+01,1.571453e-04,3.900911e-04,3040158.148,5.000000e-04,9.52,6421.01
718,7.080196e-03,3.680339e+01,1.826508e-04,3.146699e-04,2995915.598,5.124440e-03,3.814689e+01,6.030427e-05,1.413416e-04,3027283.055,5.000000e-04,9.86,6430.90
719,6.407050e-03,3.681303e+01,1.319389e-04,2.812715e-04,2996792.877,8.098535e-03,3.489718e+01,1.254691e-04,6.708252e-04,2930798.023,5.000000e-04,10.11,6441.01
720,6.229691e-03,3.664911e+01,1.514981e-04,2.099599e-04,2995779.189,5.016879e-03,3.723737e+01,7.806822e-05,1.024919e-04,3001627.281,5.000000e-04,9.76,6450.77
721,6.504629e-03,3.673996e+01,1.405147e-04,2.850973e-04,2996646.268,5.033367e-03,3.715233e+01,7.556870e-05,1.124895e-04,3019838.070,5.000000e-04,9.21,6459.98
722,5.937803e-03,3.661336e+01,1.228367e-04,2.096201e-04,2996842.275,5.175161e-03,3.709303e+01,9.752756e-05,9.811646e-05,3024941.969,5.000000e-04,9.13,6469.11
723,5.848910e-03,3.661578e+01,1.273603e-04,1.827458e-04,2996785.205,5.449384e-03,3.596981e+01,1.027627e-04,1.649552e-04,2972259.133,5.000000e-04,9.41,6478.52
724,5.746082e-03,3.633766e+01,1.397944e-04,1.428746e-04,2996663.193,5.752616e-03,3.584071e+01,1.485314e-04,1.366462e-04,2983457.445,5.000000e-04,9.87,6488.39
725,7.031519e-03,3.655403e+01,1.830499e-04,3.091234e-04,2994917.436,1.149112e-02,3.901082e+01,1.503254e-04,1.217357e-03,3096144.469,5.000000e-04,9.38,6497.78
726,6.776640e-03,3.661581e+01,1.607147e-04,3.015824e-04,2996647.758,8.073059e-03,3.790080e+01,3.050888e-04,2.464181e-04,3039768.430,5.000000e-04,8.97,6506.75
727,6.217303e-03,3.664286e+01,1.644290e-04,1.817453e-04,2996757.273,6.804907e-03,3.708560e+01,1.641575e-04,2.909546e-04,3042303.016,5.000000e-04,9.18,6515.93
728,6.408420e-03,3.668124e+01,1.764780e-04,1.951032e-04,2996966.609,7.801306e-03,3.426231e+01,8.094128e-05,7.131325e-04,2932556.062,5.000000e-04,9.07,6525.00
729,6.112354e-03,3.666729e+01,1.347394e-04,2.196463e-04,2997070.391,6.833550e-03,3.624605e+01,1.229204e-04,3.959481e-04,2950374.969,5.000000e-04,9.03,6534.04
730,6.324073e-03,3.656834e+01,1.539263e-04,2.255953e-04,2995904.100,4.593391e-03,3.646147e+01,5.559718e-05,7.825446e-05,2985940.438,5.000000e-04,8.83,6542.87
731,6.024666e-03,3.663576e+01,1.134639e-04,2.452900e-04,2996096.928,6.057696e-03,3.712589e+01,9.496381e-05,2.790936e-04,3028178.172,5.000000e-04,9.22,6552.10
732,7.193049e-03,3.699726e+01,2.126678e-04,2.733292e-04,2996475.650,5.097648e-03,3.579231e+01,5.062890e-05,2.024257e-04,2975780.797,5.000000e-04,9.36,6561.45
733,6.064276e-03,3.646542e+01,1.397213e-04,2.041042e-04,2996066.068,5.629887e-03,3.653071e+01,1.713583e-04,5.264674e-05,3001890.234,5.000000e-04,9.28,6570.74
734,6.571176e-03,3.693321e+01,1.603887e-04,2.547938e-04,2996272.883,6.150382e-03,3.772669e+01,1.247574e-04,2.260279e-04,2975410.086,5.000000e-04,9.35,6580.10
735,6.240855e-03,3.691750e+01,1.583618e-04,1.930975e-04,2995489.783,5.228893e-03,3.859236e+01,7.986127e-05,1.142088e-04,3023335.992,5.000000e-04,9.33,6589.42
736,6.606991e-03,3.667282e+01,1.954519e-04,1.970379e-04,2997017.875,5.081117e-03,3.656110e+01,6.197289e-05,1.610556e-04,3028587.398,5.000000e-04,9.33,6598.75
737,5.985908e-03,3.626441e+01,1.306540e-04,2.105855e-04,2996111.066,6.435550e-03,3.573458e+01,1.995706e-04,1.732772e-04,2978555.609,5.000000e-04,9.45,6608.20
738,6.712515e-03,3.668583e+01,1.456255e-04,3.175354e-04,2996661.527,6.330906e-03,3.591449e+01,2.426567e-04,6.257824e-05,2999684.547,5.000000e-04,9.46,6617.67
739,6.729902e-03,3.690305e+01,1.977765e-04,2.123662e-04,2996799.254,8.156571e-03,3.563204e+01,2.332318e-04,4.522097e-04,2943036.789,5.000000e-04,9.90,6627.57
740,6.584399e-03,3.667498e+01,1.962359e-04,1.909084e-04,2995805.883,8.862155e-03,3.682997e+01,3.061118e-04,4.236081e-04,2947694.539,5.000000e-04,9.79,6637.37
741,6.209770e-03,3.683896e+01,1.399388e-04,2.252974e-04,2996462.598,7.977171e-03,3.794450e+01,1.949305e-04,4.466833e-04,3054896.953,5.000000e-04,9.87,6647.24
742,5.668779e-03,3.652934e+01,1.159053e-04,1.713584e-04,2996842.996,6.083261e-03,3.691647e+01,1.220936e-04,2.341355e-04,3036079.406,5.000000e-04,9.92,6657.18
743,6.059918e-03,3.658078e+01,1.254205e-04,2.295270e-04,2996561.207,6.342114e-03,3.708086e+01,2.107625e-04,1.052805e-04,3022168.008,5.000000e-04,9.74,6666.93
744,6.734457e-03,3.664761e+01,2.058692e-04,2.022009e-04,2996476.121,1.194743e-02,3.476192e+01,5.002281e-04,6.937907e-04,2925827.148,5.000000e-04,10.12,6677.05
745,6.491244e-03,3.655219e+01,1.494725e-04,2.682599e-04,2996260.676,7.179453e-03,3.811420e+01,2.091132e-04,2.553802e-04,3028060.445,5.000000e-04,9.76,6686.81
746,6.445517e-03,3.673513e+01,1.707762e-04,2.128485e-04,2996476.979,8.378899e-03,3.688020e+01,2.485752e-04,4.410252e-04,3031056.188,5.000000e-04,9.45,6696.27
747,5.911907e-03,3.660732e+01,1.403813e-04,1.694724e-04,2996342.992,6.710786e-03,3.759880e+01,1.396660e-04,3.108493e-04,3044609.555,5.000000e-04,10.09,6706.36
748,6.088169e-03,3.645120e+01,1.396842e-04,2.092415e-04,2996452.816,7.326292e-03,3.878035e+01,2.285083e-04,2.326349e-04,3040949.539,5.000000e-04,9.96,6716.32
749,5.850610e-03,3.660401e+01,1.383990e-04,1.612438e-04,2996667.791,4.802785e-03,3.640350e+01,9.678013e-05,3.892671e-05,3005236.633,5.000000e-04,9.39,6725.71
750,6.297389e-03,3.674838e+01,1.546062e-04,2.152979e-04,2996243.459,5.555271e-03,3.621513e+01,1.301412e-04,1.264691e-04,3012485.852,5.000000e-04,9.36,6735.07
751,5.840811e-03,3.643477e+01,1.118287e-04,2.158096e-04,2997276.057,6.069930e-03,3.585616e+01,1.061475e-04,2.845680e-04,2961433.258,5.000000e-04,9.53,6744.61
752,6.379613e-03,3.640829e+01,1.523685e-04,2.430200e-04,2996578.438,5.027941e-03,3.643890e+01,9.456042e-05,8.768931e-05,2995633.117,5.000000e-04,9.58,6754.18
753,6.235994e-03,3.666996e+01,1.588342e-04,1.961313e-04,2995973.660,4.840777e-03,3.708747e+01,6.375979e-05,9.888647e-05,3016686.875,5.000000e-04,9.82,6764.00
754,5.790398e-03,3.649558e+01,1.309457e-04,1.662766e-04,2996703.027,5.374528e-03,3.525682e+01,7.101477e-05,2.277397e-04,2960670.805,5.000000e-04,9.38,6773.39
755,6.242616e-03,3.626634e+01,1.443664e-04,2.344637e-04,2996095.398,8.497764e-03,3.650088e+01,2.917146e-04,3.861060e-04,2978281.766,5.000000e-04,9.36,6782.76
756,6.578198e-03,3.657150e+01,1.640062e-04,2.561973e-04,2996424.732,7.356860e-03,3.673410e+01,2.988513e-04,1.389874e-04,2995326.406,5.000000e-04,9.59,6792.35
757,6.326227e-03,3.658963e+01,1.612264e-04,2.110000e-04,2996714.131,6.146510e-03,3.679822e+01,1.467294e-04,1.998789e-04,2966521.570,5.000000e-04,10.03,6802.38
758,6.468642e-03,3.665331e+01,1.668430e-04,2.269761e-04,2996508.771,6.634963e-03,3.640447e+01,2.250374e-04,1.488283e-04,2971301.289,5.000000e-04,9.83,6812.21
759,6.345061e-03,3.660136e+01,1.681282e-04,2.007286e-04,2995834.348,5.495700e-03,3.635748e+01,1.454259e-04,8.113860e-05,3006616.828,5.000000e-04,9.85,6822.06
760,5.774788e-03,3.633109e+01,1.196653e-04,1.890053e-04,2997814.303,6.288728e-03,3.550007e+01,8.803199e-05,3.716803e-04,2946838.508,5.000000e-04,9.58,6831.64
761,6.237668e-03,3.665794e+01,1.502653e-04,2.138445e-04,2996075.977,5.483325e-03,3.589603e+01,9.115405e-05,1.964364e-04,2973233.688,5.000000e-04,9.74,6841.38
762,5.990233e-03,3.635766e+01,1.191533e-04,2.325868e-04,2995858.314,7.481242e-03,3.859327e+01,1.942934e-04,3.357962e-04,3050621.016,5.000000e-04,9.76,6851.14
763,5.995184e-03,3.639652e+01,1.479256e-04,1.752551e-04,2996756.047,4.929011e-03,3.615993e+01,1.049317e-04,5.274022e-05,2983817.672,5.000000e-04,9.80,6860.94
764,5.991501e-03,3.627405e+01,1.510131e-04,1.707931e-04,2996752.756,5.661171e-03,3.651392e+01,1.576347e-04,8.668648e-05,3017865.086,5.000000e-04,10.01,6870.96
765,6.227784e-03,3.635415e+01,1.658542e-04,1.867655e-04,2996659.773,7.381999e-03,3.752065e+01,2.611100e-04,2.037670e-04,3029747.336,5.000000e-04,10.10,6881.06
766,6.132561e-03,3.646836e+01,1.243210e-04,2.485030e-04,2996812.672,6.236655e-03,3.750315e+01,7.721612e-05,3.428359e-04,3023010.711,5.000000e-04,9.51,6890.58
767,6.250018e-03,3.638272e+01,1.504997e-04,2.213500e-04,2996272.979,5.260249e-03,3.663655e+01,1.052958e-04,1.087274e-04,2999168.125,5.000000e-04,9.64,6900.24
768,6.491289e-03,3.654511e+01,1.965771e-04,1.742014e-04,2995637.717,9.948131e-03,3.878470e+01,2.383965e-04,7.371393e-04,3077483.938,5.000000e-04,9.53,6909.78
769,5.949417e-03,3.676996e+01,1.422044e-04,1.700755e-04,2997109.414,5.954222e-03,3.613946e+01,1.729624e-04,1.221304e-04,2975604.055,5.000000e-04,9.77,6919.55
770,5.695833e-03,3.633335e+01,1.208826e-04,1.707344e-04,2996327.113,6.704611e-03,3.726126e+01,1.606841e-04,2.743287e-04,3037500.328,5.000000e-04,9.75,6929.30
771,6.429919e-03,3.671168e+01,1.481594e-04,2.554315e-04,2997024.406,7.391692e-03,3.513176e+01,1.511649e-04,4.733734e-04,2945901.406,5.000000e-04,9.36,6938.66
772,6.157458e-03,3.647972e+01,1.240584e-04,2.537805e-04,2996010.070,5.908273e-03,3.527028e+01,6.344982e-05,3.493493e-04,2955209.867,5.000000e-04,9.31,6947.97
773,5.539684e-03,3.657337e+01,1.130365e-04,1.503963e-04,2996845.316,5.174556e-03,3.703298e+01,8.728113e-05,1.196893e-04,3022164.312,5.000000e-04,9.14,6957.11
774,6.305780e-03,3.656517e+01,1.483961e-04,2.330603e-04,2995779.398,6.182966e-03,3.724227e+01,1.416136e-04,2.085206e-04,3031820.102,5.000000e-04,9.15,6966.30
775,6.172393e-03,3.658188e+01,1.360195e-04,2.308019e-04,2996794.893,4.596095e-03,3.722776e+01,4.340866e-05,8.784659e-05,3015926.617,5.000000e-04,9.30,6975.59
776,6.433420e-03,3.687209e+01,1.511803e-04,2.468816e-04,2996264.902,6.539052e-03,3.872382e+01,1.268420e-04,2.796498e-04,3032713.547,5.000000e-04,8.74,6984.34
777,6.385065e-03,3.651431e+01,1.480745e-04,2.505777e-04,2996374.516,6.644658e-03,3.711040e+01,2.333851e-04,1.199535e-04,3029361.328,5.000000e-04,9.42,6993.76
778,5.937595e-03,3.686133e+01,1.227454e-04,2.048018e-04,2996868.492,7.609042e-03,3.718464e+01,3.245825e-04,1.289507e-04,2973375.766,5.000000e-04,9.13,7002.90
779,6.508686e-03,3.680133e+01,1.775325e-04,2.106456e-04,2995851.266,5.051655e-03,3.741509e+01,6.865023e-05,1.247288e-04,3004124.344,5.000000e-04,9.02,7011.92
780,6.117009e-03,3.666551e+01,1.492668e-04,1.915580e-04,2996647.652,5.359140e-03,3.689309e+01,1.101252e-04,1.137158e-04,3016102.164,5.000000e-04,8.76,7020.69
781,6.069707e-03,3.658666e+01,1.352404e-04,2.117275e-04,2996750.582,5.462020e-03,3.560202e+01,8.748467e-05,2.053944e-04,2962070.586,5.000000e-04,9.58,7030.27
782,6.447524e-03,3.668382e+01,1.626666e-04,2.304952e-04,2996346.797,4.879297e-03,3.591300e+01,8.861539e-05,8.036868e-05,2987962.523,5.000000e-04,9.27,7039.54
783,6.645641e-03,3.680616e+01,1.696127e-04,2.537798e-04,2995476.289,5.069099e-03,3.619604e+01,6.530092e-05,1.592971e-04,3013520.109,5.000000e-04,9.44,7048.98
784,6.074259e-03,3.665606e+01,1.485806e-04,1.845694e-04,2996895.838,6.301494e-03,3.707031e+01,2.032543e-04,1.123842e-04,3009376.000,5.000000e-04,9.19,7058.18
785,5.709590e-03,3.656657e+01,1.285176e-04,1.535513e-04,2996474.051,5.105114e-03,3.663797e+01,1.048949e-04,7.847362e-05,3009555.758,5.000000e-04,9.03,7067.21
786,5.621702e-03,3.649776e+01,1.106556e-04,1.730740e-04,2996806.916,5.412366e-03,3.680855e+01,1.051224e-04,1.360575e-04,3008682.500,5.000000e-04,9.35,7076.58
787,6.419122e-03,3.667588e+01,1.509690e-04,2.483689e-04,2996656.359,5.543697e-03,3.624996e+01,1.199815e-04,1.437772e-04,3012388.141,5.000000e-04,9.59,7086.18
788,6.202579e-03,3.642632e+01,1.314697e-04,2.490500e-04,2996175.428,7.354728e-03,3.637227e+01,2.927954e-04,1.579096e-04,3007389.078,5.000000e-04,9.51,7095.70
789,7.189278e-03,3.670936e+01,2.152582e-04,2.731521e-04,2996189.662,6.530077e-03,3.832176e+01,1.452610e-04,2.490582e-04,3031665.898,5.000000e-04,9.81,7105.51
790,5.709645e-03,3.668258e+01,1.318065e-04,1.446645e-04,2996948.002,4.262859e-03,3.628829e+01,4.544368e-05,3.591861e-05,3003370.984,5.000000e-04,9.65,7115.16
791,5.902444e-03,3.656999e+01,1.387200e-04,1.716489e-04,2996634.238,5.527061e-03,3.546175e+01,1.015149e-04,1.931475e-04,2976008.984,5.000000e-04,9.68,7124.85
792,5.690911e-03,3.640914e+01,1.309644e-04,1.480706e-04,2996684.820,9.318461e-03,3.599571e+01,4.686710e-04,2.064361e-04,3002296.727,5.000000e-04,9.30,7134.15
793,6.340023e-03,3.649206e+01,1.857430e-04,1.666774e-04,2996481.029,4.758562e-03,3.610048e+01,8.649396e-05,5.671492e-05,3000060.555,5.000000e-04,9.64,7143.79
794,6.077993e-03,3.644592e+01,1.195461e-04,2.475882e-04,2996040.928,5.196946e-03,3.615942e+01,9.653311e-05,1.231347e-04,2973381.000,5.000000e-04,9.47,7153.27
795,6.235015e-03,3.657113e+01,1.574406e-04,2.006992e-04,2996407.441,5.608988e-03,3.674288e+01,1.171451e-04,1.526499e-04,3019429.391,5.000000e-04,9.09,7162.36
796,5.784678e-03,3.614106e+01,1.450248e-04,1.440648e-04,2996835.252,5.838092e-03,3.717895e+01,1.158551e-04,1.923291e-04,3027384.172,5.000000e-04,9.12,7171.49
797,6.531290e-03,3.640321e+01,1.531599e-04,2.718740e-04,2996127.787,5.030990e-03,3.702969e+01,1.043501e-04,5.690405e-05,2991516.258,5.000000e-04,9.54,7181.03
798,5.627495e-03,3.644907e+01,1.113594e-04,1.737988e-04,2997039.820,6.807369e-03,3.702708e+01,1.675420e-04,2.858483e-04,3022424.180,5.000000e-04,9.24,7190.27
799,5.961527e-03,3.632765e+01,1.447368e-04,1.762789e-04,2996671.688,4.204703e-03,3.630659e+01,4.482215e-05,2.516447e-05,2999461.734,5.000000e-04,9.22,7199.50
800,6.725027e-03,3.640172e+01,1.600558e-04,2.968596e-04,2996434.098,6.579275e-03,3.721875e+01,2.168432e-04,1.377938e-04,2996412.531,5.000000e-04,9.15,7208.65
801,5.937972e-03,3.654575e+01,1.231897e-04,2.102999e-04,2996176.135,4.956773e-03,3.666381e+01,1.175967e-04,2.288492e-05,2998848.398,5.000000e-04,9.36,7218.01
802,6.008608e-03,3.651117e+01,1.150166e-04,2.414651e-04,2996325.416,5.239378e-03,3.805409e+01,5.715301e-05,1.724877e-04,3017046.438,5.000000e-04,9.19,7227.22
803,5.723948e-03,3.626937e+01,1.212179e-04,1.769663e-04,2996479.012,4.807321e-03,3.645044e+01,7.016530e-05,9.212471e-05,2997759.523,5.000000e-04,9.08,7236.30
804,5.705978e-03,3.624598e+01,1.323711e-04,1.515340e-04,2997522.395,6.694380e-03,3.618616e+01,7.891156e-05,4.573296e-04,2962501.969,5.000000e-04,9.23,7245.53
805,5.941475e-03,3.634643e+01,1.276079e-04,2.061505e-04,2996459.197,5.034215e-03,3.507032e+01,4.582167e-05,2.137933e-04,2993890.703,5.000000e-04,9.19,7254.72
806,5.743280e-03,3.619284e+01,1.328882e-04,1.590229e-04,2996643.602,4.639667e-03,3.638140e+01,5.973375e-05,8.083792e-05,3015116.750,5.000000e-04,8.95,7263.68
807,6.492290e-03,3.634909e+01,1.732466e-04,2.249827e-04,2996091.752,9.544494e-03,3.625954e+01,3.444042e-04,4.948997e-04,2942705.703,5.000000e-04,8.74,7272.43
808,5.733027e-03,3.628070e+01,1.308106e-04,1.593702e-04,2996904.832,5.895754e-03,3.520287e+01,1.313538e-04,2.123858e-04,2961153.961,5.000000e-04,9.43,7281.86
809,5.794370e-03,3.611157e+01,1.441470e-04,1.483486e-04,2996996.818,6.032103e-03,3.559666e+01,1.386415e-04,2.172043e-04,2975163.961,5.000000e-04,9.56,7291.43
810,6.085882e-03,3.625104e+01,1.306018e-04,2.309520e-04,2996205.066,6.196714e-03,3.649403e+01,2.108041e-04,8.785405e-05,2992475.320,5.000000e-04,9.18,7300.61
811,6.539228e-03,3.647618e+01,1.558247e-04,2.666727e-04,2996006.162,4.934034e-03,3.735276e+01,6.321061e-05,1.133303e-04,3019300.492,5.000000e-04,9.07,7309.68
812,5.805019e-03,3.635447e+01,1.134849e-04,2.069447e-04,2996541.748,6.321190e-03,3.697860e+01,1.801047e-04,1.644566e-04,3002585.453,5.000000e-04,9.58,7319.26
813,6.854293e-03,3.665020e+01,1.478964e-04,3.420617e-04,2996369.363,5.151691e-03,3.743243e+01,9.177834e-05,9.813307e-05,3023796.961,5.000000e-04,9.68,7328.95
814,6.401891e-03,3.656527e+01,1.673178e-04,2.144371e-04,2996645.688,1.341848e-02,3.474542e+01,1.056105e-04,1.777567e-03,2886028.891,5.000000e-04,9.01,7337.95
815,5.761383e-03,3.633851e+01,1.331519e-04,1.592025e-04,2996561.428,4.343623e-03,3.599125e+01,3.823049e-05,7.243854e-05,2984784.352,5.000000e-04,9.40,7347.37
816,6.417344e-03,3.667990e+01,1.568625e-04,2.361458e-04,2996064.979,4.796842e-03,3.608406e+01,7.044208e-05,9.680294e-05,3009094.398,5.000000e-04,9.65,7357.02
817,5.769294e-03,3.639588e+01,1.242787e-04,1.773838e-04,2996944.967,5.166290e-03,3.721323e+01,9.569554e-05,9.760243e-05,2990446.320,5.000000e-04,8.92,7365.94
818,6.148566e-03,3.673006e+01,1.450145e-04,2.050830e-04,2997185.385,8.959649e-03,3.384146e+01,1.430849e-04,8.289310e-04,2926634.922,5.000000e-04,9.15,7375.10
819,5.566059e-03,3.617682e+01,1.300470e-04,1.295816e-04,2995841.889,6.877196e-03,3.731533e+01,1.681489e-04,2.928346e-04,3037607.430,5.000000e-04,9.01,7384.11
820,6.324020e-03,3.631020e+01,1.640231e-04,2.105538e-04,2996732.057,4.337980e-03,3.684381e+01,3.387038e-05,6.297912e-05,3017747.086,5.000000e-04,9.02,7393.13
821,5.678142e-03,3.626254e+01,1.173552e-04,1.756673e-04,2997021.980,6.584173e-03,3.532178e+01,2.537852e-04,1.028285e-04,2979210.141,5.000000e-04,9.47,7402.60
822,6.885042e-03,3.652472e+01,1.967901e-04,2.529340e-04,2996225.402,5.288699e-03,3.527641e+01,7.163869e-05,2.089343e-04,2962578.703,5.000000e-04,9.96,7412.57
823,5.881932e-03,3.619250e+01,1.296982e-04,1.931402e-04,2996099.086,5.949913e-03,3.690532e+01,1.158028e-04,2.202705e-04,2972187.094,5.000000e-04,10.13,7422.70
824,5.963217e-03,3.635470e+01,1.593513e-04,1.468468e-04,2997073.816,6.103127e-03,3.574919e+01,1.537057e-04,1.982301e-04,2983416.953,5.000000e-04,9.13,7431.83
825,6.259267e-03,3.639733e+01,1.524003e-04,2.191063e-04,2996354.789,5.258897e-03,3.699866e+01,1.163620e-04,7.908214e-05,3006920.102,5.000000e-04,8.79,7440.62
826,5.915593e-03,3.650332e+01,1.290700e-04,1.949122e-04,2996441.021,4.961165e-03,3.548277e+01,5.464854e-05,1.732806e-04,2998732.633,5.000000e-04,8.81,7449.43
827,6.474992e-03,3.615609e+01,1.394267e-04,2.930231e-04,2996216.350,5.329115e-03,3.630269e+01,1.031415e-04,1.334863e-04,3015277.344,5.000000e-04,9.14,7458.57
828,5.776035e-03,3.634863e+01,1.286746e-04,1.708850e-04,2996467.768,5.723636e-03,3.689852e+01,1.353266e-04,1.361035e-04,3000306.719,5.000000e-04,9.29,7467.86
829,5.828374e-03,3.630238e+01,1.117921e-04,2.160431e-04,2997308.043,7.405695e-03,3.786670e+01,2.721839e-04,1.794370e-04,3012329.602,5.000000e-04,9.76,7477.62
830,5.783862e-03,3.631050e+01,1.233517e-04,1.838589e-04,2996658.252,5.192490e-03,3.686574e+01,1.253004e-04,5.058259e-05,3003556.250,5.000000e-04,9.54,7487.17
831,6.580470e-03,3.628700e+01,1.568129e-04,2.767282e-04,2996372.986,4.383141e-03,3.592238e+01,5.324669e-05,5.168722e-05,2995071.117,5.000000e-04,9.68,7496.87
832,5.868757e-03,3.619047e+01,1.216321e-04,2.066779e-04,2996497.496,4.732255e-03,3.641929e+01,6.426838e-05,8.952843e-05,3005483.039,5.000000e-04,9.56,7506.44
833,6.296121e-03,3.628697e+01,1.446312e-04,2.442223e-04,2996675.152,8.253838e-03,3.470373e+01,8.615379e-05,7.843853e-04,2921745.891,5.000000e-04,10.10,7516.54
834,5.936674e-03,3.622780e+01,1.345662e-04,1.936464e-04,2996748.965,6.936884e-03,3.563460e+01,8.856288e-05,4.975590e-04,2941751.625,5.000000e-04,12.82,7529.36
835,6.485498e-03,3.667669e+01,1.621637e-04,2.392384e-04,2996173.502,6.862053e-03,3.531087e+01,1.139772e-04,4.382389e-04,2941222.570,5.000000e-04,11.25,7540.62
836,5.825495e-03,3.623661e+01,1.175567e-04,2.052533e-04,2995164.143,5.946780e-03,3.732861e+01,1.618102e-04,1.191634e-04,3016644.758,5.000000e-04,10.44,7551.07
837,5.697339e-03,3.638051e+01,1.165131e-04,1.788314e-04,2998435.598,6.044508e-03,3.518783e+01,1.707461e-04,1.636530e-04,2981222.258,5.000000e-04,9.88,7560.95
838,6.467395e-03,3.646643e+01,1.611338e-04,2.418827e-04,2995723.162,4.471999e-03,3.626426e+01,4.042756e-05,8.825948e-05,2993079.625,5.000000e-04,9.55,7570.51
839,6.673307e-03,3.686107e+01,1.855891e-04,2.262616e-04,2995786.467,6.061143e-03,3.817587e+01,1.686691e-04,1.113731e-04,3013795.188,5.000000e-04,9.42,7579.93
840,6.066294e-03,3.657905e+01,1.480813e-04,1.855153e-04,2996439.715,4.788343e-03,3.617091e+01,6.956310e-05,9.512423e-05,3009894.367,5.000000e-04,9.66,7589.60
841,5.824592e-03,3.651711e+01,1.392198e-04,1.561365e-04,2996659.160,4.712915e-03,3.630021e+01,3.749806e-05,1.415828e-04,2978994.938,5.000000e-04,9.44,7599.04
842,5.702983e-03,3.614978e+01,1.035452e-04,2.105107e-04,2997134.494,5.196261e-03,3.535198e+01,5.941792e-05,2.133769e-04,2960727.133,5.000000e-04,9.16,7608.22
843,5.963164e-03,3.621280e+01,1.378327e-04,1.927115e-04,2996151.072,7.179451e-03,3.503514e+01,2.652570e-04,2.046735e-04,2987591.328,5.000000e-04,9.75,7617.98
844,6.389440e-03,3.619862e+01,1.435681e-04,2.667795e-04,2996728.736,5.690674e-03,3.672352e+01,1.321377e-04,1.393889e-04,3017073.383,5.000000e-04,9.37,7627.35
845,5.490873e-03,3.607311e+01,1.249046e-04,1.269033e-04,2996257.180,6.627505e-03,3.742716e+01,9.733451e-05,3.822887e-04,3052891.352,5.000000e-04,9.78,7637.13
846,5.678490e-03,3.607315e+01,1.143478e-04,1.855393e-04,2996863.941,7.488691e-03,3.818642e+01,9.379019e-05,5.464294e-04,3061848.258,5.000000e-04,10.15,7647.28
847,6.737369e-03,3.633307e+01,1.540548e-04,3.127028e-04,2996598.709,6.572099e-03,3.574546e+01,8.908868e-05,4.213332e-04,2945765.695,5.000000e-04,10.12,7657.40
848,5.761060e-03,3.635133e+01,1.216531e-04,1.818792e-04,2996531.443,8.586216e-03,3.764260e+01,2.448483e-04,4.746946e-04,3052967.859,5.000000e-04,10.44,7667.84
849,6.504213e-03,3.638973e+01,1.514763e-04,2.700954e-04,2996236.240,6.763690e-03,3.648962e+01,1.216565e-04,3.796326e-04,3032582.297,5.000000e-04,9.87,7677.72
850,5.851304e-03,3.625670e+01,1.233903e-04,1.983464e-04,2997169.920,4.266045e-03,3.639797e+01,4.814882e-05,2.895198e-05,3005022.898,5.000000e-04,10.06,7687.78
851,5.743955e-03,3.630565e+01,1.243763e-04,1.739253e-04,2996655.848,4.927181e-03,3.637191e+01,1.186571e-04,2.068379e-05,3001630.242,5.000000e-04,9.77,7697.55
852,5.696618e-03,3.614415e+01,1.276829e-04,1.610749e-04,2997399.211,6.749842e-03,3.621234e+01,1.009815e-04,4.237587e-04,2951403.773,5.000000e-04,10.24,7707.79
853,6.711251e-03,3.638240e+01,1.704636e-04,2.736751e-04,2995484.703,5.889890e-03,3.743995e+01,1.312185e-04,1.667421e-04,3029363.719,5.000000e-04,9.99,7717.78
854,5.681704e-03,3.628275e+01,1.119508e-04,1.867839e-04,2997108.537,4.889376e-03,3.663638e+01,8.931321e-05,6.652125e-05,2995437.055,5.000000e-04,10.07,7727.86
855,6.133715e-03,3.647222e+01,1.400901e-04,2.171184e-04,2996410.402,5.321454e-03,3.581540e+01,9.508542e-05,1.578121e-04,2994646.719,5.000000e-04,9.78,7737.64
856,5.501114e-03,3.633769e+01,1.196487e-04,1.341717e-04,2996760.461,6.328912e-03,3.687105e+01,1.903460e-04,1.476695e-04,3032414.664,5.000000e-04,10.56,7748.21
857,6.029424e-03,3.627162e+01,1.319444e-04,2.165637e-04,2996875.287,4.833975e-03,3.568464e+01,5.094254e-05,1.512172e-04,2973791.680,5.000000e-04,11.19,7759.39
858,6.918207e-03,3.668554e+01,1.846943e-04,2.805420e-04,2996953.867,8.434205e-03,3.502577e+01,1.286142e-04,7.290972e-04,2927267.594,5.000000e-04,10.22,7769.62
859,5.797227e-03,3.646664e+01,1.204921e-04,1.891282e-04,2995957.078,4.519864e-03,3.577951e+01,4.736053e-05,9.366165e-05,2986192.531,5.000000e-04,9.98,7779.60
860,6.099655e-03,3.618697e+01,1.526189e-04,1.909539e-04,2996372.531,5.336465e-03,3.724726e+01,1.259599e-04,7.042813e-05,3014823.266,5.000000e-04,10.32,7789.94
861,5.901450e-03,3.608581e+01,1.254689e-04,2.076360e-04,2996227.156,4.436951e-03,3.660994e+01,3.831512e-05,7.856109e-05,3014894.672,5.000000e-04,10.54,7800.48
862,6.167804e-03,3.620921e+01,1.507403e-04,2.078961e-04,2996770.611,6.000234e-03,3.730499e+01,1.120535e-04,2.298400e-04,3041961.492,5.000000e-04,10.37,7810.86
863,5.939579e-03,3.619030e+01,1.563219e-04,1.514660e-04,2997131.410,5.755836e-03,3.529129e+01,1.186664e-04,2.080085e-04,2964998.391,5.000000e-04,9.73,7820.59
864,6.007069e-03,3.623330e+01,1.271756e-04,2.223966e-04,2996310.852,5.240860e-03,3.661489e+01,1.085855e-04,9.870319e-05,3019934.602,5.000000e-04,9.24,7829.83
865,6.294925e-03,3.636752e+01,1.426110e-04,2.464125e-04,2996652.951,4.887903e-03,3.566082e+01,5.934373e-05,1.456769e-04,2969672.766,5.000000e-04,9.84,7839.66
866,5.859733e-03,3.609825e+01,1.359693e-04,1.780431e-04,2997125.740,5.457937e-03,3.551026e+01,1.258721e-04,1.296381e-04,2973149.039,5.000000e-04,9.88,7849.55
867,5.819728e-03,3.608994e+01,1.241989e-04,1.937489e-04,2996382.592,4.632072e-03,3.620924e+01,7.751490e-05,4.719986e-05,3004791.305,5.000000e-04,9.17,7858.73
868,5.801222e-03,3.593087e+01,1.264408e-04,1.887455e-04,2996674.148,5.923689e-03,3.487167e+01,7.378396e-05,3.397365e-04,2947031.719,5.000000e-04,10.53,7869.25
869,5.893368e-03,3.632116e+01,1.300631e-04,1.921241e-04,2996558.984,6.538899e-03,3.767155e+01,2.005362e-04,1.532765e-04,3032909.367,5.000000e-04,9.60,7878.85
870,6.194286e-03,3.616961e+01,1.531317e-04,2.092017e-04,2996303.469,6.693609e-03,3.666313e+01,2.411867e-04,1.230859e-04,3015572.383,5.000000e-04,10.65,7889.50
871,6.119124e-03,3.639286e+01,1.528233e-04,1.903211e-04,2996457.430,4.223954e-03,3.613027e+01,3.879832e-05,4.458878e-05,3002676.203,5.000000e-04,9.87,7899.37
872,5.797153e-03,3.609657e+01,1.196430e-04,1.982131e-04,2996787.654,4.748436e-03,3.699098e+01,7.431883e-05,6.123006e-05,3000833.219,5.000000e-04,9.35,7908.72
873,6.001511e-03,3.640675e+01,1.401256e-04,1.919161e-04,2996573.158,5.092635e-03,3.573791e+01,9.863907e-05,1.064908e-04,2979346.703,5.000000e-04,9.60,7918.33
874,5.826581e-03,3.645247e+01,1.443804e-04,1.475060e-04,2996506.562,7.132593e-03,3.606930e+01,1.869805e-04,3.311715e-04,3037643.109,5.000000e-04,10.24,7928.56
875,5.715923e-03,3.601072e+01,1.201515e-04,1.826674e-04,2996927.578,4.914777e-03,3.667149e+01,5.798963e-05,1.335464e-04,2983082.914,5.000000e-04,10.34,7938.92
876,5.759263e-03,3.602083e+01,1.330319e-04,1.653722e-04,2996583.523,5.125986e-03,3.712106e+01,9.500342e-05,9.276906e-05,3020642.500,5.000000e-04,10.56,7949.48
877,5.698029e-03,3.607462e+01,1.310971e-04,1.559191e-04,2996816.531,5.627595e-03,3.612258e+01,7.758932e-05,2.478887e-04,2964973.234,5.000000e-04,10.59,7960.07
878,6.350286e-03,3.621760e+01,1.513403e-04,2.430247e-04,2995803.984,7.872287e-03,3.734538e+01,1.247647e-04,5.780204e-04,3064589.141,5.000000e-04,10.59,7970.66
879,6.134500e-03,3.621773e+01,1.374959e-04,2.275536e-04,2997026.078,4.777766e-03,3.597198e+01,7.710535e-05,8.190296e-05,2993795.477,5.000000e-04,10.38,7981.04
880,5.694800e-03,3.614921e+01,1.254008e-04,1.651743e-04,2996788.863,5.501374e-03,3.532769e+01,7.639145e-05,2.409381e-04,2989738.914,5.000000e-04,10.83,7991.87
881,6.148061e-03,3.627670e+01,1.343487e-04,2.353809e-04,2995728.543,8.419780e-03,3.757510e+01,1.047074e-04,7.230391e-04,3074642.148,5.000000e-04,10.24,8002.13
882,5.444889e-03,3.606085e+01,1.050546e-04,1.576516e-04,2997976.043,5.699144e-03,3.568867e+01,9.524224e-05,2.355710e-04,2957916.453,5.000000e-04,10.32,8012.44
883,5.667589e-03,3.603332e+01,1.279735e-04,1.569044e-04,2995912.076,8.753591e-03,3.833411e+01,1.827882e-04,6.184593e-04,3046718.586,5.000000e-04,10.24,8022.68
884,6.042768e-03,3.613633e+01,1.460704e-04,1.936862e-04,2996712.168,6.490772e-03,3.646683e+01,2.070556e-04,1.547064e-04,3021578.375,5.000000e-04,10.67,8033.35
885,5.734854e-03,3.611300e+01,1.344721e-04,1.557665e-04,2996901.881,5.673687e-03,3.592193e+01,1.751962e-04,6.590640e-05,2990686.539,5.000000e-04,10.93,8044.29
886,5.689208e-03,3.603330e+01,1.344649e-04,1.482459e-04,2996607.332,4.817167e-03,3.603653e+01,1.052280e-04,3.224659e-05,3001310.961,5.000000e-04,11.00,8055.28
887,5.612040e-03,3.603816e+01,1.210241e-04,1.595966e-04,2996269.918,6.642541e-03,3.678132e+01,1.036741e-04,3.855335e-04,3053627.781,5.000000e-04,10.90,8066.19
888,5.384513e-03,3.581007e+01,1.132949e-04,1.341115e-04,2997711.840,6.365983e-03,3.437962e+01,7.223924e-05,4.411258e-04,2939901.156,5.000000e-04,10.33,8076.52
889,5.471478e-03,3.573314e+01,9.697804e-05,1.856769e-04,2995931.285,1.092341e-02,3.724140e+01,1.954126e-04,1.049029e-03,3083618.195,5.000000e-04,10.79,8087.32
890,6.257304e-03,3.600491e+01,1.619871e-04,2.073886e-04,2997232.496,4.513348e-03,3.573631e+01,6.579859e-05,5.634618e-05,2994573.516,5.000000e-04,10.10,8097.41
891,5.545088e-03,3.585280e+01,1.004618e-04,1.910380e-04,2996488.455,4.789897e-03,3.626442e+01,8.850562e-05,5.567978e-05,3008316.023,5.000000e-04,9.50,8106.92
892,5.815382e-03,3.603880e+01,1.335884e-04,1.751238e-04,2996851.178,8.934010e-03,3.595022e+01,4.873211e-04,9.315530e-05,3011388.508,5.000000e-04,10.14,8117.06
893,6.255980e-03,3.613496e+01,1.635662e-04,2.013644e-04,2996359.402,6.069758e-03,3.589991e+01,2.209327e-04,5.408806e-05,2989438.891,5.000000e-04,10.53,8127.61
894,5.734411e-03,3.604665e+01,1.349628e-04,1.560236e-04,2996203.988,7.896334e-03,3.784137e+01,1.750198e-04,4.723998e-04,3040224.625,5.000000e-04,9.65,8137.26
895,6.074216e-03,3.624089e+01,1.254155e-04,2.391943e-04,2996879.717,4.773797e-03,3.642061e+01,6.005970e-05,1.062278e-04,3008746.016,5.000000e-04,10.03,8147.29
896,5.690443e-03,3.598022e+01,1.234399e-04,1.716043e-04,2997188.412,6.083549e-03,3.722240e+01,1.920967e-04,8.806843e-05,3014776.945,5.000000e-04,9.96,8157.25
897,6.108434e-03,3.629422e+01,1.524660e-04,1.908705e-04,2996611.676,4.729048e-03,3.593367e+01,9.157591e-05,4.398438e-05,3005509.125,5.000000e-04,9.96,8167.22
898,5.613351e-03,3.610685e+01,1.183289e-04,1.638755e-04,2996745.131,5.296028e-03,3.666772e+01,1.214282e-04,8.299497e-05,2998334.484,5.000000e-04,10.40,8177.62
899,6.069443e-03,3.617481e+01,1.408720e-04,2.086483e-04,2996812.416,6.058857e-03,3.659520e+01,1.101480e-04,2.595714e-04,3035565.203,5.000000e-04,10.06,8187.69
900,5.744453e-03,3.595447e+01,1.223954e-04,1.850105e-04,2997024.455,5.105707e-03,3.564222e+01,4.872264e-05,2.108519e-04,2968062.555,5.000000e-04,9.84,8197.53
901,6.248398e-03,3.611994e+01,1.702544e-04,1.867719e-04,2996148.816,5.812046e-03,3.607545e+01,1.738333e-04,9.323354e-05,2989663.828,5.000000e-04,10.43,8207.96
902,5.762204e-03,3.595863e+01,1.395435e-04,1.541812e-04,2996287.295,5.428999e-03,3.669727e+01,1.359720e-04,7.991044e-05,2986584.070,5.000000e-04,10.58,8218.55
903,5.771641e-03,3.631468e+01,1.459434e-04,1.361478e-04,2996861.262,4.513195e-03,3.603010e+01,5.570434e-05,7.062826e-05,2998469.258,5.000000e-04,9.60,8228.15
904,5.939292e-03,3.608776e+01,1.267145e-04,2.126743e-04,2996384.465,9.249793e-03,3.549266e+01,2.866833e-04,5.667389e-04,2932798.602,5.000000e-04,9.95,8238.10
905,6.270593e-03,3.627662e+01,1.546103e-04,2.193655e-04,2996159.420,5.201602e-03,3.652228e+01,1.063579e-04,9.715903e-05,3002125.008,5.000000e-04,9.72,8247.82
906,5.752767e-03,3.600095e+01,1.332021e-04,1.641302e-04,2996651.021,5.696896e-03,3.652416e+01,5.226784e-05,3.043603e-04,2968894.281,5.000000e-04,9.57,8257.41
907,5.829394e-03,3.601659e+01,1.471269e-04,1.512932e-04,2996813.631,4.282846e-03,3.572638e+01,4.574104e-05,5.055942e-05,2986659.312,5.000000e-04,9.31,8266.72
908,5.922593e-03,3.618743e+01,1.605029e-04,1.397644e-04,2996565.625,5.410480e-03,3.524226e+01,1.142780e-04,1.486946e-04,2979347.477,5.000000e-04,8.89,8275.61
909,6.014846e-03,3.602579e+01,1.440838e-04,1.942858e-04,2997097.238,5.840875e-03,3.511250e+01,4.768092e-05,3.705631e-04,2945990.164,5.000000e-04,9.50,8285.11
910,6.034633e-03,3.619227e+01,1.276904e-04,2.277006e-04,2996232.439,5.155482e-03,3.610459e+01,1.057847e-04,9.743529e-05,3018598.383,5.000000e-04,9.69,8294.81
911,5.486480e-03,3.612001e+01,1.191341e-04,1.366277e-04,2996710.359,4.313606e-03,3.580041e+01,3.343832e-05,7.983646e-05,2996793.547,5.000000e-04,9.80,8304.61
912,5.663611e-03,3.595340e+01,1.077443e-04,1.981657e-04,2996076.375,1.060838e-02,3.740714e+01,2.437902e-04,8.859535e-04,3083118.727,5.000000e-04,9.54,8314.16
913,5.539324e-03,3.590312e+01,1.091348e-04,1.715328e-04,2997220.865,5.110011e-03,3.695961e+01,5.030991e-05,1.821902e-04,3026340.289,5.000000e-04,10.52,8324.68
914,6.206461e-03,3.596459e+01,1.371908e-04,2.476189e-04,2996401.412,4.800682e-03,3.711820e+01,8.150516e-05,5.476198e-05,3003496.477,5.000000e-04,10.93,8335.61
915,5.775444e-03,3.604197e+01,1.114247e-04,2.113999e-04,2997009.227,4.842670e-03,3.620641e+01,7.774274e-05,8.892021e-05,2982871.203,5.000000e-04,10.10,8345.72
916,5.255775e-03,3.597548e+01,1.028681e-04,1.259091e-04,2996657.619,5.350462e-03,3.674117e+01,1.090582e-04,1.171527e-04,3026190.344,5.000000e-04,10.54,8356.26
917,5.777851e-03,3.587078e+01,1.274575e-04,1.832398e-04,2996696.027,5.597020e-03,3.673533e+01,6.798647e-05,2.487244e-04,3038568.500,5.000000e-04,10.45,8366.71
918,5.862439e-03,3.598603e+01,1.448376e-04,1.630921e-04,2997138.748,8.453698e-03,3.457192e+01,2.552621e-04,4.887771e-04,2946853.156,5.000000e-04,10.38,8377.09
919,5.591887e-03,3.595468e+01,1.016245e-04,1.960350e-04,2996688.211,8.127024e-03,3.523711e+01,1.690996e-04,5.824635e-04,2950875.844,5.000000e-04,10.16,8387.25
920,5.715770e-03,3.607717e+01,1.230588e-04,1.754928e-04,2996419.957,5.145229e-03,3.542156e+01,8.490726e-05,1.508001e-04,2998890.156,5.000000e-04,10.55,8397.80
921,5.949000e-03,3.597072e+01,1.548489e-04,1.606879e-04,2996059.949,4.451368e-03,3.621751e+01,5.761140e-05,5.070063e-05,3000885.766,5.000000e-04,10.10,8407.91
922,5.975389e-03,3.597654e+01,1.259238e-04,2.236995e-04,2997236.049,5.001844e-03,3.667943e+01,5.708575e-05,1.526088e-04,2993934.859,5.000000e-04,9.50,8417.41
923,5.688550e-03,3.615699e+01,1.198383e-04,1.748936e-04,2996785.426,4.787166e-03,3.511815e+01,6.883533e-05,1.173996e-04,2995837.281,5.000000e-04,10.06,8427.48
924,5.667714e-03,3.586773e+01,1.311538e-04,1.538805e-04,2996702.955,5.420451e-03,3.741047e+01,9.943556e-05,1.370097e-04,3027317.188,5.000000e-04,10.35,8437.83
925,5.876704e-03,3.599916e+01,1.286772e-04,1.980034e-04,2996387.516,4.958291e-03,3.709197e+01,5.531479e-05,1.391892e-04,3028310.383,5.000000e-04,10.34,8448.18
926,6.173031e-03,3.610196e+01,1.419478e-04,2.286714e-04,2997033.514,7.282481e-03,3.542727e+01,2.033281e-04,3.412948e-04,2990618.609,5.000000e-04,9.47,8457.66
927,5.380769e-03,3.600996e+01,1.105200e-04,1.349145e-04,2997247.166,5.612274e-03,3.490426e+01,1.235813e-04,1.772071e-04,2965715.289,5.000000e-04,9.67,8467.33
928,5.578059e-03,3.596853e+01,1.126780e-04,1.708851e-04,2997104.867,1.059423e-02,3.445717e+01,4.003685e-04,6.289659e-04,2927338.086,5.000000e-04,10.16,8477.49
929,5.537694e-03,3.597042e+01,1.127893e-04,1.625518e-04,2996418.098,8.498444e-03,3.456480e+01,1.146059e-04,7.791808e-04,2922260.406,5.000000e-04,9.92,8487.41
930,5.894471e-03,3.603535e+01,1.333974e-04,1.913926e-04,2995978.330,4.794029e-03,3.627255e+01,8.747864e-05,5.839749e-05,3001648.773,5.000000e-04,10.10,8497.51
931,5.834632e-03,3.581334e+01,1.419925e-04,1.666747e-04,2997149.967,7.935987e-03,3.519304e+01,3.551528e-04,1.730311e-04,2971438.250,5.000000e-04,10.53,8508.05
932,5.705950e-03,3.586801e+01,1.317498e-04,1.603302e-04,2996745.695,7.218843e-03,3.511653e+01,1.398382e-04,4.617615e-04,2941085.188,5.000000e-04,10.32,8518.37
933,5.382784e-03,3.585800e+01,1.168725e-04,1.256517e-04,2996727.262,4.675100e-03,3.579162e+01,7.680766e-05,6.557219e-05,3007023.055,5.000000e-04,10.02,8528.39
934,5.756011e-03,3.586713e+01,1.239052e-04,1.860491e-04,2996629.742,5.304470e-03,3.685143e+01,8.057671e-05,1.627120e-04,3032004.781,5.000000e-04,10.00,8538.39
935,5.436438e-03,3.591249e+01,1.105603e-04,1.479174e-04,2996887.371,4.916893e-03,3.546723e+01,6.183785e-05,1.503584e-04,2982831.805,5.000000e-04,10.21,8548.60
936,6.107359e-03,3.603180e+01,1.330653e-04,2.347053e-04,2996683.273,5.551545e-03,3.550364e+01,8.673468e-05,2.267669e-04,2962420.000,5.000000e-04,9.79,8558.40
937,5.668762e-03,3.598845e+01,1.156989e-04,1.825855e-04,2995942.170,5.186806e-03,3.707175e+01,8.493644e-05,1.260534e-04,3022932.398,5.000000e-04,9.57,8567.97
938,5.577431e-03,3.597977e+01,1.313570e-04,1.331767e-04,2997637.164,5.658810e-03,3.575506e+01,1.548453e-04,1.069704e-04,2980581.523,5.000000e-04,10.27,8578.24
939,5.996098e-03,3.607307e+01,1.111307e-04,2.554967e-04,2996770.627,6.361072e-03,3.579074e+01,1.808968e-04,1.946061e-04,2969390.164,5.000000e-04,9.78,8588.03
940,5.581379e-03,3.601541e+01,1.169271e-04,1.621133e-04,2996079.186,4.983145e-03,3.686257e+01,8.432158e-05,9.073459e-05,3013340.672,5.000000e-04,9.65,8597.69
941,6.191703e-03,3.626978e+01,1.752183e-04,1.625085e-04,2996771.336,4.324711e-03,3.571071e+01,4.454180e-05,6.164460e-05,2985280.883,5.000000e-04,9.66,8607.34
942,5.620756e-03,3.591206e+01,1.106689e-04,1.845723e-04,2996872.807,4.724625e-03,3.516382e+01,5.220319e-05,1.372422e-04,2969792.438,5.000000e-04,9.96,8617.31
943,6.189866e-03,3.618528e+01,1.222375e-04,2.697926e-04,2996240.791,5.391263e-03,3.573554e+01,1.226691e-04,1.182037e-04,2984375.305,5.000000e-04,10.16,8627.50
944,5.522975e-03,3.605769e+01,1.066283e-04,1.701845e-04,2997056.432,5.762818e-03,3.496183e+01,1.275659e-04,1.981952e-04,2997668.219,5.000000e-04,9.54,8637.04
945,5.746708e-03,3.587201e+01,1.395701e-04,1.527613e-04,2996490.580,6.410238e-03,3.716499e+01,1.149975e-04,3.087528e-04,3045991.148,5.000000e-04,9.88,8646.93
946,5.789098e-03,3.605605e+01,1.246309e-04,1.874367e-04,2996980.521,4.858125e-03,3.590167e+01,9.333122e-05,6.692915e-05,3003871.719,5.000000e-04,9.97,8656.91
947,5.168545e-03,3.569205e+01,9.388421e-05,1.320996e-04,2997066.885,5.123065e-03,3.512753e+01,1.230821e-04,7.589818e-05,2989238.695,5.000000e-04,10.50,8667.41
948,5.513898e-03,3.582037e+01,1.135966e-04,1.591789e-04,2996900.797,5.553843e-03,3.481764e+01,7.823105e-05,2.579537e-04,2955420.812,5.000000e-04,9.95,8677.36
949,5.506533e-03,3.598758e+01,9.856440e-05,1.844262e-04,2996720.652,4.633108e-03,3.589788e+01,7.148201e-05,6.570009e-05,2989115.797,5.000000e-04,10.21,8687.57
950,5.870192e-03,3.599015e+01,1.163953e-04,2.214449e-04,2996763.875,4.984114e-03,3.649771e+01,1.065049e-04,5.385877e-05,3002256.016,5.000000e-04,10.22,8697.79
951,5.604989e-03,3.586643e+01,1.122766e-04,1.791162e-04,2996338.824,5.731437e-03,3.560592e+01,1.488696e-04,1.364299e-04,2971629.836,5.000000e-04,10.11,8707.89
952,5.689430e-03,3.597607e+01,1.266277e-04,1.651091e-04,2997041.777,4.372393e-03,3.574997e+01,5.051414e-05,5.845094e-05,2987725.734,5.000000e-04,10.15,8718.04
953,5.461792e-03,3.593300e+01,1.099744e-04,1.537496e-04,2996724.824,5.066641e-03,3.700159e+01,8.977296e-05,9.375056e-05,3005263.305,5.000000e-04,9.81,8727.85
954,5.564729e-03,3.588660e+01,1.094931e-04,1.762277e-04,2996995.152,4.688091e-03,3.539348e+01,5.019487e-05,1.293589e-04,2979292.562,5.000000e-04,9.47,8737.32
955,6.475142e-03,3.614376e+01,1.578518e-04,2.564494e-04,2997126.551,1.082924e-02,3.339547e+01,1.896180e-04,1.118702e-03,2902988.781,5.000000e-04,9.44,8746.76
956,6.305344e-03,3.619984e+01,1.300395e-04,2.769929e-04,2995869.314,5.297545e-03,3.498936e+01,4.367302e-05,2.723757e-04,2954334.984,5.000000e-04,10.03,8756.79
957,5.787227e-03,3.612654e+01,1.142152e-04,2.064843e-04,2996167.492,9.186952e-03,3.781748e+01,2.790810e-04,5.228788e-04,3057802.688,5.000000e-04,9.62,8766.41
958,6.200561e-03,3.639356e+01,1.450113e-04,2.222183e-04,2996929.912,6.061001e-03,3.528373e+01,1.365913e-04,2.333431e-04,2958028.836,5.000000e-04,9.70,8776.11
959,5.876371e-03,3.610753e+01,1.429868e-04,1.671502e-04,2996403.451,5.274213e-03,3.562294e+01,1.276098e-04,8.716429e-05,2981544.219,5.000000e-04,10.17,8786.28
960,5.739902e-03,3.617708e+01,1.315935e-04,1.612517e-04,2996613.279,6.509143e-03,3.561553e+01,1.217660e-04,3.459858e-04,2960385.992,5.000000e-04,9.86,8796.14
961,5.511951e-03,3.589902e+01,1.276813e-04,1.290472e-04,2996945.441,5.341748e-03,3.509410e+01,1.135910e-04,1.392855e-04,2972868.742,5.000000e-04,9.70,8805.84
962,6.312918e-03,3.602790e+01,1.427426e-04,2.565405e-04,2996740.613,5.388101e-03,3.591566e+01,1.248576e-04,1.095919e-04,2986239.609,5.000000e-04,9.38,8815.22
963,5.402180e-03,3.598859e+01,1.120977e-04,1.364690e-04,2996293.559,4.910548e-03,3.531714e+01,8.039374e-05,1.149794e-04,2977972.039,5.000000e-04,10.18,8825.39
964,5.930227e-03,3.593654e+01,1.082496e-04,2.508151e-04,2997608.881,7.076757e-03,3.742650e+01,8.393889e-05,4.989438e-04,3036618.023,5.000000e-04,9.94,8835.34
965,6.127581e-03,3.627186e+01,1.385848e-04,2.229095e-04,2995699.512,6.341792e-03,3.654223e+01,1.824088e-04,1.726963e-04,2970168.484,5.000000e-04,10.04,8845.38
966,6.111715e-03,3.609081e+01,1.219270e-04,2.566730e-04,2996172.453,5.998701e-03,3.715107e+01,8.954443e-05,2.776299e-04,3024884.695,5.000000e-04,10.52,8855.90
967,5.909691e-03,3.640976e+01,1.228859e-04,2.079711e-04,2997206.777,6.143603e-03,3.561825e+01,2.073752e-04,1.016052e-04,2988304.172,5.000000e-04,10.59,8866.49
968,6.075136e-03,3.613242e+01,1.479951e-04,1.963885e-04,2996488.551,5.766941e-03,3.560898e+01,1.572328e-04,1.267431e-04,2990639.719,5.000000e-04,9.84,8876.33
969,5.618150e-03,3.614824e+01,1.111028e-04,1.784596e-04,2996942.889,5.219452e-03,3.545741e+01,9.597207e-05,1.427981e-04,2970264.570,5.000000e-04,10.15,8886.49
970,5.301313e-03,3.593687e+01,1.145536e-04,1.124180e-04,2997106.215,5.034150e-03,3.546150e+01,5.134409e-05,1.949116e-04,2972229.141,5.000000e-04,10.22,8896.71
971,6.025650e-03,3.585694e+01,1.285851e-04,2.308212e-04,2995995.471,5.552477e-03,3.721665e+01,1.156187e-04,1.349250e-04,3021344.430,5.000000e-04,9.58,8906.30
972,5.527898e-03,3.609750e+01,1.143600e-04,1.549097e-04,2996921.717,4.988793e-03,3.635038e+01,6.492768e-05,1.408957e-04,3026521.531,5.000000e-04,9.80,8916.10
973,5.521149e-03,3.579121e+01,1.134098e-04,1.615860e-04,2996611.725,5.791845e-03,3.538369e+01,1.302820e-04,1.901312e-04,3010207.383,5.000000e-04,10.33,8926.43
974,5.545568e-03,3.596022e+01,1.051814e-04,1.795465e-04,2996894.352,5.232110e-03,3.622197e+01,1.154882e-04,9.100636e-05,3009480.883,5.000000e-04,9.70,8936.13
975,5.484026e-03,3.590346e+01,9.987370e-05,1.789886e-04,2996774.232,6.031150e-03,3.629432e+01,8.378566e-05,3.127723e-04,3034453.977,5.000000e-04,9.74,8945.87
976,5.946771e-03,3.593175e+01,1.186617e-04,2.333960e-04,2996707.775,4.263318e-03,3.571878e+01,5.864894e-05,2.099010e-05,2996823.297,5.000000e-04,9.93,8955.80
977,5.536915e-03,3.586753e+01,1.162473e-04,1.575376e-04,2997234.855,8.993328e-03,3.383040e+01,2.121408e-04,6.977760e-04,2924095.375,5.000000e-04,9.95,8965.76
978,5.733380e-03,3.593950e+01,1.219226e-04,1.840408e-04,2996450.838,5.965135e-03,3.573049e+01,1.003672e-04,2.776826e-04,3025221.352,5.000000e-04,10.12,8975.88
979,5.591729e-03,3.600259e+01,9.494463e-05,2.084047e-04,2996774.105,4.618525e-03,3.573998e+01,5.956753e-05,8.977049e-05,2986354.891,5.000000e-04,10.57,8986.45
980,5.497809e-03,3.590189e+01,1.105022e-04,1.605195e-04,2997143.656,5.080466e-03,3.523950e+01,6.818520e-05,1.749329e-04,2977584.031,5.000000e-04,9.98,8996.43
981,5.817623e-03,3.582550e+01,1.439721e-04,1.590704e-04,2996272.010,4.470726e-03,3.634005e+01,5.507906e-05,5.718603e-05,3010593.156,5.000000e-04,9.99,9006.43
982,5.731080e-03,3.595433e+01,1.350011e-04,1.571273e-04,2996869.256,6.880485e-03,3.442185e+01,1.338191e-04,4.200218e-04,2943584.430,5.000000e-04,9.74,9016.16
983,5.961960e-03,3.593482e+01,1.339198e-04,2.058560e-04,2996722.695,6.149588e-03,3.537870e+01,1.384968e-04,2.453499e-04,2964561.484,5.000000e-04,9.85,9026.02
984,5.536957e-03,3.605342e+01,9.984885e-05,1.866253e-04,2996347.631,5.495585e-03,3.564355e+01,8.371943e-05,2.188072e-04,2985704.984,5.000000e-04,9.89,9035.92
985,5.766845e-03,3.589686e+01,1.209188e-04,1.935941e-04,2996416.396,4.691604e-03,3.611914e+01,6.788217e-05,8.017370e-05,3003603.344,5.000000e-04,10.05,9045.97
986,5.210954e-03,3.584744e+01,1.026980e-04,1.198460e-04,2997011.949,7.306478e-03,3.616180e+01,3.514530e-04,3.515340e-05,2995478.555,5.000000e-04,10.16,9056.13
987,5.527100e-03,3.598723e+01,1.355521e-04,1.145712e-04,2997516.305,4.308926e-03,3.618987e+01,4.933323e-05,3.932125e-05,3010734.562,5.000000e-04,9.24,9065.38
988,5.942995e-03,3.597920e+01,1.262838e-04,2.164475e-04,2996875.719,5.233481e-03,3.620753e+01,1.092468e-04,1.040521e-04,3013810.477,5.000000e-04,10.04,9075.42
989,5.480055e-03,3.581626e+01,1.320584e-04,1.155691e-04,2996549.955,5.626718e-03,3.558702e+01,6.091487e-05,2.917735e-04,2963754.555,5.000000e-04,10.13,9085.55
990,5.406133e-03,3.581294e+01,1.069007e-04,1.511663e-04,2996897.842,5.822622e-03,3.463591e+01,9.885023e-05,2.741056e-04,2970496.047,5.000000e-04,9.85,9095.41
991,5.292558e-03,3.571280e+01,9.548789e-05,1.532799e-04,2996850.871,4.740301e-03,3.587944e+01,6.981521e-05,9.084088e-05,2990196.273,5.000000e-04,9.85,9105.29
992,5.664825e-03,3.592523e+01,1.185359e-04,1.773888e-04,2996371.479,5.804313e-03,3.642010e+01,1.894291e-04,5.360245e-05,3014893.445,5.000000e-04,10.33,9115.62
993,5.422030e-03,3.584305e+01,1.158451e-04,1.358547e-04,2997234.680,4.942322e-03,3.595763e+01,6.718424e-05,1.349435e-04,3019349.672,5.000000e-04,10.16,9125.78
994,5.550227e-03,3.572652e+01,1.186432e-04,1.582287e-04,2996664.629,6.054169e-03,3.559994e+01,2.151803e-04,6.847442e-05,2984926.070,5.000000e-04,9.90,9135.68
995,5.734947e-03,3.579552e+01,1.237805e-04,1.835181e-04,2997017.115,8.156835e-03,3.744357e+01,1.783096e-04,5.258763e-04,3063331.250,5.000000e-04,9.97,9145.66
996,5.622987e-03,3.593422e+01,1.219463e-04,1.620204e-04,2996678.229,6.639926e-03,3.552061e+01,2.566284e-04,1.043162e-04,3006450.070,5.000000e-04,10.49,9156.15
997,5.757073e-03,3.602839e+01,1.293494e-04,1.721481e-04,2996579.791,5.403851e-03,3.681148e+01,1.292952e-04,8.595033e-05,3014179.641,5.000000e-04,9.68,9165.83
998,5.445682e-03,3.586779e+01,1.080285e-04,1.557235e-04,2997237.377,4.863093e-03,3.465705e+01,5.686753e-05,1.657425e-04,2969540.703,5.000000e-04,9.99,9175.83
999,5.574910e-03,3.577152e+01,1.125463e-04,1.744592e-04,2996759.701,5.098768e-03,3.490369e+01,3.524870e-05,2.511824e-04,2955597.547,5.000000e-04,10.36,9186.18
1000,5.796511e-03,3.570697e+01,1.422523e-04,1.606584e-04,2996836.266,5.153885e-03,3.626206e+01,6.806347e-05,1.694089e-04,2966564.250,5.000000e-04,9.84,9196.03
1001,5.351790e-03,3.590492e+01,1.090817e-04,1.340964e-04,2996660.660,5.992447e-03,3.546258e+01,2.123679e-04,6.450195e-05,2983763.984,5.000000e-04,10.17,9206.21
1002,5.411621e-03,3.575702e+01,1.036714e-04,1.598410e-04,2996710.855,4.946970e-03,3.561461e+01,6.525267e-05,1.465965e-04,3009835.367,5.000000e-04,10.28,9216.49
1003,5.835775e-03,3.595376e+01,1.264170e-04,1.952458e-04,2996972.418,7.301540e-03,3.565729e+01,3.050180e-04,1.371262e-04,2972314.289,5.000000e-04,9.97,9226.47
1004,5.343265e-03,3.583782e+01,1.014380e-04,1.490205e-04,2996764.260,4.686698e-03,3.572286e+01,8.422018e-05,5.444214e-05,2991007.312,5.000000e-04,10.41,9236.88
1005,5.710010e-03,3.577186e+01,1.129871e-04,2.005907e-04,2997097.314,4.526527e-03,3.595719e+01,8.262301e-05,2.091561e-05,2996409.289,5.000000e-04,9.58,9246.46
1006,5.649564e-03,3.587701e+01,1.193571e-04,1.736585e-04,2995998.924,6.033109e-03,3.752846e+01,9.403554e-05,2.679816e-04,3045286.477,5.000000e-04,10.35,9256.81
1007,5.556109e-03,3.592619e+01,1.144533e-04,1.637914e-04,2996913.074,5.329367e-03,3.578033e+01,1.074938e-04,1.352793e-04,2983717.852,5.000000e-04,10.81,9267.62
1008,5.607887e-03,3.585501e+01,1.103482e-04,1.837808e-04,2996957.559,4.642980e-03,3.584184e+01,8.300526e-05,4.574880e-05,3009935.641,5.000000e-04,10.00,9277.62
1009,5.959848e-03,3.587598e+01,1.269440e-04,2.205619e-04,2997001.402,4.713529e-03,3.558624e+01,8.199957e-05,6.698200e-05,2985781.688,5.000000e-04,10.76,9288.37
1010,5.640286e-03,3.591149e+01,1.378581e-04,1.341114e-04,2996634.201,7.132432e-03,3.660515e+01,2.522628e-04,1.898578e-04,2988378.859,5.000000e-04,9.03,9297.41
1011,5.713600e-03,3.590590e+01,1.346282e-04,1.553457e-04,2996337.572,5.279440e-03,3.582698e+01,1.110730e-04,1.172024e-04,2979000.250,5.000000e-04,9.51,9306.92
1012,5.766260e-03,3.606943e+01,1.229996e-04,1.858642e-04,2996889.850,5.044034e-03,3.727020e+01,6.946998e-05,1.244628e-04,3012479.094,5.000000e-04,9.84,9316.80
1013,5.645805e-03,3.600330e+01,1.092020e-04,1.906911e-04,2996986.955,4.497335e-03,3.568629e+01,4.279220e-05,1.001567e-04,2978524.211,5.000000e-04,9.86,9326.65
1014,5.564869e-03,3.588167e+01,1.227303e-04,1.498799e-04,2996034.291,7.101613e-03,3.727602e+01,1.853956e-04,3.040110e-04,3033618.906,5.000000e-04,10.08,9336.74
1015,5.674412e-03,3.595711e+01,1.144599e-04,1.868204e-04,2997383.730,6.108362e-03,3.652193e+01,1.702039e-04,1.508260e-04,3028801.672,5.000000e-04,9.78,9346.52
1016,5.942833e-03,3.606878e+01,1.028907e-04,2.614095e-04,2996852.193,4.957501e-03,3.542701e+01,8.019128e-05,1.225774e-04,2999218.727,5.000000e-04,10.45,9356.98
1017,5.743622e-03,3.613785e+01,1.398248e-04,1.463178e-04,2996626.482,4.693741e-03,3.582991e+01,9.235991e-05,3.743010e-05,3000093.273,5.000000e-04,10.05,9367.03
1018,5.466772e-03,3.571984e+01,1.086791e-04,1.615994e-04,2996763.223,5.756573e-03,3.683213e+01,1.274360e-04,1.598002e-04,3017892.656,5.000000e-04,9.49,9376.51
1019,5.596487e-03,3.586340e+01,1.085241e-04,1.849811e-04,2996629.838,5.307482e-03,3.548968e+01,9.102639e-05,1.696502e-04,2969067.070,5.000000e-04,9.55,9386.07
1020,5.736611e-03,3.589514e+01,1.437246e-04,1.419701e-04,2996501.354,5.981994e-03,3.646014e+01,1.955806e-04,7.603501e-05,3012364.719,5.000000e-04,9.32,9395.39
1021,5.330100e-03,3.586413e+01,1.029832e-04,1.427711e-04,2997230.973,5.449191e-03,3.664794e+01,1.027857e-04,1.513079e-04,3030025.719,5.000000e-04,10.15,9405.54
1022,5.311547e-03,3.575942e+01,1.074796e-04,1.321617e-04,2996911.221,6.257606e-03,3.621126e+01,1.619002e-04,2.034957e-04,2975839.156,5.000000e-04,9.88,9415.43
1023,5.550863e-03,3.573364e+01,1.238811e-04,1.477378e-04,2996879.480,5.007168e-03,3.611031e+01,1.124312e-04,5.436504e-05,3010055.594,5.000000e-04,9.99,9425.43
1024,5.842788e-03,3.579949e+01,1.375777e-04,1.774125e-04,2996769.908,5.097900e-03,3.540735e+01,7.050403e-05,1.704250e-04,3010971.180,5.000000e-04,10.41,9435.84
1025,5.719555e-03,3.590122e+01,1.208102e-04,1.842663e-04,2996333.971,5.556694e-03,3.671945e+01,6.249185e-05,2.519661e-04,3039330.336,5.000000e-04,9.47,9445.31
1026,5.394914e-03,3.578274e+01,1.078371e-04,1.476539e-04,2996711.480,5.240424e-03,3.507244e+01,1.189602e-04,1.087155e-04,2998741.242,5.000000e-04,9.61,9454.93
1027,5.386280e-03,3.589938e+01,1.223198e-04,1.146288e-04,2997017.303,4.422329e-03,3.570867e+01,6.515760e-05,3.997706e-05,2995125.555,5.000000e-04,9.99,9464.91
1028,6.003434e-03,3.620212e+01,1.483029e-04,1.800386e-04,2996310.750,6.248747e-03,3.516459e+01,1.802135e-04,1.860306e-04,2978529.766,5.000000e-04,9.87,9474.79
1029,5.510911e-03,3.625442e+01,1.161847e-04,1.447245e-04,2996522.723,4.813613e-03,3.672867e+01,5.994265e-05,1.082639e-04,3006505.148,5.000000e-04,10.28,9485.07
1030,5.793854e-03,3.598359e+01,1.200107e-04,1.990777e-04,2996691.172,6.450580e-03,3.653664e+01,1.757970e-04,2.077892e-04,3031104.992,5.000000e-04,10.20,9495.29
1031,5.503452e-03,3.587130e+01,1.113054e-04,1.606536e-04,2997240.104,5.457603e-03,3.491108e+01,7.384489e-05,2.456092e-04,2958243.695,5.000000e-04,9.92,9505.21
1032,5.727915e-03,3.580745e+01,1.207883e-04,1.878573e-04,2996350.748,4.593564e-03,3.630946e+01,6.460928e-05,6.330509e-05,3012439.922,5.000000e-04,10.06,9515.26
1033,5.389840e-03,3.577436e+01,1.032254e-04,1.560299e-04,2997677.426,6.049590e-03,3.553923e+01,1.746816e-04,1.497702e-04,2978038.625,5.000000e-04,10.27,9525.53
1034,5.530397e-03,3.575671e+01,1.173234e-04,1.562982e-04,2996629.719,4.665220e-03,3.573108e+01,8.539495e-05,4.763260e-05,2987543.180,5.000000e-04,9.93,9535.47
1035,5.128295e-03,3.569456e+01,1.048117e-04,1.021443e-04,2996683.512,5.113940e-03,3.627489e+01,1.170115e-04,6.326706e-05,3013144.555,5.000000e-04,10.02,9545.49
1036,5.592131e-03,3.589292e+01,1.094696e-04,1.816286e-04,2996777.561,4.677470e-03,3.656604e+01,5.055207e-05,1.030690e-04,3023338.055,5.000000e-04,9.96,9555.45
1037,5.400493e-03,3.586223e+01,1.079389e-04,1.469762e-04,2997181.701,4.650148e-03,3.606554e+01,7.474280e-05,5.923313e-05,3010077.477,5.000000e-04,9.70,9565.16
1038,5.712254e-03,3.572335e+01,1.142386e-04,1.995066e-04,2996620.186,4.582330e-03,3.598233e+01,6.815618e-05,6.050694e-05,3016381.609,5.000000e-04,8.80,9573.97
1039,5.280693e-03,3.561757e+01,1.042604e-04,1.352666e-04,2996410.488,5.766966e-03,3.710670e+01,7.831880e-05,2.546217e-04,3021933.977,5.000000e-04,9.72,9583.69
1040,5.376265e-03,3.577908e+01,8.978457e-05,1.801022e-04,2997253.375,5.175718e-03,3.492482e+01,5.632586e-05,2.239955e-04,2964716.734,5.000000e-04,10.69,9594.38
1041,5.736920e-03,3.571039e+01,1.351784e-04,1.628194e-04,2996871.887,4.591892e-03,3.578484e+01,8.599662e-05,3.068852e-05,3002630.820,5.000000e-04,9.60,9603.98
1042,5.590868e-03,3.586807e+01,1.301255e-04,1.405611e-04,2996877.424,5.038281e-03,3.614748e+01,1.243188e-04,3.606920e-05,3003549.852,5.000000e-04,9.34,9613.32
1043,5.222235e-03,3.567875e+01,1.078601e-04,1.151518e-04,2996583.053,4.980133e-03,3.644261e+01,7.719750e-05,1.127794e-04,3028352.117,5.000000e-04,10.45,9623.78
1044,5.975821e-03,3.569339e+01,1.517003e-04,1.778959e-04,2996757.822,4.200756e-03,3.571067e+01,3.710743e-05,5.172283e-05,2988492.172,5.000000e-04,10.18,9633.96
1045,5.388985e-03,3.559326e+01,1.103745e-04,1.451828e-04,2997030.775,4.529902e-03,3.492437e+01,3.067000e-05,1.461530e-04,2973039.211,5.000000e-04,9.83,9643.79
1046,5.561430e-03,3.562832e+01,1.259675e-04,1.477845e-04,2996628.531,4.196019e-03,3.563833e+01,5.017206e-05,2.609314e-05,2997087.258,5.000000e-04,10.12,9653.92
1047,5.921980e-03,3.563644e+01,1.213322e-04,2.290029e-04,2996393.197,4.531800e-03,3.698328e+01,4.943129e-05,6.783197e-05,3014218.992,5.000000e-04,10.29,9664.20
1048,5.509116e-03,3.583023e+01,1.165776e-04,1.520633e-04,2997039.109,5.362473e-03,3.579505e+01,9.152182e-05,1.735500e-04,3026019.094,5.000000e-04,10.15,9674.36
1049,5.609651e-03,3.573015e+01,1.334043e-04,1.405186e-04,2996716.322,4.193020e-03,3.555455e+01,4.223072e-05,4.305157e-05,2995275.070,5.000000e-04,9.96,9684.35
1050,5.536155e-03,3.583577e+01,9.211698e-05,2.062816e-04,2997490.209,4.514004e-03,3.478443e+01,4.489841e-05,1.173153e-04,2976903.359,5.000000e-04,10.07,9694.42
1051,5.433966e-03,3.575486e+01,1.147314e-04,1.422332e-04,2996888.854,4.558056e-03,3.528248e+01,6.913424e-05,6.769311e-05,2981901.008,5.000000e-04,11.80,9706.22
1052,5.509434e-03,3.572234e+01,1.023861e-04,1.826679e-04,2996829.115,5.216095e-03,3.564095e+01,1.080407e-04,1.143187e-04,2977488.992,5.000000e-04,10.31,9716.53
1053,5.371920e-03,3.581876e+01,1.072503e-04,1.435083e-04,2997088.170,6.604453e-03,3.450944e+01,1.134830e-04,4.037358e-04,2948181.078,5.000000e-04,10.71,9727.24
1054,5.706530e-03,3.595078e+01,1.260942e-04,1.701022e-04,2996695.582,6.889772e-03,3.468732e+01,1.067111e-04,4.707858e-04,2939435.812,5.000000e-04,10.39,9737.63
1055,5.609081e-03,3.580681e+01,1.192078e-04,1.672643e-04,2996586.523,4.638032e-03,3.503865e+01,7.484614e-05,7.714107e-05,2984846.133,5.000000e-04,10.01,9747.65
1056,5.773323e-03,3.588988e+01,1.157641e-04,2.053388e-04,2996775.320,5.721170e-03,3.496523e+01,1.674337e-04,1.100620e-04,2977857.141,5.000000e-04,10.00,9757.65
1057,5.578558e-03,3.586612e+01,1.166120e-04,1.651652e-04,2996733.967,6.385368e-03,3.689684e+01,7.504543e-05,3.890460e-04,3048594.539,5.000000e-04,10.14,9767.78
1058,5.371411e-03,3.559976e+01,1.069751e-04,1.483370e-04,2996580.812,7.200653e-03,3.599811e+01,3.326480e-04,5.487228e-05,3004321.258,5.000000e-04,10.49,9778.28
1059,5.639867e-03,3.596910e+01,1.187055e-04,1.711805e-04,2997126.375,4.863218e-03,3.573380e+01,9.050930e-05,7.694906e-05,2991727.695,5.000000e-04,10.26,9788.53
1060,5.390423e-03,3.589882e+01,1.033226e-04,1.534630e-04,2996802.598,5.615268e-03,3.510046e+01,9.691407e-05,2.272164e-04,2965216.898,5.000000e-04,10.13,9798.67
1061,5.507424e-03,3.576061e+01,1.182888e-04,1.496949e-04,2996512.387,4.914247e-03,3.566422e+01,1.135458e-04,4.247337e-05,2991587.102,5.000000e-04,9.97,9808.64
1062,5.846105e-03,3.581611e+01,1.322796e-04,1.883396e-04,2996663.354,6.162586e-03,3.599095e+01,4.882105e-05,4.150562e-04,3042367.109,5.000000e-04,10.10,9818.74
1063,5.402290e-03,3.575204e+01,1.008752e-04,1.636668e-04,2996782.014,4.895916e-03,3.599007e+01,6.777824e-05,1.238254e-04,3020079.594,5.000000e-04,10.01,9828.75
1064,5.828458e-03,3.576857e+01,1.083744e-04,2.335715e-04,2997283.578,5.317088e-03,3.479399e+01,6.622543e-05,2.350869e-04,2961942.469,5.000000e-04,9.95,9838.71
1065,5.538206e-03,3.580504e+01,1.087328e-04,1.740749e-04,2996555.158,4.873725e-03,3.577413e+01,1.021059e-04,5.505068e-05,2991697.047,5.000000e-04,10.08,9848.79
1066,5.704659e-03,3.588114e+01,1.215741e-04,1.801608e-04,2996969.367,4.352446e-03,3.540525e+01,5.372753e-05,5.492922e-05,2995790.938,5.000000e-04,9.66,9858.45
1067,5.389136e-03,3.589132e+01,9.858646e-05,1.628279e-04,2996764.961,5.639904e-03,3.564109e+01,1.228775e-04,1.694039e-04,3000538.555,5.000000e-04,10.10,9868.55
1068,5.723554e-03,3.577016e+01,1.277773e-04,1.737531e-04,2997170.064,5.595665e-03,3.590668e+01,1.218427e-04,1.573142e-04,3003495.734,5.000000e-04,9.98,9878.54
1069,5.332949e-03,3.579347e+01,9.704234e-05,1.566358e-04,2995865.055,6.738929e-03,3.592434e+01,1.298415e-04,3.696161e-04,3035468.641,5.000000e-04,9.24,9887.78
1070,5.652830e-03,3.580105e+01,1.200863e-04,1.743725e-04,2997063.854,4.653297e-03,3.574500e+01,8.856040e-05,3.863850e-05,3011958.805,5.000000e-04,9.41,9897.19
1071,5.297229e-03,3.561163e+01,1.127917e-04,1.216299e-04,2996901.984,8.283125e-03,3.546129e+01,3.826451e-04,1.821091e-04,2991225.297,5.000000e-04,9.68,9906.88
1072,5.731956e-03,3.571549e+01,1.167328e-04,1.986158e-04,2996792.799,4.735277e-03,3.537928e+01,6.952894e-05,1.004119e-04,2977535.406,5.000000e-04,9.88,9916.76
1073,5.830967e-03,3.595021e+01,9.999273e-05,2.472038e-04,2997020.035,4.461185e-03,3.530362e+01,6.253119e-05,6.110230e-05,2986519.734,5.000000e-04,10.79,9927.55
1074,5.479487e-03,3.558929e+01,1.061098e-04,1.718920e-04,2996526.824,4.382865e-03,3.548172e+01,7.060448e-05,2.572971e-05,2991710.211,5.000000e-04,9.82,9937.39
1075,5.614392e-03,3.597667e+01,1.310942e-04,1.411565e-04,2996828.988,4.458374e-03,3.598511e+01,6.847573e-05,3.502108e-05,3006168.844,5.000000e-04,10.09,9947.48
1076,5.668543e-03,3.573099e+01,1.166025e-04,1.858837e-04,2996667.764,4.790992e-03,3.568594e+01,1.022347e-04,4.001034e-05,3010526.828,5.000000e-04,10.07,9957.55
1077,5.696932e-03,3.567504e+01,1.079069e-04,2.100717e-04,2997791.523,5.348847e-03,3.508920e+01,1.140776e-04,1.398300e-04,2980090.797,5.000000e-04,10.10,9967.65
1078,5.182061e-03,3.571595e+01,9.115640e-05,1.397803e-04,2996452.453,4.601682e-03,3.547706e+01,6.237250e-05,8.605019e-05,2992066.633,5.000000e-04,10.05,9977.71
1079,5.385791e-03,3.572429e+01,1.039217e-04,1.548288e-04,2996364.273,6.454801e-03,3.697256e+01,1.350418e-04,2.814255e-04,3032895.312,5.000000e-04,10.58,9988.30
1080,6.001942e-03,3.584067e+01,1.323503e-04,2.188744e-04,2996836.111,4.493893e-03,3.529408e+01,6.511372e-05,6.266959e-05,2994744.586,5.000000e-04,10.18,9998.48
1081,5.103727e-03,3.573226e+01,9.239755e-05,1.213051e-04,2996875.641,4.553772e-03,3.565893e+01,5.483287e-05,8.791001e-05,3013637.398,5.000000e-04,10.18,10008.67
1082,5.625477e-03,3.563454e+01,1.223899e-04,1.676248e-04,2996647.309,4.670620e-03,3.548958e+01,7.607197e-05,7.218841e-05,2980385.492,5.000000e-04,10.70,10019.37
1083,5.614002e-03,3.575406e+01,1.125351e-04,1.826491e-04,2997574.158,6.274955e-03,3.667632e+01,8.949124e-05,3.424822e-04,3030922.234,5.000000e-04,10.55,10029.92
1084,5.603737e-03,3.575430e+01,1.103846e-04,1.848922e-04,2996457.520,6.742009e-03,3.510433e+01,2.220929e-04,2.021293e-04,2968097.383,5.000000e-04,10.63,10040.55
1085,5.056455e-03,3.571667e+01,8.999587e-05,1.169660e-04,2996805.158,4.325517e-03,3.562218e+01,4.434847e-05,6.396301e-05,3001651.562,5.000000e-04,10.77,10051.32
1086,5.791473e-03,3.569057e+01,1.117357e-04,2.210119e-04,2996679.377,5.944753e-03,3.779375e+01,9.693736e-05,2.392009e-04,3028352.680,5.000000e-04,10.48,10061.81
1087,5.554070e-03,3.595240e+01,1.128130e-04,1.661400e-04,2997079.074,5.404014e-03,3.597619e+01,1.563324e-04,4.861399e-05,2992843.133,5.000000e-04,10.25,10072.09
1088,5.466921e-03,3.576935e+01,1.077155e-04,1.625664e-04,2996635.199,5.656533e-03,3.655937e+01,1.642050e-04,7.170938e-05,3014191.477,5.000000e-04,10.35,10082.44
1089,5.423269e-03,3.571706e+01,1.046463e-04,1.610200e-04,2996678.555,4.915328e-03,3.552452e+01,7.614879e-05,1.202776e-04,3001966.953,5.000000e-04,10.17,10092.61
1090,5.208283e-03,3.582790e+01,9.594477e-05,1.332092e-04,2997490.262,5.652532e-03,3.442035e+01,9.620216e-05,2.496951e-04,2960474.539,5.000000e-04,11.36,10103.98
1091,5.204719e-03,3.550578e+01,1.095983e-04,1.116315e-04,2997111.678,7.215621e-03,3.426810e+01,8.544679e-05,5.868686e-04,2934069.523,5.000000e-04,9.92,10113.90
1092,6.136482e-03,3.578392e+01,1.443282e-04,2.229615e-04,2996710.520,5.658656e-03,3.600652e+01,1.567931e-04,9.801468e-05,2979621.227,5.000000e-04,9.99,10123.89
1093,5.685972e-03,3.581822e+01,1.242513e-04,1.723274e-04,2996383.283,4.610472e-03,3.557090e+01,6.067123e-05,8.933383e-05,2981083.922,5.000000e-04,9.83,10133.74
1094,5.374662e-03,3.577277e+01,1.036081e-04,1.522609e-04,2996888.730,4.739439e-03,3.602638e+01,7.206655e-05,8.322723e-05,3016060.500,5.000000e-04,10.12,10143.87
1095,5.539535e-03,3.589012e+01,1.244142e-04,1.412762e-04,2996763.580,5.371797e-03,3.522773e+01,1.495844e-04,7.063602e-05,2982364.531,5.000000e-04,9.23,10153.10
1096,5.740975e-03,3.577116e+01,1.127673e-04,2.072372e-04,2996541.396,4.447575e-03,3.542002e+01,7.380245e-05,3.350962e-05,2998538.547,5.000000e-04,9.29,10162.39
1097,5.569111e-03,3.587067e+01,1.283089e-04,1.397912e-04,2997171.428,6.332378e-03,3.501271e+01,1.373709e-04,2.914795e-04,2959135.109,5.000000e-04,9.14,10171.54
1098,5.486456e-03,3.574637e+01,1.170257e-04,1.483125e-04,2996538.137,6.418569e-03,3.481749e+01,1.292777e-04,3.288086e-04,2990253.000,5.000000e-04,9.03,10180.57
1099,5.472108e-03,3.587276e+01,9.744124e-05,1.820838e-04,2996767.592,4.827684e-03,3.523990e+01,8.238272e-05,9.597342e-05,2983949.852,5.000000e-04,9.17,10189.74
1100,5.645120e-03,3.592274e+01,1.200378e-04,1.704934e-04,2996696.189,5.150156e-03,3.598502e+01,8.268854e-05,1.449539e-04,3010464.133,2.500000e-04,9.02,10198.79
1101,4.358578e-03,3.558016e+01,4.526831e-05,6.957581e-05,2997344.764,4.230667e-03,3.489783e+01,2.953935e-05,8.909819e-05,2974550.312,2.500000e-04,9.22,10208.01
1102,4.282205e-03,3.530983e+01,4.385140e-05,6.254148e-05,2997335.381,4.010874e-03,3.554829e+01,3.487037e-05,2.146824e-05,2995383.398,2.500000e-04,9.66,10217.67
1103,4.192616e-03,3.519116e+01,4.188038e-05,5.093929e-05,2997759.719,4.450503e-03,3.551889e+01,5.435172e-05,7.101954e-05,2990704.984,2.500000e-04,9.32,10226.99
1104,4.208748e-03,3.519189e+01,4.487005e-05,4.817177e-05,2997294.246,4.055518e-03,3.548140e+01,3.638079e-05,2.871415e-05,3007631.312,2.500000e-04,9.25,10236.24
1105,4.203986e-03,3.509454e+01,4.355572e-05,5.179497e-05,2997216.865,4.167954e-03,3.544512e+01,4.420704e-05,3.627427e-05,3008750.430,2.500000e-04,9.20,10245.44
1106,4.198927e-03,3.504722e+01,4.505251e-05,4.873614e-05,2997409.232,3.993694e-03,3.514175e+01,2.368963e-05,4.852465e-05,3009130.320,2.500000e-04,9.29,10254.74
1107,4.180242e-03,3.497011e+01,3.918383e-05,5.827862e-05,2997684.902,4.434661e-03,3.514724e+01,7.554346e-05,3.290036e-05,3002438.609,2.500000e-04,9.55,10264.29
1108,4.203020e-03,3.499034e+01,4.627231e-05,4.825271e-05,2997435.639,4.411329e-03,3.567186e+01,5.199138e-05,6.484577e-05,3019448.242,2.500000e-04,9.48,10273.78
1109,4.309976e-03,3.501337e+01,4.419887e-05,7.332999e-05,2997389.547,4.160257e-03,3.562341e+01,3.859602e-05,4.239122e-05,3015714.555,2.500000e-04,9.26,10283.05
1110,4.285237e-03,3.494371e+01,4.348047e-05,7.121228e-05,2997518.389,4.213706e-03,3.500223e+01,3.433626e-05,7.402427e-05,3014144.188,2.500000e-04,9.27,10292.32
1111,4.146112e-03,3.492038e+01,4.565546e-05,3.950375e-05,2997712.109,3.781989e-03,3.475069e+01,1.910160e-05,2.318075e-05,2989491.625,2.500000e-04,9.19,10301.51
1112,4.193511e-03,3.484848e+01,4.054899e-05,6.063461e-05,2997236.486,4.090497e-03,3.551847e+01,3.250423e-05,4.272152e-05,3014098.367,2.500000e-04,8.88,10310.40
1113,4.202980e-03,3.484389e+01,4.353347e-05,5.665145e-05,2997329.795,4.546360e-03,3.593366e+01,2.653959e-05,1.375196e-04,3032172.273,2.500000e-04,9.30,10319.70
1114,4.108586e-03,3.484714e+01,3.700615e-05,5.076199e-05,2997959.748,4.042095e-03,3.521042e+01,3.680984e-05,3.059090e-05,2999998.742,2.500000e-04,9.25,10328.96
1115,4.185819e-03,3.488491e+01,4.704466e-05,4.537640e-05,2997257.168,4.283419e-03,3.415092e+01,3.274006e-05,1.081853e-04,2976488.242,2.500000e-04,9.19,10338.15
1116,4.173202e-03,3.482578e+01,4.345711e-05,5.121048e-05,2997687.273,4.251880e-03,3.442575e+01,4.099776e-05,7.986545e-05,2975712.766,2.500000e-04,9.04,10347.19
1117,4.160373e-03,3.480581e+01,4.672146e-05,4.251556e-05,2997349.383,4.706115e-03,3.438786e+01,2.856582e-05,1.963343e-04,2964726.312,2.500000e-04,9.42,10356.61
1118,4.279918e-03,3.479879e+01,3.902026e-05,8.196740e-05,2997378.256,4.106062e-03,3.516756e+01,3.244752e-05,5.296620e-05,3013569.898,2.500000e-04,9.45,10366.06
1119,4.090176e-03,3.474922e+01,3.597032e-05,5.111012e-05,2997850.010,4.189324e-03,3.425705e+01,3.886452e-05,7.499485e-05,2979022.602,2.500000e-04,9.15,10375.22
1120,4.326315e-03,3.483564e+01,4.105036e-05,8.644947e-05,2997497.379,4.906889e-03,3.402893e+01,5.036061e-05,2.000781e-04,2961644.430,2.500000e-04,9.76,10384.98
1121,4.192684e-03,3.479186e+01,4.254385e-05,5.761193e-05,2997190.535,4.181189e-03,3.491741e+01,2.887116e-05,8.014740e-05,3005978.883,2.500000e-04,9.59,10394.57
1122,4.249995e-03,3.479874e+01,3.524244e-05,8.353933e-05,2997697.365,3.877439e-03,3.474949e+01,2.466887e-05,3.116029e-05,3001784.641,2.500000e-04,9.91,10404.48
1123,4.176147e-03,3.470024e+01,4.006552e-05,6.109352e-05,2997530.297,4.998805e-03,3.436975e+01,1.210701e-04,7.022578e-05,2979333.531,2.500000e-04,9.76,10414.24
1124,4.276726e-03,3.480770e+01,5.562894e-05,4.793349e-05,2997401.518,4.394481e-03,3.456932e+01,7.978693e-05,2.793581e-05,2994791.516,2.500000e-04,9.74,10423.99
1125,4.126235e-03,3.467811e+01,4.019508e-05,5.129457e-05,2997754.123,4.574495e-03,3.436052e+01,7.416665e-05,7.935544e-05,2980881.562,2.500000e-04,9.47,10433.46
1126,4.334446e-03,3.472700e+01,4.824283e-05,7.586340e-05,2997441.350,4.207879e-03,3.434804e+01,4.284605e-05,6.892284e-05,2978290.883,2.500000e-04,9.49,10442.96
1127,4.065043e-03,3.471267e+01,3.538242e-05,4.799035e-05,2997145.676,4.232108e-03,3.439108e+01,5.407410e-05,5.045187e-05,2986492.133,2.500000e-04,9.72,10452.71
1128,4.145029e-03,3.472007e+01,4.198043e-05,5.064352e-05,2997631.758,3.854486e-03,3.497176e+01,3.109305e-05,9.275849e-06,3001322.516,2.500000e-04,9.66,10462.37
1129,4.180988e-03,3.473364e+01,4.455728e-05,5.241019e-05,2997551.605,4.457040e-03,3.471664e+01,8.564987e-05,2.577541e-05,2992776.727,2.500000e-04,8.94,10471.31
1130,4.159971e-03,3.469755e+01,4.512011e-05,4.780306e-05,2997235.688,4.140525e-03,3.547128e+01,3.498118e-05,4.871693e-05,3017987.508,2.500000e-04,9.99,10481.30
1131,4.116574e-03,3.475542e+01,3.853225e-05,5.114182e-05,2997684.799,4.845746e-03,3.584021e+01,6.722783e-05,1.178894e-04,3027472.312,2.500000e-04,9.91,10491.21
1132,4.130398e-03,3.475055e+01,3.910986e-05,5.284879e-05,2997598.869,3.952462e-03,3.471852e+01,2.950847e-05,3.710501e-05,3000736.195,2.500000e-04,9.33,10500.54
1133,4.180911e-03,3.466954e+01,3.940782e-05,6.397577e-05,2997362.727,4.485087e-03,3.417829e+01,3.369901e-05,1.460536e-04,2966784.289,2.500000e-04,9.87,10510.41
1134,4.187616e-03,3.470095e+01,3.918786e-05,6.512838e-05,2997454.773,4.292951e-03,3.486920e+01,3.170679e-05,9.779263e-05,2993993.375,2.500000e-04,9.15,10519.57
1135,4.226368e-03,3.472548e+01,4.024030e-05,7.028331e-05,2997781.963,4.650677e-03,3.487389e+01,7.148368e-05,8.969031e-05,3014002.086,2.500000e-04,8.90,10528.47
1136,4.143739e-03,3.472370e+01,4.218210e-05,4.990957e-05,2997726.641,4.375396e-03,3.432626e+01,5.028720e-05,8.797948e-05,2975994.688,2.500000e-04,9.53,10538.01
1137,4.169365e-03,3.466637e+01,4.033913e-05,5.986743e-05,2997004.721,4.232216e-03,3.531693e+01,4.089241e-05,5.831979e-05,3013542.523,2.500000e-04,9.28,10547.29
1138,4.181139e-03,3.468505e+01,3.750465e-05,6.751747e-05,2997770.988,3.911254e-03,3.491975e+01,3.175851e-05,2.033888e-05,2997800.844,2.500000e-04,9.05,10556.34
1139,4.266478e-03,3.468231e+01,4.723109e-05,6.518733e-05,2997493.100,3.855623e-03,3.501862e+01,2.135049e-05,2.805123e-05,3005591.352,2.500000e-04,9.11,10565.45
1140,4.182982e-03,3.468793e+01,4.024340e-05,6.235115e-05,2997366.838,4.252416e-03,3.514957e+01,5.289478e-05,4.170219e-05,3016605.328,2.500000e-04,9.21,10574.67
1141,4.090113e-03,3.464602e+01,3.904509e-05,4.701204e-05,2997472.234,4.076532e-03,3.517347e+01,3.110916e-05,4.961885e-05,3018070.211,2.500000e-04,9.16,10583.84
1142,4.171039e-03,3.469039e+01,4.423827e-05,5.192349e-05,2997611.287,4.147105e-03,3.502144e+01,3.709891e-05,5.479439e-05,3013731.805,2.500000e-04,9.07,10592.91
1143,4.169815e-03,3.462401e+01,4.396095e-05,5.356091e-05,2997716.242,5.501512e-03,3.452356e+01,7.965477e-05,2.505217e-04,2962067.500,2.500000e-04,9.34,10602.26
1144,4.114833e-03,3.465034e+01,3.946962e-05,5.102049e-05,2997326.350,4.296593e-03,3.498651e+01,6.429149e-05,3.100539e-05,3004392.633,2.500000e-04,9.12,10611.38
1145,4.095664e-03,3.468136e+01,4.060851e-05,4.428864e-05,2997707.014,4.313393e-03,3.419126e+01,5.961917e-05,5.961499e-05,2982883.305,2.500000e-04,9.24,10620.62
1146,4.179351e-03,3.460436e+01,4.166327e-05,6.045647e-05,2997262.170,3.913913e-03,3.492427e+01,3.054277e-05,2.321168e-05,3008869.328,2.500000e-04,9.26,10629.88
1147,4.127725e-03,3.458790e+01,3.681128e-05,6.016448e-05,2997706.502,4.159317e-03,3.475068e+01,5.523198e-05,2.638579e-05,3000894.742,2.500000e-04,9.27,10639.16
1148,4.263642e-03,3.466569e+01,4.657331e-05,6.626803e-05,2997019.541,4.990674e-03,3.531215e+01,5.476020e-05,1.823714e-04,3032282.258,2.500000e-04,10.03,10649.21
1149,4.162027e-03,3.466272e+01,4.177707e-05,5.559694e-05,2997962.152,4.648443e-03,3.511290e+01,5.451687e-05,1.183969e-04,3021387.242,2.500000e-04,9.48,10658.69
1150,4.242661e-03,3.466695e+01,3.857116e-05,7.805075e-05,2997773.543,3.964627e-03,3.453240e+01,2.452623e-05,5.322495e-05,2997643.672,2.500000e-04,9.62,10668.31
1151,4.134623e-03,3.461824e+01,3.534710e-05,6.386572e-05,2997622.887,4.287053e-03,3.450505e+01,7.147056e-05,2.436843e-05,2993850.789,2.500000e-04,9.83,10678.14
1152,4.117370e-03,3.459914e+01,3.765777e-05,5.617570e-05,2997443.691,4.115138e-03,3.497843e+01,4.176655e-05,3.992586e-05,3009437.242,2.500000e-04,9.94,10688.09
1153,4.298927e-03,3.468996e+01,5.199305e-05,6.200023e-05,2997475.367,5.853486e-03,3.522257e+01,1.173281e-04,2.315895e-04,3036239.016,2.500000e-04,9.47,10697.56
1154,4.227967e-03,3.462470e+01,4.567884e-05,6.174190e-05,2997579.070,3.817772e-03,3.460632e+01,2.192704e-05,2.757375e-05,2999621.625,2.500000e-04,9.68,10707.24
1155,4.362632e-03,3.466026e+01,4.498346e-05,8.935430e-05,2997501.715,4.389647e-03,3.416711e+01,5.176037e-05,9.106652e-05,2975051.594,2.500000e-04,9.56,10716.81
1156,4.202874e-03,3.461411e+01,4.024987e-05,6.779301e-05,2997381.854,3.761348e-03,3.483947e+01,2.135045e-05,1.277923e-05,3000093.945,2.500000e-04,9.48,10726.29
1157,4.085610e-03,3.463750e+01,3.948157e-05,4.540882e-05,2997505.900,3.891346e-03,3.472258e+01,3.508662e-05,1.364447e-05,2999899.148,2.500000e-04,9.50,10735.80
1158,4.158097e-03,3.464572e+01,3.575396e-05,6.719720e-05,2997732.531,4.808792e-03,3.527862e+01,6.146506e-05,1.332560e-04,3024235.000,2.500000e-04,9.22,10745.02
1159,4.172654e-03,3.468142e+01,4.898430e-05,4.293386e-05,2997541.699,4.451046e-03,3.451982e+01,8.474546e-05,3.032201e-05,2998678.703,2.500000e-04,9.81,10754.83
1160,4.126068e-03,3.461957e+01,4.668012e-05,3.946209e-05,2997465.801,3.815261e-03,3.474659e+01,2.815957e-05,1.180142e-05,2997393.305,2.500000e-04,9.38,10764.21
1161,4.338439e-03,3.461020e+01,4.526769e-05,8.494856e-05,2997691.902,5.412776e-03,3.385461e+01,9.364258e-05,2.181778e-04,2963793.156,2.500000e-04,9.57,10773.79
1162,4.198841e-03,3.466210e+01,4.763994e-05,5.124640e-05,2997461.510,3.769050e-03,3.462156e+01,2.182935e-05,1.771998e-05,2993849.695,2.500000e-04,9.66,10783.45
1163,4.176175e-03,3.459254e+01,4.449252e-05,5.439918e-05,2997530.771,4.195054e-03,3.488744e+01,5.174085e-05,3.778027e-05,3002510.625,2.500000e-04,9.16,10792.61
1164,4.217945e-03,3.458070e+01,4.153267e-05,6.890954e-05,2997472.725,4.346401e-03,3.494223e+01,5.887196e-05,5.269169e-05,3000790.320,2.500000e-04,9.18,10801.79
1165,4.151871e-03,3.461585e+01,3.626799e-05,6.552126e-05,2997359.500,4.004047e-03,3.503009e+01,3.221006e-05,3.578738e-05,3011714.156,2.500000e-04,9.28,10811.07
1166,4.029053e-03,3.460465e+01,3.257733e-05,4.856310e-05,2997303.951,3.862477e-03,3.466798e+01,2.661148e-05,2.591286e-05,3000345.828,2.500000e-04,8.79,10819.87
1167,3.993173e-03,3.459073e+01,3.387340e-05,3.907312e-05,2998055.793,3.938937e-03,3.422320e+01,2.219130e-05,5.894067e-05,2986475.953,2.500000e-04,9.23,10829.10
1168,4.118976e-03,3.458080e+01,3.934166e-05,5.349591e-05,2997356.848,3.965499e-03,3.476295e+01,2.552304e-05,4.679467e-05,3008591.867,2.500000e-04,9.29,10838.40
1169,4.185686e-03,3.457539e+01,4.297055e-05,5.968819e-05,2997252.609,4.147161e-03,3.505018e+01,3.397627e-05,6.047599e-05,3007037.312,2.500000e-04,9.20,10847.60
1170,4.325171e-03,3.463047e+01,4.238246e-05,8.765977e-05,2997659.170,4.152716e-03,3.455979e+01,2.532528e-05,8.869686e-05,2979459.367,2.500000e-04,9.36,10856.96
1171,4.057969e-03,3.462068e+01,3.438404e-05,5.041223e-05,2997542.066,4.095214e-03,3.463469e+01,5.330822e-05,1.973257e-05,3001275.703,2.500000e-04,9.14,10866.11
1172,4.052208e-03,3.456242e+01,3.146619e-05,5.626084e-05,2997454.660,3.989488e-03,3.500231e+01,2.526380e-05,4.732377e-05,3015332.828,2.500000e-04,9.10,10875.22
1173,4.208373e-03,3.455147e+01,3.915470e-05,7.233583e-05,2997478.219,3.915741e-03,3.500768e+01,1.961154e-05,4.377152e-05,3016072.508,2.500000e-04,9.37,10884.59
1174,4.198616e-03,3.459382e+01,4.988503e-05,4.807689e-05,2997608.641,3.969866e-03,3.417611e+01,3.187601e-05,4.669886e-05,2984295.367,2.500000e-04,9.77,10894.35
1175,4.085500e-03,3.454795e+01,3.800905e-05,5.012281e-05,2997419.949,3.930309e-03,3.454554e+01,3.260830e-05,2.993426e-05,2989117.297,2.500000e-04,9.76,10904.11
1176,4.049344e-03,3.457046e+01,3.500241e-05,4.845481e-05,2997775.947,4.350500e-03,3.375414e+01,2.581278e-05,1.433916e-04,2973938.406,2.500000e-04,9.75,10913.86
1177,4.241688e-03,3.460365e+01,4.478309e-05,6.669843e-05,2997522.750,4.233086e-03,3.461821e+01,5.825542e-05,3.774225e-05,2998275.250,2.500000e-04,9.54,10923.41
1178,4.230298e-03,3.460924e+01,4.408462e-05,6.570559e-05,2997413.469,4.024797e-03,3.463612e+01,3.072779e-05,5.078134e-05,3010470.102,2.500000e-04,9.59,10933.00
1179,4.168176e-03,3.454325e+01,4.432095e-05,5.412829e-05,2997536.289,4.291514e-03,3.480491e+01,5.167215e-05,5.886042e-05,2991273.648,2.500000e-04,9.34,10942.35
1180,4.080145e-03,3.454789e+01,4.015630e-05,4.475852e-05,2997468.305,3.901402e-03,3.478812e+01,2.946263e-05,2.559278e-05,3002050.953,2.500000e-04,9.47,10951.82
1181,4.106036e-03,3.457295e+01,3.848309e-05,5.278217e-05,2997772.115,3.989649e-03,3.436948e+01,3.431897e-05,4.190222e-05,2989620.766,2.500000e-04,9.67,10961.49
1182,4.160026e-03,3.454043e+01,4.322527e-05,5.474598e-05,2997267.596,4.191520e-03,3.469810e+01,6.656692e-05,1.120809e-05,2999540.828,2.500000e-04,9.48,10970.99
1183,4.056496e-03,3.457987e+01,3.659176e-05,4.651829e-05,2997547.711,3.948979e-03,3.488035e+01,2.798376e-05,3.622127e-05,3007582.000,2.500000e-04,9.37,10980.36
1184,4.197411e-03,3.455002e+01,4.334728e-05,6.178739e-05,2997335.607,4.223038e-03,3.468499e+01,3.820207e-05,7.450369e-05,3013780.695,2.500000e-04,9.20,10989.57
1185,4.192706e-03,3.454174e+01,4.633321e-05,5.504008e-05,2997839.090,4.245737e-03,3.423728e+01,3.653448e-05,9.133276e-05,2979053.648,2.500000e-04,9.62,10999.20
1186,4.117652e-03,3.452135e+01,4.013187e-05,5.283954e-05,2997561.299,4.275241e-03,3.383311e+01,2.831951e-05,1.217471e-04,2975410.719,2.500000e-04,9.45,11008.64
1187,4.223978e-03,3.448527e+01,4.127677e-05,7.253675e-05,2997227.715,4.829532e-03,3.460560e+01,1.257166e-04,2.236125e-05,2992408.680,2.500000e-04,9.28,11017.93
1188,4.115247e-03,3.453109e+01,4.314043e-05,4.614664e-05,2997523.557,3.892591e-03,3.472456e+01,3.229752e-05,1.943203e-05,3007109.227,2.500000e-04,9.48,11027.41
1189,4.106150e-03,3.452191e+01,3.991975e-05,5.095232e-05,2997640.520,3.787730e-03,3.456988e+01,2.616111e-05,1.382636e-05,3000020.445,2.500000e-04,9.58,11037.01
1190,4.216746e-03,3.454279e+01,5.395437e-05,4.458483e-05,2997301.168,4.034585e-03,3.431402e+01,3.552188e-05,4.959288e-05,2998946.406,2.500000e-04,9.39,11046.40
1191,4.160244e-03,3.452207e+01,4.382968e-05,5.394814e-05,2997706.287,4.880454e-03,3.422175e+01,6.953193e-05,1.525920e-04,2974266.227,2.500000e-04,9.18,11055.58
1192,4.073826e-03,3.449978e+01,3.729234e-05,5.018488e-05,2997573.066,4.261008e-03,3.412844e+01,6.111080e-05,4.741128e-05,2982968.820,2.500000e-04,9.23,11064.82
1193,4.303292e-03,3.454719e+01,5.596023e-05,5.779426e-05,2997650.102,4.067070e-03,3.418271e+01,3.815888e-05,5.344223e-05,2992215.492,2.500000e-04,8.84,11073.65
1194,4.100366e-03,3.453292e+01,4.073328e-05,4.794833e-05,2997348.354,3.881767e-03,3.419965e+01,2.744569e-05,3.746908e-05,2989976.578,2.500000e-04,9.37,11083.03
1195,4.059439e-03,3.448276e+01,3.646204e-05,4.930848e-05,2997573.783,3.883574e-03,3.435385e+01,2.719857e-05,3.524075e-05,2990302.430,2.500000e-04,9.26,11092.30
1196,4.171825e-03,3.451838e+01,4.371431e-05,5.656870e-05,2997648.131,3.902094e-03,3.460663e+01,2.248844e-05,4.330936e-05,2990261.445,2.500000e-04,9.12,11101.43
1197,4.068597e-03,3.455917e+01,3.763288e-05,4.727033e-05,2997498.477,3.926146e-03,3.436068e+01,3.275276e-05,3.251010e-05,2985222.523,2.500000e-04,9.36,11110.79
1198,4.117686e-03,3.453047e+01,3.557160e-05,6.178454e-05,2997668.459,3.992080e-03,3.478818e+01,3.740501e-05,2.784233e-05,3007179.039,2.500000e-04,9.48,11120.28
1199,4.125419e-03,3.454202e+01,3.459478e-05,6.505381e-05,2997427.988,4.289891e-03,3.393289e+01,4.309651e-05,9.312742e-05,2978629.344,2.500000e-04,9.40,11129.69
1200,4.115870e-03,3.453681e+01,4.552496e-05,4.138778e-05,2997565.061,4.370239e-03,3.499721e+01,5.044239e-05,7.321868e-05,3019666.000,2.500000e-04,9.47,11139.17
1201,4.201656e-03,3.450795e+01,4.838671e-05,5.339877e-05,2997680.998,4.134929e-03,3.451939e+01,2.614910e-05,8.429995e-05,3005910.039,2.500000e-04,9.20,11148.37
1202,4.198656e-03,3.452319e+01,4.599821e-05,5.727098e-05,2997212.119,4.026406e-03,3.498275e+01,3.056588e-05,4.449449e-05,3013983.641,2.500000e-04,9.55,11157.92
1203,4.224750e-03,3.452829e+01,5.000387e-05,5.437641e-05,2997343.379,4.227658e-03,3.488847e+01,3.664519e-05,7.447191e-05,3015692.312,2.500000e-04,10.01,11167.95
1204,4.052872e-03,3.448724e+01,3.766701e-05,4.549560e-05,2997802.355,3.957346e-03,3.476448e+01,2.964807e-05,3.688363e-05,3009652.289,2.500000e-04,9.85,11177.81
1205,4.130563e-03,3.451262e+01,4.302137e-05,4.981754e-05,2997512.682,3.876997e-03,3.433839e+01,2.654243e-05,3.554662e-05,3000728.383,2.500000e-04,10.18,11187.99
1206,4.101401e-03,3.446699e+01,3.518456e-05,6.057130e-05,2997374.520,4.038946e-03,3.458635e+01,4.054363e-05,3.497501e-05,2989645.156,2.500000e-04,9.79,11197.78
1207,4.099844e-03,3.448269e+01,3.624056e-05,5.783377e-05,2997711.963,4.264321e-03,3.489825e+01,2.089585e-05,1.131074e-04,3024710.438,2.500000e-04,9.99,11207.78
1208,4.113414e-03,3.453060e+01,3.872605e-05,5.461862e-05,2997416.264,3.762855e-03,3.475119e+01,1.795349e-05,2.164043e-05,3008976.430,2.500000e-04,9.89,11217.67
1209,4.110653e-03,3.446617e+01,3.525072e-05,6.230575e-05,2997539.941,4.175271e-03,3.470025e+01,5.492299e-05,3.120321e-05,3008030.328,2.500000e-04,9.64,11227.32
1210,4.062356e-03,3.445690e+01,3.573759e-05,5.185808e-05,2997926.047,3.978432e-03,3.409013e+01,2.047420e-05,7.293546e-05,2976368.188,2.500000e-04,9.35,11236.67
1211,4.140603e-03,3.447683e+01,3.943848e-05,5.970718e-05,2997167.102,4.118499e-03,3.494489e+01,3.151019e-05,6.178174e-05,3019488.406,2.500000e-04,9.33,11246.01
1212,4.216803e-03,3.451050e+01,4.734773e-05,5.845517e-05,2997492.508,4.071328e-03,3.451206e+01,3.429443e-05,5.543552e-05,3003084.875,2.500000e-04,9.46,11255.47
1213,4.127593e-03,3.448249e+01,3.909806e-05,5.767272e-05,2997866.881,4.616053e-03,3.407001e+01,4.475777e-05,1.522949e-04,2966289.578,2.500000e-04,9.66,11265.14
1214,4.092241e-03,3.446493e+01,3.674556e-05,5.565864e-05,2997335.070,4.094250e-03,3.425898e+01,3.761589e-05,5.843851e-05,2990921.945,2.500000e-04,10.14,11275.28
1215,4.055354e-03,3.449405e+01,3.615950e-05,4.887093e-05,2997379.691,4.469784e-03,3.500623e+01,4.763829e-05,9.855584e-05,3026053.141,2.500000e-04,10.28,11285.56
1216,4.093628e-03,3.442774e+01,3.669706e-05,5.677686e-05,2997669.295,5.613531e-03,3.358343e+01,6.745344e-05,3.161307e-04,2949738.500,2.500000e-04,9.29,11294.86
1217,4.434335e-03,3.453309e+01,5.745948e-05,8.128630e-05,2997279.811,4.270456e-03,3.426773e+01,3.855809e-05,9.162047e-05,2977869.469,2.500000e-04,9.14,11304.02
1218,4.078251e-03,3.447246e+01,3.755649e-05,5.108807e-05,2997210.445,4.017085e-03,3.504506e+01,2.378411e-05,5.494753e-05,3011307.562,2.500000e-04,9.06,11313.08
1219,4.082613e-03,3.447472e+01,3.468404e-05,5.766016e-05,2997896.705,3.752816e-03,3.462593e+01,2.389815e-05,1.024846e-05,3003991.906,2.500000e-04,9.52,11322.62
1220,4.117812e-03,3.444654e+01,4.557869e-05,4.347411e-05,2997482.109,4.052724e-03,3.489644e+01,4.973332e-05,1.314939e-05,3004946.469,2.500000e-04,9.26,11331.88
1221,4.147282e-03,3.448395e+01,3.927616e-05,6.122508e-05,2997309.512,4.280389e-03,3.515742e+01,2.779781e-05,9.733377e-05,3027204.469,2.500000e-04,9.21,11341.09
1222,4.045337e-03,3.444204e+01,3.566977e-05,4.888720e-05,2997762.141,4.011279e-03,3.464286e+01,3.410775e-05,4.118308e-05,3000562.906,2.500000e-04,9.32,11350.42
1223,4.165330e-03,3.444673e+01,3.743979e-05,6.925196e-05,2997067.084,4.912015e-03,3.524897e+01,5.421802e-05,1.689875e-04,3025687.953,2.500000e-04,9.31,11359.73
1224,4.178001e-03,3.450591e+01,4.096714e-05,6.354774e-05,2997863.176,3.849886e-03,3.454030e+01,2.524704e-05,2.867717e-05,2990506.070,2.500000e-04,9.49,11369.22
1225,4.315878e-03,3.454917e+01,4.587869e-05,8.043495e-05,2997380.889,3.779788e-03,3.469172e+01,2.253441e-05,1.705445e-05,2996518.164,2.500000e-04,9.08,11378.30
1226,4.203268e-03,3.450851e+01,3.884485e-05,7.279380e-05,2997714.746,4.806627e-03,3.502590e+01,1.074292e-04,4.594914e-05,2993539.125,2.500000e-04,9.62,11387.92
1227,4.115131e-03,3.444998e+01,3.890193e-05,5.622268e-05,2997485.340,3.962832e-03,3.452719e+01,2.889711e-05,4.422837e-05,2994294.875,2.500000e-04,9.38,11397.29
1228,4.126753e-03,3.447037e+01,3.908280e-05,5.777765e-05,2997419.148,3.922636e-03,3.502491e+01,2.170818e-05,4.061263e-05,3014959.742,2.500000e-04,9.34,11406.64
1229,4.031098e-03,3.445984e+01,3.475511e-05,4.751251e-05,2997821.682,4.192603e-03,3.431780e+01,4.991891e-05,5.232667e-05,3001518.609,2.500000e-04,9.73,11416.37
1230,4.139417e-03,3.441601e+01,3.978418e-05,5.999501e-05,2997337.424,3.941303e-03,3.480951e+01,2.973130e-05,3.260788e-05,3009088.805,2.500000e-04,9.57,11425.96
1231,4.118263e-03,3.447145e+01,4.270701e-05,4.880964e-05,2997885.756,4.171790e-03,3.416860e+01,2.599526e-05,9.899558e-05,2976102.477,2.500000e-04,9.51,11435.47
1232,4.103351e-03,3.450443e+01,4.240437e-05,4.577281e-05,2997287.129,3.857694e-03,3.453837e+01,3.275223e-05,1.526700e-05,3002396.336,2.500000e-04,9.45,11444.93
1233,4.007957e-03,3.442957e+01,3.420309e-05,4.459394e-05,2997564.842,4.144296e-03,3.475930e+01,4.129710e-05,5.107909e-05,3001188.375,2.500000e-04,9.40,11454.33
1234,4.097851e-03,3.450339e+01,4.381811e-05,4.186606e-05,2997430.689,4.109106e-03,3.446286e+01,3.368493e-05,6.519412e-05,3009092.594,2.500000e-04,9.77,11464.09
1235,4.220537e-03,3.447638e+01,3.736221e-05,7.985549e-05,2997733.117,4.508065e-03,3.418684e+01,6.752676e-05,8.282279e-05,2977487.336,2.500000e-04,9.79,11473.88
1236,4.078734e-03,3.447011e+01,3.630356e-05,5.373747e-05,2997308.477,3.931081e-03,3.433027e+01,2.531074e-05,4.898927e-05,2986698.414,2.500000e-04,9.43,11483.33
1237,4.120010e-03,3.443231e+01,3.684824e-05,6.165937e-05,2997584.906,3.784259e-03,3.472993e+01,2.420881e-05,1.383565e-05,3004965.922,2.500000e-04,9.60,11492.93
1238,4.180702e-03,3.445892e+01,4.659492e-05,5.377226e-05,2997489.646,3.945825e-03,3.460188e+01,3.069044e-05,3.574645e-05,3007687.320,2.500000e-04,10.26,11503.19
1239,4.093296e-03,3.447298e+01,3.208540e-05,6.502884e-05,2997453.465,3.842480e-03,3.451161e+01,2.865521e-05,2.095342e-05,3000441.000,2.500000e-04,9.56,11512.76
1240,4.069174e-03,3.446739e+01,3.764207e-05,4.920279e-05,2997838.531,4.310098e-03,3.505841e+01,2.564004e-05,1.095712e-04,3016285.570,2.500000e-04,9.23,11521.99
1241,4.233054e-03,3.450066e+01,4.443946e-05,6.771871e-05,2997338.449,4.363136e-03,3.470719e+01,6.208507e-05,5.431316e-05,2999832.789,2.500000e-04,9.28,11531.28
1242,4.092692e-03,3.447620e+01,3.915170e-05,5.071111e-05,2997710.684,4.079953e-03,3.409628e+01,3.559034e-05,6.288440e-05,2979966.508,2.500000e-04,9.88,11541.16
1243,4.058646e-03,3.441647e+01,3.990481e-05,4.359007e-05,2997428.057,3.852239e-03,3.490542e+01,2.231568e-05,2.770808e-05,3012060.039,2.500000e-04,9.39,11550.57
1244,4.083262e-03,3.444619e+01,3.696497e-05,5.379858e-05,2997777.785,5.085718e-03,3.490280e+01,4.488500e-05,2.293176e-04,3028577.781,2.500000e-04,9.22,11559.80
1245,4.169755e-03,3.443750e+01,3.646964e-05,7.226172e-05,2997120.053,4.020016e-03,3.446121e+01,4.541892e-05,2.394128e-05,2994923.539,2.500000e-04,9.15,11568.95
1246,3.994503e-03,3.441410e+01,3.199273e-05,4.663321e-05,2997606.217,4.117034e-03,3.496370e+01,4.515231e-05,3.382830e-05,3013752.820,2.500000e-04,8.83,11577.77
1247,4.119692e-03,3.445934e+01,3.897678e-05,5.679816e-05,2997646.939,3.859317e-03,3.460793e+01,1.930798e-05,4.108890e-05,3009881.852,2.500000e-04,9.08,11586.86
1248,4.140812e-03,3.445264e+01,3.632224e-05,6.646498e-05,2997519.850,3.811227e-03,3.439169e+01,2.620842e-05,2.199475e-05,2989686.227,2.500000e-04,8.75,11595.61
1249,4.041365e-03,3.446448e+01,3.565054e-05,4.768225e-05,2997625.051,3.770626e-03,3.451760e+01,2.751332e-05,8.746585e-06,2998581.141,2.500000e-04,9.37,11604.99
1250,4.095913e-03,3.445572e+01,3.431021e-05,6.144761e-05,2997346.426,4.227937e-03,3.478731e+01,5.703667e-05,3.576782e-05,3013330.094,2.500000e-04,9.10,11614.09
1251,4.013550e-03,3.443361e+01,3.709002e-05,3.985774e-05,2997573.764,4.219587e-03,3.477964e+01,5.525193e-05,3.782069e-05,3012652.289,2.500000e-04,9.29,11623.38
1252,4.069480e-03,3.445615e+01,3.472150e-05,5.532997e-05,2997761.465,3.845967e-03,3.435706e+01,2.896406e-05,2.412404e-05,2999226.250,2.500000e-04,9.15,11632.53
1253,4.114367e-03,3.442568e+01,4.531210e-05,4.373558e-05,2997355.033,3.724377e-03,3.457388e+01,1.976293e-05,1.387204e-05,2999736.914,2.500000e-04,9.19,11641.73
1254,4.296751e-03,3.443615e+01,4.592387e-05,7.877945e-05,2997583.961,3.830220e-03,3.477917e+01,2.155971e-05,2.734101e-05,3009814.922,2.500000e-04,9.32,11651.04
1255,4.171374e-03,3.443752e+01,4.201356e-05,6.149723e-05,2998148.711,4.977711e-03,3.386581e+01,6.929408e-05,1.796379e-04,2962434.594,2.500000e-04,9.60,11660.65
1256,4.107596e-03,3.439408e+01,3.930078e-05,5.503610e-05,2997281.898,4.735606e-03,3.420157e+01,9.327531e-05,7.653909e-05,2982799.961,2.500000e-04,9.57,11670.22
1257,4.121425e-03,3.442351e+01,4.345473e-05,4.890539e-05,2997397.000,3.763034e-03,3.442379e+01,2.156526e-05,2.100051e-05,2993905.727,2.500000e-04,9.50,11679.73
1258,4.040291e-03,3.435226e+01,3.461673e-05,5.177955e-05,2997455.398,4.183998e-03,3.485160e+01,2.395773e-05,9.185210e-05,3024841.430,2.500000e-04,9.65,11689.38
1259,4.122568e-03,3.437721e+01,4.293943e-05,5.109042e-05,2997539.955,4.891894e-03,3.457976e+01,1.274440e-04,3.189569e-05,2992952.625,2.500000e-04,9.69,11699.07
1260,4.102693e-03,3.443672e+01,3.650376e-05,5.879667e-05,2997638.879,4.190747e-03,3.425407e+01,6.797065e-05,1.712673e-05,2998350.523,2.500000e-04,10.16,11709.24
1261,4.114973e-03,3.439091e+01,4.088915e-05,5.339815e-05,2997327.336,4.119288e-03,3.449067e+01,5.836426e-05,1.731575e-05,2996451.336,2.500000e-04,9.70,11718.93
1262,4.261871e-03,3.435365e+01,5.090741e-05,6.348642e-05,2997466.428,4.453165e-03,3.489465e+01,8.668140e-05,1.937739e-05,3009041.703,2.500000e-04,9.61,11728.55
1263,4.088887e-03,3.439899e+01,3.525088e-05,5.929595e-05,2997717.621,3.720214e-03,3.436792e+01,2.196074e-05,1.276297e-05,3000773.672,2.500000e-04,9.52,11738.07
1264,4.090088e-03,3.439852e+01,3.608860e-05,5.786991e-05,2997616.711,4.014620e-03,3.498690e+01,3.724872e-05,2.868862e-05,3012758.125,2.500000e-04,9.52,11747.60
1265,3.993736e-03,3.439319e+01,2.984045e-05,5.120256e-05,2997570.910,3.874155e-03,3.442183e+01,3.198394e-05,2.242656e-05,3003929.516,2.500000e-04,9.45,11757.05
1266,4.092595e-03,3.437803e+01,3.509286e-05,6.077282e-05,2997418.027,4.332686e-03,3.522179e+01,2.337846e-05,1.153446e-04,3027710.312,2.500000e-04,9.18,11766.23
1267,4.087394e-03,3.437847e+01,3.252910e-05,6.485117e-05,2997720.504,3.859092e-03,3.438459e+01,3.286018e-05,1.840630e-05,2990697.859,2.500000e-04,9.48,11775.71
1268,4.185234e-03,3.444827e+01,4.866193e-05,5.075741e-05,2997432.059,4.361887e-03,3.520541e+01,3.972107e-05,8.882705e-05,3022564.906,2.500000e-04,9.28,11784.99
1269,4.085727e-03,3.442203e+01,3.405893e-05,6.058691e-05,2997705.959,4.009193e-03,3.482947e+01,3.683899e-05,3.157137e-05,3001548.578,2.500000e-04,8.98,11793.98
1270,4.086140e-03,3.446084e+01,3.883343e-05,5.034438e-05,2997655.641,3.760617e-03,3.431975e+01,1.716996e-05,3.138849e-05,2988129.117,2.500000e-04,9.84,11803.82
1271,4.173117e-03,3.440557e+01,3.886585e-05,6.878035e-05,2997566.445,3.817333e-03,3.453873e+01,1.826483e-05,3.616224e-05,2991417.328,2.500000e-04,9.20,11813.02
1272,4.040094e-03,3.445580e+01,3.107319e-05,5.675651e-05,2997576.791,4.660738e-03,3.403462e+01,7.715907e-05,9.713717e-05,2976273.820,2.500000e-04,9.11,11822.13
1273,4.049262e-03,3.439890e+01,3.381964e-05,5.423498e-05,2997620.516,4.024602e-03,3.395450e+01,3.513594e-05,5.555835e-05,2983539.320,2.500000e-04,9.68,11831.82
1274,3.999547e-03,3.438048e+01,3.710695e-05,3.808595e-05,2997349.750,3.900943e-03,3.424524e+01,2.506015e-05,4.516366e-05,2985805.203,2.500000e-04,9.01,11840.82
1275,4.047081e-03,3.435690e+01,3.621243e-05,4.985333e-05,2997880.641,3.766569e-03,3.468395e+01,2.028476e-05,1.906539e-05,3001348.688,2.500000e-04,9.06,11849.88
1276,4.163318e-03,3.435483e+01,3.972560e-05,6.611596e-05,2997093.418,3.811864e-03,3.468712e+01,1.929231e-05,3.004573e-05,3009668.047,2.500000e-04,9.07,11858.95
1277,4.165048e-03,3.436679e+01,4.116418e-05,6.334552e-05,2997663.133,4.142298e-03,3.464822e+01,4.884931e-05,3.779664e-05,3010814.586,2.500000e-04,9.41,11868.36
1278,4.143434e-03,3.442041e+01,3.929151e-05,6.169567e-05,2997907.371,4.073200e-03,3.399520e+01,3.493293e-05,6.487018e-05,2981090.414,2.500000e-04,9.45,11877.82
1279,3.986956e-03,3.437106e+01,3.705331e-05,3.586341e-05,2997485.336,3.784053e-03,3.424029e+01,2.156719e-05,2.887051e-05,2996360.445,2.500000e-04,9.29,11887.11
1280,4.046687e-03,3.433208e+01,3.661111e-05,4.947371e-05,2997402.910,3.872739e-03,3.443856e+01,2.577390e-05,3.422879e-05,2989341.578,2.500000e-04,9.96,11897.08
1281,4.252805e-03,3.441471e+01,3.816552e-05,8.593574e-05,2997708.164,3.814498e-03,3.411245e+01,1.959117e-05,4.146816e-05,2984020.773,2.500000e-04,9.95,11907.04
1282,4.147698e-03,3.442270e+01,4.014146e-05,6.080258e-05,2997452.752,3.937547e-03,3.450979e+01,2.785223e-05,4.160931e-05,2990647.656,2.500000e-04,9.67,11916.72
1283,4.136326e-03,3.439213e+01,4.269894e-05,5.402482e-05,2997432.854,3.845464e-03,3.472558e+01,2.667549e-05,2.123018e-05,3007890.898,2.500000e-04,9.57,11926.30
1284,4.335451e-03,3.443924e+01,5.426366e-05,6.977826e-05,2997503.732,3.884731e-03,3.464614e+01,2.584418e-05,3.233502e-05,2998390.086,2.500000e-04,9.60,11935.90
1285,4.062692e-03,3.441096e+01,3.694321e-05,5.043284e-05,2997357.957,4.333535e-03,3.503627e+01,6.466256e-05,3.665660e-05,3012048.258,2.500000e-04,10.14,11946.05
1286,4.114340e-03,3.438614e+01,4.357252e-05,4.800026e-05,2997724.719,4.227847e-03,3.410884e+01,3.566163e-05,9.206941e-05,2974224.688,2.500000e-04,9.50,11955.56
1287,4.043892e-03,3.437141e+01,3.900595e-05,4.333830e-05,2997278.207,4.880489e-03,3.572858e+01,2.808450e-05,2.053571e-04,3039589.516,2.500000e-04,9.42,11964.98
1288,4.089065e-03,3.436165e+01,3.637391e-05,5.783219e-05,2997627.430,4.249169e-03,3.460724e+01,4.398774e-05,6.971373e-05,3010988.727,2.500000e-04,9.31,11974.30
1289,4.075258e-03,3.432170e+01,3.485654e-05,5.890458e-05,2997979.928,3.805388e-03,3.453443e+01,2.373591e-05,2.291724e-05,2994237.742,2.500000e-04,9.98,11984.29
1290,4.044481e-03,3.434071e+01,3.559677e-05,5.088843e-05,2997473.037,3.837649e-03,3.408463e+01,2.619557e-05,3.344597e-05,2986183.125,2.500000e-04,9.88,11994.18
1291,4.094595e-03,3.433043e+01,3.720294e-05,5.790462e-05,2997250.730,4.691880e-03,3.498810e+01,2.889523e-05,1.808237e-04,3035057.742,2.500000e-04,9.43,12003.62
1292,4.220196e-03,3.442173e+01,4.700502e-05,6.159452e-05,2997850.477,3.780343e-03,3.461062e+01,1.865039e-05,2.655559e-05,3001853.523,2.500000e-04,8.94,12012.57
1293,4.074855e-03,3.437389e+01,3.612438e-05,5.524454e-05,2997569.570,4.123096e-03,3.426774e+01,4.256156e-05,5.414116e-05,2988642.250,2.500000e-04,9.05,12021.62
1294,4.024455e-03,3.438553e+01,3.825233e-05,4.067570e-05,2997621.660,3.886847e-03,3.437828e+01,2.918891e-05,3.142594e-05,3004904.562,2.500000e-04,9.35,12030.98
1295,4.171348e-03,3.435085e+01,3.679355e-05,7.366562e-05,2997484.590,4.165895e-03,3.440378e+01,4.344308e-05,5.821713e-05,3005226.258,2.500000e-04,9.24,12040.22
1296,4.101550e-03,3.439430e+01,3.906030e-05,5.430343e-05,2997796.549,3.764320e-03,3.423567e+01,1.953302e-05,2.908457e-05,2999120.891,2.500000e-04,8.98,12049.20
1297,4.076874e-03,3.437786e+01,3.659075e-05,5.463612e-05,2997389.818,4.139540e-03,3.431088e+01,1.857848e-05,1.045335e-04,3009510.211,2.500000e-04,9.04,12058.24
1298,4.078312e-03,3.433891e+01,3.403066e-05,6.082293e-05,2997561.637,4.140103e-03,3.483666e+01,4.512459e-05,4.103825e-05,3015135.453,2.500000e-04,8.93,12067.16
1299,4.186410e-03,3.442194e+01,3.744859e-05,7.394614e-05,2997485.713,4.139671e-03,3.415138e+01,4.550577e-05,5.389499e-05,2987608.875,2.500000e-04,8.87,12076.03
1300,4.083652e-03,3.444441e+01,3.637615e-05,5.508983e-05,2997795.107,4.063314e-03,3.401046e+01,4.004493e-05,5.236373e-05,2988507.828,2.500000e-04,9.49,12085.52
1301,4.136711e-03,3.439488e+01,3.535826e-05,6.872795e-05,2997515.445,3.747984e-03,3.433431e+01,2.078047e-05,2.134964e-05,2991323.461,2.500000e-04,9.54,12095.06
1302,4.110167e-03,3.438740e+01,3.366424e-05,6.695683e-05,2997649.396,3.974432e-03,3.417574e+01,3.565395e-05,4.006382e-05,2984736.695,2.500000e-04,9.40,12104.47
1303,4.031706e-03,3.438523e+01,3.514877e-05,4.833908e-05,2997248.082,4.177418e-03,3.416892e+01,4.964344e-05,5.281836e-05,2991347.297,2.500000e-04,9.86,12114.33
1304,4.102688e-03,3.439977e+01,3.653935e-05,5.946356e-05,2997982.596,4.040087e-03,3.435328e+01,2.994911e-05,6.105352e-05,2981939.844,2.500000e-04,9.74,12124.06
1305,4.141098e-03,3.439046e+01,4.144301e-05,5.752447e-05,2997436.076,3.973202e-03,3.446168e+01,4.237837e-05,2.065004e-05,2995244.633,2.500000e-04,9.80,12133.86
1306,4.005175e-03,3.434211e+01,3.522754e-05,4.373775e-05,2997248.250,4.570644e-03,3.522082e+01,5.457995e-05,1.005525e-04,3025044.500,2.500000e-04,9.95,12143.81
1307,4.015925e-03,3.434078e+01,3.923527e-05,3.789887e-05,2997896.260,4.079329e-03,3.412854e+01,2.654329e-05,8.020847e-05,2992401.430,2.500000e-04,9.56,12153.37
1308,4.127089e-03,3.437537e+01,3.610526e-05,6.570003e-05,2997391.012,3.895015e-03,3.424504e+01,2.980960e-05,3.448302e-05,2992615.641,2.500000e-04,9.23,12162.60
1309,4.209261e-03,3.437556e+01,4.313516e-05,6.807063e-05,2997795.090,3.859788e-03,3.397322e+01,1.924048e-05,5.401232e-05,2980849.602,2.500000e-04,9.47,12172.07
1310,4.143790e-03,3.438291e+01,4.353745e-05,5.402503e-05,2997586.938,4.441999e-03,3.409773e+01,2.858927e-05,1.492666e-04,2969548.055,2.500000e-04,9.90,12181.98
1311,4.177897e-03,3.436324e+01,4.146242e-05,6.538977e-05,2997407.225,4.994382e-03,3.467234e+01,1.039437e-04,9.754236e-05,2979948.484,2.500000e-04,11.05,12193.04
1312,4.203124e-03,3.441783e+01,4.369320e-05,6.488180e-05,2997283.705,4.285876e-03,3.488128e+01,2.462392e-05,1.103018e-04,3026554.133,2.500000e-04,10.94,12203.99
1313,4.130002e-03,3.440727e+01,4.638704e-05,4.508105e-05,2997854.871,3.747723e-03,3.446412e+01,1.677608e-05,2.671005e-05,3007004.180,2.500000e-04,11.08,12215.07
1314,4.119481e-03,3.435131e+01,3.614232e-05,6.458533e-05,2997350.236,3.793873e-03,3.473487e+01,1.955490e-05,2.496742e-05,3004991.094,2.500000e-04,10.34,12225.42
1315,4.086633e-03,3.442378e+01,3.914290e-05,5.056522e-05,2997596.186,3.922917e-03,3.454743e+01,3.423293e-05,2.516907e-05,2997953.836,2.500000e-04,9.39,12234.81
1316,4.220555e-03,3.437282e+01,4.536275e-05,6.592895e-05,2997751.941,4.000957e-03,3.418701e+01,2.991451e-05,5.662225e-05,2985191.250,2.500000e-04,9.44,12244.25
1317,4.072405e-03,3.436248e+01,3.926907e-05,4.869332e-05,2997254.021,3.899878e-03,3.454723e+01,3.683933e-05,1.535244e-05,2998690.164,2.500000e-04,9.46,12253.72
1318,4.082601e-03,3.437205e+01,4.291649e-05,4.324636e-05,2997571.801,4.192464e-03,3.420975e+01,4.055142e-05,7.319498e-05,2987772.383,2.500000e-04,9.61,12263.34
1319,4.117373e-03,3.433650e+01,3.935088e-05,5.804281e-05,2997533.383,3.819030e-03,3.454544e+01,2.114723e-05,3.060287e-05,3005186.664,2.500000e-04,9.33,12272.66
1320,4.092609e-03,3.433148e+01,3.998413e-05,5.192411e-05,2997840.553,4.442079e-03,3.379984e+01,3.150251e-05,1.494139e-04,2974883.969,2.500000e-04,9.29,12281.96
1321,4.116867e-03,3.432698e+01,3.618729e-05,6.445939e-05,2997382.732,4.098818e-03,3.413514e+01,2.921202e-05,7.863692e-05,2976368.016,2.500000e-04,9.23,12291.19
1322,4.134334e-03,3.433877e+01,4.278796e-05,5.451547e-05,2997093.176,3.949887e-03,3.455304e+01,2.977916e-05,3.935837e-05,3002328.859,2.500000e-04,8.81,12300.00
1323,4.128299e-03,3.432122e+01,3.713085e-05,6.497380e-05,2997890.488,3.795762e-03,3.412913e+01,2.513669e-05,2.629656e-05,2990566.680,2.500000e-04,9.18,12309.19
1324,4.123858e-03,3.429542e+01,4.186205e-05,5.513915e-05,2997513.285,3.836934e-03,3.441938e+01,2.943136e-05,2.013637e-05,2995174.555,2.500000e-04,9.44,12318.63
1325,4.125443e-03,3.442699e+01,4.280590e-05,5.093695e-05,2997706.381,6.032276e-03,3.373962e+01,1.565282e-04,2.186064e-04,2969413.398,2.500000e-04,9.13,12327.77
1326,4.331408e-03,3.438449e+01,4.303437e-05,9.252319e-05,2997288.049,3.833578e-03,3.445305e+01,2.891651e-05,1.982152e-05,2997800.180,2.500000e-04,9.15,12336.91
1327,4.101435e-03,3.433532e+01,3.902951e-05,5.552148e-05,2997614.918,4.737775e-03,3.387750e+01,4.095340e-05,1.880983e-04,2961689.977,2.500000e-04,9.02,12345.94
1328,4.127285e-03,3.437493e+01,4.868148e-05,4.059557e-05,2997427.578,3.735786e-03,3.428884e+01,1.916675e-05,2.304706e-05,2992213.375,2.500000e-04,9.04,12354.98
1329,4.083354e-03,3.433321e+01,3.515653e-05,5.969353e-05,2997751.084,4.002483e-03,3.478815e+01,3.659851e-05,3.153652e-05,3005532.336,2.500000e-04,9.33,12364.30
1330,4.166552e-03,3.437424e+01,3.842653e-05,6.897255e-05,2997532.336,4.379314e-03,3.382265e+01,2.566983e-05,1.480702e-04,2966841.422,2.500000e-04,9.29,12373.59
1331,4.330895e-03,3.439356e+01,4.023420e-05,9.783941e-05,2997592.697,4.236060e-03,3.381884e+01,2.081773e-05,1.291997e-04,2974929.227,2.500000e-04,9.35,12382.95
1332,4.096826e-03,3.436910e+01,3.538649e-05,6.121008e-05,2997016.838,4.390726e-03,3.406290e+01,5.486017e-05,8.716684e-05,2983983.688,2.500000e-04,9.52,12392.49
1333,4.141580e-03,3.437937e+01,3.699062e-05,6.674738e-05,2997807.262,4.189116e-03,3.411463e+01,5.310182e-05,4.932700e-05,2981177.727,2.500000e-04,9.40,12401.89
1334,4.092421e-03,3.442220e+01,3.986701e-05,5.030619e-05,2997686.107,4.086486e-03,3.434352e+01,5.058992e-05,2.924709e-05,3000760.164,2.500000e-04,9.71,12411.60
1335,4.042777e-03,3.431796e+01,3.731239e-05,4.757130e-05,2997189.430,4.027317e-03,3.492417e+01,2.930090e-05,4.837823e-05,3016788.805,2.500000e-04,9.70,12421.31
1336,4.124293e-03,3.437408e+01,4.219862e-05,5.297981e-05,2997658.617,5.290491e-03,3.467764e+01,1.046250e-04,1.552956e-04,3028056.922,2.500000e-04,9.38,12430.69
1337,4.237402e-03,3.432172e+01,4.143640e-05,7.817316e-05,2997717.191,3.909175e-03,3.468526e+01,3.431182e-05,1.950619e-05,3001620.328,2.500000e-04,9.55,12440.24
1338,4.156414e-03,3.438632e+01,3.524222e-05,7.307195e-05,2997403.260,3.999777e-03,3.443802e+01,2.380820e-05,6.357873e-05,3012764.297,2.500000e-04,9.38,12449.63
1339,4.144446e-03,3.433198e+01,4.345954e-05,5.533060e-05,2997612.402,3.771380e-03,3.427273e+01,1.786990e-05,3.308151e-05,3000963.930,2.500000e-04,9.52,12459.14
1340,4.079977e-03,3.433712e+01,3.442621e-05,6.040059e-05,2997598.494,4.014506e-03,3.385975e+01,2.937788e-05,6.695046e-05,2991235.469,2.500000e-04,9.88,12469.02
1341,4.057652e-03,3.429106e+01,3.710295e-05,5.150314e-05,2997352.324,4.067968e-03,3.434607e+01,4.747740e-05,3.171740e-05,2991232.406,2.500000e-04,9.76,12478.78
1342,4.129069e-03,3.437063e+01,3.556947e-05,6.726229e-05,2997490.258,4.681171e-03,3.541388e+01,5.438335e-05,1.191899e-04,3027253.453,2.500000e-04,9.90,12488.69
1343,4.320985e-03,3.440061e+01,4.120196e-05,9.378091e-05,2997668.992,4.225101e-03,3.496893e+01,3.511677e-05,7.540815e-05,3020925.711,2.500000e-04,9.76,12498.44
1344,4.190354e-03,3.436755e+01,4.054073e-05,6.963821e-05,2997791.451,4.652909e-03,3.382213e+01,6.396488e-05,1.262094e-04,2983601.430,2.500000e-04,9.36,12507.80
1345,4.199735e-03,3.440037e+01,4.374771e-05,6.444426e-05,2997518.178,4.162746e-03,3.510000e+01,4.790936e-05,3.473051e-05,3008571.289,2.500000e-04,9.32,12517.12
1346,4.066230e-03,3.431006e+01,4.010294e-05,4.683899e-05,2997400.109,3.828471e-03,3.444359e+01,2.531474e-05,2.619282e-05,3000172.148,2.500000e-04,9.37,12526.49
1347,4.127040e-03,3.431544e+01,3.669386e-05,6.571144e-05,2997736.248,3.878879e-03,3.406240e+01,2.027039e-05,5.398703e-05,2982606.812,2.500000e-04,9.50,12535.99
1348,3.994478e-03,3.435276e+01,3.624221e-05,3.935600e-05,2997551.244,3.851231e-03,3.396315e+01,2.260701e-05,4.576932e-05,2982306.141,2.500000e-04,9.49,12545.50
1349,4.065610e-03,3.430977e+01,3.752631e-05,5.187395e-05,2997563.869,3.930903e-03,3.403336e+01,3.456334e-05,3.638655e-05,2989247.977,2.500000e-04,9.17,12554.67
1350,4.071410e-03,3.426104e+01,3.476688e-05,5.952754e-05,2997580.449,3.962135e-03,3.413822e+01,3.299931e-05,4.366393e-05,2982350.414,2.500000e-04,8.56,12563.23
1351,4.049412e-03,3.428164e+01,3.741572e-05,4.941816e-05,2997761.018,3.943781e-03,3.417750e+01,3.065853e-05,4.388917e-05,2985923.078,2.500000e-04,8.60,12571.83
1352,4.062796e-03,3.427200e+01,4.043440e-05,4.625042e-05,2997263.996,4.333288e-03,3.434366e+01,8.093745e-05,1.790948e-05,3005046.781,2.500000e-04,8.95,12580.79
1353,4.083097e-03,3.426634e+01,4.290652e-05,4.547959e-05,2997616.719,3.985145e-03,3.388137e+01,3.027830e-05,5.884499e-05,2980389.984,2.500000e-04,9.12,12589.90
1354,4.041945e-03,3.429643e+01,3.275222e-05,5.695598e-05,2997573.021,4.249386e-03,3.458105e+01,4.359778e-05,7.106071e-05,3013417.914,2.500000e-04,9.52,12599.43
1355,4.064996e-03,3.428460e+01,3.976085e-05,4.778553e-05,2997530.525,3.906913e-03,3.419383e+01,3.779340e-05,2.191933e-05,2994245.430,2.500000e-04,9.24,12608.67
1356,4.105730e-03,3.428252e+01,3.681549e-05,6.186470e-05,2997631.949,3.867168e-03,3.468572e+01,2.769726e-05,2.432476e-05,3002144.844,2.500000e-04,8.91,12617.57
1357,3.997929e-03,3.426848e+01,3.272762e-05,4.876084e-05,2997454.766,4.012492e-03,3.405349e+01,1.936655e-05,8.269548e-05,2979418.883,2.500000e-04,9.12,12626.69
1358,4.149454e-03,3.429641e+01,4.168150e-05,6.059963e-05,2997413.322,4.919377e-03,3.542519e+01,2.058463e-05,2.342024e-04,3040540.555,2.500000e-04,9.58,12636.27
1359,4.209490e-03,3.438628e+01,4.653847e-05,6.109552e-05,2997483.453,4.261634e-03,3.524309e+01,2.122206e-05,1.050210e-04,3022960.477,2.500000e-04,9.76,12646.06
1360,4.060853e-03,3.427439e+01,3.683147e-05,5.301973e-05,2997678.756,3.873697e-03,3.441901e+01,2.061279e-05,4.513368e-05,3010858.398,2.500000e-04,9.55,12655.61
1361,4.048009e-03,3.427452e+01,3.407368e-05,5.596397e-05,2997391.850,4.259602e-03,3.458069e+01,4.422065e-05,7.186531e-05,3016754.383,2.500000e-04,9.25,12664.87
1362,4.051769e-03,3.426887e+01,4.027427e-05,4.442781e-05,2997965.785,3.802298e-03,3.410442e+01,2.833464e-05,2.170188e-05,2992464.562,2.500000e-04,9.46,12674.33
1363,4.063471e-03,3.424300e+01,3.362435e-05,6.058541e-05,2997264.547,3.969581e-03,3.485201e+01,1.799154e-05,6.089288e-05,3018679.445,2.500000e-04,9.92,12684.25
1364,4.141314e-03,3.430425e+01,3.831127e-05,6.555514e-05,2997558.795,4.194560e-03,3.473146e+01,2.086908e-05,1.025445e-04,3025792.836,2.500000e-04,9.42,12693.67
1365,4.019320e-03,3.425177e+01,3.260194e-05,5.362478e-05,2997805.846,4.081332e-03,3.409517e+01,4.501793e-05,4.432720e-05,2988865.656,2.500000e-04,9.37,12703.04
1366,4.074738e-03,3.425634e+01,3.397918e-05,6.186243e-05,2997221.928,4.368633e-03,3.517091e+01,2.249999e-05,1.253085e-04,3031252.578,2.500000e-04,9.47,12712.52
1367,4.056992e-03,3.428003e+01,3.335502e-05,5.908784e-05,2997946.070,3.953285e-03,3.384315e+01,2.337389e-05,6.704641e-05,2978802.781,2.500000e-04,9.64,12722.15
1368,4.005153e-03,3.427348e+01,3.627050e-05,4.302000e-05,2997555.406,3.858565e-03,3.444671e+01,3.434188e-05,1.409518e-05,2997032.406,2.500000e-04,9.23,12731.38
1369,4.134148e-03,3.422968e+01,4.273786e-05,5.676025e-05,2997716.746,3.802100e-03,3.410040e+01,2.396093e-05,3.049001e-05,2989244.953,2.500000e-04,10.66,12742.05
1370,4.249685e-03,3.429184e+01,5.158876e-05,6.092271e-05,2997385.859,4.564932e-03,3.487745e+01,5.234248e-05,1.107524e-04,3025185.922,2.500000e-04,9.25,12751.30
1371,4.095918e-03,3.427913e+01,4.137251e-05,5.085618e-05,2997435.900,3.967536e-03,3.448502e+01,3.875728e-05,2.629239e-05,2998501.508,2.500000e-04,9.42,12760.72
1372,4.105361e-03,3.427843e+01,3.961474e-05,5.627412e-05,2997540.287,3.734746e-03,3.419507e+01,2.032057e-05,2.240663e-05,2998890.648,2.500000e-04,9.80,12770.55
1373,4.081775e-03,3.427638e+01,3.539478e-05,6.003791e-05,2997788.160,4.129151e-03,3.453385e+01,3.590775e-05,6.333758e-05,2990050.422,2.500000e-04,9.23,12779.79
1374,4.025537e-03,3.425202e+01,3.791165e-05,4.424376e-05,2997314.291,3.926186e-03,3.411659e+01,3.268827e-05,3.752891e-05,2984879.883,2.500000e-04,10.97,12790.76
1375,4.119307e-03,3.427770e+01,3.463305e-05,6.904117e-05,2997709.941,3.993964e-03,3.406226e+01,3.031674e-05,5.691421e-05,2984736.742,2.500000e-04,10.08,12800.84
1376,4.158268e-03,3.427764e+01,3.879307e-05,6.851463e-05,2997451.834,3.810237e-03,3.416657e+01,2.667855e-05,2.535897e-05,2994041.414,2.500000e-04,10.38,12811.22
1377,4.197347e-03,3.430337e+01,3.718354e-05,7.903500e-05,2997404.658,3.746611e-03,3.443974e+01,1.719371e-05,2.613997e-05,2999654.625,2.500000e-04,10.37,12821.59
1378,4.258747e-03,3.430828e+01,4.025648e-05,8.507094e-05,2997602.797,4.677784e-03,3.392202e+01,7.150875e-05,1.140989e-04,2975447.477,2.500000e-04,9.16,12830.76
1379,4.042179e-03,3.428777e+01,3.503244e-05,5.261546e-05,2997432.193,4.596140e-03,3.519689e+01,3.041970e-05,1.544507e-04,3032053.656,2.500000e-04,9.14,12839.90
1380,4.120848e-03,3.435433e+01,3.491497e-05,6.725301e-05,2997176.729,4.108319e-03,3.469437e+01,2.453042e-05,7.871547e-05,2997621.242,2.500000e-04,9.60,12849.50
1381,4.041298e-03,3.433630e+01,3.094543e-05,5.964286e-05,2997959.936,3.838687e-03,3.438454e+01,2.255676e-05,3.493324e-05,3007178.422,2.500000e-04,9.40,12858.91
1382,4.050457e-03,3.425482e+01,3.449035e-05,5.601430e-05,2997790.693,4.104158e-03,3.447654e+01,5.105583e-05,2.918921e-05,3007104.156,2.500000e-04,9.28,12868.19
1383,3.989457e-03,3.426797e+01,3.304236e-05,4.644722e-05,2997569.252,3.821666e-03,3.415028e+01,2.324572e-05,3.483626e-05,2989004.609,2.500000e-04,9.57,12877.77
1384,4.034455e-03,3.428042e+01,3.162626e-05,5.803015e-05,2997548.555,4.012763e-03,3.434295e+01,3.604508e-05,4.360338e-05,3005043.906,2.500000e-04,9.16,12886.93
1385,4.064032e-03,3.424688e+01,3.305812e-05,6.175247e-05,2997904.545,4.760461e-03,3.438521e+01,1.062136e-04,5.196094e-05,2995704.812,2.500000e-04,9.13,12896.07
1386,4.091626e-03,3.425036e+01,3.755897e-05,5.820005e-05,2997204.189,3.787623e-03,3.457804e+01,2.045733e-05,2.504906e-05,3007268.555,2.500000e-04,9.30,12905.37
1387,4.204069e-03,3.426598e+01,4.391238e-05,6.766943e-05,2997560.684,3.743769e-03,3.422147e+01,1.949289e-05,2.533878e-05,3000346.773,2.500000e-04,9.38,12914.75
1388,4.035583e-03,3.425307e+01,3.146881e-05,5.911770e-05,2997501.285,3.856249e-03,3.432729e+01,3.453610e-05,1.563181e-05,2997904.219,2.500000e-04,9.22,12923.97
1389,4.121635e-03,3.426811e+01,4.152846e-05,5.590793e-05,2997692.164,3.955897e-03,3.412170e+01,4.247219e-05,2.380117e-05,2999303.477,2.500000e-04,9.17,12933.14
1390,4.102065e-03,3.431429e+01,3.699444e-05,6.013828e-05,2997678.752,4.605884e-03,3.518781e+01,3.404553e-05,1.493297e-04,3028663.664,2.500000e-04,9.47,12942.61
1391,4.136834e-03,3.431020e+01,3.894498e-05,6.327281e-05,2997433.900,3.849131e-03,3.393829e+01,2.069445e-05,4.967141e-05,2982767.570,2.500000e-04,9.15,12951.75
1392,4.164568e-03,3.431308e+01,3.920939e-05,6.823325e-05,2997515.703,3.704090e-03,3.420055e+01,2.052202e-05,1.576294e-05,2997365.609,2.500000e-04,9.36,12961.12
1393,3.993489e-03,3.425602e+01,3.480286e-05,4.397186e-05,2997836.924,3.987788e-03,3.412651e+01,3.276040e-05,4.950655e-05,2981822.844,2.500000e-04,9.04,12970.15
1394,4.070420e-03,3.425878e+01,4.117358e-05,4.656134e-05,2997257.062,3.921083e-03,3.457143e+01,3.145089e-05,2.988624e-05,3011402.625,2.500000e-04,9.31,12979.46
1395,4.006974e-03,3.425035e+01,3.385749e-05,4.867298e-05,2997781.771,3.917691e-03,3.408579e+01,3.614875e-05,2.952490e-05,2989009.977,2.500000e-04,9.88,12989.34
1396,4.140207e-03,3.426836e+01,4.569572e-05,5.128292e-05,2997774.377,4.179830e-03,3.407853e+01,4.883913e-05,5.671711e-05,2984978.438,2.500000e-04,10.00,12999.35
1397,4.129944e-03,3.423858e+01,3.474955e-05,7.171800e-05,2997310.334,3.819837e-03,3.431788e+01,2.458140e-05,2.844700e-05,2994119.492,2.500000e-04,9.51,13008.87
1398,4.179451e-03,3.427333e+01,4.570375e-05,5.901606e-05,2997445.727,4.267720e-03,3.470053e+01,3.967345e-05,8.018657e-05,3020562.680,2.500000e-04,9.74,13018.61
1399,4.179647e-03,3.430340e+01,4.016775e-05,6.952598e-05,2997884.203,3.854848e-03,3.391803e+01,1.679826e-05,5.901265e-05,2978525.297,2.500000e-04,9.67,13028.33
1400,3.981858e-03,3.422488e+01,2.989599e-05,5.208204e-05,2997433.627,4.506546e-03,3.414602e+01,6.157260e-05,9.524368e-05,2983168.469,2.500000e-04,8.49,13036.82
1401,4.189894e-03,3.428720e+01,4.511990e-05,6.199498e-05,2997748.996,3.909260e-03,3.390487e+01,2.450994e-05,5.473460e-05,2983494.609,2.500000e-04,9.26,13046.08
1402,4.106939e-03,3.427754e+01,3.881542e-05,5.820632e-05,2997587.205,3.784386e-03,3.416066e+01,2.006887e-05,3.352627e-05,2999795.578,2.500000e-04,9.15,13055.23
1403,4.032298e-03,3.429350e+01,3.325352e-05,5.408249e-05,2997394.229,4.480951e-03,3.491689e+01,3.547661e-05,1.268990e-04,3028346.055,2.500000e-04,9.52,13064.75
1404,4.149295e-03,3.426200e+01,4.638740e-05,5.184409e-05,2997575.781,4.420537e-03,3.453396e+01,4.430826e-05,1.048116e-04,3020805.898,2.500000e-04,9.49,13074.24
1405,4.125293e-03,3.424678e+01,3.661245e-05,6.689804e-05,2997621.551,3.927509e-03,3.473495e+01,2.987017e-05,3.106247e-05,2999861.125,2.500000e-04,9.43,13083.67
1406,4.087038e-03,3.434774e+01,3.717472e-05,5.610339e-05,2997801.779,4.327586e-03,3.456091e+01,7.244325e-05,2.941262e-05,3006416.852,2.500000e-04,9.20,13092.87
1407,4.079657e-03,3.423316e+01,3.536148e-05,6.054538e-05,2997308.719,3.883096e-03,3.479265e+01,2.651930e-05,2.772774e-05,3010114.164,2.500000e-04,9.27,13102.14
1408,4.078401e-03,3.430222e+01,3.889256e-05,5.185057e-05,2997647.375,3.918290e-03,3.447876e+01,2.941410e-05,3.525469e-05,3000977.523,2.500000e-04,9.04,13111.18
1409,4.020104e-03,3.426508e+01,3.650693e-05,4.570535e-05,2997665.021,3.979373e-03,3.464687e+01,4.107021e-05,2.079679e-05,3004145.203,2.500000e-04,9.15,13120.33
1410,4.028058e-03,3.426878e+01,3.253821e-05,5.515948e-05,2997626.277,3.897837e-03,3.394056e+01,2.777650e-05,4.520321e-05,2991176.039,2.500000e-04,9.10,13129.43
1411,4.061131e-03,3.425706e+01,3.956247e-05,4.796013e-05,2997471.982,5.097555e-03,3.466638e+01,1.447032e-04,3.677698e-05,3000500.695,2.500000e-04,9.27,13138.71
1412,4.167250e-03,3.425299e+01,4.495311e-05,5.848411e-05,2998071.080,5.679567e-03,3.282513e+01,3.065301e-05,4.181048e-04,2941926.977,2.500000e-04,9.25,13147.97
1413,4.184127e-03,3.419650e+01,4.461739e-05,6.366052e-05,2997032.311,3.973267e-03,3.406689e+01,3.648060e-05,4.035440e-05,3001838.438,2.500000e-04,9.31,13157.28
1414,4.044898e-03,3.424533e+01,3.250589e-05,5.906114e-05,2997480.064,4.147204e-03,3.428566e+01,2.834833e-05,8.703111e-05,2979012.422,2.500000e-04,9.36,13166.64
1415,4.085805e-03,3.429182e+01,3.734519e-05,5.663433e-05,2997907.270,4.526505e-03,3.333409e+01,2.591242e-05,1.867943e-04,2962203.633,2.500000e-04,9.41,13176.05
1416,4.003281e-03,3.420836e+01,3.626964e-05,4.394961e-05,2997254.449,4.817975e-03,3.468429e+01,6.705085e-05,1.358074e-04,3023824.273,2.500000e-04,9.76,13185.81
1417,4.204413e-03,3.429923e+01,3.952309e-05,7.585184e-05,2997527.049,3.671569e-03,3.418916e+01,1.792851e-05,1.467354e-05,2998931.359,2.500000e-04,9.96,13195.77
1418,4.004275e-03,3.423414e+01,3.514205e-05,4.588805e-05,2997670.889,4.230107e-03,3.437021e+01,5.467333e-05,4.927039e-05,2998268.039,2.500000e-04,9.80,13205.57
1419,4.074733e-03,3.423067e+01,4.155065e-05,4.723211e-05,2997728.395,4.172174e-03,3.378093e+01,3.211163e-05,9.459311e-05,2975878.547,2.500000e-04,9.54,13215.11
1420,4.171887e-03,3.422636e+01,4.152606e-05,6.679806e-05,2997462.648,4.399284e-03,3.402692e+01,5.337655e-05,9.256524e-05,2975117.422,2.500000e-04,9.73,13224.84
1421,4.226106e-03,3.432087e+01,4.066208e-05,7.747958e-05,2997310.229,3.839047e-03,3.424586e+01,2.358993e-05,3.571225e-05,3007316.570,2.500000e-04,9.76,13234.61
1422,4.099822e-03,3.421807e+01,3.790767e-05,5.978767e-05,2997582.943,4.105480e-03,3.398522e+01,2.750721e-05,8.637705e-05,2975559.789,2.500000e-04,9.35,13243.97
1423,4.042348e-03,3.425428e+01,3.424991e-05,5.488409e-05,2997462.033,4.536733e-03,3.451634e+01,9.721050e-05,2.259881e-05,3007676.227,2.500000e-04,10.30,13254.27
1424,4.095793e-03,3.430340e+01,3.786099e-05,5.736866e-05,2997568.029,4.414828e-03,3.434714e+01,7.980150e-05,3.641989e-05,2986671.672,2.500000e-04,10.75,13265.02
1425,4.060781e-03,3.428160e+01,3.981352e-05,4.689716e-05,2997496.803,4.035903e-03,3.465963e+01,4.333556e-05,2.731689e-05,3003208.609,2.500000e-04,10.61,13275.63
1426,4.017114e-03,3.424086e+01,2.988862e-05,5.882849e-05,2997795.852,4.072728e-03,3.396663e+01,2.739242e-05,8.042827e-05,2976311.062,2.500000e-04,10.39,13286.04
1427,3.989269e-03,3.427219e+01,3.298199e-05,4.644588e-05,2997558.945,3.893098e-03,3.404583e+01,2.031499e-05,5.707294e-05,2981001.938,2.500000e-04,9.70,13295.74
1428,4.041779e-03,3.425911e+01,2.953239e-05,6.410892e-05,2997837.879,4.005158e-03,3.397541e+01,3.875784e-05,4.400776e-05,2992580.375,2.500000e-04,9.95,13305.69
1429,4.182774e-03,3.421344e+01,4.417475e-05,6.393657e-05,2997043.650,3.958859e-03,3.451503e+01,4.572651e-05,1.001825e-05,3004833.164,2.500000e-04,9.81,13315.50
1430,4.159482e-03,3.429498e+01,3.706216e-05,7.187263e-05,2997729.078,4.192372e-03,3.443979e+01,5.951000e-05,3.065852e-05,3004835.406,2.500000e-04,9.41,13324.92
1431,4.073835e-03,3.429945e+01,3.934564e-05,5.008693e-05,2997657.145,4.019134e-03,3.443173e+01,4.961640e-05,1.595945e-05,3003277.453,2.500000e-04,9.09,13334.02
1432,4.005892e-03,3.426126e+01,3.105834e-05,5.383644e-05,2997852.053,4.821346e-03,3.349204e+01,5.533915e-05,1.837503e-04,2963029.547,2.500000e-04,9.32,13343.34
1433,4.126463e-03,3.426723e+01,3.640241e-05,6.714327e-05,2997412.113,4.007483e-03,3.379908e+01,1.949444e-05,8.652613e-05,2980396.703,2.500000e-04,9.56,13352.90
1434,4.070671e-03,3.426405e+01,3.665649e-05,5.554024e-05,2997704.998,4.104419e-03,3.367527e+01,2.593089e-05,9.551673e-05,2984504.930,2.500000e-04,9.24,13362.15
1435,4.085805e-03,3.420749e+01,3.907821e-05,5.485475e-05,2997246.023,3.903568e-03,3.421535e+01,2.916657e-05,3.807352e-05,2986966.836,2.500000e-04,9.12,13371.27
1436,4.092921e-03,3.423581e+01,3.952206e-05,5.482392e-05,2997556.963,3.877359e-03,3.401163e+01,3.142646e-05,3.238621e-05,2993705.453,2.500000e-04,8.96,13380.23
1437,4.062499e-03,3.426849e+01,4.021316e-05,4.670374e-05,2997655.281,4.284539e-03,3.447198e+01,6.129701e-05,4.487406e-05,2993494.914,2.500000e-04,9.18,13389.41
1438,4.034178e-03,3.426434e+01,3.070405e-05,6.014072e-05,2997718.609,3.981853e-03,3.399331e+01,3.731888e-05,4.186658e-05,2995133.719,2.500000e-04,9.38,13398.79
1439,4.100648e-03,3.423854e+01,3.519608e-05,6.496673e-05,2997591.416,4.134640e-03,3.409164e+01,4.044470e-05,6.420576e-05,2985911.648,2.500000e-04,9.33,13408.13
1440,4.088475e-03,3.423002e+01,3.996331e-05,5.316811e-05,2996619.887,5.650038e-03,3.549232e+01,4.202106e-05,3.361190e-04,3050823.414,2.500000e-04,9.34,13417.48
1441,4.145048e-03,3.427224e+01,3.784265e-05,6.787964e-05,2998764.709,4.270730e-03,3.400575e+01,3.092844e-05,1.121741e-04,2970975.094,2.500000e-04,9.57,13427.05
1442,4.050810e-03,3.428387e+01,3.393442e-05,5.661580e-05,2997316.809,4.025685e-03,3.421506e+01,3.356704e-05,5.370165e-05,2997116.039,2.500000e-04,9.52,13436.58
1443,4.168442e-03,3.428385e+01,4.053375e-05,6.694376e-05,2997642.393,3.975327e-03,3.428675e+01,3.231765e-05,4.469518e-05,2989037.102,2.500000e-04,9.38,13445.96
1444,4.170888e-03,3.428403e+01,4.146246e-05,6.557218e-05,2997492.648,4.044818e-03,3.383575e+01,3.270436e-05,6.683996e-05,2978944.422,2.500000e-04,9.74,13455.70
1445,3.943935e-03,3.422222e+01,3.390400e-05,3.653454e-05,2997489.695,4.037932e-03,3.383657e+01,3.223959e-05,6.637574e-05,2982421.781,2.500000e-04,10.30,13466.00
1446,4.104824e-03,3.423558e+01,3.666331e-05,6.292666e-05,2997625.529,3.795388e-03,3.408622e+01,2.282657e-05,3.170005e-05,2991189.250,2.500000e-04,9.40,13475.40
1447,4.158551e-03,3.429166e+01,4.439813e-05,5.708059e-05,2997512.959,3.912710e-03,3.435856e+01,2.811295e-05,3.914483e-05,2995054.766,2.500000e-04,9.66,13485.06
1448,4.007917e-03,3.425563e+01,3.232675e-05,5.181732e-05,2997761.994,3.717815e-03,3.419177e+01,2.028108e-05,1.916552e-05,2999020.539,2.500000e-04,10.10,13495.17
1449,4.137110e-03,3.419254e+01,3.325074e-05,7.706977e-05,2997266.846,3.943399e-03,3.403562e+01,2.379192e-05,6.038360e-05,2985448.648,2.500000e-04,9.77,13504.94
1450,4.134736e-03,3.427651e+01,4.021620e-05,6.098454e-05,2997587.205,4.022201e-03,3.461109e+01,2.799643e-05,5.622560e-05,2993379.797,2.500000e-04,9.74,13514.68
1451,4.064727e-03,3.426564e+01,2.987909e-05,6.787438e-05,2997579.059,3.987112e-03,3.460915e+01,2.618675e-05,5.286608e-05,3013432.109,2.500000e-04,9.63,13524.32
1452,3.987778e-03,3.425018e+01,3.997860e-05,3.259478e-05,2997806.494,3.939399e-03,3.411332e+01,1.960216e-05,6.640903e-05,2981311.273,2.500000e-04,9.47,13533.79
1453,4.089047e-03,3.418067e+01,3.700229e-05,6.019133e-05,2997480.217,4.189903e-03,3.417345e+01,5.016970e-05,5.417216e-05,2983593.164,2.500000e-04,9.69,13543.48
1454,4.137774e-03,3.423011e+01,3.344089e-05,7.607082e-05,2997636.426,4.147923e-03,3.421618e+01,4.964053e-05,4.597985e-05,2994800.898,2.500000e-04,10.58,13554.08
1455,4.141617e-03,3.425306e+01,4.272435e-05,5.781342e-05,2997638.779,3.958527e-03,3.417018e+01,3.574909e-05,3.680376e-05,2989193.453,2.500000e-04,10.68,13564.77
1456,3.968441e-03,3.421722e+01,3.431723e-05,4.070932e-05,2997613.557,4.054149e-03,3.357963e+01,2.228908e-05,9.465903e-05,2972361.562,2.500000e-04,10.01,13574.78
1457,4.031322e-03,3.419018e+01,3.614486e-05,5.017112e-05,2997552.365,4.226199e-03,3.419984e+01,2.767474e-05,1.058935e-04,2997516.195,2.500000e-04,9.46,13584.25
1458,4.097588e-03,3.425898e+01,4.040963e-05,5.351881e-05,2997552.080,4.026407e-03,3.379066e+01,3.264866e-05,6.417080e-05,2978824.242,2.500000e-04,9.99,13594.23
1459,4.125926e-03,3.426224e+01,4.240950e-05,5.512143e-05,2997443.059,3.886148e-03,3.455864e+01,2.849555e-05,2.906582e-05,3002632.359,2.500000e-04,9.38,13603.62
1460,4.102404e-03,3.420852e+01,3.961318e-05,5.708402e-05,2997575.135,3.758346e-03,3.402555e+01,1.760930e-05,3.593964e-05,2988830.086,2.500000e-04,9.32,13612.93
1461,4.105045e-03,3.424435e+01,3.581840e-05,6.448512e-05,2997453.641,3.802537e-03,3.432046e+01,2.419911e-05,2.570012e-05,2991962.047,2.500000e-04,9.41,13622.35
1462,4.146198e-03,3.421086e+01,3.829666e-05,6.842893e-05,2997425.252,4.243781e-03,3.496738e+01,4.132369e-05,6.676120e-05,3020221.602,2.500000e-04,9.14,13631.49
1463,4.204960e-03,3.426188e+01,4.547287e-05,6.480876e-05,2997668.012,3.893521e-03,3.452934e+01,2.828521e-05,3.154696e-05,3004672.844,2.500000e-04,9.39,13640.88
1464,4.126822e-03,3.433322e+01,3.594408e-05,6.681193e-05,2997489.369,4.034108e-03,3.437729e+01,4.045615e-05,3.836362e-05,2991571.055,2.500000e-04,9.56,13650.44
1465,4.036892e-03,3.429602e+01,3.139387e-05,5.867030e-05,2997427.387,3.975307e-03,3.456104e+01,2.067742e-05,6.248582e-05,3009467.477,2.500000e-04,9.70,13660.15
1466,4.062346e-03,3.423053e+01,3.394191e-05,5.997471e-05,2998013.219,4.485940e-03,3.390013e+01,2.925326e-05,1.606790e-04,2966021.602,2.500000e-04,9.20,13669.34
1467,4.098456e-03,3.428227e+01,3.429024e-05,6.546537e-05,2997357.336,3.746465e-03,3.440347e+01,2.377802e-05,1.366758e-05,3002376.664,2.500000e-04,9.34,13678.68
1468,4.203286e-03,3.425906e+01,3.599725e-05,8.348135e-05,2997713.553,3.910166e-03,3.408783e+01,2.271636e-05,5.484392e-05,2998000.852,2.500000e-04,9.57,13688.25
1469,4.064459e-03,3.424380e+01,3.850876e-05,5.099840e-05,2997553.953,4.146755e-03,3.439579e+01,5.114950e-05,3.913610e-05,3007921.930,2.500000e-04,9.31,13697.56
1470,4.056728e-03,3.423632e+01,3.383334e-05,5.895251e-05,2997515.752,3.745597e-03,3.424600e+01,2.200205e-05,2.019542e-05,3001579.945,2.500000e-04,9.27,13706.83
1471,4.085152e-03,3.421198e+01,3.723917e-05,5.831255e-05,2997900.166,3.850605e-03,3.436242e+01,3.180989e-05,1.925291e-05,2996958.070,2.500000e-04,8.92,13715.75
1472,4.030009e-03,3.419091e+01,3.405058e-05,5.408228e-05,2997424.686,3.892520e-03,3.393957e+01,2.258114e-05,5.455032e-05,2986465.156,2.500000e-04,9.22,13724.97
1473,4.096235e-03,3.420228e+01,3.465894e-05,6.588337e-05,2997302.662,4.432405e-03,3.413534e+01,7.753611e-05,4.870203e-05,2984608.891,2.500000e-04,9.31,13734.29
1474,4.059260e-03,3.429122e+01,3.621650e-05,5.359470e-05,2997975.674,3.986378e-03,3.389733e+01,2.620661e-05,6.691571e-05,2984034.438,2.500000e-04,9.71,13743.99
1475,4.152590e-03,3.419497e+01,3.822830e-05,7.016191e-05,2997453.779,4.163846e-03,3.411160e+01,3.510762e-05,8.032211e-05,2979699.203,2.500000e-04,9.37,13753.37
1476,4.034484e-03,3.426019e+01,3.459126e-05,5.251064e-05,2997925.215,4.048248e-03,3.399589e+01,3.312025e-05,6.349129e-05,2986990.734,2.500000e-04,9.57,13762.94
1477,4.135606e-03,3.425020e+01,3.592915e-05,7.025875e-05,2997310.314,3.760394e-03,3.403831e+01,2.149003e-05,2.833262e-05,2990828.164,2.500000e-04,9.56,13772.50
1478,4.094460e-03,3.422873e+01,4.123914e-05,5.183921e-05,2997596.854,4.128504e-03,3.418845e+01,4.151323e-05,5.890534e-05,2983213.586,2.500000e-04,10.42,13782.91
1479,4.064112e-03,3.422574e+01,3.468239e-05,5.894283e-05,2997460.480,3.878183e-03,3.398362e+01,3.304370e-05,2.987696e-05,2992310.148,2.500000e-04,9.84,13792.78
1480,4.032730e-03,3.425962e+01,3.419942e-05,5.295475e-05,2997866.316,3.810272e-03,3.420504e+01,2.430225e-05,2.934895e-05,2991776.625,2.500000e-04,9.62,13802.40
1481,4.004656e-03,3.421501e+01,3.493687e-05,4.675732e-05,2997567.715,3.871773e-03,3.391844e+01,2.610824e-05,4.376920e-05,2990612.773,2.500000e-04,9.44,13811.84
1482,4.152561e-03,3.421664e+01,3.837017e-05,6.943914e-05,2997513.719,4.110853e-03,3.441404e+01,1.954158e-05,9.480661e-05,3020344.141,2.500000e-04,9.48,13821.33
1483,4.067930e-03,3.421196e+01,2.740130e-05,7.454412e-05,2997712.293,4.276802e-03,3.395690e+01,4.920204e-05,7.781822e-05,2980112.562,2.500000e-04,9.42,13830.75
1484,4.096076e-03,3.422851e+01,3.636327e-05,6.191860e-05,2997697.402,4.027724e-03,3.450911e+01,2.301453e-05,6.933361e-05,3018836.711,2.500000e-04,9.13,13839.87
1485,4.078667e-03,3.427063e+01,3.664314e-05,5.703454e-05,2997584.941,3.772973e-03,3.420577e+01,2.356066e-05,2.335788e-05,3001530.453,2.500000e-04,9.38,13849.26
1486,4.016517e-03,3.415667e+01,3.838004e-05,4.341003e-05,2997427.041,3.829226e-03,3.433203e+01,2.847120e-05,2.226220e-05,3004848.305,2.500000e-04,9.45,13858.72
1487,4.001194e-03,3.417351e+01,3.446907e-05,4.783046e-05,2997816.814,3.996865e-03,3.402973e+01,3.826039e-05,4.225762e-05,2989306.992,2.500000e-04,9.49,13868.21
1488,4.054537e-03,3.421681e+01,3.830724e-05,4.995672e-05,2997491.283,4.092738e-03,3.368527e+01,2.213656e-05,1.005691e-04,2973147.430,2.500000e-04,8.91,13877.12
1489,4.071573e-03,3.417911e+01,3.407540e-05,6.258167e-05,2997514.086,4.066624e-03,3.428783e+01,3.639217e-05,5.478404e-05,2987892.195,2.500000e-04,8.98,13886.10
1490,4.006483e-03,3.423725e+01,3.550376e-05,4.554405e-05,2997822.811,4.051630e-03,3.409221e+01,4.883893e-05,3.080390e-05,2987568.031,2.500000e-04,9.53,13895.63
1491,4.022040e-03,3.415854e+01,3.242553e-05,5.638606e-05,2997256.844,3.989222e-03,3.431769e+01,2.264537e-05,6.619980e-05,3002118.773,2.500000e-04,9.05,13904.68
1492,3.991469e-03,3.422489e+01,3.008597e-05,5.362393e-05,2997800.490,4.150393e-03,3.433273e+01,5.899478e-05,2.543431e-05,2994943.578,2.500000e-04,8.88,13913.58
1493,4.181686e-03,3.415306e+01,4.036951e-05,7.253692e-05,2996980.186,4.181029e-03,3.495344e+01,2.964771e-05,7.784156e-05,3023316.141,2.500000e-04,8.94,13922.51
1494,3.990424e-03,3.419519e+01,3.307791e-05,4.802515e-05,2998060.734,4.098202e-03,3.492346e+01,2.978972e-05,6.159178e-05,3014189.594,2.500000e-04,9.34,13931.86
1495,3.986181e-03,3.418326e+01,3.140024e-05,5.077067e-05,2997820.027,4.285416e-03,3.394350e+01,2.769074e-05,1.228317e-04,2970908.781,2.500000e-04,9.20,13941.06
1496,4.062671e-03,3.417404e+01,3.355746e-05,6.193841e-05,2997226.178,4.160346e-03,3.389971e+01,4.098898e-05,7.209694e-05,2980541.500,2.500000e-04,9.18,13950.24
1497,3.998033e-03,3.422522e+01,3.875177e-05,3.759874e-05,2997666.596,3.921675e-03,3.456863e+01,2.434903e-05,4.426433e-05,3013618.219,2.500000e-04,9.32,13959.56
1498,4.040668e-03,3.419985e+01,3.496349e-05,5.420954e-05,2997666.639,3.891511e-03,3.451149e+01,3.493122e-05,1.820983e-05,3004533.188,2.500000e-04,9.60,13969.16
1499,4.044699e-03,3.415796e+01,3.530029e-05,5.518003e-05,2997977.605,3.890960e-03,3.405428e+01,1.816833e-05,6.076976e-05,2979423.422,2.500000e-04,9.18,13978.35
1500,4.051464e-03,3.417021e+01,3.738120e-05,5.212635e-05,2997270.445,4.129174e-03,3.389354e+01,2.565613e-05,9.665188e-05,2978421.898,2.500000e-04,9.44,13987.81
1501,4.131250e-03,3.416858e+01,3.387243e-05,7.513371e-05,2997383.990,3.824447e-03,3.458662e+01,2.260051e-05,2.795586e-05,3007995.195,2.500000e-04,9.17,13996.98
1502,4.301565e-03,3.425340e+01,4.292666e-05,8.939180e-05,2997247.145,3.834347e-03,3.467329e+01,2.124976e-05,3.090408e-05,3012909.992,2.500000e-04,9.74,14006.73
1503,4.068107e-03,3.422149e+01,3.753507e-05,5.412147e-05,2998051.135,4.005538e-03,3.445026e+01,3.964325e-05,3.281591e-05,3008117.344,2.500000e-04,9.75,14016.48
1504,4.004425e-03,3.418016e+01,3.889123e-05,3.949946e-05,2997622.123,3.688828e-03,3.431129e+01,1.500889e-05,2.152188e-05,3004695.859,2.500000e-04,9.71,14026.19
1505,4.158815e-03,3.423519e+01,4.524896e-05,5.656145e-05,2997183.414,3.931476e-03,3.379403e+01,2.892008e-05,5.257460e-05,2982779.680,2.500000e-04,10.94,14037.13
1506,4.298487e-03,3.429991e+01,4.924575e-05,7.520772e-05,2997618.295,3.864392e-03,3.421962e+01,3.185496e-05,2.477627e-05,2995883.953,2.500000e-04,10.20,14047.36
1507,3.978315e-03,3.416468e+01,3.506745e-05,4.223447e-05,2997782.980,4.118993e-03,3.371024e+01,3.203784e-05,8.551809e-05,2979303.609,2.500000e-04,9.43,14056.79
1508,4.033842e-03,3.417179e+01,3.485097e-05,5.363071e-05,2997533.195,4.125369e-03,3.433895e+01,6.286256e-05,1.256962e-05,2998594.062,2.500000e-04,9.48,14066.27
1509,4.051293e-03,3.420122e+01,3.469052e-05,5.685311e-05,2997549.244,3.750862e-03,3.396977e+01,2.080749e-05,2.916216e-05,2991151.078,2.500000e-04,9.58,14075.85
1510,4.174433e-03,3.421743e+01,4.147346e-05,6.759107e-05,2997437.234,3.912548e-03,3.396911e+01,2.169098e-05,5.974558e-05,2995353.438,2.500000e-04,10.11,14085.96
1511,3.967480e-03,3.418801e+01,3.121684e-05,4.730207e-05,2997566.250,4.352122e-03,3.411334e+01,7.947009e-05,2.921749e-05,2987890.492,2.500000e-04,10.64,14096.61
1512,4.160079e-03,3.420184e+01,3.470875e-05,7.856166e-05,2997505.607,5.135471e-03,3.528047e+01,3.248977e-05,2.565052e-04,3042104.930,2.500000e-04,9.22,14105.83
1513,4.018538e-03,3.419398e+01,3.409296e-05,5.164211e-05,2997759.572,4.214171e-03,3.452561e+01,3.868006e-05,7.496182e-05,3018044.227,2.500000e-04,9.67,14115.52
1514,4.179712e-03,3.419360e+01,4.872863e-05,5.461310e-05,2997628.574,4.370031e-03,3.426218e+01,7.961953e-05,2.952358e-05,3004804.250,2.500000e-04,9.86,14125.38
1515,4.046203e-03,3.417300e+01,4.008237e-05,4.561599e-05,2997626.176,3.893189e-03,3.379955e+01,2.399713e-05,5.465254e-05,2986406.039,2.500000e-04,11.05,14136.44
1516,4.088092e-03,3.416154e+01,3.570915e-05,6.296919e-05,2997632.047,3.822738e-03,3.443773e+01,2.774401e-05,2.030504e-05,3009103.609,2.500000e-04,10.55,14146.99
1517,3.976228e-03,3.413942e+01,3.348915e-05,4.547882e-05,2997271.213,5.336895e-03,3.515963e+01,4.856029e-05,2.670659e-04,3045910.797,2.500000e-04,10.35,14157.34
1518,4.061868e-03,3.422580e+01,3.718831e-05,5.348086e-05,2997699.213,3.642207e-03,3.406627e+01,1.401558e-05,1.908479e-05,2998961.758,2.500000e-04,10.05,14167.39
1519,4.069054e-03,3.415546e+01,3.577842e-05,5.914475e-05,2997584.893,4.612164e-03,3.495293e+01,3.661546e-05,1.501432e-04,3033583.969,2.500000e-04,10.60,14178.00
1520,4.103973e-03,3.417597e+01,3.356225e-05,7.015072e-05,2997498.195,3.815897e-03,3.447447e+01,2.449406e-05,2.470203e-05,3000298.797,2.500000e-04,9.63,14187.63
1521,3.947253e-03,3.419786e+01,3.359082e-05,3.831164e-05,2997640.150,4.023053e-03,3.487725e+01,2.364256e-05,5.978045e-05,3020899.469,2.500000e-04,10.24,14197.86
1522,4.041043e-03,3.418994e+01,3.441895e-05,5.557186e-05,2997620.418,4.063416e-03,3.433581e+01,3.567097e-05,5.462510e-05,3012767.992,2.500000e-04,9.74,14207.62
1523,4.019574e-03,3.416948e+01,3.394822e-05,5.262875e-05,2997847.139,3.738697e-03,3.414383e+01,2.166699e-05,2.152899e-05,2998014.852,2.500000e-04,9.78,14217.41
1524,3.964325e-03,3.418584e+01,3.698721e-05,3.517385e-05,2997323.309,4.874527e-03,3.482635e+01,5.059155e-05,1.771953e-04,3034551.039,2.500000e-04,9.99,14227.40
1525,4.038460e-03,3.413029e+01,3.602809e-05,5.303003e-05,2997744.178,4.066225e-03,3.451829e+01,3.903278e-05,4.481371e-05,3002370.117,2.500000e-04,9.98,14237.38
1526,4.058832e-03,3.420585e+01,3.712564e-05,5.339809e-05,2997617.762,3.996128e-03,3.477217e+01,2.696030e-05,4.986157e-05,3014868.258,2.500000e-04,9.90,14247.29
1527,4.166606e-03,3.416554e+01,4.204116e-05,6.592813e-05,2997492.236,4.458136e-03,3.505660e+01,5.954322e-05,7.140875e-05,3013687.078,2.500000e-04,10.48,14257.77
1528,4.101407e-03,3.412938e+01,3.617286e-05,6.534801e-05,2997738.262,3.746155e-03,3.405525e+01,2.001696e-05,2.809203e-05,2990195.391,2.500000e-04,10.03,14267.81
1529,3.948332e-03,3.420750e+01,3.013828e-05,4.523987e-05,2997856.047,3.734501e-03,3.408341e+01,1.794784e-05,2.933629e-05,2994931.547,2.500000e-04,9.91,14277.72
1530,3.982970e-03,3.413941e+01,2.731144e-05,5.918291e-05,2997619.248,3.875401e-03,3.420965e+01,2.606146e-05,3.876420e-05,2989175.750,2.500000e-04,10.04,14287.77
1531,3.989132e-03,3.411579e+01,3.545094e-05,4.460881e-05,2997252.422,4.575076e-03,3.506217e+01,2.238599e-05,1.689998e-04,3037445.289,2.500000e-04,9.85,14297.63
1532,4.270734e-03,3.422265e+01,3.745887e-05,9.477600e-05,2997733.754,3.848974e-03,3.435015e+01,3.158996e-05,1.961205e-05,3006525.945,2.500000e-04,10.11,14307.74
1533,4.046806e-03,3.422463e+01,4.036366e-05,4.414124e-05,2997507.281,4.068678e-03,3.461746e+01,3.642237e-05,4.854168e-05,3017811.008,2.500000e-04,9.89,14317.63
1534,4.067693e-03,3.417064e+01,3.786693e-05,5.439207e-05,2997922.748,4.548785e-03,3.320005e+01,2.428767e-05,1.971807e-04,2963578.664,2.500000e-04,10.49,14328.13
1535,3.975854e-03,3.410644e+01,3.346232e-05,4.611740e-05,2997392.320,4.425789e-03,3.443013e+01,7.617629e-05,4.420258e-05,3009615.836,2.500000e-04,10.09,14338.22
1536,4.120925e-03,3.410095e+01,3.786513e-05,6.643572e-05,2997088.975,4.458881e-03,3.478909e+01,7.853843e-05,3.891757e-05,3010652.523,2.500000e-04,10.58,14348.81
1537,4.159076e-03,3.418881e+01,3.913588e-05,6.976732e-05,2998204.955,3.983966e-03,3.412669e+01,2.731353e-05,5.963230e-05,2984005.477,2.500000e-04,10.79,14359.60
1538,4.065882e-03,3.418788e+01,3.263776e-05,6.414338e-05,2997496.967,4.386761e-03,3.346820e+01,3.714911e-05,1.336900e-04,2970957.219,2.500000e-04,10.98,14370.59
1539,4.017169e-03,3.416358e+01,3.944150e-05,4.127918e-05,2997532.504,4.039211e-03,3.378385e+01,3.859702e-05,5.497131e-05,2981909.828,2.500000e-04,10.60,14381.20
1540,4.074108e-03,3.412295e+01,4.690189e-05,3.855899e-05,2997302.439,3.804476e-03,3.418589e+01,2.092776e-05,3.532172e-05,2987879.797,2.500000e-04,11.47,14392.67
1541,4.060296e-03,3.415312e+01,3.354580e-05,6.190522e-05,2997715.156,3.895637e-03,3.447636e+01,3.164396e-05,2.631219e-05,3005912.906,2.500000e-04,10.13,14402.81
1542,4.129394e-03,3.418538e+01,3.923785e-05,6.369566e-05,2997810.178,3.894897e-03,3.382135e+01,2.116761e-05,6.021721e-05,2984108.992,2.500000e-04,9.23,14412.03
1543,4.129991e-03,3.416481e+01,3.744028e-05,6.782143e-05,2997413.586,3.912758e-03,3.383423e+01,2.764972e-05,5.056752e-05,2986254.500,2.500000e-04,9.78,14421.82
1544,4.150499e-03,3.415386e+01,4.237594e-05,6.227077e-05,2997684.648,3.863169e-03,3.459439e+01,1.717166e-05,4.640275e-05,3015178.930,2.500000e-04,10.05,14431.87
1545,4.222089e-03,3.410405e+01,3.812026e-05,8.609637e-05,2996912.512,4.713355e-03,3.506714e+01,5.467225e-05,1.319837e-04,3031378.125,2.500000e-04,9.77,14441.66
1546,4.049430e-03,3.419459e+01,3.339546e-05,5.920324e-05,2998181.814,3.753320e-03,3.423484e+01,2.057320e-05,2.482087e-05,3006588.969,2.500000e-04,9.62,14451.29
1547,4.094208e-03,3.417640e+01,3.734802e-05,6.061766e-05,2997667.600,3.788251e-03,3.430088e+01,2.006637e-05,3.149987e-05,3005961.977,2.500000e-04,9.79,14461.08
1548,4.048176e-03,3.415550e+01,3.395303e-05,5.861912e-05,2997820.500,4.501188e-03,3.368384e+01,3.893687e-05,1.486871e-04,2967838.133,2.500000e-04,9.50,14470.58
1549,3.940101e-03,3.412581e+01,3.481470e-05,3.587447e-05,2996903.424,4.319436e-03,3.487369e+01,1.773119e-05,1.309511e-04,3027783.664,2.500000e-04,9.78,14480.37
1550,4.156024e-03,3.420303e+01,3.725388e-05,7.263649e-05,2997583.131,3.858900e-03,3.370309e+01,1.955741e-05,5.860350e-05,2988193.906,2.500000e-04,11.03,14491.40
1551,4.093736e-03,3.415436e+01,4.407552e-05,4.750904e-05,2997704.740,3.969556e-03,3.435280e+01,3.890090e-05,2.905343e-05,2998599.375,2.500000e-04,10.02,14501.42
1552,4.074094e-03,3.413638e+01,3.960252e-05,5.288629e-05,2997414.592,4.164127e-03,3.415299e+01,5.543483e-05,3.889598e-05,2990459.203,2.500000e-04,10.19,14511.62
1553,4.070126e-03,3.415919e+01,3.703305e-05,5.677532e-05,2998262.496,4.576478e-03,3.352674e+01,5.487767e-05,1.350054e-04,2972097.336,2.500000e-04,9.94,14521.57
1554,4.092201e-03,3.414317e+01,3.163786e-05,7.230104e-05,2996936.691,3.766753e-03,3.396917e+01,1.945115e-05,3.506493e-05,2993926.602,2.500000e-04,10.70,14532.28
1555,4.091315e-03,3.415825e+01,3.500892e-05,6.508009e-05,2998063.859,3.944269e-03,3.415513e+01,4.025130e-05,2.524850e-05,2997412.516,2.500000e-04,10.43,14542.71
1556,3.986236e-03,3.412852e+01,3.729305e-05,4.009069e-05,2997188.117,4.781620e-03,3.478723e+01,4.824523e-05,1.640890e-04,3032324.539,2.500000e-04,9.81,14552.53
1557,4.039619e-03,3.409148e+01,3.402489e-05,5.804442e-05,2997645.791,4.290233e-03,3.434338e+01,4.228374e-05,8.661146e-05,2994013.805,2.500000e-04,9.66,14562.19
1558,4.051107e-03,3.414202e+01,3.563956e-05,5.610208e-05,2997871.750,4.105179e-03,3.344073e+01,1.956976e-05,1.130816e-04,2970866.250,2.500000e-04,10.58,14572.78
1559,4.064243e-03,3.419865e+01,3.307652e-05,6.272270e-05,2997587.705,5.096101e-03,3.521161e+01,3.314915e-05,2.486897e-04,3042510.227,2.500000e-04,10.75,14583.54
1560,4.045795e-03,3.414456e+01,3.525652e-05,5.575488e-05,2997493.111,3.827841e-03,3.375615e+01,2.628379e-05,3.787754e-05,2986507.891,2.500000e-04,10.91,14594.46
1561,4.038555e-03,3.413466e+01,3.404897e-05,5.691984e-05,2997785.662,4.084505e-03,3.340829e+01,1.825740e-05,1.122204e-04,2973131.727,2.500000e-04,11.00,14605.46
1562,3.993182e-03,3.416129e+01,2.873326e-05,5.794409e-05,2997350.818,3.865932e-03,3.401587e+01,2.205336e-05,4.876242e-05,2998190.422,2.500000e-04,9.43,14614.92
1563,4.029009e-03,3.415781e+01,3.193210e-05,5.878138e-05,2997925.746,3.977276e-03,3.442536e+01,4.128804e-05,2.437198e-05,2998405.086,2.500000e-04,9.32,14624.24
1564,4.041594e-03,3.414196e+01,3.850975e-05,4.846004e-05,2997237.354,3.803819e-03,3.432826e+01,1.910782e-05,3.598315e-05,3007372.328,2.500000e-04,9.44,14633.69
1565,4.202312e-03,3.414859e+01,3.802833e-05,8.143402e-05,2997670.520,3.836124e-03,3.449396e+01,2.425847e-05,2.882873e-05,3007130.656,2.500000e-04,9.61,14643.29
1566,4.045344e-03,3.414106e+01,3.574235e-05,5.476282e-05,2997511.695,4.479654e-03,3.440389e+01,8.124552e-05,4.536212e-05,3009587.477,2.500000e-04,9.47,14652.77
1567,3.984446e-03,3.415101e+01,3.630939e-05,4.125018e-05,2997827.318,4.572005e-03,3.331444e+01,2.108767e-05,2.059370e-04,2966827.719,2.500000e-04,10.15,14662.92
1568,4.216184e-03,3.416792e+01,5.020848e-05,5.946142e-05,2997178.156,3.942834e-03,3.421076e+01,3.668104e-05,3.098955e-05,2994636.430,2.500000e-04,9.81,14672.74
1569,4.135364e-03,3.424963e+01,4.238339e-05,5.731348e-05,2997814.469,4.050572e-03,3.375354e+01,3.648055e-05,6.208268e-05,2986510.891,2.500000e-04,9.40,14682.15
1570,4.147410e-03,3.417286e+01,4.034715e-05,6.533048e-05,2997353.127,4.449108e-03,3.403923e+01,8.656628e-05,3.590437e-05,2989537.398,2.500000e-04,9.41,14691.57
1571,3.973416e-03,3.413086e+01,3.307646e-05,4.591323e-05,2997615.564,3.791736e-03,3.438362e+01,2.754644e-05,1.558194e-05,3001863.867,2.500000e-04,9.14,14700.72
1572,4.171651e-03,3.414562e+01,4.338854e-05,6.464085e-05,2997670.195,3.890740e-03,3.413636e+01,2.333859e-05,4.874375e-05,2990113.625,2.500000e-04,9.07,14709.79
1573,4.128652e-03,3.412015e+01,3.688008e-05,6.956737e-05,2997202.840,3.953997e-03,3.466573e+01,3.366924e-05,3.014625e-05,3007208.922,2.500000e-04,9.22,14719.02
1574,4.024690e-03,3.420540e+01,3.504299e-05,5.074393e-05,2997863.326,3.833503e-03,3.402700e+01,2.330749e-05,3.954564e-05,2995390.664,2.500000e-04,9.11,14728.13
1575,4.031292e-03,3.412743e+01,3.376537e-05,5.617909e-05,2997623.012,4.395625e-03,3.466628e+01,7.186128e-05,4.207674e-05,3016480.516,2.500000e-04,9.33,14737.47
1576,4.102843e-03,3.415142e+01,3.459774e-05,6.834464e-05,2997631.369,3.834700e-03,3.433705e+01,1.709326e-05,4.601231e-05,3015232.477,2.500000e-04,9.35,14746.83
1577,4.004006e-03,3.415285e+01,3.579421e-05,4.615574e-05,2997703.578,3.820282e-03,3.434802e+01,2.891905e-05,1.925793e-05,3004561.656,2.500000e-04,9.51,14756.35
1578,4.031485e-03,3.413015e+01,3.521860e-05,5.325682e-05,2997641.211,4.301277e-03,3.468694e+01,2.224149e-05,1.220336e-04,3028529.727,2.500000e-04,9.12,14765.47
1579,3.956068e-03,3.408033e+01,2.634827e-05,5.691037e-05,2997512.795,3.731275e-03,3.416425e+01,1.534726e-05,3.227541e-05,3005618.195,2.500000e-04,9.37,14774.84
1580,4.026595e-03,3.409937e+01,3.590432e-05,5.152303e-05,2997752.365,3.713685e-03,3.413070e+01,1.747108e-05,2.518076e-05,2993169.633,2.500000e-04,9.39,14784.24
1581,4.073089e-03,3.409717e+01,3.531513e-05,6.204417e-05,2997661.240,4.322730e-03,3.345303e+01,2.466553e-05,1.461544e-04,2967121.984,2.500000e-04,9.52,14793.75
1582,4.013480e-03,3.408430e+01,3.242547e-05,5.615908e-05,2997328.090,3.837570e-03,3.447098e+01,3.178595e-05,1.452251e-05,3006927.078,2.500000e-04,9.51,14803.27
1583,4.034012e-03,3.416293e+01,3.501424e-05,5.351530e-05,2997799.818,3.957214e-03,3.400267e+01,2.975580e-05,5.187781e-05,2989345.953,2.500000e-04,9.33,14812.60
1584,4.132825e-03,3.410984e+01,3.483720e-05,7.469376e-05,2997628.498,4.144000e-03,3.417330e+01,4.152962e-05,6.227479e-05,2987463.406,2.500000e-04,9.65,14822.25
1585,4.023157e-03,3.411588e+01,3.122930e-05,5.985519e-05,2997369.109,4.142372e-03,3.358691e+01,3.673291e-05,8.327027e-05,2977957.094,2.500000e-04,9.96,14832.21
1586,3.975224e-03,3.411670e+01,2.996012e-05,5.279045e-05,2997661.336,3.825444e-03,3.439396e+01,1.973825e-05,3.773306e-05,3001370.781,2.500000e-04,9.71,14841.92
1587,4.022543e-03,3.409346e+01,3.220361e-05,5.823214e-05,2997492.188,4.223928e-03,3.474099e+01,5.698748e-05,3.599086e-05,3006154.695,2.500000e-04,9.60,14851.53
1588,4.170498e-03,3.422444e+01,4.062590e-05,6.835889e-05,2997390.828,4.448112e-03,3.374333e+01,5.242335e-05,1.099090e-04,2973634.133,2.500000e-04,9.41,14860.94
1589,4.251350e-03,3.419280e+01,4.118810e-05,8.403794e-05,2997757.572,4.219500e-03,3.442792e+01,3.828277e-05,7.877614e-05,3013583.125,2.500000e-04,10.38,14871.33
1590,4.127937e-03,3.424421e+01,3.405189e-05,7.259943e-05,2997636.812,3.840289e-03,3.393054e+01,2.011831e-05,4.921042e-05,2982295.250,2.500000e-04,10.06,14881.40
1591,4.054285e-03,3.419344e+01,3.404957e-05,5.888906e-05,2997558.184,3.888130e-03,3.381892e+01,2.664816e-05,4.795147e-05,2983521.773,2.500000e-04,10.14,14891.55
1592,4.005513e-03,3.409140e+01,3.241660e-05,5.444149e-05,2997243.107,5.142195e-03,3.522196e+01,4.599414e-05,2.320117e-04,3041092.305,2.500000e-04,9.97,14901.52
1593,4.041636e-03,3.420332e+01,3.580889e-05,5.264305e-05,2998019.850,3.832450e-03,3.422741e+01,3.047941e-05,2.098290e-05,2998556.695,2.500000e-04,9.90,14911.45
1594,4.054477e-03,3.413161e+01,3.652745e-05,5.520838e-05,2997664.486,4.465513e-03,3.443044e+01,8.939462e-05,2.570475e-05,3005166.008,2.500000e-04,9.86,14921.31
1595,4.000199e-03,3.410058e+01,3.573841e-05,4.655146e-05,2997475.961,4.227067e-03,3.462873e+01,5.170640e-05,4.942595e-05,3010746.031,2.500000e-04,9.85,14931.16
1596,4.093891e-03,3.412122e+01,3.643955e-05,6.347479e-05,2997739.510,3.798744e-03,3.405269e+01,2.065570e-05,3.738353e-05,3000336.148,2.500000e-04,9.50,14940.67
1597,4.064406e-03,3.409268e+01,3.797400e-05,5.507956e-05,2997355.166,4.003382e-03,3.409788e+01,4.996592e-05,1.878682e-05,2995414.219,2.500000e-04,9.85,14950.52
1598,4.057503e-03,3.414236e+01,4.060417e-05,4.744517e-05,2997511.748,3.795024e-03,3.421499e+01,2.466490e-05,2.537530e-05,2993175.188,2.500000e-04,9.87,14960.40
1599,4.164073e-03,3.412807e+01,4.575367e-05,5.874587e-05,2997246.518,3.692854e-03,3.432691e+01,1.910075e-05,1.383113e-05,3003684.812,2.500000e-04,9.29,14969.69
1600,4.094092e-03,3.406524e+01,4.244175e-05,5.263005e-05,2997653.627,5.077709e-03,3.395205e+01,1.052674e-04,1.259661e-04,2977100.914,2.500000e-04,9.18,14978.88
1601,4.065295e-03,3.408141e+01,3.976606e-05,5.189872e-05,2997462.381,3.725452e-03,3.427221e+01,2.127059e-05,1.710504e-05,3000472.109,2.500000e-04,9.46,14988.34
1602,4.040173e-03,3.410782e+01,3.798972e-05,4.989887e-05,2997792.109,3.826611e-03,3.427228e+01,3.138536e-05,1.710599e-05,3003915.109,2.500000e-04,9.51,14997.86
1603,4.041554e-03,3.409369e+01,3.783060e-05,5.077584e-05,2997458.535,3.833955e-03,3.417766e+01,2.615722e-05,3.092337e-05,3006976.023,2.500000e-04,9.35,15007.20
1604,3.987690e-03,3.407963e+01,3.357447e-05,4.879647e-05,2997480.648,4.908753e-03,3.492689e+01,2.667476e-05,2.298633e-04,3040152.180,2.500000e-04,9.46,15016.67
1605,4.180552e-03,3.410836e+01,3.601733e-05,8.190839e-05,2997820.070,3.982978e-03,3.377102e+01,2.044097e-05,8.029338e-05,2979606.211,2.500000e-04,9.55,15026.22
1606,4.116302e-03,3.414757e+01,3.085478e-05,7.859937e-05,2997780.225,3.757772e-03,3.414623e+01,1.766931e-05,3.329127e-05,2991650.930,2.500000e-04,9.01,15035.24
1607,4.055948e-03,3.412920e+01,3.697134e-05,5.466281e-05,2997342.125,4.364473e-03,3.450939e+01,5.610419e-05,7.049832e-05,3015852.875,2.500000e-04,9.35,15044.59
1608,4.000830e-03,3.412493e+01,3.578329e-05,4.610085e-05,2997838.133,4.067999e-03,3.366538e+01,2.030851e-05,9.967515e-05,2971771.719,2.500000e-04,9.39,15053.99
1609,3.966400e-03,3.409363e+01,2.990280e-05,5.160188e-05,2997477.271,3.757564e-03,3.422392e+01,2.234170e-05,2.235103e-05,3001156.727,2.500000e-04,9.06,15063.05
1610,4.033533e-03,3.412267e+01,3.474254e-05,5.476808e-05,2997468.234,3.834039e-03,3.430610e+01,2.182927e-05,3.702716e-05,2989837.773,2.500000e-04,9.92,15072.98
1611,4.140821e-03,3.415617e+01,3.710594e-05,7.082890e-05,2997784.980,3.871733e-03,3.390776e+01,2.312018e-05,4.995093e-05,2984960.141,2.500000e-04,9.90,15082.88
1612,4.055582e-03,3.413934e+01,3.247783e-05,6.337393e-05,2997593.607,3.940265e-03,3.465557e+01,3.083889e-05,3.326391e-05,3008381.711,2.500000e-04,10.16,15093.04
1613,4.061685e-03,3.410991e+01,3.768175e-05,5.477536e-05,2997579.984,3.840373e-03,3.395998e+01,1.912561e-05,5.062375e-05,2987462.141,2.500000e-04,10.02,15103.07
1614,4.039303e-03,3.413655e+01,3.951653e-05,4.609668e-05,2997744.244,4.829269e-03,3.390682e+01,8.199677e-05,1.237239e-04,2971628.617,2.500000e-04,10.28,15113.35
1615,3.959746e-03,3.414899e+01,3.385705e-05,4.125519e-05,2997658.002,3.958634e-03,3.371504e+01,2.886030e-05,5.970542e-05,2982444.305,2.500000e-04,9.69,15123.04
1616,4.078495e-03,3.407496e+01,3.418585e-05,6.582805e-05,2997406.057,3.964158e-03,3.439736e+01,4.027382e-05,2.433690e-05,3002997.758,2.500000e-04,9.94,15132.98
1617,4.008093e-03,3.410913e+01,3.161022e-05,5.621558e-05,2997541.525,3.854730e-03,3.441912e+01,2.877911e-05,2.500538e-05,2996621.500,2.500000e-04,9.65,15142.64
1618,3.968057e-03,3.408334e+01,3.183642e-05,4.827173e-05,2997656.008,3.966224e-03,3.413769e+01,3.467084e-05,4.114943e-05,2999405.078,2.500000e-04,9.63,15152.27
1619,4.164517e-03,3.403389e+01,4.575220e-05,6.072120e-05,2997223.379,4.239208e-03,3.464349e+01,3.231231e-05,9.034725e-05,3024673.508,2.500000e-04,9.67,15161.94
1620,4.048895e-03,3.408047e+01,3.757567e-05,5.301838e-05,2998022.447,3.711719e-03,3.411550e+01,2.248152e-05,1.507071e-05,2996323.531,2.500000e-04,10.17,15172.12
1621,3.996720e-03,3.411720e+01,3.430148e-05,4.839703e-05,2997352.426,3.734840e-03,3.426042e+01,1.379596e-05,3.416769e-05,3009219.672,2.500000e-04,9.61,15181.73
1622,4.122561e-03,3.415724e+01,3.370315e-05,7.396109e-05,2997905.436,3.877118e-03,3.386045e+01,2.177301e-05,5.466876e-05,2982330.266,2.500000e-04,9.85,15191.59
1623,3.931245e-03,3.404752e+01,3.066641e-05,4.396588e-05,2997492.033,4.027304e-03,3.413342e+01,2.422282e-05,7.434687e-05,3003118.883,2.500000e-04,9.47,15201.06
1624,3.970793e-03,3.409083e+01,3.395131e-05,4.443942e-05,2997950.039,3.849784e-03,3.372418e+01,2.568407e-05,4.410510e-05,2982673.250,2.500000e-04,8.99,15210.05
1625,3.977914e-03,3.403447e+01,3.498173e-05,4.493012e-05,2997305.518,3.854945e-03,3.423631e+01,2.360714e-05,3.904844e-05,3003540.836,2.500000e-04,8.77,15218.82
1626,4.063762e-03,3.411492e+01,3.547484e-05,5.950439e-05,2997690.584,4.169606e-03,3.427028e+01,2.454071e-05,9.943435e-05,3014002.141,2.500000e-04,9.16,15228.00
1627,4.068367e-03,3.408831e+01,3.582419e-05,6.025889e-05,2997582.791,5.174825e-03,3.307714e+01,5.149692e-05,2.704285e-04,2952298.648,2.500000e-04,9.18,15237.18
1628,3.984008e-03,3.407040e+01,2.821309e-05,5.896736e-05,2997795.229,5.822427e-03,3.329414e+01,5.551182e-05,3.875790e-04,2944112.703,2.500000e-04,9.75,15246.93
1629,4.064868e-03,3.408685e+01,3.587655e-05,5.948339e-05,2997090.162,4.050203e-03,3.400488e+01,3.386601e-05,6.221104e-05,2985967.961,2.500000e-04,9.21,15256.14
1630,4.032404e-03,3.409792e+01,3.536759e-05,5.378726e-05,2997789.135,4.133971e-03,3.367504e+01,3.211363e-05,8.906617e-05,2974909.008,2.500000e-04,9.12,15265.26
1631,4.038813e-03,3.404717e+01,3.234874e-05,6.212160e-05,2997327.062,3.909138e-03,3.404875e+01,2.895934e-05,4.293387e-05,2989599.281,2.500000e-04,9.21,15274.47
1632,3.943764e-03,3.410879e+01,2.864482e-05,4.928753e-05,2998064.766,3.942379e-03,3.388772e+01,2.621269e-05,5.829623e-05,2984769.570,2.500000e-04,8.96,15283.44
1633,4.138255e-03,3.410696e+01,3.278364e-05,7.994458e-05,2997270.734,4.241545e-03,3.484248e+01,3.748528e-05,7.648885e-05,3021520.945,2.500000e-04,9.05,15292.49
1634,4.047446e-03,3.417818e+01,3.740756e-05,5.111053e-05,2997828.262,3.733543e-03,3.414245e+01,2.018335e-05,2.349309e-05,3001129.109,2.500000e-04,9.03,15301.53
1635,3.996294e-03,3.408347e+01,2.931248e-05,5.896439e-05,2997438.455,3.875962e-03,3.451350e+01,2.854862e-05,2.782508e-05,3010453.469,2.500000e-04,10.54,15312.07
1636,4.112569e-03,3.407113e+01,4.618995e-05,4.871125e-05,2997571.039,3.894513e-03,3.424528e+01,3.542536e-05,2.314617e-05,2995329.727,2.500000e-04,9.42,15321.49
1637,3.958506e-03,3.406169e+01,3.010549e-05,5.025636e-05,2997739.727,3.865924e-03,3.444267e+01,2.320229e-05,3.792687e-05,2997155.531,2.500000e-04,9.69,15331.18
1638,4.084201e-03,3.410014e+01,3.725285e-05,6.033166e-05,2997458.510,4.043439e-03,3.360835e+01,3.568988e-05,6.514107e-05,2982862.562,2.500000e-04,9.03,15340.21
1639,4.029654e-03,3.405669e+01,3.066553e-05,6.346612e-05,2997659.340,3.861485e-03,3.388572e+01,3.196329e-05,3.065602e-05,2988018.000,2.500000e-04,9.37,15349.58
1640,3.975662e-03,3.406814e+01,3.198053e-05,4.980858e-05,2997648.832,3.827324e-03,3.442583e+01,1.745312e-05,4.204210e-05,3013286.086,2.500000e-04,9.67,15359.26
1641,3.966985e-03,3.408203e+01,2.949701e-05,5.276243e-05,2997505.148,4.332925e-03,3.452259e+01,7.471369e-05,2.670570e-05,3008789.094,2.500000e-04,9.66,15368.92
1642,4.085940e-03,3.406465e+01,3.960355e-05,5.668795e-05,2997758.449,3.973819e-03,3.430488e+01,3.015715e-05,4.835195e-05,3004698.711,2.500000e-04,9.38,15378.31
1643,3.957150e-03,3.405874e+01,3.224555e-05,4.576406e-05,2997559.498,3.932275e-03,3.437257e+01,2.895676e-05,4.109019e-05,3004232.727,2.500000e-04,9.46,15387.77
1644,4.157292e-03,3.412286e+01,4.456700e-05,5.986716e-05,2997263.371,4.300983e-03,3.411016e+01,7.095773e-05,3.607796e-05,2993214.805,2.500000e-04,9.36,15397.13
1645,3.953118e-03,3.410107e+01,3.336192e-05,4.187850e-05,2997699.422,3.683634e-03,3.412839e+01,2.150400e-05,1.115100e-05,2999328.953,2.500000e-04,9.97,15407.10
1646,3.961468e-03,3.405401e+01,3.599611e-05,3.922112e-05,2997646.375,3.809466e-03,3.387098e+01,2.647998e-05,3.151356e-05,2988113.461,2.500000e-04,9.85,15416.96
1647,4.019082e-03,3.408135e+01,3.456216e-05,5.306504e-05,2997643.688,3.866762e-03,3.437548e+01,2.427541e-05,3.729204e-05,3009250.234,2.500000e-04,9.61,15426.57
1648,4.119259e-03,3.413100e+01,3.604381e-05,6.914423e-05,2997623.857,4.539247e-03,3.423539e+01,9.342671e-05,3.628826e-05,2988798.305,2.500000e-04,9.80,15436.36
1649,4.061868e-03,3.412685e+01,4.003127e-05,4.977407e-05,2997718.492,4.135263e-03,3.351385e+01,2.881064e-05,9.915430e-05,2985112.570,2.500000e-04,9.66,15446.03
1650,3.953960e-03,3.405635e+01,3.351192e-05,4.264118e-05,2997548.584,3.743360e-03,3.409753e+01,2.629948e-05,1.412254e-05,2994378.648,2.500000e-04,9.62,15455.66
1651,4.038615e-03,3.411418e+01,3.769725e-05,5.004497e-05,2997665.123,4.136491e-03,3.366988e+01,2.001598e-05,1.138686e-04,2972902.891,2.500000e-04,9.42,15465.08
1652,4.039249e-03,3.405964e+01,3.918366e-05,4.828959e-05,2997491.086,3.730438e-03,3.421076e+01,2.212638e-05,1.761964e-05,2996696.367,2.500000e-04,9.69,15474.79
1653,4.093875e-03,3.406944e+01,3.282585e-05,7.173452e-05,2997455.061,4.071434e-03,3.405153e+01,5.986739e-05,1.352137e-05,2995505.172,2.500000e-04,9.62,15484.41
1654,3.992295e-03,3.407695e+01,3.268663e-05,5.154674e-05,2997568.959,4.519150e-03,3.370512e+01,6.816519e-05,9.339727e-05,2975081.812,2.500000e-04,9.43,15493.85
1655,4.106565e-03,3.409330e+01,3.893741e-05,6.157221e-05,2997728.479,3.856098e-03,3.442613e+01,2.461379e-05,3.346933e-05,2996354.617,2.500000e-04,9.36,15503.21
1656,4.046203e-03,3.413484e+01,3.342175e-05,5.970026e-05,2997770.094,4.396667e-03,3.355606e+01,5.119968e-05,1.058128e-04,2972368.281,2.500000e-04,9.34,15512.55
1657,4.143770e-03,3.402893e+01,4.102999e-05,6.611544e-05,2997215.113,4.792519e-03,3.480128e+01,1.081931e-04,4.609188e-05,3015237.930,2.500000e-04,9.73,15522.28
1658,4.006044e-03,3.406361e+01,3.554138e-05,4.885389e-05,2997807.127,4.309873e-03,3.463668e+01,6.699038e-05,3.526034e-05,3012837.727,2.500000e-04,9.78,15532.07
1659,4.092111e-03,3.404747e+01,3.819013e-05,6.109254e-05,2997434.162,3.761755e-03,3.431174e+01,2.766190e-05,1.079230e-05,2998635.289,2.500000e-04,9.40,15541.47
1660,3.983250e-03,3.404386e+01,3.358429e-05,4.860417e-05,2997795.770,3.763010e-03,3.389957e+01,2.502262e-05,2.456539e-05,2990083.578,2.500000e-04,9.49,15550.98
1661,4.112173e-03,3.407801e+01,4.060935e-05,5.965568e-05,2997596.070,3.843954e-03,3.393400e+01,3.303656e-05,2.403757e-05,2992986.734,2.500000e-04,9.28,15560.26
1662,4.096393e-03,3.405171e+01,3.756152e-05,6.312150e-05,2997648.430,3.842340e-03,3.394135e+01,3.089577e-05,2.784929e-05,2988796.305,2.500000e-04,9.12,15569.38
1663,4.079084e-03,3.406685e+01,3.061619e-05,7.324753e-05,2997528.734,3.695061e-03,3.422191e+01,1.656273e-05,2.144855e-05,2999756.938,2.500000e-04,9.49,15578.88
1664,4.093120e-03,3.407174e+01,3.507294e-05,6.704336e-05,2997677.445,3.912189e-03,3.399617e+01,2.671874e-05,4.907703e-05,2995378.102,2.500000e-04,9.87,15588.75
1665,3.993544e-03,3.410480e+01,3.031290e-05,5.598706e-05,2997285.926,4.062987e-03,3.481161e+01,3.099147e-05,5.438228e-05,3015484.508,2.500000e-04,9.24,15597.99
1666,4.180667e-03,3.410376e+01,4.268105e-05,6.869603e-05,2997898.549,3.977578e-03,3.449658e+01,3.882536e-05,2.793330e-05,2998393.445,2.500000e-04,8.94,15606.93
1667,3.914333e-03,3.408897e+01,3.050656e-05,4.007392e-05,2997691.564,3.774491e-03,3.406678e+01,2.452369e-05,2.451526e-05,2992663.836,2.500000e-04,9.29,15616.23
1668,3.996531e-03,3.404566e+01,3.702502e-05,4.434290e-05,2997258.445,3.849514e-03,3.425429e+01,2.146466e-05,4.188765e-05,3010570.055,2.500000e-04,9.14,15625.37
1669,3.976206e-03,3.408253e+01,3.444029e-05,4.471006e-05,2997786.650,4.126603e-03,3.445714e+01,2.574814e-05,8.468166e-05,3022784.281,2.500000e-04,9.02,15634.39
1670,3.980662e-03,3.406377e+01,3.290372e-05,4.904959e-05,2997801.326,3.693958e-03,3.425261e+01,1.474555e-05,2.424833e-05,3006182.969,2.500000e-04,9.22,15643.61
1671,4.075401e-03,3.405684e+01,3.301406e-05,6.791535e-05,2997470.697,3.730969e-03,3.433763e+01,2.195333e-05,1.553449e-05,3007282.453,2.500000e-04,9.17,15652.79
1672,4.013009e-03,3.410381e+01,3.826097e-05,4.400373e-05,2997654.266,3.840987e-03,3.398681e+01,2.072142e-05,4.701829e-05,3002182.039,2.500000e-04,9.75,15662.54
1673,4.134004e-03,3.404153e+01,3.832499e-05,6.932020e-05,2997767.088,4.080582e-03,3.353293e+01,3.163018e-05,8.219759e-05,2976414.641,2.500000e-04,9.42,15671.96
1674,3.961849e-03,3.403563e+01,3.035457e-05,5.094809e-05,2997418.352,4.026821e-03,3.453234e+01,3.858937e-05,3.753886e-05,3010223.945,2.500000e-04,9.54,15681.50
1675,4.139300e-03,3.404249e+01,4.406659e-05,5.887701e-05,2997403.740,5.832831e-03,3.537678e+01,6.561258e-05,3.278053e-04,3045178.336,2.500000e-04,9.59,15691.09
1676,4.075565e-03,3.404101e+01,3.446610e-05,6.536062e-05,2997781.232,3.918405e-03,3.468043e+01,1.648264e-05,5.710717e-05,3010240.625,2.500000e-04,9.75,15700.83
1677,4.135856e-03,3.411282e+01,4.093610e-05,6.304270e-05,2997624.322,3.988590e-03,3.426692e+01,2.765245e-05,5.707472e-05,2997274.242,2.500000e-04,9.82,15710.65
1678,4.141282e-03,3.410649e+01,3.596883e-05,7.418890e-05,2997776.787,3.788069e-03,3.389526e+01,2.608741e-05,2.753378e-05,2990805.320,2.500000e-04,9.46,15720.12
1679,4.149822e-03,3.409840e+01,4.062918e-05,6.673820e-05,2997175.498,3.860076e-03,3.390055e+01,2.905027e-05,3.590372e-05,2985365.289,2.500000e-04,9.92,15730.04
1680,3.952640e-03,3.409514e+01,2.987636e-05,4.887244e-05,2997841.578,3.676567e-03,3.403477e+01,1.766998e-05,1.927806e-05,2991519.570,2.500000e-04,9.88,15739.94
1681,3.974899e-03,3.408118e+01,2.900651e-05,5.534324e-05,2997475.525,4.018144e-03,3.430026e+01,3.157533e-05,5.447291e-05,2998886.320,2.500000e-04,9.81,15749.75
1682,4.158590e-03,3.409865e+01,3.856823e-05,7.260846e-05,2997906.039,4.725544e-03,3.339758e+01,3.615132e-05,2.048547e-04,2962549.383,2.500000e-04,9.82,15759.58
1683,4.032646e-03,3.409886e+01,3.853760e-05,4.747692e-05,2997472.965,3.951680e-03,3.347456e+01,1.990869e-05,8.102758e-05,2988920.625,2.500000e-04,9.57,15769.14
1684,4.055011e-03,3.405057e+01,4.048363e-05,4.902365e-05,2997697.846,3.750316e-03,3.414504e+01,2.642436e-05,1.431368e-05,2998453.398,2.500000e-04,9.86,15779.01
1685,3.998414e-03,3.404686e+01,3.268548e-05,5.337459e-05,2997423.586,4.383932e-03,3.354081e+01,6.879178e-05,6.838669e-05,2980367.219,2.500000e-04,9.35,15788.36
1686,4.074236e-03,3.405327e+01,3.812134e-05,5.753905e-05,2997547.881,4.104862e-03,3.385958e+01,5.058966e-05,4.260157e-05,2988863.305,2.500000e-04,9.27,15797.63
1687,4.027725e-03,3.406536e+01,3.029013e-05,6.365770e-05,2997830.449,4.166296e-03,3.365825e+01,5.179844e-05,5.649736e-05,2982103.977,2.500000e-04,9.28,15806.91
1688,3.998481e-03,3.404635e+01,3.505107e-05,4.866715e-05,2997263.209,3.719716e-03,3.395640e+01,2.129955e-05,2.221603e-05,2998161.852,2.500000e-04,9.57,15816.48
1689,4.019003e-03,3.411098e+01,3.112252e-05,5.933591e-05,2998046.127,4.195609e-03,3.378413e+01,4.492050e-05,7.359832e-05,2989165.109,2.500000e-04,9.65,15826.14
1690,3.938072e-03,3.404202e+01,2.950437e-05,4.776530e-05,2997262.648,3.720456e-03,3.426106e+01,1.813560e-05,2.259883e-05,3008462.062,2.500000e-04,9.74,15835.88
1691,4.056673e-03,3.408249e+01,3.650218e-05,5.668037e-05,2997918.654,3.775694e-03,3.382798e+01,1.599044e-05,4.659841e-05,2992573.922,2.500000e-04,10.25,15846.13
1692,4.085374e-03,3.407981e+01,3.748789e-05,6.050297e-05,2996980.885,4.603204e-03,3.435573e+01,9.503064e-05,4.346492e-05,2994516.070,2.500000e-04,9.59,15855.72
1693,4.158045e-03,3.413365e+01,4.174931e-05,6.543726e-05,2997776.541,3.788814e-03,3.422598e+01,2.799210e-05,1.725901e-05,2994796.094,2.500000e-04,9.95,15865.67
1694,4.019962e-03,3.410150e+01,3.401290e-05,5.393663e-05,2997581.604,3.785596e-03,3.383609e+01,1.794507e-05,4.450731e-05,2982774.547,2.500000e-04,9.51,15875.19
1695,4.051303e-03,3.404587e+01,3.412999e-05,6.108331e-05,2997303.740,3.773883e-03,3.416073e+01,2.500911e-05,2.154384e-05,2992845.445,2.500000e-04,10.08,15885.27
1696,4.008996e-03,3.408808e+01,3.018641e-05,5.966475e-05,2997929.791,3.953496e-03,3.397125e+01,4.446388e-05,2.234631e-05,2992169.719,2.500000e-04,10.74,15896.01
1697,3.985555e-03,3.408432e+01,3.736120e-05,4.070215e-05,2997392.512,3.815436e-03,3.416807e+01,3.152542e-05,1.667495e-05,2996378.930,2.500000e-04,10.62,15906.63
1698,3.909328e-03,3.409478e+01,2.862560e-05,4.271884e-05,2998163.785,4.119248e-03,3.423075e+01,5.889954e-05,2.143555e-05,2994266.680,2.500000e-04,10.41,15917.04
1699,4.020960e-03,3.409757e+01,3.235601e-05,5.752872e-05,2997326.910,3.888930e-03,3.407107e+01,3.850397e-05,1.935650e-05,2995711.789,2.500000e-04,9.99,15927.04
1700,4.165918e-03,3.411627e+01,3.703142e-05,7.679543e-05,2997531.957,3.833194e-03,3.441855e+01,2.774260e-05,2.278263e-05,3008135.492,2.500000e-04,10.93,15937.97
1701,3.962040e-03,3.409150e+01,3.516417e-05,4.024960e-05,2997828.598,3.950539e-03,3.383880e+01,2.955527e-05,5.422121e-05,2984836.906,2.500000e-04,11.04,15949.02
1702,3.984186e-03,3.407701e+01,3.228351e-05,5.072984e-05,2997331.977,4.257715e-03,3.449484e+01,3.376708e-05,9.411215e-05,3023252.758,2.500000e-04,10.26,15959.29
1703,4.013943e-03,3.404714e+01,3.574769e-05,5.035053e-05,2997613.764,4.206079e-03,3.496133e+01,2.716383e-05,8.766145e-05,3023202.289,2.500000e-04,10.50,15969.80
1704,4.046542e-03,3.410300e+01,3.774044e-05,5.176742e-05,2997415.717,5.523336e-03,3.534728e+01,4.729452e-05,3.031326e-04,3049462.883,2.500000e-04,10.11,15979.91
1705,4.157677e-03,3.412195e+01,4.118317e-05,6.673004e-05,2997941.965,3.736125e-03,3.420411e+01,2.222101e-05,1.870090e-05,3006176.688,2.500000e-04,9.96,15989.88
1706,3.879007e-03,3.405151e+01,2.769509e-05,3.938101e-05,2997479.381,3.882209e-03,3.431736e+01,3.245982e-05,2.517489e-05,3009488.297,2.500000e-04,10.56,16000.44
1707,4.049686e-03,3.405101e+01,3.181840e-05,6.528016e-05,2997767.451,3.610332e-03,3.397376e+01,1.329917e-05,1.599289e-05,2996981.797,2.500000e-04,9.69,16010.13
1708,4.060560e-03,3.402985e+01,3.421438e-05,6.308620e-05,2997237.766,4.332683e-03,3.429349e+01,5.787799e-05,6.491075e-05,3010543.297,2.500000e-04,9.76,16019.90
1709,4.238911e-03,3.409607e+01,3.566430e-05,9.453205e-05,2997847.473,3.836219e-03,3.423669e+01,1.462332e-05,5.326338e-05,3007405.945,2.500000e-04,9.81,16029.71
1710,4.008200e-03,3.406515e+01,3.402425e-05,5.228849e-05,2997647.502,3.905214e-03,3.435975e+01,3.839644e-05,1.705495e-05,3000907.789,2.500000e-04,10.09,16039.80
1711,3.977457e-03,3.404139e+01,3.473605e-05,4.519145e-05,2997359.924,4.554468e-03,3.432143e+01,3.895386e-05,1.465573e-04,3025476.039,2.500000e-04,10.51,16050.31
1712,4.110765e-03,3.411714e+01,3.608286e-05,6.764454e-05,2997762.799,3.836754e-03,3.407945e+01,1.931813e-05,4.712559e-05,3005253.383,2.500000e-04,10.97,16061.29
1713,4.141954e-03,3.405203e+01,3.856079e-05,7.022864e-05,2997706.980,3.843472e-03,3.430053e+01,2.901978e-05,2.464426e-05,3003529.945,2.500000e-04,9.98,16071.27
1714,4.183555e-03,3.416318e+01,3.998061e-05,7.348611e-05,2997351.721,3.885832e-03,3.445803e+01,3.134632e-05,2.531305e-05,3003039.930,2.500000e-04,10.76,16082.03
1715,3.920752e-03,3.405632e+01,3.544938e-05,3.212536e-05,2997525.143,3.729293e-03,3.420373e+01,2.002630e-05,2.173130e-05,3006963.148,2.500000e-04,9.59,16091.62
1716,4.017904e-03,3.407225e+01,3.776329e-05,4.660918e-05,2997859.406,3.988695e-03,3.451828e+01,3.594843e-05,3.547649e-05,3005791.367,2.500000e-04,9.44,16101.06
1717,4.081684e-03,3.407356e+01,3.386752e-05,6.713067e-05,2997720.383,4.083262e-03,3.392413e+01,4.500867e-05,4.815248e-05,2984646.867,2.500000e-04,10.85,16111.92
1718,4.041838e-03,3.403583e+01,3.257884e-05,6.249338e-05,2997728.955,4.495207e-03,3.355536e+01,3.799649e-05,1.519412e-04,2968082.086,2.500000e-04,10.86,16122.79
1719,4.153123e-03,3.406154e+01,3.539557e-05,7.860272e-05,2997010.182,4.220456e-03,3.461121e+01,1.988951e-05,1.120880e-04,3026238.930,2.500000e-04,10.73,16133.53
1720,4.050479e-03,3.402183e+01,3.129884e-05,6.706147e-05,2997951.072,3.754483e-03,3.398504e+01,2.180326e-05,2.758926e-05,2990839.992,2.500000e-04,10.02,16143.55
1721,3.915409e-03,3.404153e+01,2.909082e-05,4.406956e-05,2997619.213,3.709283e-03,3.431890e+01,1.835136e-05,1.877585e-05,3002134.273,2.500000e-04,10.07,16153.61
1722,4.169541e-03,3.407007e+01,3.597619e-05,8.055440e-05,2997826.379,3.970467e-03,3.428521e+01,4.413478e-05,2.011978e-05,3003746.852,2.500000e-04,10.03,16163.65
1723,4.024663e-03,3.407552e+01,2.909268e-05,6.523669e-05,2997496.086,4.000628e-03,3.406466e+01,3.209577e-05,5.464076e-05,3002491.359,2.500000e-04,10.33,16173.97
1724,4.030264e-03,3.405616e+01,3.315857e-05,5.861250e-05,2997436.227,3.968226e-03,3.376149e+01,2.672699e-05,6.496144e-05,2980550.492,2.500000e-04,9.84,16183.81
1725,4.031002e-03,3.408862e+01,3.403249e-05,5.636314e-05,2997609.982,3.727418e-03,3.401621e+01,1.956503e-05,2.602930e-05,3003944.539,2.500000e-04,9.72,16193.53
1726,4.065844e-03,3.410528e+01,4.290925e-05,4.524480e-05,2997967.684,4.167795e-03,3.329247e+01,3.187611e-05,1.039574e-04,2972632.820,2.500000e-04,10.29,16203.82
1727,4.006754e-03,3.402479e+01,3.632626e-05,4.820260e-05,2997357.900,3.966142e-03,3.348954e+01,1.655873e-05,9.032013e-05,2976794.992,2.500000e-04,9.52,16213.34
1728,4.076269e-03,3.403555e+01,3.985006e-05,5.484270e-05,2997149.922,4.063059e-03,3.463834e+01,3.009477e-05,5.965545e-05,3016263.414,2.500000e-04,10.23,16223.58
1729,3.961723e-03,3.403758e+01,3.199007e-05,4.761300e-05,2998054.885,3.847450e-03,3.435610e+01,2.733751e-05,2.769297e-05,3003854.945,2.500000e-04,9.65,16233.23
1730,4.056566e-03,3.407088e+01,3.797782e-05,5.394016e-05,2997667.209,4.503992e-03,3.341539e+01,2.935605e-05,1.737786e-04,2965003.117,2.500000e-04,9.92,16243.15
1731,4.025118e-03,3.401637e+01,3.814123e-05,4.841391e-05,2997451.648,3.859523e-03,3.449612e+01,2.727232e-05,2.743743e-05,3010811.438,2.500000e-04,10.52,16253.67
1732,3.969632e-03,3.403609e+01,3.396520e-05,4.527419e-05,2997734.617,4.144561e-03,3.346964e+01,4.068687e-05,7.814560e-05,2976243.391,2.500000e-04,9.83,16263.50
1733,4.001130e-03,3.403214e+01,3.068383e-05,5.821553e-05,2997462.061,4.092975e-03,3.368930e+01,2.306668e-05,9.867567e-05,2979562.906,2.500000e-04,9.48,16272.99
1734,4.101073e-03,3.404172e+01,4.049069e-05,5.839868e-05,2997760.535,3.811258e-03,3.376468e+01,2.123477e-05,4.448852e-05,2986059.844,2.500000e-04,9.91,16282.90
1735,4.103087e-03,3.408762e+01,3.673454e-05,6.539585e-05,2997490.213,4.011926e-03,3.361069e+01,1.995675e-05,9.025787e-05,2978109.594,2.500000e-04,10.34,16293.25
1736,4.036868e-03,3.402079e+01,3.783964e-05,5.127854e-05,2997504.348,3.875009e-03,3.398875e+01,2.265502e-05,4.991689e-05,3004118.430,2.500000e-04,9.19,16302.44
1737,4.047257e-03,3.404432e+01,3.770555e-05,5.315394e-05,2997594.543,4.186532e-03,3.470040e+01,2.774354e-05,8.781125e-05,3023617.836,2.500000e-04,9.73,16312.18
1738,3.998017e-03,3.401964e+01,3.276273e-05,5.368506e-05,2997737.195,3.875165e-03,3.430467e+01,2.813215e-05,3.267534e-05,2995222.688,2.500000e-04,9.91,16322.09
1739,4.047143e-03,3.406118e+01,3.621824e-05,5.576847e-05,2997760.539,3.615901e-03,3.405548e+01,1.543479e-05,1.120098e-05,3001368.281,2.500000e-04,9.52,16331.61
1740,4.074029e-03,3.402498e+01,3.203022e-05,7.024587e-05,2997390.857,4.354158e-03,3.443203e+01,3.839480e-05,1.054013e-04,3016886.906,2.500000e-04,9.94,16341.55
1741,3.995113e-03,3.401268e+01,3.225769e-05,5.425350e-05,2997948.479,4.652498e-03,3.342208e+01,2.050835e-05,2.210413e-04,2964419.836,2.500000e-04,9.66,16351.21
1742,4.080161e-03,3.404002e+01,3.162445e-05,7.198279e-05,2997281.053,3.869674e-03,3.412039e+01,3.300078e-05,2.552545e-05,3006765.125,2.500000e-04,9.96,16361.17
1743,4.008303e-03,3.403512e+01,3.250290e-05,5.595243e-05,2997849.736,4.246713e-03,3.477090e+01,2.544631e-05,1.030320e-04,3021004.727,2.500000e-04,10.54,16371.71
1744,4.037255e-03,3.398480e+01,3.545028e-05,5.685445e-05,2997165.574,4.365144e-03,3.476230e+01,5.026390e-05,7.725485e-05,3022409.414,2.500000e-04,9.65,16381.37
1745,3.991757e-03,3.403981e+01,3.062781e-05,5.629963e-05,2997964.279,4.057456e-03,3.354912e+01,1.801381e-05,1.044813e-04,2977691.602,2.500000e-04,10.73,16392.10
1746,4.205669e-03,3.400575e+01,3.398535e-05,9.304796e-05,2997594.992,4.224399e-03,3.442234e+01,5.890659e-05,3.861982e-05,3012067.625,2.500000e-04,10.30,16402.41
1747,3.970595e-03,3.404600e+01,2.566496e-05,6.186904e-05,2997153.854,3.984374e-03,3.475998e+01,2.223050e-05,5.721416e-05,3016523.578,2.500000e-04,9.82,16412.23
1748,4.239571e-03,3.405696e+01,4.156431e-05,8.364632e-05,2997613.609,3.980624e-03,3.400057e+01,4.645493e-05,2.320353e-05,2998017.102,2.500000e-04,9.96,16422.20
1749,4.065379e-03,3.405887e+01,3.367779e-05,6.454286e-05,2997427.570,4.582410e-03,3.458390e+01,3.983482e-05,1.451344e-04,3030143.453,2.500000e-04,9.82,16432.04
1750,4.068680e-03,3.401662e+01,3.969177e-05,5.402004e-05,2997738.898,3.705900e-03,3.377789e+01,1.801239e-05,2.959744e-05,2991112.789,2.500000e-04,9.93,16441.98
1751,4.147408e-03,3.409707e+01,3.880444e-05,6.993127e-05,2997478.660,3.885900e-03,3.417288e+01,3.151826e-05,3.068577e-05,3000323.312,2.500000e-04,9.51,16451.48
1752,3.967979e-03,3.400338e+01,3.314448e-05,4.723932e-05,2997806.867,4.505779e-03,3.388878e+01,9.045017e-05,4.247986e-05,2986216.188,2.500000e-04,9.63,16461.12
1753,4.043198e-03,3.399429e+01,3.427313e-05,6.020748e-05,2997334.830,3.977411e-03,3.454793e+01,1.739927e-05,6.972507e-05,3022421.172,2.500000e-04,9.70,16470.81
1754,4.004602e-03,3.408917e+01,3.815465e-05,4.282771e-05,2997898.064,3.782288e-03,3.385769e+01,2.299337e-05,3.331722e-05,2989370.766,2.500000e-04,9.87,16480.69
1755,4.145937e-03,3.405378e+01,3.871948e-05,7.067284e-05,2997255.482,4.397551e-03,3.481331e+01,3.054941e-05,1.221453e-04,3030443.867,2.500000e-04,10.17,16490.86
1756,4.015545e-03,3.403074e+01,3.217778e-05,5.813880e-05,2998063.572,3.828177e-03,3.424383e+01,2.057797e-05,3.960299e-05,3010724.391,2.500000e-04,10.42,16501.29
1757,3.964503e-03,3.397812e+01,3.184978e-05,4.963866e-05,2996928.918,5.863812e-03,3.469027e+01,1.140589e-04,2.508393e-04,3038548.094,2.500000e-04,10.58,16511.88
1758,4.185164e-03,3.405691e+01,4.006216e-05,7.577032e-05,2998025.633,3.844696e-03,3.428023e+01,3.032784e-05,2.267892e-05,3001536.109,2.500000e-04,10.15,16522.03
1759,4.003820e-03,3.404305e+01,3.034018e-05,5.922257e-05,2997727.484,4.264728e-03,3.367812e+01,4.947117e-05,8.044086e-05,2978341.000,2.500000e-04,10.39,16532.42
1760,3.985247e-03,3.403758e+01,3.570842e-05,4.488095e-05,2997534.648,3.867231e-03,3.450091e+01,2.555038e-05,3.232726e-05,3009840.117,2.500000e-04,10.57,16542.99
1761,3.941918e-03,3.401132e+01,3.002265e-05,4.811188e-05,2997771.740,3.829436e-03,3.396674e+01,2.728514e-05,3.198202e-05,2999060.422,2.500000e-04,10.55,16553.55
1762,4.115263e-03,3.401642e+01,3.771946e-05,6.728545e-05,2997222.406,3.919435e-03,3.392490e+01,3.625623e-05,3.287653e-05,2991098.633,2.500000e-04,10.83,16564.38
1763,3.957785e-03,3.402985e+01,3.331573e-05,4.432860e-05,2997857.842,3.830717e-03,3.412539e+01,1.864806e-05,4.633938e-05,3007305.422,2.500000e-04,9.79,16574.17
1764,3.985061e-03,3.399038e+01,3.124220e-05,5.472011e-05,2997808.785,3.963183e-03,3.374174e+01,2.973056e-05,5.834086e-05,2978957.367,2.500000e-04,10.18,16584.36
1765,3.984050e-03,3.395572e+01,3.343880e-05,5.081798e-05,2997382.268,4.054277e-03,3.406655e+01,2.549208e-05,7.854020e-05,2982663.938,2.500000e-04,10.18,16594.54
1766,4.043128e-03,3.403722e+01,3.607984e-05,5.572138e-05,2998066.684,4.254447e-03,3.383194e+01,3.828147e-05,9.768770e-05,3009573.367,2.500000e-04,10.32,16604.86
1767,3.968760e-03,3.397906e+01,2.980406e-05,5.456270e-05,2997196.141,4.061083e-03,3.415923e+01,5.514574e-05,1.874053e-05,2996556.000,2.500000e-04,10.67,16615.53
1768,4.072922e-03,3.407710e+01,3.463382e-05,6.377477e-05,2997536.824,4.183104e-03,3.435951e+01,2.115092e-05,1.071289e-04,3018711.039,2.500000e-04,10.43,16625.97
1769,4.154180e-03,3.401424e+01,4.323722e-05,6.407689e-05,2997751.465,3.960036e-03,3.439629e+01,2.640757e-05,5.126632e-05,2997231.578,2.500000e-04,10.38,16636.35
1770,4.030436e-03,3.401921e+01,3.820937e-05,4.928424e-05,2997499.559,3.644725e-03,3.419850e+01,1.642827e-05,1.211847e-05,3001445.492,2.500000e-04,10.63,16646.99
1771,4.105073e-03,3.405841e+01,3.473551e-05,7.037549e-05,2997584.092,3.844093e-03,3.377726e+01,3.229412e-05,2.868520e-05,2993198.117,2.500000e-04,10.46,16657.45
1772,4.103517e-03,3.405576e+01,3.280901e-05,7.397029e-05,2997888.367,4.012796e-03,3.356641e+01,1.973691e-05,9.175699e-05,2983716.219,2.500000e-04,10.74,16668.19
1773,3.957792e-03,3.406256e+01,2.973009e-05,5.084694e-05,2997468.975,3.618585e-03,3.399669e+01,1.456893e-05,1.464534e-05,2995042.617,2.500000e-04,11.13,16679.32
1774,4.058130e-03,3.405613e+01,3.539130e-05,5.972085e-05,2997869.857,3.780562e-03,3.424122e+01,1.518063e-05,4.092686e-05,2993208.672,2.500000e-04,10.07,16689.39
1775,3.989132e-03,3.407857e+01,3.266242e-05,5.093013e-05,2997522.857,4.035272e-03,3.405437e+01,5.210670e-05,2.175353e-05,2990073.289,2.500000e-04,9.63,16699.03
1776,4.075572e-03,3.399386e+01,3.856769e-05,5.810184e-05,2997547.750,3.999300e-03,3.375991e+01,3.605610e-05,5.254961e-05,2988370.039,2.500000e-04,11.29,16710.32
1777,4.056565e-03,3.406746e+01,4.014208e-05,4.967967e-05,2997770.223,3.923555e-03,3.390562e+01,3.473656e-05,3.712542e-05,2991186.664,2.500000e-04,10.08,16720.41
1778,3.945632e-03,3.400877e+01,3.532658e-05,3.829773e-05,2997421.346,3.889772e-03,3.395544e+01,3.773922e-05,2.336727e-05,3000148.859,2.500000e-04,10.36,16730.78
1779,4.012798e-03,3.402394e+01,3.552344e-05,5.103386e-05,2997983.225,4.153058e-03,3.368444e+01,3.774376e-05,8.143524e-05,2979766.086,2.500000e-04,10.56,16741.35
1780,4.029704e-03,3.402586e+01,3.115962e-05,6.310437e-05,2997463.564,4.462515e-03,3.376875e+01,4.689219e-05,1.233436e-04,2982571.688,2.500000e-04,9.65,16751.01
1781,4.082261e-03,3.403390e+01,3.644285e-05,6.288859e-05,2997589.377,4.058737e-03,3.397066e+01,3.291113e-05,6.651185e-05,2986270.258,2.500000e-04,10.19,16761.21
1782,4.150363e-03,3.401578e+01,3.295824e-05,8.384047e-05,2997469.902,3.976598e-03,3.425867e+01,2.740010e-05,5.534596e-05,3016504.844,2.500000e-04,10.00,16771.22
1783,4.000462e-03,3.408641e+01,3.830910e-05,4.174592e-05,2997745.252,3.818666e-03,3.398691e+01,2.608985e-05,3.181543e-05,2995126.617,2.500000e-04,9.89,16781.12
1784,4.052195e-03,3.400753e+01,3.679801e-05,5.669240e-05,2997512.176,3.841729e-03,3.380430e+01,2.209244e-05,4.807480e-05,2991377.797,2.500000e-04,10.23,16791.36
1785,4.057163e-03,3.402117e+01,4.148040e-05,4.804841e-05,2997465.887,4.094033e-03,3.473624e+01,2.996991e-05,6.414197e-05,3021262.109,2.500000e-04,10.58,16801.94
1786,3.994258e-03,3.402323e+01,3.277009e-05,5.284679e-05,2997602.221,4.057497e-03,3.445439e+01,3.332851e-05,5.575463e-05,3007792.484,2.500000e-04,10.08,16812.03
1787,4.030030e-03,3.407641e+01,3.216720e-05,6.014343e-05,2997688.049,3.949431e-03,3.430010e+01,2.483736e-05,5.420936e-05,3009312.930,2.500000e-04,9.73,16821.77
1788,4.026623e-03,3.401627e+01,2.925699e-05,6.648530e-05,2998074.021,3.913825e-03,3.369355e+01,1.716511e-05,7.456372e-05,2988143.109,2.500000e-04,10.29,16832.07
1789,4.007931e-03,3.396143e+01,2.921174e-05,6.393416e-05,2997416.756,4.503219e-03,3.351552e+01,3.224067e-05,1.658521e-04,2966774.430,2.500000e-04,10.36,16842.44
1790,3.986825e-03,3.398769e+01,3.143162e-05,5.474801e-05,2997602.090,4.069997e-03,3.416689e+01,5.894709e-05,1.276736e-05,2999549.727,2.500000e-04,9.61,16852.06
1791,4.075380e-03,3.399788e+01,3.544122e-05,6.423600e-05,2997613.787,4.713293e-03,3.453601e+01,7.440930e-05,1.031197e-04,3020172.016,2.500000e-04,9.42,16861.48
1792,4.061432e-03,3.403188e+01,3.319425e-05,6.526037e-05,2997754.223,4.061845e-03,3.430488e+01,3.924751e-05,4.777632e-05,3013723.547,2.500000e-04,10.52,16872.00
1793,3.975817e-03,3.399434e+01,3.248204e-05,5.031251e-05,2997621.422,4.006186e-03,3.421408e+01,2.246309e-05,7.202940e-05,3017108.953,2.500000e-04,10.53,16882.54
1794,4.022204e-03,3.402986e+01,2.858938e-05,6.666473e-05,2997710.111,4.024584e-03,3.366397e+01,2.434525e-05,8.294683e-05,2975976.484,2.500000e-04,10.34,16892.89
1795,3.929943e-03,3.399466e+01,3.341357e-05,3.926822e-05,2997538.002,3.709907e-03,3.389386e+01,1.814950e-05,2.780530e-05,2999332.688,2.500000e-04,10.62,16903.51
1796,4.086812e-03,3.405479e+01,3.321813e-05,6.983032e-05,2997622.287,3.710486e-03,3.394497e+01,1.830120e-05,2.659551e-05,2998245.367,2.500000e-04,10.39,16913.90
1797,4.011518e-03,3.400449e+01,3.787577e-05,4.646239e-05,2997362.283,3.843780e-03,3.436285e+01,2.205817e-05,3.738260e-05,3006607.977,2.500000e-04,10.12,16924.03
1798,4.158999e-03,3.405837e+01,5.157408e-05,4.748421e-05,2997624.973,4.233078e-03,3.398246e+01,4.343022e-05,8.010597e-05,2977977.875,2.500000e-04,10.26,16934.29
1799,4.069496e-03,3.399873e+01,3.207529e-05,6.977412e-05,2997345.662,5.061142e-03,3.360150e+01,1.084865e-04,1.232254e-04,2976408.422,2.500000e-04,10.56,16944.85
1800,4.055855e-03,3.403994e+01,3.684717e-05,5.667788e-05,2997538.295,3.864222e-03,3.416671e+01,2.552650e-05,3.845738e-05,3004520.781,2.500000e-04,10.44,16955.29
1801,3.998340e-03,3.403883e+01,3.022551e-05,5.844035e-05,2997819.848,3.925667e-03,3.424018e+01,3.882826e-05,2.267339e-05,3008085.703,2.500000e-04,10.01,16965.30
1802,4.009358e-03,3.400792e+01,3.215163e-05,5.740998e-05,2997835.482,4.065724e-03,3.359651e+01,2.223854e-05,9.673752e-05,2978373.500,2.500000e-04,9.75,16975.05
1803,3.932227e-03,3.398481e+01,2.778226e-05,5.118472e-05,2997396.652,3.882407e-03,3.406964e+01,3.366235e-05,2.776402e-05,3003264.562,2.500000e-04,9.61,16984.67
1804,3.915026e-03,3.396260e+01,2.890796e-05,4.593743e-05,2997908.732,3.893175e-03,3.367356e+01,1.697264e-05,7.121859e-05,2989089.555,2.500000e-04,9.83,16994.50
1805,3.950769e-03,3.402781e+01,2.837774e-05,5.284208e-05,2997597.129,3.740535e-03,3.410268e+01,2.717543e-05,1.170250e-05,3001140.758,2.500000e-04,10.59,17005.09
1806,3.985934e-03,3.395970e+01,2.562904e-05,6.673480e-05,2997607.479,3.954127e-03,3.389940e+01,2.678853e-05,5.926028e-05,2983348.008,2.500000e-04,9.58,17014.66
1807,3.942992e-03,3.397756e+01,2.938419e-05,5.027871e-05,2997511.658,3.847375e-03,3.440123e+01,2.351407e-05,3.442220e-05,3010600.859,2.500000e-04,9.42,17024.10
1808,4.093537e-03,3.407692e+01,3.468714e-05,6.779473e-05,2997780.670,4.458060e-03,3.342125e+01,5.161297e-05,1.199610e-04,2984512.719,2.500000e-04,9.90,17034.00
1809,4.207272e-03,3.405753e+01,3.779685e-05,8.470998e-05,2997442.727,4.170563e-03,3.335663e+01,2.285078e-05,1.212784e-04,2970783.578,2.500000e-04,9.87,17043.88
1810,4.027725e-03,3.399635e+01,2.894166e-05,6.773465e-05,2998114.777,4.733861e-03,3.317604e+01,4.110325e-05,2.010448e-04,2959052.945,2.500000e-04,9.52,17053.39
1811,3.991473e-03,3.400401e+01,3.057055e-05,5.707330e-05,2997106.043,3.880723e-03,3.390911e+01,3.199179e-05,3.397886e-05,2987920.461,2.500000e-04,9.86,17063.25
1812,4.136713e-03,3.401291e+01,3.545094e-05,7.618246e-05,2997632.295,4.431704e-03,3.351478e+01,3.267339e-05,1.506984e-04,2968894.492,2.500000e-04,10.52,17073.78
1813,4.029175e-03,3.413568e+01,3.749718e-05,4.812712e-05,2997710.846,3.749388e-03,3.434767e+01,2.188345e-05,1.915724e-05,3007846.328,2.500000e-04,10.30,17084.09
1814,4.104375e-03,3.405831e+01,3.696243e-05,6.578389e-05,2997484.113,3.887234e-03,3.362455e+01,2.284727e-05,5.926118e-05,2982266.641,2.500000e-04,10.67,17094.78
1815,3.947431e-03,3.400759e+01,3.262353e-05,4.408739e-05,2997616.014,4.266456e-03,3.348382e+01,2.987318e-05,1.238684e-04,2970007.391,2.500000e-04,10.27,17105.05
1816,4.126033e-03,3.402283e+01,3.477852e-05,7.519291e-05,2997317.965,4.585162e-03,3.460928e+01,1.843935e-05,1.879680e-04,3032583.797,2.500000e-04,10.30,17115.35
1817,3.994218e-03,3.401572e+01,3.470910e-05,4.911114e-05,2997846.656,3.926981e-03,3.451036e+01,2.124920e-05,5.269059e-05,3018647.664,2.500000e-04,10.19,17125.54
1818,4.035377e-03,3.402617e+01,3.550613e-05,5.553973e-05,2997649.217,3.758256e-03,3.411347e+01,1.952612e-05,3.032965e-05,3003796.305,2.500000e-04,10.12,17135.65
1819,4.060191e-03,3.403903e+01,2.876181e-05,7.373394e-05,2997956.596,3.672648e-03,3.389548e+01,1.506546e-05,2.648893e-05,2991613.234,2.500000e-04,9.84,17145.50
1820,3.989036e-03,3.403300e+01,3.198858e-05,5.317008e-05,2997425.406,3.813836e-03,3.363312e+01,1.963257e-05,5.083974e-05,2984765.172,2.500000e-04,10.14,17155.64
1821,4.023009e-03,3.403112e+01,3.578063e-05,5.241797e-05,2997591.697,4.039213e-03,3.413962e+01,4.907409e-05,2.690202e-05,3008735.711,2.500000e-04,9.92,17165.57
1822,3.928613e-03,3.398306e+01,2.934383e-05,4.737383e-05,2997668.662,3.912202e-03,3.443605e+01,2.456886e-05,4.458173e-05,3013442.000,2.500000e-04,9.65,17175.22
1823,4.094846e-03,3.402265e+01,3.604313e-05,6.642998e-05,2997822.596,4.152599e-03,3.355515e+01,3.967996e-05,8.005695e-05,2977642.180,2.500000e-04,9.53,17184.75
1824,3.939516e-03,3.396708e+01,3.246967e-05,4.362221e-05,2997542.805,3.900150e-03,3.399086e+01,2.810917e-05,4.399436e-05,2988128.930,2.500000e-04,9.98,17194.73
1825,4.038040e-03,3.401013e+01,3.500531e-05,5.739477e-05,2997474.352,4.421871e-03,3.468145e+01,4.695950e-05,9.682616e-05,3023689.453,2.500000e-04,9.57,17204.30
1826,4.067383e-03,3.401024e+01,3.565081e-05,6.197025e-05,2997428.428,4.468570e-03,3.471137e+01,4.500908e-05,1.094685e-04,3026713.625,2.500000e-04,10.60,17214.90
1827,3.971394e-03,3.400334e+01,3.649955e-05,4.121292e-05,2997728.699,3.817949e-03,3.423473e+01,2.527122e-05,2.835289e-05,3008886.781,2.500000e-04,10.26,17225.16
1828,3.977086e-03,3.397457e+01,2.826090e-05,5.940387e-05,2997764.379,3.679906e-03,3.388605e+01,1.513474e-05,2.799075e-05,2987416.242,2.500000e-04,10.32,17235.48
1829,3.972272e-03,3.397893e+01,3.091343e-05,5.304891e-05,2997584.416,3.738450e-03,3.388720e+01,2.475866e-05,2.042876e-05,2995397.305,2.500000e-04,10.51,17245.99
1830,3.974838e-03,3.397147e+01,3.076074e-05,5.401661e-05,2997674.303,3.774419e-03,3.372306e+01,1.601256e-05,4.839751e-05,2984727.867,2.500000e-04,10.19,17256.20
1831,4.004275e-03,3.403138e+01,3.329183e-05,5.364379e-05,2997630.818,4.010433e-03,3.431295e+01,1.504522e-05,8.573732e-05,3019444.688,2.500000e-04,11.56,17267.78
1832,3.899856e-03,3.397543e+01,2.952881e-05,4.140498e-05,2997617.766,3.991894e-03,3.440100e+01,3.296562e-05,4.442757e-05,3017275.352,2.500000e-04,10.66,17278.44
1833,4.257848e-03,3.403877e+01,5.723121e-05,5.633175e-05,2997449.420,3.965151e-03,3.440834e+01,3.191130e-05,4.104085e-05,3010885.664,2.500000e-04,9.81,17288.25
1834,4.139654e-03,3.401035e+01,4.059908e-05,6.652564e-05,2997800.496,3.947862e-03,3.430823e+01,3.478575e-05,3.383615e-05,3001178.414,2.500000e-04,10.35,17298.60
1835,4.119577e-03,3.401471e+01,3.560824e-05,7.240474e-05,2997430.680,3.897642e-03,3.360166e+01,2.003745e-05,6.742038e-05,2982627.672,2.500000e-04,9.58,17308.18
1836,4.077866e-03,3.401186e+01,3.402038e-05,6.729514e-05,2997662.984,3.767599e-03,3.414486e+01,1.894755e-05,3.272755e-05,2997835.977,2.500000e-04,10.17,17318.35
1837,3.977539e-03,3.398644e+01,3.312872e-05,4.952164e-05,2997201.994,3.949911e-03,3.415081e+01,2.253971e-05,6.188651e-05,3012001.828,2.500000e-04,9.69,17328.05
1838,3.974188e-03,3.397449e+01,3.200711e-05,5.133361e-05,2997834.740,3.809584e-03,3.391497e+01,3.220234e-05,1.921263e-05,2999150.672,2.500000e-04,10.18,17338.26
1839,3.998029e-03,3.401544e+01,3.414209e-05,5.101282e-05,2997615.783,3.770034e-03,3.405196e+01,3.046883e-05,1.202998e-05,3000876.805,2.500000e-04,9.85,17348.12
1840,4.000290e-03,3.397386e+01,3.223845e-05,5.610408e-05,2997539.049,3.954645e-03,3.457080e+01,2.968555e-05,4.014180e-05,3014121.883,2.500000e-04,9.72,17357.83
1841,4.020368e-03,3.399761e+01,3.552988e-05,5.306155e-05,2997499.172,3.799715e-03,3.431180e+01,2.331289e-05,2.708110e-05,3000452.508,2.500000e-04,9.57,17367.40
1842,3.985344e-03,3.399061e+01,3.550174e-05,4.625316e-05,2997833.068,3.999759e-03,3.372395e+01,2.655126e-05,7.237017e-05,2979772.961,2.500000e-04,9.75,17377.15
1843,4.050368e-03,3.401413e+01,3.692381e-05,5.594350e-05,2997648.033,3.898323e-03,3.365551e+01,2.705176e-05,5.245099e-05,2981435.086,2.500000e-04,9.48,17386.63
1844,4.028176e-03,3.399043e+01,3.610205e-05,5.362261e-05,2997502.342,4.689067e-03,3.369349e+01,4.014044e-05,1.836628e-04,2969360.867,2.500000e-04,10.08,17396.71
1845,3.996450e-03,3.399227e+01,3.344109e-05,5.256242e-05,2997536.031,3.816198e-03,3.385050e+01,2.822276e-05,2.978409e-05,2988698.312,2.500000e-04,9.83,17406.54
1846,4.066664e-03,3.400850e+01,3.506843e-05,6.302593e-05,2997643.236,4.060468e-03,3.467096e+01,1.783388e-05,8.300647e-05,3022393.242,2.500000e-04,10.22,17416.76
1847,3.942930e-03,3.398065e+01,3.092935e-05,4.711420e-05,2997378.354,4.187652e-03,3.452212e+01,2.529989e-05,9.648837e-05,3025802.594,2.500000e-04,9.86,17426.62
1848,4.103181e-03,3.395996e+01,2.759776e-05,8.624145e-05,2997523.459,4.500330e-03,3.477948e+01,6.134509e-05,8.178632e-05,3012658.258,2.500000e-04,10.68,17437.30
1849,4.096348e-03,3.398381e+01,3.513593e-05,6.932149e-05,2997948.971,3.869049e-03,3.449108e+01,2.440859e-05,3.517103e-05,3011377.602,2.500000e-04,9.88,17447.18
1850,3.910035e-03,3.400345e+01,2.857894e-05,4.478012e-05,2997665.471,3.786241e-03,3.425299e+01,1.990841e-05,3.237155e-05,3011192.219,2.500000e-04,9.61,17456.78
1851,4.216614e-03,3.400041e+01,3.648965e-05,9.033534e-05,2997430.379,3.783799e-03,3.412846e+01,2.845486e-05,1.728097e-05,2995328.758,2.500000e-04,10.32,17467.10
1852,3.895423e-03,3.395959e+01,2.880269e-05,4.228753e-05,2997599.248,4.510431e-03,3.463937e+01,5.368426e-05,1.019302e-04,3023552.344,2.500000e-04,10.29,17477.39
1853,4.255797e-03,3.408922e+01,4.137563e-05,8.662386e-05,2997678.729,5.068620e-03,3.353116e+01,6.714089e-05,2.088191e-04,2967905.664,2.500000e-04,10.25,17487.64
1854,4.085336e-03,3.402038e+01,3.498556e-05,6.668843e-05,2997499.725,4.392913e-03,3.396742e+01,8.650763e-05,2.621885e-05,2999356.867,2.500000e-04,10.53,17498.17
1855,4.016030e-03,3.403335e+01,3.269003e-05,5.715908e-05,2997674.008,3.818737e-03,3.376171e+01,2.828476e-05,3.194361e-05,2990235.125,2.500000e-04,10.14,17508.31
1856,3.928186e-03,3.395580e+01,3.385332e-05,3.881462e-05,2997392.711,4.739008e-03,3.447668e+01,5.359246e-05,1.510831e-04,3031354.328,2.500000e-04,10.26,17518.57
1857,3.944511e-03,3.398972e+01,3.153012e-05,4.604742e-05,2997866.701,4.430379e-03,3.389809e+01,5.594328e-05,9.622734e-05,2977680.711,2.500000e-04,11.21,17529.78
1858,3.991239e-03,3.395801e+01,3.187880e-05,5.533011e-05,2997660.873,3.644663e-03,3.384473e+01,1.589069e-05,2.025679e-05,2994911.766,2.500000e-04,10.08,17539.86
1859,4.103574e-03,3.399129e+01,3.581920e-05,6.925052e-05,2997383.059,3.819365e-03,3.439184e+01,2.936734e-05,1.730144e-05,3004804.406,2.500000e-04,9.96,17549.82
1860,3.956268e-03,3.397154e+01,3.279771e-05,4.622748e-05,2997726.793,3.952421e-03,3.429466e+01,3.076561e-05,4.305974e-05,3010742.180,2.500000e-04,10.10,17559.92
1861,3.990781e-03,3.394932e+01,2.987881e-05,5.941230e-05,2997655.725,4.532886e-03,3.490392e+01,3.823063e-05,1.320375e-04,3031683.148,2.500000e-04,10.24,17570.17
1862,3.994737e-03,3.400334e+01,3.217990e-05,5.452081e-05,2997755.482,3.720492e-03,3.370653e+01,1.996326e-05,3.004146e-05,2989219.664,2.500000e-04,10.72,17580.90
1863,4.065957e-03,3.400191e+01,4.153070e-05,5.009179e-05,2997616.857,3.838241e-03,3.427834e+01,2.652154e-05,2.903829e-05,3008014.438,2.500000e-04,10.38,17591.28
1864,3.941396e-03,3.394172e+01,2.952848e-05,5.038788e-05,2997586.129,4.183631e-03,3.465321e+01,3.666450e-05,7.033307e-05,3007673.273,2.500000e-04,11.12,17602.39
1865,4.042251e-03,3.403092e+01,3.693852e-05,5.395480e-05,2997901.207,3.813294e-03,3.405199e+01,2.920879e-05,2.320135e-05,2998769.086,2.500000e-04,10.85,17613.25
1866,4.149443e-03,3.399411e+01,3.898544e-05,7.203549e-05,2997489.555,4.522821e-03,3.490342e+01,5.044642e-05,1.056031e-04,3027203.469,2.500000e-04,10.44,17623.68
1867,4.128072e-03,3.407486e+01,4.140571e-05,6.130571e-05,2997594.502,3.689060e-03,3.387790e+01,1.511655e-05,3.002088e-05,2987293.203,2.500000e-04,10.02,17633.70
1868,3.998866e-03,3.400985e+01,2.988412e-05,5.980808e-05,2997710.287,3.892171e-03,3.415126e+01,2.139738e-05,5.261431e-05,2984060.281,2.500000e-04,10.41,17644.13
1869,4.106956e-03,3.402715e+01,4.218866e-05,5.647098e-05,2997222.713,4.088240e-03,3.410866e+01,3.401966e-05,6.743547e-05,3014545.750,2.500000e-04,9.73,17653.86
1870,3.961180e-03,3.400761e+01,3.134929e-05,4.938538e-05,2997803.982,4.045261e-03,3.437704e+01,4.795964e-05,2.559212e-05,3003725.547,2.500000e-04,9.70,17663.57
1871,3.987403e-03,3.397582e+01,3.204961e-05,5.386504e-05,2997668.824,3.645343e-03,3.405963e+01,1.674450e-05,1.438694e-05,2994045.547,2.500000e-04,10.53,17674.09
1872,4.126456e-03,3.402126e+01,3.567801e-05,7.350988e-05,2997655.094,3.913056e-03,3.386547e+01,3.575062e-05,3.380058e-05,3000736.055,2.500000e-04,9.70,17683.79
1873,4.021774e-03,3.395996e+01,3.366146e-05,5.783265e-05,2997563.586,3.741422e-03,3.415413e+01,2.171190e-05,2.177803e-05,3001645.312,2.500000e-04,9.91,17693.71
1874,4.378085e-03,3.405936e+01,4.000019e-05,1.144293e-04,2997238.045,3.899376e-03,3.392831e+01,3.101053e-05,3.928802e-05,2995255.117,2.500000e-04,10.51,17704.22
1875,4.133319e-03,3.401170e+01,3.836579e-05,6.969823e-05,2997625.510,4.159902e-03,3.393633e+01,4.332089e-05,6.661222e-05,2981469.625,2.500000e-04,10.46,17714.68
1876,4.094898e-03,3.410216e+01,4.273465e-05,5.146719e-05,2997671.916,4.465304e-03,3.402685e+01,7.809036e-05,5.634295e-05,3006378.820,2.500000e-04,9.93,17724.61
1877,4.090626e-03,3.402981e+01,3.567079e-05,6.618733e-05,2997457.795,3.997557e-03,3.426932e+01,3.111325e-05,5.189850e-05,2997274.078,2.500000e-04,9.77,17734.38
1878,3.925758e-03,3.396545e+01,2.798195e-05,4.987873e-05,2997701.318,3.754747e-03,3.393906e+01,2.641804e-05,1.933226e-05,2995843.180,2.500000e-04,10.31,17744.69
1879,4.034550e-03,3.395186e+01,3.312971e-05,6.161342e-05,2997417.484,4.254895e-03,3.462536e+01,5.764212e-05,4.318747e-05,3013503.898,2.500000e-04,9.79,17754.48
1880,3.942178e-03,3.402112e+01,2.984043e-05,4.833224e-05,2998015.188,3.997304e-03,3.356363e+01,2.710541e-05,7.397737e-05,2982031.547,2.500000e-04,9.98,17764.47
1881,3.886759e-03,3.400466e+01,2.596995e-05,4.531875e-05,2997533.934,3.684454e-03,3.415870e+01,1.858945e-05,1.653798e-05,3004446.062,2.500000e-04,10.36,17774.84
1882,4.033931e-03,3.396507e+01,3.820948e-05,5.106581e-05,2997482.535,3.951224e-03,3.433103e+01,3.400110e-05,3.562202e-05,3013727.938,2.500000e-04,9.70,17784.54
1883,4.025345e-03,3.403136e+01,3.602474e-05,5.239234e-05,2997645.889,3.729542e-03,3.399607e+01,2.517140e-05,1.564407e-05,2999592.141,2.500000e-04,9.94,17794.48
1884,3.979804e-03,3.395575e+01,3.271554e-05,5.141460e-05,2997726.646,3.914024e-03,3.443673e+01,1.978656e-05,5.449706e-05,3018468.250,2.500000e-04,9.78,17804.26
1885,3.969272e-03,3.394177e+01,3.525870e-05,4.450160e-05,2997282.488,4.105285e-03,3.453947e+01,3.496845e-05,6.033077e-05,3009550.273,2.500000e-04,10.04,17814.30
1886,4.048286e-03,3.401654e+01,3.660533e-05,5.611574e-05,2997946.408,3.790866e-03,3.411083e+01,2.055530e-05,3.484596e-05,3005953.148,2.500000e-04,10.08,17824.38
1887,4.037131e-03,3.394339e+01,3.336948e-05,6.181949e-05,2997687.336,3.786447e-03,3.412398e+01,2.949811e-05,1.581372e-05,3005104.414,2.500000e-04,10.04,17834.42
1888,3.895388e-03,3.393230e+01,2.634709e-05,4.773747e-05,2997535.547,4.332725e-03,3.403794e+01,5.732142e-05,7.114334e-05,3001703.211,2.500000e-04,10.18,17844.62
1889,3.941957e-03,3.395102e+01,3.258091e-05,4.420901e-05,2997627.240,3.780359e-03,3.402369e+01,2.714068e-05,2.131664e-05,2997815.953,2.500000e-04,10.45,17855.08
1890,4.083990e-03,3.396355e+01,3.725198e-05,6.302301e-05,2997568.111,3.895561e-03,3.430228e+01,2.199878e-05,4.906907e-05,2996352.539,2.500000e-04,10.04,17865.12
1891,4.201016e-03,3.403651e+01,3.716307e-05,8.514688e-05,2997718.574,3.762588e-03,3.399937e+01,2.230359e-05,2.792308e-05,2997058.562,2.500000e-04,10.20,17875.32
1892,3.920561e-03,3.396729e+01,3.284499e-05,3.907638e-05,2997601.801,3.875518e-03,3.358046e+01,2.294505e-05,5.760445e-05,2980550.625,2.500000e-04,10.60,17885.92
1893,3.972049e-03,3.391126e+01,3.114376e-05,5.389719e-05,2997805.658,4.515881e-03,3.321635e+01,5.258927e-05,1.336708e-04,2969080.219,2.500000e-04,10.66,17896.59
1894,3.955603e-03,3.394823e+01,3.121308e-05,4.972975e-05,2997466.170,3.769787e-03,3.401780e+01,3.212477e-05,9.351944e-06,2999124.633,2.500000e-04,9.98,17906.57
1895,4.184828e-03,3.399151e+01,4.317807e-05,7.077932e-05,2997590.879,4.046972e-03,3.383848e+01,2.919455e-05,7.423585e-05,2980969.555,2.500000e-04,10.58,17917.15
1896,4.022525e-03,3.396893e+01,3.315503e-05,5.881634e-05,2997456.355,4.234582e-03,3.359710e+01,4.291195e-05,8.915047e-05,2974684.320,2.500000e-04,9.98,17927.12
1897,3.950841e-03,3.396414e+01,3.140411e-05,4.807724e-05,2997451.799,3.969950e-03,3.443009e+01,2.249529e-05,6.039762e-05,3011846.000,2.500000e-04,10.54,17937.66
1898,4.015747e-03,3.397244e+01,2.789540e-05,6.790983e-05,2997757.680,3.961448e-03,3.379349e+01,1.915624e-05,7.810735e-05,2979179.148,2.500000e-04,10.09,17947.75
1899,4.096461e-03,3.401685e+01,3.467118e-05,6.961284e-05,2997689.660,3.687724e-03,3.380982e+01,1.987066e-05,2.160718e-05,2991884.414,2.500000e-04,11.38,17959.13
1900,4.075191e-03,3.395019e+01,3.350962e-05,6.901517e-05,2997707.785,3.845350e-03,3.394085e+01,1.576853e-05,5.871601e-05,2992102.852,2.500000e-04,10.27,17969.40
1901,4.034801e-03,3.403776e+01,3.099542e-05,6.421420e-05,2997558.217,3.960735e-03,3.363843e+01,2.180896e-05,7.576046e-05,2980882.672,2.500000e-04,10.41,17979.81
1902,4.030803e-03,3.400218e+01,3.075118e-05,6.461459e-05,2997616.230,3.854821e-03,3.420048e+01,2.476689e-05,3.742087e-05,3004969.914,2.500000e-04,10.98,17990.80
1903,4.143237e-03,3.399034e+01,4.258906e-05,6.366254e-05,2997631.277,4.180644e-03,3.404773e+01,5.634054e-05,4.249313e-05,2998035.094,2.500000e-04,10.64,18001.46
1904,3.888716e-03,3.398006e+01,2.917417e-05,3.979368e-05,2997506.250,3.686501e-03,3.406673e+01,1.688824e-05,2.218913e-05,3003587.703,2.500000e-04,11.18,18012.64
1905,3.995002e-03,3.396047e+01,3.443123e-05,5.092862e-05,2997632.584,3.764146e-03,3.366365e+01,2.001955e-05,3.951711e-05,2990373.148,2.500000e-04,11.45,18024.10
1906,3.915990e-03,3.395763e+01,2.811615e-05,4.781313e-05,2997841.516,4.329895e-03,3.384187e+01,7.890297e-05,3.133575e-05,2987685.273,2.500000e-04,10.41,18034.51
1907,4.080210e-03,3.396248e+01,4.363604e-05,4.952052e-05,2997674.041,4.164038e-03,3.424779e+01,2.914150e-05,8.956898e-05,2984117.367,2.500000e-04,11.35,18045.87
1908,3.954599e-03,3.397980e+01,3.620050e-05,3.892295e-05,2997294.732,3.656899e-03,3.412238e+01,1.689299e-05,1.514633e-05,3000322.703,2.500000e-04,11.36,18057.24
1909,4.004455e-03,3.393329e+01,2.809326e-05,6.603860e-05,2997727.582,3.739620e-03,3.405711e+01,1.942535e-05,2.793123e-05,3005810.367,2.500000e-04,10.99,18068.24
1910,3.971308e-03,3.396431e+01,2.587344e-05,6.322837e-05,2997417.244,4.201340e-03,3.450215e+01,4.486932e-05,6.048632e-05,3013526.094,2.500000e-04,11.18,18079.42
1911,3.879200e-03,3.397726e+01,2.713531e-05,4.202435e-05,2997884.551,3.873872e-03,3.388918e+01,3.239776e-05,3.219536e-05,2994670.156,2.500000e-04,11.00,18090.42
1912,4.070157e-03,3.393896e+01,3.527008e-05,6.471219e-05,2997386.271,4.547106e-03,3.474933e+01,3.857275e-05,1.372892e-04,3031834.016,2.500000e-04,10.96,18101.39
1913,3.965154e-03,3.396478e+01,2.764207e-05,5.845106e-05,2997933.320,4.147414e-03,3.453934e+01,4.031486e-05,5.806628e-05,3008815.664,2.500000e-04,11.34,18112.74
1914,4.048761e-03,3.393097e+01,3.180699e-05,6.751884e-05,2997322.455,3.931315e-03,3.449297e+01,1.962877e-05,5.714606e-05,3016532.195,2.500000e-04,11.58,18124.33
1915,4.033820e-03,3.401111e+01,2.598509e-05,7.457148e-05,2997863.709,3.782381e-03,3.360018e+01,1.680373e-05,5.086524e-05,2986357.688,2.500000e-04,11.50,18135.83
1916,4.087382e-03,3.399010e+01,3.203173e-05,7.361086e-05,2997455.756,3.754402e-03,3.396401e+01,2.730582e-05,1.698853e-05,2995839.312,2.500000e-04,12.13,18148.04
1917,3.987693e-03,3.392956e+01,3.717490e-05,4.459751e-05,2997495.574,4.231230e-03,3.472879e+01,4.630959e-05,5.905116e-05,3019691.055,2.500000e-04,13.06,18161.10
1918,4.033684e-03,3.400953e+01,3.825772e-05,5.003076e-05,2997592.189,3.892061e-03,3.417512e+01,3.687922e-05,2.115146e-05,3003232.883,2.500000e-04,12.11,18173.21
1919,3.992465e-03,3.398742e+01,3.050792e-05,5.772862e-05,2997740.818,3.810364e-03,3.403608e+01,2.824717e-05,2.485678e-05,2990400.461,2.500000e-04,11.84,18185.06
1920,3.989582e-03,3.393981e+01,3.623806e-05,4.664394e-05,2997665.377,4.240082e-03,3.367884e+01,4.656404e-05,8.131149e-05,2977412.570,2.500000e-04,13.32,18198.39
1921,3.995334e-03,3.396965e+01,2.582785e-05,6.801827e-05,2997694.658,3.753407e-03,3.367232e+01,1.871542e-05,3.980413e-05,2987936.195,2.500000e-04,12.12,18210.52
1922,4.062496e-03,3.395304e+01,3.344121e-05,6.655610e-05,2997538.355,3.745669e-03,3.364866e+01,1.568288e-05,4.479490e-05,2986210.695,2.500000e-04,11.03,18221.56
1923,3.921818e-03,3.397964e+01,2.876112e-05,4.724871e-05,2997529.059,3.711174e-03,3.397107e+01,1.399069e-05,3.483195e-05,3006986.727,2.500000e-04,12.10,18233.67
1924,3.961229e-03,3.396142e+01,3.285568e-05,4.730596e-05,2997920.402,4.134171e-03,3.350007e+01,4.754877e-05,6.173521e-05,2984563.422,2.500000e-04,11.18,18244.86
1925,3.979019e-03,3.392148e+01,3.595768e-05,4.545878e-05,2997538.297,4.195243e-03,3.395807e+01,5.404476e-05,5.179755e-05,3006403.414,2.500000e-04,11.97,18256.83
1926,3.934167e-03,3.392455e+01,3.229397e-05,4.375450e-05,2997579.963,4.649353e-03,3.323300e+01,5.972893e-05,1.457526e-04,2965278.461,2.500000e-04,11.90,18268.75
1927,4.051759e-03,3.391578e+01,3.444063e-05,6.315500e-05,2997435.143,3.813354e-03,3.421771e+01,2.691836e-05,2.447996e-05,3009061.008,2.500000e-04,11.96,18280.77
1928,3.959878e-03,3.392211e+01,3.048269e-05,5.256797e-05,2997575.525,4.063950e-03,3.433638e+01,4.155224e-05,4.295790e-05,3004823.539,2.500000e-04,11.83,18292.61
1929,4.080728e-03,3.401390e+01,4.934335e-05,3.718072e-05,2997645.562,4.254573e-03,3.387130e+01,7.172516e-05,3.003813e-05,2994250.992,2.500000e-04,11.73,18304.35
1930,4.207481e-03,3.396574e+01,4.828528e-05,6.561081e-05,2997643.051,3.760314e-03,3.372956e+01,2.191121e-05,3.364932e-05,2991839.578,2.500000e-04,12.22,18316.59
1931,4.008234e-03,3.391620e+01,3.239093e-05,5.854086e-05,2997529.551,4.333501e-03,3.425297e+01,8.289038e-05,1.585994e-05,3002968.430,2.500000e-04,10.97,18327.58
1932,3.924933e-03,3.392575e+01,3.054919e-05,4.537326e-05,2997415.498,4.005045e-03,3.433661e+01,2.111539e-05,7.204598e-05,3022219.891,2.500000e-04,11.55,18339.14
1933,4.145123e-03,3.397887e+01,3.987153e-05,6.970414e-05,2997806.938,3.804534e-03,3.371174e+01,2.677606e-05,3.311996e-05,2987164.359,2.500000e-04,12.26,18351.40
1934,3.995977e-03,3.396562e+01,3.212891e-05,5.562528e-05,2997560.873,3.921198e-03,3.415942e+01,4.194685e-05,1.715749e-05,3006098.164,2.500000e-04,10.76,18362.16
1935,4.067945e-03,3.396277e+01,4.656660e-05,4.120030e-05,2997635.082,4.060219e-03,3.339167e+01,2.292347e-05,9.836337e-05,2978480.430,2.500000e-04,13.01,18375.18
1936,4.070665e-03,3.393408e+01,3.702887e-05,6.139364e-05,2997086.725,4.791929e-03,3.427517e+01,1.067668e-04,5.934872e-05,3013725.797,2.500000e-04,11.83,18387.01
1937,4.133320e-03,3.397524e+01,3.632183e-05,7.451543e-05,2998251.711,4.559299e-03,3.339736e+01,3.022183e-05,1.834691e-04,2966365.055,2.500000e-04,11.63,18398.65
1938,3.914184e-03,3.393770e+01,2.967569e-05,4.473152e-05,2997067.037,4.126348e-03,3.437180e+01,3.235468e-05,7.312423e-05,3017578.953,2.500000e-04,11.78,18410.44
1939,4.019440e-03,3.395461e+01,3.894443e-05,4.690692e-05,2997841.656,4.061393e-03,3.421343e+01,5.602450e-05,1.596104e-05,2999551.758,2.500000e-04,13.31,18423.76
1940,3.904272e-03,3.398139e+01,2.833478e-05,4.455711e-05,2997776.541,3.901873e-03,3.390654e+01,3.625439e-05,2.973513e-05,2991301.039,2.500000e-04,11.68,18435.45
1941,4.012876e-03,3.398183e+01,4.004912e-05,4.284039e-05,2997611.109,3.617816e-03,3.386165e+01,1.513823e-05,1.605383e-05,2995267.734,2.500000e-04,11.41,18446.93
1942,4.087620e-03,3.397044e+01,3.845469e-05,6.120592e-05,2997690.115,4.238953e-03,3.366022e+01,4.288272e-05,8.882075e-05,2977570.414,2.500000e-04,12.56,18459.49
1943,4.032820e-03,3.395596e+01,3.094487e-05,6.555507e-05,2997490.441,3.604913e-03,3.395455e+01,1.519606e-05,1.149952e-05,2996563.180,2.500000e-04,11.10,18470.60
1944,3.992038e-03,3.398496e+01,3.373024e-05,5.124780e-05,2997605.527,3.904599e-03,3.430309e+01,2.100999e-05,5.283799e-05,2997708.703,2.500000e-04,12.37,18482.97
1945,4.024294e-03,3.394141e+01,3.969926e-05,4.663214e-05,2997763.625,4.156185e-03,3.336376e+01,2.653586e-05,1.108901e-04,2973232.508,2.500000e-04,12.56,18495.54
1946,4.094685e-03,3.395380e+01,3.085979e-05,7.814148e-05,2997496.516,4.177203e-03,3.434006e+01,6.015488e-05,2.832962e-05,3004350.562,2.500000e-04,12.41,18507.95
1947,4.051045e-03,3.395197e+01,3.158364e-05,6.800232e-05,2997692.664,3.777607e-03,3.377382e+01,1.933576e-05,4.137360e-05,2996150.828,2.500000e-04,11.72,18519.68
1948,4.058467e-03,3.400038e+01,2.949681e-05,7.269218e-05,2997677.943,3.968688e-03,3.360724e+01,2.572646e-05,7.013991e-05,2980577.117,2.500000e-04,11.40,18531.10
1949,3.936593e-03,3.396151e+01,3.301725e-05,4.205400e-05,2997439.254,3.801432e-03,3.412173e+01,1.830354e-05,4.124483e-05,3001696.180,2.500000e-04,11.36,18542.47
1950,4.039912e-03,3.397464e+01,4.066514e-05,4.715947e-05,2997784.328,4.053282e-03,3.374586e+01,2.684316e-05,8.205280e-05,2978825.133,2.500000e-04,11.20,18553.67
1951,3.933016e-03,3.390419e+01,2.609524e-05,5.632897e-05,2997917.938,4.050770e-03,3.390077e+01,3.321327e-05,6.571200e-05,2996331.758,2.500000e-04,9.54,18563.22
1952,4.119069e-03,3.401310e+01,3.894725e-05,6.565742e-05,2997231.172,3.949285e-03,3.402522e+01,2.180631e-05,6.573993e-05,3004252.219,2.500000e-04,9.97,18573.20
1953,4.065075e-03,3.400456e+01,3.459072e-05,6.374229e-05,2997749.301,3.755281e-03,3.372338e+01,1.668731e-05,4.321417e-05,2986350.469,2.500000e-04,10.67,18583.88
1954,4.036474e-03,3.401913e+01,3.787741e-05,5.115750e-05,2997610.863,3.745830e-03,3.380197e+01,1.730788e-05,3.851097e-05,2997239.742,2.500000e-04,10.06,18593.94
1955,3.998090e-03,3.393589e+01,3.372114e-05,5.345778e-05,2997756.787,4.180352e-03,3.337154e+01,1.611368e-05,1.364124e-04,2969463.531,2.500000e-04,9.28,18603.22
1956,4.032054e-03,3.399208e+01,3.907558e-05,4.841812e-05,2997665.453,3.822220e-03,3.366827e+01,2.472703e-05,4.162451e-05,2987821.008,2.500000e-04,10.67,18613.90
1957,4.060982e-03,3.391910e+01,3.359959e-05,6.661526e-05,2997466.277,3.914279e-03,3.383278e+01,3.727001e-05,3.166024e-05,2997879.383,2.500000e-04,10.43,18624.34
1958,3.950373e-03,3.393973e+01,3.607902e-05,3.912217e-05,2997605.875,4.159167e-03,3.456080e+01,2.978885e-05,8.103980e-05,3023896.477,2.500000e-04,10.49,18634.90
1959,3.929506e-03,3.397125e+01,3.337367e-05,3.972889e-05,2997499.854,3.910348e-03,3.448977e+01,1.533803e-05,6.159810e-05,3019574.375,2.500000e-04,9.88,18644.78
1960,4.055336e-03,3.394729e+01,3.805601e-05,5.600946e-05,2997883.730,4.047220e-03,3.345766e+01,3.560013e-05,6.909040e-05,2985936.156,2.500000e-04,10.63,18655.42
1961,3.944473e-03,3.390284e+01,3.071315e-05,4.941139e-05,2997683.211,3.805324e-03,3.383319e+01,2.370699e-05,3.698707e-05,2993268.562,2.500000e-04,10.01,18665.43
1962,3.999642e-03,3.397170e+01,3.179332e-05,5.690777e-05,2997878.561,3.826905e-03,3.353511e+01,1.901366e-05,5.665158e-05,2986783.148,2.500000e-04,10.39,18675.82
1963,4.041098e-03,3.393680e+01,3.310206e-05,6.327942e-05,2997170.316,4.105787e-03,3.436023e+01,4.022775e-05,5.349719e-05,3015973.945,2.500000e-04,9.75,18685.57
1964,3.911952e-03,3.394860e+01,2.802653e-05,4.736524e-05,2997927.635,3.713680e-03,3.404392e+01,1.441261e-05,3.303242e-05,3008623.625,2.500000e-04,9.67,18695.27
1965,4.135322e-03,3.397160e+01,3.495278e-05,7.772689e-05,2997856.998,4.654822e-03,3.359274e+01,7.583970e-05,1.074303e-04,2972399.836,2.500000e-04,9.95,18705.22
1966,3.993247e-03,3.393949e+01,3.763190e-05,4.459576e-05,2997243.254,3.820249e-03,3.385952e+01,3.353598e-05,1.978740e-05,2997955.203,2.500000e-04,11.16,18716.39
1967,4.071753e-03,3.402742e+01,3.619149e-05,6.141910e-05,2997841.896,3.938910e-03,3.407035e+01,2.951737e-05,4.734033e-05,2997608.203,2.500000e-04,10.35,18726.74
1968,4.103552e-03,3.396467e+01,3.271053e-05,7.599590e-05,2997341.904,3.626642e-03,3.413975e+01,1.387380e-05,1.478587e-05,2999063.289,2.500000e-04,10.26,18737.01
1969,3.917765e-03,3.398507e+01,3.148900e-05,4.087361e-05,2997671.664,3.676191e-03,3.388259e+01,2.029986e-05,1.698670e-05,2996402.383,2.500000e-04,10.13,18747.14
1970,4.073848e-03,3.397858e+01,3.535919e-05,6.447952e-05,2997634.854,4.183358e-03,3.375574e+01,5.007050e-05,6.141591e-05,2988768.773,2.500000e-04,10.47,18757.61
1971,3.951620e-03,3.396431e+01,3.213123e-05,4.677538e-05,2997487.830,3.711811e-03,3.388194e+01,1.878510e-05,2.715324e-05,2999648.172,2.500000e-04,10.54,18768.15
1972,3.999941e-03,3.389682e+01,2.933496e-05,6.338197e-05,2997652.656,4.125750e-03,3.472817e+01,2.266242e-05,8.526198e-05,3023553.531,2.500000e-04,9.64,18777.79
1973,3.996818e-03,3.392696e+01,3.411288e-05,5.259860e-05,2997501.029,3.948347e-03,3.441212e+01,3.044829e-05,4.053047e-05,3014857.539,2.500000e-04,9.70,18787.49
1974,3.944160e-03,3.391932e+01,3.010298e-05,5.023967e-05,2997941.369,3.958412e-03,3.355194e+01,3.986184e-05,4.091998e-05,2987343.312,2.500000e-04,9.30,18796.81
1975,3.981098e-03,3.386531e+01,3.315352e-05,5.260645e-05,2997628.604,3.741714e-03,3.413952e+01,2.718744e-05,1.117768e-05,2997284.680,2.500000e-04,9.68,18806.49
1976,3.909472e-03,3.393249e+01,2.876273e-05,4.571915e-05,2997940.602,4.665484e-03,3.306864e+01,3.782648e-05,1.960711e-04,2960530.398,2.500000e-04,9.30,18815.80
1977,3.930003e-03,3.388434e+01,3.046631e-05,4.738103e-05,2997430.398,3.889764e-03,3.399370e+01,3.855798e-05,2.096290e-05,3000260.031,2.500000e-04,10.17,18825.97
1978,3.903915e-03,3.388972e+01,2.785886e-05,4.727090e-05,2997401.535,3.949707e-03,3.428435e+01,3.572734e-05,3.279978e-05,3008160.508,2.500000e-04,10.12,18836.10
1979,4.009383e-03,3.391181e+01,3.545094e-05,5.273850e-05,2997772.338,3.975154e-03,3.403851e+01,3.983484e-05,3.459087e-05,2989180.391,2.500000e-04,9.77,18845.87
1980,3.998494e-03,3.392758e+01,3.034733e-05,6.045259e-05,2997502.240,4.082289e-03,3.411440e+01,4.422046e-05,4.572895e-05,3011336.062,2.500000e-04,10.54,18856.42
1981,3.992288e-03,3.390107e+01,3.082260e-05,5.879096e-05,2997484.570,4.727198e-03,3.477659e+01,4.151766e-05,1.668724e-04,3036883.820,2.500000e-04,9.48,18865.90
1982,3.992267e-03,3.394219e+01,3.129791e-05,5.701388e-05,2997972.930,4.085018e-03,3.379392e+01,5.326401e-05,3.459725e-05,2989943.242,2.500000e-04,10.07,18875.97
1983,4.028169e-03,3.393278e+01,3.240906e-05,6.215990e-05,2997402.818,3.986361e-03,3.437190e+01,2.441420e-05,6.100581e-05,3015017.273,2.500000e-04,9.30,18885.28
1984,4.034734e-03,3.397728e+01,3.295425e-05,6.149266e-05,2997936.861,3.928546e-03,3.401545e+01,2.506240e-05,5.527540e-05,3009111.031,2.500000e-04,9.44,18894.73
1985,4.046526e-03,3.395624e+01,3.770032e-05,5.477982e-05,2997644.434,3.805153e-03,3.381129e+01,2.692491e-05,3.095483e-05,2988302.406,2.500000e-04,9.49,18904.22
1986,4.064045e-03,3.390302e+01,3.326632e-05,6.821598e-05,2997404.945,3.987173e-03,3.454922e+01,2.741376e-05,5.162278e-05,3015605.852,2.500000e-04,9.85,18914.08
1987,3.958285e-03,3.400893e+01,3.460080e-05,4.227673e-05,2997999.668,4.343004e-03,3.319047e+01,2.210799e-05,1.605753e-04,2973085.352,2.500000e-04,9.36,18923.44
1988,3.951431e-03,3.394669e+01,2.576419e-05,5.982401e-05,2997580.680,3.897465e-03,3.415610e+01,2.539702e-05,4.557686e-05,3009369.727,2.500000e-04,9.48,18932.93
1989,3.979309e-03,3.393197e+01,3.216155e-05,5.289927e-05,2997297.240,4.116503e-03,3.449645e+01,2.424853e-05,8.487461e-05,3018538.398,2.500000e-04,9.95,18942.89
1990,3.996360e-03,3.394413e+01,3.136843e-05,5.765239e-05,2998106.453,4.028650e-03,3.344800e+01,2.775558e-05,8.125891e-05,2978522.305,2.500000e-04,10.13,18953.02
1991,4.031917e-03,3.391810e+01,3.527642e-05,5.746867e-05,2997385.029,4.256409e-03,3.460847e+01,5.206713e-05,5.497807e-05,3014315.266,2.500000e-04,10.62,18963.64
1992,4.030882e-03,3.397247e+01,2.882714e-05,6.907274e-05,2997799.080,3.708752e-03,3.400070e+01,2.508913e-05,1.155807e-05,2999024.008,2.500000e-04,9.87,18973.55
1993,4.050974e-03,3.397808e+01,3.640321e-05,5.782676e-05,2997631.531,4.181851e-03,3.375300e+01,5.914557e-05,4.301905e-05,2989535.742,2.500000e-04,9.73,18983.29
1994,3.976700e-03,3.393970e+01,3.114047e-05,5.426517e-05,2997684.184,3.873563e-03,3.380096e+01,2.411236e-05,5.046869e-05,2984287.594,2.500000e-04,9.68,18993.00
1995,4.031034e-03,3.391391e+01,3.082559e-05,6.627759e-05,2997188.256,4.144042e-03,3.475815e+01,2.463117e-05,8.438315e-05,3023187.500,2.500000e-04,9.76,19002.79
1996,3.967994e-03,3.396930e+01,3.436644e-05,4.547987e-05,2998042.461,4.096053e-03,3.361896e+01,3.721501e-05,7.240137e-05,2985948.820,2.500000e-04,9.48,19012.28
1997,3.880107e-03,3.391216e+01,2.558577e-05,4.660658e-05,2997440.623,3.729730e-03,3.385260e+01,2.333837e-05,2.221725e-05,2993625.555,2.500000e-04,8.92,19021.20
1998,3.961696e-03,3.392716e+01,3.195018e-05,4.989561e-05,2997784.574,3.841878e-03,3.417614e+01,2.808091e-05,2.869112e-05,2995151.242,2.500000e-04,9.45,19030.65
1999,4.028796e-03,3.389675e+01,3.722435e-05,5.337545e-05,2997592.604,3.866917e-03,3.353288e+01,2.525906e-05,5.220768e-05,2981240.297,2.500000e-04,10.24,19040.89
2000,3.924613e-03,3.391221e+01,2.814623e-05,5.038599e-05,2997666.713,3.763428e-03,3.418872e+01,2.434087e-05,2.022941e-05,2999757.789,2.500000e-04,9.60,19050.49
2001,4.008343e-03,3.393758e+01,3.464204e-05,5.363277e-05,2997617.092,3.795093e-03,3.359924e+01,1.651904e-05,5.399576e-05,2986747.297,2.500000e-04,12.61,12.61
2002,3.950866e-03,3.391806e+01,3.207329e-05,4.766546e-05,2997899.029,4.399987e-03,3.339406e+01,6.521346e-05,8.168934e-05,2974868.023,2.500000e-04,10.28,22.91
2003,3.917733e-03,3.388625e+01,2.719082e-05,5.143993e-05,2997194.135,4.589916e-03,3.471733e+01,3.853004e-05,1.465766e-04,3033028.016,2.500000e-04,10.41,33.32
2004,3.965799e-03,3.388791e+01,3.111319e-05,5.317513e-05,2997886.580,3.980392e-03,3.391205e+01,4.564530e-05,2.654674e-05,2994175.977,2.500000e-04,10.27,43.59
2005,4.037279e-03,3.392624e+01,3.692745e-05,5.507622e-05,2997690.732,4.074112e-03,3.374813e+01,3.864145e-05,6.257687e-05,2980488.430,2.500000e-04,10.32,53.91
2006,3.973690e-03,3.390344e+01,3.259296e-05,5.148338e-05,2997640.762,3.838274e-03,3.382279e+01,3.116880e-05,2.886136e-05,2996702.477,2.500000e-04,10.42,64.33
2007,3.983653e-03,3.389174e+01,3.036979e-05,5.815624e-05,2997632.752,4.427859e-03,3.328719e+01,2.637847e-05,1.670711e-04,2966923.164,2.500000e-04,10.35,74.69
2008,3.948394e-03,3.388302e+01,3.050731e-05,5.100365e-05,2997492.697,4.273187e-03,3.458528e+01,2.543080e-05,1.120703e-04,3025590.000,2.500000e-04,10.16,84.85
2009,4.041985e-03,3.394935e+01,3.566020e-05,5.808973e-05,2997712.584,4.066885e-03,3.392639e+01,4.283046e-05,4.918827e-05,3005645.484,2.500000e-04,9.95,94.80
2010,4.039864e-03,3.391789e+01,3.605666e-05,5.750171e-05,2997856.449,4.013847e-03,3.333006e+01,3.007467e-05,7.601884e-05,2979518.391,2.500000e-04,10.06,104.86
2011,3.925358e-03,3.388849e+01,2.973700e-05,4.782769e-05,2997302.207,4.734438e-03,3.446733e+01,1.139289e-04,2.968325e-05,3008552.094,2.500000e-04,9.97,114.83
2012,4.126655e-03,3.388744e+01,3.423363e-05,7.911498e-05,2997637.406,3.766610e-03,3.390538e+01,2.835284e-05,1.850863e-05,2991546.000,2.500000e-04,9.77,124.60
2013,4.032666e-03,3.391011e+01,2.755390e-05,7.322325e-05,2997741.070,3.679255e-03,3.375923e+01,2.113672e-05,1.839296e-05,2992673.406,2.500000e-04,9.90,134.51
2014,3.839160e-03,3.390822e+01,2.574174e-05,3.818411e-05,2997534.176,3.822440e-03,3.371153e+01,2.429385e-05,4.166972e-05,2985275.711,2.500000e-04,9.94,144.45
2015,4.020101e-03,3.389210e+01,3.963867e-05,4.690091e-05,2997628.559,4.515047e-03,3.384339e+01,7.807715e-05,6.998726e-05,2988161.789,2.500000e-04,10.19,154.63
2016,3.958893e-03,3.399866e+01,3.126198e-05,4.928145e-05,2997441.553,4.210215e-03,3.448542e+01,3.393151e-05,8.447154e-05,3020196.883,2.500000e-04,10.03,164.67
2017,3.962678e-03,3.388239e+01,3.400724e-05,4.687330e-05,2997869.660,4.112737e-03,3.386386e+01,3.872245e-05,6.782520e-05,2987811.750,2.500000e-04,9.94,174.61
2018,4.137594e-03,3.399430e+01,4.226468e-05,6.310350e-05,2997281.496,4.342507e-03,3.407402e+01,7.797771e-05,3.106551e-05,3006914.719,2.500000e-04,9.98,184.59
2019,4.257987e-03,3.397510e+01,4.243260e-05,8.723030e-05,2997699.170,3.877105e-03,3.353125e+01,2.374301e-05,5.731003e-05,2984385.625,2.500000e-04,10.27,194.85
2020,3.918465e-03,3.388948e+01,2.725561e-05,5.139224e-05,2997414.334,3.693642e-03,3.384791e+01,1.794737e-05,2.587533e-05,2994143.875,2.500000e-04,9.97,204.82
2021,3.919499e-03,3.391708e+01,3.091050e-05,4.373726e-05,2997975.619,4.569355e-03,3.309890e+01,2.325126e-05,2.053904e-04,2959265.523,2.500000e-04,9.81,214.64
2022,4.084882e-03,3.392392e+01,3.289611e-05,7.270578e-05,2997206.385,4.196703e-03,3.340467e+01,4.640564e-05,7.843604e-05,2981126.078,2.500000e-04,9.86,224.49
2023,4.067431e-03,3.389837e+01,4.021663e-05,5.508563e-05,2997587.867,5.156140e-03,3.396235e+01,8.738469e-05,1.772116e-04,2976212.500,2.500000e-04,10.14,234.64
2024,3.982883e-03,3.399046e+01,3.447038e-05,4.782667e-05,2997923.490,3.837604e-03,3.369801e+01,2.221152e-05,4.913751e-05,2985919.195,2.500000e-04,9.95,244.58
2025,4.070223e-03,3.386627e+01,3.511716e-05,6.648505e-05,2997407.889,4.321183e-03,3.414869e+01,6.443463e-05,5.239372e-05,3006282.203,2.500000e-04,9.96,254.54
2026,4.013495e-03,3.394885e+01,3.206437e-05,5.959332e-05,2997636.121,3.753330e-03,3.366005e+01,2.060283e-05,3.625934e-05,2986269.641,2.500000e-04,9.96,264.50
2027,3.976449e-03,3.390199e+01,3.412557e-05,4.899875e-05,2997584.828,3.793216e-03,3.393360e+01,2.730242e-05,2.536627e-05,2995917.484,2.500000e-04,9.83,274.34
2028,4.116035e-03,3.389989e+01,3.413337e-05,7.694242e-05,2997461.096,3.978465e-03,3.449657e+01,2.430679e-05,5.714788e-05,3002126.188,2.500000e-04,9.96,284.29
2029,3.936711e-03,3.395050e+01,2.824182e-05,5.184862e-05,2997927.818,4.137555e-03,3.350073e+01,3.855912e-05,8.037826e-05,2980041.250,2.500000e-04,10.38,294.68
2030,3.946904e-03,3.391521e+01,2.552744e-05,6.002177e-05,2997563.260,3.828111e-03,3.389798e+01,2.261454e-05,4.243359e-05,2991270.766,2.500000e-04,10.15,304.83
2031,4.003070e-03,3.387073e+01,2.898155e-05,6.523638e-05,2997779.996,4.454252e-03,3.343762e+01,6.898569e-05,8.412648e-05,2975449.914,2.500000e-04,10.33,315.16
2032,3.924421e-03,3.389529e+01,3.398725e-05,3.900392e-05,2997514.689,4.005812e-03,3.412480e+01,5.151447e-05,1.563742e-05,3002102.930,2.500000e-04,10.26,325.41
2033,3.977257e-03,3.389219e+01,3.047815e-05,5.665136e-05,2997657.123,3.835049e-03,3.420964e+01,3.261215e-05,1.759281e-05,3005084.727,2.500000e-04,10.12,335.54
2034,3.940465e-03,3.389457e+01,3.247373e-05,4.525413e-05,2997567.033,3.756238e-03,3.441977e+01,1.692349e-05,2.900519e-05,3012705.906,2.500000e-04,10.31,345.84
2035,3.937022e-03,3.390993e+01,2.654437e-05,5.611717e-05,2997790.914,3.917373e-03,3.400736e+01,2.982934e-05,4.366872e-05,2990153.070,2.500000e-04,10.40,356.26
2036,4.122815e-03,3.396520e+01,3.234251e-05,8.057405e-05,2997538.035,4.575155e-03,3.454651e+01,7.078180e-05,8.253720e-05,3020528.602,2.500000e-04,10.61,366.87
2037,4.003763e-03,3.390873e+01,3.175881e-05,5.906032e-05,2997785.271,4.287251e-03,3.349831e+01,4.634786e-05,9.478828e-05,2975746.266,2.500000e-04,10.30,377.17
2038,3.974648e-03,3.394081e+01,3.227142e-05,5.157061e-05,2997596.789,3.873904e-03,3.385123e+01,2.132764e-05,5.510079e-05,2985060.102,2.500000e-04,10.46,387.63
2039,3.959286e-03,3.394429e+01,2.918696e-05,5.459755e-05,2997304.328,4.729324e-03,3.512420e+01,4.858398e-05,1.462128e-04,3030374.562,2.500000e-04,10.47,398.11
2040,4.101902e-03,3.394736e+01,3.506447e-05,7.130426e-05,2997481.580,3.867844e-03,3.432093e+01,1.720862e-05,5.273304e-05,3017218.547,2.500000e-04,10.73,408.83
2041,3.950918e-03,3.391422e+01,3.661233e-05,3.867472e-05,2997738.656,4.742470e-03,3.457613e+01,4.081242e-05,1.753465e-04,3029106.594,2.500000e-04,10.62,419.46
2042,3.930660e-03,3.390847e+01,3.011734e-05,4.772804e-05,2997738.822,3.940596e-03,3.442500e+01,1.980080e-05,6.001757e-05,3018260.578,2.500000e-04,10.55,430.01
2043,3.979889e-03,3.390017e+01,3.032609e-05,5.732231e-05,2997601.309,3.922685e-03,3.415574e+01,2.659540e-05,4.823142e-05,3010962.078,2.500000e-04,10.28,440.29
2044,3.976028e-03,3.393868e+01,2.670856e-05,6.301498e-05,2998004.680,4.162986e-03,3.388930e+01,4.769597e-05,5.941941e-05,2988875.336,2.500000e-04,10.39,450.67
2045,3.986851e-03,3.393821e+01,3.232012e-05,5.396562e-05,2997639.795,4.012048e-03,3.363480e+01,3.463733e-05,6.043903e-05,2980057.453,2.500000e-04,10.55,461.22
2046,4.170531e-03,3.397823e+01,4.746622e-05,5.960925e-05,2997192.037,3.952073e-03,3.424185e+01,2.313458e-05,5.930845e-05,3001787.664,2.500000e-04,10.53,471.75
2047,3.972367e-03,3.391225e+01,2.760905e-05,6.101019e-05,2997975.475,3.910629e-03,3.354565e+01,2.124964e-05,6.871339e-05,2979620.531,2.500000e-04,10.54,482.29
2048,3.938632e-03,3.390466e+01,2.792895e-05,5.377537e-05,2997748.680,3.936588e-03,3.345754e+01,2.183177e-05,7.450333e-05,2981933.266,2.500000e-04,10.40,492.69
2049,3.990409e-03,3.388794e+01,3.461631e-05,5.109031e-05,2997552.482,4.789871e-03,3.341219e+01,3.315981e-05,2.234109e-04,2963880.039,2.500000e-04,10.27,502.96
2050,4.095683e-03,3.388350e+01,3.651622e-05,6.843408e-05,2997200.107,4.020311e-03,3.444071e+01,4.043501e-05,3.437789e-05,3010974.398,2.500000e-04,10.71,513.67
2051,3.955653e-03,3.385169e+01,3.208009e-05,4.993663e-05,2997839.367,3.726723e-03,3.385434e+01,2.233078e-05,2.359627e-05,2991489.906,2.500000e-04,10.69,524.36
2052,4.000981e-03,3.390303e+01,3.080586e-05,6.052383e-05,2997669.949,3.908255e-03,3.353288e+01,2.871224e-05,5.356900e-05,2992451.414,2.500000e-04,10.60,534.96
2053,3.989769e-03,3.392728e+01,2.794157e-05,6.352505e-05,2997406.840,4.649348e-03,3.350924e+01,7.299180e-05,1.137012e-04,2971780.266,2.500000e-04,10.60,545.56
2054,4.151351e-03,3.392569e+01,3.269862e-05,8.635924e-05,2997600.180,4.344285e-03,3.327873e+01,3.023881e-05,1.428049e-04,2968522.336,2.500000e-04,10.61,556.18
2055,4.009203e-03,3.395179e+01,3.154106e-05,5.972273e-05,2997386.377,4.363791e-03,3.467928e+01,3.552660e-05,1.081193e-04,3022722.258,2.500000e-04,10.70,566.88
2056,3.916840e-03,3.392265e+01,3.412696e-05,3.666115e-05,2997861.760,4.307107e-03,3.380586e+01,7.420167e-05,3.690094e-05,2994277.789,2.500000e-04,10.58,577.45
2057,4.097469e-03,3.393244e+01,4.035916e-05,6.012681e-05,2997275.744,3.921057e-03,3.456643e+01,1.328625e-05,6.631019e-05,3017592.766,2.500000e-04,10.47,587.92
2058,3.967255e-03,3.390496e+01,3.393028e-05,4.749127e-05,2997991.383,3.777546e-03,3.403037e+01,2.191700e-05,3.106789e-05,2999804.117,2.500000e-04,10.23,598.15
2059,4.089742e-03,3.391938e+01,3.506196e-05,6.943694e-05,2997759.707,3.786137e-03,3.397754e+01,2.189693e-05,3.388264e-05,3003880.633,2.500000e-04,10.30,608.45
2060,3.972528e-03,3.386565e+01,2.875946e-05,5.967371e-05,2997502.078,4.127999e-03,3.436966e+01,2.821535e-05,8.177586e-05,3013282.117,2.500000e-04,10.15,618.60
2061,4.008575e-03,3.397290e+01,3.492147e-05,5.241403e-05,2997503.477,3.988598e-03,3.429102e+01,2.932998e-05,5.323922e-05,3015064.836,2.500000e-04,10.43,629.04
2062,4.046062e-03,3.389438e+01,4.293149e-05,4.546179e-05,2997891.471,4.167398e-03,3.441558e+01,4.665466e-05,5.185869e-05,2995915.805,2.500000e-04,10.16,639.20
2063,3.996087e-03,3.390706e+01,3.385058e-05,5.337498e-05,2997441.518,4.022711e-03,3.353913e+01,1.757427e-05,9.861103e-05,2973730.039,2.500000e-04,9.90,649.10
2064,4.131788e-03,3.394941e+01,3.274217e-05,8.188518e-05,2997741.412,3.853675e-03,3.353433e+01,1.311037e-05,7.382780e-05,2977722.977,2.500000e-04,9.78,658.87
2065,3.992226e-03,3.391569e+01,3.518721e-05,4.975687e-05,2997484.408,3.704099e-03,3.402409e+01,2.165244e-05,1.703326e-05,3003069.758,2.500000e-04,10.32,669.19
2066,3.913855e-03,3.390263e+01,2.842431e-05,4.786980e-05,2997677.334,4.223311e-03,3.412543e+01,5.005868e-05,6.203610e-05,3014101.000,2.500000e-04,10.44,679.63
2067,3.927732e-03,3.389018e+01,3.418116e-05,3.938039e-05,2997760.213,3.810670e-03,3.344731e+01,2.226235e-05,4.866312e-05,2988225.391,2.500000e-04,9.87,689.50
2068,3.996251e-03,3.387564e+01,3.029737e-05,6.114277e-05,2997353.201,3.761680e-03,3.417831e+01,2.572064e-05,1.732854e-05,3007331.500,2.500000e-04,10.07,699.58
2069,4.015752e-03,3.385655e+01,3.313440e-05,5.975080e-05,2997710.131,4.086410e-03,3.442478e+01,2.863296e-05,7.152035e-05,3020125.711,2.500000e-04,9.99,709.57
2070,3.918060e-03,3.392547e+01,3.149259e-05,4.211731e-05,2997741.270,3.735968e-03,3.417389e+01,2.184316e-05,2.002951e-05,3003660.203,2.500000e-04,9.91,719.48
2071,4.066036e-03,3.389193e+01,3.661543e-05,6.213788e-05,2997642.244,3.994759e-03,3.353970e+01,2.283803e-05,8.248176e-05,2982913.875,2.500000e-04,10.09,729.56
2072,4.094787e-03,3.392812e+01,2.879533e-05,8.280423e-05,2997306.416,3.773565e-03,3.419591e+01,1.634943e-05,3.809590e-05,3004698.727,2.500000e-04,10.01,739.57
2073,4.044112e-03,3.390500e+01,3.895557e-05,5.281123e-05,2997648.910,4.025384e-03,3.429258e+01,4.446601e-05,3.029322e-05,3003009.508,2.500000e-04,9.93,749.50
2074,3.950719e-03,3.392229e+01,3.263492e-05,4.642818e-05,2997821.982,3.881872e-03,3.441646e+01,2.239517e-05,4.325493e-05,3015878.203,2.500000e-04,9.84,759.34
2075,4.058974e-03,3.387623e+01,2.995185e-05,7.436644e-05,2997767.127,3.878276e-03,3.363377e+01,1.633829e-05,7.030323e-05,2978174.766,2.500000e-04,9.84,769.18
2076,3.885734e-03,3.388557e+01,3.003337e-05,3.936874e-05,2997546.383,3.776489e-03,3.414242e+01,1.986402e-05,3.272133e-05,3011370.797,2.500000e-04,9.89,779.07
2077,4.012746e-03,3.393924e+01,3.768296e-05,4.839868e-05,2997717.211,3.954235e-03,3.389879e+01,3.756263e-05,3.774587e-05,2998508.453,2.500000e-04,10.33,789.40
2078,3.963494e-03,3.388181e+01,3.512049e-05,4.482170e-05,2997573.588,3.749423e-03,3.420483e+01,1.714073e-05,3.150647e-05,3010764.234,2.500000e-04,10.05,799.45
2079,4.043817e-03,3.386646e+01,3.326812e-05,6.489793e-05,2997449.131,3.693200e-03,3.418343e+01,1.956837e-05,1.583473e-05,3002439.836,2.500000e-04,10.22,809.67
2080,3.931096e-03,3.392894e+01,3.216817e-05,4.330403e-05,2997791.514,3.719361e-03,3.390038e+01,2.036478e-05,2.513512e-05,2992874.281,2.500000e-04,10.30,819.96
2081,3.972777e-03,3.384088e+01,3.377032e-05,5.019719e-05,2997628.996,4.209217e-03,3.455483e+01,5.056656e-05,4.961381e-05,3014499.242,2.500000e-04,10.43,830.39
2082,4.091236e-03,3.388210e+01,4.140371e-05,5.779788e-05,2997517.721,3.768875e-03,3.389959e+01,1.993313e-05,3.591703e-05,2990545.727,2.500000e-04,10.25,840.65
2083,3.912115e-03,3.389210e+01,2.642078e-05,5.173948e-05,2997772.982,3.773510e-03,3.416101e+01,1.536080e-05,4.076036e-05,3012817.047,2.500000e-04,10.41,851.06
2084,3.995361e-03,3.389182e+01,3.455945e-05,5.211703e-05,2997431.910,3.695390e-03,3.410401e+01,1.974958e-05,1.749865e-05,3006744.141,2.500000e-04,10.22,861.28
2085,3.999605e-03,3.388902e+01,3.257049e-05,5.699972e-05,2997675.951,3.917493e-03,3.386428e+01,2.858996e-05,4.903304e-05,2995414.227,2.500000e-04,10.32,871.61
2086,4.004418e-03,3.389156e+01,3.469657e-05,5.365933e-05,2997289.988,4.754556e-03,3.475471e+01,4.233076e-05,1.711556e-04,3034395.086,2.500000e-04,10.38,881.99
2087,4.027831e-03,3.390027e+01,3.486850e-05,5.782379e-05,2997803.635,3.678803e-03,3.403234e+01,1.773310e-05,1.964767e-05,3004227.438,2.500000e-04,10.35,892.34
2088,4.021109e-03,3.391929e+01,3.186726e-05,6.210147e-05,2997609.006,3.716956e-03,3.396582e+01,2.126620e-05,2.154240e-05,2999450.117,2.500000e-04,10.46,902.80
2089,3.992499e-03,3.391898e+01,3.514940e-05,4.982131e-05,2997841.309,4.291217e-03,3.331998e+01,2.357548e-05,1.446929e-04,2965779.469,2.500000e-04,10.13,912.92
2090,4.054593e-03,3.389994e+01,3.645969e-05,6.000041e-05,2997411.146,3.851877e-03,3.347411e+01,1.615910e-05,6.857502e-05,2980778.133,2.500000e-04,10.60,923.52
2091,4.095670e-03,3.394259e+01,3.843642e-05,6.340951e-05,2997693.926,4.391265e-03,3.369186e+01,7.569023e-05,5.303543e-05,2989079.961,2.500000e-04,10.20,933.72
2092,4.113030e-03,3.390749e+01,3.838585e-05,6.768452e-05,2997630.639,4.512254e-03,3.333283e+01,3.575434e-05,1.642855e-04,2963687.289,2.500000e-04,10.12,943.84
2093,4.073698e-03,3.390319e+01,3.547176e-05,6.573211e-05,2997172.000,4.491222e-03,3.453069e+01,2.399415e-05,1.596422e-04,3023254.219,2.500000e-04,10.35,954.19
2094,4.047691e-03,3.391811e+01,3.283815e-05,6.549982e-05,2998009.236,4.242409e-03,3.392113e+01,6.476659e-05,4.052604e-05,2996432.125,2.500000e-04,10.54,964.73
2095,4.068727e-03,3.392583e+01,4.224368e-05,5.074146e-05,2997137.818,3.890170e-03,3.417861e+01,3.972771e-05,1.500659e-05,2998509.922,2.500000e-04,10.71,975.44
2096,3.967543e-03,3.390954e+01,3.119239e-05,5.293313e-05,2997835.762,3.741271e-03,3.408669e+01,1.907072e-05,2.837900e-05,3002182.914,2.500000e-04,10.59,986.03
2097,3.929501e-03,3.392120e+01,3.105859e-05,4.535908e-05,2997555.604,3.769127e-03,3.407046e+01,2.312162e-05,2.617297e-05,3007228.695,2.500000e-04,10.70,996.73
2098,3.981933e-03,3.393933e+01,2.999093e-05,5.761819e-05,2997785.783,4.337773e-03,3.352712e+01,3.825185e-05,1.205086e-04,2971036.336,2.500000e-04,10.68,1007.41
2099,3.954736e-03,3.389762e+01,3.560797e-05,4.177884e-05,2997517.271,3.876310e-03,3.430386e+01,2.963363e-05,2.991764e-05,3012088.344,2.500000e-04,10.52,1017.93
2100,3.888279e-03,3.387946e+01,2.521914e-05,4.962842e-05,2997895.354,4.058389e-03,3.340041e+01,2.345937e-05,9.675078e-05,2976972.289,2.500000e-04,10.10,1028.03
2101,3.893765e-03,3.384991e+01,2.732309e-05,4.710860e-05,2997476.506,3.658750e-03,3.417911e+01,1.687369e-05,1.442039e-05,3005689.828,2.500000e-04,10.47,1038.50
2102,3.938901e-03,3.387497e+01,3.394761e-05,4.238560e-05,2997556.258,3.843077e-03,3.374529e+01,3.175858e-05,3.019236e-05,2993828.031,2.500000e-04,10.69,1049.19
2103,3.957850e-03,3.391457e+01,2.911075e-05,5.505698e-05,2997770.158,3.666862e-03,3.366620e+01,1.448958e-05,3.106932e-05,2989062.148,2.500000e-04,10.66,1059.85
2104,3.968377e-03,3.388652e+01,3.395568e-05,4.803372e-05,2997580.709,3.831849e-03,3.338722e+01,1.634875e-05,6.592797e-05,2987797.859,2.500000e-04,10.57,1070.43
2105,3.937956e-03,3.386944e+01,2.737973e-05,5.544294e-05,2997770.064,3.636757e-03,3.392155e+01,1.551061e-05,1.789912e-05,3000428.180,2.500000e-04,10.21,1080.63
2106,3.934655e-03,3.385575e+01,3.011769e-05,4.958075e-05,2997571.922,3.742306e-03,3.394936e+01,2.089593e-05,2.768212e-05,2990474.023,2.500000e-04,10.21,1090.85
2107,4.144670e-03,3.396654e+01,3.321267e-05,8.317786e-05,2997653.648,4.053532e-03,3.400082e+01,4.646057e-05,3.776894e-05,3007138.758,2.500000e-04,10.52,1101.37
2108,3.920678e-03,3.386665e+01,3.043014e-05,4.594229e-05,2997753.941,3.798506e-03,3.354230e+01,2.023841e-05,4.837839e-05,2988791.633,2.500000e-04,10.34,1111.71
2109,4.100019e-03,3.389867e+01,3.871780e-05,6.459473e-05,2997475.176,4.012257e-03,3.398306e+01,4.891307e-05,2.496405e-05,2991861.617,2.500000e-04,10.23,1121.95
2110,3.849537e-03,3.391068e+01,2.770764e-05,3.627840e-05,2997728.189,4.034183e-03,3.372217e+01,5.306114e-05,2.627075e-05,2993051.992,2.500000e-04,10.28,1132.23
2111,3.950919e-03,3.385821e+01,3.377926e-05,4.546100e-05,2997328.055,3.954981e-03,3.420173e+01,4.070777e-05,2.554604e-05,3005742.219,2.500000e-04,10.29,1142.51
2112,4.007222e-03,3.386898e+01,3.891010e-05,4.624466e-05,2997661.494,4.354158e-03,3.449887e+01,3.811920e-05,1.046158e-04,3025312.734,2.500000e-04,10.42,1152.94
2113,4.092534e-03,3.387437e+01,3.460749e-05,7.180457e-05,2998121.363,3.859499e-03,3.382367e+01,2.701166e-05,4.140305e-05,2989981.203,2.500000e-04,9.89,1162.82
2114,3.958176e-03,3.390847e+01,2.682568e-05,5.981449e-05,2997470.574,6.127916e-03,3.366033e+01,1.567682e-04,2.388402e-04,2957857.617,2.500000e-04,9.95,1172.77
2115,3.956673e-03,3.393392e+01,3.110081e-05,5.045459e-05,2997476.955,3.792396e-03,3.403801e+01,2.749724e-05,2.272455e-05,3006659.336,2.500000e-04,10.07,1182.84
2116,3.955559e-03,3.389754e+01,3.273194e-05,4.769717e-05,2997771.559,3.634792e-03,3.396648e+01,1.836663e-05,1.089563e-05,2998068.312,2.500000e-04,10.01,1192.85
2117,3.875546e-03,3.392312e+01,2.668740e-05,4.327190e-05,2997835.736,4.530374e-03,3.336356e+01,3.535578e-05,1.680922e-04,2965451.219,2.500000e-04,10.02,1202.87
2118,4.076567e-03,3.390176e+01,3.469639e-05,6.788548e-05,2997504.961,3.835339e-03,3.366830e+01,2.758309e-05,3.853569e-05,2986306.227,2.500000e-04,10.16,1213.03
2119,3.866144e-03,3.383770e+01,2.712397e-05,4.222686e-05,2997647.703,4.202991e-03,3.400308e+01,3.630425e-05,8.792829e-05,2985106.031,2.500000e-04,9.77,1222.80
2120,3.972490e-03,3.392731e+01,3.260541e-05,5.074100e-05,2997647.295,4.154130e-03,3.346337e+01,2.844260e-05,1.046734e-04,2978067.039,2.500000e-04,10.19,1232.99
2121,4.055893e-03,3.388544e+01,3.662868e-05,6.021249e-05,2997430.402,3.846972e-03,3.408447e+01,2.044997e-05,4.680492e-05,3007388.164,2.500000e-04,9.87,1242.85
2122,3.920603e-03,3.388868e+01,2.890562e-05,4.853574e-05,2997846.230,3.743125e-03,3.380938e+01,2.318058e-05,2.607626e-05,3003135.602,2.500000e-04,9.68,1252.54
2123,3.938932e-03,3.388367e+01,3.227178e-05,4.556938e-05,2997417.115,4.307212e-03,3.409833e+01,6.554792e-05,4.837998e-05,3012286.141,2.500000e-04,10.08,1262.62
2124,4.104225e-03,3.391055e+01,3.624285e-05,7.014843e-05,2997529.523,3.700690e-03,3.413346e+01,1.732085e-05,2.282712e-05,3008152.055,2.500000e-04,9.90,1272.52
2125,3.930054e-03,3.387957e+01,3.493386e-05,3.855169e-05,2997968.408,3.768408e-03,3.356575e+01,2.060562e-05,4.115531e-05,2988369.312,2.500000e-04,9.83,1282.35
2126,4.078394e-03,3.385000e+01,3.713268e-05,6.441341e-05,2997337.449,4.143450e-03,3.405672e+01,5.581120e-05,3.593331e-05,3007061.156,2.500000e-04,10.13,1292.48
2127,4.112203e-03,3.391789e+01,3.214300e-05,7.979674e-05,2997600.949,4.163963e-03,3.359620e+01,2.960659e-05,1.016554e-04,2980479.930,2.500000e-04,9.93,1302.41
2128,4.003321e-03,3.389683e+01,3.626520e-05,5.019715e-05,2997411.305,3.717666e-03,3.393407e+01,2.199491e-05,2.086193e-05,2995413.938,2.500000e-04,10.28,1312.68
2129,4.031662e-03,3.394863e+01,3.317818e-05,6.100329e-05,2997698.293,3.737848e-03,3.388370e+01,1.568067e-05,3.853430e-05,2988528.953,2.500000e-04,10.49,1323.17
2130,4.169204e-03,3.390207e+01,3.236950e-05,9.106039e-05,2997455.512,3.731377e-03,3.424172e+01,1.927666e-05,2.288770e-05,3010122.633,2.500000e-04,10.41,1333.58
2131,3.974217e-03,3.391298e+01,2.487026e-05,6.684343e-05,2997590.525,3.772363e-03,3.411986e+01,2.520895e-05,2.165742e-05,3007504.438,2.500000e-04,10.39,1343.98
2132,3.942294e-03,3.389690e+01,3.155644e-05,4.740795e-05,2997680.107,4.062046e-03,3.435858e+01,3.166457e-05,6.190852e-05,3017217.617,2.500000e-04,10.33,1354.31
2133,4.037566e-03,3.395865e+01,3.245577e-05,6.342870e-05,2997566.348,3.962418e-03,3.411437e+01,2.779497e-05,5.460627e-05,3005546.609,2.500000e-04,10.25,1364.56
2134,3.986032e-03,3.393380e+01,3.268267e-05,5.316513e-05,2998161.312,4.446208e-03,3.371416e+01,8.625637e-05,4.244578e-05,2991362.922,2.500000e-04,10.12,1374.68
2135,3.942670e-03,3.389951e+01,3.316092e-05,4.422204e-05,2997346.512,3.631785e-03,3.389059e+01,1.846342e-05,1.161825e-05,3000343.758,2.500000e-04,10.52,1385.21
2136,3.973445e-03,3.386240e+01,3.066800e-05,5.610494e-05,2997860.787,4.499702e-03,3.325682e+01,3.736018e-05,1.600837e-04,2966857.531,2.500000e-04,10.39,1395.60
2137,4.062397e-03,3.388016e+01,3.674475e-05,6.138669e-05,2997342.059,5.189601e-03,3.358280e+01,8.201795e-05,2.022284e-04,2961962.352,2.500000e-04,10.19,1405.78
2138,4.062982e-03,3.391361e+01,3.750465e-05,5.931491e-05,2997796.416,3.752661e-03,3.405635e+01,2.271912e-05,2.396690e-05,2992734.711,2.500000e-04,10.11,1415.89
2139,4.001348e-03,3.390676e+01,3.599967e-05,5.013516e-05,2997498.666,3.892365e-03,3.387965e+01,1.804674e-05,6.478646e-05,3009312.000,2.500000e-04,10.29,1426.19
2140,3.941097e-03,3.387856e+01,3.241374e-05,4.582083e-05,2997639.320,3.839325e-03,3.375296e+01,3.117377e-05,3.045818e-05,2986531.758,2.500000e-04,10.39,1436.58
2141,3.928800e-03,3.387006e+01,3.041532e-05,4.752815e-05,2997564.146,3.820884e-03,3.379290e+01,2.090064e-05,4.651761e-05,2993267.398,2.500000e-04,10.43,1447.00
2142,3.886886e-03,3.388560e+01,2.576914e-05,4.812690e-05,2997743.668,3.859460e-03,3.388776e+01,1.763727e-05,5.886229e-05,2983993.312,2.500000e-04,10.09,1457.09
2143,3.929988e-03,3.388886e+01,3.005410e-05,4.811228e-05,2997692.688,3.978607e-03,3.436755e+01,3.535818e-05,3.765421e-05,3007101.289,2.500000e-04,10.24,1467.34
2144,4.105475e-03,3.383647e+01,3.855422e-05,6.725702e-05,2996954.553,3.821977e-03,3.366921e+01,2.186629e-05,4.727873e-05,2986539.789,2.500000e-04,9.94,1477.28
2145,4.173312e-03,3.391052e+01,3.539926e-05,8.565354e-05,2997649.682,4.248627e-03,3.428070e+01,5.085524e-05,6.240091e-05,3008180.484,2.500000e-04,10.14,1487.42
2146,4.007500e-03,3.392030e+01,3.734573e-05,4.840256e-05,2998161.012,3.876910e-03,3.349691e+01,2.245075e-05,6.054227e-05,2978217.047,2.500000e-04,10.24,1497.66
2147,4.044092e-03,3.388241e+01,3.216504e-05,6.684007e-05,2997521.424,4.189900e-03,3.429892e+01,6.491129e-05,2.217922e-05,3009725.492,2.500000e-04,10.04,1507.70
2148,3.976520e-03,3.392651e+01,3.526229e-05,4.624926e-05,2997465.828,3.784182e-03,3.442694e+01,1.590076e-05,3.649620e-05,3013977.609,2.500000e-04,9.91,1517.62
2149,4.065713e-03,3.389616e+01,3.475753e-05,6.570430e-05,2997529.420,4.248481e-03,3.428504e+01,3.147141e-05,1.010526e-04,3023240.844,2.500000e-04,9.95,1527.56
2150,4.025679e-03,3.391549e+01,3.383240e-05,5.916117e-05,2998123.959,4.463095e-03,3.304052e+01,1.453899e-05,2.027306e-04,2958848.352,2.500000e-04,10.14,1537.70
2151,3.961964e-03,3.387029e+01,3.048064e-05,5.402569e-05,2997099.576,3.884070e-03,3.458504e+01,2.051836e-05,4.407648e-05,3013906.898,2.500000e-04,10.14,1547.84
2152,3.955411e-03,3.392510e+01,2.967372e-05,5.323271e-05,2998035.750,4.920363e-03,3.286739e+01,7.060321e-05,1.855185e-04,2963285.305,2.500000e-04,10.07,1557.91
2153,4.017845e-03,3.385595e+01,3.600330e-05,5.444346e-05,2997432.367,4.060874e-03,3.381747e+01,3.905744e-05,5.771054e-05,2984436.180,2.500000e-04,9.89,1567.80
2154,3.918368e-03,3.388684e+01,2.841454e-05,4.910777e-05,2997672.650,4.025615e-03,3.406629e+01,4.613359e-05,3.153003e-05,2994767.031,2.500000e-04,10.04,1577.84
2155,3.968227e-03,3.384995e+01,3.166843e-05,5.330950e-05,2997968.502,4.754183e-03,3.328336e+01,3.743588e-05,2.102975e-04,2959548.602,2.500000e-04,9.89,1587.72
2156,3.995849e-03,3.387338e+01,2.945715e-05,6.278786e-05,2997546.658,3.826970e-03,3.344924e+01,1.485626e-05,6.669658e-05,2980007.664,2.500000e-04,9.82,1597.55
2157,3.915829e-03,3.387467e+01,3.022198e-05,4.522843e-05,2997542.809,4.308067e-03,3.395562e+01,8.004057e-05,2.242000e-05,2993464.953,2.500000e-04,10.05,1607.60
2158,4.083016e-03,3.388910e+01,4.076986e-05,5.728160e-05,2997424.125,3.770663e-03,3.422209e+01,2.281860e-05,2.405367e-05,3009741.148,2.500000e-04,9.96,1617.55
2159,4.105895e-03,3.390514e+01,4.505127e-05,5.297367e-05,2997831.188,3.938390e-03,3.349962e+01,2.416365e-05,6.935838e-05,2982884.289,2.500000e-04,10.28,1627.83
2160,3.953936e-03,3.387671e+01,3.649584e-05,4.026140e-05,2997567.578,3.760410e-03,3.390385e+01,2.509781e-05,2.380930e-05,3001605.500,2.500000e-04,10.16,1637.99
2161,4.009995e-03,3.388677e+01,3.121692e-05,6.182974e-05,2997302.889,3.939044e-03,3.444539e+01,1.984417e-05,5.921272e-05,3019960.500,2.500000e-04,10.04,1648.03
2162,3.989057e-03,3.386142e+01,3.160325e-05,5.737665e-05,2997804.445,4.242648e-03,3.326684e+01,2.123151e-05,1.407296e-04,2966480.625,2.500000e-04,10.14,1658.17
2163,3.919434e-03,3.387154e+01,2.693525e-05,5.258548e-05,2997515.264,4.045173e-03,3.431045e+01,3.680186e-05,4.922192e-05,3014990.305,2.500000e-04,9.92,1668.09
2164,3.934501e-03,3.384639e+01,2.731816e-05,5.533594e-05,2997886.049,3.949825e-03,3.342422e+01,2.459656e-05,7.228754e-05,2979780.711,2.500000e-04,10.12,1678.21
2165,3.960111e-03,3.387599e+01,3.486979e-05,4.476282e-05,2997213.420,4.598789e-03,3.407271e+01,6.114357e-05,1.160165e-04,3013507.141,2.500000e-04,10.21,1688.42
2166,3.984487e-03,3.384041e+01,3.848360e-05,4.312198e-05,2997524.910,4.574636e-03,3.441308e+01,4.510251e-05,1.364607e-04,3027126.680,2.500000e-04,10.29,1698.71
2167,4.083013e-03,3.391650e+01,3.448475e-05,6.930326e-05,2997666.010,4.148843e-03,3.417495e+01,3.859970e-05,6.907021e-05,3019169.312,2.500000e-04,10.05,1708.76
2168,4.028934e-03,3.391634e+01,3.202683e-05,6.340622e-05,2998317.869,4.312183e-03,3.362922e+01,6.354863e-05,6.275498e-05,2981426.562,2.500000e-04,10.28,1719.04
2169,4.042937e-03,3.386940e+01,3.207681e-05,6.704577e-05,2997017.736,3.958235e-03,3.399795e+01,2.957510e-05,5.253793e-05,2988594.164,2.500000e-04,10.52,1729.56
2170,3.875752e-03,3.384554e+01,3.189726e-05,3.444510e-05,2997907.973,3.893585e-03,3.441264e+01,2.494812e-05,4.056808e-05,3014987.969,2.500000e-04,10.61,1740.17
2171,3.908384e-03,3.384610e+01,2.796216e-05,4.883042e-05,2997701.873,3.995613e-03,3.423414e+01,3.976418e-05,3.491149e-05,3014160.789,2.500000e-04,10.75,1750.91
2172,3.983331e-03,3.385398e+01,3.407852e-05,5.142954e-05,2997854.256,4.015757e-03,3.323600e+01,2.332556e-05,9.178016e-05,2977537.156,2.500000e-04,10.28,1761.19
2173,3.976808e-03,3.385188e+01,2.994571e-05,5.843254e-05,2997573.734,4.007402e-03,3.337033e+01,2.678451e-05,8.050480e-05,2976762.141,2.500000e-04,10.42,1771.61
2174,4.132687e-03,3.385027e+01,4.431129e-05,6.090953e-05,2997794.350,5.008487e-03,3.304670e+01,6.544026e-05,2.098829e-04,2958129.852,2.500000e-04,10.34,1781.95
2175,3.967465e-03,3.383625e+01,3.433147e-05,4.810512e-05,2997291.176,4.039090e-03,3.349345e+01,3.079844e-05,7.635221e-05,2977275.328,2.500000e-04,10.07,1792.02
2176,3.980807e-03,3.389126e+01,3.237790e-05,5.358056e-05,2997661.693,3.811229e-03,3.399514e+01,2.141318e-05,3.951677e-05,3008938.852,2.500000e-04,10.17,1802.19
2177,3.918590e-03,3.387201e+01,3.089379e-05,4.449015e-05,2997782.246,3.901416e-03,3.368089e+01,2.052965e-05,6.560624e-05,2978890.156,2.500000e-04,10.28,1812.47
2178,4.099362e-03,3.393497e+01,3.393532e-05,7.330253e-05,2997497.258,3.772408e-03,3.396416e+01,2.816104e-05,1.887640e-05,3004526.484,2.500000e-04,9.74,1822.21
2179,3.951571e-03,3.386483e+01,3.305145e-05,4.691469e-05,2997733.508,3.687076e-03,3.384042e+01,1.325809e-05,3.409048e-05,3001103.836,2.500000e-04,9.92,1832.13
2180,4.072016e-03,3.390578e+01,3.521360e-05,6.586038e-05,2997753.164,3.818439e-03,3.376747e+01,2.794776e-05,3.244288e-05,2987722.227,2.500000e-04,9.98,1842.11
2181,4.031893e-03,3.387972e+01,3.005029e-05,6.868377e-05,2997584.531,4.159561e-03,3.313503e+01,1.390662e-05,1.413985e-04,2966963.453,2.500000e-04,10.15,1852.26
2182,3.940827e-03,3.386772e+01,3.428157e-05,4.224786e-05,2997790.324,3.800670e-03,3.394923e+01,3.480182e-05,1.154584e-05,2993572.852,2.500000e-04,10.09,1862.34
2183,3.968191e-03,3.387090e+01,3.253487e-05,5.115033e-05,2997527.609,3.853347e-03,3.397334e+01,2.804314e-05,3.511631e-05,2992601.602,2.500000e-04,10.15,1872.49
2184,3.972338e-03,3.388098e+01,3.410530e-05,4.863750e-05,2997434.027,4.467332e-03,3.448680e+01,5.736133e-05,8.900781e-05,3019219.297,2.500000e-04,10.02,1882.51
2185,3.979801e-03,3.387005e+01,3.498307e-05,4.859304e-05,2997731.061,3.820770e-03,3.393474e+01,3.488347e-05,1.569221e-05,3002177.320,2.500000e-04,9.85,1892.36
2186,4.100361e-03,3.387097e+01,3.669164e-05,6.926964e-05,2997348.455,4.255873e-03,3.453086e+01,4.334531e-05,7.386691e-05,3013799.008,2.500000e-04,10.01,1902.37
2187,4.132252e-03,3.390210e+01,3.655136e-05,7.530563e-05,2997573.832,4.137315e-03,3.408547e+01,5.717437e-05,3.140482e-05,3009683.492,2.500000e-04,10.14,1912.51
2188,3.888720e-03,3.387758e+01,2.883786e-05,4.251684e-05,2997945.092,4.364668e-03,3.308179e+01,3.672942e-05,1.378390e-04,2966863.477,2.500000e-04,10.28,1922.79
2189,4.092450e-03,3.386825e+01,3.353387e-05,7.405725e-05,2997349.629,4.475911e-03,3.449758e+01,5.496076e-05,9.530916e-05,3014915.133,2.500000e-04,10.37,1933.16
2190,3.886754e-03,3.387046e+01,2.888628e-05,4.216901e-05,2998015.365,3.985021e-03,3.385512e+01,4.502313e-05,2.985563e-05,2999828.445,2.500000e-04,10.00,1943.16
2191,3.937707e-03,3.384057e+01,2.988621e-05,5.095751e-05,2997609.078,4.105023e-03,3.350103e+01,2.646511e-05,9.805375e-05,2975090.648,2.500000e-04,9.99,1953.15
2192,4.039873e-03,3.382625e+01,3.287784e-05,6.569388e-05,2997637.834,4.391066e-03,3.396117e+01,4.621049e-05,1.065689e-04,2988075.672,2.500000e-04,10.24,1963.40
2193,3.946227e-03,3.390906e+01,2.757314e-05,5.591780e-05,2997525.619,4.608008e-03,3.304725e+01,1.940133e-05,2.218541e-04,2957441.297,2.500000e-04,10.22,1973.61
2194,4.190158e-03,3.392086e+01,3.642017e-05,8.677406e-05,2997446.590,4.026173e-03,3.409148e+01,5.128830e-05,2.082836e-05,2993178.367,2.500000e-04,10.17,1983.78
2195,3.954027e-03,3.394088e+01,3.360864e-05,4.477047e-05,2997732.008,3.829044e-03,3.363729e+01,2.311341e-05,4.683604e-05,2982738.148,2.500000e-04,10.01,1993.79
2196,4.126048e-03,3.392236e+01,3.923057e-05,6.830132e-05,2997504.238,3.904200e-03,3.419458e+01,2.403780e-05,4.887278e-05,3014394.570,2.500000e-04,9.91,2003.70
2197,4.136910e-03,3.387901e+01,3.840548e-05,7.299085e-05,2997850.004,4.433904e-03,3.338264e+01,4.100158e-05,1.371248e-04,2967518.516,2.500000e-04,9.96,2013.67
2198,3.930646e-03,3.386998e+01,2.926011e-05,5.020927e-05,2997258.521,3.780721e-03,3.417490e+01,2.169216e-05,2.926195e-05,3008576.141,2.500000e-04,9.63,2023.30
2199,3.960554e-03,3.389232e+01,2.952840e-05,5.520763e-05,2997859.043,4.363638e-03,3.339467e+01,6.350454e-05,7.782504e-05,2978619.898,2.500000e-04,9.98,2033.28
2200,3.988725e-03,3.386284e+01,3.158087e-05,5.732651e-05,2997862.475,4.117939e-03,3.417136e+01,5.406080e-05,3.203903e-05,3010535.594,2.500000e-04,10.14,2043.42
2201,4.062448e-03,3.388104e+01,3.646286e-05,6.194322e-05,2997405.594,3.977792e-03,3.388124e+01,2.739168e-05,6.315022e-05,2987119.727,2.500000e-04,9.95,2053.37
2202,4.026484e-03,3.389410e+01,3.712925e-05,5.315636e-05,2997620.354,4.072513e-03,3.382492e+01,4.773679e-05,4.253064e-05,2981958.148,2.500000e-04,10.13,2063.50
2203,4.022883e-03,3.395393e+01,3.717468e-05,5.114869e-05,2997713.908,4.354428e-03,3.363932e+01,7.772473e-05,4.264981e-05,2983657.086,2.500000e-04,10.14,2073.64
2204,3.993511e-03,3.385530e+01,3.247022e-05,5.665576e-05,2997641.744,4.004689e-03,3.348342e+01,2.200010e-05,8.726923e-05,2974340.125,2.500000e-04,10.26,2083.89
2205,3.966958e-03,3.387395e+01,3.060727e-05,5.469803e-05,2997655.711,3.736275e-03,3.355304e+01,1.389907e-05,4.839605e-05,2981049.438,2.500000e-04,10.55,2094.45
2206,4.067557e-03,3.390233e+01,3.406582e-05,6.733324e-05,2997565.039,3.988077e-03,3.381579e+01,4.422257e-05,3.285451e-05,2990665.336,2.500000e-04,10.66,2105.11
2207,4.028452e-03,3.388761e+01,2.740456e-05,7.312909e-05,2997418.266,3.942538e-03,3.450157e+01,3.123687e-05,3.600261e-05,3012398.859,2.500000e-04,10.69,2115.80
2208,3.824703e-03,3.388502e+01,2.745336e-05,3.233340e-05,2997832.889,3.891160e-03,3.351374e+01,2.195233e-05,6.405262e-05,2978371.891,2.500000e-04,10.82,2126.62
2209,3.926822e-03,3.383874e+01,2.967552e-05,4.923849e-05,2997454.395,3.781946e-03,3.406401e+01,1.979574e-05,3.551742e-05,3010121.961,2.500000e-04,10.51,2137.13
2210,3.986176e-03,3.386231e+01,3.225770e-05,5.547362e-05,2997816.488,3.839694e-03,3.350765e+01,1.289991e-05,7.198602e-05,2976901.742,2.500000e-04,10.64,2147.77
2211,3.903756e-03,3.386713e+01,2.891375e-05,4.558108e-05,2997526.812,3.694065e-03,3.379696e+01,2.187483e-05,1.912405e-05,2995344.945,2.500000e-04,10.69,2158.46
2212,3.980900e-03,3.388885e+01,3.031857e-05,5.776589e-05,2997892.248,4.799540e-03,3.338636e+01,2.812476e-05,2.359313e-04,2972250.258,2.500000e-04,10.52,2168.98
2213,3.920883e-03,3.384869e+01,2.849772e-05,5.020737e-05,2997211.828,3.899895e-03,3.433231e+01,1.583122e-05,6.167043e-05,3017939.234,2.500000e-04,10.43,2179.41
2214,3.857925e-03,3.382686e+01,2.962446e-05,3.579881e-05,2997973.777,3.893823e-03,3.397787e+01,3.748206e-05,2.424325e-05,3004233.922,2.500000e-04,10.36,2189.77
2215,4.062424e-03,3.384320e+01,4.284398e-05,4.993288e-05,2997324.225,4.152462e-03,3.441402e+01,3.921261e-05,6.378661e-05,3020497.664,2.500000e-04,10.16,2199.94
2216,4.049611e-03,3.385978e+01,3.242451e-05,6.787750e-05,2997748.656,3.607680e-03,3.387249e+01,1.516437e-05,1.375751e-05,2994377.133,2.500000e-04,10.39,2210.33
2217,4.135897e-03,3.387660e+01,4.207895e-05,6.548941e-05,2997257.953,4.043198e-03,3.449505e+01,2.663959e-05,6.545946e-05,3021249.117,2.500000e-04,10.26,2220.59
2218,3.953055e-03,3.385619e+01,3.072136e-05,5.204450e-05,2997815.680,3.774786e-03,3.412802e+01,2.264401e-05,2.710878e-05,3009748.117,2.500000e-04,10.32,2230.91
2219,3.956525e-03,3.389818e+01,2.712449e-05,5.909241e-05,2997678.867,3.634905e-03,3.402125e+01,1.710017e-05,1.235573e-05,3001379.461,2.500000e-04,10.14,2241.05
2220,3.896733e-03,3.386055e+01,3.088985e-05,4.035594e-05,2997964.119,4.210919e-03,3.347964e+01,3.459696e-05,1.033972e-04,2973911.203,2.500000e-04,10.22,2251.27
2221,4.061503e-03,3.383260e+01,3.747771e-05,6.069317e-05,2997390.256,4.068955e-03,3.372801e+01,5.474069e-05,2.974943e-05,2985738.609,2.500000e-04,10.01,2261.28
2222,4.025508e-03,3.385012e+01,2.862985e-05,7.083961e-05,2997249.941,5.282078e-03,3.504727e+01,4.816946e-05,2.591314e-04,3046588.539,2.500000e-04,10.05,2271.33
2223,3.990854e-03,3.385683e+01,2.957637e-05,6.188157e-05,2997717.229,3.936606e-03,3.450834e+01,2.325650e-05,5.064132e-05,3013006.078,2.500000e-04,10.11,2281.44
2224,3.967197e-03,3.390187e+01,3.304558e-05,4.931088e-05,2997778.912,3.815642e-03,3.386144e+01,3.640074e-05,1.309811e-05,2996002.414,2.500000e-04,9.89,2291.33
2225,4.076101e-03,3.390289e+01,4.040104e-05,5.636035e-05,2997545.152,3.810718e-03,3.387650e+01,3.510847e-05,1.439680e-05,2996250.508,2.500000e-04,9.91,2301.24
2226,4.028329e-03,3.388324e+01,3.056541e-05,6.687024e-05,2997825.863,3.821830e-03,3.381899e+01,2.803986e-05,3.190639e-05,2988179.125,2.500000e-04,10.09,2311.33
2227,4.005152e-03,3.384387e+01,3.369455e-05,5.676378e-05,2997389.520,4.179609e-03,3.477250e+01,3.115230e-05,7.816702e-05,3021719.812,2.500000e-04,10.08,2321.41
2228,4.070881e-03,3.392112e+01,3.830400e-05,5.914568e-05,2997662.289,3.895153e-03,3.369566e+01,3.806726e-05,2.898291e-05,2992416.391,2.500000e-04,10.07,2331.48
2229,3.898129e-03,3.387050e+01,2.968931e-05,4.283721e-05,2997830.600,3.759408e-03,3.355679e+01,1.577490e-05,4.919607e-05,2993740.281,2.500000e-04,9.99,2341.47
2230,3.902274e-03,3.386589e+01,2.982571e-05,4.348567e-05,2997551.594,3.830356e-03,3.418579e+01,2.895016e-05,2.445512e-05,3009323.836,2.500000e-04,9.91,2351.39
2231,3.919563e-03,3.385545e+01,3.183175e-05,4.314018e-05,2997837.852,3.681650e-03,3.358912e+01,1.823262e-05,2.808236e-05,2987686.070,2.500000e-04,10.23,2361.62
2232,3.867237e-03,3.381724e+01,2.594269e-05,4.521732e-05,2997695.121,3.876273e-03,3.385998e+01,3.427665e-05,2.950162e-05,2992834.070,2.500000e-04,10.08,2371.70
2233,4.017417e-03,3.388344e+01,3.305932e-05,5.969597e-05,2997383.168,3.663841e-03,3.389285e+01,1.709415e-05,2.072298e-05,2996030.969,2.500000e-04,9.88,2381.58
2234,3.990880e-03,3.387568e+01,3.082527e-05,5.901188e-05,2997560.758,3.805782e-03,3.366396e+01,2.861153e-05,3.065412e-05,2987516.734,2.500000e-04,9.95,2391.53
2235,3.944428e-03,3.388142e+01,2.869026e-05,5.387667e-05,2997764.105,3.768701e-03,3.360267e+01,2.028398e-05,4.111888e-05,2986796.492,2.500000e-04,10.20,2401.73
2236,3.850656e-03,3.383025e+01,3.276130e-05,2.800360e-05,2997650.098,3.755987e-03,3.369947e+01,2.079523e-05,3.561760e-05,2989054.555,2.500000e-04,9.92,2411.65
2237,3.994492e-03,3.382504e+01,3.811893e-05,4.615980e-05,2997511.811,3.891247e-03,3.428217e+01,2.900946e-05,3.458714e-05,3013361.539,2.500000e-04,9.82,2421.47
2238,3.886538e-03,3.383692e+01,2.840341e-05,4.376238e-05,2997922.461,4.057103e-03,3.396682e+01,4.287436e-05,4.633547e-05,2990917.148,2.500000e-04,10.10,2431.57
2239,4.039243e-03,3.382760e+01,3.409115e-05,6.311423e-05,2997188.668,4.074969e-03,3.425944e+01,4.823966e-05,3.332577e-05,3007847.578,2.500000e-04,10.22,2441.78
2240,4.162441e-03,3.385463e+01,3.817785e-05,7.903990e-05,2997810.582,3.654339e-03,3.413284e+01,1.664245e-05,1.492624e-05,3001978.703,2.500000e-04,10.29,2452.07
2241,3.912435e-03,3.386335e+01,2.948338e-05,4.625338e-05,2997802.646,4.001611e-03,3.357813e+01,2.508808e-05,7.858348e-05,2977699.875,2.500000e-04,9.97,2462.05
2242,4.082024e-03,3.383411e+01,3.924756e-05,6.122750e-05,2997469.646,4.129032e-03,3.394905e+01,4.027343e-05,6.627849e-05,3002229.430,2.500000e-04,10.09,2472.14
2243,3.913363e-03,3.383156e+01,2.990504e-05,4.623121e-05,2997483.084,3.748333e-03,3.363322e+01,2.115950e-05,3.468322e-05,2988221.133,2.500000e-04,10.42,2482.56
2244,4.046857e-03,3.382167e+01,2.496086e-05,8.301635e-05,2997779.951,4.812797e-03,3.298078e+01,2.472589e-05,2.534921e-04,2956992.195,2.500000e-04,10.62,2493.18
2245,4.216290e-03,3.396886e+01,3.770734e-05,8.846616e-05,2997508.555,3.700510e-03,3.392260e+01,2.037359e-05,2.090281e-05,3004046.523,2.500000e-04,10.75,2503.93
2246,3.927756e-03,3.390222e+01,3.559843e-05,3.631008e-05,2997675.305,4.470518e-03,3.429154e+01,7.509029e-05,5.809218e-05,3011593.609,2.500000e-04,10.43,2514.36
2247,3.959512e-03,3.384947e+01,3.041539e-05,5.408214e-05,2997592.811,4.092467e-03,3.355675e+01,4.651185e-05,5.433467e-05,2981653.336,2.500000e-04,10.55,2524.90
2248,3.969227e-03,3.386196e+01,2.716678e-05,6.227276e-05,2997544.059,3.764149e-03,3.385858e+01,2.806971e-05,1.951878e-05,2999149.477,2.500000e-04,10.52,2535.43
2249,3.996979e-03,3.391191e+01,3.367067e-05,5.381640e-05,2997980.504,4.253231e-03,3.471566e+01,3.485764e-05,8.661785e-05,3014473.492,2.500000e-04,10.25,2545.67
2250,4.057134e-03,3.391872e+01,2.960340e-05,7.384555e-05,2997593.453,4.701034e-03,3.329177e+01,3.501476e-05,2.043420e-04,2965423.148,2.500000e-04,10.55,2556.23
2251,4.034421e-03,3.387027e+01,3.265194e-05,6.417478e-05,2997635.490,3.797219e-03,3.374232e+01,2.500113e-05,3.459522e-05,2994014.414,2.500000e-04,10.31,2566.54
2252,3.962449e-03,3.394253e+01,3.072387e-05,5.219137e-05,2997462.275,3.737511e-03,3.380658e+01,2.051361e-05,3.034344e-05,2998772.859,2.500000e-04,10.42,2576.96
2253,4.041296e-03,3.390208e+01,4.146991e-05,4.727794e-05,2997813.330,4.112001e-03,3.349961e+01,2.477938e-05,1.028493e-04,2974632.633,2.500000e-04,10.31,2587.27
2254,3.887713e-03,3.384155e+01,2.993467e-05,4.084219e-05,2997459.182,3.709489e-03,3.369854e+01,1.958614e-05,2.875469e-05,2990153.227,2.500000e-04,10.07,2597.35
2255,3.968469e-03,3.387749e+01,3.222169e-05,5.170072e-05,2997647.898,4.151954e-03,3.438088e+01,4.224543e-05,5.828231e-05,3019567.133,2.500000e-04,9.77,2607.12
2256,3.871472e-03,3.382519e+01,2.899604e-05,3.979856e-05,2997756.561,3.766197e-03,3.407277e+01,2.844967e-05,1.488468e-05,2997501.539,2.500000e-04,10.13,2617.25
2257,3.995980e-03,3.380718e+01,3.076497e-05,6.152253e-05,2997629.174,3.881977e-03,3.425719e+01,1.999214e-05,5.126736e-05,3015426.641,2.500000e-04,10.00,2627.25
2258,3.926447e-03,3.386322e+01,3.046626e-05,4.709247e-05,2997851.340,4.126423e-03,3.330882e+01,2.789449e-05,1.033193e-04,2980108.391,2.500000e-04,9.95,2637.20
2259,4.128587e-03,3.386853e+01,3.628919e-05,7.576845e-05,2997321.596,3.766706e-03,3.420058e+01,1.958382e-05,3.016203e-05,3010092.641,2.500000e-04,10.15,2647.35
2260,3.962566e-03,3.390758e+01,3.472963e-05,4.490242e-05,2997696.541,3.718353e-03,3.410237e+01,2.172180e-05,1.817958e-05,3003823.672,2.500000e-04,9.89,2657.24
2261,4.014841e-03,3.385086e+01,3.107775e-05,6.379552e-05,2997535.871,4.173939e-03,3.390308e+01,4.023933e-05,7.624753e-05,2979310.109,2.500000e-04,9.99,2667.23
2262,4.031123e-03,3.392343e+01,3.472924e-05,5.829760e-05,2997817.369,3.706513e-03,3.396443e+01,1.995824e-05,2.209735e-05,2992868.945,2.500000e-04,9.79,2677.02
2263,3.897509e-03,3.385808e+01,2.877205e-05,4.479620e-05,2997452.855,3.844336e-03,3.395326e+01,3.086708e-05,2.806783e-05,3004632.930,2.500000e-04,9.99,2687.01
2264,3.904339e-03,3.382267e+01,3.074313e-05,4.292811e-05,2997740.125,4.066952e-03,3.430392e+01,4.197207e-05,4.336794e-05,3006190.781,2.500000e-04,9.91,2696.92
2265,3.891497e-03,3.387771e+01,3.064780e-05,3.944955e-05,2997700.576,3.750376e-03,3.391939e+01,2.777632e-05,1.613463e-05,2994506.523,2.500000e-04,9.95,2706.87
2266,3.901318e-03,3.382569e+01,3.306216e-05,3.762546e-05,2997474.924,3.747364e-03,3.410138e+01,2.280020e-05,2.184464e-05,3009102.250,2.500000e-04,10.20,2717.07
2267,4.015270e-03,3.386353e+01,3.479769e-05,5.618793e-05,2997740.533,3.940435e-03,3.418587e+01,2.717107e-05,5.002753e-05,3012428.688,2.500000e-04,10.23,2727.30
2268,3.971403e-03,3.384657e+01,3.013242e-05,5.708443e-05,2997795.215,3.737412e-03,3.385427e+01,2.196682e-05,2.646325e-05,2992226.562,2.500000e-04,9.91,2737.21
2269,3.912569e-03,3.386642e+01,3.145028e-05,4.228491e-05,2997564.770,4.020843e-03,3.402474e+01,4.859599e-05,2.648167e-05,3004178.297,2.500000e-04,9.92,2747.13
2270,4.039085e-03,3.388785e+01,3.404816e-05,6.196369e-05,2997535.969,3.816174e-03,3.362019e+01,2.430546e-05,4.222008e-05,2984418.102,2.500000e-04,10.08,2757.21
2271,3.830472e-03,3.384830e+01,2.540907e-05,3.831031e-05,2997646.523,3.795699e-03,3.409249e+01,2.327053e-05,3.074897e-05,3005485.914,2.500000e-04,10.29,2767.50
2272,4.009446e-03,3.382116e+01,3.224149e-05,6.098304e-05,2997620.197,3.940365e-03,3.383904e+01,2.988956e-05,5.151302e-05,2988550.188,2.500000e-04,10.31,2777.81
2273,3.909821e-03,3.385197e+01,3.046991e-05,4.398489e-05,2997801.529,3.792299e-03,3.364660e+01,2.402554e-05,3.747682e-05,2992105.859,2.500000e-04,10.13,2787.95
2274,3.942690e-03,3.380969e+01,3.030520e-05,5.173377e-05,2997533.369,3.600816e-03,3.387956e+01,1.661247e-05,9.347082e-06,3000730.023,2.500000e-04,10.13,2798.08
2275,3.932138e-03,3.384050e+01,2.809054e-05,5.343673e-05,2997602.648,3.937179e-03,3.439296e+01,1.684992e-05,6.587683e-05,3022059.172,2.500000e-04,10.69,2808.77
2276,3.902629e-03,3.386020e+01,2.869055e-05,4.594086e-05,2997946.635,4.215518e-03,3.322299e+01,3.168712e-05,1.152695e-04,2975058.977,2.500000e-04,10.29,2819.06
2277,3.874709e-03,3.381662e+01,2.540476e-05,4.779989e-05,2997734.936,3.962541e-03,3.358855e+01,2.006688e-05,8.060352e-05,2979692.258,2.500000e-04,10.41,2829.47
2278,3.943768e-03,3.381581e+01,3.039710e-05,5.164323e-05,2997593.215,4.240509e-03,3.405266e+01,6.284393e-05,4.136061e-05,2988750.820,2.500000e-04,10.35,2839.82
2279,3.997859e-03,3.389932e+01,3.896907e-05,4.364728e-05,2997658.977,4.156396e-03,3.330754e+01,4.137150e-05,8.238532e-05,2974840.227,2.500000e-04,10.13,2849.96
2280,3.951560e-03,3.379937e+01,3.825884e-05,3.780696e-05,2997506.248,3.732490e-03,3.384174e+01,2.270992e-05,2.424345e-05,2991799.039,2.500000e-04,10.35,2860.30
2281,3.982497e-03,3.383095e+01,3.398513e-05,5.191023e-05,2997629.701,3.868759e-03,3.386677e+01,3.789494e-05,2.062662e-05,3000448.703,2.500000e-04,10.16,2870.46
2282,4.006826e-03,3.385914e+01,3.053304e-05,6.311631e-05,2997685.674,3.635685e-03,3.391322e+01,1.901159e-05,1.084930e-05,2995757.953,2.500000e-04,10.31,2880.77
2283,4.010159e-03,3.383577e+01,3.485850e-05,5.559947e-05,2997765.361,3.809217e-03,3.356574e+01,2.461602e-05,4.129643e-05,2986188.016,2.500000e-04,9.95,2890.72
2284,3.990417e-03,3.384485e+01,3.279258e-05,5.560139e-05,2997613.316,3.973062e-03,3.361222e+01,3.380645e-05,5.475510e-05,2980954.047,2.500000e-04,9.98,2900.70
2285,4.057300e-03,3.384887e+01,3.414798e-05,6.618658e-05,2997548.422,4.609595e-03,3.341391e+01,5.010116e-05,1.534384e-04,2989289.953,2.500000e-04,10.20,2910.90
2286,4.015003e-03,3.386702e+01,3.596614e-05,5.372787e-05,2997744.119,4.656926e-03,3.316264e+01,7.058675e-05,1.269588e-04,2969951.414,2.500000e-04,10.01,2920.91
2287,3.944852e-03,3.386145e+01,3.342425e-05,4.489290e-05,2997450.873,3.755687e-03,3.403079e+01,2.668949e-05,1.714261e-05,3000688.195,2.500000e-04,9.94,2930.85
2288,3.960567e-03,3.383546e+01,3.163192e-05,5.214043e-05,2997731.811,3.819396e-03,3.417850e+01,1.924986e-05,4.180952e-05,3013336.805,2.500000e-04,9.83,2940.68
2289,4.028297e-03,3.383161e+01,3.874126e-05,5.154457e-05,2997534.463,4.635307e-03,3.436361e+01,7.897325e-05,8.184285e-05,3020337.977,2.500000e-04,10.89,2951.58
2290,4.044522e-03,3.382932e+01,3.221678e-05,6.788456e-05,2997802.668,3.925507e-03,3.401450e+01,2.623391e-05,5.234354e-05,3005558.391,2.500000e-04,9.98,2961.56
2291,3.963581e-03,3.383643e+01,3.509576e-05,4.579613e-05,2997654.746,3.685535e-03,3.394249e+01,1.820352e-05,2.185025e-05,2998613.219,2.500000e-04,9.83,2971.39
2292,3.885309e-03,3.383302e+01,2.801468e-05,4.437205e-05,2997881.400,4.746905e-03,3.329612e+01,3.175102e-05,2.199566e-04,2970978.367,2.500000e-04,10.24,2981.63
2293,4.001076e-03,3.385001e+01,3.015402e-05,6.290691e-05,2997155.891,3.775035e-03,3.388926e+01,2.789630e-05,2.142922e-05,2993819.117,2.500000e-04,9.99,2991.62
2294,3.913588e-03,3.381384e+01,2.967311e-05,4.709458e-05,2997976.783,3.722776e-03,3.354887e+01,1.315796e-05,4.726194e-05,2984082.320,2.500000e-04,10.13,3001.75
2295,4.054006e-03,3.387567e+01,3.356161e-05,6.616451e-05,2997655.277,3.796493e-03,3.357127e+01,2.395835e-05,3.995653e-05,2985709.102,2.500000e-04,10.17,3011.92
2296,3.913325e-03,3.384258e+01,2.936206e-05,4.708928e-05,2997631.484,3.645680e-03,3.368808e+01,1.453165e-05,2.631108e-05,2997577.391,2.500000e-04,10.08,3022.00
2297,3.916253e-03,3.384511e+01,3.059113e-05,4.516624e-05,2997763.980,4.025891e-03,3.352766e+01,3.715739e-05,6.031012e-05,2981927.102,2.500000e-04,10.06,3032.06
2298,3.985431e-03,3.381796e+01,3.290302e-05,5.492094e-05,2997520.184,3.678804e-03,3.402082e+01,2.075455e-05,1.383525e-05,2997742.758,2.500000e-04,9.97,3042.03
2299,4.016767e-03,3.381761e+01,3.626679e-05,5.446760e-05,2997704.303,3.784676e-03,3.392688e+01,3.371449e-05,1.096875e-05,2993516.539,2.500000e-04,10.04,3052.07
2300,4.007202e-03,3.383465e+01,3.014309e-05,6.446126e-05,2997229.490,4.676450e-03,3.341004e+01,2.954703e-05,2.079951e-04,2966424.047,2.500000e-04,10.13,3062.20
2301,3.987619e-03,3.386646e+01,2.821588e-05,6.376287e-05,2997662.490,4.047062e-03,3.404569e+01,4.361190e-05,4.127485e-05,3010468.383,2.500000e-04,10.07,3072.28
2302,3.912737e-03,3.385180e+01,3.240341e-05,4.070456e-05,2997858.492,3.610365e-03,3.370770e+01,1.528033e-05,1.735831e-05,2997867.070,2.500000e-04,10.17,3082.44
2303,3.972503e-03,3.379101e+01,3.456401e-05,4.955240e-05,2997648.207,3.667599e-03,3.374653e+01,2.115639e-05,1.627651e-05,2993821.688,2.500000e-04,10.07,3092.51
2304,4.014177e-03,3.379406e+01,3.988181e-05,4.719067e-05,2997347.256,3.965015e-03,3.408012e+01,3.625591e-05,3.888869e-05,2988174.656,2.500000e-04,9.90,3102.41
2305,3.857185e-03,3.381971e+01,2.803071e-05,3.898137e-05,2997805.941,4.209091e-03,3.403944e+01,4.510457e-05,7.082019e-05,3003402.766,2.500000e-04,10.20,3112.61
2306,4.008380e-03,3.381308e+01,2.812026e-05,6.917392e-05,2997705.354,3.884660e-03,3.374530e+01,2.682573e-05,4.837451e-05,2987450.648,2.500000e-04,10.01,3122.62
2307,4.103098e-03,3.387855e+01,4.118347e-05,6.068178e-05,2997616.012,3.808262e-03,3.389233e+01,2.170164e-05,4.040247e-05,3007904.977,2.500000e-04,10.26,3132.88
2308,4.067442e-03,3.382107e+01,3.981397e-05,5.743912e-05,2997800.752,4.267935e-03,3.376532e+01,4.490053e-05,8.847958e-05,2998519.906,2.500000e-04,10.20,3143.08
2309,3.893998e-03,3.383291e+01,2.756106e-05,4.701918e-05,2997520.615,4.215248e-03,3.322091e+01,3.386717e-05,1.108970e-04,2969582.562,2.500000e-04,10.13,3153.21
2310,3.989654e-03,3.385022e+01,3.050274e-05,5.992087e-05,2997334.035,3.674314e-03,3.407746e+01,1.857986e-05,1.615391e-05,3007188.695,2.500000e-04,10.51,3163.72
2311,3.966666e-03,3.381303e+01,3.261569e-05,5.184105e-05,2997515.424,4.162369e-03,3.435177e+01,2.223941e-05,1.009596e-04,3024590.461,2.500000e-04,10.52,3174.24
2312,3.954833e-03,3.385019e+01,2.847369e-05,5.701525e-05,2997880.861,3.851757e-03,3.389914e+01,2.249926e-05,4.737002e-05,2985152.398,2.500000e-04,10.03,3184.26
2313,3.875900e-03,3.380724e+01,2.697169e-05,4.509194e-05,2997752.408,4.398125e-03,3.359116e+01,3.336230e-05,1.410772e-04,2969913.750,2.500000e-04,10.27,3194.53
2314,3.895556e-03,3.385012e+01,2.777331e-05,4.656207e-05,2997741.900,3.762548e-03,3.385315e+01,1.969512e-05,3.605643e-05,3006573.391,2.500000e-04,10.32,3204.85
2315,3.895372e-03,3.386295e+01,2.916121e-05,4.349297e-05,2997359.918,4.161985e-03,3.429041e+01,4.288021e-05,6.082831e-05,3017003.102,2.500000e-04,10.24,3215.09
2316,3.876487e-03,3.383407e+01,2.823747e-05,4.214099e-05,2997916.795,4.331234e-03,3.361953e+01,2.443918e-05,1.449779e-04,2968120.688,2.500000e-04,10.52,3225.61
2317,4.006721e-03,3.384728e+01,3.403505e-05,5.632854e-05,2997564.934,3.939631e-03,3.406157e+01,2.413954e-05,5.841578e-05,3013920.062,2.500000e-04,10.41,3236.03
2318,3.861548e-03,3.382133e+01,2.576127e-05,4.436047e-05,2997464.451,4.137743e-03,3.375181e+01,5.123337e-05,5.004570e-05,2996881.125,2.500000e-04,10.61,3246.64
2319,4.056674e-03,3.383462e+01,3.522537e-05,6.419172e-05,2997438.430,3.703639e-03,3.372541e+01,1.706158e-05,3.209657e-05,2995103.414,2.500000e-04,10.54,3257.18
2320,4.007536e-03,3.381980e+01,3.489916e-05,5.531296e-05,2997839.211,3.933804e-03,3.422027e+01,3.503291e-05,3.228967e-05,3011019.945,2.500000e-04,10.46,3267.65
2321,3.863483e-03,3.380577e+01,2.692154e-05,4.273820e-05,2997819.227,3.795259e-03,3.387711e+01,2.789583e-05,2.571799e-05,2995128.109,2.500000e-04,10.65,3278.30
2322,4.047762e-03,3.380948e+01,3.952025e-05,5.432227e-05,2997515.762,4.265822e-03,3.363041e+01,5.814073e-05,6.427460e-05,2983446.375,2.500000e-04,10.48,3288.78
2323,3.950043e-03,3.382586e+01,3.085654e-05,5.177838e-05,2997779.438,4.639188e-03,3.448476e+01,4.711190e-05,1.439187e-04,3028934.594,2.500000e-04,10.61,3299.39
2324,3.944162e-03,3.384070e+01,2.982619e-05,5.236597e-05,2997406.326,4.037171e-03,3.434595e+01,3.441795e-05,5.167932e-05,3016132.422,2.500000e-04,10.44,3309.83
2325,3.968008e-03,3.386924e+01,3.876208e-05,3.869267e-05,2997952.908,3.763356e-03,3.350246e+01,1.443954e-05,5.374288e-05,2980845.875,2.500000e-04,10.55,3320.38
2326,4.016489e-03,3.379156e+01,3.572650e-05,5.601354e-05,2997360.260,3.764056e-03,3.367961e+01,2.593144e-05,2.735611e-05,2990487.680,2.500000e-04,10.28,3330.67
2327,3.929347e-03,3.386518e+01,2.660832e-05,5.534921e-05,2997775.662,4.329414e-03,3.431813e+01,4.208559e-05,9.534908e-05,3007087.312,2.500000e-04,10.52,3341.18
2328,3.951687e-03,3.380843e+01,3.007702e-05,5.401491e-05,2998067.213,4.791833e-03,3.293323e+01,6.391868e-05,1.718647e-04,2964520.984,2.500000e-04,10.40,3351.59
2329,4.050951e-03,3.383271e+01,3.137660e-05,7.078280e-05,2997305.646,3.751699e-03,3.411670e+01,2.077054e-05,2.646474e-05,3010148.320,2.500000e-04,10.03,3361.62
2330,4.068001e-03,3.382280e+01,4.603946e-05,4.506532e-05,2997769.998,3.716017e-03,3.359119e+01,1.792858e-05,3.552243e-05,2987283.609,2.500000e-04,10.33,3371.95
2331,4.066551e-03,3.385268e+01,3.224682e-05,7.176314e-05,2997444.113,3.991196e-03,3.347972e+01,3.841419e-05,5.181646e-05,2992840.180,2.500000e-04,10.26,3382.21
2332,3.918846e-03,3.379439e+01,2.975919e-05,4.836298e-05,2997850.049,3.941293e-03,3.365504e+01,4.386032e-05,2.743716e-05,2989216.422,2.500000e-04,10.09,3392.30
2333,3.925245e-03,3.378633e+01,2.693105e-05,5.546023e-05,2997390.887,4.020183e-03,3.416201e+01,4.690553e-05,2.698521e-05,3011472.484,2.500000e-04,10.14,3402.44
2334,3.918413e-03,3.378595e+01,3.057197e-05,4.681961e-05,2997661.971,3.994519e-03,3.417504e+01,4.121901e-05,3.296513e-05,3006574.766,2.500000e-04,10.10,3412.53
2335,3.938527e-03,3.385812e+01,2.742509e-05,5.569290e-05,2998256.197,4.429716e-03,3.291465e+01,1.600429e-05,1.956416e-04,2960639.719,2.500000e-04,9.95,3422.48
2336,3.859780e-03,3.377035e+01,2.843625e-05,3.967649e-05,2997252.842,3.627016e-03,3.377021e+01,1.553380e-05,1.893132e-05,2996356.180,2.500000e-04,10.28,3432.76
2337,4.082956e-03,3.378567e+01,3.260265e-05,7.567247e-05,2997410.062,3.769928e-03,3.403604e+01,2.937806e-05,1.450877e-05,3000933.672,2.500000e-04,10.07,3442.83
2338,3.949015e-03,3.383328e+01,3.303884e-05,4.705982e-05,2997770.986,3.996455e-03,3.388677e+01,4.182941e-05,3.789676e-05,2992609.711,2.500000e-04,10.14,3452.97
2339,4.053823e-03,3.383221e+01,3.567877e-05,6.276289e-05,2997318.873,3.614142e-03,3.393821e+01,1.463082e-05,1.480253e-05,2999058.664,2.500000e-04,9.88,3462.85
2340,3.875856e-03,3.382251e+01,2.638487e-05,4.595119e-05,2997949.793,3.691826e-03,3.364299e+01,2.081228e-05,2.388085e-05,2990891.492,2.500000e-04,10.17,3473.02
2341,3.899842e-03,3.383263e+01,3.009356e-05,4.312873e-05,2997755.652,3.991567e-03,3.409075e+01,4.146087e-05,3.357676e-05,2992658.938,2.500000e-04,9.87,3482.89
2342,3.982366e-03,3.382231e+01,3.281017e-05,5.440683e-05,2997703.186,3.977799e-03,3.399159e+01,3.661511e-05,4.249790e-05,2995473.477,2.500000e-04,10.01,3492.90
2343,4.093145e-03,3.385799e+01,3.777161e-05,6.592596e-05,2997299.816,3.923558e-03,3.391729e+01,3.606373e-05,3.423847e-05,2996428.047,2.500000e-04,9.62,3502.53
2344,3.986716e-03,3.384170e+01,3.324658e-05,5.401611e-05,2997740.898,3.998348e-03,3.404483e+01,2.184710e-05,7.507881e-05,3013867.000,2.500000e-04,9.77,3512.30
2345,3.985915e-03,3.381434e+01,3.239793e-05,5.610044e-05,2997436.145,3.847274e-03,3.399405e+01,2.884096e-05,3.189205e-05,3004795.664,2.500000e-04,9.89,3522.19
2346,4.041495e-03,3.385467e+01,3.179417e-05,6.761741e-05,2997834.922,4.288025e-03,3.450027e+01,3.342167e-05,1.007562e-04,3017988.219,2.500000e-04,9.97,3532.16
2347,4.032788e-03,3.385480e+01,3.223670e-05,6.498823e-05,2997394.553,3.913492e-03,3.412335e+01,3.147864e-05,3.727426e-05,3014458.984,2.500000e-04,10.17,3542.33
2348,3.980731e-03,3.384999e+01,3.608873e-05,4.696896e-05,2997807.410,3.855460e-03,3.350046e+01,1.744992e-05,6.618296e-05,2978967.062,2.500000e-04,10.15,3552.48
2349,4.054181e-03,3.384197e+01,3.611806e-05,6.176071e-05,2997773.205,3.924222e-03,3.395456e+01,3.329058e-05,3.917196e-05,3009800.172,2.500000e-04,10.42,3562.90
2350,4.026031e-03,3.382900e+01,4.036383e-05,4.789857e-05,2997301.605,4.698013e-03,3.465344e+01,4.108045e-05,1.643731e-04,3035811.156,2.500000e-04,10.03,3572.93
2351,4.037514e-03,3.388102e+01,3.664376e-05,5.659495e-05,2997415.570,3.990875e-03,3.433550e+01,2.329926e-05,6.486651e-05,3013752.234,2.500000e-04,10.04,3582.97
2352,3.960216e-03,3.383455e+01,3.453245e-05,4.628730e-05,2998092.918,3.764054e-03,3.364055e+01,2.743316e-05,2.513344e-05,2990029.508,2.500000e-04,9.91,3592.88
2353,3.919269e-03,3.382782e+01,3.091823e-05,4.546101e-05,2997585.441,3.749943e-03,3.414731e+01,2.043812e-05,2.616621e-05,3009971.406,2.500000e-04,10.37,3603.25
2354,4.002633e-03,3.379146e+01,3.416484e-05,5.636784e-05,2997704.338,4.503180e-03,3.407938e+01,8.008218e-05,5.888405e-05,3010399.055,2.500000e-04,10.36,3613.61
2355,3.992695e-03,3.378025e+01,3.451044e-05,5.391309e-05,2997480.537,3.728595e-03,3.401891e+01,2.075178e-05,2.383731e-05,3006922.148,2.500000e-04,10.06,3623.67
2356,4.091166e-03,3.386770e+01,3.945160e-05,6.197604e-05,2997800.910,3.650752e-03,3.356951e+01,1.587541e-05,2.700950e-05,2990722.203,2.500000e-04,10.31,3633.97
2357,3.937044e-03,3.383154e+01,2.759314e-05,5.559181e-05,2997725.199,4.183745e-03,3.318347e+01,2.921476e-05,1.146501e-04,2977333.242,2.500000e-04,10.51,3644.49
2358,4.011259e-03,3.383599e+01,3.329704e-05,5.893803e-05,2997488.385,3.823264e-03,3.380728e+01,3.595436e-05,1.659846e-05,2994799.672,2.500000e-04,10.38,3654.86
2359,4.015728e-03,3.381460e+01,3.560379e-05,5.564601e-05,2997524.941,3.688674e-03,3.422511e+01,1.864017e-05,1.595230e-05,3005095.625,2.500000e-04,10.20,3665.06
2360,3.864951e-03,3.383523e+01,2.282021e-05,5.064525e-05,2998060.652,4.469039e-03,3.287308e+01,2.741480e-05,1.815166e-04,2962717.367,2.500000e-04,10.28,3675.34
2361,4.072796e-03,3.380732e+01,3.978503e-05,5.884276e-05,2997374.371,3.702179e-03,3.369242e+01,2.116486e-05,2.425763e-05,2995822.023,2.500000e-04,10.33,3685.67
2362,3.997267e-03,3.382621e+01,3.393515e-05,5.505874e-05,2997410.600,3.906459e-03,3.380465e+01,3.017182e-05,4.485517e-05,2988493.141,2.500000e-04,10.39,3696.05
2363,3.918104e-03,3.384680e+01,2.835983e-05,4.996510e-05,2997924.592,3.655148e-03,3.391065e+01,1.814664e-05,1.652328e-05,2999276.109,2.500000e-04,10.07,3706.13
2364,3.979950e-03,3.382890e+01,3.294143e-05,5.352901e-05,2997539.064,3.813868e-03,3.349619e+01,1.225018e-05,6.834937e-05,2982335.664,2.500000e-04,9.89,3716.02
2365,3.942072e-03,3.380115e+01,2.499468e-05,6.240216e-05,2997422.801,4.211588e-03,3.455959e+01,1.933261e-05,1.124606e-04,3028691.547,2.500000e-04,10.06,3726.08
2366,3.925879e-03,3.386726e+01,2.766617e-05,5.249825e-05,2997572.598,3.714939e-03,3.378980e+01,1.836357e-05,3.046469e-05,3003678.906,2.500000e-04,10.20,3736.28
2367,3.991182e-03,3.386949e+01,2.586771e-05,6.911121e-05,2997774.646,3.649297e-03,3.380234e+01,1.545141e-05,2.290984e-05,2989877.938,2.500000e-04,9.94,3746.22
2368,4.000627e-03,3.381789e+01,2.952371e-05,6.472005e-05,2997682.266,3.728837e-03,3.423704e+01,1.874478e-05,2.353698e-05,3011711.406,2.500000e-04,9.69,3755.91
2369,3.995968e-03,3.388911e+01,3.819460e-05,4.502214e-05,2997753.287,3.811067e-03,3.371932e+01,3.208937e-05,2.364825e-05,2992457.844,2.500000e-04,9.86,3765.77
2370,3.903327e-03,3.380824e+01,3.086310e-05,4.277447e-05,2997529.475,3.831213e-03,3.420997e+01,1.706030e-05,4.792267e-05,3016885.461,2.500000e-04,10.22,3775.98
2371,3.888106e-03,3.380131e+01,3.227596e-05,3.704297e-05,2997581.320,3.916147e-03,3.396804e+01,4.066625e-05,2.253598e-05,3005644.172,2.500000e-04,9.74,3785.72
2372,3.928714e-03,3.384479e+01,2.656876e-05,5.570949e-05,2997857.543,4.101305e-03,3.409808e+01,5.894549e-05,2.040835e-05,3003277.492,2.500000e-04,10.01,3795.73
2373,4.112091e-03,3.379099e+01,3.318579e-05,8.022697e-05,2997371.029,4.638076e-03,3.441011e+01,7.351477e-05,9.238357e-05,3025022.852,2.500000e-04,10.31,3806.04
2374,3.888102e-03,3.388234e+01,2.545387e-05,4.906599e-05,2997908.154,4.082464e-03,3.426195e+01,3.419352e-05,6.286680e-05,3010554.773,2.500000e-04,10.30,3816.34
2375,3.930401e-03,3.379286e+01,2.874564e-05,5.273161e-05,2997619.350,3.719710e-03,3.407517e+01,2.151087e-05,1.941692e-05,3002837.938,2.500000e-04,9.80,3826.14
2376,3.957694e-03,3.384199e+01,3.221738e-05,5.026428e-05,2997664.428,3.610077e-03,3.372620e+01,1.288647e-05,2.171847e-05,2991600.406,2.500000e-04,10.11,3836.25
2377,3.901296e-03,3.384587e+01,3.052842e-05,4.228505e-05,2997635.133,3.842527e-03,3.383396e+01,2.555880e-05,4.070855e-05,2987800.594,2.500000e-04,10.23,3846.48
2378,3.922917e-03,3.381309e+01,2.755049e-05,5.322078e-05,2997640.520,3.744704e-03,3.367060e+01,1.714173e-05,4.124537e-05,2989363.383,2.500000e-04,10.10,3856.58
2379,4.056737e-03,3.385143e+01,3.122881e-05,7.186123e-05,2997587.512,3.673492e-03,3.357898e+01,1.404729e-05,3.502424e-05,2993489.430,2.500000e-04,10.12,3866.70
2380,3.924748e-03,3.378937e+01,3.143569e-05,4.629089e-05,2997895.781,3.988335e-03,3.357055e+01,3.855066e-05,4.915476e-05,2983092.180,2.500000e-04,9.71,3876.41
2381,3.959327e-03,3.385047e+01,3.532127e-05,4.421335e-05,2997387.932,4.107453e-03,3.337568e+01,5.093905e-05,5.209889e-05,2983261.383,2.500000e-04,9.93,3886.35
2382,3.986699e-03,3.384262e+01,2.704066e-05,6.640610e-05,2997235.891,4.692855e-03,3.467903e+01,3.395336e-05,1.770836e-04,3036990.414,2.500000e-04,10.00,3896.35
2383,3.965079e-03,3.381664e+01,2.600375e-05,6.467547e-05,2997985.188,3.843411e-03,3.375845e+01,2.443207e-05,4.464920e-05,2990071.461,2.500000e-04,10.07,3906.41
2384,4.032487e-03,3.384457e+01,3.525637e-05,5.909330e-05,2997532.947,3.801020e-03,3.413088e+01,2.287671e-05,3.183305e-05,3009571.094,2.500000e-04,10.24,3916.65
2385,3.983881e-03,3.385296e+01,3.035370e-05,5.900951e-05,2997669.039,3.966646e-03,3.396965e+01,3.771705e-05,3.850214e-05,2994242.820,2.500000e-04,10.30,3926.95
2386,3.960677e-03,3.382959e+01,3.357914e-05,4.838524e-05,2997720.297,3.835773e-03,3.384269e+01,2.842781e-05,3.344508e-05,2990622.211,2.500000e-04,10.33,3937.28
2387,4.066968e-03,3.379393e+01,2.908508e-05,7.934492e-05,2997568.430,3.729122e-03,3.433848e+01,1.903489e-05,2.098514e-05,3007007.469,2.500000e-04,10.10,3947.38
2388,3.943618e-03,3.383108e+01,2.988531e-05,5.233134e-05,2997376.420,4.854621e-03,3.443166e+01,1.198542e-04,4.258240e-05,3013669.430,2.500000e-04,10.26,3957.64
2389,3.896064e-03,3.383559e+01,3.004271e-05,4.241563e-05,2997871.912,3.737503e-03,3.385321e+01,2.541900e-05,1.959855e-05,3003791.922,2.500000e-04,10.22,3967.86
2390,4.107294e-03,3.380783e+01,3.160363e-05,8.209494e-05,2997654.678,4.419299e-03,3.298259e+01,1.961975e-05,1.849685e-04,2961931.539,2.500000e-04,10.55,3978.42
2391,3.902414e-03,3.384169e+01,2.878632e-05,4.607626e-05,2997440.982,3.992144e-03,3.444481e+01,3.483974e-05,3.985324e-05,3013473.492,2.500000e-04,10.55,3988.97
2392,3.937309e-03,3.382640e+01,3.009674e-05,5.074029e-05,2997585.027,5.168501e-03,3.514646e+01,5.207109e-05,2.266288e-04,3040800.828,2.500000e-04,10.64,3999.61
2393,4.056040e-03,3.383352e+01,2.904075e-05,7.645614e-05,2997587.391,3.678271e-03,3.402563e+01,1.792716e-05,1.928721e-05,3003317.688,2.500000e-04,10.64,4010.25
2394,3.964169e-03,3.386348e+01,2.955600e-05,5.645210e-05,2997860.988,3.928155e-03,3.339264e+01,2.800224e-05,6.177383e-05,2981925.992,2.500000e-04,10.42,4020.67
2395,3.949895e-03,3.382873e+01,2.752366e-05,5.835709e-05,2997522.043,3.883921e-03,3.395259e+01,1.940752e-05,5.891751e-05,3010086.281,2.500000e-04,10.44,4031.11
2396,3.854153e-03,3.379066e+01,2.725668e-05,4.050390e-05,2997701.791,4.099711e-03,3.395825e+01,5.586536e-05,2.904651e-05,2995617.719,2.500000e-04,10.36,4041.47
2397,3.894384e-03,3.382126e+01,3.116220e-05,4.012730e-05,2997710.203,3.749908e-03,3.364278e+01,2.078715e-05,3.555170e-05,2989644.305,2.500000e-04,10.54,4052.00
2398,3.971192e-03,3.379288e+01,3.477787e-05,4.882514e-05,2997592.801,3.747988e-03,3.370717e+01,2.844131e-05,1.857156e-05,2992267.945,2.500000e-04,10.46,4062.46
2399,3.883230e-03,3.377389e+01,2.762103e-05,4.592604e-05,2997805.486,3.702208e-03,3.382111e+01,1.797182e-05,2.807586e-05,2988718.055,2.500000e-04,10.46,4072.92
2400,4.040960e-03,3.384089e+01,3.484509e-05,6.168411e-05,2997547.303,3.872759e-03,3.372997e+01,2.474948e-05,5.045361e-05,2999285.312,2.500000e-04,10.68,4083.60
2401,3.966459e-03,3.376532e+01,3.058154e-05,5.682239e-05,2997037.154,5.603908e-03,3.493865e+01,4.539433e-05,3.312201e-04,3052392.016,2.500000e-04,10.67,4094.28
2402,4.097692e-03,3.385840e+01,3.249511e-05,7.738022e-05,2997962.389,4.041189e-03,3.391799e+01,5.369603e-05,2.248596e-05,2992890.883,2.500000e-04,10.62,4104.90
2403,3.897899e-03,3.383363e+01,2.895598e-05,4.499516e-05,2997835.652,4.012798e-03,3.415918e+01,3.799804e-05,4.337994e-05,3013498.648,2.500000e-04,10.31,4115.21
2404,3.939417e-03,3.380764e+01,3.151554e-05,4.869956e-05,2997789.607,4.141382e-03,3.355883e+01,3.617829e-05,8.474326e-05,2978253.258,2.500000e-04,10.43,4125.64
2405,3.920351e-03,3.379155e+01,2.803953e-05,5.216005e-05,2997556.285,3.878908e-03,3.364872e+01,3.375662e-05,3.529396e-05,2987988.875,2.500000e-04,10.41,4136.06
2406,3.930596e-03,3.376512e+01,3.134294e-05,4.813101e-05,2997425.324,3.872823e-03,3.428739e+01,1.919135e-05,5.043401e-05,3017354.750,2.500000e-04,10.40,4146.45
2407,3.922999e-03,3.377899e+01,2.884043e-05,5.133913e-05,2998080.105,4.052376e-03,3.348591e+01,3.549085e-05,6.977544e-05,2987278.398,2.500000e-04,10.52,4156.98
2408,3.968953e-03,3.382328e+01,3.523465e-05,4.685555e-05,2997451.955,3.792792e-03,3.417593e+01,2.104585e-05,3.294800e-05,3001579.023,2.500000e-04,10.31,4167.29
2409,3.994432e-03,3.380935e+01,3.240284e-05,5.789371e-05,2997590.881,3.814517e-03,3.394156e+01,3.008522e-05,2.390166e-05,2998059.062,2.500000e-04,10.13,4177.42
2410,4.037364e-03,3.385805e+01,3.544691e-05,5.941813e-05,2997506.869,4.101354e-03,3.423021e+01,5.187427e-05,3.191804e-05,3008929.391,2.500000e-04,10.03,4187.46
2411,4.001009e-03,3.382239e+01,3.844867e-05,4.685670e-05,2997792.910,3.677219e-03,3.382650e+01,2.137172e-05,1.617043e-05,2995195.602,2.500000e-04,10.04,4197.50
2412,3.941633e-03,3.381824e+01,2.903907e-05,5.388355e-05,2997462.434,3.712934e-03,3.409715e+01,2.232548e-05,1.599278e-05,3005805.594,2.500000e-04,9.83,4207.33
2413,3.903468e-03,3.380890e+01,2.809123e-05,4.833314e-05,2997737.314,3.709079e-03,3.348551e+01,1.659523e-05,3.891530e-05,2991046.172,2.500000e-04,9.88,4217.21
2414,4.053549e-03,3.380976e+01,3.720012e-05,6.011435e-05,2997935.408,5.203090e-03,3.361226e+01,7.425840e-05,2.198561e-04,2964130.719,2.500000e-04,10.02,4227.23
2415,4.001345e-03,3.380263e+01,3.477234e-05,5.467159e-05,2997361.229,3.767715e-03,3.417472e+01,2.840522e-05,1.323825e-05,3005941.211,2.500000e-04,9.97,4237.21
2416,4.083922e-03,3.385728e+01,3.647506e-05,6.668877e-05,2997720.383,4.388374e-03,3.353533e+01,4.025702e-05,1.264541e-04,2978181.266,2.500000e-04,10.18,4247.39
2417,4.006898e-03,3.389458e+01,2.848732e-05,6.651346e-05,2997737.232,4.413998e-03,3.334705e+01,5.264694e-05,1.105648e-04,2973097.461,2.500000e-04,9.77,4257.15
2418,3.972028e-03,3.382123e+01,3.286178e-05,5.225751e-05,2997461.564,3.672302e-03,3.373494e+01,1.993484e-05,1.989197e-05,2999713.984,2.500000e-04,10.12,4267.27
2419,3.958130e-03,3.382450e+01,3.243179e-05,5.027234e-05,2997955.016,3.940101e-03,3.348347e+01,3.099296e-05,5.636481e-05,2996255.977,2.500000e-04,10.03,4277.30
2420,3.994946e-03,3.382466e+01,3.367445e-05,5.514701e-05,2997286.109,3.590112e-03,3.377976e+01,1.444477e-05,1.353763e-05,2998555.172,2.500000e-04,10.15,4287.45
2421,4.005132e-03,3.383877e+01,3.474624e-05,5.475850e-05,2997690.064,3.829833e-03,3.339859e+01,1.680466e-05,6.438551e-05,2980552.898,2.500000e-04,10.08,4297.53
2422,3.933936e-03,3.384851e+01,3.134903e-05,4.711910e-05,2997590.980,3.978433e-03,3.327419e+01,2.125440e-05,8.769404e-05,2980154.406,2.500000e-04,9.84,4307.37
2423,3.993211e-03,3.380050e+01,3.207354e-05,5.848501e-05,2997740.590,3.612719e-03,3.361830e+01,1.139161e-05,2.739451e-05,2988208.703,2.500000e-04,9.89,4317.26
2424,3.913142e-03,3.381164e+01,3.075354e-05,4.488855e-05,2997428.100,4.147877e-03,3.436717e+01,1.434614e-05,1.135399e-04,3026747.156,2.500000e-04,10.22,4327.48
2425,3.936383e-03,3.378787e+01,2.502065e-05,6.147787e-05,2997896.342,3.669162e-03,3.403845e+01,1.682048e-05,1.942253e-05,3000792.672,2.500000e-04,10.14,4337.62
2426,3.971471e-03,3.384900e+01,3.531775e-05,4.667874e-05,2997681.391,3.811820e-03,3.368512e+01,2.364411e-05,4.137324e-05,2993226.031,2.500000e-04,9.96,4347.57
2427,3.891802e-03,3.375207e+01,3.067047e-05,4.197817e-05,2997676.557,3.758554e-03,3.347531e+01,1.883035e-05,4.454385e-05,2982615.297,2.500000e-04,10.05,4357.63
2428,3.890011e-03,3.381838e+01,2.721030e-05,4.721388e-05,2997633.059,3.732489e-03,3.372907e+01,2.295072e-05,2.601493e-05,2993139.594,2.500000e-04,9.73,4367.36
2429,3.882562e-03,3.380016e+01,2.547007e-05,4.956913e-05,2997852.230,3.757293e-03,3.371405e+01,2.483148e-05,2.751459e-05,2995237.977,2.500000e-04,10.20,4377.55
2430,4.087379e-03,3.381404e+01,3.652925e-05,6.813656e-05,2997538.318,4.664364e-03,3.321961e+01,3.670160e-05,1.950775e-04,2961427.422,2.500000e-04,10.45,4388.00
2431,4.199254e-03,3.387892e+01,3.495776e-05,9.235698e-05,2997502.656,3.877465e-03,3.358182e+01,2.623629e-05,5.138396e-05,2981643.680,2.500000e-04,10.35,4398.35
2432,3.980026e-03,3.384571e+01,3.040089e-05,5.828917e-05,2997702.111,3.795549e-03,3.373720e+01,3.329270e-05,1.778037e-05,2995603.383,2.500000e-04,10.27,4408.62
2433,3.942222e-03,3.382984e+01,3.168908e-05,4.846942e-05,2997675.668,4.000307e-03,3.325457e+01,2.489318e-05,8.518356e-05,2975006.805,2.500000e-04,10.46,4419.08
2434,3.950757e-03,3.384626e+01,2.788229e-05,5.746151e-05,2997717.855,3.945742e-03,3.393078e+01,3.404201e-05,4.244877e-05,2986878.922,2.500000e-04,10.63,4429.71
2435,3.912039e-03,3.381227e+01,2.747948e-05,5.120340e-05,2997445.371,4.010502e-03,3.378145e+01,2.974516e-05,6.698108e-05,2985723.578,2.500000e-04,10.24,4439.95
2436,4.212417e-03,3.384462e+01,4.705538e-05,7.148022e-05,2997631.012,3.700178e-03,3.383901e+01,2.570767e-05,1.184006e-05,2994573.188,2.500000e-04,10.47,4450.42
2437,3.882962e-03,3.378320e+01,2.942110e-05,4.208631e-05,2997788.160,3.884334e-03,3.359864e+01,1.901437e-05,6.686538e-05,2979297.055,2.500000e-04,10.16,4460.57
2438,3.990896e-03,3.380284e+01,2.796220e-05,6.619800e-05,2997513.793,4.107757e-03,3.450674e+01,2.730842e-05,7.679979e-05,3021865.250,2.500000e-04,10.54,4471.11
2439,3.950838e-03,3.382567e+01,3.147684e-05,5.070060e-05,2997777.107,3.734838e-03,3.381808e+01,1.709781e-05,3.641047e-05,2999058.805,2.500000e-04,10.38,4481.49
2440,3.948711e-03,3.383403e+01,2.922390e-05,5.461379e-05,2997682.432,3.769636e-03,3.411062e+01,2.379666e-05,2.412156e-05,3008146.492,2.500000e-04,10.43,4491.93
2441,3.948754e-03,3.380072e+01,3.611249e-05,4.151129e-05,2997730.371,3.970587e-03,3.360117e+01,4.528709e-05,3.151991e-05,2994407.703,2.500000e-04,10.07,4502.00
2442,3.889517e-03,3.375939e+01,2.881421e-05,4.508720e-05,2997404.506,3.809070e-03,3.414321e+01,2.665584e-05,2.563820e-05,2999528.289,2.500000e-04,10.36,4512.36
2443,3.959622e-03,3.377900e+01,3.307727e-05,5.018992e-05,2997845.434,4.009236e-03,3.384646e+01,3.321444e-05,5.848913e-05,2993073.594,2.500000e-04,10.18,4522.54
2444,3.890064e-03,3.379252e+01,2.805233e-05,4.605787e-05,2997607.186,4.012774e-03,3.425996e+01,4.340146e-05,3.055266e-05,3008510.750,2.500000e-04,10.37,4532.91
2445,3.884864e-03,3.380079e+01,2.767118e-05,4.561459e-05,2997933.572,4.451271e-03,3.326408e+01,2.945059e-05,1.660713e-04,2966067.992,2.500000e-04,10.64,4543.56
2446,3.914345e-03,3.379116e+01,3.169639e-05,4.365300e-05,2997315.057,3.687016e-03,3.404805e+01,1.438254e-05,2.767711e-05,3010399.484,2.500000e-04,10.65,4554.22
2447,3.976888e-03,3.380138e+01,3.461917e-05,5.011160e-05,2997727.805,3.990777e-03,3.404155e+01,2.874515e-05,5.983408e-05,3010053.688,2.500000e-04,10.45,4564.67
2448,4.027364e-03,3.380410e+01,3.517464e-05,5.904150e-05,2997821.736,3.723753e-03,3.391100e+01,1.713280e-05,3.226498e-05,3005489.883,2.500000e-04,10.49,4575.16
2449,3.919957e-03,3.379144e+01,3.004689e-05,4.806881e-05,2997522.910,3.640778e-03,3.400057e+01,1.948695e-05,9.170157e-06,3002599.102,2.500000e-04,10.41,4585.58
2450,4.011311e-03,3.378703e+01,3.172142e-05,6.307876e-05,2997714.555,3.781596e-03,3.348679e+01,2.075511e-05,4.507304e-05,2983168.773,2.500000e-04,10.17,4595.74
2451,4.006672e-03,3.377214e+01,3.424145e-05,5.740889e-05,2997384.260,4.171618e-03,3.452632e+01,3.386691e-05,7.606337e-05,3022020.969,2.500000e-04,10.34,4606.09
2452,3.955629e-03,3.385961e+01,3.391558e-05,4.610236e-05,2998005.361,3.950375e-03,3.329304e+01,2.062231e-05,8.296944e-05,2986335.688,2.500000e-04,10.26,4616.35
2453,4.028359e-03,3.377674e+01,3.519976e-05,5.973760e-05,2997483.652,3.829120e-03,3.423478e+01,2.852128e-05,2.408591e-05,3005973.453,2.500000e-04,10.02,4626.37
2454,4.035219e-03,3.382603e+01,3.674591e-05,5.703142e-05,2997640.793,3.773401e-03,3.377208e+01,3.162338e-05,1.599193e-05,2995244.305,2.500000e-04,9.74,4636.12
2455,3.884282e-03,3.377109e+01,2.994661e-05,4.154142e-05,2997725.666,3.845559e-03,3.425786e+01,1.822125e-05,4.751212e-05,3014905.867,2.500000e-04,10.04,4646.16
2456,3.978688e-03,3.378370e+01,3.563000e-05,4.880352e-05,2997609.154,4.062846e-03,3.416597e+01,4.885283e-05,3.154410e-05,3014012.117,2.500000e-04,9.82,4655.98
2457,3.940612e-03,3.380051e+01,3.019340e-05,5.172529e-05,2997872.520,4.053034e-03,3.338606e+01,3.522087e-05,7.244386e-05,2978752.445,2.500000e-04,10.21,4666.19
2458,3.958245e-03,3.376583e+01,3.007774e-05,5.617688e-05,2997558.002,3.917778e-03,3.371802e+01,4.095016e-05,2.729501e-05,3000555.484,2.500000e-04,10.27,4676.46
2459,3.975548e-03,3.375141e+01,3.331014e-05,5.346125e-05,2997698.982,3.719185e-03,3.359287e+01,2.209385e-05,2.779194e-05,2995060.172,2.500000e-04,10.03,4686.49
2460,3.912548e-03,3.378486e+01,2.945647e-05,4.789942e-05,2997638.619,3.657491e-03,3.363280e+01,1.923392e-05,2.037438e-05,2993878.188,2.500000e-04,9.77,4696.26
2461,3.911894e-03,3.375696e+01,3.083857e-05,4.556253e-05,2997476.662,4.224234e-03,3.374372e+01,2.194621e-05,1.260801e-04,2974142.781,2.500000e-04,9.97,4706.24
2462,4.060124e-03,3.378816e+01,3.313942e-05,6.998277e-05,2997593.414,3.700023e-03,3.355059e+01,1.773955e-05,3.351370e-05,2986626.188,2.500000e-04,10.19,4716.42
2463,3.913535e-03,3.378653e+01,3.000643e-05,4.696349e-05,2997551.396,3.959430e-03,3.428153e+01,2.881855e-05,4.861840e-05,3009194.844,2.500000e-04,10.12,4726.54
2464,4.072219e-03,3.378088e+01,2.976842e-05,7.928940e-05,2997985.875,4.151362e-03,3.348318e+01,4.242662e-05,7.575552e-05,2977656.312,2.500000e-04,10.04,4736.59
2465,4.011196e-03,3.382646e+01,3.547765e-05,5.475464e-05,2997325.777,3.997523e-03,3.358633e+01,3.435543e-05,5.906709e-05,2991117.367,2.500000e-04,9.87,4746.46
2466,4.018554e-03,3.380804e+01,2.632116e-05,7.490778e-05,2997743.020,3.809606e-03,3.352523e+01,2.447615e-05,4.246434e-05,2990715.641,2.500000e-04,10.03,4756.50
2467,3.967977e-03,3.378852e+01,3.388080e-05,5.006336e-05,2997692.920,3.616154e-03,3.408037e+01,1.312409e-05,1.537527e-05,3006565.492,2.500000e-04,9.72,4766.22
2468,3.864310e-03,3.375304e+01,2.738164e-05,4.303791e-05,2997995.439,4.201284e-03,3.382473e+01,4.034485e-05,8.307239e-05,2983532.969,2.500000e-04,9.96,4776.18
2469,3.970235e-03,3.378229e+01,2.749499e-05,6.341121e-05,2997248.109,3.674250e-03,3.386435e+01,2.164942e-05,1.426420e-05,3000982.930,2.500000e-04,9.95,4786.13
2470,3.979799e-03,3.379819e+01,3.073933e-05,5.851726e-05,2997935.848,3.949631e-03,3.406437e+01,3.706665e-05,3.450555e-05,3003793.328,2.500000e-04,9.92,4796.05
2471,4.010640e-03,3.383717e+01,3.584187e-05,5.370086e-05,2997479.908,4.104980e-03,3.370267e+01,4.915803e-05,4.862649e-05,2983232.648,2.500000e-04,10.41,4806.48
2472,3.927319e-03,3.381463e+01,2.877287e-05,5.162530e-05,2997572.625,4.347574e-03,3.417482e+01,2.061471e-05,1.447888e-04,3026265.938,2.500000e-04,10.27,4816.75
2473,4.027596e-03,3.377093e+01,3.713526e-05,5.583016e-05,2997807.229,3.919424e-03,3.376582e+01,4.548913e-05,1.759022e-05,2990851.180,2.500000e-04,10.04,4826.79
2474,3.932608e-03,3.376403e+01,3.032650e-05,5.058797e-05,2997425.980,4.074079e-03,3.442665e+01,3.141465e-05,6.345339e-05,3021802.078,2.500000e-04,10.50,4837.29
2475,3.892714e-03,3.375820e+01,2.714404e-05,4.909084e-05,2998065.861,4.397618e-03,3.332997e+01,4.202622e-05,1.288718e-04,2971475.547,2.500000e-04,10.50,4847.79
2476,3.954221e-03,3.376010e+01,3.079084e-05,5.406058e-05,2997484.141,3.683422e-03,3.404583e+01,1.665210e-05,2.246360e-05,3000130.906,2.500000e-04,9.96,4857.75
2477,4.076580e-03,3.375289e+01,3.474443e-05,7.076933e-05,2997220.072,4.966276e-03,3.431250e+01,1.273278e-04,5.234949e-05,3015224.586,2.500000e-04,10.26,4868.01
2478,4.081937e-03,3.380998e+01,3.432698e-05,7.153391e-05,2997808.189,4.176074e-03,3.407259e+01,2.522754e-05,1.033079e-04,3019028.750,2.500000e-04,10.56,4878.57
2479,4.019554e-03,3.382407e+01,3.127893e-05,6.487166e-05,2997771.172,3.861539e-03,3.363321e+01,2.698656e-05,4.567051e-05,2989923.961,2.500000e-04,10.48,4889.06
2480,3.883302e-03,3.378157e+01,2.868140e-05,4.366637e-05,2997710.309,3.760133e-03,3.365712e+01,1.807764e-05,4.272888e-05,3000423.805,2.500000e-04,10.59,4899.64
2481,4.046480e-03,3.380334e+01,3.075410e-05,7.172104e-05,2997707.754,3.897778e-03,3.342573e+01,3.124816e-05,4.854460e-05,2990722.938,2.500000e-04,10.40,4910.05
2482,3.995060e-03,3.379153e+01,3.507597e-05,5.302936e-05,2997536.094,3.774216e-03,3.376701e+01,1.761973e-05,4.426359e-05,3005775.844,2.500000e-04,10.70,4920.74
2483,3.981997e-03,3.376008e+01,3.396392e-05,5.327001e-05,2997576.457,3.828402e-03,3.391583e+01,3.673520e-05,1.389337e-05,2997222.555,2.500000e-04,10.20,4930.94
2484,4.061104e-03,3.382534e+01,3.263658e-05,7.044092e-05,2997439.859,4.042123e-03,3.420741e+01,3.222200e-05,5.983238e-05,3012473.883,2.500000e-04,10.38,4941.31
2485,4.046611e-03,3.382488e+01,3.099897e-05,7.082670e-05,2997832.018,4.069513e-03,3.443811e+01,3.722372e-05,5.069303e-05,3015116.094,2.500000e-04,10.46,4951.77
2486,3.887144e-03,3.379837e+01,2.719002e-05,4.708129e-05,2997756.064,4.085863e-03,3.356607e+01,3.474200e-05,7.636726e-05,2983317.664,2.500000e-04,10.20,4961.97
2487,3.956295e-03,3.378401e+01,3.915220e-05,3.727433e-05,2997617.453,3.837830e-03,3.348008e+01,1.910817e-05,5.974816e-05,2981531.602,2.500000e-04,10.69,4972.67
2488,3.971135e-03,3.379848e+01,3.133022e-05,5.559685e-05,2997771.047,3.702942e-03,3.361017e+01,1.488066e-05,3.862375e-05,2998182.859,2.500000e-04,10.48,4983.15
2489,3.984887e-03,3.380516e+01,2.877936e-05,6.331545e-05,2997637.416,3.806774e-03,3.407423e+01,2.489646e-05,3.007730e-05,2998713.031,2.500000e-04,10.30,4993.45
2490,3.878111e-03,3.378960e+01,2.783691e-05,4.415647e-05,2997839.719,3.802328e-03,3.361375e+01,2.384973e-05,4.049111e-05,2985441.266,2.500000e-04,10.21,5003.65
2491,3.900430e-03,3.375766e+01,3.040474e-05,4.412335e-05,2997175.996,4.026241e-03,3.414255e+01,2.680245e-05,6.879232e-05,3009343.938,2.500000e-04,10.22,5013.87
2492,3.854301e-03,3.380839e+01,2.848441e-05,3.772373e-05,2998290.850,4.107590e-03,3.414438e+01,4.793450e-05,4.276148e-05,3011021.555,2.500000e-04,10.33,5024.20
2493,3.943050e-03,3.372893e+01,2.762765e-05,5.877623e-05,2997362.408,4.090193e-03,3.374473e+01,5.913288e-05,2.487821e-05,2990392.062,2.500000e-04,10.15,5034.35
2494,3.893161e-03,3.377979e+01,2.786731e-05,4.730189e-05,2997488.318,4.065422e-03,3.429746e+01,3.834375e-05,5.044770e-05,3016609.906,2.500000e-04,10.06,5044.41
2495,3.971692e-03,3.373991e+01,2.929994e-05,6.094032e-05,2997732.891,3.867462e-03,3.419008e+01,2.582421e-05,3.804232e-05,3003210.219,2.500000e-04,10.81,5055.23
2496,3.911310e-03,3.375745e+01,2.906561e-05,4.898181e-05,2997803.680,4.028010e-03,3.424675e+01,4.215056e-05,3.636589e-05,3005449.961,2.500000e-04,10.64,5065.86
2497,3.996698e-03,3.379503e+01,2.939082e-05,6.465732e-05,2997572.600,3.834309e-03,3.374958e+01,3.648829e-05,1.889355e-05,2991717.422,2.500000e-04,10.51,5076.38
2498,4.072683e-03,3.379728e+01,3.461632e-05,6.935829e-05,2997299.303,3.867839e-03,3.405821e+01,3.477834e-05,2.284696e-05,3007094.500,2.500000e-04,10.33,5086.70
2499,4.003537e-03,3.380167e+01,3.053102e-05,6.361209e-05,2997769.941,4.210774e-03,3.458131e+01,3.455457e-05,8.141949e-05,3019701.109,2.500000e-04,10.18,5096.88
2500,4.030544e-03,3.384460e+01,3.383898e-05,6.153882e-05,2997717.285,3.737227e-03,3.415526e+01,1.606655e-05,3.220710e-05,3010929.141,2.500000e-04,10.35,5107.24
2501,3.977560e-03,3.378495e+01,3.804132e-05,4.373030e-05,2997590.936,3.906720e-03,3.391101e+01,2.863565e-05,4.585253e-05,3005881.289,2.500000e-04,9.84,5117.07
2502,3.944786e-03,3.381660e+01,2.745698e-05,5.771135e-05,2997871.480,4.041289e-03,3.374781e+01,3.348961e-05,6.632244e-05,2997612.242,2.500000e-04,9.63,5126.70
2503,4.026558e-03,3.376544e+01,3.399019e-05,6.202249e-05,2997621.609,3.828826e-03,3.397804e+01,2.819412e-05,2.981611e-05,2994551.195,2.500000e-04,9.84,5136.54
2504,3.887107e-03,3.378002e+01,3.114889e-05,3.952316e-05,2997497.100,3.974240e-03,3.393771e+01,4.168480e-05,3.272417e-05,2994708.797,2.500000e-04,9.83,5146.37
2505,3.929881e-03,3.378004e+01,3.317694e-05,4.402157e-05,2997631.361,3.791742e-03,3.371676e+01,1.984094e-05,4.433119e-05,2992444.180,2.500000e-04,10.16,5156.52
2506,4.035808e-03,3.379316e+01,3.193548e-05,6.742755e-05,2997814.455,4.335196e-03,3.370915e+01,3.656933e-05,1.197176e-04,2977654.727,2.500000e-04,10.15,5166.67
2507,4.026878e-03,3.383642e+01,4.209195e-05,4.446328e-05,2997680.959,3.846155e-03,3.341643e+01,2.073434e-05,5.943369e-05,2980547.102,2.500000e-04,10.37,5177.04
2508,3.988037e-03,3.374752e+01,3.107646e-05,6.050409e-05,2997301.574,3.869880e-03,3.377580e+01,4.017740e-05,1.810531e-05,2994675.734,2.500000e-04,10.58,5187.62
2509,3.857465e-03,3.375408e+01,2.517527e-05,4.606095e-05,2997874.367,3.885505e-03,3.378887e+01,3.095265e-05,3.941842e-05,2997485.281,2.500000e-04,10.28,5197.90
2510,3.931646e-03,3.379643e+01,2.655514e-05,5.729037e-05,2997843.080,3.991437e-03,3.354046e+01,3.600740e-05,5.546349e-05,2985837.070,2.500000e-04,10.37,5208.27
2511,3.922732e-03,3.379445e+01,2.833921e-05,5.197887e-05,2997412.246,3.925635e-03,3.351972e+01,3.472932e-05,4.527401e-05,2984704.484,2.500000e-04,9.88,5218.15
2512,3.894041e-03,3.377734e+01,2.830903e-05,4.664339e-05,2997472.158,4.395473e-03,3.369602e+01,5.086704e-05,1.034401e-04,2998697.391,2.500000e-04,10.59,5228.75
2513,3.959475e-03,3.376997e+01,3.212726e-05,5.224110e-05,2997691.932,4.447827e-03,3.447930e+01,3.670533e-05,1.265688e-04,3024989.578,2.500000e-04,10.10,5238.84
2514,4.047532e-03,3.381807e+01,3.669838e-05,5.974822e-05,2998217.299,3.955708e-03,3.393697e+01,4.699651e-05,1.840935e-05,2995447.734,2.500000e-04,9.92,5248.76
2515,3.980582e-03,3.379438e+01,3.340485e-05,5.341911e-05,2997263.598,4.016630e-03,3.409829e+01,4.600552e-05,2.934918e-05,3000537.539,2.500000e-04,9.71,5258.47
2516,4.111663e-03,3.383272e+01,4.023122e-05,6.521591e-05,2997447.488,4.326845e-03,3.407166e+01,2.392169e-05,1.360925e-04,3023173.164,2.500000e-04,9.94,5268.41
2517,4.199039e-03,3.380043e+01,3.846300e-05,8.687331e-05,2997579.512,3.593121e-03,3.387580e+01,1.576786e-05,9.572486e-06,3000027.852,2.500000e-04,10.12,5278.52
2518,4.051773e-03,3.383141e+01,4.389235e-05,4.594172e-05,2997865.045,4.034638e-03,3.359817e+01,4.120856e-05,5.254703e-05,2980473.180,2.500000e-04,10.03,5288.56
2519,4.032579e-03,3.384687e+01,3.076135e-05,6.805568e-05,2997500.045,3.833439e-03,3.388414e+01,2.126889e-05,4.646721e-05,3006962.945,2.500000e-04,10.22,5298.78
2520,3.905396e-03,3.378207e+01,3.171267e-05,4.201256e-05,2997771.846,3.651907e-03,3.382996e+01,1.564594e-05,2.249040e-05,3000422.352,2.500000e-04,10.60,5309.38
2521,3.927295e-03,3.377324e+01,2.885245e-05,5.228934e-05,2997700.904,3.777014e-03,3.370402e+01,1.656711e-05,4.818828e-05,2985091.906,2.500000e-04,10.63,5320.01
2522,3.960494e-03,3.379374e+01,2.739049e-05,6.144302e-05,2997395.418,4.377205e-03,3.401882e+01,7.727400e-05,4.051660e-05,2995187.641,2.500000e-04,10.45,5330.46
2523,4.132686e-03,3.382760e+01,4.077829e-05,6.842866e-05,2997365.748,4.367730e-03,3.450694e+01,1.927748e-05,1.448523e-04,3031646.250,2.500000e-04,10.23,5340.69
2524,3.861883e-03,3.380420e+01,2.612375e-05,4.404526e-05,2998062.896,3.707061e-03,3.377231e+01,2.499639e-05,1.597323e-05,2995489.773,2.500000e-04,10.25,5350.94
2525,3.905270e-03,3.377383e+01,2.740495e-05,5.076752e-05,2997842.271,4.064776e-03,3.340969e+01,2.546987e-05,9.382178e-05,2986607.984,2.500000e-04,9.71,5360.65
2526,4.102871e-03,3.378666e+01,3.047105e-05,8.389892e-05,2997468.492,3.894204e-03,3.362321e+01,3.079181e-05,4.479301e-05,2983392.805,2.500000e-04,9.82,5370.47
2527,3.918564e-03,3.377094e+01,3.151997e-05,4.525398e-05,2997341.115,3.917317e-03,3.399191e+01,3.490126e-05,3.382274e-05,2994106.445,2.500000e-04,10.00,5380.47
2528,3.896868e-03,3.379933e+01,2.583673e-05,5.171353e-05,2997949.574,3.849383e-03,3.360228e+01,1.974958e-05,5.833176e-05,2982799.773,2.500000e-04,9.98,5390.45
2529,3.970190e-03,3.378298e+01,2.532379e-05,6.773078e-05,2997686.445,3.891876e-03,3.366079e+01,3.758893e-05,2.998148e-05,2987488.898,2.500000e-04,10.09,5400.53
2530,3.955488e-03,3.378277e+01,3.779896e-05,3.984430e-05,2997520.785,3.941999e-03,3.437893e+01,2.771513e-05,4.539088e-05,3014996.547,2.500000e-04,10.54,5411.07
2531,4.007688e-03,3.380618e+01,3.028963e-05,6.483461e-05,2997363.986,3.884902e-03,3.363210e+01,2.577097e-05,5.279636e-05,2981719.016,2.500000e-04,11.03,5422.11
2532,3.894656e-03,3.379871e+01,2.440103e-05,5.415487e-05,2997874.369,4.026904e-03,3.358963e+01,4.430088e-05,4.498636e-05,2995298.672,2.500000e-04,10.96,5433.06
2533,3.972794e-03,3.376522e+01,3.381684e-05,5.162080e-05,2997817.893,4.071176e-03,3.379260e+01,5.765211e-05,2.307900e-05,3000428.508,2.500000e-04,10.70,5443.77
2534,3.971523e-03,3.379077e+01,3.268843e-05,5.311251e-05,2997531.115,3.746657e-03,3.367035e+01,1.975380e-05,3.641682e-05,2993021.953,2.500000e-04,10.84,5454.60
2535,4.043612e-03,3.378386e+01,3.669679e-05,5.965181e-05,2997645.910,4.049311e-03,3.438238e+01,3.182632e-05,5.856201e-05,3020464.969,2.500000e-04,10.41,5465.02
2536,3.937600e-03,3.380220e+01,2.864084e-05,5.419437e-05,2997817.498,4.006466e-03,3.432694e+01,2.769815e-05,5.935794e-05,3015797.266,2.500000e-04,10.19,5475.21
2537,3.883890e-03,3.377540e+01,2.728691e-05,4.669622e-05,2997714.084,3.988809e-03,3.373111e+01,3.797440e-05,4.719097e-05,2989401.758,2.500000e-04,10.21,5485.42
2538,3.887870e-03,3.379208e+01,2.871381e-05,4.430488e-05,2997718.627,3.839004e-03,3.380411e+01,2.313686e-05,4.544492e-05,3003254.211,2.500000e-04,10.39,5495.81
2539,4.086200e-03,3.378602e+01,3.310010e-05,7.531942e-05,2997605.283,4.219366e-03,3.360344e+01,4.914268e-05,7.351895e-05,2982773.844,2.500000e-04,10.07,5505.88
2540,3.925902e-03,3.380696e+01,2.671845e-05,5.560446e-05,2997772.697,3.846064e-03,3.355145e+01,1.884370e-05,6.049655e-05,3001150.273,2.500000e-04,10.50,5516.38
2541,3.951859e-03,3.374159e+01,3.051381e-05,5.451247e-05,2997839.057,3.877707e-03,3.342081e+01,1.539074e-05,7.634392e-05,2977668.539,2.500000e-04,10.50,5526.87
2542,4.007157e-03,3.380239e+01,3.612784e-05,5.312783e-05,2997517.115,3.719091e-03,3.384939e+01,1.766486e-05,3.150063e-05,2990186.516,2.500000e-04,11.09,5537.96
2543,3.972051e-03,3.378891e+01,3.855506e-05,4.152189e-05,2997729.248,3.794038e-03,3.347173e+01,1.324589e-05,6.288111e-05,2981016.695,2.500000e-04,10.83,5548.79
2544,4.013540e-03,3.382030e+01,3.416044e-05,5.798118e-05,2997700.348,3.950124e-03,3.327614e+01,2.278065e-05,7.894085e-05,2981326.992,2.500000e-04,10.48,5559.27
2545,3.905891e-03,3.377073e+01,3.008234e-05,4.559892e-05,2997558.701,3.748711e-03,3.354063e+01,2.183295e-05,3.526370e-05,2987087.961,2.500000e-04,10.25,5569.52
2546,4.036292e-03,3.383451e+01,3.393545e-05,6.269750e-05,2997661.955,3.724597e-03,3.385477e+01,1.979189e-05,2.824018e-05,3005498.430,2.500000e-04,10.44,5579.96
2547,3.877336e-03,3.375335e+01,2.715567e-05,4.608890e-05,2997542.559,4.819926e-03,3.441877e+01,6.545009e-05,1.447096e-04,3031983.836,2.500000e-04,10.49,5590.44
2548,3.989049e-03,3.377919e+01,3.290309e-05,5.641980e-05,2997979.869,3.672115e-03,3.371221e+01,1.948773e-05,2.120322e-05,2991259.141,2.500000e-04,10.59,5601.03
2549,3.930852e-03,3.378989e+01,2.588081e-05,5.861099e-05,2997707.438,3.793564e-03,3.362186e+01,2.097539e-05,4.432496e-05,2982943.078,2.500000e-04,10.40,5611.44
2550,4.016166e-03,3.377513e+01,3.176721e-05,6.419619e-05,2997629.311,3.872837e-03,3.362718e+01,3.483415e-05,3.235536e-05,2993568.414,2.500000e-04,10.40,5621.84
2551,4.037947e-03,3.379258e+01,3.795410e-05,5.582970e-05,2997518.885,4.674879e-03,3.430655e+01,4.173320e-05,1.653785e-04,3031716.648,2.500000e-04,10.15,5631.99
2552,3.943319e-03,3.376555e+01,2.731536e-05,5.872207e-05,2997525.354,3.924951e-03,3.417408e+01,2.961944e-05,4.226976e-05,3013111.125,2.500000e-04,10.29,5642.28
2553,3.957289e-03,3.378859e+01,3.188753e-05,5.191084e-05,2997751.811,3.756222e-03,3.399084e+01,2.198666e-05,2.745428e-05,3004661.578,2.500000e-04,10.10,5652.38
2554,3.872332e-03,3.375384e+01,3.003145e-05,3.932672e-05,2997604.408,3.613874e-03,3.402535e+01,1.492062e-05,1.242666e-05,3003610.164,2.500000e-04,10.23,5662.61
2555,3.932526e-03,3.377547e+01,2.737645e-05,5.624288e-05,2997710.348,3.825329e-03,3.397297e+01,3.241989e-05,2.076668e-05,3000913.352,2.500000e-04,10.09,5672.71
2556,4.025469e-03,3.380121e+01,3.832144e-05,5.242674e-05,2997795.709,3.896844e-03,3.368143e+01,3.015708e-05,4.542589e-05,2991240.227,2.500000e-04,10.12,5682.83
2557,3.869591e-03,3.377709e+01,2.843743e-05,4.150165e-05,2997425.492,3.987806e-03,3.401666e+01,4.832877e-05,2.057045e-05,3002007.531,2.500000e-04,10.10,5692.93
2558,3.897447e-03,3.378923e+01,2.647301e-05,5.075871e-05,2997660.141,4.650864e-03,3.461194e+01,3.072918e-05,1.764756e-04,3037755.320,2.500000e-04,10.57,5703.50
2559,3.999713e-03,3.379693e+01,2.841727e-05,6.716954e-05,2997726.697,4.197342e-03,3.445937e+01,3.552625e-05,7.922855e-05,3021755.594,2.500000e-04,10.08,5713.58
2560,3.935357e-03,3.376490e+01,3.341281e-05,4.494776e-05,2997737.244,4.435458e-03,3.323869e+01,3.365567e-05,1.550064e-04,2966703.023,2.500000e-04,10.13,5723.71
2561,3.965581e-03,3.379727e+01,2.757543e-05,6.201994e-05,2997935.693,3.997986e-03,3.357204e+01,3.452121e-05,5.911403e-05,2979637.242,2.500000e-04,10.16,5733.86
2562,3.828991e-03,3.375645e+01,2.359351e-05,4.348214e-05,2997551.271,3.851212e-03,3.349856e+01,1.551995e-05,6.923123e-05,2981578.391,2.500000e-04,10.47,5744.34
2563,3.881470e-03,3.377914e+01,2.636409e-05,4.798301e-05,2997380.545,4.307845e-03,3.426161e+01,3.843163e-05,9.947341e-05,3022000.695,2.500000e-04,10.29,5754.63
2564,3.920664e-03,3.372298e+01,2.911170e-05,5.144999e-05,2997967.916,3.812342e-03,3.365858e+01,2.935748e-05,3.058195e-05,2989987.078,2.500000e-04,9.93,5764.56
2565,3.950530e-03,3.377676e+01,3.088426e-05,5.280236e-05,2997622.498,4.038860e-03,3.409755e+01,4.775955e-05,3.030203e-05,3012003.250,2.500000e-04,10.43,5774.98
2566,3.814127e-03,3.375863e+01,2.509833e-05,3.745621e-05,2998070.418,4.562828e-03,3.305431e+01,3.813295e-05,1.752135e-04,2961622.375,2.500000e-04,9.93,5784.91
2567,4.040016e-03,3.374526e+01,3.474029e-05,6.361729e-05,2997367.209,3.703354e-03,3.344140e+01,1.724649e-05,3.734972e-05,2983805.586,2.500000e-04,10.58,5795.50
2568,3.922953e-03,3.377627e+01,2.791122e-05,5.324282e-05,2997478.260,4.453687e-03,3.440144e+01,2.169776e-05,1.593132e-04,3023143.219,2.500000e-04,10.00,5805.49
2569,3.999502e-03,3.376179e+01,2.997300e-05,6.471865e-05,2997935.627,3.807265e-03,3.354886e+01,2.903264e-05,3.241044e-05,2985382.164,2.500000e-04,10.21,5815.70
2570,3.973955e-03,3.376161e+01,3.826322e-05,4.303253e-05,2997297.943,4.010681e-03,3.419652e+01,1.697526e-05,8.425545e-05,3021930.180,2.500000e-04,9.87,5825.57
2571,3.939264e-03,3.376442e+01,3.369226e-05,4.517992e-05,2997709.744,3.744853e-03,3.368447e+01,2.358001e-05,2.812132e-05,2992223.812,2.500000e-04,10.60,5836.18
2572,3.978462e-03,3.374477e+01,3.199746e-05,5.680224e-05,2997741.090,3.794153e-03,3.379056e+01,2.088780e-05,4.124390e-05,2991048.602,2.500000e-04,10.73,5846.90
2573,3.933339e-03,3.376263e+01,2.710508e-05,5.720501e-05,2997816.967,4.278973e-03,3.352379e+01,3.068916e-05,1.239405e-04,2978309.352,2.500000e-04,10.48,5857.39
2574,3.925484e-03,3.375119e+01,2.927759e-05,5.151776e-05,2997482.324,3.638050e-03,3.396211e+01,1.988970e-05,8.588430e-06,3002607.648,2.500000e-04,10.22,5867.60
2575,3.944070e-03,3.375469e+01,2.879631e-05,5.612775e-05,2997721.711,3.702692e-03,3.361468e+01,1.549014e-05,3.726450e-05,2985142.281,2.500000e-04,10.26,5877.87
2576,3.967579e-03,3.378543e+01,3.201541e-05,5.377636e-05,2997803.676,3.696501e-03,3.367886e+01,1.825005e-05,2.922297e-05,2993027.875,2.500000e-04,10.34,5888.21
2577,3.998330e-03,3.373347e+01,3.168902e-05,6.161850e-05,2997362.420,3.982972e-03,3.354654e+01,3.494370e-05,5.577635e-05,2984627.398,2.500000e-04,10.53,5898.74
2578,4.147718e-03,3.378277e+01,3.610630e-05,8.167563e-05,2997275.236,4.033579e-03,3.377852e+01,4.370466e-05,4.373612e-05,3005049.289,2.500000e-04,10.40,5909.14
2579,4.046915e-03,3.379271e+01,3.071769e-05,7.209338e-05,2997681.621,3.919541e-03,3.406976e+01,3.444542e-05,3.362217e-05,2993789.039,2.500000e-04,10.21,5919.35
2580,3.932358e-03,3.376037e+01,3.185639e-05,4.755156e-05,2997564.785,4.316939e-03,3.444846e+01,3.461779e-05,1.051830e-04,3028595.984,2.500000e-04,11.32,5930.67
2581,4.014374e-03,3.377425e+01,3.122567e-05,6.493845e-05,2997930.674,3.745819e-03,3.382203e+01,2.085282e-05,3.101758e-05,3002977.023,2.500000e-04,10.82,5941.50
2582,3.971064e-03,3.374333e+01,3.070532e-05,5.793554e-05,2997236.957,3.678462e-03,3.397491e+01,1.953903e-05,1.711614e-05,3007676.836,2.500000e-04,11.11,5952.61
2583,3.945374e-03,3.376787e+01,3.017814e-05,5.336123e-05,2997865.727,3.626885e-03,3.368228e+01,1.385432e-05,2.402274e-05,2992807.625,2.500000e-04,10.79,5963.40
2584,3.886600e-03,3.376744e+01,2.922792e-05,4.351550e-05,2997495.305,4.512209e-03,3.421123e+01,3.362285e-05,1.509715e-04,3029372.469,2.500000e-04,10.47,5973.87
2585,3.956751e-03,3.374366e+01,3.089110e-05,5.469490e-05,2998057.029,3.569618e-03,3.372440e+01,1.158598e-05,1.626374e-05,2997511.992,2.500000e-04,11.11,5984.98
2586,3.987571e-03,3.373554e+01,3.047819e-05,6.184721e-05,2997605.820,3.782743e-03,3.403080e+01,3.197961e-05,1.197338e-05,3003548.742,2.500000e-04,10.49,5995.47
2587,3.973905e-03,3.376625e+01,2.983625e-05,5.978363e-05,2997459.730,4.218482e-03,3.355838e+01,6.221465e-05,4.809954e-05,2983079.625,2.500000e-04,10.62,6006.09
2588,3.971909e-03,3.380946e+01,2.902201e-05,6.014855e-05,2997648.598,4.157840e-03,3.436375e+01,4.062412e-05,6.304484e-05,3016372.203,2.500000e-04,10.93,6017.01
2589,4.006946e-03,3.381819e+01,3.009289e-05,6.483965e-05,2997854.021,4.138480e-03,3.416084e+01,6.389514e-05,1.668887e-05,3006798.625,2.500000e-04,10.82,6027.84
2590,3.934600e-03,3.377506e+01,2.793956e-05,5.553958e-05,2997745.664,4.164232e-03,3.350599e+01,1.808091e-05,1.265648e-04,2978897.539,2.500000e-04,10.53,6038.37
2591,3.855832e-03,3.374002e+01,2.785148e-05,4.066300e-05,2997605.676,3.576254e-03,3.373540e+01,1.415256e-05,1.223772e-05,2995735.664,2.500000e-04,10.72,6049.10
2592,4.021306e-03,3.376735e+01,3.120836e-05,6.649756e-05,2997809.334,3.924990e-03,3.322985e+01,2.078537e-05,7.883011e-05,2979472.320,2.500000e-04,10.94,6060.04
2593,4.016201e-03,3.377853e+01,2.548502e-05,7.669969e-05,2997545.766,4.068506e-03,3.409471e+01,4.123046e-05,4.934621e-05,3012351.352,2.500000e-04,10.36,6070.40
2594,3.920487e-03,3.377500e+01,2.725600e-05,5.408530e-05,2997937.619,4.061451e-03,3.371322e+01,2.163442e-05,9.475684e-05,2977920.109,2.500000e-04,10.51,6080.91
2595,4.079493e-03,3.384841e+01,3.514695e-05,6.863652e-05,2997837.742,4.778069e-03,3.326363e+01,8.699347e-05,1.163543e-04,2973823.594,2.500000e-04,10.40,6091.31
2596,3.912023e-03,3.376140e+01,3.249096e-05,4.219463e-05,2997373.590,4.074896e-03,3.329045e+01,2.844765e-05,9.227501e-05,2975850.945,2.500000e-04,10.76,6102.07
2597,3.971174e-03,3.381801e+01,3.105662e-05,5.576153e-05,2997461.785,3.725335e-03,3.389683e+01,2.035842e-05,2.641359e-05,2999808.922,2.500000e-04,10.37,6112.44
2598,3.997112e-03,3.378615e+01,3.347525e-05,5.674881e-05,2997630.223,3.735722e-03,3.399849e+01,2.052930e-05,2.611591e-05,2997473.383,2.500000e-04,10.34,6122.77
2599,4.042350e-03,3.378821e+01,3.288926e-05,6.692722e-05,2997705.930,4.338432e-03,3.422876e+01,7.763625e-05,2.783891e-05,2998324.070,2.500000e-04,10.31,6133.08
2600,3.888707e-03,3.379876e+01,2.514271e-05,5.148074e-05,2997910.205,3.811792e-03,3.332027e+01,1.442461e-05,6.710380e-05,2979816.836,2.500000e-04,10.33,6143.42
2601,3.976485e-03,3.376671e+01,2.831293e-05,6.333702e-05,2997502.227,3.898454e-03,3.354412e+01,2.010807e-05,6.859228e-05,2981610.266,1.250000e-04,9.87,6153.29
2602,3.613374e-03,3.373441e+01,1.496022e-05,1.806624e-05,2997609.088,3.914463e-03,3.381122e+01,1.682775e-05,7.301269e-05,3012846.070,1.250000e-04,10.37,6163.66
2603,3.605260e-03,3.369025e+01,1.626020e-05,1.472666e-05,2997846.918,3.917019e-03,3.416462e+01,1.754109e-05,6.502924e-05,3021027.820,1.250000e-04,10.13,6173.79
2604,3.604321e-03,3.366050e+01,1.454697e-05,1.856022e-05,2997881.922,3.651346e-03,3.388865e+01,1.919819e-05,1.409980e-05,3006343.953,1.250000e-04,10.17,6183.96
2605,3.589511e-03,3.366027e+01,1.407203e-05,1.655271e-05,2997708.014,3.702969e-03,3.401567e+01,1.340313e-05,3.347422e-05,3013864.141,1.250000e-04,10.12,6194.09
2606,3.570917e-03,3.364228e+01,1.395279e-05,1.343216e-05,2997840.406,3.851520e-03,3.394964e+01,2.782018e-05,3.567087e-05,3013522.680,1.250000e-04,10.25,6204.34
2607,3.590952e-03,3.363428e+01,1.327423e-05,1.895637e-05,2997999.375,3.500284e-03,3.363044e+01,9.393443e-06,8.661207e-06,2995885.461,1.250000e-04,10.28,6214.62
2608,3.571442e-03,3.362014e+01,1.382079e-05,1.424414e-05,2997709.771,3.502278e-03,3.377509e+01,9.857360e-06,5.239195e-06,2999547.469,1.250000e-04,10.00,6224.62
2609,3.576552e-03,3.361388e+01,1.386868e-05,1.529549e-05,2997717.197,3.653110e-03,3.379826e+01,1.663504e-05,2.138683e-05,3008160.062,1.250000e-04,9.96,6234.58
2610,3.575701e-03,3.360917e+01,1.425227e-05,1.445212e-05,2997996.371,3.559404e-03,3.365983e+01,1.258950e-05,1.350523e-05,3000995.602,1.250000e-04,10.02,6244.60
2611,3.621441e-03,3.358767e+01,1.683739e-05,1.886002e-05,2997791.113,3.605379e-03,3.364501e+01,1.849939e-05,1.117689e-05,2995008.906,1.250000e-04,10.14,6254.74
2612,3.579537e-03,3.358986e+01,1.458826e-05,1.493367e-05,2997765.189,3.571254e-03,3.354385e+01,1.236010e-05,1.865354e-05,3000747.398,1.250000e-04,10.03,6264.77
2613,3.583649e-03,3.358212e+01,1.517568e-05,1.473600e-05,2997896.221,3.531515e-03,3.363177e+01,1.183342e-05,1.000091e-05,2998748.547,1.250000e-04,10.38,6275.15
2614,3.610967e-03,3.358617e+01,1.913026e-05,1.220935e-05,2997711.564,3.538428e-03,3.378243e+01,1.017116e-05,1.169479e-05,3005442.773,1.250000e-04,10.36,6285.52
2615,3.574747e-03,3.357784e+01,1.385405e-05,1.568447e-05,2997922.025,3.642819e-03,3.350629e+01,2.078869e-05,1.686063e-05,2990287.023,1.250000e-04,9.97,6295.49
2616,3.563521e-03,3.358187e+01,1.269607e-05,1.567463e-05,2997927.414,3.520702e-03,3.374672e+01,1.185537e-05,5.495199e-06,3000306.281,1.250000e-04,10.28,6305.77
2617,3.568267e-03,3.358350e+01,1.357522e-05,1.483282e-05,2997880.172,3.597668e-03,3.333281e+01,1.249723e-05,2.788301e-05,2985736.586,1.250000e-04,10.47,6316.24
2618,3.591444e-03,3.357310e+01,1.611067e-05,1.460559e-05,2997692.791,3.591435e-03,3.357626e+01,1.527488e-05,1.621207e-05,2998853.242,1.250000e-04,10.71,6326.95
2619,3.582361e-03,3.354813e+01,1.359850e-05,1.831263e-05,2997883.477,3.651049e-03,3.370804e+01,1.555218e-05,2.494482e-05,3008320.766,1.250000e-04,10.54,6337.48
2620,3.596948e-03,3.356606e+01,1.560038e-05,1.686752e-05,2997738.232,3.524087e-03,3.368858e+01,1.069874e-05,9.648472e-06,3001546.117,1.250000e-04,9.94,6347.42
2621,3.585121e-03,3.356683e+01,1.402766e-05,1.763227e-05,2997942.691,3.527776e-03,3.344434e+01,1.080749e-05,1.505358e-05,2990905.297,1.250000e-04,10.97,6358.39
2622,3.580857e-03,3.353696e+01,1.376890e-05,1.789432e-05,2997849.049,3.507890e-03,3.361230e+01,1.086850e-05,7.595064e-06,2997314.867,1.250000e-04,10.96,6369.35
2623,3.601722e-03,3.355397e+01,1.627931e-05,1.670636e-05,2997809.836,3.540996e-03,3.362259e+01,1.087063e-05,1.400615e-05,3002142.797,1.250000e-04,10.73,6380.08
2624,3.595621e-03,3.354374e+01,1.543653e-05,1.737630e-05,2997855.213,3.548117e-03,3.361163e+01,1.240881e-05,1.257321e-05,3003251.664,1.250000e-04,11.27,6391.36
2625,3.575642e-03,3.355156e+01,1.470550e-05,1.468619e-05,2997788.699,3.590434e-03,3.341613e+01,1.582987e-05,1.810450e-05,2990492.430,1.250000e-04,10.64,6402.00
2626,3.599215e-03,3.354484e+01,1.596006e-05,1.702614e-05,2997917.928,3.573891e-03,3.354686e+01,1.656417e-05,1.071262e-05,2994530.773,1.250000e-04,11.35,6413.35
2627,3.586792e-03,3.353815e+01,1.327439e-05,2.004670e-05,2997859.396,3.516268e-03,3.347624e+01,9.613383e-06,1.450214e-05,2995676.984,1.250000e-04,10.31,6423.66
2628,3.578169e-03,3.353239e+01,1.339189e-05,1.820211e-05,2997857.787,3.742469e-03,3.361284e+01,2.040477e-05,3.542750e-05,3007131.672,1.250000e-04,10.40,6434.07
2629,3.589768e-03,3.351983e+01,1.442296e-05,1.871117e-05,2997712.664,3.590948e-03,3.376661e+01,1.372674e-05,1.540388e-05,3003732.148,1.250000e-04,10.88,6444.95
2630,3.584546e-03,3.355421e+01,1.615583e-05,1.351324e-05,2997917.430,3.641848e-03,3.358985e+01,2.254748e-05,1.147773e-05,2994851.859,1.250000e-04,10.53,6455.48
2631,3.577184e-03,3.353048e+01,1.389618e-05,1.703490e-05,2997669.578,3.522993e-03,3.352813e+01,1.090674e-05,1.222249e-05,2997627.312,1.250000e-04,10.47,6465.95
2632,3.560907e-03,3.353115e+01,1.342312e-05,1.471205e-05,2997984.727,3.559602e-03,3.384955e+01,1.104747e-05,1.283441e-05,3008324.141,1.250000e-04,10.55,6476.50
2633,3.574537e-03,3.352850e+01,1.303338e-05,1.827066e-05,2997903.135,3.610537e-03,3.339820e+01,1.883662e-05,1.647033e-05,2990346.609,1.250000e-04,10.48,6486.98
2634,3.552868e-03,3.350461e+01,1.289020e-05,1.470102e-05,2997767.871,3.559828e-03,3.337549e+01,1.121528e-05,2.202529e-05,2989828.766,1.250000e-04,10.29,6497.28
2635,3.585212e-03,3.352929e+01,1.399410e-05,1.846837e-05,2997819.592,3.594338e-03,3.365047e+01,1.202730e-05,2.180365e-05,3003553.266,1.250000e-04,10.25,6507.53
2636,3.571739e-03,3.352041e+01,1.363361e-05,1.667236e-05,2997959.969,3.569502e-03,3.356873e+01,1.273176e-05,1.706226e-05,2993475.172,1.250000e-04,10.16,6517.68
2637,3.594055e-03,3.353039e+01,1.302139e-05,2.216052e-05,2997835.309,3.656661e-03,3.366399e+01,1.961973e-05,1.881292e-05,3005629.734,1.250000e-04,9.87,6527.55
2638,3.599608e-03,3.350096e+01,1.332438e-05,2.325361e-05,2997787.428,3.822266e-03,3.330135e+01,1.657852e-05,6.526909e-05,2978326.695,1.250000e-04,10.28,6537.83
2639,3.595485e-03,3.352501e+01,1.344261e-05,2.171159e-05,2997941.842,3.694146e-03,3.366294e+01,1.454297e-05,3.648440e-05,2993943.188,1.250000e-04,10.02,6547.85
2640,3.590413e-03,3.352069e+01,1.349444e-05,2.068004e-05,2997546.006,3.730611e-03,3.380793e+01,2.203836e-05,2.588694e-05,3010662.695,1.250000e-04,9.89,6557.74
2641,3.564765e-03,3.350786e+01,1.540820e-05,1.197940e-05,2997955.436,3.530548e-03,3.368608e+01,1.088805e-05,1.061181e-05,3004952.148,1.250000e-04,9.95,6567.69
2642,3.588383e-03,3.351270e+01,1.574837e-05,1.592590e-05,2997931.576,3.561336e-03,3.357386e+01,1.411395e-05,1.256230e-05,2994219.859,1.250000e-04,10.07,6577.76
2643,3.584539e-03,3.352907e+01,1.454805e-05,1.723035e-05,2997900.791,3.603682e-03,3.341187e+01,1.843976e-05,1.561943e-05,2990728.383,1.250000e-04,10.17,6587.93
2644,3.549860e-03,3.350705e+01,1.358232e-05,1.266630e-05,2997768.043,3.556007e-03,3.352387e+01,1.310510e-05,1.451385e-05,2999545.883,1.250000e-04,10.03,6597.96
2645,3.588872e-03,3.350287e+01,1.440909e-05,1.889882e-05,2997683.621,3.685722e-03,3.378598e+01,1.092463e-05,3.957547e-05,3014703.961,1.250000e-04,10.00,6607.96
2646,3.605788e-03,3.351721e+01,1.441387e-05,2.198563e-05,2997986.863,3.581505e-03,3.357204e+01,1.235694e-05,2.014638e-05,3005159.789,1.250000e-04,10.10,6618.06
2647,3.600434e-03,3.349756e+01,1.282100e-05,2.449365e-05,2997738.811,3.674372e-03,3.343687e+01,1.427227e-05,3.759253e-05,2985308.180,1.250000e-04,10.38,6628.45
2648,3.592405e-03,3.351758e+01,1.243948e-05,2.325053e-05,2997900.316,3.525887e-03,3.353728e+01,1.181010e-05,1.081150e-05,2998571.023,1.250000e-04,10.29,6638.73
2649,3.548568e-03,3.350562e+01,1.377161e-05,1.205785e-05,2997877.297,3.650956e-03,3.335939e+01,2.214643e-05,1.871048e-05,2991764.477,1.250000e-04,10.44,6649.17
2650,3.599349e-03,3.351083e+01,1.535414e-05,1.894481e-05,2997781.371,3.611165e-03,3.353523e+01,2.035374e-05,1.082089e-05,2998307.594,1.250000e-04,10.05,6659.22
2651,3.601371e-03,3.350057e+01,1.662225e-05,1.701829e-05,2997674.557,3.869823e-03,3.350747e+01,4.569843e-05,1.241826e-05,2996400.414,1.250000e-04,10.45,6669.68
2652,3.621155e-03,3.352773e+01,1.810658e-05,1.746341e-05,2997968.613,3.582705e-03,3.350555e+01,1.575330e-05,1.492358e-05,2998188.344,1.250000e-04,10.62,6680.29
2653,3.567237e-03,3.349095e+01,1.392810e-05,1.577220e-05,2997898.100,3.568243e-03,3.328785e+01,1.050321e-05,2.688519e-05,2986474.812,1.250000e-04,10.63,6690.93
2654,3.580439e-03,3.350727e+01,1.445844e-05,1.702556e-05,2997761.234,3.579621e-03,3.369161e+01,1.500258e-05,1.208693e-05,3004859.461,1.250000e-04,10.75,6701.67
2655,3.586476e-03,3.349557e+01,1.443613e-05,1.851145e-05,2997795.125,3.757060e-03,3.381630e+01,1.101589e-05,5.305408e-05,3016988.438,1.250000e-04,10.76,6712.44
2656,3.581497e-03,3.348199e+01,1.356564e-05,1.952828e-05,2998029.248,3.576085e-03,3.354813e+01,1.181007e-05,2.063431e-05,2998385.359,1.250000e-04,10.74,6723.18
2657,3.548110e-03,3.347223e+01,1.352925e-05,1.311902e-05,2997736.082,3.574797e-03,3.352806e+01,1.583844e-05,1.272131e-05,3001637.070,1.250000e-04,10.85,6734.03
2658,3.623483e-03,3.349849e+01,1.554209e-05,2.364261e-05,2997984.012,3.578174e-03,3.324945e+01,1.184348e-05,2.695874e-05,2987722.008,1.250000e-04,10.92,6744.95
2659,3.562980e-03,3.349940e+01,1.397482e-05,1.465842e-05,2997789.920,3.737688e-03,3.360703e+01,3.302965e-05,9.337685e-06,3002475.531,1.250000e-04,10.75,6755.71
2660,3.615840e-03,3.349678e+01,1.520237e-05,2.282754e-05,2997630.893,3.672420e-03,3.344472e+01,2.523906e-05,1.511147e-05,2996518.172,1.250000e-04,10.66,6766.37
2661,3.573416e-03,3.351176e+01,1.408533e-05,1.627751e-05,2998110.096,3.592064e-03,3.334551e+01,1.554706e-05,2.040842e-05,2991561.039,1.250000e-04,11.44,6777.81
2662,3.587911e-03,3.348686e+01,1.496131e-05,1.792234e-05,2997679.951,3.659414e-03,3.377332e+01,1.509923e-05,2.621790e-05,3010909.977,1.250000e-04,10.48,6788.29
2663,3.569874e-03,3.350837e+01,1.254955e-05,1.870828e-05,2998035.777,3.524576e-03,3.361602e+01,1.104406e-05,1.050679e-05,3003980.031,1.250000e-04,10.57,6798.86
2664,3.581851e-03,3.347499e+01,1.345746e-05,1.995546e-05,2997687.543,3.570599e-03,3.378735e+01,1.091488e-05,1.654305e-05,3008253.398,1.250000e-04,10.06,6808.91
2665,3.571048e-03,3.349865e+01,1.336942e-05,1.749764e-05,2998099.539,3.536023e-03,3.348401e+01,1.112475e-05,1.527489e-05,2992703.469,1.250000e-04,9.81,6818.73
2666,3.569404e-03,3.347609e+01,1.426504e-05,1.582891e-05,2997716.795,3.590397e-03,3.375724e+01,1.665754e-05,9.619540e-06,3005190.125,1.250000e-04,9.96,6828.69
2667,3.565261e-03,3.348270e+01,1.374208e-05,1.591409e-05,2997806.906,3.522011e-03,3.371512e+01,9.362497e-06,1.137474e-05,3006331.617,1.250000e-04,9.95,6838.64
2668,3.594752e-03,3.349157e+01,1.385232e-05,2.141421e-05,2997879.061,3.524996e-03,3.340618e+01,1.207940e-05,1.271682e-05,2992782.203,1.250000e-04,9.95,6848.60
2669,3.586314e-03,3.350543e+01,1.540224e-05,1.634962e-05,2998191.508,3.539919e-03,3.335240e+01,1.024737e-05,2.044107e-05,2993815.453,1.250000e-04,9.92,6858.51
2670,3.559786e-03,3.349001e+01,1.252651e-05,1.710404e-05,2997610.461,3.597395e-03,3.312906e+01,9.796904e-06,3.730411e-05,2985513.531,1.250000e-04,9.76,6868.28
2671,3.579960e-03,3.348174e+01,1.427136e-05,1.781449e-05,2997764.949,3.558365e-03,3.328594e+01,1.085112e-05,2.425191e-05,2990013.094,1.250000e-04,9.64,6877.92
2672,3.574344e-03,3.348108e+01,1.468986e-05,1.586740e-05,2998001.053,3.561434e-03,3.335048e+01,1.192480e-05,2.142770e-05,2991368.023,1.250000e-04,9.91,6887.83
2673,3.589184e-03,3.348773e+01,1.392463e-05,2.023288e-05,2997874.115,3.848045e-03,3.299801e+01,1.245185e-05,8.474509e-05,2974793.797,1.250000e-04,9.97,6897.80
2674,3.588162e-03,3.349072e+01,1.376023e-05,2.029754e-05,2997709.041,3.533810e-03,3.349143e+01,1.290615e-05,1.112093e-05,2999856.984,1.250000e-04,10.13,6907.94
2675,3.566652e-03,3.348153e+01,1.377593e-05,1.614787e-05,2997855.127,3.539593e-03,3.325636e+01,1.015580e-05,2.247970e-05,2988126.250,1.250000e-04,10.09,6918.03
2676,3.599305e-03,3.348635e+01,1.477508e-05,2.058385e-05,2997662.350,3.615739e-03,3.380663e+01,1.124953e-05,2.451632e-05,3011978.523,1.250000e-04,10.55,6928.58
2677,3.574509e-03,3.347784e+01,1.337755e-05,1.858986e-05,2997939.564,3.588124e-03,3.354044e+01,1.754945e-05,1.171711e-05,2995142.812,1.250000e-04,10.13,6938.71
2678,3.550862e-03,3.348215e+01,1.349682e-05,1.353579e-05,2998006.629,3.648067e-03,3.377274e+01,1.411573e-05,2.592705e-05,3000913.641,1.250000e-04,10.11,6948.83
2679,3.601008e-03,3.347044e+01,1.597132e-05,1.885029e-05,2997671.844,3.574482e-03,3.381381e+01,1.198391e-05,1.465249e-05,3009478.945,1.250000e-04,9.69,6958.52
2680,3.582347e-03,3.347993e+01,1.470665e-05,1.745732e-05,2997781.641,3.880476e-03,3.407419e+01,2.526820e-05,4.407510e-05,3017105.820,1.250000e-04,9.68,6968.20
2681,3.596044e-03,3.347285e+01,1.373702e-05,2.227787e-05,2997835.096,3.491884e-03,3.351987e+01,9.665254e-06,8.648866e-06,3000112.523,1.250000e-04,9.41,6977.61
2682,3.557034e-03,3.344886e+01,1.344093e-05,1.554777e-05,2997975.912,3.509279e-03,3.355804e+01,1.007733e-05,1.054049e-05,2995202.539,1.250000e-04,9.68,6987.30
2683,3.544192e-03,3.348598e+01,1.284291e-05,1.343284e-05,2997955.621,3.576203e-03,3.342405e+01,1.274011e-05,2.127935e-05,2996867.312,1.250000e-04,9.69,6996.99
2684,3.584754e-03,3.344674e+01,1.307632e-05,2.186326e-05,2997592.334,3.559712e-03,3.376963e+01,1.080503e-05,1.493967e-05,3004826.070,1.250000e-04,9.74,7006.73
2685,3.602531e-03,3.345880e+01,1.486291e-05,2.160431e-05,2997930.139,3.537518e-03,3.348605e+01,1.003758e-05,1.770754e-05,2991843.461,1.250000e-04,10.55,7017.28
2686,3.553856e-03,3.347404e+01,1.338347e-05,1.452343e-05,2997834.502,3.628836e-03,3.367573e+01,1.389310e-05,2.446627e-05,3008672.992,1.250000e-04,10.12,7027.40
2687,3.589812e-03,3.347272e+01,1.543941e-05,1.762905e-05,2997820.639,3.757925e-03,3.368754e+01,2.785205e-05,2.213020e-05,2998228.844,1.250000e-04,10.32,7037.72
2688,3.587602e-03,3.347560e+01,1.629360e-05,1.542111e-05,2997888.941,3.681689e-03,3.379198e+01,2.020510e-05,2.008797e-05,3010129.625,1.250000e-04,10.20,7047.92
2689,3.602827e-03,3.347539e+01,1.549977e-05,2.005812e-05,2997991.504,3.593523e-03,3.325618e+01,1.234991e-05,2.888112e-05,2986315.547,1.250000e-04,10.59,7058.51
2690,3.614456e-03,3.346467e+01,1.363038e-05,2.633698e-05,2997701.645,3.644737e-03,3.361048e+01,1.740297e-05,2.193199e-05,3004407.133,1.250000e-04,10.48,7068.99
2691,3.553358e-03,3.348343e+01,1.367782e-05,1.364726e-05,2997906.258,3.528031e-03,3.325514e+01,9.438223e-06,2.162698e-05,2992257.570,1.250000e-04,10.63,7079.62
2692,3.595860e-03,3.344270e+01,1.558671e-05,1.914456e-05,2997660.436,3.602755e-03,3.356755e+01,1.423618e-05,2.072771e-05,2996848.547,1.250000e-04,10.56,7090.18
2693,3.676265e-03,3.348458e+01,1.577720e-05,3.400697e-05,2997877.949,3.585376e-03,3.375826e+01,1.079516e-05,2.031966e-05,3002282.062,1.250000e-04,10.25,7100.43
2694,3.581920e-03,3.346009e+01,1.469054e-05,1.780116e-05,2997977.396,3.559700e-03,3.331489e+01,1.018167e-05,2.527879e-05,2986434.523,1.250000e-04,10.41,7110.85
2695,3.571881e-03,3.346205e+01,1.335342e-05,1.842829e-05,2997804.361,3.544933e-03,3.349711e+01,1.240860e-05,1.422733e-05,2998889.484,1.250000e-04,9.99,7120.84
2696,3.563152e-03,3.344976e+01,1.362507e-05,1.638516e-05,2998012.916,3.763865e-03,3.312176e+01,1.496180e-05,6.041426e-05,2981343.898,1.250000e-04,10.31,7131.14
2697,3.534958e-03,3.343723e+01,1.258962e-05,1.306784e-05,2997574.547,3.539134e-03,3.367465e+01,1.193421e-05,1.046522e-05,3005428.445,1.250000e-04,10.36,7141.51
2698,3.579786e-03,3.345375e+01,1.334576e-05,2.019070e-05,2997868.807,3.568523e-03,3.335508e+01,1.323760e-05,2.012774e-05,2991674.008,1.250000e-04,10.19,7151.70
2699,3.580565e-03,3.344436e+01,1.292432e-05,2.137715e-05,2997792.250,3.512418e-03,3.373408e+01,1.010506e-05,7.591900e-06,3004308.867,1.250000e-04,10.19,7161.88
2700,3.572994e-03,3.345132e+01,1.231202e-05,2.094847e-05,2997751.723,3.583844e-03,3.375243e+01,1.333270e-05,1.505475e-05,3007903.055,1.250000e-04,10.17,7172.05
2701,3.596306e-03,3.343244e+01,1.431215e-05,2.198822e-05,2997739.670,3.645965e-03,3.366512e+01,2.117115e-05,1.354831e-05,3004415.656,1.250000e-04,10.09,7182.14
2702,3.610068e-03,3.346005e+01,1.539681e-05,2.201913e-05,2998084.137,3.646337e-03,3.354032e+01,1.994132e-05,1.857839e-05,2996173.094,1.250000e-04,9.80,7191.94
2703,3.561850e-03,3.345693e+01,1.410074e-05,1.502983e-05,2997744.270,3.540851e-03,3.354124e+01,1.391787e-05,9.509684e-06,3003050.211,1.250000e-04,9.98,7201.92
2704,3.561971e-03,3.344219e+01,1.442043e-05,1.470958e-05,2997822.166,3.719538e-03,3.351044e+01,3.271762e-05,8.263644e-06,2998989.641,1.250000e-04,9.92,7211.85
2705,3.578094e-03,3.345339e+01,1.620879e-05,1.413345e-05,2997758.613,3.588031e-03,3.367611e+01,9.207872e-06,2.566817e-05,3007333.609,1.250000e-04,10.02,7221.87
2706,3.617442e-03,3.345510e+01,1.440846e-05,2.556956e-05,2997970.305,3.568044e-03,3.341457e+01,1.547125e-05,1.437489e-05,2998111.734,1.250000e-04,10.17,7232.04
2707,3.579177e-03,3.342680e+01,1.356315e-05,2.017319e-05,2997745.518,3.653947e-03,3.311735e+01,1.274171e-05,4.295895e-05,2982247.523,1.250000e-04,9.91,7241.95
2708,3.585489e-03,3.345389e+01,1.445816e-05,1.910382e-05,2997826.383,3.637325e-03,3.365721e+01,1.954044e-05,1.523990e-05,3006166.438,1.250000e-04,10.31,7252.26
2709,3.589087e-03,3.344443e+01,1.452340e-05,1.988204e-05,2997782.639,3.589171e-03,3.363995e+01,1.888196e-05,7.271308e-06,3001346.383,1.250000e-04,10.02,7262.27
2710,3.565519e-03,3.346123e+01,1.299947e-05,1.788021e-05,2997999.840,3.620755e-03,3.321896e+01,1.173327e-05,3.630531e-05,2986525.695,1.250000e-04,9.87,7272.14
2711,3.585201e-03,3.344469e+01,1.410277e-05,1.994083e-05,2997755.557,3.553261e-03,3.373535e+01,9.815523e-06,1.631418e-05,3006681.008,1.250000e-04,10.18,7282.33
2712,3.579421e-03,3.346066e+01,1.377179e-05,1.912729e-05,2997762.775,3.550524e-03,3.342520e+01,1.305382e-05,1.549315e-05,2995479.117,1.250000e-04,9.73,7292.06
2713,3.547485e-03,3.343212e+01,1.330807e-05,1.423854e-05,2997800.424,3.632173e-03,3.387611e+01,1.519866e-05,1.851514e-05,3006941.242,1.250000e-04,10.02,7302.08
2714,3.586914e-03,3.344083e+01,1.302927e-05,2.250782e-05,2997897.803,3.486134e-03,3.338583e+01,9.234928e-06,1.104046e-05,2992871.414,1.250000e-04,9.74,7311.82
2715,3.607919e-03,3.347036e+01,1.682599e-05,1.852469e-05,2997886.375,3.649361e-03,3.314537e+01,1.447101e-05,3.802267e-05,2983732.398,1.250000e-04,9.90,7321.72
2716,3.553359e-03,3.343614e+01,1.352501e-05,1.489894e-05,2997758.934,3.501079e-03,3.355940e+01,1.002165e-05,8.984477e-06,3001498.484,1.250000e-04,9.91,7331.63
2717,3.580190e-03,3.344576e+01,1.432893e-05,1.846501e-05,2998059.865,3.650500e-03,3.313851e+01,1.167879e-05,4.397231e-05,2981513.867,1.250000e-04,10.16,7341.79
2718,3.600180e-03,3.344557e+01,1.522295e-05,2.067876e-05,2997632.506,3.664477e-03,3.376148e+01,2.187070e-05,1.392454e-05,3008307.781,1.250000e-04,10.28,7352.07
2719,3.599047e-03,3.344567e+01,1.631357e-05,1.826896e-05,2997782.117,3.514649e-03,3.345735e+01,1.133698e-05,1.110884e-05,2994965.367,1.250000e-04,10.24,7362.31
2720,3.581225e-03,3.343888e+01,1.359674e-05,2.027404e-05,2997827.111,3.520198e-03,3.350156e+01,1.260394e-05,8.800650e-06,2996394.680,1.250000e-04,10.37,7372.68
2721,3.588225e-03,3.345905e+01,1.370114e-05,2.106186e-05,2997813.707,3.636893e-03,3.346292e+01,2.346610e-05,1.118795e-05,2999832.906,1.250000e-04,10.22,7382.90
2722,3.559164e-03,3.345535e+01,1.334654e-05,1.603268e-05,2997905.305,3.518955e-03,3.351950e+01,1.174314e-05,9.914651e-06,3000822.805,1.250000e-04,10.29,7393.19
2723,3.601052e-03,3.344472e+01,1.500690e-05,2.130208e-05,2997711.471,3.553317e-03,3.348301e+01,1.086141e-05,1.928053e-05,2998424.219,1.250000e-04,10.05,7403.24
2724,3.586642e-03,3.345187e+01,1.463714e-05,1.901676e-05,2997975.881,3.628694e-03,3.321189e+01,1.268709e-05,3.612676e-05,2985398.727,1.250000e-04,10.33,7413.57
2725,3.562539e-03,3.343326e+01,1.335087e-05,1.714103e-05,2997687.574,3.588142e-03,3.367561e+01,1.391847e-05,1.627926e-05,3007866.039,1.250000e-04,10.35,7423.92
2726,3.576583e-03,3.345034e+01,1.344230e-05,1.942519e-05,2997961.783,3.630160e-03,3.342191e+01,1.958912e-05,1.841549e-05,2995580.992,1.250000e-04,10.51,7434.43
2727,3.594679e-03,3.344458e+01,1.457200e-05,2.090017e-05,2997763.127,3.493024e-03,3.357018e+01,9.968992e-06,7.263315e-06,3003133.781,1.250000e-04,10.15,7444.58
2728,3.555465e-03,3.344461e+01,1.277515e-05,1.665050e-05,2997929.600,3.608290e-03,3.324906e+01,1.594671e-05,2.478329e-05,2988853.828,1.250000e-04,10.20,7454.78
2729,3.571488e-03,3.343043e+01,1.635982e-05,1.296921e-05,2997698.648,3.533052e-03,3.358211e+01,1.330760e-05,8.352872e-06,3003212.672,1.250000e-04,10.28,7465.05
2730,3.570563e-03,3.344438e+01,1.348816e-05,1.824867e-05,2997855.838,3.498844e-03,3.349623e+01,1.108086e-05,7.682333e-06,2996165.703,1.250000e-04,10.20,7475.26
2731,3.564628e-03,3.343977e+01,1.361547e-05,1.689929e-05,2997945.674,3.536863e-03,3.339340e+01,1.141092e-05,1.668275e-05,3000926.469,1.250000e-04,10.34,7485.60
2732,3.575442e-03,3.343547e+01,1.517587e-05,1.602725e-05,2997882.301,3.522058e-03,3.331746e+01,1.201991e-05,1.402271e-05,2992710.844,1.250000e-04,10.17,7495.76
2733,3.548955e-03,3.343244e+01,1.241738e-05,1.630757e-05,2998046.725,3.988647e-03,3.282534e+01,1.967077e-05,1.018810e-04,2971908.422,1.250000e-04,10.01,7505.77
2734,3.598375e-03,3.341315e+01,1.368605e-05,2.403988e-05,2997592.609,3.548437e-03,3.349862e+01,1.639445e-05,6.925990e-06,2999495.148,1.250000e-04,10.05,7515.82
2735,3.569820e-03,3.344902e+01,1.395113e-05,1.708124e-05,2997825.395,3.533510e-03,3.339068e+01,9.997806e-06,1.889278e-05,3000212.984,1.250000e-04,9.85,7525.67
2736,3.551213e-03,3.342678e+01,1.420583e-05,1.329535e-05,2997940.836,3.519358e-03,3.333839e+01,1.158660e-05,1.393052e-05,2995265.914,1.250000e-04,9.91,7535.58
2737,3.573782e-03,3.342355e+01,1.433272e-05,1.761997e-05,2997561.094,3.626215e-03,3.380490e+01,1.484545e-05,1.945412e-05,3011101.328,1.250000e-04,9.91,7545.49
2738,3.601272e-03,3.343735e+01,1.491571e-05,2.167591e-05,2997956.936,3.557377e-03,3.334120e+01,1.117232e-05,2.230666e-05,2996797.102,1.250000e-04,9.86,7555.35
2739,3.600891e-03,3.342835e+01,1.378810e-05,2.403511e-05,2997812.078,3.486705e-03,3.360980e+01,9.272252e-06,6.600564e-06,3001545.586,1.250000e-04,10.24,7565.58
2740,3.560174e-03,3.343706e+01,1.327653e-05,1.674075e-05,2997826.576,3.780904e-03,3.319116e+01,1.962935e-05,5.309903e-05,2980940.656,1.250000e-04,10.10,7575.68
2741,3.552837e-03,3.344392e+01,1.239605e-05,1.689676e-05,2997931.838,3.560213e-03,3.355940e+01,1.315890e-05,1.453686e-05,3005658.656,1.250000e-04,10.15,7585.83
2742,3.571318e-03,3.343567e+01,1.242884e-05,2.069249e-05,2997821.574,3.509365e-03,3.329917e+01,9.641415e-06,1.660675e-05,2991822.969,1.250000e-04,10.10,7595.93
2743,3.635160e-03,3.344906e+01,1.566838e-05,2.671412e-05,2997885.920,3.521930e-03,3.358892e+01,1.258504e-05,7.437603e-06,3003436.039,1.250000e-04,10.05,7605.98
2744,3.592814e-03,3.345674e+01,1.419678e-05,2.103437e-05,2998008.318,3.759848e-03,3.321879e+01,3.230826e-05,2.297742e-05,2991928.648,1.250000e-04,9.92,7615.90
2745,3.607761e-03,3.343550e+01,1.427712e-05,2.428796e-05,2997766.131,3.755461e-03,3.306084e+01,1.398336e-05,6.190870e-05,2979480.406,1.250000e-04,9.74,7625.64
2746,3.593815e-03,3.343621e+01,1.302608e-05,2.398652e-05,2997954.139,3.834236e-03,3.307799e+01,1.111018e-05,8.306703e-05,2974771.516,1.250000e-04,10.11,7635.76
2747,3.555566e-03,3.342815e+01,1.393585e-05,1.467842e-05,2997741.996,3.545546e-03,3.336359e+01,1.489294e-05,1.205156e-05,2995576.727,1.250000e-04,10.25,7646.01
2748,3.561116e-03,3.343671e+01,1.461800e-05,1.425310e-05,2997870.514,3.625865e-03,3.326312e+01,1.546215e-05,2.898630e-05,2990567.211,1.250000e-04,9.93,7655.94
2749,3.583947e-03,3.341220e+01,1.384365e-05,2.085807e-05,2997829.650,3.657992e-03,3.321107e+01,1.690780e-05,3.356129e-05,2985702.266,1.250000e-04,9.86,7665.80
2750,3.589071e-03,3.344474e+01,1.334672e-05,2.222590e-05,2997809.816,3.547371e-03,3.340433e+01,1.099450e-05,1.939864e-05,2998275.945,1.250000e-04,10.04,7675.84
2751,3.567354e-03,3.341785e+01,1.357347e-05,1.796702e-05,2997865.477,3.520339e-03,3.345666e+01,1.239120e-05,1.015235e-05,2996515.625,1.250000e-04,10.13,7685.96
2752,3.567205e-03,3.341412e+01,1.320763e-05,1.874346e-05,2997747.229,3.558634e-03,3.359886e+01,1.331206e-05,1.312557e-05,3004564.273,1.250000e-04,10.10,7696.07
2753,3.554840e-03,3.342292e+01,1.371688e-05,1.507595e-05,2998074.910,3.610538e-03,3.325420e+01,9.652873e-06,3.771787e-05,2983609.602,1.250000e-04,10.08,7706.15
2754,3.558616e-03,3.342229e+01,1.527395e-05,1.272953e-05,2997785.562,3.521816e-03,3.330874e+01,9.786056e-06,1.861634e-05,2991572.234,1.250000e-04,10.27,7716.41
2755,3.556231e-03,3.341769e+01,1.243141e-05,1.802956e-05,2997817.986,3.485717e-03,3.350071e+01,9.396759e-06,8.335685e-06,3000117.867,1.250000e-04,10.29,7726.70
2756,3.554633e-03,3.342241e+01,1.314202e-05,1.619441e-05,2998026.264,3.719973e-03,3.302240e+01,1.497566e-05,5.359523e-05,2991613.742,1.250000e-04,10.18,7736.89
2757,3.575131e-03,3.338117e+01,1.334242e-05,2.071786e-05,2997701.883,3.557647e-03,3.349518e+01,1.308418e-05,1.545756e-05,3002337.977,1.250000e-04,10.14,7747.03
2758,3.565067e-03,3.339832e+01,1.469677e-05,1.565356e-05,2997739.549,3.529022e-03,3.333660e+01,1.271533e-05,1.364179e-05,2991972.570,1.250000e-04,10.47,7757.49
2759,3.571379e-03,3.341607e+01,1.276934e-05,2.041578e-05,2997889.678,3.524799e-03,3.340989e+01,1.175262e-05,1.325676e-05,2995887.844,1.250000e-04,10.50,7767.99
2760,3.526158e-03,3.339496e+01,1.242483e-05,1.248272e-05,2997971.893,3.637113e-03,3.321379e+01,1.791854e-05,2.730973e-05,2989569.047,1.250000e-04,10.48,7778.47
2761,3.554754e-03,3.341242e+01,1.422492e-05,1.425258e-05,2997785.586,3.536552e-03,3.340980e+01,1.356682e-05,1.198068e-05,2993393.023,1.250000e-04,10.57,7789.03
2762,3.567501e-03,3.341786e+01,1.276853e-05,1.960583e-05,2997820.006,3.528223e-03,3.344208e+01,1.189230e-05,1.301840e-05,3000433.000,1.250000e-04,10.53,7799.56
2763,3.594978e-03,3.338969e+01,1.460175e-05,2.199832e-05,2997738.451,3.535849e-03,3.349459e+01,1.442270e-05,8.432614e-06,3000403.586,1.250000e-04,10.14,7809.71
2764,3.585117e-03,3.340297e+01,1.514199e-05,1.868004e-05,2997988.812,3.596758e-03,3.332542e+01,1.250141e-05,2.784046e-05,2987741.320,1.250000e-04,10.58,7820.29
2765,3.590893e-03,3.341219e+01,1.256836e-05,2.479812e-05,2997809.072,3.746329e-03,3.301284e+01,1.182022e-05,6.536866e-05,2977031.695,1.250000e-04,10.27,7830.55
2766,3.566221e-03,3.339525e+01,1.334642e-05,1.864632e-05,2997847.451,3.526659e-03,3.337329e+01,1.417547e-05,9.515189e-06,2994473.078,1.250000e-04,10.00,7840.56
2767,3.556272e-03,3.339228e+01,1.435077e-05,1.470736e-05,2997924.500,3.537699e-03,3.347661e+01,1.276566e-05,1.247615e-05,3000577.812,1.250000e-04,10.32,7850.88
2768,3.557031e-03,3.339961e+01,1.320892e-05,1.699622e-05,2997686.400,3.587949e-03,3.330023e+01,1.067093e-05,3.024335e-05,2994749.680,1.250000e-04,10.21,7861.09
2769,3.566627e-03,3.342572e+01,1.319673e-05,1.841753e-05,2997969.859,3.546347e-03,3.326547e+01,1.220837e-05,1.954341e-05,2991531.547,1.250000e-04,10.18,7871.28
2770,3.586676e-03,3.340742e+01,1.360850e-05,2.196987e-05,2997786.986,3.520391e-03,3.359692e+01,1.167576e-05,8.788149e-06,3005077.875,1.250000e-04,10.12,7881.39
2771,3.586943e-03,3.340994e+01,1.287267e-05,2.344446e-05,2997831.900,3.529320e-03,3.359244e+01,1.056019e-05,1.289484e-05,3006487.219,1.250000e-04,9.82,7891.21
2772,3.586652e-03,3.340206e+01,1.542158e-05,1.844601e-05,2997867.617,3.670318e-03,3.350708e+01,2.776345e-05,8.395168e-06,3000476.797,1.250000e-04,10.14,7901.35
2773,3.582479e-03,3.341209e+01,1.484287e-05,1.856836e-05,2997875.508,3.516903e-03,3.338648e+01,1.263600e-05,1.037906e-05,2994728.875,1.250000e-04,10.29,7911.64
2774,3.577405e-03,3.340941e+01,1.511257e-05,1.706782e-05,2997767.506,3.533060e-03,3.328520e+01,1.234545e-05,1.621728e-05,2995960.203,1.250000e-04,10.15,7921.79
2775,3.588009e-03,3.340483e+01,1.402465e-05,2.145598e-05,2997850.242,3.507526e-03,3.359366e+01,1.236369e-05,4.904603e-06,3002242.492,1.250000e-04,10.11,7931.90
2776,3.586336e-03,3.340119e+01,1.534655e-05,1.855024e-05,2997926.541,3.598183e-03,3.315706e+01,1.263263e-05,3.123014e-05,2986836.789,1.250000e-04,9.89,7941.79
2777,3.545086e-03,3.340131e+01,1.227883e-05,1.643343e-05,2997911.100,3.579548e-03,3.336887e+01,1.379814e-05,2.093586e-05,2999347.578,1.250000e-04,10.00,7951.78
2778,3.564702e-03,3.338346e+01,1.374344e-05,1.778452e-05,2997577.559,3.643784e-03,3.361439e+01,2.386179e-05,8.745392e-06,3000660.977,1.250000e-04,9.98,7961.77
2779,3.581059e-03,3.340362e+01,1.355118e-05,2.103712e-05,2997864.705,3.534614e-03,3.348767e+01,1.344895e-05,1.027154e-05,2994709.844,1.250000e-04,9.82,7971.59
2780,3.547366e-03,3.339845e+01,1.319722e-05,1.510983e-05,2997767.412,3.700807e-03,3.369837e+01,2.157397e-05,2.304603e-05,3011294.422,1.250000e-04,10.07,7981.66
2781,3.592324e-03,3.339084e+01,1.522432e-05,2.019930e-05,2998065.648,3.593178e-03,3.318904e+01,1.038240e-05,3.409003e-05,2985795.859,1.250000e-04,10.09,7991.75
2782,3.542962e-03,3.340157e+01,1.215878e-05,1.624341e-05,2997740.029,3.574136e-03,3.342923e+01,1.364424e-05,1.895409e-05,3000173.086,1.250000e-04,10.05,8001.80
2783,3.563325e-03,3.339039e+01,1.347574e-05,1.790574e-05,2997699.715,3.850884e-03,3.403701e+01,1.580713e-05,5.782228e-05,3019927.227,1.250000e-04,10.04,8011.84
2784,3.568577e-03,3.339518e+01,1.387866e-05,1.805454e-05,2997995.131,3.516897e-03,3.336418e+01,1.285182e-05,1.039206e-05,2996664.055,1.250000e-04,10.14,8021.98
2785,3.561188e-03,3.339586e+01,1.416017e-05,1.599996e-05,2997822.551,3.491213e-03,3.338647e+01,1.081824e-05,8.876709e-06,2996404.750,1.250000e-04,10.04,8032.01
2786,3.584476e-03,3.340244e+01,1.481534e-05,1.921583e-05,2997898.561,3.590367e-03,3.337347e+01,1.256716e-05,2.546965e-05,2998765.273,1.250000e-04,10.13,8042.14
2787,3.575191e-03,3.339418e+01,1.378042e-05,1.959378e-05,2997677.240,3.655836e-03,3.371427e+01,1.791488e-05,2.105215e-05,3008044.859,1.250000e-04,9.92,8052.06
2788,3.561944e-03,3.342152e+01,1.376067e-05,1.643701e-05,2998057.215,3.529586e-03,3.330552e+01,1.025799e-05,1.929086e-05,2990206.508,1.250000e-04,9.93,8061.99
2789,3.595732e-03,3.340768e+01,1.787022e-05,1.525230e-05,2997812.984,3.507946e-03,3.342082e+01,1.164433e-05,9.884278e-06,2993862.352,1.250000e-04,9.99,8071.98
2790,3.580063e-03,3.340081e+01,1.498433e-05,1.802783e-05,2997878.373,3.480348e-03,3.344366e+01,9.228058e-06,8.740110e-06,2998550.188,1.250000e-04,10.19,8082.17
2791,3.547341e-03,3.341248e+01,1.417229e-05,1.287410e-05,2998107.938,3.855287e-03,3.288342e+01,2.016649e-05,7.305617e-05,2986774.508,1.250000e-04,10.01,8092.17
2792,3.619215e-03,3.338736e+01,1.335984e-05,2.937624e-05,2997626.963,3.727880e-03,3.319263e+01,1.767816e-05,4.636705e-05,2982103.703,1.250000e-04,10.21,8102.39
2793,3.585821e-03,3.339452e+01,1.299208e-05,2.328964e-05,2997645.533,3.531439e-03,3.361431e+01,1.247363e-05,9.054385e-06,3005400.531,1.250000e-04,10.25,8112.64
2794,3.548338e-03,3.339563e+01,1.300829e-05,1.573834e-05,2997885.678,3.573866e-03,3.359820e+01,1.786222e-05,7.084672e-06,3002659.758,1.250000e-04,10.46,8123.10
2795,3.579471e-03,3.340389e+01,1.323870e-05,2.133911e-05,2997895.410,3.534069e-03,3.342686e+01,1.282333e-05,1.262993e-05,2995254.969,1.250000e-04,10.24,8133.34
2796,3.555137e-03,3.340818e+01,1.400770e-05,1.484834e-05,2997790.096,3.542990e-03,3.339183e+01,1.269654e-05,1.536827e-05,2995887.859,1.250000e-04,10.15,8143.49
2797,3.609634e-03,3.340037e+01,1.617888e-05,2.156167e-05,2997829.309,3.514679e-03,3.369261e+01,9.834114e-06,9.415477e-06,3006309.375,1.250000e-04,10.62,8154.11
2798,3.573870e-03,3.340429e+01,1.421488e-05,1.825845e-05,2997842.994,3.669822e-03,3.315674e+01,1.855200e-05,3.372563e-05,2992060.336,1.250000e-04,10.59,8164.70
2799,3.554864e-03,3.340667e+01,1.445873e-05,1.392201e-05,2997914.650,3.499497e-03,3.355422e+01,1.118922e-05,6.436508e-06,3001882.117,1.250000e-04,10.49,8175.19
2800,3.622339e-03,3.340789e+01,1.490741e-05,2.649527e-05,2997789.070,3.646387e-03,3.316727e+01,1.185181e-05,4.222842e-05,2986515.711,1.250000e-04,10.64,8185.83
2801,3.666003e-03,3.343510e+01,1.712791e-05,3.024280e-05,2998017.518,3.990295e-03,3.278486e+01,1.312502e-05,1.161118e-04,2969016.523,1.250000e-04,10.57,8196.41
2802,3.660584e-03,3.338672e+01,1.309366e-05,3.819502e-05,2997560.855,3.525894e-03,3.336469e+01,1.035397e-05,1.717712e-05,2992613.398,1.250000e-04,10.51,8206.91
2803,3.571413e-03,3.340382e+01,1.462535e-05,1.695543e-05,2998030.057,3.751640e-03,3.318061e+01,2.306890e-05,4.057809e-05,2987733.250,1.250000e-04,10.25,8217.17
2804,3.562174e-03,3.340643e+01,1.345753e-05,1.739107e-05,2997777.053,3.651717e-03,3.324286e+01,1.454484e-05,3.639666e-05,2989653.562,1.250000e-04,10.37,8227.54
2805,3.552714e-03,3.338055e+01,1.354158e-05,1.584866e-05,2997510.287,3.505608e-03,3.360200e+01,9.842049e-06,9.397481e-06,3001988.617,1.250000e-04,10.20,8237.74
2806,3.604302e-03,3.343414e+01,1.436381e-05,2.345014e-05,2998157.277,3.631113e-03,3.316028e+01,9.983557e-06,4.304988e-05,2982386.148,1.250000e-04,10.31,8248.05
2807,3.558121e-03,3.339300e+01,1.289221e-05,1.797974e-05,2997730.955,3.845614e-03,3.306246e+01,1.328278e-05,8.130813e-05,2975967.711,1.250000e-04,10.15,8258.20
2808,3.614886e-03,3.341256e+01,1.398026e-05,2.676549e-05,2998059.203,3.634991e-03,3.347152e+01,2.055642e-05,1.645512e-05,3003704.500,1.250000e-04,10.12,8268.33
2809,3.547320e-03,3.340365e+01,1.457542e-05,1.224031e-05,2997631.340,3.599431e-03,3.334642e+01,1.374837e-05,2.546103e-05,3000530.844,1.250000e-04,9.93,8278.25
2810,3.600946e-03,3.339212e+01,1.331634e-05,2.571415e-05,2997910.379,3.632553e-03,3.353533e+01,1.274613e-05,3.031179e-05,3007032.156,1.250000e-04,9.97,8288.22
2811,3.574415e-03,3.338589e+01,1.348644e-05,2.019240e-05,2997696.961,3.554935e-03,3.368826e+01,1.131576e-05,1.459040e-05,2998877.562,1.250000e-04,10.34,8298.56
2812,3.599835e-03,3.342058e+01,1.277296e-05,2.600961e-05,2997963.775,3.554694e-03,3.357881e+01,1.278379e-05,1.379519e-05,3003519.289,1.250000e-04,10.07,8308.63
2813,3.611998e-03,3.340707e+01,1.584509e-05,2.256797e-05,2997847.262,3.567666e-03,3.341585e+01,1.495229e-05,1.531176e-05,3000884.305,1.250000e-04,10.14,8318.77
2814,3.550286e-03,3.340453e+01,1.277298e-05,1.642062e-05,2997927.291,3.885905e-03,3.316825e+01,1.009593e-05,9.362432e-05,2976400.383,1.250000e-04,9.78,8328.55
2815,3.573942e-03,3.340656e+01,1.459087e-05,1.747540e-05,2997693.088,3.534648e-03,3.353814e+01,1.383106e-05,8.504609e-06,3002694.000,1.250000e-04,9.93,8338.48
2816,3.638713e-03,3.340811e+01,1.315448e-05,3.327150e-05,2997751.273,3.695875e-03,3.360676e+01,2.107094e-05,2.489798e-05,3010066.281,1.250000e-04,9.88,8348.35
2817,3.583745e-03,3.341779e+01,1.481222e-05,1.876870e-05,2998173.588,3.767658e-03,3.286778e+01,1.270289e-05,7.077037e-05,2980563.648,1.250000e-04,10.05,8358.41
2818,3.585881e-03,3.336595e+01,1.348503e-05,2.288710e-05,2997562.459,3.530343e-03,3.348582e+01,1.417991e-05,7.992391e-06,3001229.242,1.250000e-04,10.23,8368.64
2819,3.568728e-03,3.340512e+01,1.582501e-05,1.399324e-05,2997857.270,3.592820e-03,3.310294e+01,1.187477e-05,3.275562e-05,2985425.336,1.250000e-04,10.12,8378.76
2820,3.581458e-03,3.338922e+01,1.543609e-05,1.763497e-05,2997695.863,3.484355e-03,3.360800e+01,9.011998e-06,6.687092e-06,3004437.922,1.250000e-04,10.06,8388.82
2821,3.568021e-03,3.338372e+01,1.250814e-05,2.091341e-05,2997840.406,3.506450e-03,3.349587e+01,1.207015e-05,7.232309e-06,2999905.062,1.250000e-04,9.95,8398.77
2822,3.586430e-03,3.339666e+01,1.581021e-05,1.773253e-05,2997953.709,3.536714e-03,3.334468e+01,1.240821e-05,1.563274e-05,2993967.047,1.250000e-04,10.20,8408.97
2823,3.533030e-03,3.338526e+01,1.225902e-05,1.438279e-05,2997742.912,3.601183e-03,3.364124e+01,1.574990e-05,1.591196e-05,3006829.094,1.250000e-04,9.92,8418.89
2824,3.555674e-03,3.338828e+01,1.345627e-05,1.645663e-05,2997909.174,3.548629e-03,3.363394e+01,1.336085e-05,1.032549e-05,3003199.898,1.250000e-04,10.18,8429.07
2825,3.576025e-03,3.338960e+01,1.652856e-05,1.435582e-05,2997858.270,3.584269e-03,3.328334e+01,1.222957e-05,2.672795e-05,2993412.539,1.250000e-04,10.03,8439.10
2826,3.575574e-03,3.339574e+01,1.397702e-05,1.924604e-05,2997856.215,3.486829e-03,3.335495e+01,9.354465e-06,1.155795e-05,2994370.312,1.250000e-04,10.19,8449.29
2827,3.588527e-03,3.338792e+01,1.217231e-05,2.560253e-05,2997921.281,3.546025e-03,3.355139e+01,1.233139e-05,1.351428e-05,3005045.367,1.250000e-04,10.29,8459.58
2828,3.608152e-03,3.340559e+01,1.488607e-05,2.374636e-05,2998088.117,3.595230e-03,3.326162e+01,1.232936e-05,2.915496e-05,2989198.758,1.250000e-04,10.15,8469.73
2829,3.590481e-03,3.337611e+01,1.333357e-05,2.390682e-05,2997377.107,3.940978e-03,3.381253e+01,3.808228e-05,3.578035e-05,3011624.945,1.250000e-04,10.09,8479.82
2830,3.566608e-03,3.340333e+01,1.280032e-05,1.965433e-05,2998043.799,3.673733e-03,3.377530e+01,1.531760e-05,2.860553e-05,3013280.523,1.250000e-04,9.93,8489.76
2831,3.594148e-03,3.339918e+01,1.204112e-05,2.676378e-05,2997962.570,3.474907e-03,3.336549e+01,9.808753e-06,8.054258e-06,2994569.531,1.250000e-04,10.09,8499.85
2832,3.583972e-03,3.340325e+01,1.410779e-05,2.051369e-05,2997779.645,3.539224e-03,3.356532e+01,1.328988e-05,9.958612e-06,3004813.148,1.250000e-04,10.04,8509.89
2833,3.555999e-03,3.339378e+01,1.260847e-05,1.810736e-05,2997893.295,3.528070e-03,3.345237e+01,1.224499e-05,1.207658e-05,2994224.797,1.250000e-04,9.94,8519.83
2834,3.567858e-03,3.338155e+01,1.436957e-05,1.720164e-05,2997950.932,3.635106e-03,3.340867e+01,1.875645e-05,2.133496e-05,2991657.500,1.250000e-04,9.94,8529.76
2835,3.573125e-03,3.338695e+01,1.371671e-05,1.945272e-05,2997851.133,3.661255e-03,3.318558e+01,1.254112e-05,4.345715e-05,2982213.914,1.250000e-04,10.11,8539.87
2836,3.562735e-03,3.338281e+01,1.500791e-05,1.487493e-05,2997679.947,3.579007e-03,3.330886e+01,1.344617e-05,2.273177e-05,2997246.148,1.250000e-04,10.04,8549.91
2837,3.602842e-03,3.340412e+01,1.542882e-05,2.162840e-05,2997755.438,3.670865e-03,3.359910e+01,1.566861e-05,3.085398e-05,3010258.438,1.250000e-04,10.17,8560.09
2838,3.580781e-03,3.339567e+01,1.516346e-05,1.791593e-05,2997970.584,3.570996e-03,3.339400e+01,1.279015e-05,2.073878e-05,2990034.070,1.250000e-04,10.24,8570.32
2839,3.561834e-03,3.339528e+01,1.488718e-05,1.468681e-05,2997839.045,3.523068e-03,3.337253e+01,1.305953e-05,1.104410e-05,2999394.008,1.250000e-04,10.46,8580.78
2840,3.537939e-03,3.338692e+01,1.273706e-05,1.437529e-05,2997814.672,3.481296e-03,3.339772e+01,9.581853e-06,9.141193e-06,2996265.250,1.250000e-04,10.34,8591.12
2841,3.570516e-03,3.339710e+01,1.467848e-05,1.680424e-05,2997830.094,3.537470e-03,3.340161e+01,1.336103e-05,1.273971e-05,3002113.930,1.250000e-04,10.01,8601.13
2842,3.536623e-03,3.337729e+01,1.354345e-05,1.269173e-05,2997843.510,3.527411e-03,3.342128e+01,9.871909e-06,1.731281e-05,2993073.172,1.250000e-04,10.47,8611.60
2843,3.599232e-03,3.340477e+01,1.400628e-05,2.373841e-05,2997960.408,3.587013e-03,3.314438e+01,1.515339e-05,2.420827e-05,2989453.383,1.250000e-04,10.67,8622.27
2844,3.592034e-03,3.338170e+01,1.398029e-05,2.281226e-05,2997790.941,3.508854e-03,3.359784e+01,1.074518e-05,8.323628e-06,3005958.828,1.250000e-04,10.47,8632.75
2845,3.541708e-03,3.336884e+01,1.269886e-05,1.556699e-05,2997808.273,3.509035e-03,3.351685e+01,1.250648e-05,6.456970e-06,3001402.000,1.250000e-04,10.37,8643.12
2846,3.538155e-03,3.338437e+01,1.287826e-05,1.418712e-05,2997830.568,3.682449e-03,3.374740e+01,1.515595e-05,3.122987e-05,3012269.180,1.250000e-04,10.47,8653.59
2847,3.570316e-03,3.338951e+01,1.522416e-05,1.582453e-05,2997927.826,3.486531e-03,3.338860e+01,1.013490e-05,9.264536e-06,2999333.414,1.250000e-04,10.45,8664.04
2848,3.560703e-03,3.337859e+01,1.193364e-05,2.070149e-05,2997867.732,3.698596e-03,3.362711e+01,9.529596e-06,4.811774e-05,3014814.219,1.250000e-04,10.60,8674.64
2849,3.603502e-03,3.340445e+01,1.359012e-05,2.543130e-05,2998122.779,3.595701e-03,3.368158e+01,1.596075e-05,1.358718e-05,3003771.125,1.250000e-04,10.18,8684.82
2850,3.536965e-03,3.338018e+01,1.270556e-05,1.437824e-05,2997630.252,3.503029e-03,3.356342e+01,1.152698e-05,6.283544e-06,3001250.836,1.250000e-04,10.33,8695.15
2851,3.577633e-03,3.340094e+01,1.438808e-05,1.873170e-05,2997857.477,3.548763e-03,3.356282e+01,1.228070e-05,1.393488e-05,3001311.867,1.250000e-04,10.37,8705.52
2852,3.549249e-03,3.337624e+01,1.233663e-05,1.765178e-05,2997946.270,3.487072e-03,3.336870e+01,1.035087e-05,9.338774e-06,2996055.875,1.250000e-04,10.22,8715.74
2853,3.578188e-03,3.339227e+01,1.526509e-05,1.726204e-05,2997865.232,3.546648e-03,3.317563e+01,1.296437e-05,1.988830e-05,2990156.094,1.250000e-04,10.22,8725.95
2854,3.572626e-03,3.337723e+01,1.398525e-05,1.901014e-05,2997776.688,3.572720e-03,3.342911e+01,1.260008e-05,2.076162e-05,3000052.305,1.250000e-04,10.20,8736.15
2855,3.579999e-03,3.337428e+01,1.461172e-05,1.929071e-05,2997795.445,3.751610e-03,3.368561e+01,1.382751e-05,4.895484e-05,3012492.062,1.250000e-04,9.91,8746.07
2856,3.576098e-03,3.335907e+01,1.518775e-05,1.766275e-05,2997847.148,3.734374e-03,3.385936e+01,1.469212e-05,4.030337e-05,3017135.094,1.250000e-04,9.91,8755.98
2857,3.615700e-03,3.339415e+01,1.246038e-05,3.033629e-05,2998057.645,3.534893e-03,3.336727e+01,1.247192e-05,1.468936e-05,2999344.922,1.250000e-04,10.00,8765.97
2858,3.579450e-03,3.335495e+01,1.472793e-05,1.933508e-05,2997699.406,3.600656e-03,3.343689e+01,1.787837e-05,1.563662e-05,3000030.008,1.250000e-04,10.09,8776.06
2859,3.600479e-03,3.338433e+01,1.357036e-05,2.526851e-05,2997894.773,3.560617e-03,3.329973e+01,9.980358e-06,2.616808e-05,2999751.773,1.250000e-04,9.90,8785.96
2860,3.598630e-03,3.338936e+01,1.403522e-05,2.386835e-05,2997760.926,3.571525e-03,3.309765e+01,9.067979e-06,3.421619e-05,2987307.773,1.250000e-04,10.04,8796.00
2861,3.624631e-03,3.336265e+01,1.452340e-05,2.862651e-05,2997782.848,3.581066e-03,3.322888e+01,1.343180e-05,2.477197e-05,2992546.672,1.250000e-04,9.81,8805.81
2862,3.564453e-03,3.339309e+01,1.407566e-05,1.687746e-05,2998124.869,3.573848e-03,3.311968e+01,9.513215e-06,3.334966e-05,2987337.984,1.250000e-04,10.02,8815.83
2863,3.579440e-03,3.335531e+01,1.354275e-05,2.169644e-05,2997599.221,3.630309e-03,3.347539e+01,1.713920e-05,2.227561e-05,2993348.539,1.250000e-04,9.93,8825.75
2864,3.592298e-03,3.337969e+01,1.545875e-05,1.994827e-05,2997930.635,3.609098e-03,3.315962e+01,1.060740e-05,3.741252e-05,2984567.328,1.250000e-04,10.17,8835.93
2865,3.553929e-03,3.338442e+01,1.362573e-05,1.584600e-05,2997797.111,3.556296e-03,3.352328e+01,1.192682e-05,1.693984e-05,3007461.430,1.250000e-04,10.02,8845.95
2866,3.547845e-03,3.336103e+01,1.316144e-05,1.602549e-05,2997836.330,3.569896e-03,3.367690e+01,1.434703e-05,1.174700e-05,3008123.664,1.250000e-04,10.00,8855.95
2867,3.540697e-03,3.336378e+01,1.214283e-05,1.657820e-05,2997763.959,3.591428e-03,3.347832e+01,1.632315e-05,1.607290e-05,3003197.102,1.250000e-04,10.00,8865.95
2868,3.560781e-03,3.335497e+01,1.278368e-05,1.948955e-05,2997725.951,3.588732e-03,3.343946e+01,1.511926e-05,1.871877e-05,2992731.141,1.250000e-04,10.25,8876.20
2869,3.574945e-03,3.337361e+01,1.441342e-05,1.868992e-05,2997904.053,3.864811e-03,3.379184e+01,1.981115e-05,5.750311e-05,3019000.484,1.250000e-04,9.73,8885.94
2870,3.555524e-03,3.336756e+01,1.220079e-05,1.935202e-05,2997978.521,3.590497e-03,3.347161e+01,1.524165e-05,1.818409e-05,2996042.797,1.250000e-04,10.07,8896.00
2871,3.607303e-03,3.338019e+01,1.385591e-05,2.614500e-05,2997807.602,3.554793e-03,3.356190e+01,1.367521e-05,1.237037e-05,3002763.250,1.250000e-04,9.97,8905.97
2872,3.551531e-03,3.337860e+01,1.222847e-05,1.827722e-05,2997998.164,3.556567e-03,3.334646e+01,1.049799e-05,2.338831e-05,2989782.461,1.250000e-04,9.77,8915.74
2873,3.548215e-03,3.337825e+01,1.176944e-05,1.853927e-05,2997860.635,3.793565e-03,3.300544e+01,1.294862e-05,7.270686e-05,2976616.375,1.250000e-04,10.03,8925.77
2874,3.575089e-03,3.337773e+01,1.356322e-05,2.033669e-05,2997738.303,3.631578e-03,3.347679e+01,1.894819e-05,1.888351e-05,3006491.688,1.250000e-04,10.28,8936.05
2875,3.562887e-03,3.335460e+01,1.452555e-05,1.643426e-05,2997757.117,3.555793e-03,3.362831e+01,1.545525e-05,7.682010e-06,3002282.914,1.250000e-04,10.15,8946.20
2876,3.534367e-03,3.337776e+01,1.247419e-05,1.436985e-05,2997973.932,3.625000e-03,3.325892e+01,2.261709e-05,1.458749e-05,2990608.422,1.250000e-04,10.39,8956.59
2877,3.569381e-03,3.335375e+01,1.446282e-05,1.787567e-05,2997680.648,3.789028e-03,3.316590e+01,2.008929e-05,5.430914e-05,2981101.828,1.250000e-04,10.32,8966.92
2878,3.670545e-03,3.339454e+01,1.628036e-05,3.365760e-05,2998215.701,3.584007e-03,3.332033e+01,1.219633e-05,2.600219e-05,2988893.969,1.250000e-04,10.24,8977.16
2879,3.577840e-03,3.336990e+01,1.373162e-05,2.070666e-05,2997494.520,3.627694e-03,3.339608e+01,1.464219e-05,2.833267e-05,2999327.852,1.250000e-04,10.24,8987.40
2880,3.576823e-03,3.339545e+01,1.336079e-05,2.073398e-05,2997958.740,3.588293e-03,3.341204e+01,2.006346e-05,9.290934e-06,2997981.461,1.250000e-04,10.59,8997.99
2881,3.589090e-03,3.337458e+01,1.522820e-05,1.986989e-05,2997741.910,3.731899e-03,3.337474e+01,3.069319e-05,1.749877e-05,3000018.359,1.250000e-04,10.69,9008.68
2882,3.561671e-03,3.337593e+01,1.269044e-05,1.943481e-05,2998052.434,3.724625e-03,3.316174e+01,1.652355e-05,4.864313e-05,2980626.930,1.250000e-04,10.70,9019.38
2883,3.579760e-03,3.337005e+01,1.329435e-05,2.196233e-05,2997955.729,3.763305e-03,3.308585e+01,1.680357e-05,5.733686e-05,2991043.773,1.250000e-04,10.48,9029.87
2884,3.580735e-03,3.335428e+01,1.454953e-05,1.996229e-05,2997588.439,3.734903e-03,3.380281e+01,1.475413e-05,4.141618e-05,3016354.188,1.250000e-04,10.38,9040.25
2885,3.556875e-03,3.337154e+01,1.415875e-05,1.562678e-05,2997741.414,3.681052e-03,3.360515e+01,2.120028e-05,2.170681e-05,3009611.094,1.250000e-04,10.15,9050.40
2886,3.598066e-03,3.339284e+01,1.506139e-05,2.163357e-05,2997962.648,3.712639e-03,3.359834e+01,1.835988e-05,3.384122e-05,3009906.820,1.250000e-04,10.33,9060.73
2887,3.552638e-03,3.337042e+01,1.327351e-05,1.657232e-05,2997790.617,3.526396e-03,3.338394e+01,1.319558e-05,1.120934e-05,2998525.172,1.250000e-04,10.22,9070.95
2888,3.553085e-03,3.336963e+01,1.341058e-05,1.640335e-05,2997888.416,3.622008e-03,3.364563e+01,1.400279e-05,2.348340e-05,3001003.273,1.250000e-04,10.35,9081.31
2889,3.583259e-03,3.337697e+01,1.452396e-05,2.006451e-05,2997851.695,3.483715e-03,3.337457e+01,9.578524e-06,1.009441e-05,2996671.898,1.250000e-04,10.42,9091.72
2890,3.566564e-03,3.336446e+01,1.388866e-05,1.824641e-05,2997805.572,3.521784e-03,3.353944e+01,1.244458e-05,8.678919e-06,2999476.594,1.250000e-04,10.21,9101.93
2891,3.561011e-03,3.336338e+01,1.182652e-05,2.128149e-05,2998137.744,3.744012e-03,3.322783e+01,1.183410e-05,6.057755e-05,2979895.688,1.250000e-04,10.00,9111.94
2892,3.589209e-03,3.338453e+01,1.381257e-05,2.252601e-05,2997680.420,3.549400e-03,3.349998e+01,1.059701e-05,1.868639e-05,3005030.398,1.250000e-04,10.12,9122.06
2893,3.548499e-03,3.338704e+01,1.185787e-05,1.824326e-05,2997868.719,3.496659e-03,3.343037e+01,1.096565e-05,8.793159e-06,3001721.195,1.250000e-04,10.08,9132.14
2894,3.618683e-03,3.334950e+01,1.576325e-05,2.522014e-05,2997797.291,3.594694e-03,3.330674e+01,1.227349e-05,2.825705e-05,2989059.578,1.250000e-04,10.08,9142.22
2895,3.559074e-03,3.336258e+01,1.217055e-05,2.022202e-05,2997836.277,3.646125e-03,3.368523e+01,8.588930e-06,3.834251e-05,3015238.875,1.250000e-04,10.02,9152.24
2896,3.586838e-03,3.335319e+01,1.412056e-05,2.206264e-05,2997827.805,3.543678e-03,3.353913e+01,1.454666e-05,8.859781e-06,3000517.727,1.250000e-04,9.92,9162.16
2897,3.540321e-03,3.337854e+01,1.217283e-05,1.614772e-05,2997949.527,3.564872e-03,3.331904e+01,1.820787e-05,1.017800e-05,2996671.047,1.250000e-04,9.72,9171.88
2898,3.537559e-03,3.336284e+01,1.266968e-05,1.491571e-05,2997850.227,3.495939e-03,3.334920e+01,1.197836e-05,8.247262e-06,2995170.344,1.250000e-04,10.06,9181.94
2899,3.571113e-03,3.336685e+01,1.473535e-05,1.741494e-05,2997826.369,3.586058e-03,3.347104e+01,8.863773e-06,3.006330e-05,3009163.406,1.250000e-04,10.22,9192.16
2900,3.555695e-03,3.336447e+01,1.199333e-05,1.986300e-05,2997917.846,3.541528e-03,3.352059e+01,1.269437e-05,1.250514e-05,3003054.930,1.250000e-04,10.31,9202.47
2901,3.554874e-03,3.336358e+01,1.282234e-05,1.805848e-05,2997812.797,3.493921e-03,3.351536e+01,1.124335e-05,5.990448e-06,3002395.703,1.250000e-04,10.24,9212.72
2902,3.577490e-03,3.336682e+01,1.185459e-05,2.445243e-05,2997784.307,3.521888e-03,3.362232e+01,1.066219e-05,1.060691e-05,3005990.422,1.250000e-04,10.01,9222.72
2903,3.587224e-03,3.336884e+01,1.250761e-05,2.505273e-05,2997819.818,3.564791e-03,3.356047e+01,1.174768e-05,1.825346e-05,3008563.461,1.250000e-04,10.08,9232.81
2904,3.559604e-03,3.336107e+01,1.528641e-05,1.412674e-05,2997941.604,3.567740e-03,3.318224e+01,9.983309e-06,2.993658e-05,2986737.625,1.250000e-04,10.06,9242.87
2905,3.578712e-03,3.336297e+01,1.397270e-05,2.053743e-05,2998051.693,3.668749e-03,3.313276e+01,1.436385e-05,4.236689e-05,2986042.609,1.250000e-04,9.97,9252.84
2906,3.567651e-03,3.335631e+01,1.476703e-05,1.686991e-05,2997556.361,3.572509e-03,3.340335e+01,1.982362e-05,6.787645e-06,2998723.039,1.250000e-04,9.83,9262.67
2907,3.540996e-03,3.334314e+01,1.298138e-05,1.537366e-05,2997768.238,3.518010e-03,3.350749e+01,1.161353e-05,1.022518e-05,3002776.734,1.250000e-04,10.09,9272.76
2908,3.554774e-03,3.336569e+01,1.401487e-05,1.561133e-05,2997845.502,3.567525e-03,3.365244e+01,1.057486e-05,1.930653e-05,3010528.672,1.250000e-04,9.86,9282.62
2909,3.584575e-03,3.335593e+01,1.342268e-05,2.295099e-05,2997972.447,3.515294e-03,3.331138e+01,1.329125e-05,1.024871e-05,2992036.938,1.250000e-04,9.77,9292.39
2910,3.564454e-03,3.335869e+01,1.282670e-05,2.006364e-05,2997810.119,3.518943e-03,3.337349e+01,1.310952e-05,1.009977e-05,2999193.477,1.250000e-04,10.09,9302.48
2911,3.594246e-03,3.334593e+01,1.271667e-05,2.649726e-05,2997943.004,3.468447e-03,3.336050e+01,9.737590e-06,7.004252e-06,2995239.016,1.250000e-04,10.03,9312.51
2912,3.557674e-03,3.335718e+01,1.288460e-05,1.862203e-05,2997655.086,3.710578e-03,3.375159e+01,1.068907e-05,4.570559e-05,3016791.211,1.250000e-04,10.38,9322.89
2913,3.554005e-03,3.335559e+01,1.395905e-05,1.577103e-05,2997823.705,3.525369e-03,3.351113e+01,1.063412e-05,1.358309e-05,2996832.047,1.250000e-04,10.16,9333.05
2914,3.538177e-03,3.336090e+01,1.189440e-05,1.662853e-05,2997965.098,3.540744e-03,3.331661e+01,1.497770e-05,1.186131e-05,2996880.391,1.250000e-04,10.14,9343.19
2915,3.560296e-03,3.335216e+01,1.287897e-05,1.925813e-05,2997728.045,3.762034e-03,3.348716e+01,2.888255e-05,2.489851e-05,3005933.344,1.250000e-04,10.01,9353.20
2916,3.558735e-03,3.335342e+01,1.378224e-05,1.711407e-05,2997950.373,3.751448e-03,3.296619e+01,1.227033e-05,6.642511e-05,2978106.672,1.250000e-04,10.10,9363.30
2917,3.572928e-03,3.334925e+01,1.297879e-05,2.164306e-05,2997712.898,3.664294e-03,3.361160e+01,1.361602e-05,3.339467e-05,3011802.516,1.250000e-04,10.25,9373.54
2918,3.590251e-03,3.334829e+01,1.721633e-05,1.665160e-05,2997872.383,3.491892e-03,3.330616e+01,1.089232e-05,1.047060e-05,2994253.078,1.250000e-04,10.42,9383.97
2919,3.579254e-03,3.336725e+01,1.227955e-05,2.394685e-05,2997904.697,3.557410e-03,3.364876e+01,1.139633e-05,1.571427e-05,3005896.688,1.250000e-04,10.28,9394.24
2920,3.546811e-03,3.336491e+01,1.372960e-05,1.460492e-05,2997903.547,3.576156e-03,3.352570e+01,1.870506e-05,7.307247e-06,2999717.391,1.250000e-04,10.43,9404.67
2921,3.580170e-03,3.335127e+01,1.408428e-05,2.084017e-05,2997718.232,3.549437e-03,3.317718e+01,1.002435e-05,2.629505e-05,2986814.273,1.250000e-04,10.45,9415.13
2922,3.589777e-03,3.336082e+01,1.382057e-05,2.309784e-05,2997956.658,3.630705e-03,3.330014e+01,1.330306e-05,3.353207e-05,2988204.172,1.250000e-04,10.34,9425.46
2923,3.546797e-03,3.336041e+01,1.248428e-05,1.718267e-05,2997713.873,3.667938e-03,3.368444e+01,1.611390e-05,2.767105e-05,3009612.227,1.250000e-04,10.39,9435.86
2924,3.570887e-03,3.333890e+01,1.240430e-05,2.259088e-05,2997769.268,3.686173e-03,3.376987e+01,1.278631e-05,3.626455e-05,3013825.414,1.250000e-04,10.28,9446.13
2925,3.558533e-03,3.335767e+01,1.292024e-05,1.871275e-05,2998024.873,3.503855e-03,3.327371e+01,1.178709e-05,1.172260e-05,2993017.922,1.250000e-04,10.14,9456.27
2926,3.554413e-03,3.335848e+01,1.270518e-05,1.830253e-05,2998065.732,3.483874e-03,3.330863e+01,9.527483e-06,1.154735e-05,2993251.789,1.250000e-04,10.41,9466.68
2927,3.546877e-03,3.334677e+01,1.212083e-05,1.819827e-05,2997653.742,3.700515e-03,3.360899e+01,2.341184e-05,2.109960e-05,3004278.453,1.250000e-04,10.18,9476.86
2928,3.592308e-03,3.334624e+01,1.513176e-05,2.127327e-05,2998008.934,3.575000e-03,3.335836e+01,1.735716e-05,1.311857e-05,2991911.188,1.250000e-04,10.38,9487.24
2929,3.558193e-03,3.335434e+01,1.213784e-05,2.027602e-05,2997842.229,3.508481e-03,3.322380e+01,1.094993e-05,1.532031e-05,2991835.508,1.250000e-04,10.69,9497.94
2930,3.529252e-03,3.334422e+01,1.331275e-05,1.234058e-05,2997881.953,3.663006e-03,3.356814e+01,2.276866e-05,1.570106e-05,3008264.336,1.250000e-04,10.67,9508.60
2931,3.584597e-03,3.333999e+01,1.288456e-05,2.435055e-05,2997949.062,3.706308e-03,3.315380e+01,1.624232e-05,4.570112e-05,2986977.781,1.250000e-04,10.74,9519.35
2932,3.550634e-03,3.335453e+01,1.505482e-05,1.292653e-05,2997743.492,3.554735e-03,3.328669e+01,1.019393e-05,2.482526e-05,2987445.211,1.250000e-04,10.62,9529.97
2933,3.602693e-03,3.335251e+01,1.329668e-05,2.689518e-05,2997803.984,3.572126e-03,3.341389e+01,1.534093e-05,1.546564e-05,2998554.609,1.250000e-04,10.55,9540.52
2934,3.585023e-03,3.336051e+01,1.516181e-05,1.947085e-05,2998000.959,3.750245e-03,3.313032e+01,1.229154e-05,6.285950e-05,2977718.812,1.250000e-04,10.38,9550.91
2935,3.541761e-03,3.334272e+01,1.375413e-05,1.398940e-05,2997694.281,3.655209e-03,3.302786e+01,1.702264e-05,3.643949e-05,2987863.188,1.250000e-04,10.30,9561.20
2936,3.547636e-03,3.335446e+01,1.254692e-05,1.734412e-05,2997785.707,3.659078e-03,3.367110e+01,1.543406e-05,2.752554e-05,3013279.523,1.250000e-04,10.27,9571.48
2937,3.591408e-03,3.334794e+01,1.458045e-05,2.216176e-05,2997976.211,3.791972e-03,3.276456e+01,9.503749e-06,8.409570e-05,2974402.750,1.250000e-04,10.19,9581.67
2938,3.600178e-03,3.335156e+01,1.441522e-05,2.417401e-05,2997797.854,3.585121e-03,3.315823e+01,1.516054e-05,2.353857e-05,2986854.055,1.250000e-04,10.42,9592.09
2939,3.583412e-03,3.334861e+01,1.617732e-05,1.735573e-05,2997848.553,3.596231e-03,3.351397e+01,2.202102e-05,4.924752e-06,3000205.945,1.250000e-04,10.25,9602.34
2940,3.556358e-03,3.335070e+01,1.430173e-05,1.565415e-05,2997866.609,3.495022e-03,3.340599e+01,1.159358e-05,7.697494e-06,2995107.672,1.250000e-04,10.36,9612.70
2941,3.568141e-03,3.336201e+01,1.450826e-05,1.737150e-05,2997842.922,3.576975e-03,3.333885e+01,1.533719e-05,1.794371e-05,2991406.938,1.250000e-04,10.23,9622.93
2942,3.560959e-03,3.333905e+01,1.407739e-05,1.725606e-05,2997965.162,3.516077e-03,3.321822e+01,1.012306e-05,1.860500e-05,2988204.797,1.250000e-04,10.41,9633.35
2943,3.588475e-03,3.335423e+01,1.495479e-05,2.070085e-05,2997807.584,3.582529e-03,3.353272e+01,1.541889e-05,1.501363e-05,3004636.617,1.250000e-04,10.18,9643.52
2944,3.570936e-03,3.334079e+01,1.357552e-05,2.022039e-05,2997726.199,3.548621e-03,3.327824e+01,1.095911e-05,2.224125e-05,2990294.461,1.250000e-04,10.11,9653.63
2945,3.576280e-03,3.336047e+01,1.368560e-05,2.067525e-05,2997804.477,3.562398e-03,3.342861e+01,1.221615e-05,1.947523e-05,3004628.906,1.250000e-04,9.77,9663.40
2946,3.538608e-03,3.334508e+01,1.263856e-05,1.554295e-05,2997998.746,3.515208e-03,3.339606e+01,1.336780e-05,8.384911e-06,2995354.547,1.250000e-04,9.99,9673.39
2947,3.556604e-03,3.335229e+01,1.391985e-05,1.643532e-05,2997728.074,3.569568e-03,3.342863e+01,1.239794e-05,2.054510e-05,3004814.609,1.250000e-04,10.29,9683.68
2948,3.538354e-03,3.334357e+01,1.284147e-05,1.511647e-05,2998003.953,3.483652e-03,3.343234e+01,1.081549e-05,6.452620e-06,3000547.672,1.250000e-04,10.21,9693.89
2949,3.580118e-03,3.333605e+01,1.232166e-05,2.465933e-05,2997736.463,3.500738e-03,3.344962e+01,1.156641e-05,8.022342e-06,2996619.711,1.250000e-04,10.08,9703.97
2950,3.563150e-03,3.334395e+01,1.456466e-05,1.662154e-05,2997795.463,3.505960e-03,3.348973e+01,1.090059e-05,9.596247e-06,3004564.133,1.250000e-04,9.90,9713.87
2951,3.575264e-03,3.335211e+01,1.401509e-05,1.998034e-05,2997938.910,3.489564e-03,3.345977e+01,1.157260e-05,5.572181e-06,3000411.031,1.250000e-04,9.84,9723.72
2952,3.530126e-03,3.334773e+01,1.290588e-05,1.325869e-05,2997987.879,3.591980e-03,3.323987e+01,1.486865e-05,2.386140e-05,2988099.711,1.250000e-04,9.91,9733.62
2953,3.574210e-03,3.333106e+01,1.325284e-05,2.171518e-05,2997764.770,3.515675e-03,3.349592e+01,1.134220e-05,1.053209e-05,2996423.062,1.250000e-04,10.18,9743.80
2954,3.556497e-03,3.334706e+01,1.254420e-05,1.926971e-05,2997762.443,3.622239e-03,3.371459e+01,1.979360e-05,1.056876e-05,3007175.156,1.250000e-04,9.87,9753.68
2955,3.576201e-03,3.333784e+01,1.542181e-05,1.763969e-05,2997737.121,3.582226e-03,3.350198e+01,1.682429e-05,1.275693e-05,2995966.062,1.250000e-04,10.06,9763.74
2956,3.585842e-03,3.335666e+01,1.441646e-05,2.120218e-05,2998044.980,3.502131e-03,3.330352e+01,8.787727e-06,1.678052e-05,2990445.484,1.250000e-04,9.81,9773.55
2957,3.546034e-03,3.334851e+01,1.247084e-05,1.729495e-05,2997969.393,3.926084e-03,3.318779e+01,3.995370e-05,4.155374e-05,2994470.492,1.250000e-04,10.02,9783.56
2958,3.545773e-03,3.334353e+01,1.452762e-05,1.322869e-05,2997695.641,3.526419e-03,3.343453e+01,1.127409e-05,1.404507e-05,3002721.070,1.250000e-04,9.83,9793.39
2959,3.630865e-03,3.334498e+01,1.463080e-05,3.001179e-05,2997860.230,3.668805e-03,3.338575e+01,2.938134e-05,7.283507e-06,2995751.734,1.250000e-04,9.96,9803.35
2960,3.544492e-03,3.335033e+01,1.260916e-05,1.667368e-05,2997933.193,3.521084e-03,3.359536e+01,9.584281e-06,1.314092e-05,3007446.438,1.250000e-04,9.99,9813.34
2961,3.580363e-03,3.334254e+01,1.278156e-05,2.365871e-05,2997716.785,3.608958e-03,3.326304e+01,1.180934e-05,3.291219e-05,2987016.375,1.250000e-04,9.94,9823.28
2962,3.609705e-03,3.336728e+01,1.426087e-05,2.607368e-05,2998012.934,3.576578e-03,3.321601e+01,1.321158e-05,2.457226e-05,2988170.945,1.250000e-04,10.14,9833.43
2963,3.541994e-03,3.333807e+01,1.235147e-05,1.693459e-05,2997677.092,3.576488e-03,3.362317e+01,1.271745e-05,1.739933e-05,3007884.867,1.250000e-04,9.92,9843.35
2964,3.528889e-03,3.333225e+01,1.143634e-05,1.626010e-05,2997824.318,3.826633e-03,3.386092e+01,2.094593e-05,4.621635e-05,3016910.617,1.250000e-04,10.09,9853.44
2965,3.584930e-03,3.335640e+01,1.239186e-05,2.507421e-05,2997831.994,3.693033e-03,3.311247e+01,1.109368e-05,5.416990e-05,2991780.562,1.250000e-04,10.28,9863.72
2966,3.558284e-03,3.333092e+01,1.244918e-05,2.014010e-05,2997882.791,3.706463e-03,3.317383e+01,1.553172e-05,4.675256e-05,2984380.195,1.250000e-04,10.03,9873.75
2967,3.558036e-03,3.333377e+01,1.357706e-05,1.777770e-05,2997814.346,3.597757e-03,3.351850e+01,1.756460e-05,1.405223e-05,3004023.422,1.250000e-04,10.13,9883.89
2968,3.565771e-03,3.332312e+01,1.350901e-05,1.967370e-05,2997813.205,3.632681e-03,3.349119e+01,1.590214e-05,2.490814e-05,2994844.445,1.250000e-04,10.33,9894.21
2969,3.579024e-03,3.336301e+01,1.445932e-05,1.962588e-05,2997912.100,3.536930e-03,3.321627e+01,1.279384e-05,1.747282e-05,2993163.156,1.250000e-04,10.00,9904.21
2970,3.540397e-03,3.332877e+01,1.225794e-05,1.698824e-05,2997761.844,3.512267e-03,3.337885e+01,1.075425e-05,1.336798e-05,3000685.016,1.250000e-04,10.51,9914.72
2971,3.571248e-03,3.333231e+01,1.404356e-05,1.951638e-05,2998038.803,3.583271e-03,3.316486e+01,1.196960e-05,2.941777e-05,2996552.141,1.250000e-04,10.31,9925.03
2972,3.559963e-03,3.334033e+01,1.338264e-05,1.842087e-05,2997645.395,3.499936e-03,3.352368e+01,9.812687e-06,9.888250e-06,3005193.797,1.250000e-04,10.39,9935.42
2973,3.569908e-03,3.333093e+01,1.488998e-05,1.758323e-05,2997859.711,3.532019e-03,3.348481e+01,1.131847e-05,1.407066e-05,3006709.461,1.250000e-04,10.43,9945.86
2974,3.546894e-03,3.331973e+01,1.175953e-05,1.946522e-05,2997807.961,3.686857e-03,3.367432e+01,1.555343e-05,3.277815e-05,3012916.250,1.250000e-04,10.61,9956.47
2975,3.568666e-03,3.334159e+01,1.296316e-05,2.097511e-05,2997939.713,3.510397e-03,3.354648e+01,1.026342e-05,1.062299e-05,3003354.180,1.250000e-04,10.39,9966.86
2976,3.591276e-03,3.333569e+01,1.324211e-05,2.505723e-05,2997836.066,3.485889e-03,3.325509e+01,1.018430e-05,1.170753e-05,2991982.945,1.250000e-04,10.14,9977.00
2977,3.571533e-03,3.334073e+01,1.497044e-05,1.755118e-05,2997711.586,3.600157e-03,3.361918e+01,1.636721e-05,1.491342e-05,3008897.047,1.250000e-04,10.15,9987.15
2978,3.544711e-03,3.332975e+01,1.267188e-05,1.700356e-05,2997876.648,3.675001e-03,3.351049e+01,1.716417e-05,3.046214e-05,3008111.281,1.250000e-04,10.20,9997.35
2979,3.586668e-03,3.334072e+01,1.376433e-05,2.299060e-05,2997854.598,3.504406e-03,3.325690e+01,1.193590e-05,1.187157e-05,2993434.836,1.250000e-04,10.38,10007.73
2980,3.547471e-03,3.334838e+01,1.257305e-05,1.738048e-05,2997939.928,3.606367e-03,3.332123e+01,1.576949e-05,2.330981e-05,2997212.516,1.250000e-04,9.92,10017.65
2981,3.598098e-03,3.332775e+01,1.515538e-05,2.275380e-05,2997864.453,3.594594e-03,3.312394e+01,1.301425e-05,3.041160e-05,2993556.859,1.250000e-04,10.00,10027.65
2982,3.576636e-03,3.332828e+01,1.371195e-05,2.133775e-05,2997697.297,3.665284e-03,3.344783e+01,2.384682e-05,1.640647e-05,2993331.945,1.250000e-04,10.05,10037.70
2983,3.575370e-03,3.334434e+01,1.594734e-05,1.629245e-05,2997809.322,3.619760e-03,3.351408e+01,1.324931e-05,2.717185e-05,3006942.430,1.250000e-04,9.93,10047.63
2984,3.571444e-03,3.334565e+01,1.352279e-05,2.033026e-05,2997894.730,3.678212e-03,3.367235e+01,1.653792e-05,2.911951e-05,3012896.547,1.250000e-04,10.00,10057.63
2985,3.582058e-03,3.332713e+01,1.362393e-05,2.262126e-05,2997893.523,3.571035e-03,3.322161e+01,9.647887e-06,3.047893e-05,2985903.250,1.250000e-04,10.00,10067.63
2986,3.565443e-03,3.332657e+01,1.185131e-05,2.285451e-05,2997685.043,3.754534e-03,3.313597e+01,2.514147e-05,3.790443e-05,2984309.453,1.250000e-04,9.86,10077.49
2987,3.571029e-03,3.335536e+01,1.420466e-05,1.868940e-05,2997999.506,3.602350e-03,3.313634e+01,1.052805e-05,3.668714e-05,2996489.203,1.250000e-04,9.91,10087.40
2988,3.558386e-03,3.332936e+01,1.301977e-05,1.905041e-05,2997896.889,3.574646e-03,3.334165e+01,1.251133e-05,2.307359e-05,3001827.992,1.250000e-04,10.16,10097.55
2989,3.555242e-03,3.332266e+01,1.358531e-05,1.742448e-05,2997647.229,3.634787e-03,3.349721e+01,1.435537e-05,2.830256e-05,3006223.555,1.250000e-04,10.04,10107.60
2990,3.573557e-03,3.335141e+01,1.505251e-05,1.757825e-05,2997875.105,3.498857e-03,3.337094e+01,9.579141e-06,1.319444e-05,3000871.789,1.250000e-04,10.21,10117.81
2991,3.517885e-03,3.331824e+01,1.166705e-05,1.387801e-05,2997885.211,3.714132e-03,3.361338e+01,2.833144e-05,1.389596e-05,3002762.039,1.250000e-04,10.14,10127.95
2992,3.554130e-03,3.332705e+01,1.258684e-05,1.911135e-05,2997775.871,3.515710e-03,3.335686e+01,1.252433e-05,1.095629e-05,3000036.695,1.250000e-04,9.77,10137.72
2993,3.552865e-03,3.333127e+01,1.200930e-05,1.992884e-05,2997798.912,3.609210e-03,3.364214e+01,1.289146e-05,2.321618e-05,3011531.891,1.250000e-04,10.06,10147.78
2994,3.564371e-03,3.334665e+01,1.301243e-05,1.991618e-05,2998123.875,3.595827e-03,3.320643e+01,1.692603e-05,2.118463e-05,2996463.141,1.250000e-04,10.01,10157.79
2995,3.600954e-03,3.332567e+01,1.350422e-05,2.666908e-05,2997796.395,3.501102e-03,3.320237e+01,9.332721e-06,1.750754e-05,2994724.875,1.250000e-04,10.05,10167.84
2996,3.567093e-03,3.333051e+01,1.484685e-05,1.711470e-05,2997734.559,3.552180e-03,3.339614e+01,1.278625e-05,1.694066e-05,3002530.883,1.250000e-04,9.83,10177.68
2997,3.576389e-03,3.334851e+01,1.508918e-05,1.812937e-05,2997848.070,3.534561e-03,3.332486e+01,1.201190e-05,1.639111e-05,3000662.961,1.250000e-04,10.03,10187.71
2998,3.563614e-03,3.333109e+01,1.375782e-05,1.858547e-05,2997989.635,3.569269e-03,3.311577e+01,1.404322e-05,2.345199e-05,2992833.758,1.250000e-04,10.17,10197.88
2999,3.552118e-03,3.332494e+01,1.335762e-05,1.720943e-05,2997662.158,3.821598e-03,3.291923e+01,2.262529e-05,6.068448e-05,2978495.789,1.250000e-04,10.51,10208.39
3000,3.559381e-03,3.333956e+01,1.526411e-05,1.455675e-05,2997909.607,3.562674e-03,3.330788e+01,1.601499e-05,1.434735e-05,2991935.688,1.250000e-04,10.23,10218.63
3001,3.541363e-03,3.334715e+01,1.339680e-05,1.453613e-05,2997881.455,3.613384e-03,3.339501e+01,1.592392e-05,2.292874e-05,3004335.531,1.250000e-04,10.44,10229.07
3002,3.574356e-03,3.332379e+01,1.503227e-05,1.833086e-05,2997825.389,3.537033e-03,3.323032e+01,1.251155e-05,1.777697e-05,2993071.867,1.250000e-04,10.39,10239.46
3003,3.548055e-03,3.332512e+01,1.381261e-05,1.548331e-05,2997804.172,3.640593e-03,3.333763e+01,2.205585e-05,1.725439e-05,2998160.562,1.250000e-04,9.98,10249.44
3004,3.584015e-03,3.334015e+01,1.392328e-05,2.215349e-05,2997920.842,3.496116e-03,3.355311e+01,1.075244e-05,6.656140e-06,3003645.305,1.250000e-04,10.49,10259.93
3005,3.590095e-03,3.333415e+01,1.422848e-05,2.287898e-05,2997846.773,3.544800e-03,3.358147e+01,1.234461e-05,1.264148e-05,3006053.289,1.250000e-04,10.57,10270.51
3006,3.562003e-03,3.332429e+01,1.327075e-05,1.937333e-05,2997769.887,3.523349e-03,3.346406e+01,1.347659e-05,8.435238e-06,3003832.727,1.250000e-04,10.47,10280.97
3007,3.573796e-03,3.332274e+01,1.544204e-05,1.742026e-05,2997782.480,3.661186e-03,3.365001e+01,1.502882e-05,2.917949e-05,3011923.648,1.250000e-04,10.24,10291.21
3008,3.581216e-03,3.334234e+01,1.271120e-05,2.397398e-05,2997950.373,3.526629e-03,3.326593e+01,1.169756e-05,1.661206e-05,2990687.617,1.250000e-04,10.24,10301.45
3009,3.588702e-03,3.335211e+01,1.530892e-05,2.008038e-05,2998184.564,3.888341e-03,3.287790e+01,1.183282e-05,9.644463e-05,2977892.578,1.250000e-04,10.47,10311.92
3010,3.579410e-03,3.333050e+01,1.402861e-05,2.121483e-05,2997649.705,3.578245e-03,3.344750e+01,1.728223e-05,1.213472e-05,3001825.570,1.250000e-04,10.30,10322.22
3011,3.574678e-03,3.332988e+01,1.243586e-05,2.346615e-05,2997785.619,3.648069e-03,3.311143e+01,1.159794e-05,4.418926e-05,2982061.875,1.250000e-04,10.28,10332.50
3012,3.566720e-03,3.332459e+01,1.268368e-05,2.148481e-05,2997839.324,3.626190e-03,3.359792e+01,2.090178e-05,1.147608e-05,3003225.477,1.250000e-04,10.14,10342.64
3013,3.595890e-03,3.333172e+01,1.336852e-05,2.580658e-05,2997819.189,3.603557e-03,3.335835e+01,2.186818e-05,9.808036e-06,2994951.312,1.250000e-04,10.02,10352.66
3014,3.587005e-03,3.331445e+01,1.289253e-05,2.532704e-05,2997680.701,3.923913e-03,3.394748e+01,1.947781e-05,6.687725e-05,3019593.438,1.250000e-04,10.12,10362.77
3015,3.577168e-03,3.334913e+01,1.335457e-05,2.174171e-05,2998006.449,3.594893e-03,3.322876e+01,1.236685e-05,2.966985e-05,2987625.164,1.250000e-04,10.04,10372.81
3016,3.577816e-03,3.333107e+01,1.345952e-05,2.202270e-05,2998007.449,3.554062e-03,3.322524e+01,1.583486e-05,1.463772e-05,2992793.594,1.250000e-04,10.25,10383.07
3017,3.579585e-03,3.332178e+01,1.315668e-05,2.316810e-05,2997709.834,3.572297e-03,3.326981e+01,1.150725e-05,2.604856e-05,2989717.023,1.250000e-04,10.09,10393.16
3018,3.550136e-03,3.333160e+01,1.325946e-05,1.687631e-05,2998021.756,3.605202e-03,3.302370e+01,1.044079e-05,3.968480e-05,2985723.664,1.250000e-04,9.80,10402.96
3019,3.578923e-03,3.330888e+01,1.359282e-05,2.242138e-05,2997613.453,3.577317e-03,3.348711e+01,9.269235e-06,2.718282e-05,3007930.633,1.250000e-04,10.14,10413.09
3020,3.560990e-03,3.331981e+01,1.243086e-05,2.093998e-05,2997754.814,3.539973e-03,3.353015e+01,1.433189e-05,8.727923e-06,3001550.641,1.250000e-04,9.84,10422.94
3021,3.534884e-03,3.333654e+01,1.338460e-05,1.347680e-05,2997825.535,3.903646e-03,3.383651e+01,1.106729e-05,8.186449e-05,3024513.484,1.250000e-04,10.31,10433.25
3022,3.570446e-03,3.331702e+01,1.233194e-05,2.308502e-05,2998279.775,3.637339e-03,3.330978e+01,1.368405e-05,3.390415e-05,2986084.078,1.250000e-04,10.07,10443.31
3023,3.587326e-03,3.334754e+01,1.339590e-05,2.372255e-05,2997770.215,3.471115e-03,3.331702e+01,9.625712e-06,8.631286e-06,2995071.336,1.250000e-04,9.95,10453.26
3024,3.585461e-03,3.333642e+01,1.608377e-05,1.819631e-05,2997879.826,3.597310e-03,3.305005e+01,1.095694e-05,3.654701e-05,2992411.078,1.250000e-04,10.11,10463.38
3025,3.568018e-03,3.331470e+01,1.262149e-05,2.206669e-05,2997518.871,3.963863e-03,3.386392e+01,4.039467e-05,3.470483e-05,3014234.562,1.250000e-04,10.03,10473.41
3026,3.547026e-03,3.333612e+01,1.384495e-05,1.499293e-05,2997967.770,3.533798e-03,3.364315e+01,8.900797e-06,1.609508e-05,3010027.961,1.250000e-04,9.91,10483.32
3027,3.556305e-03,3.333729e+01,1.182979e-05,2.085570e-05,2997979.199,3.572357e-03,3.335671e+01,1.772049e-05,1.189625e-05,2997569.453,1.250000e-04,9.84,10493.16
3028,3.552461e-03,3.332663e+01,1.514232e-05,1.367489e-05,2997752.033,3.547127e-03,3.359438e+01,1.478013e-05,7.977611e-06,3002900.320,1.250000e-04,10.02,10503.18
3029,3.561241e-03,3.332235e+01,1.385184e-05,1.809761e-05,2998068.164,3.875353e-03,3.292914e+01,9.616820e-06,9.725417e-05,2974204.344,1.250000e-04,10.02,10513.20
3030,3.558731e-03,3.332830e+01,1.315463e-05,1.887104e-05,2997673.693,3.776914e-03,3.368195e+01,2.658784e-05,2.856813e-05,3009923.828,1.250000e-04,9.95,10523.15
3031,3.582891e-03,3.331050e+01,1.316639e-05,2.403538e-05,2997810.123,3.660523e-03,3.323061e+01,1.052498e-05,4.644232e-05,2983459.984,1.250000e-04,10.25,10533.40
3032,3.578288e-03,3.332469e+01,1.242863e-05,2.430660e-05,2997728.650,3.699611e-03,3.376873e+01,1.533004e-05,3.388753e-05,3014304.969,1.250000e-04,9.99,10543.39
3033,3.559775e-03,3.332699e+01,1.333353e-05,1.874803e-05,2997883.309,3.713953e-03,3.347997e+01,1.791800e-05,3.735522e-05,3011517.250,1.250000e-04,10.21,10553.60
3034,3.593084e-03,3.332087e+01,1.270720e-05,2.678502e-05,2997816.283,3.502505e-03,3.333554e+01,1.058070e-05,1.262877e-05,2994027.625,1.250000e-04,9.79,10563.40
3035,3.527130e-03,3.332019e+01,1.327913e-05,1.246390e-05,2998003.541,3.542279e-03,3.323319e+01,1.282078e-05,1.815042e-05,2997583.617,1.250000e-04,10.32,10573.71
3036,3.561616e-03,3.331984e+01,1.331767e-05,1.929117e-05,2997793.428,3.613354e-03,3.339420e+01,1.514679e-05,2.449323e-05,3002712.805,1.250000e-04,10.33,10584.05
3037,3.530544e-03,3.331057e+01,1.314311e-05,1.361122e-05,2997831.838,3.614616e-03,3.380067e+01,9.368988e-06,2.817170e-05,3014023.602,1.250000e-04,10.36,10594.41
3038,3.559216e-03,3.333766e+01,1.390189e-05,1.728624e-05,2998035.066,3.597440e-03,3.301691e+01,1.308263e-05,3.298450e-05,2984979.039,1.250000e-04,10.15,10604.56
3039,3.520258e-03,3.329827e+01,1.150435e-05,1.507747e-05,2997719.807,3.552513e-03,3.335663e+01,1.051896e-05,2.233197e-05,2990576.219,1.250000e-04,10.56,10615.12
3040,3.565222e-03,3.331933e+01,1.195985e-05,2.273805e-05,2998061.180,3.789530e-03,3.288074e+01,1.782979e-05,6.463154e-05,2977963.211,1.250000e-04,10.38,10625.50
3041,3.559465e-03,3.332435e+01,1.268569e-05,2.003475e-05,2997909.686,3.729739e-03,3.283199e+01,1.397972e-05,6.134851e-05,2980408.055,1.250000e-04,9.92,10635.42
3042,3.571310e-03,3.330263e+01,1.262828e-05,2.295274e-05,2997590.818,3.624725e-03,3.371247e+01,1.312492e-05,2.444573e-05,3005526.688,1.250000e-04,10.31,10645.74
3043,3.540069e-03,3.332396e+01,1.181713e-05,1.790029e-05,2998035.547,3.505829e-03,3.352554e+01,8.998269e-06,1.265855e-05,2999206.078,1.250000e-04,10.35,10656.09
3044,3.550409e-03,3.331109e+01,1.309609e-05,1.766786e-05,2997792.422,3.671686e-03,3.326981e+01,1.382293e-05,4.129504e-05,2984492.828,1.250000e-04,10.58,10666.67
3045,3.629184e-03,3.333663e+01,1.614480e-05,2.681475e-05,2997829.045,3.490522e-03,3.327026e+01,1.047475e-05,1.174976e-05,2993671.797,1.250000e-04,10.42,10677.09
3046,3.531533e-03,3.330843e+01,1.205111e-05,1.603569e-05,2997848.441,3.546410e-03,3.330237e+01,1.221405e-05,1.880641e-05,2991884.242,1.250000e-04,10.79,10687.88
3047,3.534893e-03,3.331771e+01,1.279368e-05,1.503695e-05,2997858.029,3.513880e-03,3.337240e+01,1.096897e-05,1.339009e-05,2997575.969,1.250000e-04,10.45,10698.33
3048,3.600910e-03,3.332752e+01,1.371654e-05,2.619846e-05,2997864.361,3.598046e-03,3.335563e+01,1.367909e-05,2.513839e-05,2998092.742,1.250000e-04,10.47,10708.79
3049,3.588740e-03,3.332713e+01,1.429163e-05,2.262215e-05,2997884.137,3.527286e-03,3.347202e+01,1.206397e-05,1.188901e-05,3001539.633,1.250000e-04,10.32,10719.12
3050,3.550993e-03,3.332779e+01,1.418771e-05,1.526726e-05,2997914.158,3.538580e-03,3.322107e+01,1.449053e-05,1.431349e-05,2996415.289,1.250000e-04,10.39,10729.51
3051,3.544350e-03,3.332248e+01,1.477647e-05,1.286761e-05,2997708.383,3.536102e-03,3.348088e+01,1.154334e-05,1.451622e-05,3005746.945,1.250000e-04,10.34,10739.85
3052,3.566796e-03,3.331318e+01,1.392101e-05,1.925370e-05,2997851.814,3.537431e-03,3.344643e+01,1.552363e-05,7.510312e-06,2999985.461,1.250000e-04,10.23,10750.08
3053,3.545769e-03,3.331997e+01,1.465638e-05,1.344163e-05,2997864.340,3.498795e-03,3.331376e+01,1.232181e-05,8.840142e-06,2999420.922,1.250000e-04,9.94,10760.02
3054,3.570524e-03,3.331828e+01,1.441188e-05,1.891540e-05,2997927.350,3.518013e-03,3.324552e+01,1.314312e-05,1.240598e-05,2993146.203,1.250000e-04,9.74,10769.76
3055,3.551965e-03,3.331829e+01,1.233621e-05,1.935491e-05,2997910.775,3.565907e-03,3.361941e+01,1.319469e-05,1.440380e-05,3005272.773,1.250000e-04,9.87,10779.63
3056,3.582065e-03,3.333071e+01,1.252620e-05,2.474640e-05,2997761.412,3.569962e-03,3.347356e+01,1.068890e-05,2.314352e-05,3008559.867,1.250000e-04,10.18,10789.81
3057,3.563964e-03,3.330162e+01,1.311618e-05,2.052811e-05,2997736.406,3.495099e-03,3.325268e+01,9.176749e-06,1.561279e-05,2995984.609,1.250000e-04,10.13,10799.94
3058,3.580518e-03,3.332806e+01,1.300571e-05,2.353091e-05,2998041.014,3.786313e-03,3.298506e+01,2.235222e-05,5.285701e-05,2982711.414,1.250000e-04,9.96,10809.91
3059,3.533834e-03,3.331795e+01,1.289721e-05,1.461329e-05,2997669.734,3.838037e-03,3.368934e+01,1.394487e-05,6.593079e-05,3018470.352,1.250000e-04,10.00,10819.90
3060,3.553016e-03,3.331016e+01,1.288569e-05,1.862876e-05,2998072.777,3.683718e-03,3.304148e+01,1.405131e-05,4.781140e-05,2981042.523,1.250000e-04,9.86,10829.77
3061,3.597720e-03,3.330151e+01,1.367690e-05,2.615994e-05,2997632.174,3.544886e-03,3.338937e+01,1.120581e-05,1.877803e-05,2993330.344,1.250000e-04,10.08,10839.85
3062,3.584397e-03,3.334030e+01,1.305874e-05,2.395589e-05,2997964.732,3.489438e-03,3.321461e+01,9.094081e-06,1.540721e-05,2991881.664,1.250000e-04,10.03,10849.88
3063,3.583239e-03,3.331551e+01,1.487031e-05,2.059709e-05,2997783.643,3.519557e-03,3.316913e+01,8.757796e-06,2.301314e-05,2993669.484,1.250000e-04,9.95,10859.83
3064,3.548982e-03,3.332544e+01,1.284488e-05,1.759773e-05,2997889.154,3.608713e-03,3.358484e+01,1.385304e-05,2.233975e-05,2997465.492,1.250000e-04,10.04,10869.87
3065,3.593378e-03,3.333718e+01,1.514806e-05,2.163587e-05,2997790.309,3.556948e-03,3.335631e+01,1.155048e-05,2.116243e-05,2998654.172,1.250000e-04,10.27,10880.15
3066,3.573798e-03,3.333153e+01,1.304848e-05,2.203223e-05,2997890.828,3.535342e-03,3.321726e+01,1.516244e-05,1.239830e-05,2993913.188,1.250000e-04,10.05,10890.19
3067,3.559979e-03,3.333618e+01,1.157003e-05,2.213214e-05,2997958.943,3.606977e-03,3.305548e+01,1.384417e-05,3.259748e-05,2989537.992,1.250000e-04,9.96,10900.16
3068,3.554841e-03,3.331789e+01,1.237514e-05,1.986014e-05,2997878.621,3.541440e-03,3.317318e+01,1.282225e-05,1.917986e-05,2991874.203,1.250000e-04,10.17,10910.33
3069,3.559197e-03,3.332727e+01,1.324682e-05,1.880047e-05,2998042.557,3.785486e-03,3.320764e+01,1.396797e-05,6.500835e-05,2980981.117,1.250000e-04,9.89,10920.22
3070,3.550971e-03,3.331217e+01,1.288675e-05,1.817737e-05,2997557.178,3.538684e-03,3.356199e+01,1.141999e-05,1.365699e-05,3002641.703,1.250000e-04,10.13,10930.35
3071,3.568322e-03,3.333347e+01,1.448471e-05,1.802566e-05,2997950.422,3.653999e-03,3.317592e+01,1.969861e-05,2.788426e-05,2986705.648,1.250000e-04,10.16,10940.51
3072,3.556387e-03,3.331804e+01,1.314231e-05,1.863189e-05,2997921.754,3.540823e-03,3.332749e+01,1.458745e-05,1.243991e-05,2998097.695,1.250000e-04,9.91,10950.42
3073,3.594071e-03,3.331930e+01,1.584719e-05,2.073387e-05,2997761.484,3.554029e-03,3.345356e+01,1.146557e-05,1.880339e-05,3000348.672,1.250000e-04,10.01,10960.43
3074,3.574074e-03,3.334015e+01,1.259430e-05,2.282318e-05,2998000.068,3.577803e-03,3.324377e+01,1.437327e-05,2.193868e-05,2990688.258,1.250000e-04,10.18,10970.62
3075,3.549969e-03,3.332511e+01,1.267736e-05,1.813685e-05,2997769.602,3.553714e-03,3.347883e+01,1.219702e-05,1.677229e-05,3007228.312,1.250000e-04,10.25,10980.87
3076,3.571428e-03,3.332734e+01,1.392065e-05,1.989752e-05,2997986.240,3.632577e-03,3.303654e+01,1.078767e-05,4.420925e-05,2981956.203,1.250000e-04,10.23,10991.10
3077,3.564953e-03,3.331959e+01,1.391839e-05,1.876192e-05,2997728.777,3.664431e-03,3.326812e+01,1.321055e-05,4.110267e-05,2987375.219,1.250000e-04,10.19,11001.29
3078,3.537192e-03,3.332764e+01,1.233998e-05,1.620574e-05,2997997.250,3.733260e-03,3.294653e+01,1.310059e-05,6.152031e-05,2978282.305,1.250000e-04,10.36,11011.65
3079,3.571908e-03,3.330198e+01,1.322367e-05,2.189454e-05,2997557.969,4.371523e-03,3.425802e+01,2.194759e-05,1.452491e-04,3026620.414,1.250000e-04,10.44,11022.08
3080,3.616577e-03,3.332367e+01,1.368629e-05,2.946947e-05,2997943.582,3.633290e-03,3.349402e+01,1.947021e-05,1.783726e-05,3005335.758,1.250000e-04,10.26,11032.34
3081,3.559723e-03,3.334359e+01,1.253127e-05,2.001043e-05,2997992.227,3.491666e-03,3.320240e+01,1.080746e-05,1.267038e-05,2994051.555,1.250000e-04,10.63,11042.98
3082,3.578617e-03,3.331981e+01,1.274890e-05,2.382936e-05,2997897.002,3.513253e-03,3.342758e+01,1.325266e-05,7.593608e-06,3001529.758,1.250000e-04,10.14,11053.11
3083,3.544636e-03,3.332114e+01,1.193878e-05,1.862682e-05,2997876.115,3.543277e-03,3.320910e+01,1.314219e-05,1.818917e-05,2993440.148,1.250000e-04,10.40,11063.51
3084,3.570372e-03,3.331544e+01,1.219450e-05,2.337662e-05,2997960.645,3.533136e-03,3.319115e+01,8.602401e-06,2.559943e-05,2988876.789,1.250000e-04,10.51,11074.03
3085,3.576580e-03,3.330016e+01,1.245633e-05,2.440025e-05,2997596.473,3.602338e-03,3.333345e+01,1.006463e-05,3.366932e-05,2988681.914,1.250000e-04,10.56,11084.59
3086,3.564335e-03,3.334006e+01,1.218521e-05,2.169533e-05,2997767.992,3.575406e-03,3.324153e+01,1.579952e-05,1.865170e-05,2995459.703,1.250000e-04,11.20,11095.79
3087,3.542121e-03,3.331616e+01,1.207654e-05,1.794800e-05,2998018.258,3.742157e-03,3.295832e+01,1.592572e-05,5.741371e-05,2979656.758,1.250000e-04,10.68,11106.47
3088,3.591574e-03,3.332046e+01,1.426165e-05,2.338221e-05,2997774.035,3.628772e-03,3.303864e+01,1.615492e-05,3.267184e-05,2987476.711,1.250000e-04,10.43,11116.90
3089,3.557343e-03,3.332218e+01,1.297846e-05,1.906796e-05,2997853.734,3.518190e-03,3.326197e+01,1.110009e-05,1.619833e-05,2998201.141,1.250000e-04,10.28,11127.18
3090,3.596255e-03,3.330272e+01,1.300158e-05,2.719357e-05,2997890.129,3.488375e-03,3.352200e+01,1.070062e-05,5.833621e-06,3001536.164,1.250000e-04,10.40,11137.58
3091,3.569560e-03,3.332722e+01,1.286340e-05,2.164092e-05,2997937.516,3.889507e-03,3.294602e+01,1.838979e-05,8.220144e-05,2974923.805,1.250000e-04,10.08,11147.65
3092,3.584648e-03,3.332347e+01,1.381224e-05,2.283583e-05,2997967.891,3.510337e-03,3.327235e+01,1.162097e-05,1.337861e-05,2993746.930,1.250000e-04,10.01,11157.66
3093,3.561059e-03,3.333161e+01,1.341378e-05,1.875208e-05,2997846.299,3.618472e-03,3.302466e+01,1.084501e-05,4.151131e-05,2982474.672,1.250000e-04,10.02,11167.68
3094,3.529762e-03,3.331714e+01,1.230630e-05,1.499688e-05,2997733.152,3.822998e-03,3.373313e+01,1.739619e-05,5.514465e-05,3018294.508,1.250000e-04,9.95,11177.64
3095,3.577578e-03,3.331382e+01,1.379920e-05,2.164078e-05,2997824.715,3.536579e-03,3.332568e+01,1.479603e-05,1.121010e-05,2999209.664,1.250000e-04,10.00,11187.64
3096,3.583694e-03,3.330613e+01,1.326125e-05,2.409369e-05,2997930.016,3.497517e-03,3.341320e+01,9.827557e-06,1.158430e-05,3000302.844,1.250000e-04,10.03,11197.67
3097,3.562844e-03,3.330303e+01,1.461341e-05,1.728142e-05,2997986.334,3.673249e-03,3.317187e+01,2.483713e-05,2.153799e-05,2988733.602,1.250000e-04,10.04,11207.71
3098,3.554473e-03,3.332322e+01,1.424483e-05,1.594056e-05,2997681.121,3.525032e-03,3.330760e+01,1.443470e-05,9.985001e-06,2997111.617,1.250000e-04,9.92,11217.63
3099,3.528355e-03,3.329703e+01,1.199185e-05,1.574674e-05,2997708.039,3.541655e-03,3.362348e+01,1.209544e-05,1.167053e-05,3007044.719,1.250000e-04,9.94,11227.56
3100,3.573379e-03,3.332601e+01,1.337893e-05,2.139768e-05,2998026.381,3.521590e-03,3.315447e+01,8.607949e-06,2.401273e-05,2989092.180,1.250000e-04,9.91,11237.47
3101,3.567953e-03,3.332501e+01,1.339752e-05,2.029550e-05,2997861.553,3.522622e-03,3.328406e+01,1.169738e-05,1.544850e-05,2997191.312,1.250000e-04,10.03,11247.50
3102,3.604730e-03,3.331914e+01,1.448517e-05,2.559285e-05,2997839.174,3.514390e-03,3.336808e+01,1.304176e-05,9.432910e-06,2997031.883,1.250000e-04,9.91,11257.41
3103,3.560042e-03,3.330809e+01,1.238119e-05,2.108417e-05,2997907.719,3.753575e-03,3.324383e+01,3.239900e-05,2.104028e-05,2989730.750,1.250000e-04,10.13,11267.54
3104,3.556609e-03,3.330813e+01,1.414377e-05,1.687155e-05,2997559.893,3.788813e-03,3.394969e+01,1.498053e-05,4.880760e-05,3016546.781,1.250000e-04,10.08,11277.62
3105,3.543108e-03,3.331565e+01,1.184085e-05,1.862700e-05,2998026.170,3.713688e-03,3.373486e+01,1.919077e-05,2.965880e-05,3013215.367,1.250000e-04,10.03,11287.65
3106,3.622386e-03,3.333355e+01,1.442463e-05,2.895687e-05,2997969.854,3.594682e-03,3.294930e+01,1.159407e-05,3.676224e-05,2987560.703,1.250000e-04,10.22,11297.88
3107,3.628990e-03,3.331576e+01,1.343763e-05,3.260752e-05,2997983.092,3.734068e-03,3.321944e+01,1.088628e-05,6.065221e-05,2982721.242,1.250000e-04,10.36,11308.24
3108,3.568959e-03,3.331403e+01,1.316020e-05,2.119067e-05,2997769.305,3.662820e-03,3.333915e+01,1.606409e-05,3.365286e-05,2995362.039,1.250000e-04,9.92,11318.17
3109,3.554294e-03,3.332904e+01,1.309754e-05,1.808285e-05,2997903.691,3.490120e-03,3.349263e+01,9.551914e-06,9.067598e-06,3003094.508,1.250000e-04,10.14,11328.30
3110,3.543600e-03,3.330980e+01,1.356108e-05,1.540199e-05,2997797.322,3.534378e-03,3.316909e+01,1.125593e-05,2.098185e-05,2996513.742,1.250000e-04,9.69,11337.99
3111,3.585488e-03,3.332070e+01,1.371207e-05,2.325947e-05,2997875.893,3.535062e-03,3.311492e+01,1.065053e-05,2.341283e-05,2988317.641,1.250000e-04,10.05,11348.04
3112,3.551953e-03,3.328703e+01,1.257633e-05,1.949744e-05,2997757.926,3.496567e-03,3.337178e+01,1.272567e-05,6.426458e-06,2998767.906,1.250000e-04,10.10,11358.15
3113,3.555957e-03,3.331823e+01,1.462644e-05,1.557384e-05,2997820.467,3.615580e-03,3.356035e+01,1.949079e-05,1.292757e-05,3008028.328,1.250000e-04,10.39,11368.54
3114,3.563570e-03,3.330679e+01,1.188539e-05,2.280739e-05,2998083.990,3.685432e-03,3.282959e+01,1.136477e-05,5.776494e-05,2983313.328,1.250000e-04,10.24,11378.78
3115,3.544692e-03,3.331580e+01,1.304984e-05,1.652264e-05,2997872.662,3.652891e-03,3.288497e+01,1.388882e-05,4.510127e-05,2983634.008,1.250000e-04,10.31,11389.08
3116,3.575105e-03,3.330261e+01,1.577905e-05,1.741070e-05,2997810.533,3.622874e-03,3.296439e+01,1.162128e-05,4.204448e-05,2982659.766,1.250000e-04,10.51,11399.59
3117,3.573144e-03,3.330292e+01,1.327584e-05,2.201882e-05,2997637.322,3.482485e-03,3.338224e+01,1.103849e-05,6.775292e-06,2999561.703,1.250000e-04,10.54,11410.13
3118,3.587373e-03,3.331190e+01,1.300047e-05,2.523564e-05,2998067.576,3.532469e-03,3.340549e+01,1.483316e-05,8.717778e-06,2998905.188,1.250000e-04,10.42,11420.56
3119,3.538141e-03,3.331272e+01,1.202241e-05,1.732907e-05,2998069.637,3.590045e-03,3.315841e+01,1.305911e-05,2.872253e-05,2997290.500,1.250000e-04,10.39,11430.95
3120,3.634380e-03,3.331150e+01,1.427652e-05,3.209294e-05,2997680.172,3.632320e-03,3.313721e+01,1.356623e-05,3.658741e-05,2986934.172,1.250000e-04,10.10,11441.05
3121,3.578764e-03,3.333104e+01,1.417846e-05,2.077500e-05,2997678.434,3.523166e-03,3.335829e+01,9.971879e-06,1.752379e-05,2999051.898,1.250000e-04,10.41,11451.46
3122,3.563755e-03,3.329697e+01,1.166761e-05,2.347649e-05,2997850.564,3.475977e-03,3.319581e+01,8.661971e-06,1.395527e-05,2995169.125,1.250000e-04,10.48,11461.94
3123,3.563036e-03,3.330196e+01,1.340820e-05,1.975150e-05,2997939.410,3.512367e-03,3.331137e+01,1.397064e-05,8.304645e-06,2998140.945,1.250000e-04,10.37,11472.31
3124,3.608038e-03,3.332310e+01,1.424044e-05,2.666459e-05,2997855.084,3.561044e-03,3.319800e+01,1.672069e-05,1.480760e-05,2995227.133,1.250000e-04,10.11,11482.42
3125,3.561574e-03,3.331276e+01,1.277247e-05,2.051469e-05,2998125.137,3.662224e-03,3.310130e+01,1.584767e-05,3.872355e-05,2988901.055,1.250000e-04,10.10,11492.52
3126,3.610904e-03,3.329138e+01,1.306363e-05,3.022602e-05,2997489.295,3.543509e-03,3.339472e+01,1.468244e-05,1.144236e-05,2995956.906,1.250000e-04,10.53,11503.05
3127,3.544081e-03,3.331558e+01,1.204978e-05,1.840508e-05,2997765.006,3.629821e-03,3.341269e+01,1.939947e-05,1.891144e-05,3006092.188,1.250000e-04,10.36,11513.41
3128,3.524977e-03,3.330229e+01,1.167844e-05,1.559284e-05,2997990.904,3.560324e-03,3.343582e+01,1.630825e-05,1.073188e-05,2998461.078,1.250000e-04,10.51,11523.92
3129,3.566812e-03,3.330194e+01,1.460135e-05,1.812096e-05,2997948.662,3.606966e-03,3.357001e+01,1.791607e-05,1.416101e-05,2999909.867,1.250000e-04,10.10,11534.02
3130,3.539412e-03,3.330315e+01,1.262408e-05,1.657139e-05,2997650.961,3.761678e-03,3.368817e+01,3.174507e-05,1.508203e-05,3009582.234,1.250000e-04,10.23,11544.25
3131,3.545281e-03,3.329171e+01,1.249458e-05,1.823292e-05,2997926.787,3.618812e-03,3.329622e+01,1.460598e-05,2.862601e-05,2987142.000,1.250000e-04,10.32,11554.57
3132,3.569913e-03,3.332495e+01,1.351775e-05,2.044805e-05,2997875.541,3.526385e-03,3.334377e+01,1.527194e-05,7.857916e-06,2999660.992,1.250000e-04,10.13,11564.69
3133,3.575187e-03,3.329389e+01,1.386497e-05,2.142979e-05,2997751.736,3.499483e-03,3.348249e+01,1.010563e-05,1.003566e-05,3004782.016,1.250000e-04,10.01,11574.71
3134,3.537466e-03,3.331697e+01,1.140495e-05,1.834391e-05,2997859.500,3.503395e-03,3.330816e+01,1.215598e-05,1.020403e-05,2996522.422,1.250000e-04,10.29,11585.00
3135,3.565802e-03,3.331758e+01,1.287993e-05,2.104902e-05,2997957.934,3.893599e-03,3.296508e+01,2.534172e-05,6.873475e-05,2992009.742,1.250000e-04,9.80,11594.80
3136,3.599444e-03,3.328969e+01,1.504106e-05,2.401295e-05,2997842.250,3.579549e-03,3.339397e+01,1.498838e-05,1.805365e-05,2996454.586,1.250000e-04,10.07,11604.87
3137,3.553304e-03,3.330025e+01,1.308297e-05,1.848998e-05,2997687.279,3.598695e-03,3.367550e+01,1.113823e-05,2.395265e-05,3011219.289,1.250000e-04,9.84,11614.71
3138,3.616085e-03,3.331395e+01,1.391074e-05,2.911663e-05,2997991.055,3.740078e-03,3.309589e+01,1.412294e-05,5.785193e-05,2981008.078,1.250000e-04,10.04,11624.75
3139,3.607701e-03,3.331307e+01,1.510314e-05,2.507246e-05,2997788.881,3.535871e-03,3.320528e+01,1.351725e-05,1.603416e-05,2991021.086,1.250000e-04,10.22,11634.96
3140,3.540485e-03,3.331515e+01,1.104973e-05,1.969450e-05,2997758.139,3.506109e-03,3.318942e+01,1.089592e-05,1.564154e-05,2994783.875,1.250000e-04,10.18,11645.14
3141,3.571006e-03,3.330244e+01,1.386929e-05,2.041389e-05,2997775.477,3.577282e-03,3.359069e+01,1.620749e-05,1.122774e-05,3007154.867,1.250000e-04,10.27,11655.40
3142,3.554536e-03,3.332359e+01,1.365246e-05,1.713042e-05,2998066.168,3.582166e-03,3.326384e+01,1.861268e-05,1.393109e-05,2997650.734,1.250000e-04,10.22,11665.63
3143,3.561408e-03,3.329743e+01,1.308740e-05,2.015819e-05,2997968.285,3.737857e-03,3.310599e+01,1.317469e-05,5.910239e-05,2984456.016,1.250000e-04,10.06,11675.69
3144,3.575413e-03,3.331471e+01,1.146895e-05,2.585048e-05,2997975.221,4.118228e-03,3.278775e+01,1.705329e-05,1.337839e-04,2967085.547,1.250000e-04,9.86,11685.54
3145,3.604293e-03,3.330409e+01,1.367756e-05,2.742167e-05,2997511.477,3.598625e-03,3.352278e+01,1.452275e-05,2.022377e-05,2996667.508,1.250000e-04,10.04,11695.59
3146,3.557054e-03,3.332168e+01,1.244799e-05,2.008127e-05,2997955.197,3.512691e-03,3.355691e+01,1.176706e-05,7.865914e-06,3004220.641,1.250000e-04,9.96,11705.55
3147,3.601630e-03,3.331842e+01,1.351747e-05,2.692264e-05,2997839.928,3.512715e-03,3.345389e+01,1.265512e-05,8.154911e-06,2998054.742,1.250000e-04,10.15,11715.69
3148,3.582762e-03,3.331102e+01,1.436443e-05,2.160310e-05,2998047.994,3.610538e-03,3.310425e+01,1.430133e-05,3.141990e-05,2985254.680,1.250000e-04,10.01,11725.70
3149,3.544012e-03,3.330066e+01,1.268989e-05,1.740950e-05,2997651.441,3.571191e-03,3.331644e+01,1.648898e-05,1.493138e-05,2992421.398,1.250000e-04,10.04,11735.74
3150,3.546175e-03,3.331034e+01,1.238556e-05,1.825703e-05,2998036.068,3.568603e-03,3.307469e+01,1.467685e-05,2.287305e-05,2990813.680,1.250000e-04,9.97,11745.71
3151,3.563120e-03,3.330987e+01,1.448065e-05,1.746548e-05,2997743.014,3.537276e-03,3.331515e+01,1.402843e-05,1.309547e-05,3000478.375,1.250000e-04,9.97,11755.69
3152,3.560431e-03,3.329741e+01,1.418969e-05,1.775859e-05,2997846.576,3.519118e-03,3.333133e+01,1.392792e-05,9.341246e-06,2996917.977,1.250000e-04,9.75,11765.44
3153,3.551091e-03,3.332899e+01,1.274742e-05,1.814352e-05,2997822.334,4.128905e-03,3.381917e+01,2.026863e-05,1.088604e-04,3026006.523,1.250000e-04,10.01,11775.44
3154,3.583982e-03,3.329646e+01,1.416272e-05,2.254175e-05,2997766.053,3.807901e-03,3.376171e+01,1.579807e-05,5.474988e-05,3019467.188,1.250000e-04,10.06,11785.50
3155,3.598460e-03,3.331244e+01,1.401538e-05,2.541247e-05,2997929.807,3.538503e-03,3.330306e+01,1.284523e-05,1.594900e-05,2993771.727,1.250000e-04,9.97,11795.47
3156,3.552379e-03,3.331112e+01,1.361683e-05,1.701967e-05,2997854.199,3.588836e-03,3.349393e+01,1.194994e-05,2.398866e-05,3005521.312,1.250000e-04,9.95,11805.42
3157,3.569808e-03,3.331722e+01,1.362364e-05,2.037002e-05,2998084.865,3.614923e-03,3.316525e+01,1.289323e-05,3.389325e-05,2987973.344,1.250000e-04,10.02,11815.44
3158,3.597478e-03,3.331183e+01,1.371413e-05,2.583085e-05,2997785.365,3.520485e-03,3.312357e+01,9.042518e-06,2.354049e-05,2992037.508,1.250000e-04,10.23,11825.68
3159,3.559202e-03,3.331160e+01,1.355538e-05,1.849755e-05,2997808.758,3.605802e-03,3.318271e+01,1.443642e-05,2.863338e-05,2989727.352,1.250000e-04,10.32,11836.00
3160,3.552279e-03,3.330933e+01,1.356754e-05,1.713425e-05,2997785.066,3.569660e-03,3.326906e+01,1.058123e-05,2.738832e-05,3000563.977,1.250000e-04,10.02,11846.02
3161,3.589419e-03,3.331719e+01,1.493397e-05,2.167216e-05,2997921.016,3.717941e-03,3.313780e+01,2.209631e-05,3.663965e-05,2992149.633,1.250000e-04,10.39,11856.41
3162,3.582349e-03,3.331472e+01,1.443624e-05,2.130303e-05,2997744.020,3.569792e-03,3.357500e+01,1.243260e-05,1.759322e-05,3009701.773,1.250000e-04,10.23,11866.64
3163,3.538960e-03,3.331270e+01,1.256709e-05,1.640375e-05,2998032.459,3.592408e-03,3.355667e+01,1.478518e-05,1.777800e-05,3000950.945,1.250000e-04,10.54,11877.18
3164,3.550934e-03,3.330723e+01,1.253603e-05,1.897016e-05,2997760.625,3.851757e-03,3.295897e+01,3.538222e-05,4.040751e-05,2983178.281,1.250000e-04,10.55,11887.73
3165,3.564740e-03,3.329356e+01,1.261699e-05,2.184280e-05,2997833.086,3.489842e-03,3.342377e+01,9.264722e-06,1.096343e-05,2998666.414,1.250000e-04,10.51,11898.23
3166,3.561502e-03,3.329950e+01,1.206196e-05,2.218663e-05,2997815.133,3.622790e-03,3.349082e+01,1.946276e-05,1.581611e-05,3003273.688,1.250000e-04,10.51,11908.75
3167,3.553302e-03,3.329702e+01,1.295480e-05,1.881029e-05,2997853.539,3.503446e-03,3.345008e+01,1.262784e-05,6.431910e-06,3000323.758,1.250000e-04,10.26,11919.00
3168,3.533740e-03,3.333626e+01,1.208016e-05,1.586235e-05,2997952.182,3.524727e-03,3.321837e+01,1.133152e-05,1.791497e-05,2996283.680,1.250000e-04,10.28,11929.28
3169,3.578694e-03,3.329072e+01,1.223100e-05,2.546254e-05,2997711.387,3.694082e-03,3.382059e+01,1.729940e-05,2.780576e-05,3013568.234,1.250000e-04,10.38,11939.66
3170,3.589025e-03,3.330832e+01,1.226282e-05,2.711303e-05,2997835.461,3.524632e-03,3.342375e+01,1.518461e-05,6.082173e-06,2999822.930,1.250000e-04,10.41,11950.06
3171,3.551976e-03,3.333674e+01,1.311091e-05,1.743855e-05,2998003.863,3.517228e-03,3.316817e+01,8.874950e-06,2.233227e-05,2997758.758,1.250000e-04,10.22,11960.29
3172,3.549257e-03,3.329519e+01,1.315464e-05,1.763822e-05,2997909.643,3.543035e-03,3.330101e+01,1.154810e-05,1.949051e-05,2996936.719,1.250000e-04,10.49,11970.78
3173,3.582893e-03,3.331338e+01,1.371313e-05,2.288477e-05,2997754.516,3.471257e-03,3.331912e+01,9.770849e-06,8.327315e-06,2997509.203,1.250000e-04,10.43,11981.21
3174,3.538947e-03,3.329957e+01,1.255287e-05,1.669229e-05,2997907.059,3.544259e-03,3.338816e+01,1.609186e-05,8.904804e-06,3000112.797,1.250000e-04,10.71,11991.92
3175,3.587385e-03,3.332046e+01,1.272140e-05,2.562494e-05,2997903.496,3.503400e-03,3.322260e+01,1.111233e-05,1.400334e-05,2996300.789,1.250000e-04,10.56,12002.48
3176,3.562405e-03,3.329704e+01,1.343573e-05,1.966878e-05,2997882.807,3.766686e-03,3.300760e+01,2.282977e-05,4.752573e-05,2989560.758,1.250000e-04,10.73,12013.21
3177,3.589655e-03,3.329410e+01,1.379436e-05,2.446036e-05,2997794.980,3.504826e-03,3.331317e+01,9.671639e-06,1.535863e-05,2993185.094,1.250000e-04,10.56,12023.77
3178,3.597411e-03,3.329496e+01,1.287892e-05,2.782516e-05,2997862.398,3.625826e-03,3.329318e+01,1.351845e-05,3.226487e-05,2987402.055,1.250000e-04,10.69,12034.46
3179,3.588824e-03,3.331144e+01,1.290704e-05,2.572196e-05,2997771.492,3.560613e-03,3.351231e+01,1.532339e-05,1.122955e-05,3001767.258,1.250000e-04,10.67,12045.12
3180,3.567833e-03,3.331874e+01,1.280294e-05,2.158593e-05,2997767.551,3.636149e-03,3.320728e+01,1.176346e-05,3.955724e-05,2998663.773,1.250000e-04,10.56,12055.69
3181,3.629045e-03,3.330041e+01,1.390540e-05,3.199009e-05,2997771.799,3.690003e-03,3.360266e+01,1.098153e-05,4.398437e-05,3015493.812,1.250000e-04,10.64,12066.33
3182,3.553511e-03,3.328634e+01,1.242242e-05,2.013063e-05,2997915.541,3.770808e-03,3.307167e+01,1.972636e-05,5.327549e-05,2979686.602,1.250000e-04,11.14,12077.46
3183,3.547037e-03,3.331526e+01,1.262280e-05,1.785656e-05,2997930.471,3.576867e-03,3.341694e+01,1.499013e-05,1.705427e-05,2996128.594,1.250000e-04,10.58,12088.04
3184,3.603787e-03,3.329876e+01,1.611249e-05,2.255725e-05,2997790.355,3.983455e-03,3.269881e+01,2.466022e-05,9.339439e-05,2973912.109,1.250000e-04,10.63,12098.67
3185,3.609258e-03,3.331292e+01,1.381194e-05,2.796930e-05,2997905.516,3.612908e-03,3.317488e+01,1.066860e-05,3.774690e-05,2985963.633,1.250000e-04,10.41,12109.08
3186,3.580853e-03,3.331870e+01,1.458370e-05,2.062915e-05,2997887.873,3.548667e-03,3.343709e+01,1.490286e-05,1.118581e-05,3002978.336,1.250000e-04,10.40,12119.49
3187,3.576517e-03,3.329736e+01,1.473020e-05,1.989574e-05,2997813.375,3.641269e-03,3.331973e+01,2.476393e-05,1.233125e-05,2994832.398,1.250000e-04,10.32,12129.81
3188,3.542415e-03,3.329430e+01,1.339533e-05,1.580637e-05,2997948.500,3.528595e-03,3.332171e+01,1.041096e-05,1.846301e-05,2997054.961,1.250000e-04,10.16,12139.96
3189,3.549457e-03,3.329749e+01,1.316702e-05,1.760764e-05,2997699.748,3.585389e-03,3.356158e+01,1.410217e-05,1.764198e-05,3009588.969,1.250000e-04,10.11,12150.07
3190,3.591963e-03,3.331148e+01,1.499738e-05,2.216818e-05,2998348.025,3.609494e-03,3.302690e+01,1.096266e-05,3.943563e-05,2985587.031,1.250000e-04,10.37,12160.44
3191,3.569591e-03,3.330913e+01,1.409385e-05,1.954791e-05,2997461.107,3.547995e-03,3.326221e+01,1.342974e-05,1.749522e-05,2994671.672,1.250000e-04,10.22,12170.66
3192,3.600672e-03,3.328654e+01,1.298107e-05,2.844147e-05,2997858.111,3.550516e-03,3.313646e+01,1.139720e-05,2.457959e-05,2989925.797,1.250000e-04,10.11,12180.77
3193,3.559774e-03,3.330176e+01,1.298007e-05,1.995943e-05,2997894.736,3.476280e-03,3.338381e+01,9.297120e-06,8.985674e-06,3003092.023,1.250000e-04,10.03,12190.80
3194,3.554395e-03,3.329094e+01,1.216197e-05,2.073642e-05,2997910.539,3.564184e-03,3.313829e+01,1.383116e-05,2.240875e-05,2993939.211,1.250000e-04,10.15,12200.96
3195,3.547403e-03,3.330540e+01,1.472875e-05,1.391521e-05,2997865.537,3.486201e-03,3.335263e+01,1.000019e-05,1.018717e-05,3001743.109,1.250000e-04,10.07,12211.03
3196,3.579795e-03,3.329316e+01,1.483392e-05,2.042798e-05,2997939.650,3.686374e-03,3.304324e+01,1.626646e-05,4.387710e-05,2993022.906,1.250000e-04,10.11,12221.14
3197,3.555028e-03,3.330172e+01,1.281899e-05,1.933317e-05,2997704.168,3.485781e-03,3.331353e+01,1.042320e-05,1.003931e-05,2995191.141,1.250000e-04,10.14,12231.28
3198,3.536064e-03,3.330001e+01,1.178182e-05,1.764895e-05,2998024.650,3.562101e-03,3.343328e+01,1.419982e-05,1.535498e-05,2997523.445,1.250000e-04,10.03,12241.31
3199,3.538865e-03,3.330221e+01,1.180110e-05,1.812652e-05,2997780.348,3.530136e-03,3.300881e+01,1.004871e-05,2.575360e-05,2988991.508,1.250000e-04,9.98,12251.30
3200,3.559498e-03,3.328624e+01,1.420612e-05,1.776258e-05,2997881.990,3.706842e-03,3.358571e+01,1.272925e-05,4.419568e-05,3012039.805,1.250000e-04,9.86,12261.15
3201,3.568625e-03,3.330040e+01,1.306282e-05,2.159137e-05,2997809.053,3.549851e-03,3.337327e+01,1.394597e-05,1.461288e-05,3001575.141,1.250000e-04,10.03,12271.19
3202,3.574418e-03,3.328666e+01,1.343994e-05,2.227057e-05,2997866.686,3.591749e-03,3.348402e+01,1.073217e-05,2.720514e-05,3001811.352,1.250000e-04,9.90,12281.09
3203,3.553906e-03,3.330260e+01,1.285649e-05,1.901628e-05,2997786.457,3.552082e-03,3.331150e+01,1.067931e-05,2.282783e-05,3003781.133,1.250000e-04,10.01,12291.10
3204,3.586481e-03,3.328395e+01,1.278437e-05,2.604852e-05,2997904.178,3.522976e-03,3.345721e+01,1.225538e-05,1.094037e-05,3001810.383,1.250000e-04,9.90,12301.00
3205,3.583191e-03,3.330538e+01,1.356787e-05,2.339474e-05,2997844.924,3.613596e-03,3.321466e+01,1.064921e-05,3.712766e-05,2987252.273,1.250000e-04,9.95,12310.95
3206,3.570303e-03,3.331352e+01,1.279919e-05,2.219175e-05,2997738.582,4.279815e-03,3.358172e+01,2.966945e-05,1.249898e-04,3021058.656,1.250000e-04,10.09,12321.04
3207,3.608276e-03,3.330390e+01,1.557630e-05,2.442468e-05,2997973.145,3.725406e-03,3.327692e+01,1.510064e-05,4.934166e-05,2985067.914,1.250000e-04,9.91,12330.96
3208,3.575021e-03,3.333176e+01,1.258637e-05,2.319629e-05,2997958.688,3.609392e-03,3.325853e+01,1.656593e-05,2.357599e-05,2988543.828,1.250000e-04,9.94,12340.90
3209,3.557200e-03,3.329378e+01,1.209707e-05,2.137021e-05,2997800.727,3.560157e-03,3.316429e+01,1.251402e-05,2.371742e-05,2987357.992,1.250000e-04,9.98,12350.88
3210,3.522263e-03,3.330387e+01,1.147511e-05,1.542507e-05,2997941.625,3.647375e-03,3.334653e+01,2.596658e-05,1.061128e-05,2997435.000,1.250000e-04,10.01,12360.89
3211,3.585697e-03,3.329033e+01,1.434616e-05,2.264044e-05,2997955.203,3.554551e-03,3.325579e+01,1.566331e-05,1.446774e-05,2994825.680,1.250000e-04,10.18,12371.06
3212,3.541383e-03,3.329863e+01,1.355457e-05,1.519484e-05,2997932.824,3.590707e-03,3.328320e+01,1.818625e-05,1.610482e-05,2992198.070,1.250000e-04,10.37,12381.44
3213,3.612315e-03,3.331224e+01,1.306700e-05,3.008416e-05,2997722.623,3.516865e-03,3.345501e+01,1.218124e-05,9.910401e-06,3001860.898,1.250000e-04,10.45,12391.89
3214,3.546519e-03,3.329095e+01,1.207840e-05,1.932791e-05,2997961.389,3.535153e-03,3.314320e+01,1.319334e-05,1.778002e-05,2989428.570,1.250000e-04,10.42,12402.31
3215,3.539074e-03,3.330524e+01,1.267902e-05,1.635192e-05,2997876.281,3.556139e-03,3.341927e+01,1.681566e-05,9.211071e-06,3003049.977,1.250000e-04,10.15,12412.46
3216,3.542343e-03,3.328086e+01,1.197520e-05,1.890086e-05,2997749.682,3.535351e-03,3.347931e+01,1.301791e-05,1.144819e-05,3000220.797,1.250000e-04,10.13,12422.59
3217,3.608715e-03,3.329567e+01,1.335801e-05,2.911361e-05,2997882.959,3.577228e-03,3.321820e+01,1.299468e-05,2.509229e-05,2993700.328,1.250000e-04,10.03,12432.62
3218,3.555508e-03,3.330428e+01,1.363920e-05,1.773761e-05,2997807.021,3.534647e-03,3.345511e+01,1.103380e-05,1.575964e-05,3000247.242,1.250000e-04,10.57,12443.19
3219,3.538392e-03,3.328731e+01,1.229200e-05,1.734824e-05,2998049.518,3.464794e-03,3.333441e+01,1.067528e-05,4.920029e-06,2995402.734,1.250000e-04,10.51,12453.70
3220,3.564273e-03,3.329098e+01,1.326304e-05,2.050880e-05,2997807.615,3.507084e-03,3.349342e+01,9.490365e-06,1.256784e-05,3005662.898,1.250000e-04,10.46,12464.16
3221,3.548283e-03,3.328250e+01,1.238157e-05,1.924337e-05,2997882.658,3.572834e-03,3.325990e+01,1.832750e-05,1.271381e-05,2992378.898,1.250000e-04,10.39,12474.55
3222,3.546984e-03,3.329571e+01,1.264187e-05,1.819888e-05,2997866.371,3.524153e-03,3.331332e+01,1.541656e-05,7.731096e-06,2996626.562,1.250000e-04,10.17,12484.72
3223,3.598282e-03,3.328923e+01,1.478163e-05,2.430857e-05,2997744.232,3.585569e-03,3.335950e+01,1.460962e-05,2.070468e-05,2998381.133,1.250000e-04,10.16,12494.88
3224,3.564711e-03,3.328688e+01,1.438083e-05,1.844303e-05,2997891.711,3.554653e-03,3.324119e+01,1.575752e-05,1.459178e-05,2995218.656,1.250000e-04,10.16,12505.04
3225,3.533898e-03,3.328167e+01,1.230033e-05,1.654559e-05,2997986.258,3.625020e-03,3.291184e+01,1.044548e-05,4.587625e-05,2981480.641,1.250000e-04,10.13,12515.17
3226,3.556931e-03,3.327645e+01,1.338276e-05,1.909172e-05,2997666.314,3.609833e-03,3.337976e+01,2.174075e-05,1.088996e-05,2997101.984,1.250000e-04,10.11,12525.28
3227,3.554208e-03,3.329170e+01,1.291945e-05,1.916877e-05,2997794.449,3.619312e-03,3.358019e+01,1.002374e-05,3.221121e-05,3010579.141,1.250000e-04,9.95,12535.23
3228,3.519548e-03,3.329170e+01,1.131805e-05,1.543940e-05,2998019.113,3.484053e-03,3.341154e+01,9.024626e-06,1.053052e-05,3000198.492,1.250000e-04,9.77,12545.00
3229,3.555373e-03,3.327187e+01,1.342096e-05,1.879541e-05,2997911.135,3.549749e-03,3.323358e+01,1.152740e-05,2.222335e-05,2988654.688,1.250000e-04,9.91,12554.92
3230,3.573821e-03,3.329175e+01,1.373818e-05,2.145278e-05,2997862.461,3.590585e-03,3.339868e+01,1.469487e-05,2.075369e-05,3000814.219,1.250000e-04,10.13,12565.04
3231,3.528697e-03,3.327367e+01,1.336604e-05,1.353383e-05,2997846.258,3.523357e-03,3.323146e+01,1.068177e-05,1.867866e-05,2989313.188,1.250000e-04,9.93,12574.97
3232,3.548752e-03,3.328285e+01,1.310606e-05,1.788130e-05,2997918.295,3.654478e-03,3.301328e+01,1.154938e-05,4.753122e-05,2981300.336,1.250000e-04,10.05,12585.03
3233,3.547794e-03,3.329966e+01,1.195706e-05,1.965140e-05,2997890.268,3.740897e-03,3.322351e+01,1.937170e-05,4.496576e-05,2989180.086,1.250000e-04,10.00,12595.03
3234,3.598236e-03,3.328247e+01,1.496190e-05,2.407419e-05,2997761.928,3.506534e-03,3.344394e+01,1.327865e-05,5.870705e-06,3002059.742,1.250000e-04,9.98,12605.00
3235,3.562608e-03,3.328362e+01,1.366617e-05,1.951694e-05,2997965.617,3.473720e-03,3.324222e+01,9.456013e-06,1.098763e-05,2997720.789,1.250000e-04,10.11,12615.12
3236,3.530116e-03,3.328448e+01,1.278510e-05,1.476346e-05,2997815.412,3.598501e-03,3.328679e+01,2.098713e-05,1.199029e-05,2995133.875,1.250000e-04,9.79,12624.90
3237,3.532751e-03,3.327702e+01,1.352000e-05,1.396986e-05,2998034.312,3.625126e-03,3.325106e+01,1.885277e-05,2.229862e-05,2993090.797,1.250000e-04,9.89,12634.79
3238,3.533659e-03,3.326483e+01,1.166446e-05,1.810629e-05,2997695.406,3.707908e-03,3.362851e+01,1.687151e-05,3.526833e-05,3015105.445,1.250000e-04,9.89,12644.68
3239,3.540315e-03,3.327286e+01,1.341492e-05,1.577609e-05,2997944.945,3.504425e-03,3.322283e+01,9.052277e-06,1.832382e-05,2989371.984,1.250000e-04,9.80,12654.48
3240,3.549570e-03,3.328785e+01,1.197702e-05,2.020303e-05,2997855.736,3.743260e-03,3.376181e+01,1.518620e-05,4.304334e-05,3016092.836,1.250000e-04,9.82,12664.30
3241,3.570217e-03,3.327895e+01,1.362284e-05,2.121881e-05,2997893.596,3.483637e-03,3.332432e+01,1.110651e-05,8.028001e-06,2994645.953,1.250000e-04,10.11,12674.41
3242,3.529653e-03,3.328359e+01,1.204374e-05,1.617135e-05,2997937.305,3.659058e-03,3.291625e+01,1.487676e-05,4.373304e-05,2982183.852,1.250000e-04,10.03,12684.44
3243,3.584359e-03,3.328551e+01,1.336424e-05,2.443313e-05,2997749.217,3.527764e-03,3.332042e+01,1.026628e-05,1.861197e-05,2996604.656,1.250000e-04,10.05,12694.49
3244,3.553886e-03,3.329715e+01,1.344366e-05,1.794689e-05,2998022.332,3.574193e-03,3.324444e+01,1.779078e-05,1.436814e-05,2991230.750,1.250000e-04,10.04,12704.53
3245,3.573055e-03,3.327494e+01,1.167792e-05,2.575641e-05,2997656.193,3.499415e-03,3.327145e+01,1.132321e-05,1.180767e-05,2993831.984,1.250000e-04,10.12,12714.65
3246,3.553942e-03,3.328080e+01,1.086831e-05,2.343584e-05,2997832.865,3.488179e-03,3.335116e+01,1.230154e-05,6.009581e-06,3000803.312,1.250000e-04,10.33,12724.97
3247,3.533361e-03,3.328304e+01,1.211918e-05,1.677310e-05,2997985.549,3.487302e-03,3.324588e+01,1.118309e-05,1.017675e-05,2993308.664,1.250000e-04,10.50,12735.48
3248,3.543705e-03,3.329611e+01,1.410762e-05,1.460368e-05,2997985.834,3.536118e-03,3.326413e+01,1.606970e-05,9.801538e-06,2996862.781,1.250000e-04,10.28,12745.76
3249,3.565301e-03,3.327934e+01,1.449611e-05,1.848118e-05,2997776.697,3.517014e-03,3.349823e+01,1.335848e-05,6.721134e-06,3004233.555,1.250000e-04,10.00,12755.76
3250,3.548864e-03,3.328528e+01,1.448430e-05,1.509850e-05,2997889.852,3.529020e-03,3.340138e+01,9.626217e-06,1.852400e-05,3006403.789,1.250000e-04,10.30,12766.05
3251,3.556278e-03,3.327231e+01,1.382958e-05,1.815024e-05,2997766.924,3.518467e-03,3.328366e+01,1.302656e-05,1.196698e-05,2999436.102,1.250000e-04,10.19,12776.25
3252,3.566358e-03,3.328374e+01,1.230769e-05,2.298153e-05,2997934.086,3.635324e-03,3.330202e+01,1.381751e-05,3.338932e-05,2987364.914,1.250000e-04,10.72,12786.97
3253,3.572461e-03,3.329393e+01,1.568942e-05,1.723474e-05,2997825.678,3.560959e-03,3.343554e+01,1.389630e-05,1.568835e-05,3003865.352,1.250000e-04,10.36,12797.33
3254,3.590221e-03,3.330225e+01,1.355555e-05,2.488808e-05,2997924.037,3.574454e-03,3.344879e+01,1.078061e-05,2.435377e-05,3001480.758,1.250000e-04,10.25,12807.58
3255,3.569855e-03,3.329093e+01,1.322769e-05,2.169691e-05,2998001.811,3.583561e-03,3.314222e+01,1.782618e-05,1.821555e-05,2992373.328,1.250000e-04,10.25,12817.83
3256,3.562373e-03,3.326329e+01,1.301782e-05,2.117316e-05,2997412.574,3.589945e-03,3.366029e+01,1.391875e-05,1.694553e-05,3007839.789,1.250000e-04,10.35,12828.18
3257,3.559102e-03,3.328572e+01,1.191300e-05,2.227990e-05,2998050.625,3.525191e-03,3.330804e+01,1.517926e-05,8.518982e-06,2995677.844,1.250000e-04,10.31,12838.49
3258,3.531837e-03,3.328124e+01,1.313484e-05,1.447292e-05,2997882.430,3.623248e-03,3.326417e+01,2.055941e-05,1.824750e-05,2991897.023,1.250000e-04,10.12,12848.61
3259,3.558146e-03,3.328043e+01,1.291092e-05,2.019881e-05,2997875.072,3.462557e-03,3.339082e+01,9.708200e-06,5.278642e-06,2999021.828,1.250000e-04,10.01,12858.62
3260,3.610701e-03,3.329150e+01,1.562212e-05,2.506594e-05,2997679.227,3.596099e-03,3.350114e+01,1.387406e-05,2.144895e-05,3010155.117,1.250000e-04,9.84,12868.46
3261,3.588619e-03,3.329205e+01,1.566906e-05,2.054452e-05,2998021.268,3.631986e-03,3.321747e+01,1.525549e-05,3.153686e-05,2999027.109,1.250000e-04,10.02,12878.49
3262,3.551921e-03,3.326212e+01,1.357236e-05,1.799710e-05,2997752.994,3.593732e-03,3.335114e+01,2.322535e-05,5.272843e-06,2998301.031,1.250000e-04,10.08,12888.56
3263,3.578380e-03,3.328570e+01,1.421622e-05,2.152960e-05,2998054.518,3.713243e-03,3.287314e+01,1.340357e-05,5.837855e-05,2978983.227,1.250000e-04,10.08,12898.64
3264,3.569037e-03,3.326845e+01,1.365499e-05,2.112836e-05,2997638.008,3.571334e-03,3.362319e+01,1.373480e-05,1.433354e-05,3006196.648,1.250000e-04,9.98,12908.62
3265,3.523247e-03,3.329037e+01,1.148850e-05,1.586517e-05,2997849.600,3.514293e-03,3.353505e+01,1.281404e-05,6.529591e-06,3003863.148,1.250000e-04,10.06,12918.69
3266,3.538463e-03,3.327908e+01,1.196275e-05,1.818554e-05,2997701.439,3.855746e-03,3.378417e+01,2.593731e-05,4.359112e-05,3017017.000,1.250000e-04,10.11,12928.80
3267,3.553041e-03,3.329417e+01,1.177616e-05,2.117255e-05,2998086.984,3.535294e-03,3.336217e+01,1.424193e-05,1.133160e-05,2998400.422,1.250000e-04,10.19,12938.99
3268,3.541554e-03,3.327891e+01,1.286205e-05,1.700855e-05,2997962.324,3.499617e-03,3.350015e+01,1.141736e-05,7.085626e-06,3005245.398,1.250000e-04,10.03,12949.02
3269,3.558377e-03,3.327623e+01,1.157009e-05,2.301065e-05,2997820.834,3.487150e-03,3.316519e+01,9.237832e-06,1.565061e-05,2991724.469,1.250000e-04,10.14,12959.16
3270,3.611816e-03,3.328496e+01,1.506479e-05,2.653443e-05,2998003.578,3.718803e-03,3.296379e+01,1.320569e-05,5.807356e-05,2978564.773,1.250000e-04,9.83,12968.99
3271,3.567477e-03,3.327107e+01,1.427091e-05,1.953216e-05,2997558.355,3.513856e-03,3.339044e+01,1.005985e-05,1.484262e-05,2995007.508,1.250000e-04,9.99,12978.98
3272,3.545587e-03,3.329667e+01,1.284472e-05,1.749459e-05,2997988.643,3.486079e-03,3.323603e+01,1.035031e-05,1.179458e-05,2994185.383,1.250000e-04,9.64,12988.62
3273,3.586115e-03,3.328088e+01,1.215644e-05,2.729259e-05,2997791.215,3.523279e-03,3.322869e+01,8.912771e-06,2.225652e-05,2989110.086,1.250000e-04,9.85,12998.48
3274,3.567026e-03,3.330168e+01,1.516521e-05,1.704124e-05,2997897.748,3.554622e-03,3.334291e+01,9.997685e-06,2.407085e-05,3005413.414,1.250000e-04,10.16,13008.64
3275,3.540856e-03,3.326153e+01,1.271623e-05,1.750803e-05,2997934.922,3.563464e-03,3.350101e+01,1.496819e-05,1.273622e-05,3002119.625,1.250000e-04,10.31,13018.95
3276,3.587015e-03,3.329228e+01,1.309190e-05,2.537362e-05,2997808.305,3.527622e-03,3.345351e+01,1.427678e-05,7.900537e-06,2996970.711,1.250000e-04,10.57,13029.52
3277,3.595162e-03,3.325687e+01,1.334353e-05,2.720791e-05,2997757.369,3.562062e-03,3.330791e+01,1.637750e-05,1.349910e-05,2999064.641,1.250000e-04,10.23,13039.75
3278,3.637671e-03,3.329599e+01,1.303909e-05,3.553627e-05,2997976.916,3.613879e-03,3.314495e+01,1.299381e-05,3.388924e-05,2985223.766,1.250000e-04,10.06,13049.81
3279,3.561893e-03,3.328996e+01,1.332012e-05,1.993930e-05,2997765.678,3.493055e-03,3.331330e+01,1.134883e-05,9.647287e-06,2999873.125,1.250000e-04,10.32,13060.13
3280,3.578356e-03,3.327703e+01,1.345625e-05,2.321813e-05,2997887.035,3.640803e-03,3.356024e+01,1.590487e-05,2.514621e-05,3005757.148,1.250000e-04,10.25,13070.38
3281,3.555839e-03,3.327702e+01,1.149194e-05,2.264349e-05,2997793.740,3.602249e-03,3.352925e+01,1.393555e-05,2.199377e-05,3009315.211,1.250000e-04,10.44,13080.82
3282,3.589848e-03,3.329373e+01,1.253515e-05,2.702485e-05,2997746.934,3.686863e-03,3.353517e+01,1.394293e-05,3.878337e-05,3010255.836,1.250000e-04,10.44,13091.26
3283,3.565135e-03,3.327736e+01,1.434388e-05,1.879208e-05,2998061.311,3.553088e-03,3.315043e+01,1.245898e-05,2.269100e-05,2991339.852,1.250000e-04,10.50,13101.76
3284,3.587211e-03,3.327967e+01,1.451859e-05,2.281162e-05,2997762.289,3.925656e-03,3.375063e+01,1.783707e-05,7.444456e-05,3021597.992,1.250000e-04,10.50,13112.27
3285,3.554871e-03,3.328748e+01,1.214739e-05,2.092984e-05,2997883.666,3.634036e-03,3.293777e+01,1.143269e-05,4.518653e-05,2983867.734,1.250000e-04,10.32,13122.59
3286,3.575594e-03,3.326948e+01,1.336243e-05,2.300436e-05,2997819.484,3.473181e-03,3.342419e+01,1.105041e-05,4.051540e-06,3000864.977,1.250000e-04,10.25,13132.84
3287,3.552028e-03,3.329343e+01,1.319595e-05,1.814517e-05,2997724.660,3.785019e-03,3.398700e+01,1.218349e-05,5.289680e-05,3020033.812,1.250000e-04,10.39,13143.23
3288,3.560913e-03,3.329213e+01,1.267257e-05,2.099485e-05,2997854.979,3.562339e-03,3.350248e+01,1.183405e-05,1.875028e-05,3008482.422,1.250000e-04,10.39,13153.62
3289,3.539479e-03,3.328360e+01,1.200579e-05,1.821239e-05,2998170.350,3.527800e-03,3.354702e+01,1.015270e-05,1.431427e-05,3000276.703,1.250000e-04,10.27,13163.89
3290,3.567911e-03,3.328272e+01,1.237429e-05,2.317925e-05,2997682.430,3.506629e-03,3.330610e+01,1.339035e-05,8.423010e-06,2999730.930,1.250000e-04,10.12,13174.01
3291,3.564022e-03,3.328151e+01,1.282300e-05,2.152813e-05,2997930.195,3.489686e-03,3.342874e+01,8.456404e-06,1.244957e-05,3001136.195,1.250000e-04,9.93,13183.94
3292,3.562980e-03,3.329286e+01,1.242821e-05,2.188221e-05,2997935.113,3.474963e-03,3.332595e+01,1.056879e-05,7.335861e-06,2998331.867,1.250000e-04,9.80,13193.74
3293,3.545651e-03,3.327459e+01,1.175645e-05,2.012539e-05,2997732.924,3.586337e-03,3.305516e+01,1.522354e-05,2.571721e-05,2987960.430,1.250000e-04,9.99,13203.73
3294,3.550866e-03,3.328949e+01,1.276015e-05,1.886321e-05,2997910.451,3.554316e-03,3.310149e+01,1.374255e-05,2.134834e-05,2988618.250,1.250000e-04,10.09,13213.82
3295,3.551113e-03,3.328109e+01,1.261719e-05,1.936639e-05,2997873.580,3.521712e-03,3.338937e+01,1.055440e-05,1.544616e-05,2994599.406,1.250000e-04,9.79,13223.62
3296,3.561937e-03,3.327280e+01,1.475329e-05,1.742471e-05,2997720.205,3.753318e-03,3.373292e+01,9.935616e-06,5.613405e-05,3018826.578,1.250000e-04,10.18,13233.80
3297,3.569111e-03,3.329053e+01,1.616568e-05,1.568037e-05,2997751.885,3.825345e-03,3.379541e+01,2.292292e-05,4.331499e-05,3016858.289,1.250000e-04,9.98,13243.78
3298,3.585600e-03,3.328973e+01,1.277092e-05,2.578367e-05,2998053.086,3.624127e-03,3.340419e+01,2.277565e-05,1.119024e-05,3001137.609,1.250000e-04,9.96,13253.74
3299,3.563858e-03,3.327988e+01,1.329394e-05,2.058618e-05,2997975.689,3.628169e-03,3.337815e+01,1.480543e-05,2.845990e-05,2999774.812,1.250000e-04,9.86,13263.60
3300,3.562070e-03,3.329744e+01,1.461615e-05,1.723300e-05,2997964.207,3.592754e-03,3.302704e+01,1.531344e-05,2.738304e-05,2990372.352,1.250000e-04,9.77,13273.37
3301,3.561290e-03,3.326653e+01,1.303818e-05,2.085097e-05,2997798.650,3.522853e-03,3.312989e+01,1.139331e-05,1.918621e-05,2990936.945,1.250000e-04,10.25,13283.62
3302,3.525101e-03,3.326138e+01,1.207572e-05,1.564118e-05,2997740.195,3.481665e-03,3.339059e+01,1.097886e-05,6.563475e-06,3001485.836,1.250000e-04,10.06,13293.68
3303,3.541287e-03,3.326561e+01,1.201473e-05,1.891580e-05,2997849.082,3.526584e-03,3.310673e+01,1.150047e-05,2.018133e-05,2992923.070,1.250000e-04,10.06,13303.74
3304,3.551918e-03,3.327615e+01,1.362549e-05,1.760963e-05,2997845.256,3.495937e-03,3.329804e+01,1.134693e-05,1.053277e-05,2999055.727,1.250000e-04,9.72,13313.46
3305,3.532044e-03,3.327388e+01,1.193713e-05,1.705692e-05,2997981.762,3.548079e-03,3.319469e+01,1.743708e-05,1.084783e-05,2992375.625,1.250000e-04,9.97,13323.42
3306,3.550549e-03,3.325049e+01,1.171207e-05,2.167572e-05,2997815.051,3.569508e-03,3.364722e+01,1.072287e-05,1.951155e-05,3001942.141,1.250000e-04,10.15,13333.57
3307,3.559942e-03,3.330423e+01,1.456867e-05,1.676646e-05,2997929.084,3.536349e-03,3.329792e+01,1.237414e-05,1.656301e-05,3002260.344,1.250000e-04,10.11,13343.68
3308,3.585899e-03,3.327346e+01,1.348079e-05,2.474892e-05,2997878.189,3.568501e-03,3.311765e+01,1.496177e-05,2.142383e-05,2988895.531,1.250000e-04,10.24,13353.91
3309,3.579270e-03,3.326608e+01,1.378980e-05,2.295293e-05,2997930.904,3.528701e-03,3.315704e+01,1.205230e-05,1.849480e-05,2990794.109,1.250000e-04,10.27,13364.18
3310,3.531310e-03,3.326512e+01,1.335030e-05,1.425897e-05,2997866.600,3.531929e-03,3.315912e+01,1.088830e-05,2.142668e-05,2988184.875,1.250000e-04,10.26,13374.44
3311,3.553049e-03,3.327550e+01,1.236076e-05,2.037826e-05,2998117.840,4.504624e-03,3.287350e+01,5.120910e-05,1.410366e-04,2966849.320,1.250000e-04,9.95,13384.39
3312,3.556915e-03,3.327403e+01,1.350616e-05,1.889005e-05,2997534.727,3.835994e-03,3.364434e+01,1.531206e-05,6.368783e-05,3019989.766,1.250000e-04,10.19,13394.59
3313,3.557044e-03,3.326283e+01,1.353607e-05,1.908012e-05,2997898.838,3.471153e-03,3.333347e+01,8.526918e-06,1.050732e-05,3000141.086,1.250000e-04,10.40,13404.99
3314,3.585988e-03,3.330125e+01,1.155339e-05,2.806580e-05,2997957.656,3.733259e-03,3.280720e+01,1.160551e-05,6.729687e-05,2980681.594,1.250000e-04,10.57,13415.56
3315,3.579803e-03,3.327074e+01,1.235704e-05,2.583168e-05,2997794.750,3.466457e-03,3.327570e+01,8.902392e-06,9.972683e-06,2996557.328,1.250000e-04,10.66,13426.23
3316,3.575187e-03,3.327429e+01,1.479478e-05,1.996203e-05,2997857.475,3.524722e-03,3.311556e+01,9.645500e-06,2.334221e-05,2988028.094,1.250000e-04,10.66,13436.89
3317,3.545901e-03,3.328015e+01,1.323414e-05,1.710902e-05,2997823.891,3.485458e-03,3.333732e+01,1.229251e-05,5.760164e-06,2998743.891,1.250000e-04,10.80,13447.69
3318,3.600665e-03,3.328496e+01,1.414785e-05,2.613813e-05,2997832.371,3.575830e-03,3.344283e+01,1.190068e-05,2.250823e-05,3006026.391,1.250000e-04,10.37,13458.06
3319,3.547053e-03,3.327280e+01,1.332264e-05,1.730933e-05,2997935.984,3.467868e-03,3.332841e+01,1.091014e-05,5.185124e-06,2998682.086,1.250000e-04,10.64,13468.71
3320,3.604389e-03,3.328085e+01,1.284290e-05,2.957489e-05,2998116.627,3.764810e-03,3.339197e+01,1.971360e-05,4.569541e-05,3007839.508,1.250000e-04,10.62,13479.32
3321,3.530112e-03,3.325647e+01,1.057100e-05,1.975113e-05,2997644.941,3.868377e-03,3.289204e+01,1.384616e-05,8.814214e-05,2973803.977,1.250000e-04,10.64,13489.96
3322,3.587323e-03,3.328384e+01,1.335252e-05,2.508273e-05,2997756.230,3.466014e-03,3.322198e+01,9.565083e-06,9.633059e-06,2995363.117,1.250000e-04,10.68,13500.64
3323,3.543202e-03,3.325920e+01,1.328131e-05,1.689375e-05,2997838.107,3.546271e-03,3.305070e+01,9.739983e-06,2.876027e-05,2985782.875,1.250000e-04,10.77,13511.41
3324,3.551653e-03,3.327531e+01,1.158810e-05,2.164823e-05,2997798.354,3.527682e-03,3.330853e+01,1.077328e-05,1.781941e-05,3001600.734,1.250000e-04,10.54,13521.95
3325,3.583139e-03,3.326667e+01,1.411865e-05,2.305719e-05,2997695.334,3.763636e-03,3.357692e+01,2.903061e-05,2.312761e-05,3010888.062,1.250000e-04,10.71,13532.65
3326,3.577781e-03,3.329249e+01,1.413903e-05,2.142841e-05,2997875.258,3.520167e-03,3.337796e+01,1.076095e-05,1.495235e-05,3002448.695,1.250000e-04,10.70,13543.36
3327,3.555459e-03,3.326796e+01,1.145311e-05,2.282651e-05,2997906.494,3.661771e-03,3.358939e+01,1.931893e-05,2.192864e-05,3009847.859,1.250000e-04,10.53,13553.89
3328,3.547446e-03,3.327799e+01,1.406009e-05,1.580932e-05,2998069.455,3.503354e-03,3.319633e+01,9.936563e-06,1.687112e-05,2990616.523,1.250000e-04,10.59,13564.48
3329,3.554613e-03,3.327856e+01,1.269470e-05,1.996208e-05,2997770.760,3.633934e-03,3.358145e+01,1.563206e-05,2.389372e-05,3011040.219,1.250000e-04,10.24,13574.72
3330,3.554023e-03,3.327009e+01,1.467500e-05,1.605274e-05,2997897.957,3.571332e-03,3.313006e+01,1.410214e-05,2.346094e-05,2990169.734,1.250000e-04,10.07,13584.79
3331,3.611362e-03,3.329798e+01,1.339990e-05,2.951303e-05,2998050.572,3.677382e-03,3.284588e+01,9.369246e-06,5.982037e-05,2980671.992,1.250000e-04,10.28,13595.07
3332,3.563297e-03,3.327358e+01,1.286042e-05,2.146686e-05,2997743.699,3.702517e-03,3.309739e+01,1.950858e-05,3.953837e-05,2986201.102,1.250000e-04,10.34,13605.41
3333,3.532635e-03,3.326242e+01,1.261483e-05,1.604902e-05,2997679.576,3.479479e-03,3.329729e+01,1.057061e-05,8.808923e-06,3000602.945,1.250000e-04,10.36,13615.78
3334,3.525566e-03,3.326592e+01,1.220761e-05,1.537964e-05,2997909.906,3.489464e-03,3.337154e+01,1.116528e-05,8.131388e-06,3002070.078,1.250000e-04,10.25,13626.02
3335,3.521509e-03,3.325935e+01,1.201367e-05,1.508732e-05,2997808.947,3.541764e-03,3.326178e+01,1.598800e-05,1.114131e-05,2992853.781,1.250000e-04,10.29,13636.32
3336,3.570455e-03,3.327785e+01,1.325408e-05,2.202586e-05,2997821.297,3.719066e-03,3.353557e+01,1.664470e-05,3.981239e-05,3013843.016,1.250000e-04,10.19,13646.51
3337,3.590449e-03,3.327304e+01,1.217217e-05,2.828477e-05,2997851.736,3.526921e-03,3.318023e+01,9.848939e-06,2.208178e-05,2999588.328,1.250000e-04,10.03,13656.53
3338,3.610987e-03,3.328536e+01,1.438361e-05,2.772299e-05,2997989.553,3.485642e-03,3.328826e+01,1.010042e-05,1.116223e-05,2998032.023,1.250000e-04,10.13,13666.66
3339,3.541298e-03,3.326270e+01,1.086616e-05,2.127319e-05,2997919.701,3.541778e-03,3.320322e+01,1.185756e-05,2.057616e-05,2999122.125,1.250000e-04,10.12,13676.78
3340,3.558877e-03,3.327557e+01,1.333466e-05,1.959459e-05,2997829.455,3.496520e-03,3.325050e+01,1.095793e-05,1.237811e-05,2993361.117,1.250000e-04,10.18,13686.96
3341,3.546742e-03,3.326340e+01,1.251019e-05,1.905999e-05,2997918.365,3.674479e-03,3.345991e+01,1.007675e-05,4.554404e-05,3011256.961,1.250000e-04,10.09,13697.05
3342,3.544188e-03,3.326655e+01,1.248083e-05,1.854508e-05,2997767.551,3.469193e-03,3.336069e+01,9.280373e-06,8.064075e-06,3000836.391,1.250000e-04,10.26,13707.31
3343,3.559256e-03,3.328629e+01,1.248253e-05,2.116026e-05,2997976.547,3.553122e-03,3.314129e+01,1.445433e-05,1.888995e-05,2990384.047,1.250000e-04,10.06,13717.37
3344,3.548670e-03,3.326082e+01,1.286780e-05,1.878204e-05,2997829.703,3.560168e-03,3.323710e+01,1.430565e-05,1.868039e-05,2990581.734,1.250000e-04,10.16,13727.53
3345,3.549640e-03,3.326471e+01,1.283837e-05,1.895711e-05,2997703.189,3.535529e-03,3.357736e+01,1.253446e-05,1.048966e-05,3004101.320,1.250000e-04,10.02,13737.55
3346,3.556690e-03,3.327259e+01,1.289203e-05,2.010226e-05,2998165.590,3.976375e-03,3.312632e+01,2.428256e-05,8.418341e-05,2976326.953,1.250000e-04,10.21,13747.77
3347,3.555295e-03,3.327281e+01,1.384154e-05,1.791969e-05,2997633.799,3.470620e-03,3.337733e+01,1.104237e-05,4.492530e-06,2999613.047,1.250000e-04,9.91,13757.67
3348,3.602738e-03,3.329109e+01,1.323825e-05,2.824915e-05,2998053.732,4.046488e-03,3.270915e+01,2.969324e-05,9.572810e-05,2972645.469,1.250000e-04,10.09,13767.76
3349,3.555355e-03,3.327063e+01,1.409018e-05,1.747814e-05,2997818.916,3.569908e-03,3.365159e+01,1.217395e-05,1.660185e-05,3004767.742,1.250000e-04,10.14,13777.90
3350,3.549087e-03,3.327332e+01,1.258054e-05,1.918987e-05,2997790.432,3.615003e-03,3.338355e+01,1.151802e-05,3.229347e-05,3006188.648,1.250000e-04,10.21,13788.11
3351,3.557320e-03,3.326339e+01,1.244170e-05,2.131291e-05,2997849.811,3.562762e-03,3.308216e+01,1.231992e-05,2.626929e-05,2988897.031,1.250000e-04,10.05,13798.16
3352,3.536010e-03,3.324976e+01,1.213961e-05,1.792776e-05,2998061.270,3.829471e-03,3.307399e+01,1.351593e-05,7.738258e-05,2977029.312,1.250000e-04,10.06,13808.22
3353,3.548981e-03,3.326156e+01,1.133214e-05,2.190068e-05,2997546.428,3.535931e-03,3.336874e+01,9.597933e-06,2.061555e-05,3001826.523,1.250000e-04,9.75,13817.97
3354,3.578296e-03,3.327476e+01,1.112514e-05,2.791375e-05,2997958.090,3.813910e-03,3.359137e+01,2.048384e-05,4.998695e-05,3012497.617,1.250000e-04,9.96,13827.94
3355,3.578692e-03,3.326540e+01,1.307084e-05,2.428871e-05,2997798.936,3.508294e-03,3.318168e+01,1.334661e-05,1.133189e-05,2993090.180,1.250000e-04,10.13,13838.07
3356,3.543142e-03,3.326812e+01,1.196722e-05,1.933172e-05,2997839.816,3.673743e-03,3.333102e+01,1.447796e-05,3.917224e-05,3007519.602,1.250000e-04,9.98,13848.05
3357,3.549206e-03,3.325762e+01,1.145604e-05,2.177677e-05,2997919.600,3.660193e-03,3.316789e+01,1.436593e-05,3.994889e-05,2985259.547,1.250000e-04,10.14,13858.19
3358,3.612226e-03,3.328995e+01,1.381183e-05,2.902260e-05,2997899.857,3.579116e-03,3.337566e+01,1.354038e-05,2.122922e-05,3005933.188,1.250000e-04,10.40,13868.59
3359,3.599013e-03,3.329175e+01,1.356159e-05,2.684449e-05,2997949.432,3.669480e-03,3.292761e+01,1.516672e-05,4.501037e-05,2981939.258,1.250000e-04,9.72,13878.31
3360,3.542559e-03,3.325974e+01,1.213847e-05,1.904005e-05,2997744.467,3.502952e-03,3.322589e+01,8.983800e-06,1.810514e-05,2990658.039,1.250000e-04,10.50,13888.81
3361,3.564480e-03,3.326468e+01,1.283331e-05,2.193589e-05,2997700.521,3.597058e-03,3.326933e+01,9.846033e-06,3.433312e-05,3001486.234,1.250000e-04,10.51,13899.32
3362,3.559118e-03,3.326066e+01,1.419632e-05,1.821784e-05,2997990.842,3.550981e-03,3.321042e+01,1.424287e-05,1.750204e-05,2994239.930,1.250000e-04,10.20,13909.53
3363,3.588794e-03,3.327743e+01,1.237771e-05,2.745488e-05,2997936.678,3.757386e-03,3.303236e+01,2.458165e-05,4.166666e-05,2985938.719,1.250000e-04,10.18,13919.70
3364,3.560765e-03,3.328333e+01,1.331306e-05,1.986028e-05,2997735.127,3.475695e-03,3.310344e+01,8.419214e-06,1.623176e-05,2994355.414,1.250000e-04,10.15,13929.85
3365,3.528066e-03,3.325377e+01,1.177950e-05,1.697880e-05,2997851.512,3.728184e-03,3.301760e+01,2.283013e-05,3.962454e-05,2984725.414,1.250000e-04,10.24,13940.09
3366,3.571302e-03,3.328472e+01,1.340896e-05,2.174808e-05,2997930.527,3.555022e-03,3.331996e+01,1.286028e-05,1.888471e-05,3004745.500,1.250000e-04,10.12,13950.21
3367,3.550633e-03,3.324994e+01,1.338044e-05,1.836683e-05,2997850.939,3.538899e-03,3.339867e+01,1.502862e-05,9.749187e-06,2997149.164,1.250000e-04,10.17,13960.37
3368,3.538953e-03,3.327303e+01,1.217297e-05,1.798391e-05,2997905.861,3.457052e-03,3.329298e+01,9.369814e-06,6.811212e-06,2997401.906,1.250000e-04,9.94,13970.31
3369,3.595726e-03,3.325467e+01,1.414175e-05,2.576830e-05,2997640.164,3.519520e-03,3.350785e+01,1.251703e-05,8.712824e-06,3005584.211,1.250000e-04,9.73,13980.04
3370,3.566151e-03,3.330796e+01,1.402582e-05,1.901938e-05,2998160.178,3.594781e-03,3.330166e+01,2.087513e-05,1.117274e-05,2998495.633,1.250000e-04,9.99,13990.03
3371,3.611621e-03,3.326311e+01,1.375799e-05,2.954607e-05,2997846.812,3.637547e-03,3.293648e+01,1.341065e-05,4.195863e-05,2984050.195,1.250000e-04,10.36,14000.39
3372,3.572894e-03,3.327119e+01,1.230704e-05,2.454108e-05,2997468.004,3.630776e-03,3.349900e+01,1.370532e-05,2.876461e-05,3009167.180,1.250000e-04,10.47,14010.85
3373,3.564892e-03,3.329191e+01,1.217628e-05,2.278766e-05,2998228.510,3.650868e-03,3.319595e+01,1.337233e-05,3.951000e-05,2985728.258,1.250000e-04,10.62,14021.47
3374,3.537883e-03,3.326575e+01,1.219579e-05,1.786998e-05,2997681.305,3.499457e-03,3.332110e+01,1.157711e-05,1.031525e-05,2994527.734,1.250000e-04,10.40,14031.88
3375,3.544580e-03,3.327749e+01,1.496995e-05,1.342627e-05,2997857.635,3.515345e-03,3.328799e+01,1.233575e-05,1.263759e-05,2997765.734,1.250000e-04,10.39,14042.27
3376,3.567910e-03,3.327999e+01,1.227681e-05,2.342861e-05,2997817.162,3.583498e-03,3.350387e+01,1.354838e-05,1.952542e-05,3007066.734,1.250000e-04,9.97,14052.24
3377,3.596636e-03,3.325826e+01,1.312533e-05,2.791124e-05,2997690.139,3.553439e-03,3.350793e+01,1.020413e-05,2.012094e-05,3000708.562,1.250000e-04,9.96,14062.20
3378,3.533934e-03,3.329091e+01,1.237839e-05,1.621181e-05,2997956.945,3.562150e-03,3.349708e+01,1.673853e-05,9.011432e-06,3004582.625,1.250000e-04,9.94,14072.14
3379,3.563616e-03,3.326745e+01,1.491866e-05,1.753683e-05,2997912.531,3.605258e-03,3.337846e+01,2.030799e-05,1.286637e-05,3000018.742,1.250000e-04,10.15,14082.29
3380,3.564824e-03,3.325925e+01,1.235228e-05,2.307530e-05,2997596.893,3.606542e-03,3.340279e+01,2.022994e-05,1.279271e-05,2995535.430,1.250000e-04,10.34,14092.63
3381,3.547507e-03,3.328440e+01,1.246258e-05,1.888844e-05,2998156.365,3.593500e-03,3.292047e+01,1.088106e-05,3.852853e-05,2983189.930,1.250000e-04,10.48,14103.11
3382,3.557015e-03,3.325404e+01,1.214878e-05,2.202479e-05,2997595.480,3.605279e-03,3.320806e+01,1.814423e-05,2.060631e-05,3000030.602,1.250000e-04,10.23,14113.34
3383,3.552984e-03,3.326769e+01,1.319850e-05,1.884608e-05,2998068.059,3.486736e-03,3.348597e+01,1.041822e-05,6.791351e-06,3004643.984,1.250000e-04,10.59,14123.93
3384,3.530827e-03,3.325943e+01,1.118547e-05,1.860587e-05,2997804.621,3.472855e-03,3.324013e+01,1.006713e-05,9.634165e-06,2995631.891,1.250000e-04,10.62,14134.56
3385,3.532647e-03,3.326903e+01,1.209541e-05,1.695787e-05,2998124.854,3.604717e-03,3.302861e+01,1.741485e-05,2.554140e-05,2990432.078,1.250000e-04,10.47,14145.03
3386,3.544141e-03,3.326292e+01,1.422846e-05,1.511284e-05,2997763.719,3.516624e-03,3.312238e+01,9.581619e-06,2.171394e-05,2987954.469,1.250000e-04,10.17,14155.19
3387,3.592911e-03,3.326157e+01,1.618325e-05,2.098423e-05,2997731.537,3.503624e-03,3.335860e+01,1.111112e-05,1.133065e-05,3003178.523,1.250000e-04,10.35,14165.55
3388,3.543847e-03,3.327107e+01,1.220705e-05,1.893382e-05,2997847.555,3.706528e-03,3.314692e+01,2.205769e-05,3.425180e-05,2987996.352,1.250000e-04,10.72,14176.27
3389,3.569057e-03,3.326459e+01,1.214110e-05,2.423742e-05,2997924.510,3.468941e-03,3.321760e+01,9.122109e-06,1.119212e-05,2998394.562,1.250000e-04,9.95,14186.22
3390,3.543312e-03,3.325535e+01,1.244019e-05,1.867511e-05,2997853.846,3.708085e-03,3.345080e+01,1.164149e-05,4.931808e-05,2997817.047,1.250000e-04,10.01,14196.23
3391,3.576559e-03,3.326396e+01,1.290958e-05,2.421347e-05,2997639.574,3.552849e-03,3.346609e+01,1.436997e-05,1.250803e-05,3006707.062,1.250000e-04,9.99,14206.21
3392,3.549424e-03,3.327411e+01,1.339926e-05,1.760397e-05,2997958.830,3.479924e-03,3.324086e+01,1.153032e-05,8.106824e-06,2998432.820,1.250000e-04,10.00,14216.22
3393,3.541664e-03,3.325736e+01,1.195930e-05,1.926710e-05,2997736.260,3.559556e-03,3.349115e+01,1.413083e-05,1.382662e-05,3005438.391,1.250000e-04,10.23,14226.45
3394,3.544500e-03,3.326756e+01,1.398118e-05,1.558638e-05,2998101.684,3.514049e-03,3.330009e+01,1.529187e-05,6.224127e-06,2996058.891,1.250000e-04,10.22,14236.68
3395,3.545703e-03,3.325702e+01,1.453172e-05,1.493677e-05,2997884.777,3.716318e-03,3.307007e+01,1.252185e-05,5.681858e-05,2980963.305,1.250000e-04,10.29,14246.97
3396,3.548931e-03,3.327010e+01,1.319472e-05,1.799486e-05,2997957.994,3.719121e-03,3.307255e+01,1.378505e-05,5.480315e-05,2983536.492,1.250000e-04,11.00,14257.97
3397,3.557599e-03,3.324676e+01,1.224013e-05,2.210429e-05,2997660.127,3.727115e-03,3.352945e+01,3.316495e-05,8.504206e-06,3004846.734,1.250000e-04,10.35,14268.33
3398,3.581488e-03,3.327344e+01,1.324941e-05,2.432992e-05,2997844.795,3.518966e-03,3.350591e+01,1.206090e-05,9.553227e-06,3005353.266,1.250000e-04,10.31,14278.64
3399,3.556730e-03,3.327989e+01,1.371010e-05,1.832791e-05,2997933.936,3.540776e-03,3.347803e+01,1.294680e-05,1.270100e-05,3004040.984,1.250000e-04,10.33,14288.97
3400,3.575696e-03,3.328070e+01,1.293624e-05,2.365273e-05,2997893.836,3.850341e-03,3.307498e+01,2.505562e-05,5.845737e-05,2980284.266,1.250000e-04,10.33,14299.30
3401,3.576483e-03,3.325731e+01,1.635495e-05,1.744050e-05,2997631.195,3.646448e-03,3.361305e+01,1.382900e-05,2.937053e-05,3012590.391,1.250000e-04,10.22,14309.52
3402,3.562881e-03,3.326991e+01,1.334001e-05,2.049798e-05,2998162.191,3.501445e-03,3.319048e+01,1.198147e-05,1.251657e-05,2994428.148,1.250000e-04,10.47,14319.99
3403,3.523232e-03,3.326704e+01,1.099540e-05,1.731479e-05,2997678.561,3.564321e-03,3.358671e+01,1.253044e-05,1.606922e-05,3009104.352,1.250000e-04,10.59,14330.58
3404,3.549473e-03,3.327226e+01,1.300705e-05,1.843540e-05,2998008.773,3.537129e-03,3.318555e+01,9.535814e-06,2.464334e-05,2998459.883,1.250000e-04,10.42,14341.01
3405,3.552867e-03,3.325813e+01,1.284271e-05,1.972537e-05,2997898.350,3.626360e-03,3.320062e+01,1.879354e-05,2.367249e-05,2988167.914,1.250000e-04,10.33,14351.34
3406,3.535186e-03,3.327318e+01,1.181301e-05,1.794760e-05,2997836.018,3.571997e-03,3.330932e+01,1.056211e-05,2.708867e-05,3003828.445,1.250000e-04,10.72,14362.06
3407,3.551053e-03,3.325447e+01,1.284065e-05,1.944002e-05,2997891.193,3.529584e-03,3.321596e+01,1.471957e-05,1.215842e-05,2994565.047,1.250000e-04,10.77,14372.83
3408,3.526210e-03,3.325616e+01,1.252893e-05,1.506081e-05,2997757.980,3.688263e-03,3.366021e+01,1.282234e-05,3.880374e-05,3015752.195,1.250000e-04,10.30,14383.13
3409,3.569357e-03,3.325417e+01,1.312078e-05,2.254652e-05,2997873.834,3.570405e-03,3.351820e+01,1.444191e-05,1.483327e-05,3007408.875,1.250000e-04,10.53,14393.66
3410,3.595854e-03,3.328706e+01,1.490012e-05,2.362942e-05,2997849.373,3.575536e-03,3.317466e+01,1.961758e-05,1.237878e-05,2992742.945,1.250000e-04,10.40,14404.06
3411,3.526498e-03,3.326132e+01,1.411836e-05,1.183644e-05,2998037.662,3.594707e-03,3.294308e+01,1.105998e-05,3.795980e-05,2983851.812,1.250000e-04,10.35,14414.42
3412,3.570037e-03,3.325731e+01,1.462744e-05,1.960621e-05,2997803.527,3.683543e-03,3.312733e+01,2.738423e-05,1.939366e-05,2989098.523,1.250000e-04,10.63,14425.04
3413,3.553088e-03,3.325310e+01,1.240481e-05,2.074596e-05,2997751.748,3.449069e-03,3.332819e+01,8.412068e-06,6.425955e-06,2996638.312,1.250000e-04,10.05,14435.10
3414,3.527210e-03,3.328213e+01,1.331237e-05,1.317450e-05,2997819.285,3.582498e-03,3.335073e+01,1.733716e-05,1.481081e-05,3003748.906,1.250000e-04,10.93,14446.03
3415,3.536748e-03,3.326089e+01,1.246493e-05,1.720201e-05,2998008.246,3.539904e-03,3.303426e+01,1.074899e-05,2.579760e-05,2986532.922,1.250000e-04,10.16,14456.18
3416,3.554325e-03,3.323989e+01,1.226022e-05,2.154692e-05,2997745.969,3.588176e-03,3.332204e+01,1.730686e-05,1.658069e-05,2997989.953,1.250000e-04,10.25,14466.43
3417,3.570662e-03,3.326642e+01,1.369232e-05,2.141926e-05,2997912.229,3.596761e-03,3.332937e+01,1.690978e-05,1.894522e-05,3005253.242,1.250000e-04,10.56,14476.99
3418,3.535928e-03,3.328673e+01,1.255891e-05,1.633322e-05,2997999.137,3.662630e-03,3.294576e+01,1.455920e-05,4.449253e-05,2984301.414,1.250000e-04,10.14,14487.13
3419,3.554574e-03,3.325592e+01,1.269479e-05,2.040688e-05,2997832.090,3.568567e-03,3.347035e+01,1.412482e-05,1.605676e-05,3001065.328,1.250000e-04,10.11,14497.24
3420,3.556699e-03,3.326472e+01,1.230024e-05,2.144500e-05,2997987.645,3.517836e-03,3.339175e+01,1.155300e-05,1.262625e-05,3004242.320,1.250000e-04,10.66,14507.90
3421,3.554745e-03,3.323787e+01,1.416554e-05,1.786037e-05,2997630.004,3.515736e-03,3.337495e+01,1.210044e-05,1.144737e-05,3003166.930,1.250000e-04,10.40,14518.31
3422,3.545783e-03,3.325663e+01,1.206672e-05,1.989056e-05,2997862.275,3.455699e-03,3.324321e+01,9.440971e-06,7.393795e-06,2996824.234,1.250000e-04,10.16,14528.47
3423,3.549648e-03,3.325684e+01,1.223422e-05,2.032436e-05,2997722.219,3.918481e-03,3.360668e+01,4.146399e-05,2.863456e-05,3011076.102,1.250000e-04,10.03,14538.50
3424,3.560669e-03,3.325697e+01,1.449141e-05,1.801147e-05,2998024.594,3.596916e-03,3.318602e+01,1.628963e-05,2.308350e-05,2988633.289,1.250000e-04,10.32,14548.82
3425,3.528522e-03,3.325489e+01,1.185292e-05,1.690076e-05,2997753.244,3.506259e-03,3.347705e+01,9.902742e-06,1.190529e-05,3005618.352,1.250000e-04,10.51,14559.33
3426,3.527848e-03,3.325875e+01,1.333962e-05,1.371532e-05,2997902.814,3.451931e-03,3.330426e+01,8.682479e-06,6.936087e-06,2995758.438,1.250000e-04,10.92,14570.25
3427,3.525234e-03,3.326846e+01,1.394775e-05,1.178218e-05,2997988.152,3.680248e-03,3.318109e+01,2.307344e-05,2.628091e-05,2996000.711,1.250000e-04,10.66,14580.91
3428,3.565549e-03,3.323228e+01,1.433469e-05,1.979481e-05,2997628.443,3.558589e-03,3.364975e+01,1.055784e-05,1.760712e-05,3010395.086,1.250000e-04,10.46,14591.37
3429,3.572738e-03,3.326488e+01,1.251154e-05,2.422695e-05,2997979.301,3.475819e-03,3.338177e+01,9.344434e-06,8.839632e-06,3004463.055,1.250000e-04,10.68,14602.05
3430,3.579997e-03,3.325332e+01,1.316395e-05,2.460496e-05,2997905.008,3.624113e-03,3.308152e+01,1.385583e-05,3.548073e-05,2994411.000,1.250000e-04,10.38,14612.42
3431,3.547636e-03,3.326891e+01,1.393561e-05,1.627791e-05,2997906.859,3.522283e-03,3.325076e+01,1.420056e-05,1.104037e-05,3001372.125,1.250000e-04,10.64,14623.06
3432,3.580172e-03,3.323367e+01,1.174991e-05,2.786130e-05,2997785.918,3.686029e-03,3.353219e+01,1.984508e-05,2.687172e-05,3006950.180,1.250000e-04,10.53,14633.59
3433,3.580332e-03,3.325451e+01,1.425599e-05,2.246425e-05,2997794.861,3.473354e-03,3.321477e+01,9.590994e-06,1.119353e-05,2992604.070,1.250000e-04,10.29,14643.88
3434,3.544044e-03,3.325620e+01,1.233630e-05,1.901224e-05,2997826.961,3.532576e-03,3.337781e+01,9.686261e-06,1.958657e-05,3002159.250,1.250000e-04,10.25,14654.13
3435,3.585906e-03,3.326290e+01,1.629887e-05,1.932544e-05,2998030.350,3.535971e-03,3.328706e+01,1.446609e-05,1.252095e-05,2999028.047,1.250000e-04,10.14,14664.27
3436,3.600204e-03,3.325601e+01,1.297732e-05,2.896602e-05,2997892.893,3.454184e-03,3.342162e+01,7.774370e-06,6.855638e-06,3003080.250,1.250000e-04,10.12,14674.39
3437,3.512640e-03,3.324607e+01,1.107867e-05,1.544926e-05,2997867.174,3.508319e-03,3.321724e+01,1.095855e-05,1.540198e-05,2995099.359,1.250000e-04,9.95,14684.33
3438,3.546189e-03,3.324954e+01,1.164004e-05,2.096691e-05,2997847.557,3.535385e-03,3.304293e+01,1.089832e-05,2.442177e-05,2988205.734,1.250000e-04,10.30,14694.63
3439,3.545185e-03,3.325140e+01,1.311599e-05,1.777706e-05,2997957.881,3.497805e-03,3.319585e+01,9.772704e-06,1.609866e-05,2993362.805,1.250000e-04,10.57,14705.20
3440,3.557355e-03,3.326040e+01,1.239204e-05,2.147891e-05,2997810.686,3.482582e-03,3.324042e+01,9.641326e-06,1.242534e-05,2998557.828,1.250000e-04,10.04,14715.24
3441,3.538046e-03,3.323929e+01,1.212866e-05,1.856593e-05,2997723.492,3.544268e-03,3.356122e+01,1.221101e-05,1.320714e-05,3007534.227,1.250000e-04,10.74,14725.99
3442,3.597029e-03,3.328345e+01,1.345218e-05,2.683251e-05,2997959.182,3.612026e-03,3.333919e+01,1.718491e-05,2.125172e-05,3003444.484,1.250000e-04,10.60,14736.59
3443,3.567522e-03,3.325040e+01,1.313977e-05,2.221686e-05,2997889.564,3.605608e-03,3.345724e+01,1.813211e-05,1.571245e-05,3005606.859,1.250000e-04,10.19,14746.77
3444,3.584474e-03,3.328786e+01,1.212328e-05,2.689120e-05,2997871.285,3.559597e-03,3.294585e+01,1.075335e-05,3.149583e-05,2986313.656,1.250000e-04,10.94,14757.71
3445,3.536497e-03,3.324760e+01,1.145259e-05,1.944229e-05,2997684.074,3.627135e-03,3.352123e+01,1.207140e-05,3.085963e-05,3009919.297,1.250000e-04,10.56,14768.27
3446,3.535934e-03,3.327888e+01,1.256837e-05,1.647230e-05,2998221.961,3.877886e-03,3.267882e+01,1.423507e-05,9.353063e-05,2973410.008,1.250000e-04,10.50,14778.77
3447,3.608211e-03,3.324890e+01,1.225525e-05,3.215379e-05,2997722.975,3.592732e-03,3.337809e+01,1.142536e-05,2.813385e-05,2992589.367,1.250000e-04,10.77,14789.54
3448,3.535841e-03,3.326435e+01,1.159103e-05,1.869920e-05,2997720.180,3.709165e-03,3.354029e+01,1.111106e-05,4.880512e-05,3015535.969,1.250000e-04,10.76,14800.31
3449,3.544941e-03,3.324293e+01,1.110027e-05,2.192905e-05,2997948.535,3.519207e-03,3.317886e+01,1.049849e-05,1.926717e-05,2994441.531,1.250000e-04,10.72,14811.03
3450,3.589522e-03,3.327374e+01,1.367409e-05,2.508148e-05,2997946.531,3.504823e-03,3.318373e+01,1.144049e-05,1.440891e-05,2995477.047,1.250000e-04,10.42,14821.45
3451,3.518438e-03,3.324425e+01,1.313650e-05,1.252953e-05,2997771.586,3.533689e-03,3.335971e+01,1.544945e-05,8.644818e-06,2998079.602,1.250000e-04,10.29,14831.73
3452,3.550363e-03,3.325957e+01,1.331646e-05,1.824817e-05,2997906.631,3.551721e-03,3.323777e+01,1.383602e-05,1.791681e-05,2992380.039,1.250000e-04,10.17,14841.91
3453,3.577544e-03,3.327215e+01,1.247748e-05,2.511074e-05,2998032.477,3.996939e-03,3.375640e+01,1.552100e-05,9.321772e-05,3023594.648,1.250000e-04,10.25,14852.15
3454,3.523421e-03,3.324741e+01,1.112256e-05,1.749088e-05,2997665.125,3.490098e-03,3.330669e+01,8.936425e-06,1.401302e-05,3001517.102,1.250000e-04,10.15,14862.30
3455,3.557982e-03,3.326954e+01,1.375436e-05,1.869696e-05,2997813.270,3.757369e-03,3.339557e+01,1.150928e-05,6.054393e-05,3012616.719,1.250000e-04,9.89,14872.19
3456,3.522418e-03,3.325007e+01,1.226567e-05,1.495076e-05,2998035.250,3.540615e-03,3.332559e+01,1.286726e-05,1.587662e-05,3003766.508,1.250000e-04,9.95,14882.14
3457,3.535299e-03,3.323919e+01,1.230475e-05,1.766649e-05,2997786.549,3.626887e-03,3.356730e+01,1.416744e-05,2.569653e-05,3007856.336,1.250000e-04,9.96,14892.10
3458,3.567403e-03,3.325575e+01,1.329707e-05,2.177140e-05,2997946.650,3.470899e-03,3.324210e+01,9.852970e-06,9.632005e-06,2993867.961,1.250000e-04,10.15,14902.25
3459,3.540409e-03,3.325696e+01,1.284185e-05,1.725894e-05,2997842.166,3.532433e-03,3.318057e+01,9.836058e-06,2.320323e-05,2987972.664,1.250000e-04,9.94,14912.19
3460,3.553034e-03,3.326069e+01,1.199978e-05,2.139333e-05,2997932.002,3.602087e-03,3.304327e+01,1.631976e-05,2.691249e-05,2988568.258,1.250000e-04,10.00,14922.19
3461,3.573242e-03,3.324601e+01,1.243794e-05,2.485230e-05,2997664.650,3.465043e-03,3.345762e+01,8.288159e-06,7.279911e-06,3004111.219,1.250000e-04,10.04,14932.23
3462,3.537987e-03,3.324293e+01,1.359102e-05,1.555678e-05,2997767.979,3.737107e-03,3.371789e+01,2.351420e-05,2.603524e-05,3011707.461,1.250000e-04,10.32,14942.56
3463,3.595109e-03,3.324285e+01,1.398025e-05,2.620436e-05,2997753.213,3.510542e-03,3.343276e+01,1.425625e-05,4.940618e-06,3002255.289,1.250000e-04,10.04,14952.60
3464,3.554917e-03,3.326195e+01,1.375952e-05,1.822534e-05,2997845.320,3.657553e-03,3.350204e+01,1.308044e-05,3.530882e-05,3013390.719,1.250000e-04,10.10,14962.70
3465,3.553202e-03,3.325463e+01,1.208583e-05,2.137617e-05,2997965.443,3.485912e-03,3.331374e+01,1.010946e-05,1.068878e-05,2997879.078,1.250000e-04,10.38,14973.08
3466,3.578137e-03,3.326934e+01,1.321477e-05,2.381100e-05,2997929.357,3.591451e-03,3.339212e+01,1.157013e-05,2.730757e-05,3008575.953,1.250000e-04,10.04,14983.12
3467,3.548997e-03,3.323461e+01,1.205414e-05,2.099884e-05,2997703.705,3.587366e-03,3.361942e+01,1.276140e-05,1.956210e-05,3011394.336,1.250000e-04,10.28,14993.40
3468,3.576683e-03,3.325989e+01,1.363842e-05,2.286213e-05,2997879.738,3.764794e-03,3.360452e+01,1.886600e-05,4.313646e-05,3015525.773,1.250000e-04,10.43,15003.83
3469,3.545942e-03,3.324923e+01,1.256843e-05,1.906697e-05,2997869.760,3.653589e-03,3.353097e+01,1.530140e-05,2.949559e-05,3010486.039,1.250000e-04,10.01,15013.85
3470,3.584301e-03,3.324336e+01,1.341377e-05,2.516545e-05,2997915.188,3.574690e-03,3.346036e+01,1.307047e-05,1.958972e-05,3003663.078,1.250000e-04,10.26,15024.10
3471,3.547049e-03,3.325244e+01,1.203694e-05,2.028708e-05,2998028.305,3.512675e-03,3.323421e+01,9.404277e-06,1.904221e-05,3000721.000,1.250000e-04,10.62,15034.73
3472,3.539996e-03,3.323549e+01,1.348894e-05,1.631154e-05,2997771.309,3.546732e-03,3.333221e+01,1.429933e-05,1.410368e-05,2995788.250,1.250000e-04,10.88,15045.61
3473,3.520165e-03,3.324803e+01,1.087764e-05,1.731711e-05,2998052.498,3.503501e-03,3.311282e+01,9.113428e-06,2.021695e-05,2988622.445,1.250000e-04,10.83,15056.44
3474,3.563338e-03,3.325480e+01,1.347788e-05,2.061582e-05,2997820.713,3.750957e-03,3.319210e+01,1.475464e-05,5.684008e-05,2984768.852,1.250000e-04,10.78,15067.22
3475,3.553263e-03,3.324654e+01,1.261468e-05,2.049250e-05,2997739.223,3.576206e-03,3.352344e+01,1.584200e-05,1.308849e-05,3004959.805,1.250000e-04,11.13,15078.35
3476,3.541713e-03,3.323527e+01,1.243114e-05,1.877498e-05,2997774.139,3.583446e-03,3.368971e+01,9.747410e-06,2.340021e-05,3005194.625,1.250000e-04,10.83,15089.19
3477,3.551537e-03,3.326164e+01,1.194453e-05,2.118560e-05,2997976.969,3.529907e-03,3.348043e+01,1.451534e-05,7.342000e-06,3002946.602,1.250000e-04,10.87,15100.05
3478,3.532471e-03,3.324809e+01,1.224262e-05,1.704727e-05,2998034.170,3.597121e-03,3.327819e+01,1.810557e-05,1.764937e-05,2991368.297,1.250000e-04,10.29,15110.35
3479,3.533368e-03,3.325332e+01,1.143963e-05,1.872793e-05,2997880.066,3.577993e-03,3.306507e+01,1.436312e-05,2.557105e-05,2989409.336,1.250000e-04,10.45,15120.79
3480,3.531548e-03,3.325050e+01,1.222084e-05,1.685791e-05,2997816.316,3.632455e-03,3.359021e+01,1.415769e-05,2.637131e-05,3009645.859,1.250000e-04,10.12,15130.91
3481,3.552821e-03,3.324973e+01,1.356088e-05,1.844788e-05,2998027.098,3.708284e-03,3.285123e+01,1.491839e-05,5.479537e-05,2980906.578,1.250000e-04,9.79,15140.70
3482,3.556171e-03,3.324042e+01,1.390711e-05,1.861147e-05,2997728.938,3.509625e-03,3.323749e+01,1.402231e-05,9.130479e-06,2995700.453,1.250000e-04,10.29,15150.99
3483,3.530211e-03,3.323693e+01,1.315520e-05,1.499304e-05,2997902.158,3.550323e-03,3.346201e+01,1.354089e-05,1.374279e-05,3004400.391,1.250000e-04,10.17,15161.16
3484,3.548606e-03,3.324229e+01,1.385204e-05,1.717148e-05,2997903.273,3.506754e-03,3.327113e+01,1.039219e-05,1.514396e-05,2993886.000,1.250000e-04,10.13,15171.29
3485,3.564663e-03,3.325750e+01,1.411799e-05,1.954656e-05,2997781.914,3.512435e-03,3.316129e+01,1.408600e-05,1.108911e-05,2993940.188,1.250000e-04,10.20,15181.48
3486,3.513113e-03,3.323195e+01,1.177392e-05,1.443571e-05,2997861.963,3.489787e-03,3.342154e+01,9.592031e-06,1.034260e-05,3001826.812,1.250000e-04,10.42,15191.90
3487,3.556003e-03,3.324139e+01,1.383147e-05,1.870987e-05,2997805.486,3.523408e-03,3.343978e+01,1.292080e-05,1.004443e-05,3005949.703,1.250000e-04,9.85,15201.75
3488,3.535434e-03,3.324735e+01,1.236694e-05,1.740605e-05,2997950.830,3.520283e-03,3.319164e+01,1.443097e-05,1.136180e-05,2994785.805,1.250000e-04,10.22,15211.97
3489,3.554948e-03,3.326426e+01,1.248554e-05,2.073339e-05,2997930.084,3.501838e-03,3.313784e+01,1.146591e-05,1.467887e-05,2991767.328,1.250000e-04,10.40,15222.37
3490,3.591568e-03,3.325747e+01,1.400534e-05,2.515339e-05,2997924.508,3.803527e-03,3.280404e+01,1.865141e-05,6.732182e-05,2977150.812,1.250000e-04,10.28,15232.65
3491,3.544325e-03,3.324539e+01,1.231620e-05,1.932490e-05,2997552.340,3.563801e-03,3.343999e+01,9.730521e-06,2.449921e-05,3007503.062,1.250000e-04,10.39,15243.03
3492,3.554697e-03,3.326187e+01,1.399316e-05,1.771551e-05,2998116.836,3.543959e-03,3.311812e+01,1.333880e-05,1.975191e-05,2989787.234,1.250000e-04,10.37,15253.41
3493,3.594928e-03,3.323006e+01,1.385761e-05,2.666930e-05,2997450.350,3.815437e-03,3.378145e+01,1.412466e-05,5.920906e-05,3021623.977,1.250000e-04,10.14,15263.55
3494,3.597540e-03,3.325250e+01,1.214470e-05,3.016874e-05,2998064.383,3.465977e-03,3.318278e+01,9.237188e-06,1.106553e-05,2997284.117,1.250000e-04,10.18,15273.72
3495,3.528668e-03,3.325044e+01,1.133195e-05,1.806104e-05,2997975.352,3.507527e-03,3.335226e+01,9.668443e-06,1.512342e-05,2994388.875,1.250000e-04,10.14,15283.87
3496,3.550153e-03,3.324124e+01,1.226612e-05,2.067361e-05,2997911.656,3.554766e-03,3.314654e+01,1.200080e-05,2.402076e-05,2988317.773,1.250000e-04,10.40,15294.26
3497,3.542391e-03,3.325555e+01,1.285839e-05,1.765037e-05,2997849.846,3.484499e-03,3.340776e+01,1.160942e-05,5.525779e-06,3002856.414,1.250000e-04,10.15,15304.41
3498,3.547084e-03,3.324899e+01,1.271983e-05,1.899739e-05,2997827.729,3.479499e-03,3.328384e+01,1.107634e-05,8.070209e-06,2999383.258,1.250000e-04,9.93,15314.34
3499,3.542286e-03,3.324661e+01,1.270176e-05,1.812155e-05,2997941.984,3.577961e-03,3.337069e+01,1.768547e-05,1.280734e-05,2995785.469,1.250000e-04,9.91,15324.25
3500,3.542924e-03,3.324856e+01,1.301975e-05,1.757415e-05,2997720.613,3.598590e-03,3.340499e+01,1.653847e-05,1.854141e-05,3006368.281,1.250000e-04,10.00,15334.25
3501,3.555283e-03,3.324741e+01,1.190638e-05,2.229567e-05,2998080.691,3.667888e-03,3.297636e+01,2.071405e-05,3.262241e-05,2990520.828,1.250000e-04,10.28,15344.53
3502,3.540672e-03,3.324448e+01,1.511155e-05,1.302189e-05,2997614.438,3.567374e-03,3.359285e+01,1.101802e-05,1.958171e-05,3009548.766,1.250000e-04,10.57,15355.10
3503,3.603329e-03,3.324869e+01,1.452004e-05,2.665200e-05,2998049.314,3.554526e-03,3.313928e+01,1.302000e-05,2.207967e-05,2989128.758,1.250000e-04,10.28,15365.38
3504,3.543906e-03,3.325231e+01,1.214065e-05,1.945381e-05,2997897.275,3.492132e-03,3.336140e+01,1.200780e-05,7.182754e-06,3002204.234,1.250000e-04,10.50,15375.88
3505,3.593517e-03,3.325115e+01,1.343677e-05,2.680690e-05,2997636.693,3.539598e-03,3.346772e+01,1.253241e-05,1.350035e-05,3006845.367,1.250000e-04,10.76,15386.64
3506,3.557226e-03,3.324746e+01,1.273598e-05,2.102414e-05,2997844.268,3.595481e-03,3.343173e+01,8.409063e-06,3.364339e-05,3011126.250,1.250000e-04,10.35,15396.99
3507,3.560093e-03,3.325670e+01,1.340436e-05,2.007583e-05,2998224.055,3.593900e-03,3.301638e+01,1.334540e-05,3.176170e-05,2986054.016,1.250000e-04,10.88,15407.87
3508,3.548993e-03,3.327077e+01,1.191593e-05,2.055131e-05,2997747.262,3.513120e-03,3.322590e+01,1.278017e-05,1.254561e-05,2992410.570,1.250000e-04,10.67,15418.55
3509,3.562930e-03,3.325641e+01,1.403211e-05,1.939371e-05,2997896.822,3.566829e-03,3.313144e+01,1.719289e-05,1.635133e-05,2991561.969,1.250000e-04,10.33,15428.88
3510,3.569726e-03,3.325322e+01,1.420077e-05,2.047928e-05,2997847.416,3.578577e-03,3.322186e+01,2.005831e-05,1.116166e-05,2994799.773,1.250000e-04,10.55,15439.43
3511,3.536820e-03,3.325593e+01,1.316991e-05,1.590557e-05,2997754.781,3.634064e-03,3.338455e+01,2.200503e-05,1.511176e-05,3003529.375,1.250000e-04,10.49,15449.92
3512,3.560323e-03,3.324746e+01,1.150021e-05,2.411510e-05,2997852.951,3.601140e-03,3.343487e+01,1.200865e-05,2.751338e-05,3007888.914,1.250000e-04,10.69,15460.61
3513,3.576099e-03,3.324944e+01,1.275030e-05,2.473029e-05,2997797.393,3.619754e-03,3.341621e+01,1.796177e-05,1.970296e-05,3004208.977,1.250000e-04,10.58,15471.20
3514,3.594378e-03,3.326864e+01,1.548860e-05,2.252552e-05,2997925.693,3.712094e-03,3.342240e+01,2.558131e-05,2.280826e-05,3008252.305,1.250000e-04,10.72,15481.92
3515,3.564213e-03,3.325482e+01,1.344719e-05,2.085182e-05,2998109.990,3.530013e-03,3.305232e+01,8.619704e-06,2.771686e-05,2985703.336,1.250000e-04,10.33,15492.25
3516,3.565086e-03,3.323807e+01,1.229719e-05,2.366146e-05,2997723.680,3.586042e-03,3.341691e+01,1.447634e-05,1.991756e-05,3005456.352,1.250000e-04,9.92,15502.16
3517,3.527780e-03,3.325461e+01,1.087852e-05,1.870673e-05,2997959.203,3.699591e-03,3.342455e+01,1.588471e-05,3.965785e-05,2995629.500,1.250000e-04,10.45,15512.62
3518,3.578796e-03,3.326734e+01,1.287794e-05,2.465664e-05,2997724.490,3.486415e-03,3.310862e+01,9.231991e-06,1.664653e-05,2996440.703,1.250000e-04,10.02,15522.63
3519,3.543771e-03,3.325365e+01,1.281221e-05,1.805677e-05,2997804.189,3.510224e-03,3.318917e+01,1.090017e-05,1.646105e-05,2999752.562,1.250000e-04,9.98,15532.61
3520,3.550337e-03,3.324527e+01,1.195565e-05,2.125079e-05,2997827.848,3.504825e-03,3.351571e+01,1.100892e-05,8.633013e-06,3004685.047,1.250000e-04,9.99,15542.60
3521,3.495428e-03,3.324983e+01,1.099818e-05,1.209262e-05,2997840.289,3.650138e-03,3.368903e+01,1.645849e-05,2.333007e-05,3012559.438,1.250000e-04,10.23,15552.83
3522,3.546430e-03,3.323746e+01,1.287235e-05,1.879213e-05,2997751.227,3.477636e-03,3.333902e+01,1.032464e-05,8.097421e-06,2998838.258,1.250000e-04,10.58,15563.41
3523,3.538741e-03,3.327471e+01,1.252175e-05,1.721047e-05,2998146.055,3.488021e-03,3.312163e+01,8.747213e-06,1.767713e-05,2993025.430,1.250000e-04,9.99,15573.40
3524,3.509991e-03,3.325107e+01,1.173765e-05,1.350141e-05,2997877.486,3.610804e-03,3.306057e+01,1.157994e-05,3.778941e-05,2983066.086,1.250000e-04,9.96,15583.37
3525,3.565113e-03,3.326316e+01,1.231730e-05,2.312481e-05,2997797.889,3.794889e-03,3.349769e+01,2.496212e-05,3.909963e-05,3010649.430,1.250000e-04,10.11,15593.48
3526,3.540688e-03,3.323710e+01,1.337567e-05,1.664431e-05,2997877.176,3.570696e-03,3.304143e+01,1.511883e-05,2.307291e-05,2991790.898,1.250000e-04,9.86,15603.33
3527,3.583894e-03,3.323738e+01,1.401545e-05,2.400019e-05,2997792.012,3.728746e-03,3.374427e+01,1.473798e-05,4.138801e-05,3016496.875,1.250000e-04,10.42,15613.75
3528,3.592140e-03,3.326281e+01,1.279871e-05,2.757444e-05,2997895.264,3.579818e-03,3.301190e+01,1.004808e-05,3.562961e-05,2986438.922,1.250000e-04,10.09,15623.84
3529,3.535082e-03,3.325490e+01,1.204030e-05,1.783776e-05,2997867.939,3.622265e-03,3.327398e+01,2.094967e-05,1.707413e-05,2998664.016,1.250000e-04,10.20,15634.04
3530,3.565566e-03,3.326215e+01,1.398782e-05,1.989474e-05,2997993.947,3.519455e-03,3.323407e+01,1.225551e-05,1.469859e-05,3000143.367,1.250000e-04,9.86,15643.90
3531,3.522771e-03,3.324390e+01,1.344482e-05,1.278655e-05,2997726.963,3.607094e-03,3.353372e+01,1.916845e-05,1.240767e-05,3007696.969,1.250000e-04,10.22,15654.12
3532,3.568409e-03,3.325314e+01,1.282450e-05,2.297008e-05,2997835.285,3.496218e-03,3.315720e+01,9.697349e-06,1.670496e-05,2991124.891,1.250000e-04,9.98,15664.10
3533,3.571107e-03,3.326620e+01,1.645037e-05,1.599658e-05,2997858.986,3.520320e-03,3.338216e+01,1.179077e-05,1.283920e-05,3002039.430,1.250000e-04,10.20,15674.29
3534,3.533412e-03,3.325092e+01,1.358465e-05,1.449481e-05,2998035.371,3.532673e-03,3.306672e+01,1.081018e-05,2.357985e-05,2987523.891,1.250000e-04,10.30,15684.59
3535,3.537019e-03,3.323604e+01,1.174813e-05,1.918681e-05,2997833.975,3.696226e-03,3.305194e+01,2.840359e-05,2.139917e-05,2990932.195,1.250000e-04,10.30,15694.89
3536,3.595297e-03,3.324492e+01,1.450881e-05,2.514329e-05,2997679.535,3.620371e-03,3.349478e+01,2.164441e-05,1.088976e-05,3005405.695,1.250000e-04,11.01,15705.90
3537,3.532226e-03,3.325822e+01,1.206901e-05,1.714267e-05,2998081.562,3.556621e-03,3.317826e+01,1.329946e-05,2.116008e-05,2991466.555,1.250000e-04,10.51,15716.42
3538,3.571905e-03,3.324483e+01,1.495199e-05,1.958035e-05,2997694.941,3.689767e-03,3.358572e+01,1.466707e-05,3.690488e-05,3014975.781,1.250000e-04,10.92,15727.33
3539,3.545480e-03,3.324809e+01,1.262036e-05,1.889351e-05,2997977.117,3.686207e-03,3.306026e+01,1.848722e-05,3.906175e-05,2985284.594,1.250000e-04,9.85,15737.18
3540,3.555804e-03,3.327245e+01,1.663541e-05,1.244087e-05,2997838.016,3.550547e-03,3.326307e+01,1.749940e-05,9.849297e-06,2999254.875,1.250000e-04,10.40,15747.58
3541,3.543590e-03,3.323688e+01,1.240516e-05,1.917023e-05,2997865.221,3.501867e-03,3.343636e+01,1.270010e-05,6.245954e-06,3004029.586,1.250000e-04,10.40,15757.98
3542,3.555075e-03,3.324751e+01,1.258041e-05,2.090399e-05,2997999.947,3.537006e-03,3.322499e+01,1.686971e-05,9.161999e-06,2993808.594,1.250000e-04,10.36,15768.34
3543,3.542560e-03,3.324836e+01,1.342882e-05,1.668719e-05,2997797.449,3.482478e-03,3.316156e+01,1.010525e-05,1.305384e-05,2991083.820,1.250000e-04,10.17,15778.51
3544,3.557079e-03,3.323584e+01,1.330783e-05,2.008336e-05,2997728.594,3.524436e-03,3.326594e+01,9.131619e-06,2.130520e-05,2994849.680,1.250000e-04,9.97,15788.49
3545,3.576434e-03,3.324385e+01,1.234551e-05,2.571881e-05,2997799.520,3.738782e-03,3.349639e+01,3.248769e-05,1.285327e-05,3002284.961,1.250000e-04,9.92,15798.41
3546,3.518644e-03,3.323596e+01,1.064288e-05,1.772392e-05,2998011.680,3.553871e-03,3.350306e+01,1.466759e-05,1.137780e-05,3007436.664,1.250000e-04,9.95,15808.36
3547,3.552082e-03,3.324748e+01,1.254936e-05,2.036809e-05,2997899.504,3.477446e-03,3.333913e+01,9.694518e-06,9.317584e-06,3002888.164,1.250000e-04,9.73,15818.09
3548,3.550809e-03,3.322828e+01,1.240380e-05,2.078848e-05,2997865.520,3.523375e-03,3.314637e+01,1.351137e-05,1.472486e-05,2990104.797,1.250000e-04,9.75,15827.83
3549,3.539860e-03,3.325385e+01,1.262097e-05,1.765326e-05,2997801.779,3.540129e-03,3.335235e+01,1.632470e-05,8.329443e-06,3001323.336,1.250000e-04,9.66,15837.49
3550,3.580811e-03,3.324732e+01,1.356425e-05,2.408725e-05,2997981.691,3.467783e-03,3.337611e+01,1.021716e-05,5.600086e-06,3003013.141,1.250000e-04,10.18,15847.67
3551,3.556341e-03,3.324902e+01,1.331365e-05,1.966053e-05,2997803.145,3.515961e-03,3.332015e+01,1.333840e-05,1.011253e-05,3001675.750,1.250000e-04,9.79,15857.46
3552,3.547116e-03,3.325771e+01,1.394294e-05,1.638306e-05,2997769.318,3.603811e-03,3.343321e+01,1.837742e-05,1.534312e-05,3006797.055,1.250000e-04,9.93,15867.39
3553,3.540344e-03,3.322480e+01,1.365386e-05,1.626503e-05,2998243.930,3.610818e-03,3.307830e+01,1.358388e-05,3.342973e-05,2984706.148,1.250000e-04,9.94,15877.33
3554,3.607227e-03,3.324175e+01,1.429386e-05,2.802270e-05,2997599.713,3.464711e-03,3.318827e+01,7.573066e-06,1.403078e-05,2992058.781,1.250000e-04,10.44,15887.77
3555,3.531865e-03,3.325609e+01,1.149856e-05,1.825413e-05,2997926.094,3.494028e-03,3.342977e+01,9.833424e-06,1.054331e-05,3005832.398,1.250000e-04,10.30,15898.07
3556,3.553470e-03,3.324976e+01,1.271834e-05,2.026215e-05,2997809.504,3.885853e-03,3.364575e+01,2.363333e-05,5.698894e-05,3018232.266,1.250000e-04,10.29,15908.36
3557,3.591731e-03,3.325129e+01,1.271056e-05,2.789925e-05,2998123.896,3.580155e-03,3.297155e+01,1.441275e-05,2.777455e-05,2988993.758,1.250000e-04,10.35,15918.71
3558,3.557368e-03,3.323945e+01,1.317082e-05,2.034279e-05,2997652.365,3.551371e-03,3.314333e+01,1.191674e-05,2.357408e-05,2992770.938,1.250000e-04,10.27,15928.99
3559,3.547835e-03,3.322748e+01,1.269701e-05,1.962332e-05,2998024.090,3.651340e-03,3.354807e+01,2.004756e-05,1.921150e-05,3004914.352,1.250000e-04,9.71,15938.70
3560,3.540020e-03,3.324578e+01,1.300262e-05,1.708324e-05,2997685.945,3.519886e-03,3.318597e+01,1.550450e-05,9.248750e-06,2995969.422,1.250000e-04,9.58,15948.28
3561,3.555566e-03,3.322616e+01,1.405298e-05,1.848406e-05,2997783.943,3.600676e-03,3.355278e+01,1.794363e-05,1.319238e-05,3003643.938,1.250000e-04,9.85,15958.13
3562,3.542234e-03,3.325068e+01,1.128305e-05,2.086706e-05,2998067.646,3.458741e-03,3.329443e+01,8.550462e-06,8.758650e-06,2997026.867,1.250000e-04,10.02,15968.15
3563,3.541173e-03,3.325031e+01,1.227351e-05,1.868142e-05,2997884.867,3.703557e-03,3.330150e+01,3.305702e-05,8.567397e-06,2998122.156,1.250000e-04,9.80,15977.95
3564,3.542507e-03,3.324882e+01,1.306408e-05,1.739688e-05,2997948.605,3.674628e-03,3.320442e+01,2.015160e-05,3.053399e-05,2993672.727,1.250000e-04,9.87,15987.82
3565,3.575146e-03,3.324171e+01,1.500446e-05,2.018612e-05,2997872.469,3.481199e-03,3.322688e+01,9.105260e-06,1.349174e-05,2998308.438,1.250000e-04,10.01,15997.83
3566,3.546244e-03,3.323570e+01,1.185289e-05,2.082910e-05,2997891.211,3.563540e-03,3.329167e+01,1.817047e-05,1.053372e-05,2995873.586,1.250000e-04,9.85,16007.68
3567,3.570722e-03,3.323236e+01,1.194937e-05,2.559835e-05,2997807.750,3.660230e-03,3.350142e+01,1.593455e-05,3.014853e-05,3006309.938,1.250000e-04,10.00,16017.68
3568,3.562884e-03,3.323875e+01,1.500652e-05,1.778868e-05,2997963.475,3.659771e-03,3.289222e+01,1.189338e-05,5.032306e-05,2983540.352,1.250000e-04,10.25,16027.93
3569,3.607651e-03,3.327743e+01,1.482567e-05,2.633026e-05,2997737.746,3.492531e-03,3.317994e+01,9.797339e-06,1.531279e-05,2997406.930,1.250000e-04,10.13,16038.06
3570,3.551185e-03,3.325105e+01,1.275445e-05,1.970726e-05,2997916.234,3.575517e-03,3.310854e+01,1.688010e-05,1.917227e-05,2994071.367,1.250000e-04,10.57,16048.63
3571,3.589896e-03,3.323745e+01,1.351431e-05,2.620148e-05,2997806.975,3.516794e-03,3.331304e+01,1.374483e-05,9.608289e-06,2998837.227,1.250000e-04,10.46,16059.09
3572,3.526658e-03,3.322902e+01,1.178400e-05,1.718328e-05,2997754.074,3.543628e-03,3.334320e+01,1.439180e-05,1.307793e-05,2995033.594,1.250000e-04,10.21,16069.30
3573,3.584429e-03,3.326382e+01,1.310800e-05,2.539340e-05,2998114.439,3.645146e-03,3.346956e+01,1.378795e-05,3.206212e-05,3011826.320,1.250000e-04,9.95,16079.26
3574,3.551895e-03,3.323770e+01,1.249883e-05,2.062738e-05,2997740.344,3.525894e-03,3.348788e+01,1.224012e-05,1.094103e-05,3004338.156,1.250000e-04,9.63,16088.88
3575,3.544318e-03,3.324475e+01,1.216966e-05,1.962939e-05,2997942.000,3.482736e-03,3.325432e+01,1.141936e-05,8.621961e-06,2993926.227,1.250000e-04,9.96,16098.84
3576,3.560875e-03,3.325213e+01,1.323044e-05,2.067148e-05,2997836.023,3.527782e-03,3.345196e+01,1.219896e-05,1.211913e-05,3006834.133,1.250000e-04,9.89,16108.73
3577,3.527689e-03,3.324127e+01,1.273888e-05,1.523462e-05,2997944.635,3.504781e-03,3.317532e+01,1.329579e-05,1.085819e-05,2992687.781,1.250000e-04,9.50,16118.24
3578,3.531643e-03,3.323951e+01,1.342920e-05,1.467987e-05,2997792.342,3.684708e-03,3.360040e+01,1.358285e-05,3.776792e-05,3013227.117,1.250000e-04,9.58,16127.82
3579,3.537999e-03,3.322800e+01,1.395338e-05,1.513308e-05,2997859.555,3.482981e-03,3.331373e+01,8.580234e-06,1.316128e-05,3003311.570,1.250000e-04,10.02,16137.84
3580,3.515574e-03,3.322786e+01,1.266991e-05,1.321781e-05,2998017.510,3.609976e-03,3.328241e+01,2.148452e-05,1.337796e-05,2993573.664,1.250000e-04,10.35,16148.19
3581,3.571765e-03,3.323695e+01,1.320356e-05,2.320688e-05,2997831.121,3.738316e-03,3.271871e+01,9.547889e-06,7.419310e-05,2978612.766,1.250000e-04,10.38,16158.57
3582,3.567164e-03,3.322421e+01,1.370723e-05,2.153430e-05,2997852.568,3.472471e-03,3.316340e+01,9.171250e-06,1.288365e-05,2995019.008,1.250000e-04,10.56,16169.12
3583,3.547140e-03,3.324035e+01,1.199549e-05,2.063006e-05,2997805.764,3.578857e-03,3.323202e+01,1.488810e-05,2.135479e-05,2996446.312,1.250000e-04,10.68,16179.81
3584,3.543640e-03,3.324100e+01,1.229913e-05,1.930982e-05,2997981.277,3.600671e-03,3.301057e+01,1.012368e-05,3.967548e-05,2982713.070,1.250000e-04,10.44,16190.24
3585,3.555050e-03,3.322776e+01,1.338125e-05,1.969236e-05,2997681.811,3.659825e-03,3.295388e+01,1.431297e-05,4.426163e-05,2988496.266,1.250000e-04,10.37,16200.62
3586,3.535716e-03,3.323199e+01,1.068758e-05,2.112835e-05,2997925.084,3.572988e-03,3.299174e+01,8.419758e-06,3.792338e-05,2985803.734,1.250000e-04,10.49,16211.11
3587,3.552171e-03,3.323997e+01,1.380586e-05,1.802303e-05,2997902.383,3.707680e-03,3.359022e+01,2.970255e-05,1.032643e-05,3005179.539,1.250000e-04,10.72,16221.83
3588,3.548540e-03,3.322168e+01,1.192000e-05,2.143426e-05,2997724.586,3.502988e-03,3.337641e+01,1.120866e-05,1.065216e-05,2996446.352,1.250000e-04,10.72,16232.54
3589,3.604751e-03,3.324047e+01,1.336281e-05,2.941511e-05,2997913.855,3.637487e-03,3.331422e+01,1.322333e-05,3.476631e-05,2993507.008,1.250000e-04,10.53,16243.07
3590,3.544485e-03,3.324843e+01,1.267515e-05,1.857824e-05,2997929.621,3.536542e-03,3.309223e+01,9.711352e-06,2.604124e-05,2989319.883,1.250000e-04,10.54,16253.62
3591,3.535209e-03,3.323891e+01,1.294433e-05,1.637498e-05,2997912.318,3.527332e-03,3.314666e+01,1.176352e-05,1.900628e-05,2989879.672,1.250000e-04,10.55,16264.17
3592,3.558766e-03,3.322976e+01,1.496715e-05,1.722370e-05,2997707.961,3.692639e-03,3.343082e+01,2.398739e-05,2.193656e-05,3007040.477,1.250000e-04,10.64,16274.80
3593,3.546356e-03,3.324296e+01,1.358675e-05,1.723858e-05,2998223.010,3.794310e-03,3.295065e+01,1.883334e-05,6.218247e-05,2979358.602,1.250000e-04,10.25,16285.05
3594,3.610891e-03,3.324781e+01,1.470915e-05,2.780379e-05,2997877.307,3.624349e-03,3.350905e+01,1.704976e-05,2.058915e-05,3006805.609,1.250000e-04,10.31,16295.37
3595,3.576980e-03,3.321839e+01,1.233494e-05,2.635830e-05,2997576.699,3.627365e-03,3.346932e+01,1.946964e-05,1.714721e-05,3001742.328,1.250000e-04,10.30,16305.66
3596,3.554842e-03,3.324271e+01,1.142221e-05,2.326974e-05,2997923.648,3.589448e-03,3.305197e+01,1.846883e-05,1.991265e-05,2990976.680,1.250000e-04,10.16,16315.82
3597,3.566780e-03,3.323856e+01,1.469125e-05,1.920232e-05,2998309.590,4.338023e-03,3.257248e+01,1.783167e-05,1.804918e-04,2963218.125,1.250000e-04,10.47,16326.29
3598,3.549048e-03,3.322523e+01,1.154194e-05,2.222115e-05,2997508.309,3.556060e-03,3.356873e+01,1.323025e-05,1.337685e-05,3002092.828,1.250000e-04,10.54,16336.83
3599,3.577918e-03,3.324956e+01,1.366133e-05,2.326976e-05,2997874.670,3.536508e-03,3.321178e+01,9.883454e-06,2.329900e-05,2990060.742,1.250000e-04,10.30,16347.13
3600,3.557677e-03,3.323976e+01,1.257764e-05,2.158492e-05,2997659.922,3.637136e-03,3.360324e+01,1.910524e-05,1.715179e-05,3009712.328,1.250000e-04,10.22,16357.35
3601,3.562736e-03,3.324094e+01,1.423181e-05,1.926480e-05,2997836.650,3.480019e-03,3.341573e+01,9.754336e-06,8.180596e-06,3001077.695,1.250000e-04,10.08,16367.43
3602,3.609172e-03,3.323628e+01,1.681239e-05,2.348405e-05,2998003.928,3.685760e-03,3.304918e+01,2.305682e-05,3.005475e-05,2990983.305,1.250000e-04,10.11,16377.54
3603,3.571917e-03,3.322311e+01,1.389004e-05,2.214123e-05,2997597.891,3.617989e-03,3.353380e+01,9.990106e-06,3.294152e-05,3013944.117,1.250000e-04,10.11,16387.64
3604,3.548220e-03,3.324054e+01,1.240295e-05,2.002745e-05,2997923.250,3.594693e-03,3.335234e+01,1.370557e-05,2.448065e-05,3007093.641,1.250000e-04,10.16,16397.81
3605,3.596687e-03,3.323803e+01,1.324650e-05,2.808382e-05,2997930.746,3.530465e-03,3.315918e+01,9.857159e-06,2.319507e-05,2991856.727,1.250000e-04,9.87,16407.68
3606,3.556390e-03,3.325220e+01,1.220640e-05,2.182125e-05,2997996.814,3.527035e-03,3.312031e+01,1.101943e-05,2.096206e-05,2995955.055,1.250000e-04,10.07,16417.74
3607,3.585024e-03,3.321568e+01,1.308339e-05,2.652444e-05,2997753.330,3.491359e-03,3.320731e+01,9.348523e-06,1.542841e-05,2994674.938,1.250000e-04,9.89,16427.64
3608,3.534281e-03,3.323213e+01,1.292843e-05,1.635671e-05,2997795.072,3.463442e-03,3.321621e+01,9.822863e-06,8.718492e-06,2995257.406,1.250000e-04,10.07,16437.71
3609,3.511689e-03,3.323523e+01,1.178580e-05,1.406157e-05,2997822.660,3.525650e-03,3.325242e+01,1.417764e-05,1.172632e-05,2999827.656,1.250000e-04,10.01,16447.72
3610,3.528940e-03,3.323556e+01,1.222627e-05,1.662436e-05,2998078.875,3.531913e-03,3.327923e+01,1.662226e-05,7.553429e-06,2995583.836,1.250000e-04,10.06,16457.78
3611,3.549525e-03,3.325110e+01,1.294783e-05,1.898742e-05,2997938.105,3.771918e-03,3.304162e+01,1.527303e-05,6.300517e-05,2978672.438,1.250000e-04,10.07,16467.84
3612,3.615599e-03,3.323666e+01,1.678051e-05,2.482556e-05,2997505.984,3.572584e-03,3.342286e+01,1.844762e-05,9.164515e-06,2999750.734,1.250000e-04,9.99,16477.83
3613,3.589657e-03,3.325096e+01,1.299999e-05,2.691224e-05,2997842.738,3.608626e-03,3.314873e+01,2.231327e-05,1.412402e-05,2993225.914,1.250000e-04,10.14,16487.97
3614,3.547794e-03,3.325258e+01,1.099106e-05,2.252506e-05,2997836.094,3.541640e-03,3.336675e+01,1.312308e-05,1.474681e-05,3001891.789,1.250000e-04,9.78,16497.75
3615,3.548708e-03,3.323609e+01,1.317518e-05,1.866946e-05,2997946.910,3.539435e-03,3.329818e+01,1.690884e-05,8.105807e-06,3001649.320,1.250000e-04,10.06,16507.81
3616,3.570528e-03,3.323785e+01,1.244735e-05,2.445381e-05,2997843.854,3.555873e-03,3.338780e+01,1.811830e-05,7.181909e-06,3002576.391,1.250000e-04,10.28,16518.09
3617,3.538226e-03,3.321944e+01,1.286314e-05,1.753003e-05,2997924.586,3.531610e-03,3.344040e+01,1.433956e-05,8.834879e-06,2998774.898,1.250000e-04,9.81,16527.90
3618,3.522764e-03,3.324221e+01,1.310575e-05,1.349718e-05,2997819.186,3.564936e-03,3.359153e+01,1.306710e-05,1.502245e-05,3008138.500,1.250000e-04,9.98,16537.89
3619,3.613777e-03,3.325152e+01,1.474592e-05,2.823326e-05,2997842.955,3.493926e-03,3.343619e+01,9.649395e-06,1.076273e-05,3000927.562,1.250000e-04,10.16,16548.04
3620,3.555122e-03,3.324291e+01,1.452116e-05,1.712386e-05,2997781.703,3.499366e-03,3.335563e+01,1.096270e-05,1.083528e-05,2997946.109,1.250000e-04,9.92,16557.97
3621,3.540908e-03,3.326208e+01,1.355827e-05,1.582338e-05,2998027.029,3.586628e-03,3.330849e+01,2.109426e-05,8.967373e-06,2996140.898,1.250000e-04,10.17,16568.14
3622,3.569587e-03,3.323778e+01,1.225137e-05,2.465916e-05,2997841.861,3.491808e-03,3.319359e+01,1.195621e-05,1.057743e-05,2999042.797,1.250000e-04,10.32,16578.46
3623,3.555277e-03,3.322520e+01,1.142266e-05,2.370604e-05,2997787.348,3.534288e-03,3.318504e+01,1.136385e-05,2.042912e-05,3000388.711,1.250000e-04,10.32,16588.78
3624,3.524700e-03,3.325818e+01,1.111167e-05,1.755316e-05,2997954.215,3.540194e-03,3.342255e+01,1.084704e-05,1.789364e-05,3007562.125,1.250000e-04,10.09,16598.87
3625,3.525479e-03,3.323222e+01,1.092196e-05,1.860757e-05,2997945.926,3.559261e-03,3.349264e+01,1.390792e-05,1.418364e-05,3006919.117,1.250000e-04,10.45,16609.33
3626,3.551098e-03,3.322201e+01,1.221840e-05,2.134250e-05,2997755.963,3.550658e-03,3.322546e+01,9.686954e-06,2.624858e-05,2989369.547,1.250000e-04,10.20,16619.53
3627,3.552502e-03,3.323820e+01,1.337330e-05,1.898977e-05,2997958.158,3.760759e-03,3.293954e+01,1.934330e-05,5.467438e-05,2980063.422,1.250000e-04,10.28,16629.81
3628,3.549640e-03,3.324033e+01,1.150303e-05,2.211521e-05,2997798.621,3.528517e-03,3.313998e+01,1.512373e-05,1.265649e-05,2995717.406,1.250000e-04,10.29,16640.10
3629,3.587103e-03,3.324166e+01,1.369047e-05,2.520655e-05,2997830.910,3.611173e-03,3.326035e+01,2.152877e-05,1.397012e-05,3000676.938,1.250000e-04,10.32,16650.42
3630,3.597504e-03,3.324326e+01,1.507296e-05,2.448964e-05,2997965.846,3.622792e-03,3.330660e+01,2.100499e-05,1.641638e-05,2994635.984,1.250000e-04,10.36,16660.78
3631,3.560954e-03,3.323029e+01,1.337724e-05,2.083059e-05,2997661.520,3.507108e-03,3.318775e+01,8.793090e-06,2.008040e-05,2991563.117,1.250000e-04,10.26,16671.04
3632,3.535130e-03,3.323028e+01,1.323360e-05,1.595323e-05,2997874.973,3.505984e-03,3.326415e+01,1.183492e-05,1.224411e-05,2997781.867,1.250000e-04,10.15,16681.19
3633,3.589815e-03,3.325037e+01,1.249033e-05,2.797508e-05,2998001.385,3.528790e-03,3.307522e+01,9.180557e-06,2.589261e-05,2989343.641,1.250000e-04,10.20,16691.39
3634,3.564436e-03,3.322820e+01,1.349182e-05,2.133968e-05,2997859.793,3.463856e-03,3.335705e+01,1.057326e-05,4.483660e-06,3000772.992,1.250000e-04,10.63,16702.02
3635,3.524101e-03,3.323382e+01,1.200400e-05,1.613571e-05,2997760.609,3.790685e-03,3.321897e+01,2.507087e-05,4.361594e-05,2996278.641,1.250000e-04,10.83,16712.85
3636,3.567209e-03,3.323985e+01,1.203556e-05,2.457367e-05,2997928.848,3.790464e-03,3.315438e+01,2.116468e-05,5.267577e-05,2991300.594,1.250000e-04,10.50,16723.35
3637,3.536100e-03,3.323335e+01,1.306068e-05,1.643182e-05,2997885.016,3.568563e-03,3.318105e+01,1.541606e-05,1.925961e-05,2997647.578,1.250000e-04,10.72,16734.06
3638,3.513849e-03,3.323439e+01,1.232491e-05,1.343224e-05,2997906.891,3.494134e-03,3.301695e+01,9.254524e-06,1.997869e-05,2991043.305,1.250000e-04,10.51,16744.58
3639,3.553572e-03,3.323595e+01,1.354007e-05,1.891533e-05,2997831.711,3.564381e-03,3.302151e+01,1.542865e-05,2.158873e-05,2989846.219,1.250000e-04,10.62,16755.19
3640,3.569017e-03,3.324131e+01,1.239971e-05,2.417776e-05,2997949.006,3.501824e-03,3.334156e+01,1.179619e-05,9.941205e-06,2998340.938,1.250000e-04,10.53,16765.73
3641,3.536963e-03,3.322661e+01,1.309505e-05,1.667029e-05,2997820.727,3.537960e-03,3.334565e+01,1.778077e-05,5.117504e-06,2998761.945,1.250000e-04,10.36,16776.09
3642,3.587573e-03,3.324889e+01,1.384728e-05,2.484222e-05,2997715.947,3.487561e-03,3.335394e+01,1.000399e-05,1.042549e-05,3001221.531,1.250000e-04,10.21,16786.30
3643,3.541740e-03,3.324736e+01,1.219202e-05,1.901692e-05,2998001.059,3.469853e-03,3.327181e+01,9.356828e-06,9.820762e-06,2999528.594,1.250000e-04,10.35,16796.65
3644,3.521806e-03,3.324588e+01,1.290970e-05,1.362412e-05,2998057.039,3.610562e-03,3.302271e+01,2.007396e-05,2.151027e-05,2988652.406,1.250000e-04,10.25,16806.90
3645,3.527369e-03,3.322623e+01,1.194654e-05,1.705605e-05,2997758.203,3.533771e-03,3.320676e+01,1.119261e-05,2.023372e-05,2989103.766,1.250000e-04,10.39,16817.29
3646,3.534005e-03,3.322476e+01,1.183120e-05,1.864327e-05,2997984.586,3.467939e-03,3.317127e+01,8.240858e-06,1.368066e-05,2992686.391,1.250000e-04,10.36,16827.65
3647,3.556939e-03,3.321402e+01,1.352041e-05,2.006648e-05,2997712.629,3.530791e-03,3.349012e+01,1.255426e-05,1.124714e-05,3006961.938,1.250000e-04,10.29,16837.94
3648,3.578491e-03,3.325504e+01,1.228781e-05,2.602163e-05,2998054.252,3.662335e-03,3.313329e+01,1.626449e-05,3.727222e-05,2984273.062,1.250000e-04,10.44,16848.38
3649,3.539716e-03,3.321579e+01,1.363500e-05,1.635746e-05,2997741.162,3.535475e-03,3.313888e+01,1.105054e-05,2.221627e-05,2991034.680,1.250000e-04,10.12,16858.50
3650,3.562682e-03,3.322772e+01,1.224750e-05,2.348692e-05,2997903.514,3.501202e-03,3.324902e+01,1.182225e-05,1.161561e-05,2993020.438,1.250000e-04,10.07,16868.56
3651,3.558751e-03,3.322654e+01,1.323231e-05,2.075479e-05,2997820.189,3.691844e-03,3.282244e+01,1.089291e-05,6.013425e-05,2980192.477,1.250000e-04,9.96,16878.53
3652,3.557171e-03,3.322778e+01,1.181305e-05,2.325249e-05,2997842.459,3.488721e-03,3.316787e+01,1.009977e-05,1.418736e-05,2997249.211,1.250000e-04,10.11,16888.63
3653,3.533189e-03,3.320992e+01,1.223767e-05,1.796409e-05,2997771.783,3.498080e-03,3.323400e+01,1.092195e-05,1.309211e-05,2995794.766,1.250000e-04,9.99,16898.62
3654,3.543009e-03,3.324040e+01,1.191656e-05,1.996070e-05,2997935.930,3.837927e-03,3.304420e+01,2.704717e-05,5.260712e-05,2981476.695,1.250000e-04,9.95,16908.57
3655,3.538831e-03,3.322194e+01,1.346689e-05,1.639367e-05,2997816.863,3.495129e-03,3.345602e+01,1.183252e-05,6.240485e-06,3002276.047,1.250000e-04,10.03,16918.60
3656,3.621774e-03,3.323752e+01,1.626568e-05,2.707303e-05,2997794.617,3.853985e-03,3.342146e+01,2.652035e-05,4.932708e-05,3012420.547,1.250000e-04,9.72,16928.32
3657,3.591526e-03,3.324337e+01,1.379005e-05,2.585754e-05,2998010.740,3.650119e-03,3.326641e+01,2.392980e-05,1.683598e-05,2998155.828,1.250000e-04,9.95,16938.27
3658,3.522103e-03,3.321793e+01,1.096759e-05,1.812685e-05,2997731.568,3.505212e-03,3.321134e+01,1.083879e-05,1.513802e-05,2994947.938,1.250000e-04,10.25,16948.52
3659,3.541098e-03,3.322205e+01,1.281297e-05,1.815274e-05,2997849.717,3.561941e-03,3.311356e+01,1.187572e-05,2.636556e-05,2985972.695,1.250000e-04,10.04,16958.57
3660,3.542504e-03,3.323939e+01,1.269106e-05,1.833082e-05,2997957.215,3.492245e-03,3.319673e+01,1.119752e-05,1.211954e-05,2994998.492,1.250000e-04,9.89,16968.46
3661,3.581295e-03,3.322584e+01,1.390350e-05,2.393516e-05,2997821.250,3.559735e-03,3.298880e+01,8.746038e-06,3.467910e-05,2983926.453,1.250000e-04,10.05,16978.52
3662,3.561755e-03,3.323690e+01,1.123058e-05,2.515193e-05,2997843.465,3.493149e-03,3.342157e+01,9.722308e-06,1.075373e-05,3005572.102,1.250000e-04,10.01,16988.53
3663,3.576997e-03,3.321447e+01,1.199823e-05,2.711345e-05,2997917.375,3.508732e-03,3.305543e+01,9.945669e-06,2.074640e-05,2988948.828,1.250000e-04,10.11,16998.63
3664,3.571532e-03,3.323116e+01,1.445711e-05,2.076892e-05,2997929.057,3.608502e-03,3.299057e+01,1.164843e-05,3.859201e-05,2984103.383,1.250000e-04,10.29,17008.93
3665,3.560129e-03,3.324882e+01,1.335942e-05,2.033064e-05,2997975.322,3.543260e-03,3.298491e+01,9.832631e-06,2.928855e-05,2987405.570,1.250000e-04,10.04,17018.97
3666,3.540182e-03,3.322580e+01,1.140098e-05,2.071842e-05,2997735.621,3.475742e-03,3.318366e+01,7.972352e-06,1.553043e-05,2996267.039,1.250000e-04,10.25,17029.22
3667,3.568716e-03,3.323034e+01,1.426800e-05,2.060035e-05,2997889.934,3.591208e-03,3.292146e+01,1.391240e-05,3.198771e-05,2986607.625,1.250000e-04,10.19,17039.40
3668,3.543674e-03,3.323356e+01,1.198626e-05,2.009120e-05,2997872.924,3.636369e-03,3.293981e+01,1.250184e-05,4.347400e-05,2983487.219,1.250000e-04,9.85,17049.25
3669,3.523220e-03,3.322269e+01,1.239268e-05,1.540469e-05,2997795.904,3.511184e-03,3.333792e+01,9.705747e-06,1.606678e-05,3003447.172,1.250000e-04,10.02,17059.27
3670,3.610666e-03,3.323135e+01,1.619729e-05,2.511146e-05,2998026.658,3.483421e-03,3.315199e+01,8.234242e-06,1.717596e-05,2990497.078,1.250000e-04,10.29,17069.56
3671,3.545370e-03,3.324137e+01,1.107794e-05,2.209069e-05,2997696.873,3.460048e-03,3.329576e+01,1.073429e-05,4.625797e-06,2998490.797,1.250000e-04,10.12,17079.68
3672,3.536987e-03,3.323327e+01,1.374061e-05,1.525075e-05,2997937.994,3.472704e-03,3.324444e+01,9.496368e-06,1.065926e-05,2993019.930,1.250000e-04,10.02,17089.70
3673,3.568475e-03,3.323219e+01,1.271429e-05,2.362264e-05,2997740.910,3.510447e-03,3.320491e+01,1.390893e-05,1.017344e-05,2997541.633,1.250000e-04,10.38,17100.08
3674,3.549283e-03,3.324897e+01,1.170724e-05,2.146288e-05,2998134.279,3.524823e-03,3.334973e+01,1.109520e-05,1.577964e-05,3003701.180,1.250000e-04,10.10,17110.18
3675,3.540325e-03,3.321442e+01,1.253632e-05,1.870399e-05,2997775.881,3.563401e-03,3.329132e+01,1.305932e-05,2.073524e-05,3000680.836,1.250000e-04,10.17,17120.35
3676,3.602820e-03,3.322930e+01,1.512378e-05,2.573044e-05,2997785.338,3.572275e-03,3.346622e+01,1.331022e-05,1.851023e-05,3003527.586,1.250000e-04,10.34,17130.69
3677,3.604461e-03,3.323015e+01,1.524844e-05,2.579235e-05,2997830.838,3.529765e-03,3.330216e+01,1.064973e-05,1.861033e-05,3000546.656,1.250000e-04,10.28,17140.98
3678,3.575529e-03,3.324170e+01,1.377219e-05,2.272740e-05,2997885.441,3.499520e-03,3.323396e+01,1.233049e-05,1.056372e-05,2995748.438,1.250000e-04,10.63,17151.60
3679,3.593979e-03,3.324409e+01,1.390620e-05,2.610164e-05,2998029.674,3.527785e-03,3.305383e+01,1.197970e-05,2.052111e-05,2990471.922,1.250000e-04,10.58,17162.19
3680,3.515338e-03,3.323226e+01,1.141198e-05,1.559846e-05,2997663.256,3.536886e-03,3.298398e+01,9.255452e-06,2.918670e-05,2988219.617,1.250000e-04,10.60,17172.79
3681,3.529622e-03,3.323220e+01,1.206643e-05,1.714754e-05,2997918.484,3.575502e-03,3.340701e+01,1.069454e-05,2.557121e-05,3009476.445,1.250000e-04,10.45,17183.24
3682,3.533981e-03,3.323525e+01,1.277674e-05,1.653773e-05,2997929.195,3.601473e-03,3.297397e+01,1.486109e-05,3.109303e-05,2987052.375,1.250000e-04,10.54,17193.78
3683,3.576202e-03,3.322510e+01,1.420476e-05,2.232882e-05,2997851.260,3.532193e-03,3.309725e+01,1.031436e-05,2.386491e-05,2997081.555,1.250000e-04,10.30,17204.08
3684,3.558546e-03,3.325085e+01,1.320017e-05,2.029200e-05,2997932.055,3.510133e-03,3.328071e+01,1.264890e-05,1.111468e-05,3002770.812,1.250000e-04,10.18,17214.26
3685,3.531902e-03,3.323426e+01,1.184412e-05,1.800703e-05,2997890.709,3.607801e-03,3.299068e+01,1.656183e-05,2.862297e-05,2985322.117,1.250000e-04,10.25,17224.51
3686,3.568308e-03,3.323195e+01,1.397980e-05,2.106291e-05,2997704.801,3.530355e-03,3.326429e+01,1.407997e-05,1.262522e-05,3001120.641,1.250000e-04,10.22,17234.73
3687,3.548244e-03,3.323681e+01,1.246646e-05,1.997963e-05,2998026.484,3.693702e-03,3.314657e+01,1.067299e-05,5.446302e-05,2990578.938,1.250000e-04,10.11,17244.84
3688,3.551440e-03,3.322531e+01,1.341276e-05,1.895620e-05,2997746.693,3.578922e-03,3.303831e+01,1.148199e-05,3.205417e-05,2995350.000,1.250000e-04,9.93,17254.77
3689,3.550342e-03,3.324109e+01,1.216634e-05,2.091411e-05,2998050.926,3.477230e-03,3.310805e+01,8.937659e-06,1.540964e-05,2993062.820,1.250000e-04,9.96,17264.73
3690,3.572499e-03,3.322417e+01,1.161283e-05,2.679084e-05,2997851.891,3.524872e-03,3.309425e+01,1.195122e-05,1.918694e-05,2989246.359,1.250000e-04,9.99,17274.72
3691,3.564371e-03,3.324158e+01,1.246519e-05,2.311241e-05,2997983.268,3.458765e-03,3.315401e+01,8.116315e-06,1.244013e-05,2996453.695,1.250000e-04,10.10,17284.82
3692,3.570623e-03,3.323179e+01,1.310120e-05,2.328636e-05,2997539.773,3.618674e-03,3.342925e+01,1.132072e-05,3.250838e-05,3010738.305,1.250000e-04,10.03,17294.85
3693,3.583211e-03,3.323585e+01,1.290453e-05,2.611628e-05,2998056.223,3.548103e-03,3.310338e+01,1.369149e-05,2.016984e-05,2988788.945,1.250000e-04,9.83,17304.68
3694,3.519647e-03,3.323303e+01,1.316426e-05,1.294024e-05,2997790.242,3.496189e-03,3.338213e+01,1.244264e-05,6.709848e-06,3001404.875,1.250000e-04,10.23,17314.91
3695,3.571356e-03,3.323364e+01,1.233226e-05,2.493382e-05,2997719.082,3.620048e-03,3.311096e+01,1.738203e-05,2.702629e-05,2987730.086,1.250000e-04,10.02,17324.93
3696,3.584692e-03,3.325140e+01,1.396150e-05,2.398736e-05,2997980.334,3.536417e-03,3.341290e+01,1.221609e-05,1.459316e-05,3005499.516,1.250000e-04,10.01,17334.95
3697,3.536631e-03,3.324507e+01,1.275655e-05,1.691174e-05,2997863.516,3.475226e-03,3.325403e+01,1.061912e-05,8.726323e-06,2997210.602,1.250000e-04,9.96,17344.91
3698,3.539916e-03,3.323035e+01,1.160774e-05,2.016073e-05,2997898.715,3.678795e-03,3.344300e+01,1.881520e-05,2.926848e-05,3008153.109,1.250000e-04,10.02,17354.93
3699,3.577655e-03,3.321648e+01,1.366632e-05,2.386880e-05,2997583.895,3.477806e-03,3.328654e+01,9.765127e-06,1.030029e-05,2994635.508,1.250000e-04,10.23,17365.16
3700,3.546958e-03,3.326183e+01,1.171877e-05,2.071754e-05,2998044.660,3.523461e-03,3.327030e+01,1.698320e-05,5.319770e-06,2998711.320,1.250000e-04,10.21,17375.37
3701,3.564411e-03,3.323047e+01,1.426842e-05,1.973597e-05,2997952.252,3.547451e-03,3.319115e+01,1.698105e-05,1.170520e-05,2998423.031,1.250000e-04,10.10,17385.47
3702,3.509206e-03,3.323365e+01,1.162888e-05,1.391052e-05,2997849.166,3.462655e-03,3.324413e+01,1.030154e-05,7.045354e-06,2998271.547,1.250000e-04,9.69,17395.16
3703,3.543096e-03,3.323263e+01,1.235143e-05,1.926367e-05,2997797.209,3.589237e-03,3.339479e+01,1.076813e-05,2.841537e-05,3008386.500,1.250000e-04,10.04,17405.20
3704,3.565311e-03,3.324156e+01,1.421159e-05,1.980781e-05,2997992.875,3.550782e-03,3.296247e+01,1.087771e-05,2.915148e-05,2988464.016,1.250000e-04,10.05,17415.25
3705,3.539214e-03,3.323601e+01,1.242993e-05,1.826288e-05,2997942.955,3.542910e-03,3.292713e+01,1.082487e-05,2.838963e-05,2990060.836,1.250000e-04,9.99,17425.23
3706,3.524641e-03,3.321800e+01,1.177580e-05,1.701651e-05,2997654.043,3.595257e-03,3.336279e+01,1.107588e-05,2.964380e-05,3010508.562,1.250000e-04,9.68,17434.92
3707,3.573723e-03,3.321772e+01,1.235272e-05,2.568490e-05,2997855.285,3.502426e-03,3.344032e+01,9.834063e-06,1.201086e-05,3006241.367,1.250000e-04,10.14,17445.06
3708,3.529330e-03,3.322949e+01,1.224114e-05,1.679386e-05,2997977.346,3.550499e-03,3.309440e+01,1.447294e-05,1.926593e-05,2988453.703,1.250000e-04,10.23,17455.29
3709,3.556376e-03,3.322436e+01,1.106000e-05,2.466815e-05,2997713.197,3.614842e-03,3.304458e+01,1.288229e-05,3.631226e-05,2985266.445,1.250000e-04,10.17,17465.46
3710,3.559895e-03,3.322766e+01,1.304735e-05,2.133114e-05,2997819.209,3.704144e-03,3.351454e+01,1.918703e-05,3.216383e-05,3012647.727,1.250000e-04,10.29,17475.75
3711,3.554617e-03,3.324183e+01,1.368672e-05,1.871339e-05,2997917.266,3.509212e-03,3.323416e+01,1.340338e-05,1.035249e-05,2998036.062,1.250000e-04,10.30,17486.06
3712,3.550967e-03,3.323963e+01,1.287125e-05,1.965835e-05,2997877.506,3.559764e-03,3.328379e+01,1.427333e-05,1.773033e-05,3000542.750,1.250000e-04,10.43,17496.48
3713,3.566713e-03,3.322333e+01,1.124196e-05,2.639217e-05,2997837.754,3.491556e-03,3.320889e+01,1.265586e-05,8.821595e-06,2994420.320,1.250000e-04,10.55,17507.03
3714,3.558032e-03,3.323155e+01,1.353595e-05,1.990345e-05,2997700.334,3.717186e-03,3.373505e+01,1.563185e-05,3.747257e-05,3010432.555,1.250000e-04,10.33,17517.36
3715,3.535734e-03,3.324582e+01,1.122002e-05,1.979040e-05,2997920.041,3.580470e-03,3.355359e+01,9.450573e-06,2.612096e-05,3010442.867,1.250000e-04,10.48,17527.84
3716,3.559165e-03,3.322558e+01,1.504472e-05,1.723198e-05,2997960.205,3.540859e-03,3.331327e+01,1.573394e-05,1.043862e-05,2997446.211,1.250000e-04,10.32,17538.16
3717,3.546670e-03,3.322748e+01,1.322706e-05,1.833029e-05,2997930.385,3.494188e-03,3.324854e+01,1.094254e-05,1.198170e-05,2994406.109,1.250000e-04,10.45,17548.61
3718,3.547523e-03,3.322206e+01,1.335642e-05,1.835047e-05,2997796.762,3.634065e-03,3.324188e+01,1.752249e-05,2.693035e-05,2989193.906,1.250000e-04,10.41,17559.02
3719,3.616189e-03,3.323761e+01,1.485325e-05,2.877907e-05,2997623.102,3.537874e-03,3.350556e+01,1.103135e-05,1.540082e-05,3009481.477,1.250000e-04,10.37,17569.38
3720,3.566168e-03,3.322277e+01,1.561120e-05,1.755573e-05,2998026.098,3.503527e-03,3.337258e+01,9.444103e-06,1.436555e-05,2998509.148,1.250000e-04,10.15,17579.53
3721,3.514565e-03,3.322788e+01,1.104751e-05,1.626034e-05,2997956.162,3.568892e-03,3.311501e+01,1.217414e-05,2.713002e-05,2997593.508,1.250000e-04,10.04,17589.57
3722,3.522594e-03,3.322157e+01,1.117242e-05,1.774262e-05,2997808.223,3.511766e-03,3.310356e+01,1.185121e-05,1.657972e-05,2997306.711,1.250000e-04,10.36,17599.93
3723,3.539851e-03,3.322884e+01,1.218954e-05,1.901444e-05,2997984.025,3.618477e-03,3.315312e+01,1.637168e-05,2.788967e-05,2998630.453,1.250000e-04,10.35,17610.28
3724,3.561344e-03,3.321792e+01,1.210291e-05,2.370472e-05,2997826.814,3.523562e-03,3.304257e+01,9.806624e-06,2.424775e-05,2987678.312,1.250000e-04,10.46,17620.73
3725,3.547554e-03,3.322121e+01,1.230604e-05,2.047454e-05,2997872.504,3.663918e-03,3.295133e+01,2.148058e-05,3.079575e-05,2986041.328,1.250000e-04,10.52,17631.25
3726,3.544981e-03,3.321057e+01,1.276982e-05,1.924524e-05,2997863.891,3.477326e-03,3.332079e+01,9.291602e-06,1.046624e-05,2999858.750,1.250000e-04,10.19,17641.44
3727,3.524279e-03,3.321281e+01,1.220627e-05,1.618714e-05,2997828.152,3.546738e-03,3.312816e+01,1.193757e-05,2.290919e-05,2989196.695,1.250000e-04,10.19,17651.63
3728,3.588107e-03,3.324522e+01,1.427601e-05,2.416506e-05,2998087.234,3.903293e-03,3.256269e+01,8.875717e-06,1.116534e-04,2970014.758,1.250000e-04,10.10,17661.72
3729,3.543445e-03,3.321523e+01,1.213405e-05,2.011649e-05,2997576.680,3.512645e-03,3.326623e+01,9.237695e-06,1.872886e-05,2996821.539,1.250000e-04,10.05,17671.78
3730,3.517821e-03,3.322411e+01,1.245538e-05,1.417115e-05,2997753.926,3.812013e-03,3.358770e+01,1.290362e-05,6.484133e-05,3015525.008,1.250000e-04,10.11,17681.89
3731,3.587021e-03,3.324685e+01,1.215836e-05,2.815059e-05,2997896.984,3.526083e-03,3.325035e+01,1.354662e-05,1.311620e-05,3001538.336,1.250000e-04,10.02,17691.91
3732,3.570561e-03,3.321613e+01,1.198534e-05,2.581898e-05,2997823.574,3.508493e-03,3.343766e+01,1.293542e-05,7.074677e-06,3003721.898,1.250000e-04,9.89,17701.80
3733,3.556576e-03,3.323907e+01,1.241995e-05,2.169394e-05,2998101.783,3.927919e-03,3.277328e+01,1.454700e-05,1.010243e-04,2972952.914,1.250000e-04,9.91,17711.71
3734,3.601653e-03,3.323426e+01,1.437755e-05,2.689045e-05,2997758.863,3.650254e-03,3.336574e+01,2.438172e-05,1.397255e-05,3003989.180,1.250000e-04,9.84,17721.55
3735,3.569757e-03,3.323144e+01,1.306096e-05,2.320069e-05,2997909.186,3.485530e-03,3.340290e+01,9.405379e-06,1.023732e-05,3002874.781,1.250000e-04,9.86,17731.42
3736,3.523356e-03,3.323016e+01,1.115232e-05,1.776340e-05,2997737.898,3.722978e-03,3.351769e+01,1.024687e-05,5.374817e-05,3016316.750,1.250000e-04,10.14,17741.55
3737,3.566155e-03,3.323846e+01,1.315844e-05,2.214491e-05,2997974.578,3.586479e-03,3.301910e+01,1.233876e-05,3.223623e-05,2988858.500,1.250000e-04,9.85,17751.41
3738,3.545288e-03,3.322574e+01,1.310878e-05,1.832520e-05,2997912.137,3.504559e-03,3.319814e+01,1.228835e-05,1.237243e-05,2990954.375,1.250000e-04,9.94,17761.35
3739,3.565739e-03,3.323782e+01,1.306728e-05,2.225686e-05,2997712.924,3.510826e-03,3.340322e+01,1.106909e-05,1.196262e-05,3005077.977,1.250000e-04,10.07,17771.42
3740,3.535183e-03,3.322842e+01,1.287641e-05,1.671550e-05,2997854.734,3.471475e-03,3.331959e+01,1.000264e-05,7.898056e-06,3001814.656,1.250000e-04,10.06,17781.47
3741,3.548614e-03,3.322127e+01,1.291825e-05,1.946103e-05,2997647.584,3.924101e-03,3.368597e+01,1.314888e-05,8.480301e-05,3020570.930,1.250000e-04,9.96,17791.43
3742,3.573872e-03,3.322648e+01,1.258380e-05,2.507723e-05,2998069.340,3.574521e-03,3.331549e+01,1.613481e-05,1.632486e-05,3003058.875,1.250000e-04,9.96,17801.40
3743,3.556033e-03,3.323343e+01,1.300337e-05,2.053131e-05,2998039.002,3.759865e-03,3.279269e+01,1.436877e-05,6.738174e-05,2978845.750,1.250000e-04,10.02,17811.42
3744,3.545260e-03,3.322958e+01,1.406788e-05,1.632460e-05,2997735.803,3.483024e-03,3.317071e+01,9.774713e-06,1.364110e-05,2996933.031,1.250000e-04,10.01,17821.43
3745,3.538098e-03,3.321840e+01,1.186560e-05,1.952059e-05,2997792.559,3.572287e-03,3.353204e+01,1.461295e-05,1.459066e-05,3008663.938,1.250000e-04,10.15,17831.58
3746,3.597758e-03,3.324487e+01,1.273199e-05,2.919042e-05,2997958.482,3.566804e-03,3.316321e+01,1.415172e-05,2.179310e-05,2992935.375,1.250000e-04,10.21,17841.78
3747,3.574732e-03,3.323283e+01,1.181831e-05,2.665323e-05,2997800.887,3.610126e-03,3.339066e+01,1.998809e-05,1.423577e-05,3001059.500,1.250000e-04,10.11,17851.89
3748,3.554254e-03,3.325841e+01,1.380780e-05,1.806694e-05,2997946.490,3.670874e-03,3.321456e+01,1.552851e-05,3.882651e-05,3007592.258,1.250000e-04,10.48,17862.38
3749,3.581672e-03,3.322201e+01,1.404071e-05,2.381280e-05,2998012.289,3.492032e-03,3.320191e+01,1.211041e-05,1.014751e-05,2998392.789,1.250000e-04,10.39,17872.76
3750,3.557035e-03,3.323529e+01,1.514652e-05,1.640804e-05,2997808.578,3.452535e-03,3.324916e+01,9.558254e-06,6.407267e-06,2996615.680,1.250000e-04,10.15,17882.92
3751,3.562969e-03,3.323582e+01,1.480356e-05,1.827033e-05,2997866.566,3.556905e-03,3.308560e+01,1.653105e-05,1.660683e-05,2994547.984,1.250000e-04,10.36,17893.27
3752,3.522902e-03,3.322482e+01,1.231213e-05,1.545971e-05,2997929.828,3.762107e-03,3.285563e+01,2.088081e-05,5.354708e-05,2980426.617,1.250000e-04,10.19,17903.46
3753,3.552439e-03,3.322458e+01,1.266588e-05,2.066448e-05,2997809.506,3.535456e-03,3.317099e+01,1.331790e-05,1.703574e-05,2990115.648,1.250000e-04,10.47,17913.93
3754,3.536687e-03,3.321582e+01,1.288167e-05,1.725767e-05,2997786.934,3.599360e-03,3.350643e+01,1.531930e-05,1.910479e-05,3010527.156,1.250000e-04,10.27,17924.20
3755,3.544953e-03,3.323289e+01,1.322697e-05,1.787875e-05,2997888.852,3.470937e-03,3.319247e+01,1.011936e-05,1.009931e-05,2995337.906,1.250000e-04,10.62,17934.83
3756,3.536114e-03,3.324631e+01,1.220729e-05,1.788212e-05,2998004.701,3.595953e-03,3.323341e+01,2.327643e-05,7.969431e-06,2997293.023,1.250000e-04,10.62,17945.44
3757,3.539467e-03,3.322322e+01,1.131749e-05,2.079395e-05,2998062.553,3.896585e-03,3.295864e+01,2.864248e-05,6.285939e-05,2978968.664,1.250000e-04,10.83,17956.28
3758,3.581382e-03,3.321341e+01,1.510007e-05,2.180806e-05,2997589.205,3.491782e-03,3.321739e+01,1.099984e-05,1.200898e-05,2998120.344,1.250000e-04,10.65,17966.93
3759,3.534885e-03,3.323420e+01,1.259491e-05,1.710330e-05,2997971.100,3.646231e-03,3.293717e+01,1.368152e-05,4.313967e-05,2984663.609,1.250000e-04,10.75,17977.68
3760,3.568412e-03,3.322469e+01,1.263729e-05,2.391408e-05,2997704.402,3.501414e-03,3.338531e+01,9.669893e-06,1.323686e-05,3005672.391,1.250000e-04,10.58,17988.26
3761,3.526306e-03,3.322496e+01,1.083822e-05,1.908565e-05,2997920.373,3.619388e-03,3.293610e+01,1.854647e-05,2.806260e-05,2988067.781,1.250000e-04,10.72,17998.99
3762,3.537153e-03,3.322264e+01,1.256602e-05,1.784588e-05,2997847.188,3.469157e-03,3.311862e+01,8.559594e-06,1.433994e-05,2990469.523,1.250000e-04,10.45,18009.44
3763,3.572534e-03,3.324597e+01,1.174038e-05,2.610649e-05,2997889.576,3.475224e-03,3.329362e+01,9.009781e-06,1.115292e-05,3000644.031,1.250000e-04,10.39,18019.82
3764,3.537880e-03,3.321775e+01,1.111620e-05,2.098861e-05,2998096.588,3.598346e-03,3.329586e+01,1.192561e-05,2.990072e-05,2993918.031,1.250000e-04,10.25,18030.08
3765,3.608592e-03,3.323551e+01,1.197780e-05,3.305262e-05,2997620.158,3.533271e-03,3.319591e+01,1.179404e-05,1.914784e-05,2996862.023,1.250000e-04,10.32,18040.40
3766,3.565279e-03,3.325318e+01,1.248053e-05,2.303114e-05,2998082.631,3.584866e-03,3.326377e+01,9.901613e-06,3.189464e-05,3006596.648,1.250000e-04,10.57,18050.97
3767,3.549779e-03,3.321438e+01,1.413859e-05,1.739092e-05,2997702.590,3.535438e-03,3.343300e+01,1.438876e-05,9.650112e-06,3004149.773,1.250000e-04,10.40,18061.37
3768,3.524468e-03,3.322346e+01,1.331538e-05,1.379359e-05,2997851.295,3.511894e-03,3.336008e+01,9.877099e-06,1.542314e-05,3005787.375,1.250000e-04,10.30,18071.67
3769,3.592092e-03,3.322279e+01,1.346304e-05,2.703661e-05,2998015.486,3.488051e-03,3.330996e+01,1.178199e-05,7.846995e-06,2998422.312,1.250000e-04,10.26,18081.92
3770,3.547600e-03,3.322328e+01,1.327958e-05,1.849530e-05,2997739.436,3.559951e-03,3.325889e+01,1.267573e-05,2.146099e-05,3000310.430,1.250000e-04,10.44,18092.36
3771,3.596202e-03,3.322578e+01,1.316984e-05,2.838522e-05,2997823.742,3.548581e-03,3.345332e+01,1.173073e-05,1.718832e-05,3006880.500,1.250000e-04,10.15,18102.51
3772,3.544368e-03,3.323813e+01,1.302515e-05,1.806063e-05,2997909.084,3.714364e-03,3.287381e+01,1.918835e-05,4.701992e-05,2983845.281,1.250000e-04,10.10,18112.61
3773,3.571159e-03,3.324081e+01,1.343235e-05,2.255086e-05,2997923.842,3.531410e-03,3.323667e+01,1.192414e-05,1.770028e-05,3000345.078,1.250000e-04,10.02,18122.64
3774,3.543004e-03,3.323440e+01,1.370443e-05,1.650392e-05,2997804.439,3.579658e-03,3.331584e+01,2.208588e-05,5.443003e-06,2999579.312,1.250000e-04,10.04,18132.68
3775,3.531989e-03,3.323467e+01,1.281866e-05,1.606701e-05,2997985.432,3.625216e-03,3.298255e+01,2.032027e-05,2.475165e-05,2987827.758,1.250000e-04,10.09,18142.77
3776,3.554948e-03,3.321110e+01,1.332187e-05,2.012387e-05,2997800.367,3.460529e-03,3.327092e+01,9.399762e-06,7.887934e-06,2999363.336,1.250000e-04,9.88,18152.65
3777,3.570831e-03,3.323754e+01,1.367658e-05,2.206218e-05,2997868.145,3.525469e-03,3.303513e+01,1.199633e-05,2.039865e-05,2990893.367,1.250000e-04,9.97,18162.63
3778,3.548462e-03,3.322681e+01,1.291642e-05,1.932340e-05,2997733.449,3.507779e-03,3.344785e+01,1.034670e-05,1.190553e-05,3005224.188,1.250000e-04,10.15,18172.78
3779,3.565444e-03,3.324129e+01,1.462202e-05,1.901897e-05,2997974.879,3.510778e-03,3.321908e+01,1.429093e-05,9.191994e-06,2998361.703,1.250000e-04,9.94,18182.72
3780,3.546398e-03,3.322895e+01,1.321474e-05,1.827122e-05,2997871.150,3.634340e-03,3.313200e+01,1.967029e-05,2.488749e-05,2992759.625,1.250000e-04,9.95,18192.67
3781,3.550182e-03,3.322066e+01,1.421656e-05,1.719004e-05,2997840.520,3.508571e-03,3.330439e+01,1.488013e-05,5.866138e-06,2996221.781,1.250000e-04,9.71,18202.38
3782,3.557480e-03,3.321528e+01,1.356060e-05,2.006931e-05,2997753.906,3.518162e-03,3.333221e+01,1.332719e-05,1.033387e-05,3003002.961,1.250000e-04,10.14,18212.53
3783,3.572360e-03,3.324832e+01,1.353043e-05,2.244472e-05,2997881.061,3.571012e-03,3.324300e+01,1.743690e-05,1.446867e-05,2996832.953,1.250000e-04,9.86,18222.39
3784,3.508954e-03,3.323223e+01,1.275402e-05,1.163814e-05,2997941.055,3.535721e-03,3.326866e+01,1.182109e-05,1.812897e-05,3003977.102,1.250000e-04,9.86,18232.25
3785,3.546183e-03,3.321632e+01,1.264251e-05,1.962535e-05,2997946.857,3.490352e-03,3.315150e+01,9.368138e-06,1.630415e-05,2990842.125,1.250000e-04,10.19,18242.44
3786,3.523848e-03,3.321930e+01,1.178331e-05,1.681708e-05,2997694.496,3.576102e-03,3.342686e+01,9.791429e-06,2.710036e-05,3003536.117,1.250000e-04,10.25,18252.68
3787,3.558953e-03,3.323493e+01,1.306243e-05,2.096733e-05,2997868.826,3.586938e-03,3.322128e+01,1.235209e-05,2.825777e-05,2995445.664,1.250000e-04,9.72,18262.40
3788,3.545769e-03,3.322187e+01,1.257296e-05,1.957041e-05,2997931.514,3.548360e-03,3.344121e+01,8.615456e-06,2.361691e-05,3009369.312,1.250000e-04,10.17,18272.57
3789,3.580350e-03,3.321946e+01,1.309315e-05,2.549439e-05,2997770.480,3.692701e-03,3.328076e+01,2.733026e-05,1.826450e-05,2999063.859,1.250000e-04,10.44,18283.01
3790,3.529930e-03,3.321721e+01,1.197447e-05,1.769295e-05,2998184.232,3.529039e-03,3.327645e+01,1.374691e-05,1.278498e-05,2998201.203,1.250000e-04,10.22,18293.23
3791,3.572949e-03,3.322624e+01,1.147064e-05,2.712378e-05,2997721.111,3.745377e-03,3.347552e+01,1.141285e-05,5.673931e-05,3016969.039,1.250000e-04,10.28,18303.52
3792,3.526415e-03,3.321744e+01,1.199861e-05,1.693699e-05,2997904.051,3.433663e-03,3.334166e+01,7.864336e-06,4.170826e-06,3000040.203,1.250000e-04,10.19,18313.70
3793,3.530329e-03,3.322713e+01,1.149414e-05,1.853484e-05,2997943.039,3.594720e-03,3.299097e+01,1.530224e-05,2.852016e-05,2994172.148,1.250000e-04,10.17,18323.88
3794,3.531744e-03,3.322853e+01,1.138548e-05,1.900739e-05,2997856.750,3.503525e-03,3.324583e+01,8.872767e-06,1.804295e-05,2999617.984,1.250000e-04,10.71,18334.59
3795,3.521679e-03,3.321455e+01,1.175086e-05,1.654294e-05,2997881.129,3.507195e-03,3.301791e+01,9.507939e-06,2.206481e-05,2992549.289,1.250000e-04,10.59,18345.18
3796,3.594251e-03,3.321771e+01,1.405246e-05,2.639108e-05,2997772.451,3.458960e-03,3.316203e+01,9.637050e-06,9.277324e-06,2993585.727,1.250000e-04,10.72,18355.90
3797,3.516412e-03,3.322481e+01,1.240349e-05,1.397933e-05,2998039.066,3.568379e-03,3.337635e+01,1.226211e-05,2.162445e-05,3004579.250,1.250000e-04,10.53,18366.43
3798,3.577024e-03,3.321667e+01,1.366041e-05,2.375056e-05,2997598.848,3.750539e-03,3.371054e+01,1.553772e-05,4.482153e-05,3017370.617,1.250000e-04,10.44,18376.87
3799,3.534570e-03,3.322885e+01,1.121590e-05,1.990526e-05,2997969.262,3.656247e-03,3.331477e+01,1.475280e-05,3.544837e-05,3005763.242,1.250000e-04,10.28,18387.15
3800,3.586858e-03,3.319979e+01,1.271920e-05,2.793741e-05,2997917.732,3.576195e-03,3.320862e+01,1.118536e-05,2.869589e-05,2988389.461,1.250000e-04,10.46,18397.60
3801,3.546605e-03,3.323053e+01,1.162087e-05,2.146855e-05,2997709.932,3.685030e-03,3.348922e+01,1.781721e-05,3.158730e-05,3011716.281,1.250000e-04,10.34,18407.95
3802,3.535856e-03,3.322190e+01,1.227453e-05,1.818416e-05,2997946.430,3.470745e-03,3.315812e+01,8.345855e-06,1.429491e-05,2994279.734,1.250000e-04,10.32,18418.27
3803,3.512889e-03,3.320656e+01,1.030110e-05,1.784444e-05,2997827.781,3.669198e-03,3.302687e+01,9.638516e-06,5.402530e-05,2981101.000,1.250000e-04,10.47,18428.74
3804,3.577017e-03,3.322755e+01,1.238684e-05,2.607864e-05,2997993.342,3.619217e-03,3.296250e+01,1.116652e-05,4.226041e-05,2989764.102,1.250000e-04,10.03,18438.77
3805,3.574337e-03,3.321694e+01,1.348388e-05,2.356086e-05,2997760.062,3.475754e-03,3.324980e+01,1.042157e-05,9.311842e-06,2995797.039,1.250000e-04,10.18,18448.96
3806,3.542099e-03,3.321872e+01,1.130473e-05,2.143585e-05,2997884.516,3.510042e-03,3.327397e+01,1.155028e-05,1.342849e-05,3001444.281,1.250000e-04,10.03,18458.99
3807,3.494222e-03,3.321254e+01,1.041865e-05,1.375634e-05,2997901.396,3.531669e-03,3.332461e+01,9.847734e-06,2.014610e-05,3006406.656,1.250000e-04,10.02,18469.00
3808,3.563929e-03,3.319007e+01,1.207602e-05,2.483237e-05,2997602.635,3.689750e-03,3.355810e+01,2.066506e-05,2.545786e-05,3008197.383,1.250000e-04,9.87,18478.88
3809,3.567169e-03,3.324414e+01,1.144629e-05,2.565841e-05,2998136.795,3.509899e-03,3.319608e+01,1.100435e-05,1.604963e-05,2995300.570,1.250000e-04,9.91,18488.79
3810,3.554933e-03,3.322114e+01,1.176639e-05,2.303105e-05,2997968.521,3.518666e-03,3.323972e+01,1.215668e-05,1.462547e-05,2998749.711,1.250000e-04,10.30,18499.09
3811,3.547911e-03,3.322809e+01,1.290786e-05,1.920472e-05,2997951.051,3.487873e-03,3.315420e+01,9.907219e-06,1.467605e-05,2992328.406,1.250000e-04,10.01,18509.11
3812,3.602597e-03,3.321281e+01,1.318770e-05,2.988780e-05,2997905.719,3.520410e-03,3.329372e+01,1.176439e-05,1.467878e-05,2999254.344,1.250000e-04,10.06,18519.17
3813,3.589302e-03,3.324660e+01,1.628869e-05,2.035106e-05,2997699.406,3.673999e-03,3.356521e+01,1.659206e-05,3.031149e-05,3012333.539,1.250000e-04,10.11,18529.28
3814,3.548538e-03,3.322546e+01,1.244894e-05,2.030060e-05,2998056.307,3.598622e-03,3.318384e+01,2.101895e-05,1.400965e-05,2998888.922,1.250000e-04,10.08,18539.37
3815,3.533388e-03,3.321162e+01,1.204456e-05,1.835605e-05,2997754.977,3.677818e-03,3.339448e+01,1.164336e-05,4.438732e-05,3011835.602,1.250000e-04,10.02,18549.38
3816,3.526887e-03,3.321236e+01,1.170193e-05,1.772641e-05,2997816.092,3.451052e-03,3.318473e+01,8.625667e-06,9.264465e-06,2998257.430,1.250000e-04,10.19,18559.58
3817,3.534502e-03,3.322582e+01,1.241362e-05,1.755673e-05,2997833.885,3.599540e-03,3.355564e+01,1.156127e-05,2.567279e-05,3011867.641,1.250000e-04,9.94,18569.51
3818,3.511860e-03,3.322159e+01,1.088029e-05,1.617955e-05,2997996.492,3.448202e-03,3.326170e+01,9.810894e-06,4.784604e-06,2998390.336,1.250000e-04,10.14,18579.65
3819,3.542132e-03,3.321363e+01,1.184011e-05,2.047367e-05,2997929.354,3.490259e-03,3.305380e+01,1.069322e-05,1.558936e-05,2992644.180,1.250000e-04,10.12,18589.77
3820,3.536832e-03,3.321762e+01,1.203124e-05,1.895163e-05,2997925.682,3.485644e-03,3.333773e+01,1.054772e-05,9.278768e-06,2999313.141,1.250000e-04,9.91,18599.68
3821,3.573314e-03,3.320626e+01,1.243939e-05,2.565883e-05,2997844.654,3.479201e-03,3.335154e+01,9.282404e-06,1.024461e-05,3001846.867,1.250000e-04,10.15,18609.83
3822,3.522700e-03,3.323264e+01,1.264517e-05,1.459694e-05,2997826.152,3.510696e-03,3.321800e+01,1.329076e-05,1.119762e-05,2996765.336,1.250000e-04,10.22,18620.05
3823,3.553634e-03,3.320769e+01,1.383620e-05,1.890067e-05,2997934.018,3.601222e-03,3.333116e+01,1.926747e-05,1.508627e-05,3005004.523,1.250000e-04,10.15,18630.20
3824,3.542114e-03,3.321282e+01,1.180886e-05,2.054879e-05,2997950.908,3.533390e-03,3.338945e+01,1.288321e-05,1.312242e-05,3002630.516,1.250000e-04,9.97,18640.17
3825,3.537576e-03,3.321635e+01,1.140449e-05,2.037920e-05,2997839.959,3.588289e-03,3.291774e+01,1.170056e-05,3.590193e-05,2986381.008,1.250000e-04,9.82,18649.99
3826,3.536847e-03,3.321352e+01,1.283862e-05,1.742182e-05,2997829.275,3.491936e-03,3.335820e+01,1.220147e-05,6.820258e-06,3002324.711,1.250000e-04,10.18,18660.17
3827,3.589847e-03,3.321640e+01,1.371556e-05,2.621035e-05,2997800.584,3.527474e-03,3.325867e+01,1.686528e-05,6.590920e-06,2997478.422,1.250000e-04,9.88,18670.05
3828,3.526143e-03,3.321375e+01,1.220247e-05,1.654872e-05,2997901.338,3.540570e-03,3.320952e+01,1.722486e-05,9.473806e-06,2997237.320,1.250000e-04,10.16,18680.21
3829,3.509164e-03,3.321584e+01,1.106077e-05,1.539459e-05,2997899.072,3.565523e-03,3.319993e+01,1.646617e-05,1.617365e-05,2994396.969,1.250000e-04,10.17,18690.38
3830,3.558219e-03,3.321683e+01,1.336551e-05,2.057618e-05,2997875.387,3.586411e-03,3.288276e+01,1.087177e-05,3.788338e-05,2983759.094,1.250000e-04,10.13,18700.52
3831,3.566889e-03,3.323017e+01,1.222698e-05,2.432054e-05,2997698.137,3.619665e-03,3.346419e+01,8.018361e-06,3.861242e-05,3012665.539,1.250000e-04,10.46,18710.97
3832,3.514152e-03,3.320435e+01,1.159451e-05,1.555432e-05,2997957.682,3.702835e-03,3.359717e+01,1.456181e-05,3.950014e-05,3015646.266,1.250000e-04,10.22,18721.20
3833,3.567497e-03,3.320826e+01,1.311794e-05,2.309840e-05,2997880.299,3.473128e-03,3.332502e+01,1.086837e-05,6.388596e-06,2999914.906,1.250000e-04,10.32,18731.52
3834,3.542063e-03,3.321157e+01,1.374057e-05,1.670002e-05,2997807.504,3.618899e-03,3.333565e+01,1.809349e-05,2.087969e-05,3005150.062,1.250000e-04,10.25,18741.77
3835,3.547239e-03,3.320853e+01,1.282230e-05,1.963256e-05,2998175.730,3.535310e-03,3.320273e+01,1.451564e-05,1.397610e-05,2991027.383,1.250000e-04,10.67,18752.44
3836,3.568577e-03,3.320554e+01,1.262705e-05,2.435038e-05,2997599.061,3.522721e-03,3.313580e+01,1.309754e-05,1.563322e-05,2993255.578,1.250000e-04,10.47,18762.91
3837,3.568540e-03,3.321708e+01,1.396090e-05,2.144465e-05,2997906.840,3.545804e-03,3.323415e+01,1.318955e-05,1.809874e-05,3000938.281,1.250000e-04,10.70,18773.61
3838,3.541598e-03,3.321078e+01,1.301951e-05,1.806516e-05,2997919.123,3.477472e-03,3.320845e+01,9.690399e-06,1.194447e-05,2998080.516,1.250000e-04,10.40,18784.01
3839,3.520991e-03,3.320736e+01,1.109447e-05,1.786209e-05,2997889.904,3.479097e-03,3.317573e+01,9.508866e-06,1.328721e-05,3001010.648,1.250000e-04,10.55,18794.56
3840,3.544659e-03,3.320668e+01,1.332352e-05,1.815124e-05,2997838.469,3.542386e-03,3.329017e+01,1.783234e-05,7.009084e-06,2998792.172,1.250000e-04,10.89,18805.45
3841,3.594498e-03,3.322066e+01,1.315997e-05,2.816642e-05,2997981.410,3.621905e-03,3.312962e+01,1.852352e-05,2.474162e-05,2988473.945,1.250000e-04,10.38,18815.84
3842,3.558161e-03,3.319835e+01,1.333519e-05,2.099485e-05,2997758.912,3.490549e-03,3.326130e+01,1.059450e-05,1.169495e-05,2998967.297,1.250000e-04,10.64,18826.48
3843,3.563814e-03,3.321286e+01,1.470376e-05,1.909803e-05,2997761.602,3.495527e-03,3.337153e+01,1.137578e-05,8.923296e-06,3002115.469,1.250000e-04,10.60,18837.07
3844,3.619724e-03,3.321936e+01,1.210924e-05,3.533900e-05,2998078.572,3.743194e-03,3.300468e+01,1.545719e-05,5.763093e-05,2982629.562,1.250000e-04,10.80,18847.88
3845,3.548267e-03,3.320773e+01,1.168875e-05,2.212126e-05,2997657.320,3.860425e-03,3.390576e+01,1.104213e-05,7.188551e-05,3018936.734,1.250000e-04,10.65,18858.53
3846,3.613808e-03,3.321640e+01,1.230700e-05,3.381954e-05,2997860.664,3.628003e-03,3.368196e+01,1.049238e-05,3.097662e-05,3009978.695,1.250000e-04,10.64,18869.17
3847,3.546212e-03,3.322689e+01,1.174735e-05,2.120987e-05,2997977.545,3.521989e-03,3.326858e+01,9.393410e-06,2.023931e-05,3004515.750,1.250000e-04,10.73,18879.90
3848,3.592737e-03,3.320964e+01,1.235576e-05,2.964318e-05,2997925.617,3.480976e-03,3.330523e+01,1.107486e-05,7.940893e-06,2997996.594,1.250000e-04,10.41,18890.31
3849,3.559773e-03,3.320808e+01,1.170130e-05,2.439043e-05,2997759.482,3.724336e-03,3.336232e+01,2.316723e-05,3.128638e-05,2996390.430,1.250000e-04,10.24,18900.54
3850,3.544938e-03,3.322396e+01,1.273874e-05,1.903080e-05,2997834.035,3.492466e-03,3.327083e+01,1.245182e-05,8.172900e-06,2997937.969,1.250000e-04,10.22,18910.76
3851,3.563785e-03,3.322824e+01,1.356969e-05,2.105295e-05,2997934.980,3.560004e-03,3.294711e+01,1.246986e-05,2.811898e-05,2987690.289,1.250000e-04,10.29,18921.06
3852,3.549966e-03,3.321562e+01,1.293676e-05,1.980725e-05,2997960.963,3.644318e-03,3.349833e+01,2.023502e-05,1.842699e-05,3006230.312,1.250000e-04,10.47,18931.53
3853,3.581528e-03,3.323580e+01,1.238172e-05,2.682622e-05,2997615.568,3.519077e-03,3.319310e+01,1.285752e-05,1.423838e-05,3001131.000,1.250000e-04,10.56,18942.08
3854,3.560940e-03,3.321468e+01,1.176218e-05,2.437014e-05,2997902.096,3.593468e-03,3.332772e+01,2.152333e-05,9.092485e-06,3000017.180,1.250000e-04,10.20,18952.28
3855,3.531118e-03,3.320889e+01,1.208050e-05,1.788495e-05,2997955.533,3.490044e-03,3.344875e+01,1.048408e-05,8.065545e-06,3001872.750,1.250000e-04,10.03,18962.31
3856,3.573575e-03,3.323251e+01,1.244226e-05,2.518035e-05,2997803.346,3.488514e-03,3.328157e+01,9.159957e-06,1.375135e-05,3002389.148,1.250000e-04,9.97,18972.28
3857,3.542075e-03,3.321757e+01,1.294184e-05,1.818004e-05,2997874.611,3.662175e-03,3.297370e+01,1.040735e-05,5.214634e-05,2980396.742,1.250000e-04,10.29,18982.57
3858,3.525686e-03,3.324343e+01,1.129782e-05,1.767296e-05,2997952.971,3.634568e-03,3.344413e+01,1.202951e-05,3.397202e-05,3012154.188,1.250000e-04,9.93,18992.49
3859,3.579119e-03,3.321088e+01,1.255065e-05,2.650496e-05,2997834.695,3.507442e-03,3.314720e+01,1.073673e-05,1.707099e-05,2989127.266,1.250000e-04,9.99,19002.48
3860,3.533074e-03,3.322157e+01,1.229787e-05,1.758761e-05,2997864.457,3.453434e-03,3.336303e+01,9.673281e-06,4.079766e-06,3001903.695,1.250000e-04,9.99,19012.48
3861,3.529147e-03,3.321890e+01,1.149710e-05,1.845726e-05,2997908.238,3.563792e-03,3.346411e+01,1.238765e-05,1.870086e-05,3008476.430,1.250000e-04,9.81,19022.29
3862,3.530722e-03,3.319663e+01,1.148627e-05,1.923929e-05,2997783.467,3.533155e-03,3.358706e+01,8.294268e-06,1.830138e-05,3010500.781,1.250000e-04,9.87,19032.16
3863,3.549351e-03,3.322788e+01,1.327483e-05,1.876298e-05,2997892.352,3.608860e-03,3.344713e+01,8.836549e-06,3.515635e-05,3009513.281,1.250000e-04,10.24,19042.40
3864,3.532952e-03,3.320246e+01,1.081589e-05,2.090947e-05,2997822.148,3.532655e-03,3.333931e+01,9.734911e-06,2.027491e-05,2999161.852,1.250000e-04,9.73,19052.13
3865,3.550948e-03,3.323156e+01,1.208883e-05,2.138075e-05,2998043.014,3.510487e-03,3.320514e+01,1.199695e-05,1.400062e-05,3000986.883,1.250000e-04,9.83,19061.96
3866,3.563873e-03,3.320537e+01,1.401894e-05,2.062935e-05,2997820.717,3.532690e-03,3.350093e+01,1.202559e-05,1.246827e-05,3007641.023,1.250000e-04,9.94,19071.90
3867,3.550196e-03,3.321495e+01,1.255525e-05,2.062973e-05,2997971.014,3.506027e-03,3.301071e+01,7.937951e-06,2.511540e-05,2987927.547,1.250000e-04,9.98,19081.88
3868,3.521878e-03,3.320515e+01,1.334199e-05,1.358848e-05,2997821.840,3.566625e-03,3.304691e+01,1.407383e-05,2.423926e-05,2988096.383,1.250000e-04,9.80,19091.68
3869,3.553329e-03,3.319941e+01,1.331776e-05,2.004222e-05,2997811.010,3.517656e-03,3.315988e+01,1.264101e-05,1.505150e-05,2997678.836,1.250000e-04,9.92,19101.60
3870,3.550575e-03,3.322409e+01,1.256863e-05,2.049586e-05,2997843.387,3.501451e-03,3.332650e+01,1.050935e-05,1.274143e-05,3001717.344,1.250000e-04,10.06,19111.65
3871,3.518074e-03,3.320684e+01,1.236357e-05,1.475101e-05,2997706.943,3.547628e-03,3.332214e+01,1.143834e-05,2.020617e-05,2998398.719,1.250000e-04,10.10,19121.75
3872,3.550536e-03,3.322423e+01,1.220524e-05,2.121220e-05,2998074.287,3.575987e-03,3.299275e+01,1.076624e-05,3.380982e-05,2985223.555,1.250000e-04,10.38,19132.13
3873,3.561838e-03,3.321153e+01,1.239839e-05,2.334017e-05,2998002.750,3.483540e-03,3.315901e+01,9.355640e-06,1.481654e-05,2995025.852,1.250000e-04,10.37,19142.50
3874,3.533256e-03,3.322176e+01,1.248882e-05,1.723840e-05,2997680.953,3.521930e-03,3.315836e+01,9.373843e-06,2.247116e-05,2996290.438,1.250000e-04,10.41,19152.90
3875,3.565125e-03,3.321808e+01,1.270693e-05,2.324966e-05,2997882.053,3.681557e-03,3.299460e+01,1.601929e-05,4.438076e-05,2983216.633,1.250000e-04,10.00,19162.90
3876,3.619601e-03,3.325482e+01,1.737416e-05,2.407554e-05,2998073.375,3.662362e-03,3.285936e+01,1.223397e-05,5.081733e-05,2982149.477,1.250000e-04,10.32,19173.23
3877,3.569990e-03,3.319523e+01,1.421153e-05,2.167026e-05,2997661.736,3.624699e-03,3.319498e+01,1.996986e-05,2.110062e-05,2995364.828,1.250000e-04,10.58,19183.81
3878,3.525901e-03,3.321749e+01,1.180800e-05,1.721444e-05,2997845.217,3.538184e-03,3.330310e+01,1.364266e-05,1.428965e-05,2999715.367,1.250000e-04,10.48,19194.29
3879,3.517402e-03,3.322569e+01,1.143773e-05,1.609108e-05,2997956.781,3.591417e-03,3.288938e+01,1.275884e-05,3.497806e-05,2986774.922,1.250000e-04,10.37,19204.66
3880,3.520560e-03,3.320618e+01,1.144018e-05,1.710796e-05,2997927.236,3.541909e-03,3.334066e+01,1.138092e-05,1.880672e-05,3005601.328,1.250000e-04,10.20,19214.86
3881,3.551841e-03,3.319763e+01,1.367685e-05,1.906199e-05,2997812.594,3.632224e-03,3.319940e+01,2.444216e-05,1.357261e-05,2995551.234,1.250000e-04,10.43,19225.29
3882,3.612312e-03,3.322697e+01,1.529717e-05,2.732876e-05,2997761.125,3.501070e-03,3.317337e+01,1.413768e-05,8.471226e-06,2994267.391,1.250000e-04,10.36,19235.64
3883,3.509134e-03,3.322097e+01,1.071107e-05,1.598519e-05,2998002.092,3.556121e-03,3.322414e+01,1.261535e-05,2.151069e-05,3002481.789,1.250000e-04,10.29,19245.93
3884,3.538834e-03,3.321138e+01,1.435661e-05,1.482593e-05,2997736.104,3.714943e-03,3.364338e+01,1.111892e-05,4.788319e-05,3018817.609,1.250000e-04,10.36,19256.30
3885,3.531384e-03,3.321374e+01,1.177554e-05,1.845096e-05,2998060.838,3.502104e-03,3.306993e+01,8.206643e-06,2.260900e-05,2995967.562,1.250000e-04,10.24,19266.54
3886,3.538394e-03,3.319593e+01,1.233924e-05,1.908164e-05,2997670.529,3.562237e-03,3.321635e+01,9.504234e-06,2.911198e-05,2999814.977,1.250000e-04,10.20,19276.74
3887,3.564808e-03,3.320173e+01,1.147823e-05,2.597051e-05,2997877.760,3.469941e-03,3.335379e+01,9.653160e-06,7.606159e-06,3001380.094,1.250000e-04,10.23,19286.98
3888,3.501322e-03,3.320836e+01,1.131323e-05,1.347075e-05,2998050.752,3.910690e-03,3.280229e+01,1.491616e-05,9.625991e-05,2977528.133,1.250000e-04,10.09,19297.07
3889,3.571255e-03,3.320694e+01,1.406340e-05,2.198530e-05,2997816.861,3.481676e-03,3.317828e+01,9.886911e-06,1.299585e-05,2992825.008,1.250000e-04,10.01,19307.07
3890,3.538590e-03,3.319765e+01,1.416732e-05,1.543040e-05,2997726.975,3.634813e-03,3.350804e+01,1.425936e-05,2.828301e-05,3010088.695,1.250000e-04,10.01,19317.08
3891,3.607358e-03,3.322147e+01,1.252614e-05,3.198998e-05,2997935.068,3.515160e-03,3.322394e+01,1.106082e-05,1.643171e-05,2991693.336,1.250000e-04,10.12,19327.20
3892,3.528274e-03,3.320483e+01,1.313250e-05,1.529308e-05,2997892.707,3.498265e-03,3.315067e+01,1.302936e-05,1.058103e-05,2994310.500,1.250000e-04,9.87,19337.08
3893,3.576185e-03,3.322671e+01,1.343911e-05,2.382467e-05,2997891.615,3.486973e-03,3.322925e+01,1.066231e-05,1.148498e-05,3000162.758,1.250000e-04,10.11,19347.18
3894,3.539809e-03,3.321060e+01,1.299595e-05,1.775784e-05,2997722.223,3.643495e-03,3.341916e+01,1.168529e-05,3.694526e-05,3012544.922,1.250000e-04,9.95,19357.13
3895,3.558428e-03,3.320739e+01,1.420069e-05,1.913627e-05,2997909.885,3.518713e-03,3.324236e+01,1.534322e-05,8.208968e-06,2995000.844,1.250000e-04,10.27,19367.40
3896,3.534885e-03,3.319365e+01,1.358975e-05,1.592447e-05,2997855.594,3.626870e-03,3.332952e+01,2.168819e-05,1.540723e-05,2998620.391,1.250000e-04,10.00,19377.39
3897,3.553615e-03,3.322378e+01,1.285770e-05,2.053202e-05,2997912.896,3.641790e-03,3.329518e+01,2.713247e-05,8.189462e-06,2999851.047,1.250000e-04,10.13,19387.53
3898,3.587601e-03,3.321493e+01,1.177164e-05,2.967848e-05,2998016.178,3.519873e-03,3.304053e+01,9.571796e-06,2.402037e-05,2989734.617,1.250000e-04,10.13,19397.66
3899,3.536958e-03,3.320452e+01,1.143191e-05,2.043743e-05,2997701.854,3.548922e-03,3.351136e+01,1.139686e-05,1.676339e-05,3008168.438,1.250000e-04,10.03,19407.69
3900,3.563116e-03,3.320801e+01,1.226522e-05,2.393251e-05,2998043.543,3.655663e-03,3.295620e+01,1.650500e-05,3.899850e-05,2984405.602,1.250000e-04,10.10,19417.79
3901,3.552854e-03,3.321404e+01,1.231623e-05,2.165760e-05,2997737.373,3.499976e-03,3.306466e+01,8.306444e-06,2.208916e-05,2989556.031,1.250000e-04,9.93,19427.72
3902,3.535039e-03,3.320627e+01,1.282227e-05,1.723772e-05,2998013.920,3.602570e-03,3.323123e+01,2.001506e-05,1.585933e-05,2997693.953,1.250000e-04,9.94,19437.66
3903,3.562660e-03,3.319675e+01,1.203813e-05,2.452086e-05,2997657.838,3.492476e-03,3.325872e+01,1.268520e-05,7.950528e-06,3000959.664,1.250000e-04,10.06,19447.72
3904,3.539715e-03,3.319906e+01,1.114658e-05,2.166852e-05,2998009.590,3.542375e-03,3.330916e+01,1.171125e-05,1.886941e-05,2995332.766,1.250000e-04,9.96,19457.68
3905,3.534636e-03,3.320943e+01,1.176131e-05,1.921605e-05,2997845.340,3.499455e-03,3.323943e+01,9.037793e-06,1.702673e-05,2992321.852,1.250000e-04,9.98,19467.66
3906,3.538016e-03,3.320849e+01,1.246290e-05,1.850755e-05,2997876.016,3.516883e-03,3.334103e+01,1.165435e-05,1.324734e-05,2999456.547,1.250000e-04,9.96,19477.62
3907,3.561629e-03,3.321844e+01,1.433724e-05,1.928258e-05,2997900.154,3.530802e-03,3.351414e+01,1.098532e-05,1.390706e-05,3000805.172,1.250000e-04,9.99,19487.61
3908,3.533333e-03,3.322264e+01,1.245617e-05,1.730148e-05,2997979.539,3.490749e-03,3.311441e+01,1.190183e-05,1.205800e-05,2994861.383,1.250000e-04,10.36,19497.96
3909,3.550321e-03,3.320148e+01,1.315592e-05,1.972290e-05,2997727.857,3.533750e-03,3.309270e+01,1.093863e-05,2.301889e-05,2994537.609,1.250000e-04,9.92,19507.89
3910,3.536294e-03,3.320609e+01,1.227984e-05,1.857732e-05,2998028.834,3.592282e-03,3.297182e+01,9.221353e-06,4.057736e-05,2991194.625,1.250000e-04,10.40,19518.29
3911,3.577586e-03,3.320475e+01,1.296977e-05,2.548273e-05,2997797.652,3.823187e-03,3.357588e+01,1.576470e-05,6.159056e-05,3016184.984,1.250000e-04,10.15,19528.43
3912,3.553348e-03,3.320999e+01,1.298518e-05,2.049958e-05,2997599.977,3.787274e-03,3.349930e+01,2.554362e-05,3.638152e-05,3012778.086,1.250000e-04,9.67,19538.10
3913,3.568255e-03,3.321212e+01,1.273435e-05,2.394003e-05,2997989.895,3.645839e-03,3.318529e+01,2.613492e-05,1.319217e-05,2994944.742,1.250000e-04,10.13,19548.23
3914,3.555981e-03,3.320446e+01,1.243478e-05,2.223735e-05,2997802.191,3.638852e-03,3.343523e+01,1.206183e-05,3.494224e-05,3012255.508,1.250000e-04,10.10,19558.33
3915,3.569694e-03,3.320680e+01,1.112900e-05,2.754489e-05,2998048.449,3.665097e-03,3.302137e+01,2.115280e-05,3.028630e-05,2985481.633,1.250000e-04,10.37,19568.70
3916,3.560777e-03,3.321504e+01,1.231267e-05,2.322929e-05,2997852.143,3.477320e-03,3.316389e+01,9.753412e-06,1.267940e-05,2993149.594,1.250000e-04,10.12,19578.82
3917,3.534780e-03,3.321394e+01,1.394358e-05,1.479004e-05,2997747.660,3.487648e-03,3.330822e+01,1.204543e-05,7.274485e-06,3002207.695,1.250000e-04,10.03,19588.85
3918,3.533446e-03,3.319930e+01,1.294917e-05,1.680503e-05,2997806.014,3.563881e-03,3.341179e+01,1.653669e-05,1.146706e-05,3003645.914,1.250000e-04,9.92,19598.77
3919,3.532907e-03,3.319778e+01,1.202293e-05,1.857997e-05,2997927.033,3.456451e-03,3.326353e+01,8.385835e-06,9.247938e-06,2999112.352,1.250000e-04,10.25,19609.02
3920,3.530059e-03,3.321333e+01,1.201728e-05,1.771081e-05,2998012.430,3.498723e-03,3.328079e+01,1.284153e-05,8.445656e-06,2998354.648,1.250000e-04,10.02,19619.04
3921,3.553450e-03,3.320407e+01,1.197931e-05,2.264994e-05,2997792.541,3.485697e-03,3.307838e+01,1.049179e-05,1.458821e-05,2993536.398,1.250000e-04,10.17,19629.21
3922,3.515416e-03,3.319504e+01,1.066172e-05,1.785893e-05,2997819.980,3.446650e-03,3.332301e+01,9.506885e-06,3.856207e-06,2999427.844,1.250000e-04,10.21,19639.42
3923,3.545232e-03,3.322321e+01,1.393478e-05,1.671278e-05,2997973.629,3.502330e-03,3.328434e+01,1.260919e-05,9.560776e-06,3002622.953,1.250000e-04,10.07,19649.49
3924,3.541606e-03,3.319131e+01,1.206982e-05,2.035544e-05,2997796.277,3.595615e-03,3.335727e+01,1.420155e-05,2.357439e-05,3006796.594,1.250000e-04,9.80,19659.29
3925,3.536341e-03,3.320367e+01,1.409096e-05,1.501287e-05,2997900.695,3.624080e-03,3.296416e+01,1.674883e-05,3.203523e-05,2985863.938,1.250000e-04,10.04,19669.32
3926,3.536979e-03,3.320896e+01,1.138546e-05,2.044570e-05,2997960.480,3.696067e-03,3.284147e+01,1.463628e-05,5.311145e-05,2980913.812,1.250000e-04,9.74,19679.06
3927,3.551050e-03,3.319067e+01,1.335801e-05,1.968057e-05,2997822.945,3.706873e-03,3.315164e+01,2.519938e-05,2.794313e-05,2987232.211,1.250000e-04,9.93,19689.00
3928,3.528122e-03,3.318731e+01,1.257028e-05,1.673774e-05,2997750.963,3.601732e-03,3.328874e+01,1.665536e-05,2.126097e-05,2998656.195,1.250000e-04,10.05,19699.05
3929,3.551090e-03,3.322010e+01,1.444225e-05,1.693162e-05,2998052.426,4.151794e-03,3.321010e+01,7.472960e-05,1.669761e-05,2992428.188,1.250000e-04,10.01,19709.05
3930,3.560127e-03,3.319773e+01,1.431888e-05,1.943301e-05,2997724.023,3.477009e-03,3.335424e+01,8.307320e-06,1.170242e-05,3005912.289,1.250000e-04,10.18,19719.23
3931,3.577599e-03,3.320207e+01,1.379505e-05,2.388838e-05,2997743.859,3.761976e-03,3.355904e+01,2.106514e-05,3.908399e-05,3011922.484,1.250000e-04,10.10,19729.33
3932,3.536938e-03,3.320417e+01,1.253828e-05,1.822779e-05,2997792.592,3.595723e-03,3.364029e+01,8.795749e-06,2.874740e-05,3014863.625,1.250000e-04,9.87,19739.19
3933,3.548569e-03,3.318978e+01,1.181611e-05,2.228590e-05,2997919.844,3.515636e-03,3.335186e+01,1.155223e-05,1.298551e-05,2999498.852,1.250000e-04,10.03,19749.23
3934,3.556952e-03,3.320218e+01,1.224252e-05,2.286176e-05,2998030.961,3.880536e-03,3.359514e+01,1.925069e-05,6.570307e-05,3019072.953,1.250000e-04,9.93,19759.15
3935,3.614778e-03,3.322849e+01,1.287652e-05,3.263274e-05,2997872.691,3.605087e-03,3.306992e+01,1.541516e-05,2.878856e-05,2996370.539,1.250000e-04,10.23,19769.38
3936,3.550736e-03,3.320081e+01,1.317357e-05,1.978391e-05,2997887.166,3.522289e-03,3.340928e+01,1.152673e-05,1.321872e-05,3006368.125,1.250000e-04,9.93,19779.32
3937,3.589849e-03,3.319506e+01,1.220023e-05,2.966799e-05,2997482.766,3.866621e-03,3.389952e+01,9.861195e-06,7.561140e-05,3022715.117,1.250000e-04,9.97,19789.29
3938,3.561486e-03,3.320961e+01,1.129764e-05,2.550972e-05,2998131.428,3.815644e-03,3.326451e+01,1.668016e-05,6.447843e-05,2987198.336,1.250000e-04,9.86,19799.15
3939,3.570306e-03,3.322952e+01,1.193504e-05,2.560084e-05,2998221.994,3.855359e-03,3.261240e+01,1.044184e-05,9.794015e-05,2971916.422,1.250000e-04,10.02,19809.17
3940,3.531462e-03,3.318274e+01,1.098928e-05,2.065911e-05,2997616.305,3.527160e-03,3.320087e+01,1.535432e-05,1.070597e-05,2999319.766,1.250000e-04,9.74,19818.91
3941,3.551052e-03,3.321664e+01,1.315198e-05,1.957369e-05,2998014.391,3.547957e-03,3.311699e+01,1.302251e-05,2.120668e-05,2995377.539,1.250000e-04,10.07,19828.98
3942,3.585085e-03,3.320526e+01,1.477937e-05,2.335301e-05,2997845.514,3.549786e-03,3.317309e+01,1.128213e-05,2.393112e-05,2995682.477,1.250000e-04,10.00,19838.98
3943,3.538079e-03,3.321806e+01,1.225089e-05,1.875289e-05,2997850.354,3.530448e-03,3.300358e+01,1.271496e-05,2.058825e-05,2993070.641,1.250000e-04,10.14,19849.12
3944,3.581139e-03,3.320706e+01,1.208419e-05,2.791815e-05,2997909.572,3.623808e-03,3.300938e+01,7.382431e-06,4.980912e-05,2981948.703,1.250000e-04,9.94,19859.05
3945,3.527974e-03,3.320449e+01,1.187524e-05,1.775468e-05,2997915.334,3.772576e-03,3.277290e+01,1.835398e-05,6.234924e-05,2979323.641,1.250000e-04,10.22,19869.27
3946,3.577840e-03,3.319990e+01,1.530629e-05,2.095743e-05,2997936.293,3.668891e-03,3.318333e+01,1.959607e-05,3.091950e-05,2992857.508,1.250000e-04,10.43,19879.70
3947,3.538382e-03,3.319516e+01,1.279178e-05,1.818965e-05,2997683.863,3.509627e-03,3.332252e+01,1.047899e-05,1.451708e-05,3005608.602,1.250000e-04,10.64,19890.34
3948,3.558234e-03,3.321146e+01,1.334291e-05,2.073184e-05,2997770.910,3.545670e-03,3.335802e+01,1.505659e-05,1.186063e-05,3004024.359,1.250000e-04,10.44,19900.78
3949,3.591365e-03,3.321518e+01,1.381113e-05,2.634726e-05,2998016.678,3.537339e-03,3.321662e+01,1.654284e-05,1.004971e-05,3000335.641,1.250000e-04,10.54,19911.32
3950,3.553383e-03,3.319443e+01,1.290799e-05,2.097201e-05,2997908.154,3.510435e-03,3.327293e+01,9.045234e-06,1.853796e-05,3000866.586,1.250000e-04,10.77,19922.10
3951,3.520088e-03,3.319171e+01,1.156265e-05,1.705813e-05,2997879.367,3.620063e-03,3.286874e+01,1.101024e-05,4.461743e-05,2983022.930,1.250000e-04,10.68,19932.78
3952,3.522984e-03,3.319109e+01,1.184668e-05,1.708173e-05,2997872.746,3.607605e-03,3.310236e+01,1.202602e-05,3.542173e-05,2986063.297,1.250000e-04,10.51,19943.29
3953,3.583999e-03,3.324509e+01,1.432875e-05,2.324060e-05,2997988.986,3.748355e-03,3.268200e+01,1.064740e-05,7.473602e-05,2977371.164,1.250000e-04,10.62,19953.91
3954,3.566234e-03,3.321207e+01,1.301485e-05,2.297571e-05,2997647.951,3.575869e-03,3.305881e+01,9.663722e-06,3.467016e-05,3000422.477,1.250000e-04,10.53,19964.44
3955,3.548195e-03,3.319333e+01,1.342506e-05,1.892231e-05,2997747.873,3.652361e-03,3.307712e+01,1.841511e-05,3.209953e-05,2987946.484,1.250000e-04,10.36,19974.80
3956,3.565538e-03,3.322400e+01,1.385769e-05,2.091211e-05,2998102.746,3.518565e-03,3.313610e+01,1.004366e-05,2.090376e-05,2998181.562,1.250000e-04,10.41,19985.21
3957,3.582973e-03,3.319444e+01,1.098708e-05,3.073161e-05,2997809.693,3.659992e-03,3.355518e+01,1.245805e-05,3.597871e-05,3010805.297,1.250000e-04,10.35,19995.56
3958,3.520530e-03,3.319593e+01,1.183091e-05,1.652555e-05,2997849.875,3.558455e-03,3.345904e+01,1.296620e-05,1.657781e-05,3006610.195,1.250000e-04,10.31,20005.87
3959,3.544263e-03,3.319915e+01,1.345648e-05,1.795662e-05,2997775.561,3.446874e-03,3.326116e+01,9.121923e-06,5.907719e-06,2997530.648,1.250000e-04,10.43,20016.30
3960,3.594249e-03,3.319357e+01,1.400525e-05,2.696789e-05,2997752.504,3.627925e-03,3.329985e+01,1.504266e-05,2.950282e-05,2997287.078,1.250000e-04,10.25,20026.55
3961,3.573054e-03,3.321390e+01,1.325836e-05,2.381610e-05,2998069.723,3.505512e-03,3.338458e+01,1.325935e-05,6.891968e-06,3000469.648,1.250000e-04,10.28,20036.84
3962,3.524211e-03,3.320976e+01,1.261355e-05,1.541987e-05,2998039.889,3.464988e-03,3.325950e+01,9.484110e-06,8.839307e-06,2997582.094,1.250000e-04,10.34,20047.17
3963,3.552621e-03,3.321327e+01,1.232116e-05,2.161661e-05,2997835.902,3.834720e-03,3.312231e+01,4.100676e-05,2.248432e-05,2991107.281,1.250000e-04,10.22,20057.39
3964,3.546472e-03,3.319643e+01,1.377018e-05,1.782537e-05,2997908.516,3.470095e-03,3.326002e+01,9.847792e-06,9.123050e-06,2996372.086,1.250000e-04,10.28,20067.68
3965,3.567763e-03,3.321639e+01,1.317295e-05,2.287903e-05,2997843.221,3.669274e-03,3.306122e+01,1.391368e-05,4.480306e-05,2984380.531,1.250000e-04,10.14,20077.82
3966,3.540503e-03,3.319244e+01,1.212147e-05,2.000880e-05,2997893.551,3.552405e-03,3.352603e+01,1.198987e-05,1.598074e-05,3007286.344,1.250000e-04,9.94,20087.76
3967,3.557380e-03,3.320722e+01,1.397661e-05,1.937822e-05,2997916.922,4.270350e-03,3.235895e+01,2.393982e-05,1.590114e-04,2965793.695,1.250000e-04,10.04,20097.80
3968,3.570224e-03,3.319038e+01,1.161580e-05,2.700561e-05,2997601.297,3.456034e-03,3.328802e+01,9.032434e-06,7.381524e-06,2997329.812,1.250000e-04,9.95,20107.75
3969,3.539720e-03,3.321009e+01,1.392461e-05,1.589290e-05,2997944.334,3.678741e-03,3.337140e+01,2.907065e-05,1.017888e-05,3005097.703,1.250000e-04,10.14,20117.89
3970,3.598456e-03,3.320484e+01,1.342534e-05,2.874378e-05,2997795.828,3.547461e-03,3.321724e+01,1.227262e-05,2.060224e-05,3005079.289,1.250000e-04,9.79,20127.68
3971,3.508171e-03,3.319182e+01,1.027819e-05,1.724147e-05,2997962.092,3.523704e-03,3.312555e+01,1.199898e-05,1.823171e-05,2992455.086,1.250000e-04,10.03,20137.71
3972,3.551256e-03,3.322290e+01,1.199502e-05,2.180322e-05,2997764.350,3.712499e-03,3.345862e+01,1.467985e-05,4.396777e-05,3013733.281,1.250000e-04,10.00,20147.71
3973,3.544511e-03,3.319720e+01,1.214057e-05,2.067711e-05,2997907.469,3.478720e-03,3.343272e+01,8.645654e-06,9.798229e-06,3006379.633,1.250000e-04,10.05,20157.77
3974,3.536672e-03,3.320070e+01,1.197757e-05,1.936541e-05,2997781.309,3.480869e-03,3.308778e+01,8.993665e-06,1.643086e-05,2994250.930,1.250000e-04,10.19,20167.96
3975,3.511395e-03,3.319082e+01,1.221284e-05,1.403700e-05,2997994.422,3.483850e-03,3.332909e+01,1.092713e-05,8.333974e-06,3004216.305,1.250000e-04,10.24,20178.20
3976,3.552274e-03,3.318704e+01,1.202703e-05,2.266009e-05,2997845.477,3.481393e-03,3.332086e+01,1.144159e-05,6.978305e-06,3000601.461,1.250000e-04,10.00,20188.20
3977,3.524596e-03,3.319507e+01,1.127316e-05,1.847140e-05,2997968.439,3.458655e-03,3.319447e+01,8.053438e-06,1.173465e-05,2993904.133,1.250000e-04,10.13,20198.33
3978,3.516732e-03,3.320034e+01,1.180588e-05,1.572792e-05,2997704.045,3.475998e-03,3.312585e+01,1.122524e-05,1.023217e-05,2995579.805,1.250000e-04,10.04,20208.37
3979,3.568578e-03,3.321757e+01,1.322933e-05,2.290560e-05,2997969.705,3.515676e-03,3.301793e+01,8.430577e-06,2.591529e-05,2998278.453,1.250000e-04,9.76,20218.13
3980,3.538390e-03,3.318356e+01,1.123553e-05,2.153582e-05,2997796.898,3.527463e-03,3.303331e+01,1.073793e-05,2.335059e-05,2989475.812,1.250000e-04,9.83,20227.96
3981,3.544119e-03,3.318454e+01,1.246977e-05,2.019350e-05,2997803.182,3.776329e-03,3.350224e+01,1.287207e-05,5.947699e-05,3018902.062,1.250000e-04,9.92,20237.88
3982,3.580507e-03,3.321337e+01,1.195593e-05,2.792208e-05,2997959.074,3.613556e-03,3.332158e+01,1.733681e-05,2.160599e-05,3005152.836,1.250000e-04,9.93,20247.81
3983,3.558920e-03,3.319273e+01,1.270878e-05,2.251199e-05,2998091.189,3.483070e-03,3.325434e+01,1.050181e-05,1.052359e-05,2997161.039,1.250000e-04,10.18,20257.99
3984,3.560447e-03,3.318935e+01,1.321602e-05,2.187037e-05,2997602.881,3.573050e-03,3.362539e+01,1.103492e-05,2.003241e-05,3010331.359,1.250000e-04,10.07,20268.07
3985,3.559562e-03,3.321689e+01,1.196129e-05,2.365204e-05,2998037.324,3.465037e-03,3.328783e+01,9.362105e-06,8.526714e-06,3000132.977,1.250000e-04,9.90,20277.97
3986,3.554442e-03,3.320160e+01,1.218835e-05,2.247973e-05,2997917.232,3.599055e-03,3.291159e+01,1.407098e-05,3.343724e-05,2985588.156,1.250000e-04,10.11,20288.08
3987,3.554351e-03,3.321092e+01,1.326006e-05,2.013163e-05,2997961.285,3.498437e-03,3.295482e+01,9.170215e-06,2.225067e-05,2988721.695,1.250000e-04,10.30,20298.38
3988,3.545435e-03,3.319633e+01,1.273394e-05,1.969259e-05,2997820.223,3.980474e-03,3.349684e+01,2.032927e-05,8.549944e-05,3019704.555,1.250000e-04,10.24,20308.62
3989,3.573367e-03,3.320293e+01,1.612529e-05,1.836412e-05,2997814.969,3.555752e-03,3.321976e+01,1.322311e-05,2.030898e-05,3005045.711,1.250000e-04,10.34,20318.96
3990,3.581088e-03,3.320565e+01,1.267296e-05,2.675869e-05,2997860.227,3.516596e-03,3.313336e+01,1.466867e-05,1.131468e-05,2997674.727,1.250000e-04,10.51,20329.47
3991,3.502813e-03,3.319145e+01,1.110312e-05,1.452748e-05,2997961.990,3.522869e-03,3.317306e+01,1.414810e-05,1.281657e-05,2991382.930,1.250000e-04,10.30,20339.77
3992,3.583384e-03,3.320279e+01,1.261682e-05,2.738738e-05,2997760.518,3.713835e-03,3.311720e+01,2.272067e-05,3.498164e-05,2984105.172,1.250000e-04,10.21,20349.98
3993,3.602723e-03,3.321374e+01,1.428011e-05,2.770960e-05,2997845.307,3.518945e-03,3.349373e+01,1.194348e-05,1.002742e-05,3005842.078,1.250000e-04,10.36,20360.35
3994,3.528616e-03,3.320497e+01,1.118243e-05,1.925899e-05,2997942.992,3.484596e-03,3.315899e+01,8.248607e-06,1.724226e-05,2993936.703,1.250000e-04,10.06,20370.41
3995,3.543390e-03,3.321345e+01,1.201956e-05,2.036991e-05,2997925.297,3.648844e-03,3.296884e+01,1.959937e-05,3.119316e-05,2990090.109,1.250000e-04,10.27,20380.67
3996,3.531247e-03,3.318575e+01,1.278928e-05,1.695599e-05,2997770.262,3.503828e-03,3.321253e+01,1.083550e-05,1.484409e-05,2998561.680,1.250000e-04,10.31,20390.99
3997,3.521869e-03,3.319634e+01,1.217452e-05,1.609812e-05,2997852.527,3.462383e-03,3.315424e+01,8.425021e-06,1.254176e-05,2993227.328,1.250000e-04,10.39,20401.38
3998,3.535816e-03,3.322253e+01,1.144377e-05,1.982509e-05,2997982.887,3.511333e-03,3.322845e+01,1.466414e-05,8.369187e-06,2995382.211,1.250000e-04,10.22,20411.60
3999,3.561453e-03,3.318571e+01,1.346604e-05,2.164419e-05,2997934.398,3.607535e-03,3.293088e+01,1.475218e-05,3.338509e-05,2984797.359,1.250000e-04,10.24,20421.84
4000,3.541582e-03,3.318334e+01,1.356553e-05,1.751864e-05,2997659.125,3.630202e-03,3.345597e+01,1.753778e-05,2.184544e-05,3001216.117,1.250000e-04,10.21,20432.05
4001,3.537840e-03,3.320297e+01,1.103120e-05,2.144622e-05,2997837.594,3.652318e-03,3.340456e+01,1.780077e-05,2.677083e-05,3010547.828,1.250000e-04,10.16,20442.21
4002,3.558062e-03,3.320443e+01,1.364314e-05,2.023754e-05,2998062.566,3.554952e-03,3.320751e+01,1.333899e-05,2.016221e-05,2994151.422,1.250000e-04,10.21,20452.42
4003,3.540320e-03,3.318773e+01,1.200300e-05,2.030339e-05,2997876.957,3.613543e-03,3.286761e+01,1.078974e-05,4.377697e-05,2982457.164,1.250000e-04,9.91,20462.33
4004,3.583187e-03,3.320875e+01,1.366713e-05,2.512815e-05,2997843.791,3.639883e-03,3.309298e+01,2.485153e-05,1.641408e-05,2991117.992,1.250000e-04,10.01,20472.33
4005,3.552017e-03,3.320663e+01,1.288269e-05,2.050538e-05,2997878.223,3.520592e-03,3.311378e+01,1.166770e-05,1.850747e-05,2992460.602,1.250000e-04,10.04,20482.38
4006,3.542623e-03,3.321349e+01,1.291791e-05,1.841884e-05,2997691.498,3.658977e-03,3.371814e+01,1.001387e-05,3.740491e-05,3016634.969,1.250000e-04,10.32,20492.70
4007,3.541349e-03,3.320664e+01,1.216320e-05,1.981075e-05,2997997.750,3.528354e-03,3.351428e+01,1.147270e-05,1.243977e-05,3005345.398,1.250000e-04,10.29,20502.99
4008,3.571206e-03,3.321130e+01,1.283336e-05,2.434855e-05,2997970.762,3.459578e-03,3.323005e+01,9.369431e-06,8.575620e-06,2999590.469,1.250000e-04,10.07,20513.07
4009,3.547240e-03,3.319503e+01,1.138536e-05,2.277663e-05,2997590.441,3.734005e-03,3.357440e+01,1.368128e-05,4.795043e-05,3015076.875,1.250000e-04,10.21,20523.27
4010,3.527963e-03,3.321760e+01,1.234143e-05,1.655769e-05,2998244.691,3.608698e-03,3.300112e+01,1.394016e-05,3.383675e-05,2984442.734,1.250000e-04,10.24,20533.52
4011,3.522496e-03,3.319711e+01,1.156235e-05,1.743233e-05,2997599.566,3.549826e-03,3.331206e+01,1.119173e-05,2.134060e-05,3006220.352,1.250000e-04,9.78,20543.29
4012,3.585904e-03,3.320361e+01,1.369494e-05,2.571880e-05,2997996.262,3.492033e-03,3.296810e+01,9.177388e-06,2.068984e-05,2989587.656,1.250000e-04,10.15,20553.44
4013,3.531160e-03,3.319751e+01,1.245525e-05,1.737127e-05,2997934.719,3.539420e-03,3.308249e+01,1.401409e-05,1.820611e-05,2990647.750,1.250000e-04,9.95,20563.39
4014,3.574689e-03,3.321323e+01,1.360217e-05,2.346877e-05,2997959.145,3.517958e-03,3.317441e+01,1.482669e-05,1.044989e-05,2994444.562,1.250000e-04,10.06,20573.45
4015,3.555473e-03,3.320242e+01,1.152952e-05,2.398706e-05,2997695.600,3.699850e-03,3.346954e+01,1.340275e-05,4.377371e-05,3014993.469,1.250000e-04,10.09,20583.54
4016,3.588022e-03,3.318186e+01,1.352504e-05,2.691714e-05,2997864.867,3.510548e-03,3.323421e+01,1.204658e-05,1.333227e-05,3002746.422,1.250000e-04,10.05,20593.59
4017,3.571390e-03,3.320923e+01,1.482386e-05,2.044575e-05,2998003.740,3.589636e-03,3.293633e+01,1.021346e-05,3.877380e-05,2983983.508,1.250000e-04,9.71,20603.30
4018,3.582969e-03,3.318949e+01,1.477148e-05,2.326106e-05,2997768.232,3.459193e-03,3.311692e+01,8.299737e-06,1.290074e-05,2994514.383,1.250000e-04,9.84,20613.15
4019,3.511209e-03,3.319656e+01,1.074612e-05,1.681840e-05,2997719.654,3.686341e-03,3.340453e+01,2.343310e-05,2.231155e-05,3004895.547,1.250000e-04,9.94,20623.09
4020,3.570962e-03,3.318501e+01,1.395104e-05,2.259014e-05,2997954.223,3.647703e-03,3.303483e+01,8.917561e-06,5.100895e-05,2982504.945,1.250000e-04,10.17,20633.26
4021,3.585292e-03,3.320776e+01,1.337052e-05,2.616215e-05,2997883.234,3.466368e-03,3.318639e+01,8.739302e-06,1.206724e-05,2994926.383,1.250000e-04,10.04,20643.30
4022,3.544292e-03,3.319592e+01,1.309329e-05,1.875350e-05,2997932.846,3.678002e-03,3.363162e+01,1.372173e-05,3.552459e-05,3015583.086,1.250000e-04,10.05,20653.34
4023,3.539283e-03,3.322405e+01,1.111992e-05,2.113563e-05,2997928.852,3.502208e-03,3.310897e+01,9.972603e-06,1.831698e-05,2994973.648,1.250000e-04,9.99,20663.33
4024,3.546391e-03,3.317917e+01,1.219627e-05,2.130228e-05,2997799.334,3.555172e-03,3.323217e+01,1.423038e-05,1.793034e-05,2998443.656,1.250000e-04,10.10,20673.43
4025,3.548112e-03,3.320000e+01,1.168893e-05,2.224454e-05,2997665.719,3.912889e-03,3.376029e+01,1.734866e-05,7.267480e-05,3023113.141,1.250000e-04,9.93,20683.36
4026,3.562745e-03,3.320409e+01,1.178097e-05,2.490526e-05,2998023.383,3.530361e-03,3.327347e+01,1.497518e-05,1.065247e-05,3002352.109,1.250000e-04,10.11,20693.48
4027,3.586086e-03,3.321762e+01,1.303709e-05,2.679079e-05,2997956.910,3.647248e-03,3.289162e+01,1.131295e-05,4.899134e-05,2981556.305,1.250000e-04,10.16,20703.64
4028,3.537068e-03,3.318584e+01,1.210462e-05,1.948762e-05,2997751.869,3.570272e-03,3.317300e+01,1.750555e-05,1.558331e-05,2990378.578,1.250000e-04,10.11,20713.75
4029,3.557950e-03,3.319482e+01,1.255610e-05,2.258148e-05,2997975.119,3.486839e-03,3.304744e+01,7.431739e-06,2.155542e-05,2990846.562,1.250000e-04,10.15,20723.90
4030,3.564547e-03,3.319562e+01,1.197366e-05,2.504976e-05,2997887.025,3.503935e-03,3.322489e+01,1.101558e-05,1.425797e-05,2997597.797,1.250000e-04,10.10,20734.00
4031,3.552777e-03,3.319926e+01,1.181783e-05,2.293462e-05,2997797.158,3.444890e-03,3.322238e+01,8.410811e-06,7.708787e-06,2999087.000,1.250000e-04,10.29,20744.29
4032,3.556880e-03,3.319287e+01,1.340850e-05,2.070158e-05,2997844.572,3.480462e-03,3.323062e+01,8.658294e-06,1.416346e-05,2992835.141,1.250000e-04,10.17,20754.46
4033,3.573040e-03,3.321560e+01,1.361862e-05,2.305887e-05,2997954.285,3.728814e-03,3.288947e+01,1.053434e-05,6.690476e-05,2977815.133,1.250000e-04,10.28,20764.74
4034,3.549898e-03,3.319711e+01,1.226603e-05,2.150535e-05,2997733.186,3.535831e-03,3.340703e+01,1.431484e-05,1.039597e-05,3004179.953,1.250000e-04,10.19,20774.93
4035,3.552562e-03,3.319698e+01,1.309071e-05,2.039147e-05,2997839.758,3.524456e-03,3.316841e+01,1.216146e-05,1.720009e-05,2994284.352,1.250000e-04,10.35,20785.28
4036,3.542392e-03,3.320055e+01,1.218534e-05,2.009676e-05,2997902.574,3.541853e-03,3.335241e+01,1.095865e-05,1.940511e-05,3006406.469,1.250000e-04,10.15,20795.43
4037,3.537393e-03,3.320332e+01,1.140810e-05,2.059594e-05,2997863.344,3.536715e-03,3.337140e+01,1.129070e-05,1.733365e-05,2998214.320,1.250000e-04,10.42,20805.85
4038,3.541770e-03,3.319077e+01,1.173983e-05,2.105881e-05,2997888.051,3.605143e-03,3.364485e+01,1.018219e-05,2.776729e-05,3010262.461,1.250000e-04,10.47,20816.33
4039,3.539712e-03,3.319278e+01,1.135212e-05,2.138273e-05,2997805.166,3.630417e-03,3.350826e+01,2.269315e-05,1.053206e-05,3004762.625,1.250000e-04,10.47,20826.80
4040,3.561803e-03,3.320191e+01,1.110024e-05,2.612197e-05,2997947.861,3.552807e-03,3.319537e+01,1.057915e-05,2.549585e-05,2997111.734,1.250000e-04,10.50,20837.30
4041,3.541935e-03,3.320735e+01,1.286057e-05,1.851878e-05,2997775.951,3.458769e-03,3.322107e+01,8.765714e-06,9.800856e-06,2995028.453,1.250000e-04,10.37,20847.67
4042,3.564362e-03,3.320782e+01,1.414214e-05,2.043185e-05,2997887.904,3.593063e-03,3.335118e+01,2.016301e-05,1.126296e-05,3005644.312,1.250000e-04,10.34,20858.01
4043,3.545472e-03,3.318640e+01,1.225258e-05,2.086134e-05,2997926.404,3.543101e-03,3.326013e+01,1.280765e-05,1.780237e-05,2995821.266,1.250000e-04,10.47,20868.49
4044,3.510367e-03,3.320367e+01,1.099437e-05,1.601131e-05,2997811.174,3.563499e-03,3.349271e+01,9.320290e-06,2.420500e-05,3012101.117,1.250000e-04,10.36,20878.85
4045,3.524745e-03,3.317634e+01,1.263156e-05,1.615905e-05,2997852.490,3.641594e-03,3.348215e+01,2.206166e-05,1.455237e-05,3008850.711,1.250000e-04,10.34,20889.19
4046,3.534723e-03,3.321847e+01,1.116823e-05,2.023865e-05,2998037.863,3.484154e-03,3.323168e+01,1.203709e-05,8.123023e-06,2996861.938,1.250000e-04,10.23,20899.42
4047,3.537815e-03,3.318696e+01,1.254863e-05,1.872667e-05,2997705.713,3.612676e-03,3.345546e+01,1.157277e-05,3.028045e-05,3012904.891,1.250000e-04,10.13,20909.55
4048,3.510993e-03,3.319709e+01,1.086532e-05,1.652624e-05,2997866.215,3.583101e-03,3.325368e+01,1.384430e-05,2.385818e-05,3000996.961,1.250000e-04,10.20,20919.74
4049,3.560280e-03,3.319802e+01,1.328664e-05,2.152242e-05,2998102.801,3.578403e-03,3.305346e+01,1.379417e-05,2.702302e-05,2986200.875,1.250000e-04,10.35,20930.10
4050,3.553188e-03,3.319897e+01,1.476964e-05,1.711885e-05,2997655.975,3.579717e-03,3.344195e+01,1.256174e-05,2.198098e-05,3009789.656,1.250000e-04,9.90,20939.99
4051,3.531445e-03,3.320091e+01,1.151244e-05,1.924591e-05,2998012.344,3.860204e-03,3.283976e+01,1.855785e-05,7.812983e-05,2977426.055,1.250000e-04,9.60,20949.60
4052,3.542782e-03,3.319121e+01,1.332816e-05,1.807598e-05,2997763.447,3.496078e-03,3.327462e+01,1.058752e-05,1.254817e-05,2998641.898,1.250000e-04,10.11,20959.71
4053,3.543223e-03,3.319236e+01,1.179358e-05,2.121026e-05,2998130.861,3.603448e-03,3.292932e+01,1.308557e-05,3.593214e-05,2984205.516,1.250000e-04,10.24,20969.95
4054,3.538259e-03,3.321314e+01,1.164747e-05,2.009394e-05,2997841.832,3.759750e-03,3.275569e+01,2.223666e-05,5.236276e-05,2981030.328,1.250000e-04,9.84,20979.79
4055,3.538128e-03,3.318266e+01,1.237870e-05,1.921508e-05,2997805.750,3.535297e-03,3.345206e+01,9.397868e-06,1.922257e-05,3007993.297,1.250000e-04,10.08,20989.87
4056,3.607135e-03,3.320219e+01,1.385757e-05,2.966816e-05,2997930.316,3.543432e-03,3.303556e+01,1.510868e-05,1.775782e-05,2990285.977,1.250000e-04,10.03,20999.90
4057,3.550955e-03,3.318834e+01,1.204452e-05,2.233504e-05,2997798.965,3.472644e-03,3.318219e+01,9.925104e-06,1.103484e-05,2993044.703,1.250000e-04,9.75,21009.66
4058,3.543817e-03,3.322067e+01,1.064069e-05,2.306873e-05,2997774.373,3.568915e-03,3.294533e+01,1.072550e-05,3.342524e-05,2988270.430,1.250000e-04,10.01,21019.66
4059,3.530454e-03,3.318971e+01,1.195922e-05,1.837817e-05,2997850.463,3.965270e-03,3.377415e+01,2.103953e-05,7.549190e-05,3022930.055,1.250000e-04,9.84,21029.51
4060,3.543657e-03,3.319517e+01,1.315198e-05,1.852405e-05,2998118.934,3.554515e-03,3.300061e+01,1.140166e-05,2.808753e-05,2986884.898,1.250000e-04,10.03,21039.53
4061,3.548195e-03,3.320286e+01,1.328652e-05,1.900868e-05,2997629.492,3.852307e-03,3.345482e+01,2.046076e-05,6.044336e-05,3015452.766,1.250000e-04,10.20,21049.74
4062,3.601040e-03,3.320249e+01,1.325000e-05,2.965825e-05,2998048.848,3.643517e-03,3.283941e+01,1.026204e-05,5.139103e-05,2979838.312,1.250000e-04,10.16,21059.90
4063,3.517875e-03,3.318444e+01,1.225820e-05,1.536975e-05,2997838.680,3.540406e-03,3.322186e+01,1.365242e-05,1.633928e-05,2991614.648,1.250000e-04,10.06,21069.95
4064,3.534869e-03,3.319937e+01,1.205138e-05,1.888360e-05,2997804.389,3.577037e-03,3.338363e+01,1.375059e-05,2.023361e-05,3007712.836,1.250000e-04,9.94,21079.89
4065,3.561963e-03,3.320986e+01,1.337232e-05,2.145069e-05,2997978.732,3.593554e-03,3.346978e+01,1.497680e-05,1.936175e-05,3007700.586,1.250000e-04,10.11,21090.00
4066,3.538766e-03,3.319454e+01,1.161030e-05,2.064179e-05,2997866.996,3.580962e-03,3.322818e+01,1.242632e-05,2.677606e-05,2997547.320,1.250000e-04,9.95,21099.96
4067,3.530387e-03,3.319282e+01,1.235765e-05,1.750556e-05,2997813.400,3.487958e-03,3.337669e+01,9.917751e-06,1.022223e-05,3004133.617,1.250000e-04,10.40,21110.36
4068,3.532918e-03,3.319606e+01,1.382673e-05,1.500881e-05,2997953.699,3.538602e-03,3.319179e+01,1.737656e-05,9.131441e-06,2996245.898,1.250000e-04,10.13,21120.49
4069,3.550227e-03,3.318899e+01,1.275650e-05,2.075273e-05,2997928.439,3.564348e-03,3.297272e+01,1.039137e-05,3.263240e-05,2984440.055,1.250000e-04,10.11,21130.60
4070,3.536748e-03,3.317706e+01,1.212071e-05,1.956709e-05,2997974.613,3.675593e-03,3.316440e+01,1.500046e-05,4.182964e-05,2984762.195,1.250000e-04,10.57,21141.17
4071,3.548681e-03,3.318764e+01,1.299761e-05,1.998816e-05,2997730.949,3.549990e-03,3.349459e+01,1.552017e-05,9.065969e-06,3005398.758,1.250000e-04,10.26,21151.44
4072,3.558971e-03,3.318352e+01,1.245874e-05,2.320625e-05,2997763.799,3.598129e-03,3.316823e+01,1.742526e-05,2.141068e-05,2994644.477,1.250000e-04,10.14,21161.57
4073,3.535502e-03,3.320444e+01,1.311891e-05,1.677377e-05,2997901.639,3.583531e-03,3.310534e+01,1.264655e-05,2.930614e-05,2993568.797,1.250000e-04,10.24,21171.82
4074,3.521122e-03,3.319657e+01,1.039194e-05,1.950927e-05,2997888.348,3.466724e-03,3.319498e+01,1.108505e-05,7.275098e-06,2996264.688,1.250000e-04,10.29,21182.11
4075,3.540883e-03,3.319731e+01,1.173831e-05,2.075370e-05,2997978.969,3.602756e-03,3.334285e+01,8.993832e-06,3.570644e-05,3011493.219,1.250000e-04,10.29,21192.40
4076,3.546708e-03,3.319665e+01,1.257989e-05,2.024875e-05,2997690.102,3.676560e-03,3.369645e+01,1.108964e-05,3.920378e-05,3017153.148,1.250000e-04,10.41,21202.81
4077,3.593289e-03,3.319061e+01,1.339978e-05,2.804607e-05,2998113.740,3.572802e-03,3.335131e+01,1.613628e-05,1.526175e-05,3003581.328,1.250000e-04,10.17,21212.98
4078,3.512978e-03,3.318507e+01,1.102547e-05,1.684320e-05,2997922.053,3.496372e-03,3.300230e+01,8.305026e-06,2.261850e-05,2988653.133,1.250000e-04,10.81,21223.79
4079,3.543778e-03,3.319869e+01,1.280864e-05,1.916448e-05,2997777.791,3.542631e-03,3.333821e+01,1.134823e-05,1.906558e-05,3004628.836,1.250000e-04,10.61,21234.41
4080,3.520693e-03,3.317460e+01,1.170865e-05,1.722934e-05,2997898.666,3.474751e-03,3.324300e+01,1.083236e-05,8.425486e-06,2997787.000,1.250000e-04,10.57,21244.98
4081,3.507380e-03,3.318021e+01,1.132806e-05,1.521578e-05,2997926.709,3.587758e-03,3.301335e+01,1.536945e-05,2.654588e-05,2987600.539,1.250000e-04,10.54,21255.52
4082,3.526738e-03,3.318325e+01,1.092256e-05,1.983756e-05,2997766.842,3.540085e-03,3.345244e+01,1.357391e-05,1.182039e-05,3007465.422,1.250000e-04,10.75,21266.27
4083,3.518901e-03,3.318995e+01,1.079669e-05,1.838792e-05,2997902.465,3.543602e-03,3.334416e+01,1.728603e-05,7.265030e-06,3002234.391,1.250000e-04,10.51,21276.78
4084,3.550139e-03,3.318320e+01,1.365956e-05,1.904473e-05,2997862.367,3.764096e-03,3.354906e+01,2.199266e-05,3.785275e-05,3011982.758,1.250000e-04,10.59,21287.37
4085,3.556194e-03,3.319835e+01,1.335244e-05,2.056687e-05,2997929.123,3.745946e-03,3.347110e+01,1.220419e-05,5.535877e-05,3014897.062,1.250000e-04,10.27,21297.64
4086,3.559871e-03,3.316988e+01,1.436293e-05,1.985083e-05,2997872.076,3.470557e-03,3.319456e+01,1.140974e-05,7.400650e-06,2998507.547,1.250000e-04,10.37,21308.00
4087,3.510129e-03,3.318694e+01,1.192238e-05,1.444240e-05,2997854.072,3.800857e-03,3.324328e+01,3.905755e-05,1.719064e-05,2997106.555,1.250000e-04,10.30,21318.30
4088,3.542456e-03,3.318440e+01,1.310812e-05,1.858695e-05,2997859.641,3.622311e-03,3.331277e+01,2.536754e-05,7.471860e-06,3000700.680,1.250000e-04,10.24,21328.54
4089,3.545110e-03,3.318722e+01,1.299604e-05,1.928554e-05,2997930.346,3.546085e-03,3.304112e+01,1.228398e-05,2.382657e-05,2989007.219,1.250000e-04,10.30,21338.84
4090,3.528153e-03,3.318215e+01,1.184687e-05,1.829400e-05,2997870.352,3.505726e-03,3.327139e+01,1.317161e-05,9.374014e-06,2996502.461,1.250000e-04,10.22,21349.06
4091,3.590985e-03,3.319790e+01,1.330438e-05,2.763010e-05,2997945.342,3.635953e-03,3.298260e+01,1.287239e-05,4.179386e-05,2983282.898,1.250000e-04,10.22,21359.28
4092,3.543185e-03,3.319427e+01,1.253724e-05,1.967732e-05,2997684.312,3.536638e-03,3.339708e+01,1.329373e-05,1.279841e-05,3006418.906,1.250000e-04,10.27,21369.55
4093,3.519499e-03,3.318333e+01,1.320282e-05,1.382763e-05,2998012.213,3.475924e-03,3.323823e+01,9.114486e-06,1.219139e-05,2999974.023,1.250000e-04,10.03,21379.58
4094,3.533699e-03,3.317784e+01,1.200148e-05,1.917996e-05,2997781.080,3.540639e-03,3.339086e+01,1.472898e-05,1.085266e-05,3004638.812,1.250000e-04,9.94,21389.52
4095,3.551371e-03,3.319639e+01,1.258825e-05,2.116976e-05,2997782.084,3.533293e-03,3.320860e+01,1.365880e-05,1.516908e-05,3000330.703,1.250000e-04,10.08,21399.60
4096,3.544038e-03,3.319814e+01,1.196094e-05,2.092279e-05,2997957.859,3.510852e-03,3.310888e+01,1.277249e-05,1.444786e-05,2998185.062,1.250000e-04,10.05,21409.65
4097,3.538427e-03,3.318618e+01,1.226685e-05,1.942804e-05,2997892.979,3.485738e-03,3.312919e+01,1.062071e-05,1.332248e-05,2998653.164,1.250000e-04,9.94,21419.59
4098,3.544221e-03,3.317500e+01,1.238012e-05,2.058403e-05,2997801.389,3.466292e-03,3.318855e+01,9.777956e-06,9.931608e-06,2997354.219,1.250000e-04,9.87,21429.46
4099,3.563682e-03,3.318370e+01,1.226615e-05,2.453018e-05,2998040.752,3.522743e-03,3.326800e+01,9.061585e-06,2.106545e-05,2998964.242,1.250000e-04,9.86,21439.32
4100,3.564007e-03,3.318339e+01,1.198838e-05,2.515675e-05,2997778.545,3.645039e-03,3.275747e+01,9.915475e-06,5.402742e-05,2984227.383,1.250000e-04,10.06,21449.39
4101,3.538444e-03,3.319083e+01,1.328381e-05,1.730460e-05,2997991.303,3.952704e-03,3.268827e+01,2.633253e-05,8.411051e-05,2973944.859,6.250000e-05,9.81,21459.20
4102,3.432563e-03,3.316524e+01,7.802147e-06,7.603550e-06,2997710.406,3.426914e-03,3.327249e+01,7.596848e-06,4.739187e-06,3002262.430,6.250000e-05,10.09,21469.29
4103,3.426282e-03,3.316218e+01,7.742925e-06,6.526908e-06,2997969.594,3.422604e-03,3.317308e+01,7.792366e-06,5.474378e-06,2995669.750,6.250000e-05,10.14,21479.43
4104,3.419855e-03,3.315647e+01,7.703667e-06,5.434252e-06,2997778.158,3.475710e-03,3.342517e+01,9.229634e-06,8.179376e-06,3005577.117,6.250000e-05,10.22,21489.65
4105,3.427982e-03,3.316389e+01,7.333028e-06,7.652453e-06,2998047.232,3.413751e-03,3.317216e+01,6.729812e-06,5.847298e-06,2996327.516,6.250000e-05,10.18,21499.84
4106,3.417409e-03,3.316293e+01,7.502957e-06,5.217218e-06,2997895.684,3.423417e-03,3.316674e+01,8.053420e-06,5.241732e-06,2996601.125,6.250000e-05,9.98,21509.82
4107,3.437495e-03,3.315117e+01,8.061818e-06,8.351827e-06,2997925.105,3.491843e-03,3.301589e+01,9.923614e-06,1.820366e-05,2989124.602,6.250000e-05,10.18,21520.00
4108,3.433870e-03,3.315748e+01,8.340063e-06,6.944202e-06,2997976.666,3.473951e-03,3.302126e+01,8.245800e-06,1.787347e-05,2989360.000,6.250000e-05,10.20,21530.20
4109,3.434246e-03,3.314842e+01,8.187239e-06,7.506307e-06,2997799.051,3.454512e-03,3.315994e+01,1.119932e-05,5.305046e-06,2996324.258,6.250000e-05,10.09,21540.29
4110,3.422482e-03,3.315227e+01,7.802892e-06,5.845316e-06,2998001.211,3.475527e-03,3.299093e+01,9.075914e-06,1.713503e-05,2990158.977,6.250000e-05,10.27,21550.56
4111,3.418901e-03,3.314651e+01,7.619305e-06,5.611363e-06,2997951.779,3.482073e-03,3.299106e+01,7.995717e-06,2.060207e-05,2988456.422,6.250000e-05,9.63,21560.19
4112,3.425365e-03,3.314435e+01,7.549212e-06,7.087577e-06,2997832.193,3.431477e-03,3.320642e+01,7.325230e-06,7.516528e-06,3002309.656,6.250000e-05,9.99,21570.18
4113,3.425668e-03,3.314383e+01,7.531337e-06,7.194406e-06,2997850.334,3.440613e-03,3.331473e+01,7.088650e-06,7.650719e-06,3004735.242,6.250000e-05,10.03,21580.21
4114,3.428068e-03,3.315012e+01,8.383352e-06,5.844440e-06,2998029.000,3.441256e-03,3.311729e+01,8.433338e-06,9.038919e-06,2999629.781,6.250000e-05,9.97,21590.18
4115,3.428672e-03,3.313986e+01,8.349930e-06,6.237382e-06,2997868.232,3.424726e-03,3.313790e+01,7.951142e-06,6.284959e-06,2996663.922,6.250000e-05,10.11,21600.29
4116,3.418399e-03,3.314828e+01,7.494956e-06,5.724361e-06,2998010.430,3.426225e-03,3.309154e+01,7.613669e-06,8.186800e-06,2994756.289,6.250000e-05,9.91,21610.20
4117,3.419016e-03,3.314016e+01,7.584576e-06,5.830781e-06,2997906.809,3.430679e-03,3.313617e+01,8.730138e-06,5.952112e-06,2995173.656,6.250000e-05,10.15,21620.35
4118,3.417916e-03,3.314278e+01,7.360035e-06,6.007505e-06,2997988.020,3.421923e-03,3.324384e+01,7.487954e-06,4.531823e-06,2998844.727,6.250000e-05,10.25,21630.60
4119,3.435847e-03,3.315505e+01,7.731356e-06,8.605706e-06,2998003.242,3.497964e-03,3.295546e+01,9.585331e-06,2.131291e-05,2989165.250,6.250000e-05,10.54,21641.14
4120,3.425330e-03,3.313932e+01,7.435174e-06,7.409222e-06,2997824.025,3.428511e-03,3.306220e+01,7.851842e-06,8.754454e-06,2994002.250,6.250000e-05,10.63,21651.77
4121,3.423360e-03,3.313991e+01,8.039729e-06,5.794405e-06,2998003.070,3.429536e-03,3.300921e+01,6.892326e-06,1.193831e-05,2992371.562,6.250000e-05,10.32,21662.09
4122,3.431177e-03,3.313419e+01,7.932863e-06,7.685962e-06,2997876.355,3.418064e-03,3.314782e+01,7.424018e-06,5.808239e-06,2996798.039,6.250000e-05,10.49,21672.58
4123,3.420220e-03,3.314383e+01,7.277726e-06,6.612040e-06,2998069.209,3.512109e-03,3.291302e+01,8.851424e-06,2.645855e-05,2986187.258,6.250000e-05,10.57,21683.15
4124,3.438405e-03,3.314341e+01,8.017881e-06,8.777040e-06,2997727.102,3.423265e-03,3.330390e+01,7.194754e-06,4.185510e-06,3001843.242,6.250000e-05,10.12,21693.27
4125,3.426552e-03,3.314844e+01,7.669509e-06,7.002512e-06,2997984.082,3.455937e-03,3.336122e+01,7.387404e-06,9.188121e-06,3006011.945,6.250000e-05,10.25,21703.53
4126,3.420534e-03,3.313720e+01,7.265393e-06,6.832066e-06,2997848.033,3.466666e-03,3.326091e+01,7.501684e-06,1.311175e-05,3005568.383,6.250000e-05,10.28,21713.80
4127,3.427250e-03,3.313603e+01,7.775290e-06,7.178952e-06,2997872.141,3.449926e-03,3.316517e+01,1.073620e-05,5.209389e-06,2996864.867,6.250000e-05,10.14,21723.94
4128,3.429044e-03,3.312795e+01,8.004746e-06,7.240318e-06,2997919.270,3.418698e-03,3.323328e+01,7.048196e-06,4.977679e-06,2999377.891,6.250000e-05,10.28,21734.23
4129,3.425216e-03,3.314080e+01,7.770948e-06,6.685282e-06,2997982.729,3.554290e-03,3.330458e+01,1.487215e-05,1.502216e-05,3007253.062,6.250000e-05,10.37,21744.60
4130,3.419204e-03,3.313669e+01,7.538567e-06,6.029890e-06,2997918.730,3.485869e-03,3.332395e+01,8.525836e-06,1.364315e-05,3006207.586,6.250000e-05,10.18,21754.78
4131,3.423618e-03,3.313221e+01,7.803819e-06,6.471859e-06,2997931.895,3.425730e-03,3.319245e+01,7.387781e-06,6.521352e-06,2999373.039,6.250000e-05,9.90,21764.68
4132,3.420398e-03,3.313019e+01,7.782791e-06,5.910205e-06,2997877.990,3.434552e-03,3.325114e+01,8.445654e-06,4.996248e-06,3001914.977,6.250000e-05,10.09,21774.77
4133,3.439775e-03,3.314264e+01,7.751557e-06,9.599118e-06,2998025.033,3.433415e-03,3.299925e+01,6.870596e-06,1.295671e-05,2991885.938,6.250000e-05,10.01,21784.79
4134,3.424151e-03,3.313611e+01,7.741259e-06,6.625498e-06,2997885.016,3.456922e-03,3.295686e+01,7.566708e-06,1.711374e-05,2989284.008,6.250000e-05,9.91,21794.69
4135,3.421359e-03,3.312680e+01,7.796491e-06,6.142762e-06,2997930.613,3.434348e-03,3.313171e+01,7.809870e-06,8.615851e-06,2993316.680,6.250000e-05,10.11,21804.81
4136,3.415749e-03,3.314027e+01,7.239927e-06,5.864474e-06,2997989.660,3.441505e-03,3.301820e+01,6.801122e-06,1.433472e-05,2990725.656,6.250000e-05,10.11,21814.92
4137,3.422516e-03,3.313059e+01,7.516839e-06,6.857576e-06,2997888.299,3.419466e-03,3.315747e+01,8.108381e-06,4.527190e-06,2999339.242,6.250000e-05,10.07,21824.98
4138,3.426724e-03,3.313182e+01,7.792192e-06,7.123942e-06,2997909.771,3.415865e-03,3.317786e+01,7.513472e-06,4.588783e-06,2999073.602,6.250000e-05,9.99,21834.97
4139,3.426886e-03,3.313352e+01,7.359276e-06,7.988229e-06,2997978.805,3.429936e-03,3.309471e+01,8.511551e-06,7.069912e-06,2995475.359,6.250000e-05,10.23,21845.20
4140,3.413422e-03,3.312989e+01,7.311703e-06,5.463206e-06,2997863.441,3.414604e-03,3.314344e+01,7.627338e-06,4.797295e-06,2997573.219,6.250000e-05,10.17,21855.37
4141,3.421211e-03,3.312842e+01,8.052167e-06,5.569588e-06,2998037.701,3.444641e-03,3.306546e+01,9.411228e-06,8.796671e-06,2993992.031,6.250000e-05,10.06,21865.43
4142,3.425794e-03,3.313158e+01,7.567419e-06,7.392286e-06,2997951.664,3.549688e-03,3.287354e+01,9.464924e-06,3.353688e-05,2983701.391,6.250000e-05,10.12,21875.55
4143,3.429839e-03,3.312229e+01,8.056198e-06,7.409620e-06,2997832.744,3.423724e-03,3.314350e+01,6.982082e-06,7.910495e-06,2994532.469,6.250000e-05,10.02,21885.57
4144,3.427555e-03,3.313370e+01,7.437477e-06,7.962070e-06,2997923.941,3.466397e-03,3.296119e+01,9.347747e-06,1.536015e-05,2990594.008,6.250000e-05,10.21,21895.78
4145,3.419366e-03,3.313026e+01,7.679220e-06,5.909505e-06,2997961.689,3.432336e-03,3.315759e+01,8.378406e-06,6.558779e-06,2999553.180,6.250000e-05,10.16,21905.93
4146,3.437747e-03,3.312378e+01,8.126088e-06,8.821625e-06,2997852.500,3.461280e-03,3.329424e+01,8.556372e-06,9.258407e-06,3005642.148,6.250000e-05,9.85,21915.78
4147,3.422995e-03,3.312831e+01,7.545029e-06,6.942779e-06,2997943.730,3.434163e-03,3.322483e+01,8.792478e-06,4.751077e-06,2997819.406,6.250000e-05,9.95,21925.74
4148,3.424114e-03,3.312398e+01,7.437543e-06,7.468262e-06,2997999.334,3.442373e-03,3.327023e+01,9.099232e-06,4.871417e-06,2998557.367,6.250000e-05,10.20,21935.94
4149,3.417490e-03,3.312676e+01,7.736809e-06,5.489258e-06,2997913.592,3.431994e-03,3.320352e+01,7.598843e-06,7.130775e-06,3002212.188,6.250000e-05,10.04,21945.98
4150,3.413232e-03,3.312127e+01,7.649086e-06,4.922729e-06,2997939.248,3.429128e-03,3.325166e+01,7.470676e-06,5.851107e-06,2999983.625,6.250000e-05,9.97,21955.95
4151,3.421972e-03,3.312302e+01,8.065831e-06,5.802412e-06,2997808.230,3.466271e-03,3.338200e+01,7.780176e-06,1.005393e-05,3007368.594,6.250000e-05,9.68,21965.64
4152,3.427852e-03,3.311979e+01,7.417898e-06,8.338793e-06,2997994.744,3.432590e-03,3.325074e+01,7.802927e-06,5.897265e-06,2999355.430,6.250000e-05,10.11,21975.75
4153,3.437230e-03,3.312938e+01,8.032642e-06,8.793326e-06,2997986.984,3.424592e-03,3.311671e+01,8.228362e-06,6.127647e-06,2998509.617,6.250000e-05,10.16,21985.90
4154,3.420254e-03,3.312302e+01,7.748114e-06,6.094326e-06,2997959.633,3.430580e-03,3.318234e+01,8.056339e-06,6.356563e-06,3000674.945,6.250000e-05,9.95,21995.86
4155,3.420267e-03,3.311973e+01,7.354696e-06,6.949428e-06,2997934.412,3.437365e-03,3.320643e+01,8.074023e-06,7.196461e-06,2998632.688,6.250000e-05,10.11,22005.96
4156,3.425092e-03,3.311935e+01,7.719207e-06,7.192944e-06,2997916.691,3.466051e-03,3.328919e+01,9.763882e-06,7.898631e-06,3004190.789,6.250000e-05,10.45,22016.41
4157,3.427170e-03,3.312413e+01,7.943488e-06,7.064437e-06,2997928.658,3.442157e-03,3.307313e+01,8.395038e-06,1.017865e-05,2997989.047,6.250000e-05,10.02,22026.43
4158,3.424766e-03,3.311398e+01,7.485439e-06,7.702805e-06,2997918.119,3.430934e-03,3.317827e+01,8.723245e-06,5.174949e-06,3000321.562,6.250000e-05,10.20,22036.63
4159,3.423868e-03,3.312345e+01,7.816874e-06,6.670923e-06,2998012.635,3.415786e-03,3.320298e+01,7.540036e-06,4.017461e-06,3000546.977,6.250000e-05,10.32,22046.96
4160,3.429446e-03,3.311865e+01,8.455105e-06,6.606052e-06,2998023.836,3.444148e-03,3.318778e+01,9.148895e-06,6.776099e-06,2995749.625,6.250000e-05,10.40,22057.36
4161,3.437710e-03,3.312449e+01,7.376409e-06,1.029938e-05,2997807.189,3.431437e-03,3.310175e+01,8.077251e-06,8.097959e-06,2996941.273,6.250000e-05,10.25,22067.60
4162,3.436469e-03,3.313006e+01,8.245107e-06,8.202401e-06,2998036.971,3.416130e-03,3.318524e+01,7.735722e-06,4.049857e-06,2999043.242,6.250000e-05,10.43,22078.04
4163,3.427411e-03,3.311020e+01,7.211827e-06,8.854560e-06,2997849.668,3.428376e-03,3.316541e+01,8.152603e-06,6.061870e-06,2996415.055,6.250000e-05,10.44,22088.47
4164,3.424709e-03,3.311309e+01,7.835609e-06,7.008805e-06,2997845.262,3.522470e-03,3.343154e+01,9.519412e-06,1.682442e-05,3010009.031,6.250000e-05,10.28,22098.75
4165,3.416117e-03,3.312331e+01,7.198935e-06,6.359494e-06,2997969.686,3.426493e-03,3.323839e+01,7.524902e-06,5.481089e-06,3002766.359,6.250000e-05,10.43,22109.18
4166,3.415060e-03,3.311724e+01,7.215859e-06,6.235545e-06,2997906.242,3.435830e-03,3.315330e+01,7.600376e-06,8.899343e-06,2995053.234,6.250000e-05,10.11,22119.29
4167,3.417169e-03,3.310889e+01,7.279006e-06,6.697930e-06,2997952.826,3.432003e-03,3.311173e+01,7.437995e-06,9.290026e-06,2993452.156,6.250000e-05,10.03,22129.31
4168,3.433326e-03,3.312058e+01,7.797662e-06,8.658412e-06,2997976.307,3.460821e-03,3.314831e+01,1.204615e-05,5.105615e-06,2996346.961,6.250000e-05,10.58,22139.90
4169,3.432318e-03,3.312590e+01,7.854565e-06,8.236335e-06,2997955.438,3.422937e-03,3.315149e+01,7.952322e-06,5.652908e-06,2999145.852,6.250000e-05,10.64,22150.53
4170,3.423928e-03,3.311762e+01,8.464589e-06,5.504028e-06,2997999.676,3.453805e-03,3.308034e+01,1.079580e-05,7.562675e-06,2994236.375,6.250000e-05,10.39,22160.92
4171,3.427897e-03,3.311572e+01,7.601186e-06,8.062539e-06,2997840.068,3.420489e-03,3.311293e+01,7.385098e-06,7.069080e-06,2995104.242,6.250000e-05,10.53,22171.45
4172,3.431077e-03,3.310573e+01,7.824243e-06,8.452265e-06,2997903.039,3.417273e-03,3.308549e+01,7.337816e-06,7.069329e-06,2995717.445,6.250000e-05,10.50,22181.95
4173,3.421972e-03,3.312229e+01,7.396187e-06,7.156401e-06,2997993.557,3.444552e-03,3.304080e+01,9.626842e-06,8.840700e-06,2995071.414,6.250000e-05,10.41,22192.36
4174,3.428042e-03,3.311831e+01,7.870667e-06,7.500999e-06,2997870.283,3.431370e-03,3.318078e+01,9.435601e-06,3.787110e-06,2998065.930,6.250000e-05,10.20,22202.56
4175,3.421231e-03,3.311483e+01,7.182587e-06,7.584491e-06,2997857.520,3.436049e-03,3.325889e+01,8.318010e-06,5.395885e-06,3003576.266,6.250000e-05,10.18,22212.74
4176,3.426399e-03,3.311522e+01,8.054055e-06,6.867401e-06,2998014.674,3.470844e-03,3.302442e+01,1.084768e-05,1.198500e-05,2992113.406,6.250000e-05,10.23,22222.97
4177,3.415250e-03,3.311191e+01,7.954257e-06,4.903430e-06,2997994.316,3.479787e-03,3.301809e+01,7.478274e-06,2.063910e-05,2987694.641,6.250000e-05,10.26,22233.23
4178,3.421306e-03,3.311892e+01,7.449095e-06,6.984609e-06,2997955.180,3.445075e-03,3.296273e+01,7.032913e-06,1.569461e-05,2991612.305,6.250000e-05,10.31,22243.54
4179,3.416269e-03,3.310603e+01,7.376428e-06,6.380423e-06,2997906.426,3.425133e-03,3.307227e+01,7.715380e-06,8.150595e-06,2994234.711,6.250000e-05,10.02,22253.57
4180,3.422506e-03,3.312231e+01,8.135830e-06,5.783308e-06,2997907.898,3.428659e-03,3.325292e+01,7.839355e-06,4.994685e-06,3003005.391,6.250000e-05,10.04,22263.61
4181,3.420579e-03,3.311549e+01,7.744069e-06,6.317866e-06,2997969.301,3.424220e-03,3.311472e+01,7.856445e-06,6.836898e-06,2996956.234,6.250000e-05,10.23,22273.84
4182,3.431376e-03,3.311945e+01,7.481478e-06,8.923420e-06,2997926.127,3.430638e-03,3.311176e+01,8.475322e-06,6.941823e-06,2999164.430,6.250000e-05,9.86,22283.70
4183,3.414899e-03,3.311676e+01,7.755882e-06,5.132766e-06,2998017.789,3.493257e-03,3.295801e+01,7.309983e-06,2.487127e-05,2987006.852,6.250000e-05,10.02,22293.72
4184,3.428812e-03,3.310779e+01,8.782119e-06,6.042309e-06,2997936.191,3.451035e-03,3.299351e+01,8.138120e-06,1.406052e-05,2991472.523,6.250000e-05,9.88,22303.60
4185,3.422552e-03,3.311829e+01,8.414663e-06,5.315381e-06,2997915.660,3.446466e-03,3.329143e+01,8.836429e-06,5.791760e-06,3002910.203,6.250000e-05,10.18,22313.78
4186,3.423528e-03,3.310294e+01,7.375200e-06,7.896546e-06,2997825.828,3.535269e-03,3.347036e+01,1.154832e-05,1.454998e-05,3009438.031,6.250000e-05,10.07,22323.85
4187,3.417230e-03,3.311939e+01,7.826488e-06,5.405095e-06,2998019.883,3.475540e-03,3.328839e+01,1.149403e-05,6.352151e-06,3004980.016,6.250000e-05,10.11,22333.96
4188,3.425883e-03,3.312008e+01,8.091143e-06,6.592581e-06,2997928.305,3.418850e-03,3.310168e+01,7.013405e-06,7.709524e-06,2997684.695,6.250000e-05,9.97,22343.92
4189,3.425220e-03,3.312001e+01,7.344829e-06,7.954127e-06,2998036.979,3.408759e-03,3.306568e+01,6.382054e-06,7.674220e-06,2997265.438,6.250000e-05,10.08,22354.00
4190,3.423836e-03,3.311581e+01,7.134187e-06,8.182660e-06,2997906.895,3.434325e-03,3.303477e+01,7.586594e-06,1.099647e-05,2997976.266,6.250000e-05,9.96,22363.97
4191,3.411741e-03,3.311031e+01,7.129684e-06,5.882687e-06,2997861.914,3.458733e-03,3.322056e+01,9.626576e-06,8.082217e-06,2999294.469,6.250000e-05,9.96,22373.93
4192,3.427206e-03,3.312102e+01,7.563436e-06,7.893831e-06,2998138.404,3.422737e-03,3.311453e+01,7.874358e-06,6.508024e-06,2998819.180,6.250000e-05,10.09,22384.02
4193,3.423626e-03,3.311071e+01,7.831748e-06,6.847645e-06,2997883.236,3.507176e-03,3.292897e+01,7.807072e-06,2.724168e-05,2985614.688,6.250000e-05,10.20,22394.23
4194,3.427061e-03,3.311130e+01,7.620321e-06,7.945712e-06,2997808.615,3.425245e-03,3.324046e+01,7.999269e-06,4.241237e-06,3002029.711,6.250000e-05,10.33,22404.56
4195,3.429619e-03,3.311937e+01,7.516136e-06,8.504130e-06,2997924.514,3.417983e-03,3.320012e+01,7.572781e-06,4.448779e-06,3001008.703,6.250000e-05,9.96,22414.51
4196,3.423494e-03,3.311493e+01,7.323318e-06,7.753648e-06,2998028.189,3.456609e-03,3.298129e+01,8.865381e-06,1.396537e-05,2991384.523,6.250000e-05,10.09,22424.61
4197,3.430508e-03,3.311320e+01,7.503053e-06,8.831548e-06,2997945.957,3.413649e-03,3.314561e+01,7.643917e-06,4.529730e-06,2998692.391,6.250000e-05,10.06,22434.67
4198,3.417630e-03,3.310319e+01,7.775180e-06,5.911840e-06,2997939.711,3.421917e-03,3.310312e+01,8.575354e-06,5.170250e-06,2995374.875,6.250000e-05,10.08,22444.75
4199,3.414885e-03,3.311018e+01,7.417475e-06,5.938446e-06,2997888.189,3.430326e-03,3.312074e+01,7.330651e-06,8.989146e-06,2999069.523,6.250000e-05,9.82,22454.57
4200,3.424662e-03,3.310853e+01,7.611211e-06,7.539376e-06,2997933.141,3.417060e-03,3.319751e+01,7.884397e-06,3.692880e-06,2999371.664,6.250000e-05,10.10,22464.66
4201,3.426724e-03,3.311307e+01,7.885406e-06,7.312607e-06,2997920.219,3.585108e-03,3.331475e+01,1.925299e-05,1.222055e-05,3006771.445,6.250000e-05,9.67,22474.34
4202,3.422290e-03,3.310219e+01,7.779405e-06,6.855377e-06,2997940.646,3.437206e-03,3.312429e+01,9.183500e-06,6.588443e-06,2998481.938,6.250000e-05,9.99,22484.32
4203,3.413544e-03,3.311446e+01,7.483035e-06,5.453404e-06,2997951.756,3.451321e-03,3.316455e+01,8.040988e-06,1.089130e-05,3001701.367,6.250000e-05,9.86,22494.19
4204,3.419473e-03,3.310499e+01,7.611592e-06,6.571641e-06,2997913.174,3.411252e-03,3.309170e+01,7.045453e-06,6.325384e-06,2996173.406,6.250000e-05,9.95,22504.14
4205,3.416079e-03,3.310039e+01,7.702227e-06,5.803668e-06,2997853.441,3.434342e-03,3.327862e+01,7.606777e-06,6.082409e-06,3003652.188,6.250000e-05,9.86,22514.01
4206,3.423576e-03,3.310774e+01,7.823428e-06,6.913613e-06,2997885.986,3.523716e-03,3.339785e+01,1.106001e-05,1.466626e-05,3008405.516,6.250000e-05,10.43,22524.44
4207,3.420377e-03,3.311124e+01,7.682117e-06,6.486408e-06,2998020.762,3.417621e-03,3.319477e+01,7.042223e-06,5.544262e-06,3001322.125,6.250000e-05,9.88,22534.32
4208,3.420140e-03,3.311079e+01,7.347699e-06,7.116811e-06,2997971.588,3.428397e-03,3.312941e+01,8.279808e-06,6.531528e-06,2996121.031,6.250000e-05,10.37,22544.70
4209,3.424939e-03,3.311009e+01,7.211440e-06,8.363121e-06,2997927.877,3.436757e-03,3.327126e+01,7.551233e-06,6.823715e-06,3004518.086,6.250000e-05,10.51,22555.21
4210,3.426671e-03,3.311465e+01,7.742996e-06,7.555145e-06,2998007.352,3.469845e-03,3.306409e+01,1.004768e-05,1.259183e-05,2997577.844,6.250000e-05,10.47,22565.67
4211,3.423429e-03,3.311083e+01,7.637731e-06,7.193635e-06,2997924.986,3.465887e-03,3.311041e+01,7.874984e-06,1.521926e-05,2992993.164,6.250000e-05,10.58,22576.25
4212,3.425125e-03,3.311076e+01,7.659867e-06,7.489981e-06,2997918.809,3.443717e-03,3.304629e+01,7.664315e-06,1.248899e-05,2993057.062,6.250000e-05,10.73,22586.97
4213,3.421409e-03,3.310756e+01,7.588714e-06,6.953012e-06,2997940.412,3.445910e-03,3.306736e+01,9.482070e-06,8.870786e-06,2996418.766,6.250000e-05,10.28,22597.25
4214,3.425851e-03,3.310727e+01,7.467947e-06,8.088947e-06,2998022.428,3.505903e-03,3.284044e+01,7.495846e-06,2.938011e-05,2985339.031,6.250000e-05,10.41,22607.66
4215,3.412637e-03,3.310646e+01,7.216174e-06,5.965970e-06,2997889.992,3.429559e-03,3.324942e+01,8.113106e-06,4.697288e-06,3002408.734,6.250000e-05,10.23,22617.89
4216,3.421550e-03,3.309906e+01,7.832125e-06,6.664499e-06,2997818.031,3.457579e-03,3.322686e+01,8.769986e-06,9.438606e-06,3004439.555,6.250000e-05,10.27,22628.16
4217,3.429299e-03,3.310984e+01,7.538633e-06,8.585772e-06,2998012.723,3.419650e-03,3.306556e+01,7.852242e-06,6.914314e-06,2995595.688,6.250000e-05,10.22,22638.38
4218,3.423076e-03,3.309742e+01,7.693408e-06,7.280031e-06,2997871.939,3.443576e-03,3.316684e+01,8.416649e-06,8.545076e-06,2997222.680,6.250000e-05,10.30,22648.68
4219,3.434673e-03,3.311749e+01,8.256486e-06,8.071742e-06,2997978.230,3.424160e-03,3.302924e+01,8.137302e-06,7.972511e-06,2994588.531,6.250000e-05,10.16,22658.85
4220,3.431511e-03,3.311159e+01,7.809301e-06,8.451791e-06,2997906.990,3.484442e-03,3.315150e+01,1.346189e-05,6.934781e-06,2999496.102,6.250000e-05,10.10,22668.95
4221,3.428966e-03,3.310614e+01,8.355390e-06,6.959687e-06,2998039.762,3.428196e-03,3.311392e+01,7.220247e-06,8.920395e-06,2999655.477,6.250000e-05,9.80,22678.75
4222,3.426060e-03,3.310552e+01,7.727306e-06,7.647094e-06,2997877.723,3.430798e-03,3.309548e+01,8.075251e-06,8.099530e-06,2995872.039,6.250000e-05,10.03,22688.78
4223,3.423762e-03,3.311003e+01,8.156808e-06,6.238261e-06,2998085.789,3.552912e-03,3.292034e+01,1.005729e-05,3.206110e-05,2984711.195,6.250000e-05,9.79,22698.57
4224,3.427063e-03,3.310454e+01,7.895941e-06,7.529954e-06,2997757.855,3.442410e-03,3.317515e+01,9.162242e-06,6.654625e-06,2996876.336,6.250000e-05,10.06,22708.63
4225,3.426664e-03,3.310045e+01,7.945621e-06,7.432499e-06,2997939.863,3.489521e-03,3.322980e+01,1.324482e-05,6.818702e-06,3003889.938,6.250000e-05,10.17,22718.79
4226,3.411133e-03,3.310932e+01,7.214109e-06,5.611955e-06,2997924.807,3.456485e-03,3.326081e+01,9.311218e-06,7.458390e-06,3004023.227,6.250000e-05,10.28,22729.08
4227,3.426381e-03,3.310645e+01,8.408496e-06,6.330322e-06,2997900.529,3.431400e-03,3.312313e+01,7.381985e-06,9.053509e-06,3000820.438,6.250000e-05,10.04,22739.12
4228,3.423802e-03,3.310435e+01,7.592487e-06,7.488488e-06,2997942.822,3.456080e-03,3.324747e+01,9.244041e-06,7.778503e-06,3004621.883,6.250000e-05,10.28,22749.40
4229,3.427969e-03,3.310619e+01,7.277006e-06,8.915946e-06,2997953.461,3.415173e-03,3.307110e+01,7.586425e-06,6.439778e-06,2995470.898,6.250000e-05,10.09,22759.49
4230,3.417373e-03,3.310467e+01,7.675390e-06,6.030416e-06,2998011.006,3.425110e-03,3.318505e+01,9.064131e-06,3.192812e-06,2998535.555,6.250000e-05,10.04,22769.53
4231,3.424118e-03,3.309940e+01,7.766765e-06,7.302118e-06,2997904.189,3.431902e-03,3.311353e+01,7.602174e-06,8.905545e-06,2999997.633,6.250000e-05,9.87,22779.40
4232,3.422406e-03,3.310753e+01,7.908517e-06,6.513501e-06,2997918.131,3.414814e-03,3.303188e+01,7.034978e-06,8.255274e-06,2996352.453,6.250000e-05,10.02,22789.42
4233,3.416494e-03,3.309302e+01,7.346308e-06,6.745825e-06,2997893.074,3.553483e-03,3.339369e+01,1.014479e-05,2.253329e-05,3011380.555,6.250000e-05,9.89,22799.31
4234,3.430222e-03,3.310094e+01,7.976068e-06,8.073327e-06,2997996.283,3.463473e-03,3.319091e+01,1.079454e-05,7.287185e-06,3003164.297,6.250000e-05,9.93,22809.24
4235,3.419089e-03,3.309600e+01,7.485679e-06,6.926547e-06,2997871.240,3.405100e-03,3.314128e+01,6.792761e-06,4.608894e-06,2997186.773,6.250000e-05,10.32,22819.56
4236,3.417902e-03,3.310263e+01,7.734638e-06,6.058628e-06,2997993.424,3.428074e-03,3.311398e+01,8.872478e-06,5.590234e-06,2997018.727,6.250000e-05,10.02,22829.58
4237,3.430085e-03,3.309470e+01,7.868794e-06,8.385434e-06,2997684.080,3.569108e-03,3.327428e+01,8.906174e-06,3.052360e-05,3010977.008,6.250000e-05,10.00,22839.58
4238,3.429860e-03,3.311042e+01,7.470951e-06,8.821622e-06,2998253.537,3.557660e-03,3.301717e+01,9.036092e-06,3.311652e-05,2987597.984,6.250000e-05,10.04,22849.62
4239,3.424627e-03,3.310253e+01,7.770127e-06,7.334395e-06,2997750.912,3.450345e-03,3.324477e+01,8.787097e-06,7.599282e-06,3004423.039,6.250000e-05,10.11,22859.73
4240,3.426648e-03,3.310405e+01,8.163144e-06,6.922268e-06,2998038.352,3.426253e-03,3.302667e+01,7.798180e-06,9.120925e-06,2995385.680,6.250000e-05,10.14,22869.88
4241,3.428152e-03,3.309450e+01,7.389623e-06,8.961112e-06,2997781.053,3.476447e-03,3.335593e+01,8.908648e-06,1.035364e-05,3005838.352,6.250000e-05,10.56,22880.44
4242,3.417556e-03,3.310061e+01,7.274530e-06,6.949859e-06,2998067.527,3.433355e-03,3.319296e+01,7.676911e-06,7.457885e-06,3003259.000,6.250000e-05,10.51,22890.95
4243,3.421502e-03,3.309844e+01,8.218057e-06,5.895469e-06,2997867.424,3.419217e-03,3.315511e+01,8.141149e-06,4.459025e-06,2999830.570,6.250000e-05,9.85,22900.80
4244,3.429864e-03,3.310429e+01,7.717098e-06,8.452669e-06,2998039.037,3.477524e-03,3.295603e+01,9.911006e-06,1.656224e-05,2990255.031,6.250000e-05,9.96,22910.76
4245,3.431429e-03,3.309493e+01,8.200454e-06,7.986390e-06,2997919.809,3.467341e-03,3.293774e+01,9.105439e-06,1.650244e-05,2990776.070,6.250000e-05,10.00,22920.76
4246,3.426695e-03,3.309230e+01,8.307655e-06,6.877681e-06,2997859.514,3.436244e-03,3.320518e+01,9.258902e-06,4.627378e-06,3000015.898,6.250000e-05,10.10,22930.86
4247,3.423139e-03,3.311213e+01,7.476386e-06,7.432482e-06,2997903.814,3.497189e-03,3.319866e+01,7.900476e-06,1.966363e-05,3007087.273,6.250000e-05,9.99,22940.85
4248,3.426180e-03,3.309543e+01,7.601043e-06,8.125210e-06,2998131.232,3.468446e-03,3.315907e+01,9.741395e-06,1.102506e-05,3002991.359,6.250000e-05,9.95,22950.80
4249,3.436613e-03,3.309725e+01,8.063055e-06,9.251368e-06,2997826.461,3.440227e-03,3.300973e+01,7.618137e-06,1.261459e-05,2992867.805,6.250000e-05,10.05,22960.86
4250,3.420137e-03,3.309903e+01,7.580444e-06,6.885994e-06,2997875.061,3.413249e-03,3.305714e+01,7.205879e-06,7.095296e-06,2997452.344,6.250000e-05,10.80,22971.65
4251,3.428009e-03,3.310088e+01,7.143626e-06,9.296814e-06,2997940.092,3.403356e-03,3.312927e+01,6.821773e-06,4.442305e-06,2997108.867,6.250000e-05,10.67,22982.32
4252,3.419821e-03,3.309902e+01,7.760110e-06,6.463568e-06,2997831.742,3.431300e-03,3.317006e+01,7.269452e-06,8.319927e-06,2999321.898,6.250000e-05,10.37,22992.69
4253,3.415814e-03,3.310990e+01,7.825318e-06,5.314103e-06,2998064.451,3.418778e-03,3.311093e+01,7.131489e-06,7.274041e-06,2998003.344,6.250000e-05,10.25,23002.94
4254,3.419995e-03,3.309249e+01,7.743269e-06,6.662731e-06,2997938.148,3.413292e-03,3.314053e+01,7.879317e-06,4.089303e-06,2997654.578,6.250000e-05,9.92,23012.87
4255,3.423791e-03,3.309973e+01,7.865995e-06,7.031530e-06,2998055.062,3.410725e-03,3.303671e+01,6.790027e-06,7.830730e-06,2995334.211,6.250000e-05,10.14,23023.01
4256,3.431707e-03,3.309073e+01,7.614496e-06,9.297903e-06,2997762.125,3.453616e-03,3.304145e+01,1.048735e-05,8.919644e-06,2994134.875,6.250000e-05,10.43,23033.44
4257,3.447475e-03,3.309757e+01,7.942988e-06,1.165772e-05,2998006.094,3.443446e-03,3.330893e+01,8.614572e-06,5.281505e-06,3004073.859,6.250000e-05,10.48,23043.92
4258,3.428969e-03,3.310697e+01,8.158672e-06,7.337041e-06,2997992.709,3.439763e-03,3.306064e+01,9.191206e-06,8.357320e-06,2997926.258,6.250000e-05,10.38,23054.30
4259,3.424024e-03,3.309939e+01,7.674440e-06,7.468175e-06,2997815.576,3.483994e-03,3.325701e+01,9.595626e-06,1.246734e-05,3006616.812,6.250000e-05,10.09,23064.39
4260,3.419860e-03,3.309505e+01,7.838435e-06,6.394221e-06,2997969.637,3.409592e-03,3.308895e+01,7.091892e-06,5.955592e-06,2994912.773,6.250000e-05,10.15,23074.54
4261,3.421086e-03,3.309356e+01,7.542042e-06,7.261945e-06,2997903.418,3.414194e-03,3.304192e+01,7.622358e-06,6.755778e-06,2994677.477,6.250000e-05,10.08,23084.62
4262,3.420510e-03,3.310131e+01,7.611341e-06,6.853126e-06,2997935.215,3.466325e-03,3.324593e+01,8.682630e-06,1.098123e-05,3003278.547,6.250000e-05,11.21,23095.83
4263,3.421540e-03,3.309947e+01,7.116533e-06,8.085566e-06,2997977.693,3.416210e-03,3.311222e+01,6.974686e-06,7.048187e-06,3000031.086,6.250000e-05,10.56,23106.39
4264,3.423179e-03,3.309546e+01,7.541069e-06,7.644616e-06,2997899.219,3.441874e-03,3.298218e+01,8.945454e-06,1.084040e-05,2994885.648,6.250000e-05,10.56,23116.95
4265,3.423723e-03,3.310022e+01,8.135459e-06,6.469389e-06,2998028.393,3.479972e-03,3.301222e+01,1.150029e-05,1.274943e-05,2996272.617,6.250000e-05,10.60,23127.55
4266,3.437377e-03,3.309489e+01,7.729918e-06,1.011780e-05,2997820.799,3.446609e-03,3.327894e+01,7.975132e-06,7.792681e-06,3005259.883,6.250000e-05,10.42,23137.97
4267,3.418288e-03,3.310018e+01,7.453080e-06,6.747924e-06,2997985.371,3.431588e-03,3.308751e+01,7.060437e-06,1.044649e-05,3000156.703,6.250000e-05,10.37,23148.35
4268,3.422161e-03,3.309574e+01,8.418864e-06,5.679788e-06,2998032.957,3.431046e-03,3.306430e+01,9.012315e-06,6.898460e-06,2994618.352,6.250000e-05,10.28,23158.63
4269,3.415731e-03,3.309780e+01,7.376544e-06,6.437166e-06,2997916.631,3.407981e-03,3.306147e+01,6.625240e-06,7.116482e-06,2996802.031,6.250000e-05,10.07,23168.70
4270,3.427580e-03,3.309373e+01,7.728457e-06,8.184511e-06,2997906.303,3.406816e-03,3.311966e+01,7.426420e-06,4.117236e-06,2998156.625,6.250000e-05,10.17,23178.87
4271,3.425058e-03,3.309359e+01,7.893742e-06,7.352334e-06,2997866.221,3.424019e-03,3.306510e+01,7.408436e-06,8.684884e-06,2994311.422,6.250000e-05,10.21,23189.08
4272,3.410270e-03,3.310411e+01,7.227969e-06,5.515916e-06,2998038.650,3.409200e-03,3.309452e+01,7.035756e-06,5.878001e-06,2994601.992,6.250000e-05,10.18,23199.25
4273,3.417440e-03,3.310005e+01,7.763261e-06,5.960693e-06,2997839.154,3.491132e-03,3.321730e+01,8.701903e-06,1.647673e-05,3006883.898,6.250000e-05,10.81,23210.06
4274,3.420689e-03,3.309645e+01,7.617726e-06,6.973390e-06,2998008.268,3.426611e-03,3.306595e+01,8.250728e-06,7.501724e-06,2995222.086,6.250000e-05,11.05,23221.11
4275,3.423009e-03,3.310219e+01,7.611906e-06,7.334182e-06,2997927.621,3.436951e-03,3.301643e+01,8.352388e-06,1.035690e-05,2992941.812,6.250000e-05,10.78,23231.89
4276,3.414127e-03,3.310137e+01,7.724501e-06,5.348898e-06,2997855.205,3.441264e-03,3.313591e+01,9.894690e-06,5.745185e-06,3000264.633,6.250000e-05,10.77,23242.66
4277,3.424415e-03,3.309175e+01,7.852580e-06,7.342931e-06,2997954.879,3.475886e-03,3.318247e+01,1.360389e-05,4.320208e-06,2999329.211,6.250000e-05,10.15,23252.81
4278,3.427893e-03,3.310482e+01,8.231558e-06,7.019066e-06,2997923.551,3.442966e-03,3.302908e+01,7.973620e-06,1.206439e-05,2996273.141,6.250000e-05,10.42,23263.23
4279,3.415070e-03,3.309305e+01,7.472487e-06,6.208127e-06,2997812.531,3.429892e-03,3.321650e+01,7.948942e-06,5.750628e-06,3002987.703,6.250000e-05,10.04,23273.27
4280,3.423284e-03,3.309785e+01,7.202838e-06,8.294238e-06,2998074.344,3.415293e-03,3.306278e+01,7.041610e-06,7.719896e-06,2996520.945,6.250000e-05,10.40,23283.67
4281,3.428477e-03,3.309137e+01,7.428706e-06,9.010468e-06,2997812.490,3.500696e-03,3.332462e+01,9.321148e-06,1.500463e-05,3008933.391,6.250000e-05,10.00,23293.67
4282,3.422687e-03,3.309691e+01,7.278932e-06,8.041283e-06,2998041.309,3.419591e-03,3.308152e+01,8.111348e-06,6.065090e-06,2996481.188,6.250000e-05,10.00,23303.67
4283,3.421880e-03,3.310138e+01,7.169649e-06,8.009137e-06,2997994.521,3.641700e-03,3.281748e+01,9.399027e-06,5.319247e-05,2980317.844,6.250000e-05,10.19,23313.86
4284,3.426830e-03,3.309020e+01,7.593156e-06,8.375864e-06,2997827.721,3.434553e-03,3.311379e+01,9.444653e-06,5.745510e-06,2999184.984,6.250000e-05,10.49,23324.35
4285,3.443707e-03,3.310160e+01,8.272009e-06,1.016535e-05,2998032.539,3.427301e-03,3.301307e+01,7.517583e-06,1.016356e-05,2995774.555,6.250000e-05,9.97,23334.32
4286,3.417204e-03,3.308914e+01,7.407790e-06,6.842340e-06,2997874.764,3.433424e-03,3.298539e+01,7.751880e-06,1.147320e-05,2994736.156,6.250000e-05,10.54,23344.85
4287,3.429459e-03,3.309996e+01,7.436851e-06,9.018891e-06,2997982.820,3.440421e-03,3.300298e+01,9.109221e-06,9.806134e-06,2993010.531,6.250000e-05,10.30,23355.15
4288,3.418878e-03,3.308795e+01,7.256394e-06,7.503732e-06,2997941.939,3.413657e-03,3.303154e+01,7.066288e-06,7.968193e-06,2993767.875,6.250000e-05,10.46,23365.61
4289,3.429932e-03,3.309426e+01,7.819101e-06,8.462999e-06,2997878.295,3.399968e-03,3.309764e+01,6.757069e-06,4.526678e-06,2997337.305,6.250000e-05,10.10,23375.71
4290,3.430823e-03,3.309329e+01,7.656303e-06,8.986257e-06,2997848.609,3.424034e-03,3.321922e+01,7.689694e-06,5.042865e-06,3003170.477,6.250000e-05,10.14,23385.85
4291,3.414831e-03,3.309752e+01,7.618147e-06,5.779569e-06,2998043.703,3.432783e-03,3.301975e+01,8.580705e-06,9.000247e-06,2994048.953,6.250000e-05,9.96,23395.81
4292,3.415038e-03,3.309322e+01,7.506853e-06,6.129526e-06,2997882.984,3.449920e-03,3.303134e+01,8.746750e-06,1.186381e-05,2993452.109,6.250000e-05,10.40,23406.21
4293,3.421259e-03,3.309157e+01,7.751230e-06,6.917865e-06,2997914.195,3.453295e-03,3.316353e+01,9.499251e-06,8.389819e-06,3002446.172,6.250000e-05,10.68,23416.89
4294,3.419532e-03,3.308524e+01,7.958237e-06,6.284987e-06,2997925.174,3.439291e-03,3.311012e+01,7.974274e-06,9.707339e-06,2995958.922,6.250000e-05,10.73,23427.62
4295,3.423857e-03,3.309784e+01,7.820619e-06,7.173432e-06,2998014.346,3.413535e-03,3.304754e+01,6.786431e-06,8.183395e-06,2993999.656,6.250000e-05,10.05,23437.67
4296,3.428524e-03,3.309447e+01,7.418147e-06,8.979120e-06,2997823.014,3.467599e-03,3.317965e+01,9.210947e-06,1.150504e-05,3004094.883,6.250000e-05,10.28,23447.95
4297,3.427746e-03,3.310505e+01,7.805505e-06,7.837341e-06,2998020.695,3.443680e-03,3.293833e+01,7.160892e-06,1.564760e-05,2989769.938,6.250000e-05,10.56,23458.52
4298,3.427003e-03,3.309283e+01,7.669247e-06,8.205689e-06,2997880.883,3.467748e-03,3.301750e+01,1.085402e-05,1.149167e-05,2994771.500,6.250000e-05,10.17,23468.68
4299,3.439002e-03,3.309593e+01,7.428738e-06,1.102428e-05,2998028.795,3.446578e-03,3.323583e+01,8.336731e-06,7.925551e-06,3004865.273,6.250000e-05,10.41,23479.09
4300,3.415108e-03,3.308880e+01,7.324342e-06,6.596848e-06,2997951.143,3.446647e-03,3.308979e+01,8.755510e-06,1.002255e-05,2993597.023,6.250000e-05,10.20,23489.29
4301,3.435758e-03,3.310580e+01,7.794213e-06,9.447276e-06,2997843.211,3.457176e-03,3.321292e+01,7.480278e-06,1.221630e-05,3000145.094,6.250000e-05,10.11,23499.40
4302,3.427828e-03,3.309160e+01,7.878721e-06,7.976163e-06,2997970.727,3.476554e-03,3.295815e+01,1.033500e-05,1.547771e-05,2990830.898,6.250000e-05,9.55,23508.95
4303,3.417689e-03,3.308106e+01,7.374046e-06,7.168505e-06,2997927.631,3.472979e-03,3.330442e+01,8.229461e-06,1.204852e-05,3007491.398,6.250000e-05,10.22,23519.17
4304,3.421480e-03,3.309364e+01,7.393967e-06,7.635225e-06,2997950.936,3.421455e-03,3.315004e+01,7.811027e-06,5.668169e-06,3000314.367,6.250000e-05,10.04,23529.21
4305,3.420616e-03,3.309390e+01,7.591978e-06,7.061170e-06,2997909.213,3.418796e-03,3.313860e+01,8.011035e-06,4.965244e-06,3000122.820,6.250000e-05,10.28,23539.49
4306,3.421317e-03,3.308738e+01,7.503302e-06,7.509243e-06,2997895.598,3.468069e-03,3.293207e+01,9.463627e-06,1.604523e-05,2990511.688,6.250000e-05,10.20,23549.69
4307,3.418052e-03,3.308713e+01,7.834315e-06,6.199088e-06,2997952.547,3.430771e-03,3.320129e+01,8.315224e-06,5.497940e-06,3000139.906,6.250000e-05,10.07,23559.76
4308,3.431920e-03,3.309523e+01,8.614188e-06,7.251132e-06,2998006.529,3.436527e-03,3.297028e+01,7.645476e-06,1.260877e-05,2993189.156,6.250000e-05,10.09,23569.86
4309,3.415326e-03,3.308903e+01,7.479622e-06,6.325256e-06,2997841.053,3.420412e-03,3.318732e+01,7.958461e-06,4.419281e-06,3000164.641,6.250000e-05,10.33,23580.18
4310,3.427334e-03,3.308932e+01,7.901490e-06,7.877308e-06,2998032.859,3.471075e-03,3.328797e+01,1.190635e-05,4.642929e-06,3003609.016,6.250000e-05,9.89,23590.07
4311,3.418463e-03,3.309996e+01,7.130764e-06,7.431855e-06,2997888.926,3.460512e-03,3.295720e+01,7.399315e-06,1.815975e-05,2995203.258,6.250000e-05,10.37,23600.45
4312,3.421134e-03,3.308271e+01,7.631307e-06,7.310067e-06,2997832.520,3.450146e-03,3.317814e+01,9.296334e-06,7.873758e-06,3002695.250,6.250000e-05,10.85,23611.30
4313,3.423250e-03,3.308999e+01,7.941884e-06,6.966537e-06,2997945.877,3.467938e-03,3.323551e+01,8.645311e-06,1.158670e-05,3005294.227,6.250000e-05,10.79,23622.09
4314,3.418971e-03,3.309155e+01,7.370057e-06,7.223243e-06,2997987.398,3.423196e-03,3.314626e+01,8.077709e-06,5.558528e-06,3001368.039,6.250000e-05,10.15,23632.24
4315,3.421487e-03,3.308655e+01,7.510235e-06,7.545966e-06,2997873.363,3.427051e-03,3.315006e+01,8.090435e-06,6.228221e-06,3001694.328,6.250000e-05,10.22,23642.45
4316,3.419460e-03,3.308365e+01,7.759957e-06,6.698993e-06,2997929.039,3.420843e-03,3.322899e+01,6.989360e-06,5.610026e-06,2999588.961,6.250000e-05,9.69,23652.14
4317,3.421315e-03,3.308623e+01,7.212091e-06,8.114123e-06,2997970.439,3.471048e-03,3.312353e+01,8.445667e-06,1.484770e-05,2992320.352,6.250000e-05,10.67,23662.81
4318,3.420388e-03,3.308580e+01,7.412316e-06,7.536875e-06,2997868.350,3.423890e-03,3.322017e+01,7.687879e-06,4.998895e-06,3002621.445,6.250000e-05,10.44,23673.25
4319,3.428468e-03,3.308983e+01,7.361207e-06,9.174523e-06,2997962.107,3.436827e-03,3.323011e+01,9.291614e-06,4.179925e-06,3001831.539,6.250000e-05,10.22,23683.46
4320,3.419120e-03,3.309688e+01,7.713919e-06,6.458612e-06,2997995.238,3.438567e-03,3.304970e+01,9.995771e-06,6.727741e-06,2994868.117,6.250000e-05,10.38,23693.84
4321,3.432841e-03,3.308937e+01,8.045164e-06,8.690629e-06,2997987.039,3.437141e-03,3.297064e+01,8.424423e-06,1.116652e-05,2992606.398,6.250000e-05,10.22,23704.06
4322,3.425710e-03,3.308948e+01,7.800915e-06,7.750696e-06,2997941.498,3.476269e-03,3.291355e+01,8.672028e-06,1.963891e-05,2988787.289,6.250000e-05,10.29,23714.35
4323,3.423988e-03,3.308943e+01,7.378149e-06,8.252676e-06,2997873.199,3.475383e-03,3.304595e+01,1.161421e-05,1.092919e-05,2994610.594,6.250000e-05,10.01,23724.37
4324,3.418233e-03,3.308093e+01,8.356941e-06,5.314137e-06,2997912.662,3.430117e-03,3.319007e+01,8.409147e-06,5.403593e-06,2997634.609,6.250000e-05,10.47,23734.84
4325,3.416229e-03,3.309545e+01,7.263271e-06,6.810359e-06,2998009.697,3.461516e-03,3.300969e+01,9.811616e-06,1.248618e-05,2991047.195,6.250000e-05,10.11,23744.96
4326,3.422271e-03,3.308069e+01,7.495408e-06,7.849481e-06,2997780.531,3.445744e-03,3.322262e+01,8.368010e-06,7.960251e-06,3000993.648,6.250000e-05,9.69,23754.65
4327,3.421020e-03,3.309285e+01,7.055729e-06,8.235639e-06,2998089.891,3.402624e-03,3.306048e+01,6.728836e-06,5.857478e-06,2995101.875,6.250000e-05,9.92,23764.57
4328,3.421480e-03,3.308249e+01,7.431738e-06,7.782716e-06,2997886.721,3.408686e-03,3.317987e+01,7.123049e-06,3.893654e-06,3001165.539,6.250000e-05,10.16,23774.73
4329,3.414747e-03,3.308857e+01,7.477313e-06,6.223356e-06,2997911.801,3.432921e-03,3.314038e+01,7.699576e-06,8.377517e-06,3002098.180,6.250000e-05,10.76,23785.49
4330,3.426863e-03,3.309525e+01,7.278525e-06,8.910640e-06,2998079.322,3.407441e-03,3.314961e+01,7.319785e-06,3.856507e-06,2998265.242,6.250000e-05,10.42,23795.91
4331,3.419915e-03,3.308647e+01,7.478621e-06,7.296360e-06,2997797.898,3.434013e-03,3.308095e+01,8.497805e-06,8.187958e-06,2998266.750,6.250000e-05,10.11,23806.01
4332,3.424756e-03,3.309481e+01,7.703795e-06,7.647472e-06,2998131.818,3.478485e-03,3.282744e+01,7.293198e-06,2.456168e-05,2990143.930,6.250000e-05,10.95,23816.96
4333,3.418999e-03,3.307691e+01,7.226786e-06,7.808129e-06,2997796.932,3.421301e-03,3.299750e+01,7.270821e-06,9.768559e-06,2996038.625,6.250000e-05,10.83,23827.79
4334,3.426614e-03,3.308404e+01,7.904516e-06,7.832949e-06,2997940.822,3.435081e-03,3.299095e+01,8.621245e-06,9.954604e-06,2992421.484,6.250000e-05,10.88,23838.68
4335,3.418409e-03,3.308490e+01,7.945958e-06,6.091959e-06,2997880.660,3.437643e-03,3.315611e+01,8.460026e-06,7.486239e-06,3002769.883,6.250000e-05,11.38,23850.06
4336,3.415684e-03,3.308852e+01,7.793623e-06,5.779238e-06,2997969.182,3.446237e-03,3.317848e+01,9.715185e-06,6.247455e-06,3002235.398,6.250000e-05,10.52,23860.58
4337,3.418860e-03,3.308274e+01,7.344806e-06,7.427496e-06,2997939.234,3.460394e-03,3.326552e+01,7.390401e-06,1.198767e-05,3006676.367,6.250000e-05,10.97,23871.55
4338,3.435243e-03,3.308504e+01,7.714635e-06,9.918396e-06,2997951.098,3.427246e-03,3.308317e+01,9.018438e-06,5.748906e-06,2998480.352,6.250000e-05,11.09,23882.64
4339,3.414706e-03,3.308896e+01,7.731355e-06,5.699336e-06,2997975.693,3.419407e-03,3.313038e+01,8.750829e-06,3.772148e-06,2997522.375,6.250000e-05,10.71,23893.36
4340,3.418289e-03,3.307818e+01,7.889627e-06,6.315076e-06,2997844.611,3.424882e-03,3.317803e+01,8.302595e-06,4.810647e-06,2997654.797,6.250000e-05,10.57,23903.93
4341,3.426227e-03,3.309596e+01,8.243211e-06,6.839736e-06,2998045.289,3.457643e-03,3.308692e+01,1.182910e-05,6.132045e-06,2997877.883,6.250000e-05,10.85,23914.78
4342,3.422801e-03,3.308609e+01,7.667765e-06,7.502736e-06,2997936.738,3.411413e-03,3.308531e+01,7.585262e-06,5.405779e-06,2995506.695,6.250000e-05,11.00,23925.78
4343,3.421205e-03,3.309052e+01,7.376645e-06,7.677394e-06,2997983.158,3.450659e-03,3.311383e+01,1.111873e-05,5.617812e-06,2997097.258,6.250000e-05,10.70,23936.47
4344,3.438233e-03,3.308070e+01,7.553679e-06,1.092516e-05,2997767.684,3.440561e-03,3.324699e+01,8.644360e-06,5.883698e-06,3003432.617,6.250000e-05,10.43,23946.90
4345,3.422043e-03,3.307565e+01,7.782512e-06,7.330596e-06,2998108.178,3.464983e-03,3.302134e+01,7.853137e-06,1.686346e-05,2989463.734,6.250000e-05,10.60,23957.50
4346,3.426184e-03,3.308577e+01,7.610880e-06,8.299704e-06,2997784.777,3.459944e-03,3.317766e+01,9.059435e-06,1.031680e-05,3003616.812,6.250000e-05,10.33,23967.83
4347,3.432388e-03,3.308598e+01,8.104005e-06,8.549956e-06,2997991.945,3.421772e-03,3.302984e+01,8.454979e-06,6.847684e-06,2995279.547,6.250000e-05,10.34,23978.17
4348,3.422196e-03,3.308524e+01,7.605358e-06,7.523714e-06,2997968.209,3.461132e-03,3.297456e+01,8.457369e-06,1.582034e-05,2992369.984,6.250000e-05,10.76,23988.93
4349,3.424274e-03,3.307941e+01,7.875074e-06,7.516503e-06,2997840.150,3.435554e-03,3.308425e+01,8.200944e-06,9.024045e-06,2998052.953,6.250000e-05,10.21,23999.15
4350,3.425467e-03,3.308732e+01,7.842083e-06,7.662824e-06,2998044.850,3.518993e-03,3.288062e+01,9.522562e-06,2.714116e-05,2985875.961,6.250000e-05,10.20,24009.34
4351,3.422603e-03,3.308183e+01,7.635190e-06,7.613707e-06,2997863.195,3.443524e-03,3.322425e+01,9.230835e-06,5.758157e-06,3002241.102,6.250000e-05,9.99,24019.33
4352,3.416253e-03,3.308175e+01,7.344845e-06,6.925931e-06,2997879.014,3.500570e-03,3.334706e+01,8.553425e-06,1.606599e-05,3009148.094,6.250000e-05,10.84,24030.18
4353,3.428061e-03,3.307883e+01,7.952798e-06,8.130116e-06,2998009.641,3.442559e-03,3.307120e+01,9.704546e-06,7.678688e-06,2993899.312,6.250000e-05,10.44,24040.61
4354,3.425398e-03,3.309358e+01,7.951228e-06,7.305505e-06,2998060.121,3.462544e-03,3.293561e+01,7.189505e-06,1.941755e-05,2989664.250,6.250000e-05,10.65,24051.26
4355,3.424276e-03,3.308298e+01,7.271298e-06,8.653028e-06,2997849.910,3.417274e-03,3.301180e+01,7.147800e-06,8.923230e-06,2995904.867,6.250000e-05,10.05,24061.31
4356,3.417703e-03,3.308594e+01,7.672362e-06,6.477108e-06,2997941.752,3.471168e-03,3.315682e+01,1.212532e-05,6.846526e-06,3002312.820,6.250000e-05,9.75,24071.06
4357,3.426834e-03,3.307383e+01,7.613346e-06,8.663516e-06,2997914.852,3.413959e-03,3.315330e+01,8.095016e-06,3.535761e-06,2997127.422,6.250000e-05,10.16,24081.22
4358,3.421137e-03,3.310267e+01,7.624737e-06,6.924376e-06,2997974.309,3.411920e-03,3.314873e+01,6.689288e-06,6.030917e-06,3002072.680,6.250000e-05,9.97,24091.19
4359,3.426328e-03,3.308421e+01,7.337005e-06,8.907384e-06,2997884.076,3.434273e-03,3.305675e+01,8.050425e-06,9.618885e-06,2998764.539,6.250000e-05,10.17,24101.36
4360,3.426517e-03,3.307554e+01,7.460009e-06,8.872505e-06,2997988.684,3.436668e-03,3.310677e+01,7.542967e-06,1.011229e-05,2996845.047,6.250000e-05,10.07,24111.42
4361,3.414804e-03,3.308942e+01,7.561503e-06,6.049495e-06,2997909.320,3.441649e-03,3.294013e+01,7.608853e-06,1.430950e-05,2991723.781,6.250000e-05,9.99,24121.41
4362,3.414922e-03,3.307952e+01,7.573272e-06,6.247369e-06,2997874.596,3.442085e-03,3.323162e+01,9.035864e-06,5.712895e-06,3003365.086,6.250000e-05,9.72,24131.13
4363,3.416811e-03,3.308229e+01,7.463349e-06,6.789770e-06,2997990.383,3.424698e-03,3.318978e+01,8.504447e-06,4.135040e-06,3001473.977,6.250000e-05,10.73,24141.86
4364,3.430498e-03,3.308693e+01,7.357883e-06,9.645239e-06,2997889.867,3.408330e-03,3.309333e+01,6.763856e-06,6.271790e-06,2996729.688,6.250000e-05,10.10,24151.96
4365,3.427168e-03,3.307564e+01,7.463822e-06,8.993093e-06,2997974.582,3.479101e-03,3.323819e+01,1.152697e-05,8.002446e-06,3000371.781,6.250000e-05,10.35,24162.32
4366,3.419102e-03,3.308857e+01,7.367965e-06,7.313009e-06,2997971.105,3.407481e-03,3.304254e+01,6.993250e-06,6.658972e-06,2997146.891,6.250000e-05,9.93,24172.25
4367,3.413683e-03,3.308582e+01,7.226414e-06,6.567348e-06,2998070.977,3.535619e-03,3.278830e+01,9.380542e-06,3.259683e-05,2985983.688,6.250000e-05,9.96,24182.21
4368,3.422343e-03,3.306732e+01,7.812646e-06,7.496895e-06,2997927.139,3.412005e-03,3.303646e+01,7.393796e-06,6.884279e-06,2994323.148,6.250000e-05,10.16,24192.37
4369,3.424822e-03,3.308059e+01,8.031252e-06,7.289947e-06,2997871.510,3.433880e-03,3.312391e+01,9.925243e-06,4.447165e-06,2999740.211,6.250000e-05,10.22,24202.59
4370,3.408315e-03,3.308272e+01,7.098181e-06,5.812217e-06,2997907.920,3.414940e-03,3.314692e+01,7.318428e-06,5.412803e-06,3001440.016,6.250000e-05,10.15,24212.74
4371,3.421004e-03,3.308519e+01,7.521055e-06,7.454969e-06,2997926.344,3.407118e-03,3.311753e+01,6.972474e-06,5.128031e-06,2999990.273,6.250000e-05,10.02,24222.76
4372,3.410581e-03,3.308087e+01,7.098460e-06,6.301939e-06,2997996.277,3.427635e-03,3.292718e+01,6.915499e-06,1.315231e-05,2992276.320,6.250000e-05,10.17,24232.93
4373,3.414611e-03,3.308265e+01,6.908617e-06,7.452058e-06,2997862.627,3.403448e-03,3.309064e+01,6.565160e-06,5.746469e-06,2995519.508,6.250000e-05,10.10,24243.03
4374,3.412077e-03,3.307495e+01,7.081927e-06,6.752458e-06,2997949.895,3.426639e-03,3.317231e+01,8.330555e-06,5.220683e-06,2999312.797,6.250000e-05,10.23,24253.26
4375,3.413038e-03,3.308299e+01,7.731890e-06,5.483924e-06,2997861.725,3.476134e-03,3.325462e+01,8.737463e-06,1.265957e-05,3006517.625,6.250000e-05,10.27,24263.53
4376,3.423720e-03,3.308195e+01,7.589430e-06,7.926245e-06,2998094.695,3.459662e-03,3.325645e+01,9.030752e-06,8.741860e-06,3004939.125,6.250000e-05,10.68,24274.21
4377,3.416329e-03,3.307977e+01,7.286175e-06,7.098028e-06,2997940.434,3.412529e-03,3.306125e+01,7.262464e-06,6.755839e-06,2996469.500,6.250000e-05,10.36,24284.58
4378,3.429478e-03,3.307744e+01,7.764236e-06,8.818385e-06,2997927.701,3.414004e-03,3.303275e+01,7.744158e-06,6.657406e-06,2994169.523,6.250000e-05,10.66,24295.23
4379,3.422212e-03,3.308239e+01,7.628316e-06,7.538037e-06,2997990.234,3.432670e-03,3.311081e+01,8.490611e-06,7.336666e-06,2999372.016,6.250000e-05,10.38,24305.62
4380,3.421342e-03,3.307659e+01,7.471425e-06,7.793893e-06,2997838.865,3.494946e-03,3.294127e+01,8.890769e-06,2.238240e-05,2989161.250,6.250000e-05,10.44,24316.05
4381,3.459654e-03,3.309493e+01,8.147432e-06,1.373748e-05,2998018.369,3.424458e-03,3.305218e+01,7.062671e-06,9.722703e-06,2996468.508,6.250000e-05,10.51,24326.56
4382,3.420868e-03,3.307916e+01,7.142466e-06,8.305461e-06,2997952.900,3.443974e-03,3.294456e+01,9.284724e-06,1.133415e-05,2992742.297,6.250000e-05,10.82,24337.38
4383,3.421515e-03,3.308017e+01,7.506107e-06,7.687260e-06,2997937.309,3.450358e-03,3.317232e+01,8.016926e-06,1.059128e-05,3004180.344,6.250000e-05,10.74,24348.12
4384,3.417603e-03,3.306876e+01,7.730136e-06,6.685123e-06,2997889.033,3.416992e-03,3.322726e+01,7.106770e-06,4.639623e-06,3001733.094,6.250000e-05,10.68,24358.80
4385,3.414585e-03,3.308856e+01,7.412389e-06,6.321093e-06,2998092.629,3.496415e-03,3.287385e+01,1.022296e-05,2.136002e-05,2988453.883,6.250000e-05,10.47,24369.27
4386,3.412745e-03,3.307134e+01,7.538410e-06,6.045228e-06,2997720.645,3.481596e-03,3.336419e+01,9.226583e-06,1.058211e-05,3007924.797,6.250000e-05,10.27,24379.54
4387,3.422251e-03,3.307746e+01,7.663927e-06,7.573153e-06,2998002.520,3.446693e-03,3.303365e+01,9.694674e-06,9.276153e-06,2992160.797,6.250000e-05,10.34,24389.89
4388,3.420340e-03,3.308734e+01,7.944922e-06,6.431389e-06,2997918.938,3.434248e-03,3.323847e+01,7.806230e-06,6.467811e-06,3004798.547,6.250000e-05,10.50,24400.38
4389,3.407324e-03,3.307983e+01,7.306067e-06,5.256198e-06,2998025.500,3.463909e-03,3.309322e+01,8.874436e-06,1.316871e-05,2992799.461,6.250000e-05,10.26,24410.64
4390,3.418097e-03,3.307426e+01,7.619407e-06,6.895459e-06,2997852.734,3.442694e-03,3.326677e+01,7.269852e-06,8.663786e-06,3004235.781,6.250000e-05,10.30,24420.94
4391,3.415023e-03,3.308072e+01,7.269449e-06,6.851220e-06,2998048.334,3.432896e-03,3.320246e+01,7.031439e-06,8.467017e-06,3000089.828,6.250000e-05,10.49,24431.43
4392,3.412794e-03,3.307144e+01,7.445199e-06,6.239569e-06,2997940.461,3.461584e-03,3.304428e+01,9.027989e-06,1.337535e-05,2991342.188,6.250000e-05,10.41,24441.84
4393,3.428715e-03,3.308190e+01,7.521668e-06,9.061537e-06,2997964.916,3.452286e-03,3.293758e+01,9.493294e-06,1.271914e-05,2991657.234,6.250000e-05,10.27,24452.12
4394,3.427488e-03,3.307310e+01,7.511204e-06,9.013246e-06,2997769.295,3.442600e-03,3.326969e+01,7.963856e-06,7.198455e-06,3001185.977,6.250000e-05,9.98,24462.10
4395,3.405644e-03,3.308515e+01,6.681340e-06,6.063041e-06,2998038.869,3.444396e-03,3.320863e+01,9.396340e-06,5.913997e-06,3004149.203,6.250000e-05,9.99,24472.09
4396,3.426655e-03,3.307081e+01,7.321101e-06,9.272755e-06,2997954.912,3.462377e-03,3.294718e+01,7.274083e-06,1.898355e-05,2989762.531,6.250000e-05,9.95,24482.05
4397,3.426651e-03,3.307640e+01,7.737285e-06,8.327570e-06,2997857.502,3.405865e-03,3.315975e+01,7.646550e-06,2.684890e-06,2999695.148,6.250000e-05,9.60,24491.64
4398,3.422198e-03,3.308492e+01,7.649464e-06,7.442152e-06,2998116.783,3.437716e-03,3.296600e+01,8.340333e-06,1.154247e-05,2993101.672,6.250000e-05,10.09,24501.73
4399,3.417106e-03,3.307420e+01,7.777129e-06,6.383040e-06,2997801.123,3.423903e-03,3.312352e+01,8.021330e-06,6.267741e-06,3001332.578,6.250000e-05,10.08,24511.81
4400,3.421218e-03,3.308571e+01,7.598295e-06,7.332790e-06,2998026.318,3.442839e-03,3.313628e+01,7.093023e-06,1.165626e-05,3003368.570,6.250000e-05,9.92,24521.74
4401,3.421594e-03,3.308856e+01,7.411024e-06,7.725526e-06,2997990.154,3.457571e-03,3.291343e+01,6.940988e-06,1.936372e-05,2991471.359,6.250000e-05,10.21,24531.95
4402,3.421729e-03,3.306970e+01,7.366112e-06,8.219474e-06,2997841.738,3.442863e-03,3.318111e+01,7.863561e-06,9.223294e-06,3004191.312,6.250000e-05,10.39,24542.34
4403,3.412207e-03,3.307775e+01,7.058610e-06,6.769183e-06,2997865.141,3.470623e-03,3.330098e+01,1.087520e-05,6.354630e-06,3005735.109,6.250000e-05,10.08,24552.42
4404,3.412608e-03,3.308208e+01,7.461985e-06,5.956048e-06,2998068.285,3.518531e-03,3.335398e+01,9.519685e-06,1.758718e-05,3008343.070,6.250000e-05,10.32,24562.74
4405,3.425908e-03,3.307501e+01,7.509580e-06,8.662224e-06,2997915.887,3.416556e-03,3.307789e+01,8.186380e-06,5.380750e-06,2995175.812,6.250000e-05,10.05,24572.79
4406,3.421662e-03,3.307977e+01,7.681243e-06,7.374536e-06,2997894.504,3.462302e-03,3.294932e+01,9.775125e-06,1.392388e-05,2991039.812,6.250000e-05,10.01,24582.80
4407,3.428055e-03,3.307465e+01,8.412717e-06,7.292700e-06,2997935.775,3.412573e-03,3.321409e+01,7.471406e-06,3.290164e-06,3001911.258,6.250000e-05,10.13,24592.93
4408,3.413113e-03,3.308078e+01,7.274190e-06,6.458583e-06,2997937.951,3.443888e-03,3.319054e+01,8.472760e-06,8.021160e-06,3003965.922,6.250000e-05,9.91,24602.83
4409,3.427986e-03,3.307334e+01,7.684543e-06,8.761361e-06,2997967.717,3.438648e-03,3.316360e+01,9.988936e-06,4.479761e-06,3001644.570,6.250000e-05,9.93,24612.76
4410,3.417142e-03,3.306978e+01,7.611584e-06,6.809756e-06,2997839.400,3.556789e-03,3.337455e+01,1.420983e-05,1.544725e-05,3008449.172,6.250000e-05,10.05,24622.81
4411,3.425661e-03,3.307152e+01,8.313757e-06,7.074346e-06,2997987.990,3.426726e-03,3.311345e+01,9.204360e-06,4.667477e-06,2999135.211,6.250000e-05,10.24,24633.05
4412,3.421728e-03,3.306853e+01,7.572417e-06,7.830214e-06,2997955.658,3.407605e-03,3.308038e+01,7.621856e-06,4.669823e-06,2995914.273,6.250000e-05,10.51,24643.56
4413,3.419764e-03,3.308378e+01,7.074175e-06,8.128894e-06,2997980.275,3.516871e-03,3.276318e+01,8.044198e-06,3.202229e-05,2987586.391,6.250000e-05,10.48,24654.04
4414,3.423942e-03,3.307739e+01,7.332822e-06,8.574952e-06,2997878.135,3.400358e-03,3.310323e+01,6.788196e-06,4.430561e-06,2996524.039,6.250000e-05,9.97,24664.01
4415,3.444028e-03,3.307869e+01,7.864181e-06,1.150356e-05,2997914.230,3.443168e-03,3.293828e+01,8.344325e-06,1.317927e-05,2991727.406,6.250000e-05,9.60,24673.61
4416,3.426233e-03,3.307692e+01,7.185892e-06,9.336414e-06,2997968.812,3.454554e-03,3.298115e+01,9.044692e-06,1.319852e-05,2991964.305,6.250000e-05,9.82,24683.43
4417,3.422846e-03,3.307827e+01,7.647340e-06,7.709256e-06,2997872.633,3.426286e-03,3.314229e+01,9.114738e-06,4.181931e-06,2999991.867,6.250000e-05,9.94,24693.37
4418,3.421462e-03,3.307578e+01,7.913344e-06,6.950197e-06,2997977.283,3.433950e-03,3.323076e+01,8.727016e-06,4.720853e-06,3002320.719,6.250000e-05,9.83,24703.21
4419,3.414215e-03,3.308151e+01,6.959366e-06,7.294140e-06,2998062.559,3.428061e-03,3.297199e+01,7.166225e-06,1.183992e-05,2992522.180,6.250000e-05,9.56,24712.77
4420,3.415049e-03,3.307285e+01,7.315432e-06,6.921984e-06,2997897.289,3.429585e-03,3.306956e+01,7.895148e-06,8.735467e-06,3000394.906,6.250000e-05,9.69,24722.46
4421,3.418176e-03,3.307469e+01,7.566857e-06,7.007741e-06,2998046.273,3.443829e-03,3.295661e+01,9.653700e-06,1.032613e-05,2994801.875,6.250000e-05,9.81,24732.27
4422,3.417158e-03,3.306988e+01,7.217707e-06,7.598752e-06,2997884.375,3.428347e-03,3.298851e+01,7.262498e-06,1.137418e-05,2993116.430,6.250000e-05,9.79,24742.06
4423,3.412209e-03,3.307827e+01,7.462033e-06,5.952192e-06,2998000.486,3.441122e-03,3.301712e+01,8.322516e-06,1.123701e-05,2991722.602,6.250000e-05,10.20,24752.26
4424,3.440728e-03,3.307440e+01,8.096390e-06,1.046485e-05,2997970.082,3.445731e-03,3.293778e+01,6.980852e-06,1.642901e-05,2988835.617,6.250000e-05,9.88,24762.14
4425,3.432274e-03,3.307150e+01,7.477046e-06,1.007075e-05,2997874.006,3.451578e-03,3.300226e+01,9.185544e-06,1.189936e-05,2992052.781,6.250000e-05,10.37,24772.51
4426,3.425446e-03,3.306280e+01,7.480786e-06,8.871575e-06,2997881.262,3.450654e-03,3.320246e+01,9.884457e-06,6.312684e-06,3002638.812,6.250000e-05,10.66,24783.17
4427,3.415306e-03,3.307483e+01,7.145278e-06,7.274023e-06,2997861.537,3.445498e-03,3.320962e+01,7.314424e-06,1.027832e-05,3003803.594,6.250000e-05,10.49,24793.65
4428,3.418464e-03,3.307167e+01,7.539898e-06,7.179658e-06,2998083.256,3.415989e-03,3.308378e+01,8.099782e-06,5.322626e-06,2998160.453,6.250000e-05,10.24,24803.89
4429,3.419072e-03,3.306751e+01,7.400578e-06,7.663129e-06,2997898.779,3.459861e-03,3.303604e+01,8.156665e-06,1.493812e-05,2991182.250,6.250000e-05,10.23,24814.12
4430,3.425706e-03,3.307261e+01,7.401367e-06,8.886299e-06,2997884.131,3.447392e-03,3.322183e+01,9.283180e-06,6.475444e-06,3004155.195,6.250000e-05,9.94,24824.06
4431,3.405391e-03,3.306799e+01,7.330894e-06,5.056466e-06,2997960.648,3.431813e-03,3.307917e+01,8.156909e-06,8.465296e-06,2996146.523,6.250000e-05,10.05,24834.11
4432,3.414765e-03,3.307235e+01,7.319697e-06,6.866573e-06,2997889.918,3.463958e-03,3.330160e+01,7.186918e-06,1.238584e-05,3006995.516,6.250000e-05,9.85,24843.96
4433,3.422210e-03,3.307604e+01,7.921223e-06,7.078797e-06,2997982.047,3.500801e-03,3.335202e+01,7.726340e-06,1.766707e-05,3008812.594,6.250000e-05,9.70,24853.67
4434,3.427656e-03,3.307099e+01,7.257346e-06,9.596603e-06,2997974.551,3.441203e-03,3.296577e+01,7.016467e-06,1.489244e-05,2990982.969,6.250000e-05,9.79,24863.46
4435,3.414816e-03,3.306210e+01,7.111076e-06,7.498982e-06,2997836.627,3.428119e-03,3.308959e+01,9.532805e-06,4.766523e-06,2995593.164,6.250000e-05,9.53,24872.99
4436,3.418448e-03,3.308286e+01,7.662994e-06,6.706463e-06,2998166.428,3.605364e-03,3.281840e+01,1.040349e-05,4.389790e-05,2981900.711,6.250000e-05,9.51,24882.50
4437,3.411177e-03,3.306805e+01,7.283248e-06,6.307915e-06,2997855.604,3.433541e-03,3.296941e+01,7.985317e-06,1.134951e-05,2993228.273,6.250000e-05,9.58,24892.08
4438,3.425234e-03,3.307432e+01,7.640554e-06,8.279210e-06,2997903.680,3.469245e-03,3.302986e+01,1.036504e-05,1.252185e-05,2995168.336,6.250000e-05,10.35,24902.43
4439,3.412134e-03,3.306793e+01,7.305458e-06,6.457257e-06,2997897.320,3.419748e-03,3.317240e+01,6.860991e-06,6.779738e-06,3001755.305,6.250000e-05,10.22,24912.66
4440,3.431761e-03,3.307010e+01,7.372495e-06,1.020513e-05,2997937.664,3.421340e-03,3.315178e+01,7.158140e-06,6.916211e-06,3001765.742,6.250000e-05,9.99,24922.65
4441,3.405924e-03,3.307422e+01,7.154432e-06,5.391616e-06,2998035.475,3.398583e-03,3.312694e+01,6.852150e-06,3.473550e-06,2998626.820,6.250000e-05,10.54,24933.19
4442,3.409829e-03,3.307441e+01,7.259469e-06,5.958614e-06,2997901.062,3.444035e-03,3.320649e+01,8.091689e-06,8.493891e-06,3004878.633,6.250000e-05,10.07,24943.26
4443,3.417946e-03,3.307752e+01,7.431902e-06,7.175062e-06,2998042.990,3.424761e-03,3.293776e+01,6.612804e-06,1.297135e-05,2990575.094,6.250000e-05,10.25,24953.51
4444,3.422108e-03,3.307812e+01,7.086341e-06,8.686435e-06,2998041.287,3.447958e-03,3.294763e+01,8.942878e-06,1.275315e-05,2991436.578,6.250000e-05,10.39,24963.90
4445,3.419160e-03,3.307296e+01,7.112633e-06,8.147509e-06,2997840.633,3.420447e-03,3.317090e+01,7.595728e-06,5.479869e-06,3001715.984,6.250000e-05,9.87,24973.77
4446,3.417171e-03,3.306553e+01,7.376664e-06,7.370332e-06,2997917.375,3.437996e-03,3.319917e+01,7.840154e-06,7.935397e-06,2999683.297,6.250000e-05,9.83,24983.59
4447,3.411968e-03,3.307943e+01,7.528083e-06,5.748741e-06,2998019.688,3.505946e-03,3.286889e+01,1.063052e-05,2.255042e-05,2988701.383,6.250000e-05,9.76,24993.36
4448,3.409536e-03,3.306325e+01,7.288743e-06,6.064775e-06,2997851.277,3.412336e-03,3.300910e+01,7.000198e-06,8.284812e-06,2994950.258,6.250000e-05,9.87,25003.22
4449,3.425257e-03,3.306009e+01,7.438919e-06,8.971776e-06,2997982.217,3.453529e-03,3.303445e+01,9.981044e-06,1.005479e-05,2993136.828,6.250000e-05,9.78,25013.00
4450,3.423499e-03,3.306715e+01,7.379725e-06,8.597419e-06,2997720.922,3.570263e-03,3.329681e+01,1.006623e-05,2.798391e-05,3010979.000,6.250000e-05,9.96,25022.96
4451,3.421212e-03,3.308081e+01,7.677062e-06,7.272189e-06,2998100.947,3.454691e-03,3.321047e+01,6.907064e-06,1.291471e-05,3006605.609,6.250000e-05,9.76,25032.72
4452,3.418964e-03,3.307025e+01,7.318565e-06,7.750604e-06,2997959.672,3.425952e-03,3.298941e+01,8.167017e-06,9.068167e-06,2994872.492,6.250000e-05,9.73,25042.45
4453,3.413827e-03,3.306946e+01,7.050387e-06,7.275443e-06,2997965.412,3.428863e-03,3.308100e+01,8.790958e-06,6.570759e-06,2999396.508,6.250000e-05,9.80,25052.26
4454,3.427087e-03,3.306524e+01,7.625272e-06,8.862034e-06,2997748.355,3.431690e-03,3.322632e+01,8.018488e-06,5.774640e-06,3004012.492,6.250000e-05,10.14,25062.40
4455,3.422616e-03,3.307854e+01,7.226161e-06,8.500088e-06,2998092.482,3.437187e-03,3.318504e+01,8.537603e-06,6.661334e-06,3003813.844,6.250000e-05,10.31,25072.70
4456,3.420597e-03,3.306488e+01,7.462368e-06,7.897056e-06,2997961.691,3.413315e-03,3.298594e+01,7.128052e-06,8.688232e-06,2993105.133,6.250000e-05,10.13,25082.83
4457,3.416345e-03,3.307144e+01,7.494170e-06,6.851859e-06,2998012.484,3.419244e-03,3.309527e+01,7.550624e-06,6.842225e-06,3000411.398,6.250000e-05,10.42,25093.25
4458,3.414891e-03,3.307072e+01,6.970340e-06,7.623178e-06,2997870.885,3.472151e-03,3.323617e+01,8.123169e-06,1.346053e-05,3005005.383,6.250000e-05,10.14,25103.40
4459,3.420721e-03,3.306529e+01,7.679364e-06,7.479728e-06,2997855.506,3.476443e-03,3.330687e+01,7.774947e-06,1.360127e-05,3008046.406,6.250000e-05,10.20,25113.60
4460,3.424880e-03,3.306949e+01,7.460780e-06,8.664584e-06,2998106.432,3.451618e-03,3.304153e+01,8.402003e-06,1.268911e-05,2994753.461,6.250000e-05,10.19,25123.81
4461,3.416443e-03,3.307055e+01,7.465889e-06,6.945834e-06,2997956.986,3.413730e-03,3.309004e+01,7.392752e-06,6.159739e-06,3000774.992,6.250000e-05,9.49,25133.30
4462,3.416453e-03,3.306301e+01,7.211098e-06,7.608247e-06,2997924.246,3.464748e-03,3.296602e+01,9.996040e-06,1.363710e-05,2996734.117,6.250000e-05,9.81,25143.11
4463,3.412595e-03,3.305745e+01,7.551048e-06,6.267767e-06,2997876.721,3.436742e-03,3.324950e+01,7.237026e-06,7.884481e-06,3005151.344,6.250000e-05,10.08,25153.20
4464,3.417213e-03,3.306152e+01,7.193828e-06,7.824472e-06,2997894.402,3.476620e-03,3.332424e+01,8.047466e-06,1.274420e-05,3006311.633,6.250000e-05,9.78,25162.98
4465,3.421939e-03,3.307183e+01,7.207500e-06,8.536072e-06,2997921.678,3.536794e-03,3.333258e+01,7.914894e-06,2.487739e-05,3011614.328,6.250000e-05,9.88,25172.86
4466,3.410669e-03,3.306882e+01,7.098093e-06,6.561257e-06,2998037.633,3.407943e-03,3.307189e+01,7.011734e-06,6.127303e-06,2994377.523,6.250000e-05,9.96,25182.82
4467,3.431016e-03,3.306464e+01,7.595673e-06,9.719067e-06,2997783.135,3.431069e-03,3.323112e+01,7.950288e-06,5.690772e-06,3002820.383,6.250000e-05,9.73,25192.55
4468,3.402387e-03,3.307369e+01,6.843825e-06,5.315878e-06,2998036.293,3.473011e-03,3.317643e+01,9.833939e-06,1.140584e-05,2998989.836,6.250000e-05,9.82,25202.37
4469,3.415352e-03,3.307698e+01,7.676429e-06,6.178029e-06,2997982.736,3.454534e-03,3.300679e+01,1.033342e-05,1.010410e-05,2997421.305,6.250000e-05,10.02,25212.39
4470,3.413706e-03,3.305827e+01,7.652980e-06,6.270008e-06,2997941.586,3.405119e-03,3.309171e+01,7.374348e-06,4.441013e-06,2998809.953,6.250000e-05,10.00,25222.39
4471,3.414080e-03,3.307324e+01,7.288312e-06,6.774521e-06,2997923.611,3.438574e-03,3.311091e+01,8.708520e-06,8.079628e-06,3000991.164,6.250000e-05,10.60,25232.98
4472,3.414713e-03,3.306441e+01,7.146190e-06,7.362002e-06,2997880.770,3.420134e-03,3.296369e+01,7.338480e-06,1.007605e-05,2995407.805,6.250000e-05,10.16,25243.14
4473,3.420702e-03,3.306088e+01,7.155822e-06,8.611216e-06,2997890.764,3.411739e-03,3.308047e+01,7.241841e-06,6.254802e-06,2996743.586,6.250000e-05,10.15,25253.29
4474,3.414191e-03,3.306940e+01,7.311705e-06,6.826881e-06,2998060.119,3.423266e-03,3.294864e+01,7.281826e-06,1.111681e-05,2992075.555,6.250000e-05,10.15,25263.44
4475,3.420723e-03,3.306077e+01,7.473926e-06,7.981471e-06,2997918.445,3.479092e-03,3.297854e+01,8.085751e-06,2.007607e-05,2988142.930,6.250000e-05,9.98,25273.43
4476,3.418993e-03,3.306643e+01,7.797557e-06,6.874926e-06,2997829.830,3.407675e-03,3.304131e+01,7.546453e-06,5.615934e-06,2996590.664,6.250000e-05,10.25,25283.68
4477,3.438073e-03,3.307574e+01,8.445036e-06,9.209912e-06,2997989.088,3.397868e-03,3.308609e+01,6.740233e-06,4.371367e-06,2997589.891,6.250000e-05,10.23,25293.91
4478,3.414159e-03,3.306504e+01,7.454019e-06,6.623102e-06,2997977.904,3.411651e-03,3.305194e+01,6.856209e-06,7.579009e-06,2998636.211,6.250000e-05,9.94,25303.85
4479,3.417733e-03,3.306237e+01,7.543989e-06,7.211119e-06,2997981.561,3.485372e-03,3.317999e+01,1.160811e-05,1.025828e-05,2997835.883,6.250000e-05,9.97,25313.82
4480,3.418261e-03,3.306110e+01,7.718214e-06,6.993699e-06,2997896.639,3.435773e-03,3.319189e+01,8.386454e-06,6.543940e-06,2999791.367,6.250000e-05,9.98,25323.80
4481,3.421091e-03,3.306318e+01,7.551668e-06,7.851166e-06,2997808.605,3.443588e-03,3.320744e+01,7.310668e-06,9.947573e-06,3005704.195,6.250000e-05,9.64,25333.44
4482,3.407302e-03,3.306903e+01,7.140575e-06,5.798717e-06,2998011.875,3.422446e-03,3.300612e+01,7.551706e-06,9.263334e-06,2994830.008,6.250000e-05,9.86,25343.29
4483,3.415885e-03,3.306270e+01,7.169923e-06,7.583251e-06,2997993.506,3.411934e-03,3.296657e+01,6.691101e-06,9.673319e-06,2994654.758,6.250000e-05,10.01,25353.30
4484,3.409575e-03,3.306662e+01,7.486298e-06,5.610104e-06,2997861.992,3.412739e-03,3.316993e+01,7.109359e-06,4.930584e-06,3002233.656,6.250000e-05,9.88,25363.19
4485,3.410550e-03,3.306121e+01,7.315173e-06,6.255566e-06,2997950.229,3.418890e-03,3.304508e+01,7.308118e-06,8.260048e-06,2994329.547,6.250000e-05,10.12,25373.31
4486,3.405986e-03,3.306695e+01,7.040937e-06,5.776285e-06,2997944.164,3.458732e-03,3.303965e+01,8.487289e-06,1.397867e-05,3001676.445,6.250000e-05,10.03,25383.33
4487,3.427580e-03,3.306039e+01,7.476816e-06,9.354515e-06,2997995.223,3.422934e-03,3.311728e+01,7.006402e-06,8.228453e-06,2997749.617,6.250000e-05,9.83,25393.19
4488,3.423410e-03,3.307286e+01,6.859219e-06,9.506286e-06,2997942.150,3.405487e-03,3.303215e+01,7.303520e-06,5.847576e-06,2996817.914,6.250000e-05,9.70,25402.88
4489,3.412768e-03,3.306899e+01,7.881159e-06,5.411524e-06,2997972.510,3.414826e-03,3.296144e+01,7.004381e-06,9.727536e-06,2993140.164,6.250000e-05,10.00,25412.89
4490,3.420570e-03,3.305793e+01,7.548995e-06,7.857399e-06,2997975.949,3.423932e-03,3.302480e+01,7.460106e-06,9.370244e-06,2994931.109,6.250000e-05,9.77,25422.66
4491,3.416330e-03,3.306920e+01,7.189019e-06,7.503896e-06,2997841.670,3.435469e-03,3.294022e+01,7.465020e-06,1.335926e-05,2996143.500,6.250000e-05,9.93,25432.60
4492,3.430047e-03,3.306551e+01,7.723942e-06,9.251234e-06,2997965.658,3.478098e-03,3.322251e+01,9.196961e-06,1.277550e-05,3006440.828,6.250000e-05,9.92,25442.52
4493,3.437592e-03,3.306706e+01,7.801333e-06,1.057462e-05,2997990.715,3.427028e-03,3.323330e+01,7.844849e-06,5.050004e-06,3001836.797,6.250000e-05,10.16,25452.67
4494,3.419874e-03,3.306349e+01,6.888324e-06,8.928363e-06,2997870.945,3.439372e-03,3.292477e+01,6.670525e-06,1.603801e-05,2994933.859,6.250000e-05,9.97,25462.64
4495,3.419546e-03,3.306299e+01,7.353141e-06,7.943165e-06,2997898.908,3.414132e-03,3.322020e+01,7.216033e-06,3.990363e-06,3000820.297,6.250000e-05,10.21,25472.86
4496,3.419211e-03,3.305980e+01,6.985789e-06,8.674769e-06,2997951.941,3.441287e-03,3.306851e+01,9.442110e-06,8.003064e-06,2994340.562,6.250000e-05,9.98,25482.84
4497,3.422573e-03,3.307193e+01,7.471259e-06,8.133541e-06,2997945.268,3.408292e-03,3.306801e+01,7.184809e-06,5.928582e-06,2997838.969,6.250000e-05,9.95,25492.78
4498,3.405116e-03,3.305572e+01,6.912733e-06,6.083306e-06,2997857.322,3.422943e-03,3.317040e+01,7.318373e-06,6.544059e-06,3001570.805,6.250000e-05,9.90,25502.69
4499,3.422075e-03,3.307283e+01,7.878121e-06,7.202198e-06,2997946.760,3.485661e-03,3.325297e+01,8.524098e-06,1.502477e-05,3008370.000,6.250000e-05,10.09,25512.78
4500,3.423684e-03,3.306349e+01,7.381285e-06,8.704636e-06,2997972.561,3.452665e-03,3.318174e+01,8.387329e-06,1.012350e-05,3002349.555,6.250000e-05,10.03,25522.81
4501,3.425499e-03,3.306453e+01,7.466638e-06,8.875845e-06,2997923.619,3.435397e-03,3.323468e+01,8.720613e-06,4.944639e-06,2999192.812,6.250000e-05,10.35,25533.16
4502,3.418645e-03,3.307427e+01,7.977909e-06,6.287861e-06,2997992.453,3.412801e-03,3.307203e+01,6.814483e-06,7.490815e-06,2995966.555,6.250000e-05,10.45,25543.60
4503,3.417912e-03,3.306524e+01,7.346365e-06,7.584794e-06,2997943.125,3.436927e-03,3.328671e+01,7.499278e-06,6.652571e-06,3003250.219,6.250000e-05,10.20,25553.80
4504,3.412996e-03,3.306641e+01,7.097007e-06,7.076880e-06,2998018.920,3.427083e-03,3.302662e+01,9.015369e-06,6.853507e-06,2996562.242,6.250000e-05,10.10,25563.90
4505,3.422819e-03,3.307315e+01,6.993222e-06,9.114368e-06,2997994.139,3.442629e-03,3.287979e+01,7.270134e-06,1.638959e-05,2989900.359,6.250000e-05,9.87,25573.77
4506,3.421968e-03,3.305582e+01,7.345620e-06,8.585813e-06,2997782.715,3.476987e-03,3.309465e+01,8.690631e-06,1.612309e-05,2992409.938,6.250000e-05,10.34,25584.11
4507,3.437964e-03,3.307023e+01,7.766443e-06,1.065525e-05,2998048.146,3.402880e-03,3.305632e+01,7.054929e-06,5.339910e-06,2995981.562,6.250000e-05,10.52,25594.63
4508,3.422265e-03,3.306464e+01,7.467526e-06,8.225153e-06,2997925.254,3.442399e-03,3.312062e+01,8.702841e-06,8.661854e-06,3001979.531,6.250000e-05,10.50,25605.13
4509,3.412314e-03,3.306341e+01,7.040592e-06,7.113451e-06,2997916.139,3.426258e-03,3.303080e+01,6.805905e-06,1.102383e-05,2991964.469,6.250000e-05,10.70,25615.83
4510,3.415920e-03,3.307096e+01,7.131868e-06,7.500979e-06,2997990.867,3.420280e-03,3.298078e+01,6.843269e-06,1.075383e-05,2992160.039,6.250000e-05,10.60,25626.43
4511,3.417095e-03,3.306533e+01,7.425263e-06,7.261811e-06,2997959.605,3.415749e-03,3.311057e+01,7.695050e-06,5.548391e-06,2997750.766,6.250000e-05,10.33,25636.76
4512,3.423970e-03,3.305840e+01,7.546713e-06,8.532770e-06,2997927.902,3.441828e-03,3.295267e+01,8.359450e-06,1.259333e-05,2992676.195,6.250000e-05,10.50,25647.27
4513,3.420305e-03,3.307295e+01,7.789645e-06,7.022697e-06,2997950.898,3.428364e-03,3.294785e+01,7.547264e-06,1.162117e-05,2991339.359,6.250000e-05,10.62,25657.89
4514,3.424817e-03,3.305867e+01,7.623034e-06,8.543970e-06,2997832.938,3.411517e-03,3.316434e+01,7.030972e-06,4.954713e-06,3000643.492,6.250000e-05,10.51,25668.40
4515,3.447260e-03,3.307115e+01,7.330870e-06,1.336728e-05,2998085.914,3.448102e-03,3.293913e+01,7.429692e-06,1.597855e-05,2992701.242,6.250000e-05,10.47,25678.87
4516,3.417126e-03,3.306290e+01,7.217134e-06,7.733036e-06,2997947.584,3.482017e-03,3.289852e+01,9.648912e-06,1.913527e-05,2988858.094,6.250000e-05,10.06,25688.93
4517,3.416119e-03,3.306456e+01,7.865691e-06,6.201118e-06,2997849.496,3.429223e-03,3.309914e+01,7.499492e-06,8.862945e-06,3001537.922,6.250000e-05,10.37,25699.30
4518,3.413776e-03,3.305935e+01,7.325466e-06,6.917296e-06,2997911.527,3.428244e-03,3.319165e+01,7.633179e-06,6.549409e-06,3003772.781,6.250000e-05,10.37,25709.67
4519,3.409038e-03,3.305899e+01,7.065348e-06,6.497162e-06,2997968.623,3.408462e-03,3.306393e+01,7.238113e-06,5.937633e-06,2996260.336,6.250000e-05,10.12,25719.79
4520,3.419175e-03,3.305815e+01,8.201397e-06,6.269198e-06,2997979.043,3.410125e-03,3.320273e+01,7.394572e-06,3.181223e-06,3000190.758,6.250000e-05,10.24,25730.03
4521,3.411984e-03,3.307408e+01,7.125102e-06,6.665154e-06,2997905.949,3.408235e-03,3.303757e+01,7.328647e-06,6.238287e-06,2996063.820,6.250000e-05,10.04,25740.06
4522,3.425678e-03,3.307108e+01,7.500745e-06,8.712503e-06,2998101.611,3.442786e-03,3.289479e+01,7.146549e-06,1.636824e-05,2990075.594,6.250000e-05,10.14,25750.20
4523,3.424362e-03,3.305802e+01,7.321799e-06,9.068306e-06,2997769.613,3.404565e-03,3.309420e+01,6.752519e-06,5.524031e-06,2997603.000,6.250000e-05,9.92,25760.12
4524,3.423637e-03,3.306871e+01,7.453981e-06,8.445294e-06,2997993.090,3.412736e-03,3.301574e+01,6.965893e-06,8.300699e-06,2994080.812,6.250000e-05,9.76,25769.88
4525,3.416423e-03,3.306627e+01,7.307155e-06,7.345073e-06,2997926.041,3.412870e-03,3.297558e+01,7.029942e-06,9.002641e-06,2993906.789,6.250000e-05,10.07,25779.95
4526,3.426848e-03,3.306591e+01,7.491829e-06,9.067785e-06,2998157.131,3.625085e-03,3.274372e+01,9.243789e-06,5.165501e-05,2980082.234,6.250000e-05,10.01,25789.95
4527,3.418607e-03,3.305380e+01,7.335419e-06,7.974680e-06,2997611.648,3.415863e-03,3.298822e+01,7.576298e-06,8.255451e-06,2994625.945,6.250000e-05,10.03,25799.99
4528,3.414082e-03,3.306755e+01,6.902717e-06,7.659963e-06,2998013.578,3.397874e-03,3.303256e+01,6.785129e-06,5.353411e-06,2996580.281,6.250000e-05,9.87,25809.85
4529,3.416257e-03,3.305604e+01,7.078466e-06,7.973678e-06,2998047.373,3.411307e-03,3.303402e+01,7.480773e-06,6.619576e-06,2994444.211,6.250000e-05,9.96,25819.81
4530,3.417718e-03,3.306093e+01,7.448426e-06,7.428273e-06,2997851.594,3.448936e-03,3.289949e+01,8.094299e-06,1.560876e-05,2990586.078,6.250000e-05,9.76,25829.58
4531,3.426329e-03,3.305688e+01,7.742647e-06,8.642920e-06,2997838.131,3.429787e-03,3.317257e+01,9.028962e-06,4.447979e-06,3001609.406,6.250000e-05,9.70,25839.28
4532,3.409395e-03,3.306250e+01,6.827232e-06,6.974395e-06,2997996.457,3.409828e-03,3.304680e+01,7.246085e-06,6.537416e-06,2998397.773,6.250000e-05,9.81,25849.09
4533,3.424681e-03,3.306227e+01,7.954742e-06,7.781434e-06,2997944.094,3.430188e-03,3.306268e+01,8.402367e-06,7.979398e-06,2993408.562,6.250000e-05,9.79,25858.88
4534,3.423474e-03,3.306573e+01,7.619111e-06,8.142051e-06,2997943.691,3.415919e-03,3.300280e+01,6.727318e-06,9.673206e-06,2992401.930,6.250000e-05,9.76,25868.64
4535,3.421324e-03,3.305812e+01,7.578281e-06,7.945797e-06,2997849.117,3.421726e-03,3.319146e+01,6.948025e-06,6.620051e-06,3003685.523,6.250000e-05,9.64,25878.28
4536,3.419102e-03,3.307430e+01,7.723897e-06,6.886534e-06,2998097.666,3.466020e-03,3.303877e+01,1.014221e-05,1.214418e-05,2999582.312,6.250000e-05,9.97,25888.25
4537,3.413594e-03,3.305389e+01,7.098217e-06,7.444672e-06,2997842.230,3.405082e-03,3.304219e+01,6.990964e-06,6.190803e-06,2994560.453,6.250000e-05,9.97,25898.23
4538,3.413839e-03,3.306478e+01,6.825402e-06,7.821498e-06,2997930.365,3.431256e-03,3.299293e+01,8.048490e-06,1.029564e-05,2993617.406,6.250000e-05,10.27,25908.50
4539,3.425330e-03,3.306482e+01,7.322330e-06,9.125016e-06,2997901.160,3.467063e-03,3.287393e+01,7.873241e-06,2.018754e-05,2993781.898,6.250000e-05,10.34,25918.84
4540,3.420141e-03,3.305800e+01,7.329909e-06,8.208388e-06,2997999.797,3.439773e-03,3.294658e+01,7.368432e-06,1.428605e-05,2992057.258,6.250000e-05,10.34,25929.18
4541,3.409762e-03,3.305694e+01,7.035052e-06,6.743416e-06,2997809.949,3.465542e-03,3.328338e+01,8.550945e-06,1.033905e-05,3006922.141,6.250000e-05,10.36,25939.54
4542,3.414332e-03,3.307053e+01,7.726216e-06,6.003272e-06,2998068.904,3.453194e-03,3.285706e+01,8.250626e-06,1.699649e-05,2990097.211,6.250000e-05,9.81,25949.35
4543,3.424239e-03,3.305389e+01,7.855730e-06,8.058511e-06,2997866.613,3.407015e-03,3.302256e+01,7.485190e-06,5.981462e-06,2996071.859,6.250000e-05,10.32,25959.67
4544,3.408340e-03,3.306090e+01,6.883231e-06,6.683578e-06,2997941.051,3.434494e-03,3.320404e+01,9.400581e-06,4.016794e-06,2998819.906,6.250000e-05,10.51,25970.18
4545,3.424144e-03,3.306402e+01,7.339307e-06,8.869776e-06,2997982.322,3.463852e-03,3.323535e+01,7.654714e-06,1.275401e-05,3000421.789,6.250000e-05,10.72,25980.90
4546,3.421592e-03,3.306511e+01,7.426028e-06,8.164163e-06,2997869.521,3.497940e-03,3.285301e+01,8.373283e-06,2.578129e-05,2989555.164,6.250000e-05,10.59,25991.49
4547,3.426921e-03,3.305447e+01,7.233556e-06,9.827862e-06,2997983.701,3.447905e-03,3.292713e+01,7.391783e-06,1.625484e-05,2989660.336,6.250000e-05,10.56,26002.04
4548,3.420055e-03,3.306452e+01,7.379111e-06,7.962258e-06,2997827.699,3.415522e-03,3.318579e+01,7.208729e-06,4.971016e-06,3000850.992,6.250000e-05,10.47,26012.51
4549,3.423258e-03,3.306460e+01,7.186513e-06,8.986475e-06,2997976.420,3.437764e-03,3.307966e+01,8.669758e-06,8.620124e-06,2999699.945,6.250000e-05,10.40,26022.91
4550,3.407662e-03,3.305772e+01,7.117770e-06,6.142598e-06,2997925.877,3.414286e-03,3.301429e+01,7.861517e-06,6.848362e-06,2994082.164,6.250000e-05,10.48,26033.40
4551,3.410705e-03,3.306630e+01,6.938112e-06,6.938794e-06,2997996.668,3.416420e-03,3.304212e+01,7.490623e-06,7.460385e-06,2997604.016,6.250000e-05,11.12,26044.52
4552,3.418754e-03,3.306116e+01,7.377166e-06,7.773313e-06,2997902.789,3.434094e-03,3.305717e+01,7.739598e-06,1.019617e-05,2998327.953,6.250000e-05,10.42,26054.94
4553,3.415318e-03,3.306582e+01,7.646409e-06,6.454365e-06,2997991.422,3.433702e-03,3.316694e+01,7.660462e-06,8.080624e-06,3000327.328,6.250000e-05,10.24,26065.18
4554,3.429821e-03,3.305500e+01,8.501482e-06,7.861139e-06,2997937.020,3.493238e-03,3.290120e+01,8.805401e-06,2.301272e-05,2987507.297,6.250000e-05,10.37,26075.55
4555,3.414413e-03,3.306463e+01,7.740615e-06,6.108809e-06,2997881.521,3.455983e-03,3.305903e+01,1.042332e-05,9.169213e-06,2995991.164,6.250000e-05,10.51,26086.07
4556,3.416911e-03,3.305227e+01,7.172308e-06,7.992249e-06,2997911.570,3.491512e-03,3.335554e+01,8.488884e-06,1.421384e-05,3008872.703,6.250000e-05,10.48,26096.54
4557,3.413105e-03,3.305203e+01,6.901897e-06,7.776677e-06,2997828.828,3.461384e-03,3.336952e+01,7.947375e-06,8.991657e-06,3006309.953,6.250000e-05,10.59,26107.13
4558,3.431236e-03,3.306690e+01,7.332330e-06,1.024467e-05,2998077.443,3.439790e-03,3.316914e+01,9.581829e-06,5.411469e-06,3002224.625,6.250000e-05,10.70,26117.84
4559,3.414388e-03,3.306184e+01,7.367107e-06,6.906574e-06,2998046.334,3.454296e-03,3.313966e+01,8.381255e-06,1.130348e-05,3004311.188,6.250000e-05,10.47,26128.31
4560,3.418772e-03,3.305287e+01,7.753169e-06,7.190537e-06,2997882.934,3.422916e-03,3.299267e+01,8.405349e-06,7.919217e-06,2995736.039,6.250000e-05,10.49,26138.80
4561,3.410243e-03,3.306170e+01,7.418922e-06,5.976852e-06,2997982.963,3.418076e-03,3.297345e+01,6.858594e-06,1.042918e-05,2992406.055,6.250000e-05,10.60,26149.40
4562,3.418505e-03,3.305623e+01,7.793100e-06,6.990198e-06,2997937.139,3.424548e-03,3.299240e+01,6.994258e-06,1.107307e-05,2992187.547,6.250000e-05,10.83,26160.23
4563,3.423443e-03,3.305740e+01,8.018764e-06,7.503097e-06,2997904.484,3.507441e-03,3.329933e+01,8.609456e-06,1.828281e-05,3009485.070,6.250000e-05,10.83,26171.08
4564,3.415347e-03,3.306252e+01,8.060856e-06,5.697313e-06,2997878.570,3.447485e-03,3.322688e+01,6.940751e-06,1.107779e-05,3006752.586,6.250000e-05,10.54,26181.63
4565,3.422144e-03,3.305964e+01,7.570172e-06,8.095718e-06,2998044.957,3.403406e-03,3.311989e+01,7.422926e-06,3.437467e-06,2999469.438,6.250000e-05,10.83,26192.46
4566,3.414280e-03,3.305759e+01,7.148194e-06,7.407822e-06,2997973.020,3.407212e-03,3.299184e+01,7.321390e-06,6.962731e-06,2995652.234,6.250000e-05,10.46,26202.91
4567,3.411216e-03,3.306009e+01,7.170279e-06,6.700966e-06,2997832.268,3.452398e-03,3.318228e+01,7.703205e-06,1.142760e-05,3005353.008,6.250000e-05,10.06,26212.97
4568,3.417902e-03,3.305903e+01,7.502991e-06,7.393793e-06,2998088.922,3.438051e-03,3.316254e+01,7.896913e-06,8.565533e-06,3001233.359,6.250000e-05,10.22,26223.19
4569,3.413413e-03,3.305061e+01,7.065840e-06,7.538668e-06,2997792.061,3.465672e-03,3.322161e+01,9.810566e-06,9.081146e-06,3005553.844,6.250000e-05,10.32,26233.51
4570,3.410944e-03,3.305284e+01,6.669164e-06,7.793769e-06,2998120.369,3.430348e-03,3.314110e+01,8.225286e-06,6.796936e-06,2997371.469,6.250000e-05,10.32,26243.83
4571,3.405598e-03,3.305769e+01,6.742874e-06,6.479926e-06,2997826.689,3.442367e-03,3.305689e+01,1.117907e-05,4.977633e-06,2997229.359,6.250000e-05,10.15,26253.98
4572,3.413726e-03,3.305599e+01,7.212809e-06,7.199895e-06,2997974.287,3.402330e-03,3.309889e+01,7.351041e-06,3.786068e-06,2999297.141,6.250000e-05,9.88,26263.86
4573,3.407836e-03,3.305888e+01,6.576702e-06,7.236187e-06,2997830.217,3.569712e-03,3.326327e+01,9.101934e-06,3.047323e-05,3009396.547,6.250000e-05,10.04,26273.90
4574,3.427671e-03,3.306328e+01,7.666874e-06,8.934773e-06,2998176.119,3.476388e-03,3.282952e+01,9.531361e-06,1.962458e-05,2991423.234,6.250000e-05,9.96,26283.86
4575,3.417636e-03,3.305205e+01,7.654413e-06,7.177545e-06,2997869.164,3.416117e-03,3.311329e+01,6.798963e-06,7.359721e-06,3000661.852,6.250000e-05,9.79,26293.66
4576,3.428432e-03,3.304957e+01,7.206398e-06,1.028240e-05,2997950.740,3.395975e-03,3.310389e+01,6.668036e-06,3.781124e-06,2997180.406,6.250000e-05,9.94,26303.61
4577,3.429792e-03,3.305706e+01,7.860619e-06,9.096028e-06,2997868.205,3.470927e-03,3.316399e+01,1.266048e-05,5.584545e-06,3002922.406,6.250000e-05,9.89,26313.49
4578,3.405017e-03,3.306541e+01,6.866505e-06,5.962336e-06,2998069.697,3.460103e-03,3.297407e+01,8.658720e-06,1.522183e-05,2997507.820,6.250000e-05,10.12,26323.61
4579,3.428195e-03,3.304956e+01,8.209120e-06,8.229643e-06,2997952.971,3.414244e-03,3.296923e+01,6.974412e-06,9.515335e-06,2993762.758,6.250000e-05,9.85,26333.46
4580,3.414295e-03,3.305968e+01,7.181542e-06,7.302190e-06,2998070.324,3.495556e-03,3.278661e+01,7.135368e-06,2.910821e-05,2985360.383,6.250000e-05,9.89,26343.35
4581,3.417114e-03,3.304200e+01,7.439806e-06,7.703370e-06,2997685.004,3.424645e-03,3.312451e+01,7.773697e-06,6.891349e-06,3001356.156,6.250000e-05,10.02,26353.37
4582,3.434908e-03,3.306358e+01,8.248066e-06,9.213899e-06,2998014.420,3.425504e-03,3.294079e+01,7.516020e-06,1.125309e-05,2993016.008,6.250000e-05,9.84,26363.21
4583,3.414740e-03,3.304783e+01,7.388014e-06,7.215553e-06,2997866.262,3.428286e-03,3.323481e+01,8.375157e-06,4.210555e-06,3002519.758,6.250000e-05,9.94,26373.15
4584,3.413108e-03,3.305953e+01,7.114922e-06,7.201192e-06,2997894.814,3.415880e-03,3.317896e+01,6.629016e-06,6.338781e-06,3003286.109,6.250000e-05,9.92,26383.08
4585,3.407048e-03,3.305066e+01,6.762382e-06,6.871681e-06,2998027.281,3.480787e-03,3.288249e+01,9.791574e-06,1.892456e-05,2988711.055,6.250000e-05,9.73,26392.81
4586,3.425254e-03,3.305985e+01,7.820753e-06,8.212253e-06,2997974.111,3.679723e-03,3.284136e+01,2.020105e-05,3.871542e-05,2982576.203,6.250000e-05,9.98,26402.79
4587,3.429115e-03,3.305237e+01,7.837439e-06,9.100750e-06,2997852.912,3.426641e-03,3.296662e+01,7.852870e-06,1.029010e-05,2993679.781,6.250000e-05,9.90,26412.69
4588,3.421957e-03,3.304472e+01,8.174481e-06,7.147982e-06,2998062.240,3.527824e-03,3.283128e+01,7.058148e-06,3.482289e-05,2983420.219,6.250000e-05,9.88,26422.57
4589,3.422414e-03,3.305275e+01,7.255272e-06,8.917302e-06,2997837.654,3.417349e-03,3.299154e+01,7.242294e-06,9.154593e-06,2994995.867,6.250000e-05,10.03,26432.60
4590,3.420158e-03,3.304839e+01,7.125008e-06,8.813914e-06,2997858.260,3.415321e-03,3.319687e+01,7.368605e-06,4.389555e-06,3001832.430,6.250000e-05,10.04,26442.64
4591,3.423199e-03,3.305769e+01,7.096583e-06,9.292808e-06,2998010.824,3.430878e-03,3.295771e+01,6.975132e-06,1.307105e-05,2991352.656,6.250000e-05,10.24,26452.89
4592,3.408644e-03,3.305384e+01,7.219439e-06,6.213228e-06,2998068.580,3.422088e-03,3.302068e+01,7.862847e-06,8.278329e-06,2995758.031,6.250000e-05,10.05,26462.93
4593,3.424429e-03,3.304874e+01,7.249646e-06,9.411689e-06,2997792.037,3.472980e-03,3.312127e+01,8.692213e-06,1.478625e-05,3001890.008,6.250000e-05,10.39,26473.32
4594,3.426691e-03,3.305385e+01,7.256016e-06,9.749278e-06,2998057.314,3.450974e-03,3.304186e+01,1.058010e-05,8.197516e-06,2996584.305,6.250000e-05,10.36,26483.68
4595,3.406815e-03,3.305433e+01,7.159316e-06,5.957716e-06,2997917.703,3.426193e-03,3.300644e+01,7.295437e-06,1.051892e-05,2994994.664,6.250000e-05,10.44,26494.11
4596,3.428104e-03,3.305370e+01,7.110245e-06,1.032624e-05,2998093.699,3.621558e-03,3.267545e+01,9.074903e-06,5.265278e-05,2979848.133,6.250000e-05,10.18,26504.29
4597,3.418210e-03,3.304864e+01,7.308689e-06,8.051844e-06,2997765.479,3.433153e-03,3.302783e+01,9.023691e-06,8.026741e-06,2996789.945,6.250000e-05,10.54,26514.84
4598,3.426814e-03,3.305146e+01,7.959499e-06,8.414591e-06,2997962.590,3.454621e-03,3.293217e+01,8.547834e-06,1.518511e-05,2989416.703,6.250000e-05,10.38,26525.21
4599,3.409655e-03,3.305004e+01,7.138315e-06,6.653570e-06,2997912.840,3.410159e-03,3.310986e+01,7.677467e-06,4.479778e-06,2997678.969,6.250000e-05,10.38,26535.60
4600,3.424845e-03,3.305715e+01,7.445307e-06,8.935552e-06,2997972.998,3.414438e-03,3.305206e+01,7.587037e-06,6.672334e-06,2994514.234,6.250000e-05,10.40,26546.00
4601,3.431546e-03,3.306139e+01,7.866915e-06,9.347656e-06,2997953.557,3.423699e-03,3.314867e+01,7.576679e-06,6.613041e-06,2997979.500,6.250000e-05,10.04,26556.04
4602,3.417520e-03,3.304630e+01,7.549328e-06,7.479477e-06,2997787.035,3.437634e-03,3.298396e+01,8.355248e-06,1.113702e-05,2995908.289,6.250000e-05,10.06,26566.11
4603,3.422069e-03,3.306371e+01,7.397999e-06,8.343645e-06,2998027.146,3.407927e-03,3.296642e+01,6.946118e-06,8.364801e-06,2993512.664,6.250000e-05,9.76,26575.87
4604,3.423576e-03,3.304718e+01,7.865888e-06,8.040007e-06,2997953.645,3.415676e-03,3.294765e+01,6.972464e-06,1.023728e-05,2991896.039,6.250000e-05,9.94,26585.81
4605,3.424375e-03,3.304716e+01,7.063821e-06,9.804033e-06,2997844.227,3.409238e-03,3.304376e+01,7.648971e-06,5.674624e-06,2995969.211,6.250000e-05,9.73,26595.54
4606,3.417944e-03,3.305002e+01,7.333663e-06,7.921036e-06,2997898.232,3.421808e-03,3.306680e+01,7.821365e-06,7.382715e-06,3000468.172,6.250000e-05,9.95,26605.49
4607,3.419804e-03,3.306162e+01,7.078666e-06,8.571159e-06,2997994.125,3.426331e-03,3.305534e+01,7.788094e-06,8.583158e-06,2998496.672,6.250000e-05,9.93,26615.43
4608,3.416204e-03,3.304904e+01,7.123920e-06,8.012194e-06,2997985.639,3.497879e-03,3.341123e+01,8.066483e-06,1.521814e-05,3009525.969,6.250000e-05,9.98,26625.41
4609,3.423677e-03,3.306106e+01,7.902316e-06,7.709660e-06,2997962.225,3.401963e-03,3.309464e+01,6.790341e-06,4.919101e-06,2999529.789,6.250000e-05,9.86,26635.27
4610,3.412063e-03,3.304879e+01,7.434841e-06,6.567220e-06,2997935.184,3.428024e-03,3.301850e+01,7.038058e-06,1.115882e-05,2997215.133,6.250000e-05,9.66,26644.93
4611,3.409450e-03,3.305676e+01,7.146412e-06,6.461969e-06,2998092.855,3.437867e-03,3.298362e+01,8.084282e-06,1.173252e-05,2993746.047,6.250000e-05,9.99,26654.92
4612,3.444160e-03,3.305033e+01,7.323418e-06,1.317868e-05,2997815.389,3.467135e-03,3.294431e+01,1.168842e-05,1.116389e-05,2993872.727,6.250000e-05,9.98,26664.90
4613,3.409876e-03,3.305584e+01,6.792822e-06,7.272774e-06,2997974.979,3.421838e-03,3.291862e+01,6.973211e-06,1.204875e-05,2992108.188,6.250000e-05,10.04,26674.94
4614,3.413325e-03,3.305153e+01,7.118457e-06,7.397448e-06,2997928.732,3.427721e-03,3.316438e+01,7.713061e-06,6.830636e-06,3003545.898,6.250000e-05,10.28,26685.21
4615,3.416698e-03,3.305084e+01,7.540987e-06,7.240879e-06,2997978.334,3.468389e-03,3.296702e+01,9.616154e-06,1.510519e-05,2993631.969,6.250000e-05,10.31,26695.52
4616,3.419080e-03,3.304977e+01,7.463982e-06,7.892702e-06,2997880.258,3.495527e-03,3.309228e+01,1.138733e-05,1.448511e-05,3002647.781,6.250000e-05,10.34,26705.87
4617,3.421657e-03,3.305448e+01,8.468151e-06,6.305429e-06,2997933.877,3.450564e-03,3.300146e+01,1.162535e-05,6.832920e-06,2994568.984,6.250000e-05,10.40,26716.26
4618,3.435866e-03,3.305338e+01,8.545082e-06,9.015468e-06,2997922.863,3.479509e-03,3.283112e+01,9.712112e-06,1.985517e-05,2989360.641,6.250000e-05,9.78,26726.04
4619,3.420520e-03,3.304576e+01,7.503420e-06,8.182070e-06,2997869.111,3.495324e-03,3.324533e+01,1.138045e-05,1.139726e-05,3000989.922,6.250000e-05,10.32,26736.36
4620,3.412959e-03,3.306129e+01,7.180084e-06,7.005747e-06,2998019.748,3.419825e-03,3.291266e+01,6.764254e-06,1.218331e-05,2991314.422,6.250000e-05,10.58,26746.94
4621,3.405169e-03,3.305065e+01,6.957590e-06,6.105575e-06,2997824.328,3.538893e-03,3.316120e+01,9.600757e-06,2.535306e-05,3008672.391,6.250000e-05,10.33,26757.27
4622,3.412201e-03,3.303888e+01,7.047881e-06,7.566885e-06,2997864.500,3.432225e-03,3.320411e+01,8.373987e-06,5.614805e-06,3002985.297,6.250000e-05,10.23,26767.50
4623,3.407446e-03,3.306107e+01,7.207871e-06,5.852081e-06,2998119.684,3.426466e-03,3.304348e+01,7.794835e-06,8.833969e-06,2999859.398,6.250000e-05,10.46,26777.96
4624,3.414967e-03,3.304105e+01,7.268719e-06,7.635010e-06,2997884.211,3.487470e-03,3.321641e+01,8.882141e-06,1.540157e-05,3007896.453,6.250000e-05,10.36,26788.32
4625,3.417543e-03,3.305085e+01,7.487459e-06,7.516723e-06,2997833.336,3.469646e-03,3.329408e+01,1.021707e-05,7.613475e-06,3006550.055,6.250000e-05,10.21,26798.52
4626,3.417765e-03,3.305276e+01,7.468097e-06,7.561628e-06,2998105.650,3.414125e-03,3.317491e+01,7.786081e-06,3.754729e-06,3001888.273,6.250000e-05,9.92,26808.45
4627,3.418911e-03,3.305522e+01,7.455787e-06,7.766100e-06,2997987.287,3.423441e-03,3.293082e+01,6.530903e-06,1.301003e-05,2991520.984,6.250000e-05,10.20,26818.65
4628,3.424836e-03,3.305313e+01,7.572827e-06,8.759031e-06,2997864.072,3.419462e-03,3.311319e+01,7.980149e-06,5.668373e-06,3001273.031,6.250000e-05,10.27,26828.91
4629,3.427149e-03,3.305495e+01,7.188578e-06,9.953474e-06,2998016.928,3.404398e-03,3.301093e+01,6.946146e-06,6.768725e-06,2995127.719,6.250000e-05,10.16,26839.09
4630,3.425296e-03,3.304594e+01,7.402173e-06,9.336114e-06,2997923.355,3.465775e-03,3.293778e+01,9.106004e-06,1.618744e-05,2991247.953,6.250000e-05,9.94,26849.03
4631,3.424805e-03,3.306229e+01,7.531860e-06,8.651664e-06,2997980.234,3.426299e-03,3.309609e+01,6.662011e-06,1.001395e-05,2998686.695,6.250000e-05,10.00,26859.03
4632,3.417208e-03,3.306281e+01,7.305999e-06,7.573354e-06,2997940.043,3.416142e-03,3.303727e+01,7.138744e-06,8.205612e-06,2999544.656,6.250000e-05,10.11,26869.14
4633,3.405877e-03,3.304219e+01,7.190207e-06,5.951303e-06,2997943.549,3.441235e-03,3.305164e+01,7.663811e-06,1.188673e-05,2991762.672,6.250000e-05,10.04,26879.18
4634,3.436791e-03,3.305531e+01,7.669311e-06,1.091349e-05,2997910.801,3.400468e-03,3.304348e+01,6.782987e-06,5.658051e-06,2996042.359,6.250000e-05,10.07,26889.26
4635,3.417251e-03,3.305294e+01,7.254636e-06,7.882247e-06,2997920.977,3.420644e-03,3.300849e+01,8.513212e-06,6.932689e-06,2994824.977,6.250000e-05,10.03,26899.29
4636,3.410363e-03,3.305268e+01,6.992728e-06,7.033555e-06,2997862.918,3.407513e-03,3.312192e+01,7.162108e-06,4.739980e-06,3000944.078,6.250000e-05,10.05,26909.34
4637,3.416090e-03,3.304746e+01,7.129705e-06,8.009301e-06,2998029.762,3.428659e-03,3.322517e+01,8.052138e-06,5.124201e-06,3004036.289,6.250000e-05,9.98,26919.33
4638,3.421429e-03,3.305899e+01,7.525887e-06,8.054187e-06,2997914.949,3.431542e-03,3.297309e+01,8.371781e-06,1.010298e-05,2994127.070,6.250000e-05,10.04,26929.36
4639,3.410826e-03,3.304822e+01,7.372931e-06,6.455056e-06,2997980.537,3.433392e-03,3.299570e+01,8.024613e-06,1.071514e-05,2997008.977,6.250000e-05,9.78,26939.14
4640,3.420767e-03,3.306008e+01,7.712973e-06,7.526045e-06,2997929.867,3.406051e-03,3.304072e+01,7.299067e-06,5.797712e-06,2996741.945,6.250000e-05,9.97,26949.11
4641,3.420520e-03,3.304641e+01,7.485091e-06,8.205607e-06,2997903.320,3.427424e-03,3.303040e+01,7.337375e-06,1.020207e-05,2992231.617,6.250000e-05,9.76,26958.87
4642,3.417085e-03,3.306212e+01,7.650091e-06,6.874479e-06,2997846.672,3.462094e-03,3.317942e+01,7.593452e-06,1.364360e-05,3004846.469,6.250000e-05,9.87,26968.75
4643,3.437586e-03,3.304185e+01,7.889390e-06,1.090144e-05,2997946.861,3.441714e-03,3.298489e+01,9.963406e-06,8.718214e-06,2995533.320,6.250000e-05,9.97,26978.71
4644,3.429652e-03,3.305894e+01,7.717037e-06,9.317641e-06,2998066.221,3.512920e-03,3.284628e+01,7.716954e-06,3.022453e-05,2985603.414,6.250000e-05,9.89,26988.61
4645,3.418771e-03,3.304790e+01,7.233709e-06,8.328786e-06,2997811.729,3.443397e-03,3.302273e+01,9.298375e-06,9.628190e-06,2995836.008,6.250000e-05,10.17,26998.78
4646,3.420047e-03,3.305853e+01,7.376208e-06,8.086416e-06,2998076.209,3.412872e-03,3.295962e+01,6.815687e-06,9.750550e-06,2993012.750,6.250000e-05,10.08,27008.86
4647,3.408543e-03,3.305134e+01,7.172785e-06,6.336202e-06,2997906.830,3.414418e-03,3.304141e+01,8.467739e-06,5.120009e-06,2997602.422,6.250000e-05,9.85,27018.71
4648,3.422255e-03,3.305295e+01,7.870017e-06,7.652022e-06,2997967.031,3.399277e-03,3.308953e+01,6.944661e-06,4.175679e-06,2998720.250,6.250000e-05,10.02,27028.73
4649,3.418984e-03,3.305403e+01,7.736163e-06,7.243914e-06,2997890.143,3.436699e-03,3.295712e+01,8.959439e-06,1.027850e-05,2994310.609,6.250000e-05,9.63,27038.36
4650,3.426247e-03,3.305541e+01,7.528138e-06,9.084892e-06,2997864.457,3.547067e-03,3.336121e+01,8.712315e-06,2.476465e-05,3012507.703,6.250000e-05,9.73,27048.09
4651,3.422704e-03,3.304192e+01,6.979639e-06,9.742963e-06,2998029.551,3.421251e-03,3.319927e+01,8.466520e-06,3.331686e-06,3000545.328,6.250000e-05,10.23,27058.32
4652,3.415484e-03,3.305873e+01,7.491258e-06,6.939782e-06,2997993.848,3.394596e-03,3.306069e+01,6.919644e-06,3.866299e-06,2997765.359,6.250000e-05,10.26,27068.59
4653,3.417112e-03,3.305565e+01,7.205751e-06,7.898033e-06,2997860.799,3.400864e-03,3.298869e+01,6.618433e-06,7.162304e-06,2994797.141,6.250000e-05,9.73,27078.32
4654,3.415189e-03,3.305075e+01,7.298824e-06,7.425176e-06,2997940.125,3.402750e-03,3.308908e+01,6.944009e-06,4.880385e-06,3000117.016,6.250000e-05,10.24,27088.56
4655,3.415827e-03,3.304191e+01,7.298589e-06,7.729957e-06,2997904.877,3.430335e-03,3.292277e+01,7.991166e-06,1.162918e-05,2992237.539,6.250000e-05,10.52,27099.08
4656,3.417600e-03,3.305218e+01,7.406430e-06,7.663648e-06,2997881.107,3.485704e-03,3.330725e+01,9.622125e-06,1.175146e-05,3007698.039,6.250000e-05,10.34,27109.42
4657,3.412483e-03,3.304934e+01,7.071960e-06,7.365801e-06,2997977.051,3.428830e-03,3.315983e+01,7.335798e-06,7.897895e-06,2997617.664,6.250000e-05,10.26,27119.68
4658,3.424193e-03,3.306222e+01,7.380899e-06,8.832455e-06,2997932.174,3.421104e-03,3.296333e+01,7.491211e-06,9.971699e-06,2994222.953,6.250000e-05,10.19,27129.87
4659,3.413970e-03,3.304476e+01,7.494269e-06,6.910304e-06,2997935.328,3.457459e-03,3.304530e+01,1.137208e-05,7.841622e-06,2994846.680,6.250000e-05,10.24,27140.12
4660,3.421677e-03,3.304570e+01,7.250737e-06,8.919833e-06,2997913.133,3.419661e-03,3.311429e+01,8.099690e-06,5.446881e-06,3000659.609,6.250000e-05,10.22,27150.34
4661,3.411998e-03,3.305194e+01,7.386145e-06,6.588603e-06,2997967.414,3.423749e-03,3.296123e+01,7.580679e-06,1.036391e-05,2995257.297,6.250000e-05,10.37,27160.71
4662,3.425610e-03,3.304295e+01,7.399884e-06,9.463128e-06,2997997.850,3.454277e-03,3.293260e+01,8.092004e-06,1.601946e-05,2988988.945,6.250000e-05,10.21,27170.92
4663,3.408091e-03,3.305377e+01,7.030677e-06,6.481391e-06,2997893.326,3.396636e-03,3.312862e+01,6.892631e-06,2.969600e-06,2999188.375,6.250000e-05,10.12,27181.05
4664,3.410368e-03,3.304834e+01,7.074635e-06,6.957547e-06,2997950.080,3.440344e-03,3.319385e+01,8.358416e-06,7.474920e-06,3004490.312,6.250000e-05,10.25,27191.29
4665,3.423017e-03,3.305805e+01,7.234518e-06,8.973482e-06,2997917.846,3.437239e-03,3.321533e+01,7.062089e-06,9.017010e-06,3004561.453,6.250000e-05,10.14,27201.43
4666,3.422582e-03,3.305249e+01,7.351724e-06,8.763149e-06,2997989.697,3.427200e-03,3.290986e+01,6.492744e-06,1.425731e-05,2990740.820,6.250000e-05,9.94,27211.37
4667,3.419988e-03,3.304476e+01,7.526371e-06,8.049675e-06,2997931.508,3.453507e-03,3.310091e+01,1.110580e-05,6.471691e-06,3001348.172,6.250000e-05,9.86,27221.24
4668,3.424829e-03,3.305009e+01,7.405990e-06,9.151969e-06,2997846.957,3.426516e-03,3.309491e+01,8.151434e-06,7.102165e-06,2999053.117,6.250000e-05,9.88,27231.12
4669,3.420831e-03,3.305631e+01,6.931386e-06,9.177245e-06,2998080.553,3.402272e-03,3.303095e+01,7.066523e-06,5.702226e-06,2997363.961,6.250000e-05,10.14,27241.26
4670,3.408545e-03,3.305105e+01,7.037402e-06,6.613117e-06,2997928.090,3.421967e-03,3.301032e+01,8.511743e-06,7.163660e-06,2994303.250,6.250000e-05,9.89,27251.15
4671,3.430387e-03,3.304565e+01,7.831139e-06,9.502075e-06,2997871.676,3.421948e-03,3.318220e+01,7.823392e-06,5.098848e-06,3002864.477,6.250000e-05,10.06,27261.21
4672,3.421510e-03,3.304266e+01,8.076115e-06,7.296698e-06,2997963.725,3.433166e-03,3.320050e+01,8.490318e-06,5.642631e-06,3003911.672,6.250000e-05,10.08,27271.29
4673,3.415378e-03,3.306451e+01,7.532214e-06,6.721006e-06,2998073.309,3.509286e-03,3.272653e+01,7.234193e-06,3.285824e-05,2984950.492,6.250000e-05,9.99,27281.28
4674,3.419295e-03,3.303926e+01,7.324199e-06,8.425307e-06,2997769.402,3.418026e-03,3.302480e+01,7.289752e-06,8.529841e-06,2996813.039,6.250000e-05,10.19,27291.48
4675,3.412222e-03,3.305034e+01,7.773793e-06,5.890007e-06,2998040.016,3.412503e-03,3.301962e+01,7.688341e-06,6.731592e-06,2996764.625,6.250000e-05,10.07,27301.55
4676,3.411316e-03,3.304561e+01,7.334370e-06,6.682270e-06,2997811.494,3.416547e-03,3.315311e+01,8.370129e-06,3.506892e-06,2999054.250,6.250000e-05,9.86,27311.41
4677,3.425483e-03,3.305714e+01,7.697790e-06,8.558156e-06,2998070.139,3.432603e-03,3.307199e+01,8.885965e-06,7.308880e-06,3000614.445,6.250000e-05,9.99,27321.40
4678,3.407445e-03,3.304813e+01,6.974400e-06,6.577714e-06,2997975.338,3.450501e-03,3.288333e+01,8.342856e-06,1.574786e-05,2990733.453,6.250000e-05,9.87,27331.26
4679,3.413543e-03,3.304139e+01,7.512325e-06,6.856203e-06,2997913.656,3.477842e-03,3.283520e+01,1.024234e-05,1.837965e-05,2991053.188,6.250000e-05,10.17,27341.44
4680,3.420774e-03,3.304544e+01,7.720868e-06,7.804221e-06,2997882.260,3.407950e-03,3.309854e+01,6.997818e-06,5.623471e-06,2998313.727,6.250000e-05,9.91,27351.35
4681,3.413263e-03,3.305205e+01,7.042213e-06,7.527228e-06,2997892.713,3.417738e-03,3.321874e+01,7.364590e-06,4.443520e-06,3003273.047,6.250000e-05,10.13,27361.48
4682,3.422957e-03,3.304198e+01,7.427993e-06,8.895767e-06,2997787.818,3.472849e-03,3.319088e+01,7.772202e-06,1.520772e-05,3005677.773,6.250000e-05,10.12,27371.60
4683,3.422436e-03,3.305426e+01,7.702186e-06,7.997756e-06,2998143.213,3.408008e-03,3.317391e+01,6.546876e-06,5.029680e-06,3002966.148,6.250000e-05,10.13,27381.73
4684,3.407470e-03,3.305600e+01,7.606840e-06,5.160365e-06,2997961.344,3.430487e-03,3.294541e+01,9.086783e-06,9.015579e-06,2994727.195,6.250000e-05,9.98,27391.71
4685,3.403044e-03,3.303899e+01,7.041112e-06,5.746813e-06,2997920.361,3.393070e-03,3.312468e+01,6.579328e-06,2.961835e-06,2999442.344,6.250000e-05,10.16,27401.87
4686,3.410119e-03,3.304961e+01,7.692081e-06,5.647517e-06,2997947.402,3.419879e-03,3.313725e+01,7.908403e-06,5.413922e-06,3001362.531,6.250000e-05,9.70,27411.57
4687,3.410786e-03,3.304457e+01,7.722286e-06,5.821324e-06,2998010.141,3.420909e-03,3.310822e+01,8.034972e-06,5.947642e-06,2999547.320,6.250000e-05,10.12,27421.69
4688,3.406345e-03,3.304978e+01,7.041122e-06,6.191331e-06,2997876.061,3.457494e-03,3.291489e+01,7.592917e-06,1.801525e-05,2992165.000,6.250000e-05,9.88,27431.58
4689,3.413600e-03,3.303507e+01,6.968899e-06,8.080771e-06,2997930.014,3.434820e-03,3.297038e+01,7.123422e-06,1.330943e-05,2990617.234,6.250000e-05,10.25,27441.83
4690,3.425206e-03,3.305093e+01,7.563624e-06,8.895489e-06,2998014.096,3.412971e-03,3.304528e+01,7.298712e-06,7.091353e-06,2995071.883,6.250000e-05,10.21,27452.04
4691,3.414572e-03,3.304323e+01,7.556056e-06,6.937724e-06,2997887.785,3.412670e-03,3.319104e+01,7.241592e-06,4.229974e-06,3002719.008,6.250000e-05,10.02,27462.07
4692,3.417721e-03,3.305378e+01,7.726409e-06,7.015797e-06,2997937.018,3.412344e-03,3.311767e+01,7.016856e-06,6.081662e-06,3001582.273,6.250000e-05,10.14,27472.21
4693,3.416554e-03,3.305161e+01,7.333179e-06,7.612280e-06,2997968.369,3.405947e-03,3.307890e+01,6.952303e-06,5.706901e-06,2998720.617,6.250000e-05,10.24,27482.45
4694,3.412953e-03,3.304537e+01,7.331292e-06,7.020642e-06,2998008.855,3.402702e-03,3.311120e+01,6.585209e-06,5.145843e-06,2999830.062,6.250000e-05,10.33,27492.78
4695,3.420103e-03,3.304737e+01,6.944382e-06,9.184444e-06,2998026.209,3.434935e-03,3.306418e+01,9.278582e-06,7.146182e-06,2996575.828,6.250000e-05,10.38,27503.16
4696,3.409926e-03,3.304950e+01,7.293066e-06,6.409183e-06,2997887.322,3.401668e-03,3.307977e+01,6.572577e-06,5.593084e-06,2998623.758,6.250000e-05,9.83,27512.99
4697,3.405368e-03,3.303742e+01,7.272470e-06,5.780207e-06,2997969.746,3.428825e-03,3.289547e+01,6.852487e-06,1.415059e-05,2991072.102,6.250000e-05,10.51,27523.50
4698,3.407658e-03,3.304399e+01,6.934611e-06,6.782582e-06,2997964.658,3.410788e-03,3.296594e+01,7.014685e-06,8.809429e-06,2996102.078,6.250000e-05,10.50,27534.00
4699,3.407837e-03,3.304386e+01,7.382999e-06,5.924084e-06,2997868.246,3.416507e-03,3.312047e+01,7.108091e-06,6.675863e-06,3002572.047,6.250000e-05,10.57,27544.57
4700,3.432841e-03,3.303709e+01,7.693447e-06,1.043959e-05,2997934.553,3.431172e-03,3.311744e+01,7.541220e-06,8.803347e-06,3000989.398,6.250000e-05,10.70,27555.27
4701,3.405087e-03,3.304601e+01,6.992799e-06,6.111553e-06,2997882.045,3.433794e-03,3.310928e+01,8.316228e-06,7.940697e-06,3000459.633,6.250000e-05,10.76,27566.03
4702,3.419875e-03,3.304622e+01,7.478394e-06,8.093953e-06,2997926.109,3.402264e-03,3.308236e+01,7.039118e-06,4.727275e-06,2998543.742,6.250000e-05,10.78,27576.81
4703,3.407882e-03,3.304343e+01,7.534226e-06,5.639377e-06,2997976.207,3.418855e-03,3.321733e+01,7.273464e-06,4.877582e-06,3002521.484,6.250000e-05,10.59,27587.40
4704,3.432726e-03,3.305890e+01,7.865952e-06,9.635267e-06,2997965.734,3.420642e-03,3.300037e+01,6.835197e-06,1.045077e-05,2997065.938,6.250000e-05,10.56,27597.96
4705,3.433414e-03,3.304098e+01,7.804229e-06,1.025476e-05,2997931.154,3.461438e-03,3.326432e+01,1.027094e-05,6.459466e-06,3005569.688,6.250000e-05,10.66,27608.61
4706,3.406401e-03,3.304021e+01,7.309062e-06,5.857744e-06,2997928.576,3.409319e-03,3.303209e+01,7.240799e-06,6.740447e-06,2996904.914,6.250000e-05,10.12,27618.73
4707,3.409737e-03,3.304992e+01,6.875685e-06,7.197685e-06,2997901.215,3.490301e-03,3.332768e+01,7.594898e-06,1.631683e-05,3008245.703,6.250000e-05,10.27,27629.00
4708,3.419554e-03,3.304844e+01,7.407608e-06,8.126853e-06,2998051.225,3.434372e-03,3.291059e+01,8.077931e-06,1.250663e-05,2993425.148,6.250000e-05,10.09,27639.09
4709,3.408594e-03,3.303600e+01,7.511041e-06,5.976872e-06,2997892.428,3.545671e-03,3.321001e+01,1.047841e-05,2.397728e-05,3009775.312,6.250000e-05,10.01,27649.10
4710,3.409756e-03,3.304745e+01,7.335792e-06,6.330807e-06,2998012.400,3.406037e-03,3.306599e+01,7.860015e-06,4.167628e-06,2998983.984,6.250000e-05,10.00,27659.10
4711,3.425732e-03,3.304771e+01,7.253042e-06,9.686067e-06,2997803.152,3.419515e-03,3.313090e+01,8.155224e-06,4.974492e-06,3000610.008,6.250000e-05,9.97,27669.07
4712,3.410667e-03,3.304466e+01,7.477767e-06,6.284853e-06,2998037.434,3.432577e-03,3.320249e+01,7.907165e-06,6.651357e-06,3003415.180,6.250000e-05,10.00,27679.07
4713,3.415487e-03,3.304456e+01,7.638248e-06,6.929654e-06,2997956.600,3.400398e-03,3.310558e+01,7.656908e-06,2.654359e-06,2998030.938,6.250000e-05,9.85,27688.93
4714,3.413780e-03,3.304752e+01,6.959921e-06,7.885947e-06,2997940.721,3.417613e-03,3.297020e+01,7.440097e-06,9.238513e-06,2994475.242,6.250000e-05,9.69,27698.62
4715,3.416093e-03,3.304188e+01,7.427427e-06,7.526099e-06,2997989.254,3.423274e-03,3.299090e+01,8.136846e-06,8.563195e-06,2995532.281,6.250000e-05,10.09,27708.71
4716,3.420933e-03,3.305076e+01,7.312491e-06,8.546543e-06,2997932.926,3.403988e-03,3.305638e+01,6.858733e-06,5.952567e-06,2996794.359,6.250000e-05,9.64,27718.35
4717,3.408508e-03,3.303873e+01,7.318648e-06,6.289723e-06,2997894.635,3.478785e-03,3.312459e+01,1.002216e-05,1.322089e-05,2994038.852,6.250000e-05,9.83,27728.18
4718,3.417888e-03,3.305558e+01,7.343385e-06,7.779097e-06,2998022.730,3.427487e-03,3.292383e+01,6.556697e-06,1.390742e-05,2990928.797,6.250000e-05,9.87,27738.06
4719,3.407507e-03,3.303574e+01,6.769565e-06,7.247369e-06,2997938.965,3.422205e-03,3.305262e+01,8.011324e-06,7.365986e-06,2997452.125,6.250000e-05,9.90,27747.95
4720,3.422240e-03,3.306021e+01,7.201359e-06,8.841155e-06,2997945.260,3.445938e-03,3.309913e+01,8.514486e-06,1.017608e-05,3003071.148,6.250000e-05,10.11,27758.06
4721,3.411042e-03,3.303662e+01,7.250661e-06,6.974786e-06,2997838.365,3.443036e-03,3.308199e+01,8.668728e-06,9.629992e-06,3001047.703,6.250000e-05,10.19,27768.25
4722,3.422995e-03,3.305285e+01,8.028743e-06,7.484526e-06,2998039.453,3.419039e-03,3.305034e+01,9.182596e-06,4.435723e-06,2996481.992,6.250000e-05,9.99,27778.24
4723,3.418908e-03,3.303656e+01,7.332644e-06,8.385087e-06,2997905.633,3.416505e-03,3.305407e+01,8.854298e-06,4.510889e-06,2997269.719,6.250000e-05,9.78,27788.02
4724,3.410896e-03,3.304372e+01,7.375222e-06,6.554473e-06,2997978.719,3.419050e-03,3.308540e+01,9.006670e-06,4.088690e-06,2999504.148,6.250000e-05,9.83,27797.85
4725,3.422189e-03,3.304143e+01,7.857164e-06,7.894895e-06,2997885.242,3.484298e-03,3.325662e+01,1.075223e-05,1.022267e-05,3006481.797,6.250000e-05,10.09,27807.94
4726,3.417896e-03,3.304460e+01,7.166202e-06,8.354841e-06,2997854.521,3.458140e-03,3.314972e+01,9.478852e-06,9.675895e-06,3003629.977,6.250000e-05,10.32,27818.26
4727,3.411414e-03,3.304033e+01,7.415871e-06,6.644422e-06,2997991.967,3.406735e-03,3.312038e+01,6.760377e-06,5.418667e-06,3002202.672,6.250000e-05,10.30,27828.56
4728,3.422377e-03,3.302755e+01,7.452457e-06,9.019452e-06,2997940.268,3.598190e-03,3.287927e+01,8.769209e-06,4.451406e-05,2984723.664,6.250000e-05,9.97,27838.53
4729,3.413510e-03,3.304298e+01,6.970009e-06,7.902282e-06,2997905.910,3.437217e-03,3.309574e+01,7.420608e-06,1.068742e-05,3003302.047,6.250000e-05,10.77,27849.30
4730,3.412118e-03,3.305333e+01,7.378719e-06,6.599675e-06,2998089.643,3.435397e-03,3.291708e+01,7.681499e-06,1.337477e-05,2992881.320,6.250000e-05,10.26,27859.57
4731,3.412236e-03,3.303587e+01,7.632181e-06,6.465615e-06,2997831.242,3.498324e-03,3.309358e+01,1.479815e-05,8.196997e-06,2997808.195,6.250000e-05,10.33,27869.89
4732,3.405792e-03,3.304173e+01,6.936868e-06,6.450140e-06,2997944.355,3.394671e-03,3.309509e+01,6.630729e-06,3.770981e-06,2997404.094,6.250000e-05,10.48,27880.37
4733,3.426807e-03,3.304579e+01,7.617134e-06,9.211265e-06,2997941.756,3.453406e-03,3.315357e+01,7.762980e-06,1.208392e-05,3004753.062,6.250000e-05,10.53,27890.90
4734,3.416131e-03,3.304375e+01,7.385353e-06,7.580492e-06,2998018.578,3.433503e-03,3.288979e+01,7.268799e-06,1.436714e-05,2992400.273,6.250000e-05,10.42,27901.32
4735,3.427472e-03,3.304152e+01,7.722437e-06,9.219138e-06,2997889.133,3.415368e-03,3.310477e+01,8.428052e-06,4.121995e-06,2999606.898,6.250000e-05,10.29,27911.61
4736,3.430335e-03,3.304362e+01,8.139219e-06,8.916177e-06,2997886.002,3.488604e-03,3.324686e+01,8.398466e-06,1.598670e-05,3008666.172,6.250000e-05,10.26,27921.87
4737,3.411858e-03,3.304750e+01,7.237410e-06,6.946785e-06,2998000.174,3.419623e-03,3.299744e+01,8.332968e-06,7.309956e-06,2993704.570,6.250000e-05,10.15,27932.03
4738,3.417534e-03,3.304133e+01,7.088960e-06,8.502273e-06,2997952.660,3.513299e-03,3.335245e+01,1.345815e-05,8.694400e-06,3006554.797,6.250000e-05,9.96,27941.98
4739,3.412762e-03,3.305453e+01,7.088909e-06,7.283976e-06,2997992.977,3.439559e-03,3.313049e+01,1.020949e-05,4.883074e-06,2997770.281,6.250000e-05,10.19,27952.17
4740,3.419094e-03,3.304276e+01,7.092855e-06,8.778010e-06,2997941.115,3.435477e-03,3.303296e+01,7.282756e-06,1.187075e-05,3000003.844,6.250000e-05,9.92,27962.09
4741,3.426387e-03,3.303982e+01,7.290254e-06,9.900603e-06,2997927.674,3.435597e-03,3.321144e+01,9.279849e-06,4.330779e-06,3003134.602,6.250000e-05,10.32,27972.41
4742,3.415244e-03,3.304373e+01,7.289806e-06,7.594659e-06,2998046.752,3.491943e-03,3.286031e+01,7.842025e-06,2.549847e-05,2986942.961,6.250000e-05,10.01,27982.43
4743,3.412176e-03,3.304256e+01,6.922775e-06,7.738404e-06,2997849.162,3.401108e-03,3.318126e+01,6.262149e-06,4.072069e-06,3001071.555,6.250000e-05,10.08,27992.51
4744,3.414028e-03,3.304546e+01,7.251097e-06,7.394276e-06,2997961.418,3.404751e-03,3.311521e+01,7.367601e-06,3.910703e-06,2999853.445,6.250000e-05,10.06,28002.56
4745,3.416327e-03,3.304658e+01,7.085235e-06,8.163447e-06,2997994.932,3.491130e-03,3.308048e+01,9.960278e-06,1.669599e-05,3003498.375,6.250000e-05,10.01,28012.57
4746,3.418602e-03,3.304285e+01,7.107995e-06,8.647424e-06,2997942.863,3.429351e-03,3.304358e+01,7.037454e-06,1.092355e-05,2992868.703,6.250000e-05,10.03,28022.60
4747,3.422313e-03,3.304387e+01,7.330951e-06,8.923325e-06,2997910.697,3.416358e-03,3.322692e+01,6.953398e-06,4.826488e-06,3004205.438,6.250000e-05,10.13,28032.73
4748,3.420238e-03,3.305103e+01,7.253748e-06,8.519435e-06,2997967.961,3.421805e-03,3.297864e+01,7.596991e-06,9.594375e-06,2993003.930,6.250000e-05,9.99,28042.72
4749,3.411167e-03,3.304654e+01,7.071567e-06,7.159516e-06,2997878.043,3.449925e-03,3.298933e+01,1.080426e-05,8.589916e-06,2997059.961,6.250000e-05,10.03,28052.75
4750,3.406257e-03,3.304142e+01,6.873506e-06,6.675991e-06,2998010.297,3.423646e-03,3.297698e+01,7.982509e-06,9.224643e-06,2995674.461,6.250000e-05,10.32,28063.07
4751,3.426177e-03,3.303369e+01,7.797480e-06,8.966609e-06,2997961.615,3.433731e-03,3.315690e+01,9.667466e-06,4.273171e-06,2999065.312,6.250000e-05,9.96,28073.03
4752,3.416489e-03,3.304912e+01,7.823505e-06,6.668588e-06,2998003.082,3.413090e-03,3.294605e+01,6.385420e-06,1.092616e-05,2992074.922,6.250000e-05,10.24,28083.27
4753,3.406151e-03,3.303807e+01,7.114224e-06,6.240394e-06,2997886.836,3.433069e-03,3.322575e+01,6.791840e-06,8.515069e-06,3005566.609,6.250000e-05,10.20,28093.48
4754,3.419944e-03,3.303937e+01,7.212512e-06,8.776282e-06,2997771.914,3.433619e-03,3.323658e+01,8.526221e-06,4.939742e-06,3001526.883,6.250000e-05,10.23,28103.71
4755,3.409314e-03,3.303800e+01,7.050805e-06,7.001055e-06,2998088.662,3.395332e-03,3.307943e+01,6.791292e-06,3.895298e-06,2997736.953,6.250000e-05,9.84,28113.55
4756,3.407399e-03,3.304610e+01,6.936492e-06,6.684729e-06,2997966.605,3.447115e-03,3.321430e+01,8.472657e-06,8.191712e-06,3003374.180,6.250000e-05,10.21,28123.77
4757,3.418630e-03,3.304666e+01,7.826315e-06,7.140059e-06,2998045.340,3.431716e-03,3.290407e+01,7.596534e-06,1.306863e-05,2990635.117,6.250000e-05,9.92,28133.69
4758,3.423505e-03,3.302181e+01,7.284873e-06,9.695102e-06,2997740.379,3.486119e-03,3.309020e+01,1.246319e-05,1.049345e-05,2993882.867,6.250000e-05,10.13,28143.82
4759,3.423133e-03,3.305668e+01,7.316557e-06,8.859863e-06,2998084.219,3.517328e-03,3.281160e+01,8.256505e-06,3.072067e-05,2984809.617,6.250000e-05,10.06,28153.88
4760,3.421616e-03,3.303744e+01,7.174014e-06,9.226401e-06,2997868.025,3.435114e-03,3.305852e+01,8.243459e-06,9.365382e-06,2994728.508,6.250000e-05,10.10,28163.98
4761,3.429469e-03,3.305798e+01,7.793729e-06,9.146839e-06,2997950.467,3.427794e-03,3.297910e+01,8.516856e-06,8.943051e-06,2997143.016,6.250000e-05,10.02,28174.00
4762,3.411691e-03,3.303496e+01,7.008541e-06,7.622027e-06,2997887.311,3.425809e-03,3.306975e+01,9.889761e-06,3.987250e-06,2998964.625,6.250000e-05,10.42,28184.42
4763,3.419713e-03,3.303947e+01,7.178038e-06,8.797198e-06,2997948.951,3.434313e-03,3.313969e+01,8.840842e-06,6.387069e-06,3002477.172,6.250000e-05,10.47,28194.89
4764,3.417077e-03,3.304564e+01,7.033238e-06,8.436021e-06,2997889.604,3.424789e-03,3.304146e+01,6.992374e-06,1.014377e-05,3000920.922,6.250000e-05,10.49,28205.38
4765,3.431174e-03,3.304610e+01,7.881377e-06,9.549939e-06,2998019.416,3.457661e-03,3.300441e+01,1.046355e-05,1.051696e-05,2998315.562,6.250000e-05,10.30,28215.69
4766,3.412638e-03,3.303834e+01,7.097834e-06,7.565091e-06,2997901.736,3.416430e-03,3.314409e+01,7.844325e-06,4.715537e-06,3001999.195,6.250000e-05,10.61,28226.29
4767,3.408187e-03,3.303229e+01,7.325345e-06,6.340983e-06,2997924.184,3.466354e-03,3.301404e+01,8.872501e-06,1.524488e-05,2998936.492,6.250000e-05,10.44,28236.74
4768,3.414013e-03,3.303865e+01,7.367987e-06,7.293677e-06,2997833.289,3.526188e-03,3.334129e+01,1.160701e-05,1.519774e-05,3010362.758,6.250000e-05,10.67,28247.41
4769,3.424670e-03,3.304184e+01,7.056821e-06,9.983613e-06,2997974.939,3.404296e-03,3.304704e+01,6.702165e-06,6.514163e-06,2997626.375,6.250000e-05,10.74,28258.15
4770,3.416252e-03,3.303397e+01,7.536877e-06,7.497208e-06,2998075.256,3.483228e-03,3.296456e+01,7.565764e-06,2.222300e-05,2989396.164,6.250000e-05,10.67,28268.82
4771,3.421316e-03,3.303829e+01,7.299340e-06,8.898850e-06,2997780.041,3.446256e-03,3.324181e+01,8.780812e-06,6.853309e-06,3006015.203,6.250000e-05,10.51,28279.34
4772,3.412902e-03,3.304107e+01,7.288317e-06,7.182384e-06,2998050.758,3.403329e-03,3.299867e+01,7.068230e-06,6.556057e-06,2995278.242,6.250000e-05,10.69,28290.02
4773,3.404284e-03,3.303319e+01,7.202313e-06,5.788385e-06,2997896.523,3.451805e-03,3.292279e+01,7.030820e-06,1.784356e-05,2990256.625,6.250000e-05,10.95,28300.97
4774,3.418713e-03,3.304446e+01,7.725307e-06,7.402879e-06,2998016.492,3.430949e-03,3.314152e+01,8.339515e-06,6.680274e-06,3002841.945,6.250000e-05,10.48,28311.45
4775,3.412133e-03,3.304773e+01,7.047692e-06,7.376747e-06,2997916.943,3.433029e-03,3.312733e+01,8.854784e-06,6.349662e-06,3003263.008,6.250000e-05,10.77,28322.22
4776,3.407386e-03,3.304231e+01,6.967205e-06,6.696535e-06,2997991.514,3.394387e-03,3.300092e+01,6.635355e-06,5.588304e-06,2995600.461,6.250000e-05,10.75,28332.97
4777,3.423674e-03,3.303866e+01,7.726980e-06,8.507695e-06,2997928.670,3.490241e-03,3.288130e+01,9.694315e-06,2.103348e-05,2994323.062,6.250000e-05,10.56,28343.54
4778,3.411348e-03,3.303352e+01,7.132911e-06,7.333250e-06,2997857.131,3.417371e-03,3.311930e+01,7.548083e-06,5.992032e-06,3002627.578,6.250000e-05,10.61,28354.15
4779,3.419987e-03,3.304296e+01,7.684584e-06,7.769142e-06,2998106.418,3.403944e-03,3.299841e+01,7.134135e-06,6.552293e-06,2998156.617,6.250000e-05,10.47,28364.62
4780,3.407765e-03,3.303092e+01,6.962233e-06,7.010059e-06,2997814.443,3.445457e-03,3.318231e+01,8.123081e-06,9.199067e-06,3004298.961,6.250000e-05,10.53,28375.14
4781,3.410936e-03,3.305131e+01,6.810049e-06,7.540936e-06,2998164.695,3.528334e-03,3.275675e+01,9.633293e-06,3.126520e-05,2984894.281,6.250000e-05,10.59,28385.73
4782,3.421936e-03,3.303726e+01,6.905438e-06,9.831189e-06,2997872.078,3.464895e-03,3.283284e+01,7.597368e-06,2.112754e-05,2990635.469,6.250000e-05,10.56,28396.29
4783,3.418386e-03,3.303576e+01,7.565618e-06,7.830865e-06,2997976.611,3.443185e-03,3.282904e+01,7.256444e-06,1.754324e-05,2990762.953,6.250000e-05,10.71,28407.00
4784,3.424858e-03,3.303495e+01,7.516354e-06,9.239896e-06,2997876.969,3.502343e-03,3.282242e+01,1.091650e-05,2.218714e-05,2991125.672,6.250000e-05,10.91,28417.91
4785,3.419932e-03,3.303672e+01,7.203809e-06,8.844472e-06,2998001.152,3.459495e-03,3.278817e+01,7.129097e-06,2.187733e-05,2991287.438,6.250000e-05,10.75,28428.66
4786,3.417077e-03,3.303985e+01,7.142914e-06,8.332655e-06,2997828.045,3.409455e-03,3.309609e+01,6.584133e-06,6.801010e-06,3000974.734,6.250000e-05,10.59,28439.25
4787,3.421016e-03,3.303295e+01,6.833872e-06,9.876350e-06,2997981.488,3.397787e-03,3.306289e+01,7.160010e-06,3.979749e-06,2998926.859,6.250000e-05,10.39,28449.63
4788,3.405998e-03,3.304107e+01,7.035330e-06,6.307609e-06,2997981.205,3.459658e-03,3.290099e+01,7.979372e-06,1.795317e-05,2990266.219,6.250000e-05,10.36,28459.99
4789,3.420564e-03,3.303627e+01,7.842750e-06,7.701911e-06,2997872.156,3.415747e-03,3.297595e+01,7.632079e-06,8.366319e-06,2994021.336,6.250000e-05,10.27,28470.26
4790,3.415839e-03,3.304004e+01,6.799171e-06,8.768786e-06,2997885.947,3.459941e-03,3.319409e+01,8.848810e-06,1.040874e-05,3006084.844,6.250000e-05,10.33,28480.59
4791,3.421232e-03,3.304172e+01,7.628114e-06,8.155813e-06,2997992.344,3.440265e-03,3.309993e+01,8.921758e-06,8.210929e-06,3002881.461,6.250000e-05,10.61,28491.20
4792,3.414406e-03,3.303807e+01,7.312212e-06,7.495376e-06,2997971.049,3.431757e-03,3.299842e+01,8.562788e-06,9.257373e-06,2993860.734,6.250000e-05,10.45,28501.65
4793,3.415485e-03,3.303664e+01,7.338663e-06,7.687003e-06,2997874.471,3.432500e-03,3.316654e+01,9.122758e-06,4.923579e-06,3002185.000,6.250000e-05,10.51,28512.16
4794,3.413980e-03,3.304444e+01,7.739121e-06,6.429069e-06,2998004.701,3.390704e-03,3.305650e+01,6.400776e-06,4.209148e-06,2998364.383,6.250000e-05,10.33,28522.49
4795,3.402860e-03,3.304225e+01,6.880732e-06,5.965458e-06,2998099.549,3.546232e-03,3.282441e+01,7.546001e-06,3.766632e-05,2983188.727,6.250000e-05,10.37,28532.87
4796,3.408769e-03,3.303645e+01,6.891153e-06,7.242488e-06,2997793.912,3.397017e-03,3.307266e+01,6.831355e-06,4.287484e-06,2997548.477,6.250000e-05,10.42,28543.29
4797,3.417973e-03,3.303308e+01,7.850334e-06,7.232244e-06,2997921.531,3.401106e-03,3.291831e+01,6.251451e-06,9.352139e-06,2992369.000,6.250000e-05,10.32,28553.60
4798,3.418103e-03,3.303408e+01,7.642333e-06,7.654372e-06,2997807.283,3.449021e-03,3.309540e+01,7.767700e-06,1.236080e-05,3000112.109,6.250000e-05,10.13,28563.73
4799,3.410959e-03,3.304314e+01,7.144302e-06,7.040355e-06,2998104.496,3.399792e-03,3.293721e+01,6.318759e-06,8.576836e-06,2993571.281,6.250000e-05,10.06,28573.79
4800,3.431877e-03,3.303612e+01,7.470849e-06,1.071129e-05,2997900.098,3.424343e-03,3.293408e+01,6.722812e-06,1.274141e-05,2991023.328,6.250000e-05,9.88,28583.67
4801,3.406598e-03,3.302841e+01,7.005420e-06,6.740523e-06,2997812.148,3.444060e-03,3.320373e+01,7.834107e-06,9.069088e-06,3005868.273,6.250000e-05,9.89,28593.56
4802,3.419721e-03,3.303746e+01,7.980889e-06,7.233052e-06,2998009.906,3.432092e-03,3.314801e+01,9.305479e-06,4.847249e-06,3001967.742,6.250000e-05,10.23,28603.80
4803,3.427643e-03,3.304547e+01,7.916833e-06,8.785582e-06,2997950.891,3.395707e-03,3.312973e+01,6.550121e-06,3.446522e-06,3000872.273,6.250000e-05,10.21,28614.01
4804,3.414067e-03,3.304206e+01,7.241499e-06,7.489224e-06,2997978.463,3.387807e-03,3.302846e+01,6.287042e-06,4.418212e-06,2996398.828,6.250000e-05,9.89,28623.90
4805,3.405019e-03,3.303370e+01,6.645024e-06,7.039784e-06,2997946.170,3.423574e-03,3.297626e+01,6.792822e-06,1.160392e-05,2991110.219,6.250000e-05,9.84,28633.74
4806,3.407133e-03,3.304510e+01,7.019637e-06,6.485455e-06,2997890.273,3.420528e-03,3.308533e+01,6.749550e-06,8.899769e-06,3002382.477,6.250000e-05,9.90,28643.64
4807,3.423012e-03,3.303523e+01,7.225903e-06,9.446126e-06,2997951.084,3.414444e-03,3.300757e+01,7.909118e-06,6.919261e-06,2995047.539,6.250000e-05,9.84,28653.48
4808,3.420958e-03,3.303192e+01,7.255639e-06,9.041890e-06,2997665.363,3.460919e-03,3.322112e+01,9.544187e-06,8.672973e-06,3005331.438,6.250000e-05,9.96,28663.44
4809,3.412293e-03,3.304680e+01,6.768986e-06,7.984675e-06,2998161.121,3.460497e-03,3.288107e+01,8.548279e-06,1.738144e-05,2995882.148,6.250000e-05,9.86,28673.30
4810,3.425194e-03,3.303655e+01,7.595332e-06,9.117211e-06,2997799.207,3.461236e-03,3.328338e+01,1.050205e-05,5.575411e-06,3005767.258,6.250000e-05,9.86,28683.16
4811,3.407919e-03,3.304730e+01,7.023588e-06,6.590616e-06,2998213.350,3.497167e-03,3.280389e+01,8.721574e-06,2.591240e-05,2986481.680,6.250000e-05,9.91,28693.07
4812,3.420402e-03,3.302516e+01,7.241785e-06,9.093676e-06,2997640.014,3.425464e-03,3.306350e+01,6.633308e-06,1.055614e-05,3001963.266,6.250000e-05,9.95,28703.01
4813,3.434273e-03,3.303264e+01,7.603736e-06,1.099450e-05,2997944.158,3.427660e-03,3.315531e+01,7.105171e-06,8.215439e-06,3003012.211,6.250000e-05,9.83,28712.84
4814,3.421915e-03,3.304026e+01,6.958746e-06,9.660363e-06,2997948.637,3.460114e-03,3.325277e+01,7.948679e-06,1.107009e-05,3006119.086,6.250000e-05,9.73,28722.57
4815,3.420635e-03,3.303824e+01,7.265560e-06,8.831084e-06,2998041.424,3.420252e-03,3.307013e+01,8.492554e-06,5.662633e-06,2996866.258,6.250000e-05,10.23,28732.80
4816,3.436348e-03,3.304249e+01,8.281122e-06,9.857597e-06,2997849.602,3.433599e-03,3.300835e+01,8.166292e-06,1.022027e-05,2999406.586,6.250000e-05,9.95,28742.76
4817,3.415126e-03,3.303436e+01,7.451395e-06,7.435199e-06,2997961.516,3.419425e-03,3.308913e+01,8.474514e-06,5.153409e-06,2997730.312,6.250000e-05,9.99,28752.74
4818,3.411417e-03,3.304104e+01,7.093240e-06,7.275989e-06,2997871.377,3.506017e-03,3.328588e+01,7.194464e-06,2.109691e-05,3010051.508,6.250000e-05,10.14,28762.88
4819,3.437644e-03,3.303166e+01,7.232423e-06,1.243065e-05,2997993.447,3.413072e-03,3.309624e+01,6.865099e-06,6.959411e-06,2996681.164,6.250000e-05,10.26,28773.14
4820,3.409332e-03,3.303357e+01,6.982175e-06,7.230824e-06,2997859.725,3.397130e-03,3.308569e+01,6.698328e-06,4.315571e-06,3000110.547,6.250000e-05,9.96,28783.11
4821,3.410803e-03,3.304413e+01,7.443495e-06,6.390968e-06,2997979.361,3.424072e-03,3.305220e+01,7.148061e-06,9.474408e-06,2996063.617,6.250000e-05,9.93,28793.04
4822,3.406597e-03,3.303409e+01,6.713090e-06,7.211491e-06,2997957.578,3.418039e-03,3.294520e+01,7.114213e-06,1.047526e-05,2992130.078,6.250000e-05,10.41,28803.45
4823,3.419931e-03,3.303405e+01,7.223508e-06,8.858263e-06,2997883.799,3.409817e-03,3.297398e+01,7.159007e-06,8.165955e-06,2993706.781,6.250000e-05,10.49,28813.93
4824,3.420524e-03,3.303628e+01,7.534706e-06,8.309827e-06,2997953.939,3.479247e-03,3.320862e+01,8.875643e-06,1.392581e-05,3007438.375,6.250000e-05,10.44,28824.37
4825,3.408777e-03,3.304099e+01,7.256114e-06,6.423352e-06,2998040.410,3.418553e-03,3.318117e+01,7.924483e-06,4.238189e-06,3001030.859,6.250000e-05,10.20,28834.57
4826,3.406807e-03,3.303473e+01,6.744021e-06,7.178732e-06,2997913.615,3.465886e-03,3.296160e+01,9.368053e-06,1.520901e-05,2994298.625,6.250000e-05,10.04,28844.61
4827,3.409205e-03,3.303959e+01,7.123761e-06,6.801754e-06,2997972.453,3.441674e-03,3.288664e+01,7.057074e-06,1.648796e-05,2989701.062,6.250000e-05,10.34,28854.95
4828,3.409830e-03,3.303707e+01,6.934682e-06,7.355201e-06,2997847.023,3.429403e-03,3.313469e+01,6.903465e-06,9.379855e-06,3004161.680,6.250000e-05,10.12,28865.07
4829,3.414886e-03,3.303474e+01,7.332795e-06,7.616929e-06,2997825.652,3.436016e-03,3.305130e+01,7.147503e-06,1.188219e-05,2997155.102,6.250000e-05,10.30,28875.37
4830,3.426792e-03,3.303314e+01,7.254700e-06,1.018625e-05,2998060.146,3.434588e-03,3.308436e+01,1.000027e-05,5.230028e-06,2997417.227,6.250000e-05,10.39,28885.76
4831,3.416213e-03,3.304008e+01,7.772718e-06,6.895562e-06,2997884.494,3.504537e-03,3.310170e+01,1.518543e-05,8.502562e-06,3003251.148,6.250000e-05,10.30,28896.05
4832,3.423654e-03,3.303575e+01,7.845801e-06,8.324193e-06,2997898.348,3.450853e-03,3.314070e+01,8.892085e-06,9.572507e-06,3004158.359,6.250000e-05,10.45,28906.50
4833,3.416098e-03,3.303200e+01,8.106370e-06,6.366844e-06,2997924.959,3.495109e-03,3.335788e+01,9.344745e-06,1.317474e-05,3009296.703,6.250000e-05,10.34,28916.84
4834,3.412885e-03,3.304088e+01,7.081210e-06,7.596977e-06,2997994.752,3.398201e-03,3.300222e+01,6.954827e-06,5.686036e-06,2995130.273,6.250000e-05,10.14,28926.98
4835,3.414956e-03,3.303552e+01,7.101348e-06,8.078203e-06,2997927.869,3.419442e-03,3.314428e+01,6.919309e-06,7.164113e-06,3001870.336,6.250000e-05,10.24,28937.22
4836,3.408546e-03,3.303923e+01,6.749885e-06,7.424797e-06,2997902.586,3.436255e-03,3.305823e+01,6.904945e-06,1.227660e-05,3002725.805,6.250000e-05,10.33,28947.55
4837,3.425346e-03,3.303512e+01,7.051924e-06,1.026311e-05,2997979.926,3.406605e-03,3.306721e+01,7.220087e-06,5.536543e-06,2997723.578,6.250000e-05,10.12,28957.67
4838,3.427208e-03,3.303814e+01,7.532242e-06,9.614252e-06,2997986.574,3.507858e-03,3.290817e+01,8.175062e-06,2.705811e-05,2992439.266,6.250000e-05,10.08,28967.75
4839,3.415383e-03,3.304355e+01,6.965494e-06,8.274545e-06,2998019.939,3.491980e-03,3.276983e+01,7.399376e-06,2.820052e-05,2989390.344,6.250000e-05,9.94,28977.69
4840,3.414816e-03,3.303216e+01,6.925791e-06,8.468514e-06,2997936.557,3.431552e-03,3.292910e+01,8.479324e-06,1.076989e-05,2995983.773,6.250000e-05,9.92,28987.61
4841,3.405333e-03,3.302823e+01,7.037190e-06,6.427475e-06,2997821.557,3.407205e-03,3.295966e+01,7.414090e-06,7.419659e-06,2995360.227,6.250000e-05,10.06,28997.67
4842,3.412428e-03,3.303348e+01,6.773658e-06,8.268686e-06,2997907.457,3.451856e-03,3.327378e+01,8.013324e-06,8.869038e-06,3005343.898,6.250000e-05,9.98,29007.64
4843,3.415434e-03,3.304112e+01,7.311556e-06,7.641270e-06,2997998.568,3.424715e-03,3.288184e+01,6.774893e-06,1.375657e-05,2995148.820,6.250000e-05,9.86,29017.51
4844,3.429759e-03,3.303875e+01,7.369038e-06,1.043874e-05,2997974.027,3.407203e-03,3.307541e+01,8.075867e-06,3.780845e-06,2998507.586,6.250000e-05,9.95,29027.45
4845,3.414069e-03,3.302926e+01,7.181285e-06,7.866026e-06,2997876.875,3.473236e-03,3.324277e+01,7.896575e-06,1.399867e-05,3008722.688,6.250000e-05,10.08,29037.53
4846,3.416220e-03,3.303349e+01,7.466345e-06,7.641476e-06,2997855.256,3.502585e-03,3.308055e+01,9.020501e-06,2.086513e-05,3005988.555,6.250000e-05,10.10,29047.63
4847,3.422994e-03,3.303698e+01,7.212594e-06,9.434159e-06,2998070.650,3.447657e-03,3.318348e+01,8.079235e-06,9.703290e-06,3005129.234,6.250000e-05,10.35,29057.98
4848,3.428640e-03,3.302931e+01,7.420138e-06,1.030153e-05,2997900.357,3.463085e-03,3.335551e+01,7.496078e-06,1.051469e-05,3007749.031,6.250000e-05,10.00,29067.99
4849,3.412831e-03,3.304060e+01,7.175593e-06,7.403175e-06,2997941.941,3.396800e-03,3.303407e+01,6.275944e-06,6.126710e-06,2999007.703,6.250000e-05,9.99,29077.98
4850,3.426378e-03,3.304085e+01,7.138141e-06,1.018225e-05,2997971.611,3.479910e-03,3.283018e+01,7.703444e-06,2.397158e-05,2988385.906,6.250000e-05,10.30,29088.27
4851,3.419233e-03,3.303239e+01,7.036152e-06,9.126548e-06,2997861.363,3.420299e-03,3.315032e+01,7.756676e-06,5.540047e-06,3002551.797,6.250000e-05,10.13,29098.40
4852,3.414565e-03,3.303042e+01,7.425165e-06,7.454250e-06,2997945.234,3.409179e-03,3.305907e+01,8.532979e-06,3.588415e-06,2998013.531,6.250000e-05,9.97,29108.37
4853,3.408672e-03,3.303879e+01,7.029204e-06,6.900358e-06,2997986.527,3.450970e-03,3.303512e+01,9.239404e-06,1.101289e-05,2994521.484,6.250000e-05,9.78,29118.14
4854,3.408594e-03,3.304713e+01,6.688060e-06,7.400026e-06,2997936.355,3.432016e-03,3.310334e+01,8.384540e-06,7.567365e-06,3003239.992,6.250000e-05,9.86,29128.00
4855,3.414547e-03,3.303307e+01,7.751175e-06,6.745742e-06,2997983.938,3.412122e-03,3.320592e+01,7.379688e-06,3.546631e-06,3003506.648,6.250000e-05,9.83,29137.83
4856,3.411938e-03,3.302909e+01,7.143316e-06,7.519068e-06,2997944.193,3.420369e-03,3.311455e+01,7.863661e-06,6.055409e-06,2999157.414,6.250000e-05,9.95,29147.78
4857,3.429871e-03,3.303169e+01,8.211250e-06,8.917965e-06,2997946.793,3.432501e-03,3.304506e+01,8.757672e-06,8.083577e-06,3000161.516,6.250000e-05,9.82,29157.60
4858,3.412933e-03,3.303572e+01,7.340451e-06,7.191222e-06,2997823.412,3.486518e-03,3.330463e+01,1.036258e-05,1.048601e-05,3006702.562,6.250000e-05,9.99,29167.59
4859,3.421909e-03,3.304613e+01,7.871082e-06,7.717194e-06,2998154.498,3.415145e-03,3.287948e+01,6.872996e-06,1.169342e-05,2992202.594,6.250000e-05,9.87,29177.47
4860,3.406365e-03,3.302850e+01,7.040507e-06,6.622001e-06,2997845.316,3.405941e-03,3.301332e+01,7.155290e-06,6.611070e-06,2998234.578,6.250000e-05,9.91,29187.38
4861,3.415861e-03,3.302638e+01,7.238606e-06,8.167406e-06,2997828.016,3.466113e-03,3.316393e+01,1.029024e-05,9.363506e-06,3001949.820,6.250000e-05,9.88,29197.26
4862,3.410193e-03,3.303496e+01,7.394485e-06,6.550528e-06,2998000.703,3.440134e-03,3.323788e+01,7.887104e-06,7.494954e-06,3005145.992,6.250000e-05,10.13,29207.39
4863,3.415641e-03,3.303838e+01,7.462742e-06,7.435138e-06,2998091.805,3.397882e-03,3.299880e+01,6.354559e-06,6.891355e-06,2995625.070,6.250000e-05,9.98,29217.38
4864,3.418689e-03,3.303402e+01,7.383415e-06,8.290495e-06,2997924.119,3.435115e-03,3.311396e+01,7.022376e-06,1.069904e-05,3002657.922,6.250000e-05,9.83,29227.21
4865,3.423749e-03,3.302833e+01,7.872811e-06,8.437667e-06,2997940.041,3.437842e-03,3.307094e+01,8.996102e-06,8.157425e-06,3001792.250,6.250000e-05,9.77,29236.98
4866,3.406594e-03,3.303273e+01,7.474876e-06,5.714514e-06,2998039.625,3.391943e-03,3.303429e+01,6.544739e-06,4.613353e-06,2996862.586,6.250000e-05,10.31,29247.29
4867,3.426648e-03,3.303269e+01,7.327159e-06,1.002145e-05,2997841.273,3.453125e-03,3.323388e+01,8.396837e-06,9.153744e-06,3004476.945,6.250000e-05,10.31,29257.60
4868,3.404159e-03,3.303802e+01,6.902406e-06,6.266648e-06,2997995.014,3.408096e-03,3.300583e+01,7.546946e-06,6.408659e-06,2998403.469,6.250000e-05,10.29,29267.89
4869,3.413442e-03,3.304246e+01,7.034366e-06,7.770630e-06,2997948.637,3.401914e-03,3.306636e+01,6.719191e-06,5.617262e-06,3000368.750,6.250000e-05,10.27,29278.16
4870,3.415065e-03,3.302133e+01,7.865061e-06,6.856354e-06,2997815.295,3.448010e-03,3.316867e+01,9.301479e-06,7.625558e-06,3004304.805,6.250000e-05,10.25,29288.42
4871,3.423180e-03,3.303340e+01,7.641085e-06,8.685799e-06,2998071.400,3.412374e-03,3.298060e+01,7.729600e-06,7.403647e-06,2995392.242,6.250000e-05,10.32,29298.74
4872,3.408106e-03,3.303806e+01,7.263858e-06,6.332452e-06,2997931.562,3.395998e-03,3.304943e+01,7.160744e-06,3.889517e-06,2997551.938,6.250000e-05,10.31,29309.05
4873,3.412273e-03,3.303314e+01,7.057988e-06,7.675672e-06,2997949.906,3.393533e-03,3.306782e+01,6.813682e-06,3.722825e-06,2999286.859,6.250000e-05,10.33,29319.38
4874,3.421089e-03,3.303592e+01,7.656383e-06,8.186620e-06,2997863.473,3.405896e-03,3.316415e+01,6.702047e-06,4.492127e-06,3001913.945,6.250000e-05,10.35,29329.73
4875,3.417125e-03,3.303374e+01,7.229943e-06,8.290457e-06,2998138.139,3.470192e-03,3.302483e+01,1.099456e-05,1.155269e-05,2991544.031,6.250000e-05,10.63,29340.36
4876,3.406392e-03,3.303251e+01,7.307676e-06,6.012947e-06,2997862.723,3.403440e-03,3.316037e+01,6.731449e-06,4.017702e-06,3002397.812,6.250000e-05,10.48,29350.84
4877,3.415807e-03,3.303387e+01,7.409785e-06,7.664437e-06,2997923.146,3.406124e-03,3.316148e+01,6.581180e-06,4.832931e-06,3001226.758,6.250000e-05,10.51,29361.35
4878,3.416309e-03,3.303422e+01,7.296408e-06,7.984683e-06,2997963.914,3.438767e-03,3.319876e+01,7.604110e-06,8.570072e-06,3004431.336,6.250000e-05,10.36,29371.71
4879,3.436964e-03,3.303177e+01,7.441740e-06,1.187399e-05,2997766.062,3.437938e-03,3.288815e+01,7.642584e-06,1.453948e-05,2995841.875,6.250000e-05,10.33,29382.04
4880,3.418845e-03,3.303201e+01,7.320547e-06,8.487733e-06,2998048.635,3.413754e-03,3.295316e+01,7.305536e-06,9.076593e-06,2997570.453,6.250000e-05,10.33,29392.37
4881,3.409095e-03,3.302915e+01,6.970020e-06,7.295860e-06,2997894.070,3.484518e-03,3.325645e+01,9.021739e-06,1.373104e-05,3006394.383,6.250000e-05,10.30,29402.67
4882,3.403515e-03,3.304150e+01,7.412731e-06,5.047502e-06,2998054.465,3.417932e-03,3.299700e+01,8.249570e-06,7.147374e-06,2997905.461,6.250000e-05,9.85,29412.52
4883,3.413835e-03,3.302718e+01,7.439960e-06,7.343499e-06,2997905.436,3.418562e-03,3.314703e+01,7.484284e-06,5.803334e-06,3002480.742,6.250000e-05,10.63,29423.15
4884,3.398276e-03,3.303077e+01,6.735039e-06,5.569728e-06,2997971.881,3.407633e-03,3.299493e+01,7.403845e-06,6.820460e-06,2994032.391,6.250000e-05,10.24,29433.39
4885,3.414572e-03,3.302967e+01,7.409210e-06,7.502517e-06,2997913.863,3.407814e-03,3.305190e+01,7.371684e-06,5.781514e-06,2999417.578,6.250000e-05,10.11,29443.49
4886,3.421654e-03,3.303947e+01,6.967189e-06,9.607080e-06,2997909.812,3.402842e-03,3.298815e+01,7.246488e-06,6.312421e-06,2995112.602,6.250000e-05,10.57,29454.06
4887,3.413116e-03,3.303080e+01,7.402635e-06,7.201832e-06,2998047.465,3.428829e-03,3.296273e+01,7.963125e-06,1.058487e-05,2991954.844,6.250000e-05,10.37,29464.43
4888,3.424043e-03,3.303415e+01,7.266324e-06,9.592934e-06,2997774.846,3.428488e-03,3.317249e+01,7.264078e-06,7.719557e-06,3004379.086,6.250000e-05,10.58,29475.01
4889,3.413189e-03,3.303547e+01,7.018996e-06,7.890497e-06,2997990.980,3.404466e-03,3.299466e+01,6.702758e-06,7.594527e-06,2997563.367,6.250000e-05,10.57,29485.58
4890,3.413191e-03,3.303059e+01,7.983051e-06,6.060340e-06,2997911.062,3.452514e-03,3.305680e+01,1.185158e-05,5.663632e-06,2998462.648,6.250000e-05,10.43,29496.00
4891,3.404482e-03,3.303300e+01,6.914586e-06,6.407253e-06,2997986.271,3.403151e-03,3.294070e+01,6.765442e-06,8.285307e-06,2994390.812,6.250000e-05,10.04,29506.05
4892,3.425116e-03,3.303465e+01,7.420976e-06,9.488178e-06,2997860.111,3.420916e-03,3.305215e+01,6.689489e-06,9.761227e-06,2994170.898,6.250000e-05,10.11,29516.16
4893,3.410873e-03,3.303689e+01,6.926110e-06,7.584502e-06,2998006.619,3.473272e-03,3.317674e+01,7.152254e-06,1.681520e-05,3008056.930,6.250000e-05,10.29,29526.45
4894,3.421986e-03,3.303196e+01,6.988994e-06,9.780091e-06,2997968.154,3.400230e-03,3.303409e+01,7.677032e-06,4.009977e-06,2996925.703,6.250000e-05,10.26,29536.71
4895,3.427590e-03,3.303257e+01,7.815320e-06,9.236013e-06,2997837.793,3.445667e-03,3.319863e+01,9.671959e-06,5.816791e-06,3004224.930,6.250000e-05,10.31,29547.03
4896,3.417577e-03,3.302763e+01,7.633057e-06,7.696683e-06,2998124.168,3.431390e-03,3.304572e+01,7.474284e-06,1.041507e-05,2994569.188,6.250000e-05,10.13,29557.16
4897,3.416433e-03,3.302823e+01,6.800064e-06,9.121754e-06,2997843.080,3.455797e-03,3.322003e+01,1.041394e-05,5.930880e-06,3003305.078,6.250000e-05,10.20,29567.36
4898,3.402328e-03,3.303330e+01,7.024419e-06,5.750620e-06,2997956.432,3.410312e-03,3.302084e+01,7.557393e-06,6.530744e-06,2994365.805,6.250000e-05,9.82,29577.18
4899,3.422333e-03,3.303639e+01,6.772616e-06,1.019357e-05,2998017.666,3.485873e-03,3.320011e+01,7.695768e-06,1.778085e-05,3006313.234,6.250000e-05,9.96,29587.14
4900,3.418623e-03,3.302511e+01,7.349076e-06,8.524135e-06,2997927.289,3.473216e-03,3.292810e+01,6.443956e-06,2.319337e-05,2988852.562,6.250000e-05,10.10,29597.24
4901,3.423517e-03,3.303198e+01,7.472839e-06,9.118036e-06,2998025.760,3.456846e-03,3.287535e+01,9.291544e-06,1.527915e-05,2993007.023,6.250000e-05,9.97,29607.21
4902,3.425176e-03,3.302593e+01,7.206052e-06,1.010458e-05,2997840.201,3.423163e-03,3.301378e+01,8.147515e-06,8.061817e-06,2996666.664,6.250000e-05,9.80,29617.00
4903,3.412547e-03,3.303265e+01,7.516930e-06,6.822498e-06,2997899.547,3.415535e-03,3.298799e+01,6.365055e-06,1.061705e-05,2996874.312,6.250000e-05,10.00,29627.01
4904,3.416945e-03,3.303569e+01,7.606752e-06,7.461722e-06,2998015.227,3.460782e-03,3.293904e+01,9.147563e-06,1.508057e-05,2989555.062,6.250000e-05,10.03,29637.04
4905,3.432514e-03,3.303143e+01,8.238566e-06,9.397060e-06,2997824.738,3.433988e-03,3.301388e+01,1.009067e-05,6.338619e-06,2997952.234,6.250000e-05,10.07,29647.11
4906,3.409128e-03,3.303038e+01,6.634319e-06,7.949299e-06,2997984.043,3.409116e-03,3.298424e+01,6.584931e-06,8.968604e-06,2994924.164,6.250000e-05,10.21,29657.32
4907,3.408299e-03,3.303394e+01,7.094635e-06,6.791728e-06,2997946.842,3.455566e-03,3.288321e+01,9.602976e-06,1.424314e-05,2990732.508,6.250000e-05,9.93,29667.25
4908,3.409101e-03,3.303391e+01,7.117672e-06,6.906711e-06,2997944.311,3.415804e-03,3.308278e+01,7.530817e-06,6.443621e-06,2999216.430,6.250000e-05,9.95,29677.20
4909,3.423607e-03,3.303095e+01,8.027874e-06,8.046762e-06,2998030.420,3.482350e-03,3.281547e+01,8.006379e-06,2.414801e-05,2987539.508,6.250000e-05,9.97,29687.16
4910,3.411845e-03,3.302136e+01,6.771969e-06,8.397951e-06,2997854.580,3.419022e-03,3.303110e+01,7.858355e-06,7.465698e-06,2997405.734,6.250000e-05,9.98,29697.14
4911,3.415175e-03,3.303287e+01,7.234189e-06,7.909157e-06,2997887.557,3.468839e-03,3.323695e+01,9.002565e-06,1.102372e-05,3005811.820,6.250000e-05,10.06,29707.20
4912,3.421243e-03,3.303422e+01,7.713084e-06,8.138106e-06,2997976.498,3.390818e-03,3.301986e+01,6.756416e-06,4.253679e-06,2997589.922,6.250000e-05,10.02,29717.23
4913,3.409580e-03,3.302414e+01,6.742148e-06,7.948977e-06,2997951.635,3.400072e-03,3.308144e+01,7.362319e-06,3.661134e-06,2999220.805,6.250000e-05,9.83,29727.05
4914,3.412855e-03,3.303392e+01,7.060727e-06,7.771240e-06,2997922.551,3.418579e-03,3.302106e+01,8.195462e-06,6.903790e-06,2996792.344,6.250000e-05,9.88,29736.93
4915,3.409705e-03,3.302371e+01,6.733702e-06,7.999311e-06,2997978.260,3.421737e-03,3.314054e+01,7.092519e-06,7.351478e-06,3001209.375,6.250000e-05,10.06,29746.99
4916,3.428325e-03,3.303200e+01,7.536110e-06,9.952768e-06,2997878.877,3.417360e-03,3.311290e+01,8.081225e-06,5.051657e-06,2998219.438,6.250000e-05,10.25,29757.24
4917,3.416189e-03,3.302300e+01,7.194925e-06,8.388045e-06,2997908.430,3.538511e-03,3.321883e+01,1.523907e-05,1.284743e-05,3007425.961,6.250000e-05,9.97,29767.22
4918,3.410235e-03,3.303075e+01,6.910378e-06,7.611279e-06,2997995.117,3.385628e-03,3.301249e+01,6.241648e-06,4.392548e-06,2997847.820,6.250000e-05,9.82,29777.04
4919,3.405762e-03,3.302469e+01,6.604750e-06,7.449131e-06,2997941.479,3.435787e-03,3.297243e+01,7.822236e-06,1.206440e-05,2993194.359,6.250000e-05,9.89,29786.92
4920,3.410112e-03,3.303629e+01,7.451270e-06,6.394052e-06,2997923.236,3.429439e-03,3.292061e+01,6.850802e-06,1.377403e-05,2995588.320,6.250000e-05,10.13,29797.07
4921,3.433787e-03,3.302409e+01,7.140458e-06,1.199463e-05,2997910.508,3.404723e-03,3.302472e+01,7.358715e-06,5.732895e-06,2996304.258,6.250000e-05,9.75,29806.83
4922,3.421349e-03,3.303638e+01,7.104639e-06,9.333035e-06,2998168.498,3.476218e-03,3.289285e+01,9.966166e-06,1.745435e-05,2988942.125,6.250000e-05,9.93,29816.76
4923,3.416931e-03,3.303725e+01,7.251189e-06,8.138826e-06,2997777.975,3.408982e-03,3.292793e+01,6.595648e-06,1.004670e-05,2994786.953,6.250000e-05,9.83,29826.58
4924,3.450554e-03,3.302783e+01,7.927068e-06,1.370017e-05,2998015.020,3.417312e-03,3.311553e+01,8.250004e-06,4.651841e-06,2999483.781,6.250000e-05,9.90,29836.48
4925,3.414910e-03,3.303276e+01,6.877699e-06,8.571416e-06,2997879.594,3.424719e-03,3.317148e+01,8.100352e-06,5.313504e-06,3003579.273,6.250000e-05,10.41,29846.90
4926,3.416633e-03,3.303020e+01,8.009663e-06,6.703263e-06,2997894.426,3.443011e-03,3.322856e+01,7.560889e-06,8.909284e-06,3005298.375,6.250000e-05,10.04,29856.94
4927,3.421265e-03,3.303318e+01,7.269320e-06,9.050879e-06,2998039.059,3.410283e-03,3.294355e+01,6.808250e-06,9.569123e-06,2993453.672,6.250000e-05,10.19,29867.13
4928,3.422883e-03,3.303494e+01,6.971465e-06,9.935063e-06,2997915.645,3.504240e-03,3.282449e+01,9.476325e-06,2.540566e-05,2991867.617,6.250000e-05,10.44,29877.57
4929,3.414133e-03,3.302441e+01,7.165316e-06,8.007753e-06,2998020.441,3.416957e-03,3.312987e+01,7.037097e-06,6.719823e-06,3003178.492,6.250000e-05,10.65,29888.21
4930,3.401173e-03,3.302992e+01,6.805823e-06,6.024574e-06,2997922.592,3.407139e-03,3.299355e+01,7.419528e-06,6.717625e-06,2998445.680,6.250000e-05,10.49,29898.70
4931,3.415182e-03,3.302393e+01,7.446065e-06,7.665599e-06,2997829.965,3.417630e-03,3.315071e+01,8.432710e-06,3.646418e-06,3001535.539,6.250000e-05,10.34,29909.05
4932,3.418691e-03,3.303658e+01,6.812314e-06,9.382011e-06,2998048.137,3.410515e-03,3.293247e+01,7.068146e-06,9.317189e-06,2993468.266,6.250000e-05,10.37,29919.42
4933,3.434331e-03,3.301626e+01,7.678038e-06,1.118494e-05,2997812.586,3.465753e-03,3.309585e+01,9.340179e-06,1.255326e-05,2993106.609,6.250000e-05,10.08,29929.49
4934,3.416518e-03,3.304308e+01,7.209429e-06,8.023159e-06,2998024.463,3.426731e-03,3.300762e+01,7.186741e-06,1.082039e-05,3000519.992,6.250000e-05,10.18,29939.67
4935,3.409205e-03,3.302118e+01,6.623419e-06,8.170518e-06,2997993.342,3.420486e-03,3.298758e+01,6.715602e-06,1.091459e-05,2992260.062,6.250000e-05,10.14,29949.81
4936,3.414737e-03,3.303456e+01,7.434660e-06,7.386876e-06,2997906.348,3.502649e-03,3.320080e+01,7.664141e-06,2.118559e-05,3007986.406,6.250000e-05,10.29,29960.10
4937,3.413201e-03,3.302084e+01,6.957600e-06,8.308252e-06,2997902.645,3.455606e-03,3.321812e+01,1.023308e-05,6.292686e-06,3004534.875,6.250000e-05,10.11,29970.21
4938,3.420920e-03,3.303721e+01,7.181440e-06,9.076977e-06,2997998.586,3.402995e-03,3.308325e+01,6.811966e-06,5.310048e-06,3001700.289,6.250000e-05,10.07,29980.28
4939,3.405847e-03,3.302923e+01,7.009661e-06,6.565365e-06,2997950.291,3.388842e-03,3.307793e+01,6.949833e-06,2.310212e-06,2998478.828,6.250000e-05,10.16,29990.44
4940,3.405568e-03,3.301850e+01,6.688605e-06,7.366414e-06,2997815.500,3.475333e-03,3.330057e+01,7.848802e-06,1.335755e-05,3009374.477,6.250000e-05,10.14,30000.58
4941,3.408978e-03,3.303039e+01,7.314862e-06,6.558123e-06,2998064.350,3.406714e-03,3.313325e+01,7.490730e-06,3.696405e-06,2999358.641,6.250000e-05,10.03,30010.61
4942,3.419408e-03,3.303870e+01,7.007642e-06,9.092255e-06,2997972.811,3.420454e-03,3.295426e+01,8.478125e-06,8.049375e-06,2993861.758,6.250000e-05,9.84,30020.45
4943,3.423343e-03,3.301361e+01,7.316827e-06,9.762796e-06,2997842.254,3.453575e-03,3.310399e+01,1.075854e-05,7.118131e-06,3000810.062,6.250000e-05,9.86,30030.31
4944,3.422559e-03,3.302770e+01,7.448535e-06,9.060816e-06,2997958.818,3.443113e-03,3.306100e+01,1.178898e-05,3.824654e-06,2997325.430,6.250000e-05,10.21,30040.52
4945,3.411429e-03,3.303464e+01,7.574308e-06,6.444342e-06,2997971.391,3.461093e-03,3.322057e+01,1.058282e-05,6.641649e-06,3000203.375,6.250000e-05,9.95,30050.47
4946,3.414094e-03,3.303243e+01,7.112233e-06,7.945600e-06,2997999.266,3.426058e-03,3.294289e+01,7.924849e-06,1.050413e-05,2992768.539,6.250000e-05,9.85,30060.32
4947,3.409181e-03,3.302914e+01,6.880136e-06,7.493203e-06,2997904.180,3.447443e-03,3.295680e+01,9.422493e-06,1.150770e-05,2991347.625,6.250000e-05,9.89,30070.21
4948,3.407164e-03,3.302879e+01,7.277720e-06,6.301421e-06,2998048.059,3.463837e-03,3.283001e+01,7.774469e-06,2.061840e-05,2989066.359,6.250000e-05,9.94,30080.14
4949,3.438630e-03,3.302344e+01,7.441306e-06,1.237460e-05,2997857.621,3.412816e-03,3.295003e+01,7.039339e-06,9.484087e-06,2992932.500,6.250000e-05,10.17,30090.32
4950,3.420660e-03,3.302633e+01,7.795367e-06,8.014610e-06,2997865.643,3.414331e-03,3.312018e+01,7.474523e-06,5.513530e-06,3001387.930,6.250000e-05,9.61,30099.92
4951,3.419091e-03,3.303096e+01,7.458953e-06,8.281184e-06,2997972.119,3.478203e-03,3.305482e+01,7.963727e-06,1.861684e-05,2994146.023,6.250000e-05,9.96,30109.89
4952,3.417321e-03,3.304305e+01,7.629058e-06,7.344932e-06,2997924.881,3.402244e-03,3.303134e+01,6.533784e-06,6.754463e-06,2997129.938,6.250000e-05,9.96,30119.84
4953,3.419563e-03,3.302485e+01,7.578547e-06,8.258525e-06,2997962.994,3.447032e-03,3.315887e+01,1.160975e-05,3.009593e-06,3000157.094,6.250000e-05,10.13,30129.98
4954,3.412456e-03,3.303471e+01,6.992876e-06,7.811251e-06,2997962.701,3.424292e-03,3.305698e+01,7.962615e-06,7.793581e-06,2998822.258,6.250000e-05,10.02,30139.99
4955,3.425945e-03,3.301169e+01,6.913587e-06,1.112824e-05,2997833.170,3.398375e-03,3.304255e+01,6.575757e-06,5.672425e-06,2996496.602,6.250000e-05,9.82,30149.81
4956,3.416784e-03,3.304190e+01,7.176756e-06,8.165379e-06,2998120.252,3.452886e-03,3.284045e+01,7.670040e-06,1.842809e-05,2989042.617,6.250000e-05,9.85,30159.66
4957,3.412142e-03,3.301939e+01,7.279773e-06,7.481173e-06,2997859.717,3.402306e-03,3.298397e+01,6.919317e-06,6.943160e-06,2994141.117,6.250000e-05,9.77,30169.43
4958,3.417124e-03,3.303242e+01,7.109775e-06,8.556941e-06,2997979.990,3.539161e-03,3.283044e+01,5.909054e-06,3.940548e-05,2983859.984,6.250000e-05,9.95,30179.38
4959,3.406872e-03,3.303013e+01,7.497009e-06,5.777793e-06,2997962.223,3.420715e-03,3.300319e+01,7.373029e-06,9.333133e-06,2994949.188,6.250000e-05,10.07,30189.45
4960,3.409066e-03,3.302177e+01,6.635845e-06,8.106109e-06,2997815.893,3.414623e-03,3.298934e+01,6.869079e-06,9.399714e-06,2995525.266,6.250000e-05,10.21,30199.66
4961,3.417830e-03,3.303036e+01,7.406001e-06,8.146657e-06,2998008.793,3.403043e-03,3.301603e+01,7.484338e-06,5.319392e-06,2997853.438,6.250000e-05,10.29,30209.95
4962,3.417175e-03,3.302783e+01,8.503899e-06,5.870742e-06,2997934.146,3.446832e-03,3.326928e+01,8.304111e-06,7.372485e-06,3005230.844,6.250000e-05,9.84,30219.78
4963,3.409738e-03,3.302295e+01,7.281508e-06,6.925709e-06,2998114.121,3.465847e-03,3.287584e+01,9.138903e-06,1.737481e-05,2992964.578,6.250000e-05,10.08,30229.86
4964,3.406775e-03,3.302560e+01,6.980045e-06,6.882920e-06,2997726.029,3.534072e-03,3.314756e+01,8.519351e-06,2.682462e-05,3006101.148,6.250000e-05,10.59,30240.46
4965,3.421404e-03,3.302953e+01,7.730360e-06,8.229507e-06,2997989.160,3.407439e-03,3.313494e+01,6.589445e-06,5.610053e-06,3001594.727,6.250000e-05,10.53,30250.99
4966,3.402084e-03,3.302300e+01,6.794977e-06,6.366940e-06,2997934.221,3.428019e-03,3.310884e+01,9.094256e-06,5.238440e-06,3001428.172,6.250000e-05,10.57,30261.56
4967,3.403426e-03,3.302084e+01,6.615714e-06,7.036958e-06,2997831.127,3.416330e-03,3.304167e+01,7.283061e-06,7.866615e-06,2995200.977,6.250000e-05,10.56,30272.12
4968,3.426903e-03,3.301096e+01,6.939531e-06,1.128221e-05,2998005.100,3.405200e-03,3.304005e+01,7.067745e-06,6.103537e-06,2994513.164,6.250000e-05,10.73,30282.84
4969,3.404119e-03,3.302687e+01,6.565066e-06,7.156241e-06,2997974.863,3.602449e-03,3.291471e+01,1.184976e-05,3.849605e-05,2983991.180,6.250000e-05,10.32,30293.17
4970,3.410788e-03,3.302803e+01,6.948915e-06,7.699273e-06,2997867.508,3.451475e-03,3.314125e+01,1.035765e-05,6.754771e-06,2999525.617,6.250000e-05,10.11,30303.27
4971,3.412100e-03,3.303403e+01,6.738297e-06,8.262889e-06,2997923.590,3.417378e-03,3.307677e+01,6.144763e-06,9.650552e-06,3001622.641,6.250000e-05,10.01,30313.28
4972,3.405568e-03,3.303125e+01,6.771980e-06,6.944746e-06,2998063.645,3.423896e-03,3.299215e+01,7.493489e-06,9.949324e-06,2998592.492,6.250000e-05,10.24,30323.53
4973,3.417127e-03,3.301421e+01,7.261448e-06,8.618379e-06,2997847.377,3.518399e-03,3.284657e+01,8.517590e-06,2.971319e-05,2984963.195,6.250000e-05,10.08,30333.61
4974,3.409947e-03,3.303213e+01,6.589595e-06,8.167681e-06,2998081.656,3.425858e-03,3.292669e+01,7.653418e-06,1.133111e-05,2991548.469,6.250000e-05,10.00,30343.60
4975,3.410308e-03,3.301907e+01,6.767808e-06,8.144669e-06,2997775.434,3.445043e-03,3.315919e+01,9.244657e-06,7.335469e-06,3004805.258,6.250000e-05,9.94,30353.54
4976,3.428097e-03,3.303009e+01,7.444225e-06,1.012914e-05,2997848.006,3.432437e-03,3.321893e+01,8.715202e-06,4.678303e-06,3003941.266,6.250000e-05,9.89,30363.43
4977,3.429642e-03,3.303126e+01,7.050523e-06,1.120224e-05,2998061.932,3.516760e-03,3.336172e+01,1.023656e-05,1.564457e-05,3010463.188,6.250000e-05,9.90,30373.34
4978,3.417702e-03,3.302412e+01,7.334929e-06,8.388129e-06,2998098.611,3.484801e-03,3.282442e+01,6.854473e-06,2.676275e-05,2985799.312,6.250000e-05,9.83,30383.17
4979,3.408103e-03,3.302566e+01,7.374407e-06,6.358591e-06,2997820.260,3.397537e-03,3.305241e+01,6.614313e-06,5.230563e-06,3000351.031,6.250000e-05,9.52,30392.69
4980,3.414699e-03,3.301660e+01,7.234976e-06,8.137942e-06,2997955.555,3.431189e-03,3.306452e+01,6.836041e-06,1.127518e-05,2999843.758,6.250000e-05,9.59,30402.28
4981,3.414922e-03,3.301495e+01,7.093617e-06,8.498280e-06,2997914.346,3.429933e-03,3.295197e+01,7.736887e-06,1.147337e-05,2994651.508,6.250000e-05,9.92,30412.21
4982,3.423956e-03,3.302700e+01,7.915778e-06,8.419676e-06,2998056.650,3.438696e-03,3.300580e+01,1.045833e-05,6.706434e-06,2997601.523,6.250000e-05,9.73,30421.94
4983,3.420286e-03,3.301875e+01,7.318163e-06,9.045838e-06,2997792.754,3.430229e-03,3.309080e+01,9.576733e-06,5.076319e-06,2997728.031,6.250000e-05,9.95,30431.89
4984,3.439349e-03,3.303865e+01,7.700325e-06,1.169619e-05,2997933.623,3.426210e-03,3.305514e+01,8.935745e-06,6.267852e-06,2998761.867,6.250000e-05,9.80,30441.69
4985,3.408504e-03,3.301891e+01,7.354988e-06,6.612650e-06,2997952.697,3.423877e-03,3.288943e+01,6.886715e-06,1.321352e-05,2991639.586,6.250000e-05,10.20,30451.89
4986,3.417591e-03,3.302547e+01,7.330837e-06,8.347181e-06,2997984.082,3.469261e-03,3.287397e+01,7.881725e-06,2.060939e-05,2987975.719,6.250000e-05,9.99,30461.88
4987,3.423990e-03,3.302355e+01,6.849870e-06,1.062737e-05,2997933.117,3.494915e-03,3.283506e+01,7.927081e-06,2.642753e-05,2987383.258,6.250000e-05,9.77,30471.65
4988,3.411898e-03,3.302774e+01,7.499048e-06,6.826644e-06,2997886.291,3.432428e-03,3.303262e+01,9.085027e-06,7.663076e-06,2998548.188,6.250000e-05,10.11,30481.75
4989,3.417461e-03,3.302413e+01,7.003288e-06,9.003173e-06,2998042.527,3.414348e-03,3.312187e+01,6.781339e-06,6.869563e-06,3002481.273,6.250000e-05,10.39,30492.14
4990,3.406866e-03,3.302951e+01,6.867604e-06,7.047779e-06,2997913.039,3.459195e-03,3.289523e+01,8.407108e-06,1.712032e-05,2988869.141,6.250000e-05,10.21,30502.36
4991,3.419099e-03,3.301584e+01,7.168576e-06,9.165974e-06,2997903.656,3.397551e-03,3.297807e+01,6.717651e-06,6.513529e-06,2996147.234,6.250000e-05,10.42,30512.78
4992,3.403762e-03,3.302255e+01,6.809738e-06,6.681942e-06,2997933.646,3.406395e-03,3.305384e+01,7.501267e-06,5.199767e-06,2995668.281,6.250000e-05,9.92,30522.71
4993,3.414429e-03,3.303678e+01,7.417644e-06,7.314822e-06,2997965.480,3.394062e-03,3.297553e+01,6.476479e-06,6.349042e-06,2994762.469,6.250000e-05,10.30,30533.01
4994,3.418639e-03,3.302751e+01,7.244906e-06,8.687969e-06,2997976.504,3.428042e-03,3.314250e+01,8.272371e-06,6.213731e-06,3001381.867,6.250000e-05,10.51,30543.51
4995,3.406747e-03,3.303100e+01,7.352242e-06,6.024973e-06,2997923.414,3.394926e-03,3.301905e+01,6.873982e-06,4.856214e-06,2997054.117,6.250000e-05,10.49,30554.01
4996,3.415923e-03,3.302338e+01,7.031070e-06,8.654778e-06,2997903.775,3.435696e-03,3.309060e+01,6.649418e-06,1.202846e-05,3003574.828,6.250000e-05,10.62,30564.63
4997,3.409951e-03,3.302756e+01,7.063427e-06,7.312081e-06,2997991.668,3.440647e-03,3.295736e+01,8.838659e-06,1.130483e-05,2993107.953,6.250000e-05,10.74,30575.37
4998,3.430700e-03,3.301956e+01,7.485011e-06,1.077877e-05,2997951.248,3.411222e-03,3.300102e+01,7.539774e-06,7.144510e-06,2993749.625,6.250000e-05,10.51,30585.88
4999,3.417851e-03,3.302564e+01,7.222722e-06,8.612111e-06,2997871.350,3.414311e-03,3.291731e+01,7.005916e-06,1.050411e-05,2991918.023,6.250000e-05,10.56,30596.44
5000,3.411234e-03,3.302026e+01,7.025270e-06,7.791150e-06,2997966.535,3.416139e-03,3.297037e+01,7.414674e-06,8.991107e-06,2995678.305,6.250000e-05,10.58,30607.02
